model_id,dataset,record_id,transitions,mean_psi,median_psi,p95_psi,max_psi,schema_breaks
gemma_3_12b_it,EBM-NLP,10070173,5,0.01199889580408732,0.003013789653778076,0.030337814490000403,0.03216282526652018,0
gemma_3_12b_it,EBM-NLP,10390665,5,0.007000243663787842,0.002003928025563558,0.019189818700154623,0.02098397413889567,0
gemma_3_12b_it,EBM-NLP,10475150,5,0.01039183537165324,0.006002604961395264,0.027745544910430905,0.032733639081319175,0
gemma_3_12b_it,EBM-NLP,10578479,5,0.01050740083058675,0.00933776299158732,0.014913515249888102,0.014988640944163004,0
gemma_3_12b_it,EBM-NLP,10589810,5,0.009560652573903402,0.011410057544708252,0.016708095868428547,0.017324050267537434,0
gemma_3_12b_it,EBM-NLP,10752495,5,0.038399672508239745,0.02549980084101359,0.07272780338923136,0.07285048564275105,0
gemma_3_12b_it,EBM-NLP,10763172,5,0.036461806297302245,0.040016372998555504,0.07097246646881103,0.07703326145807902,0
gemma_3_12b_it,EBM-NLP,10764172,5,0.02516781489054362,0.01990280548731486,0.05219446023305256,0.05984459320704142,0
gemma_3_12b_it,EBM-NLP,10912743,5,0.012699878215789795,0.013968308766682943,0.019982266426086425,0.0207827091217041,0
gemma_3_12b_it,EBM-NLP,10934569,5,0.004226092497507732,7.947285970052083e-08,0.015934097766876217,0.019513408342997234,0
gemma_3_12b_it,EBM-NLP,10940525,5,0.021649142106374107,0.02252461512883504,0.030491566658020018,0.03119303782780965,0
gemma_3_12b_it,EBM-NLP,11099086,5,0.01764420668284098,0.019981642564137776,0.027943992614746095,0.028375009695688885,0
gemma_3_12b_it,EBM-NLP,11229858,5,0.0058962066968282064,0.005513111750284831,0.014166033267974852,0.01605282227198283,0
gemma_3_12b_it,EBM-NLP,1131298,5,0.023056169350941978,0.005946298440297444,0.07275909582773843,0.08482033014297485,0
gemma_3_12b_it,EBM-NLP,11317090,5,0.025607033570607507,0.031156222025553387,0.04181282917658488,0.04435312747955322,0
gemma_3_12b_it,EBM-NLP,11381289,5,0.01294867992401123,0.003306428591410319,0.03845330874125162,0.04389252265294393,0
gemma_3_12b_it,EBM-NLP,11401641,5,0.021191553274790446,0.019399245580037434,0.04223155577977498,0.04741815725962321,0
gemma_3_12b_it,EBM-NLP,11454878,5,0.02086104154586792,0.0014989376068115234,0.052765274047851564,0.05402245124181112,0
gemma_3_12b_it,EBM-NLP,11495215,5,0.005498369534810384,0.005098859469095866,0.007393956184387207,0.007546703020731608,0
gemma_3_12b_it,EBM-NLP,11642083,5,0.013871729373931885,0.011319379011789957,0.026659568150838215,0.027640819549560547,0
gemma_3_12b_it,EBM-NLP,11737955,5,0.030697131156921388,0.02575757106145223,0.0511956771214803,0.056068241596221924,0
gemma_3_12b_it,EBM-NLP,11750293,5,0.02534060875574748,0.018340806166330974,0.041487403710683185,0.043459296226501465,0
gemma_3_12b_it,EBM-NLP,11829043,5,0.01785825490951538,0.013723631699879965,0.04107265472412108,0.04781631628672282,0
gemma_3_12b_it,EBM-NLP,11891832,5,0.012859002749125164,0.010377724965413412,0.024176621437072752,0.024874746799468994,0
gemma_3_12b_it,EBM-NLP,12139812,5,0.01935568650563558,0.022980292638142902,0.041858208179473874,0.04630547761917114,0
gemma_3_12b_it,EBM-NLP,12477021,5,0.0207984725634257,0.020848711331685383,0.03444040218989054,0.03673746188481649,0
gemma_3_12b_it,EBM-NLP,12576806,5,0.0378689448038737,0.03247060378392538,0.06681588490804037,0.0690081516901652,0
gemma_3_12b_it,EBM-NLP,12586799,5,0.01257875363032023,0.013904710610707601,0.021795825163523356,0.021858473618825276,0
gemma_3_12b_it,EBM-NLP,12595499,5,0.025582651297251385,0.024156490961710613,0.04299822251001994,0.044178128242492676,0
gemma_3_12b_it,EBM-NLP,12709693,5,0.021808540821075438,0.023743311564127605,0.02636533180872599,0.026911914348602295,0
gemma_3_12b_it,EBM-NLP,1286547,5,0.008946565786997478,0.006521562735239665,0.017253470420837403,0.01785812775293986,0
gemma_3_12b_it,EBM-NLP,12960652,5,0.015226161479949952,0.010646224021911621,0.032450918356577554,0.03272465864817301,0
gemma_3_12b_it,EBM-NLP,1459268,5,0.017445755004882813,0.016772925853729248,0.03208144108454387,0.033920069535573326,0
gemma_3_12b_it,EBM-NLP,14679127,5,0.1416200359662374,0.0031162301699320474,0.35249197483062744,0.35249197483062744,0
gemma_3_12b_it,EBM-NLP,14739125,5,0.01209324598312378,0.0014979839324951172,0.042124609152475984,0.05055161317189535,0
gemma_3_12b_it,EBM-NLP,14763035,5,0.027333398660024006,0.026578962802886963,0.03301448424657186,0.034229556719462075,0
gemma_3_12b_it,EBM-NLP,15014018,5,0.011761697133382161,0.010528186957041422,0.0205809752146403,0.021296024322509766,0
gemma_3_12b_it,EBM-NLP,15133359,5,0.002956823507944743,5.960464477539063e-08,0.011827210585276283,0.014783998330434164,0
gemma_3_12b_it,EBM-NLP,15193668,5,0.02925458351771037,0.022047817707061768,0.05138161579767862,0.05795001983642578,0
gemma_3_12b_it,EBM-NLP,15358868,5,0.012416688601175943,0.012971043586730957,0.023013015588124592,0.023938616116841633,0
gemma_3_12b_it,EBM-NLP,15848261,5,0.013095017274220785,0.0106201171875,0.021817978223164874,0.02384825547536214,0
gemma_3_12b_it,EBM-NLP,15854186,5,0.033868340651194255,0.027060270309448242,0.057700709501902266,0.05776079495747884,0
gemma_3_12b_it,EBM-NLP,15858959,5,0.05040733814239502,0.058604260285695396,0.07474366029103596,0.0765190323193868,0
gemma_3_12b_it,EBM-NLP,16055807,5,0.15137292941411337,0.0333221952120463,0.3390130440394084,0.33956680695215863,0
gemma_3_12b_it,EBM-NLP,16167234,5,0.21209423542022704,0.018836259841918945,0.8055986324946084,1.0,0
gemma_3_12b_it,EBM-NLP,16295154,5,0.14395217498143514,0.016217132409413654,0.35120088259379073,0.3519919315973918,0
gemma_3_12b_it,EBM-NLP,16427787,5,0.026611196994781493,0.026747723420461018,0.044742540518442786,0.0485913356145223,0
gemma_3_12b_it,EBM-NLP,16505427,5,0.013651816050211587,0.010579526424407959,0.028771464029947916,0.0301285982131958,0
gemma_3_12b_it,EBM-NLP,1669598,5,0.02642188469568888,0.018816133340199787,0.04592700401941935,0.04840783278147379,0
gemma_3_12b_it,EBM-NLP,17293018,5,0.011739814281463623,0.011544525623321533,0.023310077190399167,0.025837103525797527,0
gemma_3_12b_it,EBM-NLP,17321989,5,0.027433788776397704,0.029282331466674805,0.041134655475616455,0.042593419551849365,0
gemma_3_12b_it,EBM-NLP,17616069,5,0.023040302594502765,0.030564407507578533,0.03707508643468221,0.03746825456619263,0
gemma_3_12b_it,EBM-NLP,1780092,5,0.01619785626729329,0.012817482153574625,0.03728617032368978,0.04299527406692505,0
gemma_3_12b_it,EBM-NLP,17897478,5,0.005779822667439778,0.0008280078570048014,0.016234306494394935,0.018018027146657307,0
gemma_3_12b_it,EBM-NLP,18077611,5,0.010190228621164959,0.0016594131787618,0.028881760438283284,0.03192563851674398,0
gemma_3_12b_it,EBM-NLP,18189160,5,0.21190536419550576,0.025956531365712483,0.8067140579223631,1.0,0
gemma_3_12b_it,EBM-NLP,18229990,5,0.0060303966204325364,0.0030202865600585938,0.014909577369689942,0.015805403391520183,0
gemma_3_12b_it,EBM-NLP,18337284,5,0.019911468029022217,0.020552098751068115,0.033877269426981604,0.0360335111618042,0
gemma_3_12b_it,EBM-NLP,18503531,5,0.00479585329691569,0.0008615454037984213,0.017460612456003822,0.021395126978556316,0
gemma_3_12b_it,EBM-NLP,18544974,5,0.009184221426645916,0.01170891523361206,0.01668790578842163,0.017113447189331055,0
gemma_3_12b_it,EBM-NLP,18773733,5,0.02609780232111613,0.014292120933532715,0.05741036335627238,0.06111055612564087,0
gemma_3_12b_it,EBM-NLP,18783504,5,0.022066088517506917,0.002895196278889974,0.056135658423105875,0.058430254459381104,0
gemma_3_12b_it,EBM-NLP,18845996,5,0.006766382853190105,0.008988897005716959,0.009536226590474447,0.00964583953221639,0
gemma_3_12b_it,EBM-NLP,18958161,5,0.04049467245737712,0.01626350482304891,0.08415470520655315,0.08804873625437419,0
gemma_3_12b_it,EBM-NLP,18975051,5,0.4223342339197794,0.03908224900563558,1.0,1.0,1
gemma_3_12b_it,EBM-NLP,19096921,5,0.002022091547648112,0.0013859470685323079,0.005322420597076416,0.005962530771891276,0
gemma_3_12b_it,EBM-NLP,19108790,5,0.016172468662261963,0.010691622893015543,0.03497592210769653,0.03798462947209676,0
gemma_3_12b_it,EBM-NLP,19159999,5,0.039356017112731935,0.03137584527333578,0.07466626167297362,0.08535736799240112,0
gemma_3_12b_it,EBM-NLP,19301724,5,0.0491397460301717,0.039120654265085854,0.07767222722371418,0.07805122931798299,0
gemma_3_12b_it,EBM-NLP,19376304,5,0.016881704330444336,0.01715034246444702,0.02934952179590861,0.031177202860514324,0
gemma_3_12b_it,EBM-NLP,1963383,5,0.015252621968587237,0.016025841236114502,0.03407471577326456,0.038527071475982666,0
gemma_3_12b_it,EBM-NLP,1968178,5,0.006692691644032797,1.9868214925130207e-08,0.02021330992380778,0.02253437042236328,0
gemma_3_12b_it,EBM-NLP,19708562,5,0.010043942928314209,0.005701283613840739,0.02511222759882609,0.027014235655466717,0
gemma_3_12b_it,EBM-NLP,19727232,5,0.012586156527201334,0.019980053106943767,0.021127498149871825,0.021312495072682697,0
gemma_3_12b_it,EBM-NLP,19802506,5,0.20539342562357582,0.007457474867502849,0.8026666204134622,1.0,0
gemma_3_12b_it,EBM-NLP,20147856,5,0.015977950890858968,0.007842501004536947,0.03638796011606852,0.04052195946375529,0
gemma_3_12b_it,EBM-NLP,20189026,5,0.017109286785125733,0.01771758000055949,0.02428159713745117,0.02520112196604411,0
gemma_3_12b_it,EBM-NLP,20226474,5,0.018808086713155113,0.020057260990142822,0.03649565776189168,0.03991546233495077,0
gemma_3_12b_it,EBM-NLP,20509069,5,0.020579989751180014,0.017735878626505535,0.04288673003514607,0.04506490627924601,0
gemma_3_12b_it,EBM-NLP,20560622,5,0.010326608022054037,0.011640350023905436,0.013755746682484945,0.013921837011973063,0
gemma_3_12b_it,EBM-NLP,20618920,5,0.02043803135553996,0.02055180072784424,0.02699013551076253,0.027510643005371094,0
gemma_3_12b_it,EBM-NLP,2066441,5,0.019351911544799805,0.023370742797851562,0.02892825206120809,0.02924412488937378,0
gemma_3_12b_it,EBM-NLP,20739054,5,0.024412035942077637,0.015492737293243408,0.058490780989329014,0.06286662817001343,0
gemma_3_12b_it,EBM-NLP,20804366,5,0.017006699244181318,0.012230177720387777,0.03467478354771932,0.03467478354771932,0
gemma_3_12b_it,EBM-NLP,2088233,5,0.03356665372848511,0.04145864645640055,0.04821119705835978,0.04901252190272013,0
gemma_3_12b_it,EBM-NLP,20943715,5,0.004551215966542562,0.0010448694229125977,0.0134494145711263,0.015714704990386963,0
gemma_3_12b_it,EBM-NLP,21029638,5,0.014114578564961752,0.011255224545796713,0.027226165930430094,0.02791672945022583,0
gemma_3_12b_it,EBM-NLP,21106663,5,0.020469820499420165,0.016386806964874268,0.045270252227783206,0.04745312531789144,0
gemma_3_12b_it,EBM-NLP,21170734,5,0.04897733132044474,0.04379842678705851,0.06140940586725871,0.06388131777445476,0
gemma_3_12b_it,EBM-NLP,21211686,5,0.4130746603012085,0.0328792929649353,1.0,1.0,1
gemma_3_12b_it,EBM-NLP,21393467,5,0.012540006637573242,0.01042938232421875,0.02604556083679199,0.029091238975524902,0
gemma_3_12b_it,EBM-NLP,21491990,5,0.046845972537994385,0.046943604946136475,0.07733403444290161,0.08066034317016602,0
gemma_3_12b_it,EBM-NLP,21669557,5,0.04444534381230672,0.044348180294036865,0.10608584880828856,0.1197993556658427,0
gemma_3_12b_it,EBM-NLP,21718094,5,0.02239968776702881,0.018622676531473797,0.039647010962168376,0.04113948345184326,0
gemma_3_12b_it,EBM-NLP,21866656,5,0.009768064816792807,0.013275245825449625,0.018894521395365398,0.020035783449808758,0
gemma_3_12b_it,EBM-NLP,2188766,5,0.02362753947575887,0.031807899475097656,0.04443859656651814,0.04536585013071696,0
gemma_3_12b_it,EBM-NLP,21896676,5,0.008181615670522054,0.00796055793762207,0.01331022580464681,0.014345864454905191,0
gemma_3_12b_it,EBM-NLP,21914768,5,0.025895877679189043,0.016442795594533283,0.051916484038035074,0.05415270725886027,0
gemma_3_12b_it,EBM-NLP,21924760,5,0.025408581892649336,0.021216193834940594,0.037807281812032065,0.038428664207458496,0
gemma_3_12b_it,EBM-NLP,21975269,5,0.007966808478037516,0.006636182467142741,0.01703429619471232,0.019147733847300213,0
gemma_3_12b_it,EBM-NLP,21982657,5,0.012787926197052001,0.010211547215779623,0.02497306664784749,0.027688145637512207,0
gemma_3_12b_it,EBM-NLP,22154769,5,0.018676106135050455,0.01806674400965373,0.0252670685450236,0.02567046880722046,0
gemma_3_12b_it,EBM-NLP,2223363,5,0.0065132975578308105,0.006040493647257487,0.016027291615804035,0.01787016789118449,0
gemma_3_12b_it,EBM-NLP,2224060,5,0.016741788387298583,0.015863200028737385,0.026122760772705075,0.0267872412999471,0
gemma_3_12b_it,EBM-NLP,22271197,5,0.04498573144276937,0.04553274313608805,0.09560242493947346,0.10265914599100749,0
gemma_3_12b_it,EBM-NLP,22341427,5,0.010355722904205323,0.008831342061360678,0.023593763510386147,0.025007208188374836,0
gemma_3_12b_it,EBM-NLP,22416755,5,0.010722792148590088,0.0067547957102457685,0.025401167074839272,0.027365843454996746,0
gemma_3_12b_it,EBM-NLP,22420121,5,0.008220243453979491,0.010100344816843668,0.011826761563618978,0.012111167112986246,0
gemma_3_12b_it,EBM-NLP,22435114,5,0.20716323057810465,0.007810314496358235,0.8048754652341206,1.0,0
gemma_3_12b_it,EBM-NLP,22538329,5,0.04700142542521159,0.04640597105026245,0.04915736516316732,0.04930861790974935,0
gemma_3_12b_it,EBM-NLP,22646975,5,0.0044012387593587235,0.005155980587005615,0.0072284142176310216,0.007230718930562337,0
gemma_3_12b_it,EBM-NLP,22744141,5,0.0132103164990743,0.014719645182291666,0.020378259817759196,0.02140269676844279,0
gemma_3_12b_it,EBM-NLP,22865017,5,0.011801572640736897,0.013629635175069174,0.020969398816426593,0.022575795650482178,0
gemma_3_12b_it,EBM-NLP,22881991,5,0.010804494222005207,0.0080869992574056,0.02384165525436401,0.026439328988393147,0
gemma_3_12b_it,EBM-NLP,22897461,5,0.021210865179697672,0.017665902773539226,0.03340826431910197,0.03484568993250529,0
gemma_3_12b_it,EBM-NLP,22956006,5,0.21236428817113243,0.01964348554611206,0.806239632765452,1.0,0
gemma_3_12b_it,EBM-NLP,23021296,5,0.01900029182434082,0.02409472068150838,0.03174131313959757,0.0336038867632548,0
gemma_3_12b_it,EBM-NLP,23103798,5,0.01727329095204671,0.02356123924255371,0.025370208422342937,0.02550959587097168,0
gemma_3_12b_it,EBM-NLP,23114870,5,0.033887664477030434,0.022970894972483318,0.07331457535425821,0.08305857578913371,0
gemma_3_12b_it,EBM-NLP,23356250,5,0.006416821479797363,0.00913935899734497,0.011371131738026938,0.011618157227834066,0
gemma_3_12b_it,EBM-NLP,23357440,5,0.006731061140696208,0.007042308648427327,0.011452861626942952,0.01253207524617513,0
gemma_3_12b_it,EBM-NLP,23392542,5,0.008039844036102296,0.005095958709716797,0.02061993281046549,0.024316489696502686,0
gemma_3_12b_it,EBM-NLP,23417625,5,0.009101716677347818,0.008600334326426188,0.014408703645070393,0.015348474184672037,0
gemma_3_12b_it,EBM-NLP,23549581,5,0.012658294041951498,0.005858480930328369,0.02817454735438029,0.028685688972473145,0
gemma_3_12b_it,EBM-NLP,23838728,5,0.012956758340199789,0.010970036188761393,0.0217127521832784,0.02187591791152954,0
gemma_3_12b_it,EBM-NLP,23849147,5,0.055717690785725915,0.03607718149820963,0.10189014275868734,0.10317484537760417,0
gemma_3_12b_it,EBM-NLP,23985254,5,0.019612205028533936,0.018845319747924805,0.032894746462504065,0.035556952158610024,0
gemma_3_12b_it,EBM-NLP,24075141,5,0.019892040888468424,0.01981618007024129,0.021743857860565187,0.021885136763254803,0
gemma_3_12b_it,EBM-NLP,24080592,5,0.013185858726501465,0.012427091598510742,0.016415882110595702,0.01703921953837077,0
gemma_3_12b_it,EBM-NLP,24317958,5,0.02454422314961751,0.019831955432891846,0.055303080876668284,0.060696045557657875,0
gemma_3_12b_it,EBM-NLP,24350813,5,0.008430063724517822,0.009088575839996338,0.015422658125559489,0.01604012648264567,0
gemma_3_12b_it,EBM-NLP,24451919,5,0.023912668228149418,0.0057925184567769366,0.06204510529836019,0.0672945777575175,0
gemma_3_12b_it,EBM-NLP,24515505,5,0.038008658091227214,0.03791032234827677,0.06081331173578898,0.0637094775835673,0
gemma_3_12b_it,EBM-NLP,24660757,5,0.28651726643244424,0.03158771991729736,0.6781370480855305,0.6802803675333658,0
gemma_3_12b_it,EBM-NLP,24726342,5,0.025843477249145506,0.02631521224975586,0.037452721595764155,0.039580464363098145,0
gemma_3_12b_it,EBM-NLP,24803369,5,0.012901246547698975,0.003439525763193766,0.041794697443644196,0.05042550961176554,0
gemma_3_12b_it,EBM-NLP,24960665,5,0.04870864550272624,0.03537402550379435,0.0824581503868103,0.08702194690704346,0
gemma_3_12b_it,EBM-NLP,24989854,5,0.011359421412150066,0.012298047542572021,0.01286478837331136,0.012895147005716959,0
gemma_3_12b_it,EBM-NLP,25068497,5,0.03676898876825969,0.03977620601654053,0.05534708897272746,0.05891597270965576,0
gemma_3_12b_it,EBM-NLP,25369243,5,0.008984764417012533,0.00842064619064331,0.012259451548258464,0.012547453244527182,0
gemma_3_12b_it,EBM-NLP,25479285,5,0.026700047651926673,0.026187400023142498,0.04128391345342,0.04369264841079712,0
gemma_3_12b_it,EBM-NLP,25784723,5,0.01591932773590088,0.007410526275634766,0.03590445121129354,0.037505765755971275,0
gemma_3_12b_it,EBM-NLP,25885649,5,0.026614940166473387,0.020218292872111004,0.043429799874623615,0.04452872276306152,0
gemma_3_12b_it,EBM-NLP,25886492,5,0.0386754035949707,0.0484690268834432,0.05935148000717163,0.06182889143625895,0
gemma_3_12b_it,EBM-NLP,25898782,5,0.02432394027709961,0.01920660336812337,0.06143589417139689,0.0700062910715739,0
gemma_3_12b_it,EBM-NLP,25931290,5,0.022705610593159994,0.01866634686787923,0.033846946557362874,0.036572118600209556,0
gemma_3_12b_it,EBM-NLP,25950425,5,0.015951140721638998,0.013753692309061686,0.03503979444503784,0.0389175017674764,0
gemma_3_12b_it,EBM-NLP,26210844,5,0.0471220056215922,0.04945929845174154,0.06144626935323079,0.0644430120786031,0
gemma_3_12b_it,EBM-NLP,26278470,5,0.017515202363332115,0.018030961354573567,0.020875569184621176,0.02133631706237793,0
gemma_3_12b_it,EBM-NLP,2678230,5,0.015122600396474204,0.008419851462046305,0.034749408562978104,0.03612051407496134,0
gemma_3_12b_it,EBM-NLP,2803397,5,0.41833867232004807,0.0531807541847229,1.0,1.0,1
gemma_3_12b_it,EBM-NLP,2908133,5,0.012484482924143473,0.007231394449869792,0.02549953858057658,0.025641123453776043,0
gemma_3_12b_it,EBM-NLP,3067745,5,0.06782753070195516,3.9736429850260414e-08,0.2678275307019551,0.3333333730697632,0
gemma_3_12b_it,EBM-NLP,3074300,5,0.019126637776692705,0.02425829569498698,0.029013792673746742,0.029564321041107178,0
gemma_3_12b_it,EBM-NLP,3081600,5,0.010863725344340007,0.012877424558003744,0.014184045791625976,0.01448218027750651,0
gemma_3_12b_it,EBM-NLP,3534803,5,0.020297412077585855,0.02301841974258423,0.030164849758148194,0.030960241953531902,0
gemma_3_12b_it,EBM-NLP,361799,5,0.15976386070251464,0.06351784865061443,0.35442564090092976,0.3582411805788676,0
gemma_3_12b_it,EBM-NLP,384815,5,0.006280990441640218,0.0010402401288350422,0.0151823361714681,0.0151823361714681,0
gemma_3_12b_it,EBM-NLP,3919804,5,0.012158071994781494,0.011292656262715658,0.020361467202504473,0.0210230549176534,0
gemma_3_12b_it,EBM-NLP,4919024,5,0.03588037888209025,0.01335608959197998,0.08286283413569132,0.08889832099278767,0
gemma_3_12b_it,EBM-NLP,6418441,5,0.01230685313542684,0.007023930549621582,0.03393625418345133,0.039967119693756104,0
gemma_3_12b_it,EBM-NLP,6421395,5,0.00411536693572998,0.004353761672973633,0.008307274182637532,0.00871215264002482,0
gemma_3_12b_it,EBM-NLP,6920252,5,0.01987413167953491,0.023072699705759685,0.033695340156555176,0.03452157974243164,0
gemma_3_12b_it,EBM-NLP,6938020,5,0.015395239988962809,0.014829277992248535,0.028366597493489583,0.029614766438802082,0
gemma_3_12b_it,EBM-NLP,6951573,5,0.21204983393351234,0.034859657287597656,0.6038292328516641,0.6666666666666666,1
gemma_3_12b_it,EBM-NLP,6989377,5,0.015356274445851645,0.002376596132914225,0.043028414249420166,0.047182321548461914,0
gemma_3_12b_it,EBM-NLP,7017018,5,0.008572109540303548,0.007304549217224121,0.018966960906982418,0.02172007163365682,0
gemma_3_12b_it,EBM-NLP,7598243,5,0.0305233637491862,0.030715684096018474,0.05437548955281575,0.05987278620402018,0
gemma_3_12b_it,EBM-NLP,7707420,5,0.006206206480662028,0.004282653331756592,0.015466479460398355,0.016861379146575928,0
gemma_3_12b_it,EBM-NLP,7808649,5,0.046659302711486814,0.03849325577418009,0.08343825340270997,0.08669201532999675,0
gemma_3_12b_it,EBM-NLP,7814711,5,0.033724554379781085,0.028130412101745605,0.06773738463719685,0.07195963462193807,0
gemma_3_12b_it,EBM-NLP,7827398,5,0.01039046843846639,0.0013855497042338054,0.02567613124847412,0.025937994321187336,0
gemma_3_12b_it,EBM-NLP,7831628,5,0.03342425028483073,0.020666460196177166,0.0632983644803365,0.06947221358617146,0
gemma_3_12b_it,EBM-NLP,7844976,5,0.010831320285797119,0.008147935072580973,0.018878161907196045,0.019492109616597492,0
gemma_3_12b_it,EBM-NLP,7853069,5,0.013238402207692462,0.01502398649851481,0.020309603214263915,0.021076679229736328,0
gemma_3_12b_it,EBM-NLP,8519720,5,0.036310358842213945,0.008995036284128824,0.10847773949305214,0.12452306350072224,0
gemma_3_12b_it,EBM-NLP,8726604,5,0.0357371171315511,0.032754977544148765,0.07576705614725748,0.07763489087422688,0
gemma_3_12b_it,EBM-NLP,8771302,5,0.021169408162434896,0.01676201820373535,0.03885014454523723,0.03887548049290975,0
gemma_3_12b_it,EBM-NLP,8779382,5,0.03735160032908122,0.035890003045399986,0.042519160111745204,0.04322012265523275,0
gemma_3_12b_it,EBM-NLP,8911222,5,0.011731926600138347,0.011327028274536133,0.017316265900929766,0.018514891465504963,0
gemma_3_12b_it,EBM-NLP,8911223,5,0.0129975954691569,0.011103153228759766,0.026561299959818523,0.026561299959818523,0
gemma_3_12b_it,EBM-NLP,8913901,5,0.01869422197341919,0.00611648956934611,0.05060536464055379,0.05696350336074829,0
gemma_3_12b_it,EBM-NLP,8916620,5,0.1368635336558024,0.11854835351308186,0.33678846359252923,0.37902869780858356,0
gemma_3_12b_it,EBM-NLP,8989009,5,0.011970555782318116,0.010652860005696615,0.023211808999379475,0.02620379130045573,0
gemma_3_12b_it,EBM-NLP,9229602,5,0.005434930324554443,0.001155535380045573,0.01922750870386759,0.0233728289604187,0
gemma_3_12b_it,EBM-NLP,9394106,5,0.011798012256622314,0.009620924790700277,0.0286552349726359,0.03229610125223795,0
gemma_3_12b_it,EBM-NLP,9481998,5,0.03923371632893881,0.04536139965057373,0.0855636437733968,0.09504067897796631,0
gemma_3_12b_it,EBM-NLP,9573502,5,0.008830706278483074,0.006820698579152425,0.017499915758768716,0.018511593341827393,0
gemma_3_12b_it,EBM-NLP,9695300,5,0.05501130024592081,0.05146223306655884,0.0854636549949646,0.08883615334828694,0
gemma_3_12b_it,EBM-NLP,9730996,5,0.2101724902788798,0.01965610186258952,0.8041778206825254,1.0,0
gemma_3_12b_it,EBM-NLP,9816035,5,0.006134164333343506,0.0038310488065083823,0.011275843779246012,0.011829058329264322,0
gemma_3_12b_it,SciER,160009536,5,0.415376740694046,0.03057834506034851,1.0,1.0,1
gemma_3_12b_it,SciER,192546007,5,0.2209236204624176,0.04726827144622803,0.8100209474563597,1.0,1
gemma_3_12b_it,SciER,202719492,5,0.008683940768241883,0.006835609674453735,0.016056492924690247,0.016686320304870605,0
gemma_3_12b_it,SciER,202888938,5,0.17966793477535248,0.2504839599132538,0.29265565276145933,0.2942619025707245,0
gemma_3_12b_it,SciER,210157153,5,0.305311793088913,0.013181045651435852,0.7555051296949387,0.7557826638221741,1
gemma_3_12b_it,SciER,210702798,5,0.3049937218427658,0.2582413852214813,0.8533454447984694,1.0,0
gemma_3_12b_it,SciER,244256,5,0.30409865975379946,0.2547723203897476,0.7029537141323089,0.7515367418527603,1
gemma_3_12b_it,SciER,3627225,5,0.3046664118766785,0.253667876124382,0.7062400639057159,0.7556447684764862,1
gemma_3_12b_it,SciER,52169846,5,0.4095393121242523,0.020888298749923706,1.0,1.0,1
gemma_3_12b_it,SciER,53109398,5,0.023573094606399538,0.01732546091079712,0.04019287526607513,0.04168343544006348,0
gemma_3_12b_it,SciER,AAAI2024,5,0.40738285183906553,0.26498980820178986,0.7537935435771942,0.7545852810144424,1
gemma_3_12b_it,SciER,CVPR2023,5,0.2362150013446808,0.008403152227401733,0.584807026386261,0.5854227691888809,0
gemma_3_12b_it,SciER,EMNLP2023,5,0.40752194821834564,0.01672041416168213,1.0,1.0,1
gemma_3_12b_it,SciER,ICLR2024-AI4Material,5,0.1560276120901108,0.2555731385946274,0.2562754601240158,0.2564508765935898,0
gemma_3_12b_it,SciER,ICLR2024-AI4Science-Protein,5,0.33533261716365814,0.07504193484783173,0.7881984442472458,0.7971730381250381,1
gemma_3_12b_it,SciER,NeurIPS2023-AI4Science,5,0.602025055885315,0.7537549883127213,1.0,1.0,1
gemma_3_12b_it,SciERC,A97-1020,5,0.17552866254534039,0.0037012015070234027,0.6890741365296498,0.8571428571428571,0
gemma_3_12b_it,SciERC,C00-2123,5,0.15357324736458916,0.02449301310947963,0.5772460733141217,0.7142857142857143,0
gemma_3_12b_it,SciERC,C04-1011,5,0.11560028961726596,0.14411635058266775,0.2599309393337794,0.2888121860367911,0
gemma_3_12b_it,SciERC,C04-1035,5,0.06930274622780937,0.011838189193180628,0.16525455713272094,0.1656520026070731,0
gemma_3_12b_it,SciERC,C04-1036,5,0.04478966849190848,0.018765500613621304,0.13535490887505663,0.16440901585987636,0
gemma_3_12b_it,SciERC,C04-1103,5,0.26729398454938613,0.1469385964529855,0.7481014234679084,0.8571428571428571,0
gemma_3_12b_it,SciERC,C04-1106,5,0.15438153062547957,0.15514968974249704,0.38878284181867323,0.44646131140845163,0
gemma_3_12b_it,SciERC,C04-1128,5,0.17832376105444775,0.14633141245160783,0.3839251041412353,0.4423211557524545,0
gemma_3_12b_it,SciERC,C08-2010,5,0.1210383313042777,0.02112135716847011,0.2918968081474304,0.291918797152383,0
gemma_3_12b_it,SciERC,C86-1081,5,0.0631388817514692,0.011769439492906843,0.23295995507921488,0.2880315014294216,0
gemma_3_12b_it,SciERC,C88-1044,5,0.09763438871928623,0.1443519421986171,0.17932689019611903,0.18797315870012557,0
gemma_3_12b_it,SciERC,C90-3045,5,0.09026666368756975,0.004524299076625279,0.35050189665385645,0.4369396226746695,0
gemma_3_12b_it,SciERC,C90-3063,5,0.06388750587190901,0.016822431768689836,0.1476980549948556,0.14818097863878524,0
gemma_3_12b_it,SciERC,C94-1091,5,0.33071423768997193,0.17017929894583567,0.7466036541121345,0.8571428571428571,0
gemma_3_12b_it,SciERC,C96-1062,5,0.06705284799848284,0.003423750400543213,0.24815652540751862,0.30319857597351074,0
gemma_3_12b_it,SciERC,CVPR_1993_10_abs,5,0.2030402183532715,9.369850158691406e-05,0.7173071929386683,0.8571428571428571,0
gemma_3_12b_it,SciERC,CVPR_1994_10_abs,5,0.05107528993061611,0.028406475271497453,0.14383176565170286,0.17118013756615774,0
gemma_3_12b_it,SciERC,CVPR_1999_15_abs,5,0.031994211673736575,0.004508112158094134,0.1183879324368068,0.14581699882234847,0
gemma_3_12b_it,SciERC,CVPR_2003_30_abs,5,0.09063957589013236,0.14522359200886317,0.15437362704958235,0.15605743442262923,0
gemma_3_12b_it,SciERC,CVPR_2004_18_abs,5,0.04335551432200841,0.01577524627958025,0.13724050010953628,0.16275369269507273,0
gemma_3_12b_it,SciERC,CVPR_2004_30_abs,5,0.016234035151345392,0.0033296516963413785,0.03844800506319319,0.039860052721841,0
gemma_3_12b_it,SciERC,CVPR_2006_10_abs,5,0.063939368724823,0.004918592316763741,0.15644305774143763,0.15766478436333792,0
gemma_3_12b_it,SciERC,CVPR_2008_256_abs,5,0.5163645556994847,0.8571428571428571,0.8571428571428571,0.8571428571428571,1
gemma_3_12b_it,SciERC,CVPR_2008_258_abs,5,0.1284025720187596,0.1543456060545785,0.17283352443150113,0.17600914410182408,0
gemma_3_12b_it,SciERC,CVPR_2009_10_abs,5,0.20240603855678013,0.0033147760799952914,0.8017430833407809,1.0,0
gemma_3_12b_it,SciERC,CVPR_2009_18_abs,5,0.23655464819499422,0.009917804173060827,0.833179633957999,1.0,0
gemma_3_12b_it,SciERC,CVPR_2010_30_abs,5,0.14385746206556047,0.00037241833550589424,0.5723544069698878,0.7142857142857143,0
gemma_3_12b_it,SciERC,CVPR_2011_10_abs,5,0.0931521006992885,0.009528543267931257,0.270905441897256,0.30243684564317974,0
gemma_3_12b_it,SciERC,CVPR_2011_11_abs,5,0.21825981821332657,0.030011636870247976,0.7174112302916389,0.8571428571428571,0
gemma_3_12b_it,SciERC,CVPR_2016_413_abs,5,0.04433502640042987,0.012253335544041224,0.13556528091430664,0.15888823781694686,0
gemma_3_12b_it,SciERC,E06-1022,5,0.09005252122879029,0.003968511308942523,0.26602106434958317,0.29476988315582275,0
gemma_3_12b_it,SciERC,E89-1016,5,0.43087554148265295,0.7142857142857143,0.7142857142857143,0.7142857142857143,1
gemma_3_12b_it,SciERC,E91-1012,5,0.23858267750058854,0.15786193949835642,0.44603752408708847,0.44899551357541767,0
gemma_3_12b_it,SciERC,E93-1066,5,0.29214626210076466,0.15633480037961686,0.7461650303431918,0.8571428571428571,0
gemma_3_12b_it,SciERC,E95-1033,5,0.2467716489519392,0.1852318218776158,0.4454424364226205,0.4489550505365644,0
gemma_3_12b_it,SciERC,E99-1015,5,0.045510406153542654,0.025343869413648332,0.1398191145488194,0.16839801413672312,0
gemma_3_12b_it,SciERC,ECCV_2006_13_abs,5,0.17640158108302523,0.011538897241864885,0.6883795159203664,0.8571428571428571,0
gemma_3_12b_it,SciERC,ECCV_2012_30_abs,5,0.10030495098658969,0.0025527477264404297,0.2869704927716936,0.31215375661849976,0
gemma_3_12b_it,SciERC,ECCV_2016_110_abs,5,0.04083715677261353,0.001719330038343157,0.14892241273607526,0.1807152203151158,0
gemma_3_12b_it,SciERC,ECCV_2016_204_abs,5,0.23163646459579468,0.00107053347996303,0.8314223578998019,1.0,0
gemma_3_12b_it,SciERC,ECCV_2016_212_abs,5,0.1740450688770839,0.00030431577137538364,0.6882699200085229,0.8571428571428571,0
gemma_3_12b_it,SciERC,ECCV_2016_99_abs,5,0.23299291815076556,0.15244785376957484,0.7167713454791476,0.8571428571428571,0
gemma_3_12b_it,SciERC,H01-1042,5,0.20758908476148333,0.0003667218344552176,0.8075157403945921,1.0,0
gemma_3_12b_it,SciERC,H01-1049,5,0.2988975831440517,0.1559747883251735,0.7493652139391216,0.8571428571428571,0
gemma_3_12b_it,SciERC,H05-1095,5,0.12390036582946777,0.15257124389920915,0.15985025167465208,0.16167000361851283,0
gemma_3_12b_it,SciERC,I05-4010,5,0.04290021998541695,0.018356612750462124,0.12890147481645853,0.15359059401920863,0
gemma_3_12b_it,SciERC,I05-5003,5,0.23409568411963327,0.0013415472848074777,0.8338273746626716,1.0,0
gemma_3_12b_it,SciERC,I05-5004,5,0.005815265859876361,0.0019997358322143555,0.01809305463518415,0.02177785975592477,0
gemma_3_12b_it,SciERC,ICASSP_1997_706_abs,5,0.23738122837884085,0.01595027106148856,0.834191174166543,1.0,0
gemma_3_12b_it,SciERC,ICASSP_2016_11_abs,5,0.26934773411069596,0.14415636232921056,0.8348127160753521,1.0,0
gemma_3_12b_it,SciERC,ICCV_2001_47_abs,5,0.17276803936277116,0.0032592330660138813,0.6864019070352825,0.8571428571428571,0
gemma_3_12b_it,SciERC,ICCV_2003_151_abs,5,0.17445047412599834,0.0013253773961748397,0.6884711129324775,0.8571428571428571,0
gemma_3_12b_it,SciERC,ICCV_2003_161_abs,5,0.1028747183935983,0.026977624211992537,0.28638488565172465,0.3202967473438808,0
gemma_3_12b_it,SciERC,ICCV_2013_25_abs,5,0.013732070582253592,0.007117663111005511,0.028312175614493233,0.030475471700940813,0
gemma_3_12b_it,SciERC,ICCV_2013_47_abs,5,0.231919002532959,0.002052511487688337,0.7457942145211355,0.8571428571428571,0
gemma_3_12b_it,SciERC,ICML_1995_38_abs,5,0.01336632796696254,0.00826976980481829,0.03515433073043822,0.04177291904176984,0
gemma_3_12b_it,SciERC,ICML_2006_119_abs,5,0.20256628649575367,9.816033499581473e-05,0.8025466544287543,1.0,0
gemma_3_12b_it,SciERC,ICML_2016_10_abs,5,0.0994336724281311,0.14367824792861938,0.179423349244254,0.18226422582353866,0
gemma_3_12b_it,SciERC,ICML_2016_11_abs,5,0.5754851954323905,0.7142857142857143,0.8571428571428571,0.8571428571428571,1
gemma_3_12b_it,SciERC,ICML_2016_18_abs,5,0.40178239686148504,0.289566125188555,0.8571428571428571,0.8571428571428571,1
gemma_3_12b_it,SciERC,INTERSPEECH_2006_21_abs,5,0.18146956818444387,0.016087123325892856,0.6897469162940977,0.8571428571428571,0
gemma_3_12b_it,SciERC,INTERSPEECH_2007_40_abs,5,0.0974107129233224,0.010499724320002965,0.2776425412722996,0.3061885152544294,0
gemma_3_12b_it,SciERC,INTERSPEECH_2008_20_abs,5,0.17173701354435514,0.00044104882649012974,0.6002202323504856,0.7142857142857143,0
gemma_3_12b_it,SciERC,INTERSPEECH_2008_28_abs,5,0.20618584666933332,0.00944751501083374,0.7185820579528807,0.8571428571428571,0
gemma_3_12b_it,SciERC,INTERSPEECH_2013_21_abs,5,0.3151496767997742,0.14616499628339494,0.7142857142857143,0.7142857142857143,1
gemma_3_12b_it,SciERC,INTERSPEECH_2014_40_abs,5,0.2086972883769444,0.16166678496769496,0.6049353514398846,0.7142857142857143,0
gemma_3_12b_it,SciERC,J05-4003,5,0.25887895992824006,0.0006543397903442383,0.7730338062558855,0.8571428571428571,0
gemma_3_12b_it,SciERC,J82-3002,5,0.009768382140568323,0.00567723172051566,0.025837022917611252,0.03083169460296631,0
gemma_3_12b_it,SciERC,J86-3001,5,0.17311125482831685,0.0024513346808297293,0.6011924164635793,0.7142857142857143,0
gemma_3_12b_it,SciERC,J86-4002,5,0.4015646065984453,0.5714285714285714,0.7999999999999999,0.8571428571428571,1
gemma_3_12b_it,SciERC,N03-1026,5,0.20173410177230836,0.00047653913497924805,0.8016387939453123,1.0,0
gemma_3_12b_it,SciERC,N03-1033,5,0.19143490961619786,0.16871258190699986,0.43713077306747433,0.4737977981567383,0
gemma_3_12b_it,SciERC,N04-1022,5,0.03605788435254779,0.009018233844212123,0.12176383733749388,0.1474535039493016,0
gemma_3_12b_it,SciERC,N06-1037,5,0.03586421353476388,0.002685793808528355,0.13773678030286512,0.17106346573148454,0
gemma_3_12b_it,SciERC,NIPS_2001_11_abs,5,0.21806612866265432,0.03247942243303571,0.8092625958578925,1.0,0
gemma_3_12b_it,SciERC,NIPS_2002_11_abs,5,0.06493115936006819,0.009795597621372767,0.15739565747124806,0.15855319159371511,0
gemma_3_12b_it,SciERC,NIPS_2002_18_abs,5,0.06782866205487932,0.004196098872593471,0.2579039096832275,0.3200204883302961,0
gemma_3_12b_it,SciERC,NIPS_2015_18_abs,5,0.20372496162142073,0.14394956827163696,0.60284104347229,0.7142857142857143,0
gemma_3_12b_it,SciERC,NIPS_2016_560_abs,5,0.2388943689210074,0.024049690791538784,0.8340844307626996,1.0,0
gemma_3_12b_it,SciERC,NIPS_2016_80_abs,5,0.21772380726678034,0.17028497798102243,0.43278726169041226,0.4652319976261684,0
gemma_3_12b_it,SciERC,P01-1056,5,0.43291208914348056,0.4438905715942383,0.7999999999999999,0.8571428571428571,1
gemma_3_12b_it,SciERC,P03-1070,5,0.06352606330599105,0.0052106039864676336,0.15812510081699915,0.1608107089996338,0
gemma_3_12b_it,SciERC,P04-2005,5,0.3783827560288565,0.017388880252838135,0.9714285714285714,1.0,1
gemma_3_12b_it,SciERC,P05-1039,5,0.1247531533241272,0.1440847430910383,0.2775167277881077,0.30598184892109465,0
gemma_3_12b_it,SciERC,P05-1046,5,0.22958889177867342,8.814675467354911e-05,0.7438569767134529,0.8571428571428571,0
gemma_3_12b_it,SciERC,P05-1056,5,0.26650392838886805,0.007280170917510986,0.8636898790087018,1.0,0
gemma_3_12b_it,SciERC,P05-1076,5,0.17627315350941247,0.008410470826285226,0.6888767736298695,0.8571428571428571,0
gemma_3_12b_it,SciERC,P05-2013,5,0.061187243461608885,0.003823603902544294,0.23873917886189044,0.2973574570247105,0
gemma_3_12b_it,SciERC,P06-1013,5,0.03331025157655988,0.0063231076513017926,0.1226624080113002,0.15162572690418788,0
gemma_3_12b_it,SciERC,P06-1018,5,0.2316233311380659,0.14617713860103063,0.5524087224687848,0.583368045943124,0
gemma_3_12b_it,SciERC,P06-1053,5,0.16377185583114623,0.15695463759558542,0.38658777645656034,0.43979328870773315,0
gemma_3_12b_it,SciERC,P06-2012,5,0.03924962622778756,0.017671704292297363,0.12955042804990494,0.156584518296378,0
gemma_3_12b_it,SciERC,P06-3007,5,0.06362234354019165,0.010478658335549491,0.1524635604449681,0.15267086029052734,0
gemma_3_12b_it,SciERC,P06-4007,5,0.13394742522920883,0.15534319196428573,0.19283986772809708,0.19986242055892944,0
gemma_3_12b_it,SciERC,P08-1105,5,0.04695122752870832,0.01416170597076416,0.15070769275937757,0.18102280582700456,0
gemma_3_12b_it,SciERC,P83-1004,5,0.1843422225543431,0.3025421415056501,0.31092682225363594,0.31222022431237356,0
gemma_3_12b_it,SciERC,P85-1019,5,0.2372136218207223,0.1493843368121556,0.6420842426163809,0.7306324158396039,0
gemma_3_12b_it,SciERC,P86-1011,5,0.002814688001360212,0.0012034688677106584,0.006740936211177281,0.0069449033055986676,0
gemma_3_12b_it,SciERC,W02-1602,5,0.2051940219742911,0.011544270174843925,0.5456865174429757,0.5749652896608625,0
gemma_3_12b_it,SciERC,X96-1059,5,0.17714039598192488,0.019914976188114712,0.6017288293157304,0.7142857142857143,0
mistral_7b_instruct_v03,EBM-NLP,10070173,5,0.6235074400901794,0.6666666666666666,1.0,1.0,1
mistral_7b_instruct_v03,EBM-NLP,10390665,5,0.17206610043843587,0.023118317127227783,0.42196470896402993,0.4276843269666036,1
mistral_7b_instruct_v03,EBM-NLP,10475150,5,0.07736912568410238,7.947285970052083e-08,0.3094763278961181,0.3868453900019328,0
mistral_7b_instruct_v03,EBM-NLP,10578479,5,0.03244038025538127,0.024179895718892414,0.07188228766123453,0.08074239889780681,0
mistral_7b_instruct_v03,EBM-NLP,10589810,5,0.14819223880767823,0.02455669641494751,0.3503261129061381,0.3532902002334595,0
mistral_7b_instruct_v03,EBM-NLP,10752495,5,0.07389114300409952,0.047958950201670326,0.1917289574940999,0.22669903437296549,0
mistral_7b_instruct_v03,EBM-NLP,10763172,5,0.10057193040847778,0.042982896169026695,0.291656219959259,0.3333333333333333,0
mistral_7b_instruct_v03,EBM-NLP,10764172,5,0.02513783772786458,0.004532078901926677,0.06494744221369425,0.06937072674433391,1
mistral_7b_instruct_v03,EBM-NLP,10912743,5,0.052833712100982665,0.049666782220204674,0.08916024367014566,0.09365540742874146,0
mistral_7b_instruct_v03,EBM-NLP,10934569,5,0.07380524079004923,0.0082244873046875,0.27642225027084344,0.34256821870803833,1
mistral_7b_instruct_v03,EBM-NLP,10940525,5,0.022559487819671632,0.008782605330149332,0.061374004681905105,0.06761842966079712,0
mistral_7b_instruct_v03,EBM-NLP,11099086,5,0.11031805674235025,0.027662813663482666,0.3555362383524576,0.4179179072380066,0
mistral_7b_instruct_v03,EBM-NLP,11229858,5,0.14518694480260214,0.04839827617009481,0.3371085445086161,0.33757539590199787,1
mistral_7b_instruct_v03,EBM-NLP,1131298,5,0.013494956493377685,0.0027347207069396973,0.03173963626225789,0.03217301766077677,0
mistral_7b_instruct_v03,EBM-NLP,11317090,5,0.07167275746663412,0.0507509708404541,0.14585448106129964,0.14729100465774536,0
mistral_7b_instruct_v03,EBM-NLP,11381289,5,0.007284339269002278,0.0,0.029137357076009104,0.03642169634501139,0
mistral_7b_instruct_v03,EBM-NLP,11401641,5,0.039673999945322676,0.021225273609161377,0.09799484411875406,0.10546652475992839,0
mistral_7b_instruct_v03,EBM-NLP,11454878,5,0.08494953711827596,0.021068215370178223,0.30689115921656285,0.37827030817667645,0
mistral_7b_instruct_v03,EBM-NLP,11495215,5,0.16652718782424927,0.039280633131663,0.3966776529947917,0.3966776529947917,0
mistral_7b_instruct_v03,EBM-NLP,11642083,5,0.08263351917266845,0.014681915442148844,0.2825393160184224,0.3429642717043559,0
mistral_7b_instruct_v03,EBM-NLP,11737955,5,0.05123574336369833,0.05313787857691447,0.08802225987116495,0.09159984191258748,1
mistral_7b_instruct_v03,EBM-NLP,11750293,5,0.07322709560394287,0.009986519813537598,0.27122977574666335,0.3333333333333333,0
mistral_7b_instruct_v03,EBM-NLP,11829043,5,0.044316605726877845,0.03317634264628092,0.09906782706578572,0.1123302976290385,0
mistral_7b_instruct_v03,EBM-NLP,11891832,5,0.036242902278900146,0.022967815399169922,0.0787346601486206,0.08453615506490071,1
mistral_7b_instruct_v03,EBM-NLP,12139812,5,0.1856290578842163,0.09465968608856201,0.40501720905303956,0.4149751663208008,0
mistral_7b_instruct_v03,EBM-NLP,12477021,5,0.12207639217376709,0.05072536071141561,0.36914085547129305,0.44496579964955646,0
mistral_7b_instruct_v03,EBM-NLP,12576806,5,0.115159010887146,0.031067530314127605,0.36614021062850943,0.42865784962972003,0
mistral_7b_instruct_v03,EBM-NLP,12586799,5,0.06736107667287192,0.07010589043299358,0.12521227598190307,0.13066752751668295,0
mistral_7b_instruct_v03,EBM-NLP,12595499,5,0.2213177482287089,0.3475800355275472,0.359147568543752,0.3619969089825948,0
mistral_7b_instruct_v03,EBM-NLP,12709693,5,0.07173030376434325,0.008671045303344727,0.26991715033849073,0.3333333333333333,0
mistral_7b_instruct_v03,EBM-NLP,1286547,5,0.03309379418690999,0.007649978001912435,0.09502050081888834,0.10690365235010783,0
mistral_7b_instruct_v03,EBM-NLP,12960652,5,0.025328298409779865,0.003688355286916097,0.061337323983510335,0.062274674574534096,0
mistral_7b_instruct_v03,EBM-NLP,1459268,5,0.11069311300913491,0.06994831562042236,0.28347183465957637,0.3333333333333333,0
mistral_7b_instruct_v03,EBM-NLP,14679127,5,0.09003800551096598,0.03560552994410197,0.28291689952214555,0.3333333333333333,0
mistral_7b_instruct_v03,EBM-NLP,14739125,5,0.09191808700561524,0.045384347438812256,0.27883030176162715,0.3333333333333333,0
mistral_7b_instruct_v03,EBM-NLP,14763035,5,0.04459338585535685,0.009537796179453531,0.10391908089319864,0.1061263879140218,0
mistral_7b_instruct_v03,EBM-NLP,15014018,5,0.10387562910715739,0.051337361335754395,0.33545295794804886,0.4030746817588806,0
mistral_7b_instruct_v03,EBM-NLP,15133359,5,0.3837671995162964,0.38990487655003864,0.884541622797648,1.0,0
mistral_7b_instruct_v03,EBM-NLP,15193668,5,0.10765244166056313,0.020442624886830647,0.3507468223571777,0.4186573425928752,0
mistral_7b_instruct_v03,EBM-NLP,15358868,5,0.01978861093521118,0.003512601057688395,0.06715791622797647,0.08177326122919719,0
mistral_7b_instruct_v03,EBM-NLP,15848261,5,0.10585544904073078,0.032361785570780434,0.33169083197911575,0.3967040578524272,1
mistral_7b_instruct_v03,EBM-NLP,15854186,5,0.029694457848866783,0.025068799654642742,0.05651102860768635,0.062374393145243325,0
mistral_7b_instruct_v03,EBM-NLP,15858959,5,0.09792182445526124,0.03013292948404948,0.323972992102305,0.3867962559064229,0
mistral_7b_instruct_v03,EBM-NLP,16055807,5,0.23983240524927774,0.3604414661725362,0.3994029959042867,0.40760783354441327,0
mistral_7b_instruct_v03,EBM-NLP,16167234,5,0.0938322106997172,0.03494874636332194,0.2803353428840637,0.3333333730697632,0
mistral_7b_instruct_v03,EBM-NLP,16295154,5,0.14372397661209108,0.007767279942830403,0.35441832145055135,0.35677846272786456,0
mistral_7b_instruct_v03,EBM-NLP,16427787,5,0.1020854115486145,0.0577081044514974,0.2936429063479105,0.3526056408882141,0
mistral_7b_instruct_v03,EBM-NLP,16505427,5,0.17049098014831543,0.08096377054850261,0.40304110844930013,0.4187774062156677,0
mistral_7b_instruct_v03,EBM-NLP,1669598,5,0.10428773959477744,0.04410280783971151,0.34067778984705605,0.40961209932963055,0
mistral_7b_instruct_v03,EBM-NLP,17293018,5,0.13374083836873374,0.09710766871770223,0.33698184092839556,0.39514660835266113,0
mistral_7b_instruct_v03,EBM-NLP,17321989,5,0.02165099382400513,0.002639015515645345,0.05916248162587484,0.06339881817499797,0
mistral_7b_instruct_v03,EBM-NLP,17616069,5,0.1302114407221476,0.0849364201227824,0.3706817746162414,0.4376882513364156,0
mistral_7b_instruct_v03,EBM-NLP,1780092,5,0.10624504089355469,0.026120881239573162,0.34992245833079016,0.41483598947525024,0
mistral_7b_instruct_v03,EBM-NLP,17897478,5,0.06759419043858847,1.9868214925130207e-08,0.2675941904385884,0.3333333532015483,0
mistral_7b_instruct_v03,EBM-NLP,18077611,5,0.24397461811701454,0.3421595295270284,0.420596698919932,0.43265867233276367,0
mistral_7b_instruct_v03,EBM-NLP,18189160,5,0.03761790990829468,0.03555307785669962,0.07069003184636434,0.07874927918116252,0
mistral_7b_instruct_v03,EBM-NLP,18229990,5,0.019897087415059408,0.0300519863764445,0.03236347039540609,0.032683332761128746,1
mistral_7b_instruct_v03,EBM-NLP,18337284,5,0.0689294974009196,0.0,0.27232374350229893,0.33899041016896564,0
mistral_7b_instruct_v03,EBM-NLP,18503531,5,0.07684878905614216,0.0013389786084493,0.27648070653279616,0.3333333333333333,0
mistral_7b_instruct_v03,EBM-NLP,18544974,5,0.2141846259435018,0.33790330092112225,0.3427443583806356,0.3432495395342509,1
mistral_7b_instruct_v03,EBM-NLP,18773733,5,0.34452658891677856,0.35974061489105225,0.6666667064030966,0.6666667064030966,0
mistral_7b_instruct_v03,EBM-NLP,18783504,5,0.06521211465199789,0.028423845767974854,0.15885970989863077,0.16743908325831094,0
mistral_7b_instruct_v03,EBM-NLP,18845996,5,0.021032039324442545,0.0,0.07306639353434244,0.0867239236831665,0
mistral_7b_instruct_v03,EBM-NLP,18958161,5,0.12506210406621296,0.07228749990463257,0.3071213245391845,0.3333333333333333,0
mistral_7b_instruct_v03,EBM-NLP,18975051,5,0.2893347978591919,0.4173675576845805,0.4882606148719787,0.5035683314005533,0
mistral_7b_instruct_v03,EBM-NLP,19096921,5,0.03377017577489217,0.01505368947982788,0.07454284826914469,0.07550346851348877,0
mistral_7b_instruct_v03,EBM-NLP,19108790,5,0.19514572620391846,0.11578820149103801,0.36977691650390626,0.37082574764887494,0
mistral_7b_instruct_v03,EBM-NLP,19159999,5,0.42158013184865323,0.10790061950683594,1.0,1.0,1
mistral_7b_instruct_v03,EBM-NLP,19301724,5,0.12181116739908855,0.09055370092391968,0.3226234316825866,0.3806408643722534,0
mistral_7b_instruct_v03,EBM-NLP,19376304,5,0.18844332297643024,0.06858607133229573,0.39820218880971275,0.4004130760828654,0
mistral_7b_instruct_v03,EBM-NLP,1963383,5,0.15975413719813028,0.03188143173853556,0.3888317863146464,0.3983702063560486,0
mistral_7b_instruct_v03,EBM-NLP,1968178,5,0.035324132442474364,0.035112460454305015,0.050358343124389644,0.053152004877726235,0
mistral_7b_instruct_v03,EBM-NLP,19708562,5,0.05069658358891804,0.04697922865549723,0.07153135538101196,0.07153135538101196,0
mistral_7b_instruct_v03,EBM-NLP,19727232,5,0.011139476299285888,0.004961828390757243,0.02646904389063517,0.027203222115834553,0
mistral_7b_instruct_v03,EBM-NLP,19802506,5,0.028274154663085936,0.024019042650858562,0.05387854973475138,0.05403210719426473,0
mistral_7b_instruct_v03,EBM-NLP,20147856,5,0.03173683881759644,0.0035909811655680337,0.08434286514918009,0.08887370427449544,0
mistral_7b_instruct_v03,EBM-NLP,20189026,5,0.044100185235341385,0.019121607144673664,0.11682498852411904,0.12758187452952066,0
mistral_7b_instruct_v03,EBM-NLP,20226474,5,0.20111507574717202,0.3333333333333333,0.3371630350748698,0.3381204605102539,0
mistral_7b_instruct_v03,EBM-NLP,20509069,5,0.13665252923965454,0.009513318538665771,0.3333333333333333,0.3333333333333333,1
mistral_7b_instruct_v03,EBM-NLP,20560622,5,0.42990846633911134,0.08043766021728516,1.0,1.0,1
mistral_7b_instruct_v03,EBM-NLP,20618920,5,0.02660750150680542,0.0,0.06780765056610108,0.0686669150988261,0
mistral_7b_instruct_v03,EBM-NLP,2066441,5,0.14745697577794395,0.01568945248921712,0.371557354927063,0.37978506088256836,1
mistral_7b_instruct_v03,EBM-NLP,20739054,5,0.10755105018615722,0.028699100017547607,0.33657625118891393,0.3919746478398641,0
mistral_7b_instruct_v03,EBM-NLP,20804366,5,0.14908183415730797,0.054822285970052086,0.3424643874168396,0.3424643874168396,0
mistral_7b_instruct_v03,EBM-NLP,2088233,5,0.0210987130800883,0.015098512172698975,0.05175657272338867,0.05853386720021566,0
mistral_7b_instruct_v03,EBM-NLP,20943715,5,0.17614910999933878,0.14950082699457803,0.361068320274353,0.36700530846913654,0
mistral_7b_instruct_v03,EBM-NLP,21029638,5,0.0809149463971456,0.025914669036865234,0.2757320125897725,0.3333333333333333,0
mistral_7b_instruct_v03,EBM-NLP,21106663,5,0.04506024122238159,0.05013545354207357,0.09429351488749185,0.09876728057861328,0
mistral_7b_instruct_v03,EBM-NLP,21170734,5,0.0960148255030314,0.04486934343973795,0.2799912452697753,0.3333333333333333,0
mistral_7b_instruct_v03,EBM-NLP,21211686,5,0.04195142189661662,0.01811144749323527,0.1242360750834147,0.1490576465924581,0
mistral_7b_instruct_v03,EBM-NLP,21393467,5,0.22835756540298463,0.15161854028701782,0.4264773527781169,0.4264773527781169,0
mistral_7b_instruct_v03,EBM-NLP,21491990,5,0.06449651320775349,0.080716868241628,0.10627914667129516,0.11174943049748738,0
mistral_7b_instruct_v03,EBM-NLP,21669557,5,0.31754047075907393,0.3741924564043681,0.4301054239273071,0.4370699127515157,0
mistral_7b_instruct_v03,EBM-NLP,21718094,5,0.2068557341893514,0.11934010187784831,0.44032673438390096,0.4418647686640422,0
mistral_7b_instruct_v03,EBM-NLP,21866656,5,0.09243780374526978,0.02944966157277425,0.3055870374043782,0.3722681204477946,0
mistral_7b_instruct_v03,EBM-NLP,2188766,5,0.178711195786794,0.06221795082092285,0.42937633196512853,0.4419948657353719,0
mistral_7b_instruct_v03,EBM-NLP,21896676,5,0.10152285099029541,0.020843346913655598,0.33672458330790195,0.4035284121831258,0
mistral_7b_instruct_v03,EBM-NLP,21914768,5,0.09610159397125244,0.05669556061426798,0.29150250355402624,0.34727195898691815,0
mistral_7b_instruct_v03,EBM-NLP,21924760,5,0.032013467947642,0.028418083985646565,0.059114432334899894,0.06278266509373982,0
mistral_7b_instruct_v03,EBM-NLP,21975269,5,0.0948007623354594,1.9868214925130207e-08,0.2962438662846883,0.33573851982752484,0
mistral_7b_instruct_v03,EBM-NLP,21982657,5,0.07120672464370727,0.004159371058146159,0.26954296827316276,0.3333333333333333,0
mistral_7b_instruct_v03,EBM-NLP,22154769,5,0.11267224550247193,0.04865509271621704,0.31790004571278885,0.38198842604955036,0
mistral_7b_instruct_v03,EBM-NLP,2223363,5,0.03749712705612183,0.028915802637736004,0.09195571740468342,0.10734174648920695,0
mistral_7b_instruct_v03,EBM-NLP,2224060,5,0.24079395532608033,0.05398752291997274,0.8242682337760924,1.0,1
mistral_7b_instruct_v03,EBM-NLP,22271197,5,0.301448933283488,0.19400262832641602,0.6304378906885783,0.6830729246139526,0
mistral_7b_instruct_v03,EBM-NLP,22341427,5,0.0741884469985962,0.08556999762852986,0.1215053081512451,0.12860679626464844,0
mistral_7b_instruct_v03,EBM-NLP,22416755,5,0.048206921418507895,0.03736488024393717,0.1010312000910441,0.10962506135304768,0
mistral_7b_instruct_v03,EBM-NLP,22420121,5,0.07176684141159058,0.0,0.274772036075592,0.3383419911066691,1
mistral_7b_instruct_v03,EBM-NLP,22435114,5,0.024273796876271563,0.030753453572591145,0.04688831170399983,0.04794204235076904,0
mistral_7b_instruct_v03,EBM-NLP,22538329,5,0.06829453706741333,0.07390741507212321,0.11564733584721883,0.11750419934590657,0
mistral_7b_instruct_v03,EBM-NLP,22646975,5,0.05192778905232748,0.03840408722559611,0.11852812767028809,0.133304496606191,0
mistral_7b_instruct_v03,EBM-NLP,22744141,5,0.08428614139556885,0.023805538813273113,0.28112421830495193,0.33733129501342773,0
mistral_7b_instruct_v03,EBM-NLP,22865017,5,0.23756072123845415,0.3658430178960164,0.3854311545689901,0.39032818873723346,0
mistral_7b_instruct_v03,EBM-NLP,22881991,5,0.1281909426053365,0.0710803469022115,0.3566450277964273,0.4265989263852437,0
mistral_7b_instruct_v03,EBM-NLP,22897461,5,0.15919367869695028,0.07863883177439372,0.35775721073150635,0.35913970073064166,0
mistral_7b_instruct_v03,EBM-NLP,22956006,5,0.023372749487559,0.02536521355311076,0.04098670879999796,0.04425913095474243,0
mistral_7b_instruct_v03,EBM-NLP,23021296,5,0.12026351690292358,0.10681980848312378,0.29236747423807774,0.3333333333333333,0
mistral_7b_instruct_v03,EBM-NLP,23103798,5,0.084016219774882,0.007502377033233643,0.30083689292271926,0.3672160704930623,0
mistral_7b_instruct_v03,EBM-NLP,23114870,5,0.0980491558710734,0.10872141520182292,0.17381762266159057,0.18663239479064941,0
mistral_7b_instruct_v03,EBM-NLP,23356250,5,0.1833609422047933,0.12793014446894327,0.3376163840293884,0.3376163840293884,0
mistral_7b_instruct_v03,EBM-NLP,23357440,5,0.11605542103449502,0.08497448762257893,0.30089501539866126,0.3548751473426819,0
mistral_7b_instruct_v03,EBM-NLP,23392542,5,0.03881795803705851,0.03832785288492838,0.06679102182388305,0.07210671901702881,0
mistral_7b_instruct_v03,EBM-NLP,23417625,5,0.030514276027679442,0.030734598636627197,0.05185048977533976,0.05641281604766846,0
mistral_7b_instruct_v03,EBM-NLP,23549581,5,0.0106109619140625,0.0,0.04244384765624999,0.0530548095703125,0
mistral_7b_instruct_v03,EBM-NLP,23838728,5,0.1866590936978658,0.1382549206415812,0.37985225121180216,0.3870907624562581,1
mistral_7b_instruct_v03,EBM-NLP,23849147,5,0.23140382766723633,0.3468288977940877,0.4233834544817607,0.4355757037798564,0
mistral_7b_instruct_v03,EBM-NLP,23985254,5,0.09431205590565998,0.11849431196848552,0.1336312691370646,0.13741550842920938,0
mistral_7b_instruct_v03,EBM-NLP,24075141,5,0.037696679433186844,0.04223906993865967,0.06936631600062051,0.07395126422246297,0
mistral_7b_instruct_v03,EBM-NLP,24080592,5,0.031305936972300205,0.007731139659881592,0.09109818538029987,0.10547864437103271,1
mistral_7b_instruct_v03,EBM-NLP,24317958,5,0.09308058420817059,0.010058204332987467,0.3149046023686727,0.37433127562205,0
mistral_7b_instruct_v03,EBM-NLP,24350813,5,0.07254976034164429,0.0006673733393351237,0.2724162856737772,0.3333333333333333,0
mistral_7b_instruct_v03,EBM-NLP,24451919,5,0.16561352809270222,0.07102892796198527,0.3607708891232808,0.3631107409795125,1
mistral_7b_instruct_v03,EBM-NLP,24515505,5,0.1625937779744466,0.03005303939183553,0.394633948802948,0.407581627368927,0
mistral_7b_instruct_v03,EBM-NLP,24660757,5,0.13258256514867145,0.07250865300496419,0.32286527951558425,0.38507672150929767,0
mistral_7b_instruct_v03,EBM-NLP,24726342,5,0.044061748186747234,1.9868214925130207e-08,0.13043912251790363,0.14396230379740396,0
mistral_7b_instruct_v03,EBM-NLP,24803369,5,0.4193861285845438,0.3583516875902812,0.9333333333333332,1.0,1
mistral_7b_instruct_v03,EBM-NLP,24960665,5,0.09278711080551147,0.02246371905008952,0.32063919305801386,0.39315861463546753,0
mistral_7b_instruct_v03,EBM-NLP,24989854,5,0.07723828554153443,0.01166673501332601,0.28811414639155064,0.35534868637720746,0
mistral_7b_instruct_v03,EBM-NLP,25068497,5,0.14939891099929808,3.9736429850260414e-08,0.38124807675679523,0.3864153027534485,0
mistral_7b_instruct_v03,EBM-NLP,25369243,5,0.0256929874420166,0.00544587771097819,0.09268433252970376,0.11346753438313802,0
mistral_7b_instruct_v03,EBM-NLP,25479285,5,0.16647082964579266,0.05764394998550415,0.3705161094665527,0.3798118034998576,0
mistral_7b_instruct_v03,EBM-NLP,25784723,5,0.17793944279352822,0.06467926502227783,0.4032093008359273,0.40573837359746295,0
mistral_7b_instruct_v03,EBM-NLP,25885649,5,0.0463808536529541,0.053077121575673424,0.06563820044199625,0.06613659858703613,0
mistral_7b_instruct_v03,EBM-NLP,25886492,5,0.09064833720525105,0.10253383715947469,0.13599283695220946,0.13630096117655435,0
mistral_7b_instruct_v03,EBM-NLP,25898782,5,0.11467261711756387,0.030333201090494793,0.36253014802932737,0.42958734432856244,0
mistral_7b_instruct_v03,EBM-NLP,25931290,5,0.21434354384740195,0.3333333333333333,0.36999030510584513,0.37221358219782513,1
mistral_7b_instruct_v03,EBM-NLP,25950425,5,0.007839524745941162,0.00072250763575236,0.029206609725952144,0.03609349330266317,0
mistral_7b_instruct_v03,EBM-NLP,26210844,5,0.027509307861328124,0.03245021899541219,0.042592386404673256,0.042592386404673256,0
mistral_7b_instruct_v03,EBM-NLP,26278470,5,0.10892118215560913,0.04663276672363281,0.3090351541837056,0.3690059185028076,0
mistral_7b_instruct_v03,EBM-NLP,2678230,5,0.06721404393513998,0.09808091322580974,0.10483299493789673,0.10542662938435872,0
mistral_7b_instruct_v03,EBM-NLP,2803397,5,0.1554800510406494,0.10201780001322429,0.3839477698008219,0.44177772601445514,0
mistral_7b_instruct_v03,EBM-NLP,2908133,5,0.04593011538187663,0.05503052473068237,0.06638742287953694,0.06893006960550944,0
mistral_7b_instruct_v03,EBM-NLP,3067745,5,0.14473507801691693,0.05076003074645996,0.33833224376042687,0.3395819664001465,1
mistral_7b_instruct_v03,EBM-NLP,3074300,5,0.14892371892929077,0.026772459348042805,0.36239833434422813,0.36696622769037884,0
mistral_7b_instruct_v03,EBM-NLP,3081600,5,0.2137154221534729,0.3382972280184428,0.37115394274393715,0.37589218219121295,0
mistral_7b_instruct_v03,EBM-NLP,3534803,5,0.19310657580693563,0.17171875635782877,0.41936354637145995,0.4373033046722412,0
mistral_7b_instruct_v03,EBM-NLP,361799,5,0.09887118339538574,0.03630053997039795,0.31540637413660677,0.38308848937352497,0
mistral_7b_instruct_v03,EBM-NLP,384815,5,0.06965186595916749,0.06100704272588094,0.1436607837677002,0.15341665347417197,0
mistral_7b_instruct_v03,EBM-NLP,3919804,5,0.023175128300984702,0.021163225173950195,0.042224979400634764,0.04310146967569987,0
mistral_7b_instruct_v03,EBM-NLP,4919024,5,0.07720594803492228,0.11654049158096313,0.14348770380020143,0.14931644996007284,1
mistral_7b_instruct_v03,EBM-NLP,6418441,5,0.05280468463897705,0.06027426322301229,0.0831313172976176,0.08618640899658203,0
mistral_7b_instruct_v03,EBM-NLP,6421395,5,0.003120621045430501,0.0006729761759440104,0.011224325497945147,0.013730506102244059,0
mistral_7b_instruct_v03,EBM-NLP,6920252,5,0.01828349431355794,0.013485451539357504,0.04030244350433349,0.04396520058314005,0
mistral_7b_instruct_v03,EBM-NLP,6938020,5,0.09262864987055461,0.029037614663441975,0.31284586191177366,0.37670789162317914,0
mistral_7b_instruct_v03,EBM-NLP,6951573,5,0.17607813676198322,0.05290186405181885,0.39632056951522826,0.4055851697921753,0
mistral_7b_instruct_v03,EBM-NLP,6989377,5,0.06910362243652343,0.004100282986958821,0.26828354994455966,0.3333333333333333,1
mistral_7b_instruct_v03,EBM-NLP,7017018,5,0.03642010688781738,0.022868573665618896,0.09325091044108072,0.10542275508244832,1
mistral_7b_instruct_v03,EBM-NLP,7598243,5,0.11767692963282265,0.0064980387687683105,0.36586133639017737,0.41580669085184735,0
mistral_7b_instruct_v03,EBM-NLP,7707420,5,0.12126692136128744,0.05302115281422933,0.31209778388341264,0.36431548992792767,0
mistral_7b_instruct_v03,EBM-NLP,7808649,5,0.05236277977625529,0.0594332218170166,0.08751354614893594,0.09134044249852498,0
mistral_7b_instruct_v03,EBM-NLP,7814711,5,0.033383480707804364,0.0,0.08809827963511149,0.09119133154551189,0
mistral_7b_instruct_v03,EBM-NLP,7827398,5,0.042880022525787355,0.052222112814585366,0.08014856179555256,0.08616836865743001,0
mistral_7b_instruct_v03,EBM-NLP,7831628,5,0.19885596831639607,0.0740703543027242,0.44718059301376345,0.45848504702250165,0
mistral_7b_instruct_v03,EBM-NLP,7844976,5,0.1787175218264262,0.06122511625289917,0.4211983640988668,0.4245431224505107,1
mistral_7b_instruct_v03,EBM-NLP,7853069,5,0.04183852275212606,0.04155604044596354,0.07932173808415731,0.08236831426620483,0
mistral_7b_instruct_v03,EBM-NLP,8519720,5,0.07579431136449179,0.004796802997589111,0.29205475648244217,0.3636319438616435,0
mistral_7b_instruct_v03,EBM-NLP,8726604,5,0.08596893548965454,0.012787123521169027,0.3139736572901407,0.3879682819048564,0
mistral_7b_instruct_v03,EBM-NLP,8771302,5,0.18665727774302163,0.18963017066319784,0.32396593093872067,0.3566543658574422,0
mistral_7b_instruct_v03,EBM-NLP,8779382,5,0.09653452237447104,0.07619623343149821,0.15259672403335572,0.154616912206014,0
mistral_7b_instruct_v03,EBM-NLP,8911222,5,0.08297730684280395,0.016128559907277424,0.2959106564521789,0.36040399471918744,0
mistral_7b_instruct_v03,EBM-NLP,8911223,5,0.07028913497924806,0.002831061681111654,0.27341694434483843,0.3405446211496989,0
mistral_7b_instruct_v03,EBM-NLP,8913901,5,0.11882145007451375,0.007067481676737468,0.4093103329340616,0.4865039785703023,0
mistral_7b_instruct_v03,EBM-NLP,8916620,5,0.15444096326828002,0.025696098804473877,0.3655749281247457,0.3687548041343689,0
mistral_7b_instruct_v03,EBM-NLP,8989009,5,0.18973637421925862,0.06260746717453003,0.44271368980407716,0.4496124784151713,0
mistral_7b_instruct_v03,EBM-NLP,9229602,5,0.07848769823710125,0.01024856170018514,0.28724280595779417,0.35405997435251874,0
mistral_7b_instruct_v03,EBM-NLP,9394106,5,0.040624570846557614,0.02912481625874837,0.06779380639394124,0.06779380639394124,0
mistral_7b_instruct_v03,EBM-NLP,9481998,5,0.08676875034968058,0.11284891764322917,0.17919132709503172,0.194169282913208,1
mistral_7b_instruct_v03,EBM-NLP,9573502,5,0.08946514924367269,0.013208389282226562,0.2906336983044942,0.3414475917816162,0
mistral_7b_instruct_v03,EBM-NLP,9695300,5,0.11266069809595744,0.0,0.38236996332804357,0.449515442053477,0
mistral_7b_instruct_v03,EBM-NLP,9730996,5,0.10992610057195026,0.059463322162628174,0.28508815368016555,0.3333333333333333,0
mistral_7b_instruct_v03,EBM-NLP,9816035,5,0.1537573297818502,0.03928462664286295,0.36202106873194373,0.36346813042958576,0
mistral_7b_instruct_v03,SciER,160009536,5,0.612690269947052,1.0,1.0,1.0,1
mistral_7b_instruct_v03,SciER,192546007,5,0.018056723475456237,0.023314207792282104,0.0286292165517807,0.029636546969413757,1
mistral_7b_instruct_v03,SciER,202719492,5,0.44339600801467893,0.08537140488624573,1.0,1.0,1
mistral_7b_instruct_v03,SciER,202888938,5,0.22178371846675873,0.04250578582286835,0.8132825613021849,1.0,1
mistral_7b_instruct_v03,SciER,210157153,5,0.40492025911808016,0.019150972366333008,1.0,1.0,1
mistral_7b_instruct_v03,SciER,210702798,5,0.3,0.0,0.75,0.75,0
mistral_7b_instruct_v03,SciER,244256,5,0.11715569496154785,0.04479503631591797,0.2561503708362579,0.25681696832180023,0
mistral_7b_instruct_v03,SciER,3627225,5,0.210708287358284,0.014678090810775757,0.8051574915647505,1.0,1
mistral_7b_instruct_v03,SciER,52169846,5,0.16499245166778564,0.2577974498271942,0.2681014180183411,0.2681328058242798,0
mistral_7b_instruct_v03,SciER,53109398,5,0.21022484600543975,0.01344667375087738,0.8027159392833708,1.0,0
mistral_7b_instruct_v03,SciER,AAAI2024,5,0.22599102258682252,0.051407694816589355,0.8103062957525251,1.0,1
mistral_7b_instruct_v03,SciER,CVPR2023,5,0.6,1.0,1.0,1.0,2
mistral_7b_instruct_v03,SciER,EMNLP2023,5,0.2196449249982834,0.041273921728134155,0.8091506838798521,1.0,1
mistral_7b_instruct_v03,SciER,ICLR2024-AI4Material,5,0.035973763465881346,0.01999717950820923,0.08202909231185913,0.08601057529449463,0
mistral_7b_instruct_v03,SciER,ICLR2024-AI4Science-Protein,5,0.37078007161617277,0.05624103546142578,0.95,1.0,1
mistral_7b_instruct_v03,SciER,NeurIPS2023-AI4Science,5,0.3814698666334152,0.05864362418651581,0.95,1.0,1
mistral_7b_instruct_v03,SciERC,A97-1020,5,0.14951507193701608,0.0011099917548043387,0.5778645021574836,0.7142857142857143,0
mistral_7b_instruct_v03,SciERC,C00-2123,5,0.14241436890193396,0.03195701326642718,0.3430670704160418,0.35476525340761456,0
mistral_7b_instruct_v03,SciERC,C04-1011,5,0.1519154667854309,0.14493417739868164,0.2749740396227155,0.3073066132409232,0
mistral_7b_instruct_v03,SciERC,C04-1035,5,0.12883577176502772,0.15457279341561453,0.2927816816738673,0.32533074276787893,0
mistral_7b_instruct_v03,SciERC,C04-1036,5,0.1539702160017831,0.019497777734483992,0.4142002531460353,0.44063176427568707,0
mistral_7b_instruct_v03,SciERC,C04-1103,5,0.07180335691996984,0.00856560468673706,0.18157910449164255,0.1862193856920515,0
mistral_7b_instruct_v03,SciERC,C04-1106,5,0.3168779356139047,0.42857142857142855,0.5749367782047816,0.5758138298988342,1
mistral_7b_instruct_v03,SciERC,C04-1128,5,0.544710339818682,0.7142857142857143,0.8571428571428571,0.8571428571428571,1
mistral_7b_instruct_v03,SciERC,C08-2010,5,0.35061050823756623,0.30809944016592844,0.6583579165594918,0.7142857142857143,0
mistral_7b_instruct_v03,SciERC,C86-1081,5,0.2869660786220005,0.42857142857142855,0.5428571428571428,0.5714285714285714,1
mistral_7b_instruct_v03,SciERC,C88-1044,5,0.3216627785137721,0.2918956790651594,0.6571428571428571,0.7142857142857143,1
mistral_7b_instruct_v03,SciERC,C90-3045,5,0.26002295187541413,0.1438087821006775,0.543625944001334,0.5714285714285714,1
mistral_7b_instruct_v03,SciERC,C90-3063,5,0.5455608674458096,0.5714285714285714,1.0,1.0,1
mistral_7b_instruct_v03,SciERC,C94-1091,5,0.3794707877295358,0.29576691559382845,0.6857142857142857,0.7142857142857143,1
mistral_7b_instruct_v03,SciERC,C96-1062,5,0.2960900868688311,0.14954887117658341,0.5714285714285714,0.5714285714285714,1
mistral_7b_instruct_v03,SciERC,CVPR_1993_10_abs,5,0.11480900219508579,0.00042166880198887417,0.45758181129183073,0.5714285714285714,0
mistral_7b_instruct_v03,SciERC,CVPR_1994_10_abs,5,0.17181210347584314,0.0,0.6860978177615573,0.8571428571428571,0
mistral_7b_instruct_v03,SciERC,CVPR_1999_15_abs,5,0.3029244405882699,0.323034473827907,0.5714285714285714,0.5714285714285714,1
mistral_7b_instruct_v03,SciERC,CVPR_2003_30_abs,5,0.3188241311482021,0.15629525695528304,0.7142857142857143,0.7142857142857143,1
mistral_7b_instruct_v03,SciERC,CVPR_2004_18_abs,5,0.060604144845690044,0.001832314899989537,0.15267670665468489,0.15486233575003489,0
mistral_7b_instruct_v03,SciERC,CVPR_2004_30_abs,5,0.11428572109767368,0.0,0.4571428639548164,0.5714285714285714,0
mistral_7b_instruct_v03,SciERC,CVPR_2006_10_abs,5,0.146728595665523,0.0007202795573643275,0.48944168261119286,0.5714285714285714,0
mistral_7b_instruct_v03,SciERC,CVPR_2008_256_abs,5,0.3733614206314087,0.1489747932979039,0.8571428571428571,0.8571428571428571,1
mistral_7b_instruct_v03,SciERC,CVPR_2008_258_abs,5,0.1434975794383458,0.0,0.5720690080097742,0.7142857142857143,0
mistral_7b_instruct_v03,SciERC,CVPR_2009_10_abs,5,0.1454928193773542,0.0005124211311340332,0.4882474780082702,0.5714285714285714,0
mistral_7b_instruct_v03,SciERC,CVPR_2009_18_abs,5,0.15256433486938475,0.0016667587416512625,0.4950881259781973,0.5714285714285714,0
mistral_7b_instruct_v03,SciERC,CVPR_2010_30_abs,5,0.03636314698628017,0.018307958330426897,0.07359789950507027,0.0736108762877328,1
mistral_7b_instruct_v03,SciERC,CVPR_2011_10_abs,5,0.4010716795921326,0.42857142857142855,0.6857142857142857,0.7142857142857143,1
mistral_7b_instruct_v03,SciERC,CVPR_2011_11_abs,5,0.42857142857142855,0.7142857142857143,0.7142857142857143,0.7142857142857143,1
mistral_7b_instruct_v03,SciERC,CVPR_2016_413_abs,5,0.28743837220328194,0.007602529866354806,0.7142857142857143,0.7142857142857143,1
mistral_7b_instruct_v03,SciERC,E06-1022,5,0.23694234745843074,0.1704414997782026,0.5213316202163696,0.5793062789099557,0
mistral_7b_instruct_v03,SciERC,E89-1016,5,0.14781045062201364,0.002265427793775286,0.49021450792040133,0.5714285714285714,1
mistral_7b_instruct_v03,SciERC,E91-1012,5,0.3355035969189235,0.35607218742370605,0.5428571428571428,0.5714285714285714,1
mistral_7b_instruct_v03,SciERC,E93-1066,5,0.11954544952937533,0.0003606081008911133,0.4623304707663399,0.5714285714285714,0
mistral_7b_instruct_v03,SciERC,E95-1033,5,0.2347714134625026,0.1602338467325483,0.4353280373982021,0.4365525415965489,0
mistral_7b_instruct_v03,SciERC,E99-1015,5,0.16060889278139384,0.18178418704441615,0.30586397307259694,0.3095101203237261,0
mistral_7b_instruct_v03,SciERC,ECCV_2006_13_abs,5,0.1461378540311541,1.7029898507254463e-08,0.5747092791966029,0.7142857142857143,0
mistral_7b_instruct_v03,SciERC,ECCV_2012_30_abs,5,0.14661047799246651,0.005350257669176374,0.40268328360148836,0.42857142857142855,0
mistral_7b_instruct_v03,SciERC,ECCV_2016_110_abs,5,0.320963077885764,0.16798601831708634,0.6857142857142857,0.7142857142857143,1
mistral_7b_instruct_v03,SciERC,ECCV_2016_204_abs,5,0.4051094651222229,0.16840446846825735,0.9714285714285714,1.0,1
mistral_7b_instruct_v03,SciERC,ECCV_2016_212_abs,5,0.0,0.0,0.0,0.0,0
mistral_7b_instruct_v03,SciERC,ECCV_2016_99_abs,5,0.14557797568184988,0.004459219319479806,0.5732575603893824,0.7142857142857143,0
mistral_7b_instruct_v03,SciERC,H01-1042,5,0.3043975148882185,0.16169789007731847,0.8649173464093889,1.0,0
mistral_7b_instruct_v03,SciERC,H01-1049,5,0.5450540542602539,0.7142857142857143,0.8285714285714285,0.8571428571428571,1
mistral_7b_instruct_v03,SciERC,H05-1095,5,0.00574803352355957,0.006625209535871234,0.007727609361921038,0.007984025137765067,0
mistral_7b_instruct_v03,SciERC,I05-4010,5,0.4164463809558323,0.17136773041316442,0.9428571428571428,1.0,1
mistral_7b_instruct_v03,SciERC,I05-5003,5,0.3012514846665518,0.04449494395937238,0.7142857142857143,0.7142857142857143,1
mistral_7b_instruct_v03,SciERC,I05-5004,5,0.12842593874250138,0.14639678171702794,0.16076003994260515,0.16247847250529698,0
mistral_7b_instruct_v03,SciERC,ICASSP_1997_706_abs,5,0.2004182117325919,0.00029270989554268975,0.6289310983249119,0.7142857142857143,0
mistral_7b_instruct_v03,SciERC,ICASSP_2016_11_abs,5,0.5047346796308245,0.3590805104800633,1.0,1.0,1
mistral_7b_instruct_v03,SciERC,ICCV_2001_47_abs,5,0.3253481217793056,0.3281306539263044,0.6857142857142857,0.7142857142857143,1
mistral_7b_instruct_v03,SciERC,ICCV_2003_151_abs,5,0.14355489015579223,0.0,0.5721263187272208,0.7142857142857143,0
mistral_7b_instruct_v03,SciERC,ICCV_2003_161_abs,5,0.20213079622813632,0.14422391142163957,0.6018574425152369,0.7142857142857143,0
mistral_7b_instruct_v03,SciERC,ICCV_2013_25_abs,5,0.1257841076169695,0.041861142430986674,0.37637261492865426,0.43210236515317646,0
mistral_7b_instruct_v03,SciERC,ICCV_2013_47_abs,5,0.4,0.5714285714285714,0.7142857142857143,0.7142857142857143,2
mistral_7b_instruct_v03,SciERC,ICML_1995_38_abs,5,0.3563761149133955,0.3180641531944275,0.7142857142857143,0.7142857142857143,1
mistral_7b_instruct_v03,SciERC,ICML_2006_119_abs,5,0.1771077377455575,0.01122058289391654,0.6891493354524882,0.8571428571428571,0
mistral_7b_instruct_v03,SciERC,ICML_2016_10_abs,5,0.17335047551563806,0.0032754455293927875,0.6869811006954736,0.8571428571428571,0
mistral_7b_instruct_v03,SciERC,ICML_2016_11_abs,5,0.21878551244735717,0.17473512036459787,0.30605510302952355,0.3077098897525242,0
mistral_7b_instruct_v03,SciERC,ICML_2016_18_abs,5,0.23035570893968854,0.14550615208489553,0.629825907094138,0.7142857142857143,0
mistral_7b_instruct_v03,SciERC,INTERSPEECH_2006_21_abs,5,0.3142857142857143,0.0,0.8285714285714285,0.8571428571428571,1
mistral_7b_instruct_v03,SciERC,INTERSPEECH_2007_40_abs,5,0.40554602657045635,0.15848710707255773,0.8285714285714285,0.8571428571428571,1
mistral_7b_instruct_v03,SciERC,INTERSPEECH_2008_20_abs,5,0.3464280877794538,0.43067451885768343,0.5714285714285714,0.5714285714285714,1
mistral_7b_instruct_v03,SciERC,INTERSPEECH_2008_28_abs,5,0.34285714285714286,0.0,0.8571428571428571,0.8571428571428571,1
mistral_7b_instruct_v03,SciERC,INTERSPEECH_2013_21_abs,5,0.17682976211820328,0.1467978698866708,0.38251605033874503,0.44069572005953106,0
mistral_7b_instruct_v03,SciERC,INTERSPEECH_2014_40_abs,5,0.2963156087057931,0.29263063839503695,0.5911907247134617,0.5937097838946751,0
mistral_7b_instruct_v03,SciERC,J05-4003,5,0.10309894255229404,0.019191179956708635,0.2863457254001072,0.3145954268319266,0
mistral_7b_instruct_v03,SciERC,J82-3002,5,0.2051078115190778,0.14463868311473302,0.41690123762403214,0.4372410348483494,0
mistral_7b_instruct_v03,SciERC,J86-3001,5,0.34285714285714286,0.42857142857142855,0.42857142857142855,0.42857142857142855,1
mistral_7b_instruct_v03,SciERC,J86-4002,5,0.4011944328035627,0.5714285714285714,0.5714285714285714,0.5714285714285714,1
mistral_7b_instruct_v03,SciERC,N03-1026,5,0.3173500946589879,0.15817904472351074,0.7142857142857143,0.7142857142857143,1
mistral_7b_instruct_v03,SciERC,N03-1033,5,0.07469159194401333,0.02165961265563965,0.25415486267634796,0.3084203004837036,0
mistral_7b_instruct_v03,SciERC,N04-1022,5,0.26560976675578524,0.02132765735898699,0.6857142857142857,0.7142857142857143,1
mistral_7b_instruct_v03,SciERC,N06-1037,5,0.13394265174865722,0.005053767136165074,0.3456828372819083,0.3558506114142282,0
mistral_7b_instruct_v03,SciERC,NIPS_2001_11_abs,5,0.3352994339806693,0.1698607291494097,0.7749754548072814,0.8571428571428571,0
mistral_7b_instruct_v03,SciERC,NIPS_2002_11_abs,5,0.2864027857780457,0.14600449800491333,0.6857142857142857,0.7142857142857143,1
mistral_7b_instruct_v03,SciERC,NIPS_2002_18_abs,5,0.37476683855056764,0.1549828052520752,0.7142857142857143,0.7142857142857143,1
mistral_7b_instruct_v03,SciERC,NIPS_2015_18_abs,5,0.21895641429083684,0.16121949468340194,0.5295696582112993,0.5714285714285714,0
mistral_7b_instruct_v03,SciERC,NIPS_2016_560_abs,5,0.33134393862315586,0.22384326798575266,0.8452335579054695,1.0,0
mistral_7b_instruct_v03,SciERC,NIPS_2016_80_abs,5,0.4048670036452157,0.5714285714285714,0.6857142857142857,0.7142857142857143,2
mistral_7b_instruct_v03,SciERC,P01-1056,5,0.3459763356617519,0.42857142857142855,0.5440574356487818,0.5714285714285714,1
mistral_7b_instruct_v03,SciERC,P03-1070,5,0.09329862594604492,0.145601715360369,0.15233642203467232,0.1525951283318656,0
mistral_7b_instruct_v03,SciERC,P04-2005,5,0.11427087954112461,0.04378888436726162,0.2720325572150094,0.29519422565187725,0
mistral_7b_instruct_v03,SciERC,P05-1039,5,0.12281012705394198,0.0038790362221854074,0.40123328821999676,0.4653316395623343,0
mistral_7b_instruct_v03,SciERC,P05-1046,5,0.5627749630383082,0.46813023941857473,0.9429741876465934,1.0,2
mistral_7b_instruct_v03,SciERC,P05-1056,5,0.3997021402631487,0.21335635866437638,0.8285714285714285,0.8571428571428571,1
mistral_7b_instruct_v03,SciERC,P05-1076,5,0.5480647683143616,0.3063331757272993,1.0,1.0,1
mistral_7b_instruct_v03,SciERC,P05-2013,5,0.18072254146848404,0.14819811923163279,0.5050004499299184,0.590752899646759,0
mistral_7b_instruct_v03,SciERC,P06-1013,5,0.18588001557758876,0.14686455045427596,0.5091727341924395,0.5882588284356254,0
mistral_7b_instruct_v03,SciERC,P06-1018,5,0.2094305004392351,0.14954721927642822,0.40970251900809146,0.43274130140032085,0
mistral_7b_instruct_v03,SciERC,P06-1053,5,0.10039268902369909,0.024920242173331126,0.2741088458469936,0.2998073697090149,0
mistral_7b_instruct_v03,SciERC,P06-2012,5,0.06672305038997105,0.03295724732535226,0.14631343058177404,0.146573577608381,0
mistral_7b_instruct_v03,SciERC,P06-3007,5,0.2729482735906329,0.2925216555595398,0.41577788421085904,0.44158021041325163,1
mistral_7b_instruct_v03,SciERC,P06-4007,5,0.18457530055727278,0.02423382656914847,0.5185278143201555,0.5748544335365295,0
mistral_7b_instruct_v03,SciERC,P08-1105,5,0.5746919597898211,0.5714285714285714,0.8571428571428571,0.8571428571428571,1
mistral_7b_instruct_v03,SciERC,P83-1004,5,0.09295111043112618,0.015627477850232805,0.26558852876935685,0.29383812631879536,1
mistral_7b_instruct_v03,SciERC,P85-1019,5,0.18142633267811367,0.15425412143979753,0.3810569933482578,0.43375201736177715,0
mistral_7b_instruct_v03,SciERC,P86-1011,5,0.17278583560671126,0.004319429397583008,0.5146664023399352,0.5714285714285714,2
mistral_7b_instruct_v03,SciERC,W02-1602,5,0.25629933050700593,0.21124477045876638,0.6426218049866812,0.7142857142857143,0
mistral_7b_instruct_v03,SciERC,X96-1059,5,0.2935305169650486,0.019610839230673655,0.7999999999999999,0.8571428571428571,1
qwen3_8b,EBM-NLP,10070173,5,0.159083100159963,0.02083653211593628,0.37833510239919027,0.3785386085510254,0
qwen3_8b,EBM-NLP,10390665,5,3.9736429850260414e-08,3.9736429850260414e-08,3.9736429850260414e-08,3.9736429850260414e-08,0
qwen3_8b,EBM-NLP,10475150,5,0.4000000397364298,7.947285970052083e-08,1.0,1.0,1
qwen3_8b,EBM-NLP,10578479,5,0.022608276208241778,0.013209044933319092,0.0713507572809855,0.08573867877324422,0
qwen3_8b,EBM-NLP,10589810,5,0.027267801761627197,1.9868214925130207e-08,0.0789638042449951,0.08616002400716145,0
qwen3_8b,EBM-NLP,10752495,5,0.054841387271881106,0.04888854424158732,0.08436683416366576,0.09212593237559001,0
qwen3_8b,EBM-NLP,10763172,5,0.05381573438644409,0.0016272465387980144,0.15613611539204914,0.17107641696929932,0
qwen3_8b,EBM-NLP,10764172,5,0.021987398465474445,0.020666182041168213,0.04894601504007975,0.053177098433176674,0
qwen3_8b,EBM-NLP,10912743,5,0.003509962558746338,0.0,0.014039850234985348,0.01754981279373169,0
qwen3_8b,EBM-NLP,10934569,5,0.005241374174753824,0.00202635924021403,0.018128498395284014,0.022154033184051514,0
qwen3_8b,EBM-NLP,10940525,5,0.22936163345972696,0.050319294134775795,0.8129218538602192,1.0,0
qwen3_8b,EBM-NLP,11099086,5,0.16710788806279503,0.12006662289301555,0.3388048648834228,0.3388474186261495,0
qwen3_8b,EBM-NLP,11229858,5,0.00717852512995402,0.005513091882069905,0.02099577188491821,0.02486644188563029,0
qwen3_8b,EBM-NLP,1131298,5,0.1700466235478719,0.10656241575876872,0.3650067528088887,0.3709944685300191,0
qwen3_8b,EBM-NLP,11317090,5,0.009707113107045492,0.0003637075424194336,0.02531349261601766,0.026131868362426758,0
qwen3_8b,EBM-NLP,11381289,5,0.013658551375071206,0.0146523118019104,0.03227423826853434,0.03591024875640869,0
qwen3_8b,EBM-NLP,11401641,5,0.15847137769063313,0.0860820213953654,0.347457488377889,0.3509885271390279,0
qwen3_8b,EBM-NLP,11454878,5,0.14197750488917033,0.0064197977383931475,0.35657668908437096,0.3607347408930461,0
qwen3_8b,EBM-NLP,11495215,5,0.008328080177307129,0.0018981099128723145,0.022452270984649657,0.024173041184743244,0
qwen3_8b,EBM-NLP,11642083,5,0.03092247247695923,0.004807452360788981,0.0864451766014099,0.0942347248395284,0
qwen3_8b,EBM-NLP,11737955,5,0.030831897258758546,0.017671505610148113,0.06465418338775634,0.06502433617909749,0
qwen3_8b,EBM-NLP,11750293,5,0.14450136423110962,0.014877518018086752,0.35201263427734375,0.35201263427734375,0
qwen3_8b,EBM-NLP,11829043,5,0.009051382541656494,0.009347180525461832,0.01931954622268677,0.0213547150293986,0
qwen3_8b,EBM-NLP,11891832,5,0.00016848643620808918,3.9736429850260414e-08,0.0006738265355428058,0.0008422732353210449,0
qwen3_8b,EBM-NLP,12139812,5,0.00756843090057373,0.00048555930455525714,0.023689250151316323,0.02719173828760783,0
qwen3_8b,EBM-NLP,12477021,5,0.056977252165476486,1.9868214925130207e-08,0.17457108100255328,0.195989727973938,0
qwen3_8b,EBM-NLP,12576806,5,0.05165433486302693,0.03782856464385986,0.09511449337005615,0.09703973929087321,0
qwen3_8b,EBM-NLP,12586799,5,0.05230278968811035,0.013645092646280924,0.12841145594914755,0.13139615456263223,0
qwen3_8b,EBM-NLP,12595499,5,0.04212063948313395,0.038936614990234375,0.09031095504760742,0.10088602701822917,0
qwen3_8b,EBM-NLP,12709693,5,0.10166068077087402,0.031091113885243733,0.29918359120686844,0.35227970282236737,0
qwen3_8b,EBM-NLP,1286547,5,0.05702330271402996,0.0561630924542745,0.07023520072301229,0.07339876890182495,0
qwen3_8b,EBM-NLP,12960652,5,0.027637958526611328,1.9868214925130207e-08,0.08221130768458049,0.09095559517542522,0
qwen3_8b,EBM-NLP,1459268,5,0.06252344449361165,0.0523215134938558,0.10516851345698039,0.10582131147384644,0
qwen3_8b,EBM-NLP,14679127,5,0.0010497093200683594,0.0,0.004198837280273437,0.005248546600341797,0
qwen3_8b,EBM-NLP,14739125,5,0.024189209938049315,0.0016109347343444824,0.06263424158096313,0.06474574406941731,0
qwen3_8b,EBM-NLP,14763035,5,0.17944420576095582,0.10772158702214558,0.36227161486943565,0.36372697353363037,0
qwen3_8b,EBM-NLP,15014018,5,0.0603106697400411,0.04474244515101115,0.13098575671513876,0.13270598649978638,0
qwen3_8b,EBM-NLP,15133359,5,0.0385715126991272,0.0,0.11370706558227539,0.12522592147191366,0
qwen3_8b,EBM-NLP,15193668,5,0.033419915040334064,0.0,0.09219706853230793,0.09796192248662312,0
qwen3_8b,EBM-NLP,15358868,5,0.15509320497512818,0.04743438959121704,0.35358021259307865,0.3545082012812297,0
qwen3_8b,EBM-NLP,15848261,5,0.03307201464970906,0.02789020538330078,0.07057605584462483,0.07594066858291626,0
qwen3_8b,EBM-NLP,15854186,5,0.00020612875620524087,0.0,0.0005153218905131022,0.0005153218905131022,0
qwen3_8b,EBM-NLP,15858959,5,0.03513913154602051,0.04017945130666097,0.06852042277654012,0.07110909620920818,0
qwen3_8b,EBM-NLP,16055807,5,0.09779827197392782,0.01870143413543701,0.32051459550857536,0.38126277923583984,0
qwen3_8b,EBM-NLP,16167234,5,0.017023980617523193,5.960464477539063e-08,0.05074198246002196,0.05619672934214274,0
qwen3_8b,EBM-NLP,16295154,5,0.015742222468058266,0.010984460512797037,0.033920129140218094,0.033957997957865395,0
qwen3_8b,EBM-NLP,16427787,5,0.07813408772150675,0.009999593098958334,0.2819808920224507,0.3436673879623413,0
qwen3_8b,EBM-NLP,16505427,5,0.03375344276428223,0.04026097059249878,0.07117892106374105,0.07646852731704712,0
qwen3_8b,EBM-NLP,1669598,5,0.03464637200037639,0.03215142091115316,0.06268171072006225,0.06978118419647217,0
qwen3_8b,EBM-NLP,17293018,5,0.12907859484354656,0.1209906538327535,0.22345559199651083,0.24184258778889975,0
qwen3_8b,EBM-NLP,17321989,5,0.030470800399780274,0.03268170356750488,0.07413899898529053,0.08367423216501872,0
qwen3_8b,EBM-NLP,17616069,5,0.03519097963968913,0.00253218412399292,0.0893657644589742,0.09113538265228271,0
qwen3_8b,EBM-NLP,1780092,5,0.11189953088760377,0.09324608246485393,0.2932222763697306,0.3371986349423726,0
qwen3_8b,EBM-NLP,17897478,5,0.13986120223999024,0.010483860969543457,0.3510577201843262,0.3554888168970744,0
qwen3_8b,EBM-NLP,18077611,5,0.08299837907155354,0.0559006134668986,0.16754912137985228,0.17436655362447104,0
qwen3_8b,EBM-NLP,18189160,5,0.0407099723815918,5.960464477539063e-08,0.11496835947036743,0.12376401821772258,0
qwen3_8b,EBM-NLP,18229990,5,0.027347298463185628,3.9736429850260414e-08,0.06957526604334513,0.07037997245788574,0
qwen3_8b,EBM-NLP,18337284,5,0.040120482444763184,0.02261890967686971,0.09082128206888834,0.10267424583435059,0
qwen3_8b,EBM-NLP,18503531,5,0.013959888617197672,1.9868214925130207e-08,0.0558394948641459,0.06979936361312866,0
qwen3_8b,EBM-NLP,18544974,5,0.03152591387430827,0.028278847535451252,0.044956421852111815,0.046665708223978676,0
qwen3_8b,EBM-NLP,18773733,5,0.4140869498252869,0.06565131743748982,1.0,1.0,1
qwen3_8b,EBM-NLP,18783504,5,0.1522303342819214,0.028818388779958088,0.3600249369939168,0.36038978894551593,0
qwen3_8b,EBM-NLP,18845996,5,0.0423419992129008,0.05278788010279337,0.06591534614562988,0.06862060228983562,0
qwen3_8b,EBM-NLP,18958161,5,0.026092978318532307,0.027714987595876057,0.03209848403930664,0.033100644747416176,0
qwen3_8b,EBM-NLP,18975051,5,0.21321636041005448,0.16839486360549927,0.47926821311314893,0.5317124525705973,0
qwen3_8b,EBM-NLP,19096921,5,0.009296007951100669,0.009091695149739584,0.01937779982884725,0.01983356475830078,0
qwen3_8b,EBM-NLP,19108790,5,0.06484535137812297,0.05668793121973673,0.13707541227340697,0.14600270986557007,0
qwen3_8b,EBM-NLP,19159999,5,0.06229809125264485,0.04360644022623698,0.13100021680196125,0.13201630115509033,0
qwen3_8b,EBM-NLP,19301724,5,0.03748045762379964,0.028529882431030273,0.06313633521397909,0.06505705912907918,0
qwen3_8b,EBM-NLP,19376304,5,0.016683077812194823,0.019946813583374023,0.022849305470784505,0.023574928442637127,0
qwen3_8b,EBM-NLP,1963383,5,0.021908477942148844,0.023492753505706787,0.041195440292358394,0.04132638374964396,0
qwen3_8b,EBM-NLP,1968178,5,0.14283669392267864,0.013197779655456543,0.35318472782770793,0.35497931639353436,0
qwen3_8b,EBM-NLP,19708562,5,0.010553061962127686,0.009905715783437094,0.02461089690526326,0.026731630166371662,0
qwen3_8b,EBM-NLP,19727232,5,0.0012150009473164878,0.0,0.004860003789265949,0.0060750047365824384,0
qwen3_8b,EBM-NLP,19802506,5,0.011712157726287841,0.006293892860412598,0.025804221630096436,0.026072343190511067,0
qwen3_8b,EBM-NLP,20147856,5,0.042800939083099364,0.05094641447067261,0.07333294550577799,0.07700103521347046,0
qwen3_8b,EBM-NLP,20189026,5,0.02208966414133708,0.013900160789489746,0.04313513437906901,0.04383071263631185,0
qwen3_8b,EBM-NLP,20226474,5,0.019006506601969404,0.004787127176920573,0.05028491417566935,0.056917806466420494,0
qwen3_8b,EBM-NLP,20509069,5,0.03753366072972616,0.04368788003921509,0.08553066651026407,0.09455766280492146,0
qwen3_8b,EBM-NLP,20560622,5,0.0290144681930542,0.005412697792053223,0.07072434822718301,0.07199873526891072,0
qwen3_8b,EBM-NLP,20618920,5,0.020019431908925373,0.015237033367156982,0.038933749993642165,0.040795365969340004,0
qwen3_8b,EBM-NLP,2066441,5,0.03940618832906087,0.052373270193735756,0.08090101480484008,0.08661582072575887,0
qwen3_8b,EBM-NLP,20739054,5,0.154940656820933,0.09232185284296672,0.3417737642923991,0.3438838720321655,0
qwen3_8b,EBM-NLP,20804366,5,0.021507573127746583,0.03013056516647339,0.033779402573903404,0.03410853942235311,0
qwen3_8b,EBM-NLP,2088233,5,0.021154097716013592,0.027451733748118084,0.04034597078959147,0.0411370595296224,0
qwen3_8b,EBM-NLP,20943715,5,0.019819243748982744,0.022283732891082764,0.048079661528269445,0.05452863375345866,0
qwen3_8b,EBM-NLP,21029638,5,0.017263062795003257,0.02563240130742391,0.031796244780222575,0.03276612361272176,0
qwen3_8b,EBM-NLP,21106663,5,0.0416788379351298,0.0323372483253479,0.08290224075317383,0.0839029351870219,0
qwen3_8b,EBM-NLP,21170734,5,0.012129060427347819,0.0037343700726826987,0.03164960145950317,0.03377904494603475,0
qwen3_8b,EBM-NLP,21211686,5,0.007987852891286215,0.0025760531425476074,0.018950434525807698,0.019676268100738525,0
qwen3_8b,EBM-NLP,21393467,5,0.04054388205210367,0.02546258767445882,0.09961800575256347,0.1069444219271342,0
qwen3_8b,EBM-NLP,21491990,5,0.10775944391886391,0.08342798550923665,0.29107382694880163,0.3333333333333333,0
qwen3_8b,EBM-NLP,21669557,5,0.1291712522506714,0.11126561959584554,0.2496406277020772,0.25376905997594196,0
qwen3_8b,EBM-NLP,21718094,5,0.010535180568695068,0.010526001453399658,0.025346040725708008,0.028193453947703045,0
qwen3_8b,EBM-NLP,21866656,5,0.0007096568743387859,1.9868214925130207e-08,0.0028385837872823075,0.003548224767049154,0
qwen3_8b,EBM-NLP,2188766,5,0.056862970193227134,0.05738556385040283,0.10861916542053222,0.11533186833063762,0
qwen3_8b,EBM-NLP,21896676,5,0.00044067700703938806,0.00037980079650878906,0.000979892412821452,0.0010252992312113445,0
qwen3_8b,EBM-NLP,21914768,5,0.01314999262491862,3.9736429850260414e-08,0.03540723323822021,0.03709542751312256,0
qwen3_8b,EBM-NLP,21924760,5,0.058379475275675455,0.06658657391866048,0.07510932286580403,0.07724001010258992,0
qwen3_8b,EBM-NLP,21975269,5,0.4028945088386536,0.3346586227416992,0.9333333333333332,1.0,1
qwen3_8b,EBM-NLP,21982657,5,0.009053381284077962,0.0008601347605387369,0.023087342580159504,0.02367667357126872,0
qwen3_8b,EBM-NLP,22154769,5,0.019719894727071127,0.022524933020273846,0.03802664279937744,0.0388802687327067,0
qwen3_8b,EBM-NLP,2223363,5,0.017107200622558594,0.0030906200408935547,0.061604269345601384,0.07602407534917195,0
qwen3_8b,EBM-NLP,2224060,5,0.07056472301483155,0.07504181067148845,0.13403537273406982,0.14315680662790933,0
qwen3_8b,EBM-NLP,22271197,5,0.017506869633992513,0.010775903860727945,0.04058720668156941,0.042589426040649414,0
qwen3_8b,EBM-NLP,22341427,5,0.019324111938476562,5.960464477539063e-08,0.07313775221506752,0.08968945344289143,0
qwen3_8b,EBM-NLP,22416755,5,0.014335938294728599,0.01568448543548584,0.02997587521870931,0.03129472335179647,0
qwen3_8b,EBM-NLP,22420121,5,0.021481339136759443,0.035061915715535484,0.03683867454528809,0.037282864252726235,0
qwen3_8b,EBM-NLP,22435114,5,0.03001212279001872,0.03446622689565023,0.045278092225392655,0.04759258031845093,0
qwen3_8b,EBM-NLP,22538329,5,0.04342049757639567,0.015351911385854086,0.1287862658500671,0.1473935842514038,0
qwen3_8b,EBM-NLP,22646975,5,0.021331934134165446,0.01254896322886149,0.04543586572011312,0.045604169368743896,0
qwen3_8b,EBM-NLP,22744141,5,0.017346858978271484,0.014161189397176107,0.030946930249532063,0.03270214796066284,0
qwen3_8b,EBM-NLP,22865017,5,0.023925348122914632,0.03762394189834595,0.041001339753468834,0.041001339753468834,0
qwen3_8b,EBM-NLP,22881991,5,0.02141278584798177,0.007775167624155681,0.04983887672424316,0.05053597688674927,0
qwen3_8b,EBM-NLP,22897461,5,0.013661257425944009,0.0016127824783325195,0.046679532527923576,0.055568079153696694,0
qwen3_8b,EBM-NLP,22956006,5,0.010134263833363851,0.006088932355244954,0.02980173031489054,0.03480875492095947,0
qwen3_8b,EBM-NLP,23021296,5,0.02358359893163045,3.9736429850260414e-08,0.07354700962702433,0.08327237764994304,0
qwen3_8b,EBM-NLP,23103798,5,0.07584599653879802,0.004643758138020833,0.2779299736022949,0.33835456768671673,0
qwen3_8b,EBM-NLP,23114870,5,0.1586209774017334,0.03941027323404948,0.4027291178703308,0.42007805903752643,0
qwen3_8b,EBM-NLP,23356250,5,0.03210886319478353,0.0029540061950683594,0.077283509572347,0.07754449049631755,0
qwen3_8b,EBM-NLP,23357440,5,0.01615726947784424,0.01515042781829834,0.039209163188934325,0.04346996545791626,0
qwen3_8b,EBM-NLP,23392542,5,0.04407675663630168,0.040961384773254395,0.064063823223114,0.06726819276809692,0
qwen3_8b,EBM-NLP,23417625,5,0.021196067333221436,0.03221281369527181,0.03877343336741129,0.04003322124481201,0
qwen3_8b,EBM-NLP,23549581,5,0.012199787298838298,0.018546799818674724,0.01861037810643514,0.018626272678375244,0
qwen3_8b,EBM-NLP,23838728,5,0.004766647020975749,0.0023795366287231445,0.014609980583190916,0.01719874143600464,0
qwen3_8b,EBM-NLP,23849147,5,0.10248382091522217,0.025127212206522625,0.3325873653093973,0.39996953805287677,0
qwen3_8b,EBM-NLP,23985254,5,0.08613179127375284,0.10021879275639851,0.14840555985768636,0.14965454737345377,0
qwen3_8b,EBM-NLP,24075141,5,0.15872675577799478,0.032500664393107094,0.39828098615010576,0.4145178993542989,0
qwen3_8b,EBM-NLP,24080592,5,0.01870582103729248,0.03079827626546224,0.03167961438496908,0.031889100869496666,0
qwen3_8b,EBM-NLP,24317958,5,0.5536501685778299,0.40696507692337036,1.0,1.0,1
qwen3_8b,EBM-NLP,24350813,5,0.02630716959635417,0.028058886528015137,0.045453294118245446,0.04551686843236288,0
qwen3_8b,EBM-NLP,24451919,5,0.030846885840098058,0.026410778363545735,0.07189493179321288,0.07721704244613647,0
qwen3_8b,EBM-NLP,24515505,5,0.09601740837097168,0.032201806704203285,0.3033145904541015,0.3599783976872762,0
qwen3_8b,EBM-NLP,24660757,5,0.0773358424504598,0.003413220246632894,0.30235259930292757,0.3763662974039714,0
qwen3_8b,EBM-NLP,24726342,5,0.021917827924092616,0.018987456957499187,0.06031092802683512,0.07031766573588054,0
qwen3_8b,EBM-NLP,24803369,5,0.010171627998352053,1.9868214925130207e-08,0.03864088058471679,0.04744877417882284,0
qwen3_8b,EBM-NLP,24960665,5,0.11603287855784099,0.1152270237604777,0.23670653502146402,0.2515362898508708,0
qwen3_8b,EBM-NLP,24989854,5,0.034417549769083663,0.03673328955968221,0.06289495229721069,0.06340893109639485,0
qwen3_8b,EBM-NLP,25068497,5,0.06641694704691568,0.05584394931793213,0.12780609528223671,0.13867318630218506,0
qwen3_8b,EBM-NLP,25369243,5,0.02578481833140055,0.03943695624669393,0.04698404471079508,0.04869792858759562,0
qwen3_8b,EBM-NLP,25479285,5,0.050666642189025876,0.035972277323404946,0.09854961633682251,0.09982122977574666,0
qwen3_8b,EBM-NLP,25784723,5,0.00683741569519043,3.9736429850260414e-08,0.027349543571472165,0.03418691953023275,0
qwen3_8b,EBM-NLP,25885649,5,0.014454960823059082,0.002408623695373535,0.04691102504730224,0.05489631493886312,0
qwen3_8b,EBM-NLP,25886492,5,0.04977083206176758,0.036673168341318764,0.12342068354288735,0.14508440097173056,0
qwen3_8b,EBM-NLP,25898782,5,0.021299060185750326,0.02333579460779826,0.04371248881022135,0.04715681076049805,0
qwen3_8b,EBM-NLP,25931290,5,0.0025090535481770834,3.9736429850260414e-08,0.007928784688313801,0.009032924969991049,0
qwen3_8b,EBM-NLP,25950425,5,0.005687407652537028,0.001351018746693929,0.02005987962086995,0.024556299050649006,0
qwen3_8b,EBM-NLP,26210844,5,0.009166133403778077,0.000186006228129069,0.022822280724843342,0.022822280724843342,0
qwen3_8b,EBM-NLP,26278470,5,0.004835160573323567,3.9736429850260414e-08,0.01406883398691813,0.015389482180277506,0
qwen3_8b,EBM-NLP,2678230,5,0.04492773214975993,0.017803390820821125,0.09571123123168945,0.09590295950571696,0
qwen3_8b,EBM-NLP,2803397,5,0.03182984987894694,0.004566808541615804,0.0927473227183024,0.10336524248123169,0
qwen3_8b,EBM-NLP,2908133,5,0.042354520161946616,0.0524449348449707,0.06620475053787232,0.06856755415598552,0
qwen3_8b,EBM-NLP,3067745,5,0.06178536415100098,0.04651351769765218,0.12342747449874879,0.12521262963612875,0
qwen3_8b,EBM-NLP,3074300,5,0.02578921715418498,0.012495915095011393,0.06073892513910929,0.06241482496261597,0
qwen3_8b,EBM-NLP,3081600,5,0.0017151594161987304,0.0009384950002034506,0.004933953285217285,0.005677501360575358,0
qwen3_8b,EBM-NLP,3534803,5,0.14647525151570637,0.031285504500071205,0.34774542252222695,0.35067667563756305,0
qwen3_8b,EBM-NLP,361799,5,0.026561466852823894,0.01501538356145223,0.059533127148946124,0.061102867126464844,0
qwen3_8b,EBM-NLP,384815,5,0.0,0.0,0.0,0.0,0
qwen3_8b,EBM-NLP,3919804,5,0.007337514559427896,0.000515441099802653,0.024559219678242997,0.028874655564626057,0
qwen3_8b,EBM-NLP,4919024,5,0.0644919713338216,0.03585205475489298,0.14735225836435953,0.1570251981417338,0
qwen3_8b,EBM-NLP,6418441,5,0.023242640495300292,0.002198974291483561,0.06865173180898029,0.07702791690826416,0
qwen3_8b,EBM-NLP,6421395,5,0.02454399267832438,0.021594067414601643,0.0630361239115397,0.07240619262059529,0
qwen3_8b,EBM-NLP,6920252,5,0.06386166016260783,0.05868347485860189,0.11594206889470418,0.11730539798736572,0
qwen3_8b,EBM-NLP,6938020,5,0.011898914972941082,0.010797619819641113,0.022165799140930174,0.02341228723526001,0
qwen3_8b,EBM-NLP,6951573,5,0.03241053819656372,0.03652540842692057,0.06575946013132732,0.07025663057963054,0
qwen3_8b,EBM-NLP,6989377,5,0.4114299138387044,0.0360148549079895,1.0,1.0,1
qwen3_8b,EBM-NLP,7017018,5,0.042825305461883546,0.019564688205718994,0.09438935120900471,0.09809446334838867,0
qwen3_8b,EBM-NLP,7598243,5,0.018789819876352944,0.013358036677042643,0.047090812524159746,0.054791927337646484,0
qwen3_8b,EBM-NLP,7707420,5,0.15421113967895508,0.048476735750834145,0.3713140805562337,0.37799717982610065,0
qwen3_8b,EBM-NLP,7808649,5,0.07046338319778442,0.06671305497487386,0.13004608949025473,0.13004608949025473,0
qwen3_8b,EBM-NLP,7814711,5,0.15667737722396852,0.034032960732777916,0.3697385986646016,0.3765451908111572,0
qwen3_8b,EBM-NLP,7827398,5,0.019060738881429035,1.9868214925130207e-08,0.06900909344355263,0.08324726422627766,0
qwen3_8b,EBM-NLP,7831628,5,0.1076208790143331,0.10455002387364705,0.18567824761072793,0.1895979642868042,0
qwen3_8b,EBM-NLP,7844976,5,0.08609938621520996,0.01733340819676717,0.30181890328725175,0.3653103510538737,0
qwen3_8b,EBM-NLP,7853069,5,0.020446042219797768,0.009772340456644693,0.041170601050059,0.042447447776794434,0
qwen3_8b,EBM-NLP,8519720,5,0.15840468009312947,0.08480336268742879,0.35554672876993815,0.35871464014053345,0
qwen3_8b,EBM-NLP,8726604,5,0.02896823485692342,0.000509957472483317,0.09591747124989826,0.11187845468521118,0
qwen3_8b,EBM-NLP,8771302,5,0.10660100380579632,0.060102224349975586,0.23165132602055866,0.25179121891657513,0
qwen3_8b,EBM-NLP,8779382,5,0.06423636674880981,0.04284443457921346,0.1550316532452901,0.17852099736531576,0
qwen3_8b,EBM-NLP,8911222,5,0.008830587069193523,0.006945610046386719,0.017046487331390383,0.017512182394663494,0
qwen3_8b,EBM-NLP,8911223,5,0.0006500005722045899,0.0,0.0023486375808715815,0.002831061681111654,0
qwen3_8b,EBM-NLP,8913901,5,0.056296896934509275,0.03477787971496582,0.09633254607518514,0.09690004587173462,0
qwen3_8b,EBM-NLP,8916620,5,0.041213738918304446,0.018741488456726074,0.09194521109263101,0.09505987167358398,0
qwen3_8b,EBM-NLP,8989009,5,0.01711266835530599,0.005464037259419759,0.04381126562754313,0.046319007873535156,0
qwen3_8b,EBM-NLP,9229602,5,0.0771925131479899,0.014254113038380941,0.2761559605598449,0.33635713656743366,0
qwen3_8b,EBM-NLP,9394106,5,0.0411688486735026,0.03792820374170939,0.07904381354649861,0.08488299449284871,0
qwen3_8b,EBM-NLP,9481998,5,0.1470666488011678,0.0026763478914896646,0.3723396897315979,0.3763471841812134,0
qwen3_8b,EBM-NLP,9573502,5,0.028711072603861486,0.028393844763437908,0.049804989496866854,0.053352932135264076,0
qwen3_8b,EBM-NLP,9695300,5,0.16755967140197753,0.10306247075398763,0.37244586944580077,0.38222400347391766,0
qwen3_8b,EBM-NLP,9730996,5,0.01679553190867106,0.0038823485374450684,0.05057374636332193,0.05830550193786621,0
qwen3_8b,EBM-NLP,9816035,5,0.0487404982248942,0.048383514086405434,0.07475084066390991,0.07475084066390991,0
qwen3_8b,SciER,160009536,5,0.4,0.0,1.0,1.0,1
qwen3_8b,SciER,192546007,5,0.0,0.0,0.0,0.0,0
qwen3_8b,SciER,202719492,5,0.0,0.0,0.0,0.0,0
qwen3_8b,SciER,202888938,5,0.6033794641494751,0.75,1.0,1.0,2
qwen3_8b,SciER,210157153,5,0.40050088465213773,0.2525044232606888,0.95,1.0,1
qwen3_8b,SciER,210702798,5,0.0,0.0,0.0,0.0,0
qwen3_8b,SciER,244256,5,0.0,0.0,0.0,0.0,0
qwen3_8b,SciER,3627225,5,0.2,0.0,0.7999999999999998,1.0,0
qwen3_8b,SciER,52169846,5,0.0,0.0,0.0,0.0,0
qwen3_8b,SciER,53109398,5,0.4001183331012726,0.000591665506362915,1.0,1.0,1
qwen3_8b,SciER,AAAI2024,5,0.40064114034175874,0.00320570170879364,1.0,1.0,1
qwen3_8b,SciER,CVPR2023,5,0.0,0.0,0.0,0.0,0
qwen3_8b,SciER,EMNLP2023,5,0.6039580166339874,1.0,1.0,1.0,2
qwen3_8b,SciER,ICLR2024-AI4Material,5,0.20860185623168945,0.021075591444969177,0.8043867379426954,1.0,1
qwen3_8b,SciER,ICLR2024-AI4Science-Protein,5,0.6,1.0,1.0,1.0,2
qwen3_8b,SciER,NeurIPS2023-AI4Science,5,0.0,0.0,0.0,0.0,0
qwen3_8b,SciERC,A97-1020,5,0.14548590183258056,0.006308359759194511,0.5727956584521701,0.7142857142857143,0
qwen3_8b,SciERC,C00-2123,5,0.15953403881617953,0.18118573086602346,0.29858280590602326,0.3004923718316214,0
qwen3_8b,SciERC,C04-1011,5,0.1181945102555411,0.14611334460122244,0.2662530933107648,0.29601707628795076,0
qwen3_8b,SciERC,C04-1035,5,0.12497638293675013,0.14703903027943202,0.16398426124027796,0.1675339596612113,0
qwen3_8b,SciERC,C04-1036,5,0.12378620420183455,0.010916471481323242,0.2992988416126796,0.2994921718324934,0
qwen3_8b,SciERC,C04-1103,5,0.06333639110837665,0.003974769796643939,0.24302028417587276,0.30192422015326364,0
qwen3_8b,SciERC,C04-1106,5,0.14669196605682372,0.14622927563531057,0.26082126072474887,0.28747365304401945,0
qwen3_8b,SciERC,C04-1128,5,0.06418087482452392,0.023629707949502126,0.14867301327841623,0.14887923853737967,0
qwen3_8b,SciERC,C08-2010,5,0.12382755790437971,0.15140650953565324,0.2617453711373465,0.2892793757574899,0
qwen3_8b,SciERC,C86-1081,5,0.12832438605172294,0.1520806806428092,0.15568784305027553,0.15568784305027553,0
qwen3_8b,SciERC,C88-1044,5,0.09186175721032279,0.003429591655731201,0.26470854452678133,0.2895259346280779,0
qwen3_8b,SciERC,C90-3045,5,0.03509197405406407,0.006726571491786412,0.1300550648144313,0.16060992649623326,0
qwen3_8b,SciERC,C90-3063,5,0.12128095626831055,0.1451792972428458,0.1552229234150478,0.1553607668195452,0
qwen3_8b,SciERC,C94-1091,5,0.09956733328955514,0.14491807562964304,0.16241423402513777,0.1658146892275129,0
qwen3_8b,SciERC,C96-1062,5,0.06909405333655222,0.02357428414481027,0.16040564605167934,0.16278237104415894,0
qwen3_8b,SciERC,CVPR_1993_10_abs,5,0.2857142857142857,0.0,0.7142857142857143,0.7142857142857143,1
qwen3_8b,SciERC,CVPR_1994_10_abs,5,0.06326049566268921,0.0041944895471845356,0.1584491525377546,0.16091213907514298,0
qwen3_8b,SciERC,CVPR_1999_15_abs,5,0.2049180831227984,0.28890375580106464,0.40508427790233065,0.431063038962228,0
qwen3_8b,SciERC,CVPR_2003_30_abs,5,0.34618597200938633,0.14407724142074585,0.8285714285714285,0.8571428571428571,1
qwen3_8b,SciERC,CVPR_2004_18_abs,5,0.07417235033852713,0.04564756155014038,0.16315348999840873,0.1675480944769723,0
qwen3_8b,SciERC,CVPR_2004_30_abs,5,0.09370195354734148,0.00032470907483782085,0.27341290031160626,0.29969641992024015,0
qwen3_8b,SciERC,CVPR_2006_10_abs,5,0.1241400156702314,0.1528818437031337,0.16139337505613055,0.16154604298727854,0
qwen3_8b,SciERC,CVPR_2008_256_abs,5,0.17335560832704816,0.002075587000165667,0.6872262052127291,0.8571428571428571,0
qwen3_8b,SciERC,CVPR_2008_258_abs,5,0.018478080204554968,0.020408758095332553,0.02682645661490304,0.027329180921827043,0
qwen3_8b,SciERC,CVPR_2009_10_abs,5,0.5142857142857142,0.8571428571428571,0.8571428571428571,0.8571428571428571,1
qwen3_8b,SciERC,CVPR_2009_18_abs,5,0.6036176255771092,0.8571428571428571,1.0,1.0,1
qwen3_8b,SciERC,CVPR_2010_30_abs,5,0.10421757868358066,0.14470689637320383,0.17234050035476683,0.17792234250477382,0
qwen3_8b,SciERC,CVPR_2011_10_abs,5,0.0918468849999564,0.14624691009521484,0.1520984206880842,0.1532567058290754,0
qwen3_8b,SciERC,CVPR_2011_11_abs,5,0.40842531067984444,0.3179058517728533,0.9428571428571428,1.0,1
qwen3_8b,SciERC,CVPR_2016_413_abs,5,0.4613896267754691,0.2934404867036002,0.9714285714285714,1.0,1
qwen3_8b,SciERC,E06-1022,5,0.11909959316253663,0.14322823286056519,0.2670776333127703,0.29767876863479614,0
qwen3_8b,SciERC,E89-1016,5,0.12506896597998482,0.1483740040234157,0.17471062966755457,0.17988945756639754,0
qwen3_8b,SciERC,E91-1012,5,0.0605479393686567,0.003768690994807652,0.14877666745867046,0.14953068324497767,0
qwen3_8b,SciERC,E93-1066,5,0.6285714285714286,0.7142857142857143,0.8571428571428571,0.8571428571428571,2
qwen3_8b,SciERC,E95-1033,5,0.1476210083280291,0.14683433089937484,0.29044714144298006,0.29053601196834017,0
qwen3_8b,SciERC,E99-1015,5,0.09588509287152971,0.15507039853504725,0.1600242921284267,0.1605835727282933,0
qwen3_8b,SciERC,ECCV_2006_13_abs,5,0.1718389528138297,0.0,0.6861246670995438,0.8571428571428571,0
qwen3_8b,SciERC,ECCV_2012_30_abs,5,0.09733720847538539,0.012947618961334229,0.2821300489561898,0.31261931146894184,0
qwen3_8b,SciERC,ECCV_2016_110_abs,5,0.21114488499505177,0.15195544276918685,0.43721822329929894,0.4623455660683768,0
qwen3_8b,SciERC,ECCV_2016_204_abs,5,0.5142857142857142,0.8571428571428571,0.8571428571428571,0.8571428571428571,1
qwen3_8b,SciERC,ECCV_2016_212_abs,5,0.34285714285714286,0.0,0.8571428571428571,0.8571428571428571,1
qwen3_8b,SciERC,ECCV_2016_99_abs,5,0.20124853679112026,0.1451161163193839,0.48636434078216545,0.5714285714285714,0
qwen3_8b,SciERC,H01-1042,5,0.06612955502101353,0.009969958237239293,0.1622341854231698,0.16629040241241455,0
qwen3_8b,SciERC,H01-1049,5,0.06893987825938633,0.0044953397342136926,0.17299600669315882,0.17743113211223058,0
qwen3_8b,SciERC,H05-1095,5,0.0006485802786690847,0.0004319378307887486,0.0019370845385960167,0.0023102249417986187,0
qwen3_8b,SciERC,I05-4010,5,0.10488582849502563,0.16034966707229614,0.17065103564943587,0.17265665531158447,0
qwen3_8b,SciERC,I05-5003,5,0.09179007836750576,0.009591179234640939,0.26450688838958736,0.291461706161499,0
qwen3_8b,SciERC,I05-5004,5,0.0028508033071245466,0.0032001222882952008,0.004944402830941336,0.005145439079829625,0
qwen3_8b,SciERC,ICASSP_1997_706_abs,5,0.23927755185535973,0.1504700013569423,0.716761917727334,0.8571428571428571,0
qwen3_8b,SciERC,ICASSP_2016_11_abs,5,0.23370796782629827,0.1487290688923427,0.7161252839224678,0.8571428571428571,1
qwen3_8b,SciERC,ICCV_2001_47_abs,5,0.012411950315747941,0.008072989327566964,0.03003079039709908,0.034485816955566406,0
qwen3_8b,SciERC,ICCV_2003_151_abs,5,0.45714285714285713,0.7142857142857143,0.8285714285714285,0.8571428571428571,1
qwen3_8b,SciERC,ICCV_2003_161_abs,5,0.0456119213785444,0.017621636390686035,0.14407647848129268,0.17527485745293753,0
qwen3_8b,SciERC,ICCV_2013_25_abs,5,0.23119850839887346,0.003945163318089077,0.8303827183587209,1.0,0
qwen3_8b,SciERC,ICCV_2013_47_abs,5,0.34285714285714286,0.0,0.8571428571428571,0.8571428571428571,1
qwen3_8b,SciERC,ICML_1995_38_abs,5,0.01669032062802996,0.017857364245823452,0.03132987192698887,0.034436311040605815,0
qwen3_8b,SciERC,ICML_2006_119_abs,5,0.20781464065824234,0.03386535814830235,0.7151895540101186,0.8571428571428571,0
qwen3_8b,SciERC,ICML_2016_10_abs,5,0.20563816343035018,0.005657511098044259,0.7187923754964555,0.8571428571428571,0
qwen3_8b,SciERC,ICML_2016_11_abs,5,0.11589714799608501,0.031009776251656667,0.30035403115408754,0.33001990829195293,0
qwen3_8b,SciERC,ICML_2016_18_abs,5,0.17215720926012312,8.514949253627232e-09,0.6007286361285618,0.7142857142857143,0
qwen3_8b,SciERC,INTERSPEECH_2006_21_abs,5,0.17758310181753975,0.007153715406145368,0.6898590496608188,0.8571428571428571,0
qwen3_8b,SciERC,INTERSPEECH_2007_40_abs,5,0.06727755750928606,0.01180990253176008,0.1657407590321132,0.16985390867505754,0
qwen3_8b,SciERC,INTERSPEECH_2008_20_abs,5,0.31508910315377375,0.14687400204794748,0.7142857142857143,0.7142857142857143,1
qwen3_8b,SciERC,INTERSPEECH_2008_28_abs,5,0.6857142857142857,0.8571428571428571,0.8571428571428571,0.8571428571428571,2
qwen3_8b,SciERC,INTERSPEECH_2013_21_abs,5,0.5158604349408831,0.5714285714285714,0.8571428571428571,0.8571428571428571,1
qwen3_8b,SciERC,INTERSPEECH_2014_40_abs,5,0.14443583488464357,0.19325630153928483,0.28259140253067017,0.29950464623314993,0
qwen3_8b,SciERC,J05-4003,5,0.13029077053070068,0.14675276620047434,0.2735077159745352,0.3035887394632612,0
qwen3_8b,SciERC,J82-3002,5,0.12254832983016968,0.14812047140938894,0.2663417186055865,0.2928689547947475,0
qwen3_8b,SciERC,J86-3001,5,0.25911817039762225,0.2876887491771153,0.6301518491336277,0.7142857142857143,0
qwen3_8b,SciERC,J86-4002,5,0.03716500146048409,0.005704028265816825,0.12897978339876445,0.1549937129020691,0
qwen3_8b,SciERC,N03-1026,5,0.6029368877410889,0.8571428571428571,1.0,1.0,1
qwen3_8b,SciERC,N03-1033,5,0.03432706594467163,0.0007756522723606654,0.1281119278499058,0.15674812453133719,0
qwen3_8b,SciERC,N04-1022,5,0.21293776205607823,0.1627480047089713,0.40537718364170616,0.4305429884365627,0
qwen3_8b,SciERC,N06-1037,5,0.08844343423843383,0.1454698784010751,0.14591696602957588,0.14600873844964163,0
qwen3_8b,SciERC,NIPS_2001_11_abs,5,0.17280935049057006,0.0006229196275983538,0.6012561951364789,0.7142857142857143,0
qwen3_8b,SciERC,NIPS_2002_11_abs,5,0.15169243471963065,0.15159668241228377,0.2677566153662545,0.29441884585789274,0
qwen3_8b,SciERC,NIPS_2002_18_abs,5,0.13586491346359253,0.151492178440094,0.29061158725193564,0.31913264308656963,0
qwen3_8b,SciERC,NIPS_2015_18_abs,5,0.06425942182540893,0.0062113744871956965,0.15462713241577147,0.15483827250344412,0
qwen3_8b,SciERC,NIPS_2016_560_abs,5,0.05453891583851406,0.02654059444155012,0.16624848331723893,0.19652499471391952,0
qwen3_8b,SciERC,NIPS_2016_80_abs,5,0.10578416756221225,0.052799957139151435,0.27592864547457013,0.30354479381016325,0
qwen3_8b,SciERC,P01-1056,5,0.27412283761160716,0.2896524667739868,0.5279512728963579,0.5785813757351467,0
qwen3_8b,SciERC,P03-1070,5,0.06375533512660435,0.006161843027387347,0.24186612197331014,0.29890527044023785,0
qwen3_8b,SciERC,P04-2005,5,0.0391368065561567,0.01420924493244716,0.12504954678671698,0.15211047445024764,0
qwen3_8b,SciERC,P05-1039,5,0.014170098304748534,0.012667919908251082,0.027209445408412386,0.02972360168184553,0
qwen3_8b,SciERC,P05-1046,5,0.10384341989244734,0.026619059698922292,0.2882560440472194,0.3178737589291164,0
qwen3_8b,SciERC,P05-1056,5,0.12980815172195434,0.161153929574149,0.1687760353088379,0.16955032518931798,0
qwen3_8b,SciERC,P05-1076,5,0.011791719709123884,0.012527329581124442,0.022457410608019146,0.024624347686767578,0
qwen3_8b,SciERC,P05-2013,5,0.15215539591653007,0.14552725212914602,0.3853264757565089,0.44400120632989065,0
qwen3_8b,SciERC,P06-1013,5,0.1218528917857579,0.018044165202549527,0.29618764604840964,0.296671850340707,0
qwen3_8b,SciERC,P06-1018,5,0.08710877043860299,0.0015354667391095842,0.343813349519457,0.42857142857142855,1
qwen3_8b,SciERC,P06-1053,5,0.06120403494153705,0.0053678154945373535,0.23586065258298597,0.2929859161376953,0
qwen3_8b,SciERC,P06-2012,5,0.014633119106292725,0.013869413307734899,0.02144096919468471,0.0217545713697161,0
qwen3_8b,SciERC,P06-3007,5,0.022810576643262588,0.028432139328547885,0.02982229845864432,0.03003449099404471,0
qwen3_8b,SciERC,P06-4007,5,0.09164098841803414,0.14396206821714128,0.16124700307846068,0.1639973861830575,0
qwen3_8b,SciERC,P08-1105,5,0.03755916697638375,0.008134015968867711,0.12551889419555662,0.15106478759220668,0
qwen3_8b,SciERC,P83-1004,5,0.09301941224506924,0.14382902213505336,0.14680026088442122,0.14724405322756087,0
qwen3_8b,SciERC,P85-1019,5,0.16314507893153601,0.1474149227142334,0.4095409069742475,0.47382103545325144,0
qwen3_8b,SciERC,P86-1011,5,0.061427049977438794,0.008345152650560652,0.14824588128498623,0.14959306376320974,0
qwen3_8b,SciERC,W02-1602,5,0.2857142857142857,0.0,0.7142857142857143,0.7142857142857143,1
qwen3_8b,SciERC,X96-1059,5,0.5452852351324899,0.7142857142857143,1.0,1.0,1
