model_id,dataset,record_id,transition,left_condition,right_condition,field_count,psi,left_json_valid,right_json_valid,left_schema_valid,right_schema_valid,both_schema_valid,schema_break,delta_entity_exact_f1,abs_delta_entity_exact_f1,delta_entity_partial_f1,abs_delta_entity_partial_f1,delta_relation_exact_f1,abs_delta_relation_exact_f1
gemma_3_12b_it,EBM-NLP,10070173,P1->P2,P1,P2,3,0.003013789653778076,1,1,1,1,1,0,0.004267425320056889,0.004267425320056889,0.008534850640113778,0.008534850640113778,0.0,0.0
gemma_3_12b_it,EBM-NLP,10070173,P2->P3,P2,P3,3,0.001780092716217041,1,1,1,1,1,0,-0.004267425320056889,0.004267425320056889,-0.008534850640113778,0.008534850640113778,0.0,0.0
gemma_3_12b_it,EBM-NLP,10070173,P3->P4,P3,P4,3,0.03216282526652018,1,1,1,1,1,0,0.1835686777920411,0.1835686777920411,0.1720154043645699,0.1720154043645699,0.0,0.0
gemma_3_12b_it,EBM-NLP,10070173,P4->P5,P4,P5,3,0.023037771383921306,1,1,1,1,1,0,-0.09146341463414631,0.09146341463414631,-0.13780487804878044,0.13780487804878044,0.0,0.0
gemma_3_12b_it,EBM-NLP,10070173,P5->P6,P5,P6,3,0.0,1,1,1,1,1,0,0.0,0.0,0.0,0.0,0.0,0.0
gemma_3_12b_it,EBM-NLP,10390665,P1->P2,P1,P2,3,0.02098397413889567,1,1,1,1,1,0,0.019115890083632014,0.019115890083632014,0.028673835125448105,0.028673835125448105,0.0,0.0
gemma_3_12b_it,EBM-NLP,10390665,P2->P3,P2,P3,3,5.960464477539063e-08,1,1,1,1,1,0,0.0,0.0,0.0,0.0,0.0,0.0
gemma_3_12b_it,EBM-NLP,10390665,P3->P4,P3,P4,3,0.01201319694519043,1,1,1,1,1,0,0.10991636798088408,0.10991636798088408,0.1003584229390681,0.1003584229390681,0.0,0.0
gemma_3_12b_it,EBM-NLP,10390665,P4->P5,P4,P5,3,0.002003928025563558,1,1,1,1,1,0,0.054435483870967694,0.054435483870967694,-0.010080645161290425,0.010080645161290425,0.0,0.0
gemma_3_12b_it,EBM-NLP,10390665,P5->P6,P5,P6,3,5.960464477539063e-08,1,1,1,1,1,0,0.14464285714285718,0.14464285714285718,0.14464285714285718,0.14464285714285718,0.0,0.0
gemma_3_12b_it,EBM-NLP,10475150,P1->P2,P1,P2,3,0.007793168226877849,1,1,1,1,1,0,0.06617647058823531,0.06617647058823531,0.178921568627451,0.178921568627451,0.0,0.0
gemma_3_12b_it,EBM-NLP,10475150,P2->P3,P2,P3,3,0.006002604961395264,1,1,1,1,1,0,-0.061743846474760083,0.061743846474760083,-0.2152690863579474,0.2152690863579474,0.0,0.0
gemma_3_12b_it,EBM-NLP,10475150,P3->P4,P3,P4,3,0.0017254153887430828,1,1,1,1,1,0,0.03723404255319149,0.03723404255319149,0.03634751773049638,0.03634751773049638,0.0,0.0
gemma_3_12b_it,EBM-NLP,10475150,P4->P5,P4,P5,3,0.0037043491999308267,1,1,1,1,1,0,-0.03723404255319149,0.03723404255319149,0.006205673758865327,0.006205673758865327,0.0,0.0
gemma_3_12b_it,EBM-NLP,10475150,P5->P6,P5,P6,3,0.032733639081319175,1,1,1,1,1,0,-0.07323107372587831,0.07323107372587831,-0.11182582879762501,0.11182582879762501,0.0,0.0
gemma_3_12b_it,EBM-NLP,10578479,P1->P2,P1,P2,3,0.005706806977589925,1,1,1,1,1,0,0.0415458937198068,0.0415458937198068,0.16714975845410618,0.16714975845410618,0.0,0.0
gemma_3_12b_it,EBM-NLP,10578479,P2->P3,P2,P3,3,0.00933776299158732,1,1,1,1,1,0,-0.0415458937198068,0.0415458937198068,-0.12270531400966178,0.12270531400966178,0.0,0.0
gemma_3_12b_it,EBM-NLP,10578479,P3->P4,P3,P4,3,0.007890780766805014,1,1,1,1,1,0,0.0387706855791963,0.0387706855791963,0.06997635933806151,0.06997635933806151,0.0,0.0
gemma_3_12b_it,EBM-NLP,10578479,P4->P5,P4,P5,3,0.014613012472788492,1,1,1,1,1,0,-0.044326241134751795,0.044326241134751795,-0.050531914893617025,0.050531914893617025,0.0,0.0
gemma_3_12b_it,EBM-NLP,10578479,P5->P6,P5,P6,3,0.014988640944163004,1,1,1,1,1,0,-0.006410256410256401,0.006410256410256401,0.009615384615384581,0.009615384615384581,0.0,0.0
gemma_3_12b_it,EBM-NLP,10589810,P1->P2,P1,P2,3,0.011410057544708252,1,1,1,1,1,0,0.017543859649122695,0.017543859649122695,0.020467836257309968,0.020467836257309968,0.0,0.0
gemma_3_12b_it,EBM-NLP,10589810,P2->P3,P2,P3,3,3.9736429850260414e-08,1,1,1,1,1,0,0.0,0.0,0.0,0.0,0.0,0.0
gemma_3_12b_it,EBM-NLP,10589810,P3->P4,P3,P4,3,0.014244278271993002,1,1,1,1,1,0,-0.1472868217054263,0.1472868217054263,-0.10981912144702838,0.10981912144702838,0.0,0.0
gemma_3_12b_it,EBM-NLP,10589810,P4->P5,P4,P5,3,0.00482483704884847,1,1,1,1,1,0,-0.0431893687707641,0.0431893687707641,-0.04097452934662241,0.04097452934662241,0.0,0.0
gemma_3_12b_it,EBM-NLP,10589810,P5->P6,P5,P6,3,0.017324050267537434,1,1,1,1,1,0,0.0857142857142858,0.0857142857142858,0.1047619047619048,0.1047619047619048,0.0,0.0
gemma_3_12b_it,EBM-NLP,10752495,P1->P2,P1,P2,3,0.003479639689127604,1,1,1,1,1,0,0.021367521367521403,0.021367521367521403,-0.06410256410256421,0.06410256410256421,0.0,0.0
gemma_3_12b_it,EBM-NLP,10752495,P2->P3,P2,P3,3,0.02549980084101359,1,1,1,1,1,0,-0.1156156156156157,0.1156156156156157,-0.0675675675675676,0.0675675675675676,0.0,0.0
gemma_3_12b_it,EBM-NLP,10752495,P3->P4,P3,P4,3,0.01793136199315389,1,1,1,1,1,0,-0.004267425320056889,0.004267425320056889,-0.011379800853485111,0.011379800853485111,0.0,0.0
gemma_3_12b_it,EBM-NLP,10752495,P4->P5,P4,P5,3,0.07223707437515259,1,1,1,1,1,0,0.07067669172932331,0.07067669172932331,0.1503759398496241,0.1503759398496241,0.0,0.0
gemma_3_12b_it,EBM-NLP,10752495,P5->P6,P5,P6,3,0.07285048564275105,1,1,1,1,1,0,0.02142857142857149,0.02142857142857149,-0.0714285714285714,0.0714285714285714,0.0,0.0
gemma_3_12b_it,EBM-NLP,10763172,P1->P2,P1,P2,3,0.040016372998555504,1,1,1,1,1,0,-0.0412757973733584,0.0412757973733584,-0.03126954346466543,0.03126954346466543,0.0,0.0
gemma_3_12b_it,EBM-NLP,10763172,P2->P3,P2,P3,3,0.0467292865117391,1,1,1,1,1,0,0.051282051282051294,0.051282051282051294,0.0,0.0,0.0,0.0
gemma_3_12b_it,EBM-NLP,10763172,P3->P4,P3,P4,3,0.07703326145807902,1,1,1,1,1,0,0.023443223443223415,0.023443223443223415,-0.07326007326007328,0.07326007326007328,0.0,0.0
gemma_3_12b_it,EBM-NLP,10763172,P4->P5,P4,P5,3,0.01789941390355428,1,1,1,1,1,0,-0.11428571428571431,0.11428571428571431,0.0,0.0,0.0,0.0
gemma_3_12b_it,EBM-NLP,10763172,P5->P6,P5,P6,3,0.0006306966145833334,1,1,1,1,1,0,0.057142857142857204,0.057142857142857204,0.0,0.0,0.0,0.0
gemma_3_12b_it,EBM-NLP,10764172,P1->P2,P1,P2,3,0.01990280548731486,1,1,1,1,1,0,0.021520803443328407,0.021520803443328407,0.13916786226685796,0.13916786226685796,0.0,0.0
gemma_3_12b_it,EBM-NLP,10764172,P2->P3,P2,P3,3,0.05984459320704142,1,1,1,1,1,0,-0.1844919786096256,0.1844919786096256,-0.12032085561497324,0.12032085561497324,0.0,0.0
gemma_3_12b_it,EBM-NLP,10764172,P3->P4,P3,P4,3,0.021593928337097168,1,1,1,1,1,0,0.016629711751663,0.016629711751663,0.02993348115299327,0.02993348115299327,0.0,0.0
gemma_3_12b_it,EBM-NLP,10764172,P4->P5,P4,P5,3,0.012564738591512045,1,1,1,1,1,0,-0.008608321377331418,0.008608321377331418,-0.027259684361549574,0.027259684361549574,0.0,0.0
gemma_3_12b_it,EBM-NLP,10764172,P5->P6,P5,P6,3,0.011933008829752604,1,1,1,1,1,0,0.03497615262321138,0.03497615262321138,0.02066772655007959,0.02066772655007959,0.0,0.0
gemma_3_12b_it,EBM-NLP,10912743,P1->P2,P1,P2,3,0.0032112598419189453,1,1,1,1,1,0,-0.05641025641025649,0.05641025641025649,0.03846153846153849,0.03846153846153849,0.0,0.0
gemma_3_12b_it,EBM-NLP,10912743,P2->P3,P2,P3,3,0.0207827091217041,1,1,1,1,1,0,0.07027027027027027,0.07027027027027027,-0.0675675675675676,0.0675675675675676,0.0,0.0
gemma_3_12b_it,EBM-NLP,10912743,P3->P4,P3,P4,3,0.016780495643615723,1,1,1,1,1,0,0.007507507507507505,0.007507507507507505,-0.043543543543543506,0.043543543543543506,0.0,0.0
gemma_3_12b_it,EBM-NLP,10912743,P4->P5,P4,P5,3,0.008756617705027262,1,1,1,1,1,0,-0.12393162393162388,0.12393162393162388,-0.02991452991452992,0.02991452991452992,0.0,0.0
gemma_3_12b_it,EBM-NLP,10912743,P5->P6,P5,P6,3,0.013968308766682943,1,1,1,1,1,0,0.022624434389140302,0.022624434389140302,0.052790346907994,0.052790346907994,0.0,0.0
gemma_3_12b_it,EBM-NLP,10934569,P1->P2,P1,P2,3,5.960464477539063e-08,1,1,1,1,1,0,0.0,0.0,0.0,0.0,0.0,0.0
gemma_3_12b_it,EBM-NLP,10934569,P2->P3,P2,P3,3,5.960464477539063e-08,1,1,1,1,1,0,0.0,0.0,0.0,0.0,0.0,0.0
gemma_3_12b_it,EBM-NLP,10934569,P3->P4,P3,P4,3,0.019513408342997234,1,1,1,1,1,0,0.08258064516129032,0.08258064516129032,0.05161290322580647,0.05161290322580647,0.0,0.0
gemma_3_12b_it,EBM-NLP,10934569,P4->P5,P4,P5,3,0.0016168554623921712,1,1,1,1,1,0,0.0,0.0,0.0,0.0,0.0,0.0
gemma_3_12b_it,EBM-NLP,10934569,P5->P6,P5,P6,3,7.947285970052083e-08,1,1,1,1,1,0,0.0,0.0,0.0,0.0,0.0,0.0
gemma_3_12b_it,EBM-NLP,10940525,P1->P2,P1,P2,3,0.03119303782780965,1,1,1,1,1,0,0.004445679355376486,0.004445679355376486,0.0066685190330647015,0.0066685190330647015,0.0,0.0
gemma_3_12b_it,EBM-NLP,10940525,P2->P3,P2,P3,3,0.027685681978861492,1,1,1,1,1,0,0.0765279917822291,0.0765279917822291,0.1299435028248588,0.1299435028248588,0.0,0.0
gemma_3_12b_it,EBM-NLP,10940525,P3->P4,P3,P4,3,0.005647043387095134,1,1,1,1,1,0,-0.006238859180035694,0.006238859180035694,-0.009803921568627527,0.009803921568627527,0.0,0.0
gemma_3_12b_it,EBM-NLP,10940525,P4->P5,P4,P5,3,0.02252461512883504,1,1,1,1,1,0,-0.0808823529411764,0.0808823529411764,0.020220588235294212,0.020220588235294212,0.0,0.0
gemma_3_12b_it,EBM-NLP,10940525,P5->P6,P5,P6,3,0.021195332209269207,1,1,1,1,1,0,-0.03125,0.03125,-0.09375,0.09375,0.0,0.0
gemma_3_12b_it,EBM-NLP,11099086,P1->P2,P1,P2,3,0.008448779582977295,1,1,1,1,1,0,0.2518867924528302,0.2518867924528302,0.2028301886792453,0.2028301886792453,0.0,0.0
gemma_3_12b_it,EBM-NLP,11099086,P2->P3,P2,P3,3,0.028375009695688885,1,1,1,1,1,0,-0.3018867924528302,0.3018867924528302,-0.2949354518371401,0.2949354518371401,0.0,0.0
gemma_3_12b_it,EBM-NLP,11099086,P3->P4,P3,P4,3,0.026219924290974934,1,1,1,1,1,0,0.0454545454545454,0.0454545454545454,0.2057416267942584,0.2057416267942584,0.0,0.0
gemma_3_12b_it,EBM-NLP,11099086,P4->P5,P4,P5,3,0.019981642564137776,1,1,1,1,1,0,-0.0454545454545454,0.0454545454545454,-0.1731601731601731,0.1731601731601731,0.0,0.0
gemma_3_12b_it,EBM-NLP,11099086,P5->P6,P5,P6,3,0.005195677280426025,1,1,1,1,1,0,0.0,0.0,-0.032581453634085294,0.032581453634085294,0.0,0.0
gemma_3_12b_it,EBM-NLP,11229858,P1->P2,P1,P2,3,1.9868214925130207e-08,1,1,1,1,1,0,0.0,0.0,0.0,0.0,0.0,0.0
gemma_3_12b_it,EBM-NLP,11229858,P2->P3,P2,P3,3,0.005513111750284831,1,1,1,1,1,0,0.0,0.0,0.0,0.0,0.0,0.0
gemma_3_12b_it,EBM-NLP,11229858,P3->P4,P3,P4,3,0.0012962023417154949,1,1,1,1,1,0,-0.03267973856209139,0.03267973856209139,0.06535947712418311,0.06535947712418311,0.0,0.0
gemma_3_12b_it,EBM-NLP,11229858,P4->P5,P4,P5,3,0.006618877251942952,1,1,1,1,1,0,0.0,0.0,0.0,0.0,0.0,0.0
gemma_3_12b_it,EBM-NLP,11229858,P5->P6,P5,P6,3,0.01605282227198283,1,1,1,1,1,0,0.0,0.0,-0.11111111111111127,0.11111111111111127,0.0,0.0
gemma_3_12b_it,EBM-NLP,1131298,P1->P2,P1,P2,3,1.9868214925130207e-08,1,1,1,1,1,0,-0.07246376811594202,0.07246376811594202,-0.0652173913043479,0.0652173913043479,0.0,0.0
gemma_3_12b_it,EBM-NLP,1131298,P2->P3,P2,P3,3,0.005946298440297444,1,1,1,1,1,0,0.18357487922705318,0.18357487922705318,0.2318840579710144,0.2318840579710144,0.0,0.0
gemma_3_12b_it,EBM-NLP,1131298,P3->P4,P3,P4,3,0.08482033014297485,1,1,1,1,1,0,-0.059829059829059894,0.059829059829059894,-0.12820512820512797,0.12820512820512797,0.0,0.0
gemma_3_12b_it,EBM-NLP,1131298,P4->P5,P4,P5,3,0.024514158566792805,1,1,1,1,1,0,0.0,0.0,0.0,0.0,0.0,0.0
gemma_3_12b_it,EBM-NLP,1131298,P5->P6,P5,P6,3,3.9736429850260414e-08,1,1,1,1,1,0,0.0,0.0,0.0,0.0,0.0,0.0
gemma_3_12b_it,EBM-NLP,11317090,P1->P2,P1,P2,3,0.004305879275004069,1,1,1,1,1,0,-0.2065217391304348,0.2065217391304348,-0.06521739130434778,0.06521739130434778,0.0,0.0
gemma_3_12b_it,EBM-NLP,11317090,P2->P3,P2,P3,3,0.016568303108215332,1,1,1,1,1,0,0.16060337178349599,0.16060337178349599,0.05501330967169471,0.05501330967169471,0.0,0.0
gemma_3_12b_it,EBM-NLP,11317090,P3->P4,P3,P4,3,0.03165163596471151,1,1,1,1,1,0,0.0340136054421768,0.0340136054421768,-0.10884353741496594,0.10884353741496594,0.0,0.0
gemma_3_12b_it,EBM-NLP,11317090,P4->P5,P4,P5,3,0.031156222025553387,1,1,1,1,1,0,0.0,0.0,0.09523809523809512,0.09523809523809512,0.0,0.0
gemma_3_12b_it,EBM-NLP,11317090,P5->P6,P5,P6,3,0.04435312747955322,1,1,1,1,1,0,-0.175595238095238,0.175595238095238,-0.3511904761904761,0.3511904761904761,0.0,0.0
gemma_3_12b_it,EBM-NLP,11381289,P1->P2,P1,P2,3,1.9868214925130207e-08,1,1,1,1,1,0,0.0,0.0,0.0,0.0,0.0,0.0
gemma_3_12b_it,EBM-NLP,11381289,P2->P3,P2,P3,3,0.0008479754130045573,1,1,1,1,1,0,0.0,0.0,-0.09523809523809523,0.09523809523809523,0.0,0.0
gemma_3_12b_it,EBM-NLP,11381289,P3->P4,P3,P4,3,0.016696453094482422,1,1,1,1,1,0,0.020050125313283207,0.020050125313283207,-0.1704260651629073,0.1704260651629073,0.0,0.0
gemma_3_12b_it,EBM-NLP,11381289,P4->P5,P4,P5,3,0.04389252265294393,1,1,1,1,1,0,0.08947368421052629,0.08947368421052629,0.18947368421052632,0.18947368421052632,0.0,0.0
gemma_3_12b_it,EBM-NLP,11381289,P5->P6,P5,P6,3,0.003306428591410319,1,1,1,1,1,0,-0.09999999999999998,0.09999999999999998,0.0,0.0,0.0,0.0
gemma_3_12b_it,EBM-NLP,11401641,P1->P2,P1,P2,3,0.02148514986038208,1,1,1,1,1,0,-0.34150943396226413,0.34150943396226413,-0.34150943396226413,0.34150943396226413,0.0,0.0
gemma_3_12b_it,EBM-NLP,11401641,P2->P3,P2,P3,3,0.0,1,1,1,1,1,0,0.04146341463414632,0.04146341463414632,0.04146341463414632,0.04146341463414632,0.0,0.0
gemma_3_12b_it,EBM-NLP,11401641,P3->P4,P3,P4,3,0.019399245580037434,1,1,1,1,1,0,0.0771412365286443,0.0771412365286443,0.0771412365286443,0.0771412365286443,0.0,0.0
gemma_3_12b_it,EBM-NLP,11401641,P4->P5,P4,P5,3,0.04741815725962321,1,1,1,1,1,0,-0.027300303336703635,0.027300303336703635,0.1031344792719921,0.1031344792719921,0.0,0.0
gemma_3_12b_it,EBM-NLP,11401641,P5->P6,P5,P6,3,0.017655213673909504,1,1,1,1,1,0,-0.0434782608695653,0.0434782608695653,0.0,0.0,0.0,0.0
gemma_3_12b_it,EBM-NLP,11454878,P1->P2,P1,P2,3,0.0014989376068115234,1,1,1,1,1,0,0.01904761904761909,0.01904761904761909,-0.0634920634920636,0.0634920634920636,0.0,0.0
gemma_3_12b_it,EBM-NLP,11454878,P2->P3,P2,P3,3,0.00029712915420532227,1,1,1,1,1,0,-0.04761904761904759,0.04761904761904759,0.0,0.0,0.0,0.0
gemma_3_12b_it,EBM-NLP,11454878,P3->P4,P3,P4,3,0.047736565272013344,1,1,1,1,1,0,0.30427764326069406,0.30427764326069406,0.2631154156577887,0.2631154156577887,0.0,0.0
gemma_3_12b_it,EBM-NLP,11454878,P4->P5,P4,P5,3,0.05402245124181112,1,1,1,1,1,0,-0.3098147418210485,0.3098147418210485,-0.27197477335435566,0.27197477335435566,0.0,0.0
gemma_3_12b_it,EBM-NLP,11454878,P5->P6,P5,P6,3,0.000750124454498291,1,1,1,1,1,0,-0.04208194905869328,0.04208194905869328,-0.03875968992248058,0.03875968992248058,0.0,0.0
gemma_3_12b_it,EBM-NLP,11495215,P1->P2,P1,P2,3,0.005098859469095866,1,1,1,1,1,0,0.1661538461538462,0.1661538461538462,0.060000000000000164,0.060000000000000164,0.0,0.0
gemma_3_12b_it,EBM-NLP,11495215,P2->P3,P2,P3,3,0.006782968839009603,1,1,1,1,1,0,-0.1460869565217392,0.1460869565217392,-0.08173913043478265,0.08173913043478265,0.0,0.0
gemma_3_12b_it,EBM-NLP,11495215,P3->P4,P3,P4,3,0.007546703020731608,1,1,1,1,1,0,-0.053913043478260814,0.053913043478260814,0.04173913043478261,0.04173913043478261,0.0,0.0
gemma_3_12b_it,EBM-NLP,11495215,P4->P5,P4,P5,3,0.0037154952685038247,1,1,1,1,1,0,0.025454545454545396,0.025454545454545396,-0.01090909090909098,0.01090909090909098,0.0,0.0
gemma_3_12b_it,EBM-NLP,11495215,P5->P6,P5,P6,3,0.004347821076711019,1,1,1,1,1,0,0.01781076066790352,0.01781076066790352,-0.060111317254174346,0.060111317254174346,0.0,0.0
gemma_3_12b_it,EBM-NLP,11642083,P1->P2,P1,P2,3,0.011319379011789957,1,1,1,1,1,0,0.0804810360777059,0.0804810360777059,0.12210915818686408,0.12210915818686408,0.0,0.0
gemma_3_12b_it,EBM-NLP,11642083,P2->P3,P2,P3,3,0.0009650190671284994,1,1,1,1,1,0,0.013238770685579215,0.013238770685579215,0.01702127659574465,0.01702127659574465,0.0,0.0
gemma_3_12b_it,EBM-NLP,11642083,P3->P4,P3,P4,3,0.027640819549560547,1,1,1,1,1,0,0.1074935400516796,0.1074935400516796,0.11162790697674418,0.11162790697674418,0.0,0.0
gemma_3_12b_it,EBM-NLP,11642083,P4->P5,P4,P5,3,0.006698866685231526,1,1,1,1,1,0,-0.11091234347048312,0.11091234347048312,-0.0500894454382827,0.0500894454382827,0.0,0.0
gemma_3_12b_it,EBM-NLP,11642083,P5->P6,P5,P6,3,0.022734562555948894,1,1,1,1,1,0,-0.18648018648018638,0.18648018648018638,-0.2797202797202797,0.2797202797202797,0.0,0.0
gemma_3_12b_it,EBM-NLP,11737955,P1->P2,P1,P2,3,0.021252254645029705,1,1,1,1,1,0,-0.03861003861003859,0.03861003861003859,-0.026254826254826114,0.026254826254826114,0.0,0.0
gemma_3_12b_it,EBM-NLP,11737955,P2->P3,P2,P3,3,0.01870216925938924,1,1,1,1,1,0,0.12454212454212449,0.12454212454212449,-0.00146520146520146,0.00146520146520146,0.0,0.0
gemma_3_12b_it,EBM-NLP,11737955,P3->P4,P3,P4,3,0.02575757106145223,1,1,1,1,1,0,-0.1161387631975867,0.1161387631975867,-0.0422322775263953,0.0422322775263953,0.0,0.0
gemma_3_12b_it,EBM-NLP,11737955,P4->P5,P4,P5,3,0.056068241596221924,1,1,1,1,1,0,-0.1764705882352941,0.1764705882352941,0.0,0.0,0.0,0.0
gemma_3_12b_it,EBM-NLP,11737955,P5->P6,P5,P6,3,0.03170541922251383,1,1,1,1,1,0,0.1176470588235294,0.1176470588235294,0.058823529411764774,0.058823529411764774,0.0,0.0
gemma_3_12b_it,EBM-NLP,11750293,P1->P2,P1,P2,3,0.017450590928395588,1,1,1,1,1,0,0.0,0.0,-0.06552706552706558,0.06552706552706558,0.0,0.0
gemma_3_12b_it,EBM-NLP,11750293,P2->P3,P2,P3,3,0.018340806166330974,1,1,1,1,1,0,0.0,0.0,0.10256410256410262,0.10256410256410262,0.0,0.0
gemma_3_12b_it,EBM-NLP,11750293,P3->P4,P3,P4,3,0.043459296226501465,1,1,1,1,1,0,0.1481481481481481,0.1481481481481481,-0.037037037037037035,0.037037037037037035,0.0,0.0
gemma_3_12b_it,EBM-NLP,11750293,P4->P5,P4,P5,3,0.03359983364741007,1,1,1,1,1,0,0.06237816764132559,0.06237816764132559,0.01949317738791423,0.01949317738791423,0.0,0.0
gemma_3_12b_it,EBM-NLP,11750293,P5->P6,P5,P6,3,0.013852516810099283,1,1,1,1,1,0,0.0,0.0,0.0,0.0,0.0,0.0
gemma_3_12b_it,EBM-NLP,11829043,P1->P2,P1,P2,3,0.014098008473714193,1,1,1,1,1,0,-0.06060606060606061,0.06060606060606061,-0.24242424242424254,0.24242424242424254,0.0,0.0
gemma_3_12b_it,EBM-NLP,11829043,P2->P3,P2,P3,3,0.010536213715871176,1,1,1,1,1,0,-0.03987240829346089,0.03987240829346089,-0.05582137161084527,0.05582137161084527,0.0,0.0
gemma_3_12b_it,EBM-NLP,11829043,P3->P4,P3,P4,3,0.04781631628672282,1,1,1,1,1,0,0.10721247563352831,0.10721247563352831,0.15009746588693967,0.15009746588693967,0.0,0.0
gemma_3_12b_it,EBM-NLP,11829043,P4->P5,P4,P5,3,0.013723631699879965,1,1,1,1,1,0,-0.057870370370370405,0.057870370370370405,0.04398148148148151,0.04398148148148151,0.0,0.0
gemma_3_12b_it,EBM-NLP,11829043,P5->P6,P5,P6,3,0.0031171043713887534,1,1,1,1,1,0,0.03232758620689652,0.03232758620689652,-0.07974137931034492,0.07974137931034492,0.0,0.0
gemma_3_12b_it,EBM-NLP,11891832,P1->P2,P1,P2,3,3.9736429850260414e-08,1,1,1,1,1,0,0.0,0.0,0.0,0.0,0.0,0.0
gemma_3_12b_it,EBM-NLP,11891832,P2->P3,P2,P3,3,0.021384119987487793,1,1,1,1,1,0,0.01851851851851849,0.01851851851851849,0.021164021164021274,0.021164021164021274,0.0,0.0
gemma_3_12b_it,EBM-NLP,11891832,P3->P4,P3,P4,3,0.024874746799468994,1,1,1,1,1,0,0.10648148148148151,0.10648148148148151,0.2824074074074072,0.2824074074074072,0.0,0.0
gemma_3_12b_it,EBM-NLP,11891832,P4->P5,P4,P5,3,0.007658382256825765,1,1,1,1,1,0,-0.09166666666666667,0.09166666666666667,-0.07499999999999973,0.07499999999999973,0.0,0.0
gemma_3_12b_it,EBM-NLP,11891832,P5->P6,P5,P6,3,0.010377724965413412,1,1,1,1,1,0,-0.014814814814814836,0.014814814814814836,-0.20740740740740748,0.20740740740740748,0.0,0.0
gemma_3_12b_it,EBM-NLP,12139812,P1->P2,P1,P2,3,0.0034235318501790366,1,1,1,1,1,0,-0.04682274247491641,0.04682274247491641,-0.09364548494983282,0.09364548494983282,0.0,0.0
gemma_3_12b_it,EBM-NLP,12139812,P2->P3,P2,P3,3,0.0,1,1,1,1,1,0,-0.020869565217391306,0.020869565217391306,-0.04173913043478261,0.04173913043478261,0.0,0.0
gemma_3_12b_it,EBM-NLP,12139812,P3->P4,P3,P4,3,0.024069130420684814,1,1,1,1,1,0,-0.1020689655172414,0.1020689655172414,0.0027586206896552112,0.0027586206896552112,0.0,0.0
gemma_3_12b_it,EBM-NLP,12139812,P4->P5,P4,P5,3,0.04630547761917114,1,1,1,1,1,0,0.02873563218390801,0.02873563218390801,-0.06609195402298862,0.06609195402298862,0.0,0.0
gemma_3_12b_it,EBM-NLP,12139812,P5->P6,P5,P6,3,0.022980292638142902,1,1,1,1,1,0,0.02380952380952389,0.02380952380952389,-0.03571428571428559,0.03571428571428559,0.0,0.0
gemma_3_12b_it,EBM-NLP,12477021,P1->P2,P1,P2,3,0.0006508429845174154,1,1,1,1,1,0,0.06769230769230761,0.06769230769230761,0.055384615384615254,0.055384615384615254,0.0,0.0
gemma_3_12b_it,EBM-NLP,12477021,P2->P3,P2,P3,3,0.020848711331685383,1,1,1,1,1,0,-0.06769230769230761,0.06769230769230761,0.024615384615384706,0.024615384615384706,0.0,0.0
gemma_3_12b_it,EBM-NLP,12477021,P3->P4,P3,P4,3,0.03673746188481649,1,1,1,1,1,0,0.0,0.0,-0.16000000000000003,0.16000000000000003,0.0,0.0
gemma_3_12b_it,EBM-NLP,12477021,P4->P5,P4,P5,3,0.025252163410186768,1,1,1,1,1,0,0.04571428571428571,0.04571428571428571,-0.0038095238095238737,0.0038095238095238737,0.0,0.0
gemma_3_12b_it,EBM-NLP,12477021,P5->P6,P5,P6,3,0.020503183205922444,1,1,1,1,1,0,0.0,0.0,0.0,0.0,0.0,0.0
gemma_3_12b_it,EBM-NLP,12576806,P1->P2,P1,P2,3,0.03247060378392538,1,1,1,1,1,0,0.02352941176470591,0.02352941176470591,0.04705882352941182,0.04705882352941182,0.0,0.0
gemma_3_12b_it,EBM-NLP,12576806,P2->P3,P2,P3,3,0.0,1,1,1,1,1,0,0.0,0.0,0.0,0.0,0.0,0.0
gemma_3_12b_it,EBM-NLP,12576806,P3->P4,P3,P4,3,0.0690081516901652,1,1,1,1,1,0,-0.125925925925926,0.125925925925926,-0.10370370370370374,0.10370370370370374,0.0,0.0
gemma_3_12b_it,EBM-NLP,12576806,P4->P5,P4,P5,3,0.058046817779541016,1,1,1,1,1,0,0.06385696040868459,0.06385696040868459,-0.020434227330779098,0.020434227330779098,0.0,0.0
gemma_3_12b_it,EBM-NLP,12576806,P5->P6,P5,P6,3,0.029819150765736897,1,1,1,1,1,0,-0.0689655172413793,0.0689655172413793,-0.06896551724137928,0.06896551724137928,0.0,0.0
gemma_3_12b_it,EBM-NLP,12586799,P1->P2,P1,P2,3,0.013904710610707601,1,1,1,1,1,0,0.03428571428571431,0.03428571428571431,-0.09224489795918367,0.09224489795918367,0.0,0.0
gemma_3_12b_it,EBM-NLP,12586799,P2->P3,P2,P3,3,0.005585312843322754,1,1,1,1,1,0,-0.08470588235294121,0.08470588235294121,-0.01019607843137249,0.01019607843137249,0.0,0.0
gemma_3_12b_it,EBM-NLP,12586799,P3->P4,P3,P4,3,0.021545231342315674,1,1,1,1,1,0,0.009603841536614616,0.009603841536614616,-0.060824329731892834,0.060824329731892834,0.0,0.0
gemma_3_12b_it,EBM-NLP,12586799,P4->P5,P4,P5,3,0.021858473618825276,1,1,1,1,1,0,-0.15398886827458252,0.15398886827458252,-0.03988868274582558,0.03988868274582558,0.0,0.0
gemma_3_12b_it,EBM-NLP,12586799,P5->P6,P5,P6,3,3.9736429850260414e-08,1,1,1,1,1,0,0.0,0.0,0.0,0.0,0.0,0.0
gemma_3_12b_it,EBM-NLP,12595499,P1->P2,P1,P2,3,0.024156490961710613,1,1,1,1,1,0,-0.06060606060606061,0.06060606060606061,-0.06060606060606061,0.06060606060606061,0.0,0.0
gemma_3_12b_it,EBM-NLP,12595499,P2->P3,P2,P3,3,0.0,1,1,1,1,1,0,0.0,0.0,0.0,0.0,0.0,0.0
gemma_3_12b_it,EBM-NLP,12595499,P3->P4,P3,P4,3,0.044178128242492676,1,1,1,1,1,0,-0.16969696969696968,0.16969696969696968,-0.08484848484848478,0.08484848484848478,0.0,0.0
gemma_3_12b_it,EBM-NLP,12595499,P4->P5,P4,P5,3,0.03827859958012899,1,1,1,1,1,0,0.1393939393939394,0.1393939393939394,0.09999999999999998,0.09999999999999998,0.0,0.0
gemma_3_12b_it,EBM-NLP,12595499,P5->P6,P5,P6,3,0.02130003770192464,1,1,1,1,1,0,-0.05651105651105651,0.05651105651105651,-0.0675675675675676,0.0675675675675676,0.0,0.0
gemma_3_12b_it,EBM-NLP,12709693,P1->P2,P1,P2,3,0.026911914348602295,1,1,1,1,1,0,-0.2344322344322345,0.2344322344322345,-0.239010989010989,0.239010989010989,0.0,0.0
gemma_3_12b_it,EBM-NLP,12709693,P2->P3,P2,P3,3,0.024179001649220783,1,1,1,1,1,0,0.17948717948717952,0.17948717948717952,0.1923076923076923,0.1923076923076923,0.0,0.0
gemma_3_12b_it,EBM-NLP,12709693,P3->P4,P3,P4,3,0.023743311564127605,1,1,1,1,1,0,0.01412872841444271,0.01412872841444271,0.021193092621664134,0.021193092621664134,0.0,0.0
gemma_3_12b_it,EBM-NLP,12709693,P4->P5,P4,P5,3,0.021182596683502197,1,1,1,1,1,0,-0.1337868480725623,0.1337868480725623,-0.145124716553288,0.145124716553288,0.0,0.0
gemma_3_12b_it,EBM-NLP,12709693,P5->P6,P5,P6,3,0.013025879859924316,1,1,1,1,1,0,-0.1111111111111111,0.1111111111111111,-0.1388888888888889,0.1388888888888889,0.0,0.0
gemma_3_12b_it,EBM-NLP,1286547,P1->P2,P1,P2,3,0.0025672117869059243,1,1,1,1,1,0,0.0,0.0,0.0,0.0,0.0,0.0
gemma_3_12b_it,EBM-NLP,1286547,P2->P3,P2,P3,3,0.014834841092427572,1,1,1,1,1,0,0.1066176470588236,0.1066176470588236,-0.03676470588235292,0.03676470588235292,0.0,0.0
gemma_3_12b_it,EBM-NLP,1286547,P3->P4,P3,P4,3,0.01785812775293986,1,1,1,1,1,0,-0.044117647058823484,0.044117647058823484,0.03676470588235292,0.03676470588235292,0.0,0.0
gemma_3_12b_it,EBM-NLP,1286547,P4->P5,P4,P5,3,0.006521562735239665,1,1,1,1,1,0,-0.007575757575757597,0.007575757575757597,-0.01893939393939381,0.01893939393939381,0.0,0.0
gemma_3_12b_it,EBM-NLP,1286547,P5->P6,P5,P6,3,0.0029510855674743652,1,1,1,1,1,0,0.007575757575757597,0.007575757575757597,-0.04356060606060608,0.04356060606060608,0.0,0.0
gemma_3_12b_it,EBM-NLP,12960652,P1->P2,P1,P2,3,0.0006422201792399088,1,1,1,1,1,0,-0.04836415362731161,0.04836415362731161,0.008534850640113778,0.008534850640113778,0.0,0.0
gemma_3_12b_it,EBM-NLP,12960652,P2->P3,P2,P3,3,0.0007617473602294922,1,1,1,1,1,0,0.0942480942480943,0.0942480942480943,0.0859320859320859,0.0859320859320859,0.0,0.0
gemma_3_12b_it,EBM-NLP,12960652,P3->P4,P3,P4,3,0.010646224021911621,1,1,1,1,1,0,0.03627267041901189,0.03627267041901189,0.028767979987492198,0.028767979987492198,0.0,0.0
gemma_3_12b_it,EBM-NLP,12960652,P4->P5,P4,P5,3,0.03272465864817301,1,1,1,1,1,0,-0.10518292682926828,0.10518292682926828,-0.2515243902439024,0.2515243902439024,0.0,0.0
gemma_3_12b_it,EBM-NLP,12960652,P5->P6,P5,P6,3,0.03135595719019572,1,1,1,1,1,0,-0.011029411764705899,0.011029411764705899,0.04779411764705879,0.04779411764705879,0.0,0.0
gemma_3_12b_it,EBM-NLP,1459268,P1->P2,P1,P2,3,0.016772925853729248,1,1,1,1,1,0,0.016835016835016897,0.016835016835016897,-0.13131313131313133,0.13131313131313133,0.0,0.0
gemma_3_12b_it,EBM-NLP,1459268,P2->P3,P2,P3,3,0.024726927280426025,1,1,1,1,1,0,0.0995670995670996,0.0995670995670996,0.19480519480519481,0.19480519480519481,0.0,0.0
gemma_3_12b_it,EBM-NLP,1459268,P3->P4,P3,P4,3,0.033920069535573326,1,1,1,1,1,0,-0.11640211640211649,0.11640211640211649,0.010582010582010581,0.010582010582010581,0.0,0.0
gemma_3_12b_it,EBM-NLP,1459268,P4->P5,P4,P5,3,0.01180871327718099,1,1,1,1,1,0,0.021164021164021204,0.021164021164021204,0.0846560846560847,0.0846560846560847,0.0,0.0
gemma_3_12b_it,EBM-NLP,1459268,P5->P6,P5,P6,3,1.3907750447591147e-07,1,1,1,1,1,0,0.0,0.0,0.0,0.0,0.0,0.0
gemma_3_12b_it,EBM-NLP,14679127,P1->P2,P1,P2,3,0.0031162301699320474,1,1,1,1,1,0,-0.1868686868686869,0.1868686868686869,-0.2222222222222222,0.2222222222222222,0.0,0.0
gemma_3_12b_it,EBM-NLP,14679127,P2->P3,P2,P3,3,0.0,1,1,1,1,1,0,0.1680216802168022,0.1680216802168022,0.1612466124661247,0.1612466124661247,0.0,0.0
gemma_3_12b_it,EBM-NLP,14679127,P3->P4,P3,P4,3,0.0,1,1,1,1,1,0,0.05420054200542007,0.05420054200542007,0.09430894308943083,0.09430894308943083,0.0,0.0
gemma_3_12b_it,EBM-NLP,14679127,P4->P5,P4,P5,3,0.35249197483062744,1,1,1,1,1,0,-0.3194444444444445,0.3194444444444445,-0.3458333333333333,0.3458333333333333,0.0,0.0
gemma_3_12b_it,EBM-NLP,14679127,P5->P6,P5,P6,3,0.35249197483062744,1,1,1,1,1,0,0.2652439024390244,0.2652439024390244,0.3003048780487806,0.3003048780487806,0.0,0.0
gemma_3_12b_it,EBM-NLP,14739125,P1->P2,P1,P2,3,0.0014979839324951172,1,1,1,1,1,0,-0.0803571428571429,0.0803571428571429,-0.06250000000000022,0.06250000000000022,0.0,0.0
gemma_3_12b_it,EBM-NLP,14739125,P2->P3,P2,P3,3,0.05055161317189535,1,1,1,1,1,0,-0.1428571428571429,0.1428571428571429,-0.2142857142857142,0.2142857142857142,0.0,0.0
gemma_3_12b_it,EBM-NLP,14739125,P3->P4,P3,P4,3,0.008416593074798584,1,1,1,1,1,0,0.016483516483516508,0.016483516483516508,0.0219780219780219,0.0219780219780219,0.0,0.0
gemma_3_12b_it,EBM-NLP,14739125,P4->P5,P4,P5,3,1.9868214925130207e-08,1,1,1,1,1,0,0.0,0.0,0.0,0.0,0.0,0.0
gemma_3_12b_it,EBM-NLP,14739125,P5->P6,P5,P6,3,1.9868214925130207e-08,1,1,1,1,1,0,0.0,0.0,0.0,0.0,0.0,0.0
gemma_3_12b_it,EBM-NLP,14763035,P1->P2,P1,P2,3,0.028154194355010986,1,1,1,1,1,0,0.1513907888736889,0.1513907888736889,0.09484724122207022,0.09484724122207022,0.0,0.0
gemma_3_12b_it,EBM-NLP,14763035,P2->P3,P2,P3,3,0.025462011496225994,1,1,1,1,1,0,-0.19844961240310077,0.19844961240310077,-0.11576227390180877,0.11576227390180877,0.0,0.0
gemma_3_12b_it,EBM-NLP,14763035,P3->P4,P3,P4,3,0.034229556719462075,1,1,1,1,1,0,0.0862745098039216,0.0862745098039216,-0.07712418300653595,0.07712418300653595,0.0,0.0
gemma_3_12b_it,EBM-NLP,14763035,P4->P5,P4,P5,3,0.022242267926534016,1,1,1,1,1,0,0.1470588235294118,0.1470588235294118,0.2382352941176471,0.2382352941176471,0.0,0.0
gemma_3_12b_it,EBM-NLP,14763035,P5->P6,P5,P6,3,0.026578962802886963,1,1,1,1,1,0,-0.1571428571428572,0.1571428571428572,-0.19285714285714295,0.19285714285714295,0.0,0.0
gemma_3_12b_it,EBM-NLP,15014018,P1->P2,P1,P2,3,0.0009663899739583334,1,1,1,1,1,0,-0.07326007326007328,0.07326007326007328,-0.10622710622710607,0.10622710622710607,0.0,0.0
gemma_3_12b_it,EBM-NLP,15014018,P2->P3,P2,P3,3,0.017720778783162434,1,1,1,1,1,0,0.010489510489510467,0.010489510489510467,0.03263403263403253,0.03263403263403253,0.0,0.0
gemma_3_12b_it,EBM-NLP,15014018,P3->P4,P3,P4,3,0.021296024322509766,1,1,1,1,1,0,-0.010489510489510467,0.010489510489510467,-0.03263403263403253,0.03263403263403253,0.0,0.0
gemma_3_12b_it,EBM-NLP,15014018,P4->P5,P4,P5,3,0.008297105630238851,1,1,1,1,1,0,0.0644007155635063,0.0644007155635063,0.09183064997018475,0.09183064997018475,0.0,0.0
gemma_3_12b_it,EBM-NLP,15014018,P5->P6,P5,P6,3,0.010528186957041422,1,1,1,1,1,0,-0.1435215946843854,0.1435215946843854,-0.14750830564784045,0.14750830564784045,0.0,0.0
gemma_3_12b_it,EBM-NLP,15133359,P1->P2,P1,P2,3,0.0,1,1,1,1,1,0,0.0,0.0,0.0,0.0,0.0,0.0
gemma_3_12b_it,EBM-NLP,15133359,P2->P3,P2,P3,3,0.0,1,1,1,1,1,0,0.0,0.0,0.0,0.0,0.0,0.0
gemma_3_12b_it,EBM-NLP,15133359,P3->P4,P3,P4,3,0.014783998330434164,1,1,1,1,1,0,-0.014245014245014287,0.014245014245014287,-0.014245014245014287,0.014245014245014287,0.0,0.0
gemma_3_12b_it,EBM-NLP,15133359,P4->P5,P4,P5,3,5.960464477539063e-08,1,1,1,1,1,0,0.0,0.0,0.0,0.0,0.0,0.0
gemma_3_12b_it,EBM-NLP,15133359,P5->P6,P5,P6,3,5.960464477539063e-08,1,1,1,1,1,0,0.0,0.0,0.0,0.0,0.0,0.0
gemma_3_12b_it,EBM-NLP,15193668,P1->P2,P1,P2,3,0.019451498985290527,1,1,1,1,1,0,0.013824884792626696,0.013824884792626696,-0.02995391705069128,0.02995391705069128,0.0,0.0
gemma_3_12b_it,EBM-NLP,15193668,P2->P3,P2,P3,3,0.02171558141708374,1,1,1,1,1,0,-0.021645021645021592,0.021645021645021592,0.0670995670995671,0.0670995670995671,0.0,0.0
gemma_3_12b_it,EBM-NLP,15193668,P3->P4,P3,P4,3,0.022047817707061768,1,1,1,1,1,0,-0.0035650623885918054,0.0035650623885918054,-0.071301247771836,0.071301247771836,0.0,0.0
gemma_3_12b_it,EBM-NLP,15193668,P4->P5,P4,P5,3,0.05795001983642578,1,1,1,1,1,0,-0.1176470588235294,0.1176470588235294,0.04705882352941182,0.04705882352941182,0.0,0.0
gemma_3_12b_it,EBM-NLP,15193668,P5->P6,P5,P6,3,0.02510799964269002,1,1,1,1,1,0,0.1481481481481481,0.1481481481481481,-0.10370370370370374,0.10370370370370374,0.0,0.0
gemma_3_12b_it,EBM-NLP,15358868,P1->P2,P1,P2,3,0.023938616116841633,1,1,1,1,1,0,0.062111801242235976,0.062111801242235976,0.12422360248447195,0.12422360248447195,0.0,0.0
gemma_3_12b_it,EBM-NLP,15358868,P2->P3,P2,P3,3,0.005863070487976074,1,1,1,1,1,0,-0.01449275362318836,0.01449275362318836,-0.02898550724637672,0.02898550724637672,0.0,0.0
gemma_3_12b_it,EBM-NLP,15358868,P3->P4,P3,P4,3,0.019310613473256428,1,1,1,1,1,0,-0.025641025641025605,0.025641025641025605,0.02564102564102555,0.02564102564102555,0.0,0.0
gemma_3_12b_it,EBM-NLP,15358868,P4->P5,P4,P5,3,0.012971043586730957,1,1,1,1,1,0,0.17230769230769227,0.17230769230769227,0.02769230769230757,0.02769230769230757,0.0,0.0
gemma_3_12b_it,EBM-NLP,15358868,P5->P6,P5,P6,3,9.934107462565105e-08,1,1,1,1,1,0,-0.06620689655172418,0.06620689655172418,-0.030344827586206713,0.030344827586206713,0.0,0.0
gemma_3_12b_it,EBM-NLP,15848261,P1->P2,P1,P2,3,0.02384825547536214,1,1,1,1,1,0,-0.15000000000000002,0.15000000000000002,-0.20000000000000018,0.20000000000000018,0.0,0.0
gemma_3_12b_it,EBM-NLP,15848261,P2->P3,P2,P3,3,0.0106201171875,1,1,1,1,1,0,0.08243243243243242,0.08243243243243242,0.10270270270270276,0.10270270270270276,0.0,0.0
gemma_3_12b_it,EBM-NLP,15848261,P3->P4,P3,P4,3,0.013696869214375814,1,1,1,1,1,0,-0.09909909909909909,0.09909909909909909,-0.07770270270270263,0.07770270270270263,0.0,0.0
gemma_3_12b_it,EBM-NLP,15848261,P4->P5,P4,P5,3,0.00797659158706665,1,1,1,1,1,0,0.1166666666666667,0.1166666666666667,0.07499999999999984,0.07499999999999984,0.0,0.0
gemma_3_12b_it,EBM-NLP,15848261,P5->P6,P5,P6,3,0.009333252906799316,1,1,1,1,1,0,-0.10000000000000003,0.10000000000000003,0.0,0.0,0.0,0.0
gemma_3_12b_it,EBM-NLP,15854186,P1->P2,P1,P2,3,0.027060270309448242,1,1,1,1,1,0,0.028571428571428414,0.028571428571428414,0.03809523809523807,0.03809523809523807,0.0,0.0
gemma_3_12b_it,EBM-NLP,15854186,P2->P3,P2,P3,3,0.027060270309448242,1,1,1,1,1,0,-0.0714285714285714,0.0714285714285714,-0.0714285714285714,0.0714285714285714,0.0,0.0
gemma_3_12b_it,EBM-NLP,15854186,P3->P4,P3,P4,3,0.05746036767959595,1,1,1,1,1,0,-0.1904761904761905,0.1904761904761905,0.0,0.0,0.0,0.0
gemma_3_12b_it,EBM-NLP,15854186,P4->P5,P4,P5,3,0.05776079495747884,1,1,1,1,1,0,0.0942028985507247,0.0942028985507247,0.021739130434782594,0.021739130434782594,0.0,0.0
gemma_3_12b_it,EBM-NLP,15854186,P5->P6,P5,P6,3,0.0,1,1,1,1,1,0,0.0,0.0,0.0,0.0,0.0,0.0
gemma_3_12b_it,EBM-NLP,15858959,P1->P2,P1,P2,3,0.058604260285695396,1,1,1,1,1,0,-0.12006861063464838,0.12006861063464838,-0.17267009719839907,0.17267009719839907,0.0,0.0
gemma_3_12b_it,EBM-NLP,15858959,P2->P3,P2,P3,3,0.0765190323193868,1,1,1,1,1,0,-0.08658008658008659,0.08658008658008659,-0.05194805194805199,0.05194805194805199,0.0,0.0
gemma_3_12b_it,EBM-NLP,15858959,P3->P4,P3,P4,3,0.06764217217763265,1,1,1,1,1,0,0.01904761904761909,0.01904761904761909,-0.019047619047619008,0.019047619047619008,0.0,0.0
gemma_3_12b_it,EBM-NLP,15858959,P4->P5,P4,P5,3,0.04927114645640055,1,1,1,1,1,0,0.0357142857142857,0.0357142857142857,0.0785714285714286,0.0785714285714286,0.0,0.0
gemma_3_12b_it,EBM-NLP,15858959,P5->P6,P5,P6,3,7.947285970052083e-08,1,1,1,1,1,0,0.0038461538461538047,0.0038461538461538047,-0.04487179487179491,0.04487179487179491,0.0,0.0
gemma_3_12b_it,EBM-NLP,16055807,P1->P2,P1,P2,3,0.0333221952120463,1,1,1,1,1,0,-0.0769230769230769,0.0769230769230769,-0.048582995951417005,0.048582995951417005,0.0,0.0
gemma_3_12b_it,EBM-NLP,16055807,P2->P3,P2,P3,3,0.025854289531707764,1,1,1,1,1,0,0.074074074074074,0.074074074074074,-0.031189083820662794,0.031189083820662794,0.0,0.0
gemma_3_12b_it,EBM-NLP,16055807,P3->P4,P3,P4,3,0.021323362986246746,1,1,1,1,1,0,0.09983896940418681,0.09983896940418681,0.09983896940418681,0.09983896940418681,0.0,0.0
gemma_3_12b_it,EBM-NLP,16055807,P4->P5,P4,P5,3,0.3367979923884074,1,1,1,1,1,0,-0.1739130434782608,0.1739130434782608,0.0,0.0,0.0,0.0
gemma_3_12b_it,EBM-NLP,16055807,P5->P6,P5,P6,3,0.33956680695215863,1,1,1,1,1,0,0.0909090909090909,0.0909090909090909,-0.08300395256916991,0.08300395256916991,0.0,0.0
gemma_3_12b_it,EBM-NLP,16167234,P1->P2,P1,P2,3,1.0,1,1,0,1,0,0,0.3461538461538461,0.3461538461538461,0.6153846153846153,0.6153846153846153,0.0,0.0
gemma_3_12b_it,EBM-NLP,16167234,P2->P3,P2,P3,3,0.003752589225769043,1,1,1,1,1,0,-0.021829521829521803,0.021829521829521803,-0.1288981288981288,0.1288981288981288,0.0,0.0
gemma_3_12b_it,EBM-NLP,16167234,P3->P4,P3,P4,3,0.009889165560404459,1,1,1,1,1,0,-0.06345475910693299,0.06345475910693299,-0.008225616921269108,0.008225616921269108,0.0,0.0
gemma_3_12b_it,EBM-NLP,16167234,P4->P5,P4,P5,3,0.027993162473042805,1,1,1,1,1,0,0.12374581939799328,0.12374581939799328,0.1371237458193979,0.1371237458193979,0.0,0.0
gemma_3_12b_it,EBM-NLP,16167234,P5->P6,P5,P6,3,0.018836259841918945,1,1,1,1,1,0,0.025641025641025605,0.025641025641025605,-0.0512820512820511,0.0512820512820511,0.0,0.0
gemma_3_12b_it,EBM-NLP,16295154,P1->P2,P1,P2,3,0.0035150647163391113,1,1,1,1,1,0,0.0856844305120167,0.0856844305120167,-0.002089864158829613,0.002089864158829613,0.0,0.0
gemma_3_12b_it,EBM-NLP,16295154,P2->P3,P2,P3,3,0.016217132409413654,1,1,1,1,1,0,0.02167487684729069,0.02167487684729069,-0.02561576354679801,0.02561576354679801,0.0,0.0
gemma_3_12b_it,EBM-NLP,16295154,P3->P4,P3,P4,3,0.3519919315973918,1,1,1,1,1,0,-0.0467532467532468,0.0467532467532468,-0.0935064935064936,0.0935064935064936,0.0,0.0
gemma_3_12b_it,EBM-NLP,16295154,P4->P5,P4,P5,3,0.3480366865793864,1,1,1,1,1,0,0.040404040404040414,0.040404040404040414,0.22895622895622897,0.22895622895622897,0.0,0.0
gemma_3_12b_it,EBM-NLP,16295154,P5->P6,P5,P6,3,5.960464477539063e-08,1,1,1,1,1,0,0.0,0.0,0.0,0.0,0.0,0.0
gemma_3_12b_it,EBM-NLP,16427787,P1->P2,P1,P2,3,0.012637813886006674,1,1,1,1,1,0,-0.2628205128205129,0.2628205128205129,-0.24038461538461553,0.24038461538461553,0.0,0.0
gemma_3_12b_it,EBM-NLP,16427787,P2->P3,P2,P3,3,0.015731751918792725,1,1,1,1,1,0,0.0625,0.0625,0.0,0.0,0.0,0.0
gemma_3_12b_it,EBM-NLP,16427787,P3->P4,P3,P4,3,0.029347360134124756,1,1,1,1,1,0,-0.04583333333333339,0.04583333333333339,0.025000000000000133,0.025000000000000133,0.0,0.0
gemma_3_12b_it,EBM-NLP,16427787,P4->P5,P4,P5,3,0.026747723420461018,1,1,1,1,1,0,-0.1185185185185185,0.1185185185185185,-0.2518518518518519,0.2518518518518519,0.0,0.0
gemma_3_12b_it,EBM-NLP,16427787,P5->P6,P5,P6,3,0.0485913356145223,1,1,1,1,1,0,0.2518518518518519,0.2518518518518519,0.2518518518518519,0.2518518518518519,0.0,0.0
gemma_3_12b_it,EBM-NLP,16505427,P1->P2,P1,P2,3,0.0009495218594868978,1,1,1,1,1,0,-0.007736943907156846,0.007736943907156846,-0.0019342359767892114,0.0019342359767892114,0.0,0.0
gemma_3_12b_it,EBM-NLP,16505427,P2->P3,P2,P3,3,0.0301285982131958,1,1,1,1,1,0,-0.008869179600886845,0.008869179600886845,0.09534368070953436,0.09534368070953436,0.0,0.0
gemma_3_12b_it,EBM-NLP,16505427,P3->P4,P3,P4,3,0.02334292729695638,1,1,1,1,1,0,-0.11105345096004149,0.11105345096004149,-0.09340944473274515,0.09340944473274515,0.0,0.0
gemma_3_12b_it,EBM-NLP,16505427,P4->P5,P4,P5,3,0.010579526424407959,1,1,1,1,1,0,0.013492475350285305,0.013492475350285305,-0.004151530877010923,0.004151530877010923,0.0,0.0
gemma_3_12b_it,EBM-NLP,16505427,P5->P6,P5,P6,3,0.003258506457010905,1,1,1,1,1,0,-0.010452961672473893,0.010452961672473893,0.03252032520325199,0.03252032520325199,0.0,0.0
gemma_3_12b_it,EBM-NLP,1669598,P1->P2,P1,P2,3,0.018816133340199787,1,1,1,1,1,0,0.025581395348837188,0.025581395348837188,-0.13139534883720932,0.13139534883720932,0.0,0.0
gemma_3_12b_it,EBM-NLP,1669598,P2->P3,P2,P3,3,0.013575772444407145,1,1,1,1,1,0,-0.01788908765652958,0.01788908765652958,-0.008348240906380533,0.008348240906380533,0.0,0.0
gemma_3_12b_it,EBM-NLP,1669598,P3->P4,P3,P4,3,0.04840783278147379,1,1,1,1,1,0,-0.0971659919028339,0.0971659919028339,0.06342780026990552,0.06342780026990552,0.0,0.0
gemma_3_12b_it,EBM-NLP,1669598,P4->P5,P4,P5,3,0.01530599594116211,1,1,1,1,1,0,0.059743954480796474,0.059743954480796474,0.17496443812233287,0.17496443812233287,0.0,0.0
gemma_3_12b_it,EBM-NLP,1669598,P5->P6,P5,P6,3,0.036003688971201576,1,1,1,1,1,0,0.045519203413940335,0.045519203413940335,-0.22759601706970117,0.22759601706970117,0.0,0.0
gemma_3_12b_it,EBM-NLP,17293018,P1->P2,P1,P2,3,0.013201971848805746,1,1,1,1,1,0,-0.048531289910600295,0.048531289910600295,-0.03831417624521066,0.03831417624521066,0.0,0.0
gemma_3_12b_it,EBM-NLP,17293018,P2->P3,P2,P3,3,0.025837103525797527,1,1,1,1,1,0,0.0,0.0,0.0,0.0,0.0,0.0
gemma_3_12b_it,EBM-NLP,17293018,P3->P4,P3,P4,3,0.00811547040939331,1,1,1,1,1,0,-0.010582010582010581,0.010582010582010581,-0.015873015873015928,0.015873015873015928,0.0,0.0
gemma_3_12b_it,EBM-NLP,17293018,P4->P5,P4,P5,3,0.011544525623321533,1,1,1,1,1,0,0.0,0.0,0.0714285714285714,0.0714285714285714,0.0,0.0
gemma_3_12b_it,EBM-NLP,17293018,P5->P6,P5,P6,3,0.0,1,1,1,1,1,0,0.0,0.0,0.0,0.0,0.0,0.0
gemma_3_12b_it,EBM-NLP,17321989,P1->P2,P1,P2,3,0.042593419551849365,1,1,1,1,1,0,-0.14675324675324677,0.14675324675324677,0.0025974025974027093,0.0025974025974027093,0.0,0.0
gemma_3_12b_it,EBM-NLP,17321989,P2->P3,P2,P3,3,0.035299599170684814,1,1,1,1,1,0,0.14675324675324677,0.14675324675324677,-0.0025974025974027093,0.0025974025974027093,0.0,0.0
gemma_3_12b_it,EBM-NLP,17321989,P3->P4,P3,P4,3,0.014418880144755045,1,1,1,1,1,0,-0.12305986696230597,0.12305986696230597,-0.1618625277161862,0.1618625277161862,0.0,0.0
gemma_3_12b_it,EBM-NLP,17321989,P4->P5,P4,P5,3,0.029282331466674805,1,1,1,1,1,0,-0.0808362369337979,0.0808362369337979,-0.12125435540069687,0.12125435540069687,0.0,0.0
gemma_3_12b_it,EBM-NLP,17321989,P5->P6,P5,P6,3,0.015574713548024496,1,1,1,1,1,0,-0.051785714285714296,0.051785714285714296,0.016071428571428487,0.016071428571428487,0.0,0.0
gemma_3_12b_it,EBM-NLP,17616069,P1->P2,P1,P2,3,0.011666377385457357,1,1,1,1,1,0,0.008403361344537785,0.008403361344537785,-0.04201680672268904,0.04201680672268904,0.0,0.0
gemma_3_12b_it,EBM-NLP,17616069,P2->P3,P2,P3,3,0.030564407507578533,1,1,1,1,1,0,-0.05169340463458108,0.05169340463458108,0.016042780748663055,0.016042780748663055,0.0,0.0
gemma_3_12b_it,EBM-NLP,17616069,P3->P4,P3,P4,3,0.03746825456619263,1,1,1,1,1,0,0.015640273704789903,0.015640273704789903,-0.09384164222873892,0.09384164222873892,0.0,0.0
gemma_3_12b_it,EBM-NLP,17616069,P4->P5,P4,P5,3,0.03550241390864054,1,1,1,1,1,0,0.07526881720430101,0.07526881720430101,0.01505376344086018,0.01505376344086018,0.0,0.0
gemma_3_12b_it,EBM-NLP,17616069,P5->P6,P5,P6,3,5.960464477539063e-08,1,1,1,1,1,0,0.0,0.0,0.0,0.0,0.0,0.0
gemma_3_12b_it,EBM-NLP,1780092,P1->P2,P1,P2,3,0.005083024501800537,1,1,1,1,1,0,0.0,0.0,0.0,0.0,0.0,0.0
gemma_3_12b_it,EBM-NLP,1780092,P2->P3,P2,P3,3,0.0056437452634175616,1,1,1,1,1,0,0.005698005698005687,0.005698005698005687,0.005698005698005687,0.005698005698005687,0.0,0.0
gemma_3_12b_it,EBM-NLP,1780092,P3->P4,P3,P4,3,0.04299527406692505,1,1,1,1,1,0,0.1070234113712375,0.1070234113712375,0.19397993311036799,0.19397993311036799,0.0,0.0
gemma_3_12b_it,EBM-NLP,1780092,P4->P5,P4,P5,3,0.014449755350748697,1,1,1,1,1,0,0.0248447204968944,0.0248447204968944,0.00931677018633531,0.00931677018633531,0.0,0.0
gemma_3_12b_it,EBM-NLP,1780092,P5->P6,P5,P6,3,0.012817482153574625,1,1,1,1,1,0,-0.0248447204968944,0.0248447204968944,-0.00931677018633531,0.00931677018633531,0.0,0.0
gemma_3_12b_it,EBM-NLP,17897478,P1->P2,P1,P2,3,0.018018027146657307,1,1,1,1,1,0,-0.12424242424242429,0.12424242424242429,0.027272727272727226,0.027272727272727226,0.0,0.0
gemma_3_12b_it,EBM-NLP,17897478,P2->P3,P2,P3,3,0.0006150404612223307,1,1,1,1,1,0,-0.03623188405797101,0.03623188405797101,-0.021739130434782705,0.021739130434782705,0.0,0.0
gemma_3_12b_it,EBM-NLP,17897478,P3->P4,P3,P4,3,0.009099423885345459,1,1,1,1,1,0,0.005928853754940705,0.005928853754940705,-0.06916996047430818,0.06916996047430818,0.0,0.0
gemma_3_12b_it,EBM-NLP,17897478,P4->P5,P4,P5,3,0.00033861398696899414,1,1,1,1,1,0,0.0414141414141414,0.0414141414141414,0.035353535353535304,0.035353535353535304,0.0,0.0
gemma_3_12b_it,EBM-NLP,17897478,P5->P6,P5,P6,3,0.0008280078570048014,1,1,1,1,1,0,-0.0802168021680216,0.0802168021680216,-0.054200542005420016,0.054200542005420016,0.0,0.0
gemma_3_12b_it,EBM-NLP,18077611,P1->P2,P1,P2,3,0.0016594131787618,1,1,1,1,1,0,-0.0355731225296442,0.0355731225296442,0.021739130434782594,0.021739130434782594,0.0,0.0
gemma_3_12b_it,EBM-NLP,18077611,P2->P3,P2,P3,3,1.9868214925130207e-08,1,1,1,1,1,0,0.0,0.0,0.0,0.0,0.0,0.0
gemma_3_12b_it,EBM-NLP,18077611,P3->P4,P3,P4,3,0.01670624812444051,1,1,1,1,1,0,0.09725158562367861,0.09725158562367861,0.011627906976744096,0.011627906976744096,0.0,0.0
gemma_3_12b_it,EBM-NLP,18077611,P4->P5,P4,P5,3,0.03192563851674398,1,1,1,1,1,0,-0.029069767441860406,0.029069767441860406,0.08837209302325588,0.08837209302325588,0.0,0.0
gemma_3_12b_it,EBM-NLP,18077611,P5->P6,P5,P6,3,0.0006598234176635742,1,1,1,1,1,0,0.0064102564102563875,0.0064102564102563875,-0.03589743589743588,0.03589743589743588,0.0,0.0
gemma_3_12b_it,EBM-NLP,18189160,P1->P2,P1,P2,3,0.0,1,1,0,0,0,0,0.0,0.0,0.0,0.0,0.0,0.0
gemma_3_12b_it,EBM-NLP,18189160,P2->P3,P2,P3,3,0.0,1,1,0,0,0,0,0.0,0.0,0.0,0.0,0.0,0.0
gemma_3_12b_it,EBM-NLP,18189160,P3->P4,P3,P4,3,1.0,1,1,0,1,0,0,0.3199999999999999,0.3199999999999999,0.44,0.44,0.0,0.0
gemma_3_12b_it,EBM-NLP,18189160,P4->P5,P4,P5,3,0.025956531365712483,1,1,1,1,1,0,-0.0751020408163264,0.0751020408163264,-0.11346938775510201,0.11346938775510201,0.0,0.0
gemma_3_12b_it,EBM-NLP,18189160,P5->P6,P5,P6,3,0.033570289611816406,1,1,1,1,1,0,0.034171808258186914,0.034171808258186914,-0.04746084480303758,0.04746084480303758,0.0,0.0
gemma_3_12b_it,EBM-NLP,18229990,P1->P2,P1,P2,3,0.015805403391520183,1,1,1,1,1,0,-0.2100840336134454,0.2100840336134454,-0.1470588235294118,0.1470588235294118,0.0,0.0
gemma_3_12b_it,EBM-NLP,18229990,P2->P3,P2,P3,3,1.9868214925130207e-08,1,1,1,1,1,0,0.0,0.0,0.0,0.0,0.0,0.0
gemma_3_12b_it,EBM-NLP,18229990,P3->P4,P3,P4,3,0.0030202865600585938,1,1,1,1,1,0,0.0714285714285714,0.0714285714285714,0.0,0.0,0.0,0.0
gemma_3_12b_it,EBM-NLP,18229990,P4->P5,P4,P5,3,0.011326273282368978,1,1,1,1,1,0,-0.09307359307359299,0.09307359307359299,-0.015151515151515083,0.015151515151515083,0.0,0.0
gemma_3_12b_it,EBM-NLP,18229990,P5->P6,P5,P6,3,0.0,1,1,1,1,1,0,0.0,0.0,0.0,0.0,0.0,0.0
gemma_3_12b_it,EBM-NLP,18337284,P1->P2,P1,P2,3,0.004016796747843425,1,1,1,1,1,0,-0.00770308123249297,0.00770308123249297,-0.06862745098039219,0.06862745098039219,0.0,0.0
gemma_3_12b_it,EBM-NLP,18337284,P2->P3,P2,P3,3,0.025252302487691242,1,1,1,1,1,0,-0.16738402678144432,0.16738402678144432,-0.1874701099952176,0.1874701099952176,0.0,0.0
gemma_3_12b_it,EBM-NLP,18337284,P3->P4,P3,P4,3,0.013702630996704102,1,1,1,1,1,0,0.19981238273921198,0.19981238273921198,0.25609756097560976,0.25609756097560976,0.0,0.0
gemma_3_12b_it,EBM-NLP,18337284,P4->P5,P4,P5,3,0.0360335111618042,1,1,1,1,1,0,-0.151031894934334,0.151031894934334,-0.25609756097560976,0.25609756097560976,0.0,0.0
gemma_3_12b_it,EBM-NLP,18337284,P5->P6,P5,P6,3,0.020552098751068115,1,1,1,1,1,0,0.004878048780487809,0.004878048780487809,0.006097560975609789,0.006097560975609789,0.0,0.0
gemma_3_12b_it,EBM-NLP,18503531,P1->P2,P1,P2,3,0.0,1,1,1,1,1,0,0.0,0.0,0.0,0.0,0.0,0.0
gemma_3_12b_it,EBM-NLP,18503531,P2->P3,P2,P3,3,0.0008615454037984213,1,1,1,1,1,0,-0.06190476190476191,0.06190476190476191,-0.07142857142857151,0.07142857142857151,0.0,0.0
gemma_3_12b_it,EBM-NLP,18503531,P3->P4,P3,P4,3,0.021395126978556316,1,1,1,1,1,0,0.0402298850574713,0.0402298850574713,0.051724137931034475,0.051724137931034475,0.0,0.0
gemma_3_12b_it,EBM-NLP,18503531,P4->P5,P4,P5,3,0.001722554365793864,1,1,1,1,1,0,0.0,0.0,0.06896551724137923,0.06896551724137923,0.0,0.0
gemma_3_12b_it,EBM-NLP,18503531,P5->P6,P5,P6,3,3.9736429850260414e-08,1,1,1,1,1,0,0.0,0.0,0.0,0.0,0.0,0.0
gemma_3_12b_it,EBM-NLP,18544974,P1->P2,P1,P2,3,0.0,1,1,1,1,1,0,0.0,0.0,0.0,0.0,0.0,0.0
gemma_3_12b_it,EBM-NLP,18544974,P2->P3,P2,P3,3,0.017113447189331055,1,1,1,1,1,0,0.015254917703733495,0.015254917703733495,0.024889602569249325,0.024889602569249325,0.0,0.0
gemma_3_12b_it,EBM-NLP,18544974,P3->P4,P3,P4,3,0.014985740184783936,1,1,1,1,1,0,-0.05899419729206956,0.05899419729206956,0.0831721470019342,0.0831721470019342,0.0,0.0
gemma_3_12b_it,EBM-NLP,18544974,P4->P5,P4,P5,3,0.01170891523361206,1,1,1,1,1,0,-0.045454545454545525,0.045454545454545525,-0.045454545454545525,0.045454545454545525,0.0,0.0
gemma_3_12b_it,EBM-NLP,18544974,P5->P6,P5,P6,3,0.002113004525502523,1,1,1,1,1,0,0.0,0.0,-0.13636363636363635,0.13636363636363635,0.0,0.0
gemma_3_12b_it,EBM-NLP,18773733,P1->P2,P1,P2,3,7.947285970052083e-08,1,1,1,1,1,0,-0.07333333333333339,0.07333333333333339,-0.07333333333333339,0.07333333333333339,0.0,0.0
gemma_3_12b_it,EBM-NLP,18773733,P2->P3,P2,P3,3,0.042609592278798424,1,1,1,1,1,0,0.023809523809523808,0.023809523809523808,0.023809523809523808,0.023809523809523808,0.0,0.0
gemma_3_12b_it,EBM-NLP,18773733,P3->P4,P3,P4,3,0.06111055612564087,1,1,1,1,1,0,0.04029304029304029,0.04029304029304029,0.04029304029304029,0.04029304029304029,0.0,0.0
gemma_3_12b_it,EBM-NLP,18773733,P4->P5,P4,P5,3,0.014292120933532715,1,1,1,1,1,0,-0.0641025641025641,0.0641025641025641,0.0192307692307693,0.0192307692307693,0.0,0.0
gemma_3_12b_it,EBM-NLP,18773733,P5->P6,P5,P6,3,0.012476662794748941,1,1,1,1,1,0,0.0,0.0,-0.0833333333333334,0.0833333333333334,0.0,0.0
gemma_3_12b_it,EBM-NLP,18783504,P1->P2,P1,P2,3,0.002895196278889974,1,1,1,1,1,0,0.05555555555555561,0.05555555555555561,-0.016666666666666663,0.016666666666666663,0.0,0.0
gemma_3_12b_it,EBM-NLP,18783504,P2->P3,P2,P3,3,0.002047717571258545,1,1,1,1,1,0,0.03309692671394798,0.03309692671394798,0.025531914893617114,0.025531914893617114,0.0,0.0
gemma_3_12b_it,EBM-NLP,18783504,P3->P4,P3,P4,3,0.046957274278004967,1,1,1,1,1,0,-0.1622958931222168,0.1622958931222168,-0.09995051954477985,0.09995051954477985,0.0,0.0
gemma_3_12b_it,EBM-NLP,18783504,P4->P5,P4,P5,3,0.058430254459381104,1,1,1,1,1,0,-0.04174120453190221,0.04174120453190221,-0.01788908765652958,0.01788908765652958,0.0,0.0
gemma_3_12b_it,EBM-NLP,18783504,P5->P6,P5,P6,3,0.0,1,1,1,1,1,0,0.0,0.0,0.0,0.0,0.0,0.0
gemma_3_12b_it,EBM-NLP,18845996,P1->P2,P1,P2,3,0.0007041692733764648,1,1,1,1,1,0,-0.008163265306122436,0.008163265306122436,-0.012244897959183598,0.012244897959183598,0.0,0.0
gemma_3_12b_it,EBM-NLP,18845996,P2->P3,P2,P3,3,0.008988897005716959,1,1,1,1,1,0,0.03902439024390231,0.03902439024390231,-0.06341463414634141,0.06341463414634141,0.0,0.0
gemma_3_12b_it,EBM-NLP,18845996,P3->P4,P3,P4,3,0.00964583953221639,1,1,1,1,1,0,0.0009756097560976174,0.0009756097560976174,0.023414634146341484,0.023414634146341484,0.0,0.0
gemma_3_12b_it,EBM-NLP,18845996,P4->P5,P4,P5,3,0.005395233631134033,1,1,1,1,1,0,-0.10666666666666669,0.10666666666666669,-0.13142857142857156,0.13142857142857156,0.0,0.0
gemma_3_12b_it,EBM-NLP,18845996,P5->P6,P5,P6,3,0.009097774823506674,1,1,1,1,1,0,-0.04065040650406504,0.04065040650406504,-0.0383275261324042,0.0383275261324042,0.0,0.0
gemma_3_12b_it,EBM-NLP,18958161,P1->P2,P1,P2,3,0.014106889565785726,1,1,1,1,1,0,0.0,0.0,-0.2103703703703703,0.2103703703703703,0.0,0.0
gemma_3_12b_it,EBM-NLP,18958161,P2->P3,P2,P3,3,0.015475650628407797,1,1,1,1,1,0,0.0,0.0,0.09,0.09,0.0,0.0
gemma_3_12b_it,EBM-NLP,18958161,P3->P4,P3,P4,3,0.08804873625437419,1,1,1,1,1,0,0.0689655172413793,0.0689655172413793,0.025862068965517182,0.025862068965517182,0.0,0.0
gemma_3_12b_it,EBM-NLP,18958161,P4->P5,P4,P5,3,0.01626350482304891,1,1,1,1,1,0,-0.0689655172413793,0.0689655172413793,-0.04509283819628648,0.04509283819628648,0.0,0.0
gemma_3_12b_it,EBM-NLP,18958161,P5->P6,P5,P6,3,0.06857858101526897,1,1,1,1,1,0,0.0,0.0,-0.0769230769230769,0.0769230769230769,0.0,0.0
gemma_3_12b_it,EBM-NLP,18975051,P1->P2,P1,P2,3,0.035394092400868736,1,1,1,1,1,0,0.023809523809523808,0.023809523809523808,-0.0714285714285714,0.0714285714285714,0.0,0.0
gemma_3_12b_it,EBM-NLP,18975051,P2->P3,P2,P3,3,1.0,1,1,1,0,0,1,-0.0952380952380952,0.0952380952380952,-0.2857142857142857,0.2857142857142857,0.0,0.0
gemma_3_12b_it,EBM-NLP,18975051,P3->P4,P3,P4,3,1.0,1,1,0,1,0,0,0.1,0.1,0.3,0.3,0.0,0.0
gemma_3_12b_it,EBM-NLP,18975051,P4->P5,P4,P5,3,0.03719482819239298,1,1,1,1,1,0,0.1,0.1,0.10000000000000003,0.10000000000000003,0.0,0.0
gemma_3_12b_it,EBM-NLP,18975051,P5->P6,P5,P6,3,0.03908224900563558,1,1,1,1,1,0,-0.08235294117647061,0.08235294117647061,-0.04705882352941182,0.04705882352941182,0.0,0.0
gemma_3_12b_it,EBM-NLP,19096921,P1->P2,P1,P2,3,0.0,1,1,1,1,1,0,0.0,0.0,0.0,0.0,0.0,0.0
gemma_3_12b_it,EBM-NLP,19096921,P2->P3,P2,P3,3,0.0,1,1,1,1,1,0,0.0,0.0,0.0,0.0,0.0,0.0
gemma_3_12b_it,EBM-NLP,19096921,P3->P4,P3,P4,3,0.002761979897816976,1,1,1,1,1,0,-0.125,0.125,-0.048387096774193616,0.048387096774193616,0.0,0.0
gemma_3_12b_it,EBM-NLP,19096921,P4->P5,P4,P5,3,0.005962530771891276,1,1,1,1,1,0,0.0,0.0,-0.10678531701890986,0.10678531701890986,0.0,0.0
gemma_3_12b_it,EBM-NLP,19096921,P5->P6,P5,P6,3,0.0013859470685323079,1,1,1,1,1,0,0.0,0.0,0.0,0.0,0.0,0.0
gemma_3_12b_it,EBM-NLP,19108790,P1->P2,P1,P2,3,0.010691622893015543,1,1,1,1,1,0,0.2033333333333332,0.2033333333333332,0.18041666666666667,0.18041666666666667,0.0,0.0
gemma_3_12b_it,EBM-NLP,19108790,P2->P3,P2,P3,3,0.009244998296101889,1,1,1,1,1,0,-0.2533333333333332,0.2533333333333332,-0.25333333333333335,0.25333333333333335,0.0,0.0
gemma_3_12b_it,EBM-NLP,19108790,P3->P4,P3,P4,3,0.022941092650095623,1,1,1,1,1,0,0.11249999999999999,0.11249999999999999,0.07291666666666669,0.07291666666666669,0.0,0.0
gemma_3_12b_it,EBM-NLP,19108790,P4->P5,P4,P5,3,0.03798462947209676,1,1,1,1,1,0,-0.2034090909090909,0.2034090909090909,-0.1880681818181818,0.1880681818181818,0.0,0.0
gemma_3_12b_it,EBM-NLP,19108790,P5->P6,P5,P6,3,0.0,1,1,1,1,1,0,0.0,0.0,0.0,0.0,0.0,0.0
gemma_3_12b_it,EBM-NLP,19159999,P1->P2,P1,P2,3,0.020985543727874756,1,1,1,1,1,0,0.026208026208026203,0.026208026208026203,0.09336609336609342,0.09336609336609342,0.0,0.0
gemma_3_12b_it,EBM-NLP,19159999,P2->P3,P2,P3,3,0.027159492174784344,1,1,1,1,1,0,-0.007130124777183611,0.007130124777183611,-0.06951871657754011,0.06951871657754011,0.0,0.0
gemma_3_12b_it,EBM-NLP,19159999,P3->P4,P3,P4,3,0.08535736799240112,1,1,1,1,1,0,0.022770398481973403,0.022770398481973403,0.09297912713472484,0.09297912713472484,0.0,0.0
gemma_3_12b_it,EBM-NLP,19159999,P4->P5,P4,P5,3,0.03190183639526367,1,1,1,1,1,0,-0.029493087557603687,0.029493087557603687,0.07004608294930875,0.07004608294930875,0.0,0.0
gemma_3_12b_it,EBM-NLP,19159999,P5->P6,P5,P6,3,0.03137584527333578,1,1,1,1,1,0,-0.0952380952380952,0.0952380952380952,-0.05714285714285705,0.05714285714285705,0.0,0.0
gemma_3_12b_it,EBM-NLP,19301724,P1->P2,P1,P2,3,0.028304775555928547,1,1,1,1,1,0,-0.07178043631245598,0.07178043631245598,-0.11541168191414497,0.11541168191414497,0.0,0.0
gemma_3_12b_it,EBM-NLP,19301724,P2->P3,P2,P3,3,0.039120654265085854,1,1,1,1,1,0,0.1595547309833024,0.1595547309833024,0.0326530612244898,0.0326530612244898,0.0,0.0
gemma_3_12b_it,EBM-NLP,19301724,P3->P4,P3,P4,3,0.024065852165222168,1,1,1,1,1,0,-0.008797653958944274,0.008797653958944274,0.019354838709677358,0.019354838709677358,0.0,0.0
gemma_3_12b_it,EBM-NLP,19301724,P4->P5,P4,P5,3,0.07805122931798299,1,1,1,1,1,0,-0.07576894223555891,0.07576894223555891,-0.0937734433608402,0.0937734433608402,0.0,0.0
gemma_3_12b_it,EBM-NLP,19301724,P5->P6,P5,P6,3,0.07615621884663899,1,1,1,1,1,0,-0.01820020222446911,0.01820020222446911,-0.02123356926188069,0.02123356926188069,0.0,0.0
gemma_3_12b_it,EBM-NLP,19376304,P1->P2,P1,P2,3,0.031177202860514324,1,1,1,1,1,0,0.04195804195804201,0.04195804195804201,-0.02097902097902088,0.02097902097902088,0.0,0.0
gemma_3_12b_it,EBM-NLP,19376304,P2->P3,P2,P3,3,0.004245499769846599,1,1,1,1,1,0,-0.022727272727272818,0.022727272727272818,-0.030303030303030387,0.030303030303030387,0.0,0.0
gemma_3_12b_it,EBM-NLP,19376304,P3->P4,P3,P4,3,0.01715034246444702,1,1,1,1,1,0,0.0500000000000001,0.0500000000000001,0.06666666666666671,0.06666666666666671,0.0,0.0
gemma_3_12b_it,EBM-NLP,19376304,P4->P5,P4,P5,3,0.009796679019927979,1,1,1,1,1,0,-0.01428571428571429,0.01428571428571429,-0.019047619047619035,0.019047619047619035,0.0,0.0
gemma_3_12b_it,EBM-NLP,19376304,P5->P6,P5,P6,3,0.02203879753748576,1,1,1,1,1,0,-0.012987012987012991,0.012987012987012991,-0.017316017316017285,0.017316017316017285,0.0,0.0
gemma_3_12b_it,EBM-NLP,1963383,P1->P2,P1,P2,3,0.016025841236114502,1,1,1,1,1,0,-0.036682615629984,0.036682615629984,-0.012759170653907526,0.012759170653907526,0.0,0.0
gemma_3_12b_it,EBM-NLP,1963383,P2->P3,P2,P3,3,0.01626529296239217,1,1,1,1,1,0,0.0326340326340326,0.0326340326340326,0.05594405594405599,0.05594405594405599,0.0,0.0
gemma_3_12b_it,EBM-NLP,1963383,P3->P4,P3,P4,3,0.038527071475982666,1,1,1,1,1,0,-0.09324009324009319,0.09324009324009319,-0.11655011655011657,0.11655011655011657,0.0,0.0
gemma_3_12b_it,EBM-NLP,1963383,P4->P5,P4,P5,3,0.003537158171335856,1,1,1,1,1,0,0.050505050505050504,0.050505050505050504,0.03535353535353539,0.03535353535353539,0.0,0.0
gemma_3_12b_it,EBM-NLP,1963383,P5->P6,P5,P6,3,0.0019077459971110027,1,1,1,1,1,0,-0.05228758169934641,0.05228758169934641,0.016339869281045694,0.016339869281045694,0.0,0.0
gemma_3_12b_it,EBM-NLP,1968178,P1->P2,P1,P2,3,0.010929067929585775,1,1,1,1,1,0,0.0,0.0,0.0,0.0,0.0,0.0
gemma_3_12b_it,EBM-NLP,1968178,P2->P3,P2,P3,3,1.9868214925130207e-08,1,1,1,1,1,0,0.0,0.0,0.0,0.0,0.0,0.0
gemma_3_12b_it,EBM-NLP,1968178,P3->P4,P3,P4,3,0.02253437042236328,1,1,1,1,1,0,-0.17391304347826086,0.17391304347826086,-0.0869565217391306,0.0869565217391306,0.0,0.0
gemma_3_12b_it,EBM-NLP,1968178,P4->P5,P4,P5,3,0.0,1,1,1,1,1,0,-0.007246376811594207,0.007246376811594207,0.06159420289855089,0.06159420289855089,0.0,0.0
gemma_3_12b_it,EBM-NLP,1968178,P5->P6,P5,P6,3,0.0,1,1,1,1,1,0,-0.0714285714285714,0.0714285714285714,-0.10714285714285726,0.10714285714285726,0.0,0.0
gemma_3_12b_it,EBM-NLP,19708562,P1->P2,P1,P2,3,0.005701283613840739,1,1,1,1,1,0,-0.08333333333333331,0.08333333333333331,0.0,0.0,0.0,0.0
gemma_3_12b_it,EBM-NLP,19708562,P2->P3,P2,P3,3,0.01750419537226359,1,1,1,1,1,0,0.022727272727272707,0.022727272727272707,-0.1287878787878789,0.1287878787878789,0.0,0.0
gemma_3_12b_it,EBM-NLP,19708562,P3->P4,P3,P4,3,0.027014235655466717,1,1,1,1,1,0,0.027272727272727282,0.027272727272727282,0.045454545454545525,0.045454545454545525,0.0,0.0
gemma_3_12b_it,EBM-NLP,19708562,P4->P5,P4,P5,3,0.0,1,1,1,1,1,0,0.0,0.0,0.0,0.0,0.0,0.0
gemma_3_12b_it,EBM-NLP,19708562,P5->P6,P5,P6,3,0.0,1,1,1,1,1,0,0.0,0.0,0.0,0.0,0.0,0.0
gemma_3_12b_it,EBM-NLP,19727232,P1->P2,P1,P2,3,0.020387510458628338,1,1,1,1,1,0,-0.006578947368421073,0.006578947368421073,-0.07894736842105249,0.07894736842105249,0.0,0.0
gemma_3_12b_it,EBM-NLP,19727232,P2->P3,P2,P3,3,0.019980053106943767,1,1,1,1,1,0,-0.06842105263157894,0.06842105263157894,-0.02105263157894749,0.02105263157894749,0.0,0.0
gemma_3_12b_it,EBM-NLP,19727232,P3->P4,P3,P4,3,0.021312495072682697,1,1,1,1,1,0,-0.08378378378378379,0.08378378378378379,-0.1837837837837837,0.1837837837837837,0.0,0.0
gemma_3_12b_it,EBM-NLP,19727232,P4->P5,P4,P5,3,0.0010497371355692546,1,1,1,1,1,0,0.09957325746799431,0.09957325746799431,0.15220483641536273,0.15220483641536273,0.0,0.0
gemma_3_12b_it,EBM-NLP,19727232,P5->P6,P5,P6,3,0.0002009868621826172,1,1,1,1,1,0,0.008534850640113778,0.008534850640113778,0.009957325746799472,0.009957325746799472,0.0,0.0
gemma_3_12b_it,EBM-NLP,19802506,P1->P2,P1,P2,3,0.0,1,1,0,0,0,0,0.0,0.0,0.0,0.0,0.0,0.0
gemma_3_12b_it,EBM-NLP,19802506,P2->P3,P2,P3,3,1.0,1,1,0,1,0,0,0.5,0.5,0.75,0.75,0.0,0.0
gemma_3_12b_it,EBM-NLP,19802506,P3->P4,P3,P4,3,0.006176551183064778,1,1,1,1,1,0,-0.03846153846153849,0.03846153846153849,-0.07307692307692315,0.07307692307692315,0.0,0.0
gemma_3_12b_it,EBM-NLP,19802506,P4->P5,P4,P5,3,0.013333102067311605,1,1,1,1,1,0,-0.1327713382507903,0.1327713382507903,-0.10158061116965211,0.10158061116965211,0.0,0.0
gemma_3_12b_it,EBM-NLP,19802506,P5->P6,P5,P6,3,0.007457474867502849,1,1,1,1,1,0,-0.016267123287671326,0.016267123287671326,-0.012842465753424737,0.012842465753424737,0.0,0.0
gemma_3_12b_it,EBM-NLP,20147856,P1->P2,P1,P2,3,0.007842501004536947,1,1,1,1,1,0,0.0,0.0,0.0,0.0,0.0,0.0
gemma_3_12b_it,EBM-NLP,20147856,P2->P3,P2,P3,3,0.04052195946375529,1,1,1,1,1,0,0.0035650623885918054,0.0035650623885918054,-0.10160427807486638,0.10160427807486638,0.0,0.0
gemma_3_12b_it,EBM-NLP,20147856,P3->P4,P3,P4,3,0.019851962725321453,1,1,1,1,1,0,-0.010101010101010097,0.010101010101010097,0.12121212121212122,0.12121212121212122,0.0,0.0
gemma_3_12b_it,EBM-NLP,20147856,P4->P5,P4,P5,3,0.0052733222643534345,1,1,1,1,1,0,0.006535947712418291,0.006535947712418291,-0.07843137254901966,0.07843137254901966,0.0,0.0
gemma_3_12b_it,EBM-NLP,20147856,P5->P6,P5,P6,3,0.006400008996327718,1,1,1,1,1,0,-0.006535947712418291,0.006535947712418291,0.022875816993464082,0.022875816993464082,0.0,0.0
gemma_3_12b_it,EBM-NLP,20189026,P1->P2,P1,P2,3,0.01771758000055949,1,1,1,1,1,0,-0.1328903654485049,0.1328903654485049,-0.17497231450719813,0.17497231450719813,0.0,0.0
gemma_3_12b_it,EBM-NLP,20189026,P2->P3,P2,P3,3,0.01704116662343343,1,1,1,1,1,0,0.05574912891986061,0.05574912891986061,0.06039488966318224,0.06039488966318224,0.0,0.0
gemma_3_12b_it,EBM-NLP,20189026,P3->P4,P3,P4,3,0.004983067512512207,1,1,1,1,1,0,-0.025673940949935803,0.025673940949935803,-0.11553273427471117,0.11553273427471117,0.0,0.0
gemma_3_12b_it,EBM-NLP,20189026,P4->P5,P4,P5,3,0.02520112196604411,1,1,1,1,1,0,-0.1443609022556391,0.1443609022556391,-0.07819548872180437,0.07819548872180437,0.0,0.0
gemma_3_12b_it,EBM-NLP,20189026,P5->P6,P5,P6,3,0.020603497823079426,1,1,1,1,1,0,0.05079365079365081,0.05079365079365081,0.04603174603174598,0.04603174603174598,0.0,0.0
gemma_3_12b_it,EBM-NLP,20226474,P1->P2,P1,P2,3,0.022816439469655354,1,1,1,1,1,0,-0.006186204763377612,0.006186204763377612,-0.019177234766470708,0.019177234766470708,0.0,0.0
gemma_3_12b_it,EBM-NLP,20226474,P2->P3,P2,P3,3,0.020057260990142822,1,1,1,1,1,0,-0.04542278127183791,0.04542278127183791,-0.048218029350104885,0.048218029350104885,0.0,0.0
gemma_3_12b_it,EBM-NLP,20226474,P3->P4,P3,P4,3,0.03991546233495077,1,1,1,1,1,0,0.01812450748620953,0.01812450748620953,-0.044917257683215084,0.044917257683215084,0.0,0.0
gemma_3_12b_it,EBM-NLP,20226474,P4->P5,P4,P5,3,0.011251270771026611,1,1,1,1,1,0,-0.0425531914893616,0.0425531914893616,-0.08510638297872347,0.08510638297872347,0.0,0.0
gemma_3_12b_it,EBM-NLP,20226474,P5->P6,P5,P6,3,0.0,1,1,1,1,1,0,-0.03515263644773364,0.03515263644773364,-0.03422756706753011,0.03422756706753011,0.0,0.0
gemma_3_12b_it,EBM-NLP,20509069,P1->P2,P1,P2,3,0.017735878626505535,1,1,1,1,1,0,-0.0636363636363636,0.0636363636363636,-0.13636363636363635,0.13636363636363635,0.0,0.0
gemma_3_12b_it,EBM-NLP,20509069,P2->P3,P2,P3,3,0.0,1,1,1,1,1,0,0.0,0.0,0.0,0.0,0.0,0.0
gemma_3_12b_it,EBM-NLP,20509069,P3->P4,P3,P4,3,0.03417402505874634,1,1,1,1,1,0,-0.08947368421052629,0.08947368421052629,-0.1842105263157895,0.1842105263157895,0.0,0.0
gemma_3_12b_it,EBM-NLP,20509069,P4->P5,P4,P5,3,0.04506490627924601,1,1,1,1,1,0,-0.2105263157894737,0.2105263157894737,0.0,0.0,0.0,0.0
gemma_3_12b_it,EBM-NLP,20509069,P5->P6,P5,P6,3,0.005925138791402181,1,1,1,1,1,0,0.1904761904761904,0.1904761904761904,0.1604010025062656,0.1604010025062656,0.0,0.0
gemma_3_12b_it,EBM-NLP,20560622,P1->P2,P1,P2,3,0.013921837011973063,1,1,1,1,1,0,-0.048387096774193616,0.048387096774193616,-0.0463709677419355,0.0463709677419355,0.0,0.0
gemma_3_12b_it,EBM-NLP,20560622,P2->P3,P2,P3,3,0.01309138536453247,1,1,1,1,1,0,0.048387096774193616,0.048387096774193616,0.1088709677419355,0.1088709677419355,0.0,0.0
gemma_3_12b_it,EBM-NLP,20560622,P3->P4,P3,P4,3,0.011640350023905436,1,1,1,1,1,0,0.045454545454545414,0.045454545454545414,0.16287878787878762,0.16287878787878762,0.0,0.0
gemma_3_12b_it,EBM-NLP,20560622,P4->P5,P4,P5,3,0.007639368375142415,1,1,1,1,1,0,-0.031168831168831068,0.031168831168831068,-0.10216450216450201,0.10216450216450201,0.0,0.0
gemma_3_12b_it,EBM-NLP,20560622,P5->P6,P5,P6,3,0.005340099334716797,1,1,1,1,1,0,0.05714285714285716,0.05714285714285716,0.05714285714285705,0.05714285714285705,0.0,0.0
gemma_3_12b_it,EBM-NLP,20618920,P1->P2,P1,P2,3,0.018995265165964764,1,1,1,1,1,0,0.05952380952380949,0.05952380952380949,0.23809523809523808,0.23809523809523808,0.0,0.0
gemma_3_12b_it,EBM-NLP,20618920,P2->P3,P2,P3,3,0.02055180072784424,1,1,1,1,1,0,-0.1428571428571428,0.1428571428571428,-0.2184873949579832,0.2184873949579832,0.0,0.0
gemma_3_12b_it,EBM-NLP,20618920,P3->P4,P3,P4,3,0.02490810553232829,1,1,1,1,1,0,0.2352941176470588,0.2352941176470588,0.23529411764705888,0.23529411764705888,0.0,0.0
gemma_3_12b_it,EBM-NLP,20618920,P4->P5,P4,P5,3,0.010224342346191406,1,1,1,1,1,0,0.031372549019607815,0.031372549019607815,-0.05490196078431375,0.05490196078431375,0.0,0.0
gemma_3_12b_it,EBM-NLP,20618920,P5->P6,P5,P6,3,0.027510643005371094,1,1,1,1,1,0,-0.2666666666666666,0.2666666666666666,-0.15833333333333333,0.15833333333333333,0.0,0.0
gemma_3_12b_it,EBM-NLP,2066441,P1->P2,P1,P2,3,0.014359037081400553,1,1,1,1,1,0,0.0,0.0,-0.05555555555555558,0.05555555555555558,0.0,0.0
gemma_3_12b_it,EBM-NLP,2066441,P2->P3,P2,P3,3,0.02924412488937378,1,1,1,1,1,0,0.0,0.0,0.1403508771929825,0.1403508771929825,0.0,0.0
gemma_3_12b_it,EBM-NLP,2066441,P3->P4,P3,P4,3,0.023370742797851562,1,1,1,1,1,0,0.0625,0.0625,-0.03618421052631593,0.03618421052631593,0.0,0.0
gemma_3_12b_it,EBM-NLP,2066441,P4->P5,P4,P5,3,0.02766476074854533,1,1,1,1,1,0,0.035060975609756004,0.035060975609756004,0.001524390243902607,0.001524390243902607,0.0,0.0
gemma_3_12b_it,EBM-NLP,2066441,P5->P6,P5,P6,3,0.0021208922068277993,1,1,1,1,1,0,0.005003126954346501,0.005003126954346501,0.022514071294559013,0.022514071294559013,0.0,0.0
gemma_3_12b_it,EBM-NLP,20739054,P1->P2,P1,P2,3,0.0010811686515808105,1,1,1,1,1,0,0.0,0.0,0.0,0.0,0.0,0.0
gemma_3_12b_it,EBM-NLP,20739054,P2->P3,P2,P3,3,0.0016322533289591472,1,1,1,1,1,0,0.06144200626959251,0.06144200626959251,0.09404388714733539,0.09404388714733539,0.0,0.0
gemma_3_12b_it,EBM-NLP,20739054,P3->P4,P3,P4,3,0.06286662817001343,1,1,1,1,1,0,-0.006896551724138,0.006896551724138,0.004137931034482734,0.004137931034482734,0.0,0.0
gemma_3_12b_it,EBM-NLP,20739054,P4->P5,P4,P5,3,0.04098739226659139,1,1,1,1,1,0,-0.027586206896551696,0.027586206896551696,-0.07310344827586202,0.07310344827586202,0.0,0.0
gemma_3_12b_it,EBM-NLP,20739054,P5->P6,P5,P6,3,0.015492737293243408,1,1,1,1,1,0,0.006690684508492084,0.006690684508492084,0.18116314976839942,0.18116314976839942,0.0,0.0
gemma_3_12b_it,EBM-NLP,20804366,P1->P2,P1,P2,3,0.03467478354771932,1,1,1,1,1,0,-0.1376344086021505,0.1376344086021505,-0.34193548387096756,0.34193548387096756,0.0,0.0
gemma_3_12b_it,EBM-NLP,20804366,P2->P3,P2,P3,3,0.03467478354771932,1,1,1,1,1,0,0.1376344086021505,0.1376344086021505,0.34193548387096756,0.34193548387096756,0.0,0.0
gemma_3_12b_it,EBM-NLP,20804366,P3->P4,P3,P4,3,0.012230177720387777,1,1,1,1,1,0,-0.11282051282051281,0.11282051282051281,-0.21538461538461529,0.21538461538461529,0.0,0.0
gemma_3_12b_it,EBM-NLP,20804366,P4->P5,P4,P5,3,0.003453711668650309,1,1,1,1,1,0,-0.020512820512820495,0.020512820512820495,0.14871794871794874,0.14871794871794874,0.0,0.0
gemma_3_12b_it,EBM-NLP,20804366,P5->P6,P5,P6,3,3.9736429850260414e-08,1,1,1,1,1,0,0.004597701149425287,0.004597701149425287,-0.05057471264367813,0.05057471264367813,0.0,0.0
gemma_3_12b_it,EBM-NLP,2088233,P1->P2,P1,P2,3,0.04901252190272013,1,1,1,1,1,0,-0.16,0.16,-0.10545454545454558,0.10545454545454558,0.0,0.0
gemma_3_12b_it,EBM-NLP,2088233,P2->P3,P2,P3,3,0.04145864645640055,1,1,1,1,1,0,0.2068965517241379,0.2068965517241379,0.02821316614420072,0.02821316614420072,0.0,0.0
gemma_3_12b_it,EBM-NLP,2088233,P3->P4,P3,P4,3,0.04500589768091837,1,1,1,1,1,0,-0.1116584564860427,0.1116584564860427,-0.10180623973727432,0.10180623973727432,0.0,0.0
gemma_3_12b_it,EBM-NLP,2088233,P4->P5,P4,P5,3,0.029490570227305096,1,1,1,1,1,0,-0.0952380952380952,0.0952380952380952,0.019047619047619146,0.019047619047619146,0.0,0.0
gemma_3_12b_it,EBM-NLP,2088233,P5->P6,P5,P6,3,0.0028656323750813804,1,1,1,1,1,0,0.0,0.0,0.0,0.0,0.0,0.0
gemma_3_12b_it,EBM-NLP,20943715,P1->P2,P1,P2,3,0.0006075104077657064,1,1,1,1,1,0,0.004524886877828094,0.004524886877828094,-0.023378582202111642,0.023378582202111642,0.0,0.0
gemma_3_12b_it,EBM-NLP,20943715,P2->P3,P2,P3,3,0.0010448694229125977,1,1,1,1,1,0,-0.0392156862745098,0.0392156862745098,-0.039215686274509776,0.039215686274509776,0.0,0.0
gemma_3_12b_it,EBM-NLP,20943715,P3->P4,P3,P4,3,0.004388252894083659,1,1,1,1,1,0,0.07058823529411762,0.07058823529411762,-0.16732026143790846,0.16732026143790846,0.0,0.0
gemma_3_12b_it,EBM-NLP,20943715,P4->P5,P4,P5,3,0.0010007421175638835,1,1,1,1,1,0,-0.08484848484848481,0.08484848484848481,0.013131313131313105,0.013131313131313105,0.0,0.0
gemma_3_12b_it,EBM-NLP,20943715,P5->P6,P5,P6,3,0.015714704990386963,1,1,1,1,1,0,0.013303769401330406,0.013303769401330406,-0.20066518847006654,0.20066518847006654,0.0,0.0
gemma_3_12b_it,EBM-NLP,21029638,P1->P2,P1,P2,3,0.011255224545796713,1,1,1,1,1,0,-0.008410428931875519,0.008410428931875519,-0.03700588730025231,0.03700588730025231,0.0,0.0
gemma_3_12b_it,EBM-NLP,21029638,P2->P3,P2,P3,3,0.02446391185124715,1,1,1,1,1,0,-0.004597701149425287,0.004597701149425287,-0.006896551724137889,0.006896551724137889,0.0,0.0
gemma_3_12b_it,EBM-NLP,21029638,P3->P4,P3,P4,3,0.02791672945022583,1,1,1,1,1,0,0.004597701149425287,0.004597701149425287,0.07586206896551717,0.07586206896551717,0.0,0.0
gemma_3_12b_it,EBM-NLP,21029638,P4->P5,P4,P5,3,0.0034685134887695312,1,1,1,1,1,0,0.04956896551724141,0.04956896551724141,0.03663793103448282,0.03663793103448282,0.0,0.0
gemma_3_12b_it,EBM-NLP,21029638,P5->P6,P5,P6,3,0.0034685134887695312,1,1,1,1,1,0,-0.054166666666666696,0.054166666666666696,-0.04583333333333339,0.04583333333333339,0.0,0.0
gemma_3_12b_it,EBM-NLP,21106663,P1->P2,P1,P2,3,0.0019704103469848633,1,1,1,1,1,0,0.0357142857142857,0.0357142857142857,-0.0357142857142857,0.0357142857142857,0.0,0.0
gemma_3_12b_it,EBM-NLP,21106663,P2->P3,P2,P3,3,0.03653875986735026,1,1,1,1,1,0,-0.012987012987012991,0.012987012987012991,0.0735930735930736,0.0735930735930736,0.0,0.0
gemma_3_12b_it,EBM-NLP,21106663,P3->P4,P3,P4,3,0.04745312531789144,1,1,1,1,1,0,-0.1616161616161616,0.1616161616161616,-0.23232323232323226,0.23232323232323226,0.0,0.0
gemma_3_12b_it,EBM-NLP,21106663,P4->P5,P4,P5,3,0.016386806964874268,1,1,1,1,1,0,0.0,0.0,0.0,0.0,0.0,0.0
gemma_3_12b_it,EBM-NLP,21106663,P5->P6,P5,P6,3,0.0,1,1,1,1,1,0,0.0,0.0,0.0,0.0,0.0,0.0
gemma_3_12b_it,EBM-NLP,21170734,P1->P2,P1,P2,3,0.042744855086008705,1,1,1,1,1,0,-0.074074074074074,0.074074074074074,-0.1706924315619967,0.1706924315619967,0.0,0.0
gemma_3_12b_it,EBM-NLP,21170734,P2->P3,P2,P3,3,0.06388131777445476,1,1,1,1,1,0,0.1714285714285714,0.1714285714285714,-0.11925465838509328,0.11925465838509328,0.0,0.0
gemma_3_12b_it,EBM-NLP,21170734,P3->P4,P3,P4,3,0.051521758238474526,1,1,1,1,1,0,-0.1714285714285714,0.1714285714285714,0.09142857142857139,0.09142857142857139,0.0,0.0
gemma_3_12b_it,EBM-NLP,21170734,P4->P5,P4,P5,3,0.04294029871622721,1,1,1,1,1,0,0.1599999999999999,0.1599999999999999,0.0,0.0,0.0,0.0
gemma_3_12b_it,EBM-NLP,21170734,P5->P6,P5,P6,3,0.04379842678705851,1,1,1,1,1,0,-0.006153846153846093,0.006153846153846093,-0.012307692307692297,0.012307692307692297,0.0,0.0
gemma_3_12b_it,EBM-NLP,21211686,P1->P2,P1,P2,3,1.0,1,1,1,0,0,1,-0.4117647058823529,0.4117647058823529,-0.6176470588235294,0.6176470588235294,0.0,0.0
gemma_3_12b_it,EBM-NLP,21211686,P2->P3,P2,P3,3,1.0,1,1,0,1,0,0,0.1724137931034482,0.1724137931034482,0.4137931034482758,0.4137931034482758,0.0,0.0
gemma_3_12b_it,EBM-NLP,21211686,P3->P4,P3,P4,3,0.012991686662038168,1,1,1,1,1,0,0.006157635467980288,0.006157635467980288,-0.056650246305418706,0.056650246305418706,0.0,0.0
gemma_3_12b_it,EBM-NLP,21211686,P4->P5,P4,P5,3,0.0328792929649353,1,1,1,1,1,0,0.09835164835164839,0.09835164835164839,0.10439560439560441,0.10439560439560441,0.0,0.0
gemma_3_12b_it,EBM-NLP,21211686,P5->P6,P5,P6,3,0.01950232187906901,1,1,1,1,1,0,0.2030769230769232,0.2030769230769232,0.1784615384615385,0.1784615384615385,0.0,0.0
gemma_3_12b_it,EBM-NLP,21393467,P1->P2,P1,P2,3,0.029091238975524902,1,1,1,1,1,0,0.1,0.1,0.1,0.1,0.0,0.0
gemma_3_12b_it,EBM-NLP,21393467,P2->P3,P2,P3,3,9.934107462565105e-08,1,1,1,1,1,0,-0.0047619047619048005,0.0047619047619048005,0.09047619047619049,0.09047619047619049,0.0,0.0
gemma_3_12b_it,EBM-NLP,21393467,P3->P4,P3,P4,3,0.013862848281860352,1,1,1,1,1,0,-0.0952380952380952,0.0952380952380952,0.05952380952380951,0.05952380952380951,0.0,0.0
gemma_3_12b_it,EBM-NLP,21393467,P4->P5,P4,P5,3,0.01042938232421875,1,1,1,1,1,0,0.0714285714285714,0.0714285714285714,0.0357142857142857,0.0357142857142857,0.0,0.0
gemma_3_12b_it,EBM-NLP,21393467,P5->P6,P5,P6,3,0.009316464265187582,1,1,1,1,1,0,0.1024844720496895,0.1024844720496895,0.06211180124223609,0.06211180124223609,0.0,0.0
gemma_3_12b_it,EBM-NLP,21491990,P1->P2,P1,P2,3,0.064028799533844,1,1,1,1,1,0,0.0,0.0,-0.1333333333333333,0.1333333333333333,0.0,0.0
gemma_3_12b_it,EBM-NLP,21491990,P2->P3,P2,P3,3,0.08066034317016602,1,1,1,1,1,0,0.002298850574712699,0.002298850574712699,0.07586206896551728,0.07586206896551728,0.0,0.0
gemma_3_12b_it,EBM-NLP,21491990,P3->P4,P3,P4,3,0.03230863809585571,1,1,1,1,1,0,-0.004449388209121302,0.004449388209121302,0.11123470522803103,0.11123470522803103,0.0,0.0
gemma_3_12b_it,EBM-NLP,21491990,P4->P5,P4,P5,3,0.010288476943969727,1,1,1,1,1,0,0.004449388209121302,0.004449388209121302,-0.042269187986651746,0.042269187986651746,0.0,0.0
gemma_3_12b_it,EBM-NLP,21491990,P5->P6,P5,P6,3,0.046943604946136475,1,1,1,1,1,0,-0.013409961685823799,0.013409961685823799,-0.17816091954022997,0.17816091954022997,0.0,0.0
gemma_3_12b_it,EBM-NLP,21669557,P1->P2,P1,P2,3,0.044348180294036865,1,1,1,1,1,0,0.1047619047619048,0.1047619047619048,0.0761904761904762,0.0761904761904762,0.0,0.0
gemma_3_12b_it,EBM-NLP,21669557,P2->P3,P2,P3,3,0.006847302118937175,1,1,1,1,1,0,-0.009523809523809601,0.009523809523809601,0.04285714285714293,0.04285714285714293,0.0,0.0
gemma_3_12b_it,EBM-NLP,21669557,P3->P4,P3,P4,3,0.1197993556658427,1,1,1,1,1,0,-0.0666666666666666,0.0666666666666666,-0.1000000000000002,0.1000000000000002,0.0,0.0
gemma_3_12b_it,EBM-NLP,21669557,P4->P5,P4,P5,3,0.051231821378072105,1,1,1,1,1,0,-0.024242424242424204,0.024242424242424204,-0.03636363636363632,0.03636363636363632,0.0,0.0
gemma_3_12b_it,EBM-NLP,21669557,P5->P6,P5,P6,3,5.960464477539063e-08,1,1,1,1,1,0,0.0,0.0,0.0,0.0,0.0,0.0
gemma_3_12b_it,EBM-NLP,21718094,P1->P2,P1,P2,3,0.00943662722905477,1,1,1,1,1,0,0.0,0.0,-0.050098879367172056,0.050098879367172056,0.0,0.0
gemma_3_12b_it,EBM-NLP,21718094,P2->P3,P2,P3,3,0.009122530619303385,1,1,1,1,1,0,0.0,0.0,0.08494208494208477,0.08494208494208477,0.0,0.0
gemma_3_12b_it,EBM-NLP,21718094,P3->P4,P3,P4,3,0.04113948345184326,1,1,1,1,1,0,0.0,0.0,-0.1471861471861471,0.1471861471861471,0.0,0.0
gemma_3_12b_it,EBM-NLP,21718094,P4->P5,P4,P5,3,0.033677121003468834,1,1,1,1,1,0,0.0,0.0,0.04944178628389151,0.04944178628389151,0.0,0.0
gemma_3_12b_it,EBM-NLP,21718094,P5->P6,P5,P6,3,0.018622676531473797,1,1,1,1,1,0,0.0,0.0,-0.2667876588021778,0.2667876588021778,0.0,0.0
gemma_3_12b_it,EBM-NLP,21866656,P1->P2,P1,P2,3,0.013275245825449625,1,1,1,1,1,0,0.1888111888111888,0.1888111888111888,0.10839160839160844,0.10839160839160844,0.0,0.0
gemma_3_12b_it,EBM-NLP,21866656,P2->P3,P2,P3,3,0.001199801762898763,1,1,1,1,1,0,-0.1504273504273504,0.1504273504273504,-0.07606837606837613,0.07606837606837613,0.0,0.0
gemma_3_12b_it,EBM-NLP,21866656,P3->P4,P3,P4,3,0.014329473177591959,1,1,1,1,1,0,-0.04444444444444451,0.04444444444444451,-0.13333333333333325,0.13333333333333325,0.0,0.0
gemma_3_12b_it,EBM-NLP,21866656,P4->P5,P4,P5,3,0.020035783449808758,1,1,1,1,1,0,0.0747967479674797,0.0747967479674797,0.043360433604336,0.043360433604336,0.0,0.0
gemma_3_12b_it,EBM-NLP,21866656,P5->P6,P5,P6,3,1.9868214925130207e-08,1,1,1,1,1,0,0.0,0.0,0.0,0.0,0.0,0.0
gemma_3_12b_it,EBM-NLP,2188766,P1->P2,P1,P2,3,0.031807899475097656,1,1,1,1,1,0,0.0,0.0,0.0,0.0,0.0,0.0
gemma_3_12b_it,EBM-NLP,2188766,P2->P3,P2,P3,3,0.0407295823097229,1,1,1,1,1,0,0.03861003861003859,0.03861003861003859,-0.027799227799227832,0.027799227799227832,0.0,0.0
gemma_3_12b_it,EBM-NLP,2188766,P3->P4,P3,P4,3,0.04536585013071696,1,1,1,1,1,0,0.054054054054054,0.054054054054054,0.16216216216216206,0.16216216216216206,0.0,0.0
gemma_3_12b_it,EBM-NLP,2188766,P4->P5,P4,P5,3,0.0002342859903971354,1,1,1,1,1,0,0.010510510510510607,0.010510510510510607,-0.03753753753753741,0.03753753753753741,0.0,0.0
gemma_3_12b_it,EBM-NLP,2188766,P5->P6,P5,P6,3,7.947285970052083e-08,1,1,1,1,1,0,0.0,0.0,0.0,0.0,0.0,0.0
gemma_3_12b_it,EBM-NLP,21896676,P1->P2,P1,P2,3,0.006854534149169922,1,1,1,1,1,0,0.019219219219219305,0.019219219219219305,0.1753753753753753,0.1753753753753753,0.0,0.0
gemma_3_12b_it,EBM-NLP,21896676,P2->P3,P2,P3,3,0.009167671203613281,1,1,1,1,1,0,0.006177606177606099,0.006177606177606099,-0.08648648648648649,0.08648648648648649,0.0,0.0
gemma_3_12b_it,EBM-NLP,21896676,P3->P4,P3,P4,3,0.00796055793762207,1,1,1,1,1,0,0.023645320197044392,0.023645320197044392,0.01379310344827589,0.01379310344827589,0.0,0.0
gemma_3_12b_it,EBM-NLP,21896676,P4->P5,P4,P5,3,0.014345864454905191,1,1,1,1,1,0,0.0,0.0,-0.06896551724137923,0.06896551724137923,0.0,0.0
gemma_3_12b_it,EBM-NLP,21896676,P5->P6,P5,P6,3,0.0025794506072998047,1,1,1,1,1,0,-0.050974512743628186,0.050974512743628186,-0.08395802098950539,0.08395802098950539,0.0,0.0
gemma_3_12b_it,EBM-NLP,21914768,P1->P2,P1,P2,3,0.010665178298950195,1,1,1,1,1,0,-0.08080808080808077,0.08080808080808077,-0.101010101010101,0.101010101010101,0.0,0.0
gemma_3_12b_it,EBM-NLP,21914768,P2->P3,P2,P3,3,0.0052471160888671875,1,1,1,1,1,0,0.0,0.0,0.0,0.0,0.0,0.0
gemma_3_12b_it,EBM-NLP,21914768,P3->P4,P3,P4,3,0.04297159115473429,1,1,1,1,1,0,0.02777777777777779,0.02777777777777779,0.05555555555555558,0.05555555555555558,0.0,0.0
gemma_3_12b_it,EBM-NLP,21914768,P4->P5,P4,P5,3,0.05415270725886027,1,1,1,1,1,0,0.04629629629629628,0.04629629629629628,0.09259259259259256,0.09259259259259256,0.0,0.0
gemma_3_12b_it,EBM-NLP,21914768,P5->P6,P5,P6,3,0.016442795594533283,1,1,1,1,1,0,0.1837037037037037,0.1837037037037037,-0.032592592592592506,0.032592592592592506,0.0,0.0
gemma_3_12b_it,EBM-NLP,21924760,P1->P2,P1,P2,3,0.020300447940826416,1,1,1,1,1,0,0.0015873015873016025,0.0015873015873016025,0.006349206349206382,0.006349206349206382,0.0,0.0
gemma_3_12b_it,EBM-NLP,21924760,P2->P3,P2,P3,3,0.021216193834940594,1,1,1,1,1,0,0.0034632034632035014,0.0034632034632035014,0.013852813852813811,0.013852813852813811,0.0,0.0
gemma_3_12b_it,EBM-NLP,21924760,P3->P4,P3,P4,3,0.011775851249694824,1,1,1,1,1,0,-0.0017825311942959027,0.0017825311942959027,0.05169340463458108,0.05169340463458108,0.0,0.0
gemma_3_12b_it,EBM-NLP,21924760,P4->P5,P4,P5,3,0.038428664207458496,1,1,1,1,1,0,0.010141987829614597,0.010141987829614597,-0.08722109533468558,0.08722109533468558,0.0,0.0
gemma_3_12b_it,EBM-NLP,21924760,P5->P6,P5,P6,3,0.03532175223032633,1,1,1,1,1,0,-0.0689655172413793,0.0689655172413793,0.0,0.0,0.0,0.0
gemma_3_12b_it,EBM-NLP,21975269,P1->P2,P1,P2,3,0.019147733847300213,1,1,1,1,1,0,-0.0486815415821501,0.0486815415821501,-0.27383367139959436,0.27383367139959436,0.0,0.0
gemma_3_12b_it,EBM-NLP,21975269,P2->P3,P2,P3,3,0.008580545584360758,1,1,1,1,1,0,0.06436781609195401,0.06436781609195401,0.12873563218390802,0.12873563218390802,0.0,0.0
gemma_3_12b_it,EBM-NLP,21975269,P3->P4,P3,P4,3,0.006636182467142741,1,1,1,1,1,0,-0.06666666666666671,0.06666666666666671,-0.06666666666666671,0.06666666666666671,0.0,0.0
gemma_3_12b_it,EBM-NLP,21975269,P4->P5,P4,P5,3,0.004812379678090413,1,1,1,1,1,0,0.09549549549549549,0.09549549549549549,0.2324324324324325,0.2324324324324325,0.0,0.0
gemma_3_12b_it,EBM-NLP,21975269,P5->P6,P5,P6,3,0.000657200813293457,1,1,1,1,1,0,-0.04787644787644779,0.04787644787644779,-0.03243243243243249,0.03243243243243249,0.0,0.0
gemma_3_12b_it,EBM-NLP,21982657,P1->P2,P1,P2,3,0.0027210513750712075,1,1,1,1,1,0,-0.0381760339342524,0.0381760339342524,-0.08271474019088021,0.08271474019088021,0.0,0.0
gemma_3_12b_it,EBM-NLP,21982657,P2->P3,P2,P3,3,0.027688145637512207,1,1,1,1,1,0,0.26233062330623313,0.26233062330623313,0.18319783197831985,0.18319783197831985,0.0,0.0
gemma_3_12b_it,EBM-NLP,21982657,P3->P4,P3,P4,3,0.010211547215779623,1,1,1,1,1,0,-0.09371980676328512,0.09371980676328512,-0.01352657004830915,0.01352657004830915,0.0,0.0
gemma_3_12b_it,EBM-NLP,21982657,P4->P5,P4,P5,3,0.014112750689188639,1,1,1,1,1,0,-0.067391304347826,0.067391304347826,-0.05869565217391315,0.05869565217391315,0.0,0.0
gemma_3_12b_it,EBM-NLP,21982657,P5->P6,P5,P6,3,0.009206136067708334,1,1,1,1,1,0,0.0551282051282051,0.0551282051282051,0.014102564102564163,0.014102564102564163,0.0,0.0
gemma_3_12b_it,EBM-NLP,22154769,P1->P2,P1,P2,3,0.023653467496236164,1,1,1,1,1,0,0.006976744186046602,0.006976744186046602,0.0244186046511628,0.0244186046511628,0.0,0.0
gemma_3_12b_it,EBM-NLP,22154769,P2->P3,P2,P3,3,0.01806674400965373,1,1,1,1,1,0,-0.006976744186046602,0.006976744186046602,-0.0244186046511628,0.0244186046511628,0.0,0.0
gemma_3_12b_it,EBM-NLP,22154769,P3->P4,P3,P4,3,0.02567046880722046,1,1,1,1,1,0,0.01223990208078339,0.01223990208078339,-0.11505507955936359,0.11505507955936359,0.0,0.0
gemma_3_12b_it,EBM-NLP,22154769,P4->P5,P4,P5,3,0.015886624654134113,1,1,1,1,1,0,-0.0026990553306342896,0.0026990553306342896,-0.05668016194331979,0.05668016194331979,0.0,0.0
gemma_3_12b_it,EBM-NLP,22154769,P5->P6,P5,P6,3,0.010103225708007812,1,1,1,1,1,0,0.0026990553306342896,0.0026990553306342896,0.05668016194331979,0.05668016194331979,0.0,0.0
gemma_3_12b_it,EBM-NLP,2223363,P1->P2,P1,P2,3,0.01787016789118449,1,1,1,1,1,0,0.021645021645021634,0.021645021645021634,0.030303030303030276,0.030303030303030276,0.0,0.0
gemma_3_12b_it,EBM-NLP,2223363,P2->P3,P2,P3,3,3.9736429850260414e-08,1,1,1,1,1,0,-0.05513784461152871,0.05513784461152871,-0.14035087719298245,0.14035087719298245,0.0,0.0
gemma_3_12b_it,EBM-NLP,2223363,P3->P4,P3,P4,3,0.006040493647257487,1,1,1,1,1,0,-0.10526315789473689,0.10526315789473689,0.10526315789473684,0.10526315789473684,0.0,0.0
gemma_3_12b_it,EBM-NLP,2223363,P4->P5,P4,P5,3,0.0,1,1,1,1,1,0,-0.01578947368421052,0.01578947368421052,-0.03157894736842104,0.03157894736842104,0.0,0.0
gemma_3_12b_it,EBM-NLP,2223363,P5->P6,P5,P6,3,0.008655786514282227,1,1,1,1,1,0,0.01578947368421052,0.01578947368421052,-0.0736842105263158,0.0736842105263158,0.0,0.0
gemma_3_12b_it,EBM-NLP,2224060,P1->P2,P1,P2,3,0.02346483866373698,1,1,1,1,1,0,-0.02832244008714599,0.02832244008714599,-0.04139433551198268,0.04139433551198268,0.0,0.0
gemma_3_12b_it,EBM-NLP,2224060,P2->P3,P2,P3,3,0.015863200028737385,1,1,1,1,1,0,0.045400238948626076,0.045400238948626076,0.016726403823178082,0.016726403823178082,0.0,0.0
gemma_3_12b_it,EBM-NLP,2224060,P3->P4,P3,P4,3,0.015863200028737385,1,1,1,1,1,0,-0.045400238948626076,0.045400238948626076,-0.016726403823178082,0.016726403823178082,0.0,0.0
gemma_3_12b_it,EBM-NLP,2224060,P4->P5,P4,P5,3,0.0017304619153340657,1,1,1,1,1,0,0.011851851851851891,0.011851851851851891,0.029629629629629617,0.029629629629629617,0.0,0.0
gemma_3_12b_it,EBM-NLP,2224060,P5->P6,P5,P6,3,0.0267872412999471,1,1,1,1,1,0,-0.0975,0.0975,-0.08749999999999991,0.08749999999999991,0.0,0.0
gemma_3_12b_it,EBM-NLP,22271197,P1->P2,P1,P2,3,0.0029468933741251626,1,1,1,1,1,0,-0.0687830687830688,0.0687830687830688,-0.06349206349206349,0.06349206349206349,0.0,0.0
gemma_3_12b_it,EBM-NLP,22271197,P2->P3,P2,P3,3,0.006414333979288737,1,1,1,1,1,0,0.085925925925926,0.085925925925926,0.0977777777777778,0.0977777777777778,0.0,0.0
gemma_3_12b_it,EBM-NLP,22271197,P3->P4,P3,P4,3,0.04553274313608805,1,1,1,1,1,0,-0.16,0.16,-0.32,0.32,0.0,0.0
gemma_3_12b_it,EBM-NLP,22271197,P4->P5,P4,P5,3,0.0673755407333374,1,1,1,1,1,0,0.0,0.0,0.0,0.0,0.0,0.0
gemma_3_12b_it,EBM-NLP,22271197,P5->P6,P5,P6,3,0.10265914599100749,1,1,1,1,1,0,0.0833333333333333,0.0833333333333333,0.1666666666666666,0.1666666666666666,0.0,0.0
gemma_3_12b_it,EBM-NLP,22341427,P1->P2,P1,P2,3,3.9736429850260414e-08,1,1,1,1,1,0,0.0,0.0,0.0,0.0,0.0,0.0
gemma_3_12b_it,EBM-NLP,22341427,P2->P3,P2,P3,3,3.9736429850260414e-08,1,1,1,1,1,0,0.0,0.0,0.0,0.0,0.0,0.0
gemma_3_12b_it,EBM-NLP,22341427,P3->P4,P3,P4,3,0.025007208188374836,1,1,1,1,1,0,0.0,0.0,-0.056451612903225895,0.056451612903225895,0.0,0.0
gemma_3_12b_it,EBM-NLP,22341427,P4->P5,P4,P5,3,0.017939984798431396,1,1,1,1,1,0,0.0816326530612244,0.0816326530612244,0.010533245556287096,0.010533245556287096,0.0,0.0
gemma_3_12b_it,EBM-NLP,22341427,P5->P6,P5,P6,3,0.008831342061360678,1,1,1,1,1,0,0.007256235827664395,0.007256235827664395,0.01814058956916101,0.01814058956916101,0.0,0.0
gemma_3_12b_it,EBM-NLP,22416755,P1->P2,P1,P2,3,3.9736429850260414e-08,1,1,1,1,1,0,0.0,0.0,0.0,0.0,0.0,0.0
gemma_3_12b_it,EBM-NLP,22416755,P2->P3,P2,P3,3,0.0019508202870686848,1,1,1,1,1,0,0.0,0.0,0.0,0.0,0.0,0.0
gemma_3_12b_it,EBM-NLP,22416755,P3->P4,P3,P4,3,0.017542461554209392,1,1,1,1,1,0,-1.1102230246251565e-16,1.1102230246251565e-16,-0.059523809523809534,0.059523809523809534,0.0,0.0
gemma_3_12b_it,EBM-NLP,22416755,P4->P5,P4,P5,3,0.0067547957102457685,1,1,1,1,1,0,-0.17999999999999988,0.17999999999999988,-0.18333333333333335,0.18333333333333335,0.0,0.0
gemma_3_12b_it,EBM-NLP,22416755,P5->P6,P5,P6,3,0.027365843454996746,1,1,1,1,1,0,-0.08923076923076931,0.08923076923076931,-0.015384615384615441,0.015384615384615441,0.0,0.0
gemma_3_12b_it,EBM-NLP,22420121,P1->P2,P1,P2,3,0.012111167112986246,1,1,1,1,1,0,0.035842293906810097,0.035842293906810097,0.07168458781362019,0.07168458781362019,0.0,0.0
gemma_3_12b_it,EBM-NLP,22420121,P2->P3,P2,P3,3,0.010689139366149902,1,1,1,1,1,0,-0.0815939278937382,0.0815939278937382,-0.04554079696394703,0.04554079696394703,0.0,0.0
gemma_3_12b_it,EBM-NLP,22420121,P3->P4,P3,P4,3,0.005213618278503418,1,1,1,1,1,0,0.05080213903743311,0.05080213903743311,-0.06149732620320858,0.06149732620320858,0.0,0.0
gemma_3_12b_it,EBM-NLP,22420121,P4->P5,P4,P5,3,0.010100344816843668,1,1,1,1,1,0,0.07575757575757577,0.07575757575757577,0.0757575757575758,0.0757575757575758,0.0,0.0
gemma_3_12b_it,EBM-NLP,22420121,P5->P6,P5,P6,3,0.002986947695414225,1,1,1,1,1,0,-0.12121212121212119,0.12121212121212119,0.0,0.0,0.0,0.0
gemma_3_12b_it,EBM-NLP,22435114,P1->P2,P1,P2,3,1.0,1,1,0,1,0,0,0.25,0.25,0.6875000000000001,0.6875000000000001,0.0,0.0
gemma_3_12b_it,EBM-NLP,22435114,P2->P3,P2,P3,3,0.007810314496358235,1,1,1,1,1,0,-0.03571428571428581,0.03571428571428581,-0.11607142857142871,0.11607142857142871,0.0,0.0
gemma_3_12b_it,EBM-NLP,22435114,P3->P4,P3,P4,3,0.024377326170603435,1,1,1,1,1,0,0.00793650793650802,0.00793650793650802,-0.015873015873015817,0.015873015873015817,0.0,0.0
gemma_3_12b_it,EBM-NLP,22435114,P4->P5,P4,P5,3,0.0017541845639546712,1,1,1,1,1,0,-0.006006006006006009,0.006006006006006009,-0.01501501501501512,0.01501501501501512,0.0,0.0
gemma_3_12b_it,EBM-NLP,22435114,P5->P6,P5,P6,3,0.0018743276596069336,1,1,1,1,1,0,0.006006006006006009,0.006006006006006009,0.01501501501501512,0.01501501501501512,0.0,0.0
gemma_3_12b_it,EBM-NLP,22538329,P1->P2,P1,P2,3,0.04930861790974935,1,1,1,1,1,0,-0.0378787878787879,0.0378787878787879,-0.13636363636363638,0.13636363636363638,0.0,0.0
gemma_3_12b_it,EBM-NLP,22538329,P2->P3,P2,P3,3,0.04434351126352946,1,1,1,1,1,0,0.0456989247311828,0.0456989247311828,0.1559139784946237,0.1559139784946237,0.0,0.0
gemma_3_12b_it,EBM-NLP,22538329,P3->P4,P3,P4,3,0.04640597105026245,1,1,1,1,1,0,-0.049032258064516096,0.049032258064516096,-0.1625806451612903,0.1625806451612903,0.0,0.0
gemma_3_12b_it,EBM-NLP,22538329,P4->P5,P4,P5,3,0.04639667272567749,1,1,1,1,1,0,0.0033333333333332993,0.0033333333333332993,0.09,0.09,0.0,0.0
gemma_3_12b_it,EBM-NLP,22538329,P5->P6,P5,P6,3,0.048552354176839195,1,1,1,1,1,0,0.0,0.0,0.0,0.0,0.0,0.0
gemma_3_12b_it,EBM-NLP,22646975,P1->P2,P1,P2,3,0.007219195365905762,1,1,1,1,1,0,0.08547008547008539,0.08547008547008539,-0.004273504273504314,0.004273504273504314,0.0,0.0
gemma_3_12b_it,EBM-NLP,22646975,P2->P3,P2,P3,3,5.960464477539063e-08,1,1,1,1,1,0,0.0,0.0,0.0,0.0,0.0,0.0
gemma_3_12b_it,EBM-NLP,22646975,P3->P4,P3,P4,3,0.007230718930562337,1,1,1,1,1,0,-0.1362637362637362,0.1362637362637362,0.0725274725274726,0.0725274725274726,0.0,0.0
gemma_3_12b_it,EBM-NLP,22646975,P4->P5,P4,P5,3,0.0024002393086751304,1,1,1,1,1,0,-0.053781512605042006,0.053781512605042006,-0.10420168067226898,0.10420168067226898,0.0,0.0
gemma_3_12b_it,EBM-NLP,22646975,P5->P6,P5,P6,3,0.005155980587005615,1,1,1,1,1,0,-0.0605042016806723,0.0605042016806723,-0.0672268907563025,0.0672268907563025,0.0,0.0
gemma_3_12b_it,EBM-NLP,22744141,P1->P2,P1,P2,3,0.016280512015024822,1,1,1,1,1,0,0.009852216748768516,0.009852216748768516,-0.12315270935960598,0.12315270935960598,0.0,0.0
gemma_3_12b_it,EBM-NLP,22744141,P2->P3,P2,P3,3,0.014719645182291666,1,1,1,1,1,0,0.02197802197802201,0.02197802197802201,0.18681318681318693,0.18681318681318693,0.0,0.0
gemma_3_12b_it,EBM-NLP,22744141,P3->P4,P3,P4,3,0.0030123194058736167,1,1,1,1,1,0,-0.05769230769230782,0.05769230769230782,0.05128205128205132,0.05128205128205132,0.0,0.0
gemma_3_12b_it,EBM-NLP,22744141,P4->P5,P4,P5,3,0.02140269676844279,1,1,1,1,1,0,0.08333333333333343,0.08333333333333343,-0.08333333333333337,0.08333333333333337,0.0,0.0
gemma_3_12b_it,EBM-NLP,22744141,P5->P6,P5,P6,3,0.010636409123738607,1,1,1,1,1,0,-0.15151515151515152,0.15151515151515152,-0.037878787878787845,0.037878787878787845,0.0,0.0
gemma_3_12b_it,EBM-NLP,22865017,P1->P2,P1,P2,3,0.006495992342631022,1,1,1,1,1,0,-0.053968253968254006,0.053968253968254006,0.06349206349206349,0.06349206349206349,0.0,0.0
gemma_3_12b_it,EBM-NLP,22865017,P2->P3,P2,P3,3,0.013629635175069174,1,1,1,1,1,0,0.1142857142857143,0.1142857142857143,-0.057142857142857106,0.057142857142857106,0.0,0.0
gemma_3_12b_it,EBM-NLP,22865017,P3->P4,P3,P4,3,0.022575795650482178,1,1,1,1,1,0,0.02857142857142861,0.02857142857142861,0.12142857142857139,0.12142857142857139,0.0,0.0
gemma_3_12b_it,EBM-NLP,22865017,P4->P5,P4,P5,3,0.0017626285552978516,1,1,1,1,1,0,0.04999999999999999,0.04999999999999999,0.050000000000000044,0.050000000000000044,0.0,0.0
gemma_3_12b_it,EBM-NLP,22865017,P5->P6,P5,P6,3,0.014543811480204264,1,1,1,1,1,0,0.04999999999999999,0.04999999999999999,-0.050000000000000044,0.050000000000000044,0.0,0.0
gemma_3_12b_it,EBM-NLP,22881991,P1->P2,P1,P2,3,0.026439328988393147,1,1,1,1,1,0,0.076681332495286,0.076681332495286,-0.1332495285983658,0.1332495285983658,0.0,0.0
gemma_3_12b_it,EBM-NLP,22881991,P2->P3,P2,P3,3,0.0,1,1,1,1,1,0,0.012355212355212392,0.012355212355212392,0.021621621621621512,0.021621621621621512,0.0,0.0
gemma_3_12b_it,EBM-NLP,22881991,P3->P4,P3,P4,3,0.0080869992574056,1,1,1,1,1,0,-0.0995391705069125,0.0995391705069125,-0.012903225806451535,0.012903225806451535,0.0,0.0
gemma_3_12b_it,EBM-NLP,22881991,P4->P5,P4,P5,3,0.013450960318247477,1,1,1,1,1,0,0.0709677419354838,0.0709677419354838,0.012903225806451535,0.012903225806451535,0.0,0.0
gemma_3_12b_it,EBM-NLP,22881991,P5->P6,P5,P6,3,0.006045182545979817,1,1,1,1,1,0,-0.0749999999999999,0.0749999999999999,-0.025000000000000022,0.025000000000000022,0.0,0.0
gemma_3_12b_it,EBM-NLP,22897461,P1->P2,P1,P2,3,0.02765856186548869,1,1,1,1,1,0,0.0274725274725275,0.0274725274725275,0.025641025641025716,0.025641025641025716,0.0,0.0
gemma_3_12b_it,EBM-NLP,22897461,P2->P3,P2,P3,3,0.010111252466837565,1,1,1,1,1,0,-0.022857142857142798,0.022857142857142798,0.06666666666666671,0.06666666666666671,0.0,0.0
gemma_3_12b_it,EBM-NLP,22897461,P3->P4,P3,P4,3,0.015772918860117596,1,1,1,1,1,0,0.010434782608695597,0.010434782608695597,0.034782608695652084,0.034782608695652084,0.0,0.0
gemma_3_12b_it,EBM-NLP,22897461,P4->P5,P4,P5,3,0.017665902773539226,1,1,1,1,1,0,-0.04710144927536229,0.04710144927536229,-0.10144927536231879,0.10144927536231879,0.0,0.0
gemma_3_12b_it,EBM-NLP,22897461,P5->P6,P5,P6,3,0.03484568993250529,1,1,1,1,1,0,0.0416666666666667,0.0416666666666667,0.0,0.0,0.0,0.0
gemma_3_12b_it,EBM-NLP,22956006,P1->P2,P1,P2,3,0.0,1,1,0,0,0,0,0.0,0.0,0.0,0.0,0.0,0.0
gemma_3_12b_it,EBM-NLP,22956006,P2->P3,P2,P3,3,1.0,1,1,0,1,0,0,0.1016949152542372,0.1016949152542372,0.4406779661016949,0.4406779661016949,0.0,0.0
gemma_3_12b_it,EBM-NLP,22956006,P3->P4,P3,P4,3,0.01964348554611206,1,1,1,1,1,0,-0.0572504708097928,0.0572504708097928,-0.040677966101694885,0.040677966101694885,0.0,0.0
gemma_3_12b_it,EBM-NLP,22956006,P4->P5,P4,P5,3,0.031198163827260334,1,1,1,1,1,0,0.073202614379085,0.073202614379085,0.1098039215686274,0.1098039215686274,0.0,0.0
gemma_3_12b_it,EBM-NLP,22956006,P5->P6,P5,P6,3,0.010979791482289633,1,1,1,1,1,0,-0.032540675844805994,0.032540675844805994,-0.12682519816437204,0.12682519816437204,0.0,0.0
gemma_3_12b_it,EBM-NLP,23021296,P1->P2,P1,P2,3,0.02429101864496867,1,1,1,1,1,0,0.044802867383512524,0.044802867383512524,-0.1039426523297492,0.1039426523297492,0.0,0.0
gemma_3_12b_it,EBM-NLP,23021296,P2->P3,P2,P3,3,0.02409472068150838,1,1,1,1,1,0,-0.036866359447004615,0.036866359447004615,0.11981566820276512,0.11981566820276512,0.0,0.0
gemma_3_12b_it,EBM-NLP,23021296,P3->P4,P3,P4,3,0.009685834248860678,1,1,1,1,1,0,-0.007936507936507908,0.007936507936507908,-0.12698412698412703,0.12698412698412703,0.0,0.0
gemma_3_12b_it,EBM-NLP,23021296,P4->P5,P4,P5,3,0.0336038867632548,1,1,1,1,1,0,0.016339869281045694,0.016339869281045694,-0.032679738562091554,0.032679738562091554,0.0,0.0
gemma_3_12b_it,EBM-NLP,23021296,P5->P6,P5,P6,3,0.0033259987831115723,1,1,1,1,1,0,-0.016339869281045694,0.016339869281045694,0.032679738562091554,0.032679738562091554,0.0,0.0
gemma_3_12b_it,EBM-NLP,23103798,P1->P2,P1,P2,3,0.02481265862782796,1,1,1,1,1,0,-0.2037302725968436,0.2037302725968436,-0.14347202295552364,0.14347202295552364,0.0,0.0
gemma_3_12b_it,EBM-NLP,23103798,P2->P3,P2,P3,3,0.02550959587097168,1,1,1,1,1,0,0.2298221614227086,0.2298221614227086,0.24897400820793436,0.24897400820793436,0.0,0.0
gemma_3_12b_it,EBM-NLP,23103798,P3->P4,P3,P4,3,0.02356123924255371,1,1,1,1,1,0,-0.16724393864423548,0.16724393864423548,-0.24146462147451753,0.24146462147451753,0.0,0.0
gemma_3_12b_it,EBM-NLP,23103798,P4->P5,P4,P5,3,0.0014270941416422527,1,1,1,1,1,0,0.027709054923305276,0.027709054923305276,0.05541810984661044,0.05541810984661044,0.0,0.0
gemma_3_12b_it,EBM-NLP,23103798,P5->P6,P5,P6,3,0.011055866877237955,1,1,1,1,1,0,-0.0328984685195689,0.0328984685195689,-0.16335791264889388,0.16335791264889388,0.0,0.0
gemma_3_12b_it,EBM-NLP,23114870,P1->P2,P1,P2,3,0.017120003700256348,1,1,1,1,1,0,-0.12260536398467431,0.12260536398467431,-0.21072796934865912,0.21072796934865912,0.0,0.0
gemma_3_12b_it,EBM-NLP,23114870,P2->P3,P2,P3,3,0.034338573614756264,1,1,1,1,1,0,0.1607565011820331,0.1607565011820331,0.10874704491725773,0.10874704491725773,0.0,0.0
gemma_3_12b_it,EBM-NLP,23114870,P3->P4,P3,P4,3,0.08305857578913371,1,1,1,1,1,0,-0.11982082866741323,0.11982082866741323,-0.13213885778275475,0.13213885778275475,0.0,0.0
gemma_3_12b_it,EBM-NLP,23114870,P4->P5,P4,P5,3,0.011950274308522543,1,1,1,1,1,0,0.1654135338345864,0.1654135338345864,0.1503759398496241,0.1503759398496241,0.0,0.0
gemma_3_12b_it,EBM-NLP,23114870,P5->P6,P5,P6,3,0.022970894972483318,1,1,1,1,1,0,-0.07857142857142851,0.07857142857142851,-0.1214285714285715,0.1214285714285715,0.0,0.0
gemma_3_12b_it,EBM-NLP,23356250,P1->P2,P1,P2,3,0.0009435216585795084,1,1,1,1,1,0,0.011029411764705899,0.011029411764705899,0.029411764705882415,0.029411764705882415,0.0,0.0
gemma_3_12b_it,EBM-NLP,23356250,P2->P3,P2,P3,3,3.9736429850260414e-08,1,1,1,1,1,0,0.0,0.0,0.0,0.0,0.0,0.0
gemma_3_12b_it,EBM-NLP,23356250,P3->P4,P3,P4,3,0.00913935899734497,1,1,1,1,1,0,0.0,0.0,0.0,0.0,0.0,0.0
gemma_3_12b_it,EBM-NLP,23356250,P4->P5,P4,P5,3,0.011618157227834066,1,1,1,1,1,0,0.08277027027027017,0.08277027027027017,0.09459459459459463,0.09459459459459463,0.0,0.0
gemma_3_12b_it,EBM-NLP,23356250,P5->P6,P5,P6,3,0.010383029778798422,1,1,1,1,1,0,-0.14527027027027017,0.14527027027027017,-0.15709459459459463,0.15709459459459463,0.0,0.0
gemma_3_12b_it,EBM-NLP,23357440,P1->P2,P1,P2,3,0.0012837449709574382,1,1,1,1,1,0,0.0,0.0,-0.05714285714285716,0.05714285714285716,0.0,0.0
gemma_3_12b_it,EBM-NLP,23357440,P2->P3,P2,P3,3,0.007136007150014241,1,1,1,1,1,0,-0.03636363636363643,0.03636363636363643,-0.02251082251082248,0.02251082251082248,0.0,0.0
gemma_3_12b_it,EBM-NLP,23357440,P3->P4,P3,P4,3,0.005661169687906901,1,1,1,1,1,0,-0.17008797653958949,0.17008797653958949,-0.1544477028347997,0.1544477028347997,0.0,0.0
gemma_3_12b_it,EBM-NLP,23357440,P4->P5,P4,P5,3,0.01253207524617513,1,1,1,1,1,0,0.1966955153422503,0.1966955153422503,0.2800944138473642,0.2800944138473642,0.0,0.0
gemma_3_12b_it,EBM-NLP,23357440,P5->P6,P5,P6,3,0.007042308648427327,1,1,1,1,1,0,-0.1902439024390244,0.1902439024390244,-0.19837398373983728,0.19837398373983728,0.0,0.0
gemma_3_12b_it,EBM-NLP,23392542,P1->P2,P1,P2,3,0.005095958709716797,1,1,1,1,1,0,-0.031204644412191618,0.031204644412191618,-0.028301886792453046,0.028301886792453046,0.0,0.0
gemma_3_12b_it,EBM-NLP,23392542,P2->P3,P2,P3,3,0.0024765332539876304,1,1,1,1,1,0,0.024216524216524316,0.024216524216524316,0.0185185185185186,0.0185185185185186,0.0,0.0
gemma_3_12b_it,EBM-NLP,23392542,P3->P4,P3,P4,3,0.0024765332539876304,1,1,1,1,1,0,-0.024216524216524316,0.024216524216524316,-0.0185185185185186,0.0185185185185186,0.0,0.0
gemma_3_12b_it,EBM-NLP,23392542,P4->P5,P4,P5,3,0.024316489696502686,1,1,1,1,1,0,0.0016722408026755842,0.0016722408026755842,0.021739130434782705,0.021739130434782705,0.0,0.0
gemma_3_12b_it,EBM-NLP,23392542,P5->P6,P5,P6,3,0.0058337052663167315,1,1,1,1,1,0,-0.13043478260869557,0.13043478260869557,-0.13043478260869562,0.13043478260869562,0.0,0.0
gemma_3_12b_it,EBM-NLP,23417625,P1->P2,P1,P2,3,0.010649621486663818,1,1,1,1,1,0,0.030959752321981393,0.030959752321981393,-0.10835913312693496,0.10835913312693496,0.0,0.0
gemma_3_12b_it,EBM-NLP,23417625,P2->P3,P2,P3,3,0.008600334326426188,1,1,1,1,1,0,-0.02384737678855331,0.02384737678855331,0.06995230524642276,0.06995230524642276,0.0,0.0
gemma_3_12b_it,EBM-NLP,23417625,P3->P4,P3,P4,3,0.006566445032755534,1,1,1,1,1,0,-0.054054054054053974,0.054054054054053974,-0.054054054054053946,0.054054054054053946,0.0,0.0
gemma_3_12b_it,EBM-NLP,23417625,P4->P5,P4,P5,3,0.004343708356221517,1,1,1,1,1,0,0.07646671061305207,0.07646671061305207,0.050098879367172056,0.050098879367172056,0.0,0.0
gemma_3_12b_it,EBM-NLP,23417625,P5->P6,P5,P6,3,0.015348474184672037,1,1,1,1,1,0,0.03164139749505601,0.03164139749505601,0.11206328279499,0.11206328279499,0.0,0.0
gemma_3_12b_it,EBM-NLP,23549581,P1->P2,P1,P2,3,0.0014691750208536785,1,1,1,1,1,0,-0.1307277628032345,0.1307277628032345,-0.12061994609164423,0.12061994609164423,0.0,0.0
gemma_3_12b_it,EBM-NLP,23549581,P2->P3,P2,P3,3,0.0011481444040934246,1,1,1,1,1,0,0.008879023307436201,0.008879023307436201,0.016278209396966337,0.016278209396966337,0.0,0.0
gemma_3_12b_it,EBM-NLP,23549581,P3->P4,P3,P4,3,0.005858480930328369,1,1,1,1,1,0,-0.06862745098039219,0.06862745098039219,-0.05637254901960781,0.05637254901960781,0.0,0.0
gemma_3_12b_it,EBM-NLP,23549581,P4->P5,P4,P5,3,0.02612998088200887,1,1,1,1,1,0,-0.0333333333333333,0.0333333333333333,-0.019444444444444486,0.019444444444444486,0.0,0.0
gemma_3_12b_it,EBM-NLP,23549581,P5->P6,P5,P6,3,0.028685688972473145,1,1,1,1,1,0,0.04057971014492759,0.04057971014492759,-0.007729468599033729,0.007729468599033729,0.0,0.0
gemma_3_12b_it,EBM-NLP,23838728,P1->P2,P1,P2,3,0.010970036188761393,1,1,1,1,1,0,0.01851851851851849,0.01851851851851849,0.02777777777777779,0.02777777777777779,0.0,0.0
gemma_3_12b_it,EBM-NLP,23838728,P2->P3,P2,P3,3,0.021060089270273846,1,1,1,1,1,0,0.007246376811594207,0.007246376811594207,0.010869565217391297,0.010869565217391297,0.0,0.0
gemma_3_12b_it,EBM-NLP,23838728,P3->P4,P3,P4,3,0.02187591791152954,1,1,1,1,1,0,-0.02006688963210701,0.02006688963210701,-0.0301003344481606,0.0301003344481606,0.0,0.0
gemma_3_12b_it,EBM-NLP,23838728,P4->P5,P4,P5,3,0.0035487214724222818,1,1,1,1,1,0,-0.005698005698005687,0.005698005698005687,0.06552706552706558,0.06552706552706558,0.0,0.0
gemma_3_12b_it,EBM-NLP,23838728,P5->P6,P5,P6,3,0.007329026858011882,1,1,1,1,1,0,0.005698005698005687,0.005698005698005687,-0.06552706552706558,0.06552706552706558,0.0,0.0
gemma_3_12b_it,EBM-NLP,23849147,P1->P2,P1,P2,3,0.013694425423940023,1,1,1,1,1,0,-0.0668896321070234,0.0668896321070234,-0.026755852842809402,0.026755852842809402,0.0,0.0
gemma_3_12b_it,EBM-NLP,23849147,P2->P3,P2,P3,3,0.028890669345855713,1,1,1,1,1,0,0.1130434782608695,0.1130434782608695,0.09855072463768122,0.09855072463768122,0.0,0.0
gemma_3_12b_it,EBM-NLP,23849147,P3->P4,P3,P4,3,0.03607718149820963,1,1,1,1,1,0,-0.0999999999999999,0.0999999999999999,-0.3333333333333333,0.3333333333333333,0.0,0.0
gemma_3_12b_it,EBM-NLP,23849147,P4->P5,P4,P5,3,0.09675133228302002,1,1,1,1,1,0,-0.1,0.1,-0.2,0.2,0.0,0.0
gemma_3_12b_it,EBM-NLP,23849147,P5->P6,P5,P6,3,0.10317484537760417,1,1,1,1,1,0,0.2105263157894736,0.2105263157894736,0.2105263157894736,0.2105263157894736,0.0,0.0
gemma_3_12b_it,EBM-NLP,23985254,P1->P2,P1,P2,3,0.018845319747924805,1,1,1,1,1,0,0.0248138957816377,0.0248138957816377,0.0173697270471464,0.0173697270471464,0.0,0.0
gemma_3_12b_it,EBM-NLP,23985254,P2->P3,P2,P3,3,0.009765625,1,1,1,1,1,0,0.03970223325062039,0.03970223325062039,0.014888337468982604,0.014888337468982604,0.0,0.0
gemma_3_12b_it,EBM-NLP,23985254,P3->P4,P3,P4,3,0.011647204558054606,1,1,1,1,1,0,-0.036685641998734975,0.036685641998734975,-0.008855154965211887,0.008855154965211887,0.0,0.0
gemma_3_12b_it,EBM-NLP,23985254,P4->P5,P4,P5,3,0.035556952158610024,1,1,1,1,1,0,-0.07523009203681481,0.07523009203681481,-0.10964385754301723,0.10964385754301723,0.0,0.0
gemma_3_12b_it,EBM-NLP,23985254,P5->P6,P5,P6,3,0.022245923678080242,1,1,1,1,1,0,-0.0381543921916592,0.0381543921916592,0.013309671694764796,0.013309671694764796,0.0,0.0
gemma_3_12b_it,EBM-NLP,24075141,P1->P2,P1,P2,3,0.01981618007024129,1,1,1,1,1,0,0.025000000000000133,0.025000000000000133,0.04166666666666663,0.04166666666666663,0.0,0.0
gemma_3_12b_it,EBM-NLP,24075141,P2->P3,P2,P3,3,0.02117874224980672,1,1,1,1,1,0,-0.03636363636363632,0.03636363636363632,-0.06060606060606055,0.06060606060606055,0.0,0.0
gemma_3_12b_it,EBM-NLP,24075141,P3->P4,P3,P4,3,0.017905692259470623,1,1,1,1,1,0,0.0738636363636363,0.0738636363636363,0.1439393939393938,0.1439393939393938,0.0,0.0
gemma_3_12b_it,EBM-NLP,24075141,P4->P5,P4,P5,3,0.018674453099568684,1,1,1,1,1,0,-0.0738636363636363,0.0738636363636363,-0.1439393939393938,0.1439393939393938,0.0,0.0
gemma_3_12b_it,EBM-NLP,24075141,P5->P6,P5,P6,3,0.021885136763254803,1,1,1,1,1,0,0.0,0.0,0.0,0.0,0.0,0.0
gemma_3_12b_it,EBM-NLP,24080592,P1->P2,P1,P2,3,0.012427091598510742,1,1,1,1,1,0,-0.12307692307692308,0.12307692307692308,-0.25128205128205133,0.25128205128205133,0.0,0.0
gemma_3_12b_it,EBM-NLP,24080592,P2->P3,P2,P3,3,0.013922532399495443,1,1,1,1,1,0,0.0735632183908046,0.0735632183908046,0.016091954022988464,0.016091954022988464,0.0,0.0
gemma_3_12b_it,EBM-NLP,24080592,P3->P4,P3,P4,3,0.010793248812357584,1,1,1,1,1,0,-0.0957854406130268,0.0957854406130268,0.017241379310344918,0.017241379310344918,0.0,0.0
gemma_3_12b_it,EBM-NLP,24080592,P4->P5,P4,P5,3,0.011747201283772787,1,1,1,1,1,0,0.19191919191919188,0.19191919191919188,0.2272727272727273,0.2272727272727273,0.0,0.0
gemma_3_12b_it,EBM-NLP,24080592,P5->P6,P5,P6,3,0.01703921953837077,1,1,1,1,1,0,-0.09613375130616508,0.09613375130616508,-0.2445141065830722,0.2445141065830722,0.0,0.0
gemma_3_12b_it,EBM-NLP,24317958,P1->P2,P1,P2,3,0.019831955432891846,1,1,1,1,1,0,-0.0064102564102563875,0.0064102564102563875,-0.0064102564102563875,0.0064102564102563875,0.0,0.0
gemma_3_12b_it,EBM-NLP,24317958,P2->P3,P2,P3,3,0.008461833000183105,1,1,1,1,1,0,0.04999999999999999,0.04999999999999999,0.04999999999999999,0.04999999999999999,0.0,0.0
gemma_3_12b_it,EBM-NLP,24317958,P3->P4,P3,P4,3,0.03373122215270996,1,1,1,1,1,0,-0.0948717948717949,0.0948717948717949,0.05897435897435899,0.05897435897435899,0.0,0.0
gemma_3_12b_it,EBM-NLP,24317958,P4->P5,P4,P5,3,5.960464477539063e-08,1,1,1,1,1,0,-0.0146520146520146,0.0146520146520146,-0.02564102564102566,0.02564102564102566,0.0,0.0
gemma_3_12b_it,EBM-NLP,24317958,P5->P6,P5,P6,3,0.060696045557657875,1,1,1,1,1,0,0.0675883256528417,0.0675883256528417,-0.07526881720430112,0.07526881720430112,0.0,0.0
gemma_3_12b_it,EBM-NLP,24350813,P1->P2,P1,P2,3,0.01604012648264567,1,1,1,1,1,0,0.008479366873940075,0.008479366873940075,-0.007348784624081395,0.007348784624081395,0.0,0.0
gemma_3_12b_it,EBM-NLP,24350813,P2->P3,P2,P3,3,1.9868214925130207e-08,1,1,1,1,1,0,0.0,0.0,0.0,0.0,0.0,0.0
gemma_3_12b_it,EBM-NLP,24350813,P3->P4,P3,P4,3,0.012952784697214762,1,1,1,1,1,0,0.019893899204244003,0.019893899204244003,-0.01724137931034475,0.01724137931034475,0.0,0.0
gemma_3_12b_it,EBM-NLP,24350813,P4->P5,P4,P5,3,0.009088575839996338,1,1,1,1,1,0,-0.01452991452991459,0.01452991452991459,-0.1444444444444446,0.1444444444444446,0.0,0.0
gemma_3_12b_it,EBM-NLP,24350813,P5->P6,P5,P6,3,0.004068811734517415,1,1,1,1,1,0,-0.0444444444444444,0.0444444444444444,0.0,0.0,0.0,0.0
gemma_3_12b_it,EBM-NLP,24451919,P1->P2,P1,P2,3,0.0057925184567769366,1,1,1,1,1,0,-0.06157635467980299,0.06157635467980299,0.01231527093596052,0.01231527093596052,0.0,0.0
gemma_3_12b_it,EBM-NLP,24451919,P2->P3,P2,P3,3,0.003014524777730306,1,1,1,1,1,0,0.0,0.0,0.0,0.0,0.0,0.0
gemma_3_12b_it,EBM-NLP,24451919,P3->P4,P3,P4,3,0.0672945777575175,1,1,1,1,1,0,0.016483516483516508,0.016483516483516508,-0.1263736263736264,0.1263736263736264,0.0,0.0
gemma_3_12b_it,EBM-NLP,24451919,P4->P5,P4,P5,3,0.04104721546173096,1,1,1,1,1,0,0.2067307692307693,0.2067307692307693,0.2067307692307693,0.2067307692307693,0.0,0.0
gemma_3_12b_it,EBM-NLP,24451919,P5->P6,P5,P6,3,0.0024145046869913736,1,1,1,1,1,0,-0.050403225806451624,0.050403225806451624,-0.050403225806451624,0.050403225806451624,0.0,0.0
gemma_3_12b_it,EBM-NLP,24515505,P1->P2,P1,P2,3,0.019555966059366863,1,1,1,1,1,0,-0.024999999999999994,0.024999999999999994,0.033333333333333326,0.033333333333333326,0.0,0.0
gemma_3_12b_it,EBM-NLP,24515505,P2->P3,P2,P3,3,0.01963887612024943,1,1,1,1,1,0,0.0527777777777777,0.0527777777777777,0.0222222222222222,0.0222222222222222,0.0,0.0
gemma_3_12b_it,EBM-NLP,24515505,P3->P4,P3,P4,3,0.0637094775835673,1,1,1,1,1,0,-0.060130718954248305,0.060130718954248305,-0.12026143790849672,0.12026143790849672,0.0,0.0
gemma_3_12b_it,EBM-NLP,24515505,P4->P5,P4,P5,3,0.0492286483446757,1,1,1,1,1,0,0.021887824897400807,0.021887824897400807,0.09028727770177838,0.09028727770177838,0.0,0.0
gemma_3_12b_it,EBM-NLP,24515505,P5->P6,P5,P6,3,0.03791032234827677,1,1,1,1,1,0,0.018359853121174996,0.018359853121174996,0.04283965728274175,0.04283965728274175,0.0,0.0
gemma_3_12b_it,EBM-NLP,24660757,P1->P2,P1,P2,3,0.026458601156870525,1,1,1,1,1,0,0.14901960784313723,0.14901960784313723,0.16470588235294123,0.16470588235294123,0.0,0.0
gemma_3_12b_it,EBM-NLP,24660757,P2->P3,P2,P3,3,0.6695637702941895,1,1,1,1,1,0,-0.2666666666666666,0.2666666666666666,-0.4,0.4,0.0,0.0
gemma_3_12b_it,EBM-NLP,24660757,P3->P4,P3,P4,3,0.6802803675333658,1,1,1,1,1,0,0.2666666666666666,0.2666666666666666,0.5333333333333333,0.5333333333333333,0.0,0.0
gemma_3_12b_it,EBM-NLP,24660757,P4->P5,P4,P5,3,0.024695873260498047,1,1,1,1,1,0,-0.1416666666666666,0.1416666666666666,-0.15833333333333333,0.15833333333333333,0.0,0.0
gemma_3_12b_it,EBM-NLP,24660757,P5->P6,P5,P6,3,0.03158771991729736,1,1,1,1,1,0,-0.125,0.125,0.09558823529411759,0.09558823529411759,0.0,0.0
gemma_3_12b_it,EBM-NLP,24726342,P1->P2,P1,P2,3,0.02375475565592448,1,1,1,1,1,0,-0.030701754385964904,0.030701754385964904,-0.1337719298245615,0.1337719298245615,0.0,0.0
gemma_3_12b_it,EBM-NLP,24726342,P2->P3,P2,P3,3,0.02631521224975586,1,1,1,1,1,0,0.04260651629072681,0.04260651629072681,0.08020050125313291,0.08020050125313291,0.0,0.0
gemma_3_12b_it,EBM-NLP,24726342,P3->P4,P3,P4,3,0.028941750526428223,1,1,1,1,1,0,-0.0168067226890756,0.0168067226890756,-0.0028011204481793173,0.0028011204481793173,0.0,0.0
gemma_3_12b_it,EBM-NLP,24726342,P4->P5,P4,P5,3,0.039580464363098145,1,1,1,1,1,0,-0.0392156862745098,0.0392156862745098,0.0,0.0,0.0,0.0
gemma_3_12b_it,EBM-NLP,24726342,P5->P6,P5,P6,3,0.010625203450520834,1,1,1,1,1,0,0.0107843137254902,0.0107843137254902,-0.03529411764705878,0.03529411764705878,0.0,0.0
gemma_3_12b_it,EBM-NLP,24803369,P1->P2,P1,P2,3,0.0072714487711588545,1,1,1,1,1,0,0.007905138339920903,0.007905138339920903,0.015810276679841806,0.015810276679841806,0.0,0.0
gemma_3_12b_it,EBM-NLP,24803369,P2->P3,P2,P3,3,3.9736429850260414e-08,1,1,1,1,1,0,0.0,0.0,0.0,0.0,0.0,0.0
gemma_3_12b_it,EBM-NLP,24803369,P3->P4,P3,P4,3,0.05042550961176554,1,1,1,1,1,0,0.08484848484848481,0.08484848484848481,0.2363636363636364,0.2363636363636364,0.0,0.0
gemma_3_12b_it,EBM-NLP,24803369,P4->P5,P4,P5,3,0.003369708855946859,1,1,1,1,1,0,-0.03589743589743591,0.03589743589743591,-0.06153846153846143,0.06153846153846143,0.0,0.0
gemma_3_12b_it,EBM-NLP,24803369,P5->P6,P5,P6,3,0.003439525763193766,1,1,1,1,1,0,0.0,0.0,-0.07692307692307704,0.07692307692307704,0.0,0.0
gemma_3_12b_it,EBM-NLP,24960665,P1->P2,P1,P2,3,0.06420296430587769,1,1,1,1,1,0,-0.050739957716701894,0.050739957716701894,-0.04087385482734318,0.04087385482734318,0.0,0.0
gemma_3_12b_it,EBM-NLP,24960665,P2->P3,P2,P3,3,0.08702194690704346,1,1,1,1,1,0,-0.023923444976076597,0.023923444976076597,-0.05582137161084527,0.05582137161084527,0.0,0.0
gemma_3_12b_it,EBM-NLP,24960665,P3->P4,P3,P4,3,0.03537402550379435,1,1,1,1,1,0,0.0706766917293234,0.0706766917293234,-0.02556390977443601,0.02556390977443601,0.0,0.0
gemma_3_12b_it,EBM-NLP,24960665,P4->P5,P4,P5,3,0.027643124262491863,1,1,1,1,1,0,0.10476190476190472,0.10476190476190472,0.21269841269841266,0.21269841269841266,0.0,0.0
gemma_3_12b_it,EBM-NLP,24960665,P5->P6,P5,P6,3,0.029301166534423828,1,1,1,1,1,0,-0.08333333333333331,0.08333333333333331,-0.18055555555555558,0.18055555555555558,0.0,0.0
gemma_3_12b_it,EBM-NLP,24989854,P1->P2,P1,P2,3,0.012298047542572021,1,1,1,1,1,0,0.03999999999999987,0.03999999999999987,0.12000000000000005,0.12000000000000005,0.0,0.0
gemma_3_12b_it,EBM-NLP,24989854,P2->P3,P2,P3,3,0.012895147005716959,1,1,1,1,1,0,-0.1422222222222222,0.1422222222222222,-0.11555555555555563,0.11555555555555563,0.0,0.0
gemma_3_12b_it,EBM-NLP,24989854,P3->P4,P3,P4,3,0.012743353843688965,1,1,1,1,1,0,0.094949494949495,0.094949494949495,0.010101010101010055,0.010101010101010055,0.0,0.0
gemma_3_12b_it,EBM-NLP,24989854,P4->P5,P4,P5,3,0.00946583350499471,1,1,1,1,1,0,-0.017408123791102625,0.017408123791102625,-0.02901353965183745,0.02901353965183745,0.0,0.0
gemma_3_12b_it,EBM-NLP,24989854,P5->P6,P5,P6,3,0.00939472516377767,1,1,1,1,1,0,-0.04255319148936157,0.04255319148936157,-0.04255319148936165,0.04255319148936165,0.0,0.0
gemma_3_12b_it,EBM-NLP,25068497,P1->P2,P1,P2,3,0.03977620601654053,1,1,1,1,1,0,0.1,0.1,0.08333333333333337,0.08333333333333337,0.0,0.0
gemma_3_12b_it,EBM-NLP,25068497,P2->P3,P2,P3,3,0.041071554025014244,1,1,1,1,1,0,-0.0797101449275362,0.0797101449275362,-0.2427536231884058,0.2427536231884058,0.0,0.0
gemma_3_12b_it,EBM-NLP,25068497,P3->P4,P3,P4,3,0.05891597270965576,1,1,1,1,1,0,-0.0069565217391305,0.0069565217391305,0.3060869565217391,0.3060869565217391,0.0,0.0
gemma_3_12b_it,EBM-NLP,25068497,P4->P5,P4,P5,3,0.02296048402786255,1,1,1,1,1,0,-0.003076923076923005,0.003076923076923005,-0.0953846153846154,0.0953846153846154,0.0,0.0
gemma_3_12b_it,EBM-NLP,25068497,P5->P6,P5,P6,3,0.021120727062225342,1,1,1,1,1,0,0.0659340659340659,0.0659340659340659,0.04395604395604391,0.04395604395604391,0.0,0.0
gemma_3_12b_it,EBM-NLP,25369243,P1->P2,P1,P2,3,0.012547453244527182,1,1,1,1,1,0,0.05982905982905991,0.05982905982905991,0.1324786324786325,0.1324786324786325,0.0,0.0
gemma_3_12b_it,EBM-NLP,25369243,P2->P3,P2,P3,3,0.0066930850346883135,1,1,1,1,1,0,-0.050505050505050504,0.050505050505050504,-0.08585858585858591,0.08585858585858591,0.0,0.0
gemma_3_12b_it,EBM-NLP,25369243,P3->P4,P3,P4,3,0.011107444763183594,1,1,1,1,1,0,0.050505050505050504,0.050505050505050504,0.08585858585858591,0.08585858585858591,0.0,0.0
gemma_3_12b_it,EBM-NLP,25369243,P4->P5,P4,P5,3,0.00842064619064331,1,1,1,1,1,0,-0.04444444444444451,0.04444444444444451,-0.05555555555555558,0.05555555555555558,0.0,0.0
gemma_3_12b_it,EBM-NLP,25369243,P5->P6,P5,P6,3,0.006155192852020264,1,1,1,1,1,0,0.007407407407407404,0.007407407407407404,-0.037037037037037035,0.037037037037037035,0.0,0.0
gemma_3_12b_it,EBM-NLP,25479285,P1->P2,P1,P2,3,0.04369264841079712,1,1,1,1,1,0,0.09027777777777779,0.09027777777777779,0.0671296296296296,0.0671296296296296,0.0,0.0
gemma_3_12b_it,EBM-NLP,25479285,P2->P3,P2,P3,3,0.007224539915720622,1,1,1,1,1,0,-0.054435483870967694,0.054435483870967694,-0.11491935483870969,0.11491935483870969,0.0,0.0
gemma_3_12b_it,EBM-NLP,25479285,P3->P4,P3,P4,3,0.024746676286061604,1,1,1,1,1,0,-0.041848299912816106,0.041848299912816106,0.10985178727114209,0.10985178727114209,0.0,0.0
gemma_3_12b_it,EBM-NLP,25479285,P4->P5,P4,P5,3,0.026187400023142498,1,1,1,1,1,0,0.05045045045045041,0.05045045045045041,-0.09909909909909909,0.09909909909909909,0.0,0.0
gemma_3_12b_it,EBM-NLP,25479285,P5->P6,P5,P6,3,0.03164897362391154,1,1,1,1,1,0,-0.0666666666666666,0.0666666666666666,0.06666666666666671,0.06666666666666671,0.0,0.0
gemma_3_12b_it,EBM-NLP,25784723,P1->P2,P1,P2,3,0.007410526275634766,1,1,1,1,1,0,0.012162162162162093,0.012162162162162093,0.0364864864864865,0.0364864864864865,0.0,0.0
gemma_3_12b_it,EBM-NLP,25784723,P2->P3,P2,P3,3,0.037505765755971275,1,1,1,1,1,0,0.08783783783783791,0.08783783783783791,-0.048986486486486513,0.048986486486486513,0.0,0.0
gemma_3_12b_it,EBM-NLP,25784723,P3->P4,P3,P4,3,0.005181113878885905,1,1,1,1,1,0,-0.0785714285714286,0.0785714285714286,0.1339285714285714,0.1339285714285714,0.0,0.0
gemma_3_12b_it,EBM-NLP,25784723,P4->P5,P4,P5,3,3.9736429850260414e-08,1,1,1,1,1,0,0.0,0.0,0.0,0.0,0.0,0.0
gemma_3_12b_it,EBM-NLP,25784723,P5->P6,P5,P6,3,0.0294991930325826,1,1,1,1,1,0,-0.009266409266409315,0.009266409266409315,-0.08494208494208488,0.08494208494208488,0.0,0.0
gemma_3_12b_it,EBM-NLP,25885649,P1->P2,P1,P2,3,0.03903410832087199,1,1,1,1,1,0,-0.027819175360159,0.027819175360159,-0.1087928464977646,0.1087928464977646,0.0,0.0
gemma_3_12b_it,EBM-NLP,25885649,P2->P3,P2,P3,3,0.01917099952697754,1,1,1,1,1,0,0.0005464480874316988,0.0005464480874316988,0.03606557377049191,0.03606557377049191,0.0,0.0
gemma_3_12b_it,EBM-NLP,25885649,P3->P4,P3,P4,3,0.04452872276306152,1,1,1,1,1,0,0.0793427230046948,0.0793427230046948,0.1380281690140845,0.1380281690140845,0.0,0.0
gemma_3_12b_it,EBM-NLP,25885649,P4->P5,P4,P5,3,0.020218292872111004,1,1,1,1,1,0,-0.046009389671361506,0.046009389671361506,-0.0713615023474179,0.0713615023474179,0.0,0.0
gemma_3_12b_it,EBM-NLP,25885649,P5->P6,P5,P6,3,0.010122577349344889,1,1,1,1,1,0,0.0367816091954023,0.0367816091954023,-0.025287356321839094,0.025287356321839094,0.0,0.0
gemma_3_12b_it,EBM-NLP,25886492,P1->P2,P1,P2,3,0.04944183429082235,1,1,1,1,1,0,-0.0341997264021888,0.0341997264021888,-0.14911080711354308,0.14911080711354308,0.0,0.0
gemma_3_12b_it,EBM-NLP,25886492,P2->P3,P2,P3,3,0.0484690268834432,1,1,1,1,1,0,-0.013368983957219298,0.013368983957219298,0.005347593582887694,0.005347593582887694,0.0,0.0
gemma_3_12b_it,EBM-NLP,25886492,P3->P4,P3,P4,3,0.06182889143625895,1,1,1,1,1,0,0.021212121212121196,0.021212121212121196,0.018181818181818216,0.018181818181818216,0.0,0.0
gemma_3_12b_it,EBM-NLP,25886492,P4->P5,P4,P5,3,0.03109520673751831,1,1,1,1,1,0,-0.004166666666666596,0.004166666666666596,0.11249999999999999,0.11249999999999999,0.0,0.0
gemma_3_12b_it,EBM-NLP,25886492,P5->P6,P5,P6,3,0.0025420586268107095,1,1,1,1,1,0,0.0020161290322579933,0.0020161290322579933,-0.054435483870967805,0.054435483870967805,0.0,0.0
gemma_3_12b_it,EBM-NLP,25898782,P1->P2,P1,P2,3,0.01920660336812337,1,1,1,1,1,0,0.0589569160997733,0.0589569160997733,0.03265306122448969,0.03265306122448969,0.0,0.0
gemma_3_12b_it,EBM-NLP,25898782,P2->P3,P2,P3,3,0.027154306570688885,1,1,1,1,1,0,-0.06006006006006012,0.06006006006006012,-0.07567567567567562,0.07567567567567562,0.0,0.0
gemma_3_12b_it,EBM-NLP,25898782,P3->P4,P3,P4,3,0.0700062910715739,1,1,1,1,1,0,-0.03450258769407699,0.03450258769407699,0.016101207590569322,0.016101207590569322,0.0,0.0
gemma_3_12b_it,EBM-NLP,25898782,P4->P5,P4,P5,3,0.0006154378255208334,1,1,1,1,1,0,-0.034636318654131595,0.034636318654131595,-0.0613557644730332,0.0613557644730332,0.0,0.0
gemma_3_12b_it,EBM-NLP,25898782,P5->P6,P5,P6,3,0.0046370625495910645,1,1,1,1,1,0,0.0150848522941546,0.0150848522941546,-0.11690760527969832,0.11690760527969832,0.0,0.0
gemma_3_12b_it,EBM-NLP,25931290,P1->P2,P1,P2,3,0.036572118600209556,1,1,1,1,1,0,-0.06608695652173918,0.06608695652173918,-0.1321739130434783,0.1321739130434783,0.0,0.0
gemma_3_12b_it,EBM-NLP,25931290,P2->P3,P2,P3,3,0.016803503036499023,1,1,1,1,1,0,0.06608695652173918,0.06608695652173918,0.05217391304347835,0.05217391304347835,0.0,0.0
gemma_3_12b_it,EBM-NLP,25931290,P3->P4,P3,P4,3,0.018539826075236004,1,1,1,1,1,0,-0.07999999999999999,0.07999999999999999,0.0,0.0,0.0,0.0
gemma_3_12b_it,EBM-NLP,25931290,P4->P5,P4,P5,3,0.01866634686787923,1,1,1,1,1,0,0.06222222222222221,0.06222222222222221,-0.029629629629629617,0.029629629629629617,0.0,0.0
gemma_3_12b_it,EBM-NLP,25931290,P5->P6,P5,P6,3,0.022946258385976154,1,1,1,1,1,0,-0.06222222222222221,0.06222222222222221,-0.0503703703703704,0.0503703703703704,0.0,0.0
gemma_3_12b_it,EBM-NLP,25950425,P1->P2,P1,P2,3,0.01952896515528361,1,1,1,1,1,0,-0.0018148820326679,0.0018148820326679,-0.003629764065335689,0.003629764065335689,0.0,0.0
gemma_3_12b_it,EBM-NLP,25950425,P2->P3,P2,P3,3,0.0014261802037556965,1,1,1,1,1,0,-0.012539184952977997,0.012539184952977997,-0.0705329153605016,0.0705329153605016,0.0,0.0
gemma_3_12b_it,EBM-NLP,25950425,P3->P4,P3,P4,3,0.0389175017674764,1,1,1,1,1,0,0.020202020202020207,0.020202020202020207,0.234006734006734,0.234006734006734,0.0,0.0
gemma_3_12b_it,EBM-NLP,25950425,P4->P5,P4,P5,3,0.013753692309061686,1,1,1,1,1,0,-0.0733752620545074,0.0733752620545074,-0.1439552760307477,0.1439552760307477,0.0,0.0
gemma_3_12b_it,EBM-NLP,25950425,P5->P6,P5,P6,3,0.006129364172617595,1,1,1,1,1,0,0.002264150943396298,0.002264150943396298,-0.02641509433962269,0.02641509433962269,0.0,0.0
gemma_3_12b_it,EBM-NLP,26210844,P1->P2,P1,P2,3,0.04945929845174154,1,1,1,1,1,0,-0.1739130434782608,0.1739130434782608,-0.15856777493606142,0.15856777493606142,0.0,0.0
gemma_3_12b_it,EBM-NLP,26210844,P2->P3,P2,P3,3,0.04945929845174154,1,1,1,1,1,0,0.1052631578947368,0.1052631578947368,0.09907120743034051,0.09907120743034051,0.0,0.0
gemma_3_12b_it,EBM-NLP,26210844,P3->P4,P3,P4,3,0.048800647258758545,1,1,1,1,1,0,-0.1052631578947368,0.1052631578947368,0.0,0.0,0.0,0.0
gemma_3_12b_it,EBM-NLP,26210844,P4->P5,P4,P5,3,0.02344777186711629,1,1,1,1,1,0,0.0,0.0,0.008771929824561403,0.008771929824561403,0.0,0.0
gemma_3_12b_it,EBM-NLP,26210844,P5->P6,P5,P6,3,0.0644430120786031,1,1,1,1,1,0,0.0588235294117647,0.0588235294117647,0.0098039215686275,0.0098039215686275,0.0,0.0
gemma_3_12b_it,EBM-NLP,26278470,P1->P2,P1,P2,3,0.018030961354573567,1,1,1,1,1,0,0.0623700623700624,0.0623700623700624,0.0679140679140679,0.0679140679140679,0.0,0.0
gemma_3_12b_it,EBM-NLP,26278470,P2->P3,P2,P3,3,0.01674203077952067,1,1,1,1,1,0,-0.1081081081081081,0.1081081081081081,-0.054054054054054,0.054054054054054,0.0,0.0
gemma_3_12b_it,EBM-NLP,26278470,P3->P4,P3,P4,3,0.019032577673594158,1,1,1,1,1,0,0.0585585585585585,0.0585585585585585,0.11861861861861861,0.11861861861861861,0.0,0.0
gemma_3_12b_it,EBM-NLP,26278470,P4->P5,P4,P5,3,0.02133631706237793,1,1,1,1,1,0,0.10360360360360368,0.10360360360360368,-0.010510510510510607,0.010510510510510607,0.0,0.0
gemma_3_12b_it,EBM-NLP,26278470,P5->P6,P5,P6,3,0.012434124946594238,1,1,1,1,1,0,-0.09884169884169888,0.09884169884169888,-0.035521235521235484,0.035521235521235484,0.0,0.0
gemma_3_12b_it,EBM-NLP,2678230,P1->P2,P1,P2,3,0.0009038249651590983,1,1,1,1,1,0,0.06552706552706558,0.06552706552706558,0.054131054131054235,0.054131054131054235,0.0,0.0
gemma_3_12b_it,EBM-NLP,2678230,P2->P3,P2,P3,3,0.0009038249651590983,1,1,1,1,1,0,-0.06552706552706558,0.06552706552706558,-0.054131054131054235,0.054131054131054235,0.0,0.0
gemma_3_12b_it,EBM-NLP,2678230,P3->P4,P3,P4,3,0.03612051407496134,1,1,1,1,1,0,0.1221719457013575,0.1221719457013575,0.04977375565610853,0.04977375565610853,0.0,0.0
gemma_3_12b_it,EBM-NLP,2678230,P4->P5,P4,P5,3,0.029264986515045166,1,1,1,1,1,0,-0.2279411764705882,0.2279411764705882,0.03676470588235303,0.03676470588235303,0.0,0.0
gemma_3_12b_it,EBM-NLP,2678230,P5->P6,P5,P6,3,0.008419851462046305,1,1,1,1,1,0,0.2279411764705882,0.2279411764705882,0.19852941176470584,0.19852941176470584,0.0,0.0
gemma_3_12b_it,EBM-NLP,2803397,P1->P2,P1,P2,3,1.0,1,1,1,0,0,1,-0.0833333333333333,0.0833333333333333,-0.2499999999999999,0.2499999999999999,0.0,0.0
gemma_3_12b_it,EBM-NLP,2803397,P2->P3,P2,P3,3,1.0,1,1,0,1,0,0,0.0425531914893617,0.0425531914893617,0.2127659574468085,0.2127659574468085,0.0,0.0
gemma_3_12b_it,EBM-NLP,2803397,P3->P4,P3,P4,3,0.0531807541847229,1,1,1,1,1,0,0.006227296315516301,0.006227296315516301,0.0311364815775817,0.0311364815775817,0.0,0.0
gemma_3_12b_it,EBM-NLP,2803397,P4->P5,P4,P5,3,0.028522491455078125,1,1,1,1,1,0,0.0487804878048781,0.0487804878048781,0.048780487804878064,0.048780487804878064,0.0,0.0
gemma_3_12b_it,EBM-NLP,2803397,P5->P6,P5,P6,3,0.009990115960439047,1,1,1,1,1,0,-0.0475609756097562,0.0475609756097562,-0.09268292682926838,0.09268292682926838,0.0,0.0
gemma_3_12b_it,EBM-NLP,2908133,P1->P2,P1,P2,3,0.002336720625559489,1,1,1,1,1,0,0.01904761904761909,0.01904761904761909,-0.038095238095238126,0.038095238095238126,0.0,0.0
gemma_3_12b_it,EBM-NLP,2908133,P2->P3,P2,P3,3,0.002279977003733317,1,1,1,1,1,0,0.0714285714285714,0.0714285714285714,0.07142857142857151,0.07142857142857151,0.0,0.0
gemma_3_12b_it,EBM-NLP,2908133,P3->P4,P3,P4,3,0.025641123453776043,1,1,1,1,1,0,-0.1904761904761905,0.1904761904761905,-0.16666666666666669,0.16666666666666669,0.0,0.0
gemma_3_12b_it,EBM-NLP,2908133,P4->P5,P4,P5,3,0.02493319908777873,1,1,1,1,1,0,0.0833333333333334,0.0833333333333334,0.0,0.0,0.0,0.0
gemma_3_12b_it,EBM-NLP,2908133,P5->P6,P5,P6,3,0.007231394449869792,1,1,1,1,1,0,0.08333333333333331,0.08333333333333331,0.08333333333333337,0.08333333333333337,0.0,0.0
gemma_3_12b_it,EBM-NLP,3067745,P1->P2,P1,P2,3,0.0058041612307230634,1,1,1,1,1,0,0.0,0.0,0.0,0.0,0.0,0.0
gemma_3_12b_it,EBM-NLP,3067745,P2->P3,P2,P3,3,3.9736429850260414e-08,1,1,1,1,1,0,-0.0357142857142857,0.0357142857142857,-0.10714285714285715,0.10714285714285715,0.0,0.0
gemma_3_12b_it,EBM-NLP,3067745,P3->P4,P3,P4,3,3.9736429850260414e-08,1,1,1,1,1,0,0.0357142857142857,0.0357142857142857,0.10714285714285715,0.10714285714285715,0.0,0.0
gemma_3_12b_it,EBM-NLP,3067745,P4->P5,P4,P5,3,3.9736429850260414e-08,1,1,1,1,1,0,-0.0357142857142857,0.0357142857142857,-0.10714285714285715,0.10714285714285715,0.0,0.0
gemma_3_12b_it,EBM-NLP,3067745,P5->P6,P5,P6,3,0.3333333730697632,1,1,1,1,1,0,-0.14565826330532208,0.14565826330532208,-0.12324929971988802,0.12324929971988802,0.0,0.0
gemma_3_12b_it,EBM-NLP,3074300,P1->P2,P1,P2,3,0.004783233006795247,1,1,1,1,1,0,-0.1094819159335288,0.1094819159335288,-0.09384164222873914,0.09384164222873914,0.0,0.0
gemma_3_12b_it,EBM-NLP,3074300,P2->P3,P2,P3,3,0.010215659936269125,1,1,1,1,1,0,0.12903225806451613,0.12903225806451613,0.06451612903225823,0.06451612903225823,0.0,0.0
gemma_3_12b_it,EBM-NLP,3074300,P3->P4,P3,P4,3,0.02425829569498698,1,1,1,1,1,0,-0.07258064516129031,0.07258064516129031,0.06720430107526876,0.06720430107526876,0.0,0.0
gemma_3_12b_it,EBM-NLP,3074300,P4->P5,P4,P5,3,0.026811679204305012,1,1,1,1,1,0,0.13461538461538458,0.13461538461538458,-0.044871794871794934,0.044871794871794934,0.0,0.0
gemma_3_12b_it,EBM-NLP,3074300,P5->P6,P5,P6,3,0.029564321041107178,1,1,1,1,1,0,-0.15384615384615388,0.15384615384615388,0.0,0.0,0.0,0.0
gemma_3_12b_it,EBM-NLP,3081600,P1->P2,P1,P2,3,0.012991507848103842,1,1,1,1,1,0,0.04097452934662241,0.04097452934662241,0.03875968992248069,0.03875968992248069,0.0,0.0
gemma_3_12b_it,EBM-NLP,3081600,P2->P3,P2,P3,3,0.003001054128011068,1,1,1,1,1,0,0.076485788113695,0.076485788113695,0.07235142118863042,0.07235142118863042,0.0,0.0
gemma_3_12b_it,EBM-NLP,3081600,P3->P4,P3,P4,3,0.01096645991007487,1,1,1,1,1,0,-0.0888888888888889,0.0888888888888889,-0.0888888888888889,0.0888888888888889,0.0,0.0
gemma_3_12b_it,EBM-NLP,3081600,P4->P5,P4,P5,3,0.01448218027750651,1,1,1,1,1,0,0.09333333333333327,0.09333333333333327,0.1644444444444445,0.1644444444444445,0.0,0.0
gemma_3_12b_it,EBM-NLP,3081600,P5->P6,P5,P6,3,0.012877424558003744,1,1,1,1,1,0,-0.16952380952380938,0.16952380952380938,-0.23428571428571432,0.23428571428571432,0.0,0.0
gemma_3_12b_it,EBM-NLP,3534803,P1->P2,P1,P2,3,0.020525097846984863,1,1,1,1,1,0,-0.055147058823529396,0.055147058823529396,-0.04779411764705879,0.04779411764705879,0.0,0.0
gemma_3_12b_it,EBM-NLP,3534803,P2->P3,P2,P3,3,0.030960241953531902,1,1,1,1,1,0,0.0,0.0,0.0,0.0,0.0,0.0
gemma_3_12b_it,EBM-NLP,3534803,P3->P4,P3,P4,3,0.02698328097661336,1,1,1,1,1,0,-0.0018939393939393992,0.0018939393939393992,0.0549242424242424,0.0549242424242424,0.0,0.0
gemma_3_12b_it,EBM-NLP,3534803,P4->P5,P4,P5,3,0.02301841974258423,1,1,1,1,1,0,0.0039100684261973925,0.0039100684261973925,-0.048875855327468215,0.048875855327468215,0.0,0.0
gemma_3_12b_it,EBM-NLP,3534803,P5->P6,P5,P6,3,1.9868214925130207e-08,1,1,1,1,1,0,0.0,0.0,0.0,0.0,0.0,0.0
gemma_3_12b_it,EBM-NLP,361799,P1->P2,P1,P2,3,0.03789677222569784,1,1,1,1,1,0,-0.12330198537095088,0.12330198537095088,-0.16718913270637414,0.16718913270637414,0.0,0.0
gemma_3_12b_it,EBM-NLP,361799,P2->P3,P2,P3,3,0.33916348218917847,1,1,1,1,1,0,0.017241379310344807,0.017241379310344807,0.022167487684729092,0.022167487684729092,0.0,0.0
gemma_3_12b_it,EBM-NLP,361799,P3->P4,P3,P4,3,0.3582411805788676,1,1,1,1,1,0,-0.019999999999999907,0.019999999999999907,-0.0028571428571428914,0.0028571428571428914,0.0,0.0
gemma_3_12b_it,EBM-NLP,361799,P4->P5,P4,P5,3,0.06351784865061443,1,1,1,1,1,0,-0.122857142857143,0.122857142857143,-0.0685714285714285,0.0685714285714285,0.0,0.0
gemma_3_12b_it,EBM-NLP,361799,P5->P6,P5,P6,3,1.9868214925130207e-08,1,1,1,1,1,0,0.0,0.0,0.0,0.0,0.0,0.0
gemma_3_12b_it,EBM-NLP,384815,P1->P2,P1,P2,3,1.9868214925130207e-08,1,1,1,1,1,0,0.0,0.0,0.0,0.0,0.0,0.0
gemma_3_12b_it,EBM-NLP,384815,P2->P3,P2,P3,3,1.9868214925130207e-08,1,1,1,1,1,0,0.0,0.0,0.0,0.0,0.0,0.0
gemma_3_12b_it,EBM-NLP,384815,P3->P4,P3,P4,3,0.0151823361714681,1,1,1,1,1,0,-0.020000000000000018,0.020000000000000018,0.05999999999999994,0.05999999999999994,0.0,0.0
gemma_3_12b_it,EBM-NLP,384815,P4->P5,P4,P5,3,0.0151823361714681,1,1,1,1,1,0,0.020000000000000018,0.020000000000000018,-0.05999999999999994,0.05999999999999994,0.0,0.0
gemma_3_12b_it,EBM-NLP,384815,P5->P6,P5,P6,3,0.0010402401288350422,1,1,1,1,1,0,0.045454545454545525,0.045454545454545525,0.13636363636363635,0.13636363636363635,0.0,0.0
gemma_3_12b_it,EBM-NLP,3919804,P1->P2,P1,P2,3,0.01771511634190877,1,1,1,1,1,0,-0.003676470588235302,0.003676470588235302,-0.03308823529411764,0.03308823529411764,0.0,0.0
gemma_3_12b_it,EBM-NLP,3919804,P2->P3,P2,P3,3,0.0210230549176534,1,1,1,1,1,0,-0.0588235294117647,0.0588235294117647,-0.013282732447817747,0.013282732447817747,0.0,0.0
gemma_3_12b_it,EBM-NLP,3919804,P3->P4,P3,P4,3,0.010759492715199789,1,1,1,1,1,0,0.0666666666666666,0.0666666666666666,0.15053763440860213,0.15053763440860213,0.0,0.0
gemma_3_12b_it,EBM-NLP,3919804,P4->P5,P4,P5,3,0.011292656262715658,1,1,1,1,1,0,-0.0666666666666666,0.0666666666666666,-0.05128205128205143,0.05128205128205143,0.0,0.0
gemma_3_12b_it,EBM-NLP,3919804,P5->P6,P5,P6,3,3.9736429850260414e-08,1,1,1,1,1,0,0.0,0.0,0.0,0.0,0.0,0.0
gemma_3_12b_it,EBM-NLP,4919024,P1->P2,P1,P2,3,0.01335608959197998,1,1,1,1,1,0,0.031372549019607815,0.031372549019607815,0.031372549019607815,0.031372549019607815,0.0,0.0
gemma_3_12b_it,EBM-NLP,4919024,P2->P3,P2,P3,3,0.0063836971918741865,1,1,1,1,1,0,-0.016666666666666607,0.016666666666666607,-0.016666666666666607,0.016666666666666607,0.0,0.0
gemma_3_12b_it,EBM-NLP,4919024,P3->P4,P3,P4,3,0.08889832099278767,1,1,1,1,1,0,0.016666666666666607,0.016666666666666607,0.016666666666666607,0.016666666666666607,0.0,0.0
gemma_3_12b_it,EBM-NLP,4919024,P4->P5,P4,P5,3,0.05872088670730591,1,1,1,1,1,0,0.04102564102564099,0.04102564102564099,0.04102564102564099,0.04102564102564099,0.0,0.0
gemma_3_12b_it,EBM-NLP,4919024,P5->P6,P5,P6,3,0.0120428999265035,1,1,1,1,1,0,-0.04102564102564099,0.04102564102564099,-0.04102564102564099,0.04102564102564099,0.0,0.0
gemma_3_12b_it,EBM-NLP,6418441,P1->P2,P1,P2,3,0.0023652116457621255,1,1,1,1,1,0,0.02894736842105261,0.02894736842105261,0.03157894736842104,0.03157894736842104,0.0,0.0
gemma_3_12b_it,EBM-NLP,6418441,P2->P3,P2,P3,3,0.0023652116457621255,1,1,1,1,1,0,-0.02894736842105261,0.02894736842105261,-0.03157894736842104,0.03157894736842104,0.0,0.0
gemma_3_12b_it,EBM-NLP,6418441,P3->P4,P3,P4,3,0.00981279214223226,1,1,1,1,1,0,-0.11756756756756764,0.11756756756756764,-0.05945945945945952,0.05945945945945952,0.0,0.0
gemma_3_12b_it,EBM-NLP,6418441,P4->P5,P4,P5,3,0.039967119693756104,1,1,1,1,1,0,0.012012012012012019,0.012012012012012019,0.0705705705705707,0.0705705705705707,0.0,0.0
gemma_3_12b_it,EBM-NLP,6418441,P5->P6,P5,P6,3,0.007023930549621582,1,1,1,1,1,0,0.0,0.0,0.0,0.0,0.0,0.0
gemma_3_12b_it,EBM-NLP,6421395,P1->P2,P1,P2,3,0.006687760353088379,1,1,1,1,1,0,0.0,0.0,0.0,0.0,0.0,0.0
gemma_3_12b_it,EBM-NLP,6421395,P2->P3,P2,P3,3,0.0008231401443481445,1,1,1,1,1,0,0.0,0.0,0.05128205128205132,0.05128205128205132,0.0,0.0
gemma_3_12b_it,EBM-NLP,6421395,P3->P4,P3,P4,3,0.004353761672973633,1,1,1,1,1,0,-0.0776160776160777,0.0776160776160777,-0.17463617463617465,0.17463617463617465,0.0,0.0
gemma_3_12b_it,EBM-NLP,6421395,P4->P5,P4,P5,3,0.00871215264002482,1,1,1,1,1,0,0.02633402633402626,0.02633402633402626,0.07207207207207211,0.07207207207207211,0.0,0.0
gemma_3_12b_it,EBM-NLP,6421395,P5->P6,P5,P6,3,1.9868214925130207e-08,1,1,1,1,1,0,0.0,0.0,0.0,0.0,0.0,0.0
gemma_3_12b_it,EBM-NLP,6920252,P1->P2,P1,P2,3,0.003378132979075114,1,1,1,1,1,0,0.0527777777777777,0.0527777777777777,0.025000000000000022,0.025000000000000022,0.0,0.0
gemma_3_12b_it,EBM-NLP,6920252,P2->P3,P2,P3,3,0.008007864157358805,1,1,1,1,1,0,0.004040404040404094,0.004040404040404094,0.009090909090908983,0.009090909090908983,0.0,0.0
gemma_3_12b_it,EBM-NLP,6920252,P3->P4,P3,P4,3,0.03452157974243164,1,1,1,1,1,0,0.0735009671179884,0.0735009671179884,0.01644100580270802,0.01644100580270802,0.0,0.0
gemma_3_12b_it,EBM-NLP,6920252,P4->P5,P4,P5,3,0.030390381813049316,1,1,1,1,1,0,-0.05531914893617018,0.05531914893617018,-0.12553191489361704,0.12553191489361704,0.0,0.0
gemma_3_12b_it,EBM-NLP,6920252,P5->P6,P5,P6,3,0.023072699705759685,1,1,1,1,1,0,-0.026086956521739202,0.026086956521739202,0.09130434782608698,0.09130434782608698,0.0,0.0
gemma_3_12b_it,EBM-NLP,6938020,P1->P2,P1,P2,3,0.014829277992248535,1,1,1,1,1,0,-0.021164021164021052,0.021164021164021052,-0.02645502645502662,0.02645502645502662,0.0,0.0
gemma_3_12b_it,EBM-NLP,6938020,P2->P3,P2,P3,3,0.006724139054616292,1,1,1,1,1,0,-0.019704433497537144,0.019704433497537144,-0.024630541871921152,0.024630541871921152,0.0,0.0
gemma_3_12b_it,EBM-NLP,6938020,P3->P4,P3,P4,3,0.023373921712239582,1,1,1,1,1,0,-0.12315270935960587,0.12315270935960587,0.024630541871921152,0.024630541871921152,0.0,0.0
gemma_3_12b_it,EBM-NLP,6938020,P4->P5,P4,P5,3,0.029614766438802082,1,1,1,1,1,0,-0.1785714285714285,0.1785714285714285,-0.2142857142857142,0.2142857142857142,0.0,0.0
gemma_3_12b_it,EBM-NLP,6938020,P5->P6,P5,P6,3,0.0024340947469075522,1,1,1,1,1,0,-0.0833333333333334,0.0833333333333334,0.0,0.0,0.0,0.0
gemma_3_12b_it,EBM-NLP,6951573,P1->P2,P1,P2,3,0.0026946266492207846,1,1,1,1,1,0,0.08128078817733991,0.08128078817733991,0.0862068965517242,0.0862068965517242,0.0,0.0
gemma_3_12b_it,EBM-NLP,6951573,P2->P3,P2,P3,3,0.0035487214724222818,1,1,1,1,1,0,0.04285714285714298,0.04285714285714298,-0.033333333333333326,0.033333333333333326,0.0,0.0
gemma_3_12b_it,EBM-NLP,6951573,P3->P4,P3,P4,3,0.034859657287597656,1,1,1,1,1,0,-0.32000000000000006,0.32000000000000006,-0.06666666666666665,0.06666666666666665,0.0,0.0
gemma_3_12b_it,EBM-NLP,6951573,P4->P5,P4,P5,3,0.3524794975916545,1,1,1,1,1,0,0.006956521739130403,0.006956521739130403,-0.13913043478260873,0.13913043478260873,0.0,0.0
gemma_3_12b_it,EBM-NLP,6951573,P5->P6,P5,P6,3,0.6666666666666666,1,1,1,0,0,1,-0.0869565217391304,0.0869565217391304,-0.2608695652173913,0.2608695652173913,0.0,0.0
gemma_3_12b_it,EBM-NLP,6989377,P1->P2,P1,P2,3,7.947285970052083e-08,1,1,1,1,1,0,0.005844155844155818,0.005844155844155818,-0.025324675324675305,0.025324675324675305,0.0,0.0
gemma_3_12b_it,EBM-NLP,6989377,P2->P3,P2,P3,3,0.002376596132914225,1,1,1,1,1,0,0.0,0.0,0.036363636363636376,0.036363636363636376,0.0,0.0
gemma_3_12b_it,EBM-NLP,6989377,P3->P4,P3,P4,3,0.047182321548461914,1,1,1,1,1,0,0.018881118881118875,0.018881118881118875,-0.15664335664335666,0.15664335664335666,0.0,0.0
gemma_3_12b_it,EBM-NLP,6989377,P4->P5,P4,P5,3,0.026412785053253174,1,1,1,1,1,0,-0.1643356643356643,0.1643356643356643,-0.14335664335664333,0.14335664335664333,0.0,0.0
gemma_3_12b_it,EBM-NLP,6989377,P5->P6,P5,P6,3,0.0008095900217692057,1,1,1,1,1,0,0.0735009671179884,0.0735009671179884,0.1073500967117989,0.1073500967117989,0.0,0.0
gemma_3_12b_it,EBM-NLP,7017018,P1->P2,P1,P2,3,0.02172007163365682,1,1,1,1,1,0,0.1157894736842105,0.1157894736842105,0.02105263157894738,0.02105263157894738,0.0,0.0
gemma_3_12b_it,EBM-NLP,7017018,P2->P3,P2,P3,3,0.0036293466885884604,1,1,1,1,1,0,-0.01578947368421052,0.01578947368421052,-0.02105263157894738,0.02105263157894738,0.0,0.0
gemma_3_12b_it,EBM-NLP,7017018,P3->P4,P3,P4,3,0.0022520621617635093,1,1,1,1,1,0,-0.01428571428571429,0.01428571428571429,-0.019047619047619035,0.019047619047619035,0.0,0.0
gemma_3_12b_it,EBM-NLP,7017018,P4->P5,P4,P5,3,0.00795451800028483,1,1,1,1,1,0,0.03007518796992481,0.03007518796992481,0.040100250626566414,0.040100250626566414,0.0,0.0
gemma_3_12b_it,EBM-NLP,7017018,P5->P6,P5,P6,3,0.007304549217224121,1,1,1,1,1,0,0.017543859649122806,0.017543859649122806,0.02339181286549702,0.02339181286549702,0.0,0.0
gemma_3_12b_it,EBM-NLP,7598243,P1->P2,P1,P2,3,0.05987278620402018,1,1,1,1,1,0,-0.04347826086956519,0.04347826086956519,-0.1739130434782608,0.1739130434782608,0.0,0.0
gemma_3_12b_it,EBM-NLP,7598243,P2->P3,P2,P3,3,0.03238630294799805,1,1,1,1,1,0,-0.006475485661424585,0.006475485661424585,0.07863089731729889,0.07863089731729889,0.0,0.0
gemma_3_12b_it,EBM-NLP,7598243,P3->P4,P3,P4,3,0.030715684096018474,1,1,1,1,1,0,-0.07565011820330969,0.07565011820330969,-0.11631205673758876,0.11631205673758876,0.0,0.0
gemma_3_12b_it,EBM-NLP,7598243,P4->P5,P4,P5,3,0.023782074451446533,1,1,1,1,1,0,0.28686868686868683,0.28686868686868683,0.4242424242424243,0.4242424242424243,0.0,0.0
gemma_3_12b_it,EBM-NLP,7598243,P5->P6,P5,P6,3,0.005859971046447754,1,1,1,1,1,0,0.05694682675814766,0.05694682675814766,-0.011663807890222921,0.011663807890222921,0.0,0.0
gemma_3_12b_it,EBM-NLP,7707420,P1->P2,P1,P2,3,0.004282653331756592,1,1,1,1,1,0,-0.016967126193001086,0.016967126193001086,-0.04984093319194066,0.04984093319194066,0.0,0.0
gemma_3_12b_it,EBM-NLP,7707420,P2->P3,P2,P3,3,5.960464477539063e-08,1,1,1,1,1,0,0.0,0.0,0.0,0.0,0.0,0.0
gemma_3_12b_it,EBM-NLP,7707420,P3->P4,P3,P4,3,5.960464477539063e-08,1,1,1,1,1,0,-0.01134429948950652,0.01134429948950652,0.0771412365286443,0.0771412365286443,0.0,0.0
gemma_3_12b_it,EBM-NLP,7707420,P4->P5,P4,P5,3,0.016861379146575928,1,1,1,1,1,0,-0.0465116279069768,0.0465116279069768,0.0,0.0,0.0,0.0
gemma_3_12b_it,EBM-NLP,7707420,P5->P6,P5,P6,3,0.00988688071568807,1,1,1,1,1,0,-0.028151774785801692,0.028151774785801692,-0.1028151774785801,0.1028151774785801,0.0,0.0
gemma_3_12b_it,EBM-NLP,7808649,P1->P2,P1,P2,3,0.03849325577418009,1,1,1,1,1,0,0.0,0.0,-0.1111111111111111,0.1111111111111111,0.0,0.0
gemma_3_12b_it,EBM-NLP,7808649,P2->P3,P2,P3,3,0.00637209415435791,1,1,1,1,1,0,-0.00584795321637431,0.00584795321637431,0.046783625730994094,0.046783625730994094,0.0,0.0
gemma_3_12b_it,EBM-NLP,7808649,P3->P4,P3,P4,3,0.03131594260533651,1,1,1,1,1,0,-0.042763157894736795,0.042763157894736795,-0.0328947368421052,0.0328947368421052,0.0,0.0
gemma_3_12b_it,EBM-NLP,7808649,P4->P5,P4,P5,3,0.07042320569356282,1,1,1,1,1,0,0.0625,0.0625,0.125,0.125,0.0,0.0
gemma_3_12b_it,EBM-NLP,7808649,P5->P6,P5,P6,3,0.08669201532999675,1,1,1,1,1,0,-0.06048387096774201,0.06048387096774201,-0.185483870967742,0.185483870967742,0.0,0.0
gemma_3_12b_it,EBM-NLP,7814711,P1->P2,P1,P2,3,0.017684300740559895,1,1,1,1,1,0,-0.1056034482758621,0.1056034482758621,-0.21767241379310343,0.21767241379310343,0.0,0.0
gemma_3_12b_it,EBM-NLP,7814711,P2->P3,P2,P3,3,0.028130412101745605,1,1,1,1,1,0,0.03310344827586201,0.03310344827586201,-0.10482758620689667,0.10482758620689667,0.0,0.0
gemma_3_12b_it,EBM-NLP,7814711,P3->P4,P3,P4,3,0.07195963462193807,1,1,1,1,1,0,-0.0918518518518518,0.0918518518518518,0.05629629629629637,0.05629629629629637,0.0,0.0
gemma_3_12b_it,EBM-NLP,7814711,P4->P5,P4,P5,3,0.05084838469823202,1,1,1,1,1,0,-0.010217113665389521,0.010217113665389521,-0.020434227330779098,0.020434227330779098,0.0,0.0
gemma_3_12b_it,EBM-NLP,7814711,P5->P6,P5,P6,3,3.9736429850260414e-08,1,1,1,1,1,0,0.0,0.0,0.0,0.0,0.0,0.0
gemma_3_12b_it,EBM-NLP,7827398,P1->P2,P1,P2,3,3.9736429850260414e-08,1,1,1,1,1,0,0.0047619047619048005,0.0047619047619048005,-0.0761904761904762,0.0761904761904762,0.0,0.0
gemma_3_12b_it,EBM-NLP,7827398,P2->P3,P2,P3,3,0.0013855497042338054,1,1,1,1,1,0,-0.0047619047619048005,0.0047619047619048005,0.0761904761904762,0.0761904761904762,0.0,0.0
gemma_3_12b_it,EBM-NLP,7827398,P3->P4,P3,P4,3,0.025937994321187336,1,1,1,1,1,0,0.0047619047619048005,0.0047619047619048005,-0.0761904761904762,0.0761904761904762,0.0,0.0
gemma_3_12b_it,EBM-NLP,7827398,P4->P5,P4,P5,3,0.024628678957621258,1,1,1,1,1,0,-0.009090909090909108,0.009090909090909108,-0.03636363636363632,0.03636363636363632,0.0,0.0
gemma_3_12b_it,EBM-NLP,7827398,P5->P6,P5,P6,3,7.947285970052083e-08,1,1,1,1,1,0,0.004329004329004307,0.004329004329004307,0.017316017316017285,0.017316017316017285,0.0,0.0
gemma_3_12b_it,EBM-NLP,7831628,P1->P2,P1,P2,3,0.018118361632029217,1,1,1,1,1,0,-0.0730434782608696,0.0730434782608696,-0.2191304347826089,0.2191304347826089,0.0,0.0
gemma_3_12b_it,EBM-NLP,7831628,P2->P3,P2,P3,3,0.038602968056996666,1,1,1,1,1,0,-0.0869565217391304,0.0869565217391304,-0.07039337474120078,0.07039337474120078,0.0,0.0
gemma_3_12b_it,EBM-NLP,7831628,P3->P4,P3,P4,3,0.020666460196177166,1,1,1,1,1,0,0.0,0.0,-0.10714285714285711,0.10714285714285711,0.0,0.0
gemma_3_12b_it,EBM-NLP,7831628,P4->P5,P4,P5,3,0.020261247952779133,1,1,1,1,1,0,0.0,0.0,0.0705128205128205,0.0705128205128205,0.0,0.0
gemma_3_12b_it,EBM-NLP,7831628,P5->P6,P5,P6,3,0.06947221358617146,1,1,1,1,1,0,0.0869565217391304,0.0869565217391304,0.02006688963210701,0.02006688963210701,0.0,0.0
gemma_3_12b_it,EBM-NLP,7844976,P1->P2,P1,P2,3,0.008147935072580973,1,1,1,1,1,0,-0.1904761904761905,0.1904761904761905,-0.26190476190476186,0.26190476190476186,0.0,0.0
gemma_3_12b_it,EBM-NLP,7844976,P2->P3,P2,P3,3,0.006958425045013428,1,1,1,1,1,0,0.1656314699792961,0.1656314699792961,0.2525879917184265,0.2525879917184265,0.0,0.0
gemma_3_12b_it,EBM-NLP,7844976,P3->P4,P3,P4,3,0.0031357606252034507,1,1,1,1,1,0,-0.010869565217391297,0.010869565217391297,-0.01449275362318836,0.01449275362318836,0.0,0.0
gemma_3_12b_it,EBM-NLP,7844976,P4->P5,P4,P5,3,0.016422371069590252,1,1,1,1,1,0,-0.14473684210526322,0.14473684210526322,-0.22807017543859653,0.22807017543859653,0.0,0.0
gemma_3_12b_it,EBM-NLP,7844976,P5->P6,P5,P6,3,0.019492109616597492,1,1,1,1,1,0,-0.01002506265664159,0.01002506265664159,-0.01002506265664159,0.01002506265664159,0.0,0.0
gemma_3_12b_it,EBM-NLP,7853069,P1->P2,P1,P2,3,0.017241299152374268,1,1,1,1,1,0,0.1909677419354839,0.1909677419354839,0.012903225806451646,0.012903225806451646,0.0,0.0
gemma_3_12b_it,EBM-NLP,7853069,P2->P3,P2,P3,3,0.012311200300852457,1,1,1,1,1,0,-0.1718518518518519,0.1718518518518519,0.04444444444444445,0.04444444444444445,0.0,0.0
gemma_3_12b_it,EBM-NLP,7853069,P3->P4,P3,P4,3,0.021076679229736328,1,1,1,1,1,0,0.1595441595441595,0.1595441595441595,-0.059829059829059894,0.059829059829059894,0.0,0.0
gemma_3_12b_it,EBM-NLP,7853069,P4->P5,P4,P5,3,0.01502398649851481,1,1,1,1,1,0,-0.08547008547008539,0.08547008547008539,0.059829059829059894,0.059829059829059894,0.0,0.0
gemma_3_12b_it,EBM-NLP,7853069,P5->P6,P5,P6,3,0.0005388458569844564,1,1,1,1,1,0,-0.01532567049808431,0.01532567049808431,-0.030651340996168563,0.030651340996168563,0.0,0.0
gemma_3_12b_it,EBM-NLP,8519720,P1->P2,P1,P2,3,0.0018686254819234212,1,1,1,1,1,0,-0.04830917874396132,0.04830917874396132,-0.007729468599033729,0.007729468599033729,0.0,0.0
gemma_3_12b_it,EBM-NLP,8519720,P2->P3,P2,P3,3,0.0018686254819234212,1,1,1,1,1,0,0.04830917874396132,0.04830917874396132,0.007729468599033729,0.007729468599033729,0.0,0.0
gemma_3_12b_it,EBM-NLP,8519720,P3->P4,P3,P4,3,0.12452306350072224,1,1,1,1,1,0,0.0,0.0,-0.0888888888888889,0.0888888888888889,0.0,0.0
gemma_3_12b_it,EBM-NLP,8519720,P4->P5,P4,P5,3,0.008995036284128824,1,1,1,1,1,0,-0.08585858585858591,0.08585858585858591,-0.039393939393939315,0.039393939393939315,0.0,0.0
gemma_3_12b_it,EBM-NLP,8519720,P5->P6,P5,P6,3,0.044296443462371826,1,1,1,1,1,0,0.08102766798418981,0.08102766798418981,0.16403162055335968,0.16403162055335968,0.0,0.0
gemma_3_12b_it,EBM-NLP,8726604,P1->P2,P1,P2,3,0.0,1,1,1,1,1,0,0.0,0.0,0.0,0.0,0.0,0.0
gemma_3_12b_it,EBM-NLP,8726604,P2->P3,P2,P3,3,0.0,1,1,1,1,1,0,0.0,0.0,0.0,0.0,0.0,0.0
gemma_3_12b_it,EBM-NLP,8726604,P3->P4,P3,P4,3,0.07763489087422688,1,1,1,1,1,0,-0.04093567251461988,0.04093567251461988,-0.07212475633528254,0.07212475633528254,0.0,0.0
gemma_3_12b_it,EBM-NLP,8726604,P4->P5,P4,P5,3,0.032754977544148765,1,1,1,1,1,0,-0.0740740740740741,0.0740740740740741,0.0,0.0,0.0,0.0
gemma_3_12b_it,EBM-NLP,8726604,P5->P6,P5,P6,3,0.06829571723937988,1,1,1,1,1,0,-0.0052910052910053185,0.0052910052910053185,-0.010582010582010581,0.010582010582010581,0.0,0.0
gemma_3_12b_it,EBM-NLP,8771302,P1->P2,P1,P2,3,0.0027463436126708984,1,1,1,1,1,0,0.0585585585585585,0.0585585585585585,0.004504504504504514,0.004504504504504514,0.0,0.0
gemma_3_12b_it,EBM-NLP,8771302,P2->P3,P2,P3,3,0.008714397748311361,1,1,1,1,1,0,-0.0555555555555555,0.0555555555555555,0.11111111111111119,0.11111111111111119,0.0,0.0
gemma_3_12b_it,EBM-NLP,8771302,P3->P4,P3,P4,3,0.01676201820373535,1,1,1,1,1,0,0.0555555555555555,0.0555555555555555,0.111111111111111,0.111111111111111,0.0,0.0
gemma_3_12b_it,EBM-NLP,8771302,P4->P5,P4,P5,3,0.03874880075454712,1,1,1,1,1,0,0.020833333333333287,0.020833333333333287,-0.07638888888888878,0.07638888888888878,0.0,0.0
gemma_3_12b_it,EBM-NLP,8771302,P5->P6,P5,P6,3,0.03887548049290975,1,1,1,1,1,0,-0.10749999999999989,0.10749999999999989,-0.1525,0.1525,0.0,0.0
gemma_3_12b_it,EBM-NLP,8779382,P1->P2,P1,P2,3,0.033966283003489174,1,1,1,1,1,0,0.1048951048951049,0.1048951048951049,0.1328671328671329,0.1328671328671329,0.0,0.0
gemma_3_12b_it,EBM-NLP,8779382,P2->P3,P2,P3,3,0.033966283003489174,1,1,1,1,1,0,-0.1048951048951049,0.1048951048951049,-0.1328671328671329,0.1328671328671329,0.0,0.0
gemma_3_12b_it,EBM-NLP,8779382,P3->P4,P3,P4,3,0.04322012265523275,1,1,1,1,1,0,0.013986013986013998,0.013986013986013998,0.04195804195804201,0.04195804195804201,0.0,0.0
gemma_3_12b_it,EBM-NLP,8779382,P4->P5,P4,P5,3,0.039715309937795006,1,1,1,1,1,0,-0.0909090909090909,0.0909090909090909,-0.0988142292490119,0.0988142292490119,0.0,0.0
gemma_3_12b_it,EBM-NLP,8779382,P5->P6,P5,P6,3,0.035890003045399986,1,1,1,1,1,0,0.0869565217391304,0.0869565217391304,0.08695652173913049,0.08695652173913049,0.0,0.0
gemma_3_12b_it,EBM-NLP,8911222,P1->P2,P1,P2,3,0.011327028274536133,1,1,1,1,1,0,0.01653746770025838,0.01653746770025838,-0.023772609819121437,0.023772609819121437,0.0,0.0
gemma_3_12b_it,EBM-NLP,8911222,P2->P3,P2,P3,3,0.009096960226694742,1,1,1,1,1,0,-0.13399778516057578,0.13399778516057578,-0.0841638981173865,0.0841638981173865,0.0,0.0
gemma_3_12b_it,EBM-NLP,8911222,P3->P4,P3,P4,3,0.018514891465504963,1,1,1,1,1,0,0.1700680272108843,0.1700680272108843,0.2312925170068028,0.2312925170068028,0.0,0.0
gemma_3_12b_it,EBM-NLP,8911222,P4->P5,P4,P5,3,0.007198989391326904,1,1,1,1,1,0,-0.02354788069073782,0.02354788069073782,-0.07378335949764525,0.07378335949764525,0.0,0.0
gemma_3_12b_it,EBM-NLP,8911222,P5->P6,P5,P6,3,0.012521763642628988,1,1,1,1,1,0,-0.009615384615384581,0.009615384615384581,-0.038461538461538436,0.038461538461538436,0.0,0.0
gemma_3_12b_it,EBM-NLP,8911223,P1->P2,P1,P2,3,0.011103153228759766,1,1,1,1,1,0,-0.11904761904761912,0.11904761904761912,-0.1964285714285715,0.1964285714285715,0.0,0.0
gemma_3_12b_it,EBM-NLP,8911223,P2->P3,P2,P3,3,0.0007622043291727701,1,1,1,1,1,0,0.0841638981173865,0.0841638981173865,0.0830564784053156,0.0830564784053156,0.0,0.0
gemma_3_12b_it,EBM-NLP,8911223,P3->P4,P3,P4,3,0.026561299959818523,1,1,1,1,1,0,-0.15742397137745978,0.15742397137745978,-0.15265354800238512,0.15265354800238512,0.0,0.0
gemma_3_12b_it,EBM-NLP,8911223,P4->P5,P4,P5,3,0.026561299959818523,1,1,1,1,1,0,0.05128205128205138,0.05128205128205138,0.05128205128205121,0.05128205128205121,0.0,0.0
gemma_3_12b_it,EBM-NLP,8911223,P5->P6,P5,P6,3,1.9868214925130207e-08,1,1,1,1,1,0,0.0,0.0,0.0,0.0,0.0,0.0
gemma_3_12b_it,EBM-NLP,8913901,P1->P2,P1,P2,3,0.005218287309010823,1,1,1,1,1,0,-0.0857142857142858,0.0857142857142858,0.02380952380952378,0.02380952380952378,0.0,0.0
gemma_3_12b_it,EBM-NLP,8913901,P2->P3,P2,P3,3,0.0251728097597758,1,1,1,1,1,0,0.11578947368421061,0.11578947368421061,0.02631578947368418,0.02631578947368418,0.0,0.0
gemma_3_12b_it,EBM-NLP,8913901,P3->P4,P3,P4,3,0.05696350336074829,1,1,1,1,1,0,-0.1824561403508772,0.1824561403508772,0.007017543859649145,0.007017543859649145,0.0,0.0
gemma_3_12b_it,EBM-NLP,8913901,P4->P5,P4,P5,3,0.00611648956934611,1,1,1,1,1,0,0.00952380952380949,0.00952380952380949,0.03809523809523807,0.03809523809523807,0.0,0.0
gemma_3_12b_it,EBM-NLP,8913901,P5->P6,P5,P6,3,1.9868214925130207e-08,1,1,1,1,1,0,0.0,0.0,0.0,0.0,0.0,0.0
gemma_3_12b_it,EBM-NLP,8916620,P1->P2,P1,P2,3,9.934107462565105e-08,1,1,1,1,1,0,0.0,0.0,0.0,0.0,0.0,0.0
gemma_3_12b_it,EBM-NLP,8916620,P2->P3,P2,P3,3,0.018912990887959797,1,1,1,1,1,0,-0.01002506265664159,0.01002506265664159,-0.03007518796992492,0.03007518796992492,0.0,0.0
gemma_3_12b_it,EBM-NLP,8916620,P3->P4,P3,P4,3,0.11854835351308186,1,1,1,1,1,0,-0.0952380952380952,0.0952380952380952,-0.1318681318681318,0.1318681318681318,0.0,0.0
gemma_3_12b_it,EBM-NLP,8916620,P4->P5,P4,P5,3,0.16782752672831217,1,1,1,1,1,0,0.1428571428571428,0.1428571428571428,-0.010989010989011005,0.010989010989011005,0.0,0.0
gemma_3_12b_it,EBM-NLP,8916620,P5->P6,P5,P6,3,0.37902869780858356,1,1,1,1,1,0,0.010989010989011005,0.010989010989011005,0.010989010989011005,0.010989010989011005,0.0,0.0
gemma_3_12b_it,EBM-NLP,8989009,P1->P2,P1,P2,3,0.02620379130045573,1,1,1,1,1,0,-0.153576129881527,0.153576129881527,-0.09828872312417741,0.09828872312417741,0.0,0.0
gemma_3_12b_it,EBM-NLP,8989009,P2->P3,P2,P3,3,0.007043023904164632,1,1,1,1,1,0,0.140484100616991,0.140484100616991,0.129093497864262,0.129093497864262,0.0,0.0
gemma_3_12b_it,EBM-NLP,8989009,P3->P4,P3,P4,3,0.011243879795074463,1,1,1,1,1,0,-0.18699572852396767,0.18699572852396767,-0.08258186995728523,0.08258186995728523,0.0,0.0
gemma_3_12b_it,EBM-NLP,8989009,P4->P5,P4,P5,3,0.010652860005696615,1,1,1,1,1,0,0.014311270125223596,0.014311270125223596,-0.06917113893858079,0.06917113893858079,0.0,0.0
gemma_3_12b_it,EBM-NLP,8989009,P5->P6,P5,P6,3,0.004709223906199138,1,1,1,1,1,0,0.008316008316008289,0.008316008316008289,0.013860013860013898,0.013860013860013898,0.0,0.0
gemma_3_12b_it,EBM-NLP,9229602,P1->P2,P1,P2,3,0.001155535380045573,1,1,1,1,1,0,0.0,0.0,0.0,0.0,0.0,0.0
gemma_3_12b_it,EBM-NLP,9229602,P2->P3,P2,P3,3,3.9736429850260414e-08,1,1,1,1,1,0,0.0,0.0,0.0,0.0,0.0,0.0
gemma_3_12b_it,EBM-NLP,9229602,P3->P4,P3,P4,3,0.0233728289604187,1,1,1,1,1,0,-0.0952380952380952,0.0952380952380952,-0.17142857142857137,0.17142857142857137,0.0,0.0
gemma_3_12b_it,EBM-NLP,9229602,P4->P5,P4,P5,3,0.0026462276776631675,1,1,1,1,1,0,0.0,0.0,0.0,0.0,0.0,0.0
gemma_3_12b_it,EBM-NLP,9229602,P5->P6,P5,P6,3,1.9868214925130207e-08,1,1,1,1,1,0,0.0,0.0,0.0,0.0,0.0,0.0
gemma_3_12b_it,EBM-NLP,9394106,P1->P2,P1,P2,3,0.0,1,1,1,1,1,0,-0.02857142857142847,0.02857142857142847,-0.06428571428571428,0.06428571428571428,0.0,0.0
gemma_3_12b_it,EBM-NLP,9394106,P2->P3,P2,P3,3,0.002981265385945638,1,1,1,1,1,0,0.02105263157894738,0.02105263157894738,0.03421052631578936,0.03421052631578936,0.0,0.0
gemma_3_12b_it,EBM-NLP,9394106,P3->P4,P3,P4,3,0.014091769854227701,1,1,1,1,1,0,-0.02105263157894738,0.02105263157894738,-0.11278195488721787,0.11278195488721787,0.0,0.0
gemma_3_12b_it,EBM-NLP,9394106,P4->P5,P4,P5,3,0.03229610125223795,1,1,1,1,1,0,-0.021621621621621623,0.021621621621621623,-0.0849420849420851,0.0849420849420851,0.0,0.0
gemma_3_12b_it,EBM-NLP,9394106,P5->P6,P5,P6,3,0.009620924790700277,1,1,1,1,1,0,-0.035521235521235595,0.035521235521235595,-0.02934362934362922,0.02934362934362922,0.0,0.0
gemma_3_12b_it,EBM-NLP,9481998,P1->P2,P1,P2,3,0.005244274934132894,1,1,1,1,1,0,0.0,0.0,0.0,0.0,0.0,0.0
gemma_3_12b_it,EBM-NLP,9481998,P2->P3,P2,P3,3,0.04536139965057373,1,1,1,1,1,0,0.020289855072463808,0.020289855072463808,-0.1594202898550725,0.1594202898550725,0.0,0.0
gemma_3_12b_it,EBM-NLP,9481998,P3->P4,P3,P4,3,0.04765550295511881,1,1,1,1,1,0,0.1130434782608695,0.1130434782608695,0.29275362318840586,0.29275362318840586,0.0,0.0
gemma_3_12b_it,EBM-NLP,9481998,P4->P5,P4,P5,3,0.0028667251269022622,1,1,1,1,1,0,0.06666666666666671,0.06666666666666671,0.13333333333333341,0.13333333333333341,0.0,0.0
gemma_3_12b_it,EBM-NLP,9481998,P5->P6,P5,P6,3,0.09504067897796631,1,1,1,1,1,0,-0.05614035087719302,0.05614035087719302,-0.3894736842105265,0.3894736842105265,0.0,0.0
gemma_3_12b_it,EBM-NLP,9573502,P1->P2,P1,P2,3,0.00034991900126139325,1,1,1,1,1,0,0.0357142857142857,0.0357142857142857,0.0,0.0,0.0,0.0
gemma_3_12b_it,EBM-NLP,9573502,P2->P3,P2,P3,3,0.005018115043640137,1,1,1,1,1,0,-0.06688311688311688,0.06688311688311688,-0.09870129870129862,0.09870129870129862,0.0,0.0
gemma_3_12b_it,EBM-NLP,9573502,P3->P4,P3,P4,3,0.013453205426534018,1,1,1,1,1,0,-0.02377622377622382,0.02377622377622382,-0.011188811188811265,0.011188811188811265,0.0,0.0
gemma_3_12b_it,EBM-NLP,9573502,P4->P5,P4,P5,3,0.006820698579152425,1,1,1,1,1,0,-0.0489510489510489,0.0489510489510489,-0.09790209790209792,0.09790209790209792,0.0,0.0
gemma_3_12b_it,EBM-NLP,9573502,P5->P6,P5,P6,3,0.018511593341827393,1,1,1,1,1,0,-0.08879492600422839,0.08879492600422839,-0.08456659619450319,0.08456659619450319,0.0,0.0
gemma_3_12b_it,EBM-NLP,9695300,P1->P2,P1,P2,3,0.04925821224848429,1,1,1,1,1,0,0.054200542005420016,0.054200542005420016,-0.09214092140921404,0.09214092140921404,0.0,0.0
gemma_3_12b_it,EBM-NLP,9695300,P2->P3,P2,P3,3,0.05146223306655884,1,1,1,1,1,0,-0.03418803418803423,0.03418803418803423,0.11965811965811979,0.11965811965811979,0.0,0.0
gemma_3_12b_it,EBM-NLP,9695300,P3->P4,P3,P4,3,0.08883615334828694,1,1,1,1,1,0,-0.18803418803418798,0.18803418803418798,-0.1937321937321939,0.1937321937321939,0.0,0.0
gemma_3_12b_it,EBM-NLP,9695300,P4->P5,P4,P5,3,0.07197366158167522,1,1,1,1,1,0,-0.06837606837606841,0.06837606837606841,-0.06267806267806258,0.06267806267806258,0.0,0.0
gemma_3_12b_it,EBM-NLP,9695300,P5->P6,P5,P6,3,0.013526240984598795,1,1,1,1,1,0,0.0769230769230769,0.0769230769230769,0.0,0.0,0.0,0.0
gemma_3_12b_it,EBM-NLP,9730996,P1->P2,P1,P2,3,1.0,1,1,0,1,0,0,0.3111111111111111,0.3111111111111111,0.6222222222222223,0.6222222222222223,0.0,0.0
gemma_3_12b_it,EBM-NLP,9730996,P2->P3,P2,P3,3,0.01965610186258952,1,1,1,1,1,0,-0.04444444444444451,0.04444444444444451,-0.13333333333333347,0.13333333333333347,0.0,0.0
gemma_3_12b_it,EBM-NLP,9730996,P3->P4,P3,P4,3,0.020889103412628174,1,1,1,1,1,0,-0.0393939393939394,0.0393939393939394,0.05656565656565654,0.05656565656565654,0.0,0.0
gemma_3_12b_it,EBM-NLP,9730996,P4->P5,P4,P5,3,0.0051453908284505205,1,1,1,1,1,0,0.0454545454545455,0.0454545454545455,0.045454545454545525,0.045454545454545525,0.0,0.0
gemma_3_12b_it,EBM-NLP,9730996,P5->P6,P5,P6,3,0.005171855290730794,1,1,1,1,1,0,-0.03463203463203471,0.03463203463203471,-0.0670995670995671,0.0670995670995671,0.0,0.0
gemma_3_12b_it,EBM-NLP,9816035,P1->P2,P1,P2,3,0.00906298557917277,1,1,1,1,1,0,-0.08446455505279027,0.08446455505279027,-0.04826546003016591,0.04826546003016591,0.0,0.0
gemma_3_12b_it,EBM-NLP,9816035,P2->P3,P2,P3,3,0.011829058329264322,1,1,1,1,1,0,-0.015009380863039434,0.015009380863039434,-0.022514071294559124,0.022514071294559124,0.0,0.0
gemma_3_12b_it,EBM-NLP,9816035,P3->P4,P3,P4,3,0.0036755998929341636,1,1,1,1,1,0,0.04878048780487804,0.04878048780487804,0.0,0.0,0.0,0.0
gemma_3_12b_it,EBM-NLP,9816035,P4->P5,P4,P5,3,0.0038310488065083823,1,1,1,1,1,0,0.03691496374423198,0.03691496374423198,-0.006591957811469984,0.006591957811469984,0.0,0.0
gemma_3_12b_it,EBM-NLP,9816035,P5->P6,P5,P6,3,0.0022721290588378906,1,1,1,1,1,0,-0.009957325746799361,0.009957325746799361,0.04125177809388331,0.04125177809388331,0.0,0.0
gemma_3_12b_it,SciER,160009536,P1->P2,P1,P2,4,0.01611950993537903,1,1,1,1,1,0,-0.038572282283913684,0.038572282283913684,-0.02984371887506579,0.02984371887506579,-0.0275862068965517,0.0275862068965517
gemma_3_12b_it,SciER,160009536,P2->P3,P2,P3,4,1.0,1,1,1,0,0,1,-0.2145922746781116,0.2145922746781116,-0.2317596566523604,0.2317596566523604,0.0,0.0
gemma_3_12b_it,SciER,160009536,P3->P4,P3,P4,4,1.0,1,1,0,1,0,0,0.3095238095238095,0.3095238095238095,0.3174603174603174,0.3174603174603174,0.065359477124183,0.065359477124183
gemma_3_12b_it,SciER,160009536,P4->P5,P4,P5,4,0.03057834506034851,1,1,1,1,1,0,0.014800514800514808,0.014800514800514808,0.014586014586014606,0.014586014586014606,-0.065359477124183,0.065359477124183
gemma_3_12b_it,SciER,160009536,P5->P6,P5,P6,4,0.030185848474502563,1,1,1,1,1,0,-0.049020680599628,0.049020680599628,-0.04864552232973279,0.04864552232973279,0.0134228187919463,0.0134228187919463
gemma_3_12b_it,SciER,192546007,P1->P2,P1,P2,4,0.003233492374420166,1,1,1,1,1,0,0.03841141367720691,0.03841141367720691,0.045407778311269714,0.045407778311269714,0.013117558993369895,0.013117558993369895
gemma_3_12b_it,SciER,192546007,P2->P3,P2,P3,4,0.004011601209640503,1,1,1,1,1,0,-0.03841141367720691,0.03841141367720691,-0.045407778311269714,0.045407778311269714,-0.048192771084337394,0.048192771084337394
gemma_3_12b_it,SciER,192546007,P3->P4,P3,P4,4,0.050104737281799316,1,1,1,1,1,0,0.1028234441406122,0.1028234441406122,0.0836161170230291,0.0836161170230291,-0.0240963855421686,0.0240963855421686
gemma_3_12b_it,SciER,192546007,P4->P5,P4,P5,4,0.04726827144622803,1,1,1,1,1,0,-0.0912496824993651,0.0912496824993651,-0.10642621285242579,0.10642621285242579,0.1354166666666666,0.1354166666666666
gemma_3_12b_it,SciER,192546007,P5->P6,P5,P6,4,1.0,1,1,1,0,0,1,-0.1370967741935483,0.1370967741935483,-0.1612903225806451,0.1612903225806451,-0.1354166666666666,0.1354166666666666
gemma_3_12b_it,SciER,202719492,P1->P2,P1,P2,4,0.001728937029838562,1,1,1,1,1,0,0.0,0.0,0.0,0.0,-0.016905901116427497,0.016905901116427497
gemma_3_12b_it,SciER,202719492,P2->P3,P2,P3,4,0.004631653428077698,1,1,1,1,1,0,0.008423686405337805,0.008423686405337805,0.0170975813177648,0.0170975813177648,0.0005097706032285987,0.0005097706032285987
gemma_3_12b_it,SciER,202719492,P3->P4,P3,P4,4,0.013537183403968811,1,1,1,1,1,0,0.022985311631599795,0.022985311631599795,0.012107979356887705,0.012107979356887705,0.06195357250527579,0.06195357250527579
gemma_3_12b_it,SciER,202719492,P4->P5,P4,P5,4,0.016686320304870605,1,1,1,1,1,0,0.016935636985001,0.016935636985001,0.03413707993164991,0.03413707993164991,-0.06294604624607479,0.06294604624607479
gemma_3_12b_it,SciER,202719492,P5->P6,P5,P6,4,0.006835609674453735,1,1,1,1,1,0,-0.006694882647171996,0.006694882647171996,-0.005617545209696123,0.005617545209696123,0.017083493651404397,0.017083493651404397
gemma_3_12b_it,SciER,202888938,P1->P2,P1,P2,4,0.031640082597732544,1,1,1,1,1,0,0.026592215833701915,0.026592215833701915,0.019073418841220713,0.019073418841220713,0.0248367584024356,0.0248367584024356
gemma_3_12b_it,SciER,202888938,P2->P3,P2,P3,4,0.03572307527065277,1,1,1,1,1,0,0.0005697851096158058,0.0005697851096158058,0.007949858910353796,0.007949858910353796,-0.0367090232319343,0.0367090232319343
gemma_3_12b_it,SciER,202888938,P3->P4,P3,P4,4,0.2942619025707245,1,1,1,1,1,0,0.03317176028903149,0.03317176028903149,0.039728968718258595,0.039728968718258595,-0.0136054421768707,0.0136054421768707
gemma_3_12b_it,SciER,202888938,P4->P5,P4,P5,4,0.2504839599132538,1,1,1,1,1,0,-0.0037561469839622053,0.0037561469839622053,-0.010601230632367092,0.010601230632367092,0.0,0.0
gemma_3_12b_it,SciER,202888938,P5->P6,P5,P6,4,0.2862306535243988,1,1,1,1,1,0,-0.06631598230875929,0.06631598230875929,-0.06602810708958151,0.06602810708958151,0.0402684563758389,0.0402684563758389
gemma_3_12b_it,SciER,210157153,P1->P2,P1,P2,4,0.0017421096563339233,1,1,1,1,1,0,-0.0007401533174729025,0.0007401533174729025,-0.0007930214115781098,0.0007930214115781098,-0.0397856112141827,0.0397856112141827
gemma_3_12b_it,SciER,210157153,P2->P3,P2,P3,4,0.754394993185997,1,1,1,0,0,1,-0.1435897435897435,0.1435897435897435,-0.1538461538461538,0.1538461538461538,0.02668759811616961,0.02668759811616961
gemma_3_12b_it,SciER,210157153,P3->P4,P3,P4,4,0.7557826638221741,1,1,0,1,0,0,0.164102564102564,0.164102564102564,0.1846153846153846,0.1846153846153846,-0.025412087912087905,0.025412087912087905
gemma_3_12b_it,SciER,210157153,P4->P5,P4,P5,4,0.013181045651435852,1,1,1,1,1,0,-0.07808105872622,0.07808105872622,-0.0878411910669975,0.0878411910669975,-0.0170454545454546,0.0170454545454546
gemma_3_12b_it,SciER,210157153,P5->P6,P5,P6,4,0.0014581531286239624,1,1,1,1,1,0,0.0,0.0,0.0,0.0,-0.0221987315010571,0.0221987315010571
gemma_3_12b_it,SciER,210702798,P1->P2,P1,P2,4,0.0,1,1,0,0,0,0,0.0,0.0,0.0,0.0,0.0,0.0
gemma_3_12b_it,SciER,210702798,P2->P3,P2,P3,4,0.0,1,1,0,0,0,0,0.0,0.0,0.0,0.0,0.0,0.0
gemma_3_12b_it,SciER,210702798,P3->P4,P3,P4,4,1.0,1,1,0,0,0,0,0.1434159061277705,0.1434159061277705,0.151238591916558,0.151238591916558,0.0095465393794749,0.0095465393794749
gemma_3_12b_it,SciER,210702798,P4->P5,P4,P5,4,0.2582413852214813,1,1,0,1,0,0,0.020057912518461896,0.020057912518461896,0.030115175644106096,0.030115175644106096,-0.0095465393794749,0.0095465393794749
gemma_3_12b_it,SciER,210702798,P5->P6,P5,P6,4,0.2667272239923477,1,1,1,1,1,0,-0.12209450830140489,0.12209450830140489,-0.1344572158365262,0.1344572158365262,0.0193236714975845,0.0193236714975845
gemma_3_12b_it,SciER,244256,P1->P2,P1,P2,4,0.004078194499015808,1,1,1,1,1,0,0.01587301587301579,0.01587301587301579,0.01587301587301579,0.01587301587301579,-0.09009009009009,0.09009009009009
gemma_3_12b_it,SciER,244256,P2->P3,P2,P3,4,0.7515367418527603,1,1,1,0,0,1,-0.238095238095238,0.238095238095238,-0.238095238095238,0.238095238095238,0.0666666666666666,0.0666666666666666
gemma_3_12b_it,SciER,244256,P3->P4,P3,P4,4,0.5086216032505035,1,1,0,1,0,0,0.1853658536585366,0.1853658536585366,0.1853658536585366,0.1853658536585366,0.037500000000000006,0.037500000000000006
gemma_3_12b_it,SciER,244256,P4->P5,P4,P5,4,0.2547723203897476,1,1,1,1,1,0,0.021206916294514988,0.021206916294514988,0.049375930379022076,0.049375930379022076,-0.0241666666666666,0.0241666666666666
gemma_3_12b_it,SciER,244256,P5->P6,P5,P6,4,0.0014844387769699097,1,1,1,1,1,0,-0.007520637251629797,0.007520637251629797,-0.016732305364572986,0.016732305364572986,-0.0395959595959596,0.0395959595959596
gemma_3_12b_it,SciER,3627225,P1->P2,P1,P2,4,0.004098951816558838,1,1,1,1,1,0,-0.016008585610159692,0.016008585610159692,-0.0431516343961007,0.0431516343961007,0.0,0.0
gemma_3_12b_it,SciER,3627225,P2->P3,P2,P3,4,0.7556447684764862,1,1,1,0,0,1,-0.1148325358851674,0.1148325358851674,-0.1531100478468899,0.1531100478468899,0.0149253731343283,0.0149253731343283
gemma_3_12b_it,SciER,3627225,P3->P4,P3,P4,4,0.5086212456226349,1,1,0,1,0,0,0.1057692307692307,0.1057692307692307,0.1153846153846153,0.1153846153846153,-0.00021949078138720074,0.00021949078138720074
gemma_3_12b_it,SciER,3627225,P4->P5,P4,P5,4,0.253667876124382,1,1,1,1,1,0,0.1033216783216783,0.1033216783216783,0.1027972027972029,0.1027972027972029,0.0704005006257823,0.0704005006257823
gemma_3_12b_it,SciER,3627225,P5->P6,P5,P6,4,0.0012992173433303833,1,1,1,1,1,0,0.009090909090909205,0.009090909090909205,0.0,0.0,-0.040988735919899905,0.040988735919899905
gemma_3_12b_it,SciER,52169846,P1->P2,P1,P2,4,0.020888298749923706,1,1,1,1,1,0,-0.010924246855805696,0.010924246855805696,-0.0260456273764259,0.0260456273764259,0.007920068234434002,0.007920068234434002
gemma_3_12b_it,SciER,52169846,P2->P3,P2,P3,4,0.015588298439979553,1,1,1,1,1,0,0.0584385763490241,0.0584385763490241,0.06567164179104479,0.06567164179104479,-0.0215694935217903,0.0215694935217903
gemma_3_12b_it,SciER,52169846,P3->P4,P3,P4,4,0.011219963431358337,1,1,1,1,1,0,-0.007809465682738798,0.007809465682738798,-0.019017366698107996,0.019017366698107996,0.0542519908987486,0.0542519908987486
gemma_3_12b_it,SciER,52169846,P4->P5,P4,P5,4,1.0,1,1,1,0,0,1,-0.0929368029739776,0.0929368029739776,-0.0966542750929367,0.0966542750929367,-0.0750853242320819,0.0750853242320819
gemma_3_12b_it,SciER,52169846,P5->P6,P5,P6,4,1.0,1,1,0,1,0,0,0.1115107913669064,0.1115107913669064,0.1438848920863309,0.1438848920863309,0.0261437908496732,0.0261437908496732
gemma_3_12b_it,SciER,53109398,P1->P2,P1,P2,4,0.01732546091079712,1,1,1,1,1,0,-0.0543335197212783,0.0543335197212783,-0.0598907479891608,0.0598907479891608,-0.062249240121580604,0.062249240121580604
gemma_3_12b_it,SciER,53109398,P2->P3,P2,P3,4,0.010445863008499146,1,1,1,1,1,0,0.0136730142391491,0.0136730142391491,0.0191971178589809,0.0191971178589809,0.0941641337386018,0.0941641337386018
gemma_3_12b_it,SciER,53109398,P3->P4,P3,P4,4,0.034230634570121765,1,1,1,1,1,0,-0.009780197620488096,0.009780197620488096,0.0021173623714458994,0.0021173623714458994,-0.09429400386847189,0.09429400386847189
gemma_3_12b_it,SciER,53109398,P4->P5,P4,P5,4,0.04168343544006348,1,1,1,1,1,0,0.0759272610750621,0.0759272610750621,0.063494352319154,0.063494352319154,0.0078849721706864,0.0078849721706864
gemma_3_12b_it,SciER,53109398,P5->P6,P5,P6,4,0.014180079102516174,1,1,1,1,1,0,-0.04962818003913891,0.04962818003913891,-0.026301369863013596,0.026301369863013596,-0.008873114463176499,0.008873114463176499
gemma_3_12b_it,SciER,AAAI2024,P1->P2,P1,P2,4,0.7506265938282013,1,1,1,0,0,1,-0.2021276595744681,0.2021276595744681,-0.2234042553191489,0.2234042553191489,-0.012296881862099207,0.012296881862099207
gemma_3_12b_it,SciER,AAAI2024,P2->P3,P2,P3,4,0.7545852810144424,1,1,0,1,0,0,0.1530054644808743,0.1530054644808743,0.174863387978142,0.174863387978142,-0.08932700498965561,0.08932700498965561
gemma_3_12b_it,SciER,AAAI2024,P3->P4,P3,P4,4,0.26498980820178986,1,1,1,1,1,0,-0.021857923497267784,0.021857923497267784,-0.010928961748633892,0.010928961748633892,-0.02467010900745839,0.02467010900745839
gemma_3_12b_it,SciER,AAAI2024,P4->P5,P4,P5,4,0.2537451684474945,1,1,1,1,1,0,0.0,0.0,0.0,0.0,0.0499419279907085,0.0499419279907085
gemma_3_12b_it,SciER,AAAI2024,P5->P6,P5,P6,4,0.012967407703399658,1,1,1,1,1,0,0.0,0.0,0.0,0.0,-0.0011754334410814943,0.0011754334410814943
gemma_3_12b_it,SciER,CVPR2023,P1->P2,P1,P2,4,0.0026448816061019897,1,1,1,1,1,0,-0.030867811964867695,0.030867811964867695,-0.0401701375462631,0.0401701375462631,-0.0166909267345949,0.0166909267345949
gemma_3_12b_it,SciER,CVPR2023,P2->P3,P2,P3,4,0.002260148525238037,1,1,1,1,1,0,0.013357552046947094,0.013357552046947094,0.018063434399888292,0.018063434399888292,-0.007914764079147596,0.007914764079147596
gemma_3_12b_it,SciER,CVPR2023,P3->P4,P3,P4,4,0.5823440551757812,1,1,1,1,1,0,-0.0941176470588235,0.0941176470588235,-0.0988235294117647,0.0988235294117647,-0.0365296803652968,0.0365296803652968
gemma_3_12b_it,SciER,CVPR2023,P4->P5,P4,P5,4,0.5854227691888809,1,1,1,1,1,0,0.053012048192771,0.053012048192771,0.0578313253012048,0.0578313253012048,0.0275229357798165,0.0275229357798165
gemma_3_12b_it,SciER,CVPR2023,P5->P6,P5,P6,4,0.008403152227401733,1,1,1,1,1,0,0.018758286735458596,0.018758286735458596,0.013939009627024795,0.013939009627024795,0.0,0.0
gemma_3_12b_it,SciER,EMNLP2023,P1->P2,P1,P2,4,0.01672041416168213,1,1,1,1,1,0,0.0386473429951691,0.0386473429951691,0.0,0.0,0.027027027027027,0.027027027027027
gemma_3_12b_it,SciER,EMNLP2023,P2->P3,P2,P3,4,0.014874666929244995,1,1,1,1,1,0,-0.0479808639369636,0.0479808639369636,-0.018807748229445198,0.018807748229445198,-0.027027027027027,0.027027027027027
gemma_3_12b_it,SciER,EMNLP2023,P3->P4,P3,P4,4,1.0,1,1,1,0,0,1,-0.0679611650485436,0.0679611650485436,-0.1067961165048543,0.1067961165048543,0.0,0.0
gemma_3_12b_it,SciER,EMNLP2023,P4->P5,P4,P5,4,1.0,1,1,0,1,0,0,0.1825396825396825,0.1825396825396825,0.2222222222222222,0.2222222222222222,0.0,0.0
gemma_3_12b_it,SciER,EMNLP2023,P5->P6,P5,P6,4,0.006014660000801086,1,1,1,1,1,0,-0.019274376417233507,0.019274376417233507,-0.01814058956916101,0.01814058956916101,0.05,0.05
gemma_3_12b_it,SciER,ICLR2024-AI4Material,P1->P2,P1,P2,4,0.2555737942457199,1,1,1,1,1,0,0.051550895587592904,0.051550895587592904,0.051550895587592904,0.051550895587592904,0.11944444444444449,0.11944444444444449
gemma_3_12b_it,SciER,ICLR2024-AI4Material,P2->P3,P2,P3,4,0.2564508765935898,1,1,1,1,1,0,-0.051550895587592904,0.051550895587592904,-0.051550895587592904,0.051550895587592904,-0.11077235772357728,0.11077235772357728
gemma_3_12b_it,SciER,ICLR2024-AI4Material,P3->P4,P3,P4,4,0.0078063905239105225,1,1,1,1,1,0,-0.0008984725965858059,0.0008984725965858059,0.01796945193171609,0.01796945193171609,-0.052106430155210604,0.052106430155210604
gemma_3_12b_it,SciER,ICLR2024-AI4Material,P4->P5,P4,P5,4,0.2555731385946274,1,1,1,1,1,0,0.017809910068770904,0.017809910068770904,0.017633574325515794,0.017633574325515794,0.049783549783549805,0.049783549783549805
gemma_3_12b_it,SciER,ICLR2024-AI4Material,P5->P6,P5,P6,4,0.004733860492706299,1,1,1,1,1,0,-0.001038421599169198,0.001038421599169198,-0.001211491865697495,0.001211491865697495,0.04112554112554109,0.04112554112554109
gemma_3_12b_it,SciER,ICLR2024-AI4Science-Protein,P1->P2,P1,P2,4,0.02223685383796692,1,1,1,1,1,0,-0.0409053205356085,0.0409053205356085,-0.006422561914918801,0.006422561914918801,0.0014172335600907,0.0014172335600907
gemma_3_12b_it,SciER,ICLR2024-AI4Science-Protein,P2->P3,P2,P3,4,0.7523000687360764,1,1,1,0,0,1,-0.096551724137931,0.096551724137931,-0.1310344827586207,0.1310344827586207,0.013888888888888895,0.013888888888888895
gemma_3_12b_it,SciER,ICLR2024-AI4Science-Protein,P3->P4,P3,P4,4,0.7971730381250381,1,1,0,1,0,0,0.1160409556313993,0.1160409556313993,0.1228668941979522,0.1228668941979522,-0.0833333333333333,0.0833333333333333
gemma_3_12b_it,SciER,ICLR2024-AI4Science-Protein,P4->P5,P4,P5,4,0.07504193484783173,1,1,1,1,1,0,0.0039590443686007,0.0039590443686007,0.0037997724687143936,0.0037997724687143936,0.04,0.04
gemma_3_12b_it,SciER,ICLR2024-AI4Science-Protein,P5->P6,P5,P6,4,0.029911190271377563,1,1,1,1,1,0,-0.0115254237288136,0.0115254237288136,-0.011412429378531097,0.011412429378531097,0.039470198675496594,0.039470198675496594
gemma_3_12b_it,SciER,NeurIPS2023-AI4Science,P1->P2,P1,P2,4,1.0,1,1,0,1,0,0,0.1923076923076923,0.1923076923076923,0.2403846153846154,0.2403846153846154,0.0253164556962025,0.0253164556962025
gemma_3_12b_it,SciER,NeurIPS2023-AI4Science,P2->P3,P2,P3,4,0.7537549883127213,1,1,1,0,0,1,-0.1923076923076923,0.1923076923076923,-0.2403846153846154,0.2403846153846154,0.045271779597915104,0.045271779597915104
gemma_3_12b_it,SciER,NeurIPS2023-AI4Science,P3->P4,P3,P4,4,0.25,1,1,0,0,0,0,0.0,0.0,0.0,0.0,-0.0705882352941176,0.0705882352941176
gemma_3_12b_it,SciER,NeurIPS2023-AI4Science,P4->P5,P4,P5,4,1.0,1,1,0,1,0,0,0.2129629629629629,0.2129629629629629,0.2592592592592592,0.2592592592592592,0.0181818181818181,0.0181818181818181
gemma_3_12b_it,SciER,NeurIPS2023-AI4Science,P5->P6,P5,P6,4,0.006370291113853455,1,1,1,1,1,0,-0.022486772486772416,0.022486772486772416,-0.03068783068783068,0.03068783068783068,0.0305986696230599,0.0305986696230599
gemma_3_12b_it,SciERC,A97-1020,P1->P2,P1,P2,7,0.0,1,1,0,0,0,0,0.0,0.0,0.0,0.0,0.0,0.0
gemma_3_12b_it,SciERC,A97-1020,P2->P3,P2,P3,7,0.0,1,1,0,0,0,0,0.0,0.0,0.0,0.0,0.0,0.0
gemma_3_12b_it,SciERC,A97-1020,P3->P4,P3,P4,7,0.8571428571428571,1,1,0,1,0,0,0.3636363636363636,0.3636363636363636,0.3636363636363636,0.3636363636363636,0.2857142857142857,0.2857142857142857
gemma_3_12b_it,SciERC,A97-1020,P4->P5,P4,P5,7,0.016799254076821462,1,1,1,1,1,0,-0.010695187165775388,0.010695187165775388,0.04812834224598933,0.04812834224598933,-0.2857142857142857,0.2857142857142857
gemma_3_12b_it,SciERC,A97-1020,P5->P6,P5,P6,7,0.0037012015070234027,1,1,1,1,1,0,0.04705882352941171,0.04705882352941171,-0.01176470588235301,0.01176470588235301,0.0,0.0
gemma_3_12b_it,SciERC,C00-2123,P1->P2,P1,P2,7,0.0,1,1,0,0,0,0,0.0,0.0,0.0,0.0,0.0,0.0
gemma_3_12b_it,SciERC,C00-2123,P2->P3,P2,P3,7,0.0,1,1,0,0,0,0,0.0,0.0,0.0,0.0,0.0,0.0
gemma_3_12b_it,SciERC,C00-2123,P3->P4,P3,P4,7,0.7142857142857143,1,1,0,1,0,0,0.2105263157894737,0.2105263157894737,0.4210526315789474,0.4210526315789474,0.0,0.0
gemma_3_12b_it,SciERC,C00-2123,P4->P5,P4,P5,7,0.02449301310947963,1,1,1,1,1,0,0.1531100478468899,0.1531100478468899,0.033492822966507074,0.033492822966507074,0.0,0.0
gemma_3_12b_it,SciERC,C00-2123,P5->P6,P5,P6,7,0.029087509427751814,1,1,1,1,1,0,0.03636363636363632,0.03636363636363632,-0.054545454545454564,0.054545454545454564,0.0,0.0
gemma_3_12b_it,SciERC,C04-1011,P1->P2,P1,P2,7,0.14411635058266775,1,1,1,1,1,0,0.01052631578947369,0.01052631578947369,0.01052631578947369,0.01052631578947369,0.0,0.0
gemma_3_12b_it,SciERC,C04-1011,P2->P3,P2,P3,7,0.00021845102310180664,1,1,1,1,1,0,-0.01052631578947369,0.01052631578947369,-0.01052631578947369,0.01052631578947369,0.0,0.0
gemma_3_12b_it,SciERC,C04-1011,P3->P4,P3,P4,7,0.2888121860367911,1,1,1,1,1,0,0.0,0.0,0.0,0.0,0.3333333333333333,0.3333333333333333
gemma_3_12b_it,SciERC,C04-1011,P4->P5,P4,P5,7,0.14440595252173288,1,1,1,1,1,0,0.0,0.0,0.0,0.0,-0.17948717948717952,0.17948717948717952
gemma_3_12b_it,SciERC,C04-1011,P5->P6,P5,P6,7,0.0004485079220363072,1,1,1,1,1,0,0.0,0.0,0.0,0.0,0.012820512820512803,0.012820512820512803
gemma_3_12b_it,SciERC,C04-1035,P1->P2,P1,P2,7,0.011838189193180628,1,1,1,1,1,0,-0.08339768339768339,0.08339768339768339,-0.08339768339768339,0.08339768339768339,0.014705882352941207,0.014705882352941207
gemma_3_12b_it,SciERC,C04-1035,P2->P3,P2,P3,7,0.16366477523531234,1,1,1,1,1,0,0.027705627705627733,0.027705627705627733,0.027705627705627733,0.027705627705627733,-0.25,0.25
gemma_3_12b_it,SciERC,C04-1035,P3->P4,P3,P4,7,0.1656520026070731,1,1,1,1,1,0,-0.027705627705627733,0.027705627705627733,-0.027705627705627733,0.027705627705627733,0.3529411764705882,0.3529411764705882
gemma_3_12b_it,SciERC,C04-1035,P4->P5,P4,P5,7,0.004302067416054862,1,1,1,1,1,0,0.11428571428571432,0.11428571428571432,0.11428571428571432,0.11428571428571432,-0.2418300653594771,0.2418300653594771
gemma_3_12b_it,SciERC,C04-1035,P5->P6,P5,P6,7,0.001056696687425886,1,1,1,1,1,0,0.0,0.0,0.0,0.0,0.006535947712418291,0.006535947712418291
gemma_3_12b_it,SciERC,C04-1036,P1->P2,P1,P2,7,0.019138480935777937,1,1,1,1,1,0,0.009852216748768516,0.009852216748768516,0.15517241379310348,0.15517241379310348,0.125,0.125
gemma_3_12b_it,SciERC,C04-1036,P2->P3,P2,P3,7,0.015174542154584612,1,1,1,1,1,0,0.0,0.0,-0.1428571428571429,0.1428571428571429,-0.1071428571428572,0.1071428571428572
gemma_3_12b_it,SciERC,C04-1036,P3->P4,P3,P4,7,0.16440901585987636,1,1,1,1,1,0,-0.06349206349206349,0.06349206349206349,-0.060846560846560815,0.060846560846560815,-0.017857142857142794,0.017857142857142794
gemma_3_12b_it,SciERC,C04-1036,P4->P5,P4,P5,7,0.006460802895682198,1,1,1,1,1,0,0.08547008547008539,0.08547008547008539,0.0883190883190883,0.0883190883190883,0.375,0.375
gemma_3_12b_it,SciERC,C04-1036,P5->P6,P5,P6,7,0.018765500613621304,1,1,1,1,1,0,0.07692307692307698,0.07692307692307698,0.07692307692307693,0.07692307692307693,-0.25,0.25
gemma_3_12b_it,SciERC,C04-1103,P1->P2,P1,P2,7,0.8571428571428571,1,1,0,1,0,0,0.3225806451612903,0.3225806451612903,0.4516129032258064,0.4516129032258064,0.125,0.125
gemma_3_12b_it,SciERC,C04-1103,P2->P3,P2,P3,7,0.0204527633530753,1,1,1,1,1,0,0.04778972520908009,0.04778972520908009,0.06690561529271222,0.06690561529271222,-0.125,0.125
gemma_3_12b_it,SciERC,C04-1103,P3->P4,P3,P4,7,0.31193568876811434,1,1,1,1,1,0,0.0,0.0,0.0,0.0,0.125,0.125
gemma_3_12b_it,SciERC,C04-1103,P4->P5,P4,P5,7,0.1469385964529855,1,1,1,1,1,0,0.1481481481481482,0.1481481481481482,0.07407407407407407,0.07407407407407407,0.008333333333333304,0.008333333333333304
gemma_3_12b_it,SciERC,C04-1103,P5->P6,P5,P6,7,1.7029898507254463e-08,1,1,1,1,1,0,0.0,0.0,0.0,0.0,0.0,0.0
gemma_3_12b_it,SciERC,C04-1106,P1->P2,P1,P2,7,0.15806896345955984,1,1,1,1,1,0,-0.03333333333333341,0.03333333333333341,-0.03333333333333341,0.03333333333333341,0.0,0.0
gemma_3_12b_it,SciERC,C04-1106,P2->P3,P2,P3,7,0.006196047578539167,1,1,1,1,1,0,0.1410256410256411,0.1410256410256411,0.1410256410256411,0.1410256410256411,0.0,0.0
gemma_3_12b_it,SciERC,C04-1106,P3->P4,P3,P4,7,0.44646131140845163,1,1,1,1,1,0,-0.12587412587412591,0.12587412587412591,-0.12587412587412591,0.12587412587412591,0.0,0.0
gemma_3_12b_it,SciERC,C04-1106,P4->P5,P4,P5,7,0.15514968974249704,1,1,1,1,1,0,0.028708133971291794,0.028708133971291794,0.028708133971291794,0.028708133971291794,0.0,0.0
gemma_3_12b_it,SciERC,C04-1106,P5->P6,P5,P6,7,0.006031640938350132,1,1,1,1,1,0,0.01169590643274862,0.01169590643274862,0.01169590643274862,0.01169590643274862,0.0,0.0
gemma_3_12b_it,SciERC,C04-1128,P1->P2,P1,P2,7,0.14633141245160783,1,1,1,1,1,0,-0.045217391304347876,0.045217391304347876,-0.045217391304347876,0.045217391304347876,0.025641025641025716,0.025641025641025716
gemma_3_12b_it,SciERC,C04-1128,P2->P3,P2,P3,7,0.007477998733520508,1,1,1,1,1,0,-0.10144927536231879,0.10144927536231879,-0.10144927536231879,0.10144927536231879,0.16666666666666669,0.16666666666666669
gemma_3_12b_it,SciERC,C04-1128,P3->P4,P3,P4,7,0.4423211557524545,1,1,1,1,1,0,0.16666666666666669,0.16666666666666669,0.16666666666666669,0.16666666666666669,0.09999999999999998,0.09999999999999998
gemma_3_12b_it,SciERC,C04-1128,P4->P5,P4,P5,7,0.1503408976963588,1,1,1,1,1,0,0.08333333333333337,0.08333333333333337,0.08333333333333337,0.08333333333333337,-0.26666666666666666,0.26666666666666666
gemma_3_12b_it,SciERC,C04-1128,P5->P6,P5,P6,7,0.14514734063829696,1,1,1,1,1,0,0.0,0.0,0.0,0.0,-0.025641025641025716,0.025641025641025716
gemma_3_12b_it,SciERC,C08-2010,P1->P2,P1,P2,7,0.291918797152383,1,1,1,1,1,0,0.14814814814814817,0.14814814814814817,0.14814814814814817,0.14814814814814817,-0.1428571428571428,0.1428571428571428
gemma_3_12b_it,SciERC,C08-2010,P2->P3,P2,P3,7,0.0003426074981689453,1,1,1,1,1,0,0.0,0.0,0.0,0.0,0.0,0.0
gemma_3_12b_it,SciERC,C08-2010,P3->P4,P3,P4,7,0.29180885212762014,1,1,1,1,1,0,-0.12962962962962968,0.12962962962962968,-0.12962962962962968,0.12962962962962968,0.0,0.0
gemma_3_12b_it,SciERC,C08-2010,P4->P5,P4,P5,7,0.02112135716847011,1,1,1,1,1,0,0.0,0.0,0.0,0.0,0.0,0.0
gemma_3_12b_it,SciERC,C08-2010,P5->P6,P5,P6,7,4.257474626813616e-08,1,1,1,1,1,0,0.0,0.0,0.0,0.0,0.0,0.0
gemma_3_12b_it,SciERC,C86-1081,P1->P2,P1,P2,7,0.0025712421962193082,1,1,1,1,1,0,0.0,0.0,0.0,0.0,0.4,0.4
gemma_3_12b_it,SciERC,C86-1081,P2->P3,P2,P3,7,0.012673769678388323,1,1,1,1,1,0,-0.1428571428571428,0.1428571428571428,-0.1428571428571428,0.1428571428571428,-0.4,0.4
gemma_3_12b_it,SciERC,C86-1081,P3->P4,P3,P4,7,0.011769439492906843,1,1,1,1,1,0,0.1538461538461538,0.1538461538461538,0.1538461538461538,0.1538461538461538,0.3333333333333333,0.3333333333333333
gemma_3_12b_it,SciERC,C86-1081,P4->P5,P4,P5,7,0.2880315014294216,1,1,1,1,1,0,0.027972027972027996,0.027972027972027996,0.027972027972027996,0.027972027972027996,-0.3333333333333333,0.3333333333333333
gemma_3_12b_it,SciERC,C86-1081,P5->P6,P5,P6,7,0.0006484559604099818,1,1,1,1,1,0,0.0,0.0,0.0,0.0,0.0,0.0
gemma_3_12b_it,SciERC,C88-1044,P1->P2,P1,P2,7,0.005287349224090576,1,1,1,1,1,0,0.0,0.0,0.0,0.0,0.0,0.0
gemma_3_12b_it,SciERC,C88-1044,P2->P3,P2,P3,7,0.005817677293504987,1,1,1,1,1,0,0.014705882352941207,0.014705882352941207,0.022058823529411797,0.022058823529411797,0.0,0.0
gemma_3_12b_it,SciERC,C88-1044,P3->P4,P3,P4,7,0.18797315870012557,1,1,1,1,1,0,0.2833333333333333,0.2833333333333333,0.15833333333333333,0.15833333333333333,0.0,0.0
gemma_3_12b_it,SciERC,C88-1044,P4->P5,P4,P5,7,0.14474181618009294,1,1,1,1,1,0,0.0,0.0,0.1333333333333333,0.1333333333333333,0.0,0.0
gemma_3_12b_it,SciERC,C88-1044,P5->P6,P5,P6,7,0.1443519421986171,1,1,1,1,1,0,-0.033333333333333326,0.033333333333333326,-0.04166666666666652,0.04166666666666652,0.0,0.0
gemma_3_12b_it,SciERC,C90-3045,P1->P2,P1,P2,7,0.0030985985483442035,1,1,1,1,1,0,-0.07311827956989242,0.07311827956989242,-0.07311827956989242,0.07311827956989242,0.012820512820512803,0.012820512820512803
gemma_3_12b_it,SciERC,C90-3045,P2->P3,P2,P3,7,0.0047509925706045964,1,1,1,1,1,0,-0.07233626588465299,0.07233626588465299,-0.07233626588465299,0.07233626588465299,-0.012820512820512803,0.012820512820512803
gemma_3_12b_it,SciERC,C90-3045,P3->P4,P3,P4,7,0.4369396226746695,1,1,1,1,1,0,0.3787878787878788,0.3787878787878788,0.3787878787878788,0.3787878787878788,0.012820512820512803,0.012820512820512803
gemma_3_12b_it,SciERC,C90-3045,P4->P5,P4,P5,7,0.004524299076625279,1,1,1,1,1,0,0.03846153846153855,0.03846153846153855,0.03846153846153855,0.03846153846153855,0.196969696969697,0.196969696969697
gemma_3_12b_it,SciERC,C90-3045,P5->P6,P5,P6,7,0.0020198055676051547,1,1,1,1,1,0,0.0,0.0,0.0,0.0,0.0,0.0
gemma_3_12b_it,SciERC,C90-3063,P1->P2,P1,P2,7,0.0013807415962219238,1,1,1,1,1,0,0.0,0.0,0.0,0.0,0.26262626262626265,0.26262626262626265
gemma_3_12b_it,SciERC,C90-3063,P2->P3,P2,P3,7,0.007287016936710903,1,1,1,1,1,0,-0.027472527472527486,0.027472527472527486,-0.027472527472527486,0.027472527472527486,-0.19444444444444448,0.19444444444444448
gemma_3_12b_it,SciERC,C90-3063,P3->P4,P3,P4,7,0.016822431768689836,1,1,1,1,1,0,0.08730158730158732,0.08730158730158732,0.08730158730158732,0.08730158730158732,-0.1071428571428572,0.1071428571428572
gemma_3_12b_it,SciERC,C90-3063,P4->P5,P4,P5,7,0.14576636041913713,1,1,1,1,1,0,0.11555555555555563,0.11555555555555563,0.11555555555555563,0.11555555555555563,0.19047619047619052,0.19047619047619052
gemma_3_12b_it,SciERC,C90-3063,P5->P6,P5,P6,7,0.14818097863878524,1,1,1,1,1,0,-0.03826086956521746,0.03826086956521746,-0.03826086956521746,0.03826086956521746,-0.3333333333333333,0.3333333333333333
gemma_3_12b_it,SciERC,C94-1091,P1->P2,P1,P2,7,0.8571428571428571,1,1,0,1,0,0,0.2142857142857142,0.2142857142857142,0.2857142857142857,0.2857142857142857,0.1176470588235294,0.1176470588235294
gemma_3_12b_it,SciERC,C94-1091,P2->P3,P2,P3,7,0.15478836638586863,1,1,1,1,1,0,0.043778801843318116,0.043778801843318116,0.036866359447004615,0.036866359447004615,-0.1176470588235294,0.1176470588235294
gemma_3_12b_it,SciERC,C94-1091,P3->P4,P3,P4,7,0.17017929894583567,1,1,1,1,1,0,-0.06451612903225812,0.06451612903225812,-0.06451612903225801,0.06451612903225801,0.0,0.0
gemma_3_12b_it,SciERC,C94-1091,P4->P5,P4,P5,7,0.3044468419892447,1,1,1,1,1,0,-0.006048387096774188,0.006048387096774188,0.054435483870967694,0.054435483870967694,0.1176470588235294,0.1176470588235294
gemma_3_12b_it,SciERC,C94-1091,P5->P6,P5,P6,7,0.16701382398605347,1,1,1,1,1,0,0.07916666666666661,0.07916666666666661,0.020833333333333315,0.020833333333333315,0.0,0.0
gemma_3_12b_it,SciERC,C96-1062,P1->P2,P1,P2,7,0.003423750400543213,1,1,1,1,1,0,-0.012096774193548376,0.012096774193548376,-0.016129032258064613,0.016129032258064613,-0.125,0.125
gemma_3_12b_it,SciERC,C96-1062,P2->P3,P2,P3,7,8.514949253627232e-09,1,1,1,1,1,0,0.0,0.0,0.0,0.0,0.0,0.0
gemma_3_12b_it,SciERC,C96-1062,P3->P4,P3,P4,7,0.30319857597351074,1,1,1,1,1,0,-0.09913793103448282,0.09913793103448282,-0.15517241379310343,0.15517241379310343,0.0,0.0
gemma_3_12b_it,SciERC,C96-1062,P4->P5,P4,P5,7,0.027988323143550327,1,1,1,1,1,0,-0.04509283819628648,0.04509283819628648,0.039787798408488007,0.039787798408488007,0.0,0.0
gemma_3_12b_it,SciERC,C96-1062,P5->P6,P5,P6,7,0.0006535819598606654,1,1,1,1,1,0,0.0,0.0,0.0,0.0,0.0,0.0
gemma_3_12b_it,SciERC,CVPR_1993_10_abs,P1->P2,P1,P2,7,0.0,1,1,0,0,0,0,0.0,0.0,0.0,0.0,0.0,0.0
gemma_3_12b_it,SciERC,CVPR_1993_10_abs,P2->P3,P2,P3,7,0.0,1,1,0,0,0,0,0.0,0.0,0.0,0.0,0.0,0.0
gemma_3_12b_it,SciERC,CVPR_1993_10_abs,P3->P4,P3,P4,7,0.8571428571428571,1,1,0,1,0,0,0.2631578947368421,0.2631578947368421,0.4736842105263158,0.4736842105263158,0.1818181818181818,0.1818181818181818
gemma_3_12b_it,SciERC,CVPR_1993_10_abs,P4->P5,P4,P5,7,0.15796453612191336,1,1,1,1,1,0,0.1610845295055821,0.1610845295055821,0.011164274322168988,0.011164274322168988,-0.0641711229946524,0.0641711229946524
gemma_3_12b_it,SciERC,CVPR_1993_10_abs,P5->P6,P5,P6,7,9.369850158691406e-05,1,1,1,1,1,0,0.0,0.0,0.0,0.0,0.0,0.0
gemma_3_12b_it,SciERC,CVPR_1994_10_abs,P1->P2,P1,P2,7,0.0344382779938834,1,1,1,1,1,0,-0.0925578486554097,0.0925578486554097,-0.0412757973733584,0.0412757973733584,0.0,0.0
gemma_3_12b_it,SciERC,CVPR_1994_10_abs,P2->P3,P2,P3,7,0.019993134907313755,1,1,1,1,1,0,0.043777360850531605,0.043777360850531605,0.0412757973733584,0.0412757973733584,0.0,0.0
gemma_3_12b_it,SciERC,CVPR_1994_10_abs,P3->P4,P3,P4,7,0.17118013756615774,1,1,1,1,1,0,0.23461091753774688,0.23461091753774688,0.18583042973286878,0.18583042973286878,0.0,0.0
gemma_3_12b_it,SciERC,CVPR_1994_10_abs,P4->P5,P4,P5,7,0.028406475271497453,1,1,1,1,1,0,0.0,0.0,0.0,0.0,0.0,0.0
gemma_3_12b_it,SciERC,CVPR_1994_10_abs,P5->P6,P5,P6,7,0.0013584239142281668,1,1,1,1,1,0,0.0,0.0,0.0,0.0,0.0,0.0
gemma_3_12b_it,SciERC,CVPR_1999_15_abs,P1->P2,P1,P2,7,0.004508112158094134,1,1,1,1,1,0,0.0,0.0,0.0,0.0,0.0,0.0
gemma_3_12b_it,SciERC,CVPR_1999_15_abs,P2->P3,P2,P3,7,0.0009742804936000279,1,1,1,1,1,0,0.0,0.0,0.0,0.0,0.0,0.0
gemma_3_12b_it,SciERC,CVPR_1999_15_abs,P3->P4,P3,P4,7,0.008671666894640242,1,1,1,1,1,0,-0.010217113665389521,0.010217113665389521,-0.010217113665389521,0.010217113665389521,0.0,0.0
gemma_3_12b_it,SciERC,CVPR_1999_15_abs,P4->P5,P4,P5,7,0.14581699882234847,1,1,1,1,1,0,0.0763546798029556,0.0763546798029556,0.0763546798029556,0.0763546798029556,0.0,0.0
gemma_3_12b_it,SciERC,CVPR_1999_15_abs,P5->P6,P5,P6,7,0.0,1,1,1,1,1,0,0.0,0.0,0.0,0.0,0.0,0.0
gemma_3_12b_it,SciERC,CVPR_2003_30_abs,P1->P2,P1,P2,7,0.14763839755739486,1,1,1,1,1,0,0.01477832512315258,0.01477832512315258,0.017241379310344807,0.017241379310344807,-0.3333333333333333,0.3333333333333333
gemma_3_12b_it,SciERC,CVPR_2003_30_abs,P2->P3,P2,P3,7,0.004278438431876046,1,1,1,1,1,0,-0.01477832512315258,0.01477832512315258,-0.017241379310344807,0.017241379310344807,0.0,0.0
gemma_3_12b_it,SciERC,CVPR_2003_30_abs,P3->P4,P3,P4,7,0.15605743442262923,1,1,1,1,1,0,-0.026696329254727535,0.026696329254727535,-0.03114571746384881,0.03114571746384881,0.2321428571428571,0.2321428571428571
gemma_3_12b_it,SciERC,CVPR_2003_30_abs,P4->P5,P4,P5,7,0.14522359200886317,1,1,1,1,1,0,-0.012096774193548376,0.012096774193548376,-0.014112903225806384,0.014112903225806384,-0.041666666666666685,0.041666666666666685
gemma_3_12b_it,SciERC,CVPR_2003_30_abs,P5->P6,P5,P6,7,1.7029898507254463e-08,1,1,1,1,1,0,0.0,0.0,0.0,0.0,0.0,0.0
gemma_3_12b_it,SciERC,CVPR_2004_18_abs,P1->P2,P1,P2,7,4.257474626813616e-08,1,1,1,1,1,0,0.0,0.0,0.0,0.0,0.0,0.0
gemma_3_12b_it,SciERC,CVPR_2004_18_abs,P2->P3,P2,P3,7,0.0030608602932521273,1,1,1,1,1,0,0.0,0.0,0.0,0.0,0.0,0.0
gemma_3_12b_it,SciERC,CVPR_2004_18_abs,P3->P4,P3,P4,7,0.16275369269507273,1,1,1,1,1,0,-0.35185185185185186,0.35185185185185186,-0.4206349206349207,0.4206349206349207,0.0,0.0
gemma_3_12b_it,SciERC,CVPR_2004_18_abs,P4->P5,P4,P5,7,0.03518772976739066,1,1,1,1,1,0,0.3903133903133903,0.3903133903133903,0.3162393162393162,0.3162393162393162,0.0,0.0
gemma_3_12b_it,SciERC,CVPR_2004_18_abs,P5->P6,P5,P6,7,0.01577524627958025,1,1,1,1,1,0,-0.07692307692307693,0.07692307692307693,-0.07692307692307693,0.07692307692307693,0.0,0.0
gemma_3_12b_it,SciERC,CVPR_2004_30_abs,P1->P2,P1,P2,7,0.0033296516963413785,1,1,1,1,1,0,0.0,0.0,0.0,0.0,0.03007518796992481,0.03007518796992481
gemma_3_12b_it,SciERC,CVPR_2004_30_abs,P2->P3,P2,P3,7,0.0033296516963413785,1,1,1,1,1,0,0.0,0.0,0.0,0.0,-0.03007518796992481,0.03007518796992481
gemma_3_12b_it,SciERC,CVPR_2004_30_abs,P3->P4,P3,P4,7,0.03279981442860195,1,1,1,1,1,0,-0.1190476190476191,0.1190476190476191,-0.1761904761904762,0.1761904761904762,-0.0857142857142858,0.0857142857142858
gemma_3_12b_it,SciERC,CVPR_2004_30_abs,P4->P5,P4,P5,7,0.039860052721841,1,1,1,1,1,0,0.0098039215686275,0.0098039215686275,0.0098039215686275,0.0098039215686275,-0.1,0.1
gemma_3_12b_it,SciERC,CVPR_2004_30_abs,P5->P6,P5,P6,7,0.0018510052136012486,1,1,1,1,1,0,-0.005042016806722699,0.005042016806722699,-0.005042016806722699,0.005042016806722699,0.1,0.1
gemma_3_12b_it,SciERC,CVPR_2006_10_abs,P1->P2,P1,P2,7,0.15766478436333792,1,1,1,1,1,0,-0.0248447204968944,0.0248447204968944,-0.0652173913043479,0.0652173913043479,0.0,0.0
gemma_3_12b_it,SciERC,CVPR_2006_10_abs,P2->P3,P2,P3,7,0.00273324762071882,1,1,1,1,1,0,0.0,0.0,0.0,0.0,0.0,0.0
gemma_3_12b_it,SciERC,CVPR_2006_10_abs,P3->P4,P3,P4,7,0.1515561512538365,1,1,1,1,1,0,0.08695652173913038,0.08695652173913038,0.17391304347826098,0.17391304347826098,0.0,0.0
gemma_3_12b_it,SciERC,CVPR_2006_10_abs,P4->P5,P4,P5,7,0.002824068069458008,1,1,1,1,1,0,0.15217391304347822,0.15217391304347822,0.05797101449275366,0.05797101449275366,0.0,0.0
gemma_3_12b_it,SciERC,CVPR_2006_10_abs,P5->P6,P5,P6,7,0.004918592316763741,1,1,1,1,1,0,-0.1363636363636363,0.1363636363636363,-0.12121212121212133,0.12121212121212133,0.0,0.0
gemma_3_12b_it,SciERC,CVPR_2008_256_abs,P1->P2,P1,P2,7,0.8571428571428571,1,1,0,1,0,0,0.217391304347826,0.217391304347826,0.2608695652173913,0.2608695652173913,0.074074074074074,0.074074074074074
gemma_3_12b_it,SciERC,CVPR_2008_256_abs,P2->P3,P2,P3,7,0.8571428571428571,1,1,1,0,0,1,-0.217391304347826,0.217391304347826,-0.2608695652173913,0.2608695652173913,-0.074074074074074,0.074074074074074
gemma_3_12b_it,SciERC,CVPR_2008_256_abs,P3->P4,P3,P4,7,0.8571428571428571,1,1,0,1,0,0,0.5660377358490567,0.5660377358490567,0.6037735849056604,0.6037735849056604,0.0714285714285714,0.0714285714285714
gemma_3_12b_it,SciERC,CVPR_2008_256_abs,P4->P5,P4,P5,7,0.006879474435533796,1,1,1,1,1,0,-0.01048218029350112,0.01048218029350112,-0.011180992313067795,0.011180992313067795,0.008571428571428605,0.008571428571428605
gemma_3_12b_it,SciERC,CVPR_2008_256_abs,P5->P6,P5,P6,7,0.00351473263331822,1,1,1,1,1,0,-0.05555555555555558,0.05555555555555558,-0.054131054131054124,0.054131054131054124,0.0,0.0
gemma_3_12b_it,SciERC,CVPR_2008_258_abs,P1->P2,P1,P2,7,0.17600914410182408,1,1,1,1,1,0,0.2142857142857142,0.2142857142857142,0.21164021164021168,0.21164021164021168,0.3,0.3
gemma_3_12b_it,SciERC,CVPR_2008_258_abs,P2->P3,P2,P3,7,0.0059844425746372765,1,1,1,1,1,0,-0.00738916256157629,0.00738916256157629,0.05911330049261082,0.05911330049261082,-0.3,0.3
gemma_3_12b_it,SciERC,CVPR_2008_258_abs,P3->P4,P3,P4,7,0.16013104575020926,1,1,1,1,1,0,0.18020022246941048,0.18020022246941048,0.10678531701890986,0.10678531701890986,0.0,0.0
gemma_3_12b_it,SciERC,CVPR_2008_258_abs,P4->P5,P4,P5,7,0.1543456060545785,1,1,1,1,1,0,0.012903225806451701,0.012903225806451701,0.1483870967741936,0.1483870967741936,0.0,0.0
gemma_3_12b_it,SciERC,CVPR_2008_258_abs,P5->P6,P5,P6,7,0.14554262161254883,1,1,1,1,1,0,0.0,0.0,0.0,0.0,0.0,0.0
gemma_3_12b_it,SciERC,CVPR_2009_10_abs,P1->P2,P1,P2,7,0.0,1,1,0,0,0,0,0.0,0.0,0.0,0.0,0.0,0.0
gemma_3_12b_it,SciERC,CVPR_2009_10_abs,P2->P3,P2,P3,7,0.0,1,1,0,0,0,0,0.0,0.0,0.0,0.0,0.0,0.0
gemma_3_12b_it,SciERC,CVPR_2009_10_abs,P3->P4,P3,P4,7,1.0,1,1,0,1,0,0,0.5384615384615384,0.5384615384615384,0.5384615384615384,0.5384615384615384,0.2162162162162162,0.2162162162162162
gemma_3_12b_it,SciERC,CVPR_2009_10_abs,P4->P5,P4,P5,7,0.008715416703905379,1,1,1,1,1,0,0.06868131868131866,0.06868131868131866,0.10439560439560447,0.10439560439560447,-0.095004095004095,0.095004095004095
gemma_3_12b_it,SciERC,CVPR_2009_10_abs,P5->P6,P5,P6,7,0.0033147760799952914,1,1,1,1,1,0,-0.010651629072681579,0.010651629072681579,-0.04636591478696739,0.04636591478696739,-0.0035650623885918054,0.0035650623885918054
gemma_3_12b_it,SciERC,CVPR_2009_18_abs,P1->P2,P1,P2,7,1.0,1,1,0,1,0,0,0.4090909090909091,0.4090909090909091,0.5,0.5,0.0,0.0
gemma_3_12b_it,SciERC,CVPR_2009_18_abs,P2->P3,P2,P3,7,0.000837956156049456,1,1,1,1,1,0,0.0,0.0,0.0,0.0,0.0,0.0
gemma_3_12b_it,SciERC,CVPR_2009_18_abs,P3->P4,P3,P4,7,0.16589816978999547,1,1,1,1,1,0,0.06709956709956699,0.06709956709956699,0.023809523809523836,0.023809523809523836,0.0,0.0
gemma_3_12b_it,SciERC,CVPR_2009_18_abs,P4->P5,P4,P5,7,0.009917804173060827,1,1,1,1,1,0,-0.06709956709956699,0.06709956709956699,0.021645021645021578,0.021645021645021578,0.0666666666666666,0.0666666666666666
gemma_3_12b_it,SciERC,CVPR_2009_18_abs,P5->P6,P5,P6,7,0.0061193108558654785,1,1,1,1,1,0,0.07871396895787136,0.07871396895787136,-0.008869179600886956,0.008869179600886956,0.0,0.0
gemma_3_12b_it,SciERC,CVPR_2010_30_abs,P1->P2,P1,P2,7,0.0,1,1,0,0,0,0,0.0,0.0,0.0,0.0,0.0,0.0
gemma_3_12b_it,SciERC,CVPR_2010_30_abs,P2->P3,P2,P3,7,0.0,1,1,0,0,0,0,0.0,0.0,0.0,0.0,0.0,0.0
gemma_3_12b_it,SciERC,CVPR_2010_30_abs,P3->P4,P3,P4,7,0.7142857142857143,1,1,0,1,0,0,0.4705882352941176,0.4705882352941176,0.5882352941176471,0.5882352941176471,0.25,0.25
gemma_3_12b_it,SciERC,CVPR_2010_30_abs,P4->P5,P4,P5,7,0.004629177706582206,1,1,1,1,1,0,0.09191176470588241,0.09191176470588241,-0.02573529411764708,0.02573529411764708,-0.15909090909090912,0.15909090909090912
gemma_3_12b_it,SciERC,CVPR_2010_30_abs,P5->P6,P5,P6,7,0.00037241833550589424,1,1,1,1,1,0,0.0,0.0,0.0,0.0,0.08300395256916991,0.08300395256916991
gemma_3_12b_it,SciERC,CVPR_2011_10_abs,P1->P2,P1,P2,7,0.008407422474452428,1,1,1,1,1,0,0.03397683397683393,0.03397683397683393,0.03706563706563715,0.03706563706563715,0.0,0.0
gemma_3_12b_it,SciERC,CVPR_2011_10_abs,P2->P3,P2,P3,7,0.009528543267931257,1,1,1,1,1,0,-0.03397683397683393,0.03397683397683393,-0.03706563706563715,0.03706563706563715,0.1428571428571428,0.1428571428571428
gemma_3_12b_it,SciERC,CVPR_2011_10_abs,P3->P4,P3,P4,7,0.30243684564317974,1,1,1,1,1,0,-0.1501501501501502,0.1501501501501502,-0.14864864864864857,0.14864864864864857,-0.1428571428571428,0.1428571428571428
gemma_3_12b_it,SciERC,CVPR_2011_10_abs,P4->P5,P4,P5,7,0.14477982691356114,1,1,1,1,1,0,0.06984126984126982,0.06984126984126982,0.0714285714285714,0.0714285714285714,0.0,0.0
gemma_3_12b_it,SciERC,CVPR_2011_10_abs,P5->P6,P5,P6,7,0.0006078651973179408,1,1,1,1,1,0,0.0,0.0,0.0,0.0,0.0,0.0
gemma_3_12b_it,SciERC,CVPR_2011_11_abs,P1->P2,P1,P2,7,0.8571428571428571,1,1,0,1,0,0,0.0,0.0,0.1111111111111111,0.1111111111111111,0.125,0.125
gemma_3_12b_it,SciERC,CVPR_2011_11_abs,P2->P3,P2,P3,7,0.02640300989151001,1,1,1,1,1,0,0.0588235294117647,0.0588235294117647,0.065359477124183,0.065359477124183,-0.125,0.125
gemma_3_12b_it,SciERC,CVPR_2011_11_abs,P3->P4,P3,P4,7,0.030011636870247976,1,1,1,1,1,0,-0.003267973856209201,0.003267973856209201,0.04575163398692811,0.04575163398692811,0.0,0.0
gemma_3_12b_it,SciERC,CVPR_2011_11_abs,P4->P5,P4,P5,7,0.1584847228867667,1,1,1,1,1,0,0.1023391812865497,0.1023391812865497,0.0935672514619883,0.0935672514619883,0.0,0.0
gemma_3_12b_it,SciERC,CVPR_2011_11_abs,P5->P6,P5,P6,7,0.019256864275251116,1,1,1,1,1,0,-0.1578947368421052,0.1578947368421052,-0.1619433198380567,0.1619433198380567,0.1,0.1
gemma_3_12b_it,SciERC,CVPR_2016_413_abs,P1->P2,P1,P2,7,0.012253335544041224,1,1,1,1,1,0,0.11428571428571438,0.11428571428571438,0.11428571428571432,0.11428571428571432,-0.08658008658008659,0.08658008658008659
gemma_3_12b_it,SciERC,CVPR_2016_413_abs,P2->P3,P2,P3,7,0.042273453303745816,1,1,1,1,1,0,-0.09350649350649348,0.09350649350649348,-0.08658008658008659,0.08658008658008659,0.0,0.0
gemma_3_12b_it,SciERC,CVPR_2016_413_abs,P3->P4,P3,P4,7,0.15888823781694686,1,1,1,1,1,0,0.12121212121212122,0.12121212121212122,0.06060606060606061,0.06060606060606061,0.0714285714285714,0.0714285714285714
gemma_3_12b_it,SciERC,CVPR_2016_413_abs,P4->P5,P4,P5,7,0.0007318598883492606,1,1,1,1,1,0,0.0,0.0,0.0,0.0,-0.1666666666666666,0.1666666666666666
gemma_3_12b_it,SciERC,CVPR_2016_413_abs,P5->P6,P5,P6,7,0.007528245449066162,1,1,1,1,1,0,-0.04734848484848492,0.04734848484848492,-0.045454545454545525,0.045454545454545525,0.0,0.0
gemma_3_12b_it,SciERC,E06-1022,P1->P2,P1,P2,7,0.003968511308942523,1,1,1,1,1,0,0.020000000000000018,0.020000000000000018,0.020000000000000018,0.020000000000000018,0.0,0.0
gemma_3_12b_it,SciERC,E06-1022,P2->P3,P2,P3,7,0.00049842255456107,1,1,1,1,1,0,0.0,0.0,0.0,0.0,0.0,0.0
gemma_3_12b_it,SciERC,E06-1022,P3->P4,P3,P4,7,0.29476988315582275,1,1,1,1,1,0,-0.32608695652173914,0.32608695652173914,-0.32608695652173914,0.32608695652173914,0.0,0.0
gemma_3_12b_it,SciERC,E06-1022,P4->P5,P4,P5,7,0.15102578912462508,1,1,1,1,1,0,0.26086956521739124,0.26086956521739124,0.26086956521739124,0.26086956521739124,0.0,0.0
gemma_3_12b_it,SciERC,E06-1022,P5->P6,P5,P6,7,0.0,1,1,1,1,1,0,0.0,0.0,0.0,0.0,0.0,0.0
gemma_3_12b_it,SciERC,E89-1016,P1->P2,P1,P2,7,0.7142857142857143,1,1,0,1,0,0,0.2222222222222222,0.2222222222222222,0.2777777777777777,0.2777777777777777,0.2666666666666666,0.2666666666666666
gemma_3_12b_it,SciERC,E89-1016,P2->P3,P2,P3,7,0.7142857142857143,1,1,1,0,0,1,-0.2222222222222222,0.2222222222222222,-0.2777777777777777,0.2777777777777777,-0.2666666666666666,0.2666666666666666
gemma_3_12b_it,SciERC,E89-1016,P3->P4,P3,P4,7,0.7142857142857143,1,1,0,1,0,0,0.3125,0.3125,0.5,0.5,0.375,0.375
gemma_3_12b_it,SciERC,E89-1016,P4->P5,P4,P5,7,0.009145455701010568,1,1,1,1,1,0,0.0,0.0,-0.0625,0.0625,0.02499999999999991,0.02499999999999991
gemma_3_12b_it,SciERC,E89-1016,P5->P6,P5,P6,7,0.002375108855111258,1,1,1,1,1,0,0.020833333333333315,0.020833333333333315,0.029166666666666674,0.029166666666666674,0.0,0.0
gemma_3_12b_it,SciERC,E91-1012,P1->P2,P1,P2,7,0.44899551357541767,1,1,1,1,1,0,-0.06060606060606061,0.06060606060606061,-0.06060606060606061,0.06060606060606061,-0.1904761904761905,0.1904761904761905
gemma_3_12b_it,SciERC,E91-1012,P2->P3,P2,P3,7,0.15157645089285715,1,1,1,1,1,0,0.0056818181818180935,0.0056818181818180935,0.0056818181818180935,0.0056818181818180935,0.1111111111111111,0.1111111111111111
gemma_3_12b_it,SciERC,E91-1012,P3->P4,P3,P4,7,0.43420556613377165,1,1,1,1,1,0,0.1250000000000001,0.1250000000000001,0.1250000000000001,0.1250000000000001,0.2046783625730994,0.2046783625730994
gemma_3_12b_it,SciERC,E91-1012,P4->P5,P4,P5,7,0.15786193949835642,1,1,1,1,1,0,-0.009469696969697017,0.009469696969697017,-0.009469696969697017,0.009469696969697017,-0.21578947368421061,0.21578947368421061
gemma_3_12b_it,SciERC,E91-1012,P5->P6,P5,P6,7,0.0002739174025399344,1,1,1,1,1,0,0.0,0.0,0.0,0.0,0.1105263157894738,0.1105263157894738
gemma_3_12b_it,SciERC,E93-1066,P1->P2,P1,P2,7,0.0,1,1,0,0,0,0,0.0,0.0,0.0,0.0,0.0,0.0
gemma_3_12b_it,SciERC,E93-1066,P2->P3,P2,P3,7,0.8571428571428571,1,1,0,1,0,0,0.3111111111111111,0.3111111111111111,0.3111111111111111,0.3111111111111111,0.0,0.0
gemma_3_12b_it,SciERC,E93-1066,P3->P4,P3,P4,7,0.15633480037961686,1,1,1,1,1,0,-0.025396825396825418,0.025396825396825418,-0.025396825396825418,0.025396825396825418,0.0,0.0
gemma_3_12b_it,SciERC,E93-1066,P4->P5,P4,P5,7,0.30225372314453125,1,1,1,1,1,0,0.1533101045296168,0.1533101045296168,0.20209059233449478,0.20209059233449478,0.0,0.0
gemma_3_12b_it,SciERC,E93-1066,P5->P6,P5,P6,7,0.14499992983681814,1,1,1,1,1,0,-0.10569105691056918,0.10569105691056918,-0.10685249709639949,0.10685249709639949,0.0,0.0
gemma_3_12b_it,SciERC,E95-1033,P1->P2,P1,P2,7,0.1475274477686201,1,1,1,1,1,0,0.1176470588235294,0.1176470588235294,0.1176470588235294,0.1176470588235294,0.0,0.0
gemma_3_12b_it,SciERC,E95-1033,P2->P3,P2,P3,7,0.4313919799668448,1,1,1,1,1,0,0.0,0.0,0.0,0.0,0.0,0.0
gemma_3_12b_it,SciERC,E95-1033,P3->P4,P3,P4,7,0.4489550505365644,1,1,1,1,1,0,0.23529411764705882,0.23529411764705882,0.23529411764705882,0.23529411764705882,0.0,0.0
gemma_3_12b_it,SciERC,E95-1033,P4->P5,P4,P5,7,0.1852318218776158,1,1,1,1,1,0,-0.0862745098039216,0.0862745098039216,-0.0862745098039216,0.0862745098039216,0.0,0.0
gemma_3_12b_it,SciERC,E95-1033,P5->P6,P5,P6,7,0.020751944610050747,1,1,1,1,1,0,0.0,0.0,0.0,0.0,0.0,0.0
gemma_3_12b_it,SciERC,E99-1015,P1->P2,P1,P2,7,0.02550351619720459,1,1,1,1,1,0,0.09868421052631582,0.09868421052631582,0.09868421052631582,0.09868421052631582,0.0,0.0
gemma_3_12b_it,SciERC,E99-1015,P2->P3,P2,P3,7,0.025343869413648332,1,1,1,1,1,0,-0.09868421052631582,0.09868421052631582,-0.09868421052631582,0.09868421052631582,0.0,0.0
gemma_3_12b_it,SciERC,E99-1015,P3->P4,P3,P4,7,0.16839801413672312,1,1,1,1,1,0,0.007017543859649145,0.007017543859649145,0.007017543859649145,0.007017543859649145,0.25,0.25
gemma_3_12b_it,SciERC,E99-1015,P4->P5,P4,P5,7,0.0012666242463248117,1,1,1,1,1,0,-0.033333333333333326,0.033333333333333326,-0.033333333333333326,0.033333333333333326,-0.25,0.25
gemma_3_12b_it,SciERC,E99-1015,P5->P6,P5,P6,7,0.0070400067738124305,1,1,1,1,1,0,0.0,0.0,0.0,0.0,0.0,0.0
gemma_3_12b_it,SciERC,ECCV_2006_13_abs,P1->P2,P1,P2,7,0.0,1,1,0,0,0,0,0.0,0.0,0.0,0.0,0.0,0.0
gemma_3_12b_it,SciERC,ECCV_2006_13_abs,P2->P3,P2,P3,7,0.0,1,1,0,0,0,0,0.0,0.0,0.0,0.0,0.0,0.0
gemma_3_12b_it,SciERC,ECCV_2006_13_abs,P3->P4,P3,P4,7,0.8571428571428571,1,1,0,1,0,0,0.2909090909090908,0.2909090909090908,0.3999999999999999,0.3999999999999999,0.054054054054054,0.054054054054054
gemma_3_12b_it,SciERC,ECCV_2006_13_abs,P4->P5,P4,P5,7,0.013326151030404227,1,1,1,1,1,0,0.03636363636363643,0.03636363636363643,0.0,0.0,-0.054054054054054,0.054054054054054
gemma_3_12b_it,SciERC,ECCV_2006_13_abs,P5->P6,P5,P6,7,0.011538897241864885,1,1,1,1,1,0,-0.08727272727272722,0.08727272727272722,-0.039999999999999925,0.039999999999999925,0.0,0.0
gemma_3_12b_it,SciERC,ECCV_2012_30_abs,P1->P2,P1,P2,7,0.00022339820861816406,1,1,1,1,1,0,0.0,0.0,0.0,0.0,0.00952380952380949,0.00952380952380949
gemma_3_12b_it,SciERC,ECCV_2012_30_abs,P2->P3,P2,P3,7,0.0025527477264404297,1,1,1,1,1,0,-0.06060606060606061,0.06060606060606061,-0.06060606060606061,0.06060606060606061,0.0,0.0
gemma_3_12b_it,SciERC,ECCV_2012_30_abs,P3->P4,P3,P4,7,0.31215375661849976,1,1,1,1,1,0,0.1485826001955034,0.1485826001955034,0.08797653958944279,0.08797653958944279,-0.1428571428571428,0.1428571428571428
gemma_3_12b_it,SciERC,ECCV_2012_30_abs,P4->P5,P4,P5,7,0.18623743738446916,1,1,1,1,1,0,0.09384164222873903,0.09384164222873903,0.09384164222873903,0.09384164222873903,0.0,0.0
gemma_3_12b_it,SciERC,ECCV_2012_30_abs,P5->P6,P5,P6,7,0.0003574149949210031,1,1,1,1,1,0,0.0,0.0,0.0,0.0,0.0,0.0
gemma_3_12b_it,SciERC,ECCV_2016_110_abs,P1->P2,P1,P2,7,0.0,1,1,1,1,1,0,0.0,0.0,0.0,0.0,0.0,0.0
gemma_3_12b_it,SciERC,ECCV_2016_110_abs,P2->P3,P2,P3,7,0.001719330038343157,1,1,1,1,1,0,0.0,0.0,0.0,0.0,-0.1538461538461538,0.1538461538461538
gemma_3_12b_it,SciERC,ECCV_2016_110_abs,P3->P4,P3,P4,7,0.1807152203151158,1,1,1,1,1,0,0.013071895424836583,0.013071895424836583,0.13725490196078427,0.13725490196078427,0.0,0.0
gemma_3_12b_it,SciERC,ECCV_2016_110_abs,P4->P5,P4,P5,7,0.021751182419913157,1,1,1,1,1,0,0.20915032679738563,0.20915032679738563,-0.026143790849673165,0.026143790849673165,0.3076923076923076,0.3076923076923076
gemma_3_12b_it,SciERC,ECCV_2016_110_abs,P5->P6,P5,P6,7,5.108969552176339e-08,1,1,1,1,1,0,0.0,0.0,0.0,0.0,0.0,0.0
gemma_3_12b_it,SciERC,ECCV_2016_204_abs,P1->P2,P1,P2,7,0.0,1,1,0,0,0,0,0.0,0.0,0.0,0.0,0.0,0.0
gemma_3_12b_it,SciERC,ECCV_2016_204_abs,P2->P3,P2,P3,7,0.0,1,1,0,0,0,0,0.0,0.0,0.0,0.0,0.0,0.0
gemma_3_12b_it,SciERC,ECCV_2016_204_abs,P3->P4,P3,P4,7,1.0,1,1,0,1,0,0,0.4166666666666666,0.4166666666666666,0.4583333333333333,0.4583333333333333,0.0666666666666666,0.0666666666666666
gemma_3_12b_it,SciERC,ECCV_2016_204_abs,P4->P5,P4,P5,7,0.15711178949901036,1,1,1,1,1,0,0.0,0.0,0.0,0.0,-0.002150537634408603,0.002150537634408603
gemma_3_12b_it,SciERC,ECCV_2016_204_abs,P5->P6,P5,P6,7,0.00107053347996303,1,1,1,1,1,0,0.03231292517006812,0.03231292517006812,0.03146258503401361,0.03146258503401361,0.004449388209121302,0.004449388209121302
gemma_3_12b_it,SciERC,ECCV_2016_212_abs,P1->P2,P1,P2,7,0.0,1,1,0,0,0,0,0.0,0.0,0.0,0.0,0.0,0.0
gemma_3_12b_it,SciERC,ECCV_2016_212_abs,P2->P3,P2,P3,7,0.0,1,1,0,0,0,0,0.0,0.0,0.0,0.0,0.0,0.0
gemma_3_12b_it,SciERC,ECCV_2016_212_abs,P3->P4,P3,P4,7,0.8571428571428571,1,1,0,1,0,0,0.4745762711864407,0.4745762711864407,0.5423728813559322,0.5423728813559322,0.1176470588235294,0.1176470588235294
gemma_3_12b_it,SciERC,ECCV_2016_212_abs,P4->P5,P4,P5,7,0.012778171471187047,1,1,1,1,1,0,0.04266510812390417,0.04266510812390417,0.043834015195792,0.043834015195792,-0.0605042016806723,0.0605042016806723
gemma_3_12b_it,SciERC,ECCV_2016_212_abs,P5->P6,P5,P6,7,0.00030431577137538364,1,1,1,1,1,0,-0.02601330913490635,0.02601330913490635,-0.024803387779794406,0.024803387779794406,0.0016806722689075987,0.0016806722689075987
gemma_3_12b_it,SciERC,ECCV_2016_99_abs,P1->P2,P1,P2,7,0.0,1,1,0,0,0,0,0.0,0.0,0.0,0.0,0.0,0.0
gemma_3_12b_it,SciERC,ECCV_2016_99_abs,P2->P3,P2,P3,7,0.8571428571428571,1,1,0,1,0,0,0.4761904761904761,0.4761904761904761,0.6666666666666666,0.6666666666666666,0.0,0.0
gemma_3_12b_it,SciERC,ECCV_2016_99_abs,P3->P4,P3,P4,7,0.1552852988243103,1,1,1,1,1,0,-0.03174603174603169,0.03174603174603169,-0.05555555555555547,0.05555555555555547,0.0,0.0
gemma_3_12b_it,SciERC,ECCV_2016_99_abs,P4->P5,P4,P5,7,0.15244785376957484,1,1,1,1,1,0,0.15555555555555556,0.15555555555555556,0.0888888888888888,0.0888888888888888,0.1481481481481481,0.1481481481481481
gemma_3_12b_it,SciERC,ECCV_2016_99_abs,P5->P6,P5,P6,7,8.85810170854841e-05,1,1,1,1,1,0,0.0,0.0,0.0,0.0,-0.1481481481481481,0.1481481481481481
gemma_3_12b_it,SciERC,H01-1042,P1->P2,P1,P2,7,0.0,1,1,0,0,0,0,0.0,0.0,0.0,0.0,0.0,0.0
gemma_3_12b_it,SciERC,H01-1042,P2->P3,P2,P3,7,0.0,1,1,0,0,0,0,0.0,0.0,0.0,0.0,0.0,0.0
gemma_3_12b_it,SciERC,H01-1042,P3->P4,P3,P4,7,1.0,1,1,0,1,0,0,0.2352941176470588,0.2352941176470588,0.3529411764705882,0.3529411764705882,0.2222222222222222,0.2222222222222222
gemma_3_12b_it,SciERC,H01-1042,P4->P5,P4,P5,7,0.037578701972961426,1,1,1,1,1,0,0.014705882352941207,0.014705882352941207,0.09705882352941181,0.09705882352941181,0.0935672514619883,0.0935672514619883
gemma_3_12b_it,SciERC,H01-1042,P5->P6,P5,P6,7,0.0003667218344552176,1,1,1,1,1,0,0.0,0.0,0.0,0.0,-0.0935672514619883,0.0935672514619883
gemma_3_12b_it,SciERC,H01-1049,P1->P2,P1,P2,7,0.8571428571428571,1,1,0,1,0,0,0.0,0.0,0.0689655172413793,0.0689655172413793,0.0,0.0
gemma_3_12b_it,SciERC,H01-1049,P2->P3,P2,P3,7,0.1559747883251735,1,1,1,1,1,0,0.1428571428571428,0.1428571428571428,0.1453201970443349,0.1453201970443349,0.0,0.0
gemma_3_12b_it,SciERC,H01-1049,P3->P4,P3,P4,7,0.3182546411241804,1,1,1,1,1,0,0.044642857142857095,0.044642857142857095,0.03571428571428581,0.03571428571428581,0.0,0.0
gemma_3_12b_it,SciERC,H01-1049,P4->P5,P4,P5,7,0.015166614736829485,1,1,1,1,1,0,0.09821428571428581,0.09821428571428581,0.1071428571428571,0.1071428571428571,0.1666666666666666,0.1666666666666666
gemma_3_12b_it,SciERC,H01-1049,P5->P6,P5,P6,7,0.1479490143912179,1,1,1,1,1,0,-0.009852216748768516,0.009852216748768516,-0.01231527093596052,0.01231527093596052,-0.0333333333333333,0.0333333333333333
gemma_3_12b_it,SciERC,H05-1095,P1->P2,P1,P2,7,0.15257124389920915,1,1,1,1,1,0,0.0,0.0,0.08000000000000007,0.08000000000000007,0.0,0.0
gemma_3_12b_it,SciERC,H05-1095,P2->P3,P2,P3,7,0.15257124389920915,1,1,1,1,1,0,0.0,0.0,-0.08000000000000007,0.08000000000000007,0.0,0.0
gemma_3_12b_it,SciERC,H05-1095,P3->P4,P3,P4,7,0.16167000361851283,1,1,1,1,1,0,-0.12521739130434772,0.12521739130434772,-0.03826086956521735,0.03826086956521735,0.17948717948717952,0.17948717948717952
gemma_3_12b_it,SciERC,H05-1095,P4->P5,P4,P5,7,0.14676644120897567,1,1,1,1,1,0,0.08695652173913038,0.08695652173913038,0.08695652173913038,0.08695652173913038,-0.15151515151515152,0.15151515151515152
gemma_3_12b_it,SciERC,H05-1095,P5->P6,P5,P6,7,0.005922896521432059,1,1,1,1,1,0,-0.045548654244306375,0.045548654244306375,-0.037267080745341574,0.037267080745341574,-0.015151515151515194,0.015151515151515194
gemma_3_12b_it,SciERC,I05-4010,P1->P2,P1,P2,7,0.018356612750462124,1,1,1,1,1,0,0.1739130434782608,0.1739130434782608,0.1739130434782608,0.1739130434782608,0.0,0.0
gemma_3_12b_it,SciERC,I05-4010,P2->P3,P2,P3,7,0.011612015111105782,1,1,1,1,1,0,0.0869565217391306,0.0869565217391306,0.0869565217391306,0.0869565217391306,0.0,0.0
gemma_3_12b_it,SciERC,I05-4010,P3->P4,P3,P4,7,0.030144998005458286,1,1,1,1,1,0,0.04968944099378869,0.04968944099378869,0.04968944099378869,0.04968944099378869,0.0,0.0
gemma_3_12b_it,SciERC,I05-4010,P4->P5,P4,P5,7,0.15359059401920863,1,1,1,1,1,0,-0.025974025974025983,0.025974025974025983,-0.025974025974025983,0.025974025974025983,0.0,0.0
gemma_3_12b_it,SciERC,I05-4010,P5->P6,P5,P6,7,0.0007968800408499581,1,1,1,1,1,0,0.0,0.0,0.0,0.0,0.0,0.0
gemma_3_12b_it,SciERC,I05-5003,P1->P2,P1,P2,7,0.0,1,1,0,0,0,0,0.0,0.0,0.0,0.0,0.0,0.0
gemma_3_12b_it,SciERC,I05-5003,P2->P3,P2,P3,7,0.0,1,1,0,0,0,0,0.0,0.0,0.0,0.0,0.0,0.0
gemma_3_12b_it,SciERC,I05-5003,P3->P4,P3,P4,7,1.0,1,1,0,1,0,0,0.5945945945945945,0.5945945945945945,0.5945945945945945,0.5945945945945945,0.2580645161290322,0.2580645161290322
gemma_3_12b_it,SciERC,I05-5003,P4->P5,P4,P5,7,0.16913687331335886,1,1,1,1,1,0,-0.06827880512091034,0.06827880512091034,0.0369843527738265,0.0369843527738265,-0.0815939278937381,0.0815939278937381
gemma_3_12b_it,SciERC,I05-5003,P5->P6,P5,P6,7,0.0013415472848074777,1,1,1,1,1,0,-0.052631578947368474,0.052631578947368474,-0.05263157894736836,0.05263157894736836,-0.1764705882352941,0.1764705882352941
gemma_3_12b_it,SciERC,I05-5004,P1->P2,P1,P2,7,0.0033538341522216797,1,1,1,1,1,0,0.02631578947368418,0.02631578947368418,0.02631578947368418,0.02631578947368418,-0.1428571428571428,0.1428571428571428
gemma_3_12b_it,SciERC,I05-5004,P2->P3,P2,P3,7,0.0019448825291224889,1,1,1,1,1,0,0.0,0.0,0.0,0.0,0.1428571428571428,0.1428571428571428
gemma_3_12b_it,SciERC,I05-5004,P3->P4,P3,P4,7,0.02177785975592477,1,1,1,1,1,0,0.14035087719298234,0.14035087719298234,0.2514619883040936,0.2514619883040936,0.19047619047619052,0.19047619047619052
gemma_3_12b_it,SciERC,I05-5004,P4->P5,P4,P5,7,0.0019997358322143555,1,1,1,1,1,0,0.0,0.0,0.0,0.0,0.0,0.0
gemma_3_12b_it,SciERC,I05-5004,P5->P6,P5,P6,7,1.7029898507254463e-08,1,1,1,1,1,0,0.0,0.0,0.0,0.0,0.0,0.0
gemma_3_12b_it,SciERC,ICASSP_1997_706_abs,P1->P2,P1,P2,7,0.0,1,1,0,0,0,0,0.0,0.0,0.0,0.0,0.0,0.0
gemma_3_12b_it,SciERC,ICASSP_1997_706_abs,P2->P3,P2,P3,7,0.0,1,1,0,0,0,0,0.0,0.0,0.0,0.0,0.0,0.0
gemma_3_12b_it,SciERC,ICASSP_1997_706_abs,P3->P4,P3,P4,7,1.0,1,1,0,1,0,0,0.6046511627906976,0.6046511627906976,0.6046511627906976,0.6046511627906976,0.0909090909090909,0.0909090909090909
gemma_3_12b_it,SciERC,ICASSP_1997_706_abs,P4->P5,P4,P5,7,0.1709558708327157,1,1,1,1,1,0,-0.15010570824524316,0.15010570824524316,-0.10465116279069764,0.10465116279069764,-0.0194805194805195,0.0194805194805195
gemma_3_12b_it,SciERC,ICASSP_1997_706_abs,P5->P6,P5,P6,7,0.01595027106148856,1,1,1,1,1,0,-0.09898989898989896,0.09898989898989896,-0.10000000000000009,0.10000000000000009,-0.0714285714285714,0.0714285714285714
gemma_3_12b_it,SciERC,ICASSP_2016_11_abs,P1->P2,P1,P2,7,1.0,1,1,0,1,0,0,0.1379310344827586,0.1379310344827586,0.2758620689655172,0.2758620689655172,0.0,0.0
gemma_3_12b_it,SciERC,ICASSP_2016_11_abs,P2->P3,P2,P3,7,0.14415636232921056,1,1,1,1,1,0,0.04956896551724141,0.04956896551724141,0.03663793103448282,0.03663793103448282,0.0,0.0
gemma_3_12b_it,SciERC,ICASSP_2016_11_abs,P3->P4,P3,P4,7,0.1740635803767613,1,1,1,1,1,0,0.0549242424242424,0.0549242424242424,-0.009469696969697017,0.009469696969697017,0.1111111111111111,0.1111111111111111
gemma_3_12b_it,SciERC,ICASSP_2016_11_abs,P4->P5,P4,P5,7,0.016510137489863803,1,1,1,1,1,0,0.1105169340463458,0.1105169340463458,0.22638146167557938,0.22638146167557938,-0.1111111111111111,0.1111111111111111
gemma_3_12b_it,SciERC,ICASSP_2016_11_abs,P5->P6,P5,P6,7,0.012008590357644218,1,1,1,1,1,0,-0.1029411764705882,0.1029411764705882,-0.15441176470588236,0.15441176470588236,0.0,0.0
gemma_3_12b_it,SciERC,ICCV_2001_47_abs,P1->P2,P1,P2,7,0.0,1,1,0,0,0,0,0.0,0.0,0.0,0.0,0.0,0.0
gemma_3_12b_it,SciERC,ICCV_2001_47_abs,P2->P3,P2,P3,7,0.0,1,1,0,0,0,0,0.0,0.0,0.0,0.0,0.0,0.0
gemma_3_12b_it,SciERC,ICCV_2001_47_abs,P3->P4,P3,P4,7,0.8571428571428571,1,1,0,1,0,0,0.3255813953488372,0.3255813953488372,0.4651162790697674,0.4651162790697674,0.16,0.16
gemma_3_12b_it,SciERC,ICCV_2001_47_abs,P4->P5,P4,P5,7,0.0034381066049848285,1,1,1,1,1,0,0.10299003322259132,0.10299003322259132,0.058693244739756456,0.058693244739756456,-0.0766666666666667,0.0766666666666667
gemma_3_12b_it,SciERC,ICCV_2001_47_abs,P5->P6,P5,P6,7,0.0032592330660138813,1,1,1,1,1,0,-0.10299003322259132,0.10299003322259132,-0.058693244739756456,0.058693244739756456,0.0036231884057971037,0.0036231884057971037
gemma_3_12b_it,SciERC,ICCV_2003_151_abs,P1->P2,P1,P2,7,0.0,1,1,0,0,0,0,0.0,0.0,0.0,0.0,0.0,0.0
gemma_3_12b_it,SciERC,ICCV_2003_151_abs,P2->P3,P2,P3,7,0.0,1,1,0,0,0,0,0.0,0.0,0.0,0.0,0.0,0.0
gemma_3_12b_it,SciERC,ICCV_2003_151_abs,P3->P4,P3,P4,7,0.8571428571428571,1,1,0,1,0,0,0.2580645161290322,0.2580645161290322,0.3548387096774193,0.3548387096774193,0.1764705882352941,0.1764705882352941
gemma_3_12b_it,SciERC,ICCV_2003_151_abs,P4->P5,P4,P5,7,0.013784136090959822,1,1,1,1,1,0,0.111166253101737,0.111166253101737,0.16823821339950368,0.16823821339950368,0.017077798861480004,0.017077798861480004
gemma_3_12b_it,SciERC,ICCV_2003_151_abs,P5->P6,P5,P6,7,0.0013253773961748397,1,1,1,1,1,0,-0.02002442002442001,0.02002442002442001,-0.015140415140415087,0.015140415140415087,0.056451612903225895,0.056451612903225895
gemma_3_12b_it,SciERC,ICCV_2003_161_abs,P1->P2,P1,P2,7,0.026977624211992537,1,1,1,1,1,0,0.07714123652864441,0.07714123652864441,0.07487237663074298,0.07487237663074298,0.0,0.0
gemma_3_12b_it,SciERC,ICCV_2003_161_abs,P2->P3,P2,P3,7,0.0159570574760437,1,1,1,1,1,0,-0.04651162790697683,0.04651162790697683,-0.04651162790697666,0.04651162790697666,0.0,0.0
gemma_3_12b_it,SciERC,ICCV_2003_161_abs,P3->P4,P3,P4,7,0.3202967473438808,1,1,1,1,1,0,-0.056303549571603384,0.056303549571603384,-0.10281517747858021,0.10281517747858021,0.0,0.0
gemma_3_12b_it,SciERC,ICCV_2003_161_abs,P4->P5,P4,P5,7,0.15073743888310023,1,1,1,1,1,0,0.0,0.0,0.05263157894736831,0.05263157894736831,0.0952380952380952,0.0952380952380952
gemma_3_12b_it,SciERC,ICCV_2003_161_abs,P5->P6,P5,P6,7,0.00040472405297415596,1,1,1,1,1,0,0.008534850640113778,0.008534850640113778,0.009957325746799472,0.009957325746799472,-0.0952380952380952,0.0952380952380952
gemma_3_12b_it,SciERC,ICCV_2013_25_abs,P1->P2,P1,P2,7,0.006680778094700405,1,1,1,1,1,0,0.01680672268907568,0.01680672268907568,0.01680672268907568,0.01680672268907568,0.1,0.1
gemma_3_12b_it,SciERC,ICCV_2013_25_abs,P2->P3,P2,P3,7,0.007117663111005511,1,1,1,1,1,0,-0.01680672268907568,0.01680672268907568,-0.01680672268907568,0.01680672268907568,-0.1,0.1
gemma_3_12b_it,SciERC,ICCV_2013_25_abs,P3->P4,P3,P4,7,0.019658991268702915,1,1,1,1,1,0,-0.1471861471861472,0.1471861471861472,-0.1471861471861472,0.1471861471861472,0.0,0.0
gemma_3_12b_it,SciERC,ICCV_2013_25_abs,P4->P5,P4,P5,7,0.030475471700940813,1,1,1,1,1,0,0.20432900432900436,0.20432900432900436,0.20432900432900436,0.20432900432900436,0.0,0.0
gemma_3_12b_it,SciERC,ICCV_2013_25_abs,P5->P6,P5,P6,7,0.004727448735918317,1,1,1,1,1,0,-0.11428571428571432,0.11428571428571432,-0.11428571428571432,0.11428571428571432,0.0833333333333333,0.0833333333333333
gemma_3_12b_it,SciERC,ICCV_2013_47_abs,P1->P2,P1,P2,7,0.0,1,1,0,0,0,0,0.0,0.0,0.0,0.0,0.0,0.0
gemma_3_12b_it,SciERC,ICCV_2013_47_abs,P2->P3,P2,P3,7,0.0,1,1,0,0,0,0,0.0,0.0,0.0,0.0,0.0,0.0
gemma_3_12b_it,SciERC,ICCV_2013_47_abs,P3->P4,P3,P4,7,0.8571428571428571,1,1,0,1,0,0,0.3137254901960784,0.3137254901960784,0.392156862745098,0.392156862745098,0.0,0.0
gemma_3_12b_it,SciERC,ICCV_2013_47_abs,P4->P5,P4,P5,7,0.30039964403424946,1,1,1,1,1,0,0.2577030812324931,0.2577030812324931,0.2200880352140857,0.2200880352140857,0.16,0.16
gemma_3_12b_it,SciERC,ICCV_2013_47_abs,P5->P6,P5,P6,7,0.002052511487688337,1,1,1,1,1,0,-0.022408963585434205,0.022408963585434205,0.015206082432973167,0.015206082432973167,-0.16,0.16
gemma_3_12b_it,SciERC,ICML_1995_38_abs,P1->P2,P1,P2,7,0.006896819387163434,1,1,1,1,1,0,0.0,0.0,0.0,0.0,0.013888888888888895,0.013888888888888895
gemma_3_12b_it,SciERC,ICML_1995_38_abs,P2->P3,P2,P3,7,0.0012121541159493582,1,1,1,1,1,0,0.0,0.0,0.0,0.0,-0.125,0.125
gemma_3_12b_it,SciERC,ICML_1995_38_abs,P3->P4,P3,P4,7,0.04177291904176984,1,1,1,1,1,0,0.0625,0.0625,0.0625,0.0625,0.125,0.125
gemma_3_12b_it,SciERC,ICML_1995_38_abs,P4->P5,P4,P5,7,0.00867997748511178,1,1,1,1,1,0,0.0144230769230769,0.0144230769230769,0.0144230769230769,0.0144230769230769,0.008333333333333304,0.008333333333333304
gemma_3_12b_it,SciERC,ICML_1995_38_abs,P5->P6,P5,P6,7,0.00826976980481829,1,1,1,1,1,0,-0.010256410256410303,0.010256410256410303,-0.010256410256410303,0.010256410256410303,-0.1333333333333333,0.1333333333333333
gemma_3_12b_it,SciERC,ICML_2006_119_abs,P1->P2,P1,P2,7,0.0,1,1,0,0,0,0,0.0,0.0,0.0,0.0,0.0,0.0
gemma_3_12b_it,SciERC,ICML_2006_119_abs,P2->P3,P2,P3,7,0.0,1,1,0,0,0,0,0.0,0.0,0.0,0.0,0.0,0.0
gemma_3_12b_it,SciERC,ICML_2006_119_abs,P3->P4,P3,P4,7,1.0,1,1,0,1,0,0,0.3043478260869565,0.3043478260869565,0.4347826086956521,0.4347826086956521,0.0,0.0
gemma_3_12b_it,SciERC,ICML_2006_119_abs,P4->P5,P4,P5,7,0.01273327214377267,1,1,1,1,1,0,0.13043478260869562,0.13043478260869562,0.1304347826086958,0.1304347826086958,0.2857142857142857,0.2857142857142857
gemma_3_12b_it,SciERC,ICML_2006_119_abs,P5->P6,P5,P6,7,9.816033499581473e-05,1,1,1,1,1,0,0.0,0.0,0.0,0.0,0.0,0.0
gemma_3_12b_it,SciERC,ICML_2016_10_abs,P1->P2,P1,P2,7,0.18226422582353866,1,1,1,1,1,0,0.02947368421052629,0.02947368421052629,0.004210526315789498,0.004210526315789498,0.0,0.0
gemma_3_12b_it,SciERC,ICML_2016_10_abs,P2->P3,P2,P3,7,0.14367824792861938,1,1,1,1,1,0,-0.009230769230769292,0.009230769230769292,-0.012307692307692408,0.012307692307692408,0.0,0.0
gemma_3_12b_it,SciERC,ICML_2016_10_abs,P3->P4,P3,P4,7,0.16805984292711532,1,1,1,1,1,0,0.06552706552706558,0.06552706552706558,0.06267806267806281,0.06267806267806281,0.3076923076923076,0.3076923076923076
gemma_3_12b_it,SciERC,ICML_2016_10_abs,P4->P5,P4,P5,7,0.0008528317723955427,1,1,1,1,1,0,0.0,0.0,0.0,0.0,-0.141025641025641,0.141025641025641
gemma_3_12b_it,SciERC,ICML_2016_10_abs,P5->P6,P5,P6,7,0.002313213688986642,1,1,1,1,1,0,-0.010582010582010581,0.010582010582010581,-0.01322751322751331,0.01322751322751331,0.0,0.0
gemma_3_12b_it,SciERC,ICML_2016_11_abs,P1->P2,P1,P2,7,0.8571428571428571,1,1,0,1,0,0,0.2790697674418604,0.2790697674418604,0.2790697674418604,0.2790697674418604,0.2142857142857142,0.2142857142857142
gemma_3_12b_it,SciERC,ICML_2016_11_abs,P2->P3,P2,P3,7,0.8571428571428571,1,1,1,0,0,1,-0.2790697674418604,0.2790697674418604,-0.2790697674418604,0.2790697674418604,-0.2142857142857142,0.2142857142857142
gemma_3_12b_it,SciERC,ICML_2016_11_abs,P3->P4,P3,P4,7,0.7142857142857143,1,1,0,1,0,0,0.2857142857142857,0.2857142857142857,0.3809523809523809,0.3809523809523809,0.1428571428571428,0.1428571428571428
gemma_3_12b_it,SciERC,ICML_2016_11_abs,P4->P5,P4,P5,7,0.295819308076586,1,1,1,1,1,0,-0.0683229813664597,0.0683229813664597,-0.07660455486542439,0.07660455486542439,0.0,0.0
gemma_3_12b_it,SciERC,ICML_2016_11_abs,P5->P6,P5,P6,7,0.15303524051393783,1,1,1,1,1,0,0.06167846309403441,0.06167846309403441,0.06774519716885741,0.06774519716885741,0.0,0.0
gemma_3_12b_it,SciERC,ICML_2016_18_abs,P1->P2,P1,P2,7,0.8571428571428571,1,1,1,0,0,1,-0.4651162790697674,0.4651162790697674,-0.5116279069767442,0.5116279069767442,-0.0909090909090909,0.0909090909090909
gemma_3_12b_it,SciERC,ICML_2016_18_abs,P2->P3,P2,P3,7,0.8571428571428571,1,1,0,1,0,0,0.4651162790697674,0.4651162790697674,0.5116279069767442,0.5116279069767442,0.0909090909090909,0.0909090909090909
gemma_3_12b_it,SciERC,ICML_2016_18_abs,P3->P4,P3,P4,7,0.0020768301827566965,1,1,1,1,1,0,0.01107419712070884,0.01107419712070884,0.01218161683277963,0.01218161683277963,-0.010909090909090896,0.010909090909090896
gemma_3_12b_it,SciERC,ICML_2016_18_abs,P4->P5,P4,P5,7,0.289566125188555,1,1,1,1,1,0,0.02380952380952378,0.02380952380952378,0.02164502164502169,0.02164502164502169,-0.005925925925926001,0.005925925925926001
gemma_3_12b_it,SciERC,ICML_2016_18_abs,P5->P6,P5,P6,7,0.002983314650399344,1,1,1,1,1,0,-0.0714285714285714,0.0714285714285714,-0.0692640692640693,0.0692640692640693,0.0,0.0
gemma_3_12b_it,SciERC,INTERSPEECH_2006_21_abs,P1->P2,P1,P2,7,0.8571428571428571,1,1,0,1,0,0,0.2222222222222222,0.2222222222222222,0.3333333333333333,0.3333333333333333,0.0,0.0
gemma_3_12b_it,SciERC,INTERSPEECH_2006_21_abs,P2->P3,P2,P3,7,0.016087123325892856,1,1,1,1,1,0,0.1777777777777778,0.1777777777777778,0.06666666666666671,0.06666666666666671,0.0,0.0
gemma_3_12b_it,SciERC,INTERSPEECH_2006_21_abs,P3->P4,P3,P4,7,0.008262651307242257,1,1,1,1,1,0,0.08484848484848478,0.08484848484848478,0.08484848484848478,0.08484848484848478,0.0,0.0
gemma_3_12b_it,SciERC,INTERSPEECH_2006_21_abs,P4->P5,P4,P5,7,0.02016315289906093,1,1,1,1,1,0,-0.014260249554367221,0.014260249554367221,-0.014260249554367221,0.014260249554367221,0.0,0.0
gemma_3_12b_it,SciERC,INTERSPEECH_2006_21_abs,P5->P6,P5,P6,7,0.005692056247166225,1,1,1,1,1,0,-0.046345811051693386,0.046345811051693386,-0.046345811051693386,0.046345811051693386,0.0,0.0
gemma_3_12b_it,SciERC,INTERSPEECH_2007_40_abs,P1->P2,P1,P2,7,0.16345864534378052,1,1,1,1,1,0,0.0,0.0,0.0,0.0,0.0,0.0
gemma_3_12b_it,SciERC,INTERSPEECH_2007_40_abs,P2->P3,P2,P3,7,0.0,1,1,1,1,1,0,0.0,0.0,0.0,0.0,0.0,0.0
gemma_3_12b_it,SciERC,INTERSPEECH_2007_40_abs,P3->P4,P3,P4,7,0.3061885152544294,1,1,1,1,1,0,0.0,0.0,0.0,0.0,0.0,0.0
gemma_3_12b_it,SciERC,INTERSPEECH_2007_40_abs,P4->P5,P4,P5,7,0.010499724320002965,1,1,1,1,1,0,0.0,0.0,0.0,0.0,0.0,0.0
gemma_3_12b_it,SciERC,INTERSPEECH_2007_40_abs,P5->P6,P5,P6,7,0.006906679698399135,1,1,1,1,1,0,-0.0378787878787879,0.0378787878787879,-0.045454545454545525,0.045454545454545525,0.0,0.0
gemma_3_12b_it,SciERC,INTERSPEECH_2008_20_abs,P1->P2,P1,P2,7,0.0,1,1,0,0,0,0,0.0,0.0,0.0,0.0,0.0,0.0
gemma_3_12b_it,SciERC,INTERSPEECH_2008_20_abs,P2->P3,P2,P3,7,0.0,1,1,0,0,0,0,0.0,0.0,0.0,0.0,0.0,0.0
gemma_3_12b_it,SciERC,INTERSPEECH_2008_20_abs,P3->P4,P3,P4,7,0.7142857142857143,1,1,0,1,0,0,0.1666666666666666,0.1666666666666666,0.1666666666666666,0.1666666666666666,0.0,0.0
gemma_3_12b_it,SciERC,INTERSPEECH_2008_20_abs,P4->P5,P4,P5,7,0.00044104882649012974,1,1,1,1,1,0,0.0,0.0,0.0,0.0,0.0,0.0
gemma_3_12b_it,SciERC,INTERSPEECH_2008_20_abs,P5->P6,P5,P6,7,0.14395830460957118,1,1,1,1,1,0,0.0833333333333334,0.0833333333333334,0.0833333333333334,0.0833333333333334,0.0,0.0
gemma_3_12b_it,SciERC,INTERSPEECH_2008_28_abs,P1->P2,P1,P2,7,0.0,1,1,0,0,0,0,0.0,0.0,0.0,0.0,0.0,0.0
gemma_3_12b_it,SciERC,INTERSPEECH_2008_28_abs,P2->P3,P2,P3,7,0.0,1,1,0,0,0,0,0.0,0.0,0.0,0.0,0.0,0.0
gemma_3_12b_it,SciERC,INTERSPEECH_2008_28_abs,P3->P4,P3,P4,7,0.8571428571428571,1,1,0,1,0,0,0.2127659574468085,0.2127659574468085,0.3404255319148936,0.3404255319148936,0.0,0.0
gemma_3_12b_it,SciERC,INTERSPEECH_2008_28_abs,P4->P5,P4,P5,7,0.16433886119297572,1,1,1,1,1,0,0.1785383903792784,0.1785383903792784,0.1378353376503238,0.1378353376503238,0.25,0.25
gemma_3_12b_it,SciERC,INTERSPEECH_2008_28_abs,P5->P6,P5,P6,7,0.00944751501083374,1,1,1,1,1,0,-0.035748792270531404,0.035748792270531404,-0.0782608695652175,0.0782608695652175,-0.07608695652173911,0.07608695652173911
gemma_3_12b_it,SciERC,INTERSPEECH_2013_21_abs,P1->P2,P1,P2,7,0.7142857142857143,1,1,1,0,0,1,-0.3783783783783783,0.3783783783783783,-0.4864864864864864,0.4864864864864864,-0.2352941176470588,0.2352941176470588
gemma_3_12b_it,SciERC,INTERSPEECH_2013_21_abs,P2->P3,P2,P3,7,0.0,1,1,0,0,0,0,0.0,0.0,0.0,0.0,0.0,0.0
gemma_3_12b_it,SciERC,INTERSPEECH_2013_21_abs,P3->P4,P3,P4,7,0.7142857142857143,1,1,0,1,0,0,0.4,0.4,0.4571428571428572,0.4571428571428572,0.2666666666666666,0.2666666666666666
gemma_3_12b_it,SciERC,INTERSPEECH_2013_21_abs,P4->P5,P4,P5,7,0.14616499628339494,1,1,1,1,1,0,-0.06666666666666682,0.06666666666666682,-0.12380952380952398,0.12380952380952398,-0.016666666666666607,0.016666666666666607
gemma_3_12b_it,SciERC,INTERSPEECH_2013_21_abs,P5->P6,P5,P6,7,0.0010119591440473283,1,1,1,1,1,0,-0.06306306306306303,0.06306306306306303,0.045045045045045085,0.045045045045045085,0.016666666666666607,0.016666666666666607
gemma_3_12b_it,SciERC,INTERSPEECH_2014_40_abs,P1->P2,P1,P2,7,0.0,1,1,0,0,0,0,0.0,0.0,0.0,0.0,0.0,0.0
gemma_3_12b_it,SciERC,INTERSPEECH_2014_40_abs,P2->P3,P2,P3,7,0.7142857142857143,1,1,0,1,0,0,0.3888888888888888,0.3888888888888888,0.4444444444444445,0.4444444444444445,0.1333333333333333,0.1333333333333333
gemma_3_12b_it,SciERC,INTERSPEECH_2014_40_abs,P3->P4,P3,P4,7,0.16753390005656651,1,1,1,1,1,0,0.11111111111111122,0.11111111111111122,0.055555555555555525,0.055555555555555525,0.06666666666666671,0.06666666666666671
gemma_3_12b_it,SciERC,INTERSPEECH_2014_40_abs,P4->P5,P4,P5,7,0.16166678496769496,1,1,1,1,1,0,-0.1363636363636363,0.1363636363636363,-0.0757575757575758,0.0757575757575758,0.08571428571428569,0.08571428571428569
gemma_3_12b_it,SciERC,INTERSPEECH_2014_40_abs,P5->P6,P5,P6,7,4.257474626813616e-08,1,1,1,1,1,0,0.0,0.0,0.0,0.0,0.0,0.0
gemma_3_12b_it,SciERC,J05-4003,P1->P2,P1,P2,7,0.0,1,1,0,0,0,0,0.0,0.0,0.0,0.0,0.0,0.0
gemma_3_12b_it,SciERC,J05-4003,P2->P3,P2,P3,7,0.0,1,1,0,0,0,0,0.0,0.0,0.0,0.0,0.0,0.0
gemma_3_12b_it,SciERC,J05-4003,P3->P4,P3,P4,7,0.8571428571428571,1,1,0,1,0,0,0.303030303030303,0.303030303030303,0.3636363636363636,0.3636363636363636,0.0,0.0
gemma_3_12b_it,SciERC,J05-4003,P4->P5,P4,P5,7,0.4365976027079991,1,1,1,1,1,0,0.004662004662004615,0.004662004662004615,0.2517482517482517,0.2517482517482517,0.1333333333333333,0.1333333333333333
gemma_3_12b_it,SciERC,J05-4003,P5->P6,P5,P6,7,0.0006543397903442383,1,1,1,1,1,0,0.06267806267806281,0.06267806267806281,0.05128205128205132,0.05128205128205132,-0.1333333333333333,0.1333333333333333
gemma_3_12b_it,SciERC,J82-3002,P1->P2,P1,P2,7,0.0009530186653137207,1,1,1,1,1,0,-0.060606060606060594,0.060606060606060594,-0.060606060606060594,0.060606060606060594,0.0,0.0
gemma_3_12b_it,SciERC,J82-3002,P2->P3,P2,P3,7,0.005521629537854876,1,1,1,1,1,0,0.07878787878787881,0.07878787878787881,0.07878787878787881,0.07878787878787881,-0.081447963800905,0.081447963800905
gemma_3_12b_it,SciERC,J82-3002,P3->P4,P3,P4,7,0.03083169460296631,1,1,1,1,1,0,0.18709677419354837,0.18709677419354837,0.18709677419354837,0.18709677419354837,-0.1538461538461538,0.1538461538461538
gemma_3_12b_it,SciERC,J82-3002,P4->P5,P4,P5,7,0.005858336176191058,1,1,1,1,1,0,0.0,0.0,0.0,0.0,0.1111111111111111,0.1111111111111111
gemma_3_12b_it,SciERC,J82-3002,P5->P6,P5,P6,7,0.00567723172051566,1,1,1,1,1,0,0.0,0.0,0.0,0.0,0.006535947712418291,0.006535947712418291
gemma_3_12b_it,SciERC,J86-3001,P1->P2,P1,P2,7,0.0,1,1,0,0,0,0,0.0,0.0,0.0,0.0,0.0,0.0
gemma_3_12b_it,SciERC,J86-3001,P2->P3,P2,P3,7,0.0,1,1,0,0,0,0,0.0,0.0,0.0,0.0,0.0,0.0
gemma_3_12b_it,SciERC,J86-3001,P3->P4,P3,P4,7,0.7142857142857143,1,1,0,1,0,0,0.2666666666666666,0.2666666666666666,0.2666666666666666,0.2666666666666666,0.0,0.0
gemma_3_12b_it,SciERC,J86-3001,P4->P5,P4,P5,7,0.14881922517504012,1,1,1,1,1,0,-0.03715846994535521,0.03715846994535521,-0.0043715846994535346,0.0043715846994535346,0.0,0.0
gemma_3_12b_it,SciERC,J86-3001,P5->P6,P5,P6,7,0.0024513346808297293,1,1,1,1,1,0,-0.014123581336696084,0.014123581336696084,-0.01614123581336696,0.01614123581336696,0.0,0.0
gemma_3_12b_it,SciERC,J86-4002,P1->P2,P1,P2,7,0.5714285714285714,1,1,0,1,0,0,0.0869565217391304,0.0869565217391304,0.1739130434782608,0.1739130434782608,0.3333333333333333,0.3333333333333333
gemma_3_12b_it,SciERC,J86-4002,P2->P3,P2,P3,7,0.5714285714285714,1,1,1,0,0,1,-0.0869565217391304,0.0869565217391304,-0.1739130434782608,0.1739130434782608,-0.3333333333333333,0.3333333333333333
gemma_3_12b_it,SciERC,J86-4002,P3->P4,P3,P4,7,0.8571428571428571,1,1,0,1,0,0,0.1666666666666666,0.1666666666666666,0.2222222222222222,0.2222222222222222,0.0,0.0
gemma_3_12b_it,SciERC,J86-4002,P4->P5,P4,P5,7,0.00640587295804705,1,1,1,1,1,0,-0.0555555555555555,0.0555555555555555,0.0,0.0,0.0,0.0
gemma_3_12b_it,SciERC,J86-4002,P5->P6,P5,P6,7,0.0014171600341796875,1,1,1,1,1,0,0.0,0.0,0.0,0.0,0.0,0.0
gemma_3_12b_it,SciERC,N03-1026,P1->P2,P1,P2,7,0.0,1,1,0,0,0,0,0.0,0.0,0.0,0.0,0.0,0.0
gemma_3_12b_it,SciERC,N03-1026,P2->P3,P2,P3,7,0.0,1,1,0,0,0,0,0.0,0.0,0.0,0.0,0.0,0.0
gemma_3_12b_it,SciERC,N03-1026,P3->P4,P3,P4,7,1.0,1,1,0,1,0,0,0.4736842105263158,0.4736842105263158,0.5263157894736842,0.5263157894736842,0.0,0.0
gemma_3_12b_it,SciERC,N03-1026,P4->P5,P4,P5,7,0.0081939697265625,1,1,1,1,1,0,0.02631578947368418,0.02631578947368418,0.0736842105263158,0.0736842105263158,0.2068965517241379,0.2068965517241379
gemma_3_12b_it,SciERC,N03-1026,P5->P6,P5,P6,7,0.00047653913497924805,1,1,1,1,1,0,0.050000000000000155,0.050000000000000155,0.0,0.0,-0.13793103448275862,0.13793103448275862
gemma_3_12b_it,SciERC,N03-1033,P1->P2,P1,P2,7,0.012309678963252477,1,1,1,1,1,0,0.062111801242235976,0.062111801242235976,0.037267080745341574,0.037267080745341574,0.0,0.0
gemma_3_12b_it,SciERC,N03-1033,P2->P3,P2,P3,7,0.011891816343579973,1,1,1,1,1,0,-0.062111801242235976,0.062111801242235976,-0.037267080745341574,0.037267080745341574,0.0,0.0
gemma_3_12b_it,SciERC,N03-1033,P3->P4,P3,P4,7,0.4737977981567383,1,1,1,1,1,0,0.130952380952381,0.130952380952381,-0.15476190476190482,0.15476190476190482,0.0,0.0
gemma_3_12b_it,SciERC,N03-1033,P4->P5,P4,P5,7,0.16871258190699986,1,1,1,1,1,0,0.01811594202898542,0.01811594202898542,0.01811594202898542,0.01811594202898542,0.0,0.0
gemma_3_12b_it,SciERC,N03-1033,P5->P6,P5,P6,7,0.2904626727104187,1,1,1,1,1,0,0.0,0.0,0.08695652173913049,0.08695652173913049,0.0,0.0
gemma_3_12b_it,SciERC,N04-1022,P1->P2,P1,P2,7,0.0021611366953168598,1,1,1,1,1,0,0.0,0.0,-0.06250000000000011,0.06250000000000011,-0.1052631578947368,0.1052631578947368
gemma_3_12b_it,SciERC,N04-1022,P2->P3,P2,P3,7,0.0026513763836451937,1,1,1,1,1,0,0.0,0.0,0.0,0.0,0.0,0.0
gemma_3_12b_it,SciERC,N04-1022,P3->P4,P3,P4,7,0.01900517089026315,1,1,1,1,1,0,-0.050403225806451624,0.050403225806451624,-0.048387096774193616,0.048387096774193616,0.0,0.0
gemma_3_12b_it,SciERC,N04-1022,P4->P5,P4,P5,7,0.1474535039493016,1,1,1,1,1,0,0.0,0.0,0.0,0.0,0.0,0.0
gemma_3_12b_it,SciERC,N04-1022,P5->P6,P5,P6,7,0.009018233844212123,1,1,1,1,1,0,-0.12043010752688177,0.12043010752688177,-0.11827956989247307,0.11827956989247307,0.0,0.0
gemma_3_12b_it,SciERC,N06-1037,P1->P2,P1,P2,7,0.17106346573148454,1,1,1,1,1,0,-0.07407407407407396,0.07407407407407396,-0.07407407407407396,0.07407407407407396,-0.12380952380952381,0.12380952380952381
gemma_3_12b_it,SciERC,N06-1037,P2->P3,P2,P3,7,0.0007341929844447545,1,1,1,1,1,0,-0.054131054131054235,0.054131054131054235,-0.054131054131054235,0.054131054131054235,0.0,0.0
gemma_3_12b_it,SciERC,N06-1037,P3->P4,P3,P4,7,0.002685793808528355,1,1,1,1,1,0,0.021538461538461506,0.021538461538461506,0.021538461538461506,0.021538461538461506,0.010989010989011005,0.010989010989011005
gemma_3_12b_it,SciERC,N06-1037,P4->P5,P4,P5,7,0.004430038588387626,1,1,1,1,1,0,0.20923076923076933,0.20923076923076933,0.20923076923076933,0.20923076923076933,0.0,0.0
gemma_3_12b_it,SciERC,N06-1037,P5->P6,P5,P6,7,0.0004075765609741211,1,1,1,1,1,0,0.0,0.0,0.0,0.0,-0.020512820512820495,0.020512820512820495
gemma_3_12b_it,SciERC,NIPS_2001_11_abs,P1->P2,P1,P2,7,1.0,1,1,0,1,0,0,0.2352941176470588,0.2352941176470588,0.4705882352941176,0.4705882352941176,0.1176470588235294,0.1176470588235294
gemma_3_12b_it,SciERC,NIPS_2001_11_abs,P2->P3,P2,P3,7,0.011538224560873849,1,1,1,1,1,0,0.007130124777183611,0.007130124777183611,0.014260249554367221,0.014260249554367221,0.0641711229946524,0.0641711229946524
gemma_3_12b_it,SciERC,NIPS_2001_11_abs,P3->P4,P3,P4,7,0.03247942243303571,1,1,1,1,1,0,-0.007130124777183611,0.007130124777183611,-0.014260249554367221,0.014260249554367221,-0.07070707070707069,0.07070707070707069
gemma_3_12b_it,SciERC,NIPS_2001_11_abs,P4->P5,P4,P5,7,0.04631297928946359,1,1,1,1,1,0,0.2941176470588236,0.2941176470588236,0.1764705882352942,0.1764705882352942,0.1388888888888889,0.1388888888888889
gemma_3_12b_it,SciERC,NIPS_2001_11_abs,P5->P6,P5,P6,7,1.7029898507254463e-08,1,1,1,1,1,0,0.0,0.0,0.0,0.0,0.0,0.0
gemma_3_12b_it,SciERC,NIPS_2002_11_abs,P1->P2,P1,P2,7,5.108969552176339e-08,1,1,1,1,1,0,0.0,0.0,0.0,0.0,0.0,0.0
gemma_3_12b_it,SciERC,NIPS_2002_11_abs,P2->P3,P2,P3,7,0.15855319159371511,1,1,1,1,1,0,0.0,0.0,0.0,0.0,0.0,0.0
gemma_3_12b_it,SciERC,NIPS_2002_11_abs,P3->P4,P3,P4,7,0.1527655209813799,1,1,1,1,1,0,-0.02631578947368418,0.02631578947368418,-0.02631578947368418,0.02631578947368418,0.0,0.0
gemma_3_12b_it,SciERC,NIPS_2002_11_abs,P4->P5,P4,P5,7,0.003541435514177595,1,1,1,1,1,0,0.0,0.0,0.0,0.0,0.0,0.0
gemma_3_12b_it,SciERC,NIPS_2002_11_abs,P5->P6,P5,P6,7,0.009795597621372767,1,1,1,1,1,0,0.0,0.0,0.0,0.0,0.1428571428571428,0.1428571428571428
gemma_3_12b_it,SciERC,NIPS_2002_18_abs,P1->P2,P1,P2,7,0.00402860130582537,1,1,1,1,1,0,0.00738916256157629,0.00738916256157629,0.009852216748768516,0.009852216748768516,0.0,0.0
gemma_3_12b_it,SciERC,NIPS_2002_18_abs,P2->P3,P2,P3,7,0.009437595094953264,1,1,1,1,1,0,-0.00738916256157629,0.00738916256157629,0.059113300492610876,0.059113300492610876,0.0,0.0
gemma_3_12b_it,SciERC,NIPS_2002_18_abs,P3->P4,P3,P4,7,0.3200204883302961,1,1,1,1,1,0,0.03310344827586209,0.03310344827586209,-0.024827586206896568,0.024827586206896568,0.0,0.0
gemma_3_12b_it,SciERC,NIPS_2002_18_abs,P4->P5,P4,P5,7,0.004196098872593471,1,1,1,1,1,0,-0.009230769230769292,0.009230769230769292,-0.012307692307692297,0.012307692307692297,0.0,0.0
gemma_3_12b_it,SciERC,NIPS_2002_18_abs,P5->P6,P5,P6,7,0.001460526670728411,1,1,1,1,1,0,-0.0707692307692307,0.0707692307692307,-0.06769230769230772,0.06769230769230772,0.0,0.0
gemma_3_12b_it,SciERC,NIPS_2015_18_abs,P1->P2,P1,P2,7,0.7142857142857143,1,1,0,1,0,0,0.1666666666666666,0.1666666666666666,0.2222222222222222,0.2222222222222222,0.0,0.0
gemma_3_12b_it,SciERC,NIPS_2015_18_abs,P2->P3,P2,P3,7,2.5544847760881695e-08,1,1,1,1,1,0,0.0,0.0,0.0,0.0,0.0,0.0
gemma_3_12b_it,SciERC,NIPS_2015_18_abs,P3->P4,P3,P4,7,0.15706236021859304,1,1,1,1,1,0,0.19230769230769237,0.19230769230769237,0.18803418803418798,0.18803418803418798,0.2727272727272727,0.2727272727272727
gemma_3_12b_it,SciERC,NIPS_2015_18_abs,P4->P5,P4,P5,7,0.003327139786311558,1,1,1,1,1,0,0.1673414304993252,0.1673414304993252,0.16869095816464247,0.16869095816464247,0.0,0.0
gemma_3_12b_it,SciERC,NIPS_2015_18_abs,P5->P6,P5,P6,7,0.14394956827163696,1,1,1,1,1,0,-0.05012531328320796,0.05012531328320796,-0.05513784461152882,0.05513784461152882,0.01298701298701288,0.01298701298701288
gemma_3_12b_it,SciERC,NIPS_2016_560_abs,P1->P2,P1,P2,7,0.0,1,1,0,0,0,0,0.0,0.0,0.0,0.0,0.0,0.0
gemma_3_12b_it,SciERC,NIPS_2016_560_abs,P2->P3,P2,P3,7,0.0,1,1,0,0,0,0,0.0,0.0,0.0,0.0,0.0,0.0
gemma_3_12b_it,SciERC,NIPS_2016_560_abs,P3->P4,P3,P4,7,1.0,1,1,0,1,0,0,0.2068965517241379,0.2068965517241379,0.2068965517241379,0.2068965517241379,0.1333333333333333,0.1333333333333333
gemma_3_12b_it,SciERC,NIPS_2016_560_abs,P4->P5,P4,P5,7,0.17042215381349837,1,1,1,1,1,0,0.0788177339901478,0.0788177339901478,0.1502463054187192,0.1502463054187192,0.00952380952380949,0.00952380952380949
gemma_3_12b_it,SciERC,NIPS_2016_560_abs,P5->P6,P5,P6,7,0.024049690791538784,1,1,1,1,1,0,-0.07142857142857151,0.07142857142857151,-0.1428571428571429,0.1428571428571429,-0.00952380952380949,0.00952380952380949
gemma_3_12b_it,SciERC,NIPS_2016_80_abs,P1->P2,P1,P2,7,0.17028497798102243,1,1,1,1,1,0,-0.005698005698005687,0.005698005698005687,0.21367521367521378,0.21367521367521378,0.0,0.0
gemma_3_12b_it,SciERC,NIPS_2016_80_abs,P2->P3,P2,P3,7,0.006159833499363491,1,1,1,1,1,0,0.05874840357598979,0.05874840357598979,-0.030651340996168563,0.030651340996168563,0.0,0.0
gemma_3_12b_it,SciERC,NIPS_2016_80_abs,P3->P4,P3,P4,7,0.3030083179473877,1,1,1,1,1,0,0.3385579937304075,0.3385579937304075,0.1316614420062695,0.1316614420062695,0.1538461538461538,0.1538461538461538
gemma_3_12b_it,SciERC,NIPS_2016_80_abs,P4->P5,P4,P5,7,0.4652319976261684,1,1,1,1,1,0,-0.2254545454545454,0.2254545454545454,-0.2254545454545454,0.2254545454545454,-0.1538461538461538,0.1538461538461538
gemma_3_12b_it,SciERC,NIPS_2016_80_abs,P5->P6,P5,P6,7,0.14393390927995955,1,1,1,1,1,0,0.013333333333333308,0.013333333333333308,0.013333333333333308,0.013333333333333308,0.0,0.0
gemma_3_12b_it,SciERC,P01-1056,P1->P2,P1,P2,7,0.8571428571428571,1,1,1,0,0,1,-0.2666666666666666,0.2666666666666666,-0.4000000000000001,0.4000000000000001,0.0,0.0
gemma_3_12b_it,SciERC,P01-1056,P2->P3,P2,P3,7,0.5714285714285714,1,1,0,1,0,0,0.4516129032258064,0.4516129032258064,0.5161290322580646,0.5161290322580646,0.3157894736842105,0.3157894736842105
gemma_3_12b_it,SciERC,P01-1056,P3->P4,P3,P4,7,0.29206340653555735,1,1,1,1,1,0,-0.027370478983382185,0.027370478983382185,-0.031280547409579806,0.031280547409579806,0.10087719298245607,0.10087719298245607
gemma_3_12b_it,SciERC,P01-1056,P4->P5,P4,P5,7,0.4438905715942383,1,1,1,1,1,0,-0.02424242424242412,0.02424242424242412,-0.018181818181818132,0.018181818181818132,-0.0688405797101449,0.0688405797101449
gemma_3_12b_it,SciERC,P01-1056,P5->P6,P5,P6,7,3.503901617867606e-05,1,1,1,1,1,0,0.0,0.0,0.0,0.0,0.0,0.0
gemma_3_12b_it,SciERC,P03-1070,P1->P2,P1,P2,7,0.0052106039864676336,1,1,1,1,1,0,-0.07664884135472372,0.07664884135472372,-0.017825311942959,0.017825311942959,-0.1176470588235294,0.1176470588235294
gemma_3_12b_it,SciERC,P03-1070,P2->P3,P2,P3,7,0.004226292882646833,1,1,1,1,1,0,-0.12941176470588245,0.12941176470588245,-0.18823529411764717,0.18823529411764717,0.3529411764705882,0.3529411764705882
gemma_3_12b_it,SciERC,P03-1070,P3->P4,P3,P4,7,0.1608107089996338,1,1,1,1,1,0,0.2250000000000001,0.2250000000000001,0.4125000000000001,0.4125000000000001,-0.2418300653594771,0.2418300653594771
gemma_3_12b_it,SciERC,P03-1070,P4->P5,P4,P5,7,0.14738266808646067,1,1,1,1,1,0,0.125,0.125,0.125,0.125,0.2418300653594771,0.2418300653594771
gemma_3_12b_it,SciERC,P03-1070,P5->P6,P5,P6,7,4.257474626813616e-08,1,1,1,1,1,0,0.0,0.0,0.0,0.0,0.0,0.0
gemma_3_12b_it,SciERC,P04-2005,P1->P2,P1,P2,7,1.0,1,1,1,0,0,1,-0.4390243902439024,0.4390243902439024,-0.5365853658536585,0.5365853658536585,-0.1111111111111111,0.1111111111111111
gemma_3_12b_it,SciERC,P04-2005,P2->P3,P2,P3,7,0.8571428571428571,1,1,0,1,0,0,0.5641025641025641,0.5641025641025641,0.6153846153846154,0.6153846153846154,0.1052631578947368,0.1052631578947368
gemma_3_12b_it,SciERC,P04-2005,P3->P4,P3,P4,7,0.01735011168888637,1,1,1,1,1,0,-0.05128205128205121,0.05128205128205121,-0.05128205128205132,0.05128205128205132,-0.1052631578947368,0.1052631578947368
gemma_3_12b_it,SciERC,P04-2005,P4->P5,P4,P5,7,0.017388880252838135,1,1,1,1,1,0,0.1358281358281357,0.1358281358281357,0.08454608454608448,0.08454608454608448,0.0952380952380952,0.0952380952380952
gemma_3_12b_it,SciERC,P04-2005,P5->P6,P5,P6,7,3.193105970110212e-05,1,1,1,1,1,0,0.0,0.0,0.0,0.0,0.0,0.0
gemma_3_12b_it,SciERC,P05-1039,P1->P2,P1,P2,7,0.1440847430910383,1,1,1,1,1,0,0.0,0.0,0.0,0.0,0.0,0.0
gemma_3_12b_it,SciERC,P05-1039,P2->P3,P2,P3,7,0.30598184892109465,1,1,1,1,1,0,-0.1454545454545454,0.1454545454545454,-0.13636363636363646,0.13636363636363646,0.0,0.0
gemma_3_12b_it,SciERC,P05-1039,P3->P4,P3,P4,7,0.01004288877759661,1,1,1,1,1,0,0.0761904761904762,0.0761904761904762,0.07142857142857151,0.07142857142857151,0.0,0.0
gemma_3_12b_it,SciERC,P05-1039,P4->P5,P4,P5,7,0.16365624325616018,1,1,1,1,1,0,0.09523809523809529,0.09523809523809529,0.0,0.0,0.0,0.0
gemma_3_12b_it,SciERC,P05-1039,P5->P6,P5,P6,7,4.257474626813616e-08,1,1,1,1,1,0,0.0,0.0,0.0,0.0,0.0,0.0
gemma_3_12b_it,SciERC,P05-1046,P1->P2,P1,P2,7,0.0,1,1,0,0,0,0,0.0,0.0,0.0,0.0,0.0,0.0
gemma_3_12b_it,SciERC,P05-1046,P2->P3,P2,P3,7,0.0,1,1,0,0,0,0,0.0,0.0,0.0,0.0,0.0,0.0
gemma_3_12b_it,SciERC,P05-1046,P3->P4,P3,P4,7,0.8571428571428571,1,1,0,1,0,0,0.6857142857142857,0.6857142857142857,0.6857142857142857,0.6857142857142857,0.0,0.0
gemma_3_12b_it,SciERC,P05-1046,P4->P5,P4,P5,7,0.2907134549958365,1,1,1,1,1,0,-0.03865546218487392,0.03865546218487392,-0.03865546218487392,0.03865546218487392,0.0909090909090909,0.0909090909090909
gemma_3_12b_it,SciERC,P05-1046,P5->P6,P5,P6,7,8.814675467354911e-05,1,1,1,1,1,0,0.0,0.0,0.0,0.0,-0.0909090909090909,0.0909090909090909
gemma_3_12b_it,SciERC,P05-1056,P1->P2,P1,P2,7,1.0,1,1,0,1,0,0,0.2790697674418604,0.2790697674418604,0.2790697674418604,0.2790697674418604,0.074074074074074,0.074074074074074
gemma_3_12b_it,SciERC,P05-1056,P2->P3,P2,P3,7,0.00283735990524292,1,1,1,1,1,0,0.04651162790697677,0.04651162790697677,0.04651162790697677,0.04651162790697677,0.002849002849002899,0.002849002849002899
gemma_3_12b_it,SciERC,P05-1056,P3->P4,P3,P4,7,0.31844939504350933,1,1,1,1,1,0,0.022244691607684497,0.022244691607684497,0.15267947421638023,0.15267947421638023,0.0769230769230769,0.0769230769230769
gemma_3_12b_it,SciERC,P05-1056,P4->P5,P4,P5,7,0.007280170917510986,1,1,1,1,1,0,0.00772946859903384,0.00772946859903384,0.010628019323671467,0.010628019323671467,-0.0797720797720798,0.0797720797720798
gemma_3_12b_it,SciERC,P05-1056,P5->P6,P5,P6,7,0.003952716078077044,1,1,1,1,1,0,-0.029974160206718337,0.029974160206718337,-0.023772609819121493,0.023772609819121493,0.0687830687830688,0.0687830687830688
gemma_3_12b_it,SciERC,P05-1076,P1->P2,P1,P2,7,0.0,1,1,0,0,0,0,0.0,0.0,0.0,0.0,0.0,0.0
gemma_3_12b_it,SciERC,P05-1076,P2->P3,P2,P3,7,0.0,1,1,0,0,0,0,0.0,0.0,0.0,0.0,0.0,0.0
gemma_3_12b_it,SciERC,P05-1076,P3->P4,P3,P4,7,0.8571428571428571,1,1,0,1,0,0,0.2777777777777778,0.2777777777777778,0.3888888888888888,0.3888888888888888,0.1111111111111111,0.1111111111111111
gemma_3_12b_it,SciERC,P05-1076,P4->P5,P4,P5,7,0.015812439577920095,1,1,1,1,1,0,0.0465465465465465,0.0465465465465465,0.09759759759759762,0.09759759759759762,0.0994152046783626,0.0994152046783626
gemma_3_12b_it,SciERC,P05-1076,P5->P6,P5,P6,7,0.008410470826285226,1,1,1,1,1,0,0.028616852146263916,0.028616852146263916,-0.015898251192368817,0.015898251192368817,-0.0994152046783626,0.0994152046783626
gemma_3_12b_it,SciERC,P05-2013,P1->P2,P1,P2,7,0.0004890731402805873,1,1,1,1,1,0,0.0,0.0,0.0,0.0,0.018181818181818216,0.018181818181818216
gemma_3_12b_it,SciERC,P05-2013,P2->P3,P2,P3,7,0.004266066210610526,1,1,1,1,1,0,0.0,0.0,0.0,0.0,-0.2,0.2
gemma_3_12b_it,SciERC,P05-2013,P3->P4,P3,P4,7,0.2973574570247105,1,1,1,1,1,0,0.01052631578947369,0.01052631578947369,0.01052631578947369,0.01052631578947369,0.2857142857142857,0.2857142857142857
gemma_3_12b_it,SciERC,P05-2013,P4->P5,P4,P5,7,0.003823603902544294,1,1,1,1,1,0,0.0,0.0,0.0,0.0,-0.2857142857142857,0.2857142857142857
gemma_3_12b_it,SciERC,P05-2013,P5->P6,P5,P6,7,1.7029898507254463e-08,1,1,1,1,1,0,0.0,0.0,0.0,0.0,0.0,0.0
gemma_3_12b_it,SciERC,P06-1013,P1->P2,P1,P2,7,0.0063231076513017926,1,1,1,1,1,0,0.0,0.0,0.0,0.0,0.0,0.0
gemma_3_12b_it,SciERC,P06-1013,P2->P3,P2,P3,7,0.006809132439749581,1,1,1,1,1,0,0.0,0.0,0.0,0.0,0.0,0.0
gemma_3_12b_it,SciERC,P06-1013,P3->P4,P3,P4,7,0.15162572690418788,1,1,1,1,1,0,-0.08333333333333348,0.08333333333333348,0.0,0.0,0.1666666666666666,0.1666666666666666
gemma_3_12b_it,SciERC,P06-1013,P4->P5,P4,P5,7,0.0014613611357552664,1,1,1,1,1,0,0.0,0.0,0.0,0.0,-0.1666666666666666,0.1666666666666666
gemma_3_12b_it,SciERC,P06-1013,P5->P6,P5,P6,7,0.0003319297518048968,1,1,1,1,1,0,0.0,0.0,0.0,0.0,0.0,0.0
gemma_3_12b_it,SciERC,P06-1018,P1->P2,P1,P2,7,0.0,1,1,0,0,0,0,0.0,0.0,0.0,0.0,0.0,0.0
gemma_3_12b_it,SciERC,P06-1018,P2->P3,P2,P3,7,0.42857142857142855,1,1,0,1,0,0,0.303030303030303,0.303030303030303,0.303030303030303,0.303030303030303,0.2727272727272727,0.2727272727272727
gemma_3_12b_it,SciERC,P06-1018,P3->P4,P3,P4,7,0.583368045943124,1,1,1,1,1,0,-0.05303030303030298,0.05303030303030298,-0.05303030303030298,0.05303030303030298,-0.2727272727272727,0.2727272727272727
gemma_3_12b_it,SciERC,P06-1018,P4->P5,P4,P5,7,0.14617713860103063,1,1,1,1,1,0,0.07258064516129031,0.07258064516129031,0.07258064516129031,0.07258064516129031,0.0,0.0
gemma_3_12b_it,SciERC,P06-1018,P5->P6,P5,P6,7,4.257474626813616e-08,1,1,1,1,1,0,0.0,0.0,0.0,0.0,0.0,0.0
gemma_3_12b_it,SciERC,P06-1053,P1->P2,P1,P2,7,0.15695463759558542,1,1,1,1,1,0,0.25296442687747034,0.25296442687747034,0.25296442687747034,0.25296442687747034,0.0,0.0
gemma_3_12b_it,SciERC,P06-1053,P2->P3,P2,P3,7,0.022005140781402588,1,1,1,1,1,0,-0.25296442687747034,0.25296442687747034,-0.25296442687747034,0.25296442687747034,0.0,0.0
gemma_3_12b_it,SciERC,P06-1053,P3->P4,P3,P4,7,0.43979328870773315,1,1,1,1,1,0,0.1991341991341992,0.1991341991341992,0.1991341991341992,0.1991341991341992,0.0,0.0
gemma_3_12b_it,SciERC,P06-1053,P4->P5,P4,P5,7,0.1737657274518694,1,1,1,1,1,0,0.25541125541125537,0.25541125541125537,0.25541125541125537,0.25541125541125537,0.0,0.0
gemma_3_12b_it,SciERC,P06-1053,P5->P6,P5,P6,7,0.026340484619140625,1,1,1,1,1,0,-0.06493506493506507,0.06493506493506507,-0.06493506493506507,0.06493506493506507,0.0,0.0
gemma_3_12b_it,SciERC,P06-2012,P1->P2,P1,P2,7,0.0214140670640128,1,1,1,1,1,0,-0.03259259259259273,0.03259259259259273,-0.09481481481481491,0.09481481481481491,0.0,0.0
gemma_3_12b_it,SciERC,P06-2012,P2->P3,P2,P3,7,0.0,1,1,1,1,1,0,0.0,0.0,0.0,0.0,0.0,0.0
gemma_3_12b_it,SciERC,P06-2012,P3->P4,P3,P4,7,0.156584518296378,1,1,1,1,1,0,0.011428571428571566,0.011428571428571566,-0.07714285714285696,0.07714285714285696,0.1538461538461538,0.1538461538461538
gemma_3_12b_it,SciERC,P06-2012,P4->P5,P4,P5,7,0.017671704292297363,1,1,1,1,1,0,0.22857142857142854,0.22857142857142854,0.15714285714285714,0.15714285714285714,0.1990950226244344,0.1990950226244344
gemma_3_12b_it,SciERC,P06-2012,P5->P6,P5,P6,7,0.0005778414862496513,1,1,1,1,1,0,-0.08000000000000018,0.08000000000000018,-0.08000000000000018,0.08000000000000018,0.0,0.0
gemma_3_12b_it,SciERC,P06-3007,P1->P2,P1,P2,7,1.7029898507254463e-08,1,1,1,1,1,0,0.0,0.0,0.0,0.0,0.0,0.0
gemma_3_12b_it,SciERC,P06-3007,P2->P3,P2,P3,7,0.0033278209822518484,1,1,1,1,1,0,0.0,0.0,0.0,0.0,0.0,0.0
gemma_3_12b_it,SciERC,P06-3007,P3->P4,P3,P4,7,0.010478658335549491,1,1,1,1,1,0,-0.05490196078431375,0.05490196078431375,-0.05490196078431375,0.05490196078431375,0.0,0.0
gemma_3_12b_it,SciERC,P06-3007,P4->P5,P4,P5,7,0.15267086029052734,1,1,1,1,1,0,0.022222222222222254,0.022222222222222254,0.022222222222222254,0.022222222222222254,0.0,0.0
gemma_3_12b_it,SciERC,P06-3007,P5->P6,P5,P6,7,0.15163436106273107,1,1,1,1,1,0,-0.11111111111111116,0.11111111111111116,-0.11111111111111116,0.11111111111111116,0.0,0.0
gemma_3_12b_it,SciERC,P06-4007,P1->P2,P1,P2,7,0.1647496564047677,1,1,1,1,1,0,0.025210084033613397,0.025210084033613397,0.025210084033613397,0.025210084033613397,0.0,0.0
gemma_3_12b_it,SciERC,P06-4007,P2->P3,P2,P3,7,0.15534319196428573,1,1,1,1,1,0,-0.017857142857142794,0.017857142857142794,-0.017857142857142794,0.017857142857142794,0.0,0.0
gemma_3_12b_it,SciERC,P06-4007,P3->P4,P3,P4,7,0.19986242055892944,1,1,1,1,1,0,0.11029411764705879,0.11029411764705879,0.2279411764705882,0.2279411764705882,0.0,0.0
gemma_3_12b_it,SciERC,P06-4007,P4->P5,P4,P5,7,0.003596535750797817,1,1,1,1,1,0,0.0,0.0,0.0,0.0,0.0,0.0
gemma_3_12b_it,SciERC,P06-4007,P5->P6,P5,P6,7,0.14618532146726335,1,1,1,1,1,0,0.0,0.0,0.0,0.0,0.0,0.0
gemma_3_12b_it,SciERC,P08-1105,P1->P2,P1,P2,7,0.0029431922095162527,1,1,1,1,1,0,-0.06250000000000011,0.06250000000000011,-0.06250000000000011,0.06250000000000011,0.0,0.0
gemma_3_12b_it,SciERC,P08-1105,P2->P3,P2,P3,7,0.029447240488869802,1,1,1,1,1,0,-0.06249999999999989,0.06249999999999989,-0.06249999999999989,0.06249999999999989,0.0,0.0
gemma_3_12b_it,SciERC,P08-1105,P3->P4,P3,P4,7,0.18102280582700456,1,1,1,1,1,0,0.1411290322580646,0.1411290322580646,0.1411290322580646,0.1411290322580646,0.0,0.0
gemma_3_12b_it,SciERC,P08-1105,P4->P5,P4,P5,7,0.01416170597076416,1,1,1,1,1,0,0.029325513196480912,0.029325513196480912,0.08993157380254146,0.08993157380254146,0.0,0.0
gemma_3_12b_it,SciERC,P08-1105,P5->P6,P5,P6,7,0.007181193147386823,1,1,1,1,1,0,-0.029325513196480912,0.029325513196480912,-0.08993157380254146,0.08993157380254146,0.0,0.0
gemma_3_12b_it,SciERC,P83-1004,P1->P2,P1,P2,7,3.4059797014508927e-08,1,1,1,1,1,0,0.0,0.0,0.0,0.0,0.0,0.0
gemma_3_12b_it,SciERC,P83-1004,P2->P3,P2,P3,7,0.0011954988752092635,1,1,1,1,1,0,0.0,0.0,0.0,0.0,0.0,0.0
gemma_3_12b_it,SciERC,P83-1004,P3->P4,P3,P4,7,0.31222022431237356,1,1,1,1,1,0,0.1804511278195488,0.1804511278195488,0.1804511278195488,0.1804511278195488,0.0,0.0
gemma_3_12b_it,SciERC,P83-1004,P4->P5,P4,P5,7,0.3057532140186855,1,1,1,1,1,0,-0.08571428571428558,0.08571428571428558,0.014285714285714401,0.014285714285714401,0.0,0.0
gemma_3_12b_it,SciERC,P83-1004,P5->P6,P5,P6,7,0.3025421415056501,1,1,1,1,1,0,-0.009523809523809518,0.009523809523809518,-0.014285714285714401,0.014285714285714401,0.0,0.0
gemma_3_12b_it,SciERC,P85-1019,P1->P2,P1,P2,7,0.01676708459854126,1,1,1,1,1,0,-0.06048387096774201,0.06048387096774201,-0.06048387096774201,0.06048387096774201,-0.2608695652173913,0.2608695652173913
gemma_3_12b_it,SciERC,P85-1019,P2->P3,P2,P3,7,0.0013927221298217773,1,1,1,1,1,0,-0.0020161290322579933,0.0020161290322579933,-0.0020161290322579933,0.0020161290322579933,0.2608695652173913,0.2608695652173913
gemma_3_12b_it,SciERC,P85-1019,P3->P4,P3,P4,7,0.7306324158396039,1,1,1,1,1,0,0.3375,0.3375,0.3375,0.3375,0.0,0.0
gemma_3_12b_it,SciERC,P85-1019,P4->P5,P4,P5,7,0.28789154972348896,1,1,1,1,1,0,-0.12413793103448284,0.12413793103448284,-0.12413793103448284,0.12413793103448284,-0.2608695652173913,0.2608695652173913
gemma_3_12b_it,SciERC,P85-1019,P5->P6,P5,P6,7,0.1493843368121556,1,1,1,1,1,0,0.05747126436781602,0.05747126436781602,0.05747126436781602,0.05747126436781602,0.2857142857142857,0.2857142857142857
gemma_3_12b_it,SciERC,P86-1011,P1->P2,P1,P2,7,0.0,1,1,1,1,1,0,0.0,0.0,0.0,0.0,0.0,0.0
gemma_3_12b_it,SciERC,P86-1011,P2->P3,P2,P3,7,0.0,1,1,1,1,1,0,0.0,0.0,0.0,0.0,0.0,0.0
gemma_3_12b_it,SciERC,P86-1011,P3->P4,P3,P4,7,0.005925067833491734,1,1,1,1,1,0,0.1818181818181818,0.1818181818181818,0.0,0.0,0.5714285714285715,0.5714285714285715
gemma_3_12b_it,SciERC,P86-1011,P4->P5,P4,P5,7,0.0069449033055986676,1,1,1,1,1,0,-0.015151515151515194,0.015151515151515194,-0.015151515151515194,0.015151515151515194,-0.2857142857142858,0.2857142857142858
gemma_3_12b_it,SciERC,P86-1011,P5->P6,P5,P6,7,0.0012034688677106584,1,1,1,1,1,0,0.0,0.0,0.0,0.0,0.6031746031746033,0.6031746031746033
gemma_3_12b_it,SciERC,W02-1602,P1->P2,P1,P2,7,0.0,1,1,0,0,0,0,0.0,0.0,0.0,0.0,0.0,0.0
gemma_3_12b_it,SciERC,W02-1602,P2->P3,P2,P3,7,0.42857142857142855,1,1,0,1,0,0,0.1428571428571428,0.1428571428571428,0.2380952380952381,0.2380952380952381,0.1052631578947368,0.1052631578947368
gemma_3_12b_it,SciERC,W02-1602,P3->P4,P3,P4,7,0.5749652896608625,1,1,1,1,1,0,0.10104529616724742,0.10104529616724742,0.054587688734030165,0.054587688734030165,0.076555023923445,0.076555023923445
gemma_3_12b_it,SciERC,W02-1602,P4->P5,P4,P5,7,0.010889121464320592,1,1,1,1,1,0,-0.03877423389618512,0.03877423389618512,-0.08755472170106318,0.08755472170106318,-0.1818181818181818,0.1818181818181818
gemma_3_12b_it,SciERC,W02-1602,P5->P6,P5,P6,7,0.011544270174843925,1,1,1,1,1,0,0.03877423389618512,0.03877423389618512,0.08755472170106318,0.08755472170106318,0.1818181818181818,0.1818181818181818
gemma_3_12b_it,SciERC,X96-1059,P1->P2,P1,P2,7,0.0,1,1,0,0,0,0,0.0,0.0,0.0,0.0,0.0,0.0
gemma_3_12b_it,SciERC,X96-1059,P2->P3,P2,P3,7,0.0,1,1,0,0,0,0,0.0,0.0,0.0,0.0,0.0,0.0
gemma_3_12b_it,SciERC,X96-1059,P3->P4,P3,P4,7,0.7142857142857143,1,1,0,1,0,0,0.3333333333333333,0.3333333333333333,0.4166666666666666,0.4166666666666666,0.1935483870967742,0.1935483870967742
gemma_3_12b_it,SciERC,X96-1059,P4->P5,P4,P5,7,0.15150128943579538,1,1,1,1,1,0,0.030303030303030276,0.030303030303030276,-0.05303030303030298,0.05303030303030298,0.02867383512544791,0.02867383512544791
gemma_3_12b_it,SciERC,X96-1059,P5->P6,P5,P6,7,0.019914976188114712,1,1,1,1,1,0,0.0,0.0,0.0,0.0,0.0,0.0
mistral_7b_instruct_v03,EBM-NLP,10070173,P1->P2,P1,P2,3,1.0,1,1,0,1,0,0,0.1951219512195122,0.1951219512195122,0.3414634146341463,0.3414634146341463,0.0,0.0
mistral_7b_instruct_v03,EBM-NLP,10070173,P2->P3,P2,P3,3,1.0,1,1,1,0,0,1,-0.1951219512195122,0.1951219512195122,-0.3414634146341463,0.3414634146341463,0.0,0.0
mistral_7b_instruct_v03,EBM-NLP,10070173,P3->P4,P3,P4,3,0.6666666666666666,1,1,0,1,0,0,0.0,0.0,0.0606060606060606,0.0606060606060606,0.0,0.0
mistral_7b_instruct_v03,EBM-NLP,10070173,P4->P5,P4,P5,3,0.45087053378423053,1,1,1,1,1,0,0.0,0.0,0.0,0.0,0.0,0.0
mistral_7b_instruct_v03,EBM-NLP,10070173,P5->P6,P5,P6,3,0.0,1,1,1,1,1,0,0.0,0.0,0.0,0.0,0.0,0.0
mistral_7b_instruct_v03,EBM-NLP,10390665,P1->P2,P1,P2,3,0.0,1,1,1,1,1,0,0.0,0.0,0.0,0.0,0.0,0.0
mistral_7b_instruct_v03,EBM-NLP,10390665,P2->P3,P2,P3,3,0.01044162114461263,1,1,1,1,1,0,0.0,0.0,0.0,0.0,0.0,0.0
mistral_7b_instruct_v03,EBM-NLP,10390665,P3->P4,P3,P4,3,0.4276843269666036,1,1,1,0,0,1,0.16,0.16,0.32,0.32,0.0,0.0
mistral_7b_instruct_v03,EBM-NLP,10390665,P4->P5,P4,P5,3,0.39908623695373535,1,1,0,1,0,0,-0.16,0.16,-0.245925925925926,0.245925925925926,0.0,0.0
mistral_7b_instruct_v03,EBM-NLP,10390665,P5->P6,P5,P6,3,0.023118317127227783,1,1,1,1,1,0,0.0,0.0,0.0,0.0,0.0,0.0
mistral_7b_instruct_v03,EBM-NLP,10475150,P1->P2,P1,P2,3,7.947285970052083e-08,1,1,1,1,1,0,0.0,0.0,0.0,0.0,0.0,0.0
mistral_7b_instruct_v03,EBM-NLP,10475150,P2->P3,P2,P3,3,7.947285970052083e-08,1,1,1,1,1,0,0.0,0.0,0.0,0.0,0.0,0.0
mistral_7b_instruct_v03,EBM-NLP,10475150,P3->P4,P3,P4,3,0.3868453900019328,1,1,1,1,1,0,-0.1246612466124662,0.1246612466124662,-0.1203252032520325,0.1203252032520325,0.0,0.0
mistral_7b_instruct_v03,EBM-NLP,10475150,P4->P5,P4,P5,3,3.9736429850260414e-08,1,1,1,1,1,0,0.0,0.0,0.0,0.0,0.0,0.0
mistral_7b_instruct_v03,EBM-NLP,10475150,P5->P6,P5,P6,3,3.9736429850260414e-08,1,1,1,1,1,0,0.0,0.0,0.0,0.0,0.0,0.0
mistral_7b_instruct_v03,EBM-NLP,10578479,P1->P2,P1,P2,3,0.03644184271494547,1,1,1,1,1,0,-0.0625,0.0625,-0.010000000000000009,0.010000000000000009,0.0,0.0
mistral_7b_instruct_v03,EBM-NLP,10578479,P2->P3,P2,P3,3,0.0,1,1,1,1,1,0,0.0,0.0,0.0,0.0,0.0,0.0
mistral_7b_instruct_v03,EBM-NLP,10578479,P3->P4,P3,P4,3,0.024179895718892414,1,1,1,1,1,0,0.0,0.0,0.020869565217391306,0.020869565217391306,0.0,0.0
mistral_7b_instruct_v03,EBM-NLP,10578479,P4->P5,P4,P5,3,0.08074239889780681,1,1,1,1,1,0,0.0,0.0,-0.18086956521739128,0.18086956521739128,0.0,0.0
mistral_7b_instruct_v03,EBM-NLP,10578479,P5->P6,P5,P6,3,0.02083776394526164,1,1,1,1,1,0,0.16,0.16,0.24,0.24,0.0,0.0
mistral_7b_instruct_v03,EBM-NLP,10589810,P1->P2,P1,P2,3,0.02455669641494751,1,1,1,1,1,0,0.0763546798029556,0.0763546798029556,0.0788177339901478,0.0788177339901478,0.0,0.0
mistral_7b_instruct_v03,EBM-NLP,10589810,P2->P3,P2,P3,3,0.019197364648183186,1,1,1,1,1,0,0.0257142857142858,0.0257142857142858,0.03428571428571431,0.03428571428571431,0.0,0.0
mistral_7b_instruct_v03,EBM-NLP,10589810,P3->P4,P3,P4,3,0.3532902002334595,1,1,1,1,1,0,-0.07999999999999999,0.07999999999999999,-0.16,0.16,0.0,0.0
mistral_7b_instruct_v03,EBM-NLP,10589810,P4->P5,P4,P5,3,0.005447169144948323,1,1,1,1,1,0,-0.011851851851851891,0.011851851851851891,-0.011851851851851891,0.011851851851851891,0.0,0.0
mistral_7b_instruct_v03,EBM-NLP,10589810,P5->P6,P5,P6,3,0.3384697635968526,1,1,1,1,1,0,-0.07122507122507121,0.07122507122507121,0.005698005698005687,0.005698005698005687,0.0,0.0
mistral_7b_instruct_v03,EBM-NLP,10752495,P1->P2,P1,P2,3,0.047958950201670326,1,1,1,1,1,0,0.013888888888888895,0.013888888888888895,-0.076388888888889,0.076388888888889,0.0,0.0
mistral_7b_instruct_v03,EBM-NLP,10752495,P2->P3,P2,P3,3,0.03801274299621582,1,1,1,1,1,0,0.017857142857142794,0.017857142857142794,0.044642857142857206,0.044642857142857206,0.0,0.0
mistral_7b_instruct_v03,EBM-NLP,10752495,P3->P4,P3,P4,3,0.22669903437296549,1,1,1,1,1,0,-0.1428571428571428,0.1428571428571428,-0.2738095238095238,0.2738095238095238,0.0,0.0
mistral_7b_instruct_v03,EBM-NLP,10752495,P4->P5,P4,P5,3,0.051848649978637695,1,1,1,1,1,0,0.0,0.0,0.0833333333333333,0.0833333333333333,0.0,0.0
mistral_7b_instruct_v03,EBM-NLP,10752495,P5->P6,P5,P6,3,0.004936337471008301,1,1,1,1,1,0,0.0,0.0,-0.0833333333333333,0.0833333333333333,0.0,0.0
mistral_7b_instruct_v03,EBM-NLP,10763172,P1->P2,P1,P2,3,0.042982896169026695,1,1,1,1,1,0,0.013719512195121998,0.013719512195121998,-0.007621951219512202,0.007621951219512202,0.0,0.0
mistral_7b_instruct_v03,EBM-NLP,10763172,P2->P3,P2,P3,3,0.0015956560770670574,1,1,1,1,1,0,0.0,0.0,0.0,0.0,0.0,0.0
mistral_7b_instruct_v03,EBM-NLP,10763172,P3->P4,P3,P4,3,0.12494776646296184,1,1,1,1,1,0,0.004166666666666596,0.004166666666666596,-0.054166666666666696,0.054166666666666696,0.0,0.0
mistral_7b_instruct_v03,EBM-NLP,10763172,P4->P5,P4,P5,3,0.3333333333333333,1,1,1,1,1,0,0.002298850574712699,0.002298850574712699,-0.06436781609195401,0.06436781609195401,0.0,0.0
mistral_7b_instruct_v03,EBM-NLP,10763172,P5->P6,P5,P6,3,0.0,1,1,1,1,1,0,0.0,0.0,0.0,0.0,0.0,0.0
mistral_7b_instruct_v03,EBM-NLP,10764172,P1->P2,P1,P2,3,0.004532078901926677,1,1,1,1,1,0,-0.1062618595825427,0.1062618595825427,-0.03036053130929789,0.03036053130929789,0.0,0.0
mistral_7b_instruct_v03,EBM-NLP,10764172,P2->P3,P2,P3,3,0.004532078901926677,1,1,1,1,1,0,0.1062618595825427,0.1062618595825427,0.03036053130929789,0.03036053130929789,0.0,0.0
mistral_7b_instruct_v03,EBM-NLP,10764172,P3->P4,P3,P4,3,0.06937072674433391,1,1,1,0,0,1,-0.1612200435729848,0.1612200435729848,-0.2788671023965142,0.2788671023965142,0.0,0.0
mistral_7b_instruct_v03,EBM-NLP,10764172,P4->P5,P4,P5,3,0.04725430409113566,1,1,0,1,0,0,0.0925925925925926,0.0925925925925926,0.17592592592592599,0.17592592592592599,0.0,0.0
mistral_7b_instruct_v03,EBM-NLP,10764172,P5->P6,P5,P6,3,0.0,1,1,1,1,1,0,0.0,0.0,0.0,0.0,0.0,0.0
mistral_7b_instruct_v03,EBM-NLP,10912743,P1->P2,P1,P2,3,0.0,1,1,1,1,1,0,0.0,0.0,0.0,0.0,0.0,0.0
mistral_7b_instruct_v03,EBM-NLP,10912743,P2->P3,P2,P3,3,0.07117958863576253,1,1,1,1,1,0,0.0,0.0,-0.0793650793650793,0.0793650793650793,0.0,0.0
mistral_7b_instruct_v03,EBM-NLP,10912743,P3->P4,P3,P4,3,0.09365540742874146,1,1,1,1,1,0,0.0769230769230769,0.0769230769230769,0.010989010989011005,0.010989010989011005,0.0,0.0
mistral_7b_instruct_v03,EBM-NLP,10912743,P4->P5,P4,P5,3,0.049666782220204674,1,1,1,1,1,0,0.0,0.0,0.0,0.0,0.0,0.0
mistral_7b_instruct_v03,EBM-NLP,10912743,P5->P6,P5,P6,3,0.049666782220204674,1,1,1,1,1,0,0.0,0.0,0.0,0.0,0.0,0.0
mistral_7b_instruct_v03,EBM-NLP,10934569,P1->P2,P1,P2,3,0.0022385517756144204,1,1,1,1,1,0,-0.006451612903225712,0.006451612903225712,-0.012903225806451535,0.012903225806451535,0.0,0.0
mistral_7b_instruct_v03,EBM-NLP,10934569,P2->P3,P2,P3,3,0.011838376522064209,1,1,1,1,1,0,-0.033548387096774185,0.033548387096774185,-0.14709677419354839,0.14709677419354839,0.0,0.0
mistral_7b_instruct_v03,EBM-NLP,10934569,P3->P4,P3,P4,3,0.004156569639841716,1,1,1,1,1,0,0.006666666666666599,0.006666666666666599,0.010000000000000009,0.010000000000000009,0.0,0.0
mistral_7b_instruct_v03,EBM-NLP,10934569,P4->P5,P4,P5,3,0.0082244873046875,1,1,1,0,0,1,-0.006666666666666599,0.006666666666666599,0.07,0.07,0.0,0.0
mistral_7b_instruct_v03,EBM-NLP,10934569,P5->P6,P5,P6,3,0.34256821870803833,1,1,0,1,0,0,0.050526315789473586,0.050526315789473586,-0.004210526315789498,0.004210526315789498,0.0,0.0
mistral_7b_instruct_v03,EBM-NLP,10940525,P1->P2,P1,P2,3,0.008782605330149332,1,1,1,1,1,0,0.0031387319522913,0.0031387319522913,-0.09855618330194599,0.09855618330194599,0.0,0.0
mistral_7b_instruct_v03,EBM-NLP,10940525,P2->P3,P2,P3,3,9.934107462565105e-08,1,1,1,1,1,0,0.0,0.0,0.0,0.0,0.0,0.0
mistral_7b_instruct_v03,EBM-NLP,10940525,P3->P4,P3,P4,3,0.06761842966079712,1,1,1,1,1,0,-0.001949317738791402,0.001949317738791402,0.0682261208576998,0.0682261208576998,0.0,0.0
mistral_7b_instruct_v03,EBM-NLP,10940525,P4->P5,P4,P5,3,0.036396304766337075,1,1,1,1,1,0,0.004127966976264205,0.004127966976264205,-0.026831785345717188,0.026831785345717188,0.0,0.0
mistral_7b_instruct_v03,EBM-NLP,10940525,P5->P6,P5,P6,3,0.0,1,1,1,1,1,0,0.0,0.0,0.0,0.0,0.0,0.0
mistral_7b_instruct_v03,EBM-NLP,11099086,P1->P2,P1,P2,3,0.10600956281026204,1,1,1,1,1,0,0.0170454545454546,0.0170454545454546,-0.056818181818181795,0.056818181818181795,0.0,0.0
mistral_7b_instruct_v03,EBM-NLP,11099086,P2->P3,P2,P3,3,0.027662813663482666,1,1,1,1,1,0,-0.003676470588235302,0.003676470588235302,0.0514705882352941,0.0514705882352941,0.0,0.0
mistral_7b_instruct_v03,EBM-NLP,11099086,P3->P4,P3,P4,3,0.4179179072380066,1,1,1,1,1,0,-0.0588235294117647,0.0588235294117647,0.011029411764705899,0.011029411764705899,0.0,0.0
mistral_7b_instruct_v03,EBM-NLP,11099086,P4->P5,P4,P5,3,0.0,1,1,1,1,1,0,0.0,0.0,0.0,0.0,0.0,0.0
mistral_7b_instruct_v03,EBM-NLP,11099086,P5->P6,P5,P6,3,0.0,1,1,1,1,1,0,0.0,0.0,0.0,0.0,0.0,0.0
mistral_7b_instruct_v03,EBM-NLP,11229858,P1->P2,P1,P2,3,0.0028121074040730796,1,1,1,1,1,0,0.15441176470588241,0.15441176470588241,-0.07352941176470595,0.07352941176470595,0.0,0.0
mistral_7b_instruct_v03,EBM-NLP,11229858,P2->P3,P2,P3,3,0.001907805601755778,1,1,1,1,1,0,-0.125,0.125,0.0,0.0,0.0,0.0
mistral_7b_instruct_v03,EBM-NLP,11229858,P3->P4,P3,P4,3,0.3352411389350891,1,1,1,0,0,1,0.07142857142857151,0.07142857142857151,-0.17857142857142838,0.17857142857142838,0.0,0.0
mistral_7b_instruct_v03,EBM-NLP,11229858,P4->P5,P4,P5,3,0.33757539590199787,1,1,0,0,0,0,-0.03809523809523818,0.03809523809523818,0.09523809523809512,0.09523809523809512,0.0,0.0
mistral_7b_instruct_v03,EBM-NLP,11229858,P5->P6,P5,P6,3,0.04839827617009481,1,1,0,1,0,0,-0.15833333333333344,0.15833333333333344,-0.16666666666666663,0.16666666666666663,0.0,0.0
mistral_7b_instruct_v03,EBM-NLP,1131298,P1->P2,P1,P2,3,0.002560913562774658,1,1,1,1,1,0,-0.0665024630541872,0.0665024630541872,-0.0541871921182267,0.0541871921182267,0.0,0.0
mistral_7b_instruct_v03,EBM-NLP,1131298,P2->P3,P2,P3,3,0.0027347207069396973,1,1,1,1,1,0,0.005494505494505503,0.005494505494505503,-0.04395604395604391,0.04395604395604391,0.0,0.0
mistral_7b_instruct_v03,EBM-NLP,1131298,P3->P4,P3,P4,3,0.03217301766077677,1,1,1,1,1,0,-0.0769230769230769,0.0769230769230769,-0.09890109890109888,0.09890109890109888,0.0,0.0
mistral_7b_instruct_v03,EBM-NLP,1131298,P4->P5,P4,P5,3,0.030006110668182373,1,1,1,1,1,0,0.0833333333333333,0.0833333333333333,0.047619047619047616,0.047619047619047616,0.0,0.0
mistral_7b_instruct_v03,EBM-NLP,1131298,P5->P6,P5,P6,3,1.9868214925130207e-08,1,1,1,1,1,0,0.0,0.0,0.0,0.0,0.0,0.0
mistral_7b_instruct_v03,EBM-NLP,11317090,P1->P2,P1,P2,3,0.14010838667551676,1,1,1,1,1,0,-0.1578947368421052,0.1578947368421052,-0.24342105263157898,0.24342105263157898,0.0,0.0
mistral_7b_instruct_v03,EBM-NLP,11317090,P2->P3,P2,P3,3,0.0507509708404541,1,1,1,1,1,0,0.0,0.0,0.0,0.0,0.0,0.0
mistral_7b_instruct_v03,EBM-NLP,11317090,P3->P4,P3,P4,3,0.14729100465774536,1,1,1,1,1,0,0.125,0.125,0.0625,0.0625,0.0,0.0
mistral_7b_instruct_v03,EBM-NLP,11317090,P4->P5,P4,P5,3,0.02021340529123942,1,1,1,1,1,0,-0.0625,0.0625,-0.0625,0.0625,0.0,0.0
mistral_7b_instruct_v03,EBM-NLP,11317090,P5->P6,P5,P6,3,1.9868214925130207e-08,1,1,1,1,1,0,0.0,0.0,0.0,0.0,0.0,0.0
mistral_7b_instruct_v03,EBM-NLP,11381289,P1->P2,P1,P2,3,0.0,1,1,1,1,1,0,0.0,0.0,0.0,0.0,0.0,0.0
mistral_7b_instruct_v03,EBM-NLP,11381289,P2->P3,P2,P3,3,0.0,1,1,1,1,1,0,0.0,0.0,0.0,0.0,0.0,0.0
mistral_7b_instruct_v03,EBM-NLP,11381289,P3->P4,P3,P4,3,0.03642169634501139,1,1,1,1,1,0,0.0,0.0,-0.1111111111111111,0.1111111111111111,0.0,0.0
mistral_7b_instruct_v03,EBM-NLP,11381289,P4->P5,P4,P5,3,0.0,1,1,1,1,1,0,0.0,0.0,0.0,0.0,0.0,0.0
mistral_7b_instruct_v03,EBM-NLP,11381289,P5->P6,P5,P6,3,0.0,1,1,1,1,1,0,0.0,0.0,0.0,0.0,0.0,0.0
mistral_7b_instruct_v03,EBM-NLP,11401641,P1->P2,P1,P2,3,0.10546652475992839,1,1,1,1,1,0,0.015820698747527978,0.015820698747527978,-0.032959789057350114,0.032959789057350114,0.0,0.0
mistral_7b_instruct_v03,EBM-NLP,11401641,P2->P3,P2,P3,3,0.0,1,1,1,1,1,0,0.0,0.0,0.0,0.0,0.0,0.0
mistral_7b_instruct_v03,EBM-NLP,11401641,P3->P4,P3,P4,3,0.06810812155405681,1,1,1,1,1,0,0.0,0.0,0.05405405405405411,0.05405405405405411,0.0,0.0
mistral_7b_instruct_v03,EBM-NLP,11401641,P4->P5,P4,P5,3,0.021225273609161377,1,1,1,1,1,0,0.004504504504504514,0.004504504504504514,-0.0495495495495496,0.0495495495495496,0.0,0.0
mistral_7b_instruct_v03,EBM-NLP,11401641,P5->P6,P5,P6,3,0.003570079803466797,1,1,1,1,1,0,-0.0555555555555555,0.0555555555555555,0.0,0.0,0.0,0.0
mistral_7b_instruct_v03,EBM-NLP,11454878,P1->P2,P1,P2,3,0.021068215370178223,1,1,1,1,1,0,0.0364797081623347,0.0364797081623347,0.00455996352029181,0.00455996352029181,0.0,0.0
mistral_7b_instruct_v03,EBM-NLP,11454878,P2->P3,P2,P3,3,0.0018456776936848958,1,1,1,1,1,0,0.046511627906976716,0.046511627906976716,0.04651162790697677,0.04651162790697677,0.0,0.0
mistral_7b_instruct_v03,EBM-NLP,11454878,P3->P4,P3,P4,3,0.37827030817667645,1,1,1,1,1,0,-0.1709616593337523,0.1709616593337523,-0.16341923318667498,0.16341923318667498,0.0,0.0
mistral_7b_instruct_v03,EBM-NLP,11454878,P4->P5,P4,P5,3,0.0021889209747314453,1,1,1,1,1,0,0.0,0.0,0.0,0.0,0.0,0.0
mistral_7b_instruct_v03,EBM-NLP,11454878,P5->P6,P5,P6,3,0.021374563376108806,1,1,1,1,1,0,-0.0028449502133713056,0.0028449502133713056,0.04836415362731139,0.04836415362731139,0.0,0.0
mistral_7b_instruct_v03,EBM-NLP,11495215,P1->P2,P1,P2,3,0.039280633131663,1,1,1,1,1,0,0.0,0.0,-0.1597222222222222,0.1597222222222222,0.0,0.0
mistral_7b_instruct_v03,EBM-NLP,11495215,P2->P3,P2,P3,3,0.0,1,1,1,1,1,0,0.0,0.0,0.0,0.0,0.0,0.0
mistral_7b_instruct_v03,EBM-NLP,11495215,P3->P4,P3,P4,3,0.3966776529947917,1,1,1,1,1,0,0.0,0.0,0.0625,0.0625,0.0,0.0
mistral_7b_instruct_v03,EBM-NLP,11495215,P4->P5,P4,P5,3,0.3966776529947917,1,1,1,1,1,0,0.0,0.0,-0.0625,0.0625,0.0,0.0
mistral_7b_instruct_v03,EBM-NLP,11495215,P5->P6,P5,P6,3,0.0,1,1,1,1,1,0,0.0,0.0,0.0,0.0,0.0,0.0
mistral_7b_instruct_v03,EBM-NLP,11642083,P1->P2,P1,P2,3,0.04083949327468872,1,1,1,1,1,0,-0.015915119363395208,0.015915119363395208,-0.04951370468611849,0.04951370468611849,0.0,0.0
mistral_7b_instruct_v03,EBM-NLP,11642083,P2->P3,P2,P3,3,0.0,1,1,1,1,1,0,0.0,0.0,0.0,0.0,0.0,0.0
mistral_7b_instruct_v03,EBM-NLP,11642083,P3->P4,P3,P4,3,0.3429642717043559,1,1,1,1,1,0,0.015915119363395208,0.015915119363395208,-0.0530503978779841,0.0530503978779841,0.0,0.0
mistral_7b_instruct_v03,EBM-NLP,11642083,P4->P5,P4,P5,3,0.014681915442148844,1,1,1,1,1,0,-0.0769230769230769,0.0769230769230769,-0.0769230769230769,0.0769230769230769,0.0,0.0
mistral_7b_instruct_v03,EBM-NLP,11642083,P5->P6,P5,P6,3,0.014681915442148844,1,1,1,1,1,0,0.0769230769230769,0.0769230769230769,0.0769230769230769,0.0769230769230769,0.0,0.0
mistral_7b_instruct_v03,EBM-NLP,11737955,P1->P2,P1,P2,3,0.07371193170547485,1,1,1,1,1,0,-0.0526315789473684,0.0526315789473684,-0.0865874363327675,0.0865874363327675,0.0,0.0
mistral_7b_instruct_v03,EBM-NLP,11737955,P2->P3,P2,P3,3,0.05313787857691447,1,1,1,1,1,0,0.0,0.0,-0.22709677419354832,0.22709677419354832,0.0,0.0
mistral_7b_instruct_v03,EBM-NLP,11737955,P3->P4,P3,P4,3,0.09159984191258748,1,1,1,0,0,1,0.2,0.2,0.24000000000000002,0.24000000000000002,0.0,0.0
mistral_7b_instruct_v03,EBM-NLP,11737955,P4->P5,P4,P5,3,0.012783706188201904,1,1,0,1,0,0,0.0,0.0,0.0,0.0,0.0,0.0
mistral_7b_instruct_v03,EBM-NLP,11737955,P5->P6,P5,P6,3,0.024945358435312908,1,1,1,1,1,0,-0.04615384615384621,0.04615384615384621,-0.015384615384615441,0.015384615384615441,0.0,0.0
mistral_7b_instruct_v03,EBM-NLP,11750293,P1->P2,P1,P2,3,3.9736429850260414e-08,1,1,1,1,1,0,0.0,0.0,0.0,0.0,0.0,0.0
mistral_7b_instruct_v03,EBM-NLP,11750293,P2->P3,P2,P3,3,3.9736429850260414e-08,1,1,1,1,1,0,0.0,0.0,0.0,0.0,0.0,0.0
mistral_7b_instruct_v03,EBM-NLP,11750293,P3->P4,P3,P4,3,0.009986519813537598,1,1,1,1,1,0,0.0666666666666666,0.0666666666666666,0.10000000000000003,0.10000000000000003,0.0,0.0
mistral_7b_instruct_v03,EBM-NLP,11750293,P4->P5,P4,P5,3,0.022815545399983723,1,1,1,1,1,0,-0.16140350877192983,0.16140350877192983,-0.18947368421052632,0.18947368421052632,0.0,0.0
mistral_7b_instruct_v03,EBM-NLP,11750293,P5->P6,P5,P6,3,0.3333333333333333,1,1,1,1,1,0,-0.1052631578947368,0.1052631578947368,-0.0994152046783626,0.0994152046783626,0.0,0.0
mistral_7b_instruct_v03,EBM-NLP,11829043,P1->P2,P1,P2,3,0.03317634264628092,1,1,1,1,1,0,0.0,0.0,-0.0354679802955665,0.0354679802955665,0.0,0.0
mistral_7b_instruct_v03,EBM-NLP,11829043,P2->P3,P2,P3,3,0.1123302976290385,1,1,1,1,1,0,0.2608695652173913,0.2608695652173913,0.4372670807453417,0.4372670807453417,0.0,0.0
mistral_7b_instruct_v03,EBM-NLP,11829043,P3->P4,P3,P4,3,0.030058443546295166,1,1,1,1,1,0,0.08695652173913038,0.08695652173913038,0.0,0.0,0.0,0.0
mistral_7b_instruct_v03,EBM-NLP,11829043,P4->P5,P4,P5,3,0.04601794481277466,1,1,1,1,1,0,0.0331262939958592,0.0331262939958592,-0.13250517598343686,0.13250517598343686,0.0,0.0
mistral_7b_instruct_v03,EBM-NLP,11829043,P5->P6,P5,P6,3,0.0,1,1,1,1,1,0,0.0,0.0,0.0,0.0,0.0,0.0
mistral_7b_instruct_v03,EBM-NLP,11891832,P1->P2,P1,P2,3,0.0012841423352559407,1,1,1,1,1,0,0.00793650793650802,0.00793650793650802,0.00793650793650802,0.00793650793650802,0.0,0.0
mistral_7b_instruct_v03,EBM-NLP,11891832,P2->P3,P2,P3,3,0.016897718111673992,1,1,1,1,1,0,0.06349206349206349,0.06349206349206349,0.06349206349206349,0.06349206349206349,0.0,0.0
mistral_7b_instruct_v03,EBM-NLP,11891832,P3->P4,P3,P4,3,0.05552868048350016,1,1,1,0,0,1,0.0,0.0,0.09523809523809518,0.09523809523809518,0.0,0.0
mistral_7b_instruct_v03,EBM-NLP,11891832,P4->P5,P4,P5,3,0.08453615506490071,1,1,0,1,0,0,-0.1857142857142857,0.1857142857142857,-0.28095238095238084,0.28095238095238084,0.0,0.0
mistral_7b_instruct_v03,EBM-NLP,11891832,P5->P6,P5,P6,3,0.022967815399169922,1,1,1,1,1,0,0.1,0.1,0.1,0.1,0.0,0.0
mistral_7b_instruct_v03,EBM-NLP,12139812,P1->P2,P1,P2,3,0.0469889243443807,1,1,1,1,1,0,0.1339712918660287,0.1339712918660287,0.0430622009569378,0.0430622009569378,0.0,0.0
mistral_7b_instruct_v03,EBM-NLP,12139812,P2->P3,P2,P3,3,0.006336132685343425,1,1,1,1,1,0,-0.0935672514619883,0.0935672514619883,-0.0935672514619883,0.0935672514619883,0.0,0.0
mistral_7b_instruct_v03,EBM-NLP,12139812,P3->P4,P3,P4,3,0.4149751663208008,1,1,1,1,1,0,0.02777777777777779,0.02777777777777779,0.1527777777777778,0.1527777777777778,0.0,0.0
mistral_7b_instruct_v03,EBM-NLP,12139812,P4->P5,P4,P5,3,0.36518537998199463,1,1,1,1,1,0,-0.02777777777777779,0.02777777777777779,0.06944444444444442,0.06944444444444442,0.0,0.0
mistral_7b_instruct_v03,EBM-NLP,12139812,P5->P6,P5,P6,3,0.09465968608856201,1,1,1,1,1,0,-0.2222222222222222,0.2222222222222222,-0.33918128654970764,0.33918128654970764,0.0,0.0
mistral_7b_instruct_v03,EBM-NLP,12477021,P1->P2,P1,P2,3,0.06584107875823975,1,1,1,1,1,0,-0.0909090909090909,0.0909090909090909,-0.2121212121212122,0.2121212121212122,0.0,0.0
mistral_7b_instruct_v03,EBM-NLP,12477021,P2->P3,P2,P3,3,0.0,1,1,1,1,1,0,0.0,0.0,0.0,0.0,0.0,0.0
mistral_7b_instruct_v03,EBM-NLP,12477021,P3->P4,P3,P4,3,0.05072536071141561,1,1,1,1,1,0,0.0,0.0,0.2380952380952382,0.2380952380952382,0.0,0.0
mistral_7b_instruct_v03,EBM-NLP,12477021,P4->P5,P4,P5,3,0.04884972174962362,1,1,1,1,1,0,0.0,0.0,-0.3492063492063493,0.3492063492063493,0.0,0.0
mistral_7b_instruct_v03,EBM-NLP,12477021,P5->P6,P5,P6,3,0.44496579964955646,1,1,1,1,1,0,0.0,0.0,-0.1111111111111111,0.1111111111111111,0.0,0.0
mistral_7b_instruct_v03,EBM-NLP,12576806,P1->P2,P1,P2,3,1.9868214925130207e-08,1,1,1,1,1,0,0.0,0.0,0.0,0.0,0.0,0.0
mistral_7b_instruct_v03,EBM-NLP,12576806,P2->P3,P2,P3,3,0.031067530314127605,1,1,1,1,1,0,-0.0052910052910053185,0.0052910052910053185,0.060846560846560815,0.060846560846560815,0.0,0.0
mistral_7b_instruct_v03,EBM-NLP,12576806,P3->P4,P3,P4,3,0.42865784962972003,1,1,1,1,1,0,0.023809523809523808,0.023809523809523808,-0.1904761904761905,0.1904761904761905,0.0,0.0
mistral_7b_instruct_v03,EBM-NLP,12576806,P4->P5,P4,P5,3,0.1160696546236674,1,1,1,1,1,0,-0.1666666666666666,0.1666666666666666,-0.0797101449275362,0.0797101449275362,0.0,0.0
mistral_7b_instruct_v03,EBM-NLP,12576806,P5->P6,P5,P6,3,0.0,1,1,1,1,1,0,0.0,0.0,0.0,0.0,0.0,0.0
mistral_7b_instruct_v03,EBM-NLP,12586799,P1->P2,P1,P2,3,0.032640695571899414,1,1,1,1,1,0,-0.0525525525525526,0.0525525525525526,0.006006006006006009,0.006006006006006009,0.0,0.0
mistral_7b_instruct_v03,EBM-NLP,12586799,P2->P3,P2,P3,3,0.10339126984278361,1,1,1,1,1,0,0.0,0.0,-0.05555555555555561,0.05555555555555561,0.0,0.0
mistral_7b_instruct_v03,EBM-NLP,12586799,P3->P4,P3,P4,3,0.07010589043299358,1,1,1,1,1,0,0.0497076023391813,0.0497076023391813,0.09649122807017549,0.09649122807017549,0.0,0.0
mistral_7b_instruct_v03,EBM-NLP,12586799,P4->P5,P4,P5,3,0.13066752751668295,1,1,1,1,1,0,-0.1052631578947368,0.1052631578947368,-0.14887218045112788,0.14887218045112788,0.0,0.0
mistral_7b_instruct_v03,EBM-NLP,12586799,P5->P6,P5,P6,3,0.0,1,1,1,1,1,0,0.0,0.0,0.0,0.0,0.0,0.0
mistral_7b_instruct_v03,EBM-NLP,12595499,P1->P2,P1,P2,3,0.04926158984502157,1,1,1,1,1,0,0.017857142857142794,0.017857142857142794,-0.017857142857142905,0.017857142857142905,0.0,0.0
mistral_7b_instruct_v03,EBM-NLP,12595499,P2->P3,P2,P3,3,0.0,1,1,1,1,1,0,0.0,0.0,0.0,0.0,0.0,0.0
mistral_7b_instruct_v03,EBM-NLP,12595499,P3->P4,P3,P4,3,0.3475800355275472,1,1,1,1,1,0,-0.0659340659340659,0.0659340659340659,-0.2032967032967033,0.2032967032967033,0.0,0.0
mistral_7b_instruct_v03,EBM-NLP,12595499,P4->P5,P4,P5,3,0.3619969089825948,1,1,1,1,1,0,0.07122507122507121,0.07122507122507121,0.0683760683760683,0.0683760683760683,0.0,0.0
mistral_7b_instruct_v03,EBM-NLP,12595499,P5->P6,P5,P6,3,0.3477502067883809,1,1,1,1,1,0,-0.06814814814814811,0.06814814814814811,-0.062222222222222096,0.062222222222222096,0.0,0.0
mistral_7b_instruct_v03,EBM-NLP,12709693,P1->P2,P1,P2,3,0.016252418359120686,1,1,1,1,1,0,-0.033824331696672205,0.033824331696672205,-0.016366612111293005,0.016366612111293005,0.0,0.0
mistral_7b_instruct_v03,EBM-NLP,12709693,P2->P3,P2,P3,3,0.0003947019577026367,1,1,1,1,1,0,0.0,0.0,0.0,0.0,0.0,0.0
mistral_7b_instruct_v03,EBM-NLP,12709693,P3->P4,P3,P4,3,0.3333333333333333,1,1,1,1,1,0,0.007541478129713501,0.007541478129713501,-0.0361990950226244,0.0361990950226244,0.0,0.0
mistral_7b_instruct_v03,EBM-NLP,12709693,P4->P5,P4,P5,3,0.008671045303344727,1,1,1,1,1,0,0.2189542483660131,0.2189542483660131,0.1601307189542484,0.1601307189542484,0.0,0.0
mistral_7b_instruct_v03,EBM-NLP,12709693,P5->P6,P5,P6,3,1.9868214925130207e-08,1,1,1,1,1,0,0.0,0.0,0.0,0.0,0.0,0.0
mistral_7b_instruct_v03,EBM-NLP,1286547,P1->P2,P1,P2,3,0.007649978001912435,1,1,1,1,1,0,-0.0689655172413793,0.0689655172413793,-0.05665024630541882,0.05665024630541882,0.0,0.0
mistral_7b_instruct_v03,EBM-NLP,1286547,P2->P3,P2,P3,3,0.003427445888519287,1,1,1,1,1,0,0.0625,0.0625,0.017857142857142794,0.017857142857142794,0.0,0.0
mistral_7b_instruct_v03,EBM-NLP,1286547,P3->P4,P3,P4,3,0.10690365235010783,1,1,1,1,1,0,-0.0625,0.0625,-0.2083333333333333,0.2083333333333333,0.0,0.0
mistral_7b_instruct_v03,EBM-NLP,1286547,P4->P5,P4,P5,3,0.0,1,1,1,1,1,0,0.0,0.0,0.0,0.0,0.0,0.0
mistral_7b_instruct_v03,EBM-NLP,1286547,P5->P6,P5,P6,3,0.047487894694010414,1,1,1,1,1,0,0.0,0.0,0.0,0.0,0.0,0.0
mistral_7b_instruct_v03,EBM-NLP,12960652,P1->P2,P1,P2,3,0.003688355286916097,1,1,1,1,1,0,-0.048875855327468215,0.048875855327468215,-0.03714565004887582,0.03714565004887582,0.0,0.0
mistral_7b_instruct_v03,EBM-NLP,12960652,P2->P3,P2,P3,3,0.003090540568033854,1,1,1,1,1,0,-0.006048387096774188,0.006048387096774188,-0.012096774193548376,0.012096774193548376,0.0,0.0
mistral_7b_instruct_v03,EBM-NLP,12960652,P3->P4,P3,P4,3,0.062274674574534096,1,1,1,1,1,0,-0.044642857142857206,0.044642857142857206,-0.1607142857142858,0.1607142857142858,0.0,0.0
mistral_7b_instruct_v03,EBM-NLP,12960652,P4->P5,P4,P5,3,0.05758792161941528,1,1,1,1,1,0,0.0714285714285714,0.0714285714285714,0.0,0.0,0.0,0.0
mistral_7b_instruct_v03,EBM-NLP,12960652,P5->P6,P5,P6,3,0.0,1,1,1,1,1,0,0.0,0.0,0.0,0.0,0.0,0.0
mistral_7b_instruct_v03,EBM-NLP,1459268,P1->P2,P1,P2,3,0.030346035957336426,1,1,1,1,1,0,-0.1111111111111111,0.1111111111111111,-0.017543859649122806,0.017543859649122806,0.0,0.0
mistral_7b_instruct_v03,EBM-NLP,1459268,P2->P3,P2,P3,3,0.035812040170033775,1,1,1,1,1,0,0.0,0.0,-0.06578947368421051,0.06578947368421051,0.0,0.0
mistral_7b_instruct_v03,EBM-NLP,1459268,P3->P4,P3,P4,3,0.06994831562042236,1,1,1,1,1,0,0.1739130434782608,0.1739130434782608,0.2717391304347826,0.2717391304347826,0.0,0.0
mistral_7b_instruct_v03,EBM-NLP,1459268,P4->P5,P4,P5,3,0.08402583996454875,1,1,1,1,1,0,-0.1739130434782608,0.1739130434782608,-0.2717391304347826,0.2717391304347826,0.0,0.0
mistral_7b_instruct_v03,EBM-NLP,1459268,P5->P6,P5,P6,3,0.3333333333333333,1,1,1,1,1,0,0.0,0.0,-0.1166666666666667,0.1166666666666667,0.0,0.0
mistral_7b_instruct_v03,EBM-NLP,14679127,P1->P2,P1,P2,3,0.08125116427739461,1,1,1,1,1,0,0.0833333333333333,0.0833333333333333,0.06617647058823531,0.06617647058823531,0.0,0.0
mistral_7b_instruct_v03,EBM-NLP,14679127,P2->P3,P2,P3,3,0.0,1,1,1,1,1,0,0.0,0.0,0.0,0.0,0.0,0.0
mistral_7b_instruct_v03,EBM-NLP,14679127,P3->P4,P3,P4,3,0.3333333333333333,1,1,1,1,1,0,0.0416666666666667,0.0416666666666667,0.0625,0.0625,0.0,0.0
mistral_7b_instruct_v03,EBM-NLP,14679127,P4->P5,P4,P5,3,0.03560552994410197,1,1,1,1,1,0,-0.06048387096774201,0.06048387096774201,-0.122983870967742,0.122983870967742,0.0,0.0
mistral_7b_instruct_v03,EBM-NLP,14679127,P5->P6,P5,P6,3,0.0,1,1,1,1,1,0,0.0,0.0,0.0,0.0,0.0,0.0
mistral_7b_instruct_v03,EBM-NLP,14739125,P1->P2,P1,P2,3,0.045384347438812256,1,1,1,1,1,0,0.06612903225806449,0.06612903225806449,0.09516129032258058,0.09516129032258058,0.0,0.0
mistral_7b_instruct_v03,EBM-NLP,14739125,P2->P3,P2,P3,3,0.015669743220011394,1,1,1,1,1,0,0.029325513196481023,0.029325513196481023,-0.03910068426197455,0.03910068426197455,0.0,0.0
mistral_7b_instruct_v03,EBM-NLP,14739125,P3->P4,P3,P4,3,0.06081817547480265,1,1,1,1,1,0,-0.37154150197628466,0.37154150197628466,-0.4321475625823452,0.4321475625823452,0.0,0.0
mistral_7b_instruct_v03,EBM-NLP,14739125,P4->P5,P4,P5,3,0.004384835561116536,1,1,1,1,1,0,-0.08695652173913049,0.08695652173913049,0.0,0.0,0.0,0.0
mistral_7b_instruct_v03,EBM-NLP,14739125,P5->P6,P5,P6,3,0.3333333333333333,1,1,1,1,1,0,0.003952569169960493,0.003952569169960493,-0.08300395256917,0.08300395256917,0.0,0.0
mistral_7b_instruct_v03,EBM-NLP,14763035,P1->P2,P1,P2,3,0.00928048292795817,1,1,1,1,1,0,0.005050505050505104,0.005050505050505104,0.020202020202020193,0.020202020202020193,0.0,0.0
mistral_7b_instruct_v03,EBM-NLP,14763035,P2->P3,P2,P3,3,0.009537796179453531,1,1,1,1,1,0,0.0,0.0,-0.06060606060606061,0.06060606060606061,0.0,0.0
mistral_7b_instruct_v03,EBM-NLP,14763035,P3->P4,P3,P4,3,0.1061263879140218,1,1,1,1,1,0,0.106060606060606,0.106060606060606,0.2070707070707071,0.2070707070707071,0.0,0.0
mistral_7b_instruct_v03,EBM-NLP,14763035,P4->P5,P4,P5,3,0.095089852809906,1,1,1,1,1,0,0.0098039215686275,0.0098039215686275,0.022875816993464027,0.022875816993464027,0.0,0.0
mistral_7b_instruct_v03,EBM-NLP,14763035,P5->P6,P5,P6,3,0.0029324094454447427,1,1,1,1,1,0,-0.005042016806722699,0.005042016806722699,-0.01176470588235301,0.01176470588235301,0.0,0.0
mistral_7b_instruct_v03,EBM-NLP,15014018,P1->P2,P1,P2,3,0.051337361335754395,1,1,1,1,1,0,0.012605042016806699,0.012605042016806699,0.03781512605042009,0.03781512605042009,0.0,0.0
mistral_7b_instruct_v03,EBM-NLP,15014018,P2->P3,P2,P3,3,3.9736429850260414e-08,1,1,1,1,1,0,0.0,0.0,0.0,0.0,0.0,0.0
mistral_7b_instruct_v03,EBM-NLP,15014018,P3->P4,P3,P4,3,0.06496606270472209,1,1,1,1,1,0,-0.0714285714285714,0.0714285714285714,-0.06613756613756608,0.06613756613756608,0.0,0.0
mistral_7b_instruct_v03,EBM-NLP,15014018,P4->P5,P4,P5,3,0.4030746817588806,1,1,1,1,1,0,0.0,0.0,-0.07122507122507121,0.07122507122507121,0.0,0.0
mistral_7b_instruct_v03,EBM-NLP,15014018,P5->P6,P5,P6,3,0.0,1,1,1,1,1,0,0.0,0.0,0.0,0.0,0.0,0.0
mistral_7b_instruct_v03,EBM-NLP,15133359,P1->P2,P1,P2,3,1.0,1,1,0,1,0,0,0.125,0.125,0.1874999999999999,0.1874999999999999,0.0,0.0
mistral_7b_instruct_v03,EBM-NLP,15133359,P2->P3,P2,P3,3,0.034679671128590904,1,1,1,1,1,0,0.017857142857142794,0.017857142857142794,0.0267857142857143,0.0267857142857143,0.0,0.0
mistral_7b_instruct_v03,EBM-NLP,15133359,P3->P4,P3,P4,3,0.38990487655003864,1,1,1,1,1,0,-0.0687830687830688,0.0687830687830688,0.00793650793650802,0.00793650793650802,0.0,0.0
mistral_7b_instruct_v03,EBM-NLP,15133359,P4->P5,P4,P5,3,0.07154333591461182,1,1,1,1,1,0,-0.074074074074074,0.074074074074074,-0.1388888888888889,0.1388888888888889,0.0,0.0
mistral_7b_instruct_v03,EBM-NLP,15133359,P5->P6,P5,P6,3,0.42270811398824054,1,1,1,1,1,0,0.1212121212121212,0.1212121212121212,0.0378787878787879,0.0378787878787879,0.0,0.0
mistral_7b_instruct_v03,EBM-NLP,15193668,P1->P2,P1,P2,3,0.020057499408721924,1,1,1,1,1,0,-0.0489510489510489,0.0489510489510489,-0.03729603729603731,0.03729603729603731,0.0,0.0
mistral_7b_instruct_v03,EBM-NLP,15193668,P2->P3,P2,P3,3,0.020442624886830647,1,1,1,1,1,0,-0.1048951048951049,0.1048951048951049,-0.1934731934731935,0.1934731934731935,0.0,0.0
mistral_7b_instruct_v03,EBM-NLP,15193668,P3->P4,P3,P4,3,0.07910474141438802,1,1,1,1,1,0,0.023076923076923106,0.023076923076923106,-0.030769230769230688,0.030769230769230688,0.0,0.0
mistral_7b_instruct_v03,EBM-NLP,15193668,P4->P5,P4,P5,3,0.4186573425928752,1,1,1,1,1,0,0.005263157894736789,0.005263157894736789,0.010526315789473578,0.010526315789473578,0.0,0.0
mistral_7b_instruct_v03,EBM-NLP,15193668,P5->P6,P5,P6,3,0.0,1,1,1,1,1,0,0.0,0.0,0.0,0.0,0.0,0.0
mistral_7b_instruct_v03,EBM-NLP,15358868,P1->P2,P1,P2,3,0.008696536223093668,1,1,1,1,1,0,0.1047619047619048,0.1047619047619048,-0.0761904761904762,0.0761904761904762,0.0,0.0
mistral_7b_instruct_v03,EBM-NLP,15358868,P2->P3,P2,P3,3,0.003512601057688395,1,1,1,1,1,0,-0.1,0.1,0.0,0.0,0.0,0.0
mistral_7b_instruct_v03,EBM-NLP,15358868,P3->P4,P3,P4,3,0.08177326122919719,1,1,1,1,1,0,0.01764705882352939,0.01764705882352939,-0.16470588235294123,0.16470588235294123,0.0,0.0
mistral_7b_instruct_v03,EBM-NLP,15358868,P4->P5,P4,P5,3,0.00248032808303833,1,1,1,1,1,0,0.0,0.0,0.0,0.0,0.0,0.0
mistral_7b_instruct_v03,EBM-NLP,15358868,P5->P6,P5,P6,3,0.00248032808303833,1,1,1,1,1,0,0.0,0.0,0.0,0.0,0.0,0.0
mistral_7b_instruct_v03,EBM-NLP,15848261,P1->P2,P1,P2,3,0.008071144421895346,1,1,1,1,1,0,0.016129032258064502,0.016129032258064502,-0.04233870967741926,0.04233870967741926,0.0,0.0
mistral_7b_instruct_v03,EBM-NLP,15848261,P2->P3,P2,P3,3,0.020502328872680664,1,1,1,1,1,0,-0.36798088410991636,0.36798088410991636,-0.34886499402628435,0.34886499402628435,0.0,0.0
mistral_7b_instruct_v03,EBM-NLP,15848261,P3->P4,P3,P4,3,0.3967040578524272,1,1,1,0,0,1,-0.1481481481481481,0.1481481481481481,-0.12238325281803539,0.12238325281803539,0.0,0.0
mistral_7b_instruct_v03,EBM-NLP,15848261,P4->P5,P4,P5,3,0.07163792848587036,1,1,0,1,0,0,0.2499999999999999,0.2499999999999999,0.076086956521739,0.076086956521739,0.0,0.0
mistral_7b_instruct_v03,EBM-NLP,15848261,P5->P6,P5,P6,3,0.032361785570780434,1,1,1,1,1,0,-0.159090909090909,0.159090909090909,-0.159090909090909,0.159090909090909,0.0,0.0
mistral_7b_instruct_v03,EBM-NLP,15854186,P1->P2,P1,P2,3,0.0029426018397013345,1,1,1,1,1,0,-0.056856187290969806,0.056856187290969806,-0.02675585284280929,0.02675585284280929,0.0,0.0
mistral_7b_instruct_v03,EBM-NLP,15854186,P2->P3,P2,P3,3,0.025028924147288006,1,1,1,1,1,0,0.007905138339920903,0.007905138339920903,0.019762845849802257,0.019762845849802257,0.0,0.0
mistral_7b_instruct_v03,EBM-NLP,15854186,P3->P4,P3,P4,3,0.025068799654642742,1,1,1,1,1,0,-0.027972027972027996,0.027972027972027996,0.006993006993007034,0.006993006993007034,0.0,0.0
mistral_7b_instruct_v03,EBM-NLP,15854186,P4->P5,P4,P5,3,0.062374393145243325,1,1,1,1,1,0,0.1661538461538461,0.1661538461538461,0.09846153846153854,0.09846153846153854,0.0,0.0
mistral_7b_instruct_v03,EBM-NLP,15854186,P5->P6,P5,P6,3,0.033057570457458496,1,1,1,1,1,0,-0.04727272727272719,0.04727272727272719,-0.19636363636363646,0.19636363636363646,0.0,0.0
mistral_7b_instruct_v03,EBM-NLP,15858959,P1->P2,P1,P2,3,0.07267993688583374,1,1,1,1,1,0,-0.0701219512195122,0.0701219512195122,-0.007621951219512202,0.007621951219512202,0.0,0.0
mistral_7b_instruct_v03,EBM-NLP,15858959,P2->P3,P2,P3,3,0.03013292948404948,1,1,1,1,1,0,-0.06439393939393939,0.06439393939393939,-0.0056818181818182045,0.0056818181818182045,0.0,0.0
mistral_7b_instruct_v03,EBM-NLP,15858959,P3->P4,P3,P4,3,0.3867962559064229,1,1,1,1,1,0,0.0060606060606059955,0.0060606060606059955,-0.04848484848484849,0.04848484848484849,0.0,0.0
mistral_7b_instruct_v03,EBM-NLP,15858959,P4->P5,P4,P5,3,0.0,1,1,1,1,1,0,0.0,0.0,0.0,0.0,0.0,0.0
mistral_7b_instruct_v03,EBM-NLP,15858959,P5->P6,P5,P6,3,0.0,1,1,1,1,1,0,0.0,0.0,0.0,0.0,0.0,0.0
mistral_7b_instruct_v03,EBM-NLP,16055807,P1->P2,P1,P2,3,0.3665836453437805,1,1,1,1,1,0,0.1333333333333333,0.1333333333333333,-0.16666666666666669,0.16666666666666669,0.0,0.0
mistral_7b_instruct_v03,EBM-NLP,16055807,P2->P3,P2,P3,3,0.3604414661725362,1,1,1,1,1,0,-0.1111111111111111,0.1111111111111111,0.0,0.0,0.0,0.0
mistral_7b_instruct_v03,EBM-NLP,16055807,P3->P4,P3,P4,3,0.40760783354441327,1,1,1,1,1,0,-0.09722222222222221,0.09722222222222221,-0.08333333333333331,0.08333333333333331,0.0,0.0
mistral_7b_instruct_v03,EBM-NLP,16055807,P4->P5,P4,P5,3,0.06452902158101399,1,1,1,1,1,0,0.0,0.0,0.0,0.0,0.0,0.0
mistral_7b_instruct_v03,EBM-NLP,16055807,P5->P6,P5,P6,3,5.960464477539063e-08,1,1,1,1,1,0,0.0,0.0,0.0,0.0,0.0,0.0
mistral_7b_instruct_v03,EBM-NLP,16167234,P1->P2,P1,P2,3,0.03494874636332194,1,1,1,1,1,0,-0.06451612903225801,0.06451612903225801,0.0,0.0,0.0,0.0
mistral_7b_instruct_v03,EBM-NLP,16167234,P2->P3,P2,P3,3,0.06834322214126587,1,1,1,1,1,0,-0.06451612903225809,0.06451612903225809,0.0,0.0,0.0,0.0
mistral_7b_instruct_v03,EBM-NLP,16167234,P3->P4,P3,P4,3,0.032535672187805176,1,1,1,1,1,0,0.1017369727047146,0.1017369727047146,-0.07940446650124067,0.07940446650124067,0.0,0.0
mistral_7b_instruct_v03,EBM-NLP,16167234,P4->P5,P4,P5,3,0.3333333730697632,1,1,1,1,1,0,-0.1474358974358974,0.1474358974358974,-0.1410256410256411,0.1410256410256411,0.0,0.0
mistral_7b_instruct_v03,EBM-NLP,16167234,P5->P6,P5,P6,3,3.9736429850260414e-08,1,1,1,1,1,0,0.0,0.0,0.0,0.0,0.0,0.0
mistral_7b_instruct_v03,EBM-NLP,16295154,P1->P2,P1,P2,3,0.007767279942830403,1,1,1,1,1,0,0.0984848484848485,0.0984848484848485,0.12121212121212116,0.12121212121212116,0.0,0.0
mistral_7b_instruct_v03,EBM-NLP,16295154,P2->P3,P2,P3,3,0.002581298351287842,1,1,1,1,1,0,-0.0909090909090909,0.0909090909090909,0.0,0.0,0.0,0.0
mistral_7b_instruct_v03,EBM-NLP,16295154,P3->P4,P3,P4,3,0.006515085697174072,1,1,1,1,1,0,0.004329004329004307,0.004329004329004307,-0.0735930735930736,0.0735930735930736,0.0,0.0
mistral_7b_instruct_v03,EBM-NLP,16295154,P4->P5,P4,P5,3,0.3449777563412984,1,1,1,1,1,0,-0.0952380952380952,0.0952380952380952,-0.10822510822510817,0.10822510822510817,0.0,0.0
mistral_7b_instruct_v03,EBM-NLP,16295154,P5->P6,P5,P6,3,0.35677846272786456,1,1,1,1,1,0,0.0,0.0,0.0430622009569378,0.0430622009569378,0.0,0.0
mistral_7b_instruct_v03,EBM-NLP,16427787,P1->P2,P1,P2,3,0.3526056408882141,1,1,1,1,1,0,0.0,0.0,0.0769230769230769,0.0769230769230769,0.0,0.0
mistral_7b_instruct_v03,EBM-NLP,16427787,P2->P3,P2,P3,3,0.042321344216664634,1,1,1,1,1,0,-0.0769230769230769,0.0769230769230769,0.0,0.0,0.0,0.0
mistral_7b_instruct_v03,EBM-NLP,16427787,P3->P4,P3,P4,3,0.05779196818669637,1,1,1,1,1,0,0.056410256410256404,0.056410256410256404,-0.04102564102564099,0.04102564102564099,0.0,0.0
mistral_7b_instruct_v03,EBM-NLP,16427787,P4->P5,P4,P5,3,0.0577081044514974,1,1,1,1,1,0,-0.0463768115942029,0.0463768115942029,-0.09275362318840571,0.09275362318840571,0.0,0.0
mistral_7b_instruct_v03,EBM-NLP,16427787,P5->P6,P5,P6,3,0.0,1,1,1,1,1,0,0.0,0.0,0.0,0.0,0.0,0.0
mistral_7b_instruct_v03,EBM-NLP,16505427,P1->P2,P1,P2,3,0.0,1,1,1,1,1,0,0.0,0.0,0.0,0.0,0.0,0.0
mistral_7b_instruct_v03,EBM-NLP,16505427,P2->P3,P2,P3,3,0.012617806593577066,1,1,1,1,1,0,0.1142857142857142,0.1142857142857142,0.0357142857142857,0.0357142857142857,0.0,0.0
mistral_7b_instruct_v03,EBM-NLP,16505427,P3->P4,P3,P4,3,0.08096377054850261,1,1,1,1,1,0,0.0395604395604396,0.0395604395604396,-0.1318681318681319,0.1318681318681319,0.0,0.0
mistral_7b_instruct_v03,EBM-NLP,16505427,P4->P5,P4,P5,3,0.4187774062156677,1,1,1,1,1,0,-0.0871794871794872,0.0871794871794872,-0.020512820512820495,0.020512820512820495,0.0,0.0
mistral_7b_instruct_v03,EBM-NLP,16505427,P5->P6,P5,P6,3,0.34009591738382977,1,1,1,1,1,0,0.03589743589743591,0.03589743589743591,0.07179487179487179,0.07179487179487179,0.0,0.0
mistral_7b_instruct_v03,EBM-NLP,1669598,P1->P2,P1,P2,3,0.00278321901957194,1,1,1,1,1,0,-0.0623655913978495,0.0623655913978495,0.008602150537634412,0.008602150537634412,0.0,0.0
mistral_7b_instruct_v03,EBM-NLP,1669598,P2->P3,P2,P3,3,0.06494055191675822,1,1,1,1,1,0,-0.0666666666666666,0.0666666666666666,-0.07311827956989242,0.07311827956989242,0.0,0.0
mistral_7b_instruct_v03,EBM-NLP,1669598,P3->P4,P3,P4,3,0.40961209932963055,1,1,1,1,1,0,0.0,0.0,0.0464516129032258,0.0464516129032258,0.0,0.0
mistral_7b_instruct_v03,EBM-NLP,1669598,P4->P5,P4,P5,3,0.04410280783971151,1,1,1,1,1,0,0.0,0.0,-0.15999999999999998,0.15999999999999998,0.0,0.0
mistral_7b_instruct_v03,EBM-NLP,1669598,P5->P6,P5,P6,3,1.9868214925130207e-08,1,1,1,1,1,0,0.0,0.0,0.0,0.0,0.0,0.0
mistral_7b_instruct_v03,EBM-NLP,17293018,P1->P2,P1,P2,3,0.09710766871770223,1,1,1,1,1,0,0.0869565217391304,0.0869565217391304,-0.1065918653576437,0.1065918653576437,0.0,0.0
mistral_7b_instruct_v03,EBM-NLP,17293018,P2->P3,P2,P3,3,0.006310383478800456,1,1,1,1,1,0,0.0,0.0,0.0,0.0,0.0,0.0
mistral_7b_instruct_v03,EBM-NLP,17293018,P3->P4,P3,P4,3,0.10432277123133342,1,1,1,1,1,0,-0.006956521739130403,0.006956521739130403,0.0730434782608696,0.0730434782608696,0.0,0.0
mistral_7b_instruct_v03,EBM-NLP,17293018,P4->P5,P4,P5,3,0.39514660835266113,1,1,1,1,1,0,0.0033333333333332993,0.0033333333333332993,-0.0766666666666667,0.0766666666666667,0.0,0.0
mistral_7b_instruct_v03,EBM-NLP,17293018,P5->P6,P5,P6,3,0.06581676006317139,1,1,1,1,1,0,0.007575757575757597,0.007575757575757597,0.007575757575757597,0.007575757575757597,0.0,0.0
mistral_7b_instruct_v03,EBM-NLP,17321989,P1->P2,P1,P2,3,0.002639015515645345,1,1,1,1,1,0,0.004301075268817206,0.004301075268817206,0.012903225806451535,0.012903225806451535,0.0,0.0
mistral_7b_instruct_v03,EBM-NLP,17321989,P2->P3,P2,P3,3,0.0,1,1,1,1,1,0,0.0,0.0,0.0,0.0,0.0,0.0
mistral_7b_instruct_v03,EBM-NLP,17321989,P3->P4,P3,P4,3,0.042217135429382324,1,1,1,1,1,0,-0.1333333333333333,0.1333333333333333,-0.1692307692307692,0.1692307692307692,0.0,0.0
mistral_7b_instruct_v03,EBM-NLP,17321989,P4->P5,P4,P5,3,0.06339881817499797,1,1,1,1,1,0,0.0,0.0,-0.1507692307692307,0.1507692307692307,0.0,0.0
mistral_7b_instruct_v03,EBM-NLP,17321989,P5->P6,P5,P6,3,0.0,1,1,1,1,1,0,0.0,0.0,0.0,0.0,0.0,0.0
mistral_7b_instruct_v03,EBM-NLP,17616069,P1->P2,P1,P2,3,0.02577666441599528,1,1,1,1,1,0,0.013348164627363712,0.013348164627363712,0.0956618464961067,0.0956618464961067,0.0,0.0
mistral_7b_instruct_v03,EBM-NLP,17616069,P2->P3,P2,P3,3,0.0,1,1,1,1,1,0,0.0,0.0,0.0,0.0,0.0,0.0
mistral_7b_instruct_v03,EBM-NLP,17616069,P3->P4,P3,P4,3,0.10265586773554485,1,1,1,1,1,0,-0.2068965517241379,0.2068965517241379,-0.3918495297805642,0.3918495297805642,0.0,0.0
mistral_7b_instruct_v03,EBM-NLP,17616069,P4->P5,P4,P5,3,0.0849364201227824,1,1,1,1,1,0,0.0909090909090909,0.0909090909090909,0.0,0.0,0.0,0.0
mistral_7b_instruct_v03,EBM-NLP,17616069,P5->P6,P5,P6,3,0.4376882513364156,1,1,1,1,1,0,-0.0909090909090909,0.0909090909090909,0.0995670995670996,0.0995670995670996,0.0,0.0
mistral_7b_instruct_v03,EBM-NLP,1780092,P1->P2,P1,P2,3,0.026120881239573162,1,1,1,1,1,0,0.2230769230769231,0.2230769230769231,0.06923076923076929,0.06923076923076929,0.0,0.0
mistral_7b_instruct_v03,EBM-NLP,1780092,P2->P3,P2,P3,3,0.09026833375295003,1,1,1,1,1,0,-0.1947368421052632,0.1947368421052632,0.01578947368421052,0.01578947368421052,0.0,0.0
mistral_7b_instruct_v03,EBM-NLP,1780092,P3->P4,P3,P4,3,0.41483598947525024,1,1,1,1,1,0,0.11695906432748542,0.11695906432748542,0.017543859649122806,0.017543859649122806,0.0,0.0
mistral_7b_instruct_v03,EBM-NLP,1780092,P4->P5,P4,P5,3,0.0,1,1,1,1,1,0,0.0,0.0,0.0,0.0,0.0,0.0
mistral_7b_instruct_v03,EBM-NLP,1780092,P5->P6,P5,P6,3,0.0,1,1,1,1,1,0,0.0,0.0,0.0,0.0,0.0,0.0
mistral_7b_instruct_v03,EBM-NLP,17897478,P1->P2,P1,P2,3,1.9868214925130207e-08,1,1,1,1,1,0,0.0,0.0,0.0,0.0,0.0,0.0
mistral_7b_instruct_v03,EBM-NLP,17897478,P2->P3,P2,P3,3,1.9868214925130207e-08,1,1,1,1,1,0,0.0,0.0,0.0,0.0,0.0,0.0
mistral_7b_instruct_v03,EBM-NLP,17897478,P3->P4,P3,P4,3,0.004637539386749268,1,1,1,1,1,0,-0.047233468286099894,0.047233468286099894,-0.04183535762483126,0.04183535762483126,0.0,0.0
mistral_7b_instruct_v03,EBM-NLP,17897478,P4->P5,P4,P5,3,0.3333333532015483,1,1,1,1,1,0,-0.09728867623604459,0.09728867623604459,-0.18660287081339713,0.18660287081339713,0.0,0.0
mistral_7b_instruct_v03,EBM-NLP,17897478,P5->P6,P5,P6,3,1.9868214925130207e-08,1,1,1,1,1,0,0.0,0.0,0.0,0.0,0.0,0.0
mistral_7b_instruct_v03,EBM-NLP,18077611,P1->P2,P1,P2,3,3.9736429850260414e-08,1,1,1,1,1,0,0.0,0.0,0.0,0.0,0.0,0.0
mistral_7b_instruct_v03,EBM-NLP,18077611,P2->P3,P2,P3,3,0.07270604372024536,1,1,1,1,1,0,0.0,0.0,0.0,0.0,0.0,0.0
mistral_7b_instruct_v03,EBM-NLP,18077611,P3->P4,P3,P4,3,0.43265867233276367,1,1,1,1,1,0,0.0588235294117647,0.0588235294117647,-0.0659536541889483,0.0659536541889483,0.0,0.0
mistral_7b_instruct_v03,EBM-NLP,18077611,P4->P5,P4,P5,3,0.3421595295270284,1,1,1,1,1,0,0.0017825311942959027,0.0017825311942959027,-0.0552584670231729,0.0552584670231729,0.0,0.0
mistral_7b_instruct_v03,EBM-NLP,18077611,P5->P6,P5,P6,3,0.37234880526860553,1,1,1,1,1,0,0.0060606060606059955,0.0060606060606059955,-0.054545454545454605,0.054545454545454605,0.0,0.0
mistral_7b_instruct_v03,EBM-NLP,18189160,P1->P2,P1,P2,3,0.03350569804509481,1,1,1,1,1,0,0.1144631765749779,0.1144631765749779,0.1472937000887311,0.1472937000887311,0.0,0.0
mistral_7b_instruct_v03,EBM-NLP,18189160,P2->P3,P2,P3,3,0.0018284519513448079,1,1,1,1,1,0,-0.027506654835847383,0.027506654835847383,-0.10381543921916592,0.10381543921916592,0.0,0.0
mistral_7b_instruct_v03,EBM-NLP,18189160,P3->P4,P3,P4,3,0.03555307785669962,1,1,1,1,1,0,-0.1304347826086957,0.1304347826086957,-0.08695652173913038,0.08695652173913038,0.0,0.0
mistral_7b_instruct_v03,EBM-NLP,18189160,P4->P5,P4,P5,3,0.07874927918116252,1,1,1,1,1,0,0.04940711462450589,0.04940711462450589,0.009881422924901101,0.009881422924901101,0.0,0.0
mistral_7b_instruct_v03,EBM-NLP,18189160,P5->P6,P5,P6,3,0.03845304250717163,1,1,1,1,1,0,-0.04940711462450589,0.04940711462450589,-0.05335968379446632,0.05335968379446632,0.0,0.0
mistral_7b_instruct_v03,EBM-NLP,18229990,P1->P2,P1,P2,3,0.005666097005208333,1,1,1,1,1,0,0.0,0.0,0.0,0.0,0.0,0.0
mistral_7b_instruct_v03,EBM-NLP,18229990,P2->P3,P2,P3,3,0.0300519863764445,1,1,1,1,1,0,-0.0769230769230769,0.0769230769230769,-0.0705128205128205,0.0705128205128205,0.0,0.0
mistral_7b_instruct_v03,EBM-NLP,18229990,P3->P4,P3,P4,3,0.032683332761128746,1,1,1,0,0,1,0.0833333333333333,0.0833333333333333,0.0,0.0,0.0,0.0
mistral_7b_instruct_v03,EBM-NLP,18229990,P4->P5,P4,P5,3,0.03108402093251546,1,1,0,1,0,0,0.0833333333333333,0.0833333333333333,0.0833333333333333,0.0833333333333333,0.0,0.0
mistral_7b_instruct_v03,EBM-NLP,18229990,P5->P6,P5,P6,3,0.0,1,1,1,1,1,0,0.0,0.0,0.0,0.0,0.0,0.0
mistral_7b_instruct_v03,EBM-NLP,18337284,P1->P2,P1,P2,3,0.0,1,1,1,1,1,0,0.0,0.0,0.0,0.0,0.0,0.0
mistral_7b_instruct_v03,EBM-NLP,18337284,P2->P3,P2,P3,3,0.0,1,1,1,1,1,0,0.0,0.0,0.0,0.0,0.0,0.0
mistral_7b_instruct_v03,EBM-NLP,18337284,P3->P4,P3,P4,3,0.005657076835632324,1,1,1,1,1,0,-0.0012820512820512983,0.0012820512820512983,0.04743589743589749,0.04743589743589749,0.0,0.0
mistral_7b_instruct_v03,EBM-NLP,18337284,P4->P5,P4,P5,3,0.33899041016896564,1,1,1,1,1,0,-0.0499999999999999,0.0499999999999999,-0.0973684210526316,0.0973684210526316,0.0,0.0
mistral_7b_instruct_v03,EBM-NLP,18337284,P5->P6,P5,P6,3,0.0,1,1,1,1,1,0,0.0,0.0,0.0,0.0,0.0,0.0
mistral_7b_instruct_v03,EBM-NLP,18503531,P1->P2,P1,P2,3,0.0013389786084493,1,1,1,1,1,0,0.0,0.0,0.0,0.0,0.0,0.0
mistral_7b_instruct_v03,EBM-NLP,18503531,P2->P3,P2,P3,3,0.0005014340082804362,1,1,1,1,1,0,0.0,0.0,0.015873015873015928,0.015873015873015928,0.0,0.0
mistral_7b_instruct_v03,EBM-NLP,18503531,P3->P4,P3,P4,3,0.3333333333333333,1,1,1,1,1,0,0.0,0.0,-0.24444444444444452,0.24444444444444452,0.0,0.0
mistral_7b_instruct_v03,EBM-NLP,18503531,P4->P5,P4,P5,3,0.04907019933064779,1,1,1,1,1,0,0.0,0.0,-0.1,0.1,0.0,0.0
mistral_7b_instruct_v03,EBM-NLP,18503531,P5->P6,P5,P6,3,0.0,1,1,1,1,1,0,0.0,0.0,0.0,0.0,0.0,0.0
mistral_7b_instruct_v03,EBM-NLP,18544974,P1->P2,P1,P2,3,0.04904665549596151,1,1,1,1,1,0,-0.02850712678169541,0.02850712678169541,-0.0855213803450863,0.0855213803450863,0.0,0.0
mistral_7b_instruct_v03,EBM-NLP,18544974,P2->P3,P2,P3,3,0.0,1,1,1,1,1,0,0.0,0.0,0.0,0.0,0.0,0.0
mistral_7b_instruct_v03,EBM-NLP,18544974,P3->P4,P3,P4,3,0.3432495395342509,1,1,1,0,0,1,0.05669599217986321,0.05669599217986321,-0.01173020527859231,0.01173020527859231,0.0,0.0
mistral_7b_instruct_v03,EBM-NLP,18544974,P4->P5,P4,P5,3,0.3407236337661743,1,1,0,1,0,0,-0.018648018648018697,0.018648018648018697,0.07459207459207459,0.07459207459207459,0.0,0.0
mistral_7b_instruct_v03,EBM-NLP,18544974,P5->P6,P5,P6,3,0.33790330092112225,1,1,1,1,1,0,0.018648018648018697,0.018648018648018697,-0.07459207459207459,0.07459207459207459,0.0,0.0
mistral_7b_instruct_v03,EBM-NLP,18773733,P1->P2,P1,P2,3,0.029558877150217693,1,1,1,1,1,0,-0.14473684210526322,0.14473684210526322,-0.14473684210526322,0.14473684210526322,0.0,0.0
mistral_7b_instruct_v03,EBM-NLP,18773733,P2->P3,P2,P3,3,3.9736429850260414e-08,1,1,1,1,1,0,0.0,0.0,0.0,0.0,0.0,0.0
mistral_7b_instruct_v03,EBM-NLP,18773733,P3->P4,P3,P4,3,0.35974061489105225,1,1,1,1,1,0,0.00584795321637431,0.00584795321637431,0.00584795321637431,0.00584795321637431,0.0,0.0
mistral_7b_instruct_v03,EBM-NLP,18773733,P4->P5,P4,P5,3,0.6666667064030966,1,1,1,1,1,0,0.0,0.0,0.0,0.0,0.0,0.0
mistral_7b_instruct_v03,EBM-NLP,18773733,P5->P6,P5,P6,3,0.6666667064030966,1,1,1,1,1,0,0.0,0.0,0.0,0.0,0.0,0.0
mistral_7b_instruct_v03,EBM-NLP,18783504,P1->P2,P1,P2,3,0.0015841126441955566,1,1,1,1,1,0,0.0540540540540541,0.0540540540540541,0.054054054054054,0.054054054054054,0.0,0.0
mistral_7b_instruct_v03,EBM-NLP,18783504,P2->P3,P2,P3,3,0.028423845767974854,1,1,1,1,1,0,0.0,0.0,0.05405405405405411,0.05405405405405411,0.0,0.0
mistral_7b_instruct_v03,EBM-NLP,18783504,P3->P4,P3,P4,3,0.16743908325831094,1,1,1,1,1,0,-0.0475020475020475,0.0475020475020475,-0.3177723177723178,0.3177723177723178,0.0,0.0
mistral_7b_instruct_v03,EBM-NLP,18783504,P4->P5,P4,P5,3,0.12454221645991008,1,1,1,1,1,0,0.09324009324009319,0.09324009324009319,0.29836829836829837,0.29836829836829837,0.0,0.0
mistral_7b_instruct_v03,EBM-NLP,18783504,P5->P6,P5,P6,3,0.0040713151295979815,1,1,1,1,1,0,-0.10121457489878541,0.10121457489878541,-0.04318488529014847,0.04318488529014847,0.0,0.0
mistral_7b_instruct_v03,EBM-NLP,18845996,P1->P2,P1,P2,3,0.0867239236831665,1,1,1,1,1,0,0.0,0.0,-0.03968253968253971,0.03968253968253971,0.0,0.0
mistral_7b_instruct_v03,EBM-NLP,18845996,P2->P3,P2,P3,3,0.0,1,1,1,1,1,0,0.0,0.0,0.0,0.0,0.0,0.0
mistral_7b_instruct_v03,EBM-NLP,18845996,P3->P4,P3,P4,3,0.0,1,1,1,1,1,0,0.0,0.0,0.0,0.0,0.0,0.0
mistral_7b_instruct_v03,EBM-NLP,18845996,P4->P5,P4,P5,3,0.018436272939046223,1,1,1,1,1,0,0.0,0.0,0.0,0.0,0.0,0.0
mistral_7b_instruct_v03,EBM-NLP,18845996,P5->P6,P5,P6,3,0.0,1,1,1,1,1,0,0.0,0.0,0.0,0.0,0.0,0.0
mistral_7b_instruct_v03,EBM-NLP,18958161,P1->P2,P1,P2,3,0.07228749990463257,1,1,1,1,1,0,0.0,0.0,-0.22807017543859653,0.22807017543859653,0.0,0.0
mistral_7b_instruct_v03,EBM-NLP,18958161,P2->P3,P2,P3,3,0.01741639773050944,1,1,1,1,1,0,0.0,0.0,0.1052631578947368,0.1052631578947368,0.0,0.0
mistral_7b_instruct_v03,EBM-NLP,18958161,P3->P4,P3,P4,3,0.2022732893625895,1,1,1,1,1,0,0.0,0.0,-0.2105263157894736,0.2105263157894736,0.0,0.0
mistral_7b_instruct_v03,EBM-NLP,18958161,P4->P5,P4,P5,3,0.0,1,1,1,1,1,0,0.0,0.0,0.0,0.0,0.0,0.0
mistral_7b_instruct_v03,EBM-NLP,18958161,P5->P6,P5,P6,3,0.3333333333333333,1,1,1,1,1,0,0.0,0.0,0.0,0.0,0.0,0.0
mistral_7b_instruct_v03,EBM-NLP,18975051,P1->P2,P1,P2,3,0.0920029083887736,1,1,1,1,1,0,0.0,0.0,0.004329004329004307,0.004329004329004307,0.0,0.0
mistral_7b_instruct_v03,EBM-NLP,18975051,P2->P3,P2,P3,3,0.006705443064371745,1,1,1,1,1,0,0.0,0.0,-0.0952380952380952,0.0952380952380952,0.0,0.0
mistral_7b_instruct_v03,EBM-NLP,18975051,P3->P4,P3,P4,3,0.42702974875768024,1,1,1,1,1,0,0.0,0.0,0.0,0.0,0.0,0.0
mistral_7b_instruct_v03,EBM-NLP,18975051,P4->P5,P4,P5,3,0.5035683314005533,1,1,1,1,1,0,0.1333333333333333,0.1333333333333333,0.1333333333333333,0.1333333333333333,0.0,0.0
mistral_7b_instruct_v03,EBM-NLP,18975051,P5->P6,P5,P6,3,0.4173675576845805,1,1,1,1,1,0,-0.1333333333333333,0.1333333333333333,-0.1333333333333333,0.1333333333333333,0.0,0.0
mistral_7b_instruct_v03,EBM-NLP,19096921,P1->P2,P1,P2,3,0.01505368947982788,1,1,1,1,1,0,-0.1428571428571428,0.1428571428571428,0.0,0.0,0.0,0.0
mistral_7b_instruct_v03,EBM-NLP,19096921,P2->P3,P2,P3,3,3.9736429850260414e-08,1,1,1,1,1,0,0.0,0.0,0.0,0.0,0.0,0.0
mistral_7b_instruct_v03,EBM-NLP,19096921,P3->P4,P3,P4,3,0.07550346851348877,1,1,1,1,1,0,0.0,0.0,-0.09523809523809518,0.09523809523809518,0.0,0.0
mistral_7b_instruct_v03,EBM-NLP,19096921,P4->P5,P4,P5,3,0.07070036729176839,1,1,1,1,1,0,0.074074074074074,0.074074074074074,0.11111111111111116,0.11111111111111116,0.0,0.0
mistral_7b_instruct_v03,EBM-NLP,19096921,P5->P6,P5,P6,3,0.007593313852945964,1,1,1,1,1,0,0.0,0.0,0.0,0.0,0.0,0.0
mistral_7b_instruct_v03,EBM-NLP,19108790,P1->P2,P1,P2,3,0.11578820149103801,1,1,1,1,1,0,-0.0018808777429467002,0.0018808777429467002,-0.005642633228840205,0.005642633228840205,0.0,0.0
mistral_7b_instruct_v03,EBM-NLP,19108790,P2->P3,P2,P3,3,0.08353994290033977,1,1,1,1,1,0,0.0018808777429467002,0.0018808777429467002,0.005642633228840205,0.005642633228840205,0.0,0.0
mistral_7b_instruct_v03,EBM-NLP,19108790,P3->P4,P3,P4,3,0.36558159192403156,1,1,1,1,1,0,0.0006734006734007009,0.0006734006734007009,-0.0350168350168351,0.0350168350168351,0.0,0.0
mistral_7b_instruct_v03,EBM-NLP,19108790,P4->P5,P4,P5,3,0.37082574764887494,1,1,1,1,1,0,-0.037037037037037,0.037037037037037,0.002849002849002899,0.002849002849002899,0.0,0.0
mistral_7b_instruct_v03,EBM-NLP,19108790,P5->P6,P5,P6,3,0.03999314705530802,1,1,1,1,1,0,0.1111111111111111,0.1111111111111111,0.1082621082621083,0.1082621082621083,0.0,0.0
mistral_7b_instruct_v03,EBM-NLP,19159999,P1->P2,P1,P2,3,0.10790061950683594,1,1,1,1,1,0,0.014814814814814808,0.014814814814814808,0.029629629629629672,0.029629629629629672,0.0,0.0
mistral_7b_instruct_v03,EBM-NLP,19159999,P2->P3,P2,P3,3,3.9736429850260414e-08,1,1,1,1,1,0,0.0,0.0,0.0,0.0,0.0,0.0
mistral_7b_instruct_v03,EBM-NLP,19159999,P3->P4,P3,P4,3,1.0,1,1,1,0,0,1,-0.1481481481481481,0.1481481481481481,-0.2962962962962963,0.2962962962962963,0.0,0.0
mistral_7b_instruct_v03,EBM-NLP,19159999,P4->P5,P4,P5,3,0.0,1,1,0,0,0,0,0.0,0.0,0.0,0.0,0.0,0.0
mistral_7b_instruct_v03,EBM-NLP,19159999,P5->P6,P5,P6,3,1.0,1,1,0,1,0,0,0.1481481481481481,0.1481481481481481,0.2222222222222221,0.2222222222222221,0.0,0.0
mistral_7b_instruct_v03,EBM-NLP,19301724,P1->P2,P1,P2,3,0.09055370092391968,1,1,1,1,1,0,-0.04878048780487801,0.04878048780487801,-0.04878048780487801,0.04878048780487801,0.0,0.0
mistral_7b_instruct_v03,EBM-NLP,19301724,P2->P3,P2,P3,3,0.09055370092391968,1,1,1,1,1,0,0.04878048780487801,0.04878048780487801,0.04878048780487801,0.04878048780487801,0.0,0.0
mistral_7b_instruct_v03,EBM-NLP,19301724,P3->P4,P3,P4,3,0.3806408643722534,1,1,1,1,1,0,-0.12269031781226901,0.12269031781226901,-0.12269031781226901,0.12269031781226901,0.0,0.0
mistral_7b_instruct_v03,EBM-NLP,19301724,P4->P5,P4,P5,3,0.04730753103892008,1,1,1,1,1,0,0.060606060606060594,0.060606060606060594,0.060606060606060594,0.060606060606060594,0.0,0.0
mistral_7b_instruct_v03,EBM-NLP,19301724,P5->P6,P5,P6,3,3.9736429850260414e-08,1,1,1,1,1,0,0.0,0.0,0.0,0.0,0.0,0.0
mistral_7b_instruct_v03,EBM-NLP,19376304,P1->P2,P1,P2,3,0.025492151578267414,1,1,1,1,1,0,0.019736842105263205,0.019736842105263205,0.03947368421052641,0.03947368421052641,0.0,0.0
mistral_7b_instruct_v03,EBM-NLP,19376304,P2->P3,P2,P3,3,0.06858607133229573,1,1,1,1,1,0,-0.125,0.125,-0.1547619047619048,0.1547619047619048,0.0,0.0
mistral_7b_instruct_v03,EBM-NLP,19376304,P3->P4,P3,P4,3,0.4004130760828654,1,1,1,1,1,0,0.2,0.2,0.20476190476190478,0.20476190476190478,0.0,0.0
mistral_7b_instruct_v03,EBM-NLP,19376304,P4->P5,P4,P5,3,0.38935863971710205,1,1,1,1,1,0,-0.10909090909090911,0.10909090909090911,-0.1181818181818182,0.1181818181818182,0.0,0.0
mistral_7b_instruct_v03,EBM-NLP,19376304,P5->P6,P5,P6,3,0.05836667617162069,1,1,1,1,1,0,0.19480519480519481,0.19480519480519481,0.1991341991341992,0.1991341991341992,0.0,0.0
mistral_7b_instruct_v03,EBM-NLP,1963383,P1->P2,P1,P2,3,0.03188143173853556,1,1,1,1,1,0,0.00584795321637431,0.00584795321637431,-0.04093567251461988,0.04093567251461988,0.0,0.0
mistral_7b_instruct_v03,EBM-NLP,1963383,P2->P3,P2,P3,3,0.017520328362782795,1,1,1,1,1,0,0.042735042735042694,0.042735042735042694,0.0854700854700855,0.0854700854700855,0.0,0.0
mistral_7b_instruct_v03,EBM-NLP,1963383,P3->P4,P3,P4,3,0.35067810614903766,1,1,1,1,1,0,-0.1538461538461538,0.1538461538461538,-0.2207357859531773,0.2207357859531773,0.0,0.0
mistral_7b_instruct_v03,EBM-NLP,1963383,P4->P5,P4,P5,3,0.3983702063560486,1,1,1,1,1,0,0.0,0.0,0.021151586368977696,0.021151586368977696,0.0,0.0
mistral_7b_instruct_v03,EBM-NLP,1963383,P5->P6,P5,P6,3,0.00032061338424682617,1,1,1,1,1,0,0.0,0.0,-0.0028449502133713056,0.0028449502133713056,0.0,0.0
mistral_7b_instruct_v03,EBM-NLP,1968178,P1->P2,P1,P2,3,0.029375890890757244,1,1,1,1,1,0,-0.1630769230769231,0.1630769230769231,-0.01538461538461533,0.01538461538461533,0.0,0.0
mistral_7b_instruct_v03,EBM-NLP,1968178,P2->P3,P2,P3,3,0.01979660987854004,1,1,1,1,1,0,0.003076923076923102,0.003076923076923102,0.01538461538461533,0.01538461538461533,0.0,0.0
mistral_7b_instruct_v03,EBM-NLP,1968178,P3->P4,P3,P4,3,0.053152004877726235,1,1,1,1,1,0,-0.08,0.08,-0.019047619047619035,0.019047619047619035,0.0,0.0
mistral_7b_instruct_v03,EBM-NLP,1968178,P4->P5,P4,P5,3,0.035112460454305015,1,1,1,1,1,0,0.0952380952380952,0.0952380952380952,0.0,0.0,0.0,0.0
mistral_7b_instruct_v03,EBM-NLP,1968178,P5->P6,P5,P6,3,0.0391836961110433,1,1,1,1,1,0,0.01002506265664159,0.01002506265664159,-0.06516290726817037,0.06516290726817037,0.0,0.0
mistral_7b_instruct_v03,EBM-NLP,19708562,P1->P2,P1,P2,3,0.03196932872136434,1,1,1,1,1,0,0.019607843137254888,0.019607843137254888,0.0326797385620915,0.0326797385620915,0.0,0.0
mistral_7b_instruct_v03,EBM-NLP,19708562,P2->P3,P2,P3,3,0.03147164980570475,1,1,1,1,1,0,-0.11764705882352941,0.11764705882352941,-0.1176470588235295,0.1176470588235295,0.0,0.0
mistral_7b_instruct_v03,EBM-NLP,19708562,P3->P4,P3,P4,3,0.04697922865549723,1,1,1,1,1,0,0.11764705882352941,0.11764705882352941,0.1176470588235295,0.1176470588235295,0.0,0.0
mistral_7b_instruct_v03,EBM-NLP,19708562,P4->P5,P4,P5,3,0.07153135538101196,1,1,1,1,1,0,-0.1424148606811145,0.1424148606811145,-0.27244582043343657,0.27244582043343657,0.0,0.0
mistral_7b_instruct_v03,EBM-NLP,19708562,P5->P6,P5,P6,3,0.07153135538101196,1,1,1,1,1,0,0.1424148606811145,0.1424148606811145,0.27244582043343657,0.27244582043343657,0.0,0.0
mistral_7b_instruct_v03,EBM-NLP,19727232,P1->P2,P1,P2,3,0.0,1,1,1,1,1,0,0.0,0.0,0.0,0.0,0.0,0.0
mistral_7b_instruct_v03,EBM-NLP,19727232,P2->P3,P2,P3,3,0.0,1,1,1,1,1,0,0.0,0.0,0.0,0.0,0.0,0.0
mistral_7b_instruct_v03,EBM-NLP,19727232,P3->P4,P3,P4,3,0.004961828390757243,1,1,1,1,1,0,-0.010217113665389521,0.010217113665389521,-0.010217113665389521,0.010217113665389521,0.0,0.0
mistral_7b_instruct_v03,EBM-NLP,19727232,P4->P5,P4,P5,3,0.023532330989837646,1,1,1,1,1,0,0.0495689655172413,0.0495689655172413,0.1745689655172414,0.1745689655172414,0.0,0.0
mistral_7b_instruct_v03,EBM-NLP,19727232,P5->P6,P5,P6,3,0.027203222115834553,1,1,1,1,1,0,-0.03935185185185178,0.03935185185185178,-0.1643518518518519,0.1643518518518519,0.0,0.0
mistral_7b_instruct_v03,EBM-NLP,19802506,P1->P2,P1,P2,3,0.0,1,1,1,1,1,0,0.0,0.0,0.0,0.0,0.0,0.0
mistral_7b_instruct_v03,EBM-NLP,19802506,P2->P3,P2,P3,3,0.024019042650858562,1,1,1,1,1,0,0.07673469387755108,0.07673469387755108,0.03428571428571431,0.03428571428571431,0.0,0.0
mistral_7b_instruct_v03,EBM-NLP,19802506,P3->P4,P3,P4,3,0.05403210719426473,1,1,1,1,1,0,-0.07333333333333339,0.07333333333333339,-0.07,0.07,0.0,0.0
mistral_7b_instruct_v03,EBM-NLP,19802506,P4->P5,P4,P5,3,0.053264319896698,1,1,1,1,1,0,-0.0777777777777778,0.0777777777777778,-0.1166666666666667,0.1166666666666667,0.0,0.0
mistral_7b_instruct_v03,EBM-NLP,19802506,P5->P6,P5,P6,3,0.010055303573608398,1,1,1,1,1,0,0.0,0.0,0.0,0.0,0.0,0.0
mistral_7b_instruct_v03,EBM-NLP,20147856,P1->P2,P1,P2,3,0.0035909811655680337,1,1,1,1,1,0,0.005692599620493295,0.005692599620493295,0.011385199240986701,0.011385199240986701,0.0,0.0
mistral_7b_instruct_v03,EBM-NLP,20147856,P2->P3,P2,P3,3,0.0662195086479187,1,1,1,1,1,0,-0.064516129032258,0.064516129032258,0.030967741935483906,0.030967741935483906,0.0,0.0
mistral_7b_instruct_v03,EBM-NLP,20147856,P3->P4,P3,P4,3,0.08887370427449544,1,1,1,1,1,0,0.0833333333333333,0.0833333333333333,0.006666666666666599,0.006666666666666599,0.0,0.0
mistral_7b_instruct_v03,EBM-NLP,20147856,P4->P5,P4,P5,3,0.0,1,1,1,1,1,0,0.0,0.0,0.0,0.0,0.0,0.0
mistral_7b_instruct_v03,EBM-NLP,20147856,P5->P6,P5,P6,3,0.0,1,1,1,1,1,0,0.0,0.0,0.0,0.0,0.0,0.0
mistral_7b_instruct_v03,EBM-NLP,20189026,P1->P2,P1,P2,3,0.019121607144673664,1,1,1,1,1,0,0.002298850574712699,0.002298850574712699,0.004597701149425287,0.004597701149425287,0.0,0.0
mistral_7b_instruct_v03,EBM-NLP,20189026,P2->P3,P2,P3,3,0.07379744450251262,1,1,1,1,1,0,0.0,0.0,0.0,0.0,0.0,0.0
mistral_7b_instruct_v03,EBM-NLP,20189026,P3->P4,P3,P4,3,0.12758187452952066,1,1,1,1,1,0,0.0689655172413793,0.0689655172413793,0.06896551724137931,0.06896551724137931,0.0,0.0
mistral_7b_instruct_v03,EBM-NLP,20189026,P4->P5,P4,P5,3,0.0,1,1,1,1,1,0,0.0,0.0,0.0,0.0,0.0,0.0
mistral_7b_instruct_v03,EBM-NLP,20189026,P5->P6,P5,P6,3,0.0,1,1,1,1,1,0,0.0,0.0,0.0,0.0,0.0,0.0
mistral_7b_instruct_v03,EBM-NLP,20226474,P1->P2,P1,P2,3,0.0007882515589396158,1,1,1,1,1,0,0.0020202020202021026,0.0020202020202021026,0.0030303030303029943,0.0030303030303029943,0.0,0.0
mistral_7b_instruct_v03,EBM-NLP,20226474,P2->P3,P2,P3,3,0.0,1,1,1,1,1,0,0.0,0.0,0.0,0.0,0.0,0.0
mistral_7b_instruct_v03,EBM-NLP,20226474,P3->P4,P3,P4,3,0.3381204605102539,1,1,1,1,1,0,0.014354066985645897,0.014354066985645897,0.0215311004784689,0.0215311004784689,0.0,0.0
mistral_7b_instruct_v03,EBM-NLP,20226474,P4->P5,P4,P5,3,0.3333333333333333,1,1,1,1,1,0,0.048582995951417005,0.048582995951417005,0.047233468286099894,0.047233468286099894,0.0,0.0
mistral_7b_instruct_v03,EBM-NLP,20226474,P5->P6,P5,P6,3,0.3333333333333333,1,1,1,1,1,0,-0.048582995951417005,0.048582995951417005,-0.047233468286099894,0.047233468286099894,0.0,0.0
mistral_7b_instruct_v03,EBM-NLP,20509069,P1->P2,P1,P2,3,0.007082581520080566,1,1,1,1,1,0,0.1052631578947368,0.1052631578947368,0.0,0.0,0.0,0.0
mistral_7b_instruct_v03,EBM-NLP,20509069,P2->P3,P2,P3,3,7.947285970052083e-08,1,1,1,1,1,0,0.0,0.0,0.0,0.0,0.0,0.0
mistral_7b_instruct_v03,EBM-NLP,20509069,P3->P4,P3,P4,3,0.009513318538665771,1,1,1,0,0,1,-0.1052631578947368,0.1052631578947368,-0.1857585139318886,0.1857585139318886,0.0,0.0
mistral_7b_instruct_v03,EBM-NLP,20509069,P4->P5,P4,P5,3,0.3333333333333333,1,1,0,1,0,0,0.0,0.0,0.0,0.0,0.0,0.0
mistral_7b_instruct_v03,EBM-NLP,20509069,P5->P6,P5,P6,3,0.3333333333333333,1,1,1,1,1,0,0.0,0.0,-0.013071895424836583,0.013071895424836583,0.0,0.0
mistral_7b_instruct_v03,EBM-NLP,20560622,P1->P2,P1,P2,3,0.03512972593307495,1,1,1,1,1,0,0.12622720897615708,0.12622720897615708,0.23281907433380084,0.23281907433380084,0.0,0.0
mistral_7b_instruct_v03,EBM-NLP,20560622,P2->P3,P2,P3,3,0.03397494554519653,1,1,1,1,1,0,-0.05376344086021506,0.05376344086021506,-0.16397849462365593,0.16397849462365593,0.0,0.0
mistral_7b_instruct_v03,EBM-NLP,20560622,P3->P4,P3,P4,3,1.0,1,1,1,0,0,1,-0.3333333333333333,0.3333333333333333,-0.4166666666666667,0.4166666666666667,0.0,0.0
mistral_7b_instruct_v03,EBM-NLP,20560622,P4->P5,P4,P5,3,1.0,1,1,0,1,0,0,0.4444444444444444,0.4444444444444444,0.5925925925925926,0.5925925925925926,0.0,0.0
mistral_7b_instruct_v03,EBM-NLP,20560622,P5->P6,P5,P6,3,0.08043766021728516,1,1,1,1,1,0,-0.25396825396825395,0.25396825396825395,-0.30687830687830686,0.30687830687830686,0.0,0.0
mistral_7b_instruct_v03,EBM-NLP,20618920,P1->P2,P1,P2,3,0.0686669150988261,1,1,1,1,1,0,-0.1666666666666666,0.1666666666666666,0.0,0.0,0.0,0.0
mistral_7b_instruct_v03,EBM-NLP,20618920,P2->P3,P2,P3,3,0.064370592435201,1,1,1,1,1,0,0.0,0.0,0.0,0.0,0.0,0.0
mistral_7b_instruct_v03,EBM-NLP,20618920,P3->P4,P3,P4,3,0.0,1,1,1,1,1,0,0.0,0.0,0.0,0.0,0.0,0.0
mistral_7b_instruct_v03,EBM-NLP,20618920,P4->P5,P4,P5,3,0.0,1,1,1,1,1,0,0.0,0.0,0.0,0.0,0.0,0.0
mistral_7b_instruct_v03,EBM-NLP,20618920,P5->P6,P5,P6,3,0.0,1,1,1,1,1,0,0.0,0.0,0.0,0.0,0.0,0.0
mistral_7b_instruct_v03,EBM-NLP,2066441,P1->P2,P1,P2,3,0.01568945248921712,1,1,1,1,1,0,-0.0625,0.0625,0.02403846153846162,0.02403846153846162,0.0,0.0
mistral_7b_instruct_v03,EBM-NLP,2066441,P2->P3,P2,P3,3,1.9868214925130207e-08,1,1,1,1,1,0,0.0,0.0,0.0,0.0,0.0,0.0
mistral_7b_instruct_v03,EBM-NLP,2066441,P3->P4,P3,P4,3,0.3386465311050415,1,1,1,0,0,1,0.0,0.0,-0.1888111888111888,0.1888111888111888,0.0,0.0
mistral_7b_instruct_v03,EBM-NLP,2066441,P4->P5,P4,P5,3,0.37978506088256836,1,1,0,1,0,0,0.1739130434782609,0.1739130434782609,0.1620553359683795,0.1620553359683795,0.0,0.0
mistral_7b_instruct_v03,EBM-NLP,2066441,P5->P6,P5,P6,3,0.0031638145446777344,1,1,1,1,1,0,0.0,0.0,-0.08695652173913043,0.08695652173913043,0.0,0.0
mistral_7b_instruct_v03,EBM-NLP,20739054,P1->P2,P1,P2,3,0.002098838488260905,1,1,1,1,1,0,0.001451378809869397,0.001451378809869397,-0.034833091436865,0.034833091436865,0.0,0.0
mistral_7b_instruct_v03,EBM-NLP,20739054,P2->P3,P2,P3,3,0.028699100017547607,1,1,1,1,1,0,0.011965811965811896,0.011965811965811896,-0.064957264957265,0.064957264957265,0.0,0.0
mistral_7b_instruct_v03,EBM-NLP,20739054,P3->P4,P3,P4,3,0.11498266458511353,1,1,1,1,1,0,-0.0444444444444444,0.0444444444444444,0.0,0.0,0.0,0.0
mistral_7b_instruct_v03,EBM-NLP,20739054,P4->P5,P4,P5,3,0.3919746478398641,1,1,1,1,1,0,0.0464646464646465,0.0464646464646465,0.0020202020202021026,0.0020202020202021026,0.0,0.0
mistral_7b_instruct_v03,EBM-NLP,20739054,P5->P6,P5,P6,3,0.0,1,1,1,1,1,0,0.0,0.0,0.0,0.0,0.0,0.0
mistral_7b_instruct_v03,EBM-NLP,20804366,P1->P2,P1,P2,3,0.005658109982808431,1,1,1,1,1,0,-0.0645161290322581,0.0645161290322581,-0.06451612903225812,0.06451612903225812,0.0,0.0
mistral_7b_instruct_v03,EBM-NLP,20804366,P2->P3,P2,P3,3,0.054822285970052086,1,1,1,1,1,0,0.1259600614439324,0.1259600614439324,0.1874039938556067,0.1874039938556067,0.0,0.0
mistral_7b_instruct_v03,EBM-NLP,20804366,P3->P4,P3,P4,3,0.3424643874168396,1,1,1,1,1,0,0.009523809523809601,0.009523809523809601,-0.08095238095238089,0.08095238095238089,0.0,0.0
mistral_7b_instruct_v03,EBM-NLP,20804366,P4->P5,P4,P5,3,0.3424643874168396,1,1,1,1,1,0,-0.07096774193548391,0.07096774193548391,-0.04193548387096768,0.04193548387096768,0.0,0.0
mistral_7b_instruct_v03,EBM-NLP,20804366,P5->P6,P5,P6,3,0.0,1,1,1,1,1,0,0.0,0.0,0.0,0.0,0.0,0.0
mistral_7b_instruct_v03,EBM-NLP,2088233,P1->P2,P1,P2,3,0.02464739481608073,1,1,1,1,1,0,-0.032667876588021796,0.032667876588021796,-0.06533575317604359,0.06533575317604359,0.0,0.0
mistral_7b_instruct_v03,EBM-NLP,2088233,P2->P3,P2,P3,3,0.003375271956125895,1,1,1,1,1,0,-0.1052631578947368,0.1052631578947368,0.0,0.0,0.0,0.0
mistral_7b_instruct_v03,EBM-NLP,2088233,P3->P4,P3,P4,3,0.05853386720021566,1,1,1,1,1,0,0.1052631578947368,0.1052631578947368,0.10526315789473692,0.10526315789473692,0.0,0.0
mistral_7b_instruct_v03,EBM-NLP,2088233,P4->P5,P4,P5,3,0.015098512172698975,1,1,1,1,1,0,0.1052631578947368,0.1052631578947368,0.0,0.0,0.0,0.0
mistral_7b_instruct_v03,EBM-NLP,2088233,P5->P6,P5,P6,3,0.003838519255320231,1,1,1,1,1,0,-0.1052631578947368,0.1052631578947368,0.0,0.0,0.0,0.0
mistral_7b_instruct_v03,EBM-NLP,20943715,P1->P2,P1,P2,3,0.0001698136329650879,1,1,1,1,1,0,0.05,0.05,0.0,0.0,0.0,0.0
mistral_7b_instruct_v03,EBM-NLP,20943715,P2->P3,P2,P3,3,0.02674923340479533,1,1,1,1,1,0,-0.1,0.1,-0.18378378378378382,0.18378378378378382,0.0,0.0
mistral_7b_instruct_v03,EBM-NLP,20943715,P3->P4,P3,P4,3,0.14950082699457803,1,1,1,1,1,0,0.1212121212121212,0.1212121212121212,-0.034398034398034405,0.034398034398034405,0.0,0.0
mistral_7b_instruct_v03,EBM-NLP,20943715,P4->P5,P4,P5,3,0.36700530846913654,1,1,1,1,1,0,0.0037878787878787984,0.0037878787878787984,-0.056818181818181795,0.056818181818181795,0.0,0.0
mistral_7b_instruct_v03,EBM-NLP,20943715,P5->P6,P5,P6,3,0.33732036749521893,1,1,1,1,1,0,-0.070945945945946,0.070945945945946,0.1993243243243243,0.1993243243243243,0.0,0.0
mistral_7b_instruct_v03,EBM-NLP,21029638,P1->P2,P1,P2,3,0.04532672961552938,1,1,1,1,1,0,-0.064516129032258,0.064516129032258,0.008898776418242493,0.008898776418242493,0.0,0.0
mistral_7b_instruct_v03,EBM-NLP,21029638,P2->P3,P2,P3,3,0.025914669036865234,1,1,1,1,1,0,0.0,0.0,0.015915119363395208,0.015915119363395208,0.0,0.0
mistral_7b_instruct_v03,EBM-NLP,21029638,P3->P4,P3,P4,3,0.0,1,1,1,1,1,0,0.0,0.0,0.0,0.0,0.0,0.0
mistral_7b_instruct_v03,EBM-NLP,21029638,P4->P5,P4,P5,3,0.3333333333333333,1,1,1,1,1,0,0.0,0.0,-0.0738461538461538,0.0738461538461538,0.0,0.0
mistral_7b_instruct_v03,EBM-NLP,21029638,P5->P6,P5,P6,3,0.0,1,1,1,1,1,0,0.0,0.0,0.0,0.0,0.0,0.0
mistral_7b_instruct_v03,EBM-NLP,21106663,P1->P2,P1,P2,3,0.05013545354207357,1,1,1,1,1,0,-0.0888888888888889,0.0888888888888889,0.033333333333333326,0.033333333333333326,0.0,0.0
mistral_7b_instruct_v03,EBM-NLP,21106663,P2->P3,P2,P3,3,1.9868214925130207e-08,1,1,1,1,1,0,0.0,0.0,0.0,0.0,0.0,0.0
mistral_7b_instruct_v03,EBM-NLP,21106663,P3->P4,P3,P4,3,0.07639845212300618,1,1,1,1,1,0,-0.00584795321637431,0.00584795321637431,-0.017543859649122806,0.017543859649122806,0.0,0.0
mistral_7b_instruct_v03,EBM-NLP,21106663,P4->P5,P4,P5,3,0.09876728057861328,1,1,1,1,1,0,0.012383900928792602,0.012383900928792602,-0.19814241486068113,0.19814241486068113,0.0,0.0
mistral_7b_instruct_v03,EBM-NLP,21106663,P5->P6,P5,P6,3,0.0,1,1,1,1,1,0,0.0,0.0,0.0,0.0,0.0,0.0
mistral_7b_instruct_v03,EBM-NLP,21170734,P1->P2,P1,P2,3,0.01936952273050944,1,1,1,1,1,0,0.0,0.0,-0.0555555555555555,0.0555555555555555,0.0,0.0
mistral_7b_instruct_v03,EBM-NLP,21170734,P2->P3,P2,P3,3,0.015879034996032715,1,1,1,1,1,0,0.0555555555555555,0.0555555555555555,0.1111111111111111,0.1111111111111111,0.0,0.0
mistral_7b_instruct_v03,EBM-NLP,21170734,P3->P4,P3,P4,3,0.06662289301554362,1,1,1,1,1,0,0.14444444444444451,0.14444444444444451,-0.0222222222222222,0.0222222222222222,0.0,0.0
mistral_7b_instruct_v03,EBM-NLP,21170734,P4->P5,P4,P5,3,0.04486934343973795,1,1,1,1,1,0,-0.10909090909090911,0.10909090909090911,0.16363636363636358,0.16363636363636358,0.0,0.0
mistral_7b_instruct_v03,EBM-NLP,21170734,P5->P6,P5,P6,3,0.3333333333333333,1,1,1,1,1,0,-0.0909090909090909,0.0909090909090909,-0.2583732057416268,0.2583732057416268,0.0,0.0
mistral_7b_instruct_v03,EBM-NLP,21211686,P1->P2,P1,P2,3,0.01811144749323527,1,1,1,1,1,0,-0.1950431034482758,0.1950431034482758,-0.07327586206896569,0.07327586206896569,0.0,0.0
mistral_7b_instruct_v03,EBM-NLP,21211686,P2->P3,P2,P3,3,0.017638226350148518,1,1,1,1,1,0,0.13212719298245612,0.13212719298245612,0.010964912280701788,0.010964912280701788,0.0,0.0
mistral_7b_instruct_v03,EBM-NLP,21211686,P3->P4,P3,P4,3,0.02494978904724121,1,1,1,1,1,0,-0.2657708100037327,0.2657708100037327,-0.25830533781261655,0.25830533781261655,0.0,0.0
mistral_7b_instruct_v03,EBM-NLP,21211686,P4->P5,P4,P5,3,0.1490576465924581,1,1,1,1,1,0,-0.0851063829787234,0.0851063829787234,-0.042553191489361694,0.042553191489361694,0.0,0.0
mistral_7b_instruct_v03,EBM-NLP,21211686,P5->P6,P5,P6,3,0.0,1,1,1,1,1,0,0.0,0.0,0.0,0.0,0.0,0.0
mistral_7b_instruct_v03,EBM-NLP,21393467,P1->P2,P1,P2,3,0.0934830904006958,1,1,1,1,1,0,0.08658008658008659,0.08658008658008659,0.2683982683982684,0.2683982683982684,0.0,0.0
mistral_7b_instruct_v03,EBM-NLP,21393467,P2->P3,P2,P3,3,0.043731490770975746,1,1,1,1,1,0,-0.027972027972027996,0.027972027972027996,-0.2097902097902098,0.2097902097902098,0.0,0.0
mistral_7b_instruct_v03,EBM-NLP,21393467,P3->P4,P3,P4,3,0.15161854028701782,1,1,1,1,1,0,-0.1538461538461538,0.1538461538461538,0.027972027972027996,0.027972027972027996,0.0,0.0
mistral_7b_instruct_v03,EBM-NLP,21393467,P4->P5,P4,P5,3,0.4264773527781169,1,1,1,1,1,0,0.0,0.0,-0.1818181818181818,0.1818181818181818,0.0,0.0
mistral_7b_instruct_v03,EBM-NLP,21393467,P5->P6,P5,P6,3,0.4264773527781169,1,1,1,1,1,0,0.0,0.0,0.0,0.0,0.0,0.0
mistral_7b_instruct_v03,EBM-NLP,21491990,P1->P2,P1,P2,3,0.03114040692647298,1,1,1,1,1,0,0.0,0.0,0.04310344827586199,0.04310344827586199,0.0,0.0
mistral_7b_instruct_v03,EBM-NLP,21491990,P2->P3,P2,P3,3,0.08439801136652629,1,1,1,1,1,0,0.0,0.0,-0.11666666666666659,0.11666666666666659,0.0,0.0
mistral_7b_instruct_v03,EBM-NLP,21491990,P3->P4,P3,P4,3,0.11174943049748738,1,1,1,1,1,0,0.0,0.0,-0.0463768115942029,0.0463768115942029,0.0,0.0
mistral_7b_instruct_v03,EBM-NLP,21491990,P4->P5,P4,P5,3,0.080716868241628,1,1,1,1,1,0,0.0,0.0,0.0,0.0,0.0,0.0
mistral_7b_instruct_v03,EBM-NLP,21491990,P5->P6,P5,P6,3,0.014477849006652832,1,1,1,1,1,0,0.0,0.0,0.0,0.0,0.0,0.0
mistral_7b_instruct_v03,EBM-NLP,21669557,P1->P2,P1,P2,3,0.40224746863047284,1,1,1,1,1,0,0.1538461538461538,0.1538461538461538,0.10769230769230781,0.10769230769230781,0.0,0.0
mistral_7b_instruct_v03,EBM-NLP,21669557,P2->P3,P2,P3,3,5.960464477539063e-08,1,1,1,1,1,0,0.0,0.0,0.0,0.0,0.0,0.0
mistral_7b_instruct_v03,EBM-NLP,21669557,P3->P4,P3,P4,3,0.4370699127515157,1,1,1,1,1,0,-0.1538461538461538,0.1538461538461538,-0.2276923076923077,0.2276923076923077,0.0,0.0
mistral_7b_instruct_v03,EBM-NLP,21669557,P4->P5,P4,P5,3,0.3741924564043681,1,1,1,1,1,0,0.0,0.0,0.0033333333333332993,0.0033333333333332993,0.0,0.0
mistral_7b_instruct_v03,EBM-NLP,21669557,P5->P6,P5,P6,3,0.3741924564043681,1,1,1,1,1,0,0.0,0.0,-0.0033333333333332993,0.0033333333333332993,0.0,0.0
mistral_7b_instruct_v03,EBM-NLP,21718094,P1->P2,P1,P2,3,0.03559317191441854,1,1,1,1,1,0,0.0,0.0,0.16450216450216448,0.16450216450216448,0.0,0.0
mistral_7b_instruct_v03,EBM-NLP,21718094,P2->P3,P2,P3,3,0.0033060312271118164,1,1,1,1,1,0,0.0,0.0,-0.043290043290043295,0.043290043290043295,0.0,0.0
mistral_7b_instruct_v03,EBM-NLP,21718094,P3->P4,P3,P4,3,0.11934010187784831,1,1,1,1,1,0,0.0,0.0,-0.002424242424242412,0.002424242424242412,0.0,0.0
mistral_7b_instruct_v03,EBM-NLP,21718094,P4->P5,P4,P5,3,0.4341745972633362,1,1,1,1,1,0,0.0,0.0,-0.15999999999999998,0.15999999999999998,0.0,0.0
mistral_7b_instruct_v03,EBM-NLP,21718094,P5->P6,P5,P6,3,0.4418647686640422,1,1,1,1,1,0,0.0,0.0,0.08,0.08,0.0,0.0
mistral_7b_instruct_v03,EBM-NLP,21866656,P1->P2,P1,P2,3,0.02944966157277425,1,1,1,1,1,0,-0.009266409266409315,0.009266409266409315,-0.018532818532818518,0.018532818532818518,0.0,0.0
mistral_7b_instruct_v03,EBM-NLP,21866656,P2->P3,P2,P3,3,0.02160853147506714,1,1,1,1,1,0,0.009266409266409315,0.009266409266409315,0.018532818532818518,0.018532818532818518,0.0,0.0
mistral_7b_instruct_v03,EBM-NLP,21866656,P3->P4,P3,P4,3,0.03886270523071289,1,1,1,1,1,0,0.0447876447876448,0.0447876447876448,0.035521235521235595,0.035521235521235595,0.0,0.0
mistral_7b_instruct_v03,EBM-NLP,21866656,P4->P5,P4,P5,3,0.3722681204477946,1,1,1,1,1,0,-0.1495495495495496,0.1495495495495496,-0.3117117117117118,0.3117117117117118,0.0,0.0
mistral_7b_instruct_v03,EBM-NLP,21866656,P5->P6,P5,P6,3,0.0,1,1,1,1,1,0,0.0,0.0,0.0,0.0,0.0,0.0
mistral_7b_instruct_v03,EBM-NLP,2188766,P1->P2,P1,P2,3,0.0037000377972920737,1,1,1,1,1,0,0.012820512820512803,0.012820512820512803,0.11538461538461542,0.11538461538461542,0.0,0.0
mistral_7b_instruct_v03,EBM-NLP,2188766,P2->P3,P2,P3,3,0.006740927696228027,1,1,1,1,1,0,-0.0866666666666666,0.0866666666666666,-0.020000000000000018,0.020000000000000018,0.0,0.0
mistral_7b_instruct_v03,EBM-NLP,2188766,P3->P4,P3,P4,3,0.06221795082092285,1,1,1,1,1,0,0.11047619047619049,0.11047619047619049,-0.19428571428571428,0.19428571428571428,0.0,0.0
mistral_7b_instruct_v03,EBM-NLP,2188766,P4->P5,P4,P5,3,0.3789021968841553,1,1,1,1,1,0,-0.0904761904761906,0.0904761904761906,-0.1857142857142858,0.1857142857142858,0.0,0.0
mistral_7b_instruct_v03,EBM-NLP,2188766,P5->P6,P5,P6,3,0.4419948657353719,1,1,1,1,1,0,-0.0999999999999999,0.0999999999999999,0.23333333333333342,0.23333333333333342,0.0,0.0
mistral_7b_instruct_v03,EBM-NLP,21896676,P1->P2,P1,P2,3,0.013282974561055502,1,1,1,1,1,0,0.0391304347826088,0.0391304347826088,-0.047826086956521685,0.047826086956521685,0.0,0.0
mistral_7b_instruct_v03,EBM-NLP,21896676,P2->P3,P2,P3,3,0.020843346913655598,1,1,1,1,1,0,-0.09999999999999998,0.09999999999999998,0.0,0.0,0.0,0.0
mistral_7b_instruct_v03,EBM-NLP,21896676,P3->P4,P3,P4,3,0.4035284121831258,1,1,1,1,1,0,-0.2,0.2,-0.3,0.3,0.0,0.0
mistral_7b_instruct_v03,EBM-NLP,21896676,P4->P5,P4,P5,3,0.06950926780700684,1,1,1,1,1,0,0.0,0.0,0.1111111111111111,0.1111111111111111,0.0,0.0
mistral_7b_instruct_v03,EBM-NLP,21896676,P5->P6,P5,P6,3,0.0004502534866333008,1,1,1,1,1,0,0.0,0.0,0.0,0.0,0.0,0.0
mistral_7b_instruct_v03,EBM-NLP,21914768,P1->P2,P1,P2,3,0.004057884216308594,1,1,1,1,1,0,0.0,0.0,0.16000000000000003,0.16000000000000003,0.0,0.0
mistral_7b_instruct_v03,EBM-NLP,21914768,P2->P3,P2,P3,3,0.004057884216308594,1,1,1,1,1,0,0.0,0.0,-0.16000000000000003,0.16000000000000003,0.0,0.0
mistral_7b_instruct_v03,EBM-NLP,21914768,P3->P4,P3,P4,3,0.06842468182245891,1,1,1,1,1,0,0.010000000000000009,0.010000000000000009,-0.06666666666666671,0.06666666666666671,0.0,0.0
mistral_7b_instruct_v03,EBM-NLP,21914768,P4->P5,P4,P5,3,0.05669556061426798,1,1,1,1,1,0,-0.1785714285714286,0.1785714285714286,0.09523809523809518,0.09523809523809518,0.0,0.0
mistral_7b_instruct_v03,EBM-NLP,21914768,P5->P6,P5,P6,3,0.34727195898691815,1,1,1,1,1,0,0.015527950310559008,0.015527950310559008,-0.2546583850931676,0.2546583850931676,0.0,0.0
mistral_7b_instruct_v03,EBM-NLP,21924760,P1->P2,P1,P2,3,0.06278266509373982,1,1,1,1,1,0,-0.1212121212121212,0.1212121212121212,-0.08080808080808088,0.08080808080808088,0.0,0.0
mistral_7b_instruct_v03,EBM-NLP,21924760,P2->P3,P2,P3,3,0.0444415012995402,1,1,1,1,1,0,0.0,0.0,0.017777777777777892,0.017777777777777892,0.0,0.0
mistral_7b_instruct_v03,EBM-NLP,21924760,P3->P4,P3,P4,3,0.024425089359283447,1,1,1,1,1,0,0.0,0.0,0.04571428571428571,0.04571428571428571,0.0,0.0
mistral_7b_instruct_v03,EBM-NLP,21924760,P4->P5,P4,P5,3,0.028418083985646565,1,1,1,1,1,0,0.0,0.0,-0.1257142857142857,0.1257142857142857,0.0,0.0
mistral_7b_instruct_v03,EBM-NLP,21924760,P5->P6,P5,P6,3,0.0,1,1,1,1,1,0,0.0,0.0,0.0,0.0,0.0,0.0
mistral_7b_instruct_v03,EBM-NLP,21975269,P1->P2,P1,P2,3,0.33573851982752484,1,1,1,1,1,0,0.002849002849002899,0.002849002849002899,-0.0683760683760683,0.0683760683760683,0.0,0.0
mistral_7b_instruct_v03,EBM-NLP,21975269,P2->P3,P2,P3,3,1.9868214925130207e-08,1,1,1,1,1,0,0.0,0.0,0.0,0.0,0.0,0.0
mistral_7b_instruct_v03,EBM-NLP,21975269,P3->P4,P3,P4,3,1.9868214925130207e-08,1,1,1,1,1,0,0.0,0.0,0.0,0.0,0.0,0.0
mistral_7b_instruct_v03,EBM-NLP,21975269,P4->P5,P4,P5,3,0.13826525211334229,1,1,1,1,1,0,-0.0769230769230769,0.0769230769230769,0.08615384615384619,0.08615384615384619,0.0,0.0
mistral_7b_instruct_v03,EBM-NLP,21975269,P5->P6,P5,P6,3,0.0,1,1,1,1,1,0,0.0,0.0,0.0,0.0,0.0,0.0
mistral_7b_instruct_v03,EBM-NLP,21982657,P1->P2,P1,P2,3,0.014381508032480875,1,1,1,1,1,0,0.0,0.0,-0.0431034482758621,0.0431034482758621,0.0,0.0
mistral_7b_instruct_v03,EBM-NLP,21982657,P2->P3,P2,P3,3,3.9736429850260414e-08,1,1,1,1,1,0,0.0,0.0,0.0,0.0,0.0,0.0
mistral_7b_instruct_v03,EBM-NLP,21982657,P3->P4,P3,P4,3,0.3333333333333333,1,1,1,1,1,0,0.0,0.0,-0.05874840357598979,0.05874840357598979,0.0,0.0
mistral_7b_instruct_v03,EBM-NLP,21982657,P4->P5,P4,P5,3,0.004159371058146159,1,1,1,1,1,0,0.074074074074074,0.074074074074074,0.0,0.0,0.0,0.0
mistral_7b_instruct_v03,EBM-NLP,21982657,P5->P6,P5,P6,3,0.004159371058146159,1,1,1,1,1,0,-0.074074074074074,0.074074074074074,0.0,0.0,0.0,0.0
mistral_7b_instruct_v03,EBM-NLP,22154769,P1->P2,P1,P2,3,0.061546524365743004,1,1,1,1,1,0,0.07236842105263161,0.07236842105263161,-0.1381578947368421,0.1381578947368421,0.0,0.0
mistral_7b_instruct_v03,EBM-NLP,22154769,P2->P3,P2,P3,3,0.028389573097229004,1,1,1,1,1,0,-0.0037878787878787984,0.0037878787878787984,0.056818181818181795,0.056818181818181795,0.0,0.0
mistral_7b_instruct_v03,EBM-NLP,22154769,P3->P4,P3,P4,3,0.0427816112836202,1,1,1,1,1,0,0.0787878787878787,0.0787878787878787,0.018181818181818105,0.018181818181818105,0.0,0.0
mistral_7b_instruct_v03,EBM-NLP,22154769,P4->P5,P4,P5,3,0.38198842604955036,1,1,1,1,1,0,-0.13103448275862062,0.13103448275862062,-0.13103448275862062,0.13103448275862062,0.0,0.0
mistral_7b_instruct_v03,EBM-NLP,22154769,P5->P6,P5,P6,3,0.04865509271621704,1,1,1,1,1,0,0.0689655172413793,0.0689655172413793,0.0689655172413793,0.0689655172413793,0.0,0.0
mistral_7b_instruct_v03,EBM-NLP,2223363,P1->P2,P1,P2,3,0.030411601066589355,1,1,1,1,1,0,0.0705128205128205,0.0705128205128205,0.051282051282051266,0.051282051282051266,0.0,0.0
mistral_7b_instruct_v03,EBM-NLP,2223363,P2->P3,P2,P3,3,0.017788171768188477,1,1,1,1,1,0,-0.0705128205128205,0.0705128205128205,-0.051282051282051266,0.051282051282051266,0.0,0.0
mistral_7b_instruct_v03,EBM-NLP,2223363,P3->P4,P3,P4,3,0.10734174648920695,1,1,1,1,1,0,0.1388888888888889,0.1388888888888889,0.22222222222222227,0.22222222222222227,0.0,0.0
mistral_7b_instruct_v03,EBM-NLP,2223363,P4->P5,P4,P5,3,0.028915802637736004,1,1,1,1,1,0,0.130718954248366,0.130718954248366,0.0326797385620915,0.0326797385620915,0.0,0.0
mistral_7b_instruct_v03,EBM-NLP,2223363,P5->P6,P5,P6,3,0.003028313318888346,1,1,1,1,1,0,-0.11764705882352941,0.11764705882352941,0.0,0.0,0.0,0.0
mistral_7b_instruct_v03,EBM-NLP,2224060,P1->P2,P1,P2,3,1.0,1,1,0,1,0,0,0.0909090909090909,0.0909090909090909,0.2727272727272727,0.2727272727272727,0.0,0.0
mistral_7b_instruct_v03,EBM-NLP,2224060,P2->P3,P2,P3,3,0.05398752291997274,1,1,1,1,1,0,0.09956709956709951,0.09956709956709951,0.012987012987012991,0.012987012987012991,0.0,0.0
mistral_7b_instruct_v03,EBM-NLP,2224060,P3->P4,P3,P4,3,0.12134116888046265,1,1,1,1,1,0,-0.10351966873706,0.10351966873706,-0.024844720496894512,0.024844720496894512,0.0,0.0
mistral_7b_instruct_v03,EBM-NLP,2224060,P4->P5,P4,P5,3,0.0286410649617513,1,1,1,0,0,1,0.1130434782608696,0.1130434782608696,0.0391304347826088,0.0391304347826088,0.0,0.0
mistral_7b_instruct_v03,EBM-NLP,2224060,P5->P6,P5,P6,3,1.9868214925130207e-08,1,1,0,1,0,0,0.0,0.0,0.0,0.0,0.0,0.0
mistral_7b_instruct_v03,EBM-NLP,22271197,P1->P2,P1,P2,3,0.06965432564417522,1,1,1,1,1,0,0.0,0.0,0.0,0.0,0.0,0.0
mistral_7b_instruct_v03,EBM-NLP,22271197,P2->P3,P2,P3,3,0.14061703284581503,1,1,1,1,1,0,0.2352941176470588,0.2352941176470588,0.2352941176470588,0.2352941176470588,0.0,0.0
mistral_7b_instruct_v03,EBM-NLP,22271197,P3->P4,P3,P4,3,0.19400262832641602,1,1,1,1,1,0,-0.2352941176470588,0.2352941176470588,-0.2352941176470588,0.2352941176470588,0.0,0.0
mistral_7b_instruct_v03,EBM-NLP,22271197,P4->P5,P4,P5,3,0.4198977549870809,1,1,1,1,1,0,0.0,0.0,0.0,0.0,0.0,0.0
mistral_7b_instruct_v03,EBM-NLP,22271197,P5->P6,P5,P6,3,0.6830729246139526,1,1,1,1,1,0,0.0,0.0,0.125,0.125,0.0,0.0
mistral_7b_instruct_v03,EBM-NLP,22341427,P1->P2,P1,P2,3,0.0062828461329142255,1,1,1,1,1,0,0.0,0.0,0.005273566249176,0.005273566249176,0.0,0.0
mistral_7b_instruct_v03,EBM-NLP,22341427,P2->P3,P2,P3,3,0.08556999762852986,1,1,1,1,1,0,0.0714285714285714,0.0714285714285714,0.08880308880308879,0.08880308880308879,0.0,0.0
mistral_7b_instruct_v03,EBM-NLP,22341427,P3->P4,P3,P4,3,0.12860679626464844,1,1,1,1,1,0,-0.0714285714285714,0.0714285714285714,0.0052910052910053185,0.0052910052910053185,0.0,0.0
mistral_7b_instruct_v03,EBM-NLP,22341427,P4->P5,P4,P5,3,0.05738323926925659,1,1,1,1,1,0,0.0714285714285714,0.0714285714285714,-0.0052910052910053185,0.0052910052910053185,0.0,0.0
mistral_7b_instruct_v03,EBM-NLP,22341427,P5->P6,P5,P6,3,0.09309935569763184,1,1,1,1,1,0,-0.0714285714285714,0.0714285714285714,-0.0659340659340659,0.0659340659340659,0.0,0.0
mistral_7b_instruct_v03,EBM-NLP,22416755,P1->P2,P1,P2,3,0.06665575504302979,1,1,1,1,1,0,-0.2960526315789473,0.2960526315789473,-0.2763157894736842,0.2763157894736842,0.0,0.0
mistral_7b_instruct_v03,EBM-NLP,22416755,P2->P3,P2,P3,3,0.027388910452524822,1,1,1,1,1,0,0.0,0.0,0.0,0.0,0.0,0.0
mistral_7b_instruct_v03,EBM-NLP,22416755,P3->P4,P3,P4,3,0.10962506135304768,1,1,1,1,1,0,0.275,0.275,0.15000000000000002,0.15000000000000002,0.0,0.0
mistral_7b_instruct_v03,EBM-NLP,22416755,P4->P5,P4,P5,3,0.03736488024393717,1,1,1,1,1,0,-0.15000000000000002,0.15000000000000002,-0.15000000000000002,0.15000000000000002,0.0,0.0
mistral_7b_instruct_v03,EBM-NLP,22416755,P5->P6,P5,P6,3,0.0,1,1,1,1,1,0,0.0,0.0,0.0,0.0,0.0,0.0
mistral_7b_instruct_v03,EBM-NLP,22420121,P1->P2,P1,P2,3,0.0,1,1,1,1,1,0,0.0,0.0,0.0,0.0,0.0,0.0
mistral_7b_instruct_v03,EBM-NLP,22420121,P2->P3,P2,P3,3,0.0,1,1,1,1,1,0,0.0,0.0,0.0,0.0,0.0,0.0
mistral_7b_instruct_v03,EBM-NLP,22420121,P3->P4,P3,P4,3,0.02049221595128377,1,1,1,0,0,1,-0.009090909090909108,0.009090909090909108,0.0636363636363636,0.0636363636363636,0.0,0.0
mistral_7b_instruct_v03,EBM-NLP,22420121,P4->P5,P4,P5,3,0.3383419911066691,1,1,0,1,0,0,-0.0909090909090909,0.0909090909090909,-0.15311004784689,0.15311004784689,0.0,0.0
mistral_7b_instruct_v03,EBM-NLP,22420121,P5->P6,P5,P6,3,0.0,1,1,1,1,1,0,0.0,0.0,0.0,0.0,0.0,0.0
mistral_7b_instruct_v03,EBM-NLP,22435114,P1->P2,P1,P2,3,5.960464477539063e-08,1,1,1,1,1,0,-0.0769230769230769,0.0769230769230769,0.0,0.0,0.0,0.0
mistral_7b_instruct_v03,EBM-NLP,22435114,P2->P3,P2,P3,3,0.04267338911692301,1,1,1,1,1,0,0.018315018315018305,0.018315018315018305,-0.1758241758241758,0.1758241758241758,0.0,0.0
mistral_7b_instruct_v03,EBM-NLP,22435114,P3->P4,P3,P4,3,0.04794204235076904,1,1,1,1,1,0,0.058608058608058594,0.058608058608058594,0.1758241758241758,0.1758241758241758,0.0,0.0
mistral_7b_instruct_v03,EBM-NLP,22435114,P4->P5,P4,P5,3,0.030753453572591145,1,1,1,1,1,0,0.027972027972027996,0.027972027972027996,-0.09790209790209792,0.09790209790209792,0.0,0.0
mistral_7b_instruct_v03,EBM-NLP,22435114,P5->P6,P5,P6,3,3.9736429850260414e-08,1,1,1,1,1,0,0.0,0.0,0.0,0.0,0.0,0.0
mistral_7b_instruct_v03,EBM-NLP,22538329,P1->P2,P1,P2,3,0.04184118906656901,1,1,1,1,1,0,-0.1481481481481481,0.1481481481481481,0.11111111111111122,0.11111111111111122,0.0,0.0
mistral_7b_instruct_v03,EBM-NLP,22538329,P2->P3,P2,P3,3,0.0,1,1,1,1,1,0,0.0,0.0,0.0,0.0,0.0,0.0
mistral_7b_instruct_v03,EBM-NLP,22538329,P3->P4,P3,P4,3,0.10821988185246785,1,1,1,1,1,0,0.0,0.0,-0.15151515151515152,0.15151515151515152,0.0,0.0
mistral_7b_instruct_v03,EBM-NLP,22538329,P4->P5,P4,P5,3,0.11750419934590657,1,1,1,1,1,0,0.0,0.0,0.0,0.0,0.0,0.0
mistral_7b_instruct_v03,EBM-NLP,22538329,P5->P6,P5,P6,3,0.07390741507212321,1,1,1,1,1,0,0.0909090909090909,0.0909090909090909,0.0,0.0,0.0,0.0
mistral_7b_instruct_v03,EBM-NLP,22646975,P1->P2,P1,P2,3,0.002013564109802246,1,1,1,1,1,0,-0.006956521739130403,0.006956521739130403,-0.02782608695652178,0.02782608695652178,0.0,0.0
mistral_7b_instruct_v03,EBM-NLP,22646975,P2->P3,P2,P3,3,0.03840408722559611,1,1,1,1,1,0,0.010909090909090896,0.010909090909090896,-0.0472727272727273,0.0472727272727273,0.0,0.0
mistral_7b_instruct_v03,EBM-NLP,22646975,P3->P4,P3,P4,3,0.133304496606191,1,1,1,1,1,0,0.1196172248803828,0.1196172248803828,0.0430622009569378,0.0430622009569378,0.0,0.0
mistral_7b_instruct_v03,EBM-NLP,22646975,P4->P5,P4,P5,3,0.026494145393371582,1,1,1,1,1,0,-0.0994152046783626,0.0994152046783626,-0.0935672514619883,0.0935672514619883,0.0,0.0
mistral_7b_instruct_v03,EBM-NLP,22646975,P5->P6,P5,P6,3,0.05942265192667643,1,1,1,1,1,0,0.0,0.0,-0.1111111111111111,0.1111111111111111,0.0,0.0
mistral_7b_instruct_v03,EBM-NLP,22744141,P1->P2,P1,P2,3,0.05629591147104899,1,1,1,1,1,0,0.0833333333333334,0.0833333333333334,0.1250000000000001,0.1250000000000001,0.0,0.0
mistral_7b_instruct_v03,EBM-NLP,22744141,P2->P3,P2,P3,3,0.0,1,1,1,1,1,0,0.0,0.0,0.0,0.0,0.0,0.0
mistral_7b_instruct_v03,EBM-NLP,22744141,P3->P4,P3,P4,3,0.023805538813273113,1,1,1,1,1,0,-0.125,0.125,0.0,0.0,0.0,0.0
mistral_7b_instruct_v03,EBM-NLP,22744141,P4->P5,P4,P5,3,0.33733129501342773,1,1,1,1,1,0,0.008333333333333304,0.008333333333333304,-0.10833333333333328,0.10833333333333328,0.0,0.0
mistral_7b_instruct_v03,EBM-NLP,22744141,P5->P6,P5,P6,3,0.003997961680094401,1,1,1,1,1,0,-0.1333333333333333,0.1333333333333333,0.0,0.0,0.0,0.0
mistral_7b_instruct_v03,EBM-NLP,22865017,P1->P2,P1,P2,3,0.06578938166300456,1,1,1,1,1,0,-0.0018939393939393992,0.0018939393939393992,-0.0662878787878788,0.0662878787878788,0.0,0.0
mistral_7b_instruct_v03,EBM-NLP,22865017,P2->P3,P2,P3,3,0.0,1,1,1,1,1,0,0.0,0.0,0.0,0.0,0.0,0.0
mistral_7b_instruct_v03,EBM-NLP,22865017,P3->P4,P3,P4,3,0.39032818873723346,1,1,1,1,1,0,0.0875420875420875,0.0875420875420875,0.10101010101010101,0.10101010101010101,0.0,0.0
mistral_7b_instruct_v03,EBM-NLP,22865017,P4->P5,P4,P5,3,0.3658430178960164,1,1,1,1,1,0,-0.08564814814814811,0.08564814814814811,-0.03472222222222221,0.03472222222222221,0.0,0.0
mistral_7b_instruct_v03,EBM-NLP,22865017,P5->P6,P5,P6,3,0.3658430178960164,1,1,1,1,1,0,0.08564814814814811,0.08564814814814811,0.03472222222222221,0.03472222222222221,0.0,0.0
mistral_7b_instruct_v03,EBM-NLP,22881991,P1->P2,P1,P2,3,0.0035587946573893228,1,1,1,1,1,0,-0.0018939393939393992,0.0018939393939393992,0.05303030303030298,0.05303030303030298,0.0,0.0
mistral_7b_instruct_v03,EBM-NLP,22881991,P2->P3,P2,P3,3,0.0710803469022115,1,1,1,1,1,0,-0.0606060606060606,0.0606060606060606,-0.22303030303030297,0.22303030303030297,0.0,0.0
mistral_7b_instruct_v03,EBM-NLP,22881991,P3->P4,P3,P4,3,0.06288721164067586,1,1,1,1,1,0,0.064516129032258,0.064516129032258,0.30709677419354836,0.30709677419354836,0.0,0.0
mistral_7b_instruct_v03,EBM-NLP,22881991,P4->P5,P4,P5,3,0.4265989263852437,1,1,1,1,1,0,-0.064516129032258,0.064516129032258,-0.30376344086021506,0.30376344086021506,0.0,0.0
mistral_7b_instruct_v03,EBM-NLP,22881991,P5->P6,P5,P6,3,0.07682943344116211,1,1,1,1,1,0,0.0,0.0,0.0833333333333333,0.0833333333333333,0.0,0.0
mistral_7b_instruct_v03,EBM-NLP,22897461,P1->P2,P1,P2,3,0.005962530771891276,1,1,1,1,1,0,0.0,0.0,-0.0272727272727272,0.0272727272727272,0.0,0.0
mistral_7b_instruct_v03,EBM-NLP,22897461,P2->P3,P2,P3,3,7.947285970052083e-08,1,1,1,1,1,0,0.0,0.0,0.0,0.0,0.0,0.0
mistral_7b_instruct_v03,EBM-NLP,22897461,P3->P4,P3,P4,3,0.352227250734965,1,1,1,1,1,0,0.0,0.0,-0.02352941176470591,0.02352941176470591,0.0,0.0
mistral_7b_instruct_v03,EBM-NLP,22897461,P4->P5,P4,P5,3,0.35913970073064166,1,1,1,1,1,0,0.0,0.0,0.005347593582887694,0.005347593582887694,0.0,0.0
mistral_7b_instruct_v03,EBM-NLP,22897461,P5->P6,P5,P6,3,0.07863883177439372,1,1,1,1,1,0,0.0,0.0,0.018181818181818216,0.018181818181818216,0.0,0.0
mistral_7b_instruct_v03,EBM-NLP,22956006,P1->P2,P1,P2,3,0.04425913095474243,1,1,1,1,1,0,-0.0606060606060606,0.0606060606060606,-0.1174242424242424,0.1174242424242424,0.0,0.0
mistral_7b_instruct_v03,EBM-NLP,22956006,P2->P3,P2,P3,3,0.02536521355311076,1,1,1,1,1,0,0.0625,0.0625,0.0625,0.0625,0.0,0.0
mistral_7b_instruct_v03,EBM-NLP,22956006,P3->P4,P3,P4,3,0.0278970201810201,1,1,1,1,1,0,0.0,0.0,0.0,0.0,0.0,0.0
mistral_7b_instruct_v03,EBM-NLP,22956006,P4->P5,P4,P5,3,0.01934238274892171,1,1,1,1,1,0,0.0,0.0,0.0,0.0,0.0,0.0
mistral_7b_instruct_v03,EBM-NLP,22956006,P5->P6,P5,P6,3,0.0,1,1,1,1,1,0,0.0,0.0,0.0,0.0,0.0,0.0
mistral_7b_instruct_v03,EBM-NLP,23021296,P1->P2,P1,P2,3,3.9736429850260414e-08,1,1,1,1,1,0,0.0,0.0,0.0,0.0,0.0,0.0
mistral_7b_instruct_v03,EBM-NLP,23021296,P2->P3,P2,P3,3,0.03266036510467529,1,1,1,1,1,0,0.0,0.0,-0.0660869565217391,0.0660869565217391,0.0,0.0
mistral_7b_instruct_v03,EBM-NLP,23021296,P3->P4,P3,P4,3,0.10681980848312378,1,1,1,1,1,0,0.1666666666666666,0.1666666666666666,0.076086956521739,0.076086956521739,0.0,0.0
mistral_7b_instruct_v03,EBM-NLP,23021296,P4->P5,P4,P5,3,0.12850403785705566,1,1,1,1,1,0,-0.1666666666666666,0.1666666666666666,-0.076086956521739,0.076086956521739,0.0,0.0
mistral_7b_instruct_v03,EBM-NLP,23021296,P5->P6,P5,P6,3,0.3333333333333333,1,1,1,1,1,0,0.0,0.0,-0.08300395256917,0.08300395256917,0.0,0.0
mistral_7b_instruct_v03,EBM-NLP,23103798,P1->P2,P1,P2,3,0.03532018264134725,1,1,1,1,1,0,-0.0535714285714286,0.0535714285714286,-0.0803571428571429,0.0803571428571429,0.0,0.0
mistral_7b_instruct_v03,EBM-NLP,23103798,P2->P3,P2,P3,3,0.007502377033233643,1,1,1,1,1,0,0.0,0.0,0.0,0.0,0.0,0.0
mistral_7b_instruct_v03,EBM-NLP,23103798,P3->P4,P3,P4,3,0.3672160704930623,1,1,1,1,1,0,0.011904761904761904,0.011904761904761904,-0.1904761904761905,0.1904761904761905,0.0,0.0
mistral_7b_instruct_v03,EBM-NLP,23103798,P4->P5,P4,P5,3,0.005021234353383382,1,1,1,1,1,0,0.0,0.0,0.0,0.0,0.0,0.0
mistral_7b_instruct_v03,EBM-NLP,23103798,P5->P6,P5,P6,3,0.005021234353383382,1,1,1,1,1,0,0.0,0.0,0.0,0.0,0.0,0.0
mistral_7b_instruct_v03,EBM-NLP,23114870,P1->P2,P1,P2,3,0.05671228965123495,1,1,1,1,1,0,-0.3856209150326797,0.3856209150326797,-0.3568627450980392,0.3568627450980392,0.0,0.0
mistral_7b_instruct_v03,EBM-NLP,23114870,P2->P3,P2,P3,3,0.015621145566304525,1,1,1,1,1,0,0.23385939741750358,0.23385939741750358,0.2625538020086083,0.2625538020086083,0.0,0.0
mistral_7b_instruct_v03,EBM-NLP,23114870,P3->P4,P3,P4,3,0.12255853414535522,1,1,1,1,1,0,-0.23385939741750358,0.23385939741750358,-0.2625538020086083,0.2625538020086083,0.0,0.0
mistral_7b_instruct_v03,EBM-NLP,23114870,P4->P5,P4,P5,3,0.18663239479064941,1,1,1,1,1,0,-0.0588235294117647,0.0588235294117647,-0.1158645276292335,0.1158645276292335,0.0,0.0
mistral_7b_instruct_v03,EBM-NLP,23114870,P5->P6,P5,P6,3,0.10872141520182292,1,1,1,1,1,0,0.0,0.0,0.0606060606060606,0.0606060606060606,0.0,0.0
mistral_7b_instruct_v03,EBM-NLP,23356250,P1->P2,P1,P2,3,0.11293643712997437,1,1,1,1,1,0,-0.0053571428571429006,0.0053571428571429006,0.0928571428571428,0.0928571428571428,0.0,0.0
mistral_7b_instruct_v03,EBM-NLP,23356250,P2->P3,P2,P3,3,0.0007053613662719727,1,1,1,1,1,0,-0.0015873015873016025,0.0015873015873016025,0.04603174603174609,0.04603174603174609,0.0,0.0
mistral_7b_instruct_v03,EBM-NLP,23356250,P3->P4,P3,P4,3,0.12793014446894327,1,1,1,1,1,0,0.021367521367521403,0.021367521367521403,-0.1581196581196582,0.1581196581196582,0.0,0.0
mistral_7b_instruct_v03,EBM-NLP,23356250,P4->P5,P4,P5,3,0.3376163840293884,1,1,1,1,1,0,0.0830769230769231,0.0830769230769231,-0.0707692307692307,0.0707692307692307,0.0,0.0
mistral_7b_instruct_v03,EBM-NLP,23356250,P5->P6,P5,P6,3,0.3376163840293884,1,1,1,1,1,0,-0.0830769230769231,0.0830769230769231,0.0707692307692307,0.0707692307692307,0.0,0.0
mistral_7b_instruct_v03,EBM-NLP,23357440,P1->P2,P1,P2,3,0.055452982584635414,1,1,1,1,1,0,0.011851851851851891,0.011851851851851891,-0.12444444444444447,0.12444444444444447,0.0,0.0
mistral_7b_instruct_v03,EBM-NLP,23357440,P2->P3,P2,P3,3,0.08497448762257893,1,1,1,1,1,0,-0.08,0.08,0.0,0.0,0.0,0.0
mistral_7b_instruct_v03,EBM-NLP,23357440,P3->P4,P3,P4,3,0.08497448762257893,1,1,1,1,1,0,0.08,0.08,0.0,0.0,0.0,0.0
mistral_7b_instruct_v03,EBM-NLP,23357440,P4->P5,P4,P5,3,0.3548751473426819,1,1,1,1,1,0,0.006666666666666599,0.006666666666666599,-0.07,0.07,0.0,0.0
mistral_7b_instruct_v03,EBM-NLP,23357440,P5->P6,P5,P6,3,0.0,1,1,1,1,1,0,0.0,0.0,0.0,0.0,0.0,0.0
mistral_7b_instruct_v03,EBM-NLP,23392542,P1->P2,P1,P2,3,0.03832785288492838,1,1,1,1,1,0,-0.050420168067226906,0.050420168067226906,-0.03921568627450983,0.03921568627450983,0.0,0.0
mistral_7b_instruct_v03,EBM-NLP,23392542,P2->P3,P2,P3,3,5.960464477539063e-08,1,1,1,1,1,0,0.0,0.0,0.0,0.0,0.0,0.0
mistral_7b_instruct_v03,EBM-NLP,23392542,P3->P4,P3,P4,3,0.07210671901702881,1,1,1,1,1,0,-0.1727941176470588,0.1727941176470588,-0.16911764705882348,0.16911764705882348,0.0,0.0
mistral_7b_instruct_v03,EBM-NLP,23392542,P4->P5,P4,P5,3,0.04552823305130005,1,1,1,1,1,0,0.1089285714285714,0.1089285714285714,0.10357142857142859,0.10357142857142859,0.0,0.0
mistral_7b_instruct_v03,EBM-NLP,23392542,P5->P6,P5,P6,3,0.03812692562739054,1,1,1,1,1,0,-0.0502164502164502,0.0502164502164502,-0.0467532467532468,0.0467532467532468,0.0,0.0
mistral_7b_instruct_v03,EBM-NLP,23417625,P1->P2,P1,P2,3,0.033601184686024986,1,1,1,1,1,0,-0.044642857142857095,0.044642857142857095,-0.0803571428571429,0.0803571428571429,0.0,0.0
mistral_7b_instruct_v03,EBM-NLP,23417625,P2->P3,P2,P3,3,0.0028323928515116372,1,1,1,1,1,0,-0.004926108374384203,0.004926108374384203,0.056650246305418706,0.056650246305418706,0.0,0.0
mistral_7b_instruct_v03,EBM-NLP,23417625,P3->P4,P3,P4,3,0.030734598636627197,1,1,1,1,1,0,0.004926108374384203,0.004926108374384203,-0.1280788177339901,0.1280788177339901,0.0,0.0
mistral_7b_instruct_v03,EBM-NLP,23417625,P4->P5,P4,P5,3,0.05641281604766846,1,1,1,1,1,0,0.0793650793650793,0.0793650793650793,0.0846560846560846,0.0846560846560846,0.0,0.0
mistral_7b_instruct_v03,EBM-NLP,23417625,P5->P6,P5,P6,3,0.02899038791656494,1,1,1,1,1,0,-0.07407407407407399,0.07407407407407399,-0.07407407407407401,0.07407407407407401,0.0,0.0
mistral_7b_instruct_v03,EBM-NLP,23549581,P1->P2,P1,P2,3,0.0,1,1,1,1,1,0,0.0,0.0,0.0,0.0,0.0,0.0
mistral_7b_instruct_v03,EBM-NLP,23549581,P2->P3,P2,P3,3,0.0,1,1,1,1,1,0,0.0,0.0,0.0,0.0,0.0,0.0
mistral_7b_instruct_v03,EBM-NLP,23549581,P3->P4,P3,P4,3,0.0,1,1,1,1,1,0,0.0,0.0,0.0,0.0,0.0,0.0
mistral_7b_instruct_v03,EBM-NLP,23549581,P4->P5,P4,P5,3,0.0,1,1,1,1,1,0,0.0,0.0,0.0,0.0,0.0,0.0
mistral_7b_instruct_v03,EBM-NLP,23549581,P5->P6,P5,P6,3,0.0530548095703125,1,1,1,1,1,0,0.1025641025641025,0.1025641025641025,0.051282051282051294,0.051282051282051294,0.0,0.0
mistral_7b_instruct_v03,EBM-NLP,23838728,P1->P2,P1,P2,3,0.028525789578755695,1,1,1,1,1,0,0.0448179271708683,0.0448179271708683,0.06722689075630262,0.06722689075630262,0.0,0.0
mistral_7b_instruct_v03,EBM-NLP,23838728,P2->P3,P2,P3,3,0.028525789578755695,1,1,1,1,1,0,-0.0448179271708683,0.0448179271708683,-0.06722689075630262,0.06722689075630262,0.0,0.0
mistral_7b_instruct_v03,EBM-NLP,23838728,P3->P4,P3,P4,3,0.35089820623397827,1,1,1,0,0,1,0.07619047619047611,0.07619047619047611,-0.01904761904761898,0.01904761904761898,0.0,0.0
mistral_7b_instruct_v03,EBM-NLP,23838728,P4->P5,P4,P5,3,0.3870907624562581,1,1,0,1,0,0,-0.1416666666666666,0.1416666666666666,-0.016666666666666607,0.016666666666666607,0.0,0.0
mistral_7b_instruct_v03,EBM-NLP,23838728,P5->P6,P5,P6,3,0.1382549206415812,1,1,1,1,1,0,0.0,0.0,-0.125,0.125,0.0,0.0
mistral_7b_instruct_v03,EBM-NLP,23849147,P1->P2,P1,P2,3,3.9736429850260414e-08,1,1,1,1,1,0,0.0,0.0,0.0,0.0,0.0,0.0
mistral_7b_instruct_v03,EBM-NLP,23849147,P2->P3,P2,P3,3,3.9736429850260414e-08,1,1,1,1,1,0,0.0,0.0,0.0,0.0,0.0,0.0
mistral_7b_instruct_v03,EBM-NLP,23849147,P3->P4,P3,P4,3,0.4355757037798564,1,1,1,1,1,0,0.14438502673796788,0.14438502673796788,-0.21925133689839568,0.21925133689839568,0.0,0.0
mistral_7b_instruct_v03,EBM-NLP,23849147,P4->P5,P4,P5,3,0.37461445728937787,1,1,1,1,1,0,-0.1352941176470588,0.1352941176470588,-0.03529411764705878,0.03529411764705878,0.0,0.0
mistral_7b_instruct_v03,EBM-NLP,23849147,P5->P6,P5,P6,3,0.3468288977940877,1,1,1,1,1,0,0.1,0.1,0.09999999999999998,0.09999999999999998,0.0,0.0
mistral_7b_instruct_v03,EBM-NLP,23985254,P1->P2,P1,P2,3,0.005827208360036214,1,1,1,1,1,0,0.0,0.0,-0.04651162790697669,0.04651162790697669,0.0,0.0
mistral_7b_instruct_v03,EBM-NLP,23985254,P2->P3,P2,P3,3,0.09132893880208333,1,1,1,1,1,0,-0.0454042081949058,0.0454042081949058,0.05094130675526029,0.05094130675526029,0.0,0.0
mistral_7b_instruct_v03,EBM-NLP,23985254,P3->P4,P3,P4,3,0.13741550842920938,1,1,1,1,1,0,-0.0476190476190476,0.0476190476190476,-0.09291521486643449,0.09291521486643449,0.0,0.0
mistral_7b_instruct_v03,EBM-NLP,23985254,P4->P5,P4,P5,3,0.11849431196848552,1,1,1,1,1,0,0.0,0.0,0.0,0.0,0.0,0.0
mistral_7b_instruct_v03,EBM-NLP,23985254,P5->P6,P5,P6,3,0.11849431196848552,1,1,1,1,1,0,0.0,0.0,0.0,0.0,0.0,0.0
mistral_7b_instruct_v03,EBM-NLP,24075141,P1->P2,P1,P2,3,0.04223906993865967,1,1,1,1,1,0,0.0,0.0,0.14814814814814808,0.14814814814814808,0.0,0.0
mistral_7b_instruct_v03,EBM-NLP,24075141,P2->P3,P2,P3,3,0.02126653989156087,1,1,1,1,1,0,0.0,0.0,0.07407407407407413,0.07407407407407413,0.0,0.0
mistral_7b_instruct_v03,EBM-NLP,24075141,P3->P4,P3,P4,3,0.07395126422246297,1,1,1,1,1,0,0.012882447665056404,0.012882447665056404,-0.27053140096618356,0.27053140096618356,0.0,0.0
mistral_7b_instruct_v03,EBM-NLP,24075141,P4->P5,P4,P5,3,0.05102652311325073,1,1,1,1,1,0,0.0,0.0,0.0869565217391304,0.0869565217391304,0.0,0.0
mistral_7b_instruct_v03,EBM-NLP,24075141,P5->P6,P5,P6,3,0.0,1,1,1,1,1,0,0.0,0.0,0.0,0.0,0.0,0.0
mistral_7b_instruct_v03,EBM-NLP,24080592,P1->P2,P1,P2,3,0.007731139659881592,1,1,1,1,1,0,-0.0714285714285714,0.0714285714285714,0.0,0.0,0.0,0.0
mistral_7b_instruct_v03,EBM-NLP,24080592,P2->P3,P2,P3,3,0.002192517121632894,1,1,1,1,1,0,0.0026455026455026037,0.0026455026455026037,-0.060846560846560815,0.060846560846560815,0.0,0.0
mistral_7b_instruct_v03,EBM-NLP,24080592,P3->P4,P3,P4,3,0.10547864437103271,1,1,1,0,0,1,0.0092592592592593,0.0092592592592593,-0.12962962962962968,0.12962962962962968,0.0,0.0
mistral_7b_instruct_v03,EBM-NLP,24080592,P4->P5,P4,P5,3,0.03357634941736857,1,1,0,1,0,0,0.0833333333333333,0.0833333333333333,0.0,0.0,0.0,0.0
mistral_7b_instruct_v03,EBM-NLP,24080592,P5->P6,P5,P6,3,0.007551034291585286,1,1,1,1,1,0,-0.0833333333333333,0.0833333333333333,0.0,0.0,0.0,0.0
mistral_7b_instruct_v03,EBM-NLP,24317958,P1->P2,P1,P2,3,0.010058204332987467,1,1,1,1,1,0,0.0,0.0,0.0,0.0,0.0,0.0
mistral_7b_instruct_v03,EBM-NLP,24317958,P2->P3,P2,P3,3,0.0,1,1,1,1,1,0,0.0,0.0,0.0,0.0,0.0,0.0
mistral_7b_instruct_v03,EBM-NLP,24317958,P3->P4,P3,P4,3,0.37433127562205,1,1,1,1,1,0,0.039787798408488007,0.039787798408488007,0.11671087533156493,0.11671087533156493,0.0,0.0
mistral_7b_instruct_v03,EBM-NLP,24317958,P4->P5,P4,P5,3,0.07719790935516357,1,1,1,1,1,0,0.05982905982905984,0.05982905982905984,-0.01709401709401709,0.01709401709401709,0.0,0.0
mistral_7b_instruct_v03,EBM-NLP,24317958,P5->P6,P5,P6,3,0.0038155317306518555,1,1,1,1,1,0,-0.07407407407407413,0.07407407407407413,0.0,0.0,0.0,0.0
mistral_7b_instruct_v03,EBM-NLP,24350813,P1->P2,P1,P2,3,0.0006673733393351237,1,1,1,1,1,0,-0.0015082956259427072,0.0015082956259427072,0.0301659125188537,0.0301659125188537,0.0,0.0
mistral_7b_instruct_v03,EBM-NLP,24350813,P2->P3,P2,P3,3,0.02874809503555298,1,1,1,1,1,0,-0.0197802197802198,0.0197802197802198,-0.2901098901098901,0.2901098901098901,0.0,0.0
mistral_7b_instruct_v03,EBM-NLP,24350813,P3->P4,P3,P4,3,0.3333333333333333,1,1,1,1,1,0,0.0016806722689075987,0.0016806722689075987,-0.053781512605042006,0.053781512605042006,0.0,0.0
mistral_7b_instruct_v03,EBM-NLP,24350813,P4->P5,P4,P5,3,0.0,1,1,1,1,1,0,0.0,0.0,0.0,0.0,0.0,0.0
mistral_7b_instruct_v03,EBM-NLP,24350813,P5->P6,P5,P6,3,0.0,1,1,1,1,1,0,0.0,0.0,0.0,0.0,0.0,0.0
mistral_7b_instruct_v03,EBM-NLP,24451919,P1->P2,P1,P2,3,0.07102892796198527,1,1,1,1,1,0,-0.1379310344827586,0.1379310344827586,-0.26149425287356326,0.26149425287356326,0.0,0.0
mistral_7b_instruct_v03,EBM-NLP,24451919,P2->P3,P2,P3,3,0.3631107409795125,1,1,1,1,1,0,0.0869565217391304,0.0869565217391304,0.0036231884057971037,0.0036231884057971037,0.0,0.0
mistral_7b_instruct_v03,EBM-NLP,24451919,P3->P4,P3,P4,3,0.0403825044631958,1,1,1,0,0,1,-0.0869565217391304,0.0869565217391304,0.0,0.0,0.0,0.0
mistral_7b_instruct_v03,EBM-NLP,24451919,P4->P5,P4,P5,3,0.0021339853604634604,1,1,0,1,0,0,0.0,0.0,0.0,0.0,0.0,0.0
mistral_7b_instruct_v03,EBM-NLP,24451919,P5->P6,P5,P6,3,0.35141148169835407,1,1,1,1,1,0,0.1481481481481481,0.1481481481481481,0.1352657004830917,0.1352657004830917,0.0,0.0
mistral_7b_instruct_v03,EBM-NLP,24515505,P1->P2,P1,P2,3,0.03005303939183553,1,1,1,1,1,0,0.0015873015873016025,0.0015873015873016025,-0.0492063492063492,0.0492063492063492,0.0,0.0
mistral_7b_instruct_v03,EBM-NLP,24515505,P2->P3,P2,P3,3,0.029033104578653973,1,1,1,1,1,0,0.0,0.0,0.0,0.0,0.0,0.0
mistral_7b_instruct_v03,EBM-NLP,24515505,P3->P4,P3,P4,3,0.407581627368927,1,1,1,1,1,0,0.1590733590733591,0.1590733590733591,0.2038610038610038,0.2038610038610038,0.0,0.0
mistral_7b_instruct_v03,EBM-NLP,24515505,P4->P5,P4,P5,3,0.342843234539032,1,1,1,1,1,0,-0.058321479374111,0.058321479374111,-0.11664295874822189,0.11664295874822189,0.0,0.0
mistral_7b_instruct_v03,EBM-NLP,24515505,P5->P6,P5,P6,3,0.0034578839937845864,1,1,1,1,1,0,-0.09728867623604459,0.09728867623604459,-0.1339712918660287,0.1339712918660287,0.0,0.0
mistral_7b_instruct_v03,EBM-NLP,24660757,P1->P2,P1,P2,3,0.07250865300496419,1,1,1,1,1,0,0.2666666666666666,0.2666666666666666,0.1333333333333333,0.1333333333333333,0.0,0.0
mistral_7b_instruct_v03,EBM-NLP,24660757,P2->P3,P2,P3,3,0.07401951154073079,1,1,1,1,1,0,-0.2666666666666666,0.2666666666666666,-0.14901960784313723,0.14901960784313723,0.0,0.0
mistral_7b_instruct_v03,EBM-NLP,24660757,P3->P4,P3,P4,3,0.07151297728220622,1,1,1,1,1,0,0.0,0.0,0.1176470588235294,0.1176470588235294,0.0,0.0
mistral_7b_instruct_v03,EBM-NLP,24660757,P4->P5,P4,P5,3,0.05979496240615845,1,1,1,1,1,0,0.0,0.0,-0.10196078431372549,0.10196078431372549,0.0,0.0
mistral_7b_instruct_v03,EBM-NLP,24660757,P5->P6,P5,P6,3,0.38507672150929767,1,1,1,1,1,0,0.0,0.0,0.04848484848484849,0.04848484848484849,0.0,0.0
mistral_7b_instruct_v03,EBM-NLP,24726342,P1->P2,P1,P2,3,1.9868214925130207e-08,1,1,1,1,1,0,0.0,0.0,0.0,0.0,0.0,0.0
mistral_7b_instruct_v03,EBM-NLP,24726342,P2->P3,P2,P3,3,1.9868214925130207e-08,1,1,1,1,1,0,0.0,0.0,0.0,0.0,0.0,0.0
mistral_7b_instruct_v03,EBM-NLP,24726342,P3->P4,P3,P4,3,0.07634639739990234,1,1,1,1,1,0,0.064516129032258,0.064516129032258,-0.0893300248138958,0.0893300248138958,0.0,0.0
mistral_7b_instruct_v03,EBM-NLP,24726342,P4->P5,P4,P5,3,0.14396230379740396,1,1,1,1,1,0,0.0,0.0,0.0645161290322581,0.0645161290322581,0.0,0.0
mistral_7b_instruct_v03,EBM-NLP,24726342,P5->P6,P5,P6,3,0.0,1,1,1,1,1,0,0.0,0.0,0.0,0.0,0.0,0.0
mistral_7b_instruct_v03,EBM-NLP,24803369,P1->P2,P1,P2,3,0.03456350167592367,1,1,1,1,1,0,0.15999999999999998,0.15999999999999998,0.15999999999999998,0.15999999999999998,0.0,0.0
mistral_7b_instruct_v03,EBM-NLP,24803369,P2->P3,P2,P3,3,0.03734878698984782,1,1,1,1,1,0,-0.15999999999999998,0.15999999999999998,-0.15999999999999998,0.15999999999999998,0.0,0.0
mistral_7b_instruct_v03,EBM-NLP,24803369,P3->P4,P3,P4,3,0.3583516875902812,1,1,1,1,1,0,0.20571428571428568,0.20571428571428568,0.1561904761904761,0.1561904761904761,0.0,0.0
mistral_7b_instruct_v03,EBM-NLP,24803369,P4->P5,P4,P5,3,0.6666666666666666,1,1,1,0,0,1,-0.2857142857142857,0.2857142857142857,-0.4761904761904761,0.4761904761904761,0.0,0.0
mistral_7b_instruct_v03,EBM-NLP,24803369,P5->P6,P5,P6,3,1.0,1,1,0,1,0,0,0.1904761904761904,0.1904761904761904,0.3809523809523809,0.3809523809523809,0.0,0.0
mistral_7b_instruct_v03,EBM-NLP,24960665,P1->P2,P1,P2,3,0.01775171359380086,1,1,1,1,1,0,0.0016806722689075987,0.0016806722689075987,0.005042016806722699,0.005042016806722699,0.0,0.0
mistral_7b_instruct_v03,EBM-NLP,24960665,P2->P3,P2,P3,3,0.02246371905008952,1,1,1,1,1,0,0.10784313725490191,0.10784313725490191,0.2124183006535948,0.2124183006535948,0.0,0.0
mistral_7b_instruct_v03,EBM-NLP,24960665,P3->P4,P3,P4,3,0.39315861463546753,1,1,1,1,1,0,-0.1666666666666666,0.1666666666666666,-0.3888888888888889,0.3888888888888889,0.0,0.0
mistral_7b_instruct_v03,EBM-NLP,24960665,P4->P5,P4,P5,3,0.030561506748199463,1,1,1,1,1,0,0.0,0.0,0.0,0.0,0.0,0.0
mistral_7b_instruct_v03,EBM-NLP,24960665,P5->P6,P5,P6,3,0.0,1,1,1,1,1,0,0.0,0.0,0.0,0.0,0.0,0.0
mistral_7b_instruct_v03,EBM-NLP,24989854,P1->P2,P1,P2,3,0.019175986448923748,1,1,1,1,1,0,-0.048582995951417005,0.048582995951417005,-0.09851551956815119,0.09851551956815119,0.0,0.0
mistral_7b_instruct_v03,EBM-NLP,24989854,P2->P3,P2,P3,3,0.0,1,1,1,1,1,0,0.0,0.0,0.0,0.0,0.0,0.0
mistral_7b_instruct_v03,EBM-NLP,24989854,P3->P4,P3,P4,3,0.35534868637720746,1,1,1,1,1,0,-0.046439628482972097,0.046439628482972097,-0.0402476780185758,0.0402476780185758,0.0,0.0
mistral_7b_instruct_v03,EBM-NLP,24989854,P4->P5,P4,P5,3,0.01166673501332601,1,1,1,1,1,0,-0.0016806722689075987,0.0016806722689075987,0.1109243697478992,0.1109243697478992,0.0,0.0
mistral_7b_instruct_v03,EBM-NLP,24989854,P5->P6,P5,P6,3,1.9868214925130207e-08,1,1,1,1,1,0,0.0,0.0,0.0,0.0,0.0,0.0
mistral_7b_instruct_v03,EBM-NLP,25068497,P1->P2,P1,P2,3,3.9736429850260414e-08,1,1,1,1,1,0,0.0,0.0,0.0,0.0,0.0,0.0
mistral_7b_instruct_v03,EBM-NLP,25068497,P2->P3,P2,P3,3,3.9736429850260414e-08,1,1,1,1,1,0,0.0,0.0,0.0,0.0,0.0,0.0
mistral_7b_instruct_v03,EBM-NLP,25068497,P3->P4,P3,P4,3,0.3605791727701823,1,1,1,1,1,0,-0.0666666666666666,0.0666666666666666,-0.1166666666666667,0.1166666666666667,0.0,0.0
mistral_7b_instruct_v03,EBM-NLP,25068497,P4->P5,P4,P5,3,0.3864153027534485,1,1,1,1,1,0,-0.1,0.1,-0.09999999999999998,0.09999999999999998,0.0,0.0
mistral_7b_instruct_v03,EBM-NLP,25068497,P5->P6,P5,P6,3,0.0,1,1,1,1,1,0,0.0,0.0,0.0,0.0,0.0,0.0
mistral_7b_instruct_v03,EBM-NLP,25369243,P1->P2,P1,P2,3,0.0,1,1,1,1,1,0,0.0,0.0,0.0,0.0,0.0,0.0
mistral_7b_instruct_v03,EBM-NLP,25369243,P2->P3,P2,P3,3,0.009551525115966797,1,1,1,1,1,0,0.0,0.0,0.0,0.0,0.0,0.0
mistral_7b_instruct_v03,EBM-NLP,25369243,P3->P4,P3,P4,3,0.11346753438313802,1,1,1,1,1,0,0.0869565217391304,0.0869565217391304,0.020869565217391306,0.020869565217391306,0.0,0.0
mistral_7b_instruct_v03,EBM-NLP,25369243,P4->P5,P4,P5,3,0.00544587771097819,1,1,1,1,1,0,0.0,0.0,0.0,0.0,0.0,0.0
mistral_7b_instruct_v03,EBM-NLP,25369243,P5->P6,P5,P6,3,0.0,1,1,1,1,1,0,0.0,0.0,0.0,0.0,0.0,0.0
mistral_7b_instruct_v03,EBM-NLP,25479285,P1->P2,P1,P2,3,0.05649866660435995,1,1,1,1,1,0,0.1904761904761905,0.1904761904761905,0.0,0.0,0.0,0.0
mistral_7b_instruct_v03,EBM-NLP,25479285,P2->P3,P2,P3,3,0.05764394998550415,1,1,1,1,1,0,-0.0952380952380952,0.0952380952380952,-0.0952380952380952,0.0952380952380952,0.0,0.0
mistral_7b_instruct_v03,EBM-NLP,25479285,P3->P4,P3,P4,3,0.005066394805908203,1,1,1,1,1,0,0.0,0.0,0.0,0.0,0.0,0.0
mistral_7b_instruct_v03,EBM-NLP,25479285,P4->P5,P4,P5,3,0.3333333333333333,1,1,1,1,1,0,0.009523809523809407,0.009523809523809407,0.009523809523809407,0.009523809523809407,0.0,0.0
mistral_7b_instruct_v03,EBM-NLP,25479285,P5->P6,P5,P6,3,0.3798118034998576,1,1,1,1,1,0,-0.018181818181818105,0.018181818181818105,-0.018181818181818105,0.018181818181818105,0.0,0.0
mistral_7b_instruct_v03,EBM-NLP,25784723,P1->P2,P1,P2,3,0.0039460062980651855,1,1,1,1,1,0,0.0,0.0,0.0,0.0,0.0,0.0
mistral_7b_instruct_v03,EBM-NLP,25784723,P2->P3,P2,P3,3,0.06467926502227783,1,1,1,1,1,0,0.0769230769230769,0.0769230769230769,0.0848806366047745,0.0848806366047745,0.0,0.0
mistral_7b_instruct_v03,EBM-NLP,25784723,P3->P4,P3,P4,3,0.022240559260050457,1,1,1,1,1,0,0.0,0.0,0.0,0.0,0.0,0.0
mistral_7b_instruct_v03,EBM-NLP,25784723,P4->P5,P4,P5,3,0.40573837359746295,1,1,1,1,1,0,0.003076923076923102,0.003076923076923102,-0.0738461538461538,0.0738461538461538,0.0,0.0
mistral_7b_instruct_v03,EBM-NLP,25784723,P5->P6,P5,P6,3,0.39309300978978473,1,1,1,1,1,0,0.0738461538461538,0.0738461538461538,0.1507692307692307,0.1507692307692307,0.0,0.0
mistral_7b_instruct_v03,EBM-NLP,25885649,P1->P2,P1,P2,3,0.053077121575673424,1,1,1,1,1,0,0.0,0.0,0.00738916256157629,0.00738916256157629,0.0,0.0
mistral_7b_instruct_v03,EBM-NLP,25885649,P2->P3,P2,P3,3,0.06364460786183675,1,1,1,1,1,0,0.0,0.0,0.027093596059113323,0.027093596059113323,0.0,0.0
mistral_7b_instruct_v03,EBM-NLP,25885649,P3->P4,P3,P4,3,0.06613659858703613,1,1,1,1,1,0,0.0,0.0,-0.1629479377958079,0.1629479377958079,0.0,0.0
mistral_7b_instruct_v03,EBM-NLP,25885649,P4->P5,P4,P5,3,0.019239226977030437,1,1,1,1,1,0,0.0,0.0,-0.0015082956259427072,0.0015082956259427072,0.0,0.0
mistral_7b_instruct_v03,EBM-NLP,25885649,P5->P6,P5,P6,3,0.029806713263193767,1,1,1,1,1,0,0.0,0.0,0.0407239819004525,0.0407239819004525,0.0,0.0
mistral_7b_instruct_v03,EBM-NLP,25886492,P1->P2,P1,P2,3,0.10253383715947469,1,1,1,1,1,0,0.034632034632034604,0.034632034632034604,-0.06493506493506487,0.06493506493506487,0.0,0.0
mistral_7b_instruct_v03,EBM-NLP,25886492,P2->P3,P2,P3,3,0.13630096117655435,1,1,1,1,1,0,-0.0952380952380952,0.0952380952380952,-0.16402116402116412,0.16402116402116412,0.0,0.0
mistral_7b_instruct_v03,EBM-NLP,25886492,P3->P4,P3,P4,3,0.07964654763539632,1,1,1,1,1,0,0.0,0.0,0.0,0.0,0.0,0.0
mistral_7b_instruct_v03,EBM-NLP,25886492,P4->P5,P4,P5,3,0.13476034005482992,1,1,1,1,1,0,0.0,0.0,0.0,0.0,0.0,0.0
mistral_7b_instruct_v03,EBM-NLP,25886492,P5->P6,P5,P6,3,0.0,1,1,1,1,1,0,0.0,0.0,0.0,0.0,0.0,0.0
mistral_7b_instruct_v03,EBM-NLP,25898782,P1->P2,P1,P2,3,0.030333201090494793,1,1,1,1,1,0,0.012870012870012895,0.012870012870012895,0.03861003861003859,0.03861003861003859,0.0,0.0
mistral_7b_instruct_v03,EBM-NLP,25898782,P2->P3,P2,P3,3,0.01914117733637492,1,1,1,1,1,0,-0.1081081081081081,0.1081081081081081,-0.008534850640113778,0.008534850640113778,0.0,0.0
mistral_7b_instruct_v03,EBM-NLP,25898782,P3->P4,P3,P4,3,0.09430136283238728,1,1,1,1,1,0,0.0,0.0,0.017543859649122806,0.017543859649122806,0.0,0.0
mistral_7b_instruct_v03,EBM-NLP,25898782,P4->P5,P4,P5,3,0.42958734432856244,1,1,1,1,1,0,0.0,0.0,-0.2564102564102564,0.2564102564102564,0.0,0.0
mistral_7b_instruct_v03,EBM-NLP,25898782,P5->P6,P5,P6,3,0.0,1,1,1,1,1,0,0.0,0.0,0.0,0.0,0.0,0.0
mistral_7b_instruct_v03,EBM-NLP,25931290,P1->P2,P1,P2,3,0.00507354736328125,1,1,1,1,1,0,0.00584795321637431,0.00584795321637431,0.02339181286549713,0.02339181286549713,0.0,0.0
mistral_7b_instruct_v03,EBM-NLP,25931290,P2->P3,P2,P3,3,5.960464477539063e-08,1,1,1,1,1,0,0.0,0.0,0.0,0.0,0.0,0.0
mistral_7b_instruct_v03,EBM-NLP,25931290,P3->P4,P3,P4,3,0.37221358219782513,1,1,1,1,1,0,0.0,0.0,-0.2222222222222222,0.2222222222222222,0.0,0.0
mistral_7b_instruct_v03,EBM-NLP,25931290,P4->P5,P4,P5,3,0.36109719673792523,1,1,1,1,1,0,0.07936507936507939,0.07936507936507939,0.253968253968254,0.253968253968254,0.0,0.0
mistral_7b_instruct_v03,EBM-NLP,25931290,P5->P6,P5,P6,3,0.3333333333333333,1,1,1,0,0,1,-0.0728291316526611,0.0728291316526611,-0.12324929971988802,0.12324929971988802,0.0,0.0
mistral_7b_instruct_v03,EBM-NLP,25950425,P1->P2,P1,P2,3,0.00072250763575236,1,1,1,1,1,0,0.0022148394241418012,0.0022148394241418012,0.004429678848283519,0.004429678848283519,0.0,0.0
mistral_7b_instruct_v03,EBM-NLP,25950425,P2->P3,P2,P3,3,0.00072250763575236,1,1,1,1,1,0,-0.0022148394241418012,0.0022148394241418012,-0.004429678848283519,0.004429678848283519,0.0,0.0
mistral_7b_instruct_v03,EBM-NLP,25950425,P3->P4,P3,P4,3,0.001659075419108073,1,1,1,1,1,0,0.004537719795802697,0.004537719795802697,0.009075439591605311,0.009075439591605311,0.0,0.0
mistral_7b_instruct_v03,EBM-NLP,25950425,P4->P5,P4,P5,3,3.9736429850260414e-08,1,1,1,1,1,0,0.0,0.0,0.0,0.0,0.0,0.0
mistral_7b_instruct_v03,EBM-NLP,25950425,P5->P6,P5,P6,3,0.03609349330266317,1,1,1,1,1,0,0.013550135501355004,0.013550135501355004,-0.0284552845528456,0.0284552845528456,0.0,0.0
mistral_7b_instruct_v03,EBM-NLP,26210844,P1->P2,P1,P2,3,0.03245021899541219,1,1,1,1,1,0,-0.2702702702702702,0.2702702702702702,-0.2702702702702702,0.2702702702702702,0.0,0.0
mistral_7b_instruct_v03,EBM-NLP,26210844,P2->P3,P2,P3,3,0.042592386404673256,1,1,1,1,1,0,0.1935483870967742,0.1935483870967742,0.1935483870967742,0.1935483870967742,0.0,0.0
mistral_7b_instruct_v03,EBM-NLP,26210844,P3->P4,P3,P4,3,0.042592386404673256,1,1,1,1,1,0,-0.1935483870967742,0.1935483870967742,-0.1935483870967742,0.1935483870967742,0.0,0.0
mistral_7b_instruct_v03,EBM-NLP,26210844,P4->P5,P4,P5,3,0.019911547501881916,1,1,1,1,1,0,0.0,0.0,0.0,0.0,0.0,0.0
mistral_7b_instruct_v03,EBM-NLP,26210844,P5->P6,P5,P6,3,0.0,1,1,1,1,1,0,0.0,0.0,0.0,0.0,0.0,0.0
mistral_7b_instruct_v03,EBM-NLP,26278470,P1->P2,P1,P2,3,0.027913570404052734,1,1,1,1,1,0,0.0,0.0,0.0,0.0,0.0,0.0
mistral_7b_instruct_v03,EBM-NLP,26278470,P2->P3,P2,P3,3,0.04663276672363281,1,1,1,1,1,0,0.0,0.0,0.05555555555555561,0.05555555555555561,0.0,0.0
mistral_7b_instruct_v03,EBM-NLP,26278470,P3->P4,P3,P4,3,0.06915209690729777,1,1,1,1,1,0,0.017921146953404993,0.017921146953404993,0.035842293906809986,0.035842293906809986,0.0,0.0
mistral_7b_instruct_v03,EBM-NLP,26278470,P4->P5,P4,P5,3,0.3690059185028076,1,1,1,1,1,0,0.004301075268817206,0.004301075268817206,-0.058064516129032295,0.058064516129032295,0.0,0.0
mistral_7b_instruct_v03,EBM-NLP,26278470,P5->P6,P5,P6,3,0.03190155824025472,1,1,1,1,1,0,-0.06666666666666671,0.06666666666666671,0.0,0.0,0.0,0.0
mistral_7b_instruct_v03,EBM-NLP,2678230,P1->P2,P1,P2,3,0.001485586166381836,1,1,1,1,1,0,0.0,0.0,0.0,0.0,0.0,0.0
mistral_7b_instruct_v03,EBM-NLP,2678230,P2->P3,P2,P3,3,0.02861863374710083,1,1,1,1,1,0,0.024767801857585092,0.024767801857585092,-0.055727554179566596,0.055727554179566596,0.0,0.0
mistral_7b_instruct_v03,EBM-NLP,2678230,P3->P4,P3,P4,3,0.10245845715204875,1,1,1,1,1,0,-0.2352941176470588,0.2352941176470588,-0.009049773755656076,0.009049773755656076,0.0,0.0
mistral_7b_instruct_v03,EBM-NLP,2678230,P4->P5,P4,P5,3,0.10542662938435872,1,1,1,1,1,0,0.2666666666666666,0.2666666666666666,0.07179487179487182,0.07179487179487182,0.0,0.0
mistral_7b_instruct_v03,EBM-NLP,2678230,P5->P6,P5,P6,3,0.09808091322580974,1,1,1,1,1,0,-0.11282051282051281,0.11282051282051281,-0.07179487179487182,0.07179487179487182,0.0,0.0
mistral_7b_instruct_v03,EBM-NLP,2803397,P1->P2,P1,P2,3,0.03872174024581909,1,1,1,1,1,0,0.0,0.0,-0.05719091673675361,0.05719091673675361,0.0,0.0
mistral_7b_instruct_v03,EBM-NLP,2803397,P2->P3,P2,P3,3,0.04225504398345947,1,1,1,1,1,0,0.0606060606060606,0.0606060606060606,0.043887147335423204,0.043887147335423204,0.0,0.0
mistral_7b_instruct_v03,EBM-NLP,2803397,P3->P4,P3,P4,3,0.10201780001322429,1,1,1,1,1,0,0.0163170163170163,0.0163170163170163,-0.1048951048951049,0.1048951048951049,0.0,0.0
mistral_7b_instruct_v03,EBM-NLP,2803397,P4->P5,P4,P5,3,0.15262794494628906,1,1,1,1,1,0,-0.0769230769230769,0.0769230769230769,-0.0144230769230769,0.0144230769230769,0.0,0.0
mistral_7b_instruct_v03,EBM-NLP,2803397,P5->P6,P5,P6,3,0.44177772601445514,1,1,1,1,1,0,0.0,0.0,-0.0625,0.0625,0.0,0.0
mistral_7b_instruct_v03,EBM-NLP,2908133,P1->P2,P1,P2,3,0.04947314659754435,1,1,1,1,1,0,-0.006410256410256401,0.006410256410256401,-0.025641025641025716,0.025641025641025716,0.0,0.0
mistral_7b_instruct_v03,EBM-NLP,2908133,P2->P3,P2,P3,3,0.0,1,1,1,1,1,0,0.0,0.0,0.0,0.0,0.0,0.0
mistral_7b_instruct_v03,EBM-NLP,2908133,P3->P4,P3,P4,3,0.05503052473068237,1,1,1,1,1,0,0.018315018315018305,0.018315018315018305,-0.1172161172161171,0.1172161172161171,0.0,0.0
mistral_7b_instruct_v03,EBM-NLP,2908133,P4->P5,P4,P5,3,0.06893006960550944,1,1,1,1,1,0,-0.0952380952380952,0.0952380952380952,-0.09523809523809529,0.09523809523809529,0.0,0.0
mistral_7b_instruct_v03,EBM-NLP,2908133,P5->P6,P5,P6,3,0.05621683597564697,1,1,1,1,1,0,0.0,0.0,0.09523809523809529,0.09523809523809529,0.0,0.0
mistral_7b_instruct_v03,EBM-NLP,3067745,P1->P2,P1,P2,3,1.9868214925130207e-08,1,1,1,1,1,0,0.0,0.0,0.0,0.0,0.0,0.0
mistral_7b_instruct_v03,EBM-NLP,3067745,P2->P3,P2,P3,3,1.9868214925130207e-08,1,1,1,1,1,0,0.0,0.0,0.0,0.0,0.0,0.0
mistral_7b_instruct_v03,EBM-NLP,3067745,P3->P4,P3,P4,3,0.3395819664001465,1,1,1,1,1,0,0.1111111111111111,0.1111111111111111,-0.0935672514619883,0.0935672514619883,0.0,0.0
mistral_7b_instruct_v03,EBM-NLP,3067745,P4->P5,P4,P5,3,0.3333333532015483,1,1,1,0,0,1,-0.00584795321637431,0.00584795321637431,-0.01169590643274862,0.01169590643274862,0.0,0.0
mistral_7b_instruct_v03,EBM-NLP,3067745,P5->P6,P5,P6,3,0.05076003074645996,1,1,0,0,0,0,0.012383900928792602,0.012383900928792602,-0.09287925696594419,0.09287925696594419,0.0,0.0
mistral_7b_instruct_v03,EBM-NLP,3074300,P1->P2,P1,P2,3,0.0028778513272603354,1,1,1,1,1,0,-0.026881720430107586,0.026881720430107586,-0.05376344086021506,0.05376344086021506,0.0,0.0
mistral_7b_instruct_v03,EBM-NLP,3074300,P2->P3,P2,P3,3,0.003875295321146647,1,1,1,1,1,0,0.0402298850574713,0.0402298850574713,0.01149425287356326,0.01149425287356326,0.0,0.0
mistral_7b_instruct_v03,EBM-NLP,3074300,P3->P4,P3,P4,3,0.36696622769037884,1,1,1,1,1,0,-0.1068965517241379,0.1068965517241379,-0.044827586206896586,0.044827586206896586,0.0,0.0
mistral_7b_instruct_v03,EBM-NLP,3074300,P4->P5,P4,P5,3,0.34412676095962524,1,1,1,1,1,0,0.0,0.0,0.0,0.0,0.0,0.0
mistral_7b_instruct_v03,EBM-NLP,3074300,P5->P6,P5,P6,3,0.026772459348042805,1,1,1,1,1,0,0.0,0.0,-0.09999999999999998,0.09999999999999998,0.0,0.0
mistral_7b_instruct_v03,EBM-NLP,3081600,P1->P2,P1,P2,3,0.002186715602874756,1,1,1,1,1,0,0.060526315789473595,0.060526315789473595,0.06315789473684208,0.06315789473684208,0.0,0.0
mistral_7b_instruct_v03,EBM-NLP,3081600,P2->P3,P2,P3,3,0.0,1,1,1,1,1,0,0.0,0.0,0.0,0.0,0.0,0.0
mistral_7b_instruct_v03,EBM-NLP,3081600,P3->P4,P3,P4,3,0.3382972280184428,1,1,1,1,1,0,-0.07719298245614029,0.07719298245614029,-0.06315789473684219,0.06315789473684219,0.0,0.0
mistral_7b_instruct_v03,EBM-NLP,3081600,P4->P5,P4,P5,3,0.352200984954834,1,1,1,1,1,0,-0.1333333333333333,0.1333333333333333,-0.13103448275862062,0.13103448275862062,0.0,0.0
mistral_7b_instruct_v03,EBM-NLP,3081600,P5->P6,P5,P6,3,0.37589218219121295,1,1,1,1,1,0,0.1379310344827586,0.1379310344827586,0.13793103448275862,0.13793103448275862,0.0,0.0
mistral_7b_instruct_v03,EBM-NLP,3534803,P1->P2,P1,P2,3,0.008906304836273193,1,1,1,1,1,0,-0.0833333333333333,0.0833333333333333,-0.0833333333333333,0.0833333333333333,0.0,0.0
mistral_7b_instruct_v03,EBM-NLP,3534803,P2->P3,P2,P3,3,0.0,1,1,1,1,1,0,0.0,0.0,0.0,0.0,0.0,0.0
mistral_7b_instruct_v03,EBM-NLP,3534803,P3->P4,P3,P4,3,0.17171875635782877,1,1,1,1,1,0,0.1739130434782609,0.1739130434782609,0.1739130434782609,0.1739130434782609,0.0,0.0
mistral_7b_instruct_v03,EBM-NLP,3534803,P4->P5,P4,P5,3,0.4373033046722412,1,1,1,1,1,0,-0.1739130434782609,0.1739130434782609,0.026086956521739008,0.026086956521739008,0.0,0.0
mistral_7b_instruct_v03,EBM-NLP,3534803,P5->P6,P5,P6,3,0.34760451316833496,1,1,1,1,1,0,0.16,0.16,0.04000000000000009,0.04000000000000009,0.0,0.0
mistral_7b_instruct_v03,EBM-NLP,361799,P1->P2,P1,P2,3,0.044677913188934326,1,1,1,1,1,0,-0.21473684210526323,0.21473684210526323,-0.3494736842105265,0.3494736842105265,0.0,0.0
mistral_7b_instruct_v03,EBM-NLP,361799,P2->P3,P2,P3,3,0.024601280689239502,1,1,1,1,1,0,0.1052631578947368,0.1052631578947368,0.10526315789473692,0.10526315789473692,0.0,0.0
mistral_7b_instruct_v03,EBM-NLP,361799,P3->P4,P3,P4,3,0.03630053997039795,1,1,1,1,1,0,-0.1052631578947368,0.1052631578947368,-0.10526315789473692,0.10526315789473692,0.0,0.0
mistral_7b_instruct_v03,EBM-NLP,361799,P4->P5,P4,P5,3,0.38308848937352497,1,1,1,1,1,0,0.00584795321637431,0.00584795321637431,-0.09941520467836248,0.09941520467836248,0.0,0.0
mistral_7b_instruct_v03,EBM-NLP,361799,P5->P6,P5,P6,3,0.00568769375483195,1,1,1,1,1,0,0.0,0.0,0.0,0.0,0.0,0.0
mistral_7b_instruct_v03,EBM-NLP,384815,P1->P2,P1,P2,3,0.014349420865376791,1,1,1,1,1,0,-0.010869565217391408,0.010869565217391408,0.07246376811594202,0.07246376811594202,0.0,0.0
mistral_7b_instruct_v03,EBM-NLP,384815,P2->P3,P2,P3,3,0.06100704272588094,1,1,1,1,1,0,-0.13888888888888878,0.13888888888888878,0.0,0.0,0.0,0.0
mistral_7b_instruct_v03,EBM-NLP,384815,P3->P4,P3,P4,3,0.15341665347417197,1,1,1,1,1,0,0.1388888888888889,0.1388888888888889,0.041666666666666685,0.041666666666666685,0.0,0.0
mistral_7b_instruct_v03,EBM-NLP,384815,P4->P5,P4,P5,3,0.10463730494181316,1,1,1,1,1,0,0.0,0.0,-0.125,0.125,0.0,0.0
mistral_7b_instruct_v03,EBM-NLP,384815,P5->P6,P5,P6,3,0.014848907788594564,1,1,1,1,1,0,0.0,0.0,0.0,0.0,0.0,0.0
mistral_7b_instruct_v03,EBM-NLP,3919804,P1->P2,P1,P2,3,0.021163225173950195,1,1,1,1,1,0,0.010033444816053505,0.010033444816053505,-0.01672240802675584,0.01672240802675584,0.0,0.0
mistral_7b_instruct_v03,EBM-NLP,3919804,P2->P3,P2,P3,3,0.009654005368550619,1,1,1,1,1,0,-0.0069565217391305,0.0069565217391305,-0.04173913043478261,0.04173913043478261,0.0,0.0
mistral_7b_instruct_v03,EBM-NLP,3919804,P3->P4,P3,P4,3,0.03871901830037435,1,1,1,1,1,0,0.0,0.0,0.08000000000000007,0.08000000000000007,0.0,0.0
mistral_7b_instruct_v03,EBM-NLP,3919804,P4->P5,P4,P5,3,0.04310146967569987,1,1,1,1,1,0,0.0200000000000001,0.0200000000000001,-0.36000000000000004,0.36000000000000004,0.0,0.0
mistral_7b_instruct_v03,EBM-NLP,3919804,P5->P6,P5,P6,3,0.00323792298634847,1,1,1,1,1,0,0.0,0.0,0.0,0.0,0.0,0.0
mistral_7b_instruct_v03,EBM-NLP,4919024,P1->P2,P1,P2,3,3.9736429850260414e-08,1,1,1,1,1,0,0.0,0.0,0.0,0.0,0.0,0.0
mistral_7b_instruct_v03,EBM-NLP,4919024,P2->P3,P2,P3,3,3.9736429850260414e-08,1,1,1,1,1,0,0.0,0.0,0.0,0.0,0.0,0.0
mistral_7b_instruct_v03,EBM-NLP,4919024,P3->P4,P3,P4,3,0.14931644996007284,1,1,1,1,1,0,0.2,0.2,0.2,0.2,0.0,0.0
mistral_7b_instruct_v03,EBM-NLP,4919024,P4->P5,P4,P5,3,0.11654049158096313,1,1,1,0,0,1,0.0,0.0,0.0,0.0,0.0,0.0
mistral_7b_instruct_v03,EBM-NLP,4919024,P5->P6,P5,P6,3,0.12017271916071574,1,1,0,1,0,0,-0.04615384615384621,0.04615384615384621,-0.04615384615384621,0.04615384615384621,0.0,0.0
mistral_7b_instruct_v03,EBM-NLP,6418441,P1->P2,P1,P2,3,0.07091095050175984,1,1,1,1,1,0,0.07720588235294121,0.07720588235294121,0.02573529411764708,0.02573529411764708,0.0,0.0
mistral_7b_instruct_v03,EBM-NLP,6418441,P2->P3,P2,P3,3,0.06027426322301229,1,1,1,1,1,0,0.0,0.0,0.0,0.0,0.0,0.0
mistral_7b_instruct_v03,EBM-NLP,6418441,P3->P4,P3,P4,3,0.08618640899658203,1,1,1,1,1,0,0.05113636363636359,0.05113636363636359,0.04734848484848492,0.04734848484848492,0.0,0.0
mistral_7b_instruct_v03,EBM-NLP,6418441,P4->P5,P4,P5,3,0.04665180047353109,1,1,1,1,1,0,-0.303030303030303,0.303030303030303,-0.4242424242424243,0.4242424242424243,0.0,0.0
mistral_7b_instruct_v03,EBM-NLP,6418441,P5->P6,P5,P6,3,0.0,1,1,1,1,1,0,0.0,0.0,0.0,0.0,0.0,0.0
mistral_7b_instruct_v03,EBM-NLP,6421395,P1->P2,P1,P2,3,0.0011996030807495117,1,1,1,1,1,0,-0.1098484848484848,0.1098484848484848,-0.047348484848484806,0.047348484848484806,0.0,0.0
mistral_7b_instruct_v03,EBM-NLP,6421395,P2->P3,P2,P3,3,0.0,1,1,1,1,1,0,0.0,0.0,0.0,0.0,0.0,0.0
mistral_7b_instruct_v03,EBM-NLP,6421395,P3->P4,P3,P4,3,0.013730506102244059,1,1,1,1,1,0,-0.011363636363636409,0.011363636363636409,0.047348484848484806,0.047348484848484806,0.0,0.0
mistral_7b_instruct_v03,EBM-NLP,6421395,P4->P5,P4,P5,3,0.0006729761759440104,1,1,1,1,1,0,0.011363636363636409,0.011363636363636409,-0.047348484848484806,0.047348484848484806,0.0,0.0
mistral_7b_instruct_v03,EBM-NLP,6421395,P5->P6,P5,P6,3,1.9868214925130207e-08,1,1,1,1,1,0,0.0,0.0,0.0,0.0,0.0,0.0
mistral_7b_instruct_v03,EBM-NLP,6920252,P1->P2,P1,P2,3,0.013485451539357504,1,1,1,1,1,0,0.06395348837209311,0.06395348837209311,-0.06511627906976736,0.06511627906976736,0.0,0.0
mistral_7b_instruct_v03,EBM-NLP,6920252,P2->P3,P2,P3,3,0.0026268760363260904,1,1,1,1,1,0,-0.1071428571428572,0.1071428571428572,-0.019047619047619146,0.019047619047619146,0.0,0.0
mistral_7b_instruct_v03,EBM-NLP,6920252,P3->P4,P3,P4,3,0.04396520058314005,1,1,1,1,1,0,0.0,0.0,-0.09523809523809518,0.09523809523809518,0.0,0.0
mistral_7b_instruct_v03,EBM-NLP,6920252,P4->P5,P4,P5,3,0.025651415189107258,1,1,1,1,1,0,-0.003322259136212591,0.003322259136212591,0.13289036544850502,0.13289036544850502,0.0,0.0
mistral_7b_instruct_v03,EBM-NLP,6920252,P5->P6,P5,P6,3,0.005688528219858806,1,1,1,1,1,0,0.003322259136212591,0.003322259136212591,-0.037652270210409844,0.037652270210409844,0.0,0.0
mistral_7b_instruct_v03,EBM-NLP,6938020,P1->P2,P1,P2,3,0.0,1,1,1,1,1,0,0.0,0.0,0.0,0.0,0.0,0.0
mistral_7b_instruct_v03,EBM-NLP,6938020,P2->P3,P2,P3,3,0.05739774306615194,1,1,1,1,1,0,-0.06896551724137928,0.06896551724137928,-0.06896551724137923,0.06896551724137923,0.0,0.0
mistral_7b_instruct_v03,EBM-NLP,6938020,P3->P4,P3,P4,3,0.37670789162317914,1,1,1,1,1,0,0.1079460269865068,0.1079460269865068,-0.09895052473763111,0.09895052473763111,0.0,0.0
mistral_7b_instruct_v03,EBM-NLP,6938020,P4->P5,P4,P5,3,0.029037614663441975,1,1,1,1,1,0,-0.06719367588932823,0.06719367588932823,-0.06719367588932823,0.06719367588932823,0.0,0.0
mistral_7b_instruct_v03,EBM-NLP,6938020,P5->P6,P5,P6,3,0.0,1,1,1,1,1,0,0.0,0.0,0.0,0.0,0.0,0.0
mistral_7b_instruct_v03,EBM-NLP,6951573,P1->P2,P1,P2,3,0.03020954132080078,1,1,1,1,1,0,0.014354066985645897,0.014354066985645897,0.028708133971291794,0.028708133971291794,0.0,0.0
mistral_7b_instruct_v03,EBM-NLP,6951573,P2->P3,P2,P3,3,0.05290186405181885,1,1,1,1,1,0,-0.01830663615560639,0.01830663615560639,0.05034324942791771,0.05034324942791771,0.0,0.0
mistral_7b_instruct_v03,EBM-NLP,6951573,P3->P4,P3,P4,3,0.03243194023768107,1,1,1,1,1,0,-0.006956521739130403,0.006956521739130403,0.05913043478260871,0.05913043478260871,0.0,0.0
mistral_7b_instruct_v03,EBM-NLP,6951573,P4->P5,P4,P5,3,0.4055851697921753,1,1,1,1,1,0,-0.08,0.08,-0.07,0.07,0.0,0.0
mistral_7b_instruct_v03,EBM-NLP,6951573,P5->P6,P5,P6,3,0.3592621684074402,1,1,1,1,1,0,0.16,0.16,0.07,0.07,0.0,0.0
mistral_7b_instruct_v03,EBM-NLP,6989377,P1->P2,P1,P2,3,7.947285970052083e-08,1,1,1,1,1,0,0.0,0.0,0.0,0.0,0.0,0.0
mistral_7b_instruct_v03,EBM-NLP,6989377,P2->P3,P2,P3,3,0.008084416389465332,1,1,1,1,1,0,0.049019607843137206,0.049019607843137206,0.022058823529411797,0.022058823529411797,0.0,0.0
mistral_7b_instruct_v03,EBM-NLP,6989377,P3->P4,P3,P4,3,0.3333333333333333,1,1,1,0,0,1,-0.016666666666666607,0.016666666666666607,-0.1750000000000001,0.1750000000000001,0.0,0.0
mistral_7b_instruct_v03,EBM-NLP,6989377,P4->P5,P4,P5,3,0.004100282986958821,1,1,0,1,0,0,0.049999999999999906,0.049999999999999906,0.0,0.0,0.0,0.0
mistral_7b_instruct_v03,EBM-NLP,6989377,P5->P6,P5,P6,3,0.0,1,1,1,1,1,0,0.0,0.0,0.0,0.0,0.0,0.0
mistral_7b_instruct_v03,EBM-NLP,7017018,P1->P2,P1,P2,3,0.04456353187561035,1,1,1,1,1,0,0.3285714285714286,0.3285714285714286,0.24285714285714288,0.24285714285714288,0.0,0.0
mistral_7b_instruct_v03,EBM-NLP,7017018,P2->P3,P2,P3,3,0.022868573665618896,1,1,1,1,1,0,-0.06666666666666671,0.06666666666666671,-0.0444444444444444,0.0444444444444444,0.0,0.0
mistral_7b_instruct_v03,EBM-NLP,7017018,P3->P4,P3,P4,3,0.10542275508244832,1,1,1,0,0,1,-0.2,0.2,-0.4222222222222223,0.4222222222222223,0.0,0.0
mistral_7b_instruct_v03,EBM-NLP,7017018,P4->P5,P4,P5,3,0.004622836907704671,1,1,0,1,0,0,0.0,0.0,0.0,0.0,0.0,0.0
mistral_7b_instruct_v03,EBM-NLP,7017018,P5->P6,P5,P6,3,0.004622836907704671,1,1,1,1,1,0,0.0,0.0,0.0,0.0,0.0,0.0
mistral_7b_instruct_v03,EBM-NLP,7598243,P1->P2,P1,P2,3,0.0,1,1,1,1,1,0,0.0,0.0,0.0,0.0,0.0,0.0
mistral_7b_instruct_v03,EBM-NLP,7598243,P2->P3,P2,P3,3,0.0,1,1,1,1,1,0,0.0,0.0,0.0,0.0,0.0,0.0
mistral_7b_instruct_v03,EBM-NLP,7598243,P3->P4,P3,P4,3,0.1660799185434977,1,1,1,1,1,0,0.1095305832147937,0.1095305832147937,0.1109530583214794,0.1109530583214794,0.0,0.0
mistral_7b_instruct_v03,EBM-NLP,7598243,P4->P5,P4,P5,3,0.41580669085184735,1,1,1,1,1,0,-0.1621621621621621,0.1621621621621621,-0.095004095004095,0.095004095004095,0.0,0.0
mistral_7b_instruct_v03,EBM-NLP,7598243,P5->P6,P5,P6,3,0.0064980387687683105,1,1,1,1,1,0,0.0,0.0,0.0,0.0,0.0,0.0
mistral_7b_instruct_v03,EBM-NLP,7707420,P1->P2,P1,P2,3,0.05302115281422933,1,1,1,1,1,0,-0.0436090225563909,0.0436090225563909,-0.1443609022556391,0.1443609022556391,0.0,0.0
mistral_7b_instruct_v03,EBM-NLP,7707420,P2->P3,P2,P3,3,0.041485448678334556,1,1,1,1,1,0,-0.02732919254658389,0.02732919254658389,0.002484472049689407,0.002484472049689407,0.0,0.0
mistral_7b_instruct_v03,EBM-NLP,7707420,P3->P4,P3,P4,3,0.10322695970535278,1,1,1,1,1,0,-0.02244039270687241,0.02244039270687241,-0.04488078541374471,0.04488078541374471,0.0,0.0
mistral_7b_instruct_v03,EBM-NLP,7707420,P4->P5,P4,P5,3,0.04428555568059286,1,1,1,1,1,0,-0.0020161290322579933,0.0020161290322579933,0.1209677419354839,0.1209677419354839,0.0,0.0
mistral_7b_instruct_v03,EBM-NLP,7707420,P5->P6,P5,P6,3,0.36431548992792767,1,1,1,1,1,0,0.004166666666666596,0.004166666666666596,-0.1833333333333334,0.1833333333333334,0.0,0.0
mistral_7b_instruct_v03,EBM-NLP,7808649,P1->P2,P1,P2,3,0.03864117463429769,1,1,1,1,1,0,-0.2285714285714285,0.2285714285714285,-0.0982142857142857,0.0982142857142857,0.0,0.0
mistral_7b_instruct_v03,EBM-NLP,7808649,P2->P3,P2,P3,3,0.00019309918085734049,1,1,1,1,1,0,0.0,0.0,0.0,0.0,0.0,0.0
mistral_7b_instruct_v03,EBM-NLP,7808649,P3->P4,P3,P4,3,0.07220596075057983,1,1,1,1,1,0,0.1290322580645161,0.1290322580645161,-0.0584677419354839,0.0584677419354839,0.0,0.0
mistral_7b_instruct_v03,EBM-NLP,7808649,P4->P5,P4,P5,3,0.0594332218170166,1,1,1,1,1,0,-0.0749782040104621,0.0749782040104621,-0.020924149956407997,0.020924149956407997,0.0,0.0
mistral_7b_instruct_v03,EBM-NLP,7808649,P5->P6,P5,P6,3,0.09134044249852498,1,1,1,1,1,0,0.017374517374517395,0.017374517374517395,-0.0366795366795367,0.0366795366795367,0.0,0.0
mistral_7b_instruct_v03,EBM-NLP,7814711,P1->P2,P1,P2,3,0.07572607199350993,1,1,1,1,1,0,0.0,0.0,-0.025078369905956105,0.025078369905956105,0.0,0.0
mistral_7b_instruct_v03,EBM-NLP,7814711,P2->P3,P2,P3,3,0.0,1,1,1,1,1,0,0.0,0.0,0.0,0.0,0.0,0.0
mistral_7b_instruct_v03,EBM-NLP,7814711,P3->P4,P3,P4,3,0.09119133154551189,1,1,1,1,1,0,0.0,0.0,0.0,0.0,0.0,0.0
mistral_7b_instruct_v03,EBM-NLP,7814711,P4->P5,P4,P5,3,0.0,1,1,1,1,1,0,0.0,0.0,0.0,0.0,0.0,0.0
mistral_7b_instruct_v03,EBM-NLP,7814711,P5->P6,P5,P6,3,0.0,1,1,1,1,1,0,0.0,0.0,0.0,0.0,0.0,0.0
mistral_7b_instruct_v03,EBM-NLP,7827398,P1->P2,P1,P2,3,0.019940296808878582,1,1,1,1,1,0,-0.018181818181818216,0.018181818181818216,-0.12727272727272732,0.12727272727272732,0.0,0.0
mistral_7b_instruct_v03,EBM-NLP,7827398,P2->P3,P2,P3,3,0.0,1,1,1,1,1,0,0.0,0.0,0.0,0.0,0.0,0.0
mistral_7b_instruct_v03,EBM-NLP,7827398,P3->P4,P3,P4,3,0.08616836865743001,1,1,1,1,1,0,-0.03367003367003368,0.03367003367003368,0.023569023569023573,0.023569023569023573,0.0,0.0
mistral_7b_instruct_v03,EBM-NLP,7827398,P4->P5,P4,P5,3,0.05606933434804281,1,1,1,1,1,0,-0.03703703703703701,0.03703703703703701,-0.07407407407407407,0.07407407407407407,0.0,0.0
mistral_7b_instruct_v03,EBM-NLP,7827398,P5->P6,P5,P6,3,0.052222112814585366,1,1,1,1,1,0,0.0,0.0,0.0,0.0,0.0,0.0
mistral_7b_instruct_v03,EBM-NLP,7831628,P1->P2,P1,P2,3,0.01595272620519002,1,1,1,1,1,0,0.0,0.0,0.004329004329004307,0.004329004329004307,0.0,0.0
mistral_7b_instruct_v03,EBM-NLP,7831628,P2->P3,P2,P3,3,0.043808937072753906,1,1,1,1,1,0,0.0,0.0,-0.0082815734989648,0.0082815734989648,0.0,0.0
mistral_7b_instruct_v03,EBM-NLP,7831628,P3->P4,P3,P4,3,0.45848504702250165,1,1,1,1,1,0,0.0,0.0,-0.0869565217391304,0.0869565217391304,0.0,0.0
mistral_7b_instruct_v03,EBM-NLP,7831628,P4->P5,P4,P5,3,0.4019627769788106,1,1,1,1,1,0,0.2,0.2,0.3,0.3,0.0,0.0
mistral_7b_instruct_v03,EBM-NLP,7831628,P5->P6,P5,P6,3,0.0740703543027242,1,1,1,1,1,0,-0.1047619047619048,0.1047619047619048,-0.10952380952380958,0.10952380952380958,0.0,0.0
mistral_7b_instruct_v03,EBM-NLP,7844976,P1->P2,P1,P2,3,0.06122511625289917,1,1,1,1,1,0,0.13131313131313133,0.13131313131313133,0.08080808080808088,0.08080808080808088,0.0,0.0
mistral_7b_instruct_v03,EBM-NLP,7844976,P2->P3,P2,P3,3,3.9736429850260414e-08,1,1,1,1,1,0,0.0,0.0,0.0,0.0,0.0,0.0
mistral_7b_instruct_v03,EBM-NLP,7844976,P3->P4,P3,P4,3,0.40781933069229126,1,1,1,1,1,0,-0.1111111111111111,0.1111111111111111,-0.22222222222222227,0.22222222222222227,0.0,0.0
mistral_7b_instruct_v03,EBM-NLP,7844976,P4->P5,P4,P5,3,0.4245431224505107,1,1,1,0,0,1,0.006535947712418291,0.006535947712418291,0.013071895424836583,0.013071895424836583,0.0,0.0
mistral_7b_instruct_v03,EBM-NLP,7844976,P5->P6,P5,P6,3,0.0,1,1,0,0,0,0,0.0,0.0,0.0,0.0,0.0,0.0
mistral_7b_instruct_v03,EBM-NLP,7853069,P1->P2,P1,P2,3,0.06713543335596721,1,1,1,1,1,0,0.0,0.0,0.01578947368421052,0.01578947368421052,0.0,0.0
mistral_7b_instruct_v03,EBM-NLP,7853069,P2->P3,P2,P3,3,3.9736429850260414e-08,1,1,1,1,1,0,0.0,0.0,0.0,0.0,0.0,0.0
mistral_7b_instruct_v03,EBM-NLP,7853069,P3->P4,P3,P4,3,0.08236831426620483,1,1,1,1,1,0,0.1052631578947368,0.1052631578947368,-0.10526315789473692,0.10526315789473692,0.0,0.0
mistral_7b_instruct_v03,EBM-NLP,7853069,P4->P5,P4,P5,3,0.01813278595606486,1,1,1,1,1,0,-0.01002506265664159,0.01002506265664159,0.1704260651629073,0.1704260651629073,0.0,0.0
mistral_7b_instruct_v03,EBM-NLP,7853069,P5->P6,P5,P6,3,0.04155604044596354,1,1,1,1,1,0,-0.0952380952380952,0.0952380952380952,-0.2633053221288515,0.2633053221288515,0.0,0.0
mistral_7b_instruct_v03,EBM-NLP,8519720,P1->P2,P1,P2,3,0.004796802997589111,1,1,1,1,1,0,0.0,0.0,0.0,0.0,0.0,0.0
mistral_7b_instruct_v03,EBM-NLP,8519720,P2->P3,P2,P3,3,0.004796802997589111,1,1,1,1,1,0,0.0,0.0,0.0,0.0,0.0,0.0
mistral_7b_instruct_v03,EBM-NLP,8519720,P3->P4,P3,P4,3,0.3636319438616435,1,1,1,1,1,0,0.1103678929765886,0.1103678929765886,0.1103678929765886,0.1103678929765886,0.0,0.0
mistral_7b_instruct_v03,EBM-NLP,8519720,P4->P5,P4,P5,3,0.0,1,1,1,1,1,0,0.0,0.0,0.0,0.0,0.0,0.0
mistral_7b_instruct_v03,EBM-NLP,8519720,P5->P6,P5,P6,3,0.005746006965637207,1,1,1,1,1,0,-0.051282051282051294,0.051282051282051294,0.0,0.0,0.0,0.0
mistral_7b_instruct_v03,EBM-NLP,8726604,P1->P2,P1,P2,3,0.011094113190968832,1,1,1,1,1,0,0.1439024390243902,0.1439024390243902,0.1414634146341463,0.1414634146341463,0.0,0.0
mistral_7b_instruct_v03,EBM-NLP,8726604,P2->P3,P2,P3,3,0.017995158831278484,1,1,1,1,1,0,-0.13579433091628212,0.13579433091628212,-0.1252471984179301,0.1252471984179301,0.0,0.0
mistral_7b_instruct_v03,EBM-NLP,8726604,P3->P4,P3,P4,3,0.3879682819048564,1,1,1,1,1,0,0.0585585585585585,0.0585585585585585,0.0337837837837838,0.0337837837837838,0.0,0.0
mistral_7b_instruct_v03,EBM-NLP,8726604,P4->P5,P4,P5,3,0.012787123521169027,1,1,1,1,1,0,0.0833333333333334,0.0833333333333334,0.0,0.0,0.0,0.0
mistral_7b_instruct_v03,EBM-NLP,8726604,P5->P6,P5,P6,3,0.0,1,1,1,1,1,0,0.0,0.0,0.0,0.0,0.0,0.0
mistral_7b_instruct_v03,EBM-NLP,8771302,P1->P2,P1,P2,3,0.19321219126383463,1,1,1,1,1,0,-0.0738916256157635,0.0738916256157635,-0.1502463054187192,0.1502463054187192,0.0,0.0
mistral_7b_instruct_v03,EBM-NLP,8771302,P2->P3,P2,P3,3,0.035262068112691246,1,1,1,1,1,0,-0.0689655172413793,0.0689655172413793,0.01532567049808431,0.01532567049808431,0.0,0.0
mistral_7b_instruct_v03,EBM-NLP,8771302,P3->P4,P3,P4,3,0.18963017066319784,1,1,1,1,1,0,0.0,0.0,-0.2222222222222222,0.2222222222222222,0.0,0.0
mistral_7b_instruct_v03,EBM-NLP,8771302,P4->P5,P4,P5,3,0.1585275928179423,1,1,1,1,1,0,0.0833333333333333,0.0833333333333333,0.1666666666666666,0.1666666666666666,0.0,0.0
mistral_7b_instruct_v03,EBM-NLP,8771302,P5->P6,P5,P6,3,0.3566543658574422,1,1,1,1,1,0,0.007575757575757597,0.007575757575757597,-0.0757575757575757,0.0757575757575757,0.0,0.0
mistral_7b_instruct_v03,EBM-NLP,8779382,P1->P2,P1,P2,3,0.07619623343149821,1,1,1,1,1,0,0.0,0.0,0.007575757575757597,0.007575757575757597,0.0,0.0
mistral_7b_instruct_v03,EBM-NLP,8779382,P2->P3,P2,P3,3,0.05328687032063802,1,1,1,1,1,0,0.0,0.0,-0.010909090909090896,0.010909090909090896,0.0,0.0
mistral_7b_instruct_v03,EBM-NLP,8779382,P3->P4,P3,P4,3,0.154616912206014,1,1,1,1,1,0,0.2666666666666666,0.2666666666666666,0.32,0.32,0.0,0.0
mistral_7b_instruct_v03,EBM-NLP,8779382,P4->P5,P4,P5,3,0.14451597134272257,1,1,1,1,1,0,-0.1555555555555555,0.1555555555555555,-0.1777777777777778,0.1777777777777778,0.0,0.0
mistral_7b_instruct_v03,EBM-NLP,8779382,P5->P6,P5,P6,3,0.05405662457148234,1,1,1,1,1,0,0.0222222222222222,0.0222222222222222,-0.0888888888888889,0.0888888888888889,0.0,0.0
mistral_7b_instruct_v03,EBM-NLP,8911222,P1->P2,P1,P2,3,0.016128559907277424,1,1,1,1,1,0,0.0,0.0,0.017408123791102514,0.017408123791102514,0.0,0.0
mistral_7b_instruct_v03,EBM-NLP,8911222,P2->P3,P2,P3,3,0.00041667620340983075,1,1,1,1,1,0,0.0,0.0,-0.017408123791102514,0.017408123791102514,0.0,0.0
mistral_7b_instruct_v03,EBM-NLP,8911222,P3->P4,P3,P4,3,0.36040399471918744,1,1,1,1,1,0,0.0666666666666666,0.0666666666666666,-0.12198581560283689,0.12198581560283689,0.0,0.0
mistral_7b_instruct_v03,EBM-NLP,8911222,P4->P5,P4,P5,3,0.0379373033841451,1,1,1,1,1,0,-0.0666666666666666,0.0666666666666666,0.0,0.0,0.0,0.0
mistral_7b_instruct_v03,EBM-NLP,8911222,P5->P6,P5,P6,3,0.0,1,1,1,1,1,0,0.0,0.0,0.0,0.0,0.0,0.0
mistral_7b_instruct_v03,EBM-NLP,8911223,P1->P2,P1,P2,3,0.00033269325892130536,1,1,1,1,1,0,0.0,0.0,0.0,0.0,0.0,0.0
mistral_7b_instruct_v03,EBM-NLP,8911223,P2->P3,P2,P3,3,0.0049062371253967285,1,1,1,1,1,0,-0.11642411642411649,0.11642411642411649,0.03465003465003469,0.03465003465003469,0.0,0.0
mistral_7b_instruct_v03,EBM-NLP,8911223,P3->P4,P3,P4,3,0.3405446211496989,1,1,1,1,1,0,-0.0913461538461538,0.0913461538461538,-0.23397435897435898,0.23397435897435898,0.0,0.0
mistral_7b_instruct_v03,EBM-NLP,8911223,P4->P5,P4,P5,3,0.002831061681111654,1,1,1,1,1,0,0.0625,0.0625,0.0,0.0,0.0,0.0
mistral_7b_instruct_v03,EBM-NLP,8911223,P5->P6,P5,P6,3,0.002831061681111654,1,1,1,1,1,0,-0.0625,0.0625,0.0,0.0,0.0,0.0
mistral_7b_instruct_v03,EBM-NLP,8913901,P1->P2,P1,P2,3,0.007067481676737468,1,1,1,1,1,0,-0.1318681318681319,0.1318681318681319,-0.10989010989010989,0.10989010989010989,0.0,0.0
mistral_7b_instruct_v03,EBM-NLP,8913901,P2->P3,P2,P3,3,3.9736429850260414e-08,1,1,1,1,1,0,0.0,0.0,0.0,0.0,0.0,0.0
mistral_7b_instruct_v03,EBM-NLP,8913901,P3->P4,P3,P4,3,0.4865039785703023,1,1,1,1,1,0,-0.1538461538461538,0.1538461538461538,-0.4615384615384615,0.4615384615384615,0.0,0.0
mistral_7b_instruct_v03,EBM-NLP,8913901,P4->P5,P4,P5,3,0.10053575038909912,1,1,1,1,1,0,0.1818181818181818,0.1818181818181818,0.1818181818181818,0.1818181818181818,0.0,0.0
mistral_7b_instruct_v03,EBM-NLP,8913901,P5->P6,P5,P6,3,0.0,1,1,1,1,1,0,0.0,0.0,0.0,0.0,0.0,0.0
mistral_7b_instruct_v03,EBM-NLP,8916620,P1->P2,P1,P2,3,0.0248984694480896,1,1,1,1,1,0,0.0,0.0,0.0,0.0,0.0,0.0
mistral_7b_instruct_v03,EBM-NLP,8916620,P2->P3,P2,P3,3,1.9868214925130207e-08,1,1,1,1,1,0,0.0,0.0,0.0,0.0,0.0,0.0
mistral_7b_instruct_v03,EBM-NLP,8916620,P3->P4,P3,P4,3,0.35285542408625287,1,1,1,1,1,0,-0.1166666666666667,0.1166666666666667,0.025000000000000133,0.025000000000000133,0.0,0.0
mistral_7b_instruct_v03,EBM-NLP,8916620,P4->P5,P4,P5,3,0.3687548041343689,1,1,1,1,1,0,-0.1333333333333333,0.1333333333333333,-0.25714285714285723,0.25714285714285723,0.0,0.0
mistral_7b_instruct_v03,EBM-NLP,8916620,P5->P6,P5,P6,3,0.025696098804473877,1,1,1,1,1,0,0.0,0.0,0.010989010989011005,0.010989010989011005,0.0,0.0
mistral_7b_instruct_v03,EBM-NLP,8989009,P1->P2,P1,P2,3,0.06260746717453003,1,1,1,1,1,0,-0.055330634278002694,0.055330634278002694,-0.10931174089068829,0.10931174089068829,0.0,0.0
mistral_7b_instruct_v03,EBM-NLP,8989009,P2->P3,P2,P3,3,0.0,1,1,1,1,1,0,0.0,0.0,0.0,0.0,0.0,0.0
mistral_7b_instruct_v03,EBM-NLP,8989009,P3->P4,P3,P4,3,0.4151185353597005,1,1,1,1,1,0,-0.040064102564102505,0.040064102564102505,-0.0288461538461538,0.0288461538461538,0.0,0.0
mistral_7b_instruct_v03,EBM-NLP,8989009,P4->P5,P4,P5,3,0.4496124784151713,1,1,1,1,1,0,-0.0625,0.0625,-0.06048387096774201,0.06048387096774201,0.0,0.0
mistral_7b_instruct_v03,EBM-NLP,8989009,P5->P6,P5,P6,3,0.021343390146891277,1,1,1,1,1,0,0.0,0.0,-0.0020161290322579933,0.0020161290322579933,0.0,0.0
mistral_7b_instruct_v03,EBM-NLP,9229602,P1->P2,P1,P2,3,1.9868214925130207e-08,1,1,1,1,1,0,0.0,0.0,0.0,0.0,0.0,0.0
mistral_7b_instruct_v03,EBM-NLP,9229602,P2->P3,P2,P3,3,0.008155802885691324,1,1,1,1,1,0,0.12280701754385973,0.12280701754385973,0.0292397660818714,0.0292397660818714,0.0,0.0
mistral_7b_instruct_v03,EBM-NLP,9229602,P3->P4,P3,P4,3,0.35405997435251874,1,1,1,1,1,0,-0.21568627450980393,0.21568627450980393,-0.084967320261438,0.084967320261438,0.0,0.0
mistral_7b_instruct_v03,EBM-NLP,9229602,P4->P5,P4,P5,3,0.01024856170018514,1,1,1,1,1,0,-0.1176470588235294,0.1176470588235294,-0.11764705882352938,0.11764705882352938,0.0,0.0
mistral_7b_instruct_v03,EBM-NLP,9229602,P5->P6,P5,P6,3,0.019974132378896076,1,1,1,1,1,0,0.0,0.0,-0.1029411764705882,0.1029411764705882,0.0,0.0
mistral_7b_instruct_v03,EBM-NLP,9394106,P1->P2,P1,P2,3,0.06779380639394124,1,1,1,1,1,0,-0.07671957671957672,0.07671957671957672,-0.00793650793650802,0.00793650793650802,0.0,0.0
mistral_7b_instruct_v03,EBM-NLP,9394106,P2->P3,P2,P3,3,0.06779380639394124,1,1,1,1,1,0,0.07671957671957672,0.07671957671957672,0.00793650793650802,0.00793650793650802,0.0,0.0
mistral_7b_instruct_v03,EBM-NLP,9394106,P3->P4,P3,P4,3,0.02912481625874837,1,1,1,1,1,0,-0.07407407407407411,0.07407407407407411,-0.0740740740740741,0.0740740740740741,0.0,0.0
mistral_7b_instruct_v03,EBM-NLP,9394106,P4->P5,P4,P5,3,0.019205212593078613,1,1,1,1,1,0,0.0,0.0,0.0,0.0,0.0,0.0
mistral_7b_instruct_v03,EBM-NLP,9394106,P5->P6,P5,P6,3,0.019205212593078613,1,1,1,1,1,0,0.0,0.0,0.0,0.0,0.0,0.0
mistral_7b_instruct_v03,EBM-NLP,9481998,P1->P2,P1,P2,3,0.007546047369639079,1,1,1,1,1,0,0.0833333333333333,0.0833333333333333,0.09,0.09,0.0,0.0
mistral_7b_instruct_v03,EBM-NLP,9481998,P2->P3,P2,P3,3,0.0,1,1,1,1,1,0,0.0,0.0,0.0,0.0,0.0,0.0
mistral_7b_instruct_v03,EBM-NLP,9481998,P3->P4,P3,P4,3,0.11927950382232666,1,1,1,0,0,1,0.021929824561403494,0.021929824561403494,-0.14473684210526322,0.14473684210526322,0.0,0.0
mistral_7b_instruct_v03,EBM-NLP,9481998,P4->P5,P4,P5,3,0.194169282913208,1,1,0,1,0,0,0.05473684210526321,0.05473684210526321,0.29473684210526313,0.29473684210526313,0.0,0.0
mistral_7b_instruct_v03,EBM-NLP,9481998,P5->P6,P5,P6,3,0.11284891764322917,1,1,1,1,1,0,-0.05473684210526321,0.05473684210526321,-0.18947368421052632,0.18947368421052632,0.0,0.0
mistral_7b_instruct_v03,EBM-NLP,9573502,P1->P2,P1,P2,3,0.005291581153869629,1,1,1,1,1,0,-0.0333333333333333,0.0333333333333333,-0.06944444444444448,0.06944444444444448,0.0,0.0
mistral_7b_instruct_v03,EBM-NLP,9573502,P2->P3,P2,P3,3,5.960464477539063e-08,1,1,1,1,1,0,0.0,0.0,0.0,0.0,0.0,0.0
mistral_7b_instruct_v03,EBM-NLP,9573502,P3->P4,P3,P4,3,0.3414475917816162,1,1,1,1,1,0,-0.1333333333333333,0.1333333333333333,-0.16959064327485382,0.16959064327485382,0.0,0.0
mistral_7b_instruct_v03,EBM-NLP,9573502,P4->P5,P4,P5,3,0.08737812439600627,1,1,1,1,1,0,0.0,0.0,0.0,0.0,0.0,0.0
mistral_7b_instruct_v03,EBM-NLP,9573502,P5->P6,P5,P6,3,0.013208389282226562,1,1,1,1,1,0,0.0,0.0,0.0,0.0,0.0,0.0
mistral_7b_instruct_v03,EBM-NLP,9695300,P1->P2,P1,P2,3,0.11378804842631023,1,1,1,1,1,0,-0.074074074074074,0.074074074074074,-0.1388888888888889,0.1388888888888889,0.0,0.0
mistral_7b_instruct_v03,EBM-NLP,9695300,P2->P3,P2,P3,3,0.0,1,1,1,1,1,0,0.0,0.0,0.0,0.0,0.0,0.0
mistral_7b_instruct_v03,EBM-NLP,9695300,P3->P4,P3,P4,3,0.449515442053477,1,1,1,1,1,0,0.08,0.08,0.15666666666666668,0.15666666666666668,0.0,0.0
mistral_7b_instruct_v03,EBM-NLP,9695300,P4->P5,P4,P5,3,0.0,1,1,1,1,1,0,0.0,0.0,0.0,0.0,0.0,0.0
mistral_7b_instruct_v03,EBM-NLP,9695300,P5->P6,P5,P6,3,0.0,1,1,1,1,1,0,0.0,0.0,0.0,0.0,0.0,0.0
mistral_7b_instruct_v03,EBM-NLP,9730996,P1->P2,P1,P2,3,0.020773112773895264,1,1,1,1,1,0,0.0,0.0,0.0,0.0,0.0,0.0
mistral_7b_instruct_v03,EBM-NLP,9730996,P2->P3,P2,P3,3,0.0439532995223999,1,1,1,1,1,0,0.062388591800356503,0.062388591800356503,0.0641711229946524,0.0641711229946524,0.0,0.0
mistral_7b_instruct_v03,EBM-NLP,9730996,P3->P4,P3,P4,3,0.0921074350674947,1,1,1,1,1,0,-0.0412121212121212,0.0412121212121212,0.058181818181818196,0.058181818181818196,0.0,0.0
mistral_7b_instruct_v03,EBM-NLP,9730996,P4->P5,P4,P5,3,0.059463322162628174,1,1,1,1,1,0,0.0,0.0,0.0,0.0,0.0,0.0
mistral_7b_instruct_v03,EBM-NLP,9730996,P5->P6,P5,P6,3,0.3333333333333333,1,1,1,1,1,0,-0.08,0.08,-0.07333333333333339,0.07333333333333339,0.0,0.0
mistral_7b_instruct_v03,EBM-NLP,9816035,P1->P2,P1,P2,3,0.009801010290781656,1,1,1,1,1,0,-0.047438330170778004,0.047438330170778004,-0.041745730550284604,0.041745730550284604,0.0,0.0
mistral_7b_instruct_v03,EBM-NLP,9816035,P2->P3,P2,P3,3,5.960464477539063e-08,1,1,1,1,1,0,0.0,0.0,0.0,0.0,0.0,0.0
mistral_7b_instruct_v03,EBM-NLP,9816035,P3->P4,P3,P4,3,0.35623282194137573,1,1,1,1,1,0,-0.0600667408231368,0.0600667408231368,-0.0556173526140156,0.0556173526140156,0.0,0.0
mistral_7b_instruct_v03,EBM-NLP,9816035,P4->P5,P4,P5,3,0.03928462664286295,1,1,1,1,1,0,0.0024630541871921013,0.0024630541871921013,-0.0665024630541872,0.0665024630541872,0.0,0.0
mistral_7b_instruct_v03,EBM-NLP,9816035,P5->P6,P5,P6,3,0.36346813042958576,1,1,1,1,1,0,0.12211981566820279,0.12211981566820279,0.1866359447004608,0.1866359447004608,0.0,0.0
mistral_7b_instruct_v03,SciER,160009536,P1->P2,P1,P2,4,1.0,1,1,0,1,0,0,0.0363636363636363,0.0363636363636363,0.109090909090909,0.109090909090909,0.0,0.0
mistral_7b_instruct_v03,SciER,160009536,P2->P3,P2,P3,4,0.012377873063087463,1,1,1,1,1,0,0.018181818181818202,0.018181818181818202,-0.009090909090909108,0.009090909090909108,0.0,0.0
mistral_7b_instruct_v03,SciER,160009536,P3->P4,P3,P4,4,0.051073476672172546,1,1,1,1,1,0,-0.0071520896165446005,0.0071520896165446005,-0.043127962085307996,0.043127962085307996,0.0,0.0
mistral_7b_instruct_v03,SciER,160009536,P4->P5,P4,P5,4,1.0,1,1,1,0,0,1,-0.0473933649289099,0.0473933649289099,-0.0568720379146919,0.0568720379146919,0.0,0.0
mistral_7b_instruct_v03,SciER,160009536,P5->P6,P5,P6,4,1.0,1,1,0,1,0,0,0.0373831775700934,0.0373831775700934,0.0934579439252336,0.0934579439252336,0.0,0.0
mistral_7b_instruct_v03,SciER,192546007,P1->P2,P1,P2,4,0.00828656554222107,1,1,1,1,1,0,0.0002445884798825959,0.0002445884798825959,0.00028535322652969985,0.00028535322652969985,-0.010268287975294305,0.010268287975294305
mistral_7b_instruct_v03,SciER,192546007,P2->P3,P2,P3,4,0.024599894881248474,1,1,1,1,1,0,-0.0007272139625080984,0.0007272139625080984,0.008080155138978695,0.008080155138978695,-0.00024187696525029834,0.00024187696525029834
mistral_7b_instruct_v03,SciER,192546007,P3->P4,P3,P4,4,0.029636546969413757,1,1,1,1,1,0,0.017225031605562595,0.017225031605562595,0.0170670037926675,0.0170670037926675,-0.0009376465072667983,0.0009376465072667983
mistral_7b_instruct_v03,SciER,192546007,P4->P5,P4,P5,4,0.023314207792282104,1,1,1,1,1,0,0.03799015070167,0.03799015070167,0.045395638167882404,0.045395638167882404,0.030759573132454497,0.030759573132454497
mistral_7b_instruct_v03,SciER,192546007,P5->P6,P5,P6,4,0.004446402192115784,1,1,1,0,0,1,0.0108715087794585,0.0108715087794585,0.0028609233630154107,0.0028609233630154107,-0.0442671984047857,0.0442671984047857
mistral_7b_instruct_v03,SciER,202719492,P1->P2,P1,P2,4,0.07488612830638885,1,1,1,1,1,0,-0.026900122871686895,0.026900122871686895,-0.054458486922941904,0.054458486922941904,0.0176991150442477,0.0176991150442477
mistral_7b_instruct_v03,SciER,202719492,P2->P3,P2,P3,4,0.05672250688076019,1,1,1,1,1,0,0.000180546152110099,0.000180546152110099,0.0002256826901377018,0.0002256826901377018,0.0011688094840540987,0.0011688094840540987
mistral_7b_instruct_v03,SciER,202719492,P3->P4,P3,P4,4,0.08537140488624573,1,1,1,1,1,0,0.0172043010752689,0.0172043010752689,0.05376344086021499,0.05376344086021499,-0.0011688094840540987,0.0011688094840540987
mistral_7b_instruct_v03,SciER,202719492,P4->P5,P4,P5,4,1.0,1,1,1,0,0,1,-0.0552995391705069,0.0552995391705069,-0.1013824884792626,0.1013824884792626,-0.0176991150442477,0.0176991150442477
mistral_7b_instruct_v03,SciER,202719492,P5->P6,P5,P6,4,1.0,1,1,0,1,0,0,0.0818181818181818,0.0818181818181818,0.1272727272727273,0.1272727272727273,0.0,0.0
mistral_7b_instruct_v03,SciER,202888938,P1->P2,P1,P2,4,0.04250578582286835,1,1,1,1,1,0,0.0429456694048133,0.0429456694048133,0.07848393140221929,0.07848393140221929,0.0,0.0
mistral_7b_instruct_v03,SciER,202888938,P2->P3,P2,P3,4,0.06641280651092529,1,1,1,1,1,0,-0.019810508182601202,0.019810508182601202,-0.07097329888027559,0.07097329888027559,0.0,0.0
mistral_7b_instruct_v03,SciER,202888938,P3->P4,P3,P4,4,1.0,1,1,1,0,0,1,-0.0542635658914728,0.0542635658914728,-0.0697674418604651,0.0697674418604651,0.0,0.0
mistral_7b_instruct_v03,SciER,202888938,P4->P5,P4,P5,4,0.0,1,1,0,0,0,0,0.0,0.0,0.0,0.0,0.0,0.0
mistral_7b_instruct_v03,SciER,202888938,P5->P6,P5,P6,4,0.0,1,1,0,0,0,0,0.0,0.0,0.0,0.0,0.0,0.0
mistral_7b_instruct_v03,SciER,210157153,P1->P2,P1,P2,4,0.00197504460811615,1,1,1,1,1,0,0.0,0.0,0.0,0.0,0.0014192785334122028,0.0014192785334122028
mistral_7b_instruct_v03,SciER,210157153,P2->P3,P2,P3,4,0.019150972366333008,1,1,1,1,1,0,0.060312151616499395,0.060312151616499395,0.1085284280936455,0.1085284280936455,-0.002269889910339301,0.002269889910339301
mistral_7b_instruct_v03,SciER,210157153,P3->P4,P3,P4,4,1.0,1,1,1,0,0,1,-0.082051282051282,0.082051282051282,-0.1846153846153846,0.1846153846153846,-0.0202020202020202,0.0202020202020202
mistral_7b_instruct_v03,SciER,210157153,P4->P5,P4,P5,4,1.0,1,1,0,1,0,0,0.021505376344086,0.021505376344086,0.075268817204301,0.075268817204301,0.0186915887850467,0.0186915887850467
mistral_7b_instruct_v03,SciER,210157153,P5->P6,P5,P6,4,0.003475278615951538,1,1,1,1,1,0,0.0,0.0,0.0,0.0,0.003530633437175499,0.003530633437175499
mistral_7b_instruct_v03,SciER,210702798,P1->P2,P1,P2,4,0.0,1,1,0,0,0,0,0.0,0.0,0.0,0.0,0.0,0.0
mistral_7b_instruct_v03,SciER,210702798,P2->P3,P2,P3,4,0.0,1,1,0,0,0,0,0.0,0.0,0.0,0.0,0.0,0.0
mistral_7b_instruct_v03,SciER,210702798,P3->P4,P3,P4,4,0.75,1,1,0,0,0,0,0.048780487804878,0.048780487804878,0.075880758807588,0.075880758807588,0.0,0.0
mistral_7b_instruct_v03,SciER,210702798,P4->P5,P4,P5,4,0.75,1,1,0,0,0,0,-0.048780487804878,0.048780487804878,-0.075880758807588,0.075880758807588,0.0,0.0
mistral_7b_instruct_v03,SciER,210702798,P5->P6,P5,P6,4,0.0,1,1,0,0,0,0,0.0,0.0,0.0,0.0,0.0,0.0
mistral_7b_instruct_v03,SciER,244256,P1->P2,P1,P2,4,0.04479503631591797,1,1,1,1,1,0,-0.036509900990099,0.036509900990099,-0.09488448844884491,0.09488448844884491,0.0208333333333333,0.0208333333333333
mistral_7b_instruct_v03,SciER,244256,P2->P3,P2,P3,4,0.006740942597389221,1,1,1,1,1,0,0.0557266009852216,0.0557266009852216,0.1038587848932677,0.1038587848932677,-0.0208333333333333,0.0208333333333333
mistral_7b_instruct_v03,SciER,244256,P3->P4,P3,P4,4,0.25348398089408875,1,1,1,1,1,0,-0.009315709896112703,0.009315709896112703,0.0009266936545870852,0.0009266936545870852,0.0,0.0
mistral_7b_instruct_v03,SciER,244256,P4->P5,P4,P5,4,0.25681696832180023,1,1,1,1,1,0,0.047186669886500804,0.047186669886500804,0.00700313933832411,0.00700313933832411,0.0545454545454545,0.0545454545454545
mistral_7b_instruct_v03,SciER,244256,P5->P6,P5,P6,4,0.02394154667854309,1,1,1,1,1,0,-0.01186679174484051,0.01186679174484051,0.006801125703564698,0.006801125703564698,-0.0375963020030817,0.0375963020030817
mistral_7b_instruct_v03,SciER,3627225,P1->P2,P1,P2,4,0.014678090810775757,1,1,1,1,1,0,0.0,0.0,0.0,0.0,0.0,0.0
mistral_7b_instruct_v03,SciER,3627225,P2->P3,P2,P3,4,0.025787457823753357,1,1,1,1,1,0,0.0290967872297434,0.0290967872297434,0.048292584360476905,0.048292584360476905,0.0,0.0
mistral_7b_instruct_v03,SciER,3627225,P3->P4,P3,P4,4,0.01307588815689087,1,1,1,1,1,0,0.1235719725818735,0.1235719725818735,0.08396801218583388,0.08396801218583388,0.0145985401459854,0.0145985401459854
mistral_7b_instruct_v03,SciER,3627225,P4->P5,P4,P5,4,1.0,1,1,1,0,0,1,-0.173076923076923,0.173076923076923,-0.173076923076923,0.173076923076923,-0.0145985401459854,0.0145985401459854
mistral_7b_instruct_v03,SciER,3627225,P5->P6,P5,P6,4,0.0,1,1,0,0,0,0,0.0,0.0,0.0,0.0,0.0,0.0
mistral_7b_instruct_v03,SciER,52169846,P1->P2,P1,P2,4,0.0278446227312088,1,1,1,1,1,0,0.003898635477582797,0.003898635477582797,0.0,0.0,0.0070671378091872,0.0070671378091872
mistral_7b_instruct_v03,SciER,52169846,P2->P3,P2,P3,4,0.0032115131616592407,1,1,1,1,1,0,0.0,0.0,0.0,0.0,-0.0070671378091872,0.0070671378091872
mistral_7b_instruct_v03,SciER,52169846,P3->P4,P3,P4,4,0.2679758667945862,1,1,1,1,1,0,0.011491908064735504,0.011491908064735504,0.0036719706242350006,0.0036719706242350006,0.0,0.0
mistral_7b_instruct_v03,SciER,52169846,P4->P5,P4,P5,4,0.2681328058242798,1,1,1,1,1,0,-0.015390543542318301,0.015390543542318301,-0.0036719706242350006,0.0036719706242350006,0.0,0.0
mistral_7b_instruct_v03,SciER,52169846,P5->P6,P5,P6,4,0.2577974498271942,1,1,1,1,1,0,3.807261208579882e-05,3.807261208579882e-05,-0.003837719298245598,0.003837719298245598,0.0,0.0
mistral_7b_instruct_v03,SciER,53109398,P1->P2,P1,P2,4,1.0,1,1,0,1,0,0,0.0417910447761194,0.0417910447761194,0.0895522388059701,0.0895522388059701,0.0,0.0
mistral_7b_instruct_v03,SciER,53109398,P2->P3,P2,P3,4,0.012844756245613098,1,1,1,1,1,0,-0.0002480180698880008,0.0002480180698880008,0.017272687010053592,0.017272687010053592,0.0,0.0
mistral_7b_instruct_v03,SciER,53109398,P3->P4,P3,P4,4,0.013579696416854858,1,1,1,1,1,0,-0.023024508187712896,0.023024508187712896,-0.06361504927281389,0.06361504927281389,0.0,0.0
mistral_7b_instruct_v03,SciER,53109398,P4->P5,P4,P5,4,0.01344667375087738,1,1,1,1,1,0,5.733287467029821e-05,5.733287467029821e-05,-0.006058173756832097,0.006058173756832097,0.0,0.0
mistral_7b_instruct_v03,SciER,53109398,P5->P6,P5,P6,4,0.011253103613853455,1,1,1,1,1,0,0.0,0.0,0.0,0.0,0.0,0.0
mistral_7b_instruct_v03,SciER,AAAI2024,P1->P2,P1,P2,4,0.051407694816589355,1,1,1,1,1,0,0.0995140784130999,0.0995140784130999,0.1206150569127338,0.1206150569127338,0.0337492572786691,0.0337492572786691
mistral_7b_instruct_v03,SciER,AAAI2024,P2->P3,P2,P3,4,0.01917557418346405,1,1,1,1,1,0,-0.0729532898041185,0.0729532898041185,-0.06064791562029129,0.06064791562029129,-0.015590689503733005,0.015590689503733005
mistral_7b_instruct_v03,SciER,AAAI2024,P3->P4,P3,P4,4,0.05153147876262665,1,1,1,1,1,0,-0.1087764436821041,0.1087764436821041,-0.1542309891366495,0.1542309891366495,-0.0027173913043477965,0.0027173913043477965
mistral_7b_instruct_v03,SciER,AAAI2024,P4->P5,P4,P5,4,0.007840365171432495,1,1,1,1,1,0,0.0003184459836000006,0.0003184459836000006,0.0003184459836000006,0.0003184459836000006,-0.010551948051948097,0.010551948051948097
mistral_7b_instruct_v03,SciER,AAAI2024,P5->P6,P5,P6,4,1.0,1,1,1,0,0,1,-0.050632911392405,0.050632911392405,-0.050632911392405,0.050632911392405,-0.0519480519480519,0.0519480519480519
mistral_7b_instruct_v03,SciER,CVPR2023,P1->P2,P1,P2,4,1.0,1,1,1,0,0,1,-0.024330900243309,0.024330900243309,-0.0340632603406326,0.0340632603406326,-0.027027027027027,0.027027027027027
mistral_7b_instruct_v03,SciER,CVPR2023,P2->P3,P2,P3,4,1.0,1,1,0,1,0,0,0.0292682926829268,0.0292682926829268,0.0292682926829268,0.0292682926829268,0.027027027027027,0.027027027027027
mistral_7b_instruct_v03,SciER,CVPR2023,P3->P4,P3,P4,4,1.0,1,1,1,0,0,1,-0.0292682926829268,0.0292682926829268,-0.0292682926829268,0.0292682926829268,-0.027027027027027,0.027027027027027
mistral_7b_instruct_v03,SciER,CVPR2023,P4->P5,P4,P5,4,0.0,1,1,0,0,0,0,0.0,0.0,0.0,0.0,0.0,0.0
mistral_7b_instruct_v03,SciER,CVPR2023,P5->P6,P5,P6,4,0.0,1,1,0,0,0,0,0.0,0.0,0.0,0.0,0.0,0.0
mistral_7b_instruct_v03,SciER,EMNLP2023,P1->P2,P1,P2,4,0.011197283864021301,1,1,1,1,1,0,-0.019801980198019802,0.019801980198019802,-0.019801980198019806,0.019801980198019806,0.0,0.0
mistral_7b_instruct_v03,SciER,EMNLP2023,P2->P3,P2,P3,4,0.041273921728134155,1,1,1,1,1,0,0.0002512941649494005,0.0002512941649494005,-0.0286977936372318,0.0286977936372318,0.0,0.0
mistral_7b_instruct_v03,SciER,EMNLP2023,P3->P4,P3,P4,4,0.045753419399261475,1,1,1,1,1,0,0.0194043659823461,0.0194043659823461,0.048060813683078706,0.048060813683078706,0.0,0.0
mistral_7b_instruct_v03,SciER,EMNLP2023,P4->P5,P4,P5,4,1.0,1,1,1,0,0,1,-0.0295566502463054,0.0295566502463054,-0.0886699507389162,0.0886699507389162,0.0,0.0
mistral_7b_instruct_v03,SciER,EMNLP2023,P5->P6,P5,P6,4,0.0,1,1,0,0,0,0,0.0,0.0,0.0,0.0,0.0,0.0
mistral_7b_instruct_v03,SciER,ICLR2024-AI4Material,P1->P2,P1,P2,4,0.01999717950820923,1,1,1,1,1,0,0.0,0.0,0.0,0.0,0.006066734074822999,0.006066734074822999
mistral_7b_instruct_v03,SciER,ICLR2024-AI4Material,P2->P3,P2,P3,4,0.0015322118997573853,1,1,1,1,1,0,0.0,0.0,0.0,0.0,0.0,0.0
mistral_7b_instruct_v03,SciER,ICLR2024-AI4Material,P3->P4,P3,P4,4,0.08601057529449463,1,1,1,1,1,0,-0.0005601194921584021,0.0005601194921584021,-0.0005601194921584021,0.0005601194921584021,-0.016100178890876504,0.016100178890876504
mistral_7b_instruct_v03,SciER,ICLR2024-AI4Material,P4->P5,P4,P5,4,0.06610316038131714,1,1,1,1,1,0,0.0184981684981686,0.0184981684981686,0.0184981684981686,0.0184981684981686,0.013986013986013998,0.013986013986013998
mistral_7b_instruct_v03,SciER,ICLR2024-AI4Material,P5->P6,P5,P6,4,0.006225690245628357,1,1,1,1,1,0,0.0,0.0,0.0,0.0,0.0,0.0
mistral_7b_instruct_v03,SciER,ICLR2024-AI4Science-Protein,P1->P2,P1,P2,4,0.05624103546142578,1,1,1,1,1,0,0.014203272813512798,0.014203272813512798,0.021423489420011,0.021423489420011,0.0139860139860139,0.0139860139860139
mistral_7b_instruct_v03,SciER,ICLR2024-AI4Science-Protein,P2->P3,P2,P3,4,0.030206874012947083,1,1,1,1,1,0,-0.000513894420391299,0.000513894420391299,0.013618202140370302,0.013618202140370302,-0.0014860139860138986,0.0014860139860138986
mistral_7b_instruct_v03,SciER,ICLR2024-AI4Science-Protein,P3->P4,P3,P4,4,0.01745244860649109,1,1,1,1,1,0,-0.006706322186106898,0.006706322186106898,-0.013618202140370302,0.013618202140370302,0.0010135135135134997,0.0010135135135134997
mistral_7b_instruct_v03,SciER,ICLR2024-AI4Science-Protein,P4->P5,P4,P5,4,1.0,1,1,1,0,0,1,-0.0288808664259927,0.0288808664259927,-0.0433212996389891,0.0433212996389891,-0.0135135135135135,0.0135135135135135
mistral_7b_instruct_v03,SciER,ICLR2024-AI4Science-Protein,P5->P6,P5,P6,4,0.75,1,1,0,1,0,0,0.0146520146520146,0.0146520146520146,0.0219780219780219,0.0219780219780219,0.0,0.0
mistral_7b_instruct_v03,SciER,NeurIPS2023-AI4Science,P1->P2,P1,P2,4,0.05864362418651581,1,1,1,1,1,0,0.004035244540927102,0.004035244540927102,0.0333035372238539,0.0333035372238539,0.0,0.0
mistral_7b_instruct_v03,SciER,NeurIPS2023-AI4Science,P2->P3,P2,P3,4,1.0,1,1,1,0,0,1,-0.0878048780487805,0.0878048780487805,-0.1170731707317073,0.1170731707317073,0.0,0.0
mistral_7b_instruct_v03,SciER,NeurIPS2023-AI4Science,P3->P4,P3,P4,4,0.75,1,1,0,1,0,0,0.0217391304347826,0.0217391304347826,0.0217391304347826,0.0217391304347826,0.0289855072463768,0.0289855072463768
mistral_7b_instruct_v03,SciER,NeurIPS2023-AI4Science,P4->P5,P4,P5,4,0.04935285449028015,1,1,1,1,1,0,0.0489679402722881,0.0489679402722881,0.0792709705753184,0.0792709705753184,-0.0036690515501743015,0.0036690515501743015
mistral_7b_instruct_v03,SciER,NeurIPS2023-AI4Science,P5->P6,P5,P6,4,0.04935285449028015,1,1,1,1,1,0,-0.0489679402722881,0.0489679402722881,-0.0792709705753184,0.0792709705753184,0.0036690515501743015,0.0036690515501743015
mistral_7b_instruct_v03,SciERC,A97-1020,P1->P2,P1,P2,7,0.0,1,1,0,0,0,0,0.0,0.0,0.0,0.0,0.0,0.0
mistral_7b_instruct_v03,SciERC,A97-1020,P2->P3,P2,P3,7,0.0,1,1,0,0,0,0,0.0,0.0,0.0,0.0,0.0,0.0
mistral_7b_instruct_v03,SciERC,A97-1020,P3->P4,P3,P4,7,0.7142857142857143,1,1,0,1,0,0,0.0714285714285714,0.0714285714285714,0.0714285714285714,0.0714285714285714,0.0,0.0
mistral_7b_instruct_v03,SciERC,A97-1020,P4->P5,P4,P5,7,0.03217965364456177,1,1,1,1,1,0,0.2316017316017316,0.2316017316017316,0.3528138528138528,0.3528138528138528,0.0,0.0
mistral_7b_instruct_v03,SciERC,A97-1020,P5->P6,P5,P6,7,0.0011099917548043387,1,1,1,1,1,0,0.0,0.0,0.0,0.0,0.0,0.0
mistral_7b_instruct_v03,SciERC,C00-2123,P1->P2,P1,P2,7,0.03195701326642718,1,1,1,1,1,0,-0.0952380952380952,0.0952380952380952,-0.1804511278195488,0.1804511278195488,0.0,0.0
mistral_7b_instruct_v03,SciERC,C00-2123,P2->P3,P2,P3,7,0.025110883372170583,1,1,1,1,1,0,0.0833333333333333,0.0833333333333333,0.1447368421052631,0.1447368421052631,0.0,0.0
mistral_7b_instruct_v03,SciERC,C00-2123,P3->P4,P3,P4,7,0.35476525340761456,1,1,1,1,1,0,0.034313725490196095,0.034313725490196095,-0.1323529411764705,0.1323529411764705,0.0,0.0
mistral_7b_instruct_v03,SciERC,C00-2123,P4->P5,P4,P5,7,0.29627433844975065,1,1,1,1,1,0,0.1176470588235294,0.1176470588235294,0.1176470588235294,0.1176470588235294,0.0,0.0
mistral_7b_instruct_v03,SciERC,C00-2123,P5->P6,P5,P6,7,0.003964356013706752,1,1,1,1,1,0,0.0,0.0,0.0,0.0,0.0,0.0
mistral_7b_instruct_v03,SciERC,C04-1011,P1->P2,P1,P2,7,0.14411695514406478,1,1,1,1,1,0,-0.006535947712418291,0.006535947712418291,-0.006535947712418291,0.006535947712418291,0.0,0.0
mistral_7b_instruct_v03,SciERC,C04-1011,P2->P3,P2,P3,7,0.1456437451498849,1,1,1,1,1,0,0.013888888888888895,0.013888888888888895,0.013888888888888895,0.013888888888888895,0.1818181818181818,0.1818181818181818
mistral_7b_instruct_v03,SciERC,C04-1011,P3->P4,P3,P4,7,0.3073066132409232,1,1,1,1,1,0,0.125,0.125,0.2499999999999999,0.2499999999999999,-0.1818181818181818,0.1818181818181818
mistral_7b_instruct_v03,SciERC,C04-1011,P4->P5,P4,P5,7,0.017575842993600026,1,1,1,1,1,0,0.0,0.0,0.0,0.0,0.1666666666666666,0.1666666666666666
mistral_7b_instruct_v03,SciERC,C04-1011,P5->P6,P5,P6,7,0.14493417739868164,1,1,1,1,1,0,0.016666666666666607,0.016666666666666607,0.025000000000000133,0.025000000000000133,-0.1666666666666666,0.1666666666666666
mistral_7b_instruct_v03,SciERC,C04-1035,P1->P2,P1,P2,7,0.15457279341561453,1,1,1,1,1,0,0.0714285714285714,0.0714285714285714,0.0714285714285714,0.0714285714285714,-0.01764705882352939,0.01764705882352939
mistral_7b_instruct_v03,SciERC,C04-1035,P2->P3,P2,P3,7,0.001276143959590367,1,1,1,1,1,0,0.0,0.0,0.0,0.0,-0.009090909090909108,0.009090909090909108
mistral_7b_instruct_v03,SciERC,C04-1035,P3->P4,P3,P4,7,0.32533074276787893,1,1,1,1,1,0,0.1593406593406593,0.1593406593406593,0.1593406593406593,0.1593406593406593,0.020202020202020207,0.020202020202020207
mistral_7b_instruct_v03,SciERC,C04-1035,P4->P5,P4,P5,7,0.16258543729782104,1,1,1,1,1,0,0.054945054945055,0.054945054945055,0.054945054945055,0.054945054945055,0.12418300653594769,0.12418300653594769
mistral_7b_instruct_v03,SciERC,C04-1035,P5->P6,P5,P6,7,0.0004137413842337472,1,1,1,1,1,0,0.0,0.0,0.0,0.0,0.014705882352941207,0.014705882352941207
mistral_7b_instruct_v03,SciERC,C04-1036,P1->P2,P1,P2,7,0.0001900451523917062,1,1,1,1,1,0,0.0,0.0,0.0,0.0,0.0,0.0
mistral_7b_instruct_v03,SciERC,C04-1036,P2->P3,P2,P3,7,0.3084742086274283,1,1,1,1,1,0,-0.1008695652173913,0.1008695652173913,-0.027826086956521667,0.027826086956521667,0.0,0.0
mistral_7b_instruct_v03,SciERC,C04-1036,P3->P4,P3,P4,7,0.44063176427568707,1,1,1,1,1,0,0.030476190476190407,0.030476190476190407,-0.03428571428571431,0.03428571428571431,0.0,0.0
mistral_7b_instruct_v03,SciERC,C04-1036,P4->P5,P4,P5,7,0.0010572842189243861,1,1,1,1,1,0,0.0,0.0,0.0,0.0,0.0,0.0
mistral_7b_instruct_v03,SciERC,C04-1036,P5->P6,P5,P6,7,0.019497777734483992,1,1,1,1,1,0,0.2095238095238096,0.2095238095238096,0.11428571428571432,0.11428571428571432,0.0,0.0
mistral_7b_instruct_v03,SciERC,C04-1103,P1->P2,P1,P2,7,0.1862193856920515,1,1,1,1,1,0,-0.0799999999999999,0.0799999999999999,-0.0799999999999999,0.0799999999999999,0.0,0.0
mistral_7b_instruct_v03,SciERC,C04-1103,P2->P3,P2,P3,7,0.00856560468673706,1,1,1,1,1,0,-0.015384615384615441,0.015384615384615441,-0.015384615384615441,0.015384615384615441,0.0,0.0
mistral_7b_instruct_v03,SciERC,C04-1103,P3->P4,P3,P4,7,0.1630179796900068,1,1,1,1,1,0,0.09157509157509164,0.09157509157509164,0.09157509157509164,0.09157509157509164,0.1176470588235294,0.1176470588235294
mistral_7b_instruct_v03,SciERC,C04-1103,P4->P5,P4,P5,7,0.001213806016104562,1,1,1,1,1,0,0.0,0.0,0.0,0.0,0.0361990950226244,0.0361990950226244
mistral_7b_instruct_v03,SciERC,C04-1103,P5->P6,P5,P6,7,8.514949253627232e-09,1,1,1,1,1,0,0.0,0.0,0.0,0.0,0.0,0.0
mistral_7b_instruct_v03,SciERC,C04-1106,P1->P2,P1,P2,7,0.5758138298988342,1,1,1,1,1,0,-0.015686274509803907,0.015686274509803907,-0.015686274509803907,0.015686274509803907,0.0,0.0
mistral_7b_instruct_v03,SciERC,C04-1106,P2->P3,P2,P3,7,0.42857142857142855,1,1,1,0,0,1,-0.1176470588235294,0.1176470588235294,-0.1176470588235294,0.1176470588235294,0.0,0.0
mistral_7b_instruct_v03,SciERC,C04-1106,P3->P4,P3,P4,7,0.0,1,1,0,0,0,0,0.0,0.0,0.0,0.0,0.0,0.0
mistral_7b_instruct_v03,SciERC,C04-1106,P4->P5,P4,P5,7,0.5714285714285714,1,1,0,1,0,0,0.1538461538461538,0.1538461538461538,0.1538461538461538,0.1538461538461538,0.0,0.0
mistral_7b_instruct_v03,SciERC,C04-1106,P5->P6,P5,P6,7,0.008575848170689173,1,1,1,1,1,0,0.0,0.0,0.0,0.0,0.0,0.0
mistral_7b_instruct_v03,SciERC,C04-1128,P1->P2,P1,P2,7,0.8571428571428571,1,1,0,1,0,0,0.1818181818181818,0.1818181818181818,0.2727272727272727,0.2727272727272727,0.1428571428571428,0.1428571428571428
mistral_7b_instruct_v03,SciERC,C04-1128,P2->P3,P2,P3,7,0.8571428571428571,1,1,1,0,0,1,-0.1818181818181818,0.1818181818181818,-0.2727272727272727,0.2727272727272727,-0.1428571428571428,0.1428571428571428
mistral_7b_instruct_v03,SciERC,C04-1128,P3->P4,P3,P4,7,0.7142857142857143,1,1,0,1,0,0,0.1818181818181818,0.1818181818181818,0.3636363636363636,0.3636363636363636,0.1538461538461538,0.1538461538461538
mistral_7b_instruct_v03,SciERC,C04-1128,P4->P5,P4,P5,7,0.2933299456323896,1,1,1,1,1,0,0.09090909090909091,0.09090909090909091,0.0,0.0,-0.1538461538461538,0.1538461538461538
mistral_7b_instruct_v03,SciERC,C04-1128,P5->P6,P5,P6,7,0.001650324889591762,1,1,1,1,1,0,0.0,0.0,0.0,0.0,0.0,0.0
mistral_7b_instruct_v03,SciERC,C08-2010,P1->P2,P1,P2,7,0.7142857142857143,1,1,0,0,0,0,0.0769230769230769,0.0769230769230769,0.0769230769230769,0.0769230769230769,0.0,0.0
mistral_7b_instruct_v03,SciERC,C08-2010,P2->P3,P2,P3,7,0.30809944016592844,1,1,0,1,0,0,0.006410256410256401,0.006410256410256401,0.006410256410256401,0.006410256410256401,0.125,0.125
mistral_7b_instruct_v03,SciERC,C08-2010,P3->P4,P3,P4,7,0.43464672565460205,1,1,1,1,1,0,0.0833333333333333,0.0833333333333333,0.0833333333333333,0.0833333333333333,-0.125,0.125
mistral_7b_instruct_v03,SciERC,C08-2010,P4->P5,P4,P5,7,0.2954284804207938,1,1,1,1,1,0,0.02380952380952389,0.02380952380952389,0.02380952380952389,0.02380952380952389,0.0,0.0
mistral_7b_instruct_v03,SciERC,C08-2010,P5->P6,P5,P6,7,0.0005921806607927595,1,1,1,1,1,0,0.0,0.0,0.0,0.0,0.1428571428571428,0.1428571428571428
mistral_7b_instruct_v03,SciERC,C86-1081,P1->P2,P1,P2,7,0.0,1,1,0,0,0,0,0.0,0.0,0.0,0.0,0.0,0.0
mistral_7b_instruct_v03,SciERC,C86-1081,P2->P3,P2,P3,7,0.42857142857142855,1,1,0,1,0,0,0.0,0.0,0.0,0.0,0.0,0.0
mistral_7b_instruct_v03,SciERC,C86-1081,P3->P4,P3,P4,7,0.42857142857142855,1,1,1,0,0,1,0.0,0.0,0.0,0.0,0.0,0.0
mistral_7b_instruct_v03,SciERC,C86-1081,P4->P5,P4,P5,7,0.5714285714285714,1,1,0,1,0,0,0.4444444444444445,0.4444444444444445,0.4444444444444445,0.4444444444444445,0.0,0.0
mistral_7b_instruct_v03,SciERC,C86-1081,P5->P6,P5,P6,7,0.006258964538574219,1,1,1,1,1,0,-0.19444444444444448,0.19444444444444448,-0.19444444444444448,0.19444444444444448,0.0,0.0
mistral_7b_instruct_v03,SciERC,C88-1044,P1->P2,P1,P2,7,0.2918956790651594,1,1,1,1,1,0,-0.013071895424836583,0.013071895424836583,-0.130718954248366,0.130718954248366,0.0,0.0
mistral_7b_instruct_v03,SciERC,C88-1044,P2->P3,P2,P3,7,0.14768024853297643,1,1,1,1,1,0,0.06349206349206349,0.06349206349206349,0.06349206349206349,0.06349206349206349,0.0,0.0
mistral_7b_instruct_v03,SciERC,C88-1044,P3->P4,P3,P4,7,0.42857142857142855,1,1,1,0,0,1,-0.2857142857142857,0.2857142857142857,-0.2857142857142857,0.2857142857142857,0.0,0.0
mistral_7b_instruct_v03,SciERC,C88-1044,P4->P5,P4,P5,7,0.7142857142857143,1,1,0,1,0,0,0.7142857142857143,0.7142857142857143,0.7142857142857143,0.7142857142857143,0.0,0.0
mistral_7b_instruct_v03,SciERC,C88-1044,P5->P6,P5,P6,7,0.025880822113582065,1,1,1,1,1,0,-0.18095238095238098,0.18095238095238098,-0.18095238095238098,0.18095238095238098,0.25,0.25
mistral_7b_instruct_v03,SciERC,C90-3045,P1->P2,P1,P2,7,0.14375280482428415,1,1,1,1,1,0,-0.08333333333333331,0.08333333333333331,-0.08333333333333331,0.08333333333333331,0.1666666666666666,0.1666666666666666
mistral_7b_instruct_v03,SciERC,C90-3045,P2->P3,P2,P3,7,0.1438087821006775,1,1,1,1,1,0,-0.07608695652173911,0.07608695652173911,-0.07608695652173911,0.07608695652173911,-0.1666666666666666,0.1666666666666666
mistral_7b_instruct_v03,SciERC,C90-3045,P3->P4,P3,P4,7,0.43241543429238455,1,1,1,1,1,0,0.2427536231884058,0.2427536231884058,0.32608695652173914,0.32608695652173914,0.0,0.0
mistral_7b_instruct_v03,SciERC,C90-3045,P4->P5,P4,P5,7,0.008709166731153215,1,1,1,1,1,0,0.12179487179487186,0.12179487179487186,0.11538461538461531,0.11538461538461531,0.0,0.0
mistral_7b_instruct_v03,SciERC,C90-3045,P5->P6,P5,P6,7,0.5714285714285714,1,1,1,0,0,1,-0.5384615384615385,0.5384615384615385,-0.6153846153846153,0.6153846153846153,0.0,0.0
mistral_7b_instruct_v03,SciERC,C90-3063,P1->P2,P1,P2,7,1.0,1,1,0,1,0,0,0.0952380952380952,0.0952380952380952,0.0952380952380952,0.0952380952380952,0.0,0.0
mistral_7b_instruct_v03,SciERC,C90-3063,P2->P3,P2,P3,7,1.0,1,1,1,0,0,1,-0.0952380952380952,0.0952380952380952,-0.0952380952380952,0.0952380952380952,0.0,0.0
mistral_7b_instruct_v03,SciERC,C90-3063,P3->P4,P3,P4,7,0.5714285714285714,1,1,0,1,0,0,0.3157894736842105,0.3157894736842105,0.3157894736842105,0.3157894736842105,0.0,0.0
mistral_7b_instruct_v03,SciERC,C90-3063,P4->P5,P4,P5,7,0.15230985198702132,1,1,1,1,1,0,0.017543859649122806,0.017543859649122806,0.1286549707602339,0.1286549707602339,0.0,0.0
mistral_7b_instruct_v03,SciERC,C90-3063,P5->P6,P5,P6,7,0.0040659138134547645,1,1,1,1,1,0,0.019607843137254888,0.019607843137254888,0.026143790849673165,0.026143790849673165,0.0,0.0
mistral_7b_instruct_v03,SciERC,C94-1091,P1->P2,P1,P2,7,0.5714285714285714,1,1,1,0,0,1,-0.2142857142857142,0.2142857142857142,-0.2857142857142857,0.2857142857142857,0.0,0.0
mistral_7b_instruct_v03,SciERC,C94-1091,P2->P3,P2,P3,7,0.7142857142857143,1,1,0,1,0,0,0.2142857142857142,0.2142857142857142,0.2857142857142857,0.2857142857142857,0.0,0.0
mistral_7b_instruct_v03,SciERC,C94-1091,P3->P4,P3,P4,7,0.1554853320121765,1,1,1,1,1,0,0.025714285714285717,0.025714285714285717,-0.04571428571428579,0.04571428571428579,0.0,0.0
mistral_7b_instruct_v03,SciERC,C94-1091,P4->P5,P4,P5,7,0.29576691559382845,1,1,1,1,1,0,0.010000000000000092,0.010000000000000092,0.010000000000000092,0.010000000000000092,0.0,0.0
mistral_7b_instruct_v03,SciERC,C94-1091,P5->P6,P5,P6,7,0.1603874053273882,1,1,1,1,1,0,0.0576923076923076,0.0576923076923076,0.13461538461538458,0.13461538461538458,0.1052631578947368,0.1052631578947368
mistral_7b_instruct_v03,SciERC,C96-1062,P1->P2,P1,P2,7,0.04051415409360613,1,1,1,1,1,0,-0.08695652173913038,0.08695652173913038,-0.08695652173913049,0.08695652173913049,0.0,0.0
mistral_7b_instruct_v03,SciERC,C96-1062,P2->P3,P2,P3,7,0.14954887117658341,1,1,1,1,1,0,0.07608695652173919,0.07608695652173919,0.07246376811594213,0.07246376811594213,0.0,0.0
mistral_7b_instruct_v03,SciERC,C96-1062,P3->P4,P3,P4,7,0.5714285714285714,1,1,1,0,0,1,-0.25,0.25,-0.3333333333333333,0.3333333333333333,0.0,0.0
mistral_7b_instruct_v03,SciERC,C96-1062,P4->P5,P4,P5,7,0.5714285714285714,1,1,0,1,0,0,0.4166666666666667,0.4166666666666667,0.5833333333333334,0.5833333333333334,0.0,0.0
mistral_7b_instruct_v03,SciERC,C96-1062,P5->P6,P5,P6,7,0.14753026621682302,1,1,1,1,1,0,-0.2348484848484849,0.2348484848484849,-0.21969696969696978,0.21969696969696978,0.0,0.0
mistral_7b_instruct_v03,SciERC,CVPR_1993_10_abs,P1->P2,P1,P2,7,0.0,1,1,0,0,0,0,0.0,0.0,0.0,0.0,0.0,0.0
mistral_7b_instruct_v03,SciERC,CVPR_1993_10_abs,P2->P3,P2,P3,7,0.0,1,1,0,0,0,0,0.0,0.0,0.0,0.0,0.0,0.0
mistral_7b_instruct_v03,SciERC,CVPR_1993_10_abs,P3->P4,P3,P4,7,0.5714285714285714,1,1,0,1,0,0,0.2857142857142857,0.2857142857142857,0.3571428571428571,0.3571428571428571,0.1111111111111111,0.1111111111111111
mistral_7b_instruct_v03,SciERC,CVPR_1993_10_abs,P4->P5,P4,P5,7,0.002194770744868687,1,1,1,1,1,0,0.047619047619047616,0.047619047619047616,-0.02380952380952378,0.02380952380952378,0.006535947712418291,0.006535947712418291
mistral_7b_instruct_v03,SciERC,CVPR_1993_10_abs,P5->P6,P5,P6,7,0.00042166880198887417,1,1,1,1,1,0,-0.05747126436781613,0.05747126436781613,-0.05747126436781613,0.05747126436781613,0.0,0.0
mistral_7b_instruct_v03,SciERC,CVPR_1994_10_abs,P1->P2,P1,P2,7,0.0,1,1,0,0,0,0,0.0,0.0,0.0,0.0,0.0,0.0
mistral_7b_instruct_v03,SciERC,CVPR_1994_10_abs,P2->P3,P2,P3,7,0.0,1,1,0,0,0,0,0.0,0.0,0.0,0.0,0.0,0.0
mistral_7b_instruct_v03,SciERC,CVPR_1994_10_abs,P3->P4,P3,P4,7,0.0,1,1,0,0,0,0,0.0,0.0,0.0,0.0,0.0,0.0
mistral_7b_instruct_v03,SciERC,CVPR_1994_10_abs,P4->P5,P4,P5,7,0.8571428571428571,1,1,0,1,0,0,0.2105263157894737,0.2105263157894737,0.2631578947368421,0.2631578947368421,0.0,0.0
mistral_7b_instruct_v03,SciERC,CVPR_1994_10_abs,P5->P6,P5,P6,7,0.0019176602363586426,1,1,1,1,1,0,0.0,0.0,0.0,0.0,0.1739130434782609,0.1739130434782609
mistral_7b_instruct_v03,SciERC,CVPR_1999_15_abs,P1->P2,P1,P2,7,0.5714285714285714,1,1,1,0,0,1,-0.4799999999999999,0.4799999999999999,-0.4799999999999999,0.4799999999999999,-0.1333333333333333,0.1333333333333333
mistral_7b_instruct_v03,SciERC,CVPR_1999_15_abs,P2->P3,P2,P3,7,0.5714285714285714,1,1,0,1,0,0,0.2399999999999999,0.2399999999999999,0.2399999999999999,0.2399999999999999,0.0,0.0
mistral_7b_instruct_v03,SciERC,CVPR_1999_15_abs,P3->P4,P3,P4,7,0.323034473827907,1,1,1,1,1,0,0.21454545454545457,0.21454545454545457,0.30545454545454553,0.30545454545454553,0.1818181818181818,0.1818181818181818
mistral_7b_instruct_v03,SciERC,CVPR_1999_15_abs,P4->P5,P4,P5,7,0.040457308292388916,1,1,1,1,1,0,-0.16883116883116878,0.16883116883116878,-0.16450216450216454,0.16450216450216454,-0.1818181818181818,0.1818181818181818
mistral_7b_instruct_v03,SciERC,CVPR_1999_15_abs,P5->P6,P5,P6,7,0.008273277963910784,1,1,1,1,1,0,-0.1038961038961039,0.1038961038961039,-0.10822510822510817,0.10822510822510817,0.0,0.0
mistral_7b_instruct_v03,SciERC,CVPR_2003_30_abs,P1->P2,P1,P2,7,0.15629525695528304,1,1,1,1,1,0,-0.04768583450210373,0.04768583450210373,0.016830294530154277,0.016830294530154277,0.0,0.0
mistral_7b_instruct_v03,SciERC,CVPR_2003_30_abs,P2->P3,P2,P3,7,0.7142857142857143,1,1,1,0,0,1,-0.3870967741935484,0.3870967741935484,-0.4516129032258064,0.4516129032258064,0.0,0.0
mistral_7b_instruct_v03,SciERC,CVPR_2003_30_abs,P3->P4,P3,P4,7,0.0,1,1,0,0,0,0,0.0,0.0,0.0,0.0,0.0,0.0
mistral_7b_instruct_v03,SciERC,CVPR_2003_30_abs,P4->P5,P4,P5,7,0.7142857142857143,1,1,0,1,0,0,0.32,0.32,0.4,0.4,0.0,0.0
mistral_7b_instruct_v03,SciERC,CVPR_2003_30_abs,P5->P6,P5,P6,7,0.009253970214298793,1,1,1,1,1,0,-0.0800000000000001,0.0800000000000001,-0.08000000000000002,0.08000000000000002,0.0,0.0
mistral_7b_instruct_v03,SciERC,CVPR_2004_18_abs,P1->P2,P1,P2,7,0.001832314899989537,1,1,1,1,1,0,0.0,0.0,0.0,0.0,0.0,0.0
mistral_7b_instruct_v03,SciERC,CVPR_2004_18_abs,P2->P3,P2,P3,7,0.0015527861458914621,1,1,1,1,1,0,0.0,0.0,0.0,0.0,0.0,0.0
mistral_7b_instruct_v03,SciERC,CVPR_2004_18_abs,P3->P4,P3,P4,7,0.15486233575003489,1,1,1,1,1,0,0.037037037037037035,0.037037037037037035,0.1203703703703703,0.1203703703703703,0.1333333333333333,0.1333333333333333
mistral_7b_instruct_v03,SciERC,CVPR_2004_18_abs,P4->P5,P4,P5,7,0.1439341902732849,1,1,1,1,1,0,0.08333333333333326,0.08333333333333326,0.08333333333333343,0.08333333333333343,-0.1333333333333333,0.1333333333333333
mistral_7b_instruct_v03,SciERC,CVPR_2004_18_abs,P5->P6,P5,P6,7,0.000839097159249442,1,1,1,1,1,0,0.0,0.0,0.0,0.0,0.1333333333333333,0.1333333333333333
mistral_7b_instruct_v03,SciERC,CVPR_2004_30_abs,P1->P2,P1,P2,7,0.0,1,1,0,0,0,0,0.0,0.0,0.0,0.0,0.0,0.0
mistral_7b_instruct_v03,SciERC,CVPR_2004_30_abs,P2->P3,P2,P3,7,0.0,1,1,0,0,0,0,0.0,0.0,0.0,0.0,0.0,0.0
mistral_7b_instruct_v03,SciERC,CVPR_2004_30_abs,P3->P4,P3,P4,7,0.0,1,1,0,0,0,0,0.0,0.0,0.0,0.0,0.0,0.0
mistral_7b_instruct_v03,SciERC,CVPR_2004_30_abs,P4->P5,P4,P5,7,0.5714285714285714,1,1,0,1,0,0,0.2666666666666666,0.2666666666666666,0.2666666666666666,0.2666666666666666,0.0,0.0
mistral_7b_instruct_v03,SciERC,CVPR_2004_30_abs,P5->P6,P5,P6,7,3.4059797014508927e-08,1,1,1,1,1,0,0.0,0.0,0.0,0.0,0.0,0.0
mistral_7b_instruct_v03,SciERC,CVPR_2006_10_abs,P1->P2,P1,P2,7,0.0,1,1,0,0,0,0,0.0,0.0,0.0,0.0,0.0,0.0
mistral_7b_instruct_v03,SciERC,CVPR_2006_10_abs,P2->P3,P2,P3,7,0.0,1,1,0,0,0,0,0.0,0.0,0.0,0.0,0.0,0.0
mistral_7b_instruct_v03,SciERC,CVPR_2006_10_abs,P3->P4,P3,P4,7,0.5714285714285714,1,1,0,1,0,0,0.0999999999999999,0.0999999999999999,0.5,0.5,0.0,0.0
mistral_7b_instruct_v03,SciERC,CVPR_2006_10_abs,P4->P5,P4,P5,7,0.16149412734167917,1,1,1,1,1,0,0.12222222222222232,0.12222222222222232,0.05555555555555558,0.05555555555555558,0.0,0.0
mistral_7b_instruct_v03,SciERC,CVPR_2006_10_abs,P5->P6,P5,P6,7,0.0007202795573643275,1,1,1,1,1,0,0.0,0.0,0.0,0.0,0.0,0.0
mistral_7b_instruct_v03,SciERC,CVPR_2008_256_abs,P1->P2,P1,P2,7,0.8571428571428571,1,1,1,0,0,1,-0.2272727272727272,0.2272727272727272,-0.2272727272727272,0.2272727272727272,0.0,0.0
mistral_7b_instruct_v03,SciERC,CVPR_2008_256_abs,P2->P3,P2,P3,7,0.0,1,1,0,0,0,0,0.0,0.0,0.0,0.0,0.0,0.0
mistral_7b_instruct_v03,SciERC,CVPR_2008_256_abs,P3->P4,P3,P4,7,0.8571428571428571,1,1,0,1,0,0,0.5,0.5,0.5416666666666666,0.5416666666666666,0.0,0.0
mistral_7b_instruct_v03,SciERC,CVPR_2008_256_abs,P4->P5,P4,P5,7,0.1489747932979039,1,1,1,1,1,0,-0.15217391304347833,0.15217391304347833,-0.1503623188405797,0.1503623188405797,0.0,0.0
mistral_7b_instruct_v03,SciERC,CVPR_2008_256_abs,P5->P6,P5,P6,7,0.003546595573425293,1,1,1,1,1,0,0.0351526364477337,0.0351526364477337,0.03422756706753011,0.03422756706753011,0.0,0.0
mistral_7b_instruct_v03,SciERC,CVPR_2008_258_abs,P1->P2,P1,P2,7,0.0,1,1,0,0,0,0,0.0,0.0,0.0,0.0,0.0,0.0
mistral_7b_instruct_v03,SciERC,CVPR_2008_258_abs,P2->P3,P2,P3,7,0.0,1,1,0,0,0,0,0.0,0.0,0.0,0.0,0.0,0.0
mistral_7b_instruct_v03,SciERC,CVPR_2008_258_abs,P3->P4,P3,P4,7,0.0,1,1,0,0,0,0,0.0,0.0,0.0,0.0,0.0,0.0
mistral_7b_instruct_v03,SciERC,CVPR_2008_258_abs,P4->P5,P4,P5,7,0.7142857142857143,1,1,0,1,0,0,0.2857142857142857,0.2857142857142857,0.4285714285714285,0.4285714285714285,0.0,0.0
mistral_7b_instruct_v03,SciERC,CVPR_2008_258_abs,P5->P6,P5,P6,7,0.0032021829060145785,1,1,1,1,1,0,0.010582010582010581,0.010582010582010581,0.015873015873015983,0.015873015873015983,0.0,0.0
mistral_7b_instruct_v03,SciERC,CVPR_2009_10_abs,P1->P2,P1,P2,7,0.0,1,1,0,0,0,0,0.0,0.0,0.0,0.0,0.0,0.0
mistral_7b_instruct_v03,SciERC,CVPR_2009_10_abs,P2->P3,P2,P3,7,0.0,1,1,0,0,0,0,0.0,0.0,0.0,0.0,0.0,0.0
mistral_7b_instruct_v03,SciERC,CVPR_2009_10_abs,P3->P4,P3,P4,7,0.5714285714285714,1,1,0,1,0,0,0.25,0.25,0.3,0.3,0.0,0.0
mistral_7b_instruct_v03,SciERC,CVPR_2009_10_abs,P4->P5,P4,P5,7,0.1555231043270656,1,1,1,1,1,0,0.13095238095238088,0.13095238095238088,0.17619047619047612,0.17619047619047612,0.0,0.0
mistral_7b_instruct_v03,SciERC,CVPR_2009_10_abs,P5->P6,P5,P6,7,0.0005124211311340332,1,1,1,1,1,0,0.0,0.0,0.0,0.0,0.0,0.0
mistral_7b_instruct_v03,SciERC,CVPR_2009_18_abs,P1->P2,P1,P2,7,0.0,1,1,0,0,0,0,0.0,0.0,0.0,0.0,0.0,0.0
mistral_7b_instruct_v03,SciERC,CVPR_2009_18_abs,P2->P3,P2,P3,7,0.0,1,1,0,0,0,0,0.0,0.0,0.0,0.0,0.0,0.0
mistral_7b_instruct_v03,SciERC,CVPR_2009_18_abs,P3->P4,P3,P4,7,0.5714285714285714,1,1,0,1,0,0,0.4705882352941176,0.4705882352941176,0.4705882352941176,0.4705882352941176,0.0,0.0
mistral_7b_instruct_v03,SciERC,CVPR_2009_18_abs,P4->P5,P4,P5,7,0.18972634417670114,1,1,1,1,1,0,-0.026143790849673165,0.026143790849673165,0.029411764705882415,0.029411764705882415,0.0,0.0
mistral_7b_instruct_v03,SciERC,CVPR_2009_18_abs,P5->P6,P5,P6,7,0.0016667587416512625,1,1,1,1,1,0,0.0,0.0,0.0,0.0,0.0,0.0
mistral_7b_instruct_v03,SciERC,CVPR_2010_30_abs,P1->P2,P1,P2,7,0.004145205020904541,1,1,1,0,0,1,-0.058064516129032406,0.058064516129032406,-0.12258064516129041,0.12258064516129041,0.0,0.0
mistral_7b_instruct_v03,SciERC,CVPR_2010_30_abs,P2->P3,P2,P3,7,0.012205702917916434,1,1,0,1,0,0,-0.1285714285714285,0.1285714285714285,-0.1285714285714285,0.1285714285714285,0.0,0.0
mistral_7b_instruct_v03,SciERC,CVPR_2010_30_abs,P3->P4,P3,P4,7,0.0736108762877328,1,1,1,1,1,0,0.1507936507936507,0.1507936507936507,0.22486772486772488,0.22486772486772488,0.0,0.0
mistral_7b_instruct_v03,SciERC,CVPR_2010_30_abs,P4->P5,P4,P5,7,0.07354599237442017,1,1,1,1,1,0,0.0634920634920636,0.0634920634920636,0.060846560846560815,0.060846560846560815,0.0,0.0
mistral_7b_instruct_v03,SciERC,CVPR_2010_30_abs,P5->P6,P5,P6,7,0.018307958330426897,1,1,1,1,1,0,0.0,0.0,-0.0714285714285714,0.0714285714285714,0.0,0.0
mistral_7b_instruct_v03,SciERC,CVPR_2011_10_abs,P1->P2,P1,P2,7,0.7142857142857143,1,1,0,1,0,0,0.4137931034482758,0.4137931034482758,0.4137931034482758,0.4137931034482758,0.0,0.0
mistral_7b_instruct_v03,SciERC,CVPR_2011_10_abs,P2->P3,P2,P3,7,0.29107268367494854,1,1,1,1,1,0,-0.03879310344827591,0.03879310344827591,0.0237068965517242,0.0237068965517242,0.0,0.0
mistral_7b_instruct_v03,SciERC,CVPR_2011_10_abs,P3->P4,P3,P4,7,0.42857142857142855,1,1,1,0,0,1,-0.3749999999999999,0.3749999999999999,-0.4375,0.4375,0.0,0.0
mistral_7b_instruct_v03,SciERC,CVPR_2011_10_abs,P4->P5,P4,P5,7,0.5714285714285714,1,1,0,1,0,0,0.0714285714285714,0.0714285714285714,0.1428571428571428,0.1428571428571428,0.0,0.0
mistral_7b_instruct_v03,SciERC,CVPR_2011_10_abs,P5->P6,P5,P6,7,0.0,1,1,1,1,1,0,0.0,0.0,0.0,0.0,0.0,0.0
mistral_7b_instruct_v03,SciERC,CVPR_2011_11_abs,P1->P2,P1,P2,7,0.0,1,1,0,0,0,0,0.0,0.0,0.0,0.0,0.0,0.0
mistral_7b_instruct_v03,SciERC,CVPR_2011_11_abs,P2->P3,P2,P3,7,0.0,1,1,0,0,0,0,0.0,0.0,0.0,0.0,0.0,0.0
mistral_7b_instruct_v03,SciERC,CVPR_2011_11_abs,P3->P4,P3,P4,7,0.7142857142857143,1,1,0,1,0,0,0.0606060606060606,0.0606060606060606,0.1818181818181818,0.1818181818181818,0.0,0.0
mistral_7b_instruct_v03,SciERC,CVPR_2011_11_abs,P4->P5,P4,P5,7,0.7142857142857143,1,1,1,0,0,1,-0.0606060606060606,0.0606060606060606,-0.1818181818181818,0.1818181818181818,0.0,0.0
mistral_7b_instruct_v03,SciERC,CVPR_2011_11_abs,P5->P6,P5,P6,7,0.7142857142857143,1,1,0,1,0,0,0.05,0.05,0.25,0.25,0.0,0.0
mistral_7b_instruct_v03,SciERC,CVPR_2016_413_abs,P1->P2,P1,P2,7,0.7142857142857143,1,1,1,0,0,1,-0.25,0.25,-0.3749999999999999,0.3749999999999999,0.0,0.0
mistral_7b_instruct_v03,SciERC,CVPR_2016_413_abs,P2->P3,P2,P3,7,0.0,1,1,0,0,0,0,0.0,0.0,0.0,0.0,0.0,0.0
mistral_7b_instruct_v03,SciERC,CVPR_2016_413_abs,P3->P4,P3,P4,7,0.7142857142857143,1,1,0,1,0,0,0.4,0.4,0.4666666666666667,0.4666666666666667,0.1538461538461538,0.1538461538461538
mistral_7b_instruct_v03,SciERC,CVPR_2016_413_abs,P4->P5,P4,P5,7,0.007602529866354806,1,1,1,1,1,0,0.11612903225806448,0.11612903225806448,0.17849462365591395,0.17849462365591395,0.012820512820512803,0.012820512820512803
mistral_7b_instruct_v03,SciERC,CVPR_2016_413_abs,P5->P6,P5,P6,7,0.0010179025786263602,1,1,1,1,1,0,0.0,0.0,0.0,0.0,-0.012820512820512803,0.012820512820512803
mistral_7b_instruct_v03,SciERC,E06-1022,P1->P2,P1,P2,7,0.1704414997782026,1,1,1,1,1,0,-0.15217391304347822,0.15217391304347822,-0.15217391304347822,0.15217391304347822,0.0,0.0
mistral_7b_instruct_v03,SciERC,E06-1022,P2->P3,P2,P3,7,0.5793062789099557,1,1,1,1,1,0,0.015810276679841806,0.015810276679841806,0.015810276679841806,0.015810276679841806,0.0,0.0
mistral_7b_instruct_v03,SciERC,E06-1022,P3->P4,P3,P4,7,0.28943298544202534,1,1,1,1,1,0,0.18181818181818193,0.18181818181818193,0.18181818181818193,0.18181818181818193,0.0,0.0
mistral_7b_instruct_v03,SciERC,E06-1022,P4->P5,P4,P5,7,0.14481488295963832,1,1,1,1,1,0,-0.045454545454545525,0.045454545454545525,0.037878787878787845,0.037878787878787845,0.0,0.0
mistral_7b_instruct_v03,SciERC,E06-1022,P5->P6,P5,P6,7,0.000716090202331543,1,1,1,1,1,0,0.0,0.0,0.0,0.0,0.0,0.0
mistral_7b_instruct_v03,SciERC,E89-1016,P1->P2,P1,P2,7,0.16535825388772146,1,1,1,1,1,0,-0.062222222222222096,0.062222222222222096,-0.1303703703703704,0.1303703703703704,0.0,0.0
mistral_7b_instruct_v03,SciERC,E89-1016,P2->P3,P2,P3,7,0.002265427793775286,1,1,1,1,1,0,0.0,0.0,0.0,0.0,0.0,0.0
mistral_7b_instruct_v03,SciERC,E89-1016,P3->P4,P3,P4,7,0.5714285714285714,1,1,1,0,0,1,-0.16,0.16,-0.2399999999999999,0.2399999999999999,0.0,0.0
mistral_7b_instruct_v03,SciERC,E89-1016,P4->P5,P4,P5,7,0.0,1,1,0,0,0,0,0.0,0.0,0.0,0.0,0.0,0.0
mistral_7b_instruct_v03,SciERC,E89-1016,P5->P6,P5,P6,7,0.0,1,1,0,0,0,0,0.0,0.0,0.0,0.0,0.0,0.0
mistral_7b_instruct_v03,SciERC,E91-1012,P1->P2,P1,P2,7,0.5714285714285714,1,1,1,0,0,1,-0.1428571428571428,0.1428571428571428,-0.1428571428571428,0.1428571428571428,0.0,0.0
mistral_7b_instruct_v03,SciERC,E91-1012,P2->P3,P2,P3,7,0.0,1,1,0,0,0,0,0.0,0.0,0.0,0.0,0.0,0.0
mistral_7b_instruct_v03,SciERC,E91-1012,P3->P4,P3,P4,7,0.42857142857142855,1,1,0,1,0,0,0.2666666666666666,0.2666666666666666,0.2666666666666666,0.2666666666666666,0.0,0.0
mistral_7b_instruct_v03,SciERC,E91-1012,P4->P5,P4,P5,7,0.32144579717091154,1,1,1,1,1,0,-0.2666666666666666,0.2666666666666666,-0.2666666666666666,0.2666666666666666,0.0,0.0
mistral_7b_instruct_v03,SciERC,E91-1012,P5->P6,P5,P6,7,0.35607218742370605,1,1,1,1,1,0,0.2580645161290323,0.2580645161290323,0.2580645161290323,0.2580645161290323,0.1111111111111111,0.1111111111111111
mistral_7b_instruct_v03,SciERC,E93-1066,P1->P2,P1,P2,7,0.0,1,1,0,0,0,0,0.0,0.0,0.0,0.0,0.0,0.0
mistral_7b_instruct_v03,SciERC,E93-1066,P2->P3,P2,P3,7,0.0,1,1,0,0,0,0,0.0,0.0,0.0,0.0,0.0,0.0
mistral_7b_instruct_v03,SciERC,E93-1066,P3->P4,P3,P4,7,0.5714285714285714,1,1,0,1,0,0,0.2307692307692307,0.2307692307692307,0.3846153846153846,0.3846153846153846,0.0,0.0
mistral_7b_instruct_v03,SciERC,E93-1066,P4->P5,P4,P5,7,0.0259380681174142,1,1,1,1,1,0,0.16923076923076932,0.16923076923076932,0.14871794871794874,0.14871794871794874,0.0,0.0
mistral_7b_instruct_v03,SciERC,E93-1066,P5->P6,P5,P6,7,0.0003606081008911133,1,1,1,1,1,0,0.0,0.0,0.0,0.0,0.0,0.0
mistral_7b_instruct_v03,SciERC,E95-1033,P1->P2,P1,P2,7,0.4304300206048148,1,1,1,1,1,0,-0.1428571428571429,0.1428571428571429,-0.1428571428571428,0.1428571428571428,0.0,0.0
mistral_7b_instruct_v03,SciERC,E95-1033,P2->P3,P2,P3,7,0.0,1,1,1,1,1,0,0.0,0.0,0.0,0.0,0.0,0.0
mistral_7b_instruct_v03,SciERC,E95-1033,P3->P4,P3,P4,7,0.4365525415965489,1,1,1,1,1,0,0.010989010989011005,0.010989010989011005,-0.1318681318681319,0.1318681318681319,0.0,0.0
mistral_7b_instruct_v03,SciERC,E95-1033,P4->P5,P4,P5,7,0.1602338467325483,1,1,1,1,1,0,0.11282051282051281,0.11282051282051281,0.2461538461538461,0.2461538461538461,0.0,0.0
mistral_7b_instruct_v03,SciERC,E95-1033,P5->P6,P5,P6,7,0.14664065837860107,1,1,1,1,1,0,0.0,0.0,0.0,0.0,0.0,0.0
mistral_7b_instruct_v03,SciERC,E99-1015,P1->P2,P1,P2,7,0.18178418704441615,1,1,1,1,1,0,0.3333333333333332,0.3333333333333332,0.2222222222222221,0.2222222222222221,0.0,0.0
mistral_7b_instruct_v03,SciERC,E99-1015,P2->P3,P2,P3,7,0.3095101203237261,1,1,1,1,1,0,-0.3333333333333332,0.3333333333333332,-0.21568627450980382,0.21568627450980382,0.0,0.0
mistral_7b_instruct_v03,SciERC,E99-1015,P3->P4,P3,P4,7,0.29127938406808035,1,1,1,1,1,0,0.0,0.0,0.19004524886877833,0.19004524886877833,0.0,0.0
mistral_7b_instruct_v03,SciERC,E99-1015,P4->P5,P4,P5,7,0.008071099008832659,1,1,1,1,1,0,0.0,0.0,0.0,0.0,0.0,0.0
mistral_7b_instruct_v03,SciERC,E99-1015,P5->P6,P5,P6,7,0.012399673461914062,1,1,1,1,1,0,0.0,0.0,0.025641025641025605,0.025641025641025605,0.0,0.0
mistral_7b_instruct_v03,SciERC,ECCV_2006_13_abs,P1->P2,P1,P2,7,0.0,1,1,0,0,0,0,0.0,0.0,0.0,0.0,0.0,0.0
mistral_7b_instruct_v03,SciERC,ECCV_2006_13_abs,P2->P3,P2,P3,7,0.0,1,1,0,0,0,0,0.0,0.0,0.0,0.0,0.0,0.0
mistral_7b_instruct_v03,SciERC,ECCV_2006_13_abs,P3->P4,P3,P4,7,0.7142857142857143,1,1,0,1,0,0,0.2978723404255319,0.2978723404255319,0.4255319148936171,0.4255319148936171,0.054054054054054,0.054054054054054
mistral_7b_instruct_v03,SciERC,ECCV_2006_13_abs,P4->P5,P4,P5,7,0.016403538840157644,1,1,1,1,1,0,-0.1615087040618956,0.1615087040618956,-0.19825918762088987,0.19825918762088987,-0.054054054054054,0.054054054054054
mistral_7b_instruct_v03,SciERC,ECCV_2006_13_abs,P5->P6,P5,P6,7,1.7029898507254463e-08,1,1,1,1,1,0,0.0,0.0,0.0,0.0,0.0,0.0
mistral_7b_instruct_v03,SciERC,ECCV_2012_30_abs,P1->P2,P1,P2,7,0.0,1,1,0,0,0,0,0.0,0.0,0.0,0.0,0.0,0.0
mistral_7b_instruct_v03,SciERC,ECCV_2012_30_abs,P2->P3,P2,P3,7,0.0,1,1,0,0,0,0,0.0,0.0,0.0,0.0,0.0,0.0
mistral_7b_instruct_v03,SciERC,ECCV_2012_30_abs,P3->P4,P3,P4,7,0.42857142857142855,1,1,0,1,0,0,0.3846153846153846,0.3846153846153846,0.3846153846153846,0.3846153846153846,0.1176470588235294,0.1176470588235294
mistral_7b_instruct_v03,SciERC,ECCV_2012_30_abs,P4->P5,P4,P5,7,0.2991307037217276,1,1,1,1,1,0,0.0,0.0,0.0,0.0,-0.1176470588235294,0.1176470588235294
mistral_7b_instruct_v03,SciERC,ECCV_2012_30_abs,P5->P6,P5,P6,7,0.005350257669176374,1,1,1,1,1,0,0.0,0.0,0.0,0.0,0.0,0.0
mistral_7b_instruct_v03,SciERC,ECCV_2016_110_abs,P1->P2,P1,P2,7,0.16798601831708634,1,1,1,1,1,0,-0.17337461300309598,0.17337461300309598,-0.055727554179566596,0.055727554179566596,0.1538461538461538,0.1538461538461538
mistral_7b_instruct_v03,SciERC,ECCV_2016_110_abs,P2->P3,P2,P3,7,0.15032610722950526,1,1,1,1,1,0,0.23529411764705888,0.23529411764705888,0.23529411764705893,0.23529411764705893,0.0,0.0
mistral_7b_instruct_v03,SciERC,ECCV_2016_110_abs,P3->P4,P3,P4,7,0.7142857142857143,1,1,1,0,0,1,-0.5882352941176471,0.5882352941176471,-0.7058823529411765,0.7058823529411765,-0.1538461538461538,0.1538461538461538
mistral_7b_instruct_v03,SciERC,ECCV_2016_110_abs,P4->P5,P4,P5,7,0.5714285714285714,1,1,0,1,0,0,0.5,0.5,0.5,0.5,0.2,0.2
mistral_7b_instruct_v03,SciERC,ECCV_2016_110_abs,P5->P6,P5,P6,7,0.0007889781679425921,1,1,1,1,1,0,0.0,0.0,0.0,0.0,0.0222222222222222,0.0222222222222222
mistral_7b_instruct_v03,SciERC,ECCV_2016_204_abs,P1->P2,P1,P2,7,0.0,1,1,0,0,0,0,0.0,0.0,0.0,0.0,0.0,0.0
mistral_7b_instruct_v03,SciERC,ECCV_2016_204_abs,P2->P3,P2,P3,7,0.0,1,1,0,0,0,0,0.0,0.0,0.0,0.0,0.0,0.0
mistral_7b_instruct_v03,SciERC,ECCV_2016_204_abs,P3->P4,P3,P4,7,0.8571428571428571,1,1,0,1,0,0,0.1702127659574468,0.1702127659574468,0.3404255319148936,0.3404255319148936,0.0,0.0
mistral_7b_instruct_v03,SciERC,ECCV_2016_204_abs,P4->P5,P4,P5,7,0.16840446846825735,1,1,1,1,1,0,0.12145390070921977,0.12145390070921977,0.07624113475177297,0.07624113475177297,0.0,0.0
mistral_7b_instruct_v03,SciERC,ECCV_2016_204_abs,P5->P6,P5,P6,7,1.0,1,1,1,0,0,1,-0.2916666666666666,0.2916666666666666,-0.4166666666666666,0.4166666666666666,0.0,0.0
mistral_7b_instruct_v03,SciERC,ECCV_2016_212_abs,P1->P2,P1,P2,7,0.0,1,1,0,0,0,0,0.0,0.0,0.0,0.0,0.0,0.0
mistral_7b_instruct_v03,SciERC,ECCV_2016_212_abs,P2->P3,P2,P3,7,0.0,1,1,0,0,0,0,0.0,0.0,0.0,0.0,0.0,0.0
mistral_7b_instruct_v03,SciERC,ECCV_2016_212_abs,P3->P4,P3,P4,7,0.0,1,1,0,0,0,0,0.0,0.0,0.0,0.0,0.0,0.0
mistral_7b_instruct_v03,SciERC,ECCV_2016_212_abs,P4->P5,P4,P5,7,0.0,1,1,0,0,0,0,0.0,0.0,0.0,0.0,0.0,0.0
mistral_7b_instruct_v03,SciERC,ECCV_2016_212_abs,P5->P6,P5,P6,7,0.0,1,1,0,0,0,0,0.0,0.0,0.0,0.0,0.0,0.0
mistral_7b_instruct_v03,SciERC,ECCV_2016_99_abs,P1->P2,P1,P2,7,0.0,1,1,0,0,0,0,0.0,0.0,0.0,0.0,0.0,0.0
mistral_7b_instruct_v03,SciERC,ECCV_2016_99_abs,P2->P3,P2,P3,7,0.0,1,1,0,0,0,0,0.0,0.0,0.0,0.0,0.0,0.0
mistral_7b_instruct_v03,SciERC,ECCV_2016_99_abs,P3->P4,P3,P4,7,0.7142857142857143,1,1,0,1,0,0,0.2352941176470588,0.2352941176470588,0.4705882352941176,0.4705882352941176,0.0,0.0
mistral_7b_instruct_v03,SciERC,ECCV_2016_99_abs,P4->P5,P4,P5,7,0.00914494480405535,1,1,1,1,1,0,0.26470588235294124,0.26470588235294124,0.14052287581699358,0.14052287581699358,0.0,0.0
mistral_7b_instruct_v03,SciERC,ECCV_2016_99_abs,P5->P6,P5,P6,7,0.004459219319479806,1,1,1,1,1,0,-0.08823529411764702,0.08823529411764702,-0.022875816993464082,0.022875816993464082,0.2222222222222222,0.2222222222222222
mistral_7b_instruct_v03,SciERC,H01-1042,P1->P2,P1,P2,7,1.0,1,1,0,1,0,0,0.2142857142857142,0.2142857142857142,0.3571428571428571,0.3571428571428571,0.0,0.0
mistral_7b_instruct_v03,SciERC,H01-1042,P2->P3,P2,P3,7,0.018723768847329274,1,1,1,1,1,0,-0.020737327188940002,0.020737327188940002,-0.03456221198156678,0.03456221198156678,0.0,0.0
mistral_7b_instruct_v03,SciERC,H01-1042,P3->P4,P3,P4,7,0.32458673204694477,1,1,1,1,1,0,-0.033548387096774296,0.033548387096774296,-0.08258064516129032,0.08258064516129032,0.0,0.0
mistral_7b_instruct_v03,SciERC,H01-1042,P4->P5,P4,P5,7,0.01697918346949986,1,1,1,1,1,0,-0.07999999999999999,0.07999999999999999,0.0,0.0,0.0,0.0
mistral_7b_instruct_v03,SciERC,H01-1042,P5->P6,P5,P6,7,0.16169789007731847,1,1,1,1,1,0,-0.003076923076923005,0.003076923076923005,-0.009230769230769292,0.009230769230769292,0.0,0.0
mistral_7b_instruct_v03,SciERC,H01-1049,P1->P2,P1,P2,7,0.7142857142857143,1,1,0,1,0,0,0.0,0.0,0.0,0.0,0.0,0.0
mistral_7b_instruct_v03,SciERC,H01-1049,P2->P3,P2,P3,7,0.7142857142857143,1,1,1,0,0,1,0.0,0.0,0.0,0.0,0.0,0.0
mistral_7b_instruct_v03,SciERC,H01-1049,P3->P4,P3,P4,7,0.8571428571428571,1,1,0,1,0,0,0.2499999999999999,0.2499999999999999,0.2499999999999999,0.2499999999999999,0.1538461538461538,0.1538461538461538
mistral_7b_instruct_v03,SciERC,H01-1049,P4->P5,P4,P5,7,0.4386688300541469,1,1,1,1,1,0,-0.08333333333333329,0.08333333333333329,-0.08333333333333329,0.08333333333333329,0.027972027972027996,0.027972027972027996
mistral_7b_instruct_v03,SciERC,H01-1049,P5->P6,P5,P6,7,0.0008871555328369141,1,1,1,1,1,0,0.0,0.0,0.0,0.0,-0.027972027972027996,0.027972027972027996
mistral_7b_instruct_v03,SciERC,H05-1095,P1->P2,P1,P2,7,0.003676320825304304,1,1,1,1,1,0,-0.05513784461152893,0.05513784461152893,-0.05513784461152893,0.05513784461152893,0.0,0.0
mistral_7b_instruct_v03,SciERC,H05-1095,P2->P3,P2,P3,7,0.007984025137765067,1,1,1,1,1,0,0.07894736842105271,0.07894736842105271,0.07894736842105271,0.07894736842105271,0.0,0.0
mistral_7b_instruct_v03,SciERC,H05-1095,P3->P4,P3,P4,7,0.003752665860312326,1,1,1,1,1,0,0.02631578947368418,0.02631578947368418,0.02631578947368418,0.02631578947368418,0.0,0.0
mistral_7b_instruct_v03,SciERC,H05-1095,P4->P5,P4,P5,7,0.006701946258544922,1,1,1,1,1,0,-0.02631578947368418,0.02631578947368418,-0.02631578947368418,0.02631578947368418,0.1666666666666666,0.1666666666666666
mistral_7b_instruct_v03,SciERC,H05-1095,P5->P6,P5,P6,7,0.006625209535871234,1,1,1,1,1,0,0.02631578947368418,0.02631578947368418,0.02631578947368418,0.02631578947368418,-0.012820512820512803,0.012820512820512803
mistral_7b_instruct_v03,SciERC,I05-4010,P1->P2,P1,P2,7,0.041198406900678365,1,1,1,1,1,0,0.1111111111111111,0.1111111111111111,0.1111111111111111,0.1111111111111111,0.0,0.0
mistral_7b_instruct_v03,SciERC,I05-4010,P2->P3,P2,P3,7,1.0,1,1,1,0,0,1,-0.1111111111111111,0.1111111111111111,-0.1111111111111111,0.1111111111111111,0.0,0.0
mistral_7b_instruct_v03,SciERC,I05-4010,P3->P4,P3,P4,7,0.7142857142857143,1,1,0,1,0,0,0.1052631578947368,0.1052631578947368,0.1052631578947368,0.1052631578947368,0.0,0.0
mistral_7b_instruct_v03,SciERC,I05-4010,P4->P5,P4,P5,7,0.17136773041316442,1,1,1,1,1,0,0.019736842105263205,0.019736842105263205,0.019736842105263205,0.019736842105263205,0.0,0.0
mistral_7b_instruct_v03,SciERC,I05-4010,P5->P6,P5,P6,7,0.15538005317960465,1,1,1,1,1,0,0.0,0.0,0.0,0.0,0.0,0.0
mistral_7b_instruct_v03,SciERC,I05-5003,P1->P2,P1,P2,7,0.7142857142857143,1,1,1,0,0,1,-0.3125,0.3125,-0.3749999999999999,0.3749999999999999,0.0,0.0
mistral_7b_instruct_v03,SciERC,I05-5003,P2->P3,P2,P3,7,0.7142857142857143,1,1,0,1,0,0,0.2580645161290322,0.2580645161290322,0.3225806451612903,0.3225806451612903,0.0,0.0
mistral_7b_instruct_v03,SciERC,I05-5003,P3->P4,P3,P4,7,0.04449494395937238,1,1,1,1,1,0,-0.015640273704789792,0.015640273704789792,0.04105571847507328,0.04105571847507328,0.0,0.0
mistral_7b_instruct_v03,SciERC,I05-5003,P4->P5,P4,P5,7,0.012032874992915563,1,1,1,1,1,0,0.08015640273704791,0.08015640273704791,-0.04105571847507328,0.04105571847507328,0.0,0.0
mistral_7b_instruct_v03,SciERC,I05-5003,P5->P6,P5,P6,7,0.021158175809042796,1,1,1,1,1,0,0.0774193548387096,0.0774193548387096,0.14408602150537636,0.14408602150537636,0.0,0.0
mistral_7b_instruct_v03,SciERC,I05-5004,P1->P2,P1,P2,7,0.0347901667867388,1,1,1,1,1,0,-0.026143790849673165,0.026143790849673165,-0.14379084967320255,0.14379084967320255,-0.018181818181818216,0.018181818181818216
mistral_7b_instruct_v03,SciERC,I05-5004,P2->P3,P2,P3,7,0.15388630969183786,1,1,1,1,1,0,0.0,0.0,0.0,0.0,0.040404040404040414,0.040404040404040414
mistral_7b_instruct_v03,SciERC,I05-5004,P3->P4,P3,P4,7,0.16247847250529698,1,1,1,1,1,0,-0.09150326797385622,0.09150326797385622,0.026143790849673165,0.026143790849673165,0.17777777777777787,0.17777777777777787
mistral_7b_instruct_v03,SciERC,I05-5004,P4->P5,P4,P5,7,0.14639678171702794,1,1,1,1,1,0,0.20261437908496738,0.20261437908496738,0.19607843137254893,0.19607843137254893,-0.4000000000000001,0.4000000000000001
mistral_7b_instruct_v03,SciERC,I05-5004,P5->P6,P5,P6,7,0.1445779630116054,1,1,1,1,1,0,0.11111111111111105,0.11111111111111105,0.13333333333333341,0.13333333333333341,0.0,0.0
mistral_7b_instruct_v03,SciERC,ICASSP_1997_706_abs,P1->P2,P1,P2,7,0.0,1,1,0,0,0,0,0.0,0.0,0.0,0.0,0.0,0.0
mistral_7b_instruct_v03,SciERC,ICASSP_1997_706_abs,P2->P3,P2,P3,7,0.0,1,1,0,0,0,0,0.0,0.0,0.0,0.0,0.0,0.0
mistral_7b_instruct_v03,SciERC,ICASSP_1997_706_abs,P3->P4,P3,P4,7,0.7142857142857143,1,1,0,1,0,0,0.3684210526315789,0.3684210526315789,0.4210526315789474,0.4210526315789474,0.0,0.0
mistral_7b_instruct_v03,SciERC,ICASSP_1997_706_abs,P4->P5,P4,P5,7,0.28751263448170256,1,1,1,1,1,0,-0.03508771929824561,0.03508771929824561,-0.032163742690058506,0.032163742690058506,0.1,0.1
mistral_7b_instruct_v03,SciERC,ICASSP_1997_706_abs,P5->P6,P5,P6,7,0.00029270989554268975,1,1,1,1,1,0,0.0,0.0,0.0,0.0,0.0,0.0
mistral_7b_instruct_v03,SciERC,ICASSP_2016_11_abs,P1->P2,P1,P2,7,1.0,1,1,1,0,0,1,-0.1428571428571428,0.1428571428571428,-0.2857142857142857,0.2857142857142857,0.0,0.0
mistral_7b_instruct_v03,SciERC,ICASSP_2016_11_abs,P2->P3,P2,P3,7,1.0,1,1,0,1,0,0,0.1481481481481481,0.1481481481481481,0.2962962962962963,0.2962962962962963,0.0,0.0
mistral_7b_instruct_v03,SciERC,ICASSP_2016_11_abs,P3->P4,P3,P4,7,0.3590805104800633,1,1,1,1,1,0,0.08262108262108259,0.08262108262108259,0.0883190883190883,0.0883190883190883,0.0952380952380952,0.0952380952380952
mistral_7b_instruct_v03,SciERC,ICASSP_2016_11_abs,P4->P5,P4,P5,7,0.15545515503202165,1,1,1,1,1,0,0.0,0.0,-0.07692307692307687,0.07692307692307687,-0.0952380952380952,0.0952380952380952
mistral_7b_instruct_v03,SciERC,ICASSP_2016_11_abs,P5->P6,P5,P6,7,0.009137732642037528,1,1,1,1,1,0,0.0,0.0,-0.07692307692307701,0.07692307692307701,0.0,0.0
mistral_7b_instruct_v03,SciERC,ICCV_2001_47_abs,P1->P2,P1,P2,7,0.00347862924848284,1,1,1,1,1,0,0.0,0.0,0.0,0.0,0.0,0.0
mistral_7b_instruct_v03,SciERC,ICCV_2001_47_abs,P2->P3,P2,P3,7,0.009417040007455009,1,1,1,1,1,0,0.10588235294117654,0.10588235294117654,0.04369747899159665,0.04369747899159665,0.0,0.0
mistral_7b_instruct_v03,SciERC,ICCV_2001_47_abs,P3->P4,P3,P4,7,0.3281306539263044,1,1,1,1,1,0,-0.04705882352941182,0.04705882352941182,-0.04369747899159665,0.04369747899159665,0.0,0.0
mistral_7b_instruct_v03,SciERC,ICCV_2001_47_abs,P4->P5,P4,P5,7,0.7142857142857143,1,1,1,0,0,1,-0.3529411764705882,0.3529411764705882,-0.4705882352941176,0.4705882352941176,0.0,0.0
mistral_7b_instruct_v03,SciERC,ICCV_2001_47_abs,P5->P6,P5,P6,7,0.5714285714285714,1,1,0,1,0,0,0.3888888888888889,0.3888888888888889,0.4444444444444444,0.4444444444444444,0.0,0.0
mistral_7b_instruct_v03,SciERC,ICCV_2003_151_abs,P1->P2,P1,P2,7,0.0,1,1,0,0,0,0,0.0,0.0,0.0,0.0,0.0,0.0
mistral_7b_instruct_v03,SciERC,ICCV_2003_151_abs,P2->P3,P2,P3,7,0.0,1,1,0,0,0,0,0.0,0.0,0.0,0.0,0.0,0.0
mistral_7b_instruct_v03,SciERC,ICCV_2003_151_abs,P3->P4,P3,P4,7,0.0,1,1,0,0,0,0,0.0,0.0,0.0,0.0,0.0,0.0
mistral_7b_instruct_v03,SciERC,ICCV_2003_151_abs,P4->P5,P4,P5,7,0.7142857142857143,1,1,0,1,0,0,0.4137931034482759,0.4137931034482759,0.4827586206896552,0.4827586206896552,0.0714285714285714,0.0714285714285714
mistral_7b_instruct_v03,SciERC,ICCV_2003_151_abs,P5->P6,P5,P6,7,0.003488736493246896,1,1,1,1,1,0,-0.027828191167574234,0.027828191167574234,-0.02661826981246218,0.02661826981246218,-0.0714285714285714,0.0714285714285714
mistral_7b_instruct_v03,SciERC,ICCV_2003_161_abs,P1->P2,P1,P2,7,0.0,1,1,0,0,0,0,0.0,0.0,0.0,0.0,0.0,0.0
mistral_7b_instruct_v03,SciERC,ICCV_2003_161_abs,P2->P3,P2,P3,7,0.0,1,1,0,0,0,0,0.0,0.0,0.0,0.0,0.0,0.0
mistral_7b_instruct_v03,SciERC,ICCV_2003_161_abs,P3->P4,P3,P4,7,0.7142857142857143,1,1,0,0,0,0,0.3125,0.3125,0.3749999999999999,0.3749999999999999,0.0,0.0
mistral_7b_instruct_v03,SciERC,ICCV_2003_161_abs,P4->P5,P4,P5,7,0.1521443554333278,1,1,0,1,0,0,0.0,0.0,0.0,0.0,0.0,0.0
mistral_7b_instruct_v03,SciERC,ICCV_2003_161_abs,P5->P6,P5,P6,7,0.14422391142163957,1,1,1,1,1,0,-0.0625,0.0625,0.0,0.0,0.0,0.0
mistral_7b_instruct_v03,SciERC,ICCV_2013_25_abs,P1->P2,P1,P2,7,0.15345361403056554,1,1,1,1,1,0,-0.04356060606060608,0.04356060606060608,-0.10227272727272729,0.10227272727272729,0.0,0.0
mistral_7b_instruct_v03,SciERC,ICCV_2013_25_abs,P2->P3,P2,P3,7,0.0011110050337655203,1,1,1,1,1,0,0.0,0.0,0.0,0.0,0.0,0.0
mistral_7b_instruct_v03,SciERC,ICCV_2013_25_abs,P3->P4,P3,P4,7,0.43210236515317646,1,1,1,1,1,0,-0.1382575757575758,0.1382575757575758,-0.2007575757575758,0.2007575757575758,0.1111111111111111,0.1111111111111111
mistral_7b_instruct_v03,SciERC,ICCV_2013_25_abs,P4->P5,P4,P5,7,0.041861142430986674,1,1,1,1,1,0,-0.12121212121212122,0.12121212121212122,-0.12121212121212122,0.12121212121212122,-0.020202020202020207,0.020202020202020207
mistral_7b_instruct_v03,SciERC,ICCV_2013_25_abs,P5->P6,P5,P6,7,0.000392411436353411,1,1,1,1,1,0,0.0,0.0,0.0,0.0,0.0,0.0
mistral_7b_instruct_v03,SciERC,ICCV_2013_47_abs,P1->P2,P1,P2,7,0.5714285714285714,1,1,1,0,0,1,-0.2,0.2,-0.35,0.35,0.0,0.0
mistral_7b_instruct_v03,SciERC,ICCV_2013_47_abs,P2->P3,P2,P3,7,0.0,1,1,0,0,0,0,0.0,0.0,0.0,0.0,0.0,0.0
mistral_7b_instruct_v03,SciERC,ICCV_2013_47_abs,P3->P4,P3,P4,7,0.7142857142857143,1,1,0,1,0,0,0.2272727272727272,0.2272727272727272,0.3636363636363636,0.3636363636363636,0.0,0.0
mistral_7b_instruct_v03,SciERC,ICCV_2013_47_abs,P4->P5,P4,P5,7,0.7142857142857143,1,1,1,0,0,1,-0.2272727272727272,0.2272727272727272,-0.3636363636363636,0.3636363636363636,0.0,0.0
mistral_7b_instruct_v03,SciERC,ICCV_2013_47_abs,P5->P6,P5,P6,7,0.0,1,1,0,0,0,0,0.0,0.0,0.0,0.0,0.0,0.0
mistral_7b_instruct_v03,SciERC,ICML_1995_38_abs,P1->P2,P1,P2,7,0.7142857142857143,1,1,1,0,0,1,-0.0833333333333333,0.0833333333333333,-0.25,0.25,0.0,0.0
mistral_7b_instruct_v03,SciERC,ICML_1995_38_abs,P2->P3,P2,P3,7,0.7142857142857143,1,1,0,1,0,0,0.0833333333333333,0.0833333333333333,0.0833333333333333,0.0833333333333333,0.0,0.0
mistral_7b_instruct_v03,SciERC,ICML_1995_38_abs,P3->P4,P3,P4,7,0.3180641531944275,1,1,1,1,1,0,0.21296296296296297,0.21296296296296297,0.21296296296296297,0.21296296296296297,0.1111111111111111,0.1111111111111111
mistral_7b_instruct_v03,SciERC,ICML_1995_38_abs,P4->P5,P4,P5,7,0.02938619681767055,1,1,1,1,1,0,-0.12962962962962968,0.12962962962962968,-0.12962962962962968,0.12962962962962968,-0.1111111111111111,0.1111111111111111
mistral_7b_instruct_v03,SciERC,ICML_1995_38_abs,P5->P6,P5,P6,7,0.005858795983450753,1,1,1,1,1,0,0.0,0.0,0.0,0.0,0.0,0.0
mistral_7b_instruct_v03,SciERC,ICML_2006_119_abs,P1->P2,P1,P2,7,0.0,1,1,0,0,0,0,0.0,0.0,0.0,0.0,0.0,0.0
mistral_7b_instruct_v03,SciERC,ICML_2006_119_abs,P2->P3,P2,P3,7,0.0,1,1,0,0,0,0,0.0,0.0,0.0,0.0,0.0,0.0
mistral_7b_instruct_v03,SciERC,ICML_2006_119_abs,P3->P4,P3,P4,7,0.8571428571428571,1,1,0,1,0,0,0.3703703703703704,0.3703703703703704,0.3703703703703704,0.3703703703703704,0.0,0.0
mistral_7b_instruct_v03,SciERC,ICML_2006_119_abs,P4->P5,P4,P5,7,0.01122058289391654,1,1,1,1,1,0,-0.07407407407407413,0.07407407407407413,0.0,0.0,0.0,0.0
mistral_7b_instruct_v03,SciERC,ICML_2006_119_abs,P5->P6,P5,P6,7,0.017175248691013882,1,1,1,1,1,0,-0.14245014245014248,0.14245014245014248,-0.1396011396011397,0.1396011396011397,0.0,0.0
mistral_7b_instruct_v03,SciERC,ICML_2016_10_abs,P1->P2,P1,P2,7,0.0,1,1,0,0,0,0,0.0,0.0,0.0,0.0,0.0,0.0
mistral_7b_instruct_v03,SciERC,ICML_2016_10_abs,P2->P3,P2,P3,7,0.0,1,1,0,0,0,0,0.0,0.0,0.0,0.0,0.0,0.0
mistral_7b_instruct_v03,SciERC,ICML_2016_10_abs,P3->P4,P3,P4,7,0.8571428571428571,1,1,0,1,0,0,0.3870967741935484,0.3870967741935484,0.4516129032258064,0.4516129032258064,0.1052631578947368,0.1052631578947368
mistral_7b_instruct_v03,SciERC,ICML_2016_10_abs,P4->P5,P4,P5,7,0.0063340749059404644,1,1,1,1,1,0,-0.09297912713472489,0.09297912713472489,0.0189753320683112,0.0189753320683112,-0.005263157894736789,0.005263157894736789
mistral_7b_instruct_v03,SciERC,ICML_2016_10_abs,P5->P6,P5,P6,7,0.0032754455293927875,1,1,1,1,1,0,-0.03605313092979118,0.03605313092979118,-0.08349146110056921,0.08349146110056921,0.0111111111111111,0.0111111111111111
mistral_7b_instruct_v03,SciERC,ICML_2016_11_abs,P1->P2,P1,P2,7,0.29943595613752094,1,1,1,1,1,0,-0.07593307593307602,0.07593307593307602,-0.07593307593307602,0.07593307593307602,0.0,0.0
mistral_7b_instruct_v03,SciERC,ICML_2016_11_abs,P2->P3,P2,P3,7,0.14602230276380265,1,1,1,1,1,0,-0.004267425320056889,0.004267425320056889,-0.004267425320056889,0.004267425320056889,0.1428571428571428,0.1428571428571428
mistral_7b_instruct_v03,SciERC,ICML_2016_11_abs,P3->P4,P3,P4,7,0.1660242932183402,1,1,1,1,1,0,0.1421052631578948,0.1421052631578948,0.19210526315789478,0.19210526315789478,-0.06285714285714289,0.06285714285714289
mistral_7b_instruct_v03,SciERC,ICML_2016_11_abs,P4->P5,P4,P5,7,0.17473512036459787,1,1,1,1,1,0,-0.19743589743589748,0.19743589743589748,-0.14487179487179488,0.14487179487179488,-0.0799999999999999,0.0799999999999999
mistral_7b_instruct_v03,SciERC,ICML_2016_11_abs,P5->P6,P5,P6,7,0.3077098897525242,1,1,1,1,1,0,-0.05128205128205131,0.05128205128205131,0.0,0.0,0.0909090909090909,0.0909090909090909
mistral_7b_instruct_v03,SciERC,ICML_2016_18_abs,P1->P2,P1,P2,7,0.0,1,1,0,0,0,0,0.0,0.0,0.0,0.0,0.0,0.0
mistral_7b_instruct_v03,SciERC,ICML_2016_18_abs,P2->P3,P2,P3,7,0.0,1,1,0,0,0,0,0.0,0.0,0.0,0.0,0.0,0.0
mistral_7b_instruct_v03,SciERC,ICML_2016_18_abs,P3->P4,P3,P4,7,0.7142857142857143,1,1,0,1,0,0,0.2051282051282051,0.2051282051282051,0.3076923076923077,0.3076923076923077,0.0,0.0
mistral_7b_instruct_v03,SciERC,ICML_2016_18_abs,P4->P5,P4,P5,7,0.2919866783278329,1,1,1,1,1,0,0.0,0.0,0.0,0.0,0.0,0.0
mistral_7b_instruct_v03,SciERC,ICML_2016_18_abs,P5->P6,P5,P6,7,0.14550615208489553,1,1,1,1,1,0,0.011088011088011107,0.011088011088011107,0.016632016632016577,0.016632016632016577,0.0,0.0
mistral_7b_instruct_v03,SciERC,INTERSPEECH_2006_21_abs,P1->P2,P1,P2,7,0.8571428571428571,1,1,1,0,0,1,-0.2608695652173913,0.2608695652173913,-0.2608695652173913,0.2608695652173913,0.0,0.0
mistral_7b_instruct_v03,SciERC,INTERSPEECH_2006_21_abs,P2->P3,P2,P3,7,0.0,1,1,0,0,0,0,0.0,0.0,0.0,0.0,0.0,0.0
mistral_7b_instruct_v03,SciERC,INTERSPEECH_2006_21_abs,P3->P4,P3,P4,7,0.0,1,1,0,0,0,0,0.0,0.0,0.0,0.0,0.0,0.0
mistral_7b_instruct_v03,SciERC,INTERSPEECH_2006_21_abs,P4->P5,P4,P5,7,0.0,1,1,0,0,0,0,0.0,0.0,0.0,0.0,0.0,0.0
mistral_7b_instruct_v03,SciERC,INTERSPEECH_2006_21_abs,P5->P6,P5,P6,7,0.7142857142857143,1,1,0,1,0,0,0.24,0.24,0.24,0.24,0.0,0.0
mistral_7b_instruct_v03,SciERC,INTERSPEECH_2007_40_abs,P1->P2,P1,P2,7,0.15848710707255773,1,1,1,1,1,0,0.022727272727272818,0.022727272727272818,0.1136363636363637,0.1136363636363637,0.0,0.0
mistral_7b_instruct_v03,SciERC,INTERSPEECH_2007_40_abs,P2->P3,P2,P3,7,0.8571428571428571,1,1,1,0,0,1,-0.2727272727272727,0.2727272727272727,-0.3636363636363636,0.3636363636363636,0.0,0.0
mistral_7b_instruct_v03,SciERC,INTERSPEECH_2007_40_abs,P3->P4,P3,P4,7,0.7142857142857143,1,1,0,1,0,0,0.380952380952381,0.380952380952381,0.380952380952381,0.380952380952381,0.0,0.0
mistral_7b_instruct_v03,SciERC,INTERSPEECH_2007_40_abs,P4->P5,P4,P5,7,0.1534308876310076,1,1,1,1,1,0,-0.0952380952380954,0.0952380952380954,-0.0952380952380954,0.0952380952380954,0.0,0.0
mistral_7b_instruct_v03,SciERC,INTERSPEECH_2007_40_abs,P5->P6,P5,P6,7,0.1443835667201451,1,1,1,1,1,0,0.014285714285714401,0.014285714285714401,0.014285714285714401,0.014285714285714401,0.0,0.0
mistral_7b_instruct_v03,SciERC,INTERSPEECH_2008_20_abs,P1->P2,P1,P2,7,0.005576321056910923,1,1,1,1,1,0,0.125,0.125,0.125,0.125,0.0,0.0
mistral_7b_instruct_v03,SciERC,INTERSPEECH_2008_20_abs,P2->P3,P2,P3,7,0.5714285714285714,1,1,1,0,0,1,-0.25,0.25,-0.25,0.25,0.0,0.0
mistral_7b_instruct_v03,SciERC,INTERSPEECH_2008_20_abs,P3->P4,P3,P4,7,0.5714285714285714,1,1,0,1,0,0,0.2666666666666666,0.2666666666666666,0.2666666666666666,0.2666666666666666,0.0,0.0
mistral_7b_instruct_v03,SciERC,INTERSPEECH_2008_20_abs,P4->P5,P4,P5,7,0.15303245612553187,1,1,1,1,1,0,-0.016666666666666607,0.016666666666666607,-0.016666666666666607,0.016666666666666607,0.0,0.0
mistral_7b_instruct_v03,SciERC,INTERSPEECH_2008_20_abs,P5->P6,P5,P6,7,0.43067451885768343,1,1,1,1,1,0,0.016666666666666607,0.016666666666666607,0.016666666666666607,0.016666666666666607,0.0,0.0
mistral_7b_instruct_v03,SciERC,INTERSPEECH_2008_28_abs,P1->P2,P1,P2,7,0.0,1,1,0,0,0,0,0.0,0.0,0.0,0.0,0.0,0.0
mistral_7b_instruct_v03,SciERC,INTERSPEECH_2008_28_abs,P2->P3,P2,P3,7,0.0,1,1,0,0,0,0,0.0,0.0,0.0,0.0,0.0,0.0
mistral_7b_instruct_v03,SciERC,INTERSPEECH_2008_28_abs,P3->P4,P3,P4,7,0.0,1,1,0,0,0,0,0.0,0.0,0.0,0.0,0.0,0.0
mistral_7b_instruct_v03,SciERC,INTERSPEECH_2008_28_abs,P4->P5,P4,P5,7,0.8571428571428571,1,1,0,1,0,0,0.2380952380952381,0.2380952380952381,0.4761904761904762,0.4761904761904762,0.074074074074074,0.074074074074074
mistral_7b_instruct_v03,SciERC,INTERSPEECH_2008_28_abs,P5->P6,P5,P6,7,0.8571428571428571,1,1,1,0,0,1,-0.2380952380952381,0.2380952380952381,-0.4761904761904762,0.4761904761904762,-0.074074074074074,0.074074074074074
mistral_7b_instruct_v03,SciERC,INTERSPEECH_2013_21_abs,P1->P2,P1,P2,7,0.002716686044420515,1,1,1,1,1,0,-0.06206896551724142,0.06206896551724142,-0.05747126436781602,0.05747126436781602,0.0,0.0
mistral_7b_instruct_v03,SciERC,INTERSPEECH_2013_21_abs,P2->P3,P2,P3,7,0.1497973714556013,1,1,1,1,1,0,-0.06385696040868459,0.06385696040868459,-0.20178799489144328,0.20178799489144328,0.0,0.0
mistral_7b_instruct_v03,SciERC,INTERSPEECH_2013_21_abs,P3->P4,P3,P4,7,0.44069572005953106,1,1,1,1,1,0,0.3130227001194743,0.3130227001194743,0.37753882915173237,0.37753882915173237,0.0,0.0
mistral_7b_instruct_v03,SciERC,INTERSPEECH_2013_21_abs,P4->P5,P4,P5,7,0.14414116314479283,1,1,1,1,1,0,-0.012096774193548432,0.012096774193548432,-0.014112903225806384,0.014112903225806384,0.0,0.0
mistral_7b_instruct_v03,SciERC,INTERSPEECH_2013_21_abs,P5->P6,P5,P6,7,0.1467978698866708,1,1,1,1,1,0,0.012096774193548432,0.012096774193548432,0.0786290322580645,0.0786290322580645,0.0,0.0
mistral_7b_instruct_v03,SciERC,INTERSPEECH_2014_40_abs,P1->P2,P1,P2,7,0.5937097838946751,1,1,1,1,1,0,-0.1428571428571428,0.1428571428571428,0.0,0.0,0.0,0.0
mistral_7b_instruct_v03,SciERC,INTERSPEECH_2014_40_abs,P2->P3,P2,P3,7,0.29263063839503695,1,1,1,1,1,0,0.0,0.0,-0.0761904761904762,0.0761904761904762,0.0,0.0
mistral_7b_instruct_v03,SciERC,INTERSPEECH_2014_40_abs,P3->P4,P3,P4,7,0.5811144879886082,1,1,1,1,1,0,0.2068965517241379,0.2068965517241379,0.27816091954023,0.27816091954023,0.1052631578947368,0.1052631578947368
mistral_7b_instruct_v03,SciERC,INTERSPEECH_2014_40_abs,P4->P5,P4,P5,7,0.008374903883252825,1,1,1,1,1,0,0.00738916256157629,0.00738916256157629,0.01231527093596052,0.01231527093596052,-0.1052631578947368,0.1052631578947368
mistral_7b_instruct_v03,SciERC,INTERSPEECH_2014_40_abs,P5->P6,P5,P6,7,0.0057482293673924035,1,1,1,1,1,0,0.0,0.0,0.0,0.0,0.0,0.0
mistral_7b_instruct_v03,SciERC,J05-4003,P1->P2,P1,P2,7,0.17334691967282975,1,1,1,1,1,0,-0.074074074074074,0.074074074074074,-0.074074074074074,0.074074074074074,0.1176470588235294,0.1176470588235294
mistral_7b_instruct_v03,SciERC,J05-4003,P2->P3,P2,P3,7,0.0008270740509033203,1,1,1,1,1,0,0.0,0.0,0.0,0.0,0.007352941176470604,0.007352941176470604
mistral_7b_instruct_v03,SciERC,J05-4003,P3->P4,P3,P4,7,0.3145954268319266,1,1,1,1,1,0,0.2222222222222222,0.2222222222222222,0.3703703703703704,0.3703703703703704,-0.125,0.125
mistral_7b_instruct_v03,SciERC,J05-4003,P4->P5,P4,P5,7,0.019191179956708635,1,1,1,1,1,0,-0.06222222222222221,0.06222222222222221,-0.0503703703703704,0.0503703703703704,0.0,0.0
mistral_7b_instruct_v03,SciERC,J05-4003,P5->P6,P5,P6,7,0.007534112249101911,1,1,1,1,1,0,-0.006153846153846204,0.006153846153846204,-0.012307692307692408,0.012307692307692408,0.0,0.0
mistral_7b_instruct_v03,SciERC,J82-3002,P1->P2,P1,P2,7,0.026909155505044118,1,1,1,1,1,0,-0.06613756613756608,0.06613756613756608,-0.06613756613756608,0.06613756613756608,0.0,0.0
mistral_7b_instruct_v03,SciERC,J82-3002,P2->P3,P2,P3,7,0.14463868311473302,1,1,1,1,1,0,0.005698005698005687,0.005698005698005687,0.005698005698005687,0.005698005698005687,0.0,0.0
mistral_7b_instruct_v03,SciERC,J82-3002,P3->P4,P3,P4,7,0.4372410348483494,1,1,1,1,1,0,0.1538461538461538,0.1538461538461538,0.1538461538461538,0.1538461538461538,0.0,0.0
mistral_7b_instruct_v03,SciERC,J82-3002,P4->P5,P4,P5,7,0.335542048726763,1,1,1,1,1,0,-0.3076923076923076,0.3076923076923076,-0.3076923076923076,0.3076923076923076,0.0,0.0
mistral_7b_instruct_v03,SciERC,J82-3002,P5->P6,P5,P6,7,0.08120813540049962,1,1,1,1,1,0,0.0,0.0,0.0,0.0,0.0,0.0
mistral_7b_instruct_v03,SciERC,J86-3001,P1->P2,P1,P2,7,0.42857142857142855,1,1,0,1,0,0,0.3333333333333333,0.3333333333333333,0.375,0.375,0.0,0.0
mistral_7b_instruct_v03,SciERC,J86-3001,P2->P3,P2,P3,7,0.42857142857142855,1,1,1,0,0,1,-0.3333333333333333,0.3333333333333333,-0.375,0.375,0.0,0.0
mistral_7b_instruct_v03,SciERC,J86-3001,P3->P4,P3,P4,7,0.42857142857142855,1,1,0,0,0,0,0.2978723404255319,0.2978723404255319,0.2978723404255319,0.2978723404255319,0.0,0.0
mistral_7b_instruct_v03,SciERC,J86-3001,P4->P5,P4,P5,7,0.42857142857142855,1,1,0,0,0,0,-0.2978723404255319,0.2978723404255319,-0.2978723404255319,0.2978723404255319,0.0,0.0
mistral_7b_instruct_v03,SciERC,J86-3001,P5->P6,P5,P6,7,0.0,1,1,0,0,0,0,0.0,0.0,0.0,0.0,0.0,0.0
mistral_7b_instruct_v03,SciERC,J86-4002,P1->P2,P1,P2,7,0.5714285714285714,1,1,0,1,0,0,0.0,0.0,0.0,0.0,0.0,0.0
mistral_7b_instruct_v03,SciERC,J86-4002,P2->P3,P2,P3,7,0.5714285714285714,1,1,1,0,0,1,0.0,0.0,0.0,0.0,0.0,0.0
mistral_7b_instruct_v03,SciERC,J86-4002,P3->P4,P3,P4,7,0.5714285714285714,1,1,0,1,0,0,0.2142857142857142,0.2142857142857142,0.2857142857142857,0.2857142857142857,0.0,0.0
mistral_7b_instruct_v03,SciERC,J86-4002,P4->P5,P4,P5,7,0.14794619594301497,1,1,1,1,1,0,-0.08095238095238089,0.08095238095238089,-0.08571428571428569,0.08571428571428569,0.0,0.0
mistral_7b_instruct_v03,SciERC,J86-4002,P5->P6,P5,P6,7,0.1437402537890843,1,1,1,1,1,0,0.0,0.0,0.0,0.0,0.0,0.0
mistral_7b_instruct_v03,SciERC,N03-1026,P1->P2,P1,P2,7,0.7142857142857143,1,1,1,0,0,1,-0.3749999999999999,0.3749999999999999,-0.4374999999999999,0.4374999999999999,0.0,0.0
mistral_7b_instruct_v03,SciERC,N03-1026,P2->P3,P2,P3,7,0.0,1,1,0,0,0,0,0.0,0.0,0.0,0.0,0.0,0.0
mistral_7b_instruct_v03,SciERC,N03-1026,P3->P4,P3,P4,7,0.7142857142857143,1,1,0,1,0,0,0.1212121212121212,0.1212121212121212,0.2424242424242424,0.2424242424242424,0.0,0.0
mistral_7b_instruct_v03,SciERC,N03-1026,P4->P5,P4,P5,7,0.15817904472351074,1,1,1,1,1,0,0.36154649947753387,0.36154649947753387,0.30929989550679204,0.30929989550679204,0.08,0.08
mistral_7b_instruct_v03,SciERC,N03-1026,P5->P6,P5,P6,7,0.0,1,1,1,1,1,0,0.0,0.0,0.0,0.0,0.0,0.0
mistral_7b_instruct_v03,SciERC,N03-1033,P1->P2,P1,P2,7,0.0025024328913007465,1,1,1,1,1,0,0.0,0.0,0.0,0.0,-0.1176470588235294,0.1176470588235294
mistral_7b_instruct_v03,SciERC,N03-1033,P2->P3,P2,P3,7,0.0037825022424970356,1,1,1,1,1,0,0.0,0.0,0.0,0.0,0.0,0.0
mistral_7b_instruct_v03,SciERC,N03-1033,P3->P4,P3,P4,7,0.3084203004837036,1,1,1,1,1,0,0.040404040404040414,0.040404040404040414,0.1717171717171717,0.1717171717171717,0.0,0.0
mistral_7b_instruct_v03,SciERC,N03-1033,P4->P5,P4,P5,7,0.03709311144692557,1,1,1,1,1,0,0.07777777777777778,0.07777777777777778,-0.0444444444444444,0.0444444444444444,0.0,0.0
mistral_7b_instruct_v03,SciERC,N03-1033,P5->P6,P5,P6,7,0.02165961265563965,1,1,1,1,1,0,0.14444444444444443,0.14444444444444443,0.0444444444444444,0.0444444444444444,0.0,0.0
mistral_7b_instruct_v03,SciERC,N04-1022,P1->P2,P1,P2,7,0.008933850697108678,1,1,1,1,1,0,-0.09090909090909091,0.09090909090909091,-0.09090909090909088,0.09090909090909088,0.0,0.0
mistral_7b_instruct_v03,SciERC,N04-1022,P2->P3,P2,P3,7,0.02132765735898699,1,1,1,1,1,0,0.20279720279720279,0.20279720279720279,0.1888111888111888,0.1888111888111888,0.0,0.0
mistral_7b_instruct_v03,SciERC,N04-1022,P3->P4,P3,P4,7,0.5714285714285714,1,1,1,0,0,1,-0.3846153846153846,0.3846153846153846,-0.4615384615384615,0.4615384615384615,0.0,0.0
mistral_7b_instruct_v03,SciERC,N04-1022,P4->P5,P4,P5,7,0.7142857142857143,1,1,0,1,0,0,0.3076923076923076,0.3076923076923076,0.3846153846153846,0.3846153846153846,0.0,0.0
mistral_7b_instruct_v03,SciERC,N04-1022,P5->P6,P5,P6,7,0.012073040008544922,1,1,1,1,1,0,0.012307692307692408,0.012307692307692408,0.015384615384615441,0.015384615384615441,0.0,0.0
mistral_7b_instruct_v03,SciERC,N06-1037,P1->P2,P1,P2,7,0.3558506114142282,1,1,1,1,1,0,-0.18095238095238098,0.18095238095238098,-0.080952380952381,0.080952380952381,0.0,0.0
mistral_7b_instruct_v03,SciERC,N06-1037,P2->P3,P2,P3,7,0.0016612921442304338,1,1,1,1,1,0,0.0,0.0,0.0,0.0,0.0,0.0
mistral_7b_instruct_v03,SciERC,N06-1037,P3->P4,P3,P4,7,0.3050117407526289,1,1,1,1,1,0,0.2,0.2,0.10000000000000003,0.10000000000000003,0.3076923076923077,0.3076923076923077
mistral_7b_instruct_v03,SciERC,N06-1037,P4->P5,P4,P5,7,0.005053767136165074,1,1,1,1,1,0,0.0,0.0,0.0,0.0,-0.3076923076923077,0.3076923076923077
mistral_7b_instruct_v03,SciERC,N06-1037,P5->P6,P5,P6,7,0.0021358472960335867,1,1,1,1,1,0,0.0,0.0,0.0,0.0,0.0,0.0
mistral_7b_instruct_v03,SciERC,NIPS_2001_11_abs,P1->P2,P1,P2,7,0.8571428571428571,1,1,0,1,0,0,0.4827586206896552,0.4827586206896552,0.4827586206896552,0.4827586206896552,0.0,0.0
mistral_7b_instruct_v03,SciERC,NIPS_2001_11_abs,P2->P3,P2,P3,7,0.15927461215427943,1,1,1,1,1,0,-0.058516196447230995,0.058516196447230995,-0.058516196447230995,0.058516196447230995,0.0,0.0
mistral_7b_instruct_v03,SciERC,NIPS_2001_11_abs,P3->P4,P3,P4,7,0.4463058454649789,1,1,1,1,1,0,0.12121212121212133,0.12121212121212133,0.12121212121212133,0.12121212121212133,0.125,0.125
mistral_7b_instruct_v03,SciERC,NIPS_2001_11_abs,P4->P5,P4,P5,7,0.04391312599182129,1,1,1,1,1,0,-0.14545454545454561,0.14545454545454561,-0.08831168831168845,0.08831168831168845,-0.013888888888888895,0.013888888888888895
mistral_7b_instruct_v03,SciERC,NIPS_2001_11_abs,P5->P6,P5,P6,7,0.1698607291494097,1,1,1,1,1,0,-0.10370370370370363,0.10370370370370363,-0.08677248677248678,0.08677248677248678,0.0,0.0
mistral_7b_instruct_v03,SciERC,NIPS_2002_11_abs,P1->P2,P1,P2,7,0.7142857142857143,1,1,1,0,0,1,-0.32,0.32,-0.4,0.4,0.0,0.0
mistral_7b_instruct_v03,SciERC,NIPS_2002_11_abs,P2->P3,P2,P3,7,0.0,1,1,0,0,0,0,0.0,0.0,0.0,0.0,0.0,0.0
mistral_7b_instruct_v03,SciERC,NIPS_2002_11_abs,P3->P4,P3,P4,7,0.5714285714285714,1,1,0,1,0,0,0.3478260869565217,0.3478260869565217,0.3478260869565217,0.3478260869565217,0.0,0.0
mistral_7b_instruct_v03,SciERC,NIPS_2002_11_abs,P4->P5,P4,P5,7,0.14600449800491333,1,1,1,1,1,0,-0.027826086956521667,0.027826086956521667,-0.027826086956521667,0.027826086956521667,0.0,0.0
mistral_7b_instruct_v03,SciERC,NIPS_2002_11_abs,P5->P6,P5,P6,7,0.0002951451710292271,1,1,1,1,1,0,0.0,0.0,0.0,0.0,0.0,0.0
mistral_7b_instruct_v03,SciERC,NIPS_2002_18_abs,P1->P2,P1,P2,7,0.14470329454966954,1,1,1,1,1,0,0.03571428571428581,0.03571428571428581,0.03571428571428581,0.03571428571428581,0.0,0.0
mistral_7b_instruct_v03,SciERC,NIPS_2002_18_abs,P2->P3,P2,P3,7,0.7142857142857143,1,1,1,0,0,1,-0.2857142857142857,0.2857142857142857,-0.2857142857142857,0.2857142857142857,0.0,0.0
mistral_7b_instruct_v03,SciERC,NIPS_2002_18_abs,P3->P4,P3,P4,7,0.7142857142857143,1,1,0,1,0,0,0.2727272727272727,0.2727272727272727,0.2727272727272727,0.2727272727272727,0.0,0.0
mistral_7b_instruct_v03,SciERC,NIPS_2002_18_abs,P4->P5,P4,P5,7,0.1549828052520752,1,1,1,1,1,0,-0.1857707509881423,0.1857707509881423,-0.01185770750988141,0.01185770750988141,0.0,0.0
mistral_7b_instruct_v03,SciERC,NIPS_2002_18_abs,P5->P6,P5,P6,7,0.14557666437966482,1,1,1,1,1,0,0.0,0.0,0.0,0.0,0.0,0.0
mistral_7b_instruct_v03,SciERC,NIPS_2015_18_abs,P1->P2,P1,P2,7,0.0,1,1,0,0,0,0,0.0,0.0,0.0,0.0,0.0,0.0
mistral_7b_instruct_v03,SciERC,NIPS_2015_18_abs,P2->P3,P2,P3,7,0.0,1,1,0,0,0,0,0.0,0.0,0.0,0.0,0.0,0.0
mistral_7b_instruct_v03,SciERC,NIPS_2015_18_abs,P3->P4,P3,P4,7,0.5714285714285714,1,1,0,1,0,0,0.3076923076923076,0.3076923076923076,0.3076923076923076,0.3076923076923076,0.0,0.0
mistral_7b_instruct_v03,SciERC,NIPS_2015_18_abs,P4->P5,P4,P5,7,0.362134005342211,1,1,1,1,1,0,-0.3076923076923076,0.3076923076923076,-0.3076923076923076,0.3076923076923076,0.0,0.0
mistral_7b_instruct_v03,SciERC,NIPS_2015_18_abs,P5->P6,P5,P6,7,0.16121949468340194,1,1,1,1,1,0,0.0,0.0,0.0,0.0,0.0,0.0
mistral_7b_instruct_v03,SciERC,NIPS_2016_560_abs,P1->P2,P1,P2,7,0.0,1,1,0,0,0,0,0.0,0.0,0.0,0.0,0.0,0.0
mistral_7b_instruct_v03,SciERC,NIPS_2016_560_abs,P2->P3,P2,P3,7,1.0,1,1,0,1,0,0,0.16,0.16,0.16,0.16,0.0,0.0
mistral_7b_instruct_v03,SciERC,NIPS_2016_560_abs,P3->P4,P3,P4,7,0.20670863560267858,1,1,1,1,1,0,-0.16,0.16,-0.16,0.16,0.0,0.0
mistral_7b_instruct_v03,SciERC,NIPS_2016_560_abs,P4->P5,P4,P5,7,0.22616778952734812,1,1,1,1,1,0,0.0,0.0,0.0,0.0,0.0,0.0
mistral_7b_instruct_v03,SciERC,NIPS_2016_560_abs,P5->P6,P5,P6,7,0.22384326798575266,1,1,1,1,1,0,0.0,0.0,0.0,0.0,0.0,0.0
mistral_7b_instruct_v03,SciERC,NIPS_2016_80_abs,P1->P2,P1,P2,7,0.0014774373599461146,1,1,1,1,1,0,0.0,0.0,0.0,0.0,0.0,0.0
mistral_7b_instruct_v03,SciERC,NIPS_2016_80_abs,P2->P3,P2,P3,7,0.1657147237232753,1,1,1,1,1,0,-0.1818181818181818,0.1818181818181818,-0.1818181818181818,0.1818181818181818,0.0,0.0
mistral_7b_instruct_v03,SciERC,NIPS_2016_80_abs,P3->P4,P3,P4,7,0.7142857142857143,1,1,1,0,0,1,0.0,0.0,0.0,0.0,0.0,0.0
mistral_7b_instruct_v03,SciERC,NIPS_2016_80_abs,P4->P5,P4,P5,7,0.5714285714285714,1,1,0,1,0,0,0.1818181818181818,0.1818181818181818,0.2727272727272727,0.2727272727272727,0.0,0.0
mistral_7b_instruct_v03,SciERC,NIPS_2016_80_abs,P5->P6,P5,P6,7,0.5714285714285714,1,1,1,0,0,1,-0.1818181818181818,0.1818181818181818,-0.2727272727272727,0.2727272727272727,0.0,0.0
mistral_7b_instruct_v03,SciERC,P01-1056,P1->P2,P1,P2,7,0.14550657783235824,1,1,1,1,1,0,0.0,0.0,0.0,0.0,0.0248447204968944,0.0248447204968944
mistral_7b_instruct_v03,SciERC,P01-1056,P2->P3,P2,P3,7,0.42857142857142855,1,1,1,0,0,1,-0.2857142857142857,0.2857142857142857,-0.5,0.5,-0.2857142857142857,0.2857142857142857
mistral_7b_instruct_v03,SciERC,P01-1056,P3->P4,P3,P4,7,0.5714285714285714,1,1,0,1,0,0,0.4444444444444445,0.4444444444444445,0.4444444444444445,0.4444444444444445,0.1111111111111111,0.1111111111111111
mistral_7b_instruct_v03,SciERC,P01-1056,P4->P5,P4,P5,7,0.43457289252962383,1,1,1,1,1,0,-0.23015873015873028,0.23015873015873028,-0.15873015873015878,0.15873015873015878,-0.020202020202020207,0.020202020202020207
mistral_7b_instruct_v03,SciERC,P01-1056,P5->P6,P5,P6,7,0.14980220794677734,1,1,1,1,1,0,0.1703296703296704,0.1703296703296704,0.09890109890109888,0.09890109890109888,0.0267379679144385,0.0267379679144385
mistral_7b_instruct_v03,SciERC,P03-1070,P1->P2,P1,P2,7,0.1525951283318656,1,1,1,1,1,0,-0.04444444444444451,0.04444444444444451,-0.11259259259259247,0.11259259259259247,0.0,0.0
mistral_7b_instruct_v03,SciERC,P03-1070,P2->P3,P2,P3,7,0.001971721649169922,1,1,1,1,1,0,0.0,0.0,0.0,0.0,0.0,0.0
mistral_7b_instruct_v03,SciERC,P03-1070,P3->P4,P3,P4,7,0.145601715360369,1,1,1,1,1,0,0.2923076923076924,0.2923076923076924,0.2892307692307692,0.2892307692307692,0.0,0.0
mistral_7b_instruct_v03,SciERC,P03-1070,P4->P5,P4,P5,7,0.1513015968458993,1,1,1,1,1,0,-0.15384615384615385,0.15384615384615385,-0.07692307692307698,0.07692307692307698,0.0,0.0
mistral_7b_instruct_v03,SciERC,P03-1070,P5->P6,P5,P6,7,0.015022967542920793,1,1,1,1,1,0,-0.13846153846153852,0.13846153846153852,-0.13230769230769224,0.13230769230769224,0.0,0.0
mistral_7b_instruct_v03,SciERC,P04-2005,P1->P2,P1,P2,7,0.014687878744942802,1,1,1,1,1,0,-0.043887147335423204,0.043887147335423204,0.03343782654127489,0.03343782654127489,-0.1,0.1
mistral_7b_instruct_v03,SciERC,P04-2005,P2->P3,P2,P3,7,0.29519422565187725,1,1,1,1,1,0,0.1650992685475444,0.1650992685475444,0.08777429467084641,0.08777429467084641,0.1111111111111111,0.1111111111111111
mistral_7b_instruct_v03,SciERC,P04-2005,P3->P4,P3,P4,7,0.179385883467538,1,1,1,1,1,0,0.04179728317659359,0.04179728317659359,-0.018808777429467127,0.018808777429467127,0.0,0.0
mistral_7b_instruct_v03,SciERC,P04-2005,P4->P5,P4,P5,7,0.038297525474003384,1,1,1,1,1,0,-0.02224694104560626,0.02224694104560626,0.042269187986651746,0.042269187986651746,-0.00584795321637431,0.00584795321637431
mistral_7b_instruct_v03,SciERC,P04-2005,P5->P6,P5,P6,7,0.04378888436726162,1,1,1,1,1,0,0.10599078341013818,0.10599078341013818,0.04147465437788017,0.04147465437788017,0.00584795321637431,0.00584795321637431
mistral_7b_instruct_v03,SciERC,P05-1039,P1->P2,P1,P2,7,0.0038790362221854074,1,1,1,1,1,0,0.0,0.0,0.0,0.0,0.1818181818181818,0.1818181818181818
mistral_7b_instruct_v03,SciERC,P05-1039,P2->P3,P2,P3,7,4.257474626813616e-08,1,1,1,1,1,0,0.0,0.0,0.0,0.0,0.0,0.0
mistral_7b_instruct_v03,SciERC,P05-1039,P3->P4,P3,P4,7,0.4653316395623343,1,1,1,1,1,0,0.0,0.0,0.10526315789473678,0.10526315789473678,-0.038961038961039,0.038961038961039
mistral_7b_instruct_v03,SciERC,P05-1039,P4->P5,P4,P5,7,0.14483988285064697,1,1,1,1,1,0,0.02339181286549702,0.02339181286549702,0.0292397660818714,0.0292397660818714,-0.1428571428571428,0.1428571428571428
mistral_7b_instruct_v03,SciERC,P05-1039,P5->P6,P5,P6,7,3.4059797014508927e-08,1,1,1,1,1,0,0.0,0.0,0.0,0.0,0.0,0.0
mistral_7b_instruct_v03,SciERC,P05-1046,P1->P2,P1,P2,7,1.0,1,1,1,0,0,1,-0.3448275862068966,0.3448275862068966,-0.3448275862068966,0.3448275862068966,-0.1,0.1
mistral_7b_instruct_v03,SciERC,P05-1046,P2->P3,P2,P3,7,0.42857142857142855,1,1,0,1,0,0,0.0,0.0,0.0,0.0,0.0,0.0
mistral_7b_instruct_v03,SciERC,P05-1046,P3->P4,P3,P4,7,0.7148709382329669,1,1,1,0,0,1,0.7142857142857143,0.7142857142857143,0.7142857142857143,0.7142857142857143,0.0,0.0
mistral_7b_instruct_v03,SciERC,P05-1046,P4->P5,P4,P5,7,0.46813023941857473,1,1,0,1,0,0,-0.7142857142857143,0.7142857142857143,-0.7142857142857143,0.7142857142857143,0.0,0.0
mistral_7b_instruct_v03,SciERC,P05-1046,P5->P6,P5,P6,7,0.20230220896857126,1,1,1,1,1,0,0.6206896551724137,0.6206896551724137,0.6896551724137931,0.6896551724137931,0.0,0.0
mistral_7b_instruct_v03,SciERC,P05-1056,P1->P2,P1,P2,7,0.0015025905200413295,1,1,1,1,1,0,0.0,0.0,0.0,0.0,0.0,0.0
mistral_7b_instruct_v03,SciERC,P05-1056,P2->P3,P2,P3,7,0.8571428571428571,1,1,1,0,0,1,-0.2051282051282051,0.2051282051282051,-0.2564102564102564,0.2564102564102564,0.0,0.0
mistral_7b_instruct_v03,SciERC,P05-1056,P3->P4,P3,P4,7,0.7142857142857143,1,1,0,1,0,0,0.1935483870967741,0.1935483870967741,0.2580645161290322,0.2580645161290322,0.0,0.0
mistral_7b_instruct_v03,SciERC,P05-1056,P4->P5,P4,P5,7,0.21222318070275442,1,1,1,1,1,0,-0.1935483870967741,0.1935483870967741,-0.2580645161290322,0.2580645161290322,0.0,0.0
mistral_7b_instruct_v03,SciERC,P05-1056,P5->P6,P5,P6,7,0.21335635866437638,1,1,1,1,1,0,0.1875,0.1875,0.3125,0.3125,0.0,0.0
mistral_7b_instruct_v03,SciERC,P05-1076,P1->P2,P1,P2,7,1.0,1,1,1,0,0,1,-0.3749999999999999,0.3749999999999999,-0.5,0.5,0.0,0.0
mistral_7b_instruct_v03,SciERC,P05-1076,P2->P3,P2,P3,7,1.0,1,1,0,1,0,0,0.3125,0.3125,0.5,0.5,0.0,0.0
mistral_7b_instruct_v03,SciERC,P05-1076,P3->P4,P3,P4,7,0.3063331757272993,1,1,1,1,1,0,0.020833333333333315,0.020833333333333315,-0.16666666666666669,0.16666666666666669,0.0,0.0
mistral_7b_instruct_v03,SciERC,P05-1076,P4->P5,P4,P5,7,0.21208314384732926,1,1,1,1,1,0,-0.3333333333333333,0.3333333333333333,-0.3333333333333333,0.3333333333333333,0.0,0.0
mistral_7b_instruct_v03,SciERC,P05-1076,P5->P6,P5,P6,7,0.2219075219971793,1,1,1,1,1,0,0.3749999999999999,0.3749999999999999,0.4375,0.4375,0.0,0.0
mistral_7b_instruct_v03,SciERC,P05-2013,P1->P2,P1,P2,7,0.14819811923163279,1,1,1,1,1,0,0.0,0.0,0.0,0.0,0.0,0.0
mistral_7b_instruct_v03,SciERC,P05-2013,P2->P3,P2,P3,7,0.002671011856624058,1,1,1,1,1,0,0.0,0.0,0.0,0.0,0.0,0.0
mistral_7b_instruct_v03,SciERC,P05-2013,P3->P4,P3,P4,7,0.590752899646759,1,1,1,1,1,0,0.25,0.25,0.25,0.25,0.0,0.0
mistral_7b_instruct_v03,SciERC,P05-2013,P4->P5,P4,P5,7,0.16199065106255667,1,1,1,1,1,0,0.0,0.0,0.0,0.0,0.0,0.0
mistral_7b_instruct_v03,SciERC,P05-2013,P5->P6,P5,P6,7,2.5544847760881695e-08,1,1,1,1,1,0,0.0,0.0,0.0,0.0,0.0,0.0
mistral_7b_instruct_v03,SciERC,P06-1013,P1->P2,P1,P2,7,0.14686455045427596,1,1,1,1,1,0,-0.09999999999999992,0.09999999999999992,-0.09999999999999992,0.09999999999999992,0.0,0.0
mistral_7b_instruct_v03,SciERC,P06-1013,P2->P3,P2,P3,7,0.0014483417783464705,1,1,1,1,1,0,0.0,0.0,0.0,0.0,0.0,0.0
mistral_7b_instruct_v03,SciERC,P06-1013,P3->P4,P3,P4,7,0.5882588284356254,1,1,1,1,1,0,0.12105263157894741,0.12105263157894741,0.12105263157894741,0.12105263157894741,0.0,0.0
mistral_7b_instruct_v03,SciERC,P06-1013,P4->P5,P4,P5,7,0.19282835721969604,1,1,1,1,1,0,0.21052631578947362,0.21052631578947362,0.21052631578947362,0.21052631578947362,0.0,0.0
mistral_7b_instruct_v03,SciERC,P06-1013,P5->P6,P5,P6,7,0.0,1,1,1,1,1,0,0.0,0.0,0.0,0.0,0.0,0.0
mistral_7b_instruct_v03,SciERC,P06-1018,P1->P2,P1,P2,7,0.43274130140032085,1,1,1,1,1,0,0.26259946949602125,0.26259946949602125,0.26259946949602125,0.26259946949602125,0.0,0.0
mistral_7b_instruct_v03,SciERC,P06-1018,P2->P3,P2,P3,7,0.1458058442388262,1,1,1,1,1,0,0.06153846153846165,0.06153846153846165,0.06153846153846165,0.06153846153846165,0.0,0.0
mistral_7b_instruct_v03,SciERC,P06-1018,P3->P4,P3,P4,7,0.3175473894391741,1,1,1,1,1,0,-0.2521739130434784,0.2521739130434784,-0.16521739130434798,0.16521739130434798,0.0,0.0
mistral_7b_instruct_v03,SciERC,P06-1018,P4->P5,P4,P5,7,0.14954721927642822,1,1,1,1,1,0,0.118840579710145,0.118840579710145,0.09855072463768122,0.09855072463768122,0.0,0.0
mistral_7b_instruct_v03,SciERC,P06-1018,P5->P6,P5,P6,7,0.0015107478414263045,1,1,1,1,1,0,0.0,0.0,0.0,0.0,0.0,0.0
mistral_7b_instruct_v03,SciERC,P06-1053,P1->P2,P1,P2,7,0.17131475039890834,1,1,0,1,0,0,0.1286549707602339,0.1286549707602339,0.1286549707602339,0.1286549707602339,0.0,0.0
mistral_7b_instruct_v03,SciERC,P06-1053,P2->P3,P2,P3,7,0.0020511065210614887,1,1,1,1,1,0,0.0,0.0,0.0,0.0,0.0,0.0
mistral_7b_instruct_v03,SciERC,P06-1053,P3->P4,P3,P4,7,0.2998073697090149,1,1,1,1,1,0,0.11111111111111116,0.11111111111111116,0.11111111111111116,0.11111111111111116,0.0,0.0
mistral_7b_instruct_v03,SciERC,P06-1053,P4->P5,P4,P5,7,0.024920242173331126,1,1,1,1,1,0,-0.23976608187134507,0.23976608187134507,-0.13450292397660818,0.13450292397660818,0.25,0.25
mistral_7b_instruct_v03,SciERC,P06-1053,P5->P6,P5,P6,7,0.003869976316179548,1,1,1,1,1,0,0.0,0.0,0.0,0.0,-0.0681818181818182,0.0681818181818182
mistral_7b_instruct_v03,SciERC,P06-2012,P1->P2,P1,P2,7,0.14527284247534616,1,1,1,1,1,0,0.11428571428571432,0.11428571428571432,0.12380952380952376,0.12380952380952376,0.0,0.0
mistral_7b_instruct_v03,SciERC,P06-2012,P2->P3,P2,P3,7,0.146573577608381,1,1,1,1,1,0,-0.10000000000000003,0.10000000000000003,-0.09999999999999998,0.09999999999999998,0.0,0.0
mistral_7b_instruct_v03,SciERC,P06-2012,P3->P4,P3,P4,7,0.03295724732535226,1,1,1,1,1,0,0.080952380952381,0.080952380952381,-0.11904761904761901,0.11904761904761901,0.1111111111111111,0.1111111111111111
mistral_7b_instruct_v03,SciERC,P06-2012,P4->P5,P4,P5,7,0.008811507906232561,1,1,1,1,1,0,0.0,0.0,0.0,0.0,-0.1111111111111111,0.1111111111111111
mistral_7b_instruct_v03,SciERC,P06-2012,P5->P6,P5,P6,7,7.66345432826451e-08,1,1,1,1,1,0,0.0,0.0,0.0,0.0,0.0,0.0
mistral_7b_instruct_v03,SciERC,P06-3007,P1->P2,P1,P2,7,0.1715988176209586,1,1,1,1,1,0,0.13333333333333341,0.13333333333333341,0.13333333333333341,0.13333333333333341,0.0,0.0
mistral_7b_instruct_v03,SciERC,P06-3007,P2->P3,P2,P3,7,0.31256857940128874,1,1,1,1,1,0,-0.24615384615384622,0.24615384615384622,-0.24615384615384622,0.24615384615384622,0.0,0.0
mistral_7b_instruct_v03,SciERC,P06-3007,P3->P4,P3,P4,7,0.44158021041325163,1,1,1,0,0,1,0.17948717948717952,0.17948717948717952,0.3461538461538462,0.3461538461538462,0.0,0.0
mistral_7b_instruct_v03,SciERC,P06-3007,P4->P5,P4,P5,7,0.2925216555595398,1,1,0,1,0,0,-0.025641025641025716,0.025641025641025716,-0.03846153846153849,0.03846153846153849,0.25,0.25
mistral_7b_instruct_v03,SciERC,P06-3007,P5->P6,P5,P6,7,0.14647210495812552,1,1,1,1,1,0,-0.141025641025641,0.141025641025641,-0.1282051282051282,0.1282051282051282,-0.25,0.25
mistral_7b_instruct_v03,SciERC,P06-4007,P1->P2,P1,P2,7,0.007310875824519566,1,1,1,1,1,0,0.0288461538461538,0.0288461538461538,0.0288461538461538,0.0288461538461538,0.0,0.0
mistral_7b_instruct_v03,SciERC,P06-4007,P2->P3,P2,P3,7,0.2932213374546596,1,1,1,1,1,0,-0.1538461538461538,0.1538461538461538,-0.1538461538461538,0.1538461538461538,0.0,0.0
mistral_7b_instruct_v03,SciERC,P06-4007,P3->P4,P3,P4,7,0.5748544335365295,1,1,1,1,1,0,0.1428571428571428,0.1428571428571428,0.1428571428571428,0.1428571428571428,0.0,0.0
mistral_7b_instruct_v03,SciERC,P06-4007,P4->P5,P4,P5,7,0.023256029401506697,1,1,1,1,1,0,0.1648351648351648,0.1648351648351648,0.1648351648351648,0.1648351648351648,0.0,0.0
mistral_7b_instruct_v03,SciERC,P06-4007,P5->P6,P5,P6,7,0.02423382656914847,1,1,1,1,1,0,-0.10769230769230759,0.10769230769230759,-0.10769230769230759,0.10769230769230759,0.0,0.0
mistral_7b_instruct_v03,SciERC,P08-1105,P1->P2,P1,P2,7,0.8571428571428571,1,1,0,1,0,0,0.2857142857142857,0.2857142857142857,0.2857142857142857,0.2857142857142857,0.0,0.0
mistral_7b_instruct_v03,SciERC,P08-1105,P2->P3,P2,P3,7,0.8571428571428571,1,1,1,0,0,1,-0.2857142857142857,0.2857142857142857,-0.2857142857142857,0.2857142857142857,0.0,0.0
mistral_7b_instruct_v03,SciERC,P08-1105,P3->P4,P3,P4,7,0.5714285714285714,1,1,0,1,0,0,0.2727272727272727,0.2727272727272727,0.2727272727272727,0.2727272727272727,0.0,0.0
mistral_7b_instruct_v03,SciERC,P08-1105,P4->P5,P4,P5,7,0.29202585560934885,1,1,1,1,1,0,0.04727272727272719,0.04727272727272719,0.04727272727272719,0.04727272727272719,0.0,0.0
mistral_7b_instruct_v03,SciERC,P08-1105,P5->P6,P5,P6,7,0.29571965762547087,1,1,1,1,1,0,-0.1381818181818181,0.1381818181818181,-0.1381818181818181,0.1381818181818181,0.0,0.0
mistral_7b_instruct_v03,SciERC,P83-1004,P1->P2,P1,P2,7,0.15259013857160295,1,1,1,1,1,0,-0.09473684210526322,0.09473684210526322,-0.1947368421052632,0.1947368421052632,0.0,0.0
mistral_7b_instruct_v03,SciERC,P83-1004,P2->P3,P2,P3,7,0.0007814254079546247,1,1,1,1,1,0,0.0,0.0,0.0,0.0,0.0,0.0
mistral_7b_instruct_v03,SciERC,P83-1004,P3->P4,P3,P4,7,0.29383812631879536,1,1,1,1,1,0,0.019736842105263205,0.019736842105263205,0.019736842105263205,0.019736842105263205,0.0,0.0
mistral_7b_instruct_v03,SciERC,P83-1004,P4->P5,P4,P5,7,0.015627477850232805,1,1,1,0,0,1,-0.019736842105263205,0.019736842105263205,0.0855263157894737,0.0855263157894737,0.0,0.0
mistral_7b_instruct_v03,SciERC,P83-1004,P5->P6,P5,P6,7,0.001918384007045201,1,1,0,1,0,0,-0.014354066985645897,0.014354066985645897,0.06220095693779901,0.06220095693779901,0.0,0.0
mistral_7b_instruct_v03,SciERC,P85-1019,P1->P2,P1,P2,7,0.17027689729418075,1,1,1,1,1,0,0.0705645161290323,0.0705645161290323,0.0705645161290323,0.0705645161290323,0.0,0.0
mistral_7b_instruct_v03,SciERC,P85-1019,P2->P3,P2,P3,7,0.0028994764600481305,1,1,1,1,1,0,0.0,0.0,0.0,0.0,0.0,0.0
mistral_7b_instruct_v03,SciERC,P85-1019,P3->P4,P3,P4,7,0.43375201736177715,1,1,1,1,1,0,-0.058064516129032184,0.058064516129032184,0.008602150537634412,0.008602150537634412,0.0,0.0
mistral_7b_instruct_v03,SciERC,P85-1019,P4->P5,P4,P5,7,0.15425412143979753,1,1,1,1,1,0,0.058064516129032184,0.058064516129032184,0.055913978494623706,0.055913978494623706,0.0,0.0
mistral_7b_instruct_v03,SciERC,P85-1019,P5->P6,P5,P6,7,0.14594915083476476,1,1,1,1,1,0,0.017797552836484987,0.017797552836484987,0.022246941045606206,0.022246941045606206,0.0,0.0
mistral_7b_instruct_v03,SciERC,P86-1011,P1->P2,P1,P2,7,0.0005634512220110212,1,1,1,0,0,1,0.0,0.0,0.0,0.0,0.0,0.0
mistral_7b_instruct_v03,SciERC,P86-1011,P2->P3,P2,P3,7,0.004319429397583008,1,1,0,1,0,0,-0.2,0.2,-0.2,0.2,-0.04999999999999999,0.04999999999999999
mistral_7b_instruct_v03,SciERC,P86-1011,P3->P4,P3,P4,7,0.2876177259853908,1,1,1,1,1,0,0.0,0.0,0.0,0.0,0.08571428571428569,0.08571428571428569
mistral_7b_instruct_v03,SciERC,P86-1011,P4->P5,P4,P5,7,0.5714285714285714,1,1,1,0,0,1,0.0,0.0,0.0,0.0,-0.2857142857142857,0.2857142857142857
mistral_7b_instruct_v03,SciERC,P86-1011,P5->P6,P5,P6,7,0.0,1,1,0,0,0,0,0.0,0.0,0.0,0.0,0.0,0.0
mistral_7b_instruct_v03,SciERC,W02-1602,P1->P2,P1,P2,7,0.0,1,1,0,0,0,0,0.0,0.0,0.0,0.0,0.0,0.0
mistral_7b_instruct_v03,SciERC,W02-1602,P2->P3,P2,P3,7,0.0,1,1,0,0,0,0,0.0,0.0,0.0,0.0,0.0,0.0
mistral_7b_instruct_v03,SciERC,W02-1602,P3->P4,P3,P4,7,0.7142857142857143,1,1,0,1,0,0,0.3,0.3,0.3,0.3,0.0,0.0
mistral_7b_instruct_v03,SciERC,W02-1602,P4->P5,P4,P5,7,0.21124477045876638,1,1,1,1,1,0,-0.3,0.3,-0.3,0.3,0.0,0.0
mistral_7b_instruct_v03,SciERC,W02-1602,P5->P6,P5,P6,7,0.3559661677905491,1,1,1,1,1,0,0.0,0.0,0.0,0.0,0.0,0.0
mistral_7b_instruct_v03,SciERC,X96-1059,P1->P2,P1,P2,7,0.8571428571428571,1,1,1,0,0,1,-0.1904761904761904,0.1904761904761904,-0.238095238095238,0.238095238095238,-0.1290322580645161,0.1290322580645161
mistral_7b_instruct_v03,SciERC,X96-1059,P2->P3,P2,P3,7,0.0,1,1,0,0,0,0,0.0,0.0,0.0,0.0,0.0,0.0
mistral_7b_instruct_v03,SciERC,X96-1059,P3->P4,P3,P4,7,0.5714285714285714,1,1,0,1,0,0,0.3181818181818182,0.3181818181818182,0.3636363636363636,0.3636363636363636,0.0,0.0
mistral_7b_instruct_v03,SciERC,X96-1059,P4->P5,P4,P5,7,0.019610839230673655,1,1,1,1,1,0,-0.16028708133971298,0.16028708133971298,-0.1004784688995215,0.1004784688995215,0.0,0.0
mistral_7b_instruct_v03,SciERC,X96-1059,P5->P6,P5,P6,7,0.019470317023141042,1,1,1,1,1,0,0.1421052631578948,0.1421052631578948,0.08684210526315789,0.08684210526315789,0.1481481481481481,0.1481481481481481
qwen3_8b,EBM-NLP,10070173,P1->P2,P1,P2,3,0.3775210777918498,1,1,1,1,1,0,0.06616541353383461,0.06616541353383461,-0.08721804511278192,0.08721804511278192,0.0,0.0
qwen3_8b,EBM-NLP,10070173,P2->P3,P2,P3,3,0.3785386085510254,1,1,1,1,1,0,-0.017582417582417603,0.017582417582417603,0.079120879120879,0.079120879120879,0.0,0.0
qwen3_8b,EBM-NLP,10070173,P3->P4,P3,P4,3,0.011409640312194824,1,1,1,1,1,0,-0.042735042735042694,0.042735042735042694,-0.08547008547008539,0.08547008547008539,0.0,0.0
qwen3_8b,EBM-NLP,10070173,P4->P5,P4,P5,3,0.007109642028808594,1,1,1,1,1,0,0.035230352303523005,0.035230352303523005,0.07046070460704607,0.07046070460704607,0.0,0.0
qwen3_8b,EBM-NLP,10070173,P5->P6,P5,P6,3,0.02083653211593628,1,1,1,1,1,0,0.0975609756097561,0.0975609756097561,0.09756097560975613,0.09756097560975613,0.0,0.0
qwen3_8b,EBM-NLP,10390665,P1->P2,P1,P2,3,3.9736429850260414e-08,1,1,1,1,1,0,0.0,0.0,0.0,0.0,0.0,0.0
qwen3_8b,EBM-NLP,10390665,P2->P3,P2,P3,3,3.9736429850260414e-08,1,1,1,1,1,0,0.0,0.0,0.0,0.0,0.0,0.0
qwen3_8b,EBM-NLP,10390665,P3->P4,P3,P4,3,3.9736429850260414e-08,1,1,1,1,1,0,0.0,0.0,0.0,0.0,0.0,0.0
qwen3_8b,EBM-NLP,10390665,P4->P5,P4,P5,3,3.9736429850260414e-08,1,1,1,1,1,0,0.0,0.0,0.0,0.0,0.0,0.0
qwen3_8b,EBM-NLP,10390665,P5->P6,P5,P6,3,3.9736429850260414e-08,1,1,1,1,1,0,0.0,0.0,0.0,0.0,0.0,0.0
qwen3_8b,EBM-NLP,10475150,P1->P2,P1,P2,3,7.947285970052083e-08,1,1,1,1,1,0,0.0,0.0,0.0,0.0,0.0,0.0
qwen3_8b,EBM-NLP,10475150,P2->P3,P2,P3,3,1.0,1,1,1,0,0,1,-0.2222222222222222,0.2222222222222222,-0.2666666666666666,0.2666666666666666,0.0,0.0
qwen3_8b,EBM-NLP,10475150,P3->P4,P3,P4,3,1.0,1,1,0,1,0,0,0.1818181818181818,0.1818181818181818,0.2272727272727272,0.2272727272727272,0.0,0.0
qwen3_8b,EBM-NLP,10475150,P4->P5,P4,P5,3,5.960464477539063e-08,1,1,1,1,1,0,0.0,0.0,0.0,0.0,0.0,0.0
qwen3_8b,EBM-NLP,10475150,P5->P6,P5,P6,3,5.960464477539063e-08,1,1,1,1,1,0,0.0,0.0,0.0,0.0,0.0,0.0
qwen3_8b,EBM-NLP,10578479,P1->P2,P1,P2,3,0.08573867877324422,1,1,1,1,1,0,0.064516129032258,0.064516129032258,-0.037220843672456594,0.037220843672456594,0.0,0.0
qwen3_8b,EBM-NLP,10578479,P2->P3,P2,P3,3,0.0002945860226949056,1,1,1,1,1,0,0.0,0.0,0.0,0.0,0.0,0.0
qwen3_8b,EBM-NLP,10578479,P3->P4,P3,P4,3,0.013209044933319092,1,1,1,1,1,0,-0.064516129032258,0.064516129032258,-0.0335483870967741,0.0335483870967741,0.0,0.0
qwen3_8b,EBM-NLP,10578479,P4->P5,P4,P5,3,0.013799071311950684,1,1,1,1,1,0,0.064516129032258,0.064516129032258,0.0335483870967741,0.0335483870967741,0.0,0.0
qwen3_8b,EBM-NLP,10578479,P5->P6,P5,P6,3,0.0,1,1,1,1,1,0,0.0,0.0,0.0,0.0,0.0,0.0
qwen3_8b,EBM-NLP,10589810,P1->P2,P1,P2,3,1.9868214925130207e-08,1,1,1,1,1,0,0.0,0.0,0.0,0.0,0.0,0.0
qwen3_8b,EBM-NLP,10589810,P2->P3,P2,P3,3,1.9868214925130207e-08,1,1,1,1,1,0,0.0,0.0,0.0,0.0,0.0,0.0
qwen3_8b,EBM-NLP,10589810,P3->P4,P3,P4,3,0.08616002400716145,1,1,1,1,1,0,-0.006153846153846204,0.006153846153846204,0.06769230769230761,0.06769230769230761,0.0,0.0
qwen3_8b,EBM-NLP,10589810,P4->P5,P4,P5,3,1.9868214925130207e-08,1,1,1,1,1,0,0.0,0.0,0.0,0.0,0.0,0.0
qwen3_8b,EBM-NLP,10589810,P5->P6,P5,P6,3,0.05017892519632975,1,1,1,1,1,0,0.09615384615384609,0.09615384615384609,0.025641025641025716,0.025641025641025716,0.0,0.0
qwen3_8b,EBM-NLP,10752495,P1->P2,P1,P2,3,0.046834588050842285,1,1,1,1,1,0,0.125,0.125,0.2777777777777778,0.2777777777777778,0.0,0.0
qwen3_8b,EBM-NLP,10752495,P2->P3,P2,P3,3,0.053330441315968834,1,1,1,1,1,0,0.023148148148148112,0.023148148148148112,-0.1296296296296297,0.1296296296296297,0.0,0.0
qwen3_8b,EBM-NLP,10752495,P3->P4,P3,P4,3,0.033027430375417076,1,1,1,1,1,0,-0.1481481481481481,0.1481481481481481,-0.1203703703703703,0.1203703703703703,0.0,0.0
qwen3_8b,EBM-NLP,10752495,P4->P5,P4,P5,3,0.09212593237559001,1,1,1,1,1,0,0.0,0.0,-0.0833333333333334,0.0833333333333334,0.0,0.0
qwen3_8b,EBM-NLP,10752495,P5->P6,P5,P6,3,0.04888854424158732,1,1,1,1,1,0,0.0714285714285714,0.0714285714285714,0.1190476190476191,0.1190476190476191,0.0,0.0
qwen3_8b,EBM-NLP,10763172,P1->P2,P1,P2,3,0.0016272465387980144,1,1,1,1,1,0,-0.0037878787878787984,0.0037878787878787984,-0.007575757575757597,0.007575757575757597,0.0,0.0
qwen3_8b,EBM-NLP,10763172,P2->P3,P2,P3,3,3.9736429850260414e-08,1,1,1,1,1,0,0.0,0.0,0.0,0.0,0.0,0.0
qwen3_8b,EBM-NLP,10763172,P3->P4,P3,P4,3,0.17107641696929932,1,1,1,1,1,0,-0.1212121212121212,0.1212121212121212,-0.1090909090909091,0.1090909090909091,0.0,0.0
qwen3_8b,EBM-NLP,10763172,P4->P5,P4,P5,3,0.09637490908304851,1,1,1,1,1,0,0.0588235294117647,0.0588235294117647,0.0431372549019608,0.0431372549019608,0.0,0.0
qwen3_8b,EBM-NLP,10763172,P5->P6,P5,P6,3,5.960464477539063e-08,1,1,1,1,1,0,0.0,0.0,0.0,0.0,0.0,0.0
qwen3_8b,EBM-NLP,10764172,P1->P2,P1,P2,3,0.020666182041168213,1,1,1,1,1,0,-0.061111111111111116,0.061111111111111116,-0.006944444444444586,0.006944444444444586,0.0,0.0
qwen3_8b,EBM-NLP,10764172,P2->P3,P2,P3,3,1.1920928955078125e-07,1,1,1,1,1,0,0.0,0.0,0.0,0.0,0.0,0.0
qwen3_8b,EBM-NLP,10764172,P3->P4,P3,P4,3,0.053177098433176674,1,1,1,1,1,0,-0.16666666666666669,0.16666666666666669,-0.1874999999999999,0.1874999999999999,0.0,0.0
qwen3_8b,EBM-NLP,10764172,P4->P5,P4,P5,3,0.004071911176045735,1,1,1,1,1,0,0.0833333333333333,0.0833333333333333,0.0,0.0,0.0,0.0
qwen3_8b,EBM-NLP,10764172,P5->P6,P5,P6,3,0.032021681467692055,1,1,1,1,1,0,0.0641025641025641,0.0641025641025641,0.13461538461538458,0.13461538461538458,0.0,0.0
qwen3_8b,EBM-NLP,10912743,P1->P2,P1,P2,3,0.01754981279373169,1,1,1,1,1,0,-0.06100795755968169,0.06100795755968169,-0.12201591511936338,0.12201591511936338,0.0,0.0
qwen3_8b,EBM-NLP,10912743,P2->P3,P2,P3,3,0.0,1,1,1,1,1,0,0.0,0.0,0.0,0.0,0.0,0.0
qwen3_8b,EBM-NLP,10912743,P3->P4,P3,P4,3,0.0,1,1,1,1,1,0,0.0,0.0,0.0,0.0,0.0,0.0
qwen3_8b,EBM-NLP,10912743,P4->P5,P4,P5,3,0.0,1,1,1,1,1,0,0.0,0.0,0.0,0.0,0.0,0.0
qwen3_8b,EBM-NLP,10912743,P5->P6,P5,P6,3,0.0,1,1,1,1,1,0,0.0,0.0,0.0,0.0,0.0,0.0
qwen3_8b,EBM-NLP,10934569,P1->P2,P1,P2,3,5.960464477539063e-08,1,1,1,1,1,0,0.0,0.0,0.0,0.0,0.0,0.0
qwen3_8b,EBM-NLP,10934569,P2->P3,P2,P3,3,5.960464477539063e-08,1,1,1,1,1,0,0.0,0.0,0.0,0.0,0.0,0.0
qwen3_8b,EBM-NLP,10934569,P3->P4,P3,P4,3,0.022154033184051514,1,1,1,1,1,0,-0.08300395256916991,0.08300395256916991,-0.07905138339920939,0.07905138339920939,0.0,0.0
qwen3_8b,EBM-NLP,10934569,P4->P5,P4,P5,3,0.00202635924021403,1,1,1,1,1,0,0.0757575757575757,0.0757575757575757,0.15151515151515152,0.15151515151515152,0.0,0.0
qwen3_8b,EBM-NLP,10934569,P5->P6,P5,P6,3,0.00202635924021403,1,1,1,1,1,0,-0.0757575757575757,0.0757575757575757,-0.15151515151515152,0.15151515151515152,0.0,0.0
qwen3_8b,EBM-NLP,10940525,P1->P2,P1,P2,3,1.0,1,1,0,1,0,0,0.1403508771929824,0.1403508771929824,0.1754385964912281,0.1754385964912281,0.0,0.0
qwen3_8b,EBM-NLP,10940525,P2->P3,P2,P3,3,0.0,1,1,1,1,1,0,0.0,0.0,0.0,0.0,0.0,0.0
qwen3_8b,EBM-NLP,10940525,P3->P4,P3,P4,3,0.03187960386276245,1,1,1,1,1,0,-0.008771929824561403,0.008771929824561403,0.14035087719298242,0.14035087719298242,0.0,0.0
qwen3_8b,EBM-NLP,10940525,P4->P5,P4,P5,3,0.0646092693010966,1,1,1,1,1,0,-0.09236326109391119,0.09236326109391119,-0.2373581011351909,0.2373581011351909,0.0,0.0
qwen3_8b,EBM-NLP,10940525,P5->P6,P5,P6,3,0.050319294134775795,1,1,1,1,1,0,0.0392156862745098,0.0392156862745098,0.0,0.0,0.0,0.0
qwen3_8b,EBM-NLP,11099086,P1->P2,P1,P2,3,0.0149423877398173,1,1,1,1,1,0,0.0047619047619048005,0.0047619047619048005,0.007936507936507908,0.007936507936507908,0.0,0.0
qwen3_8b,EBM-NLP,11099086,P2->P3,P2,P3,3,0.0230483611424764,1,1,1,1,1,0,-0.0603174603174603,0.0603174603174603,-0.007936507936507908,0.007936507936507908,0.0,0.0
qwen3_8b,EBM-NLP,11099086,P3->P4,P3,P4,3,0.12006662289301555,1,1,1,1,1,0,-0.0570570570570571,0.0570570570570571,-0.06156156156156159,0.06156156156156159,0.0,0.0
qwen3_8b,EBM-NLP,11099086,P4->P5,P4,P5,3,0.3386346499125163,1,1,1,1,1,0,-0.054054054054054,0.054054054054054,-0.0287162162162162,0.0287162162162162,0.0,0.0
qwen3_8b,EBM-NLP,11099086,P5->P6,P5,P6,3,0.3388474186261495,1,1,1,1,1,0,0.1111111111111111,0.1111111111111111,0.2013888888888889,0.2013888888888889,0.0,0.0
qwen3_8b,EBM-NLP,11229858,P1->P2,P1,P2,3,0.0,1,1,1,1,1,0,0.0,0.0,0.0,0.0,0.0,0.0
qwen3_8b,EBM-NLP,11229858,P2->P3,P2,P3,3,0.005513091882069905,1,1,1,1,1,0,0.0,0.0,0.0,0.0,0.0,0.0
qwen3_8b,EBM-NLP,11229858,P3->P4,P3,P4,3,0.005513091882069905,1,1,1,1,1,0,0.0,0.0,0.0,0.0,0.0,0.0
qwen3_8b,EBM-NLP,11229858,P4->P5,P4,P5,3,0.02486644188563029,1,1,1,1,1,0,-0.1964285714285715,0.1964285714285715,-0.17857142857142838,0.17857142857142838,0.0,0.0
qwen3_8b,EBM-NLP,11229858,P5->P6,P5,P6,3,0.0,1,1,1,1,1,0,0.0,0.0,0.0,0.0,0.0,0.0
qwen3_8b,EBM-NLP,1131298,P1->P2,P1,P2,3,0.03162034352620443,1,1,1,1,1,0,-0.033548387096774185,0.033548387096774185,-0.13161290322580638,0.13161290322580638,0.0,0.0
qwen3_8b,EBM-NLP,1131298,P2->P3,P2,P3,3,0.10656241575876872,1,1,1,1,1,0,0.09,0.09,0.18,0.18,0.0,0.0
qwen3_8b,EBM-NLP,1131298,P3->P4,P3,P4,3,0.34105588992436725,1,1,1,1,1,0,-0.010000000000000009,0.010000000000000009,0.06000000000000005,0.06000000000000005,0.0,0.0
qwen3_8b,EBM-NLP,1131298,P4->P5,P4,P5,3,0.3709944685300191,1,1,1,1,1,0,-0.02947368421052629,0.02947368421052629,-0.24421052631578954,0.24421052631578954,0.0,0.0
qwen3_8b,EBM-NLP,1131298,P5->P6,P5,P6,3,0.0,1,1,1,1,1,0,0.0,0.0,0.0,0.0,0.0,0.0
qwen3_8b,EBM-NLP,11317090,P1->P2,P1,P2,3,0.0003637075424194336,1,1,1,1,1,0,0.0539811066126856,0.0539811066126856,0.010796221322536992,0.010796221322536992,0.0,0.0
qwen3_8b,EBM-NLP,11317090,P2->P3,P2,P3,3,0.0,1,1,1,1,1,0,0.0,0.0,0.0,0.0,0.0,0.0
qwen3_8b,EBM-NLP,11317090,P3->P4,P3,P4,3,0.026131868362426758,1,1,1,1,1,0,0.019736842105263205,0.019736842105263205,-0.2335526315789473,0.2335526315789473,0.0,0.0
qwen3_8b,EBM-NLP,11317090,P4->P5,P4,P5,3,0.022039989630381267,1,1,1,1,1,0,0.0625,0.0625,0.0,0.0,0.0,0.0
qwen3_8b,EBM-NLP,11317090,P5->P6,P5,P6,3,0.0,1,1,1,1,1,0,0.0,0.0,0.0,0.0,0.0,0.0
qwen3_8b,EBM-NLP,11381289,P1->P2,P1,P2,3,0.0,1,1,1,1,1,0,0.0,0.0,0.0,0.0,0.0,0.0
qwen3_8b,EBM-NLP,11381289,P2->P3,P2,P3,3,0.0,1,1,1,1,1,0,0.0,0.0,0.0,0.0,0.0,0.0
qwen3_8b,EBM-NLP,11381289,P3->P4,P3,P4,3,0.017730196317036945,1,1,1,1,1,0,0.08947368421052629,0.08947368421052629,0.08947368421052629,0.08947368421052629,0.0,0.0
qwen3_8b,EBM-NLP,11381289,P4->P5,P4,P5,3,0.03591024875640869,1,1,1,1,1,0,-0.3,0.3,0.31538461538461543,0.31538461538461543,0.0,0.0
qwen3_8b,EBM-NLP,11381289,P5->P6,P5,P6,3,0.0146523118019104,1,1,1,1,1,0,0.1538461538461538,0.1538461538461538,0.0,0.0,0.0,0.0
qwen3_8b,EBM-NLP,11401641,P1->P2,P1,P2,3,0.0860820213953654,1,1,1,1,1,0,0.0,0.0,0.05405405405405411,0.05405405405405411,0.0,0.0
qwen3_8b,EBM-NLP,11401641,P2->P3,P2,P3,3,0.021953006585439045,1,1,1,1,1,0,0.0,0.0,0.0,0.0,0.0,0.0
qwen3_8b,EBM-NLP,11401641,P3->P4,P3,P4,3,0.3333333333333333,1,1,1,1,1,0,0.0585585585585585,0.0585585585585585,-0.0495495495495496,0.0495495495495496,0.0,0.0
qwen3_8b,EBM-NLP,11401641,P4->P5,P4,P5,3,0.3509885271390279,1,1,1,1,1,0,-0.0555555555555555,0.0555555555555555,0.0,0.0,0.0,0.0
qwen3_8b,EBM-NLP,11401641,P5->P6,P5,P6,3,0.0,1,1,1,1,1,0,0.0,0.0,0.0,0.0,0.0,0.0
qwen3_8b,EBM-NLP,11454878,P1->P2,P1,P2,3,0.0,1,1,1,1,1,0,0.0,0.0,0.0,0.0,0.0,0.0
qwen3_8b,EBM-NLP,11454878,P2->P3,P2,P3,3,0.002788503964742025,1,1,1,1,1,0,-0.08008658008658007,0.08008658008658007,-0.07575757575757569,0.07575757575757569,0.0,0.0
qwen3_8b,EBM-NLP,11454878,P3->P4,P3,P4,3,0.0064197977383931475,1,1,1,1,1,0,-0.08424908424908431,0.08424908424908431,-0.07692307692307693,0.07692307692307693,0.0,0.0
qwen3_8b,EBM-NLP,11454878,P4->P5,P4,P5,3,0.3607347408930461,1,1,1,1,1,0,-0.0457380457380457,0.0457380457380457,-0.09424809424809419,0.09424809424809419,0.0,0.0
qwen3_8b,EBM-NLP,11454878,P5->P6,P5,P6,3,0.3399444818496704,1,1,1,1,1,0,0.17760617760617758,0.17760617760617758,0.17117117117117112,0.17117117117117112,0.0,0.0
qwen3_8b,EBM-NLP,11495215,P1->P2,P1,P2,3,0.015569190184275309,1,1,1,1,1,0,-0.042966042966043005,0.042966042966043005,-0.08870408870408869,0.08870408870408869,0.0,0.0
qwen3_8b,EBM-NLP,11495215,P2->P3,P2,P3,3,3.9736429850260414e-08,1,1,1,1,1,0,0.0,0.0,0.0,0.0,0.0,0.0
qwen3_8b,EBM-NLP,11495215,P3->P4,P3,P4,3,0.024173041184743244,1,1,1,1,1,0,-0.05405405405405399,0.05405405405405399,0.0,0.0,0.0,0.0
qwen3_8b,EBM-NLP,11495215,P4->P5,P4,P5,3,0.0018981099128723145,1,1,1,1,1,0,-0.0525525525525526,0.0525525525525526,-0.048048048048048075,0.048048048048048075,0.0,0.0
qwen3_8b,EBM-NLP,11495215,P5->P6,P5,P6,3,1.9868214925130207e-08,1,1,1,1,1,0,0.0,0.0,0.0,0.0,0.0,0.0
qwen3_8b,EBM-NLP,11642083,P1->P2,P1,P2,3,0.00028316179911295575,1,1,1,1,1,0,0.0,0.0,0.0,0.0,0.0,0.0
qwen3_8b,EBM-NLP,11642083,P2->P3,P2,P3,3,0.004807452360788981,1,1,1,1,1,0,-0.01621621621621619,0.01621621621621619,-0.003603603603603567,0.003603603603603567,0.0,0.0
qwen3_8b,EBM-NLP,11642083,P3->P4,P3,P4,3,3.9736429850260414e-08,1,1,1,1,1,0,0.0,0.0,0.0,0.0,0.0,0.0
qwen3_8b,EBM-NLP,11642083,P4->P5,P4,P5,3,0.05528698364893595,1,1,1,1,1,0,-0.13103448275862073,0.13103448275862073,-0.05977011494252871,0.05977011494252871,0.0,0.0
qwen3_8b,EBM-NLP,11642083,P5->P6,P5,P6,3,0.0942347248395284,1,1,1,1,1,0,0.0689655172413793,0.0689655172413793,0.06896551724137928,0.06896551724137928,0.0,0.0
qwen3_8b,EBM-NLP,11737955,P1->P2,P1,P2,3,0.008290032545725504,1,1,1,1,1,0,0.030769230769230688,0.030769230769230688,-0.09230769230769231,0.09230769230769231,0.0,0.0
qwen3_8b,EBM-NLP,11737955,P2->P3,P2,P3,3,3.9736429850260414e-08,1,1,1,1,1,0,0.0,0.0,0.0,0.0,0.0,0.0
qwen3_8b,EBM-NLP,11737955,P3->P4,P3,P4,3,0.06502433617909749,1,1,1,1,1,0,-0.0707692307692307,0.0707692307692307,0.012307692307692297,0.012307692307692297,0.0,0.0
qwen3_8b,EBM-NLP,11737955,P4->P5,P4,P5,3,0.017671505610148113,1,1,1,1,1,0,0.006666666666666599,0.006666666666666599,-0.07,0.07,0.0,0.0
qwen3_8b,EBM-NLP,11737955,P5->P6,P5,P6,3,0.06317357222239177,1,1,1,1,1,0,0.0,0.0,0.0,0.0,0.0,0.0
qwen3_8b,EBM-NLP,11750293,P1->P2,P1,P2,3,0.0,1,1,1,1,1,0,0.0,0.0,0.0,0.0,0.0,0.0
qwen3_8b,EBM-NLP,11750293,P2->P3,P2,P3,3,0.0036040345827738443,1,1,1,1,1,0,0.1052631578947369,0.1052631578947369,0.0,0.0,0.0,0.0
qwen3_8b,EBM-NLP,11750293,P3->P4,P3,P4,3,0.35201263427734375,1,1,1,1,1,0,-0.2105263157894737,0.2105263157894737,-0.0935672514619883,0.0935672514619883,0.0,0.0
qwen3_8b,EBM-NLP,11750293,P4->P5,P4,P5,3,0.35201263427734375,1,1,1,1,1,0,0.2105263157894737,0.2105263157894737,0.0935672514619883,0.0935672514619883,0.0,0.0
qwen3_8b,EBM-NLP,11750293,P5->P6,P5,P6,3,0.014877518018086752,1,1,1,1,1,0,-0.1052631578947369,0.1052631578947369,0.0,0.0,0.0,0.0
qwen3_8b,EBM-NLP,11829043,P1->P2,P1,P2,3,1.9868214925130207e-08,1,1,1,1,1,0,0.0,0.0,0.0,0.0,0.0,0.0
qwen3_8b,EBM-NLP,11829043,P2->P3,P2,P3,3,0.009347180525461832,1,1,1,1,1,0,-0.26984126984126977,0.26984126984126977,-0.22222222222222215,0.22222222222222215,0.0,0.0
qwen3_8b,EBM-NLP,11829043,P3->P4,P3,P4,3,0.011178870995839437,1,1,1,1,1,0,0.1111111111111111,0.1111111111111111,0.0,0.0,0.0,0.0
qwen3_8b,EBM-NLP,11829043,P4->P5,P4,P5,3,0.0033761262893676758,1,1,1,1,1,0,0.1111111111111111,0.1111111111111111,0.0,0.0,0.0,0.0
qwen3_8b,EBM-NLP,11829043,P5->P6,P5,P6,3,0.0213547150293986,1,1,1,1,1,0,-0.2333333333333333,0.2333333333333333,-0.04444444444444445,0.04444444444444445,0.0,0.0
qwen3_8b,EBM-NLP,11891832,P1->P2,P1,P2,3,3.9736429850260414e-08,1,1,1,1,1,0,0.0,0.0,0.0,0.0,0.0,0.0
qwen3_8b,EBM-NLP,11891832,P2->P3,P2,P3,3,3.9736429850260414e-08,1,1,1,1,1,0,0.0,0.0,0.0,0.0,0.0,0.0
qwen3_8b,EBM-NLP,11891832,P3->P4,P3,P4,3,3.9736429850260414e-08,1,1,1,1,1,0,0.0,0.0,0.0,0.0,0.0,0.0
qwen3_8b,EBM-NLP,11891832,P4->P5,P4,P5,3,0.0008422732353210449,1,1,1,1,1,0,0.061538461538461486,0.061538461538461486,0.061538461538461486,0.061538461538461486,0.0,0.0
qwen3_8b,EBM-NLP,11891832,P5->P6,P5,P6,3,3.9736429850260414e-08,1,1,1,1,1,0,0.0,0.0,0.0,0.0,0.0,0.0
qwen3_8b,EBM-NLP,12139812,P1->P2,P1,P2,3,0.009679297606150309,1,1,1,1,1,0,0.0222222222222222,0.0222222222222222,0.0444444444444444,0.0444444444444444,0.0,0.0
qwen3_8b,EBM-NLP,12139812,P2->P3,P2,P3,3,0.02719173828760783,1,1,1,1,1,0,0.013071895424836583,0.013071895424836583,0.026143790849673165,0.026143790849673165,0.0,0.0
qwen3_8b,EBM-NLP,12139812,P3->P4,P3,P4,3,0.00048555930455525714,1,1,1,1,1,0,0.1857585139318885,0.1857585139318885,0.16099071207430343,0.16099071207430343,0.0,0.0
qwen3_8b,EBM-NLP,12139812,P4->P5,P4,P5,3,0.00048555930455525714,1,1,1,1,1,0,-0.1857585139318885,0.1857585139318885,-0.16099071207430343,0.16099071207430343,0.0,0.0
qwen3_8b,EBM-NLP,12139812,P5->P6,P5,P6,3,0.0,1,1,1,1,1,0,0.0,0.0,0.0,0.0,0.0,0.0
qwen3_8b,EBM-NLP,12477021,P1->P2,P1,P2,3,1.9868214925130207e-08,1,1,1,1,1,0,0.0,0.0,0.0,0.0,0.0,0.0
qwen3_8b,EBM-NLP,12477021,P2->P3,P2,P3,3,1.9868214925130207e-08,1,1,1,1,1,0,0.0,0.0,0.0,0.0,0.0,0.0
qwen3_8b,EBM-NLP,12477021,P3->P4,P3,P4,3,0.08889649311701457,1,1,1,1,1,0,0.0833333333333333,0.0833333333333333,-0.3214285714285715,0.3214285714285715,0.0,0.0
qwen3_8b,EBM-NLP,12477021,P4->P5,P4,P5,3,0.195989727973938,1,1,1,1,1,0,-0.0833333333333333,0.0833333333333333,-0.02777777777777779,0.02777777777777779,0.0,0.0
qwen3_8b,EBM-NLP,12477021,P5->P6,P5,P6,3,0.0,1,1,1,1,1,0,0.0,0.0,0.0,0.0,0.0,0.0
qwen3_8b,EBM-NLP,12576806,P1->P2,P1,P2,3,1.9868214925130207e-08,1,1,1,1,1,0,0.0,0.0,0.0,0.0,0.0,0.0
qwen3_8b,EBM-NLP,12576806,P2->P3,P2,P3,3,0.08741350968678792,1,1,1,1,1,0,0.01777777777777778,0.01777777777777778,0.023703703703703727,0.023703703703703727,0.0,0.0
qwen3_8b,EBM-NLP,12576806,P3->P4,P3,P4,3,0.03782856464385986,1,1,1,1,1,0,-0.07999999999999999,0.07999999999999999,-0.08000000000000002,0.08000000000000002,0.0,0.0
qwen3_8b,EBM-NLP,12576806,P4->P5,P4,P5,3,0.035989840825398765,1,1,1,1,1,0,0.0707692307692307,0.0707692307692307,0.06769230769230772,0.06769230769230772,0.0,0.0
qwen3_8b,EBM-NLP,12576806,P5->P6,P5,P6,3,0.09703973929087321,1,1,1,1,1,0,-0.0769230769230769,0.0769230769230769,-0.07692307692307701,0.07692307692307701,0.0,0.0
qwen3_8b,EBM-NLP,12586799,P1->P2,P1,P2,3,1.9868214925130207e-08,1,1,1,1,1,0,0.0,0.0,0.0,0.0,0.0,0.0
qwen3_8b,EBM-NLP,12586799,P2->P3,P2,P3,3,0.013645092646280924,1,1,1,1,1,0,0.0,0.0,0.0,0.0,0.0,0.0
qwen3_8b,EBM-NLP,12586799,P3->P4,P3,P4,3,0.13139615456263223,1,1,1,1,1,0,-0.0554765291607397,0.0554765291607397,-0.058321479374111,0.058321479374111,0.0,0.0
qwen3_8b,EBM-NLP,12586799,P4->P5,P4,P5,3,0.11647266149520874,1,1,1,1,1,0,0.0554765291607397,0.0554765291607397,0.058321479374111,0.058321479374111,0.0,0.0
qwen3_8b,EBM-NLP,12586799,P5->P6,P5,P6,3,1.9868214925130207e-08,1,1,1,1,1,0,0.0,0.0,0.0,0.0,0.0,0.0
qwen3_8b,EBM-NLP,12595499,P1->P2,P1,P2,3,0.038936614990234375,1,1,1,1,1,0,0.08479262672811061,0.08479262672811061,0.0055299539170505785,0.0055299539170505785,0.0,0.0
qwen3_8b,EBM-NLP,12595499,P2->P3,P2,P3,3,0.022769888242085774,1,1,1,1,1,0,-0.0928571428571428,0.0928571428571428,0.04285714285714293,0.04285714285714293,0.0,0.0
qwen3_8b,EBM-NLP,12595499,P3->P4,P3,P4,3,0.0,1,1,1,1,1,0,0.0,0.0,0.0,0.0,0.0,0.0
qwen3_8b,EBM-NLP,12595499,P4->P5,P4,P5,3,0.10088602701822917,1,1,1,1,1,0,-0.1730769230769231,0.1730769230769231,-0.2692307692307693,0.2692307692307693,0.0,0.0
qwen3_8b,EBM-NLP,12595499,P5->P6,P5,P6,3,0.048010667165120445,1,1,1,1,1,0,0.19334719334719327,0.19334719334719327,0.3638253638253639,0.3638253638253639,0.0,0.0
qwen3_8b,EBM-NLP,12709693,P1->P2,P1,P2,3,0.35227970282236737,1,1,1,1,1,0,-0.2105263157894736,0.2105263157894736,-0.2105263157894736,0.2105263157894736,0.0,0.0
qwen3_8b,EBM-NLP,12709693,P2->P3,P2,P3,3,0.08679914474487305,1,1,1,1,1,0,0.0,0.0,0.0571428571428571,0.0571428571428571,0.0,0.0
qwen3_8b,EBM-NLP,12709693,P3->P4,P3,P4,3,0.02772502104441325,1,1,1,1,1,0,0.0,0.0,0.10501930501930498,0.10501930501930498,0.0,0.0
qwen3_8b,EBM-NLP,12709693,P4->P5,P4,P5,3,0.031091113885243733,1,1,1,1,1,0,0.0571428571428571,0.0571428571428571,-0.10501930501930498,0.10501930501930498,0.0,0.0
qwen3_8b,EBM-NLP,12709693,P5->P6,P5,P6,3,0.010408421357472738,1,1,1,1,1,0,-0.0571428571428571,0.0571428571428571,0.0,0.0,0.0,0.0
qwen3_8b,EBM-NLP,1286547,P1->P2,P1,P2,3,0.04723680019378662,1,1,1,1,1,0,-0.06043956043956039,0.06043956043956039,0.09340659340659352,0.09340659340659352,0.0,0.0
qwen3_8b,EBM-NLP,1286547,P2->P3,P2,P3,3,0.05073692401250204,1,1,1,1,1,0,0.2211538461538461,0.2211538461538461,0.12980769230769218,0.12980769230769218,0.0,0.0
qwen3_8b,EBM-NLP,1286547,P3->P4,P3,P4,3,0.057580928007761635,1,1,1,1,1,0,-0.10833333333333328,0.10833333333333328,0.09583333333333344,0.09583333333333344,0.0,0.0
qwen3_8b,EBM-NLP,1286547,P4->P5,P4,P5,3,0.0561630924542745,1,1,1,1,1,0,-0.1833333333333333,0.1833333333333333,-0.2833333333333333,0.2833333333333333,0.0,0.0
qwen3_8b,EBM-NLP,1286547,P5->P6,P5,P6,3,0.07339876890182495,1,1,1,1,1,0,-0.0092592592592593,0.0092592592592593,-0.10185185185185189,0.10185185185185189,0.0,0.0
qwen3_8b,EBM-NLP,12960652,P1->P2,P1,P2,3,1.9868214925130207e-08,1,1,1,1,1,0,0.0,0.0,0.0,0.0,0.0,0.0
qwen3_8b,EBM-NLP,12960652,P2->P3,P2,P3,3,1.9868214925130207e-08,1,1,1,1,1,0,0.0,0.0,0.0,0.0,0.0,0.0
qwen3_8b,EBM-NLP,12960652,P3->P4,P3,P4,3,0.047234157721201576,1,1,1,1,1,0,-0.06190476190476191,0.06190476190476191,-0.1952380952380952,0.1952380952380952,0.0,0.0
qwen3_8b,EBM-NLP,12960652,P4->P5,P4,P5,3,0.09095559517542522,1,1,1,1,1,0,0.1428571428571428,0.1428571428571428,0.1428571428571428,0.1428571428571428,0.0,0.0
qwen3_8b,EBM-NLP,12960652,P5->P6,P5,P6,3,0.0,1,1,1,1,1,0,0.0,0.0,0.0,0.0,0.0,0.0
qwen3_8b,EBM-NLP,1459268,P1->P2,P1,P2,3,0.051917076110839844,1,1,1,1,1,0,0.010526315789473578,0.010526315789473578,-0.1894736842105265,0.1894736842105265,0.0,0.0
qwen3_8b,EBM-NLP,1459268,P2->P3,P2,P3,3,0.0,1,1,1,1,1,0,0.0,0.0,0.0,0.0,0.0,0.0
qwen3_8b,EBM-NLP,1459268,P3->P4,P3,P4,3,0.0523215134938558,1,1,1,1,1,0,-0.09287925696594419,0.09287925696594419,0.024767801857585203,0.024767801857585203,0.0,0.0
qwen3_8b,EBM-NLP,1459268,P4->P5,P4,P5,3,0.10255732138951619,1,1,1,1,1,0,-0.1176470588235294,0.1176470588235294,0.0,0.0,0.0,0.0
qwen3_8b,EBM-NLP,1459268,P5->P6,P5,P6,3,0.10582131147384644,1,1,1,1,1,0,0.1111111111111111,0.1111111111111111,-0.013071895424836583,0.013071895424836583,0.0,0.0
qwen3_8b,EBM-NLP,14679127,P1->P2,P1,P2,3,0.0,1,1,1,1,1,0,0.0,0.0,0.0,0.0,0.0,0.0
qwen3_8b,EBM-NLP,14679127,P2->P3,P2,P3,3,0.0,1,1,1,1,1,0,0.0,0.0,0.0,0.0,0.0,0.0
qwen3_8b,EBM-NLP,14679127,P3->P4,P3,P4,3,0.0,1,1,1,1,1,0,0.0,0.0,0.0,0.0,0.0,0.0
qwen3_8b,EBM-NLP,14679127,P4->P5,P4,P5,3,0.005248546600341797,1,1,1,1,1,0,0.06060606060606061,0.06060606060606061,0.0,0.0,0.0,0.0
qwen3_8b,EBM-NLP,14679127,P5->P6,P5,P6,3,0.0,1,1,1,1,1,0,0.0,0.0,0.0,0.0,0.0,0.0
qwen3_8b,EBM-NLP,14739125,P1->P2,P1,P2,3,0.0016109347343444824,1,1,1,1,1,0,0.21767241379310354,0.21767241379310354,0.07327586206896541,0.07327586206896541,0.0,0.0
qwen3_8b,EBM-NLP,14739125,P2->P3,P2,P3,3,0.0004011392593383789,1,1,1,1,1,0,0.01814516129032251,0.01814516129032251,0.020161290322580627,0.020161290322580627,0.0,0.0
qwen3_8b,EBM-NLP,14739125,P3->P4,P3,P4,3,0.06474574406941731,1,1,1,1,1,0,-0.49368863955119224,0.49368863955119224,-0.47124824684431976,0.47124824684431976,0.0,0.0
qwen3_8b,EBM-NLP,14739125,P4->P5,P4,P5,3,0.0541882316271464,1,1,1,1,1,0,0.08695652173913049,0.08695652173913049,0.0869565217391304,0.0869565217391304,0.0,0.0
qwen3_8b,EBM-NLP,14739125,P5->P6,P5,P6,3,0.0,1,1,1,1,1,0,0.0,0.0,0.0,0.0,0.0,0.0
qwen3_8b,EBM-NLP,14763035,P1->P2,P1,P2,3,0.36372697353363037,1,1,1,1,1,0,-0.188888888888889,0.188888888888889,-0.2333333333333334,0.2333333333333334,0.0,0.0
qwen3_8b,EBM-NLP,14763035,P2->P3,P2,P3,3,0.3564501802126567,1,1,1,1,1,0,0.14640522875817,0.14640522875817,0.14509803921568631,0.14509803921568631,0.0,0.0
qwen3_8b,EBM-NLP,14763035,P3->P4,P3,P4,3,0.03042656183242798,1,1,1,1,1,0,-0.006722689075630284,0.006722689075630284,-0.01176470588235301,0.01176470588235301,0.0,0.0
qwen3_8b,EBM-NLP,14763035,P4->P5,P4,P5,3,0.10772158702214558,1,1,1,1,1,0,-0.09953917050691241,0.09953917050691241,-0.2064516129032258,0.2064516129032258,0.0,0.0
qwen3_8b,EBM-NLP,14763035,P5->P6,P5,P6,3,0.03889572620391846,1,1,1,1,1,0,0.06451612903225801,0.06451612903225801,0.0,0.0,0.0,0.0
qwen3_8b,EBM-NLP,15014018,P1->P2,P1,P2,3,3.9736429850260414e-08,1,1,1,1,1,0,0.0,0.0,0.0,0.0,0.0,0.0
qwen3_8b,EBM-NLP,15014018,P2->P3,P2,P3,3,0.04474244515101115,1,1,1,1,1,0,0.0,0.0,0.08750000000000002,0.08750000000000002,0.0,0.0
qwen3_8b,EBM-NLP,15014018,P3->P4,P3,P4,3,0.12410483757654826,1,1,1,1,1,0,0.1052631578947368,0.1052631578947368,-0.08421052631578951,0.08421052631578951,0.0,0.0
qwen3_8b,EBM-NLP,15014018,P4->P5,P4,P5,3,0.13270598649978638,1,1,1,1,1,0,-0.1052631578947368,0.1052631578947368,-0.10150375939849632,0.10150375939849632,0.0,0.0
qwen3_8b,EBM-NLP,15014018,P5->P6,P5,P6,3,3.9736429850260414e-08,1,1,1,1,1,0,0.0,0.0,0.0,0.0,0.0,0.0
qwen3_8b,EBM-NLP,15133359,P1->P2,P1,P2,3,0.0,1,1,1,1,1,0,0.0,0.0,0.0,0.0,0.0,0.0
qwen3_8b,EBM-NLP,15133359,P2->P3,P2,P3,3,0.0,1,1,1,1,1,0,0.0,0.0,0.0,0.0,0.0,0.0
qwen3_8b,EBM-NLP,15133359,P3->P4,P3,P4,3,0.06763164202372234,1,1,1,1,1,0,0.00952380952380949,0.00952380952380949,-0.10952380952380958,0.10952380952380958,0.0,0.0
qwen3_8b,EBM-NLP,15133359,P4->P5,P4,P5,3,0.12522592147191366,1,1,1,1,1,0,-0.1428571428571428,0.1428571428571428,-0.1832298136645962,0.1832298136645962,0.0,0.0
qwen3_8b,EBM-NLP,15133359,P5->P6,P5,P6,3,0.0,1,1,1,1,1,0,0.0,0.0,0.0,0.0,0.0,0.0
qwen3_8b,EBM-NLP,15193668,P1->P2,P1,P2,3,0.0,1,1,1,1,1,0,0.0,0.0,0.0,0.0,0.0,0.0
qwen3_8b,EBM-NLP,15193668,P2->P3,P2,P3,3,0.0,1,1,1,1,1,0,0.0,0.0,0.0,0.0,0.0,0.0
qwen3_8b,EBM-NLP,15193668,P3->P4,P3,P4,3,0.0691376527150472,1,1,1,1,1,0,-0.1958041958041958,0.1958041958041958,-0.1328671328671329,0.1328671328671329,0.0,0.0
qwen3_8b,EBM-NLP,15193668,P4->P5,P4,P5,3,0.09796192248662312,1,1,1,1,1,0,0.018315018315018305,0.018315018315018305,-0.04029304029304029,0.04029304029304029,0.0,0.0
qwen3_8b,EBM-NLP,15193668,P5->P6,P5,P6,3,0.0,1,1,1,1,1,0,0.0,0.0,0.0,0.0,0.0,0.0
qwen3_8b,EBM-NLP,15358868,P1->P2,P1,P2,3,0.04743438959121704,1,1,1,1,1,0,-0.07500000000000001,0.07500000000000001,-0.025000000000000022,0.025000000000000022,0.0,0.0
qwen3_8b,EBM-NLP,15358868,P2->P3,P2,P3,3,0.0,1,1,1,1,1,0,0.0,0.0,0.0,0.0,0.0,0.0
qwen3_8b,EBM-NLP,15358868,P3->P4,P3,P4,3,0.34986825784047443,1,1,1,1,1,0,0.125,0.125,0.0,0.0,0.0,0.0
qwen3_8b,EBM-NLP,15358868,P4->P5,P4,P5,3,0.023655176162719727,1,1,1,1,1,0,-0.1166666666666667,0.1166666666666667,-0.10833333333333328,0.10833333333333328,0.0,0.0
qwen3_8b,EBM-NLP,15358868,P5->P6,P5,P6,3,0.3545082012812297,1,1,1,1,1,0,0.0888888888888889,0.0888888888888889,0.0666666666666666,0.0666666666666666,0.0,0.0
qwen3_8b,EBM-NLP,15848261,P1->P2,P1,P2,3,0.049117604891459145,1,1,1,1,1,0,0.08374384236453192,0.08374384236453192,0.019704433497536922,0.019704433497536922,0.0,0.0
qwen3_8b,EBM-NLP,15848261,P2->P3,P2,P3,3,5.960464477539063e-08,1,1,1,1,1,0,0.0,0.0,0.0,0.0,0.0,0.0
qwen3_8b,EBM-NLP,15848261,P3->P4,P3,P4,3,0.07594066858291626,1,1,1,1,1,0,-0.3452380952380952,0.3452380952380952,-0.2380952380952382,0.2380952380952382,0.0,0.0
qwen3_8b,EBM-NLP,15848261,P4->P5,P4,P5,3,0.02789020538330078,1,1,1,1,1,0,0.13095238095238088,0.13095238095238088,0.16666666666666657,0.16666666666666657,0.0,0.0
qwen3_8b,EBM-NLP,15848261,P5->P6,P5,P6,3,0.012411534786224365,1,1,1,1,1,0,0.10829493087557612,0.10829493087557612,0.14516129032258074,0.14516129032258074,0.0,0.0
qwen3_8b,EBM-NLP,15854186,P1->P2,P1,P2,3,0.0,1,1,1,1,1,0,0.0,0.0,0.0,0.0,0.0,0.0
qwen3_8b,EBM-NLP,15854186,P2->P3,P2,P3,3,0.0,1,1,1,1,1,0,0.0,0.0,0.0,0.0,0.0,0.0
qwen3_8b,EBM-NLP,15854186,P3->P4,P3,P4,3,0.0005153218905131022,1,1,1,1,1,0,0.009230769230769292,0.009230769230769292,-0.058461538461538454,0.058461538461538454,0.0,0.0
qwen3_8b,EBM-NLP,15854186,P4->P5,P4,P5,3,0.0005153218905131022,1,1,1,1,1,0,-0.009230769230769292,0.009230769230769292,0.058461538461538454,0.058461538461538454,0.0,0.0
qwen3_8b,EBM-NLP,15854186,P5->P6,P5,P6,3,0.0,1,1,1,1,1,0,0.0,0.0,0.0,0.0,0.0,0.0
qwen3_8b,EBM-NLP,15858959,P1->P2,P1,P2,3,0.05816572904586792,1,1,1,1,1,0,0.007130124777183611,0.007130124777183611,0.06773618538324419,0.06773618538324419,0.0,0.0
qwen3_8b,EBM-NLP,15858959,P2->P3,P2,P3,3,1.9868214925130207e-08,1,1,1,1,1,0,0.0,0.0,0.0,0.0,0.0,0.0
qwen3_8b,EBM-NLP,15858959,P3->P4,P3,P4,3,0.07110909620920818,1,1,1,1,1,0,-0.17790811339198442,0.17790811339198442,-0.17399804496578689,0.17399804496578689,0.0,0.0
qwen3_8b,EBM-NLP,15858959,P4->P5,P4,P5,3,0.006241361300150554,1,1,1,1,1,0,0.0645161290322581,0.0645161290322581,0.0,0.0,0.0,0.0
qwen3_8b,EBM-NLP,15858959,P5->P6,P5,P6,3,0.04017945130666097,1,1,1,1,1,0,0.1209677419354839,0.1209677419354839,0.1209677419354839,0.1209677419354839,0.0,0.0
qwen3_8b,EBM-NLP,16055807,P1->P2,P1,P2,3,0.004162907600402832,1,1,1,1,1,0,0.01169590643274862,0.01169590643274862,0.01169590643274862,0.01169590643274862,0.0,0.0
qwen3_8b,EBM-NLP,16055807,P2->P3,P2,P3,3,0.01870143413543701,1,1,1,1,1,0,0.013071895424836583,0.013071895424836583,0.013071895424836583,0.013071895424836583,0.0,0.0
qwen3_8b,EBM-NLP,16055807,P3->P4,P3,P4,3,0.07752186059951782,1,1,1,1,1,0,0.0,0.0,0.0,0.0,0.0,0.0
qwen3_8b,EBM-NLP,16055807,P4->P5,P4,P5,3,0.38126277923583984,1,1,1,1,1,0,0.11764705882352941,0.11764705882352941,0.11764705882352941,0.11764705882352941,0.0,0.0
qwen3_8b,EBM-NLP,16055807,P5->P6,P5,P6,3,0.007342378298441569,1,1,1,1,1,0,-0.11764705882352941,0.11764705882352941,0.0,0.0,0.0,0.0
qwen3_8b,EBM-NLP,16167234,P1->P2,P1,P2,3,5.960464477539063e-08,1,1,1,1,1,0,0.0,0.0,0.0,0.0,0.0,0.0
qwen3_8b,EBM-NLP,16167234,P2->P3,P2,P3,3,5.960464477539063e-08,1,1,1,1,1,0,0.0,0.0,0.0,0.0,0.0,0.0
qwen3_8b,EBM-NLP,16167234,P3->P4,P3,P4,3,0.05619672934214274,1,1,1,1,1,0,0.0,0.0,0.0,0.0,0.0,0.0
qwen3_8b,EBM-NLP,16167234,P4->P5,P4,P5,3,0.0289229949315389,1,1,1,1,1,0,0.0,0.0,0.0,0.0,0.0,0.0
qwen3_8b,EBM-NLP,16167234,P5->P6,P5,P6,3,5.960464477539063e-08,1,1,1,1,1,0,0.0,0.0,0.0,0.0,0.0,0.0
qwen3_8b,EBM-NLP,16295154,P1->P2,P1,P2,3,0.033768653869628906,1,1,1,1,1,0,-0.09090909090909091,0.09090909090909091,0.0,0.0,0.0,0.0
qwen3_8b,EBM-NLP,16295154,P2->P3,P2,P3,3,0.010984460512797037,1,1,1,1,1,0,-0.0909090909090909,0.0909090909090909,0.0,0.0,0.0,0.0
qwen3_8b,EBM-NLP,16295154,P3->P4,P3,P4,3,0.033957997957865395,1,1,1,1,1,0,0.009090909090909108,0.009090909090909108,-0.1454545454545455,0.1454545454545455,0.0,0.0
qwen3_8b,EBM-NLP,16295154,P4->P5,P4,P5,3,0.0,1,1,1,1,1,0,0.0,0.0,0.0,0.0,0.0,0.0
qwen3_8b,EBM-NLP,16295154,P5->P6,P5,P6,3,0.0,1,1,1,1,1,0,0.0,0.0,0.0,0.0,0.0,0.0
qwen3_8b,EBM-NLP,16427787,P1->P2,P1,P2,3,0.009999593098958334,1,1,1,1,1,0,0.0977777777777778,0.0977777777777778,0.0977777777777778,0.0977777777777778,0.0,0.0
qwen3_8b,EBM-NLP,16427787,P2->P3,P2,P3,3,0.0017685492833455403,1,1,1,1,1,0,0.0,0.0,0.0,0.0,0.0,0.0
qwen3_8b,EBM-NLP,16427787,P3->P4,P3,P4,3,0.03523490826288859,1,1,1,1,1,0,-0.10571428571428582,0.10571428571428582,-0.03428571428571431,0.03428571428571431,0.0,0.0
qwen3_8b,EBM-NLP,16427787,P4->P5,P4,P5,3,0.3436673879623413,1,1,1,1,1,0,-0.04761904761904759,0.04761904761904759,-0.03571428571428581,0.03571428571428581,0.0,0.0
qwen3_8b,EBM-NLP,16427787,P5->P6,P5,P6,3,0.0,1,1,1,1,1,0,0.0,0.0,0.0,0.0,0.0,0.0
qwen3_8b,EBM-NLP,16505427,P1->P2,P1,P2,3,0.00201721986134847,1,1,1,1,1,0,0.049019607843137206,0.049019607843137206,0.09150326797385622,0.09150326797385622,0.0,0.0
qwen3_8b,EBM-NLP,16505427,P2->P3,P2,P3,3,0.05002049605051676,1,1,1,1,1,0,0.0047619047619048005,0.0047619047619048005,-0.10158730158730161,0.10158730158730161,0.0,0.0
qwen3_8b,EBM-NLP,16505427,P3->P4,P3,P4,3,0.04026097059249878,1,1,1,1,1,0,0.014617940199335488,0.014617940199335488,0.0757475083056478,0.0757475083056478,0.0,0.0
qwen3_8b,EBM-NLP,16505427,P4->P5,P4,P5,3,0.07646852731704712,1,1,1,1,1,0,0.0898155573376104,0.0898155573376104,-0.14274258219727332,0.14274258219727332,0.0,0.0
qwen3_8b,EBM-NLP,16505427,P5->P6,P5,P6,3,0.0,1,1,1,1,1,0,0.0,0.0,0.0,0.0,0.0,0.0
qwen3_8b,EBM-NLP,1669598,P1->P2,P1,P2,3,0.06978118419647217,1,1,1,1,1,0,0.05303030303030298,0.05303030303030298,0.045454545454545525,0.045454545454545525,0.0,0.0
qwen3_8b,EBM-NLP,1669598,P2->P3,P2,P3,3,0.03428381681442261,1,1,1,1,1,0,0.021294021294021304,0.021294021294021304,-0.004914004914005066,0.004914004914005066,0.0,0.0
qwen3_8b,EBM-NLP,1669598,P3->P4,P3,P4,3,0.025150656700134277,1,1,1,1,1,0,-0.021294021294021304,0.021294021294021304,0.004914004914005066,0.004914004914005066,0.0,0.0
qwen3_8b,EBM-NLP,1669598,P4->P5,P4,P5,3,0.03215142091115316,1,1,1,1,1,0,-0.04496578690127079,0.04496578690127079,-0.15835777126099715,0.15835777126099715,0.0,0.0
qwen3_8b,EBM-NLP,1669598,P5->P6,P5,P6,3,0.011864781379699707,1,1,1,1,1,0,0.054435483870967805,0.054435483870967805,0.11290322580645173,0.11290322580645173,0.0,0.0
qwen3_8b,EBM-NLP,17293018,P1->P2,P1,P2,3,0.038680692513783775,1,1,1,1,1,0,0.0707692307692307,0.0707692307692307,0.1476923076923076,0.1476923076923076,0.0,0.0
qwen3_8b,EBM-NLP,17293018,P2->P3,P2,P3,3,0.09397143125534058,1,1,1,1,1,0,0.009230769230769292,0.009230769230769292,0.012307692307692408,0.012307692307692408,0.0,0.0
qwen3_8b,EBM-NLP,17293018,P3->P4,P3,P4,3,0.1209906538327535,1,1,1,1,1,0,-0.1530434782608696,0.1530434782608696,-0.2330434782608696,0.2330434782608696,0.0,0.0
qwen3_8b,EBM-NLP,17293018,P4->P5,P4,P5,3,0.24184258778889975,1,1,1,1,1,0,0.1739130434782609,0.1739130434782609,0.1739130434782609,0.1739130434782609,0.0,0.0
qwen3_8b,EBM-NLP,17293018,P5->P6,P5,P6,3,0.14990760882695517,1,1,1,1,1,0,-0.0869565217391304,0.0869565217391304,0.0,0.0,0.0,0.0
qwen3_8b,EBM-NLP,17321989,P1->P2,P1,P2,3,0.03599806626637777,1,1,1,1,1,0,-0.0606060606060606,0.0606060606060606,-0.011655011655011704,0.011655011655011704,0.0,0.0
qwen3_8b,EBM-NLP,17321989,P2->P3,P2,P3,3,0.0,1,1,1,1,1,0,0.0,0.0,0.0,0.0,0.0,0.0
qwen3_8b,EBM-NLP,17321989,P3->P4,P3,P4,3,0.03268170356750488,1,1,1,1,1,0,0.0,0.0,-0.08262108262108259,0.08262108262108259,0.0,0.0
qwen3_8b,EBM-NLP,17321989,P4->P5,P4,P5,3,0.08367423216501872,1,1,1,1,1,0,0.0,0.0,0.08262108262108259,0.08262108262108259,0.0,0.0
qwen3_8b,EBM-NLP,17321989,P5->P6,P5,P6,3,0.0,1,1,1,1,1,0,0.0,0.0,0.0,0.0,0.0,0.0
qwen3_8b,EBM-NLP,17616069,P1->P2,P1,P2,3,0.00253218412399292,1,1,1,1,1,0,0.010989010989011005,0.010989010989011005,-0.049450549450549386,0.049450549450549386,0.0,0.0
qwen3_8b,EBM-NLP,17616069,P2->P3,P2,P3,3,3.9736429850260414e-08,1,1,1,1,1,0,0.0,0.0,0.0,0.0,0.0,0.0
qwen3_8b,EBM-NLP,17616069,P3->P4,P3,P4,3,0.09113538265228271,1,1,1,1,1,0,0.012820512820512803,0.012820512820512803,-0.05769230769230771,0.05769230769230771,0.0,0.0
qwen3_8b,EBM-NLP,17616069,P4->P5,P4,P5,3,0.08228729168574016,1,1,1,1,1,0,-0.0757575757575757,0.0757575757575757,-0.15909090909090912,0.15909090909090912,0.0,0.0
qwen3_8b,EBM-NLP,17616069,P5->P6,P5,P6,3,0.0,1,1,1,1,1,0,0.0,0.0,0.0,0.0,0.0,0.0
qwen3_8b,EBM-NLP,1780092,P1->P2,P1,P2,3,5.960464477539063e-08,1,1,1,1,1,0,0.0,0.0,0.0,0.0,0.0,0.0
qwen3_8b,EBM-NLP,1780092,P2->P3,P2,P3,3,0.3371986349423726,1,1,1,1,1,0,0.14608695652173911,0.14608695652173911,0.22608695652173913,0.22608695652173913,0.0,0.0
qwen3_8b,EBM-NLP,1780092,P3->P4,P3,P4,3,0.011736035346984863,1,1,1,1,1,0,-0.14608695652173911,0.14608695652173911,-0.13913043478260873,0.13913043478260873,0.0,0.0
qwen3_8b,EBM-NLP,1780092,P4->P5,P4,P5,3,0.09324608246485393,1,1,1,1,1,0,0.03661327231121281,0.03661327231121281,0.05491990846681921,0.05491990846681921,0.0,0.0
qwen3_8b,EBM-NLP,1780092,P5->P6,P5,P6,3,0.1173168420791626,1,1,1,1,1,0,0.0,0.0,-0.10526315789473681,0.10526315789473681,0.0,0.0
qwen3_8b,EBM-NLP,17897478,P1->P2,P1,P2,3,0.3333333333333333,1,1,1,1,1,0,0.003322259136212591,0.003322259136212591,-0.03986710963455148,0.03986710963455148,0.0,0.0
qwen3_8b,EBM-NLP,17897478,P2->P3,P2,P3,3,0.0,1,1,1,1,1,0,0.0,0.0,0.0,0.0,0.0,0.0
qwen3_8b,EBM-NLP,17897478,P3->P4,P3,P4,3,0.010483860969543457,1,1,1,1,1,0,0.010989010989011005,0.010989010989011005,0.0219780219780219,0.0219780219780219,0.0,0.0
qwen3_8b,EBM-NLP,17897478,P4->P5,P4,P5,3,0.3554888168970744,1,1,1,1,1,0,-0.1538461538461538,0.1538461538461538,-0.0723981900452488,0.0723981900452488,0.0,0.0
qwen3_8b,EBM-NLP,17897478,P5->P6,P5,P6,3,0.0,1,1,1,1,1,0,0.0,0.0,0.0,0.0,0.0,0.0
qwen3_8b,EBM-NLP,18077611,P1->P2,P1,P2,3,0.005947391192118327,1,1,1,1,1,0,-0.1424903722721438,0.1424903722721438,-0.17201540436456997,0.17201540436456997,0.0,0.0
qwen3_8b,EBM-NLP,18077611,P2->P3,P2,P3,3,0.0559006134668986,1,1,1,1,1,0,-0.0526315789473684,0.0526315789473684,-0.045519203413940224,0.045519203413940224,0.0,0.0
qwen3_8b,EBM-NLP,18077611,P3->P4,P3,P4,3,0.03849794467290243,1,1,1,1,1,0,0.0,0.0,0.015444015444015413,0.015444015444015413,0.0,0.0
qwen3_8b,EBM-NLP,18077611,P4->P5,P4,P5,3,0.14027939240137735,1,1,1,1,1,0,0.0,0.0,0.008403361344537785,0.008403361344537785,0.0,0.0
qwen3_8b,EBM-NLP,18077611,P5->P6,P5,P6,3,0.17436655362447104,1,1,1,1,1,0,0.2380952380952381,0.2380952380952381,0.13445378151260512,0.13445378151260512,0.0,0.0
qwen3_8b,EBM-NLP,18189160,P1->P2,P1,P2,3,5.960464477539063e-08,1,1,1,1,1,0,0.0,0.0,0.0,0.0,0.0,0.0
qwen3_8b,EBM-NLP,18189160,P2->P3,P2,P3,3,5.960464477539063e-08,1,1,1,1,1,0,0.0,0.0,0.0,0.0,0.0,0.0
qwen3_8b,EBM-NLP,18189160,P3->P4,P3,P4,3,0.07978572448094685,1,1,1,1,1,0,-0.1291989664082688,0.1291989664082688,-0.12506459948320423,0.12506459948320423,0.0,0.0
qwen3_8b,EBM-NLP,18189160,P4->P5,P4,P5,3,0.12376401821772258,1,1,1,1,1,0,0.09302325581395349,0.09302325581395349,0.09302325581395351,0.09302325581395351,0.0,0.0
qwen3_8b,EBM-NLP,18189160,P5->P6,P5,P6,3,0.0,1,1,1,1,1,0,0.0,0.0,0.0,0.0,0.0,0.0
qwen3_8b,EBM-NLP,18229990,P1->P2,P1,P2,3,1.9868214925130207e-08,1,1,1,1,1,0,0.0,0.0,0.0,0.0,0.0,0.0
qwen3_8b,EBM-NLP,18229990,P2->P3,P2,P3,3,1.9868214925130207e-08,1,1,1,1,1,0,0.0,0.0,0.0,0.0,0.0,0.0
qwen3_8b,EBM-NLP,18229990,P3->P4,P3,P4,3,0.0663564403851827,1,1,1,1,1,0,0.0885780885780886,0.0885780885780886,0.29836829836829837,0.29836829836829837,0.0,0.0
qwen3_8b,EBM-NLP,18229990,P4->P5,P4,P5,3,0.07037997245788574,1,1,1,1,1,0,0.0652680652680653,0.0652680652680653,-0.29836829836829837,0.29836829836829837,0.0,0.0
qwen3_8b,EBM-NLP,18229990,P5->P6,P5,P6,3,3.9736429850260414e-08,1,1,1,1,1,0,0.0,0.0,0.0,0.0,0.0,0.0
qwen3_8b,EBM-NLP,18337284,P1->P2,P1,P2,3,0.013116260369618734,1,1,1,1,1,0,-0.0487179487179487,0.0487179487179487,-0.0487179487179487,0.0487179487179487,0.0,0.0
qwen3_8b,EBM-NLP,18337284,P2->P3,P2,P3,3,0.10267424583435059,1,1,1,1,1,0,0.0,0.0,0.1025641025641026,0.1025641025641026,0.0,0.0
qwen3_8b,EBM-NLP,18337284,P3->P4,P3,P4,3,0.04340942700703939,1,1,1,1,1,0,0.0,0.0,0.0,0.0,0.0,0.0
qwen3_8b,EBM-NLP,18337284,P4->P5,P4,P5,3,0.02261890967686971,1,1,1,1,1,0,0.05128205128205131,0.05128205128205131,-0.051282051282051294,0.051282051282051294,0.0,0.0
qwen3_8b,EBM-NLP,18337284,P5->P6,P5,P6,3,0.0187835693359375,1,1,1,1,1,0,0.0,0.0,0.051282051282051294,0.051282051282051294,0.0,0.0
qwen3_8b,EBM-NLP,18503531,P1->P2,P1,P2,3,1.9868214925130207e-08,1,1,1,1,1,0,0.0,0.0,0.0,0.0,0.0,0.0
qwen3_8b,EBM-NLP,18503531,P2->P3,P2,P3,3,1.9868214925130207e-08,1,1,1,1,1,0,0.0,0.0,0.0,0.0,0.0,0.0
qwen3_8b,EBM-NLP,18503531,P3->P4,P3,P4,3,1.9868214925130207e-08,1,1,1,1,1,0,0.0,0.0,0.0,0.0,0.0,0.0
qwen3_8b,EBM-NLP,18503531,P4->P5,P4,P5,3,0.06979936361312866,1,1,1,1,1,0,0.0909090909090909,0.0909090909090909,0.0,0.0,0.0,0.0
qwen3_8b,EBM-NLP,18503531,P5->P6,P5,P6,3,1.9868214925130207e-08,1,1,1,1,1,0,0.0,0.0,0.0,0.0,0.0,0.0
qwen3_8b,EBM-NLP,18544974,P1->P2,P1,P2,3,0.021969954172770183,1,1,1,1,1,0,-0.012698412698412709,0.012698412698412709,-0.057142857142857106,0.057142857142857106,0.0,0.0
qwen3_8b,EBM-NLP,18544974,P2->P3,P2,P3,3,0.022595783074696858,1,1,1,1,1,0,-0.044984802431610904,0.044984802431610904,0.04012158054711251,0.04012158054711251,0.0,0.0
qwen3_8b,EBM-NLP,18544974,P3->P4,P3,P4,3,0.028278847535451252,1,1,1,1,1,0,-0.003754693366708417,0.003754693366708417,-0.08886107634543183,0.08886107634543183,0.0,0.0
qwen3_8b,EBM-NLP,18544974,P4->P5,P4,P5,3,0.03811927636464437,1,1,1,1,1,0,-0.10056925996204938,0.10056925996204938,-0.10056925996204938,0.10056925996204938,0.0,0.0
qwen3_8b,EBM-NLP,18544974,P5->P6,P5,P6,3,0.046665708223978676,1,1,1,1,1,0,0.09913453973249417,0.09913453973249417,0.1966955153422503,0.1966955153422503,0.0,0.0
qwen3_8b,EBM-NLP,18773733,P1->P2,P1,P2,3,0.004783431688944499,1,1,1,1,1,0,-0.062111801242235976,0.062111801242235976,-0.05383022774327123,0.05383022774327123,0.0,0.0
qwen3_8b,EBM-NLP,18773733,P2->P3,P2,P3,3,0.0,1,1,1,1,1,0,0.0,0.0,0.0,0.0,0.0,0.0
qwen3_8b,EBM-NLP,18773733,P3->P4,P3,P4,3,0.06565131743748982,1,1,1,1,1,0,-0.1904761904761905,0.1904761904761905,-0.19047619047619047,0.19047619047619047,0.0,0.0
qwen3_8b,EBM-NLP,18773733,P4->P5,P4,P5,3,1.0,1,1,1,0,0,1,-0.0952380952380952,0.0952380952380952,-0.1904761904761904,0.1904761904761904,0.0,0.0
qwen3_8b,EBM-NLP,18773733,P5->P6,P5,P6,3,1.0,1,1,0,1,0,0,0.5,0.5,0.5625,0.5625,0.0,0.0
qwen3_8b,EBM-NLP,18783504,P1->P2,P1,P2,3,0.028818388779958088,1,1,1,1,1,0,0.037593984962406,0.037593984962406,0.06516290726817037,0.06516290726817037,0.0,0.0
qwen3_8b,EBM-NLP,18783504,P2->P3,P2,P3,3,0.0015518466631571453,1,1,1,1,1,0,-0.04285714285714279,0.04285714285714279,0.019047619047619146,0.019047619047619146,0.0,0.0
qwen3_8b,EBM-NLP,18783504,P3->P4,P3,P4,3,0.36038978894551593,1,1,1,1,1,0,0.005263157894736789,0.005263157894736789,-0.08421052631578951,0.08421052631578951,0.0,0.0
qwen3_8b,EBM-NLP,18783504,P4->P5,P4,P5,3,0.3585655291875203,1,1,1,1,1,0,-0.1052631578947368,0.1052631578947368,-0.1867572156196944,0.1867572156196944,0.0,0.0
qwen3_8b,EBM-NLP,18783504,P5->P6,P5,P6,3,0.011826117833455404,1,1,1,1,1,0,0.064516129032258,0.064516129032258,0.0,0.0,0.0,0.0
qwen3_8b,EBM-NLP,18845996,P1->P2,P1,P2,3,0.05278788010279337,1,1,1,1,1,0,-0.047438330170778004,0.047438330170778004,-0.03605313092979129,0.03605313092979129,0.0,0.0
qwen3_8b,EBM-NLP,18845996,P2->P3,P2,P3,3,7.947285970052083e-08,1,1,1,1,1,0,0.0,0.0,0.0,0.0,0.0,0.0
qwen3_8b,EBM-NLP,18845996,P3->P4,P3,P4,3,0.035207112630208336,1,1,1,1,1,0,0.0527859237536657,0.0527859237536657,0.04496578690127079,0.04496578690127079,0.0,0.0
qwen3_8b,EBM-NLP,18845996,P4->P5,P4,P5,3,0.06862060228983562,1,1,1,1,1,0,-0.1128526645768025,0.1128526645768025,-0.09613375130616508,0.09613375130616508,0.0,0.0
qwen3_8b,EBM-NLP,18845996,P5->P6,P5,P6,3,0.05509432156880697,1,1,1,1,1,0,0.0,0.0,-0.06896551724137931,0.06896551724137931,0.0,0.0
qwen3_8b,EBM-NLP,18958161,P1->P2,P1,P2,3,0.017620186010996502,1,1,1,1,1,0,-0.08,0.08,-0.2333333333333333,0.2333333333333333,0.0,0.0
qwen3_8b,EBM-NLP,18958161,P2->P3,P2,P3,3,0.023939232031504314,1,1,1,1,1,0,0.0869565217391304,0.0869565217391304,0.18115942028985507,0.18115942028985507,0.0,0.0
qwen3_8b,EBM-NLP,18958161,P3->P4,P3,P4,3,0.02808984120686849,1,1,1,1,1,0,0.003952569169960493,0.003952569169960493,-0.16600790513833988,0.16600790513833988,0.0,0.0
qwen3_8b,EBM-NLP,18958161,P4->P5,P4,P5,3,0.027714987595876057,1,1,1,1,1,0,-0.0909090909090909,0.0909090909090909,-0.076555023923445,0.076555023923445,0.0,0.0
qwen3_8b,EBM-NLP,18958161,P5->P6,P5,P6,3,0.033100644747416176,1,1,1,1,1,0,0.0,0.0,0.14473684210526322,0.14473684210526322,0.0,0.0
qwen3_8b,EBM-NLP,18975051,P1->P2,P1,P2,3,0.08079355955123901,1,1,1,1,1,0,0.0,0.0,0.0833333333333333,0.0833333333333333,0.0,0.0
qwen3_8b,EBM-NLP,18975051,P2->P3,P2,P3,3,0.0156896710395813,1,1,1,1,1,0,0.0,0.0,0.0036231884057971037,0.0036231884057971037,0.0,0.0
qwen3_8b,EBM-NLP,18975051,P3->P4,P3,P4,3,0.16839486360549927,1,1,1,1,1,0,0.0,0.0,-0.0869565217391304,0.0869565217391304,0.0,0.0
qwen3_8b,EBM-NLP,18975051,P4->P5,P4,P5,3,0.2694912552833557,1,1,1,1,1,0,0.0,0.0,0.0,0.0,0.0,0.0
qwen3_8b,EBM-NLP,18975051,P5->P6,P5,P6,3,0.5317124525705973,1,1,1,1,1,0,0.0,0.0,0.0,0.0,0.0,0.0
qwen3_8b,EBM-NLP,19096921,P1->P2,P1,P2,3,1.9868214925130207e-08,1,1,1,1,1,0,0.0,0.0,0.0,0.0,0.0,0.0
qwen3_8b,EBM-NLP,19096921,P2->P3,P2,P3,3,1.9868214925130207e-08,1,1,1,1,1,0,0.0,0.0,0.0,0.0,0.0,0.0
qwen3_8b,EBM-NLP,19096921,P3->P4,P3,P4,3,0.017554740111033123,1,1,1,1,1,0,0.1290322580645161,0.1290322580645161,0.02304147465437789,0.02304147465437789,0.0,0.0
qwen3_8b,EBM-NLP,19096921,P4->P5,P4,P5,3,0.01983356475830078,1,1,1,1,1,0,-0.0576036866359447,0.0576036866359447,-0.02304147465437789,0.02304147465437789,0.0,0.0
qwen3_8b,EBM-NLP,19096921,P5->P6,P5,P6,3,0.009091695149739584,1,1,1,1,1,0,0.0026455026455026037,0.0026455026455026037,-0.05820105820105809,0.05820105820105809,0.0,0.0
qwen3_8b,EBM-NLP,19108790,P1->P2,P1,P2,3,0.0,1,1,1,1,1,0,0.0,0.0,0.0,0.0,0.0,0.0
qwen3_8b,EBM-NLP,19108790,P2->P3,P2,P3,3,0.020169893900553387,1,1,1,1,1,0,-0.1454545454545454,0.1454545454545454,-0.1090909090909091,0.1090909090909091,0.0,0.0
qwen3_8b,EBM-NLP,19108790,P3->P4,P3,P4,3,0.10136622190475464,1,1,1,1,1,0,0.1111111111111111,0.1111111111111111,0.0760942760942761,0.0760942760942761,0.0,0.0
qwen3_8b,EBM-NLP,19108790,P4->P5,P4,P5,3,0.14600270986557007,1,1,1,1,1,0,-0.0726495726495727,0.0726495726495727,-0.1082621082621083,0.1082621082621083,0.0,0.0
qwen3_8b,EBM-NLP,19108790,P5->P6,P5,P6,3,0.05668793121973673,1,1,1,1,1,0,0.1096866096866097,0.1096866096866097,0.1082621082621083,0.1082621082621083,0.0,0.0
qwen3_8b,EBM-NLP,19159999,P1->P2,P1,P2,3,3.9736429850260414e-08,1,1,1,1,1,0,0.0,0.0,0.0,0.0,0.0,0.0
qwen3_8b,EBM-NLP,19159999,P2->P3,P2,P3,3,0.04360644022623698,1,1,1,1,1,0,-0.1744324970131422,0.1744324970131422,-0.21983273596176822,0.21983273596176822,0.0,0.0
qwen3_8b,EBM-NLP,19159999,P3->P4,P3,P4,3,0.12693587938944498,1,1,1,1,1,0,0.0,0.0,-0.07407407407407418,0.07407407407407418,0.0,0.0
qwen3_8b,EBM-NLP,19159999,P4->P5,P4,P5,3,0.008931795756022135,1,1,1,1,1,0,0.12771392081736907,0.12771392081736907,0.12260536398467448,0.12260536398467448,0.0,0.0
qwen3_8b,EBM-NLP,19159999,P5->P6,P5,P6,3,0.13201630115509033,1,1,1,1,1,0,-0.12771392081736907,0.12771392081736907,-0.048531289910600295,0.048531289910600295,0.0,0.0
qwen3_8b,EBM-NLP,19301724,P1->P2,P1,P2,3,0.01918095350265503,1,1,1,1,1,0,0.05335968379446632,0.05335968379446632,0.05533596837944671,0.05533596837944671,0.0,0.0
qwen3_8b,EBM-NLP,19301724,P2->P3,P2,P3,3,0.01918095350265503,1,1,1,1,1,0,-0.05335968379446632,0.05335968379446632,-0.05533596837944671,0.05533596837944671,0.0,0.0
qwen3_8b,EBM-NLP,19301724,P3->P4,P3,P4,3,0.028529882431030273,1,1,1,1,1,0,0.0525020508613617,0.0525020508613617,0.12223133716160789,0.12223133716160789,0.0,0.0
qwen3_8b,EBM-NLP,19301724,P4->P5,P4,P5,3,0.06505705912907918,1,1,1,1,1,0,-0.0642529321774605,0.0642529321774605,-0.12340642529321769,0.12340642529321769,0.0,0.0
qwen3_8b,EBM-NLP,19301724,P5->P6,P5,P6,3,0.0554534395535787,1,1,1,1,1,0,0.028314028314028322,0.028314028314028322,0.0694980694980695,0.0694980694980695,0.0,0.0
qwen3_8b,EBM-NLP,19376304,P1->P2,P1,P2,3,0.023574928442637127,1,1,1,1,1,0,-0.060869565217391286,0.060869565217391286,-0.047826086956521685,0.047826086956521685,0.0,0.0
qwen3_8b,EBM-NLP,19376304,P2->P3,P2,P3,3,0.019946813583374023,1,1,1,1,1,0,0.0,0.0,0.0,0.0,0.0,0.0
qwen3_8b,EBM-NLP,19376304,P3->P4,P3,P4,3,1.9868214925130207e-08,1,1,1,1,1,0,0.0,0.0,0.0,0.0,0.0,0.0
qwen3_8b,EBM-NLP,19376304,P4->P5,P4,P5,3,0.019946813583374023,1,1,1,1,1,0,0.0,0.0,0.0,0.0,0.0,0.0
qwen3_8b,EBM-NLP,19376304,P5->P6,P5,P6,3,0.019946813583374023,1,1,1,1,1,0,0.0,0.0,0.0,0.0,0.0,0.0
qwen3_8b,EBM-NLP,1963383,P1->P2,P1,P2,3,0.0011875430742899578,1,1,1,1,1,0,0.0,0.0,0.0,0.0,0.0,0.0
qwen3_8b,EBM-NLP,1963383,P2->P3,P2,P3,3,0.0028640429178873696,1,1,1,1,1,0,0.0052910052910053185,0.0052910052910053185,-0.0582010582010582,0.0582010582010582,0.0,0.0
qwen3_8b,EBM-NLP,1963383,P3->P4,P3,P4,3,0.023492753505706787,1,1,1,1,1,0,0.09427609427609429,0.09427609427609429,0.053872053872053904,0.053872053872053904,0.0,0.0
qwen3_8b,EBM-NLP,1963383,P4->P5,P4,P5,3,0.04132638374964396,1,1,1,1,1,0,-0.0885780885780886,0.0885780885780886,-0.11655011655011649,0.11655011655011649,0.0,0.0
qwen3_8b,EBM-NLP,1963383,P5->P6,P5,P6,3,0.04067166646321615,1,1,1,1,1,0,0.039702233250620306,0.039702233250620306,0.07940446650124061,0.07940446650124061,0.0,0.0
qwen3_8b,EBM-NLP,1968178,P1->P2,P1,P2,3,0.0,1,1,1,1,1,0,0.0,0.0,0.0,0.0,0.0,0.0
qwen3_8b,EBM-NLP,1968178,P2->P3,P2,P3,3,0.0,1,1,1,1,1,0,0.0,0.0,0.0,0.0,0.0,0.0
qwen3_8b,EBM-NLP,1968178,P3->P4,P3,P4,3,0.3460063735644023,1,1,1,1,1,0,-0.11180124223602489,0.11180124223602489,0.045548654244306375,0.045548654244306375,0.0,0.0
qwen3_8b,EBM-NLP,1968178,P4->P5,P4,P5,3,0.35497931639353436,1,1,1,1,1,0,-0.0739130434782608,0.0739130434782608,-0.12173913043478246,0.12173913043478246,0.0,0.0
qwen3_8b,EBM-NLP,1968178,P5->P6,P5,P6,3,0.013197779655456543,1,1,1,1,1,0,0.0,0.0,0.0,0.0,0.0,0.0
qwen3_8b,EBM-NLP,19708562,P1->P2,P1,P2,3,0.01612796386082967,1,1,1,1,1,0,-0.08421052631578951,0.08421052631578951,-0.0736842105263158,0.0736842105263158,0.0,0.0
qwen3_8b,EBM-NLP,19708562,P2->P3,P2,P3,3,0.026731630166371662,1,1,1,1,1,0,-0.01578947368421052,0.01578947368421052,-0.02631578947368418,0.02631578947368418,0.0,0.0
qwen3_8b,EBM-NLP,19708562,P3->P4,P3,P4,3,0.009905715783437094,1,1,1,1,1,0,0.17619047619047623,0.17619047619047623,0.16666666666666663,0.16666666666666663,0.0,0.0
qwen3_8b,EBM-NLP,19708562,P4->P5,P4,P5,3,0.0,1,1,1,1,1,0,0.0,0.0,0.0,0.0,0.0,0.0
qwen3_8b,EBM-NLP,19708562,P5->P6,P5,P6,3,0.0,1,1,1,1,1,0,0.0,0.0,0.0,0.0,0.0,0.0
qwen3_8b,EBM-NLP,19727232,P1->P2,P1,P2,3,0.0060750047365824384,1,1,1,1,1,0,0.019115890083632014,0.019115890083632014,0.019115890083632014,0.019115890083632014,0.0,0.0
qwen3_8b,EBM-NLP,19727232,P2->P3,P2,P3,3,0.0,1,1,1,1,1,0,0.0,0.0,0.0,0.0,0.0,0.0
qwen3_8b,EBM-NLP,19727232,P3->P4,P3,P4,3,0.0,1,1,1,1,1,0,0.0,0.0,0.0,0.0,0.0,0.0
qwen3_8b,EBM-NLP,19727232,P4->P5,P4,P5,3,0.0,1,1,1,1,1,0,0.0,0.0,0.0,0.0,0.0,0.0
qwen3_8b,EBM-NLP,19727232,P5->P6,P5,P6,3,0.0,1,1,1,1,1,0,0.0,0.0,0.0,0.0,0.0,0.0
qwen3_8b,EBM-NLP,19802506,P1->P2,P1,P2,3,0.0014628171920776367,1,1,1,1,1,0,0.0032653061224489077,0.0032653061224489077,-0.03428571428571431,0.03428571428571431,0.0,0.0
qwen3_8b,EBM-NLP,19802506,P2->P3,P2,P3,3,0.0,1,1,1,1,1,0,0.0,0.0,0.0,0.0,0.0,0.0
qwen3_8b,EBM-NLP,19802506,P3->P4,P3,P4,3,0.026072343190511067,1,1,1,1,1,0,-0.11978704525288371,0.11978704525288371,-0.11180124223602489,0.11180124223602489,0.0,0.0
qwen3_8b,EBM-NLP,19802506,P4->P5,P4,P5,3,0.024731735388437908,1,1,1,1,1,0,0.0434782608695652,0.0434782608695652,0.0,0.0,0.0,0.0
qwen3_8b,EBM-NLP,19802506,P5->P6,P5,P6,3,0.006293892860412598,1,1,1,1,1,0,-0.0434782608695652,0.0434782608695652,0.0,0.0,0.0,0.0
qwen3_8b,EBM-NLP,20147856,P1->P2,P1,P2,3,0.027396659056345623,1,1,1,1,1,0,-0.1428571428571428,0.1428571428571428,-0.0582010582010582,0.0582010582010582,0.0,0.0
qwen3_8b,EBM-NLP,20147856,P2->P3,P2,P3,3,0.07700103521347046,1,1,1,1,1,0,0.074074074074074,0.074074074074074,0.07407407407407418,0.07407407407407418,0.0,0.0
qwen3_8b,EBM-NLP,20147856,P3->P4,P3,P4,3,0.05866058667500814,1,1,1,1,1,0,0.0687830687830688,0.0687830687830688,0.055555555555555525,0.055555555555555525,0.0,0.0
qwen3_8b,EBM-NLP,20147856,P4->P5,P4,P5,3,0.05094641447067261,1,1,1,1,1,0,-0.1428571428571428,0.1428571428571428,-0.055555555555555525,0.055555555555555525,0.0,0.0
qwen3_8b,EBM-NLP,20147856,P5->P6,P5,P6,3,0.0,1,1,1,1,1,0,0.0,0.0,0.0,0.0,0.0,0.0
qwen3_8b,EBM-NLP,20189026,P1->P2,P1,P2,3,0.012364625930786133,1,1,1,1,1,0,-0.0527859237536657,0.0527859237536657,-0.04496578690127079,0.04496578690127079,0.0,0.0
qwen3_8b,EBM-NLP,20189026,P2->P3,P2,P3,3,0.0,1,1,1,1,1,0,0.0,0.0,0.0,0.0,0.0,0.0
qwen3_8b,EBM-NLP,20189026,P3->P4,P3,P4,3,0.04383071263631185,1,1,1,1,1,0,0.008898776418242493,0.008898776418242493,-0.051167964404894295,0.051167964404894295,0.0,0.0
qwen3_8b,EBM-NLP,20189026,P4->P5,P4,P5,3,0.013900160789489746,1,1,1,1,1,0,0.0,0.0,0.0,0.0,0.0,0.0
qwen3_8b,EBM-NLP,20189026,P5->P6,P5,P6,3,0.040352821350097656,1,1,1,1,1,0,-0.0689655172413793,0.0689655172413793,0.0,0.0,0.0,0.0
qwen3_8b,EBM-NLP,20226474,P1->P2,P1,P2,3,0.056917806466420494,1,1,1,1,1,0,-0.08074011774600509,0.08074011774600509,-0.20437342304457531,0.20437342304457531,0.0,0.0
qwen3_8b,EBM-NLP,20226474,P2->P3,P2,P3,3,0.023753345012664795,1,1,1,1,1,0,-0.04127579737335829,0.04127579737335829,-0.03877423389618512,0.03877423389618512,0.0,0.0
qwen3_8b,EBM-NLP,20226474,P3->P4,P3,P4,3,0.004787127176920573,1,1,1,1,1,0,0.0,0.0,0.0,0.0,0.0,0.0
qwen3_8b,EBM-NLP,20226474,P4->P5,P4,P5,3,0.004787127176920573,1,1,1,1,1,0,0.0,0.0,0.0,0.0,0.0,0.0
qwen3_8b,EBM-NLP,20226474,P5->P6,P5,P6,3,0.004787127176920573,1,1,1,1,1,0,0.0,0.0,0.0,0.0,0.0,0.0
qwen3_8b,EBM-NLP,20509069,P1->P2,P1,P2,3,7.947285970052083e-08,1,1,1,1,1,0,0.0,0.0,0.0,0.0,0.0,0.0
qwen3_8b,EBM-NLP,20509069,P2->P3,P2,P3,3,0.04942268133163452,1,1,1,1,1,0,-0.2727272727272727,0.2727272727272727,-0.09090909090909105,0.09090909090909105,0.0,0.0
qwen3_8b,EBM-NLP,20509069,P3->P4,P3,P4,3,0.09455766280492146,1,1,1,1,1,0,-0.07070707070707069,0.07070707070707069,-0.12121212121212116,0.12121212121212116,0.0,0.0
qwen3_8b,EBM-NLP,20509069,P4->P5,P4,P5,3,0.04368788003921509,1,1,1,1,1,0,0.3099415204678363,0.3099415204678363,0.08771929824561409,0.08771929824561409,0.0,0.0
qwen3_8b,EBM-NLP,20509069,P5->P6,P5,P6,3,0.0,1,1,1,1,1,0,0.0,0.0,0.0,0.0,0.0,0.0
qwen3_8b,EBM-NLP,20560622,P1->P2,P1,P2,3,0.0020341078440348306,1,1,1,1,1,0,0.008602150537634301,0.008602150537634301,0.021505376344086113,0.021505376344086113,0.0,0.0
qwen3_8b,EBM-NLP,20560622,P2->P3,P2,P3,3,0.0,1,1,1,1,1,0,0.0,0.0,0.0,0.0,0.0,0.0
qwen3_8b,EBM-NLP,20560622,P3->P4,P3,P4,3,0.005412697792053223,1,1,1,1,1,0,0.07816091954022997,0.07816091954022997,-0.11494252873563227,0.11494252873563227,0.0,0.0
qwen3_8b,EBM-NLP,20560622,P4->P5,P4,P5,3,0.06562680006027222,1,1,1,1,1,0,-0.24958949096880137,0.24958949096880137,-0.361247947454844,0.361247947454844,0.0,0.0
qwen3_8b,EBM-NLP,20560622,P5->P6,P5,P6,3,0.07199873526891072,1,1,1,1,1,0,0.1547619047619048,0.1547619047619048,0.30952380952380953,0.30952380952380953,0.0,0.0
qwen3_8b,EBM-NLP,20618920,P1->P2,P1,P2,3,0.015237033367156982,1,1,1,1,1,0,0.0,0.0,0.1538461538461538,0.1538461538461538,0.0,0.0
qwen3_8b,EBM-NLP,20618920,P2->P3,P2,P3,3,0.012577454249064127,1,1,1,1,1,0,0.012820512820512803,0.012820512820512803,-0.11538461538461531,0.11538461538461531,0.0,0.0
qwen3_8b,EBM-NLP,20618920,P3->P4,P3,P4,3,0.03148728609085083,1,1,1,1,1,0,0.0,0.0,-0.16666666666666669,0.16666666666666669,0.0,0.0
qwen3_8b,EBM-NLP,20618920,P4->P5,P4,P5,3,0.040795365969340004,1,1,1,1,1,0,0.1666666666666667,0.1666666666666667,0.16666666666666669,0.16666666666666669,0.0,0.0
qwen3_8b,EBM-NLP,20618920,P5->P6,P5,P6,3,1.9868214925130207e-08,1,1,1,1,1,0,0.0,0.0,0.0,0.0,0.0,0.0
qwen3_8b,EBM-NLP,2066441,P1->P2,P1,P2,3,3.9736429850260414e-08,1,1,1,1,1,0,0.0,0.0,0.0,0.0,0.0,0.0
qwen3_8b,EBM-NLP,2066441,P2->P3,P2,P3,3,0.052373270193735756,1,1,1,1,1,0,0.0,0.0,-0.1282051282051282,0.1282051282051282,0.0,0.0
qwen3_8b,EBM-NLP,2066441,P3->P4,P3,P4,3,0.058041791121164955,1,1,1,1,1,0,0.0,0.0,0.030303030303030276,0.030303030303030276,0.0,0.0
qwen3_8b,EBM-NLP,2066441,P4->P5,P4,P5,3,0.08661582072575887,1,1,1,1,1,0,0.1,0.1,-0.16363636363636358,0.16363636363636358,0.0,0.0
qwen3_8b,EBM-NLP,2066441,P5->P6,P5,P6,3,1.9868214925130207e-08,1,1,1,1,1,0,0.0,0.0,0.0,0.0,0.0,0.0
qwen3_8b,EBM-NLP,20739054,P1->P2,P1,P2,3,0.003572364648183187,1,1,1,1,1,0,0.004439511653718101,0.004439511653718101,-0.06955234924158338,0.06955234924158338,0.0,0.0
qwen3_8b,EBM-NLP,20739054,P2->P3,P2,P3,3,0.0015918612480163574,1,1,1,1,1,0,-0.004439511653718101,0.004439511653718101,0.031816500184979585,0.031816500184979585,0.0,0.0
qwen3_8b,EBM-NLP,20739054,P3->P4,P3,P4,3,0.09232185284296672,1,1,1,1,1,0,-0.0243186582809225,0.0243186582809225,-0.09979035639413,0.09979035639413,0.0,0.0
qwen3_8b,EBM-NLP,20739054,P4->P5,P4,P5,3,0.3438838720321655,1,1,1,1,1,0,-0.043434343434343395,0.043434343434343395,0.0020202020202021026,0.0020202020202021026,0.0,0.0
qwen3_8b,EBM-NLP,20739054,P5->P6,P5,P6,3,0.3333333333333333,1,1,1,1,1,0,-0.0010101010101010027,0.0010101010101010027,-0.0020202020202021026,0.0020202020202021026,0.0,0.0
qwen3_8b,EBM-NLP,20804366,P1->P2,P1,P2,3,0.03410853942235311,1,1,1,1,1,0,0.03878787878787869,0.03878787878787869,0.1381818181818181,0.1381818181818181,0.0,0.0
qwen3_8b,EBM-NLP,20804366,P2->P3,P2,P3,3,0.0009951194127400715,1,1,1,1,1,0,0.0,0.0,0.0,0.0,0.0,0.0
qwen3_8b,EBM-NLP,20804366,P3->P4,P3,P4,3,0.03013056516647339,1,1,1,1,1,0,-0.0547368421052631,0.0547368421052631,-0.1621052631578947,0.1621052631578947,0.0,0.0
qwen3_8b,EBM-NLP,20804366,P4->P5,P4,P5,3,0.032462855180104576,1,1,1,1,1,0,0.1347368421052632,0.1347368421052632,0.1621052631578947,0.1621052631578947,0.0,0.0
qwen3_8b,EBM-NLP,20804366,P5->P6,P5,P6,3,0.009840786457061768,1,1,1,1,1,0,0.0,0.0,0.0,0.0,0.0,0.0
qwen3_8b,EBM-NLP,2088233,P1->P2,P1,P2,3,3.9736429850260414e-08,1,1,1,1,1,0,0.0,0.0,0.0,0.0,0.0,0.0
qwen3_8b,EBM-NLP,2088233,P2->P3,P2,P3,3,3.9736429850260414e-08,1,1,1,1,1,0,0.0,0.0,0.0,0.0,0.0,0.0
qwen3_8b,EBM-NLP,2088233,P3->P4,P3,P4,3,0.0411370595296224,1,1,1,1,1,0,0.025263157894736793,0.025263157894736793,0.1557894736842105,0.1557894736842105,0.0,0.0
qwen3_8b,EBM-NLP,2088233,P4->P5,P4,P5,3,0.03718161582946777,1,1,1,1,1,0,0.08521303258145362,0.08521303258145362,0.06516290726817037,0.06516290726817037,0.0,0.0
qwen3_8b,EBM-NLP,2088233,P5->P6,P5,P6,3,0.027451733748118084,1,1,1,1,1,0,-0.08521303258145362,0.08521303258145362,-0.06516290726817037,0.06516290726817037,0.0,0.0
qwen3_8b,EBM-NLP,20943715,P1->P2,P1,P2,3,3.9736429850260414e-08,1,1,1,1,1,0,0.0,0.0,0.0,0.0,0.0,0.0
qwen3_8b,EBM-NLP,20943715,P2->P3,P2,P3,3,3.9736429850260414e-08,1,1,1,1,1,0,0.0,0.0,0.0,0.0,0.0,0.0
qwen3_8b,EBM-NLP,20943715,P3->P4,P3,P4,3,0.022283772627512615,1,1,1,1,1,0,-0.04575163398692811,0.04575163398692811,-0.09803921568627452,0.09803921568627452,0.0,0.0
qwen3_8b,EBM-NLP,20943715,P4->P5,P4,P5,3,0.05452863375345866,1,1,1,1,1,0,0.05210084033613449,0.05210084033613449,0.050420168067226906,0.050420168067226906,0.0,0.0
qwen3_8b,EBM-NLP,20943715,P5->P6,P5,P6,3,0.022283732891082764,1,1,1,1,1,0,-0.0467532467532468,0.0467532467532468,-0.1038961038961039,0.1038961038961039,0.0,0.0
qwen3_8b,EBM-NLP,21029638,P1->P2,P1,P2,3,0.0,1,1,1,1,1,0,0.0,0.0,0.0,0.0,0.0,0.0
qwen3_8b,EBM-NLP,21029638,P2->P3,P2,P3,3,0.02563240130742391,1,1,1,1,1,0,0.06666666666666671,0.06666666666666671,0.0,0.0,0.0,0.0
qwen3_8b,EBM-NLP,21029638,P3->P4,P3,P4,3,0.02791672945022583,1,1,1,1,1,0,0.014814814814814808,0.014814814814814808,0.022222222222222088,0.022222222222222088,0.0,0.0
qwen3_8b,EBM-NLP,21029638,P4->P5,P4,P5,3,0.03276612361272176,1,1,1,1,1,0,-0.07918263090676882,0.07918263090676882,-0.08429118773946351,0.08429118773946351,0.0,0.0
qwen3_8b,EBM-NLP,21029638,P5->P6,P5,P6,3,5.960464477539063e-08,1,1,1,1,1,0,0.0,0.0,0.0,0.0,0.0,0.0
qwen3_8b,EBM-NLP,21106663,P1->P2,P1,P2,3,0.07889946301778157,1,1,1,1,1,0,0.005263157894736789,0.005263157894736789,-0.09473684210526322,0.09473684210526322,0.0,0.0
qwen3_8b,EBM-NLP,21106663,P2->P3,P2,P3,3,0.0839029351870219,1,1,1,1,1,0,0.00584795321637431,0.00584795321637431,0.11695906432748542,0.11695906432748542,0.0,0.0
qwen3_8b,EBM-NLP,21106663,P3->P4,P3,P4,3,0.01325454314549764,1,1,1,1,1,0,0.0,0.0,-0.1111111111111111,0.1111111111111111,0.0,0.0
qwen3_8b,EBM-NLP,21106663,P4->P5,P4,P5,3,0.0323372483253479,1,1,1,1,1,0,0.006535947712418291,0.006535947712418291,0.12418300653594769,0.12418300653594769,0.0,0.0
qwen3_8b,EBM-NLP,21106663,P5->P6,P5,P6,3,0.0,1,1,1,1,1,0,0.0,0.0,0.0,0.0,0.0,0.0
qwen3_8b,EBM-NLP,21170734,P1->P2,P1,P2,3,1.9868214925130207e-08,1,1,1,1,1,0,0.0,0.0,0.0,0.0,0.0,0.0
qwen3_8b,EBM-NLP,21170734,P2->P3,P2,P3,3,0.0037343700726826987,1,1,1,1,1,0,0.08695652173913049,0.08695652173913049,0.0,0.0,0.0,0.0
qwen3_8b,EBM-NLP,21170734,P3->P4,P3,P4,3,0.03377904494603475,1,1,1,1,1,0,-0.007246376811594291,0.007246376811594291,-0.018115942028985532,0.018115942028985532,0.0,0.0
qwen3_8b,EBM-NLP,21170734,P4->P5,P4,P5,3,0.023131827513376873,1,1,1,1,1,0,-0.0757575757575757,0.0757575757575757,-0.053030303030303094,0.053030303030303094,0.0,0.0
qwen3_8b,EBM-NLP,21170734,P5->P6,P5,P6,3,3.9736429850260414e-08,1,1,1,1,1,0,0.0,0.0,0.0,0.0,0.0,0.0
qwen3_8b,EBM-NLP,21211686,P1->P2,P1,P2,3,0.0025760531425476074,1,1,1,1,1,0,0.1405152224824356,0.1405152224824356,0.09894613583138168,0.09894613583138168,0.0,0.0
qwen3_8b,EBM-NLP,21211686,P2->P3,P2,P3,3,0.0016398429870605469,1,1,1,1,1,0,-0.0469191633691351,0.0469191633691351,-0.043527416619559,0.043527416619559,0.0,0.0
qwen3_8b,EBM-NLP,21211686,P3->P4,P3,P4,3,0.019676268100738525,1,1,1,1,1,0,-0.2568613652357495,0.2568613652357495,-0.24419422941590438,0.24419422941590438,0.0,0.0
qwen3_8b,EBM-NLP,21211686,P4->P5,P4,P5,3,0.016047100226084392,1,1,1,1,1,0,0.04081632653061229,0.04081632653061229,0.0,0.0,0.0,0.0
qwen3_8b,EBM-NLP,21211686,P5->P6,P5,P6,3,0.0,1,1,1,1,1,0,0.0,0.0,0.0,0.0,0.0,0.0
qwen3_8b,EBM-NLP,21393467,P1->P2,P1,P2,3,5.960464477539063e-08,1,1,1,1,1,0,0.0,0.0,0.0,0.0,0.0,0.0
qwen3_8b,EBM-NLP,21393467,P2->P3,P2,P3,3,0.02546258767445882,1,1,1,1,1,0,0.0,0.0,-0.1428571428571428,0.1428571428571428,0.0,0.0
qwen3_8b,EBM-NLP,21393467,P3->P4,P3,P4,3,0.0703123410542806,1,1,1,1,1,0,-0.1428571428571428,0.1428571428571428,0.047619047619047616,0.047619047619047616,0.0,0.0
qwen3_8b,EBM-NLP,21393467,P4->P5,P4,P5,3,0.1069444219271342,1,1,1,1,1,0,0.1818181818181818,0.1818181818181818,0.2121212121212121,0.2121212121212121,0.0,0.0
qwen3_8b,EBM-NLP,21393467,P5->P6,P5,P6,3,0.0,1,1,1,1,1,0,0.0,0.0,0.0,0.0,0.0,0.0
qwen3_8b,EBM-NLP,21491990,P1->P2,P1,P2,3,9.934107462565105e-08,1,1,1,1,1,0,0.0,0.0,0.0,0.0,0.0,0.0
qwen3_8b,EBM-NLP,21491990,P2->P3,P2,P3,3,0.08342798550923665,1,1,1,1,1,0,0.0,0.0,-0.08615384615384619,0.08615384615384619,0.0,0.0
qwen3_8b,EBM-NLP,21491990,P3->P4,P3,P4,3,0.12203580141067505,1,1,1,1,1,0,0.0,0.0,0.012820512820512803,0.012820512820512803,0.0,0.0
qwen3_8b,EBM-NLP,21491990,P4->P5,P4,P5,3,0.3333333333333333,1,1,1,1,1,0,0.0,0.0,-0.0757575757575757,0.0757575757575757,0.0,0.0
qwen3_8b,EBM-NLP,21491990,P5->P6,P5,P6,3,0.0,1,1,1,1,1,0,0.0,0.0,0.0,0.0,0.0,0.0
qwen3_8b,EBM-NLP,21669557,P1->P2,P1,P2,3,0.0,1,1,1,1,1,0,0.0,0.0,0.0,0.0,0.0,0.0
qwen3_8b,EBM-NLP,21669557,P2->P3,P2,P3,3,0.04769468307495117,1,1,1,1,1,0,0.0257142857142858,0.0257142857142858,-0.1885714285714285,0.1885714285714285,0.0,0.0
qwen3_8b,EBM-NLP,21669557,P3->P4,P3,P4,3,0.23312689860661825,1,1,1,1,1,0,-0.15999999999999998,0.15999999999999998,-0.07999999999999999,0.07999999999999999,0.0,0.0
qwen3_8b,EBM-NLP,21669557,P4->P5,P4,P5,3,0.25376905997594196,1,1,1,1,1,0,-0.08,0.08,0.0,0.0,0.0,0.0
qwen3_8b,EBM-NLP,21669557,P5->P6,P5,P6,3,0.11126561959584554,1,1,1,1,1,0,0.08,0.08,0.0,0.0,0.0,0.0
qwen3_8b,EBM-NLP,21718094,P1->P2,P1,P2,3,0.013956387837727865,1,1,1,1,1,0,-0.0555555555555555,0.0555555555555555,-0.037037037037036924,0.037037037037036924,0.0,0.0
qwen3_8b,EBM-NLP,21718094,P2->P3,P2,P3,3,3.9736429850260414e-08,1,1,1,1,1,0,0.0,0.0,0.0,0.0,0.0,0.0
qwen3_8b,EBM-NLP,21718094,P3->P4,P3,P4,3,0.010526001453399658,1,1,1,1,1,0,0.0,0.0,-0.010582010582010581,0.010582010582010581,0.0,0.0
qwen3_8b,EBM-NLP,21718094,P4->P5,P4,P5,3,0.028193453947703045,1,1,1,1,1,0,0.0,0.0,0.02197802197802201,0.02197802197802201,0.0,0.0
qwen3_8b,EBM-NLP,21718094,P5->P6,P5,P6,3,1.9868214925130207e-08,1,1,1,1,1,0,0.0,0.0,0.0,0.0,0.0,0.0
qwen3_8b,EBM-NLP,21866656,P1->P2,P1,P2,3,1.9868214925130207e-08,1,1,1,1,1,0,0.0,0.0,0.0,0.0,0.0,0.0
qwen3_8b,EBM-NLP,21866656,P2->P3,P2,P3,3,1.9868214925130207e-08,1,1,1,1,1,0,0.0,0.0,0.0,0.0,0.0,0.0
qwen3_8b,EBM-NLP,21866656,P3->P4,P3,P4,3,1.9868214925130207e-08,1,1,1,1,1,0,0.0,0.0,0.0,0.0,0.0,0.0
qwen3_8b,EBM-NLP,21866656,P4->P5,P4,P5,3,0.003548224767049154,1,1,1,1,1,0,0.0,0.0,0.0,0.0,0.0,0.0
qwen3_8b,EBM-NLP,21866656,P5->P6,P5,P6,3,0.0,1,1,1,1,1,0,0.0,0.0,0.0,0.0,0.0,0.0
qwen3_8b,EBM-NLP,2188766,P1->P2,P1,P2,3,0.029829025268554688,1,1,1,1,1,0,0.008547008547008489,0.008547008547008489,0.01709401709401709,0.01709401709401709,0.0,0.0
qwen3_8b,EBM-NLP,2188766,P2->P3,P2,P3,3,3.9736429850260414e-08,1,1,1,1,1,0,0.0,0.0,0.0,0.0,0.0,0.0
qwen3_8b,EBM-NLP,2188766,P3->P4,P3,P4,3,0.05738556385040283,1,1,1,1,1,0,-0.08262108262108259,0.08262108262108259,-0.01709401709401709,0.01709401709401709,0.0,0.0
qwen3_8b,EBM-NLP,2188766,P4->P5,P4,P5,3,0.08176835378011067,1,1,1,1,1,0,-0.07407407407407411,0.07407407407407411,-0.07407407407407401,0.07407407407407401,0.0,0.0
qwen3_8b,EBM-NLP,2188766,P5->P6,P5,P6,3,0.11533186833063762,1,1,1,1,1,0,0.050925925925926,0.050925925925926,0.004629629629629595,0.004629629629629595,0.0,0.0
qwen3_8b,EBM-NLP,21896676,P1->P2,P1,P2,3,0.0010252992312113445,1,1,1,1,1,0,0.0,0.0,0.0,0.0,0.0,0.0
qwen3_8b,EBM-NLP,21896676,P2->P3,P2,P3,3,1.9868214925130207e-08,1,1,1,1,1,0,0.0,0.0,0.0,0.0,0.0,0.0
qwen3_8b,EBM-NLP,21896676,P3->P4,P3,P4,3,0.00037980079650878906,1,1,1,1,1,0,0.0,0.0,0.0,0.0,0.0,0.0
qwen3_8b,EBM-NLP,21896676,P4->P5,P4,P5,3,0.0007982651392618815,1,1,1,1,1,0,0.0,0.0,0.0,0.0,0.0,0.0
qwen3_8b,EBM-NLP,21896676,P5->P6,P5,P6,3,0.0,1,1,1,1,1,0,0.0,0.0,0.0,0.0,0.0,0.0
qwen3_8b,EBM-NLP,21914768,P1->P2,P1,P2,3,3.9736429850260414e-08,1,1,1,1,1,0,0.0,0.0,0.0,0.0,0.0,0.0
qwen3_8b,EBM-NLP,21914768,P2->P3,P2,P3,3,3.9736429850260414e-08,1,1,1,1,1,0,0.0,0.0,0.0,0.0,0.0,0.0
qwen3_8b,EBM-NLP,21914768,P3->P4,P3,P4,3,0.02865445613861084,1,1,1,1,1,0,0.07692307692307698,0.07692307692307698,0.0,0.0,0.0,0.0
qwen3_8b,EBM-NLP,21914768,P4->P5,P4,P5,3,0.03709542751312256,1,1,1,1,1,0,-0.20279720279720279,0.20279720279720279,-0.17482517482517496,0.17482517482517496,0.0,0.0
qwen3_8b,EBM-NLP,21914768,P5->P6,P5,P6,3,0.0,1,1,1,1,1,0,0.0,0.0,0.0,0.0,0.0,0.0
qwen3_8b,EBM-NLP,21924760,P1->P2,P1,P2,3,0.06658657391866048,1,1,1,1,1,0,0.0,0.0,-0.0085470085470086,0.0085470085470086,0.0,0.0
qwen3_8b,EBM-NLP,21924760,P2->P3,P2,P3,3,0.06658657391866048,1,1,1,1,1,0,0.0,0.0,0.0085470085470086,0.0085470085470086,0.0,0.0
qwen3_8b,EBM-NLP,21924760,P3->P4,P3,P4,3,0.06345923741658528,1,1,1,1,1,0,0.0,0.0,-0.0085470085470086,0.0085470085470086,0.0,0.0
qwen3_8b,EBM-NLP,21924760,P4->P5,P4,P5,3,0.07724001010258992,1,1,1,1,1,0,0.08,0.08,-0.062222222222222096,0.062222222222222096,0.0,0.0
qwen3_8b,EBM-NLP,21924760,P5->P6,P5,P6,3,0.018024981021881104,1,1,1,1,1,0,-0.003076923076923102,0.003076923076923102,-0.006153846153846204,0.006153846153846204,0.0,0.0
qwen3_8b,EBM-NLP,21975269,P1->P2,P1,P2,3,1.9868214925130207e-08,1,1,1,1,1,0,0.0,0.0,0.0,0.0,0.0,0.0
qwen3_8b,EBM-NLP,21975269,P2->P3,P2,P3,3,1.0,1,1,1,0,0,1,-0.1481481481481481,0.1481481481481481,-0.2222222222222221,0.2222222222222221,0.0,0.0
qwen3_8b,EBM-NLP,21975269,P3->P4,P3,P4,3,0.6666666666666666,1,1,0,1,0,0,0.1538461538461538,0.1538461538461538,0.3076923076923077,0.3076923076923077,0.0,0.0
qwen3_8b,EBM-NLP,21975269,P4->P5,P4,P5,3,0.3346586227416992,1,1,1,1,1,0,0.0,0.0,-0.07692307692307701,0.07692307692307701,0.0,0.0
qwen3_8b,EBM-NLP,21975269,P5->P6,P5,P6,3,0.013147234916687012,1,1,1,1,1,0,-0.005698005698005687,0.005698005698005687,0.06552706552706558,0.06552706552706558,0.0,0.0
qwen3_8b,EBM-NLP,21982657,P1->P2,P1,P2,3,3.9736429850260414e-08,1,1,1,1,1,0,0.0,0.0,0.0,0.0,0.0,0.0
qwen3_8b,EBM-NLP,21982657,P2->P3,P2,P3,3,3.9736429850260414e-08,1,1,1,1,1,0,0.0,0.0,0.0,0.0,0.0,0.0
qwen3_8b,EBM-NLP,21982657,P3->P4,P3,P4,3,0.02367667357126872,1,1,1,1,1,0,-0.06006006006006012,0.06006006006006012,-0.06456456456456461,0.06456456456456461,0.0,0.0
qwen3_8b,EBM-NLP,21982657,P4->P5,P4,P5,3,0.020730018615722656,1,1,1,1,1,0,0.009266409266409315,0.009266409266409315,0.018532818532818518,0.018532818532818518,0.0,0.0
qwen3_8b,EBM-NLP,21982657,P5->P6,P5,P6,3,0.0008601347605387369,1,1,1,1,1,0,-0.0047619047619048005,0.0047619047619048005,-0.00952380952380949,0.00952380952380949,0.0,0.0
qwen3_8b,EBM-NLP,22154769,P1->P2,P1,P2,3,0.0007984638214111328,1,1,1,1,1,0,0.0,0.0,-0.04761904761904759,0.04761904761904759,0.0,0.0
qwen3_8b,EBM-NLP,22154769,P2->P3,P2,P3,3,0.0017836689949035645,1,1,1,1,1,0,0.01002506265664159,0.01002506265664159,0.01002506265664159,0.01002506265664159,0.0,0.0
qwen3_8b,EBM-NLP,22154769,P3->P4,P3,P4,3,0.022524933020273846,1,1,1,1,1,0,0.019736842105263205,0.019736842105263205,0.019736842105263205,0.019736842105263205,0.0,0.0
qwen3_8b,EBM-NLP,22154769,P4->P5,P4,P5,3,0.0388802687327067,1,1,1,1,1,0,0.008333333333333304,0.008333333333333304,0.0749999999999999,0.0749999999999999,0.0,0.0
qwen3_8b,EBM-NLP,22154769,P5->P6,P5,P6,3,0.034612139066060386,1,1,1,1,1,0,-0.0708333333333333,0.0708333333333333,-0.0749999999999999,0.0749999999999999,0.0,0.0
qwen3_8b,EBM-NLP,2223363,P1->P2,P1,P2,3,0.003925045331319173,1,1,1,1,1,0,-0.0681114551083592,0.0681114551083592,0.07430340557275539,0.07430340557275539,0.0,0.0
qwen3_8b,EBM-NLP,2223363,P2->P3,P2,P3,3,0.0030906200408935547,1,1,1,1,1,0,0.09150326797385622,0.09150326797385622,-0.03921568627450989,0.03921568627450989,0.0,0.0
qwen3_8b,EBM-NLP,2223363,P3->P4,P3,P4,3,0.0024961630503336587,1,1,1,1,1,0,0.026143790849673276,0.026143790849673276,0.03921568627450989,0.03921568627450989,0.0,0.0
qwen3_8b,EBM-NLP,2223363,P4->P5,P4,P5,3,0.07602407534917195,1,1,1,1,1,0,-0.1176470588235295,0.1176470588235295,-0.11764705882352933,0.11764705882352933,0.0,0.0
qwen3_8b,EBM-NLP,2223363,P5->P6,P5,P6,3,9.934107462565105e-08,1,1,1,1,1,0,0.0,0.0,0.0,0.0,0.0,0.0
qwen3_8b,EBM-NLP,2224060,P1->P2,P1,P2,3,0.14315680662790933,1,1,1,1,1,0,-0.0952380952380952,0.0952380952380952,-0.09523809523809518,0.09523809523809518,0.0,0.0
qwen3_8b,EBM-NLP,2224060,P2->P3,P2,P3,3,0.03707534074783325,1,1,1,1,1,0,0.08658008658008659,0.08658008658008659,-0.012987012987012991,0.012987012987012991,0.0,0.0
qwen3_8b,EBM-NLP,2224060,P3->P4,P3,P4,3,0.07504181067148845,1,1,1,1,1,0,-0.015151515151515194,0.015151515151515194,0.06060606060606061,0.06060606060606061,0.0,0.0
qwen3_8b,EBM-NLP,2224060,P4->P5,P4,P5,3,0.09754963715871175,1,1,1,1,1,0,-0.0666666666666666,0.0666666666666666,-0.033333333333333326,0.033333333333333326,0.0,0.0
qwen3_8b,EBM-NLP,2224060,P5->P6,P5,P6,3,1.9868214925130207e-08,1,1,1,1,1,0,0.0,0.0,0.0,0.0,0.0,0.0
qwen3_8b,EBM-NLP,22271197,P1->P2,P1,P2,3,0.010775903860727945,1,1,1,1,1,0,0.016563146997929684,0.016563146997929684,0.016563146997929684,0.016563146997929684,0.0,0.0
qwen3_8b,EBM-NLP,22271197,P2->P3,P2,P3,3,0.03257832924524943,1,1,1,1,1,0,0.05952380952380951,0.05952380952380951,0.05952380952380951,0.05952380952380951,0.0,0.0
qwen3_8b,EBM-NLP,22271197,P3->P4,P3,P4,3,0.042589426040649414,1,1,1,1,1,0,0.0,0.0,0.0,0.0,0.0,0.0
qwen3_8b,EBM-NLP,22271197,P4->P5,P4,P5,3,0.0015906890233357747,1,1,1,1,1,0,0.0,0.0,0.0,0.0,0.0,0.0
qwen3_8b,EBM-NLP,22271197,P5->P6,P5,P6,3,0.0,1,1,1,1,1,0,0.0,0.0,0.0,0.0,0.0,0.0
qwen3_8b,EBM-NLP,22341427,P1->P2,P1,P2,3,5.960464477539063e-08,1,1,1,1,1,0,0.0,0.0,0.0,0.0,0.0,0.0
qwen3_8b,EBM-NLP,22341427,P2->P3,P2,P3,3,5.960464477539063e-08,1,1,1,1,1,0,0.0,0.0,0.0,0.0,0.0,0.0
qwen3_8b,EBM-NLP,22341427,P3->P4,P3,P4,3,0.08968945344289143,1,1,1,1,1,0,-0.2051282051282051,0.2051282051282051,-0.169761273209549,0.169761273209549,0.0,0.0
qwen3_8b,EBM-NLP,22341427,P4->P5,P4,P5,3,0.006930947303771973,1,1,1,1,1,0,0.0689655172413793,0.0689655172413793,0.0,0.0,0.0,0.0
qwen3_8b,EBM-NLP,22341427,P5->P6,P5,P6,3,3.9736429850260414e-08,1,1,1,1,1,0,0.0,0.0,0.0,0.0,0.0,0.0
qwen3_8b,EBM-NLP,22416755,P1->P2,P1,P2,3,0.03129472335179647,1,1,1,1,1,0,-0.03636363636363632,0.03636363636363632,0.13636363636363635,0.13636363636363635,0.0,0.0
qwen3_8b,EBM-NLP,22416755,P2->P3,P2,P3,3,0.024700482686360676,1,1,1,1,1,0,0.08080808080808072,0.08080808080808072,-0.08080808080808077,0.08080808080808077,0.0,0.0
qwen3_8b,EBM-NLP,22416755,P3->P4,P3,P4,3,0.01568448543548584,1,1,1,1,1,0,-0.06944444444444442,0.06944444444444442,-0.18055555555555558,0.18055555555555558,0.0,0.0
qwen3_8b,EBM-NLP,22416755,P4->P5,P4,P5,3,0.0,1,1,1,1,1,0,0.0,0.0,0.0,0.0,0.0,0.0
qwen3_8b,EBM-NLP,22416755,P5->P6,P5,P6,3,0.0,1,1,1,1,1,0,0.0,0.0,0.0,0.0,0.0,0.0
qwen3_8b,EBM-NLP,22420121,P1->P2,P1,P2,3,0.037282864252726235,1,1,1,1,1,0,-0.030769230769230688,0.030769230769230688,-0.08461538461538459,0.08461538461538459,0.0,0.0
qwen3_8b,EBM-NLP,22420121,P2->P3,P2,P3,3,0.0,1,1,1,1,1,0,0.0,0.0,0.0,0.0,0.0,0.0
qwen3_8b,EBM-NLP,22420121,P3->P4,P3,P4,3,0.035061915715535484,1,1,1,1,1,0,-0.1,0.1,-0.09999999999999998,0.09999999999999998,0.0,0.0
qwen3_8b,EBM-NLP,22420121,P4->P5,P4,P5,3,0.035061915715535484,1,1,1,1,1,0,0.1,0.1,0.09999999999999998,0.09999999999999998,0.0,0.0
qwen3_8b,EBM-NLP,22420121,P5->P6,P5,P6,3,0.0,1,1,1,1,1,0,0.0,0.0,0.0,0.0,0.0,0.0
qwen3_8b,EBM-NLP,22435114,P1->P2,P1,P2,3,0.03198166688283285,1,1,1,1,1,0,0.0,0.0,-0.1548821548821549,0.1548821548821549,0.0,0.0
qwen3_8b,EBM-NLP,22435114,P2->P3,P2,P3,3,0.0,1,1,1,1,1,0,0.0,0.0,0.0,0.0,0.0,0.0
qwen3_8b,EBM-NLP,22435114,P3->P4,P3,P4,3,0.036020139853159584,1,1,1,1,1,0,0.074074074074074,0.074074074074074,0.08080808080808083,0.08080808080808083,0.0,0.0
qwen3_8b,EBM-NLP,22435114,P4->P5,P4,P5,3,0.04759258031845093,1,1,1,1,1,0,0.11640211640211649,0.11640211640211649,-0.15873015873015872,0.15873015873015872,0.0,0.0
qwen3_8b,EBM-NLP,22435114,P5->P6,P5,P6,3,0.03446622689565023,1,1,1,1,1,0,-0.11047619047619049,0.11047619047619049,0.11428571428571432,0.11428571428571432,0.0,0.0
qwen3_8b,EBM-NLP,22538329,P1->P2,P1,P2,3,0.015351911385854086,1,1,1,1,1,0,0.019115890083632014,0.019115890083632014,-0.10035842293906821,0.10035842293906821,0.0,0.0
qwen3_8b,EBM-NLP,22538329,P2->P3,P2,P3,3,0.05435699224472046,1,1,1,1,1,0,-0.057239057239057214,0.057239057239057214,-0.0404040404040403,0.0404040404040403,0.0,0.0
qwen3_8b,EBM-NLP,22538329,P3->P4,P3,P4,3,0.1473935842514038,1,1,1,1,1,0,-0.0909090909090909,0.0909090909090909,0.0,0.0,0.0,0.0
qwen3_8b,EBM-NLP,22538329,P4->P5,P4,P5,3,0.0,1,1,1,1,1,0,0.0,0.0,0.0,0.0,0.0,0.0
qwen3_8b,EBM-NLP,22538329,P5->P6,P5,P6,3,0.0,1,1,1,1,1,0,0.0,0.0,0.0,0.0,0.0,0.0
qwen3_8b,EBM-NLP,22646975,P1->P2,P1,P2,3,0.01254896322886149,1,1,1,1,1,0,0.0,0.0,0.0,0.0,0.0,0.0
qwen3_8b,EBM-NLP,22646975,P2->P3,P2,P3,3,0.003743886947631836,1,1,1,1,1,0,0.0,0.0,0.0,0.0,0.0,0.0
qwen3_8b,EBM-NLP,22646975,P3->P4,P3,P4,3,0.045604169368743896,1,1,1,1,1,0,-0.06220095693779901,0.06220095693779901,-0.04784688995215308,0.04784688995215308,0.0,0.0
qwen3_8b,EBM-NLP,22646975,P4->P5,P4,P5,3,0.044762651125590004,1,1,1,1,1,0,0.075187969924812,0.075187969924812,0.06516290726817037,0.06516290726817037,0.0,0.0
qwen3_8b,EBM-NLP,22646975,P5->P6,P5,P6,3,0.0,1,1,1,1,1,0,0.0,0.0,0.0,0.0,0.0,0.0
qwen3_8b,EBM-NLP,22744141,P1->P2,P1,P2,3,0.03270214796066284,1,1,1,1,1,0,0.040404040404040414,0.040404040404040414,0.010101010101010055,0.010101010101010055,0.0,0.0
qwen3_8b,EBM-NLP,22744141,P2->P3,P2,P3,3,0.011946936448415121,1,1,1,1,1,0,0.0,0.0,-0.11111111111111116,0.11111111111111116,0.0,0.0
qwen3_8b,EBM-NLP,22744141,P3->P4,P3,P4,3,0.023926059405008953,1,1,1,1,1,0,0.02777777777777779,0.02777777777777779,-0.06944444444444442,0.06944444444444442,0.0,0.0
qwen3_8b,EBM-NLP,22744141,P4->P5,P4,P5,3,0.014161189397176107,1,1,1,1,1,0,0.125,0.125,0.0,0.0,0.0,0.0
qwen3_8b,EBM-NLP,22744141,P5->P6,P5,P6,3,0.003997961680094401,1,1,1,1,1,0,-0.125,0.125,0.0,0.0,0.0,0.0
qwen3_8b,EBM-NLP,22865017,P1->P2,P1,P2,3,0.03762394189834595,1,1,1,1,1,0,0.0,0.0,0.06060606060606061,0.06060606060606061,0.0,0.0
qwen3_8b,EBM-NLP,22865017,P2->P3,P2,P3,3,5.960464477539063e-08,1,1,1,1,1,0,0.0,0.0,0.0,0.0,0.0,0.0
qwen3_8b,EBM-NLP,22865017,P3->P4,P3,P4,3,0.041001339753468834,1,1,1,1,1,0,0.013303769401330295,0.013303769401330295,0.09903917220990391,0.09903917220990391,0.0,0.0
qwen3_8b,EBM-NLP,22865017,P4->P5,P4,P5,3,0.041001339753468834,1,1,1,1,1,0,-0.013303769401330295,0.013303769401330295,-0.09903917220990391,0.09903917220990391,0.0,0.0
qwen3_8b,EBM-NLP,22865017,P5->P6,P5,P6,3,5.960464477539063e-08,1,1,1,1,1,0,0.0,0.0,0.0,0.0,0.0,0.0
qwen3_8b,EBM-NLP,22881991,P1->P2,P1,P2,3,0.007775167624155681,1,1,1,1,1,0,-0.06043956043956039,0.06043956043956039,-0.054945054945055,0.054945054945055,0.0,0.0
qwen3_8b,EBM-NLP,22881991,P2->P3,P2,P3,3,0.0,1,1,1,1,1,0,0.0,0.0,0.0,0.0,0.0,0.0
qwen3_8b,EBM-NLP,22881991,P3->P4,P3,P4,3,0.05053597688674927,1,1,1,1,1,0,0.006153846153846204,0.006153846153846204,-0.0707692307692307,0.0707692307692307,0.0,0.0
qwen3_8b,EBM-NLP,22881991,P4->P5,P4,P5,3,0.04705047607421875,1,1,1,1,1,0,-0.006153846153846204,0.006153846153846204,0.1476923076923077,0.1476923076923077,0.0,0.0
qwen3_8b,EBM-NLP,22881991,P5->P6,P5,P6,3,0.0017023086547851562,1,1,1,1,1,0,0.0,0.0,-0.07692307692307701,0.07692307692307701,0.0,0.0
qwen3_8b,EBM-NLP,22897461,P1->P2,P1,P2,3,1.9868214925130207e-08,1,1,1,1,1,0,0.0,0.0,0.0,0.0,0.0,0.0
qwen3_8b,EBM-NLP,22897461,P2->P3,P2,P3,3,0.0016127824783325195,1,1,1,1,1,0,-0.0019323671497583905,0.0019323671497583905,0.035748792270531404,0.035748792270531404,0.0,0.0
qwen3_8b,EBM-NLP,22897461,P3->P4,P3,P4,3,0.055568079153696694,1,1,1,1,1,0,0.02732919254658389,0.02732919254658389,-0.10559006211180122,0.10559006211180122,0.0,0.0
qwen3_8b,EBM-NLP,22897461,P4->P5,P4,P5,3,0.011125346024831137,1,1,1,1,1,0,0.0,0.0,0.0,0.0,0.0,0.0
qwen3_8b,EBM-NLP,22897461,P5->P6,P5,P6,3,5.960464477539063e-08,1,1,1,1,1,0,0.0,0.0,0.0,0.0,0.0,0.0
qwen3_8b,EBM-NLP,22956006,P1->P2,P1,P2,3,0.006088932355244954,1,1,1,1,1,0,0.015082956259426891,0.015082956259426891,-0.021116138763197595,0.021116138763197595,0.0,0.0
qwen3_8b,EBM-NLP,22956006,P2->P3,P2,P3,3,0.0,1,1,1,1,1,0,0.0,0.0,0.0,0.0,0.0,0.0
qwen3_8b,EBM-NLP,22956006,P3->P4,P3,P4,3,0.009773631890614828,1,1,1,1,1,0,0.0035650623885918054,0.0035650623885918054,0.007130124777183611,0.007130124777183611,0.0,0.0
qwen3_8b,EBM-NLP,22956006,P4->P5,P4,P5,3,0.0,1,1,1,1,1,0,0.0,0.0,0.0,0.0,0.0,0.0
qwen3_8b,EBM-NLP,22956006,P5->P6,P5,P6,3,0.03480875492095947,1,1,1,1,1,0,-0.1212121212121212,0.1212121212121212,-0.0659536541889483,0.0659536541889483,0.0,0.0
qwen3_8b,EBM-NLP,23021296,P1->P2,P1,P2,3,3.9736429850260414e-08,1,1,1,1,1,0,0.0,0.0,0.0,0.0,0.0,0.0
qwen3_8b,EBM-NLP,23021296,P2->P3,P2,P3,3,3.9736429850260414e-08,1,1,1,1,1,0,0.0,0.0,0.0,0.0,0.0,0.0
qwen3_8b,EBM-NLP,23021296,P3->P4,P3,P4,3,0.08327237764994304,1,1,1,1,1,0,0.01391304347826089,0.01391304347826089,-0.13913043478260873,0.13913043478260873,0.0,0.0
qwen3_8b,EBM-NLP,23021296,P4->P5,P4,P5,3,0.034645537535349526,1,1,1,1,1,0,0.0,0.0,-0.0869565217391304,0.0869565217391304,0.0,0.0
qwen3_8b,EBM-NLP,23021296,P5->P6,P5,P6,3,0.0,1,1,1,1,1,0,0.0,0.0,0.0,0.0,0.0,0.0
qwen3_8b,EBM-NLP,23103798,P1->P2,P1,P2,3,1.9868214925130207e-08,1,1,1,1,1,0,0.0,0.0,0.0,0.0,0.0,0.0
qwen3_8b,EBM-NLP,23103798,P2->P3,P2,P3,3,0.004643758138020833,1,1,1,1,1,0,-0.05977011494252871,0.05977011494252871,-0.05517241379310339,0.05517241379310339,0.0,0.0
qwen3_8b,EBM-NLP,23103798,P3->P4,P3,P4,3,0.03623159726460775,1,1,1,1,1,0,0.06896551724137928,0.06896551724137928,0.06896551724137928,0.06896551724137928,0.0,0.0
qwen3_8b,EBM-NLP,23103798,P4->P5,P4,P5,3,0.33835456768671673,1,1,1,1,1,0,-0.19252873563218387,0.19252873563218387,-0.2471264367816092,0.2471264367816092,0.0,0.0
qwen3_8b,EBM-NLP,23103798,P5->P6,P5,P6,3,3.9736429850260414e-08,1,1,1,1,1,0,0.0,0.0,0.0,0.0,0.0,0.0
qwen3_8b,EBM-NLP,23114870,P1->P2,P1,P2,3,0.00028318166732788086,1,1,1,1,1,0,0.0,0.0,0.0,0.0,0.0,0.0
qwen3_8b,EBM-NLP,23114870,P2->P3,P2,P3,3,0.03941027323404948,1,1,1,1,1,0,-0.09907120743034051,0.09907120743034051,-0.1857585139318886,0.1857585139318886,0.0,0.0
qwen3_8b,EBM-NLP,23114870,P3->P4,P3,P4,3,0.42007805903752643,1,1,1,1,1,0,0.0017825311942959027,0.0017825311942959027,-0.11408199643493759,0.11408199643493759,0.0,0.0
qwen3_8b,EBM-NLP,23114870,P4->P5,P4,P5,3,0.3333333532015483,1,1,1,1,1,0,0.057040998217468795,0.057040998217468795,0.0552584670231729,0.0552584670231729,0.0,0.0
qwen3_8b,EBM-NLP,23114870,P5->P6,P5,P6,3,1.9868214925130207e-08,1,1,1,1,1,0,0.0,0.0,0.0,0.0,0.0,0.0
qwen3_8b,EBM-NLP,23356250,P1->P2,P1,P2,3,0.0029540061950683594,1,1,1,1,1,0,-0.004597701149425287,0.004597701149425287,-0.013793103448275779,0.013793103448275779,0.0,0.0
qwen3_8b,EBM-NLP,23356250,P2->P3,P2,P3,3,0.002309719721476237,1,1,1,1,1,0,0.004597701149425287,0.004597701149425287,0.013793103448275779,0.013793103448275779,0.0,0.0
qwen3_8b,EBM-NLP,23356250,P3->P4,P3,P4,3,0.07623958587646484,1,1,1,1,1,0,-0.0689655172413793,0.0689655172413793,-0.06896551724137923,0.06896551724137923,0.0,0.0
qwen3_8b,EBM-NLP,23356250,P4->P5,P4,P5,3,0.07754449049631755,1,1,1,1,1,0,0.0689655172413793,0.0689655172413793,0.06896551724137923,0.06896551724137923,0.0,0.0
qwen3_8b,EBM-NLP,23356250,P5->P6,P5,P6,3,0.0014965136845906575,1,1,1,1,1,0,0.0,0.0,0.0,0.0,0.0,0.0
qwen3_8b,EBM-NLP,23357440,P1->P2,P1,P2,3,0.01515042781829834,1,1,1,1,1,0,-0.1257142857142857,0.1257142857142857,-0.18,0.18,0.0,0.0
qwen3_8b,EBM-NLP,23357440,P2->P3,P2,P3,3,0.0,1,1,1,1,1,0,0.0,0.0,0.0,0.0,0.0,0.0
qwen3_8b,EBM-NLP,23357440,P3->P4,P3,P4,3,0.022165954113006592,1,1,1,1,1,0,0.09806451612903219,0.09806451612903219,0.13161290322580638,0.13161290322580638,0.0,0.0
qwen3_8b,EBM-NLP,23357440,P4->P5,P4,P5,3,0.04346996545791626,1,1,1,1,1,0,-0.09806451612903219,0.09806451612903219,-0.13161290322580638,0.13161290322580638,0.0,0.0
qwen3_8b,EBM-NLP,23357440,P5->P6,P5,P6,3,0.0,1,1,1,1,1,0,0.0,0.0,0.0,0.0,0.0,0.0
qwen3_8b,EBM-NLP,23392542,P1->P2,P1,P2,3,0.026153723398844402,1,1,1,1,1,0,-0.11229946524064169,0.11229946524064169,-0.11229946524064169,0.11229946524064169,0.0,0.0
qwen3_8b,EBM-NLP,23392542,P2->P3,P2,P3,3,0.05124634504318237,1,1,1,1,1,0,-0.060606060606060594,0.060606060606060594,0.0,0.0,0.0,0.0
qwen3_8b,EBM-NLP,23392542,P3->P4,P3,P4,3,0.06726819276809692,1,1,1,1,1,0,0.060606060606060594,0.060606060606060594,0.0,0.0,0.0,0.0
qwen3_8b,EBM-NLP,23392542,P4->P5,P4,P5,3,0.040961384773254395,1,1,1,1,1,0,-0.060606060606060594,0.060606060606060594,0.0,0.0,0.0,0.0
qwen3_8b,EBM-NLP,23392542,P5->P6,P5,P6,3,0.03475413719813029,1,1,1,1,1,0,-0.0587121212121212,0.0587121212121212,-0.056818181818181795,0.056818181818181795,0.0,0.0
qwen3_8b,EBM-NLP,23417625,P1->P2,P1,P2,3,0.04003322124481201,1,1,1,1,1,0,0.2222222222222221,0.2222222222222221,0.025542784163473775,0.025542784163473775,0.0,0.0
qwen3_8b,EBM-NLP,23417625,P2->P3,P2,P3,3,0.0,1,1,1,1,1,0,0.0,0.0,0.0,0.0,0.0,0.0
qwen3_8b,EBM-NLP,23417625,P3->P4,P3,P4,3,0.03221281369527181,1,1,1,1,1,0,0.0,0.0,0.0,0.0,0.0,0.0
qwen3_8b,EBM-NLP,23417625,P4->P5,P4,P5,3,0.03373428185780843,1,1,1,1,1,0,0.0,0.0,0.0,0.0,0.0,0.0
qwen3_8b,EBM-NLP,23417625,P5->P6,P5,P6,3,1.9868214925130207e-08,1,1,1,1,1,0,0.0,0.0,0.0,0.0,0.0,0.0
qwen3_8b,EBM-NLP,23549581,P1->P2,P1,P2,3,0.018626272678375244,1,1,1,1,1,0,-0.1814865481076152,0.1814865481076152,-0.19151846785225718,0.19151846785225718,0.0,0.0
qwen3_8b,EBM-NLP,23549581,P2->P3,P2,P3,3,0.005279024442036946,1,1,1,1,1,0,0.0045377197958026,0.0045377197958026,-0.08394781622234831,0.08394781622234831,0.0,0.0
qwen3_8b,EBM-NLP,23549581,P3->P4,P3,P4,3,0.018546799818674724,1,1,1,1,1,0,0.005003126954346501,0.005003126954346501,-0.04127579737335829,0.04127579737335829,0.0,0.0
qwen3_8b,EBM-NLP,23549581,P4->P5,P4,P5,3,0.018546799818674724,1,1,1,1,1,0,-0.005003126954346501,0.005003126954346501,0.04127579737335829,0.04127579737335829,0.0,0.0
qwen3_8b,EBM-NLP,23549581,P5->P6,P5,P6,3,3.9736429850260414e-08,1,1,1,1,1,0,0.0,0.0,0.0,0.0,0.0,0.0
qwen3_8b,EBM-NLP,23838728,P1->P2,P1,P2,3,0.0023795366287231445,1,1,1,1,1,0,-0.024767801857585092,0.024767801857585092,0.08049535603715172,0.08049535603715172,0.0,0.0
qwen3_8b,EBM-NLP,23838728,P2->P3,P2,P3,3,0.0,1,1,1,1,1,0,0.0,0.0,0.0,0.0,0.0,0.0
qwen3_8b,EBM-NLP,23838728,P3->P4,P3,P4,3,0.01719874143600464,1,1,1,1,1,0,0.0394736842105263,0.0394736842105263,-0.06578947368421051,0.06578947368421051,0.0,0.0
qwen3_8b,EBM-NLP,23838728,P4->P5,P4,P5,3,0.004254937171936035,1,1,1,1,1,0,0.016666666666666607,0.016666666666666607,0.016666666666666607,0.016666666666666607,0.0,0.0
qwen3_8b,EBM-NLP,23838728,P5->P6,P5,P6,3,1.9868214925130207e-08,1,1,1,1,1,0,0.0,0.0,0.0,0.0,0.0,0.0
qwen3_8b,EBM-NLP,23849147,P1->P2,P1,P2,3,0.024263640244801838,1,1,1,1,1,0,0.1608695652173913,0.1608695652173913,0.021739130434782594,0.021739130434782594,0.0,0.0
qwen3_8b,EBM-NLP,23849147,P2->P3,P2,P3,3,0.025127212206522625,1,1,1,1,1,0,-0.08695652173913049,0.08695652173913049,0.08695652173913049,0.08695652173913049,0.0,0.0
qwen3_8b,EBM-NLP,23849147,P3->P4,P3,P4,3,0.06305867433547974,1,1,1,1,1,0,-0.1739130434782608,0.1739130434782608,-0.44202898550724645,0.44202898550724645,0.0,0.0
qwen3_8b,EBM-NLP,23849147,P4->P5,P4,P5,3,0.39996953805287677,1,1,1,1,1,0,0.25,0.25,0.0833333333333334,0.0833333333333334,0.0,0.0
qwen3_8b,EBM-NLP,23849147,P5->P6,P5,P6,3,3.9736429850260414e-08,1,1,1,1,1,0,0.0,0.0,0.0,0.0,0.0,0.0
qwen3_8b,EBM-NLP,23985254,P1->P2,P1,P2,3,0.03737598657608032,1,1,1,1,1,0,0.08139104698483171,0.08139104698483171,0.01183869774324825,0.01183869774324825,0.0,0.0
qwen3_8b,EBM-NLP,23985254,P2->P3,P2,P3,3,0.10021879275639851,1,1,1,1,1,0,-0.1080822572931612,0.1080822572931612,-0.2161645145863224,0.2161645145863224,0.0,0.0
qwen3_8b,EBM-NLP,23985254,P3->P4,P3,P4,3,1.9868214925130207e-08,1,1,1,1,1,0,0.0,0.0,0.0,0.0,0.0,0.0
qwen3_8b,EBM-NLP,23985254,P4->P5,P4,P5,3,0.1434096097946167,1,1,1,1,1,0,-0.048780487804878,0.048780487804878,0.048780487804878106,0.048780487804878106,0.0,0.0
qwen3_8b,EBM-NLP,23985254,P5->P6,P5,P6,3,0.14965454737345377,1,1,1,1,1,0,0.048780487804878,0.048780487804878,-0.048780487804878106,0.048780487804878106,0.0,0.0
qwen3_8b,EBM-NLP,24075141,P1->P2,P1,P2,3,0.00556329886118571,1,1,1,1,1,0,0.0788177339901478,0.0788177339901478,0.017241379310344807,0.017241379310344807,0.0,0.0
qwen3_8b,EBM-NLP,24075141,P2->P3,P2,P3,3,0.007718582948048909,1,1,1,1,1,0,-0.1428571428571429,0.1428571428571429,-0.0714285714285714,0.0714285714285714,0.0,0.0
qwen3_8b,EBM-NLP,24075141,P3->P4,P3,P4,3,0.032500664393107094,1,1,1,1,1,0,0.17972350230414752,0.17972350230414752,0.02304147465437789,0.02304147465437789,0.0,0.0
qwen3_8b,EBM-NLP,24075141,P4->P5,P4,P5,3,0.4145178993542989,1,1,1,1,1,0,-0.23167155425219943,0.23167155425219943,-0.3607038123167155,0.3607038123167155,0.0,0.0
qwen3_8b,EBM-NLP,24075141,P5->P6,P5,P6,3,0.3333333333333333,1,1,1,1,1,0,-0.010909090909090896,0.010909090909090896,0.0690909090909091,0.0690909090909091,0.0,0.0
qwen3_8b,EBM-NLP,24080592,P1->P2,P1,P2,3,0.030841668446858723,1,1,1,1,1,0,0.06436781609195401,0.06436781609195401,0.0551724137931035,0.0551724137931035,0.0,0.0
qwen3_8b,EBM-NLP,24080592,P2->P3,P2,P3,3,5.960464477539063e-08,1,1,1,1,1,0,0.0,0.0,0.0,0.0,0.0,0.0
qwen3_8b,EBM-NLP,24080592,P3->P4,P3,P4,3,0.031889100869496666,1,1,1,1,1,0,-0.06436781609195401,0.06436781609195401,-0.0551724137931035,0.0551724137931035,0.0,0.0
qwen3_8b,EBM-NLP,24080592,P4->P5,P4,P5,3,0.03079827626546224,1,1,1,1,1,0,0.005108556832694705,0.005108556832694705,0.025542784163473775,0.025542784163473775,0.0,0.0
qwen3_8b,EBM-NLP,24080592,P5->P6,P5,P6,3,0.0,1,1,1,1,1,0,0.0,0.0,0.0,0.0,0.0,0.0
qwen3_8b,EBM-NLP,24317958,P1->P2,P1,P2,3,1.9868214925130207e-08,1,1,1,1,1,0,0.0,0.0,0.0,0.0,0.0,0.0
qwen3_8b,EBM-NLP,24317958,P2->P3,P2,P3,3,1.0,1,1,1,0,0,1,-0.4444444444444444,0.4444444444444444,-0.4444444444444444,0.4444444444444444,0.0,0.0
qwen3_8b,EBM-NLP,24317958,P3->P4,P3,P4,3,1.0,1,1,0,1,0,0,0.0869565217391304,0.0869565217391304,0.1739130434782609,0.1739130434782609,0.0,0.0
qwen3_8b,EBM-NLP,24317958,P4->P5,P4,P5,3,0.40696507692337036,1,1,1,1,1,0,0.0,0.0,-0.08695652173913049,0.08695652173913049,0.0,0.0
qwen3_8b,EBM-NLP,24317958,P5->P6,P5,P6,3,0.3612857460975647,1,1,1,1,1,0,0.0,0.0,0.08695652173913049,0.08695652173913049,0.0,0.0
qwen3_8b,EBM-NLP,24350813,P1->P2,P1,P2,3,0.0003643631935119629,1,1,1,1,1,0,-0.0768307322929172,0.0768307322929172,0.017607042817126883,0.017607042817126883,0.0,0.0
qwen3_8b,EBM-NLP,24350813,P2->P3,P2,P3,3,0.028058886528015137,1,1,1,1,1,0,0.0163265306122449,0.0163265306122449,-0.27755102040816326,0.27755102040816326,0.0,0.0
qwen3_8b,EBM-NLP,24350813,P3->P4,P3,P4,3,0.04551686843236288,1,1,1,1,1,0,0.1095238095238095,0.1095238095238095,0.05079365079365081,0.05079365079365081,0.0,0.0
qwen3_8b,EBM-NLP,24350813,P4->P5,P4,P5,3,0.012396732966105143,1,1,1,1,1,0,-0.0523809523809524,0.0523809523809524,-0.05079365079365081,0.05079365079365081,0.0,0.0
qwen3_8b,EBM-NLP,24350813,P5->P6,P5,P6,3,0.04519899686177572,1,1,1,1,1,0,0.0,0.0,0.0,0.0,0.0,0.0
qwen3_8b,EBM-NLP,24451919,P1->P2,P1,P2,3,5.960464477539063e-08,1,1,1,1,1,0,0.0,0.0,0.0,0.0,0.0,0.0
qwen3_8b,EBM-NLP,24451919,P2->P3,P2,P3,3,5.960464477539063e-08,1,1,1,1,1,0,0.0,0.0,0.0,0.0,0.0,0.0
qwen3_8b,EBM-NLP,24451919,P3->P4,P3,P4,3,0.026410778363545735,1,1,1,1,1,0,-0.007936507936507908,0.007936507936507908,-0.013227513227513199,0.013227513227513199,0.0,0.0
qwen3_8b,EBM-NLP,24451919,P4->P5,P4,P5,3,0.07721704244613647,1,1,1,1,1,0,-0.12337662337662329,0.12337662337662329,-0.08441558441558439,0.08441558441558439,0.0,0.0
qwen3_8b,EBM-NLP,24451919,P5->P6,P5,P6,3,0.050606489181518555,1,1,1,1,1,0,0.0909090909090909,0.0909090909090909,0.0,0.0,0.0,0.0
qwen3_8b,EBM-NLP,24515505,P1->P2,P1,P2,3,0.011247475941975912,1,1,1,1,1,0,0.003484320557491316,0.003484320557491316,-0.0383275261324042,0.0383275261324042,0.0,0.0
qwen3_8b,EBM-NLP,24515505,P2->P3,P2,P3,3,0.0,1,1,1,1,1,0,0.0,0.0,0.0,0.0,0.0,0.0
qwen3_8b,EBM-NLP,24515505,P3->P4,P3,P4,3,0.076659361521403,1,1,1,1,1,0,0.011553273427471089,0.011553273427471089,-0.021822849807445477,0.021822849807445477,0.0,0.0
qwen3_8b,EBM-NLP,24515505,P4->P5,P4,P5,3,0.3599783976872762,1,1,1,1,1,0,-0.024561403508771895,0.024561403508771895,-0.23508771929824562,0.23508771929824562,0.0,0.0
qwen3_8b,EBM-NLP,24515505,P5->P6,P5,P6,3,0.032201806704203285,1,1,1,1,1,0,0.0617886178861789,0.0617886178861789,0.2569105691056911,0.2569105691056911,0.0,0.0
qwen3_8b,EBM-NLP,24660757,P1->P2,P1,P2,3,0.003413220246632894,1,1,1,1,1,0,0.0909090909090909,0.0909090909090909,0.14545454545454561,0.14545454545454561,0.0,0.0
qwen3_8b,EBM-NLP,24660757,P2->P3,P2,P3,3,0.0006018877029418945,1,1,1,1,1,0,-0.003952569169960493,0.003952569169960493,-0.02371541501976293,0.02371541501976293,0.0,0.0
qwen3_8b,EBM-NLP,24660757,P3->P4,P3,P4,3,0.006297806898752849,1,1,1,1,1,0,0.003952569169960493,0.003952569169960493,0.02371541501976293,0.02371541501976293,0.0,0.0
qwen3_8b,EBM-NLP,24660757,P4->P5,P4,P5,3,0.3763662974039714,1,1,1,1,1,0,0.0909090909090909,0.0909090909090909,-0.18181818181818193,0.18181818181818193,0.0,0.0
qwen3_8b,EBM-NLP,24660757,P5->P6,P5,P6,3,0.0,1,1,1,1,1,0,0.0,0.0,0.0,0.0,0.0,0.0
qwen3_8b,EBM-NLP,24726342,P1->P2,P1,P2,3,1.9868214925130207e-08,1,1,1,1,1,0,0.0,0.0,0.0,0.0,0.0,0.0
qwen3_8b,EBM-NLP,24726342,P2->P3,P2,P3,3,1.9868214925130207e-08,1,1,1,1,1,0,0.0,0.0,0.0,0.0,0.0,0.0
qwen3_8b,EBM-NLP,24726342,P3->P4,P3,P4,3,0.07031766573588054,1,1,1,1,1,0,0.0013495276653172003,0.0013495276653172003,0.0040485829959514,0.0040485829959514,0.0,0.0
qwen3_8b,EBM-NLP,24726342,P4->P5,P4,P5,3,0.018987456957499187,1,1,1,1,1,0,-0.0526315789473684,0.0526315789473684,0.11988304093567259,0.11988304093567259,0.0,0.0
qwen3_8b,EBM-NLP,24726342,P5->P6,P5,P6,3,0.020283977190653484,1,1,1,1,1,0,0.0555555555555555,0.0555555555555555,-0.11111111111111119,0.11111111111111119,0.0,0.0
qwen3_8b,EBM-NLP,24803369,P1->P2,P1,P2,3,1.9868214925130207e-08,1,1,1,1,1,0,0.0,0.0,0.0,0.0,0.0,0.0
qwen3_8b,EBM-NLP,24803369,P2->P3,P2,P3,3,1.9868214925130207e-08,1,1,1,1,1,0,0.0,0.0,0.0,0.0,0.0,0.0
qwen3_8b,EBM-NLP,24803369,P3->P4,P3,P4,3,0.003409306208292643,1,1,1,1,1,0,0.0047619047619048005,0.0047619047619048005,0.01428571428571429,0.01428571428571429,0.0,0.0
qwen3_8b,EBM-NLP,24803369,P4->P5,P4,P5,3,0.04744877417882284,1,1,1,1,1,0,-0.1,0.1,-0.19999999999999998,0.19999999999999998,0.0,0.0
qwen3_8b,EBM-NLP,24803369,P5->P6,P5,P6,3,1.9868214925130207e-08,1,1,1,1,1,0,0.0,0.0,0.0,0.0,0.0,0.0
qwen3_8b,EBM-NLP,24960665,P1->P2,P1,P2,3,0.1152270237604777,1,1,1,1,1,0,0.0,0.0,-0.12121212121212119,0.12121212121212119,0.0,0.0
qwen3_8b,EBM-NLP,24960665,P2->P3,P2,P3,3,0.03601356347401937,1,1,1,1,1,0,-0.0685805422647528,0.0685805422647528,-0.031897926634768814,0.031897926634768814,0.0,0.0
qwen3_8b,EBM-NLP,24960665,P3->P4,P3,P4,3,0.17738751570383707,1,1,1,1,1,0,0.1409168081494058,0.1409168081494058,0.047538200339558606,0.047538200339558606,0.0,0.0
qwen3_8b,EBM-NLP,24960665,P4->P5,P4,P5,3,0.2515362898508708,1,1,1,1,1,0,-0.12903225806451618,0.12903225806451618,-0.1290322580645161,0.1290322580645161,0.0,0.0
qwen3_8b,EBM-NLP,24960665,P5->P6,P5,P6,3,0.0,1,1,1,1,1,0,0.0,0.0,0.0,0.0,0.0,0.0
qwen3_8b,EBM-NLP,24989854,P1->P2,P1,P2,3,0.011106451352437338,1,1,1,1,1,0,0.058029689608637,0.058029689608637,0.06072874493927133,0.06072874493927133,0.0,0.0
qwen3_8b,EBM-NLP,24989854,P2->P3,P2,P3,3,0.06083903710047404,1,1,1,1,1,0,0.0,0.0,-0.10526315789473684,0.10526315789473684,0.0,0.0
qwen3_8b,EBM-NLP,24989854,P3->P4,P3,P4,3,0.06340893109639485,1,1,1,1,1,0,-0.006747638326585703,0.006747638326585703,0.09581646423751689,0.09581646423751689,0.0,0.0
qwen3_8b,EBM-NLP,24989854,P4->P5,P4,P5,3,0.03673328955968221,1,1,1,1,1,0,-0.04588394062078269,0.04588394062078269,-0.09581646423751689,0.09581646423751689,0.0,0.0
qwen3_8b,EBM-NLP,24989854,P5->P6,P5,P6,3,3.9736429850260414e-08,1,1,1,1,1,0,0.0,0.0,0.0,0.0,0.0,0.0
qwen3_8b,EBM-NLP,25068497,P1->P2,P1,P2,3,0.05584394931793213,1,1,1,1,1,0,0.007905138339920903,0.007905138339920903,0.019762845849802257,0.019762845849802257,0.0,0.0
qwen3_8b,EBM-NLP,25068497,P2->P3,P2,P3,3,0.08433773120244344,1,1,1,1,1,0,0.0,0.0,-0.09090909090909088,0.09090909090909088,0.0,0.0
qwen3_8b,EBM-NLP,25068497,P3->P4,P3,P4,3,0.05322980880737305,1,1,1,1,1,0,-0.007905138339920903,0.007905138339920903,0.07114624505928863,0.07114624505928863,0.0,0.0
qwen3_8b,EBM-NLP,25068497,P4->P5,P4,P5,3,0.13867318630218506,1,1,1,1,1,0,-0.07867494824016569,0.07867494824016569,-0.14906832298136652,0.14906832298136652,0.0,0.0
qwen3_8b,EBM-NLP,25068497,P5->P6,P5,P6,3,5.960464477539063e-08,1,1,1,1,1,0,0.0,0.0,0.0,0.0,0.0,0.0
qwen3_8b,EBM-NLP,25369243,P1->P2,P1,P2,3,0.00033034880956013996,1,1,1,1,1,0,-0.0026455026455026037,0.0026455026455026037,0.060846560846560815,0.060846560846560815,0.0,0.0
qwen3_8b,EBM-NLP,25369243,P2->P3,P2,P3,3,0.00033034880956013996,1,1,1,1,1,0,0.0026455026455026037,0.0026455026455026037,-0.060846560846560815,0.060846560846560815,0.0,0.0
qwen3_8b,EBM-NLP,25369243,P3->P4,P3,P4,3,0.03943695624669393,1,1,1,1,1,0,-0.005108556832694705,0.005108556832694705,-0.020434227330779098,0.020434227330779098,0.0,0.0
qwen3_8b,EBM-NLP,25369243,P4->P5,P4,P5,3,0.040128509203592934,1,1,1,1,1,0,0.01799100449775111,0.01799100449775111,-0.014992503748125885,0.014992503748125885,0.0,0.0
qwen3_8b,EBM-NLP,25369243,P5->P6,P5,P6,3,0.04869792858759562,1,1,1,1,1,0,0.013043478260869601,0.013043478260869601,-0.060869565217391286,0.060869565217391286,0.0,0.0
qwen3_8b,EBM-NLP,25479285,P1->P2,P1,P2,3,0.005409101645151774,1,1,1,1,1,0,0.0,0.0,0.0,0.0,0.0,0.0
qwen3_8b,EBM-NLP,25479285,P2->P3,P2,P3,3,0.018667439619700115,1,1,1,1,1,0,0.020869565217391306,0.020869565217391306,0.02782608695652178,0.02782608695652178,0.0,0.0
qwen3_8b,EBM-NLP,25479285,P3->P4,P3,P4,3,0.0934631625811259,1,1,1,1,1,0,0.0248447204968944,0.0248447204968944,-0.06211180124223609,0.06211180124223609,0.0,0.0
qwen3_8b,EBM-NLP,25479285,P4->P5,P4,P5,3,0.09982122977574666,1,1,1,1,1,0,-0.1904761904761905,0.1904761904761905,0.0,0.0,0.0,0.0
qwen3_8b,EBM-NLP,25479285,P5->P6,P5,P6,3,0.035972277323404946,1,1,1,1,1,0,0.09523809523809529,0.09523809523809529,0.0,0.0,0.0,0.0
qwen3_8b,EBM-NLP,25784723,P1->P2,P1,P2,3,0.03418691953023275,1,1,1,1,1,0,0.005698005698005687,0.005698005698005687,0.0085470085470086,0.0085470085470086,0.0,0.0
qwen3_8b,EBM-NLP,25784723,P2->P3,P2,P3,3,3.9736429850260414e-08,1,1,1,1,1,0,0.0,0.0,0.0,0.0,0.0,0.0
qwen3_8b,EBM-NLP,25784723,P3->P4,P3,P4,3,3.9736429850260414e-08,1,1,1,1,1,0,0.0,0.0,0.0,0.0,0.0,0.0
qwen3_8b,EBM-NLP,25784723,P4->P5,P4,P5,3,3.9736429850260414e-08,1,1,1,1,1,0,0.0,0.0,0.0,0.0,0.0,0.0
qwen3_8b,EBM-NLP,25784723,P5->P6,P5,P6,3,3.9736429850260414e-08,1,1,1,1,1,0,0.0,0.0,0.0,0.0,0.0,0.0
qwen3_8b,EBM-NLP,25885649,P1->P2,P1,P2,3,0.014969865481058756,1,1,1,1,1,0,0.0,0.0,-0.03675856307435249,0.03675856307435249,0.0,0.0
qwen3_8b,EBM-NLP,25885649,P2->P3,P2,P3,3,0.0,1,1,1,1,1,0,0.0,0.0,0.0,0.0,0.0,0.0
qwen3_8b,EBM-NLP,25885649,P3->P4,P3,P4,3,0.05489631493886312,1,1,1,1,1,0,0.04,0.04,-0.20070175438596488,0.20070175438596488,0.0,0.0
qwen3_8b,EBM-NLP,25885649,P4->P5,P4,P5,3,0.002408623695373535,1,1,1,1,1,0,0.04,0.04,0.0,0.0,0.0,0.0
qwen3_8b,EBM-NLP,25885649,P5->P6,P5,P6,3,0.0,1,1,1,1,1,0,0.0,0.0,0.0,0.0,0.0,0.0
qwen3_8b,EBM-NLP,25886492,P1->P2,P1,P2,3,0.03676581382751465,1,1,1,1,1,0,0.009324009324009404,0.009324009324009404,0.046620046620046596,0.046620046620046596,0.0,0.0
qwen3_8b,EBM-NLP,25886492,P2->P3,P2,P3,3,0.030330777168273926,1,1,1,1,1,0,0.0039100684261973925,0.0039100684261973925,-0.04496578690127079,0.04496578690127079,0.0,0.0
qwen3_8b,EBM-NLP,25886492,P3->P4,P3,P4,3,0.036673168341318764,1,1,1,1,1,0,0.05669599217986321,0.05669599217986321,0.04496578690127079,0.04496578690127079,0.0,0.0
qwen3_8b,EBM-NLP,25886492,P4->P5,P4,P5,3,0.14508440097173056,1,1,1,1,1,0,-0.1212121212121212,0.1212121212121212,-0.303030303030303,0.303030303030303,0.0,0.0
qwen3_8b,EBM-NLP,25886492,P5->P6,P5,P6,3,0.0,1,1,1,1,1,0,0.0,0.0,0.0,0.0,0.0,0.0
qwen3_8b,EBM-NLP,25898782,P1->P2,P1,P2,3,0.04715681076049805,1,1,1,1,1,0,-0.0888888888888889,0.0888888888888889,-0.04444444444444451,0.04444444444444451,0.0,0.0
qwen3_8b,EBM-NLP,25898782,P2->P3,P2,P3,3,0.029935201009114582,1,1,1,1,1,0,0.008672086720867209,0.008672086720867209,0.0747967479674797,0.0747967479674797,0.0,0.0
qwen3_8b,EBM-NLP,25898782,P3->P4,P3,P4,3,0.02333579460779826,1,1,1,1,1,0,-0.097560975609756,0.097560975609756,-0.08505315822388992,0.08505315822388992,0.0,0.0
qwen3_8b,EBM-NLP,25898782,P4->P5,P4,P5,3,0.006067415078481038,1,1,1,1,1,0,0.0512820512820512,0.0512820512820512,0.0,0.0,0.0,0.0
qwen3_8b,EBM-NLP,25898782,P5->P6,P5,P6,3,7.947285970052083e-08,1,1,1,1,1,0,0.0,0.0,0.0,0.0,0.0,0.0
qwen3_8b,EBM-NLP,25931290,P1->P2,P1,P2,3,3.9736429850260414e-08,1,1,1,1,1,0,0.19999999999999998,0.19999999999999998,0.0,0.0,0.0,0.0
qwen3_8b,EBM-NLP,25931290,P2->P3,P2,P3,3,3.9736429850260414e-08,1,1,1,1,1,0,0.0,0.0,0.0,0.0,0.0,0.0
qwen3_8b,EBM-NLP,25931290,P3->P4,P3,P4,3,0.009032924969991049,1,1,1,1,1,0,-0.0894736842105264,0.0894736842105264,-0.07894736842105271,0.07894736842105271,0.0,0.0
qwen3_8b,EBM-NLP,25931290,P4->P5,P4,P5,3,0.003512223561604818,1,1,1,1,1,0,0.0,0.0,0.0,0.0,0.0,0.0
qwen3_8b,EBM-NLP,25931290,P5->P6,P5,P6,3,3.9736429850260414e-08,1,1,1,1,1,0,0.0,0.0,0.0,0.0,0.0,0.0
qwen3_8b,EBM-NLP,25950425,P1->P2,P1,P2,3,0.0004554589589436849,1,1,1,1,1,0,0.0036231884057971037,0.0036231884057971037,0.007246376811594207,0.007246376811594207,0.0,0.0
qwen3_8b,EBM-NLP,25950425,P2->P3,P2,P3,3,0.0020742019017537436,1,1,1,1,1,0,0.010604453870625696,0.010604453870625696,0.021208907741251393,0.021208907741251393,0.0,0.0
qwen3_8b,EBM-NLP,25950425,P3->P4,P3,P4,3,0.024556299050649006,1,1,1,1,1,0,-0.008672086720867306,0.008672086720867306,0.0715447154471544,0.0715447154471544,0.0,0.0
qwen3_8b,EBM-NLP,25950425,P4->P5,P4,P5,3,0.001351018746693929,1,1,1,1,1,0,-0.003782505910165393,0.003782505910165393,-0.0964539007092198,0.0964539007092198,0.0,0.0
qwen3_8b,EBM-NLP,25950425,P5->P6,P5,P6,3,5.960464477539063e-08,1,1,1,1,1,0,0.0,0.0,0.0,0.0,0.0,0.0
qwen3_8b,EBM-NLP,26210844,P1->P2,P1,P2,3,3.9736429850260414e-08,1,1,1,1,1,0,0.0,0.0,0.0,0.0,0.0,0.0
qwen3_8b,EBM-NLP,26210844,P2->P3,P2,P3,3,0.000186006228129069,1,1,1,1,1,0,0.0,0.0,0.0,0.0,0.0,0.0
qwen3_8b,EBM-NLP,26210844,P3->P4,P3,P4,3,0.022822280724843342,1,1,1,1,1,0,0.0,0.0,0.0689655172413793,0.0689655172413793,0.0,0.0
qwen3_8b,EBM-NLP,26210844,P4->P5,P4,P5,3,0.022822280724843342,1,1,1,1,1,0,0.0,0.0,-0.0689655172413793,0.0689655172413793,0.0,0.0
qwen3_8b,EBM-NLP,26210844,P5->P6,P5,P6,3,5.960464477539063e-08,1,1,1,1,1,0,0.0,0.0,0.0,0.0,0.0,0.0
qwen3_8b,EBM-NLP,26278470,P1->P2,P1,P2,3,0.008786241213480631,1,1,1,1,1,0,0.1176470588235294,0.1176470588235294,0.0,0.0,0.0,0.0
qwen3_8b,EBM-NLP,26278470,P2->P3,P2,P3,3,0.0,1,1,1,1,1,0,0.0,0.0,0.0,0.0,0.0,0.0
qwen3_8b,EBM-NLP,26278470,P3->P4,P3,P4,3,0.015389482180277506,1,1,1,1,1,0,0.0,0.0,0.0,0.0,0.0,0.0
qwen3_8b,EBM-NLP,26278470,P4->P5,P4,P5,3,3.9736429850260414e-08,1,1,1,1,1,0,0.0,0.0,0.0,0.0,0.0,0.0
qwen3_8b,EBM-NLP,26278470,P5->P6,P5,P6,3,3.9736429850260414e-08,1,1,1,1,1,0,0.0,0.0,0.0,0.0,0.0,0.0
qwen3_8b,EBM-NLP,2678230,P1->P2,P1,P2,3,0.007993996143341064,1,1,1,1,1,0,0.019607843137255,0.019607843137255,0.03921568627450989,0.03921568627450989,0.0,0.0
qwen3_8b,EBM-NLP,2678230,P2->P3,P2,P3,3,0.007993996143341064,1,1,1,1,1,0,-0.019607843137255,0.019607843137255,-0.03921568627450989,0.03921568627450989,0.0,0.0
qwen3_8b,EBM-NLP,2678230,P3->P4,P3,P4,3,0.09590295950571696,1,1,1,1,1,0,0.06666666666666682,0.06666666666666682,-0.1333333333333332,0.1333333333333332,0.0,0.0
qwen3_8b,EBM-NLP,2678230,P4->P5,P4,P5,3,0.09494431813557942,1,1,1,1,1,0,-0.4,0.4,-0.22564102564102573,0.22564102564102573,0.0,0.0
qwen3_8b,EBM-NLP,2678230,P5->P6,P5,P6,3,0.017803390820821125,1,1,1,1,1,0,0.0,0.0,0.0,0.0,0.0,0.0
qwen3_8b,EBM-NLP,2803397,P1->P2,P1,P2,3,0.0009414752324422201,1,1,1,1,1,0,-0.0555555555555555,0.0555555555555555,-0.053968253968254006,0.053968253968254006,0.0,0.0
qwen3_8b,EBM-NLP,2803397,P2->P3,P2,P3,3,7.947285970052083e-08,1,1,1,1,1,0,0.0,0.0,0.0,0.0,0.0,0.0
qwen3_8b,EBM-NLP,2803397,P3->P4,P3,P4,3,0.05027564366658529,1,1,1,1,1,0,0.1333333333333333,0.1333333333333333,0.2984126984126984,0.2984126984126984,0.0,0.0
qwen3_8b,EBM-NLP,2803397,P4->P5,P4,P5,3,0.10336524248123169,1,1,1,1,1,0,0.08095238095238089,0.08095238095238089,-0.14126984126984132,0.14126984126984132,0.0,0.0
qwen3_8b,EBM-NLP,2803397,P5->P6,P5,P6,3,0.004566808541615804,1,1,1,1,1,0,0.11904761904761912,0.11904761904761912,0.11904761904761912,0.11904761904761912,0.0,0.0
qwen3_8b,EBM-NLP,2908133,P1->P2,P1,P2,3,0.0033199191093444824,1,1,1,1,1,0,0.0,0.0,0.0,0.0,0.0,0.0
qwen3_8b,EBM-NLP,2908133,P2->P3,P2,P3,3,0.05675353606541952,1,1,1,1,1,0,-0.17753623188405798,0.17753623188405798,-0.01449275362318847,0.01449275362318847,0.0,0.0
qwen3_8b,EBM-NLP,2908133,P3->P4,P3,P4,3,0.06856755415598552,1,1,1,1,1,0,0.25,0.25,0.08333333333333337,0.08333333333333337,0.0,0.0
qwen3_8b,EBM-NLP,2908133,P4->P5,P4,P5,3,0.0524449348449707,1,1,1,1,1,0,-0.14285714285714282,0.14285714285714282,-0.2261904761904762,0.2261904761904762,0.0,0.0
qwen3_8b,EBM-NLP,2908133,P5->P6,P5,P6,3,0.03068665663401286,1,1,1,1,1,0,0.08225108225108221,0.08225108225108221,0.08225108225108221,0.08225108225108221,0.0,0.0
qwen3_8b,EBM-NLP,3067745,P1->P2,P1,P2,3,0.02024686336517334,1,1,1,1,1,0,0.0894736842105264,0.0894736842105264,-0.12631578947368416,0.12631578947368416,0.0,0.0
qwen3_8b,EBM-NLP,3067745,P2->P3,P2,P3,3,0.04651351769765218,1,1,1,1,1,0,-0.1181818181818182,0.1181818181818182,0.05454545454545445,0.05454545454545445,0.0,0.0
qwen3_8b,EBM-NLP,3067745,P3->P4,P3,P4,3,0.12521262963612875,1,1,1,1,1,0,0.040404040404040414,0.040404040404040414,-0.12121212121212116,0.12121212121212116,0.0,0.0
qwen3_8b,EBM-NLP,3067745,P4->P5,P4,P5,3,0.11628685394922893,1,1,1,1,1,0,0.0935672514619883,0.0935672514619883,-0.017543859649122806,0.017543859649122806,0.0,0.0
qwen3_8b,EBM-NLP,3067745,P5->P6,P5,P6,3,0.0006669561068216959,1,1,1,1,1,0,0.0,0.0,0.0,0.0,0.0,0.0
qwen3_8b,EBM-NLP,3074300,P1->P2,P1,P2,3,0.012495915095011393,1,1,1,1,1,0,0.021943573667711602,0.021943573667711602,0.1097178683385579,0.1097178683385579,0.0,0.0
qwen3_8b,EBM-NLP,3074300,P2->P3,P2,P3,3,1.9868214925130207e-08,1,1,1,1,1,0,0.0,0.0,0.0,0.0,0.0,0.0
qwen3_8b,EBM-NLP,3074300,P3->P4,P3,P4,3,0.0540353258450826,1,1,1,1,1,0,0.020202020202020207,0.020202020202020207,-0.12121212121212116,0.12121212121212116,0.0,0.0
qwen3_8b,EBM-NLP,3074300,P4->P5,P4,P5,3,0.06241482496261597,1,1,1,1,1,0,0.0888888888888889,0.0888888888888889,0.0,0.0,0.0,0.0
qwen3_8b,EBM-NLP,3074300,P5->P6,P5,P6,3,0.0,1,1,1,1,1,0,0.0,0.0,0.0,0.0,0.0,0.0
qwen3_8b,EBM-NLP,3081600,P1->P2,P1,P2,3,0.0009384950002034506,1,1,1,1,1,0,-0.0064102564102563875,0.0064102564102563875,-0.008974358974358942,0.008974358974358942,0.0,0.0
qwen3_8b,EBM-NLP,3081600,P2->P3,P2,P3,3,0.0,1,1,1,1,1,0,0.0,0.0,0.0,0.0,0.0,0.0
qwen3_8b,EBM-NLP,3081600,P3->P4,P3,P4,3,0.0019597609837849936,1,1,1,1,1,0,-0.01190476190476189,0.01190476190476189,-0.06428571428571428,0.06428571428571428,0.0,0.0
qwen3_8b,EBM-NLP,3081600,P4->P5,P4,P5,3,0.005677501360575358,1,1,1,1,1,0,-0.032967032967033016,0.032967032967033016,-0.0805860805860806,0.0805860805860806,0.0,0.0
qwen3_8b,EBM-NLP,3081600,P5->P6,P5,P6,3,3.9736429850260414e-08,1,1,1,1,1,0,0.0,0.0,0.0,0.0,0.0,0.0
qwen3_8b,EBM-NLP,3534803,P1->P2,P1,P2,3,0.014393667380015055,1,1,1,1,1,0,0.00793650793650802,0.00793650793650802,0.00793650793650802,0.00793650793650802,0.0,0.0
qwen3_8b,EBM-NLP,3534803,P2->P3,P2,P3,3,0.031285504500071205,1,1,1,1,1,0,-0.01532567049808431,0.01532567049808431,-0.01532567049808431,0.01532567049808431,0.0,0.0
qwen3_8b,EBM-NLP,3534803,P3->P4,P3,P4,3,0.33602041006088257,1,1,1,1,1,0,-0.12689655172413788,0.12689655172413788,-0.12689655172413788,0.12689655172413788,0.0,0.0
qwen3_8b,EBM-NLP,3534803,P4->P5,P4,P5,3,0.35067667563756305,1,1,1,1,1,0,0.0,0.0,0.08,0.08,0.0,0.0
qwen3_8b,EBM-NLP,3534803,P5->P6,P5,P6,3,0.0,1,1,1,1,1,0,0.0,0.0,0.0,0.0,0.0,0.0
qwen3_8b,EBM-NLP,361799,P1->P2,P1,P2,3,0.01501538356145223,1,1,1,1,1,0,0.08658008658008659,0.08658008658008659,0.0822510822510823,0.0822510822510823,0.0,0.0
qwen3_8b,EBM-NLP,361799,P2->P3,P2,P3,3,0.053254167238871254,1,1,1,1,1,0,-0.076555023923445,0.076555023923445,-0.06220095693779912,0.06220095693779912,0.0,0.0
qwen3_8b,EBM-NLP,361799,P3->P4,P3,P4,3,0.061102867126464844,1,1,1,1,1,0,0.1052631578947368,0.1052631578947368,0.10526315789473692,0.10526315789473692,0.0,0.0
qwen3_8b,EBM-NLP,361799,P4->P5,P4,P5,3,0.003434916337331136,1,1,1,1,1,0,0.10526315789473692,0.10526315789473692,0.0,0.0,0.0,0.0
qwen3_8b,EBM-NLP,361799,P5->P6,P5,P6,3,0.0,1,1,1,1,1,0,0.0,0.0,0.0,0.0,0.0,0.0
qwen3_8b,EBM-NLP,384815,P1->P2,P1,P2,3,0.0,1,1,1,1,1,0,0.0,0.0,0.0,0.0,0.0,0.0
qwen3_8b,EBM-NLP,384815,P2->P3,P2,P3,3,0.0,1,1,1,1,1,0,0.0,0.0,0.0,0.0,0.0,0.0
qwen3_8b,EBM-NLP,384815,P3->P4,P3,P4,3,0.0,1,1,1,1,1,0,0.0,0.0,0.0,0.0,0.0,0.0
qwen3_8b,EBM-NLP,384815,P4->P5,P4,P5,3,0.0,1,1,1,1,1,0,0.0,0.0,0.0,0.0,0.0,0.0
qwen3_8b,EBM-NLP,384815,P5->P6,P5,P6,3,0.0,1,1,1,1,1,0,0.0,0.0,0.0,0.0,0.0,0.0
qwen3_8b,EBM-NLP,3919804,P1->P2,P1,P2,3,0.0,1,1,1,1,1,0,0.0,0.0,0.0,0.0,0.0,0.0
qwen3_8b,EBM-NLP,3919804,P2->P3,P2,P3,3,0.0,1,1,1,1,1,0,0.0,0.0,0.0,0.0,0.0,0.0
qwen3_8b,EBM-NLP,3919804,P3->P4,P3,P4,3,0.0072974761327107745,1,1,1,1,1,0,-0.012121212121212102,0.012121212121212102,-0.06060606060606066,0.06060606060606066,0.0,0.0
qwen3_8b,EBM-NLP,3919804,P4->P5,P4,P5,3,0.028874655564626057,1,1,1,1,1,0,-0.0035650623885918054,0.0035650623885918054,0.04099821746880572,0.04099821746880572,0.0,0.0
qwen3_8b,EBM-NLP,3919804,P5->P6,P5,P6,3,0.000515441099802653,1,1,1,1,1,0,-0.0033613445378151974,0.0033613445378151974,-0.018487394957983128,0.018487394957983128,0.0,0.0
qwen3_8b,EBM-NLP,4919024,P1->P2,P1,P2,3,0.03585205475489298,1,1,1,1,1,0,-0.3,0.3,-0.3,0.3,0.0,0.0
qwen3_8b,EBM-NLP,4919024,P2->P3,P2,P3,3,0.0,1,1,1,1,1,0,0.0,0.0,0.0,0.0,0.0,0.0
qwen3_8b,EBM-NLP,4919024,P3->P4,P3,P4,3,0.10866049925486247,1,1,1,1,1,0,0.0,0.0,0.0,0.0,0.0,0.0
qwen3_8b,EBM-NLP,4919024,P4->P5,P4,P5,3,0.1570251981417338,1,1,1,1,1,0,0.0,0.0,0.0,0.0,0.0,0.0
qwen3_8b,EBM-NLP,4919024,P5->P6,P5,P6,3,0.020922104517618816,1,1,1,1,1,0,-0.03333333333333341,0.03333333333333341,-0.03333333333333341,0.03333333333333341,0.0,0.0
qwen3_8b,EBM-NLP,6418441,P1->P2,P1,P2,3,0.0009196599324544271,1,1,1,1,1,0,0.0625,0.0625,0.0,0.0,0.0,0.0
qwen3_8b,EBM-NLP,6418441,P2->P3,P2,P3,3,0.0009196599324544271,1,1,1,1,1,0,-0.0625,0.0625,0.0,0.0,0.0,0.0
qwen3_8b,EBM-NLP,6418441,P3->P4,P3,P4,3,0.07702791690826416,1,1,1,1,1,0,0.13709677419354838,0.13709677419354838,-0.11088709677419373,0.11088709677419373,0.0,0.0
qwen3_8b,EBM-NLP,6418441,P4->P5,P4,P5,3,0.03514699141184489,1,1,1,1,1,0,-0.06451612903225806,0.06451612903225806,0.06451612903225801,0.06451612903225801,0.0,0.0
qwen3_8b,EBM-NLP,6418441,P5->P6,P5,P6,3,0.002198974291483561,1,1,1,1,1,0,0.12903225806451607,0.12903225806451607,0.0,0.0,0.0,0.0
qwen3_8b,EBM-NLP,6421395,P1->P2,P1,P2,3,3.9736429850260414e-08,1,1,1,1,1,0,0.0,0.0,0.0,0.0,0.0,0.0
qwen3_8b,EBM-NLP,6421395,P2->P3,P2,P3,3,0.021594067414601643,1,1,1,1,1,0,-0.015151515151515194,0.015151515151515194,-0.015151515151515194,0.015151515151515194,0.0,0.0
qwen3_8b,EBM-NLP,6421395,P3->P4,P3,P4,3,0.07240619262059529,1,1,1,1,1,0,-0.3367003367003367,0.3367003367003367,-0.18855218855218853,0.18855218855218853,0.0,0.0
qwen3_8b,EBM-NLP,6421395,P4->P5,P4,P5,3,0.025555849075317383,1,1,1,1,1,0,0.005698005698005687,0.005698005698005687,-0.06552706552706558,0.06552706552706558,0.0,0.0
qwen3_8b,EBM-NLP,6421395,P5->P6,P5,P6,3,0.0031638145446777344,1,1,1,1,1,0,-0.0769230769230769,0.0769230769230769,0.0,0.0,0.0,0.0
qwen3_8b,EBM-NLP,6920252,P1->P2,P1,P2,3,0.004192630449930827,1,1,1,1,1,0,0.10769230769230759,0.10769230769230759,0.06282051282051276,0.06282051282051276,0.0,0.0
qwen3_8b,EBM-NLP,6920252,P2->P3,P2,P3,3,0.028638044993082683,1,1,1,1,1,0,-0.2431761786600496,0.2431761786600496,-0.31927212572373864,0.31927212572373864,0.0,0.0
qwen3_8b,EBM-NLP,6920252,P3->P4,P3,P4,3,0.11730539798736572,1,1,1,1,1,0,0.185483870967742,0.185483870967742,0.25645161290322593,0.25645161290322593,0.0,0.0
qwen3_8b,EBM-NLP,6920252,P4->P5,P4,P5,3,0.05868347485860189,1,1,1,1,1,0,-0.25,0.25,-0.07162162162162172,0.07162162162162172,0.0,0.0
qwen3_8b,EBM-NLP,6920252,P5->P6,P5,P6,3,0.11048875252405803,1,1,1,1,1,0,0.0,0.0,-0.24504504504504498,0.24504504504504498,0.0,0.0
qwen3_8b,EBM-NLP,6938020,P1->P2,P1,P2,3,0.008104821046193441,1,1,1,1,1,0,-0.0666666666666666,0.0666666666666666,0.0,0.0,0.0,0.0
qwen3_8b,EBM-NLP,6938020,P2->P3,P2,P3,3,0.0,1,1,1,1,1,0,0.0,0.0,0.0,0.0,0.0,0.0
qwen3_8b,EBM-NLP,6938020,P3->P4,P3,P4,3,0.01717984676361084,1,1,1,1,1,0,0.0,0.0,0.0,0.0,0.0,0.0
qwen3_8b,EBM-NLP,6938020,P4->P5,P4,P5,3,0.02341228723526001,1,1,1,1,1,0,-0.16923076923076938,0.16923076923076938,-0.12820512820512808,0.12820512820512808,0.0,0.0
qwen3_8b,EBM-NLP,6938020,P5->P6,P5,P6,3,0.010797619819641113,1,1,1,1,1,0,-0.0769230769230769,0.0769230769230769,-0.07692307692307704,0.07692307692307704,0.0,0.0
qwen3_8b,EBM-NLP,6951573,P1->P2,P1,P2,3,1.9868214925130207e-08,1,1,1,1,1,0,0.0,0.0,0.0,0.0,0.0,0.0
qwen3_8b,EBM-NLP,6951573,P2->P3,P2,P3,3,0.007499853769938151,1,1,1,1,1,0,0.1111111111111111,0.1111111111111111,0.1111111111111111,0.1111111111111111,0.0,0.0
qwen3_8b,EBM-NLP,6951573,P3->P4,P3,P4,3,0.04777077833811442,1,1,1,1,1,0,-0.0111111111111111,0.0111111111111111,-0.0222222222222222,0.0222222222222222,0.0,0.0
qwen3_8b,EBM-NLP,6951573,P4->P5,P4,P5,3,0.07025663057963054,1,1,1,1,1,0,0.01764705882352939,0.01764705882352939,0.03529411764705878,0.03529411764705878,0.0,0.0
qwen3_8b,EBM-NLP,6951573,P5->P6,P5,P6,3,0.03652540842692057,1,1,1,1,1,0,-0.006535947712418291,0.006535947712418291,-0.013071895424836583,0.013071895424836583,0.0,0.0
qwen3_8b,EBM-NLP,6989377,P1->P2,P1,P2,3,0.0360148549079895,1,1,1,1,1,0,-0.0465116279069768,0.0465116279069768,-0.09302325581395349,0.09302325581395349,0.0,0.0
qwen3_8b,EBM-NLP,6989377,P2->P3,P2,P3,3,0.021134694417317707,1,1,1,1,1,0,-0.0008613264427216882,0.0008613264427216882,0.13781223083548672,0.13781223083548672,0.0,0.0
qwen3_8b,EBM-NLP,6989377,P3->P4,P3,P4,3,1.0,1,1,1,0,0,1,-0.1851851851851852,0.1851851851851852,-0.3703703703703704,0.3703703703703704,0.0,0.0
qwen3_8b,EBM-NLP,6989377,P4->P5,P4,P5,3,1.0,1,1,0,1,0,0,0.0512820512820512,0.0512820512820512,0.1025641025641025,0.1025641025641025,0.0,0.0
qwen3_8b,EBM-NLP,6989377,P5->P6,P5,P6,3,1.9868214925130207e-08,1,1,1,1,1,0,0.0,0.0,0.0,0.0,0.0,0.0
qwen3_8b,EBM-NLP,7017018,P1->P2,P1,P2,3,7.947285970052083e-08,1,1,1,1,1,0,0.0,0.0,0.0,0.0,0.0,0.0
qwen3_8b,EBM-NLP,7017018,P2->P3,P2,P3,3,0.019564688205718994,1,1,1,1,1,0,0.014705882352941207,0.014705882352941207,0.029411764705882415,0.029411764705882415,0.0,0.0
qwen3_8b,EBM-NLP,7017018,P3->P4,P3,P4,3,0.07956890265146892,1,1,1,1,1,0,-0.125,0.125,-0.25,0.25,0.0,0.0
qwen3_8b,EBM-NLP,7017018,P4->P5,P4,P5,3,0.09809446334838867,1,1,1,1,1,0,0.008333333333333304,0.008333333333333304,0.016666666666666607,0.016666666666666607,0.0,0.0
qwen3_8b,EBM-NLP,7017018,P5->P6,P5,P6,3,0.016898393630981445,1,1,1,1,1,0,-0.008333333333333304,0.008333333333333304,0.10833333333333339,0.10833333333333339,0.0,0.0
qwen3_8b,EBM-NLP,7598243,P1->P2,P1,P2,3,0.009512782096862793,1,1,1,1,1,0,0.0,0.0,0.0,0.0,0.0,0.0
qwen3_8b,EBM-NLP,7598243,P2->P3,P2,P3,3,0.0,1,1,1,1,1,0,0.0,0.0,0.0,0.0,0.0,0.0
qwen3_8b,EBM-NLP,7598243,P3->P4,P3,P4,3,0.054791927337646484,1,1,1,1,1,0,-0.012507817385866177,0.012507817385866177,0.03627267041901189,0.03627267041901189,0.0,0.0
qwen3_8b,EBM-NLP,7598243,P4->P5,P4,P5,3,0.01628635327021281,1,1,1,1,1,0,0.11507191994996877,0.11507191994996877,0.0662914321450907,0.0662914321450907,0.0,0.0
qwen3_8b,EBM-NLP,7598243,P5->P6,P5,P6,3,0.013358036677042643,1,1,1,1,1,0,-0.05897435897435899,0.05897435897435899,-0.008974358974358998,0.008974358974358998,0.0,0.0
qwen3_8b,EBM-NLP,7707420,P1->P2,P1,P2,3,5.960464477539063e-08,1,1,1,1,1,0,0.0,0.0,0.0,0.0,0.0,0.0
qwen3_8b,EBM-NLP,7707420,P2->P3,P2,P3,3,0.048476735750834145,1,1,1,1,1,0,0.0,0.0,0.0,0.0,0.0,0.0
qwen3_8b,EBM-NLP,7707420,P3->P4,P3,P4,3,0.34458168347676593,1,1,1,1,1,0,-0.0587121212121212,0.0587121212121212,0.0056818181818182045,0.0056818181818182045,0.0,0.0
qwen3_8b,EBM-NLP,7707420,P4->P5,P4,P5,3,0.37799717982610065,1,1,1,1,1,0,0.0625,0.0625,0.0625,0.0625,0.0,0.0
qwen3_8b,EBM-NLP,7707420,P5->P6,P5,P6,3,3.9736429850260414e-08,1,1,1,1,1,0,0.0,0.0,0.0,0.0,0.0,0.0
qwen3_8b,EBM-NLP,7808649,P1->P2,P1,P2,3,0.06671305497487386,1,1,1,1,1,0,0.0,0.0,0.0625,0.0625,0.0,0.0
qwen3_8b,EBM-NLP,7808649,P2->P3,P2,P3,3,0.0,1,1,1,1,1,0,0.0,0.0,0.0,0.0,0.0,0.0
qwen3_8b,EBM-NLP,7808649,P3->P4,P3,P4,3,0.02551168203353882,1,1,1,1,1,0,0.008333333333333304,0.008333333333333304,-0.1166666666666667,0.1166666666666667,0.0,0.0
qwen3_8b,EBM-NLP,7808649,P4->P5,P4,P5,3,0.13004608949025473,1,1,1,1,1,0,0.0,0.0,0.0666666666666666,0.0666666666666666,0.0,0.0
qwen3_8b,EBM-NLP,7808649,P5->P6,P5,P6,3,0.13004608949025473,1,1,1,1,1,0,0.0,0.0,-0.0666666666666666,0.0666666666666666,0.0,0.0
qwen3_8b,EBM-NLP,7814711,P1->P2,P1,P2,3,0.014294703801472982,1,1,1,1,1,0,-0.05952380952380949,0.05952380952380949,-0.1904761904761905,0.1904761904761905,0.0,0.0
qwen3_8b,EBM-NLP,7814711,P2->P3,P2,P3,3,0.016001800696055096,1,1,1,1,1,0,0.0,0.0,0.0833333333333334,0.0833333333333334,0.0,0.0
qwen3_8b,EBM-NLP,7814711,P3->P4,P3,P4,3,0.34251223007837933,1,1,1,1,1,0,0.0,0.0,-0.0833333333333334,0.0833333333333334,0.0,0.0
qwen3_8b,EBM-NLP,7814711,P4->P5,P4,P5,3,0.3765451908111572,1,1,1,1,1,0,0.0036231884057971037,0.0036231884057971037,0.007246376811594207,0.007246376811594207,0.0,0.0
qwen3_8b,EBM-NLP,7814711,P5->P6,P5,P6,3,0.034032960732777916,1,1,1,1,1,0,-0.0036231884057971037,0.0036231884057971037,-0.007246376811594207,0.007246376811594207,0.0,0.0
qwen3_8b,EBM-NLP,7827398,P1->P2,P1,P2,3,0.0,1,1,1,1,1,0,0.0,0.0,0.0,0.0,0.0,0.0
qwen3_8b,EBM-NLP,7827398,P2->P3,P2,P3,3,0.0,1,1,1,1,1,0,0.0,0.0,0.0,0.0,0.0,0.0
qwen3_8b,EBM-NLP,7827398,P3->P4,P3,P4,3,0.08324726422627766,1,1,1,1,1,0,0.0,0.0,0.09722222222222221,0.09722222222222221,0.0,0.0
qwen3_8b,EBM-NLP,7827398,P4->P5,P4,P5,3,0.012056410312652588,1,1,1,1,1,0,0.0,0.0,0.013071895424836583,0.013071895424836583,0.0,0.0
qwen3_8b,EBM-NLP,7827398,P5->P6,P5,P6,3,1.9868214925130207e-08,1,1,1,1,1,0,0.0,0.0,0.0,0.0,0.0,0.0
qwen3_8b,EBM-NLP,7831628,P1->P2,P1,P2,3,3.9736429850260414e-08,1,1,1,1,1,0,0.0,0.0,0.0,0.0,0.0,0.0
qwen3_8b,EBM-NLP,7831628,P2->P3,P2,P3,3,0.10455002387364705,1,1,1,1,1,0,0.0,0.0,0.1355311355311355,0.1355311355311355,0.0,0.0
qwen3_8b,EBM-NLP,7831628,P3->P4,P3,P4,3,0.0739569862683614,1,1,1,1,1,0,0.0,0.0,-0.2307692307692307,0.2307692307692307,0.0,0.0
qwen3_8b,EBM-NLP,7831628,P4->P5,P4,P5,3,0.16999938090642294,1,1,1,1,1,0,0.1,0.1,0.1,0.1,0.0,0.0
qwen3_8b,EBM-NLP,7831628,P5->P6,P5,P6,3,0.1895979642868042,1,1,1,1,1,0,-0.1,0.1,-0.1,0.1,0.0,0.0
qwen3_8b,EBM-NLP,7844976,P1->P2,P1,P2,3,5.960464477539063e-08,1,1,1,1,1,0,0.0,0.0,0.0,0.0,0.0,0.0
qwen3_8b,EBM-NLP,7844976,P2->P3,P2,P3,3,0.01733340819676717,1,1,1,1,1,0,-0.07282913165266101,0.07282913165266101,-0.24089635854341743,0.24089635854341743,0.0,0.0
qwen3_8b,EBM-NLP,7844976,P3->P4,P3,P4,3,0.0,1,1,1,1,1,0,0.0,0.0,0.0,0.0,0.0,0.0
qwen3_8b,EBM-NLP,7844976,P4->P5,P4,P5,3,0.04785311222076416,1,1,1,1,1,0,-0.1176470588235294,0.1176470588235294,-0.1176470588235294,0.1176470588235294,0.0,0.0
qwen3_8b,EBM-NLP,7844976,P5->P6,P5,P6,3,0.3653103510538737,1,1,1,1,1,0,0.1,0.1,0.28235294117647064,0.28235294117647064,0.0,0.0
qwen3_8b,EBM-NLP,7853069,P1->P2,P1,P2,3,0.009772340456644693,1,1,1,1,1,0,0.0,0.0,0.009523809523809601,0.009523809523809601,0.0,0.0
qwen3_8b,EBM-NLP,7853069,P2->P3,P2,P3,3,0.009772340456644693,1,1,1,1,1,0,0.0,0.0,-0.009523809523809601,0.009523809523809601,0.0,0.0
qwen3_8b,EBM-NLP,7853069,P3->P4,P3,P4,3,0.03606321414311727,1,1,1,1,1,0,0.1176470588235294,0.1176470588235294,0.04481792717086838,0.04481792717086838,0.0,0.0
qwen3_8b,EBM-NLP,7853069,P4->P5,P4,P5,3,0.042447447776794434,1,1,1,1,1,0,0.0,0.0,-0.1176470588235294,0.1176470588235294,0.0,0.0
qwen3_8b,EBM-NLP,7853069,P5->P6,P5,P6,3,0.004174868265787761,1,1,1,1,1,0,-0.1176470588235294,0.1176470588235294,0.0,0.0,0.0,0.0
qwen3_8b,EBM-NLP,8519720,P1->P2,P1,P2,3,0.002184748649597168,1,1,1,1,1,0,0.0030303030303029943,0.0030303030303029943,-0.03838383838383841,0.03838383838383841,0.0,0.0
qwen3_8b,EBM-NLP,8519720,P2->P3,P2,P3,3,0.003445565700531006,1,1,1,1,1,0,-0.043340380549682894,0.043340380549682894,-0.08668076109936582,0.08668076109936582,0.0,0.0
qwen3_8b,EBM-NLP,8519720,P3->P4,P3,P4,3,0.34287508328755695,1,1,1,1,1,0,-0.0442427680090754,0.0442427680090754,-0.03970504821327278,0.03970504821327278,0.0,0.0
qwen3_8b,EBM-NLP,8519720,P4->P5,P4,P5,3,0.35871464014053345,1,1,1,1,1,0,0.0012195121951218968,0.0012195121951218968,0.0036585365853658847,0.0036585365853658847,0.0,0.0
qwen3_8b,EBM-NLP,8519720,P5->P6,P5,P6,3,0.08480336268742879,1,1,1,1,1,0,0.0,0.0,0.049999999999999906,0.049999999999999906,0.0,0.0
qwen3_8b,EBM-NLP,8726604,P1->P2,P1,P2,3,5.960464477539063e-08,1,1,1,1,1,0,0.0,0.0,0.0,0.0,0.0,0.0
qwen3_8b,EBM-NLP,8726604,P2->P3,P2,P3,3,0.000509957472483317,1,1,1,1,1,0,-0.0040485829959514,0.0040485829959514,-0.005398110661268496,0.005398110661268496,0.0,0.0
qwen3_8b,EBM-NLP,8726604,P3->P4,P3,P4,3,0.11187845468521118,1,1,1,1,1,0,0.006153846153846204,0.006153846153846204,0.0348717948717949,0.0348717948717949,0.0,0.0
qwen3_8b,EBM-NLP,8726604,P4->P5,P4,P5,3,0.032073537508646645,1,1,1,1,1,0,0.0685714285714285,0.0685714285714285,0.04571428571428571,0.04571428571428571,0.0,0.0
qwen3_8b,EBM-NLP,8726604,P5->P6,P5,P6,3,0.0003791650136311849,1,1,1,1,1,0,-0.006349206349206299,0.006349206349206299,-0.007936507936507908,0.007936507936507908,0.0,0.0
qwen3_8b,EBM-NLP,8771302,P1->P2,P1,P2,3,0.01728437344233195,1,1,1,1,1,0,0.005698005698005687,0.005698005698005687,0.005698005698005687,0.005698005698005687,0.0,0.0
qwen3_8b,EBM-NLP,8771302,P2->P3,P2,P3,3,0.05273544788360596,1,1,1,1,1,0,-0.0769230769230769,0.0769230769230769,-0.0769230769230769,0.0769230769230769,0.0,0.0
qwen3_8b,EBM-NLP,8771302,P3->P4,P3,P4,3,0.060102224349975586,1,1,1,1,1,0,-0.002849002849002899,0.002849002849002899,0.07122507122507121,0.07122507122507121,0.0,0.0
qwen3_8b,EBM-NLP,8771302,P4->P5,P4,P5,3,0.15109175443649292,1,1,1,1,1,0,-0.074074074074074,0.074074074074074,-0.06119162640901771,0.06119162640901771,0.0,0.0
qwen3_8b,EBM-NLP,8771302,P5->P6,P5,P6,3,0.25179121891657513,1,1,1,1,1,0,0.0869565217391304,0.0869565217391304,0.0,0.0,0.0,0.0
qwen3_8b,EBM-NLP,8779382,P1->P2,P1,P2,3,0.0245936115582784,1,1,1,1,1,0,0.0,0.0,-0.009090909090909108,0.009090909090909108,0.0,0.0
qwen3_8b,EBM-NLP,8779382,P2->P3,P2,P3,3,0.061074276765187584,1,1,1,1,1,0,0.0,0.0,0.009090909090909108,0.009090909090909108,0.0,0.0
qwen3_8b,EBM-NLP,8779382,P3->P4,P3,P4,3,0.17852099736531576,1,1,1,1,1,0,0.125,0.125,0.15,0.15,0.0,0.0
qwen3_8b,EBM-NLP,8779382,P4->P5,P4,P5,3,0.014148513476053873,1,1,1,1,1,0,0.008333333333333304,0.008333333333333304,0.016666666666666607,0.016666666666666607,0.0,0.0
qwen3_8b,EBM-NLP,8779382,P5->P6,P5,P6,3,0.04284443457921346,1,1,1,1,1,0,0.0,0.0,0.0,0.0,0.0,0.0
qwen3_8b,EBM-NLP,8911222,P1->P2,P1,P2,3,0.017512182394663494,1,1,1,1,1,0,-0.0588235294117647,0.0588235294117647,0.11764705882352938,0.11764705882352938,0.0,0.0
qwen3_8b,EBM-NLP,8911222,P2->P3,P2,P3,3,0.0008567571640014648,1,1,1,1,1,0,-0.0016806722689075987,0.0016806722689075987,-0.008403361344537785,0.008403361344537785,0.0,0.0
qwen3_8b,EBM-NLP,8911222,P3->P4,P3,P4,3,0.015183707078297934,1,1,1,1,1,0,0.06406926406926411,0.06406926406926411,-0.1038961038961039,0.1038961038961039,0.0,0.0
qwen3_8b,EBM-NLP,8911222,P4->P5,P4,P5,3,0.006945610046386719,1,1,1,1,1,0,0.0502164502164502,0.0502164502164502,-0.010389610389610393,0.010389610389610393,0.0,0.0
qwen3_8b,EBM-NLP,8911222,P5->P6,P5,P6,3,0.0036546786626180014,1,1,1,1,1,0,0.010389610389610393,0.010389610389610393,0.010389610389610393,0.010389610389610393,0.0,0.0
qwen3_8b,EBM-NLP,8911223,P1->P2,P1,P2,3,0.0004189411799112956,1,1,1,1,1,0,0.054054054054054,0.054054054054054,0.054054054054054,0.054054054054054,0.0,0.0
qwen3_8b,EBM-NLP,8911223,P2->P3,P2,P3,3,0.0,1,1,1,1,1,0,0.0,0.0,0.0,0.0,0.0,0.0
qwen3_8b,EBM-NLP,8911223,P3->P4,P3,P4,3,0.0,1,1,1,1,1,0,0.0,0.0,0.0,0.0,0.0,0.0
qwen3_8b,EBM-NLP,8911223,P4->P5,P4,P5,3,0.002831061681111654,1,1,1,1,1,0,0.054054054054054,0.054054054054054,0.0,0.0,0.0,0.0
qwen3_8b,EBM-NLP,8911223,P5->P6,P5,P6,3,0.0,1,1,1,1,1,0,0.0,0.0,0.0,0.0,0.0,0.0
qwen3_8b,EBM-NLP,8913901,P1->P2,P1,P2,3,0.09690004587173462,1,1,1,1,1,0,0.015686274509803907,0.015686274509803907,0.06274509803921574,0.06274509803921574,0.0,0.0
qwen3_8b,EBM-NLP,8913901,P2->P3,P2,P3,3,0.09406254688898723,1,1,1,1,1,0,-0.008333333333333304,0.008333333333333304,-0.033333333333333326,0.033333333333333326,0.0,0.0
qwen3_8b,EBM-NLP,8913901,P3->P4,P3,P4,3,0.03477787971496582,1,1,1,1,1,0,-0.0340909090909091,0.0340909090909091,-0.1363636363636363,0.1363636363636363,0.0,0.0
qwen3_8b,EBM-NLP,8913901,P4->P5,P4,P5,3,0.0322652260462443,1,1,1,1,1,0,0.0267379679144385,0.0267379679144385,-0.0106951871657755,0.0106951871657755,0.0,0.0
qwen3_8b,EBM-NLP,8913901,P5->P6,P5,P6,3,0.02347878615061442,1,1,1,1,1,0,0.0,0.0,0.0,0.0,0.0,0.0
qwen3_8b,EBM-NLP,8916620,P1->P2,P1,P2,3,0.0,1,1,1,1,1,0,0.0,0.0,0.0,0.0,0.0,0.0
qwen3_8b,EBM-NLP,8916620,P2->P3,P2,P3,3,0.018741488456726074,1,1,1,1,1,0,-0.010989010989011005,0.010989010989011005,0.1318681318681319,0.1318681318681319,0.0,0.0
qwen3_8b,EBM-NLP,8916620,P3->P4,P3,P4,3,0.09505987167358398,1,1,1,1,1,0,0.010989010989011005,0.010989010989011005,0.0219780219780219,0.0219780219780219,0.0,0.0
qwen3_8b,EBM-NLP,8916620,P4->P5,P4,P5,3,0.07948656876881917,1,1,1,1,1,0,-0.1538461538461538,0.1538461538461538,-0.04102564102564099,0.04102564102564099,0.0,0.0
qwen3_8b,EBM-NLP,8916620,P5->P6,P5,P6,3,0.012780765692392984,1,1,1,1,1,0,0.0,0.0,-0.12380952380952381,0.12380952380952381,0.0,0.0
qwen3_8b,EBM-NLP,8989009,P1->P2,P1,P2,3,0.0,1,1,1,1,1,0,0.0,0.0,0.0,0.0,0.0,0.0
qwen3_8b,EBM-NLP,8989009,P2->P3,P2,P3,3,0.0,1,1,1,1,1,0,0.0,0.0,0.0,0.0,0.0,0.0
qwen3_8b,EBM-NLP,8989009,P3->P4,P3,P4,3,0.033780296643575035,1,1,1,1,1,0,0.03846153846153849,0.03846153846153849,0.08547008547008539,0.08547008547008539,0.0,0.0
qwen3_8b,EBM-NLP,8989009,P4->P5,P4,P5,3,0.046319007873535156,1,1,1,1,1,0,-0.0874811463046757,0.0874811463046757,-0.19004524886877822,0.19004524886877822,0.0,0.0
qwen3_8b,EBM-NLP,8989009,P5->P6,P5,P6,3,0.005464037259419759,1,1,1,1,1,0,-0.009538950715421296,0.009538950715421296,-0.009538950715421296,0.009538950715421296,0.0,0.0
qwen3_8b,EBM-NLP,9229602,P1->P2,P1,P2,3,3.9736429850260414e-08,1,1,1,1,1,0,0.0,0.0,0.0,0.0,0.0,0.0
qwen3_8b,EBM-NLP,9229602,P2->P3,P2,P3,3,0.03535125652949015,1,1,1,1,1,0,0.02240896358543419,0.02240896358543419,-0.0056022408963586345,0.0056022408963586345,0.0,0.0
qwen3_8b,EBM-NLP,9229602,P3->P4,P3,P4,3,0.014254113038380941,1,1,1,1,1,0,-0.01764705882352939,0.01764705882352939,0.029411764705882415,0.029411764705882415,0.0,0.0
qwen3_8b,EBM-NLP,9229602,P4->P5,P4,P5,3,0.33635713656743366,1,1,1,1,1,0,-0.1,0.1,-0.125,0.125,0.0,0.0
qwen3_8b,EBM-NLP,9229602,P5->P6,P5,P6,3,1.9868214925130207e-08,1,1,1,1,1,0,0.0,0.0,0.0,0.0,0.0,0.0
qwen3_8b,EBM-NLP,9394106,P1->P2,P1,P2,3,0.01686386267344157,1,1,1,1,1,0,-0.058064516129032184,0.058064516129032184,-0.05161290322580636,0.05161290322580636,0.0,0.0
qwen3_8b,EBM-NLP,9394106,P2->P3,P2,P3,3,0.010482092698415121,1,1,1,1,1,0,0.0,0.0,0.0,0.0,0.0,0.0
qwen3_8b,EBM-NLP,9394106,P3->P4,P3,P4,3,0.08488299449284871,1,1,1,1,1,0,-0.0518518518518519,0.0518518518518519,-0.1777777777777778,0.1777777777777778,0.0,0.0
qwen3_8b,EBM-NLP,9394106,P4->P5,P4,P5,3,0.05568708976109823,1,1,1,1,1,0,-0.07407407407407411,0.07407407407407411,-0.0740740740740741,0.0740740740740741,0.0,0.0
qwen3_8b,EBM-NLP,9394106,P5->P6,P5,P6,3,0.03792820374170939,1,1,1,1,1,0,0.0,0.0,0.0,0.0,0.0,0.0
qwen3_8b,EBM-NLP,9481998,P1->P2,P1,P2,3,0.0,1,1,1,1,1,0,0.0,0.0,0.0,0.0,0.0,0.0
qwen3_8b,EBM-NLP,9481998,P2->P3,P2,P3,3,0.0,1,1,1,1,1,0,0.0,0.0,0.0,0.0,0.0,0.0
qwen3_8b,EBM-NLP,9481998,P3->P4,P3,P4,3,0.356309711933136,1,1,1,1,1,0,-0.0047619047619048005,0.0047619047619048005,-0.009523809523809601,0.009523809523809601,0.0,0.0
qwen3_8b,EBM-NLP,9481998,P4->P5,P4,P5,3,0.3763471841812134,1,1,1,1,1,0,0.01002506265664159,0.01002506265664159,0.02005012531328318,0.02005012531328318,0.0,0.0
qwen3_8b,EBM-NLP,9481998,P5->P6,P5,P6,3,0.0026763478914896646,1,1,1,1,1,0,0.0,0.0,0.0,0.0,0.0,0.0
qwen3_8b,EBM-NLP,9573502,P1->P2,P1,P2,3,0.026195367177327473,1,1,1,1,1,0,-0.0763775231860339,0.0763775231860339,-0.1014729950900164,0.1014729950900164,0.0,0.0
qwen3_8b,EBM-NLP,9573502,P2->P3,P2,P3,3,0.028393844763437908,1,1,1,1,1,0,0.0763775231860339,0.0763775231860339,0.05891980360065471,0.05891980360065471,0.0,0.0
qwen3_8b,EBM-NLP,9573502,P3->P4,P3,P4,3,0.03561321894327799,1,1,1,1,1,0,-0.07887908666320709,0.07887908666320709,-0.11520498183705251,0.11520498183705251,0.0,0.0
qwen3_8b,EBM-NLP,9573502,P4->P5,P4,P5,3,0.053352932135264076,1,1,1,1,1,0,0.10506566604127579,0.10506566604127579,0.056285178236397795,0.056285178236397795,0.0,0.0
qwen3_8b,EBM-NLP,9573502,P5->P6,P5,P6,3,0.0,1,1,1,1,1,0,0.0,0.0,0.0,0.0,0.0,0.0
qwen3_8b,EBM-NLP,9695300,P1->P2,P1,P2,3,0.00766452153523763,1,1,1,1,1,0,0.07142857142857151,0.07142857142857151,0.0714285714285714,0.0714285714285714,0.0,0.0
qwen3_8b,EBM-NLP,9695300,P2->P3,P2,P3,3,0.10306247075398763,1,1,1,1,1,0,-0.0788177339901478,0.0788177339901478,-0.012315270935960576,0.012315270935960576,0.0,0.0
qwen3_8b,EBM-NLP,9695300,P3->P4,P3,P4,3,0.38222400347391766,1,1,1,1,1,0,0.00738916256157629,0.00738916256157629,0.08374384236453197,0.08374384236453197,0.0,0.0
qwen3_8b,EBM-NLP,9695300,P4->P5,P4,P5,3,0.011514027913411459,1,1,1,1,1,0,-0.05428571428571419,0.05428571428571419,-0.1885714285714285,0.1885714285714285,0.0,0.0
qwen3_8b,EBM-NLP,9695300,P5->P6,P5,P6,3,0.3333333333333333,1,1,1,1,1,0,0.1733333333333332,0.1733333333333332,0.16000000000000003,0.16000000000000003,0.0,0.0
qwen3_8b,EBM-NLP,9730996,P1->P2,P1,P2,3,0.00214308500289917,1,1,1,1,1,0,0.005042016806722699,0.005042016806722699,0.010084033613445398,0.010084033613445398,0.0,0.0
qwen3_8b,EBM-NLP,9730996,P2->P3,P2,P3,3,0.05830550193786621,1,1,1,1,1,0,-0.1023965141612201,0.1023965141612201,-0.1307189542483661,0.1307189542483661,0.0,0.0
qwen3_8b,EBM-NLP,9730996,P3->P4,P3,P4,3,0.019646724065144856,1,1,1,1,1,0,0.005925925925926001,0.005925925925926001,0.017777777777777892,0.017777777777777892,0.0,0.0
qwen3_8b,EBM-NLP,9730996,P4->P5,P4,P5,3,0.0038823485374450684,1,1,1,1,1,0,0.08,0.08,0.0,0.0,0.0,0.0
qwen3_8b,EBM-NLP,9730996,P5->P6,P5,P6,3,0.0,1,1,1,1,1,0,0.0,0.0,0.0,0.0,0.0,0.0
qwen3_8b,EBM-NLP,9816035,P1->P2,P1,P2,3,0.013335466384887695,1,1,1,1,1,0,-0.09379968203497607,0.09379968203497607,-0.14785373608903019,0.14785373608903019,0.0,0.0
qwen3_8b,EBM-NLP,9816035,P2->P3,P2,P3,3,0.048383514086405434,1,1,1,1,1,0,0.10130718954248369,0.10130718954248369,0.2124183006535948,0.2124183006535948,0.0,0.0
qwen3_8b,EBM-NLP,9816035,P3->P4,P3,P4,3,0.03248182932535807,1,1,1,1,1,0,-0.1487455197132617,0.1487455197132617,-0.1953405017921147,0.1953405017921147,0.0,0.0
qwen3_8b,EBM-NLP,9816035,P4->P5,P4,P5,3,0.07475084066390991,1,1,1,1,1,0,-0.0623655913978495,0.0623655913978495,0.006451612903225712,0.006451612903225712,0.0,0.0
qwen3_8b,EBM-NLP,9816035,P5->P6,P5,P6,3,0.07475084066390991,1,1,1,1,1,0,0.0623655913978495,0.0623655913978495,-0.006451612903225712,0.006451612903225712,0.0,0.0
qwen3_8b,SciER,160009536,P1->P2,P1,P2,4,0.0,1,1,0,0,0,0,0.0,0.0,0.0,0.0,0.0,0.0
qwen3_8b,SciER,160009536,P2->P3,P2,P3,4,0.0,1,1,0,0,0,0,0.0,0.0,0.0,0.0,0.0,0.0
qwen3_8b,SciER,160009536,P3->P4,P3,P4,4,1.0,1,1,0,1,0,0,0.3052208835341366,0.3052208835341366,0.3293172690763052,0.3293172690763052,0.025,0.025
qwen3_8b,SciER,160009536,P4->P5,P4,P5,4,1.0,1,1,1,0,0,1,-0.3052208835341366,0.3052208835341366,-0.3293172690763052,0.3293172690763052,-0.025,0.025
qwen3_8b,SciER,160009536,P5->P6,P5,P6,4,0.0,1,1,0,0,0,0,0.0,0.0,0.0,0.0,0.0,0.0
qwen3_8b,SciER,192546007,P1->P2,P1,P2,4,0.0,1,1,0,0,0,0,0.0,0.0,0.0,0.0,0.0,0.0
qwen3_8b,SciER,192546007,P2->P3,P2,P3,4,0.0,1,1,0,0,0,0,0.0,0.0,0.0,0.0,0.0,0.0
qwen3_8b,SciER,192546007,P3->P4,P3,P4,4,0.0,1,1,0,0,0,0,0.0,0.0,0.0,0.0,0.0,0.0
qwen3_8b,SciER,192546007,P4->P5,P4,P5,4,0.0,1,1,0,0,0,0,0.0,0.0,0.0,0.0,0.0,0.0
qwen3_8b,SciER,192546007,P5->P6,P5,P6,4,0.0,1,1,0,0,0,0,0.0,0.0,0.0,0.0,0.0,0.0
qwen3_8b,SciER,202719492,P1->P2,P1,P2,4,0.0,1,1,0,0,0,0,0.0,0.0,0.0,0.0,0.0,0.0
qwen3_8b,SciER,202719492,P2->P3,P2,P3,4,0.0,1,1,0,0,0,0,0.0,0.0,0.0,0.0,0.0,0.0
qwen3_8b,SciER,202719492,P3->P4,P3,P4,4,0.0,1,1,0,0,0,0,0.0,0.0,0.0,0.0,0.0,0.0
qwen3_8b,SciER,202719492,P4->P5,P4,P5,4,0.0,1,1,0,0,0,0,0.0,0.0,0.0,0.0,0.0,0.0
qwen3_8b,SciER,202719492,P5->P6,P5,P6,4,0.0,1,1,0,0,0,0,0.0,0.0,0.0,0.0,0.0,0.0
qwen3_8b,SciER,202888938,P1->P2,P1,P2,4,0.008256077766418457,1,1,1,1,1,0,0.0830721003134796,0.0830721003134796,0.014019505398815801,0.014019505398815801,0.0,0.0
qwen3_8b,SciER,202888938,P2->P3,P2,P3,4,0.25864124298095703,1,1,1,1,1,0,-0.082983682983683,0.082983682983683,-0.021328671328671306,0.021328671328671306,0.0,0.0
qwen3_8b,SciER,202888938,P3->P4,P3,P4,4,0.75,1,1,1,0,0,1,-0.023076923076923,0.023076923076923,-0.0923076923076923,0.0923076923076923,0.0,0.0
qwen3_8b,SciER,202888938,P4->P5,P4,P5,4,1.0,1,1,0,1,0,0,0.0988593155893536,0.0988593155893536,0.1064638783269962,0.1064638783269962,0.1149425287356321,0.1149425287356321
qwen3_8b,SciER,202888938,P5->P6,P5,P6,4,1.0,1,1,1,0,0,1,-0.0988593155893536,0.0988593155893536,-0.1064638783269962,0.1064638783269962,-0.1149425287356321,0.1149425287356321
qwen3_8b,SciER,210157153,P1->P2,P1,P2,4,1.0,1,1,0,1,0,0,0.1354166666666666,0.1354166666666666,0.15625,0.15625,0.0943396226415094,0.0943396226415094
qwen3_8b,SciER,210157153,P2->P3,P2,P3,4,0.2525044232606888,1,1,1,1,1,0,-0.009100877192982415,0.009100877192982415,-0.019407894736842207,0.019407894736842207,0.03293310463121789,0.03293310463121789
qwen3_8b,SciER,210157153,P3->P4,P3,P4,4,0.75,1,1,1,0,0,1,-0.1263157894736842,0.1263157894736842,-0.1368421052631578,0.1368421052631578,-0.1272727272727273,0.1272727272727273
qwen3_8b,SciER,210157153,P4->P5,P4,P5,4,0.0,1,1,0,0,0,0,0.0,0.0,0.0,0.0,0.0,0.0
qwen3_8b,SciER,210157153,P5->P6,P5,P6,4,0.0,1,1,0,0,0,0,0.0,0.0,0.0,0.0,0.0,0.0
qwen3_8b,SciER,210702798,P1->P2,P1,P2,4,0.0,1,1,0,0,0,0,0.0,0.0,0.0,0.0,0.0,0.0
qwen3_8b,SciER,210702798,P2->P3,P2,P3,4,0.0,1,1,0,0,0,0,0.0,0.0,0.0,0.0,0.0,0.0
qwen3_8b,SciER,210702798,P3->P4,P3,P4,4,0.0,1,1,0,0,0,0,0.0,0.0,0.0,0.0,0.0,0.0
qwen3_8b,SciER,210702798,P4->P5,P4,P5,4,0.0,1,1,0,0,0,0,0.0,0.0,0.0,0.0,0.0,0.0
qwen3_8b,SciER,210702798,P5->P6,P5,P6,4,0.0,1,1,0,0,0,0,0.0,0.0,0.0,0.0,0.0,0.0
qwen3_8b,SciER,244256,P1->P2,P1,P2,4,0.0,1,1,0,0,0,0,0.0,0.0,0.0,0.0,0.0,0.0
qwen3_8b,SciER,244256,P2->P3,P2,P3,4,0.0,1,1,0,0,0,0,0.0,0.0,0.0,0.0,0.0,0.0
qwen3_8b,SciER,244256,P3->P4,P3,P4,4,0.0,1,1,0,0,0,0,0.0,0.0,0.0,0.0,0.0,0.0
qwen3_8b,SciER,244256,P4->P5,P4,P5,4,0.0,1,1,0,0,0,0,0.0,0.0,0.0,0.0,0.0,0.0
qwen3_8b,SciER,244256,P5->P6,P5,P6,4,0.0,1,1,0,0,0,0,0.0,0.0,0.0,0.0,0.0,0.0
qwen3_8b,SciER,3627225,P1->P2,P1,P2,4,0.0,1,1,0,0,0,0,0.0,0.0,0.0,0.0,0.0,0.0
qwen3_8b,SciER,3627225,P2->P3,P2,P3,4,0.0,1,1,0,0,0,0,0.0,0.0,0.0,0.0,0.0,0.0
qwen3_8b,SciER,3627225,P3->P4,P3,P4,4,0.0,1,1,0,0,0,0,0.0,0.0,0.0,0.0,0.0,0.0
qwen3_8b,SciER,3627225,P4->P5,P4,P5,4,0.0,1,1,0,0,0,0,0.0,0.0,0.0,0.0,0.0,0.0
qwen3_8b,SciER,3627225,P5->P6,P5,P6,4,1.0,1,1,0,1,0,0,0.3544303797468354,0.3544303797468354,0.3544303797468354,0.3544303797468354,0.0449438202247191,0.0449438202247191
qwen3_8b,SciER,52169846,P1->P2,P1,P2,4,0.0,1,1,0,0,0,0,0.0,0.0,0.0,0.0,0.0,0.0
qwen3_8b,SciER,52169846,P2->P3,P2,P3,4,0.0,1,1,0,0,0,0,0.0,0.0,0.0,0.0,0.0,0.0
qwen3_8b,SciER,52169846,P3->P4,P3,P4,4,0.0,1,1,0,0,0,0,0.0,0.0,0.0,0.0,0.0,0.0
qwen3_8b,SciER,52169846,P4->P5,P4,P5,4,0.0,1,1,0,0,0,0,0.0,0.0,0.0,0.0,0.0,0.0
qwen3_8b,SciER,52169846,P5->P6,P5,P6,4,0.0,1,1,0,0,0,0,0.0,0.0,0.0,0.0,0.0,0.0
qwen3_8b,SciER,53109398,P1->P2,P1,P2,4,1.0,1,1,1,0,0,1,-0.036144578313253,0.036144578313253,-0.072289156626506,0.072289156626506,-0.0203045685279187,0.0203045685279187
qwen3_8b,SciER,53109398,P2->P3,P2,P3,4,0.0,1,1,0,0,0,0,0.0,0.0,0.0,0.0,0.0,0.0
qwen3_8b,SciER,53109398,P3->P4,P3,P4,4,0.0,1,1,0,0,0,0,0.0,0.0,0.0,0.0,0.0,0.0
qwen3_8b,SciER,53109398,P4->P5,P4,P5,4,1.0,1,1,0,1,0,0,0.0479041916167664,0.0479041916167664,0.0898203592814371,0.0898203592814371,0.0,0.0
qwen3_8b,SciER,53109398,P5->P6,P5,P6,4,0.000591665506362915,1,1,1,1,1,0,-0.0001429975869157024,0.0001429975869157024,0.005702028778264395,0.005702028778264395,0.0,0.0
qwen3_8b,SciER,AAAI2024,P1->P2,P1,P2,4,1.0,1,1,0,1,0,0,0.152046783625731,0.152046783625731,0.1871345029239766,0.1871345029239766,0.0842105263157894,0.0842105263157894
qwen3_8b,SciER,AAAI2024,P2->P3,P2,P3,4,0.00320570170879364,1,1,1,1,1,0,-0.022635018919848704,0.022635018919848704,-0.022428620571035507,0.022428620571035507,-0.021710526315789402,0.021710526315789402
qwen3_8b,SciER,AAAI2024,P3->P4,P3,P4,4,1.0,1,1,1,0,0,1,-0.1294117647058823,0.1294117647058823,-0.1647058823529411,0.1647058823529411,-0.0625,0.0625
qwen3_8b,SciER,AAAI2024,P4->P5,P4,P5,4,0.0,1,1,0,0,0,0,0.0,0.0,0.0,0.0,0.0,0.0
qwen3_8b,SciER,AAAI2024,P5->P6,P5,P6,4,0.0,1,1,0,0,0,0,0.0,0.0,0.0,0.0,0.0,0.0
qwen3_8b,SciER,CVPR2023,P1->P2,P1,P2,4,0.0,1,1,0,0,0,0,0.0,0.0,0.0,0.0,0.0,0.0
qwen3_8b,SciER,CVPR2023,P2->P3,P2,P3,4,0.0,1,1,0,0,0,0,0.0,0.0,0.0,0.0,0.0,0.0
qwen3_8b,SciER,CVPR2023,P3->P4,P3,P4,4,0.0,1,1,0,0,0,0,0.0,0.0,0.0,0.0,0.0,0.0
qwen3_8b,SciER,CVPR2023,P4->P5,P4,P5,4,0.0,1,1,0,0,0,0,0.0,0.0,0.0,0.0,0.0,0.0
qwen3_8b,SciER,CVPR2023,P5->P6,P5,P6,4,0.0,1,1,0,0,0,0,0.0,0.0,0.0,0.0,0.0,0.0
qwen3_8b,SciER,EMNLP2023,P1->P2,P1,P2,4,0.019790083169937134,1,1,1,1,1,0,0.011066763425253992,0.011066763425253992,0.012155297532655984,0.012155297532655984,0.0,0.0
qwen3_8b,SciER,EMNLP2023,P2->P3,P2,P3,4,1.0,1,1,1,0,0,1,-0.0865384615384615,0.0865384615384615,-0.1442307692307692,0.1442307692307692,0.0,0.0
qwen3_8b,SciER,EMNLP2023,P3->P4,P3,P4,4,0.0,1,1,0,0,0,0,0.0,0.0,0.0,0.0,0.0,0.0
qwen3_8b,SciER,EMNLP2023,P4->P5,P4,P5,4,1.0,1,1,0,1,0,0,0.0676328502415459,0.0676328502415459,0.1256038647342995,0.1256038647342995,0.0206185567010309,0.0206185567010309
qwen3_8b,SciER,EMNLP2023,P5->P6,P5,P6,4,1.0,1,1,1,0,0,1,-0.0676328502415459,0.0676328502415459,-0.1256038647342995,0.1256038647342995,-0.0206185567010309,0.0206185567010309
qwen3_8b,SciER,ICLR2024-AI4Material,P1->P2,P1,P2,4,0.021075591444969177,1,1,1,1,1,0,-0.038292529817953475,0.038292529817953475,-0.05524168236032648,0.05524168236032648,0.0339506172839506,0.0339506172839506
qwen3_8b,SciER,ICLR2024-AI4Material,P2->P3,P2,P3,4,0.02193368971347809,1,1,1,1,1,0,0.06672788490970308,0.06672788490970308,0.0997857361493725,0.0997857361493725,-0.0261904761904762,0.0261904761904762
qwen3_8b,SciER,ICLR2024-AI4Material,P3->P4,P3,P4,4,1.0,1,1,1,0,0,1,-0.2148760330578512,0.2148760330578512,-0.2479338842975206,0.2479338842975206,-0.0571428571428571,0.0571428571428571
qwen3_8b,SciER,ICLR2024-AI4Material,P4->P5,P4,P5,4,0.0,1,1,0,0,0,0,0.0,0.0,0.0,0.0,0.0,0.0
qwen3_8b,SciER,ICLR2024-AI4Material,P5->P6,P5,P6,4,0.0,1,1,0,0,0,0,0.0,0.0,0.0,0.0,0.0,0.0
qwen3_8b,SciER,ICLR2024-AI4Science-Protein,P1->P2,P1,P2,4,1.0,1,1,1,0,0,1,-0.0875420875420875,0.0875420875420875,-0.1346801346801346,0.1346801346801346,-0.0736196319018405,0.0736196319018405
qwen3_8b,SciER,ICLR2024-AI4Science-Protein,P2->P3,P2,P3,4,1.0,1,1,0,1,0,0,0.1212121212121212,0.1212121212121212,0.1548821548821548,0.1548821548821548,0.0823529411764705,0.0823529411764705
qwen3_8b,SciER,ICLR2024-AI4Science-Protein,P3->P4,P3,P4,4,1.0,1,1,1,0,0,1,-0.1212121212121212,0.1212121212121212,-0.1548821548821548,0.1548821548821548,-0.0823529411764705,0.0823529411764705
qwen3_8b,SciER,ICLR2024-AI4Science-Protein,P4->P5,P4,P5,4,0.0,1,1,0,0,0,0,0.0,0.0,0.0,0.0,0.0,0.0
qwen3_8b,SciER,ICLR2024-AI4Science-Protein,P5->P6,P5,P6,4,0.0,1,1,0,0,0,0,0.0,0.0,0.0,0.0,0.0,0.0
qwen3_8b,SciER,NeurIPS2023-AI4Science,P1->P2,P1,P2,4,0.0,1,1,0,0,0,0,0.0,0.0,0.0,0.0,0.0,0.0
qwen3_8b,SciER,NeurIPS2023-AI4Science,P2->P3,P2,P3,4,0.0,1,1,0,0,0,0,0.0,0.0,0.0,0.0,0.0,0.0
qwen3_8b,SciER,NeurIPS2023-AI4Science,P3->P4,P3,P4,4,0.0,1,1,0,0,0,0,0.0,0.0,0.0,0.0,0.0,0.0
qwen3_8b,SciER,NeurIPS2023-AI4Science,P4->P5,P4,P5,4,0.0,1,1,0,0,0,0,0.0,0.0,0.0,0.0,0.0,0.0
qwen3_8b,SciER,NeurIPS2023-AI4Science,P5->P6,P5,P6,4,0.0,1,1,0,0,0,0,0.0,0.0,0.0,0.0,0.0,0.0
qwen3_8b,SciERC,A97-1020,P1->P2,P1,P2,7,0.0,1,1,0,0,0,0,0.0,0.0,0.0,0.0,0.0,0.0
qwen3_8b,SciERC,A97-1020,P2->P3,P2,P3,7,0.0,1,1,0,0,0,0,0.0,0.0,0.0,0.0,0.0,0.0
qwen3_8b,SciERC,A97-1020,P3->P4,P3,P4,7,0.7142857142857143,1,1,0,1,0,0,0.0625,0.0625,0.125,0.125,0.0,0.0
qwen3_8b,SciERC,A97-1020,P4->P5,P4,P5,7,0.006835435117994036,1,1,1,1,1,0,0.0,0.0,0.0,0.0,0.0,0.0
qwen3_8b,SciERC,A97-1020,P5->P6,P5,P6,7,0.006308359759194511,1,1,1,1,1,0,0.0,0.0,0.0625,0.0625,0.0,0.0
qwen3_8b,SciERC,C00-2123,P1->P2,P1,P2,7,0.2909445422036307,1,1,1,1,1,0,0.0,0.0,0.08333333333333343,0.08333333333333343,0.0,0.0
qwen3_8b,SciERC,C00-2123,P2->P3,P2,P3,7,0.3004923718316214,1,1,1,1,1,0,-0.0757575757575757,0.0757575757575757,-0.15151515151515152,0.15151515151515152,0.0,0.0
qwen3_8b,SciERC,C00-2123,P3->P4,P3,P4,7,0.18118573086602346,1,1,1,1,1,0,0.0267379679144385,0.0267379679144385,-0.0641711229946524,0.0641711229946524,0.0,0.0
qwen3_8b,SciERC,C00-2123,P4->P5,P4,P5,7,0.016365093844277517,1,1,1,1,1,0,-0.006535947712418291,0.006535947712418291,-0.006535947712418291,0.006535947712418291,0.0,0.0
qwen3_8b,SciERC,C00-2123,P5->P6,P5,P6,7,0.008682455335344588,1,1,1,1,1,0,0.0,0.0,0.0,0.0,0.0,0.0
qwen3_8b,SciERC,C04-1011,P1->P2,P1,P2,7,0.14611334460122244,1,1,1,1,1,0,-0.125,0.125,-0.125,0.125,0.2,0.2
qwen3_8b,SciERC,C04-1011,P2->P3,P2,P3,7,0.00089273282459804,1,1,1,1,1,0,0.0,0.0,0.0,0.0,-0.2,0.2
qwen3_8b,SciERC,C04-1011,P3->P4,P3,P4,7,0.14719716140202113,1,1,1,1,1,0,0.125,0.125,0.125,0.125,0.0,0.0
qwen3_8b,SciERC,C04-1011,P4->P5,P4,P5,7,0.29601707628795076,1,1,1,1,1,0,-0.04999999999999999,0.04999999999999999,-0.04999999999999999,0.04999999999999999,0.1818181818181818,0.1818181818181818
qwen3_8b,SciERC,C04-1011,P5->P6,P5,P6,7,0.0007522361619131905,1,1,1,1,1,0,0.0,0.0,0.0,0.0,-0.027972027972027996,0.027972027972027996
qwen3_8b,SciERC,C04-1035,P1->P2,P1,P2,7,0.14557290077209473,1,1,1,1,1,0,-0.020434227330779098,0.020434227330779098,-0.02554278416347372,0.02554278416347372,0.0,0.0
qwen3_8b,SciERC,C04-1035,P2->P3,P2,P3,7,0.1675339596612113,1,1,1,1,1,0,0.14838035527690702,0.14838035527690702,0.14002089864158823,0.14002089864158823,0.0,0.0
qwen3_8b,SciERC,C04-1035,P3->P4,P3,P4,7,0.14703903027943202,1,1,1,1,1,0,0.032900432900432874,0.032900432900432874,0.02943722943722943,0.02943722943722943,0.0,0.0
qwen3_8b,SciERC,C04-1035,P4->P5,P4,P5,7,0.1497854675565447,1,1,1,1,1,0,0.06917293233082711,0.06917293233082711,0.06466165413533842,0.06466165413533842,0.0,0.0
qwen3_8b,SciERC,C04-1035,P5->P6,P5,P6,7,0.014950556414467948,1,1,1,1,1,0,0.0,0.0,0.0,0.0,0.0,0.0
qwen3_8b,SciERC,C04-1036,P1->P2,P1,P2,7,0.004998428480965751,1,1,1,1,1,0,0.0,0.0,0.0,0.0,-0.1333333333333333,0.1333333333333333
qwen3_8b,SciERC,C04-1036,P2->P3,P2,P3,7,0.004998428480965751,1,1,1,1,1,0,0.0,0.0,0.0,0.0,0.1333333333333333,0.1333333333333333
qwen3_8b,SciERC,C04-1036,P3->P4,P3,P4,7,0.2985255207334246,1,1,1,1,1,0,0.1739130434782608,0.1739130434782608,0.08695652173913049,0.08695652173913049,0.0,0.0
qwen3_8b,SciERC,C04-1036,P4->P5,P4,P5,7,0.2994921718324934,1,1,1,1,1,0,-0.35785953177257523,0.35785953177257523,-0.214046822742475,0.214046822742475,0.1166666666666667,0.1166666666666667
qwen3_8b,SciERC,C04-1036,P5->P6,P5,P6,7,0.010916471481323242,1,1,1,1,1,0,0.07122507122507121,0.07122507122507121,0.13675213675213688,0.13675213675213688,-0.014705882352941207,0.014705882352941207
qwen3_8b,SciERC,C04-1103,P1->P2,P1,P2,7,0.003378425325666155,1,1,1,1,1,0,0.0,0.0,0.0,0.0,-0.015686274509803907,0.015686274509803907
qwen3_8b,SciERC,C04-1103,P2->P3,P2,P3,7,0.007404540266309466,1,1,1,1,1,0,0.0800000000000001,0.0800000000000001,0.0,0.0,0.007352941176470604,0.007352941176470604
qwen3_8b,SciERC,C04-1103,P3->P4,P3,P4,7,0.30192422015326364,1,1,1,1,1,0,0.09666666666666657,0.09666666666666657,0.09999999999999998,0.09999999999999998,0.0288461538461538,0.0288461538461538
qwen3_8b,SciERC,C04-1103,P4->P5,P4,P5,7,0.003974769796643939,1,1,1,1,1,0,-0.016666666666666552,0.016666666666666552,-0.020000000000000073,0.020000000000000073,0.0,0.0
qwen3_8b,SciERC,C04-1103,P5->P6,P5,P6,7,0.0,1,1,1,1,1,0,0.0,0.0,0.0,0.0,0.0,0.0
qwen3_8b,SciERC,C04-1106,P1->P2,P1,P2,7,0.15421169144766672,1,1,1,1,1,0,0.0,0.0,0.0,0.0,0.0,0.0
qwen3_8b,SciERC,C04-1106,P2->P3,P2,P3,7,0.14361554384231567,1,1,1,1,1,0,0.010989010989011005,0.010989010989011005,0.010989010989011005,0.010989010989011005,0.0,0.0
qwen3_8b,SciERC,C04-1106,P3->P4,P3,P4,7,0.001929666314806257,1,1,1,1,1,0,-0.020512820512820495,0.020512820512820495,-0.020512820512820495,0.020512820512820495,0.0,0.0
qwen3_8b,SciERC,C04-1106,P4->P5,P4,P5,7,0.28747365304401945,1,1,1,1,1,0,-0.008333333333333304,0.008333333333333304,-0.008333333333333304,0.008333333333333304,0.0,0.0
qwen3_8b,SciERC,C04-1106,P5->P6,P5,P6,7,0.14622927563531057,1,1,1,1,1,0,0.11029411764705879,0.11029411764705879,0.11029411764705879,0.11029411764705879,0.0,0.0
qwen3_8b,SciERC,C04-1128,P1->P2,P1,P2,7,0.0005473153931753976,1,1,1,1,1,0,0.0,0.0,0.0,0.0,0.0,0.0
qwen3_8b,SciERC,C04-1128,P2->P3,P2,P3,7,0.0,1,1,1,1,1,0,0.0,0.0,0.0,0.0,0.0,0.0
qwen3_8b,SciERC,C04-1128,P3->P4,P3,P4,7,0.14887923853737967,1,1,1,1,1,0,0.045454545454545414,0.045454545454545414,0.045454545454545414,0.045454545454545414,0.0,0.0
qwen3_8b,SciERC,C04-1128,P4->P5,P4,P5,7,0.14784811224256242,1,1,1,1,1,0,0.06324110671936767,0.06324110671936767,0.15019762845849804,0.15019762845849804,-0.012820512820512803,0.012820512820512803
qwen3_8b,SciERC,C04-1128,P5->P6,P5,P6,7,0.023629707949502126,1,1,1,1,1,0,-0.13250517598343686,0.13250517598343686,-0.12422360248447195,0.12422360248447195,0.012820512820512803,0.012820512820512803
qwen3_8b,SciERC,C08-2010,P1->P2,P1,P2,7,0.2892793757574899,1,1,1,1,1,0,0.007246376811594207,0.007246376811594207,0.007246376811594207,0.007246376811594207,0.0,0.0
qwen3_8b,SciERC,C08-2010,P2->P3,P2,P3,7,0.15160935265677317,1,1,1,1,1,0,-0.02006688963210701,0.02006688963210701,-0.02006688963210701,0.02006688963210701,0.1428571428571428,0.1428571428571428
qwen3_8b,SciERC,C08-2010,P3->P4,P3,P4,7,0.15140650953565324,1,1,1,1,1,0,0.06043956043956039,0.06043956043956039,0.06043956043956039,0.06043956043956039,-0.03174603174603169,0.03174603174603169
qwen3_8b,SciERC,C08-2010,P4->P5,P4,P5,7,0.026672090802873884,1,1,1,1,1,0,-0.08525345622119809,0.08525345622119809,-0.08525345622119809,0.08525345622119809,0.006535947712418291,0.006535947712418291
qwen3_8b,SciERC,C08-2010,P5->P6,P5,P6,7,0.00017046076910836355,1,1,1,1,1,0,0.0,0.0,0.0,0.0,-0.012383900928792602,0.012383900928792602
qwen3_8b,SciERC,C86-1081,P1->P2,P1,P2,7,0.15568784305027553,1,1,1,1,1,0,0.012820512820512803,0.012820512820512803,0.012820512820512803,0.012820512820512803,0.0,0.0
qwen3_8b,SciERC,C86-1081,P2->P3,P2,P3,7,0.15568784305027553,1,1,1,1,1,0,-0.012820512820512803,0.012820512820512803,-0.012820512820512803,0.012820512820512803,0.0,0.0
qwen3_8b,SciERC,C86-1081,P3->P4,P3,P4,7,0.1520806806428092,1,1,1,1,1,0,0.012820512820512803,0.012820512820512803,0.012820512820512803,0.012820512820512803,-0.3333333333333333,0.3333333333333333
qwen3_8b,SciERC,C86-1081,P4->P5,P4,P5,7,0.1476932508604867,1,1,1,1,1,0,0.015151515151515194,0.015151515151515194,0.196969696969697,0.196969696969697,0.0,0.0
qwen3_8b,SciERC,C86-1081,P5->P6,P5,P6,7,0.030472312654767717,1,1,1,1,1,0,-0.015151515151515194,0.015151515151515194,-0.030303030303030276,0.030303030303030276,0.0,0.0
qwen3_8b,SciERC,C88-1044,P1->P2,P1,P2,7,0.003429591655731201,1,1,1,1,1,0,0.029411764705882415,0.029411764705882415,0.036764705882353144,0.036764705882353144,0.0,0.0
qwen3_8b,SciERC,C88-1044,P2->P3,P2,P3,7,1.7029898507254463e-08,1,1,1,1,1,0,0.0,0.0,0.0,0.0,0.0,0.0
qwen3_8b,SciERC,C88-1044,P3->P4,P3,P4,7,0.1654389841215951,1,1,1,1,1,0,0.16666666666666663,0.16666666666666663,0.17499999999999982,0.17499999999999982,0.0,0.0
qwen3_8b,SciERC,C88-1044,P4->P5,P4,P5,7,0.2895259346280779,1,1,1,1,1,0,-0.23809523809523814,0.23809523809523814,-0.08571428571428563,0.08571428571428563,0.0,0.0
qwen3_8b,SciERC,C88-1044,P5->P6,P5,P6,7,0.0009142586163112096,1,1,1,1,1,0,-0.1208791208791209,0.1208791208791209,-0.098901098901099,0.098901098901099,0.0,0.0
qwen3_8b,SciERC,C90-3045,P1->P2,P1,P2,7,0.00028775419507707866,1,1,1,1,1,0,0.0,0.0,0.0,0.0,0.0,0.0
qwen3_8b,SciERC,C90-3045,P2->P3,P2,P3,7,0.0,1,1,1,1,1,0,0.0,0.0,0.0,0.0,0.0,0.0
qwen3_8b,SciERC,C90-3045,P3->P4,P3,P4,7,0.16060992649623326,1,1,1,1,1,0,0.24901185770751,0.24901185770751,0.42292490118577086,0.42292490118577086,0.0,0.0
qwen3_8b,SciERC,C90-3045,P4->P5,P4,P5,7,0.006726571491786412,1,1,1,1,1,0,-0.0602006688963212,0.0602006688963212,-0.23411371237458206,0.23411371237458206,0.0,0.0
qwen3_8b,SciERC,C90-3045,P5->P6,P5,P6,7,0.007835618087223597,1,1,1,1,1,0,0.20512820512820523,0.20512820512820523,0.20512820512820523,0.20512820512820523,0.0,0.0
qwen3_8b,SciERC,C90-3063,P1->P2,P1,P2,7,0.006122137819017682,1,1,1,1,1,0,0.02380952380952378,0.02380952380952378,0.02380952380952378,0.02380952380952378,0.027972027972027996,0.027972027972027996
qwen3_8b,SciERC,C90-3063,P2->P3,P2,P3,7,0.1546715497970581,1,1,1,1,1,0,-0.2142857142857143,0.2142857142857143,-0.11904761904761901,0.11904761904761901,-0.1818181818181818,0.1818181818181818
qwen3_8b,SciERC,C90-3063,P3->P4,P3,P4,7,0.1553607668195452,1,1,1,1,1,0,0.2360248447204969,0.2360248447204969,0.2277432712215321,0.2277432712215321,0.1538461538461538,0.1538461538461538
qwen3_8b,SciERC,C90-3063,P4->P5,P4,P5,7,0.1451792972428458,1,1,1,1,1,0,0.02371541501976293,0.02371541501976293,0.02766798418972327,0.02766798418972327,0.012820512820512803,0.012820512820512803
qwen3_8b,SciERC,C90-3063,P5->P6,P5,P6,7,0.14507102966308594,1,1,1,1,1,0,-0.09090909090909094,0.09090909090909094,-0.09090909090909083,0.09090909090909083,-0.023809523809523808,0.023809523809523808
qwen3_8b,SciERC,C94-1091,P1->P2,P1,P2,7,0.03207554987498692,1,1,1,1,1,0,-0.14482758620689662,0.14482758620689662,-0.07816091954022991,0.07816091954022991,0.0,0.0
qwen3_8b,SciERC,C94-1091,P2->P3,P2,P3,7,0.00621593849999564,1,1,1,1,1,0,-0.006451612903225712,0.006451612903225712,0.055913978494623706,0.055913978494623706,-0.1176470588235294,0.1176470588235294
qwen3_8b,SciERC,C94-1091,P3->P4,P3,P4,7,0.1658146892275129,1,1,1,1,1,0,0.1910669975186104,0.1910669975186104,0.06203473945409427,0.06203473945409427,0.0,0.0
qwen3_8b,SciERC,C94-1091,P4->P5,P4,P5,7,0.1488124132156372,1,1,1,1,1,0,-0.1703296703296704,0.1703296703296704,-0.1703296703296704,0.1703296703296704,0.0,0.0
qwen3_8b,SciERC,C94-1091,P5->P6,P5,P6,7,0.14491807562964304,1,1,1,1,1,0,0.09821428571428581,0.09821428571428581,0.09821428571428581,0.09821428571428581,0.1904761904761905,0.1904761904761905
qwen3_8b,SciERC,C96-1062,P1->P2,P1,P2,7,0.15089874608176096,1,1,1,1,1,0,0.015873015873015928,0.015873015873015928,0.09259259259259256,0.09259259259259256,0.0,0.0
qwen3_8b,SciERC,C96-1062,P2->P3,P2,P3,7,0.008214856897081648,1,1,1,1,1,0,0.0,0.0,-0.07407407407407407,0.07407407407407407,0.0,0.0
qwen3_8b,SciERC,C96-1062,P3->P4,P3,P4,7,0.16278237104415894,1,1,1,1,1,0,0.1269841269841271,0.1269841269841271,0.1957671957671958,0.1957671957671958,0.1176470588235294,0.1176470588235294
qwen3_8b,SciERC,C96-1062,P4->P5,P4,P5,7,0.02357428414481027,1,1,1,1,1,0,0.021164021164021052,0.021164021164021052,-0.04761904761904767,0.04761904761904767,0.13235294117647062,0.13235294117647062
qwen3_8b,SciERC,C96-1062,P5->P6,P5,P6,7,8.514949253627232e-09,1,1,1,1,1,0,0.0,0.0,0.0,0.0,0.0,0.0
qwen3_8b,SciERC,CVPR_1993_10_abs,P1->P2,P1,P2,7,0.0,1,1,0,0,0,0,0.0,0.0,0.0,0.0,0.0,0.0
qwen3_8b,SciERC,CVPR_1993_10_abs,P2->P3,P2,P3,7,0.0,1,1,0,0,0,0,0.0,0.0,0.0,0.0,0.0,0.0
qwen3_8b,SciERC,CVPR_1993_10_abs,P3->P4,P3,P4,7,0.7142857142857143,1,1,0,1,0,0,0.0,0.0,0.1935483870967742,0.1935483870967742,0.0,0.0
qwen3_8b,SciERC,CVPR_1993_10_abs,P4->P5,P4,P5,7,0.7142857142857143,1,1,1,0,0,1,0.0,0.0,-0.1935483870967742,0.1935483870967742,0.0,0.0
qwen3_8b,SciERC,CVPR_1993_10_abs,P5->P6,P5,P6,7,0.0,1,1,0,0,0,0,0.0,0.0,0.0,0.0,0.0,0.0
qwen3_8b,SciERC,CVPR_1994_10_abs,P1->P2,P1,P2,7,0.0023043155670166016,1,1,1,1,1,0,0.09815078236130864,0.09815078236130864,0.09815078236130864,0.09815078236130864,0.2352941176470588,0.2352941176470588
qwen3_8b,SciERC,CVPR_1994_10_abs,P2->P3,P2,P3,7,0.0002943277359008789,1,1,1,1,1,0,-0.00944669365721984,0.00944669365721984,-0.00944669365721984,0.00944669365721984,-0.024767801857585092,0.024767801857585092
qwen3_8b,SciERC,CVPR_1994_10_abs,P3->P4,P3,P4,7,0.16091213907514298,1,1,1,1,1,0,-0.0887040887040888,0.0887040887040888,-0.0887040887040888,0.0887040887040888,-0.2105263157894737,0.2105263157894737
qwen3_8b,SciERC,CVPR_1994_10_abs,P4->P5,P4,P5,7,0.14859720638820104,1,1,1,1,1,0,0.037422037422037535,0.037422037422037535,0.037422037422037535,0.037422037422037535,0.0,0.0
qwen3_8b,SciERC,CVPR_1994_10_abs,P5->P6,P5,P6,7,0.0041944895471845356,1,1,1,1,1,0,0.0,0.0,0.0,0.0,0.0,0.0
qwen3_8b,SciERC,CVPR_1999_15_abs,P1->P2,P1,P2,7,0.431063038962228,1,1,1,1,1,0,-0.06666666666666671,0.06666666666666671,-0.06666666666666671,0.06666666666666671,0.0,0.0
qwen3_8b,SciERC,CVPR_1999_15_abs,P2->P3,P2,P3,7,0.28890375580106464,1,1,1,1,1,0,0.08333333333333326,0.08333333333333326,0.08333333333333326,0.08333333333333326,0.0,0.0
qwen3_8b,SciERC,CVPR_1999_15_abs,P3->P4,P3,P4,7,0.0034543190683637348,1,1,1,1,1,0,-0.08333333333333326,0.08333333333333326,-0.08333333333333326,0.08333333333333326,0.0,0.0
qwen3_8b,SciERC,CVPR_1999_15_abs,P4->P5,P4,P5,7,0.3011692336627415,1,1,1,1,1,0,0.03703703703703709,0.03703703703703709,0.03703703703703709,0.03703703703703709,0.1666666666666666,0.1666666666666666
qwen3_8b,SciERC,CVPR_1999_15_abs,P5->P6,P5,P6,7,6.811959402901785e-08,1,1,1,1,1,0,0.0,0.0,0.0,0.0,0.0,0.0
qwen3_8b,SciERC,CVPR_2003_30_abs,P1->P2,P1,P2,7,0.14407724142074585,1,1,1,1,1,0,0.0,0.0,0.0,0.0,0.041407867494824,0.041407867494824
qwen3_8b,SciERC,CVPR_2003_30_abs,P2->P3,P2,P3,7,0.8571428571428571,1,1,1,0,0,1,-0.4137931034482759,0.4137931034482759,-0.4827586206896552,0.4827586206896552,-0.4761904761904761,0.4761904761904761
qwen3_8b,SciERC,CVPR_2003_30_abs,P3->P4,P3,P4,7,0.7142857142857143,1,1,0,1,0,0,0.3333333333333333,0.3333333333333333,0.3999999999999999,0.3999999999999999,0.4799999999999999,0.4799999999999999
qwen3_8b,SciERC,CVPR_2003_30_abs,P4->P5,P4,P5,7,0.012829525130135673,1,1,1,1,1,0,0.0,0.0,0.06666666666666676,0.06666666666666676,-0.11636363636363634,0.11636363636363634
qwen3_8b,SciERC,CVPR_2003_30_abs,P5->P6,P5,P6,7,0.002594522067478725,1,1,1,1,1,0,0.0,0.0,0.0,0.0,0.017316017316017396,0.017316017316017396
qwen3_8b,SciERC,CVPR_2004_18_abs,P1->P2,P1,P2,7,0.1455750720841544,1,1,1,1,1,0,0.1481481481481482,0.1481481481481482,0.1481481481481482,0.1481481481481482,0.0,0.0
qwen3_8b,SciERC,CVPR_2004_18_abs,P2->P3,P2,P3,7,0.04564756155014038,1,1,1,1,1,0,-0.1203703703703704,0.1203703703703704,-0.19444444444444448,0.19444444444444448,0.0,0.0
qwen3_8b,SciERC,CVPR_2004_18_abs,P3->P4,P3,P4,7,0.1675480944769723,1,1,1,1,1,0,-0.16666666666666669,0.16666666666666669,-0.16666666666666669,0.16666666666666669,0.0,0.0
qwen3_8b,SciERC,CVPR_2004_18_abs,P4->P5,P4,P5,7,0.012091006551470076,1,1,1,1,1,0,0.0766666666666667,0.0766666666666667,0.0766666666666667,0.0766666666666667,0.0,0.0
qwen3_8b,SciERC,CVPR_2004_18_abs,P5->P6,P5,P6,7,1.7029898507254463e-08,1,1,1,1,1,0,0.0,0.0,0.0,0.0,0.0,0.0
qwen3_8b,SciERC,CVPR_2004_30_abs,P1->P2,P1,P2,7,0.00032470907483782085,1,1,1,1,1,0,0.0,0.0,0.0,0.0,0.0,0.0
qwen3_8b,SciERC,CVPR_2004_30_abs,P2->P3,P2,P3,7,0.00020979983466012136,1,1,1,1,1,0,0.0,0.0,0.0,0.0,0.0,0.0
qwen3_8b,SciERC,CVPR_2004_30_abs,P3->P4,P3,P4,7,0.29969641992024015,1,1,1,1,1,0,0.19696969696969702,0.19696969696969702,0.1363636363636364,0.1363636363636364,-0.1999999999999999,0.1999999999999999
qwen3_8b,SciERC,CVPR_2004_30_abs,P4->P5,P4,P5,7,0.16827882187707083,1,1,1,1,1,0,-0.10000000000000009,0.10000000000000009,-0.04285714285714293,0.04285714285714293,0.0909090909090909,0.0909090909090909
qwen3_8b,SciERC,CVPR_2004_30_abs,P5->P6,P5,P6,7,1.7029898507254463e-08,1,1,1,1,1,0,0.0,0.0,0.0,0.0,0.0,0.0
qwen3_8b,SciERC,CVPR_2006_10_abs,P1->P2,P1,P2,7,0.1607827033315386,1,1,1,1,1,0,-0.07000000000000012,0.07000000000000012,0.019999999999999962,0.019999999999999962,0.0,0.0
qwen3_8b,SciERC,CVPR_2006_10_abs,P2->P3,P2,P3,7,0.16154604298727854,1,1,1,1,1,0,0.05769230769230771,0.05769230769230771,-0.03846153846153838,0.03846153846153838,0.1428571428571428,0.1428571428571428
qwen3_8b,SciERC,CVPR_2006_10_abs,P3->P4,P3,P4,7,0.1528818437031337,1,1,1,1,1,0,0.17230769230769233,0.17230769230769233,0.09846153846153854,0.09846153846153854,-0.1428571428571428,0.1428571428571428
qwen3_8b,SciERC,CVPR_2006_10_abs,P4->P5,P4,P5,7,0.0009935072490147182,1,1,1,1,1,0,-0.03555555555555551,0.03555555555555551,-0.041481481481481564,0.041481481481481564,0.0,0.0
qwen3_8b,SciERC,CVPR_2006_10_abs,P5->P6,P5,P6,7,0.1444959810801915,1,1,1,1,1,0,0.0,0.0,0.07407407407407407,0.07407407407407407,0.0,0.0
qwen3_8b,SciERC,CVPR_2008_256_abs,P1->P2,P1,P2,7,0.0,1,1,0,0,0,0,0.0,0.0,0.0,0.0,0.0,0.0
qwen3_8b,SciERC,CVPR_2008_256_abs,P2->P3,P2,P3,7,0.0,1,1,0,0,0,0,0.0,0.0,0.0,0.0,0.0,0.0
qwen3_8b,SciERC,CVPR_2008_256_abs,P3->P4,P3,P4,7,0.8571428571428571,1,1,0,1,0,0,0.4782608695652173,0.4782608695652173,0.5217391304347827,0.5217391304347827,0.0689655172413793,0.0689655172413793
qwen3_8b,SciERC,CVPR_2008_256_abs,P4->P5,P4,P5,7,0.002075587000165667,1,1,1,1,1,0,0.011535048802129633,0.011535048802129633,0.04968944099378869,0.04968944099378869,0.07918263090676882,0.07918263090676882
qwen3_8b,SciERC,CVPR_2008_256_abs,P5->P6,P5,P6,7,0.007559597492218018,1,1,1,1,1,0,-0.08163265306122452,0.08163265306122452,-0.08163265306122447,0.08163265306122447,-0.07122507122507121,0.07122507122507121
qwen3_8b,SciERC,CVPR_2008_258_abs,P1->P2,P1,P2,7,0.0025041869708469938,1,1,1,1,1,0,0.0,0.0,0.0,0.0,0.0,0.0
qwen3_8b,SciERC,CVPR_2008_258_abs,P2->P3,P2,P3,7,0.020408758095332553,1,1,1,1,1,0,-0.015873015873015983,0.015873015873015983,-0.0185185185185186,0.0185185185185186,0.0,0.0
qwen3_8b,SciERC,CVPR_2008_258_abs,P3->P4,P3,P4,7,0.017332715647561208,1,1,1,1,1,0,0.10989010989011005,0.10989010989011005,0.03846153846153855,0.03846153846153855,0.0,0.0
qwen3_8b,SciERC,CVPR_2008_258_abs,P4->P5,P4,P5,7,0.027329180921827043,1,1,1,1,1,0,-0.09401709401709407,0.09401709401709407,-0.019943019943019946,0.019943019943019946,0.0,0.0
qwen3_8b,SciERC,CVPR_2008_258_abs,P5->P6,P5,P6,7,0.02481555938720703,1,1,1,1,1,0,0.14814814814814808,0.14814814814814808,0.07407407407407396,0.07407407407407396,0.0,0.0
qwen3_8b,SciERC,CVPR_2009_10_abs,P1->P2,P1,P2,7,0.0,1,1,0,0,0,0,0.0,0.0,0.0,0.0,0.0,0.0
qwen3_8b,SciERC,CVPR_2009_10_abs,P2->P3,P2,P3,7,0.0,1,1,0,0,0,0,0.0,0.0,0.0,0.0,0.0,0.0
qwen3_8b,SciERC,CVPR_2009_10_abs,P3->P4,P3,P4,7,0.8571428571428571,1,1,0,1,0,0,0.5,0.5,0.5384615384615384,0.5384615384615384,0.0,0.0
qwen3_8b,SciERC,CVPR_2009_10_abs,P4->P5,P4,P5,7,0.8571428571428571,1,1,1,0,0,1,-0.5,0.5,-0.5384615384615384,0.5384615384615384,0.0,0.0
qwen3_8b,SciERC,CVPR_2009_10_abs,P5->P6,P5,P6,7,0.8571428571428571,1,1,0,1,0,0,0.4615384615384615,0.4615384615384615,0.5,0.5,0.0555555555555555,0.0555555555555555
qwen3_8b,SciERC,CVPR_2009_18_abs,P1->P2,P1,P2,7,1.0,1,1,0,1,0,0,0.3243243243243243,0.3243243243243243,0.4324324324324324,0.4324324324324324,0.08,0.08
qwen3_8b,SciERC,CVPR_2009_18_abs,P2->P3,P2,P3,7,1.0,1,1,1,0,0,1,-0.3243243243243243,0.3243243243243243,-0.4324324324324324,0.4324324324324324,-0.08,0.08
qwen3_8b,SciERC,CVPR_2009_18_abs,P3->P4,P3,P4,7,0.8571428571428571,1,1,0,1,0,0,0.6500000000000001,0.6500000000000001,0.6500000000000001,0.6500000000000001,0.1538461538461538,0.1538461538461538
qwen3_8b,SciERC,CVPR_2009_18_abs,P4->P5,P4,P5,7,0.15581018584115164,1,1,1,1,1,0,-0.12368421052631595,0.12368421052631595,-0.12368421052631595,0.12368421052631595,-0.0288461538461538,0.0288461538461538
qwen3_8b,SciERC,CVPR_2009_18_abs,P5->P6,P5,P6,7,0.005135084901537214,1,1,1,1,1,0,0.0,0.0,0.0,0.0,-0.058333333333333404,0.058333333333333404
qwen3_8b,SciERC,CVPR_2010_30_abs,P1->P2,P1,P2,7,0.027346219335283552,1,1,1,1,1,0,0.1636363636363637,0.1636363636363637,0.1454545454545455,0.1454545454545455,0.25,0.25
qwen3_8b,SciERC,CVPR_2010_30_abs,P2->P3,P2,P3,7,0.14470689637320383,1,1,1,1,1,0,-0.04105571847507328,0.04105571847507328,-0.0293255131964808,0.0293255131964808,0.0,0.0
qwen3_8b,SciERC,CVPR_2010_30_abs,P3->P4,P3,P4,7,0.021099303449903215,1,1,1,1,1,0,0.09121245828698549,0.09121245828698549,0.03559510567296986,0.03559510567296986,-0.25,0.25
qwen3_8b,SciERC,CVPR_2010_30_abs,P4->P5,P4,P5,7,0.17792234250477382,1,1,1,1,1,0,-0.026696329254727424,0.026696329254727424,-0.03559510567296986,0.03559510567296986,0.08,0.08
qwen3_8b,SciERC,CVPR_2010_30_abs,P5->P6,P5,P6,7,0.15001313175473893,1,1,1,1,1,0,0.11290322580645162,0.11290322580645162,0.10887096774193539,0.10887096774193539,0.16999999999999998,0.16999999999999998
qwen3_8b,SciERC,CVPR_2011_10_abs,P1->P2,P1,P2,7,0.14624691009521484,1,1,1,1,1,0,-0.04444444444444451,0.04444444444444451,-0.04444444444444451,0.04444444444444451,-0.12380952380952381,0.12380952380952381
qwen3_8b,SciERC,CVPR_2011_10_abs,P2->P3,P2,P3,7,0.14746528012411936,1,1,1,1,1,0,-0.011111111111111016,0.011111111111111016,-0.011111111111111016,0.011111111111111016,-0.1428571428571428,0.1428571428571428
qwen3_8b,SciERC,CVPR_2011_10_abs,P3->P4,P3,P4,7,0.1532567058290754,1,1,1,1,1,0,0.022875816993464027,0.022875816993464027,0.022875816993464027,0.022875816993464027,0.2352941176470588,0.2352941176470588
qwen3_8b,SciERC,CVPR_2011_10_abs,P4->P5,P4,P5,7,0.009304114750453405,1,1,1,1,1,0,-0.01176470588235301,0.01176470588235301,-0.01176470588235301,0.01176470588235301,-0.2352941176470588,0.2352941176470588
qwen3_8b,SciERC,CVPR_2011_10_abs,P5->P6,P5,P6,7,0.0029614142009190153,1,1,1,1,1,0,0.024242424242424288,0.024242424242424288,0.024242424242424288,0.024242424242424288,0.0,0.0
qwen3_8b,SciERC,CVPR_2011_11_abs,P1->P2,P1,P2,7,0.004329809120723179,1,1,1,1,1,0,0.0,0.0,-0.060606060606060594,0.060606060606060594,0.0,0.0
qwen3_8b,SciERC,CVPR_2011_11_abs,P2->P3,P2,P3,7,1.0,1,1,1,0,0,1,-0.1212121212121212,0.1212121212121212,-0.1212121212121212,0.1212121212121212,0.0,0.0
qwen3_8b,SciERC,CVPR_2011_11_abs,P3->P4,P3,P4,7,0.7142857142857143,1,1,0,1,0,0,0.0,0.0,0.1935483870967742,0.1935483870967742,0.0,0.0
qwen3_8b,SciERC,CVPR_2011_11_abs,P4->P5,P4,P5,7,0.3179058517728533,1,1,1,1,1,0,0.0952380952380952,0.0952380952380952,-0.003072196620583695,0.003072196620583695,0.0,0.0
qwen3_8b,SciERC,CVPR_2011_11_abs,P5->P6,P5,P6,7,0.005605178219931466,1,1,1,1,1,0,-0.002214839424141704,0.002214839424141704,0.0420819490586932,0.0420819490586932,0.0,0.0
qwen3_8b,SciERC,CVPR_2016_413_abs,P1->P2,P1,P2,7,0.15218220438276017,1,1,1,1,1,0,0.0465465465465465,0.0465465465465465,-0.010510510510510496,0.010510510510510496,-0.01777777777777778,0.01777777777777778
qwen3_8b,SciERC,CVPR_2016_413_abs,P2->P3,P2,P3,7,1.0,1,1,1,0,0,1,-0.3243243243243243,0.3243243243243243,-0.3783783783783783,0.3783783783783783,-0.2222222222222222,0.2222222222222222
qwen3_8b,SciERC,CVPR_2016_413_abs,P3->P4,P3,P4,7,0.8571428571428571,1,1,0,1,0,0,0.3076923076923077,0.3076923076923077,0.4615384615384615,0.4615384615384615,0.0,0.0
qwen3_8b,SciERC,CVPR_2016_413_abs,P4->P5,P4,P5,7,0.2934404867036002,1,1,1,1,1,0,0.1538461538461538,0.1538461538461538,0.1538461538461539,0.1538461538461539,0.125,0.125
qwen3_8b,SciERC,CVPR_2016_413_abs,P5->P6,P5,P6,7,0.0041825856481279644,1,1,1,1,1,0,0.0,0.0,0.0,0.0,0.012931034482758591,0.012931034482758591
qwen3_8b,SciERC,E06-1022,P1->P2,P1,P2,7,0.14322823286056519,1,1,1,1,1,0,-0.0869565217391304,0.0869565217391304,-0.0869565217391304,0.0869565217391304,0.0,0.0
qwen3_8b,SciERC,E06-1022,P2->P3,P2,P3,7,0.1446730920246669,1,1,1,1,1,0,0.07608695652173911,0.07608695652173911,0.07608695652173911,0.07608695652173911,0.0,0.0
qwen3_8b,SciERC,E06-1022,P3->P4,P3,P4,7,0.009568546499524797,1,1,1,1,1,0,0.31000000000000005,0.31000000000000005,0.39,0.39,0.0,0.0
qwen3_8b,SciERC,E06-1022,P4->P5,P4,P5,7,0.29767876863479614,1,1,1,1,1,0,0.12965517241379299,0.12965517241379299,0.11862068965517236,0.11862068965517236,0.0,0.0
qwen3_8b,SciERC,E06-1022,P5->P6,P5,P6,7,0.0003493257931300572,1,1,1,1,1,0,0.0,0.0,0.0,0.0,0.0,0.0
qwen3_8b,SciERC,E89-1016,P1->P2,P1,P2,7,0.14308604172297887,1,1,1,1,1,0,0.009852216748768516,0.009852216748768516,0.01231527093596052,0.01231527093596052,0.0,0.0
qwen3_8b,SciERC,E89-1016,P2->P3,P2,P3,7,0.15399531807218278,1,1,1,1,1,0,-0.07142857142857151,0.07142857142857151,-0.0714285714285714,0.0714285714285714,0.0,0.0
qwen3_8b,SciERC,E89-1016,P3->P4,P3,P4,7,0.17988945756639754,1,1,1,1,1,0,0.10829493087557612,0.10829493087557612,0.10138248847926268,0.10138248847926268,0.1428571428571428,0.1428571428571428
qwen3_8b,SciERC,E89-1016,P4->P5,P4,P5,7,0.1483740040234157,1,1,1,1,1,0,0.04105571847507328,0.04105571847507328,0.15835777126099704,0.15835777126099704,0.1071428571428572,0.1071428571428572
qwen3_8b,SciERC,E89-1016,P5->P6,P5,P6,7,8.514949253627232e-09,1,1,1,1,1,0,0.0,0.0,0.0,0.0,0.0,0.0
qwen3_8b,SciERC,E91-1012,P1->P2,P1,P2,7,0.0014782207352774484,1,1,1,1,1,0,0.012903225806451535,0.012903225806451535,0.012903225806451535,0.012903225806451535,0.012383900928792602,0.012383900928792602
qwen3_8b,SciERC,E91-1012,P2->P3,P2,P3,7,0.0022014975547790527,1,1,1,1,1,0,-0.012903225806451535,0.012903225806451535,-0.012903225806451535,0.012903225806451535,-0.006535947712418291,0.006535947712418291
qwen3_8b,SciERC,E91-1012,P3->P4,P3,P4,7,0.14953068324497767,1,1,1,1,1,0,-0.1112347052280312,0.1112347052280312,-0.1112347052280312,0.1112347052280312,0.006535947712418291,0.006535947712418291
qwen3_8b,SciERC,E91-1012,P4->P5,P4,P5,7,0.14576060431344168,1,1,1,1,1,0,0.13590263691683574,0.13590263691683574,0.13590263691683574,0.13590263691683574,-0.0176470588235295,0.0176470588235295
qwen3_8b,SciERC,E91-1012,P5->P6,P5,P6,7,0.003768690994807652,1,1,1,1,1,0,-0.15370018975332062,0.15370018975332062,-0.15370018975332062,0.15370018975332062,0.025000000000000105,0.025000000000000105
qwen3_8b,SciERC,E93-1066,P1->P2,P1,P2,7,0.8571428571428571,1,1,0,1,0,0,0.2666666666666666,0.2666666666666666,0.2666666666666666,0.2666666666666666,0.0,0.0
qwen3_8b,SciERC,E93-1066,P2->P3,P2,P3,7,0.8571428571428571,1,1,1,0,0,1,-0.2666666666666666,0.2666666666666666,-0.2666666666666666,0.2666666666666666,0.0,0.0
qwen3_8b,SciERC,E93-1066,P3->P4,P3,P4,7,0.7142857142857143,1,1,0,1,0,0,0.2857142857142857,0.2857142857142857,0.2857142857142857,0.2857142857142857,0.0,0.0
qwen3_8b,SciERC,E93-1066,P4->P5,P4,P5,7,0.7142857142857143,1,1,1,0,0,1,-0.2857142857142857,0.2857142857142857,-0.2857142857142857,0.2857142857142857,0.0,0.0
qwen3_8b,SciERC,E93-1066,P5->P6,P5,P6,7,0.0,1,1,0,0,0,0,0.0,0.0,0.0,0.0,0.0,0.0
qwen3_8b,SciERC,E95-1033,P1->P2,P1,P2,7,0.29009165934153963,1,1,1,1,1,0,-0.1743589743589744,0.1743589743589744,-0.3282051282051282,0.3282051282051282,0.0,0.0
qwen3_8b,SciERC,E95-1033,P2->P3,P2,P3,7,0.29053601196834017,1,1,1,1,1,0,0.1743589743589744,0.1743589743589744,0.3282051282051282,0.3282051282051282,0.0,0.0
qwen3_8b,SciERC,E95-1033,P3->P4,P3,P4,7,0.14683433089937484,1,1,1,1,1,0,0.0,0.0,-0.1538461538461538,0.1538461538461538,0.0,0.0
qwen3_8b,SciERC,E95-1033,P4->P5,P4,P5,7,0.010643039430890764,1,1,1,1,1,0,-0.02197802197802201,0.02197802197802201,-0.02197802197802201,0.02197802197802201,0.0,0.0
qwen3_8b,SciERC,E95-1033,P5->P6,P5,P6,7,0.0,1,1,1,1,1,0,0.0,0.0,0.0,0.0,0.0,0.0
qwen3_8b,SciERC,E99-1015,P1->P2,P1,P2,7,0.15507039853504725,1,1,1,1,1,0,-0.033333333333333326,0.033333333333333326,-0.033333333333333326,0.033333333333333326,0.0,0.0
qwen3_8b,SciERC,E99-1015,P2->P3,P2,P3,7,0.1577871697289603,1,1,1,1,1,0,0.033333333333333326,0.033333333333333326,0.033333333333333326,0.033333333333333326,0.0,0.0
qwen3_8b,SciERC,E99-1015,P3->P4,P3,P4,7,0.1605835727282933,1,1,1,1,1,0,-0.10476190476190483,0.10476190476190483,0.03809523809523818,0.03809523809523818,0.0,0.0
qwen3_8b,SciERC,E99-1015,P4->P5,P4,P5,7,0.005984314850398472,1,1,1,1,1,0,-0.02857142857142858,0.02857142857142858,-0.03809523809523818,0.03809523809523818,0.0,0.0
qwen3_8b,SciERC,E99-1015,P5->P6,P5,P6,7,8.514949253627232e-09,1,1,1,1,1,0,0.0,0.0,0.0,0.0,0.0,0.0
qwen3_8b,SciERC,ECCV_2006_13_abs,P1->P2,P1,P2,7,0.0,1,1,0,0,0,0,0.0,0.0,0.0,0.0,0.0,0.0
qwen3_8b,SciERC,ECCV_2006_13_abs,P2->P3,P2,P3,7,0.0,1,1,0,0,0,0,0.0,0.0,0.0,0.0,0.0,0.0
qwen3_8b,SciERC,ECCV_2006_13_abs,P3->P4,P3,P4,7,0.0,1,1,0,0,0,0,0.0,0.0,0.0,0.0,0.0,0.0
qwen3_8b,SciERC,ECCV_2006_13_abs,P4->P5,P4,P5,7,0.8571428571428571,1,1,0,1,0,0,0.4745762711864407,0.4745762711864407,0.6101694915254237,0.6101694915254237,0.0,0.0
qwen3_8b,SciERC,ECCV_2006_13_abs,P5->P6,P5,P6,7,0.0020519069262913297,1,1,1,1,1,0,-0.007909604519774016,0.007909604519774016,-0.01016949152542379,0.01016949152542379,0.0,0.0
qwen3_8b,SciERC,ECCV_2012_30_abs,P1->P2,P1,P2,7,0.012947618961334229,1,1,1,1,1,0,0.0,0.0,0.0,0.0,-0.00584795321637431,0.00584795321637431
qwen3_8b,SciERC,ECCV_2012_30_abs,P2->P3,P2,P3,7,0.00041988917759486606,1,1,1,1,1,0,-0.018487394957983128,0.018487394957983128,-0.018487394957983128,0.018487394957983128,0.00584795321637431,0.00584795321637431
qwen3_8b,SciERC,ECCV_2012_30_abs,P3->P4,P3,P4,7,0.16017299890518188,1,1,1,1,1,0,-0.20000000000000018,0.20000000000000018,-0.20000000000000018,0.20000000000000018,-0.1111111111111111,0.1111111111111111
qwen3_8b,SciERC,ECCV_2012_30_abs,P4->P5,P4,P5,7,0.31261931146894184,1,1,1,1,1,0,0.18681318681318682,0.18681318681318682,0.18681318681318682,0.18681318681318682,0.0952380952380952,0.0952380952380952
qwen3_8b,SciERC,ECCV_2012_30_abs,P5->P6,P5,P6,7,0.000526223863874163,1,1,1,1,1,0,0.01619433198380571,0.01619433198380571,0.01619433198380571,0.01619433198380571,0.0047619047619048005,0.0047619047619048005
qwen3_8b,SciERC,ECCV_2016_110_abs,P1->P2,P1,P2,7,0.0879447375025068,1,1,1,1,1,0,0.1470588235294118,0.1470588235294118,0.1470588235294118,0.1470588235294118,-0.16666666666666669,0.16666666666666669
qwen3_8b,SciERC,ECCV_2016_110_abs,P2->P3,P2,P3,7,0.016769826412200928,1,1,1,1,1,0,0.0,0.0,0.0,0.0,-0.17948717948717952,0.17948717948717952
qwen3_8b,SciERC,ECCV_2016_110_abs,P3->P4,P3,P4,7,0.3367088522229876,1,1,1,1,1,0,-0.25,0.25,-0.25,0.25,0.04615384615384621,0.04615384615384621
qwen3_8b,SciERC,ECCV_2016_110_abs,P4->P5,P4,P5,7,0.4623455660683768,1,1,1,1,1,0,0.41666666666666663,0.41666666666666663,0.41666666666666663,0.41666666666666663,0.3,0.3
qwen3_8b,SciERC,ECCV_2016_110_abs,P5->P6,P5,P6,7,0.15195544276918685,1,1,1,1,1,0,-0.29166666666666663,0.29166666666666663,-0.29166666666666663,0.29166666666666663,-0.5,0.5
qwen3_8b,SciERC,ECCV_2016_204_abs,P1->P2,P1,P2,7,0.0,1,1,0,0,0,0,0.0,0.0,0.0,0.0,0.0,0.0
qwen3_8b,SciERC,ECCV_2016_204_abs,P2->P3,P2,P3,7,0.0,1,1,0,0,0,0,0.0,0.0,0.0,0.0,0.0,0.0
qwen3_8b,SciERC,ECCV_2016_204_abs,P3->P4,P3,P4,7,0.8571428571428571,1,1,0,1,0,0,0.2916666666666666,0.2916666666666666,0.375,0.375,0.2580645161290323,0.2580645161290323
qwen3_8b,SciERC,ECCV_2016_204_abs,P4->P5,P4,P5,7,0.8571428571428571,1,1,1,0,0,1,-0.2916666666666666,0.2916666666666666,-0.375,0.375,-0.2580645161290323,0.2580645161290323
qwen3_8b,SciERC,ECCV_2016_204_abs,P5->P6,P5,P6,7,0.8571428571428571,1,1,0,1,0,0,0.2692307692307692,0.2692307692307692,0.4230769230769231,0.4230769230769231,0.0,0.0
qwen3_8b,SciERC,ECCV_2016_212_abs,P1->P2,P1,P2,7,0.0,1,1,0,0,0,0,0.0,0.0,0.0,0.0,0.0,0.0
qwen3_8b,SciERC,ECCV_2016_212_abs,P2->P3,P2,P3,7,0.0,1,1,0,0,0,0,0.0,0.0,0.0,0.0,0.0,0.0
qwen3_8b,SciERC,ECCV_2016_212_abs,P3->P4,P3,P4,7,0.8571428571428571,1,1,0,1,0,0,0.5,0.5,0.5333333333333333,0.5333333333333333,0.1764705882352941,0.1764705882352941
qwen3_8b,SciERC,ECCV_2016_212_abs,P4->P5,P4,P5,7,0.8571428571428571,1,1,1,0,0,1,-0.5,0.5,-0.5333333333333333,0.5333333333333333,-0.1764705882352941,0.1764705882352941
qwen3_8b,SciERC,ECCV_2016_212_abs,P5->P6,P5,P6,7,0.0,1,1,0,0,0,0,0.0,0.0,0.0,0.0,0.0,0.0
qwen3_8b,SciERC,ECCV_2016_99_abs,P1->P2,P1,P2,7,0.0,1,1,0,0,0,0,0.0,0.0,0.0,0.0,0.0,0.0
qwen3_8b,SciERC,ECCV_2016_99_abs,P2->P3,P2,P3,7,0.5714285714285714,1,1,0,1,0,0,0.303030303030303,0.303030303030303,0.4848484848484848,0.4848484848484848,0.0,0.0
qwen3_8b,SciERC,ECCV_2016_99_abs,P3->P4,P3,P4,7,0.1461074181965419,1,1,1,1,1,0,0.07534807534807542,0.07534807534807542,0.001638001638001707,0.001638001638001707,0.0909090909090909,0.0909090909090909
qwen3_8b,SciERC,ECCV_2016_99_abs,P4->P5,P4,P5,7,0.1451161163193839,1,1,1,1,1,0,0.054054054054054,0.054054054054054,0.0,0.0,0.12337662337662329,0.12337662337662329
qwen3_8b,SciERC,ECCV_2016_99_abs,P5->P6,P5,P6,7,0.14359057801110403,1,1,1,1,1,0,0.012012012012012019,0.012012012012012019,0.013513513513513487,0.013513513513513487,-0.1428571428571428,0.1428571428571428
qwen3_8b,SciERC,H01-1042,P1->P2,P1,P2,7,0.005463446889604841,1,1,1,1,1,0,0.006451612903225823,0.006451612903225823,0.008602150537634301,0.008602150537634301,0.1176470588235294,0.1176470588235294
qwen3_8b,SciERC,H01-1042,P2->P3,P2,P3,7,0.002914650099618094,1,1,1,1,1,0,0.0,0.0,0.0,0.0,-0.012383900928792602,0.012383900928792602
qwen3_8b,SciERC,H01-1042,P3->P4,P3,P4,7,0.1460093174661909,1,1,1,1,1,0,0.0666666666666666,0.0666666666666666,0.06666666666666671,0.06666666666666671,-0.1052631578947368,0.1052631578947368
qwen3_8b,SciERC,H01-1042,P4->P5,P4,P5,7,0.16629040241241455,1,1,1,1,1,0,-0.05045045045045041,0.05045045045045041,-0.06306306306306314,0.06306306306306314,0.0,0.0
qwen3_8b,SciERC,H01-1042,P5->P6,P5,P6,7,0.009969958237239293,1,1,1,1,1,0,0.0,0.0,0.0,0.0,0.0,0.0
qwen3_8b,SciERC,H01-1049,P1->P2,P1,P2,7,0.004264482430049351,1,1,1,1,1,0,0.0,0.0,0.0,0.0,0.0,0.0
qwen3_8b,SciERC,H01-1049,P2->P3,P2,P3,7,0.003252932003566197,1,1,1,1,1,0,0.10389610389610379,0.10389610389610379,0.01298701298701288,0.01298701298701288,0.0,0.0
qwen3_8b,SciERC,H01-1049,P3->P4,P3,P4,7,0.17743113211223058,1,1,1,1,1,0,0.06211180124223609,0.06211180124223609,0.06211180124223609,0.06211180124223609,0.2222222222222222,0.2222222222222222
qwen3_8b,SciERC,H01-1049,P4->P5,P4,P5,7,0.15525550501687185,1,1,1,1,1,0,-0.027826086956521667,0.027826086956521667,-0.027826086956521667,0.027826086956521667,-0.05555555555555561,0.05555555555555561
qwen3_8b,SciERC,H01-1049,P5->P6,P5,P6,7,0.0044953397342136926,1,1,1,1,1,0,0.0,0.0,0.0,0.0,-0.023809523809523808,0.023809523809523808
qwen3_8b,SciERC,H05-1095,P1->P2,P1,P2,7,0.00044452292578560967,1,1,1,1,1,0,0.0,0.0,0.0,0.0,0.023809523809523808,0.023809523809523808
qwen3_8b,SciERC,H05-1095,P2->P3,P2,P3,7,5.620718002319336e-05,1,1,1,1,1,0,0.0,0.0,0.0,0.0,0.0,0.0
qwen3_8b,SciERC,H05-1095,P3->P4,P3,P4,7,0.0004319378307887486,1,1,1,1,1,0,0.0,0.0,0.0,0.0,0.0,0.0
qwen3_8b,SciERC,H05-1095,P4->P5,P4,P5,7,0.0023102249417986187,1,1,1,1,1,0,0.0,0.0,0.0,0.0,-0.1666666666666666,0.1666666666666666
qwen3_8b,SciERC,H05-1095,P5->P6,P5,P6,7,8.514949253627232e-09,1,1,1,1,1,0,0.0,0.0,0.0,0.0,0.0,0.0
qwen3_8b,SciERC,I05-4010,P1->P2,P1,P2,7,0.020157013620649065,1,1,1,1,1,0,-0.2105263157894737,0.2105263157894737,-0.0994152046783626,0.0994152046783626,0.0,0.0
qwen3_8b,SciERC,I05-4010,P2->P3,P2,P3,7,0.16034966707229614,1,1,1,1,1,0,0.0909090909090909,0.0909090909090909,0.07070707070707069,0.07070707070707069,0.0,0.0
qwen3_8b,SciERC,I05-4010,P3->P4,P3,P4,7,0.17265665531158447,1,1,1,1,1,0,0.020202020202020207,0.020202020202020207,-0.07070707070707069,0.07070707070707069,0.0,0.0
qwen3_8b,SciERC,I05-4010,P4->P5,P4,P5,7,0.16262855700084142,1,1,1,1,1,0,0.07936507936507939,0.07936507936507939,0.07936507936507939,0.07936507936507939,0.0,0.0
qwen3_8b,SciERC,I05-4010,P5->P6,P5,P6,7,0.00863724946975708,1,1,1,1,1,0,-0.09523809523809529,0.09523809523809529,0.0,0.0,0.0,0.0
qwen3_8b,SciERC,I05-5003,P1->P2,P1,P2,7,0.0011758208274841309,1,1,1,1,1,0,0.0,0.0,0.0,0.0,-0.1173020527859238,0.1173020527859238
qwen3_8b,SciERC,I05-5003,P2->P3,P2,P3,7,0.291461706161499,1,1,1,1,1,0,-0.11244239631336417,0.11244239631336417,-0.04792626728110594,0.04792626728110594,-0.064516129032258,0.064516129032258
qwen3_8b,SciERC,I05-5003,P3->P4,P3,P4,7,0.15668761730194092,1,1,1,1,1,0,0.13251961639058418,0.13251961639058418,0.06800348735832595,0.06800348735832595,0.1714285714285714,0.1714285714285714
qwen3_8b,SciERC,I05-5003,P4->P5,P4,P5,7,0.009591179234640939,1,1,1,1,1,0,-0.1915057915057914,0.1915057915057914,-0.13436293436293434,0.13436293436293434,-0.1047619047619048,0.1047619047619048
qwen3_8b,SciERC,I05-5003,P5->P6,P5,P6,7,3.4068311963762555e-05,1,1,1,1,1,0,0.0,0.0,0.0,0.0,0.0,0.0
qwen3_8b,SciERC,I05-5004,P1->P2,P1,P2,7,0.0017681888171604701,1,1,1,1,1,0,0.0,0.0,0.0,0.0,-0.1666666666666666,0.1666666666666666
qwen3_8b,SciERC,I05-5004,P2->P3,P2,P3,7,0.004140257835388184,1,1,1,1,1,0,-0.08823529411764697,0.08823529411764697,-0.0808823529411763,0.0808823529411763,0.0,0.0
qwen3_8b,SciERC,I05-5004,P3->P4,P3,P4,7,0.005145439079829625,1,1,1,1,1,0,0.05555555555555558,0.05555555555555558,0.04166666666666641,0.04166666666666641,0.5454545454545454,0.5454545454545454
qwen3_8b,SciERC,I05-5004,P4->P5,P4,P5,7,0.0032001222882952008,1,1,1,1,1,0,0.03267973856209139,0.03267973856209139,0.03921568627450989,0.03921568627450989,-0.2121212121212121,0.2121212121212121
qwen3_8b,SciERC,I05-5004,P5->P6,P5,P6,7,8.514949253627232e-09,1,1,1,1,1,0,0.0,0.0,0.0,0.0,0.0,0.0
qwen3_8b,SciERC,ICASSP_1997_706_abs,P1->P2,P1,P2,7,0.8571428571428571,1,1,0,1,0,0,0.4324324324324324,0.4324324324324324,0.4864864864864865,0.4864864864864865,0.0,0.0
qwen3_8b,SciERC,ICASSP_1997_706_abs,P2->P3,P2,P3,7,0.1504700013569423,1,1,1,1,1,0,-0.04218852999340811,0.04218852999340811,0.0013183915622939635,0.0013183915622939635,0.0,0.0
qwen3_8b,SciERC,ICASSP_1997_706_abs,P3->P4,P3,P4,7,0.15523816006524221,1,1,1,1,1,0,0.1225766103814886,0.1225766103814886,0.07629768605378362,0.07629768605378362,0.0869565217391304,0.0869565217391304
qwen3_8b,SciERC,ICASSP_1997_706_abs,P4->P5,P4,P5,7,0.03353668110711234,1,1,1,1,1,0,-0.17135709818636657,0.17135709818636657,-0.22263914946841779,0.22263914946841779,0.0668896321070234,0.0668896321070234
qwen3_8b,SciERC,ICASSP_1997_706_abs,P5->P6,P5,P6,7,5.960464477539063e-08,1,1,1,1,1,0,0.0,0.0,0.0,0.0,0.0,0.0
qwen3_8b,SciERC,ICASSP_2016_11_abs,P1->P2,P1,P2,7,0.00749457733971732,1,1,1,1,1,0,-0.06157635467980299,0.06157635467980299,-0.06157635467980299,0.06157635467980299,0.0,0.0
qwen3_8b,SciERC,ICASSP_2016_11_abs,P2->P3,P2,P3,7,0.003118344715663365,1,1,1,1,1,0,0.07142857142857151,0.07142857142857151,0.07142857142857151,0.07142857142857151,0.0,0.0
qwen3_8b,SciERC,ICASSP_2016_11_abs,P3->P4,P3,P4,7,0.1487290688923427,1,1,1,1,1,0,0.0,0.0,0.0714285714285714,0.0714285714285714,0.0,0.0
qwen3_8b,SciERC,ICASSP_2016_11_abs,P4->P5,P4,P5,7,0.152054991040911,1,1,1,1,1,0,-0.0857142857142858,0.0857142857142858,-0.1571428571428572,0.1571428571428572,0.0,0.0
qwen3_8b,SciERC,ICASSP_2016_11_abs,P5->P6,P5,P6,7,0.8571428571428571,1,1,1,0,0,1,-0.1999999999999999,0.1999999999999999,-0.1999999999999999,0.1999999999999999,0.0,0.0
qwen3_8b,SciERC,ICCV_2001_47_abs,P1->P2,P1,P2,7,0.008072989327566964,1,1,1,1,1,0,0.017316017316017285,0.017316017316017285,-0.03982683982683982,0.03982683982683982,0.009090909090909108,0.009090909090909108
qwen3_8b,SciERC,ICCV_2001_47_abs,P2->P3,P2,P3,7,0.012210684163229806,1,1,1,1,1,0,-0.0089126559714795,0.0089126559714795,0.04991087344028522,0.04991087344028522,-0.1,0.1
qwen3_8b,SciERC,ICCV_2001_47_abs,P3->P4,P3,P4,7,0.007290244102478027,1,1,1,1,1,0,0.04873949579831932,0.04873949579831932,0.10420168067226898,0.10420168067226898,0.0909090909090909,0.0909090909090909
qwen3_8b,SciERC,ICCV_2001_47_abs,P4->P5,P4,P5,7,0.034485816955566406,1,1,1,1,1,0,-0.042857142857142816,0.042857142857142816,-0.05714285714285716,0.05714285714285716,-0.007575757575757597,0.007575757575757597
qwen3_8b,SciERC,ICCV_2001_47_abs,P5->P6,P5,P6,7,1.7029898507254463e-08,1,1,1,1,1,0,0.0,0.0,0.0,0.0,0.0,0.0
qwen3_8b,SciERC,ICCV_2003_151_abs,P1->P2,P1,P2,7,0.0,1,1,0,0,0,0,0.0,0.0,0.0,0.0,0.0,0.0
qwen3_8b,SciERC,ICCV_2003_151_abs,P2->P3,P2,P3,7,0.0,1,1,0,0,0,0,0.0,0.0,0.0,0.0,0.0,0.0
qwen3_8b,SciERC,ICCV_2003_151_abs,P3->P4,P3,P4,7,0.7142857142857143,1,1,0,1,0,0,0.2857142857142857,0.2857142857142857,0.3809523809523809,0.3809523809523809,0.125,0.125
qwen3_8b,SciERC,ICCV_2003_151_abs,P4->P5,P4,P5,7,0.7142857142857143,1,1,1,0,0,1,-0.2857142857142857,0.2857142857142857,-0.3809523809523809,0.3809523809523809,-0.125,0.125
qwen3_8b,SciERC,ICCV_2003_151_abs,P5->P6,P5,P6,7,0.8571428571428571,1,1,0,1,0,0,0.3870967741935484,0.3870967741935484,0.4838709677419354,0.4838709677419354,0.1142857142857142,0.1142857142857142
qwen3_8b,SciERC,ICCV_2003_161_abs,P1->P2,P1,P2,7,0.019282962594713484,1,1,1,1,1,0,-0.1161387631975867,0.1161387631975867,-0.10105580693815996,0.10105580693815996,0.0,0.0
qwen3_8b,SciERC,ICCV_2003_161_abs,P2->P3,P2,P3,7,0.017621636390686035,1,1,1,1,1,0,0.0947712418300653,0.0947712418300653,0.08823529411764708,0.08823529411764708,0.0,0.0
qwen3_8b,SciERC,ICCV_2003_161_abs,P3->P4,P3,P4,7,0.013473740645817347,1,1,1,1,1,0,-0.07638888888888878,0.07638888888888878,-0.1250000000000001,0.1250000000000001,0.1428571428571428,0.1428571428571428
qwen3_8b,SciERC,ICCV_2003_161_abs,P4->P5,P4,P5,7,0.17527485745293753,1,1,1,1,1,0,0.020833333333333204,0.020833333333333204,0.06944444444444459,0.06944444444444459,-0.04285714285714279,0.04285714285714279
qwen3_8b,SciERC,ICCV_2003_161_abs,P5->P6,P5,P6,7,0.002406409808567592,1,1,1,1,1,0,-0.1619047619047618,0.1619047619047618,-0.10158730158730167,0.10158730158730167,-0.1,0.1
qwen3_8b,SciERC,ICCV_2013_25_abs,P1->P2,P1,P2,7,0.0,1,1,0,0,0,0,0.0,0.0,0.0,0.0,0.0,0.0
qwen3_8b,SciERC,ICCV_2013_25_abs,P2->P3,P2,P3,7,1.0,1,1,0,1,0,0,0.4571428571428571,0.4571428571428571,0.4571428571428571,0.4571428571428571,0.2608695652173913,0.2608695652173913
qwen3_8b,SciERC,ICCV_2013_25_abs,P3->P4,P3,P4,7,0.15191359179360525,1,1,1,1,1,0,0.013445378151260512,0.013445378151260512,0.013445378151260512,0.013445378151260512,-0.1497584541062802,0.1497584541062802
qwen3_8b,SciERC,ICCV_2013_25_abs,P4->P5,P4,P5,7,0.003945163318089077,1,1,1,1,1,0,-0.013445378151260512,0.013445378151260512,-0.013445378151260512,0.013445378151260512,-0.031111111111111103,0.031111111111111103
qwen3_8b,SciERC,ICCV_2013_25_abs,P5->P6,P5,P6,7,0.00013378688267299106,1,1,1,1,1,0,0.0,0.0,0.0,0.0,0.0,0.0
qwen3_8b,SciERC,ICCV_2013_47_abs,P1->P2,P1,P2,7,0.0,1,1,0,0,0,0,0.0,0.0,0.0,0.0,0.0,0.0
qwen3_8b,SciERC,ICCV_2013_47_abs,P2->P3,P2,P3,7,0.0,1,1,0,0,0,0,0.0,0.0,0.0,0.0,0.0,0.0
qwen3_8b,SciERC,ICCV_2013_47_abs,P3->P4,P3,P4,7,0.8571428571428571,1,1,0,1,0,0,0.5925925925925927,0.5925925925925927,0.6666666666666666,0.6666666666666666,0.0,0.0
qwen3_8b,SciERC,ICCV_2013_47_abs,P4->P5,P4,P5,7,0.8571428571428571,1,1,1,0,0,1,-0.5925925925925927,0.5925925925925927,-0.6666666666666666,0.6666666666666666,0.0,0.0
qwen3_8b,SciERC,ICCV_2013_47_abs,P5->P6,P5,P6,7,0.0,1,1,0,0,0,0,0.0,0.0,0.0,0.0,0.0,0.0
qwen3_8b,SciERC,ICML_1995_38_abs,P1->P2,P1,P2,7,0.0189041154725211,1,1,1,1,1,0,0.07624633431085051,0.07624633431085051,0.07624633431085051,0.07624633431085051,0.014354066985645897,0.014354066985645897
qwen3_8b,SciERC,ICML_1995_38_abs,P2->P3,P2,P3,7,0.0095232469694955,1,1,1,1,1,0,0.19354838709677408,0.19354838709677408,0.19354838709677408,0.19354838709677408,0.0,0.0
qwen3_8b,SciERC,ICML_1995_38_abs,P3->P4,P3,P4,7,0.017857364245823452,1,1,1,1,1,0,-0.16589861751152069,0.16589861751152069,-0.16589861751152069,0.16589861751152069,0.00584795321637431,0.00584795321637431
qwen3_8b,SciERC,ICML_1995_38_abs,P4->P5,P4,P5,7,0.034436311040605815,1,1,1,1,1,0,-0.009852216748768516,0.009852216748768516,-0.009852216748768516,0.009852216748768516,0.0,0.0
qwen3_8b,SciERC,ICML_1995_38_abs,P5->P6,P5,P6,7,0.0027305654117039274,1,1,1,1,1,0,0.0,0.0,0.0,0.0,0.0,0.0
qwen3_8b,SciERC,ICML_2006_119_abs,P1->P2,P1,P2,7,0.0,1,1,0,0,0,0,0.0,0.0,0.0,0.0,0.0,0.0
qwen3_8b,SciERC,ICML_2006_119_abs,P2->P3,P2,P3,7,0.8571428571428571,1,1,0,1,0,0,0.2777777777777778,0.2777777777777778,0.4444444444444444,0.4444444444444444,0.0,0.0
qwen3_8b,SciERC,ICML_2006_119_abs,P3->P4,P3,P4,7,0.03386535814830235,1,1,1,1,1,0,0.06507936507936501,0.06507936507936501,0.012698412698412653,0.012698412698412653,0.0,0.0
qwen3_8b,SciERC,ICML_2006_119_abs,P4->P5,P4,P5,7,0.1473763414791652,1,1,1,1,1,0,-0.057142857142857106,0.057142857142857106,-0.07619047619047609,0.07619047619047609,0.0,0.0
qwen3_8b,SciERC,ICML_2006_119_abs,P5->P6,P5,P6,7,0.0006886465208871024,1,1,1,1,1,0,0.0,0.0,0.0,0.0,0.0,0.0
qwen3_8b,SciERC,ICML_2016_10_abs,P1->P2,P1,P2,7,0.0,1,1,0,0,0,0,0.0,0.0,0.0,0.0,0.0,0.0
qwen3_8b,SciERC,ICML_2016_10_abs,P2->P3,P2,P3,7,0.0,1,1,0,0,0,0,0.0,0.0,0.0,0.0,0.0,0.0
qwen3_8b,SciERC,ICML_2016_10_abs,P3->P4,P3,P4,7,0.8571428571428571,1,1,0,1,0,0,0.2222222222222222,0.2222222222222222,0.3333333333333333,0.3333333333333333,0.1333333333333333,0.1333333333333333
qwen3_8b,SciERC,ICML_2016_10_abs,P4->P5,P4,P5,7,0.16539044891084945,1,1,1,1,1,0,0.10210210210210208,0.10210210210210208,0.09909909909909909,0.09909909909909909,-0.0380952380952381,0.0380952380952381
qwen3_8b,SciERC,ICML_2016_10_abs,P5->P6,P5,P6,7,0.005657511098044259,1,1,1,1,1,0,-0.01663201663201669,0.01663201663201669,-0.022176022176022214,0.022176022176022214,-0.004329004329004307,0.004329004329004307
qwen3_8b,SciERC,ICML_2016_11_abs,P1->P2,P1,P2,7,0.33001990829195293,1,1,1,1,1,0,-0.1549707602339181,0.1549707602339181,-0.2076023391812866,0.2076023391812866,0.0,0.0
qwen3_8b,SciERC,ICML_2016_11_abs,P2->P3,P2,P3,7,0.031009776251656667,1,1,1,1,1,0,0.04444444444444451,0.04444444444444451,0.0944444444444445,0.0944444444444445,0.0,0.0
qwen3_8b,SciERC,ICML_2016_11_abs,P3->P4,P3,P4,7,0.18169052260262625,1,1,1,1,1,0,0.06216216216216208,0.06216216216216208,0.012162162162162093,0.012162162162162093,0.0799999999999999,0.0799999999999999
qwen3_8b,SciERC,ICML_2016_11_abs,P4->P5,P4,P5,7,0.01247415372303554,1,1,1,1,1,0,0.12355212355212361,0.12355212355212361,0.17117117117117123,0.17117117117117123,-0.011034482758620609,0.011034482758620609
qwen3_8b,SciERC,ICML_2016_11_abs,P5->P6,P5,P6,7,0.024291379111153737,1,1,1,1,1,0,0.01428571428571429,0.01428571428571429,0.016666666666666663,0.016666666666666663,-0.0689655172413793,0.0689655172413793
qwen3_8b,SciERC,ICML_2016_18_abs,P1->P2,P1,P2,7,0.0,1,1,0,0,0,0,0.0,0.0,0.0,0.0,0.0,0.0
qwen3_8b,SciERC,ICML_2016_18_abs,P2->P3,P2,P3,7,0.0,1,1,0,0,0,0,0.0,0.0,0.0,0.0,0.0,0.0
qwen3_8b,SciERC,ICML_2016_18_abs,P3->P4,P3,P4,7,0.7142857142857143,1,1,0,1,0,0,0.4761904761904762,0.4761904761904762,0.4761904761904762,0.4761904761904762,0.0769230769230769,0.0769230769230769
qwen3_8b,SciERC,ICML_2016_18_abs,P4->P5,P4,P5,7,0.14650032349995204,1,1,1,1,1,0,-0.08594657375145182,0.08594657375145182,-0.08594657375145182,0.08594657375145182,-0.0769230769230769,0.0769230769230769
qwen3_8b,SciERC,ICML_2016_18_abs,P5->P6,P5,P6,7,8.514949253627232e-09,1,1,1,1,1,0,0.0,0.0,0.0,0.0,0.0,0.0
qwen3_8b,SciERC,INTERSPEECH_2006_21_abs,P1->P2,P1,P2,7,0.0,1,1,0,0,0,0,0.0,0.0,0.0,0.0,0.0,0.0
qwen3_8b,SciERC,INTERSPEECH_2006_21_abs,P2->P3,P2,P3,7,0.8571428571428571,1,1,0,1,0,0,0.2,0.2,0.2,0.2,0.1111111111111111,0.1111111111111111
qwen3_8b,SciERC,INTERSPEECH_2006_21_abs,P3->P4,P3,P4,7,0.020723819732666016,1,1,1,1,1,0,0.1225806451612903,0.1225806451612903,0.1225806451612903,0.1225806451612903,-0.1111111111111111,0.1111111111111111
qwen3_8b,SciERC,INTERSPEECH_2006_21_abs,P4->P5,P4,P5,7,0.007153715406145368,1,1,1,1,1,0,-0.06451612903225801,0.06451612903225801,-0.06451612903225801,0.06451612903225801,0.0,0.0
qwen3_8b,SciERC,INTERSPEECH_2006_21_abs,P5->P6,P5,P6,7,0.0028951168060302734,1,1,1,1,1,0,0.054435483870967694,0.054435483870967694,0.054435483870967694,0.054435483870967694,0.0,0.0
qwen3_8b,SciERC,INTERSPEECH_2007_40_abs,P1->P2,P1,P2,7,0.14928816046033586,1,1,1,1,1,0,0.1988304093567252,0.1988304093567252,0.1871345029239766,0.1871345029239766,0.0,0.0
qwen3_8b,SciERC,INTERSPEECH_2007_40_abs,P2->P3,P2,P3,7,0.004174692290169852,1,1,1,1,1,0,0.0,0.0,0.0,0.0,0.0,0.0
qwen3_8b,SciERC,INTERSPEECH_2007_40_abs,P3->P4,P3,P4,7,0.16985390867505754,1,1,1,1,1,0,0.24561403508771923,0.24561403508771923,0.13032581453634096,0.13032581453634096,0.0,0.0
qwen3_8b,SciERC,INTERSPEECH_2007_40_abs,P4->P5,P4,P5,7,0.0012611235891069686,1,1,1,1,1,0,0.0,0.0,0.0,0.0,0.0,0.0
qwen3_8b,SciERC,INTERSPEECH_2007_40_abs,P5->P6,P5,P6,7,0.01180990253176008,1,1,1,1,1,0,-0.09523809523809534,0.09523809523809534,-0.09523809523809534,0.09523809523809534,0.0,0.0
qwen3_8b,SciERC,INTERSPEECH_2008_20_abs,P1->P2,P1,P2,7,0.7142857142857143,1,1,1,0,0,1,-0.3636363636363636,0.3636363636363636,-0.3636363636363636,0.3636363636363636,0.0,0.0
qwen3_8b,SciERC,INTERSPEECH_2008_20_abs,P2->P3,P2,P3,7,0.0,1,1,0,0,0,0,0.0,0.0,0.0,0.0,0.0,0.0
qwen3_8b,SciERC,INTERSPEECH_2008_20_abs,P3->P4,P3,P4,7,0.7142857142857143,1,1,0,1,0,0,0.4444444444444444,0.4444444444444444,0.4444444444444444,0.4444444444444444,0.0,0.0
qwen3_8b,SciERC,INTERSPEECH_2008_20_abs,P4->P5,P4,P5,7,0.14687400204794748,1,1,1,1,1,0,-0.08080808080808083,0.08080808080808083,-0.08080808080808083,0.08080808080808083,0.1999999999999999,0.1999999999999999
qwen3_8b,SciERC,INTERSPEECH_2008_20_abs,P5->P6,P5,P6,7,8.514949253627232e-08,1,1,1,1,1,0,0.0,0.0,0.0,0.0,0.0,0.0
qwen3_8b,SciERC,INTERSPEECH_2008_28_abs,P1->P2,P1,P2,7,0.8571428571428571,1,1,0,1,0,0,0.1463414634146341,0.1463414634146341,0.2926829268292683,0.2926829268292683,0.0,0.0
qwen3_8b,SciERC,INTERSPEECH_2008_28_abs,P2->P3,P2,P3,7,0.8571428571428571,1,1,1,0,0,1,-0.1463414634146341,0.1463414634146341,-0.2926829268292683,0.2926829268292683,0.0,0.0
qwen3_8b,SciERC,INTERSPEECH_2008_28_abs,P3->P4,P3,P4,7,0.8571428571428571,1,1,0,1,0,0,0.2272727272727272,0.2272727272727272,0.3181818181818182,0.3181818181818182,0.0769230769230769,0.0769230769230769
qwen3_8b,SciERC,INTERSPEECH_2008_28_abs,P4->P5,P4,P5,7,0.8571428571428571,1,1,1,0,0,1,-0.2272727272727272,0.2272727272727272,-0.3181818181818182,0.3181818181818182,-0.0769230769230769,0.0769230769230769
qwen3_8b,SciERC,INTERSPEECH_2008_28_abs,P5->P6,P5,P6,7,0.0,1,1,0,0,0,0,0.0,0.0,0.0,0.0,0.0,0.0
qwen3_8b,SciERC,INTERSPEECH_2013_21_abs,P1->P2,P1,P2,7,0.8571428571428571,1,1,0,1,0,0,0.1621621621621621,0.1621621621621621,0.2702702702702702,0.2702702702702702,0.0999999999999999,0.0999999999999999
qwen3_8b,SciERC,INTERSPEECH_2013_21_abs,P2->P3,P2,P3,7,0.8571428571428571,1,1,1,0,0,1,-0.1621621621621621,0.1621621621621621,-0.2702702702702702,0.2702702702702702,-0.0999999999999999,0.0999999999999999
qwen3_8b,SciERC,INTERSPEECH_2013_21_abs,P3->P4,P3,P4,7,0.5714285714285714,1,1,0,1,0,0,0.3870967741935483,0.3870967741935483,0.4516129032258064,0.4516129032258064,0.1176470588235294,0.1176470588235294
qwen3_8b,SciERC,INTERSPEECH_2013_21_abs,P4->P5,P4,P5,7,0.2932304229055132,1,1,1,1,1,0,-0.07130730050933781,0.07130730050933781,0.022071307300509435,0.022071307300509435,0.0823529411764705,0.0823529411764705
qwen3_8b,SciERC,INTERSPEECH_2013_21_abs,P5->P6,P5,P6,7,0.00035746608461652486,1,1,1,1,1,0,0.0,0.0,0.0,0.0,0.0105263157894738,0.0105263157894738
qwen3_8b,SciERC,INTERSPEECH_2014_40_abs,P1->P2,P1,P2,7,0.29950464623314993,1,1,1,1,1,0,-0.05882352941176472,0.05882352941176472,-0.05882352941176466,0.05882352941176466,0.0,0.0
qwen3_8b,SciERC,INTERSPEECH_2014_40_abs,P2->P3,P2,P3,7,0.21493842772075109,1,1,1,1,1,0,-0.138655462184874,0.138655462184874,-0.19747899159663873,0.19747899159663873,0.01764705882352939,0.01764705882352939
qwen3_8b,SciERC,INTERSPEECH_2014_40_abs,P3->P4,P3,P4,7,0.19325630153928483,1,1,1,1,1,0,0.09821428571428581,0.09821428571428581,0.1607142857142857,0.1607142857142857,-0.1176470588235294,0.1176470588235294
qwen3_8b,SciERC,INTERSPEECH_2014_40_abs,P4->P5,P4,P5,7,0.013762780598231725,1,1,1,1,1,0,0.030357142857142805,0.030357142857142805,0.0821428571428573,0.0821428571428573,0.0869565217391304,0.0869565217391304
qwen3_8b,SciERC,INTERSPEECH_2014_40_abs,P5->P6,P5,P6,7,0.0007170183318001884,1,1,1,1,1,0,0.0,0.0,0.0,0.0,-0.0869565217391304,0.0869565217391304
qwen3_8b,SciERC,J05-4003,P1->P2,P1,P2,7,0.1531836220196315,1,1,1,1,1,0,0.0,0.0,0.0,0.0,0.0052631578947369,0.0052631578947369
qwen3_8b,SciERC,J05-4003,P2->P3,P2,P3,7,0.032942278044564385,1,1,1,1,1,0,-0.050691244239631394,0.050691244239631394,-0.02304147465437789,0.02304147465437789,-0.1052631578947368,0.1052631578947368
qwen3_8b,SciERC,J05-4003,P3->P4,P3,P4,7,0.3035887394632612,1,1,1,1,1,0,0.20496894409937888,0.20496894409937888,0.0931677018633541,0.0931677018633541,0.0,0.0
qwen3_8b,SciERC,J05-4003,P4->P5,P4,P5,7,0.014986446925571986,1,1,1,1,1,0,-0.12560386473429946,0.12560386473429946,-0.07729468599033812,0.07729468599033812,0.0,0.0
qwen3_8b,SciERC,J05-4003,P5->P6,P5,P6,7,0.14675276620047434,1,1,1,1,1,0,0.0,0.0,0.07407407407407413,0.07407407407407413,0.0,0.0
qwen3_8b,SciERC,J82-3002,P1->P2,P1,P2,7,0.01151942355292184,1,1,1,1,1,0,-0.01333333333333342,0.01333333333333342,-0.01333333333333342,0.01333333333333342,0.0,0.0
qwen3_8b,SciERC,J82-3002,P2->P3,P2,P3,7,2.5544847760881695e-08,1,1,1,1,1,0,0.0,0.0,0.0,0.0,0.0,0.0
qwen3_8b,SciERC,J82-3002,P3->P4,P3,P4,7,0.16023277384894236,1,1,1,1,1,0,-0.012307692307692297,0.012307692307692297,-0.012307692307692297,0.012307692307692297,0.0,0.0
qwen3_8b,SciERC,J82-3002,P4->P5,P4,P5,7,0.2928689547947475,1,1,1,1,1,0,0.0494505494505495,0.0494505494505495,0.0494505494505495,0.0494505494505495,0.0,0.0
qwen3_8b,SciERC,J82-3002,P5->P6,P5,P6,7,0.14812047140938894,1,1,1,1,1,0,-0.1171428571428571,0.1171428571428571,-0.1171428571428571,0.1171428571428571,0.0,0.0
qwen3_8b,SciERC,J86-3001,P1->P2,P1,P2,7,0.0,1,1,0,0,0,0,0.0,0.0,0.0,0.0,0.0,0.0
qwen3_8b,SciERC,J86-3001,P2->P3,P2,P3,7,0.0,1,1,0,0,0,0,0.0,0.0,0.0,0.0,0.0,0.0
qwen3_8b,SciERC,J86-3001,P3->P4,P3,P4,7,0.7142857142857143,1,1,0,1,0,0,0.2545454545454545,0.2545454545454545,0.2545454545454545,0.2545454545454545,0.0,0.0
qwen3_8b,SciERC,J86-3001,P4->P5,P4,P5,7,0.29361638852528166,1,1,1,1,1,0,-0.05454545454545451,0.05454545454545451,-0.05454545454545451,0.05454545454545451,0.0,0.0
qwen3_8b,SciERC,J86-3001,P5->P6,P5,P6,7,0.2876887491771153,1,1,1,1,1,0,0.05454545454545451,0.05454545454545451,0.05454545454545451,0.05454545454545451,0.0,0.0
qwen3_8b,SciERC,J86-4002,P1->P2,P1,P2,7,0.00020319223403930664,1,1,1,1,1,0,0.0,0.0,0.0,0.0,0.0,0.0
qwen3_8b,SciERC,J86-4002,P2->P3,P2,P3,7,0.005704028265816825,1,1,1,1,1,0,-0.1,0.1,0.0,0.0,0.0,0.0
qwen3_8b,SciERC,J86-4002,P3->P4,P3,P4,7,0.024924065385546004,1,1,1,1,1,0,0.1333333333333333,0.1333333333333333,0.0333333333333333,0.0333333333333333,0.0952380952380952,0.0952380952380952
qwen3_8b,SciERC,J86-4002,P4->P5,P4,P5,7,0.1549937129020691,1,1,1,1,1,0,-0.0727272727272727,0.0727272727272727,-0.012121212121212102,0.012121212121212102,0.0380952380952381,0.0380952380952381
qwen3_8b,SciERC,J86-4002,P5->P6,P5,P6,7,8.514949253627232e-09,1,1,1,1,1,0,0.0,0.0,0.0,0.0,0.0,0.0
qwen3_8b,SciERC,N03-1026,P1->P2,P1,P2,7,1.0,1,1,0,1,0,0,0.4444444444444444,0.4444444444444444,0.5,0.5,0.0666666666666666,0.0666666666666666
qwen3_8b,SciERC,N03-1026,P2->P3,P2,P3,7,1.0,1,1,1,0,0,1,-0.4444444444444444,0.4444444444444444,-0.5,0.5,-0.0666666666666666,0.0666666666666666
qwen3_8b,SciERC,N03-1026,P3->P4,P3,P4,7,0.8571428571428571,1,1,0,1,0,0,0.2857142857142857,0.2857142857142857,0.4571428571428571,0.4571428571428571,0.0,0.0
qwen3_8b,SciERC,N03-1026,P4->P5,P4,P5,7,0.007463957582201276,1,1,1,1,1,0,-0.05714285714285719,0.05714285714285719,-0.05714285714285705,0.05714285714285705,0.0,0.0
qwen3_8b,SciERC,N03-1026,P5->P6,P5,P6,7,0.1500776239803859,1,1,1,1,1,0,0.0,0.0,0.0,0.0,0.0,0.0
qwen3_8b,SciERC,N03-1033,P1->P2,P1,P2,7,0.0007756522723606654,1,1,1,1,1,0,0.0,0.0,0.0,0.0,0.0,0.0
qwen3_8b,SciERC,N03-1033,P2->P3,P2,P3,7,0.0005444032805306571,1,1,1,1,1,0,0.0,0.0,0.0,0.0,0.0,0.0
qwen3_8b,SciERC,N03-1033,P3->P4,P3,P4,7,0.15674812453133719,1,1,1,1,1,0,-0.1038961038961039,0.1038961038961039,-0.11255411255411263,0.11255411255411263,0.0,0.0
qwen3_8b,SciERC,N03-1033,P4->P5,P4,P5,7,0.013567141124180384,1,1,1,1,1,0,0.1181818181818182,0.1181818181818182,0.1363636363636364,0.1363636363636364,0.0,0.0
qwen3_8b,SciERC,N03-1033,P5->P6,P5,P6,7,8.514949253627232e-09,1,1,1,1,1,0,0.0,0.0,0.0,0.0,0.0,0.0
qwen3_8b,SciERC,N04-1022,P1->P2,P1,P2,7,0.1627480047089713,1,1,1,1,1,0,-0.2666666666666667,0.2666666666666667,-0.26666666666666666,0.26666666666666666,-0.003952569169960493,0.003952569169960493
qwen3_8b,SciERC,N04-1022,P2->P3,P2,P3,7,0.3047139644622803,1,1,1,1,1,0,0.2666666666666667,0.2666666666666667,0.26666666666666666,0.26666666666666666,0.013043478260869601,0.013043478260869601
qwen3_8b,SciERC,N04-1022,P3->P4,P3,P4,7,0.4305429884365627,1,1,1,1,1,0,0.0,0.0,-0.06666666666666665,0.06666666666666665,0.0,0.0
qwen3_8b,SciERC,N04-1022,P4->P5,P4,P5,7,0.15740910598209926,1,1,1,1,1,0,-0.06274509803921574,0.06274509803921574,-0.0039215686274509665,0.0039215686274509665,-0.009090909090909108,0.009090909090909108
qwen3_8b,SciERC,N04-1022,P5->P6,P5,P6,7,0.009274746690477644,1,1,1,1,1,0,0.0,0.0,0.05882352941176472,0.05882352941176472,0.0,0.0
qwen3_8b,SciERC,N06-1037,P1->P2,P1,P2,7,0.004719563892909459,1,1,1,1,1,0,-0.0735930735930736,0.0735930735930736,-0.0735930735930736,0.0735930735930736,0.0,0.0
qwen3_8b,SciERC,N06-1037,P2->P3,P2,P3,7,0.14600873844964163,1,1,1,1,1,0,0.019047619047619035,0.019047619047619035,0.11904761904761901,0.11904761904761901,0.0,0.0
qwen3_8b,SciERC,N06-1037,P3->P4,P3,P4,7,0.1454698784010751,1,1,1,1,1,0,0.15999999999999992,0.15999999999999992,0.14,0.14,0.1176470588235294,0.1176470588235294
qwen3_8b,SciERC,N06-1037,P4->P5,P4,P5,7,0.1455498763493129,1,1,1,1,1,0,0.0,0.0,0.0,0.0,0.015686274509803907,0.015686274509803907
qwen3_8b,SciERC,N06-1037,P5->P6,P5,P6,7,0.0004691140992300851,1,1,1,1,1,0,0.0,0.0,0.0,0.0,-0.015686274509803907,0.015686274509803907
qwen3_8b,SciERC,NIPS_2001_11_abs,P1->P2,P1,P2,7,0.0,1,1,0,0,0,0,0.0,0.0,0.0,0.0,0.0,0.0
qwen3_8b,SciERC,NIPS_2001_11_abs,P2->P3,P2,P3,7,0.0,1,1,0,0,0,0,0.0,0.0,0.0,0.0,0.0,0.0
qwen3_8b,SciERC,NIPS_2001_11_abs,P3->P4,P3,P4,7,0.7142857142857143,1,1,0,1,0,0,0.4705882352941176,0.4705882352941176,0.4705882352941176,0.4705882352941176,0.1904761904761905,0.1904761904761905
qwen3_8b,SciERC,NIPS_2001_11_abs,P4->P5,P4,P5,7,0.1491381185395377,1,1,1,1,1,0,-0.10216718266253877,0.10216718266253877,-0.10216718266253877,0.10216718266253877,0.1095238095238095,0.1095238095238095
qwen3_8b,SciERC,NIPS_2001_11_abs,P5->P6,P5,P6,7,0.0006229196275983538,1,1,1,1,1,0,0.0,0.0,0.0,0.0,-0.04999999999999999,0.04999999999999999
qwen3_8b,SciERC,NIPS_2002_11_abs,P1->P2,P1,P2,7,0.29441884585789274,1,1,1,1,1,0,-0.09523809523809518,0.09523809523809518,-0.09523809523809518,0.09523809523809518,0.0,0.0
qwen3_8b,SciERC,NIPS_2002_11_abs,P2->P3,P2,P3,7,0.006198934146336147,1,1,1,1,1,0,0.02380952380952389,0.02380952380952389,0.02380952380952389,0.02380952380952389,0.0,0.0
qwen3_8b,SciERC,NIPS_2002_11_abs,P3->P4,P3,P4,7,0.1611076933997018,1,1,1,1,1,0,0.20000000000000007,0.20000000000000007,0.20000000000000007,0.20000000000000007,0.0,0.0
qwen3_8b,SciERC,NIPS_2002_11_abs,P4->P5,P4,P5,7,0.15159668241228377,1,1,1,1,1,0,-0.20000000000000018,0.20000000000000018,-0.20000000000000018,0.20000000000000018,0.0,0.0
qwen3_8b,SciERC,NIPS_2002_11_abs,P5->P6,P5,P6,7,0.14514001778193883,1,1,1,1,1,0,-0.3461538461538461,0.3461538461538461,-0.3461538461538461,0.3461538461538461,0.0,0.0
qwen3_8b,SciERC,NIPS_2002_18_abs,P1->P2,P1,P2,7,0.151492178440094,1,1,1,1,1,0,-0.07692307692307701,0.07692307692307701,-0.07692307692307693,0.07692307692307693,0.0,0.0
qwen3_8b,SciERC,NIPS_2002_18_abs,P2->P3,P2,P3,7,0.17652736391339982,1,1,1,1,1,0,-0.09283819628647211,0.09283819628647211,-0.17771883289124668,0.17771883289124668,0.0,0.0
qwen3_8b,SciERC,NIPS_2002_18_abs,P3->P4,P3,P4,7,0.31913264308656963,1,1,1,1,1,0,0.13479623824451412,0.13479623824451412,0.1567398119122258,0.1567398119122258,0.0,0.0
qwen3_8b,SciERC,NIPS_2002_18_abs,P4->P5,P4,P5,7,0.03084299394062587,1,1,1,1,1,0,-0.05844155844155852,0.05844155844155852,-0.077922077922078,0.077922077922078,0.0,0.0
qwen3_8b,SciERC,NIPS_2002_18_abs,P5->P6,P5,P6,7,0.001329387937273298,1,1,1,1,1,0,0.0,0.0,0.0,0.0,0.0,0.0
qwen3_8b,SciERC,NIPS_2015_18_abs,P1->P2,P1,P2,7,0.0062113744871956965,1,1,1,1,1,0,-0.06896551724137923,0.06896551724137923,-0.06896551724137923,0.06896551724137923,-0.2157894736842105,0.2157894736842105
qwen3_8b,SciERC,NIPS_2015_18_abs,P2->P3,P2,P3,7,0.15378257206508092,1,1,1,1,1,0,-0.3448275862068966,0.3448275862068966,-0.3448275862068966,0.3448275862068966,-0.009090909090909108,0.009090909090909108
qwen3_8b,SciERC,NIPS_2015_18_abs,P3->P4,P3,P4,7,0.15483827250344412,1,1,1,1,1,0,0.3556034482758622,0.3556034482758622,0.4806034482758622,0.4806034482758622,0.2090909090909091,0.2090909090909091
qwen3_8b,SciERC,NIPS_2015_18_abs,P4->P5,P4,P5,7,0.002601189272744315,1,1,1,1,1,0,-0.0463709677419355,0.0463709677419355,-0.10685483870967749,0.10685483870967749,0.01578947368421052,0.01578947368421052
qwen3_8b,SciERC,NIPS_2015_18_abs,P5->P6,P5,P6,7,0.0038637007985796246,1,1,1,1,1,0,-0.016129032258064613,0.016129032258064613,0.04435483870967749,0.04435483870967749,-0.2205513784461153,0.2205513784461153
qwen3_8b,SciERC,NIPS_2016_560_abs,P1->P2,P1,P2,7,0.0012781279427664621,1,1,1,1,1,0,0.0,0.0,0.0,0.0,0.0,0.0
qwen3_8b,SciERC,NIPS_2016_560_abs,P2->P3,P2,P3,7,0.0032084243638174875,1,1,1,1,1,0,-0.01231527093596052,0.01231527093596052,-0.01231527093596052,0.01231527093596052,0.0,0.0
qwen3_8b,SciERC,NIPS_2016_560_abs,P3->P4,P3,P4,7,0.19652499471391952,1,1,1,1,1,0,-0.1512791991101224,0.1512791991101224,-0.1512791991101224,0.1512791991101224,0.0,0.0
qwen3_8b,SciERC,NIPS_2016_560_abs,P4->P5,P4,P5,7,0.0451424377305167,1,1,1,1,1,0,0.06451612903225812,0.06451612903225812,0.06451612903225812,0.06451612903225812,0.0,0.0
qwen3_8b,SciERC,NIPS_2016_560_abs,P5->P6,P5,P6,7,0.02654059444155012,1,1,1,1,1,0,-0.124731182795699,0.124731182795699,-0.124731182795699,0.124731182795699,0.1176470588235294,0.1176470588235294
qwen3_8b,SciERC,NIPS_2016_80_abs,P1->P2,P1,P2,7,0.16546405213219778,1,1,1,1,1,0,-0.009230769230769209,0.009230769230769209,-0.012307692307692408,0.012307692307692408,0.0,0.0
qwen3_8b,SciERC,NIPS_2016_80_abs,P2->P3,P2,P3,7,0.006919094494410923,1,1,1,1,1,0,0.0,0.0,0.0,0.0,0.0,0.0
qwen3_8b,SciERC,NIPS_2016_80_abs,P3->P4,P3,P4,7,0.052799957139151435,1,1,1,1,1,0,0.0301003344481606,0.0301003344481606,0.1270903010033445,0.1270903010033445,0.0,0.0
qwen3_8b,SciERC,NIPS_2016_80_abs,P4->P5,P4,P5,7,0.30354479381016325,1,1,1,1,1,0,-0.1070234113712375,0.1070234113712375,-0.1270903010033445,0.1270903010033445,0.0,0.0
qwen3_8b,SciERC,NIPS_2016_80_abs,P5->P6,P5,P6,7,0.00019294023513793945,1,1,1,1,1,0,0.0,0.0,0.0,0.0,0.0,0.0
qwen3_8b,SciERC,P01-1056,P1->P2,P1,P2,7,0.0255925144468035,1,1,1,1,1,0,0.05714285714285716,0.05714285714285716,0.05714285714285716,0.05714285714285716,0.08695652173913043,0.08695652173913043
qwen3_8b,SciERC,P01-1056,P2->P3,P2,P3,7,0.3254308615412031,1,1,1,1,1,0,-0.14285714285714302,0.14285714285714302,-0.20000000000000018,0.20000000000000018,-0.1620553359683794,0.1620553359683794
qwen3_8b,SciERC,P01-1056,P3->P4,P3,P4,7,0.5785813757351467,1,1,1,1,1,0,-0.028571428571428414,0.028571428571428414,-0.028571428571428414,0.028571428571428414,0.2272727272727273,0.2272727272727273
qwen3_8b,SciERC,P01-1056,P4->P5,P4,P5,7,0.2896524667739868,1,1,1,1,1,0,0.11612903225806454,0.11612903225806454,0.11612903225806454,0.11612903225806454,0.021739130434782594,0.021739130434782594
qwen3_8b,SciERC,P01-1056,P5->P6,P5,P6,7,0.15135696956089564,1,1,1,1,1,0,-0.016129032258064613,0.016129032258064613,-0.016129032258064613,0.016129032258064613,0.07826086956521738,0.07826086956521738
qwen3_8b,SciERC,P03-1070,P1->P2,P1,P2,7,0.01370952810559954,1,1,1,1,1,0,-0.1428571428571429,0.1428571428571429,-0.14285714285714302,0.14285714285714302,-0.1176470588235294,0.1176470588235294
qwen3_8b,SciERC,P03-1070,P2->P3,P2,P3,7,1.7029898507254463e-08,1,1,1,1,1,0,0.0,0.0,0.0,0.0,0.0,0.0
qwen3_8b,SciERC,P03-1070,P3->P4,P3,P4,7,0.29890527044023785,1,1,1,1,1,0,0.4704433497536946,0.4704433497536946,0.3990147783251232,0.3990147783251232,0.1111111111111111,0.1111111111111111
qwen3_8b,SciERC,P03-1070,P4->P5,P4,P5,7,0.006161843027387347,1,1,1,1,1,0,-0.041871921182266014,0.041871921182266014,-0.041871921182266014,0.041871921182266014,0.0,0.0
qwen3_8b,SciERC,P03-1070,P5->P6,P5,P6,7,1.7029898507254463e-08,1,1,1,1,1,0,0.0,0.0,0.0,0.0,0.0,0.0
qwen3_8b,SciERC,P04-2005,P1->P2,P1,P2,7,0.01420924493244716,1,1,1,1,1,0,-0.12121212121212122,0.12121212121212122,0.0,0.0,0.1,0.1
qwen3_8b,SciERC,P04-2005,P2->P3,P2,P3,7,0.01148245164326259,1,1,1,1,1,0,0.12121212121212122,0.12121212121212122,0.0,0.0,-0.1,0.1
qwen3_8b,SciERC,P04-2005,P3->P4,P3,P4,7,0.016805836132594516,1,1,1,1,1,0,0.1382575757575759,0.1382575757575759,0.017045454545454586,0.017045454545454586,0.0,0.0
qwen3_8b,SciERC,P04-2005,P4->P5,P4,P5,7,0.15211047445024764,1,1,1,1,1,0,-0.006944444444444531,0.006944444444444531,0.04861111111111105,0.04861111111111105,0.0,0.0
qwen3_8b,SciERC,P04-2005,P5->P6,P5,P6,7,0.0010760256222316197,1,1,1,1,1,0,0.0,0.0,0.0,0.0,0.0,0.0
qwen3_8b,SciERC,P05-1039,P1->P2,P1,P2,7,0.012667919908251082,1,1,1,1,1,0,0.004576659038901587,0.004576659038901587,0.022883295194507935,0.022883295194507935,0.0,0.0
qwen3_8b,SciERC,P05-1039,P2->P3,P2,P3,7,0.010703189032418388,1,1,1,1,1,0,-0.02631578947368418,0.02631578947368418,-0.03157894736842104,0.03157894736842104,0.0,0.0
qwen3_8b,SciERC,P05-1039,P3->P4,P3,P4,7,0.02972360168184553,1,1,1,1,1,0,-0.0789473684210526,0.0789473684210526,-0.0736842105263158,0.0736842105263158,0.0,0.0
qwen3_8b,SciERC,P05-1039,P4->P5,P4,P5,7,0.017152820314679827,1,1,1,1,1,0,0.0,0.0,0.0,0.0,0.0,0.0
qwen3_8b,SciERC,P05-1039,P5->P6,P5,P6,7,0.0006029605865478516,1,1,1,1,1,0,0.0,0.0,0.0,0.0,0.0,0.0
qwen3_8b,SciERC,P05-1046,P1->P2,P1,P2,7,0.1697851845196315,1,1,1,1,1,0,-0.0293255131964808,0.0293255131964808,-0.025415444770283346,0.025415444770283346,-0.0869565217391304,0.0869565217391304
qwen3_8b,SciERC,P05-1046,P2->P3,P2,P3,7,0.026619059698922292,1,1,1,1,1,0,0.0293255131964808,0.0293255131964808,0.025415444770283346,0.025415444770283346,0.0909090909090909,0.0909090909090909
qwen3_8b,SciERC,P05-1046,P3->P4,P3,P4,7,0.0048122235706874305,1,1,1,1,1,0,-0.012121212121212088,0.012121212121212088,-0.07272727272727264,0.07272727272727264,0.009090909090909108,0.009090909090909108
qwen3_8b,SciERC,P05-1046,P4->P5,P4,P5,7,0.3178737589291164,1,1,1,1,1,0,-0.033333333333333326,0.033333333333333326,0.01666666666666672,0.01666666666666672,0.0333333333333333,0.0333333333333333
qwen3_8b,SciERC,P05-1046,P5->P6,P5,P6,7,0.00012687274387904575,1,1,1,1,1,0,0.0,0.0,0.0,0.0,-0.06666666666666671,0.06666666666666671
qwen3_8b,SciERC,P05-1056,P1->P2,P1,P2,7,0.005144562040056501,1,1,1,1,1,0,0.0,0.0,0.0,0.0,0.0,0.0
qwen3_8b,SciERC,P05-1056,P2->P3,P2,P3,7,0.1475130660193307,1,1,1,1,1,0,0.010389610389610393,0.010389610389610393,0.013852813852813811,0.013852813852813811,0.0588235294117647,0.0588235294117647
qwen3_8b,SciERC,P05-1056,P3->P4,P3,P4,7,0.161153929574149,1,1,1,1,1,0,-0.010389610389610393,0.010389610389610393,0.043290043290043295,0.043290043290043295,-0.0588235294117647,0.0588235294117647
qwen3_8b,SciERC,P05-1056,P4->P5,P4,P5,7,0.16955032518931798,1,1,1,1,1,0,0.0,0.0,0.0,0.0,0.0,0.0
qwen3_8b,SciERC,P05-1056,P5->P6,P5,P6,7,0.16567887578691756,1,1,1,1,1,0,-0.11260504201680671,0.11260504201680671,-0.1092436974789916,0.1092436974789916,0.0,0.0
qwen3_8b,SciERC,P05-1076,P1->P2,P1,P2,7,0.013789662293025426,1,1,1,1,1,0,0.057142857142857106,0.057142857142857106,0.11428571428571432,0.11428571428571432,0.0,0.0
qwen3_8b,SciERC,P05-1076,P2->P3,P2,P3,7,0.007987439632415771,1,1,1,1,1,0,-0.057142857142857106,0.057142857142857106,-0.05714285714285716,0.05714285714285716,0.0,0.0
qwen3_8b,SciERC,P05-1076,P3->P4,P3,P4,7,0.024624347686767578,1,1,1,1,1,0,0.11428571428571421,0.11428571428571421,0.05714285714285716,0.05714285714285716,0.2222222222222222,0.2222222222222222
qwen3_8b,SciERC,P05-1076,P4->P5,P4,P5,7,0.012527329581124442,1,1,1,1,1,0,0.010084033613445398,0.010084033613445398,-0.10252100840336142,0.10252100840336142,-0.2222222222222222,0.2222222222222222
qwen3_8b,SciERC,P05-1076,P5->P6,P5,P6,7,2.9819352286202566e-05,1,1,1,1,1,0,0.0,0.0,0.0,0.0,0.0,0.0
qwen3_8b,SciERC,P05-2013,P1->P2,P1,P2,7,0.14552725212914602,1,1,1,1,1,0,0.0,0.0,-0.10526315789473689,0.10526315789473689,0.0,0.0
qwen3_8b,SciERC,P05-2013,P2->P3,P2,P3,7,0.0025585293769836426,1,1,1,1,1,0,0.0,0.0,0.10526315789473689,0.10526315789473689,0.0,0.0
qwen3_8b,SciERC,P05-2013,P3->P4,P3,P4,7,0.44400120632989065,1,1,1,1,1,0,0.1644736842105262,0.1644736842105262,0.0789473684210526,0.0789473684210526,0.0,0.0
qwen3_8b,SciERC,P05-2013,P4->P5,P4,P5,7,0.01806243828364781,1,1,1,1,1,0,-0.12499999999999989,0.12499999999999989,-0.25,0.25,0.0,0.0
qwen3_8b,SciERC,P05-2013,P5->P6,P5,P6,7,0.15062755346298218,1,1,1,1,1,0,0.0,0.0,0.0,0.0,0.0,0.0
qwen3_8b,SciERC,P06-1013,P1->P2,P1,P2,7,1.7029898507254463e-08,1,1,1,1,1,0,0.0,0.0,0.0,0.0,0.0,0.0
qwen3_8b,SciERC,P06-1013,P2->P3,P2,P3,7,0.0002975974764142718,1,1,1,1,1,0,0.0,0.0,0.0,0.0,0.0,0.0
qwen3_8b,SciERC,P06-1013,P3->P4,P3,P4,7,0.018044165202549527,1,1,1,1,1,0,-0.03007518796992492,0.03007518796992492,-0.03007518796992492,0.03007518796992492,0.3333333333333333,0.3333333333333333
qwen3_8b,SciERC,P06-1013,P4->P5,P4,P5,7,0.296671850340707,1,1,1,1,1,0,0.3229813664596275,0.3229813664596275,0.3229813664596275,0.3229813664596275,0.16666666666666669,0.16666666666666669
qwen3_8b,SciERC,P06-1013,P5->P6,P5,P6,7,0.29425082887922016,1,1,1,1,1,0,-0.08695652173913049,0.08695652173913049,-0.08695652173913049,0.08695652173913049,-0.03846153846153849,0.03846153846153849
qwen3_8b,SciERC,P06-1018,P1->P2,P1,P2,7,0.004781033311571393,1,1,1,1,1,0,0.0,0.0,0.0,0.0,-0.4827586206896552,0.4827586206896552
qwen3_8b,SciERC,P06-1018,P2->P3,P2,P3,7,0.000655923570905413,1,1,1,1,1,0,0.0,0.0,0.0,0.0,0.0,0.0
qwen3_8b,SciERC,P06-1018,P3->P4,P3,P4,7,0.0015354667391095842,1,1,1,1,1,0,0.0,0.0,0.0,0.0,0.0,0.0
qwen3_8b,SciERC,P06-1018,P4->P5,P4,P5,7,0.42857142857142855,1,1,1,0,0,1,-0.5333333333333333,0.5333333333333333,-0.5333333333333333,0.5333333333333333,0.0,0.0
qwen3_8b,SciERC,P06-1018,P5->P6,P5,P6,7,0.0,1,1,0,0,0,0,0.0,0.0,0.0,0.0,0.0,0.0
qwen3_8b,SciERC,P06-1053,P1->P2,P1,P2,7,0.0053678154945373535,1,1,1,1,1,0,-0.10833333333333328,0.10833333333333328,-0.1000000000000002,0.1000000000000002,0.0,0.0
qwen3_8b,SciERC,P06-1053,P2->P3,P2,P3,7,0.00030682768140520366,1,1,1,1,1,0,0.0,0.0,0.0,0.0,0.0,0.0
qwen3_8b,SciERC,P06-1053,P3->P4,P3,P4,7,0.2929859161376953,1,1,1,1,1,0,0.11428571428571438,0.11428571428571438,0.0761904761904762,0.0761904761904762,0.0,0.0
qwen3_8b,SciERC,P06-1053,P4->P5,P4,P5,7,0.0073595983641488215,1,1,1,1,1,0,-0.017316017316017396,0.017316017316017396,-0.021645021645021634,0.021645021645021634,0.0,0.0
qwen3_8b,SciERC,P06-1053,P5->P6,P5,P6,7,1.7029898507254463e-08,1,1,1,1,1,0,0.0,0.0,0.0,0.0,0.0,0.0
qwen3_8b,SciERC,P06-2012,P1->P2,P1,P2,7,0.013869413307734899,1,1,1,1,1,0,0.08000000000000002,0.08000000000000002,0.15999999999999992,0.15999999999999992,0.0,0.0
qwen3_8b,SciERC,P06-2012,P2->P3,P2,P3,7,0.020186560494559153,1,1,1,1,1,0,-0.06666666666666671,0.06666666666666671,-0.22666666666666663,0.22666666666666663,0.2352941176470588,0.2352941176470588
qwen3_8b,SciERC,P06-2012,P3->P4,P3,P4,7,0.0217545713697161,1,1,1,1,1,0,0.3333333333333334,0.3333333333333334,0.3333333333333334,0.3333333333333334,-0.2352941176470588,0.2352941176470588
qwen3_8b,SciERC,P06-2012,P4->P5,P4,P5,7,0.013689168861934118,1,1,1,1,1,0,-0.08333333333333337,0.08333333333333337,0.0,0.0,0.1176470588235294,0.1176470588235294
qwen3_8b,SciERC,P06-2012,P5->P6,P5,P6,7,0.003665881497519357,1,1,1,1,1,0,-0.08333333333333348,0.08333333333333348,-0.08333333333333337,0.08333333333333337,0.23529411764705882,0.23529411764705882
qwen3_8b,SciERC,P06-3007,P1->P2,P1,P2,7,0.01505357027053833,1,1,1,1,1,0,-0.24615384615384622,0.24615384615384622,-0.24615384615384622,0.24615384615384622,0.0,0.0
qwen3_8b,SciERC,P06-3007,P2->P3,P2,P3,7,0.028432139328547885,1,1,1,1,1,0,0.11282051282051281,0.11282051282051281,0.11282051282051281,0.11282051282051281,0.0,0.0
qwen3_8b,SciERC,P06-3007,P3->P4,P3,P4,7,0.011559154306139265,1,1,1,1,1,0,0.01904761904761909,0.01904761904761909,0.01904761904761909,0.01904761904761909,0.0,0.0
qwen3_8b,SciERC,P06-3007,P4->P5,P4,P5,7,0.03003449099404471,1,1,1,1,1,0,-0.01904761904761909,0.01904761904761909,-0.01904761904761909,0.01904761904761909,0.0,0.0
qwen3_8b,SciERC,P06-3007,P5->P6,P5,P6,7,0.02897352831704276,1,1,1,1,1,0,0.2039215686274511,0.2039215686274511,0.2039215686274511,0.2039215686274511,0.0,0.0
qwen3_8b,SciERC,P06-4007,P1->P2,P1,P2,7,0.1502454706600734,1,1,1,1,1,0,0.04102564102564099,0.04102564102564099,0.0615384615384616,0.0615384615384616,0.0,0.0
qwen3_8b,SciERC,P06-4007,P2->P3,P2,P3,7,1.7029898507254463e-08,1,1,1,1,1,0,0.0,0.0,0.0,0.0,0.0,0.0
qwen3_8b,SciERC,P06-4007,P3->P4,P3,P4,7,0.1639973861830575,1,1,1,1,1,0,0.09230769230769231,0.09230769230769231,-0.0615384615384616,0.0615384615384616,0.0,0.0
qwen3_8b,SciERC,P06-4007,P4->P5,P4,P5,7,0.14396206821714128,1,1,1,1,1,0,0.0,0.0,0.0,0.0,0.0,0.0
qwen3_8b,SciERC,P06-4007,P5->P6,P5,P6,7,0.0,1,1,1,1,1,0,0.0,0.0,0.0,0.0,0.0,0.0
qwen3_8b,SciERC,P08-1105,P1->P2,P1,P2,7,0.0,1,1,1,1,1,0,0.0,0.0,0.0,0.0,0.0,0.0
qwen3_8b,SciERC,P08-1105,P2->P3,P2,P3,7,0.15106478759220668,1,1,1,1,1,0,0.0699999999999999,0.0699999999999999,0.0699999999999999,0.0699999999999999,0.0,0.0
qwen3_8b,SciERC,P08-1105,P3->P4,P3,P4,7,0.005261710711887905,1,1,1,1,1,0,0.06461538461538469,0.06461538461538469,0.06461538461538469,0.06461538461538469,-0.1333333333333333,0.1333333333333333
qwen3_8b,SciERC,P08-1105,P4->P5,P4,P5,7,0.008134015968867711,1,1,1,1,1,0,0.07692307692307693,0.07692307692307693,0.07692307692307693,0.07692307692307693,0.0,0.0
qwen3_8b,SciERC,P08-1105,P5->P6,P5,P6,7,0.02333532060895647,1,1,1,1,1,0,-0.16524216524216523,0.16524216524216523,-0.16524216524216523,0.16524216524216523,0.1176470588235294,0.1176470588235294
qwen3_8b,SciERC,P83-1004,P1->P2,P1,P2,7,0.003980977194649833,1,1,1,1,1,0,0.0,0.0,0.0,0.0,0.0,0.0
qwen3_8b,SciERC,P83-1004,P2->P3,P2,P3,7,0.14382902213505336,1,1,1,1,1,0,0.006535947712418291,0.006535947712418291,0.006535947712418291,0.006535947712418291,0.0,0.0
qwen3_8b,SciERC,P83-1004,P3->P4,P3,P4,7,0.14724405322756087,1,1,1,1,1,0,0.007352941176470604,0.007352941176470604,0.007352941176470604,0.007352941176470604,0.0,0.0
qwen3_8b,SciERC,P83-1004,P4->P5,P4,P5,7,0.025017917156219482,1,1,1,1,1,0,-0.007352941176470604,0.007352941176470604,0.2279411764705882,0.2279411764705882,0.0,0.0
qwen3_8b,SciERC,P83-1004,P5->P6,P5,P6,7,0.14502509151186263,1,1,1,1,1,0,0.0,0.0,-0.11764705882352941,0.11764705882352941,0.0,0.0
qwen3_8b,SciERC,P85-1019,P1->P2,P1,P2,7,0.0416758486202785,1,1,1,1,1,0,-0.17790811339198442,0.17790811339198442,-0.17399804496578689,0.17399804496578689,0.0,0.0
qwen3_8b,SciERC,P85-1019,P2->P3,P2,P3,7,0.47382103545325144,1,1,1,1,1,0,0.2021505376344086,0.2021505376344086,0.2043010752688171,0.2043010752688171,0.0,0.0
qwen3_8b,SciERC,P85-1019,P3->P4,P3,P4,7,0.1524203930582319,1,1,1,1,1,0,0.10833333333333328,0.10833333333333328,0.10416666666666669,0.10416666666666669,0.0,0.0
qwen3_8b,SciERC,P85-1019,P4->P5,P4,P5,7,0.1474149227142334,1,1,1,1,1,0,-0.0808823529411764,0.0808823529411764,-0.08455882352941169,0.08455882352941169,0.0,0.0
qwen3_8b,SciERC,P85-1019,P5->P6,P5,P6,7,0.0003931948116847447,1,1,1,1,1,0,0.04873949579831932,0.04873949579831932,0.04705882352941182,0.04705882352941182,0.0,0.0
qwen3_8b,SciERC,P86-1011,P1->P2,P1,P2,7,0.0,1,1,1,1,1,0,0.0,0.0,0.0,0.0,0.0,0.0
qwen3_8b,SciERC,P86-1011,P2->P3,P2,P3,7,0.14959306376320974,1,1,1,1,1,0,0.0,0.0,0.0,0.0,0.1777777777777778,0.1777777777777778
qwen3_8b,SciERC,P86-1011,P3->P4,P3,P4,7,0.008345152650560652,1,1,1,1,1,0,0.2,0.2,0.2,0.2,-0.06666666666666671,0.06666666666666671
qwen3_8b,SciERC,P86-1011,P4->P5,P4,P5,7,0.14285715137209212,1,1,1,1,1,0,-0.018181818181818216,0.018181818181818216,-0.018181818181818216,0.018181818181818216,0.0,0.0
qwen3_8b,SciERC,P86-1011,P5->P6,P5,P6,7,0.006339882101331439,1,1,1,1,1,0,0.0,0.0,0.0,0.0,-0.1111111111111111,0.1111111111111111
qwen3_8b,SciERC,W02-1602,P1->P2,P1,P2,7,0.0,1,1,0,0,0,0,0.0,0.0,0.0,0.0,0.0,0.0
qwen3_8b,SciERC,W02-1602,P2->P3,P2,P3,7,0.0,1,1,0,0,0,0,0.0,0.0,0.0,0.0,0.0,0.0
qwen3_8b,SciERC,W02-1602,P3->P4,P3,P4,7,0.7142857142857143,1,1,0,1,0,0,0.2499999999999999,0.2499999999999999,0.2499999999999999,0.2499999999999999,0.064516129032258,0.064516129032258
qwen3_8b,SciERC,W02-1602,P4->P5,P4,P5,7,0.7142857142857143,1,1,1,0,0,1,-0.2499999999999999,0.2499999999999999,-0.2499999999999999,0.2499999999999999,-0.064516129032258,0.064516129032258
qwen3_8b,SciERC,W02-1602,P5->P6,P5,P6,7,0.0,1,1,0,0,0,0,0.0,0.0,0.0,0.0,0.0,0.0
qwen3_8b,SciERC,X96-1059,P1->P2,P1,P2,7,1.0,1,1,0,1,0,0,0.2608695652173913,0.2608695652173913,0.3478260869565217,0.3478260869565217,0.0,0.0
qwen3_8b,SciERC,X96-1059,P2->P3,P2,P3,7,1.0,1,1,1,0,0,1,-0.2608695652173913,0.2608695652173913,-0.3478260869565217,0.3478260869565217,0.0,0.0
qwen3_8b,SciERC,X96-1059,P3->P4,P3,P4,7,0.7142857142857143,1,1,0,1,0,0,0.3414634146341463,0.3414634146341463,0.4878048780487805,0.4878048780487805,0.0,0.0
qwen3_8b,SciERC,X96-1059,P4->P5,P4,P5,7,0.011883267334529332,1,1,1,1,1,0,0.03062960862166758,0.03062960862166758,0.02382302892796373,0.02382302892796373,0.0,0.0
qwen3_8b,SciERC,X96-1059,P5->P6,P5,P6,7,0.00025719404220581055,1,1,1,1,1,0,0.0,0.0,0.0,0.0,0.0,0.0
