dataset,split,doc_id,document_type,schema_name,source_file,text,char_count,word_count,sentence_count,entity_count,relation_count,annotation_file_count,label_types,text_sha256,eligible,length_bucket,notes
SciERC,train,J87-1003,abstract,scierc_entity_relation,processed_data/json/train.json,"English is shown to be trans-context-free on the basis of coordinations of the respectively type that involve strictly syntactic cross-serial agreement . The agreement in question involves number in nouns and reflexive pronouns and is syntactic rather than semantic in nature because grammatical number in English , like grammatical gender in languages such as French , is partly arbitrary . The formal proof , which makes crucial use of the Interchange Lemma of Ogden et al. , is so constructed as to be valid even if English is presumed to contain grammatical sentences in which respectively operates across a pair of coordinate phrases one of whose members has fewer conjuncts than the other ; it thus goes through whatever the facts may be regarding constructions with unequal numbers of conjuncts in the scope of respectively , whereas other arguments have foundered on this problem .",889,145,3,13,3,1,NER:Generic|NER:Material|NER:Method|NER:OtherScientificTerm|REL:CONJUNCTION|REL:FEATURE-OF|REL:HYPONYM-OF,5cf433289ae49c8503067c2cb8914f1e93886d6cda65336a19cc94db33a930ac,1,medium,
SciERC,train,CVPR_2003_18_abs,abstract,scierc_entity_relation,processed_data/json/train.json,"In this paper , a novel method to learn the intrinsic object structure for robust visual tracking is proposed . The basic assumption is that the parameterized object state lies on a low dimensional manifold and can be learned from training data . Based on this assumption , firstly we derived the dimensionality reduction and density estimation algorithm for unsupervised learning of object intrinsic representation , the obtained non-rigid part of object state reduces even to 2 dimensions . Secondly the dynamical model is derived and trained based on this intrinsic representation . Thirdly the learned intrinsic object structure is integrated into a particle-filter style tracker . We will show that this intrinsic object representation has some interesting properties and based on which the newly derived dynamical model makes particle-filter style tracker more robust and reliable . Experiments show that the learned tracker performs much better than existing trackers on the tracking of complex non-rigid motions such as fish twisting with self-occlusion and large inter-frame lip motion . The proposed method also has the potential to solve other type of tracking problems .",1182,183,8,25,15,1,NER:Generic|NER:Method|NER:OtherScientificTerm|NER:Task|REL:COMPARE|REL:CONJUNCTION|REL:FEATURE-OF|REL:HYPONYM-OF|REL:PART-OF|REL:USED-FOR,bd3444f2f40b0cb4ea2fdc7a6e2beb28203b1084b6c3902b88555fa8f8a1e15d,1,long,
SciERC,train,INTERSPEECH_2013_31_abs,abstract,scierc_entity_relation,processed_data/json/train.json,"In this paper , we present a digital signal processor -LRB- DSP -RRB- implementation of real-time statistical voice conversion -LRB- VC -RRB- for silent speech enhancement and electrolaryngeal speech enhancement . As a silent speech interface , we focus on non-audible murmur -LRB- NAM -RRB- , which can be used in situations where audible speech is not acceptable . Electrolaryngeal speech is one of the typical types of alaryngeal speech produced by an alternative speaking method for laryngectomees . However , the sound quality of NAM and electrolaryngeal speech suffers from lack of naturalness . VC has proven to be one of the promising approaches to address this problem , and it has been successfully implemented on devices with sufficient computational resources . An implementation on devices that are highly portable but have limited computational resources would greatly contribute to its practical use . In this paper we further implement real-time VC on a DSP . To implement the two speech enhancement systems based on real-time VC , one from NAM to a whispered voice and the other from electrolaryngeal speech to a natural voice , we propose several methods for reducing computational cost while preserving conversion accuracy . We conduct experimental evaluations and show that real-time VC is capable of running on a DSP with little degradation .",1363,219,9,35,20,1,NER:Generic|NER:Material|NER:Method|NER:Metric|NER:OtherScientificTerm|NER:Task|REL:CONJUNCTION|REL:EVALUATE-FOR|REL:FEATURE-OF|REL:HYPONYM-OF|REL:USED-FOR,7e8caf694068edccd77178fc263666eeee8c6b720bc704f81e0f14e6dd2ca01f,1,long,
SciERC,train,I05-5008,abstract,scierc_entity_relation,processed_data/json/train.json,"We propose a method that automatically generates paraphrase sets from seed sentences to be used as reference sets in objective machine translation evaluation measures like BLEU and NIST . We measured the quality of the paraphrases produced in an experiment , i.e. , -LRB- i -RRB- their grammaticality : at least 99 % correct sentences ; -LRB- ii -RRB- their equivalence in meaning : at least 96 % correct paraphrases either by meaning equivalence or entailment ; and , -LRB- iii -RRB- the amount of internal lexical and syntactical variation in a set of paraphrases : slightly superior to that of hand-produced sets . The paraphrase sets produced by this method thus seem adequate as reference sets to be used for MT evaluation .",729,124,3,17,12,1,NER:Generic|NER:Method|NER:Metric|NER:OtherScientificTerm|NER:Task|REL:COMPARE|REL:CONJUNCTION|REL:HYPONYM-OF|REL:USED-FOR,67527116877d04a9bd00b6cdde263a0dcb5d6833b8492d3350f0f1411970df04,1,medium,
SciERC,train,C92-2068,abstract,scierc_entity_relation,processed_data/json/train.json,Graph unification remains the most expensive part of unification-based grammar parsing . We focus on one speed-up element in the design of unification algorithms : avoidance of copying of unmodified subgraphs . We propose a method of attaining such a design through a method of structure-sharing which avoids log -LRB- d -RRB- overheads often associated with structure-sharing of graphs without any use of costly dependency pointers . The proposed scheme eliminates redundant copying while maintaining the quasi-destructive scheme 's ability to avoid over copying and early copying combined with its ability to handle cyclic structures without algorithmic additions .,667,99,4,17,6,1,NER:Generic|NER:Method|NER:OtherScientificTerm|NER:Task|REL:CONJUNCTION|REL:FEATURE-OF|REL:PART-OF|REL:USED-FOR,0455a7a10f9b1bca1b568bdc224b8702d1836c8c6d96bc3a141662303c084b79,1,medium,
SciERC,train,A97-1052,abstract,scierc_entity_relation,processed_data/json/train.json,"We describe a novel technique and implemented system for constructing a subcategorization dictionary from textual corpora . Each dictionary entry encodes the relative frequency of occurrence of a comprehensive set of subcategorization classes for English . An initial experiment , on a sample of 14 verbs which exhibit multiple complementation patterns , demonstrates that the technique achieves accuracy comparable to previous approaches , which are all limited to a highly restricted set of subcategorization classes . We also demonstrate that a subcategorization dictionary built with the system improves the accuracy of a parser by an appreciable amount",657,97,4,8,5,1,NER:Generic|NER:Material|NER:Method|NER:Metric|NER:OtherScientificTerm|REL:EVALUATE-FOR|REL:USED-FOR,1a768808c53da57ac70eed11b0f32f903617412073a92b6a474ee4459097e6ae,1,short,
SciERC,train,CVPR_2006_21_abs,abstract,scierc_entity_relation,processed_data/json/train.json,"The introduction of prior knowledge has greatly enhanced numerous purely low-level driven image processing algorithms . In this work , we focus on the problem of non-rigid image registration . A number of powerful registration criteria have been developed in the last decade , most prominently the criterion of maximum mutual information . Although this criterion provides for good registration results in many applications , it remains a purely low-level criterion . As a consequence , registration results will deteriorate once this low-level information is corrupted , due to noise , partial occlusions or missing image structure . In this paper , we will develop a Bayesian framework that allows to impose statistically learned prior knowledge about the joint intensity distribution into image registration methods . The prior is given by a kernel density estimate on the space of joint intensity distributions computed from a representative set of pre-registered image pairs . This nonparametric prior accurately models previously learned intensity relations between various image modalities and slice locations . Experimental results demonstrate that the resulting registration process is more robust to missing low-level information as it favors intensity correspondences statistically consistent with the learned intensity distributions .",1346,197,9,29,10,1,NER:Generic|NER:Material|NER:Method|NER:Metric|NER:OtherScientificTerm|NER:Task|REL:FEATURE-OF|REL:HYPONYM-OF|REL:USED-FOR,dec519f5c7b0dbd83f975bdee2c5fcb23aa8b22035aba738759c6ecf9c6648d7,1,long,
SciERC,train,ICCV_2013_36_abs,abstract,scierc_entity_relation,processed_data/json/train.json,"There is an increased interest in the efficient creation of city models , be it virtual or as-built . We present a method for synthesizing complex , photo-realistic facade images , from a single example . After parsing the example image into its semantic components , a tiling for it is generated . Novel tilings can then be created , yielding facade textures with different dimensions or with occluded parts inpainted . A genetic algorithm guides the novel facades as well as inpainted parts to be consistent with the example , both in terms of their overall structure and their detailed textures . Promising results for multiple standard datasets -- in particular for the different building styles they contain -- demonstrate the potential of the method .",757,127,6,13,6,1,NER:Generic|NER:Method|NER:OtherScientificTerm|NER:Task|REL:EVALUATE-FOR|REL:FEATURE-OF|REL:USED-FOR,6cd242b1734cc1134daa82a827f9d8f263793e0bfda137dd19d58eb4f23ea2dc,1,medium,
SciERC,train,N06-4001,abstract,scierc_entity_relation,processed_data/json/train.json,"We introduce a new interactive corpus exploration tool called InfoMagnets . InfoMagnets aims at making exploratory corpus analysis accessible to researchers who are not experts in text mining . As evidence of its usefulness and usability , it has been used successfully in a research context to uncover relationships between language and behavioral patterns in two distinct domains : tutorial dialogue -LRB- Kumar et al. , submitted -RRB- and on-line communities -LRB- Arguello et al. , 2006 -RRB- . As an educational tool , it has been used as part of a unit on protocol analysis in an Educational Research Methods course .",624,103,4,12,7,1,NER:Generic|NER:Material|NER:Method|NER:Task|REL:CONJUNCTION|REL:HYPONYM-OF|REL:USED-FOR,309cc6bbf879ba22c83f7b7d0ea82eeee7f51106fdbabf157a25b1327d6af5f8,1,short,
SciERC,train,N03-2003,abstract,scierc_entity_relation,processed_data/json/train.json,"Sources of training data suitable for language modeling of conversational speech are limited . In this paper , we show how training data can be supplemented with text from the web filtered to match the style and/or topic of the target recognition task , but also that it is possible to get bigger performance gains from the data by using class-dependent interpolation of N-grams .",380,65,2,4,2,1,NER:Material|NER:Method|NER:Task|REL:USED-FOR,d94868fa36a8fa467d8e909e7913ae2dfaf20a096b4254984b0edc133b398043,1,short,
SciERC,train,ICCV_2011_47_abs,abstract,scierc_entity_relation,processed_data/json/train.json,"We present a method for detecting 3D objects using multi-modalities . While it is generic , we demonstrate it on the combination of an image and a dense depth map which give complementary object information . It works in real-time , under heavy clutter , does not require a time consuming training stage , and can handle untextured objects . It is based on an efficient representation of templates that capture the different modalities , and we show in many experiments on commodity hardware that our approach significantly outperforms state-of-the-art methods on single modalities .",583,95,4,18,11,1,NER:Generic|NER:OtherScientificTerm|NER:Task|REL:COMPARE|REL:CONJUNCTION|REL:FEATURE-OF|REL:USED-FOR,26d3cdfa689090626a4811ee915fc98bf7d3c43dd81a6773a624827dfe765e58,1,short,
SciERC,train,CVPR_1998_10_abs,abstract,scierc_entity_relation,processed_data/json/train.json,"The compact description of a video sequence through a single image map and a dominant motion has applications in several domains , including video browsing and retrieval , compression , mosaicing , and visual summarization . Building such a representation requires the capability to register all the frames with respect to the dominant object in the scene , a task which has been , in the past , addressed through temporally localized motion estimates . In this paper , we show how the lack of temporal consistency associated with such estimates can undermine the validity of the dominant motion assumption , leading to oscillation between different scene interpretations and poor registration . To avoid this oscillation , we augment the motion model with a generic temporal constraint which increases the robustness against competing interpretations , leading to more meaningful content summarization .",904,142,4,22,14,1,NER:Generic|NER:Method|NER:Metric|NER:OtherScientificTerm|NER:Task|REL:CONJUNCTION|REL:EVALUATE-FOR|REL:HYPONYM-OF|REL:USED-FOR,2c11ccca719febbc042171f122fd995562ce4bbae77d5c3daa0592e36f68e3e9,1,medium,
SciERC,train,IJCAI_2016_420_abs,abstract,scierc_entity_relation,processed_data/json/train.json,"In cross-domain learning , there is a more challenging problem that the domain divergence involves more than one dominant factors , e.g. , different viewpoints , various resolutions and changing illuminations . Fortunately , an intermediate domain could often be found to build a bridge across them to facilitate the learning problem . In this paper , we propose a Coupled Marginalized Denoising Auto-encoders framework to address the cross-domain problem . Specifically , we design two marginalized denoising auto-encoders , one for the target and the other for source as well as the intermediate one . To better couple the two denoising auto-encoders learning , we incorporate a feature mapping , which tends to transfer knowledge between the intermediate domain and the target one . Furthermore , the maximum margin criterion , e.g. , intra-class com-pactness and inter-class penalty , on the output layer is imposed to seek more discriminative features across different domains . Extensive experiments on two tasks have demonstrated the superiority of our method over the state-of-the-art methods .",1102,172,7,23,17,1,NER:Generic|NER:Method|NER:OtherScientificTerm|NER:Task|REL:COMPARE|REL:CONJUNCTION|REL:EVALUATE-FOR|REL:HYPONYM-OF|REL:PART-OF|REL:USED-FOR,ca2f73702fe5bc440587e42f6522a6a9fe57f71c134f4f50691676ed679f0768,1,long,
SciERC,train,ICCV_2015_403_abs,abstract,scierc_entity_relation,processed_data/json/train.json,"In this paper , we aim to automatically render aging faces in a personalized way . Basically , a set of age-group specific dictionaries are learned , where the dictionary bases corresponding to the same index yet from different dictionaries form a particular aging process pattern cross different age groups , and a linear combination of these patterns expresses a particular personalized aging process . Moreover , two factors are taken into consideration in the dictionary learning process . First , beyond the aging dictionaries , each subject may have extra personalized facial characteristics , e.g. mole , which are invariant in the aging process . Second , it is challenging or even impossible to collect faces of all age groups for a particular subject , yet much easier and more practical to get face pairs from neighboring age groups . Thus a personality-aware coupled reconstruction loss is utilized to learn the dictionaries based on face pairs from neighboring age groups . Extensive experiments well demonstrate the advantages of our proposed solution over other state-of-the-arts in term of personalized aging progression , as well as the performance gain for cross-age face verification by synthesizing aging faces .",1232,197,7,19,9,1,NER:Generic|NER:Method|NER:OtherScientificTerm|NER:Task|REL:COMPARE|REL:HYPONYM-OF|REL:PART-OF|REL:USED-FOR,339638a0e71052ee41c538878b7b50b1ec6b4d583d9381304a4cba5d53bf2adc,1,long,
SciERC,train,E85-1041,abstract,scierc_entity_relation,processed_data/json/train.json,We propose a draft scheme of the model formalizing the structure of communicative context in dialogue interaction . The relationships between the interacting partners are considered as system of three automata representing the partners of the dialogue and environment .,269,40,2,3,2,1,NER:Generic|NER:Material|NER:OtherScientificTerm|REL:FEATURE-OF|REL:USED-FOR,c34fc80b5b8cb9603a9a3756fc90d42e977629d9db7f77d0901a5faa900708cd,1,short,
SciERC,train,IJCAI_2001_12_abs,abstract,scierc_entity_relation,processed_data/json/train.json,"Visitors who browse the web from wireless PDAs , cell phones , and pagers are frequently stymied by web interfaces optimized for desktop PCs . Simply replacing graphics with text and reformatting tables does not solve the problem , because deep link structures can still require minutes to traverse . In this paper we develop an algorithm , MINPATH , that automatically improves wireless web navigation by suggesting useful shortcut links in real time . MINPATH finds shortcuts by using a learned model of web visitor behavior to estimate the savings of shortcut links , and suggests only the few best links . We explore a variety of predictive models , including Na ¨ ıve Bayes mixture models and mixtures of Markov models , and report empirical evidence that MINPATH finds useful shortcuts that save substantial navigational effort .",835,139,5,14,9,1,NER:Generic|NER:Method|NER:OtherScientificTerm|NER:Task|REL:CONJUNCTION|REL:HYPONYM-OF|REL:USED-FOR,9de5ff198b49c83f63bda0af2e1a5fcd61e344a32f0a5441b82746a187cf9487,1,medium,
SciERC,train,H90-1011,abstract,scierc_entity_relation,processed_data/json/train.json,"This paper describes a particular approach to parsing that utilizes recent advances in unification-based parsing and in classification-based knowledge representation . As unification-based grammatical frameworks are extended to handle richer descriptions of linguistic information , they begin to share many of the properties that have been developed in KL-ONE-like knowledge representation systems . This commonality suggests that some of the classification-based representation techniques can be applied to unification-based linguistic descriptions . This merging supports the integration of semantic and syntactic information into the same system , simultaneously subject to the same types of processes , in an efficient manner . The result is expected to be more efficient parsing due to the increased organization of knowledge . The use of a KL-ONE style representation for parsing and semantic interpretation was first explored in the PSI-KLONE system -LSB- 2 -RSB- , in which parsing is characterized as an inference process called incremental description refinement .",1075,154,6,20,14,1,NER:Generic|NER:Method|NER:OtherScientificTerm|NER:Task|REL:CONJUNCTION|REL:HYPONYM-OF|REL:USED-FOR,9f5ecb810de9ae05260877b2b50e1eb40ad3babb5a12bee5439591e10067eb63,1,long,
SciERC,train,W99-0408,abstract,scierc_entity_relation,processed_data/json/train.json,"In this paper we discuss a proposed user knowledge modeling architecture for the ICICLE system , a language tutoring application for deaf learners of written English . The model will represent the language proficiency of the user and is designed to be referenced during both writing analysis and feedback production . We motivate our model design by citing relevant research on second language and cognitive skill acquisition , and briefly discuss preliminary empirical evidence supporting the design . We conclude by showing how our design can provide a rich and robust information base to a language assessment / correction application by modeling user proficiency at a high level of granularity and specificity .",715,113,4,16,13,1,NER:Generic|NER:Material|NER:Method|NER:Metric|NER:OtherScientificTerm|NER:Task|REL:CONJUNCTION|REL:EVALUATE-FOR|REL:HYPONYM-OF|REL:USED-FOR,d9e9c42e50d03c375355c2f28afd7fb3140449a2cc2a76de2a26646ff05e946a,1,medium,
SciERC,train,IJCAI_2013_5_abs,abstract,scierc_entity_relation,processed_data/json/train.json,"Constraint propagation is one of the key techniques in constraint programming , and a large body of work has built up around it . Special-purpose constraint propagation algorithms frequently make implicit use of short supports -- by examining a subset of the variables , they can infer support -LRB- a justification that a variable-value pair still forms part of a solution to the constraint -RRB- for all other variables and values and save substantial work . Recently short supports have been used in general purpose prop-agators , and -LRB- when the constraint is amenable to short supports -RRB- speed ups of more than three orders of magnitude have been demonstrated . In this paper we present SHORTSTR2 , a development of the Simple Tabular Reduction algorithm STR2 + . We show that SHORTSTR2 is complementary to the existing algorithms SHORTGAC and HAGGISGAC that exploit short supports , while being much simpler . When a constraint is amenable to short supports , the short support set can be exponentially smaller than the full-length support set . Therefore SHORTSTR2 can efficiently propagate many constraints that STR2 + can not even load into memory . We also show that SHORTSTR2 can be combined with a simple algorithm to identify short supports from full-length supports , to provide a superior drop-in replacement for STR2 + .",1343,222,8,23,15,1,NER:Generic|NER:Method|NER:OtherScientificTerm|REL:COMPARE|REL:CONJUNCTION|REL:PART-OF|REL:USED-FOR,f2be1365dd1a03ebb2662125aaa97227d6703d22598dd0f651ed8135edf428f6,1,long,
SciERC,train,C04-1102,abstract,scierc_entity_relation,processed_data/json/train.json,We propose a detection method for orthographic variants caused by transliteration in a large corpus . The method employs two similarities . One is string similarity based on edit distance . The other is contextual similarity by a vector space model . Experimental results show that the method performed a 0.889 F-measure in an open test .,338,57,5,11,5,1,NER:Generic|NER:Method|NER:Metric|NER:OtherScientificTerm|NER:Task|REL:EVALUATE-FOR|REL:USED-FOR,675d31f227d5605b9188a5e69f6fa025dad993f54f76e1654afbc4a3780c2c19,1,short,
SciERC,train,CVPR_2004_21_abs,abstract,scierc_entity_relation,processed_data/json/train.json,"Uncertainty handling plays an important role during shape tracking . We have recently shown that the fusion of measurement information with system dynamics and shape priors greatly improves the tracking performance for very noisy images such as ultrasound sequences -LSB- 22 -RSB- . Nevertheless , this approach required user initialization of the tracking process . This paper solves the automatic initial-ization problem by performing boosted shape detection as a generic measurement process and integrating it in our tracking framework . We show how to propagate the local detection uncertainties of multiple shape candidates during shape alignment , fusion with the predicted shape prior , and fusion with subspace constraints . As a result , we treat all sources of information in a unified way and derive the posterior shape model as the shape with the maximum likelihood . Our framework is applied for the automatic tracking of endocardium in ultrasound sequences of the human heart . Reliable detection and robust tracking results are achieved when compared to existing approaches and inter-expert variations .",1118,173,8,29,14,1,NER:Generic|NER:Material|NER:Method|NER:OtherScientificTerm|NER:Task|REL:CONJUNCTION|REL:HYPONYM-OF|REL:PART-OF|REL:USED-FOR,88a5f9d670f2169da6acd28bdd4e1fb82edbee1627c5c49af21edb214463b65a,1,long,
SciERC,train,N03-2017,abstract,scierc_entity_relation,processed_data/json/train.json,"We present a syntax-based constraint for word alignment , known as the cohesion constraint . It requires disjoint English phrases to be mapped to non-overlapping intervals in the French sentence . We evaluate the utility of this constraint in two different algorithms . The results show that it can provide a significant improvement in alignment quality .",355,57,4,10,5,1,NER:Generic|NER:Material|NER:Metric|NER:OtherScientificTerm|NER:Task|REL:EVALUATE-FOR|REL:HYPONYM-OF|REL:USED-FOR,4ff6e545f5e04c5a79a7ee3be1229a75cd76ef406e48d6e6e0f04d9fdb50909d,1,short,
SciERC,train,P05-1018,abstract,scierc_entity_relation,processed_data/json/train.json,This paper considers the problem of automatic assessment of local coherence . We present a novel entity-based representation of discourse which is inspired by Centering Theory and can be computed automatically from raw text . We view coherence assessment as a ranking learning problem and show that the proposed discourse representation supports the effective learning of a ranking function . Our experiments demonstrate that the induced model achieves significantly higher accuracy than a state-of-the-art coherence model .,524,77,4,11,7,1,NER:Material|NER:Method|NER:Metric|NER:OtherScientificTerm|NER:Task|REL:COMPARE|REL:EVALUATE-FOR|REL:USED-FOR,92a1377b60ab69d7f1539f9e542ecb9894613f419433ca3aa20b7468048f367a,1,short,
SciERC,train,C92-3165,abstract,scierc_entity_relation,processed_data/json/train.json,"This paper introduces a robust interactive method for speech understanding . The generalized LR parsing is enhanced in this approach . Parsing proceeds from left to right correcting minor errors . When a very noisy portion is detected , the parser skips that portion using a fake non-terminal symbol . The unidentified portion is resolved by re-utterance of that portion which is parsed very efficiently by using the parse record of the first utterance . The user does not have to speak the whole sentence again . This method is also capable of handling unknown words , which is important in practical systems . Detected unknown words can be incrementally incorporated into the dictionary after the interaction with the user . A pilot system has shown great effectiveness of this approach .",790,132,9,10,4,1,NER:Generic|NER:Method|NER:OtherScientificTerm|NER:Task|REL:USED-FOR,9231752420bd0f9c83be7f291e37541da144dee031de96e342a14aed6170fb7f,1,medium,
SciERC,train,C08-1118,abstract,scierc_entity_relation,processed_data/json/train.json,This paper shows that it is very often possible to identify the source language of medium-length speeches in the EUROPARL corpus on the basis of frequency counts of word n-grams -LRB- 87.2 % -96.7 % accuracy depending on classification method -RRB- . The paper also examines in detail which positive markers are most powerful and identifies a number of linguistic aspects as well as culture - and domain-related ones .,418,70,2,7,2,1,NER:Material|NER:Method|NER:Metric|NER:OtherScientificTerm|REL:EVALUATE-FOR|REL:PART-OF,9f1b52c4ebeb8987b84c8e93105da198bdd19c8b3475e01c90ea681100972252,1,short,
SciERC,train,INTERSPEECH_2006_28_abs,abstract,scierc_entity_relation,processed_data/json/train.json,"We investigated whether automatic phonetic transcriptions -LRB- APTs -RRB- can replace manually verified phonetic transcriptions -LRB- MPTs -RRB- in a large corpus-based study on pronunciation variation . To this end , we compared the performance of both transcription types in a classification experiment aimed at establishing the direct influence of a particular situational setting on pronunciation variation . We trained classifiers on the speech processes extracted from the alignments of an APT and an MPT with a canonical transcription . We tested whether the classifiers were equally good at verifying whether unknown transcriptions represent read speech or telephone dialogues , and whether the same speech processes were identified to distinguish between transcriptions of the two situational settings . Our results not only show that similar distinguishing speech processes were identified ; our APT-based classifier yielded better classification accuracy than the MPT-based classifier whilst using fewer classification features .",1041,148,5,20,18,1,NER:Material|NER:Method|NER:Metric|NER:OtherScientificTerm|NER:Task|REL:COMPARE|REL:CONJUNCTION|REL:EVALUATE-FOR|REL:USED-FOR,6822ffacd69a86b8bd72e627d9dae39d22ac5618f6a17376d4925b83f04b3663,1,long,
SciERC,train,AAAI_2015_10_abs,abstract,scierc_entity_relation,processed_data/json/train.json,"Machine reading is a relatively new field that features computer programs designed to read flowing text and extract fact assertions expressed by the narrative content . This task involves two core technologies : natural language processing -LRB- NLP -RRB- and information extraction -LRB- IE -RRB- . In this paper we describe a machine reading system that we have developed within a cognitive architecture . We show how we have integrated into the framework several levels of knowledge for a particular domain , ideas from cognitive semantics and construction grammar , plus tools from prior NLP and IE research . The result is a system that is capable of reading and interpreting complex and fairly idiosyncratic texts in the family history domain . We describe the architecture and performance of the system . After presenting the results from several evaluations that we have carried out , we summarize possible future directions .",934,151,7,19,10,1,NER:Generic|NER:Material|NER:Method|NER:OtherScientificTerm|NER:Task|REL:CONJUNCTION|REL:FEATURE-OF|REL:PART-OF|REL:USED-FOR,ecb5a6c571fdcd7864641c3262492bf5b1aff71a89a38d7ddaedb1d5f14f64a0,1,long,
SciERC,train,ICASSP_1997_707_abs,abstract,scierc_entity_relation,processed_data/json/train.json,"Nonstationary chaotic behavior is not an oxymoron . We present two methods for capturing nonstationary chaos , then present a few examples including biological signals , ocean waves and traffic flow . The issue is of practical interest because it is often useful to capture when nonstationary events take place and it is desirable to know over what periods a signal is stationary .",381,64,3,9,6,1,NER:Generic|NER:Material|NER:OtherScientificTerm|REL:CONJUNCTION|REL:HYPONYM-OF|REL:USED-FOR,39c97548434a437e95ac114dab1d762088082d8b8697a6ab7209a9c86c5d9239,1,short,
SciERC,train,P01-1009,abstract,scierc_entity_relation,processed_data/json/train.json,"This paper presents a formal analysis for a large class of words called alternative markers , which includes other -LRB- than -RRB- , such -LRB- as -RRB- , and besides . These words appear frequently enough in dialog to warrant serious attention , yet present natural language search engines perform poorly on queries containing them . I show that the performance of a search engine can be improved dramatically by incorporating an approximation of the formal analysis that is compatible with the search engine 's operational semantics . The value of this approach is that as the operational semantics of natural language applications improve , even larger improvements are possible .",684,111,4,14,5,1,NER:Generic|NER:Method|NER:OtherScientificTerm|NER:Task|REL:PART-OF|REL:USED-FOR,48ff90018efc0a34d9d2a4b817fb253d6e8109040258065b3ea1e93b67a62f07,1,medium,
SciERC,train,H01-1058,abstract,scierc_entity_relation,processed_data/json/train.json,"In this paper , we address the problem of combining several language models -LRB- LMs -RRB- . We find that simple interpolation methods , like log-linear and linear interpolation , improve the performance but fall short of the performance of an oracle . The oracle knows the reference word string and selects the word string with the best performance -LRB- typically , word or semantic error rate -RRB- from a list of word strings , where each word string has been obtained by using a different LM . Actually , the oracle acts like a dynamic combiner with hard decisions using the reference . We provide experimental results that clearly show the need for a dynamic language model combination to improve the performance further . We suggest a method that mimics the behavior of the oracle using a neural network or a decision tree . The method amounts to tagging LMs with confidence measures and picking the best hypothesis corresponding to the LM with the best confidence .",974,168,7,15,7,1,NER:Generic|NER:Method|NER:Metric|NER:OtherScientificTerm|REL:CONJUNCTION|REL:FEATURE-OF|REL:HYPONYM-OF|REL:USED-FOR,7e6fd0ad258a416576d0701193b51cbbe4cfcfb7c01ded15322d1a6305d731b2,1,long,
SciERC,train,H05-1064,abstract,scierc_entity_relation,processed_data/json/train.json,"We describe a new method for the representation of NLP structures within reranking approaches . We make use of a conditional log-linear model , with hidden variables representing the assignment of lexical items to word clusters or word senses . The model learns to automatically make these assignments based on a discriminative training criterion . Training and decoding with the model requires summing over an exponential number of hidden-variable assignments : the required summations can be computed efficiently and exactly using dynamic programming . As a case study , we apply the model to parse reranking . The model gives an F-measure improvement of ~ 1.25 % beyond the base parser , and an ~ 0.25 % improvement beyond Collins -LRB- 2000 -RRB- reranker . Although our experiments are focused on parsing , the techniques described generalize naturally to NLP structures other than parse trees .",900,146,7,23,14,1,NER:Generic|NER:Method|NER:Metric|NER:OtherScientificTerm|NER:Task|REL:COMPARE|REL:CONJUNCTION|REL:EVALUATE-FOR|REL:FEATURE-OF|REL:USED-FOR,ce03778d3b1eb42d45bc38644932570c320326342d6d15192a753dfcc8c3ee66,1,medium,
SciERC,train,NIPS_2003_18_abs,abstract,scierc_entity_relation,processed_data/json/train.json,"This paper presents an algorithm for learning the time-varying shape of a non-rigid 3D object from uncalibrated 2D tracking data . We model shape motion as a rigid component -LRB- rotation and translation -RRB- combined with a non-rigid deformation . Reconstruction is ill-posed if arbitrary deformations are allowed . We constrain the problem by assuming that the object shape at each time instant is drawn from a Gaussian distribution . Based on this assumption , the algorithm simultaneously estimates 3D shape and motion for each time frame , learns the parameters of the Gaussian , and robustly fills-in missing data points . We then extend the algorithm to model temporal smoothness in object shape , thus allowing it to handle severe cases of missing data .",764,126,6,19,5,1,NER:Generic|NER:Material|NER:Method|NER:OtherScientificTerm|NER:Task|REL:USED-FOR,f7e5b47d8c45f42ccba5b6875ddefae5158bf2b86569e19b749d1bb169e236d7,1,medium,
SciERC,train,X98-1022,abstract,scierc_entity_relation,processed_data/json/train.json,"Automatic summarization and information extraction are two important Internet services . MUC and SUMMAC play their appropriate roles in the next generation Internet . This paper focuses on the automatic summarization and proposes two different models to extract sentences for summary generation under two tasks initiated by SUMMAC-1 . For categorization task , positive feature vectors and negative feature vectors are used cooperatively to construct generic , indicative summaries . For adhoc task , a text model based on relationship between nouns and verbs is used to filter out irrelevant discourse segment , to rank relevant sentences , and to generate the user-directed summaries . The result shows that the NormF of the best summary and that of the fixed summary for adhoc tasks are 0.456 and 0 . 447 . The NormF of the best summary and that of the fixed summary for categorization task are 0.4090 and 0.4023 . Our system outperforms the average system in categorization task but does a common job in adhoc task .",1020,169,9,25,20,1,NER:Generic|NER:Material|NER:Method|NER:Metric|NER:OtherScientificTerm|NER:Task|REL:COMPARE|REL:CONJUNCTION|REL:EVALUATE-FOR|REL:PART-OF|REL:USED-FOR,e5807036c8808e92ec10f5abcebdfaeec385e018c959ff1c28665d92cc407591,1,long,
SciERC,train,NIPS_2014_21_abs,abstract,scierc_entity_relation,processed_data/json/train.json,"In real-world action recognition problems , low-level features can not adequately characterize the rich spatial-temporal structures in action videos . In this work , we encode actions based on attributes that describes actions as high-level concepts e.g. , jump forward or motion in the air . We base our analysis on two types of action attributes . One type of action attributes is generated by humans . The second type is data-driven attributes , which are learned from data using dictionary learning methods . Attribute-based representation may exhibit high variance due to noisy and redundant attributes . We propose a discriminative and compact attribute-based representation by selecting a subset of discriminative attributes from a large attribute set . Three attribute selection criteria are proposed and formulated as a submodular optimization problem . A greedy optimization algorithm is presented and guaranteed to be at least -LRB- 1-1 / e -RRB- - approximation to the optimum . Experimental results on the Olympic Sports and UCF101 datasets demonstrate that the proposed attribute-based representation can significantly boost the performance of action recognition algorithms and outperform most recently proposed recognition approaches .",1250,187,10,20,7,1,NER:Material|NER:Method|NER:Metric|NER:OtherScientificTerm|NER:Task|REL:COMPARE|REL:EVALUATE-FOR|REL:FEATURE-OF|REL:USED-FOR,947b25787835f25c4bcae6be7ff516d1f1828ef1885181d5c631b4a4c9b9ec56,1,long,
SciERC,train,E85-1004,abstract,scierc_entity_relation,processed_data/json/train.json,This paper reports a completed stage of ongoing research at the University of York . Landsbergen 's advocacy of analytical inverses for compositional syntax rules encourages the application of Definite Clause Grammar techniques to the construction of a parser returning Montague analysis trees . A parser MDCC is presented which implements an augmented Friedman - Warren algorithm permitting post referencing * and interfaces with a language of intenslonal logic translator LILT so as to display the derivational history of corresponding reduced IL formulae . Some familiarity with Montague 's PTQ and the basic DCG mechanism is assumed .,638,98,4,12,8,1,NER:Method|NER:OtherScientificTerm|NER:Task|REL:CONJUNCTION|REL:FEATURE-OF|REL:USED-FOR,97a45d53a439abe66bcf2f4c6bb5562cede3cba3d31a34f3e1df5862644b4dfd,1,short,
SciERC,train,NIPS_2015_21_abs,abstract,scierc_entity_relation,processed_data/json/train.json,"Despite their success , convolutional neural networks are computationally expensive because they must examine all image locations . Stochastic attention-based models have been shown to improve computational efficiency at test time , but they remain difficult to train because of intractable posterior inference and high variance in the stochastic gradient estimates . Borrowing techniques from the literature on training deep generative models , we present the Wake-Sleep Recurrent Attention Model , a method for training stochastic attention networks which improves posterior inference and which reduces the variability in the stochastic gradients . We show that our method can greatly speed up the training time for stochastic attention networks in the domains of image classification and caption generation .",811,118,4,19,10,1,NER:Generic|NER:Method|NER:Metric|NER:OtherScientificTerm|NER:Task|REL:CONJUNCTION|REL:EVALUATE-FOR|REL:FEATURE-OF|REL:USED-FOR,f797f9fed6a7788aebe3cb85d166e497e696684ea82f7c22665f6c351813020a,1,medium,
SciERC,train,CVPR_2006_18_abs,abstract,scierc_entity_relation,processed_data/json/train.json,"A new exemplar-based framework unifying image completion , texture synthesis and image inpainting is presented in this work . Contrary to existing greedy techniques , these tasks are posed in the form of a discrete global optimization problem with a well defined objective function . For solving this problem a novel optimization scheme , called Priority-BP , is proposed which carries two very important extensions over standard belief propagation -LRB- BP -RRB- : '' priority-based message scheduling '' and '' dynamic label pruning '' . These two extensions work in cooperation to deal with the intolerable computational cost of BP caused by the huge number of existing labels . Moreover , both extensions are generic and can therefore be applied to any MRF energy function as well . The effectiveness of our method is demonstrated on a wide variety of image completion examples .",883,144,6,22,18,1,NER:Generic|NER:Material|NER:Method|NER:OtherScientificTerm|NER:Task|REL:COMPARE|REL:CONJUNCTION|REL:FEATURE-OF|REL:HYPONYM-OF|REL:PART-OF|REL:USED-FOR,14fe85c2aa10c04e1d50d6bcf085cbad1288277b48b1e4979b1edef6e5a5915b,1,medium,
SciERC,train,P01-1004,abstract,scierc_entity_relation,processed_data/json/train.json,"In this paper , we compare the relative effects of segment order , segmentation and segment contiguity on the retrieval performance of a translation memory system . We take a selection of both bag-of-words and segment order-sensitive string comparison methods , and run each over both character - and word-segmented data , in combination with a range of local segment contiguity models -LRB- in the form of N-grams -RRB- . Over two distinct datasets , we find that indexing according to simple character bigrams produces a retrieval accuracy superior to any of the tested word N-gram models . Further , in their optimum configuration , bag-of-words methods are shown to be equivalent to segment order-sensitive methods in terms of retrieval accuracy , but much faster . We also provide evidence that our findings are scalable .",827,136,5,16,16,1,NER:Material|NER:Method|NER:Metric|NER:OtherScientificTerm|NER:Task|REL:COMPARE|REL:CONJUNCTION|REL:EVALUATE-FOR|REL:FEATURE-OF|REL:USED-FOR,2856b4477ef9bbfaf83f730287caa30845a581a8f70c09e899fdd01d4ec19383,1,medium,
SciERC,train,H01-1040,abstract,scierc_entity_relation,processed_data/json/train.json,"In this paper we show how two standard outputs from information extraction -LRB- IE -RRB- systems - named entity annotations and scenario templates - can be used to enhance access to text collections via a standard text browser . We describe how this information is used in a prototype system designed to support information workers ' access to a pharmaceutical news archive as part of their industry watch function . We also report results of a preliminary , qualitative user evaluation of the system , which while broadly positive indicates further work needs to be done on the interface to make users aware of the increased potential of IE-enhanced text browsers .",667,112,3,11,7,1,NER:Generic|NER:Material|NER:Method|NER:Metric|NER:OtherScientificTerm|REL:CONJUNCTION|REL:EVALUATE-FOR|REL:HYPONYM-OF|REL:USED-FOR,a44e04a7e3737904de2d1f8bfcef53adedf7cc4c36a1ca0a9a8daeb32ab484f9,1,medium,
SciERC,train,ICCV_2001_50_abs,abstract,scierc_entity_relation,processed_data/json/train.json,"We present a new model-based bundle adjustment algorithm to recover the 3D model of a scene/object from a sequence of images with unknown motions . Instead of representing scene/object by a collection of isolated 3D features -LRB- usually points -RRB- , our algorithm uses a surface controlled by a small set of parameters . Compared with previous model-based approaches , our approach has the following advantages . First , instead of using the model space as a regular-izer , we directly use it as our search space , thus resulting in a more elegant formulation with fewer unknowns and fewer equations . Second , our algorithm automatically associates tracked points with their correct locations on the surfaces , thereby eliminating the need for a prior 2D-to-3D association . Third , regarding face modeling , we use a very small set of face metrics -LRB- meaningful deformations -RRB- to parame-terize the face geometry , resulting in a smaller search space and a better posed system . Experiments with both synthetic and real data show that this new algorithm is faster , more accurate and more stable than existing ones .",1128,189,7,24,15,1,NER:Generic|NER:Material|NER:Method|NER:Metric|NER:OtherScientificTerm|NER:Task|REL:COMPARE|REL:EVALUATE-FOR|REL:PART-OF|REL:USED-FOR,ab1b48089dee35ee31fedc37bbb7e81152f51d993ca75211f1d9b58573a5fd25,1,long,
SciERC,train,W03-2907,abstract,scierc_entity_relation,processed_data/json/train.json,"This paper presents an approach to the unsupervised learning of parts of speech which uses both morphological and syntactic information . While the model is more complex than those which have been employed for unsupervised learning of POS tags in English , which use only syntactic information , the variety of languages in the world requires that we consider morphology as well . In many languages , morphology provides better clues to a word 's category than word order . We present the computational model for POS learning , and present results for applying it to Bulgarian , a Slavic language with relatively free word order and rich morphology .",650,110,4,17,12,1,NER:Generic|NER:Material|NER:OtherScientificTerm|NER:Task|REL:COMPARE|REL:CONJUNCTION|REL:FEATURE-OF|REL:HYPONYM-OF|REL:USED-FOR,00ca2c887a167ed59038f84bf4e7ae3354c9978e253c763851fdcbea51208455,1,short,
SciERC,train,C08-1128,abstract,scierc_entity_relation,processed_data/json/train.json,"Words in Chinese text are not naturally separated by delimiters , which poses a challenge to standard machine translation -LRB- MT -RRB- systems . In MT , the widely used approach is to apply a Chinese word segmenter trained from manually annotated data , using a fixed lexicon . Such word segmentation is not necessarily optimal for translation . We propose a Bayesian semi-supervised Chinese word segmentation model which uses both monolingual and bilingual information to derive a segmentation suitable for MT . Experiments show that our method improves a state-of-the-art MT system in a small and a large data environment .",627,102,5,13,7,1,NER:Generic|NER:Material|NER:Method|NER:OtherScientificTerm|NER:Task|REL:COMPARE|REL:USED-FOR,a15ba47c50f0b37ed5392b4d7f9137d6e5d879722f5bdb5c50d3265e583a840e,1,short,
SciERC,train,E95-1021,abstract,scierc_entity_relation,processed_data/json/train.json,"In this paper we compare two competing approaches to part-of-speech tagging , statistical and constraint-based disambiguation , using French as our test language . We imposed a time limit on our experiment : the amount of time spent on the design of our constraint system was about the same as the time we used to train and test the easy-to-implement statistical model . We describe the two systems and compare the results . The accuracy of the statistical method is reasonably good , comparable to taggers for English . But the constraint-based tagger seems to be superior even with the limited time we allowed ourselves for rule development .",644,109,5,12,7,1,NER:Generic|NER:Material|NER:Method|NER:Metric|NER:Task|REL:COMPARE|REL:EVALUATE-FOR|REL:USED-FOR,a4f902119a813851bc7681fe17b862dd82e230888e83196e98b980221a98d26a,1,short,
SciERC,train,CVPR_2008_100_abs,abstract,scierc_entity_relation,processed_data/json/train.json,"Structured-light methods actively generate geometric correspondence data between projectors and cameras in order to facilitate robust 3D reconstruction . In this paper , we present Photogeometric Structured Light whereby a standard structured light method is extended to include photometric methods . Photometric processing serves the double purpose of increasing the amount of recovered surface detail and of enabling the structured-light setup to be robustly self-calibrated . Further , our framework uses a photogeometric optimization that supports the simultaneous use of multiple cameras and projectors and yields a single and accurate multi-view 3D model which best complies with photometric and geometric data .",718,102,4,13,8,1,NER:Generic|NER:Material|NER:Method|NER:OtherScientificTerm|NER:Task|REL:PART-OF|REL:USED-FOR,7e5af5acb04ed5639e70c259a5e06f36f8aa27da348ce7d0b3553e4eda9f0ee8,1,medium,
SciERC,train,C92-1055,abstract,scierc_entity_relation,processed_data/json/train.json,"In this paper , a discrimination and robustness oriented adaptive learning procedure is proposed to deal with the task of syntactic ambiguity resolution . Owing to the problem of insufficient training data and approximation error introduced by the language model , traditional statistical approaches , which resolve ambiguities by indirectly and implicitly using maximum likelihood method , fail to achieve high performance in real applications . The proposed method remedies these problems by adjusting the parameters to maximize the accuracy rate directly . To make the proposed algorithm robust , the possible variations between the training corpus and the real tasks are also taken into consideration by enlarging the separation margin between the correct candidate and its competing members . Significant improvement has been observed in the test . The accuracy rate of syntactic disambiguation is raised from 46.0 % to 60.62 % by using this novel approach .",963,149,6,15,6,1,NER:Generic|NER:Method|NER:Metric|NER:OtherScientificTerm|NER:Task|REL:CONJUNCTION|REL:EVALUATE-FOR|REL:USED-FOR,9691a440e35f651307c84b9e25a870e0f6c4ddc044583d704fce4905a9934306,1,long,
SciERC,train,A00-2023,abstract,scierc_entity_relation,processed_data/json/train.json,"This paper presents a new approach to statistical sentence generation in which alternative phrases are represented as packed sets of trees , or forests , and then ranked statistically to choose the best one . This representation offers advantages in compactness and in the ability to represent syntactic information . It also facilitates more efficient statistical ranking than a previous approach to statistical generation . An efficient ranking algorithm is described , together with experimental results showing significant improvements over simple enumeration or a lattice-based approach .",593,87,4,13,7,1,NER:Generic|NER:Method|NER:OtherScientificTerm|NER:Task|REL:COMPARE|REL:CONJUNCTION|REL:USED-FOR,f614b5e5a0be0cfe095cf077f45ee7ecb3cfae912909db15fc46b4e70e4ad950,1,short,
SciERC,train,E83-1021,abstract,scierc_entity_relation,processed_data/json/train.json,"This article deals with the interpretation of conceptual operations underlying the communicative use of natural language -LRB- NL -RRB- within the Structured Inheritance Network -LRB- SI-Nets -RRB- paradigm . The operations are reduced to functions of a formal language , thus changing the level of abstraction of the operations to be performed on SI-Nets . In this sense , operations on SI-Nets are not merely isomorphic to single epistemological objects , but can be viewed as a simulation of processes on a different level , that pertaining to the conceptual system of NL . For this purpose , we have designed a version of KL-ONE which represents the epistemological level , while the new experimental language , KL-Conc , represents the conceptual level . KL-Conc would seem to be a more natural and intuitive way of interacting with SI-Nets .",847,140,5,19,7,1,NER:Generic|NER:Material|NER:Method|NER:OtherScientificTerm|NER:Task|REL:COMPARE|REL:FEATURE-OF|REL:USED-FOR,f496bd20c69d05a3bf7b903f46f5e7564f8ba8f9b17d42bd0fa65aa55f6e0fd0,1,medium,
SciERC,train,CVPR_2011_300_abs,abstract,scierc_entity_relation,processed_data/json/train.json,We present an algorithm for calibrated camera relative pose estimation from lines . Given three lines with two of the lines parallel and orthogonal to the third we can compute the relative rotation between two images . We can also compute the relative translation from two intersection points . We also present a framework in which such lines can be detected . We evaluate the performance of the algorithm using synthetic and real data . The intended use of the algorithm is with robust hypothesize-and-test frameworks such as RANSAC . Our approach is suitable for urban and indoor environments where most lines are either parallel or orthogonal to each other .,661,111,7,12,5,1,NER:Generic|NER:Material|NER:Method|NER:OtherScientificTerm|NER:Task|REL:CONJUNCTION|REL:HYPONYM-OF|REL:USED-FOR,ad3a9b3ac85735e2e4795afe1633097aec2a51c92c9fae4286dffe409b4105d3,1,short,
SciERC,train,W05-1308,abstract,scierc_entity_relation,processed_data/json/train.json,"In this paper , we present a fully automated extraction system , named IntEx , to identify gene and protein interactions in biomedical text . Our approach is based on first splitting complex sentences into simple clausal structures made up of syntactic roles . Then , tagging biological entities with the help of biomedical and linguistic ontologies . Finally , extracting complete interactions by analyzing the matching contents of syntactic roles and their linguistically significant combinations . Our extraction system handles complex sentences and extracts multiple and nested interactions specified in a sentence . Experimental evaluations with two other state of the art extraction systems indicate that the IntEx system achieves better performance without the labor intensive pattern engineering requirement .",817,121,6,14,6,1,NER:Generic|NER:Material|NER:Method|NER:OtherScientificTerm|NER:Task|REL:COMPARE|REL:HYPONYM-OF|REL:USED-FOR,af3dd5b788871ecad4655a0f568d88f9b36149bc205cb0bc72fe7e560aaf71ea,1,medium,
SciERC,train,P06-4011,abstract,scierc_entity_relation,processed_data/json/train.json,"This paper introduces a method for computational analysis of move structures in abstracts of research articles . In our approach , sentences in a given abstract are analyzed and labeled with a specific move in light of various rhetorical functions . The method involves automatically gathering a large number of abstracts from the Web and building a language model of abstract moves . We also present a prototype concordancer , CARE , which exploits the move-tagged abstracts for digital learning . This system provides a promising approach to Web-based computer-assisted academic writing .",590,93,5,17,9,1,NER:Generic|NER:Material|NER:Method|NER:OtherScientificTerm|NER:Task|REL:HYPONYM-OF|REL:USED-FOR,432b5e5f732465d4b1c808a65d3a46cdee08834d71eb582fecf42cc42637bca5,1,short,
SciERC,train,CVPR_2005_11_abs,abstract,scierc_entity_relation,processed_data/json/train.json,"This work presents a real-time system for multiple object tracking in dynamic scenes . A unique characteristic of the system is its ability to cope with long-duration and complete occlusion without a prior knowledge about the shape or motion of objects . The system produces good segment and tracking results at a frame rate of 15-20 fps for image size of 320x240 , as demonstrated by extensive experiments performed using video sequences under different conditions indoor and outdoor with long-duration and complete occlusions in changing background .",552,87,3,14,6,1,NER:Generic|NER:Material|NER:Method|NER:OtherScientificTerm|NER:Task|REL:CONJUNCTION|REL:EVALUATE-FOR|REL:FEATURE-OF|REL:USED-FOR,79fc63dc5d79fe028dd48efd20ab76af6b5c15cc1d6cec8f9520a85f3bc25faa,1,short,
SciERC,train,P05-3030,abstract,scierc_entity_relation,processed_data/json/train.json,"We propose a method of organizing reading materials for vocabulary learning . It enables us to select a concise set of reading texts -LRB- from a target corpus -RRB- that contains all the target vocabulary to be learned . We used a specialized vocabulary for an English certification test as the target vocabulary and used English Wikipedia , a free-content encyclopedia , as the target corpus . The organized reading materials would enable learners not only to study the target vocabulary efficiently but also to gain a variety of knowledge through reading . The reading materials are available on our web site .",613,103,5,7,3,1,NER:Generic|NER:Material|NER:OtherScientificTerm|NER:Task|REL:HYPONYM-OF|REL:USED-FOR,352255a87b454cf889ba97ad2bdb6f37a1a0ec4b338a77de5a52f25309d81a9a,1,short,
SciERC,train,N03-2025,abstract,scierc_entity_relation,processed_data/json/train.json,"A novel bootstrapping approach to Named Entity -LRB- NE -RRB- tagging using concept-based seeds and successive learners is presented . This approach only requires a few common noun or pronoun seeds that correspond to the concept for the targeted NE , e.g. he/she/man / woman for PERSON NE . The bootstrapping procedure is implemented as training two successive learners . First , decision list is used to learn the parsing-based NE rules . Then , a Hidden Markov Model is trained on a corpus automatically tagged by the first learner . The resulting NE system approaches supervised NE performance for some NE types .",616,104,6,15,8,1,NER:Generic|NER:Method|NER:OtherScientificTerm|NER:Task|REL:CONJUNCTION|REL:HYPONYM-OF|REL:USED-FOR,f352d9ddaf3547f609b70c5b490b8f50a6f182dee8c146f1aad7066d5e2338e9,1,short,
SciERC,train,I05-2021,abstract,scierc_entity_relation,processed_data/json/train.json,"We present the first known empirical test of an increasingly common speculative claim , by evaluating a representative Chinese-to-English SMT model directly on word sense disambiguation performance , using standard WSD evaluation methodology and datasets from the Senseval-3 Chinese lexical sample task . Much effort has been put in designing and evaluating dedicated word sense disambiguation -LRB- WSD -RRB- models , in particular with the Senseval series of workshops . At the same time , the recent improvements in the BLEU scores of statistical machine translation -LRB- SMT -RRB- suggests that SMT models are good at predicting the right translation of the words in source language sentences . Surprisingly however , the WSD accuracy of SMT models has never been evaluated and compared with that of the dedicated WSD models . We present controlled experiments showing the WSD accuracy of current typical SMT models to be significantly lower than that of all the dedicated WSD models considered . This tends to support the view that despite recent speculative claims to the contrary , current SMT models do have limitations in comparison with dedicated WSD models , and that SMT should benefit from the better predictions made by the WSD models .",1251,201,6,22,12,1,NER:Generic|NER:Material|NER:Method|NER:Metric|NER:Task|REL:COMPARE|REL:EVALUATE-FOR|REL:USED-FOR,9d8d1632ab0dc5fe0f74d6f47df4e6d7e077eaa443416ce3b7b25f3351290997,1,long,
SciERC,train,P03-1002,abstract,scierc_entity_relation,processed_data/json/train.json,"In this paper we present a novel , customizable : IE paradigm that takes advantage of predicate-argument structures . We also introduce a new way of automatically identifying predicate argument structures , which is central to our IE paradigm . It is based on : -LRB- 1 -RRB- an extended set of features ; and -LRB- 2 -RRB- inductive decision tree learning . The experimental results prove our claim that accurate predicate-argument structures enable high quality IE results .",476,79,4,9,5,1,NER:Generic|NER:Method|NER:OtherScientificTerm|NER:Task|REL:CONJUNCTION|REL:USED-FOR,fa51c1984f608aeee9a850495f0a238e5cce123652f629d571f42f707c41a02b,1,short,
SciERC,train,A97-1028,abstract,scierc_entity_relation,processed_data/json/train.json,"In this paper we present a statistical profile of the Named Entity task , a specific information extraction task for which corpora in several languages are available . Using the results of the statistical analysis , we propose an algorithm for lower bound estimation for Named Entity corpora and discuss the significance of the cross-lingual comparisons provided by the analysis .",380,61,2,8,5,1,NER:Generic|NER:Material|NER:Method|NER:Task|REL:HYPONYM-OF|REL:USED-FOR,deba6a567e78000ff7a7433084c3be75af3c2b12a727d3e8d1b7f894e18fefbb,1,short,
SciERC,train,INTERSPEECH_2013_28_abs,abstract,scierc_entity_relation,processed_data/json/train.json,"We attack an inexplicably under-explored language genre of spoken language -- lyrics in music -- via completely unsuper-vised induction of an SMT-style stochastic transduction grammar for hip hop lyrics , yielding a fully-automatically learned challenge-response system that produces rhyming lyrics given an input . Unlike previous efforts , we choose the domain of hip hop lyrics , which is particularly unstructured and noisy . A novel feature of our approach is that it is completely unsupervised and requires no a priori linguistic or phonetic knowledge . In spite of the level of difficulty of the challenge , the model nevertheless produces fluent output as judged by human evaluators , and performs significantly better than widely used phrase-based SMT models upon the same task .",788,124,4,14,9,1,NER:Generic|NER:Material|NER:Method|NER:OtherScientificTerm|REL:COMPARE|REL:EVALUATE-FOR|REL:FEATURE-OF|REL:HYPONYM-OF|REL:USED-FOR,6253e177f6b185997fad68b541b737dd4f9c3cc4576f79389ac38409b1d15f5d,1,medium,
SciERC,train,E06-1035,abstract,scierc_entity_relation,processed_data/json/train.json,"In this paper , we investigate the problem of automatically predicting segment boundaries in spoken multiparty dialogue . We extend prior work in two ways . We first apply approaches that have been proposed for predicting top-level topic shifts to the problem of identifying subtopic boundaries . We then explore the impact on performance of using ASR output as opposed to human transcription . Examination of the effect of features shows that predicting top-level and predicting subtopic boundaries are two distinct tasks : -LRB- 1 -RRB- for predicting subtopic boundaries , the lexical cohesion-based approach alone can achieve competitive results , -LRB- 2 -RRB- for predicting top-level boundaries , the machine learning approach that combines lexical-cohesion and conversational features performs best , and -LRB- 3 -RRB- conversational cues , such as cue phrases and overlapping speech , are better indicators for the top-level prediction task . We also find that the transcription errors inevitable in ASR output have a negative impact on models that combine lexical-cohesion and conversational features , but do not change the general preference of approach for the two tasks .",1185,184,6,25,16,1,NER:Generic|NER:Material|NER:Method|NER:OtherScientificTerm|NER:Task|REL:COMPARE|REL:CONJUNCTION|REL:FEATURE-OF|REL:HYPONYM-OF|REL:PART-OF|REL:USED-FOR,e8dc1785c1c529d8436cbaa965eadd4b36b36867514074292eed40c097c56cd0,1,long,
SciERC,train,N03-2015,abstract,scierc_entity_relation,processed_data/json/train.json,"We describe a simple unsupervised technique for learning morphology by identifying hubs in an automaton . For our purposes , a hub is a node in a graph with in-degree greater than one and out-degree greater than one . We create a word-trie , transform it into a minimal DFA , then identify hubs . Those hubs mark the boundary between root and suffix , achieving similar performance to more complex mixtures of techniques .",422,75,4,14,7,1,NER:Generic|NER:Method|NER:OtherScientificTerm|NER:Task|REL:HYPONYM-OF|REL:PART-OF|REL:USED-FOR,02d7c2d61117068de5d5b1cbc107634c655c79d2dc89c7feb5e1c3ae838daf96,1,short,
SciERC,train,IJCAI_2010_4_abs,abstract,scierc_entity_relation,processed_data/json/train.json,"In Bayesian machine learning , conjugate priors are popular , mostly due to mathematical convenience . In this paper , we show that there are deeper reasons for choosing a conjugate prior . Specifically , we formulate the conjugate prior in the form of Bregman divergence and show that it is the inherent geometry of conjugate priors that makes them appropriate and intuitive . This geometric interpretation allows one to view the hyperparameters of conjugate priors as the effective sample points , thus providing additional intuition . We use this geometric understanding of conjugate priors to derive the hyperparameters and expression of the prior used to couple the generative and discriminative components of a hybrid model for semi-supervised learning .",760,120,5,14,6,1,NER:Generic|NER:Method|NER:OtherScientificTerm|NER:Task|REL:FEATURE-OF|REL:PART-OF|REL:USED-FOR,4dcb58266298348d120a49e8cbb5d14507c46f5746207bed2073721912589170,1,medium,
SciERC,train,P05-1010,abstract,scierc_entity_relation,processed_data/json/train.json,"This paper defines a generative probabilistic model of parse trees , which we call PCFG-LA . This model is an extension of PCFG in which non-terminal symbols are augmented with latent variables . Finegrained CFG rules are automatically induced from a parsed corpus by training a PCFG-LA model using an EM-algorithm . Because exact parsing with a PCFG-LA is NP-hard , several approximations are described and empirically compared . In experiments using the Penn WSJ corpus , our automatically trained model gave a performance of 86.6 % -LRB- F1 , sentences < 40 words -RRB- , which is comparable to that of an unlexicalized PCFG parser created using extensive manual feature selection .",685,113,5,17,13,1,NER:Generic|NER:Material|NER:Method|NER:Metric|NER:OtherScientificTerm|NER:Task|REL:COMPARE|REL:EVALUATE-FOR|REL:HYPONYM-OF|REL:PART-OF|REL:USED-FOR,0f787ffd0f1ce53b901c4484e77cacee5032961c338c29b10742e07209666141,1,medium,
SciERC,train,H90-1060,abstract,scierc_entity_relation,processed_data/json/train.json,"This paper reports on two contributions to large vocabulary continuous speech recognition . First , we present a new paradigm for speaker-independent -LRB- SI -RRB- training of hidden Markov models -LRB- HMM -RRB- , which uses a large amount of speech from a few speakers instead of the traditional practice of using a little speech from many speakers . In addition , combination of the training speakers is done by averaging the statistics of independently trained models rather than the usual pooling of all the speech data from many speakers prior to training . With only 12 training speakers for SI recognition , we achieved a 7.5 % word error rate on a standard grammar and test set from the DARPA Resource Management corpus . This performance is comparable to our best condition for this test suite , using 109 training speakers . Second , we show a significant improvement for speaker adaptation -LRB- SA -RRB- using the new SI corpus and a small amount of speech from the new -LRB- target -RRB- speaker . A probabilistic spectral mapping is estimated independently for each training -LRB- reference -RRB- speaker and the target speaker . Each reference model is transformed to the space of the target speaker and combined by averaging . Using only 40 utterances from the target speaker for adaptation , the error rate dropped to 4.1 % -- a 45 % reduction in error compared to the SI result .",1399,242,9,15,6,1,NER:Material|NER:Method|NER:Metric|NER:OtherScientificTerm|NER:Task|REL:COMPARE|REL:EVALUATE-FOR|REL:USED-FOR,3e9fbe4b165b9867deb33643cdf74e11269745958f16a165d695b99ba042e84c,1,long,
SciERC,train,W04-2204,abstract,scierc_entity_relation,processed_data/json/train.json,"In this paper , we show how to construct a transfer dictionary automatically . Dictionary construction , one of the most difficult tasks in developing a machine translation system , is expensive . To avoid this problem , we investigate how we build a dictionary using existing linguistic resources . Our algorithm can be applied to any language pairs , but for the present we focus on building a Korean-to-Japanese dictionary using English as a pivot . We attempt three ways of automatic construction to corroborate the effect of the directionality of dictionaries . First , we introduce `` one-time look up '' method using a Korean-to-English and a Japanese-to-English dictionary . Second , we show a method using `` overlapping constraint '' with a Korean-to-English dictionary and an English-to-Japanese dictionary . Third , we consider another alternative method rarely used for building a dictionary : an English-to-Korean dictionary and English-to-Japanese dictionary . We found that the first method is the most effective and the best result can be obtained from combining the three methods .",1099,176,9,21,13,1,NER:Generic|NER:Material|NER:Method|NER:OtherScientificTerm|NER:Task|REL:CONJUNCTION|REL:EVALUATE-FOR|REL:HYPONYM-OF|REL:PART-OF|REL:USED-FOR,8ae2fe99c912c0050f0f53246583dcaf93b0ed73294b791dbeee826f2452435b,1,long,
SciERC,train,P03-2036,abstract,scierc_entity_relation,processed_data/json/train.json,An empirical comparison of CFG filtering techniques for LTAG and HPSG is presented . We demonstrate that an approximation of HPSG produces a more effective CFG filter than that of LTAG . We also investigate the reason for that difference .,239,41,3,8,6,1,NER:Generic|NER:Method|REL:COMPARE|REL:USED-FOR,22d768515e0aa29660a2b1b58c7cbcc909c6c59e0070ed4ce407cc96360bffb5,1,short,
SciERC,train,P05-1067,abstract,scierc_entity_relation,processed_data/json/train.json,"Syntax-based statistical machine translation -LRB- MT -RRB- aims at applying statistical models to structured data . In this paper , we present a syntax-based statistical machine translation system based on a probabilistic synchronous dependency insertion grammar . Synchronous dependency insertion grammars are a version of synchronous grammars defined on dependency trees . We first introduce our approach to inducing such a grammar from parallel corpora . Second , we describe the graphical model for the machine translation task , which can also be viewed as a stochastic tree-to-tree transducer . We introduce a polynomial time decoding algorithm for the model . We evaluate the outputs of our MT system using the NIST and Bleu automatic MT evaluation software . The result shows that our system outperforms the baseline system based on the IBM models in both translation speed and quality .",896,141,8,22,15,1,NER:Generic|NER:Material|NER:Method|NER:Metric|NER:OtherScientificTerm|NER:Task|REL:COMPARE|REL:EVALUATE-FOR|REL:FEATURE-OF|REL:HYPONYM-OF|REL:USED-FOR,02de02bc5f3190febd4e3948548cbd3b4970c169df620e475ae1d79b9b4189bc,1,medium,
SciERC,train,W06-1605,abstract,scierc_entity_relation,processed_data/json/train.json,"We propose a framework to derive the distance between concepts from distributional measures of word co-occurrences . We use the categories in a published thesaurus as coarse-grained concepts , allowing all possible distance values to be stored in a concept-concept matrix roughly .01 % the size of that created by existing measures . We show that the newly proposed concept-distance measures outperform traditional distributional word-distance measures in the tasks of -LRB- 1 -RRB- ranking word pairs in order of semantic distance , and -LRB- 2 -RRB- correcting real-word spelling errors . In the latter task , of all the WordNet-based measures , only that proposed by Jiang and Conrath outperforms the best distributional concept-distance measures .",751,116,4,13,10,1,NER:Generic|NER:Method|NER:OtherScientificTerm|NER:Task|REL:COMPARE|REL:CONJUNCTION|REL:EVALUATE-FOR|REL:HYPONYM-OF|REL:USED-FOR,e8c0c3cd8261442ed939efd3e4d390dbdd821d9db2dd095f461dc46cb107b9f3,1,medium,
SciERC,train,A97-1021,abstract,scierc_entity_relation,processed_data/json/train.json,"We focus on the problem of building large repositories of lexical conceptual structure -LRB- LCS -RRB- representations for verbs in multiple languages . One of the main results of this work is the definition of a relation between broad semantic classes and LCS meaning components . Our acquisition program - LEXICALL - takes , as input , the result of previous work on verb classification and thematic grid tagging , and outputs LCS representations for different languages . These representations have been ported into English , Arabic and Spanish lexicons , each containing approximately 9000 verbs . We are currently using these lexicons in an operational foreign language tutoring and machine translation .",709,113,5,12,9,1,NER:Generic|NER:Method|NER:OtherScientificTerm|NER:Task|REL:CONJUNCTION|REL:USED-FOR,82fc8de0f8af1e2fde0bacf93869f6ef4302f9654a5344b427c54b3b76dde044,1,medium,
SciERC,train,P01-1007,abstract,scierc_entity_relation,processed_data/json/train.json,"The theoretical study of the range concatenation grammar -LSB- RCG -RSB- formalism has revealed many attractive properties which may be used in NLP . In particular , range concatenation languages -LSB- RCL -RSB- can be parsed in polynomial time and many classical grammatical formalisms can be translated into equivalent RCGs without increasing their worst-case parsing time complexity . For example , after translation into an equivalent RCG , any tree adjoining grammar can be parsed in O -LRB- n6 -RRB- time . In this paper , we study a parsing technique whose purpose is to improve the practical efficiency of RCL parsers . The non-deterministic parsing choices of the main parser for a language L are directed by a guide which uses the shared derivation forest output by a prior RCL parser for a suitable superset of L . The results of a practical evaluation of this method on a wide coverage English grammar are given .",925,157,6,19,8,1,NER:Generic|NER:Method|NER:Metric|NER:OtherScientificTerm|NER:Task|REL:EVALUATE-FOR|REL:FEATURE-OF|REL:USED-FOR,22a6458ac76657c2cb42e6f15a971dc563bb7f4b4aef2df9497645e5d9c04058,1,medium,
SciERC,train,ICML_1995_30_abs,abstract,scierc_entity_relation,processed_data/json/train.json,"In this paper we introduce Ant-Q , a family of algorithms which present many similarities with Q-learning -LRB- Watkins , 1989 -RRB- , and which we apply to the solution of symmetric and asym-metric instances of the traveling salesman problem -LRB- TSP -RRB- . Ant-Q algorithms were inspired by work on the ant system -LRB- AS -RRB- , a distributed algorithm for combinatorial optimization based on the metaphor of ant colonies which was recently proposed in -LRB- Dorigo , 1992 ; Dorigo , Maniezzo and Colorni , 1996 -RRB- . We show that AS is a particular instance of the Ant-Q family , and that there are instances of this family which perform better than AS . We experimentally investigate the functioning of Ant-Q and we show that the results obtained by Ant-Q on symmetric TSP 's are competitive with those obtained by other heuristic approaches based on neural networks or local search . Finally , we apply Ant-Q to some difficult asymmetric TSP 's obtaining very good results : Ant-Q was able to find solutions of a quality which usually can be found only by very specialized algorithms .",1096,190,5,21,13,1,NER:Generic|NER:Method|NER:OtherScientificTerm|NER:Task|REL:COMPARE|REL:CONJUNCTION|REL:HYPONYM-OF|REL:PART-OF|REL:USED-FOR,10f948491b1b9a3ec7c3cbd2992bc2fde47516ee3842f92307f8a643e92c696f,1,long,
SciERC,train,CVPR_2008_259_abs,abstract,scierc_entity_relation,processed_data/json/train.json,"In this paper , we develop a geometric framework for linear or nonlinear discriminant subspace learning and classification . In our framework , the structures of classes are conceptualized as a semi-Riemannian manifold which is considered as a submanifold embedded in an ambient semi-Riemannian space . The class structures of original samples can be characterized and deformed by local metrics of the semi-Riemannian space . Semi-Riemannian metrics are uniquely determined by the smoothing of discrete functions and the nullity of the semi-Riemannian space . Based on the geometrization of class structures , optimizing class structures in the feature space is equivalent to maximizing the quadratic quantities of metric tensors in the semi-Riemannian space . Thus supervised discriminant subspace learning reduces to unsupervised semi-Riemannian mani-fold learning . Based on the proposed framework , a novel algorithm , dubbed as Semi-Riemannian Discriminant Analysis -LRB- SRDA -RRB- , is presented for subspace-based classification . The performance of SRDA is tested on face recognition -LRB- singular case -RRB- and handwritten capital letter classification -LRB- nonsingular case -RRB- against existing algorithms . The experimental results show that SRDA works well on recognition and classification , implying that semi-Riemannian geometry is a promising new tool for pattern recognition and machine learning .",1420,206,9,33,23,1,NER:Generic|NER:Method|NER:Metric|NER:OtherScientificTerm|NER:Task|REL:COMPARE|REL:CONJUNCTION|REL:EVALUATE-FOR|REL:FEATURE-OF|REL:PART-OF|REL:USED-FOR,46406563a3acb78cf9f99608559739c85861e1ce603e49162c3316e954ed9815,1,long,
SciERC,train,C90-1002,abstract,scierc_entity_relation,processed_data/json/train.json,"A deterministic parser is under development which represents a departure from traditional deterministic parsers in that it combines both symbolic and connectionist components . The connectionist component is trained either from patterns derived from the rules of a deterministic grammar . The development and evolution of such a hybrid architecture has lead to a parser which is superior to any known deterministic parser . Experiments are described and powerful training techniques are demonstrated that permit decision-making by the connectionist component in the parsing process . This approach has permitted some simplifications to the rules of other deterministic parsers , including the elimination of rule packets and priorities . Furthermore , parsing is performed more robustly and with more tolerance for error . Data are presented which show how a connectionist -LRB- neural -RRB- network trained with linguistic rules can parse both expected -LRB- grammatical -RRB- sentences as well as some novel -LRB- ungrammatical or lexically ambiguous -RRB- sentences .",1070,159,7,22,13,1,NER:Generic|NER:Material|NER:Method|NER:OtherScientificTerm|NER:Task|REL:COMPARE|REL:CONJUNCTION|REL:PART-OF|REL:USED-FOR,6efc4d9c9c0603e7f5313b471397ca6f0a5970eb6fdc5398de76b945d26ff089,1,long,
SciERC,train,P81-1032,abstract,scierc_entity_relation,processed_data/json/train.json,"Robust natural language interpretation requires strong semantic domain models , fail-soft recovery heuristics , and very flexible control structures . Although single-strategy parsers have met with a measure of success , a multi-strategy approach is shown to provide a much higher degree of flexibility , redundancy , and ability to bring task-specific domain knowledge -LRB- in addition to general linguistic knowledge -RRB- to bear on both grammatical and ungrammatical input . A parsing algorithm is presented that integrates several different parsing strategies , with case-frame instantiation dominating . Each of these parsing strategies exploits different types of knowledge ; and their combination provides a strong framework in which to process conjunctions , fragmentary input , and ungrammatical structures , as well as less exotic , grammatically correct input . Several specific heuristics for handling ungrammatical input are presented within this multi-strategy framework .",988,143,5,20,18,1,NER:Method|NER:OtherScientificTerm|NER:Task|REL:COMPARE|REL:CONJUNCTION|REL:HYPONYM-OF|REL:PART-OF|REL:USED-FOR,2e4c51960badf9f0a713fd72dec630d4b402685ba813f5326c7ca3fb01eb9087,1,long,
SciERC,train,INTERSPEECH_2015_16_abs,abstract,scierc_entity_relation,processed_data/json/train.json,"Recently , Stacked Auto-Encoders -LRB- SAE -RRB- have been successfully used for learning imbalanced datasets . In this paper , for the first time , we propose to use a Neural Network classifier furnished by an SAE structure for detecting the errors made by a strong Automatic Speech Recognition -LRB- ASR -RRB- system . Error detection on an automatic transcription provided by a '' strong '' ASR system , i.e. exhibiting a small word error rate , is difficult due to the limited number of '' positive '' examples -LRB- i.e. words erroneously recognized -RRB- available for training a binary classi-fier . In this paper we investigate and compare different types of classifiers for automatically detecting ASR errors , including the one based on a stacked auto-encoder architecture . We show the effectiveness of the latter by measuring and comparing performance on the automatic transcriptions of an English corpus collected from TED talks . Performance of each investigated classifier is evaluated both via receiving operating curve and via a measure , called mean absolute error , related to the quality in predicting the corresponding word error rate . The results demonstrates that the classifier based on SAE detects the ASR errors better than the other classification methods .",1285,208,7,26,16,1,NER:Generic|NER:Material|NER:Method|NER:Metric|NER:OtherScientificTerm|NER:Task|REL:COMPARE|REL:CONJUNCTION|REL:EVALUATE-FOR|REL:FEATURE-OF|REL:HYPONYM-OF|REL:USED-FOR,dc96e05c97a8eae3f5b5948ef626fe7dcd8eeaa20c268176d945697a79266078,1,long,
SciERC,train,INTERSPEECH_2006_31_abs,abstract,scierc_entity_relation,processed_data/json/train.json,"Within the EU Network of Excellence PASCAL , a challenge was organized to design a statistical machine learning algorithm that segments words into the smallest meaning-bearing units of language , morphemes . Ideally , these are basic vocabulary units suitable for different tasks , such as speech and text understanding , machine translation , information retrieval , and statistical language modeling . Twelve research groups participated in the challenge and had submitted segmentation results obtained by their algorithms . In this paper , we evaluate the application of these segmen-tation algorithms to large vocabulary speech recognition using statistical n-gram language models based on the proposed word segments instead of entire words . Experiments were done for two ag-glutinative and morphologically rich languages : Finnish and Turk-ish . We also investigate combining various segmentations to improve the performance of the recognizer .",950,141,6,15,15,1,NER:Generic|NER:Material|NER:Method|NER:OtherScientificTerm|NER:Task|REL:CONJUNCTION|REL:EVALUATE-FOR|REL:HYPONYM-OF|REL:USED-FOR,3ae3308d44c4eadaf3bd7b21f961521c2f69d655e5131cee8cd1a325e88dc0d3,1,long,
SciERC,train,H92-1003,abstract,scierc_entity_relation,processed_data/json/train.json,"This paper describes a recently collected spoken language corpus for the ATIS -LRB- Air Travel Information System -RRB- domain . This data collection effort has been co-ordinated by MADCOW -LRB- Multi-site ATIS Data COllection Working group -RRB- . We summarize the motivation for this effort , the goals , the implementation of a multi-site data collection paradigm , and the accomplishments of MADCOW in monitoring the collection and distribution of 12,000 utterances of spontaneous speech from five sites for use in a multi-site common evaluation of speech , natural language and spoken language .",600,94,3,7,2,1,NER:Generic|NER:Material|NER:Method|NER:Task|REL:EVALUATE-FOR|REL:USED-FOR,737b3ce2000ed3aacc0575bb3711cf7bd8da8bd7399e680fc6080427e1b2f683,1,short,
SciERC,train,P03-1005,abstract,scierc_entity_relation,processed_data/json/train.json,"This paper proposes the Hierarchical Directed Acyclic Graph -LRB- HDAG -RRB- Kernel for structured natural language data . The HDAG Kernel directly accepts several levels of both chunks and their relations , and then efficiently computes the weighed sum of the number of common attribute sequences of the HDAGs . We applied the proposed method to question classification and sentence alignment tasks to evaluate its performance as a similarity measure and a kernel function . The results of the experiments demonstrate that the HDAG Kernel is superior to other kernel functions and baseline methods .",600,95,4,11,8,1,NER:Generic|NER:Material|NER:Method|NER:Metric|NER:Task|REL:COMPARE|REL:CONJUNCTION|REL:EVALUATE-FOR|REL:USED-FOR,67c28317871119075e1699ed5856558d38f14e5a5212837b5beb01eb89af3fd5,1,short,
SciERC,train,W08-2122,abstract,scierc_entity_relation,processed_data/json/train.json,"We propose a solution to the challenge of the CoNLL 2008 shared task that uses a generative history-based latent variable model to predict the most likely derivation of a synchronous dependency parser for both syntactic and semantic dependencies . The submitted model yields 79.1 % macro-average F1 performance , for the joint task , 86.9 % syntactic dependencies LAS and 71.0 % semantic dependencies F1 . A larger model trained after the deadline achieves 80.5 % macro-average F1 , 87.6 % syntactic dependencies LAS , and 73.1 % semantic dependencies F1 .",556,92,3,13,13,1,NER:Generic|NER:Method|NER:Metric|NER:OtherScientificTerm|NER:Task|REL:CONJUNCTION|REL:EVALUATE-FOR|REL:USED-FOR,77f86c55913317d5e5ddf3504fe574479ed62023ffa4bf0daf605439d198ee12,1,short,
SciERC,train,W04-2703,abstract,scierc_entity_relation,processed_data/json/train.json,"This paper describes a new , large scale discourse-level annotation project - the Penn Discourse TreeBank -LRB- PDTB -RRB- . We present an approach to annotating a level of discourse structure that is based on identifying discourse connectives and their arguments . The PDTB is being built directly on top of the Penn TreeBank and Propbank , thus supporting the extraction of useful syntactic and semantic features and providing a richer substrate for the development and evaluation of practical algorithms . We provide a detailed preliminary analysis of inter-annotator agreement - both the level of agreement and the types of inter-annotator variation .",655,103,4,13,10,1,NER:Generic|NER:Material|NER:Method|NER:Metric|NER:OtherScientificTerm|NER:Task|REL:CONJUNCTION|REL:EVALUATE-FOR|REL:FEATURE-OF|REL:USED-FOR,92b7628b4d575edded4163e678df9ec0e8cd18ff52e871f9239585e83fa6fada,1,short,
SciERC,train,INTERSPEECH_2000_490_abs,abstract,scierc_entity_relation,processed_data/json/train.json,"Currently , N-gram models are the most common and widely used models for statistical language modeling . In this paper , we investigated an alternative way to build language models , i.e. , using artificial neural networks to learn the language model . Our experiment result shows that the neural network can learn a language model that has performance even better than standard statistical methods .",400,66,3,8,4,1,NER:Method|NER:Task|REL:COMPARE|REL:USED-FOR,66f3365996cf80b877b2ce5637f713a47effcdfff6d73c61672ed8d8fd6e6aae,1,short,
SciERC,train,CVPR_2012_10_abs,abstract,scierc_entity_relation,processed_data/json/train.json,"Automated facial expression recognition has received increased attention over the past two decades . Existing works in the field usually do not encode either the temporal evolution or the intensity of the observed facial displays . They also fail to jointly model multidimensional -LRB- multi-class -RRB- continuous facial behaviour data ; binary classifiers-one for each target basic-emotion class-are used instead . In this paper , intrinsic topology of multidimensional continuous facial affect data is first modeled by an ordinal man-ifold . This topology is then incorporated into the Hidden Conditional Ordinal Random Field -LRB- H-CORF -RRB- framework for dynamic ordinal regression by constraining H-CORF parameters to lie on the ordinal manifold . The resulting model attains simultaneous dynamic recognition and intensity estimation of facial expressions of multiple emotions . To the best of our knowledge , the proposed method is the first one to achieve this on both deliberate as well as spontaneous facial affect data .",1034,157,7,18,8,1,NER:Generic|NER:Material|NER:Method|NER:OtherScientificTerm|NER:Task|REL:CONJUNCTION|REL:EVALUATE-FOR|REL:PART-OF|REL:USED-FOR,f529627f9f53fb1d659ef051da921df969e39cde6f2569f698aa80b75f6b7368,1,long,
SciERC,train,IJCAI_2010_5_abs,abstract,scierc_entity_relation,processed_data/json/train.json,"Recent advances in linear classification have shown that for applications such as document classification , the training can be extremely efficient . However , most of the existing training methods are designed by assuming that data can be stored in the computer memory . These methods can not be easily applied to data larger than the memory capacity due to the random access to the disk . We propose and analyze a block minimization framework for data larger than the memory size . At each step a block of data is loaded from the disk and handled by certain learning methods . We investigate two implementations of the proposed framework for primal and dual SVMs , respectively . As data can not fit in memory , many design considerations are very different from those for traditional algorithms . Experiments using data sets 20 times larger than the memory demonstrate the effectiveness of the proposed method .",914,156,8,18,5,1,NER:Generic|NER:Method|NER:OtherScientificTerm|NER:Task|REL:COMPARE|REL:HYPONYM-OF|REL:USED-FOR,73000e1e76aa086412daf2600f050440c0fb2dce82dccf4db555a6413ccc01be,1,medium,
SciERC,train,P06-1012,abstract,scierc_entity_relation,processed_data/json/train.json,"Instances of a word drawn from different domains may have different sense priors -LRB- the proportions of the different senses of a word -RRB- . This in turn affects the accuracy of word sense disambiguation -LRB- WSD -RRB- systems trained and applied on different domains . This paper presents a method to estimate the sense priors of words drawn from a new domain , and highlights the importance of using well calibrated probabilities when performing these estimations . By using well calibrated probabilities , we are able to estimate the sense priors effectively to achieve significant improvements in WSD accuracy .",620,101,4,11,5,1,NER:Generic|NER:Material|NER:Method|NER:Metric|NER:OtherScientificTerm|REL:EVALUATE-FOR|REL:FEATURE-OF|REL:USED-FOR,56c728ff9c9b19329da4e1d93de0ccecc153c39fe158c840814f3f0e1fca4fd7,1,short,
SciERC,train,L08-1540,abstract,scierc_entity_relation,processed_data/json/train.json,"In this paper we deal with a recently developed large Czech MWE database containing at the moment 160 000 MWEs -LRB- treated as lexical units -RRB- . It was compiled from various resources such as encyclopedias and dictionaries , public databases of proper names and toponyms , collocations obtained from Czech WordNet , lists of botanical and zoological terms and others . We describe the structure of the database and give basic types of MWEs according to domains they belong to . We compare the built MWEs database with the corpus data from Czech National Corpus -LRB- approx . 100 mil . tokens -RRB- and present results of this comparison in the paper . These MWEs have not been obtained from the corpus since their frequencies in it are rather low . To obtain a more complete list of MWEs we propose and use a technique exploiting the Word Sketch Engine , which allows us to work with statistical parameters such as frequency of MWEs and their components as well as with the salience for the whole MWEs . We also discuss exploitation of the database for working out a more adequate tagging and lemmatization . The final goal is to be able to recognize MWEs in corpus text and lemmatize them as complete lexical units , i. e. to make tagging and lemmatization more adequate .",1279,227,10,30,16,1,NER:Generic|NER:Material|NER:OtherScientificTerm|NER:Task|REL:CONJUNCTION|REL:FEATURE-OF|REL:USED-FOR,180bbbdaa321784405ab6c570b75004da5c0a36fda0aaf50c327524a126b8798,1,long,
SciERC,train,P03-1068,abstract,scierc_entity_relation,processed_data/json/train.json,"We describe the ongoing construction of a large , semantically annotated corpus resource as reliable basis for the large-scale acquisition of word-semantic information , e.g. the construction of domain-independent lexica . The backbone of the annotation are semantic roles in the frame semantics paradigm . We report experiences and evaluate the annotated data from the first project stage . On this basis , we discuss the problems of vagueness and ambiguity in semantic annotation .",483,75,4,10,6,1,NER:Material|NER:Method|NER:OtherScientificTerm|NER:Task|REL:CONJUNCTION|REL:FEATURE-OF|REL:HYPONYM-OF|REL:PART-OF|REL:USED-FOR,1bf0150b0df0451d5744b453cedec817150db8d0e9be2a52a384b60e19b2e3d6,1,short,
SciERC,train,I05-2048,abstract,scierc_entity_relation,processed_data/json/train.json,"Statistical machine translation -LRB- SMT -RRB- is currently one of the hot spots in natural language processing . Over the last few years dramatic improvements have been made , and a number of comparative evaluations have shown , that SMT gives competitive results to rule-based translation systems , requiring significantly less development time . This is particularly important when building translation systems for new language pairs or new domains . This workshop is intended to give an introduction to statistical machine translation with a focus on practical considerations . Participants should be able , after attending this workshop , to set out building an SMT system themselves and achieving good baseline results in a short time . The tutorial will cover the basics of SMT : Theory will be put into practice . STTK , a statistical machine translation tool kit , will be introduced and used to build a working translation system . STTK has been developed by the presenter and co-workers over a number of years and is currently used as the basis of CMU 's SMT system . It has also successfully been coupled with rule-based and example based machine translation modules to build a multi engine machine translation system . The source code of the tool kit will be made available .",1289,216,10,19,11,1,NER:Generic|NER:Method|NER:OtherScientificTerm|NER:Task|REL:COMPARE|REL:CONJUNCTION|REL:HYPONYM-OF|REL:USED-FOR,f15229b4485d4abc5e3de8fc32ca01f541c67dcfe6559e53940f455c2256451f,1,long,
SciERC,train,P03-1050,abstract,scierc_entity_relation,processed_data/json/train.json,"This paper presents an unsupervised learning approach to building a non-English -LRB- Arabic -RRB- stemmer . The stemming model is based on statistical machine translation and it uses an English stemmer and a small -LRB- 10K sentences -RRB- parallel corpus as its sole training resources . No parallel text is needed after the training phase . Monolingual , unannotated text can be used to further improve the stemmer by allowing it to adapt to a desired domain or genre . Examples and results will be given for Arabic , but the approach is applicable to any language that needs affix removal . Our resource-frugal approach results in 87.5 % agreement with a state of the art , proprietary Arabic stemmer built using rules , affix lists , and human annotated text , in addition to an unsupervised component . Task-based evaluation using Arabic information retrieval indicates an improvement of 22-38 % in average precision over unstemmed text , and 96 % of the performance of the proprietary stemmer above .",1007,170,7,26,18,1,NER:Generic|NER:Material|NER:Method|NER:Metric|NER:OtherScientificTerm|NER:Task|REL:COMPARE|REL:CONJUNCTION|REL:EVALUATE-FOR|REL:USED-FOR,b1bd170d6a3c197c685ec6989aa37b339e3474b525bbbdc218666c2d96257818,1,long,
SciERC,train,INTERSPEECH_2007_31_abs,abstract,scierc_entity_relation,processed_data/json/train.json,"The paper assesses the capability of an HMM-based TTS system to produce German speech . The results are discussed in qualitative terms , and compared over three different choices of context features . In addition , the system is adapted to a small set of football announcements , in an exploratory attempt to synthe-sise expressive speech . We conclude that the HMMs are able to produce highly intelligible neutral German speech , with a stable quality , and that the expressivity is partially captured in spite of the small size of the football dataset .",555,95,4,9,4,1,NER:Generic|NER:Material|NER:Method|NER:OtherScientificTerm|REL:USED-FOR,0c9eb9a89ae9ae2ffaa6d7bd84692b9b56f25d3df39593f064245612ac99f8ea,1,short,
SciERC,train,E93-1025,abstract,scierc_entity_relation,processed_data/json/train.json,"We give an analysis of ellipsis resolution in terms of a straightforward discourse copying algorithm that correctly predicts a wide range of phenomena . The treatment does not suffer from problems inherent in identity-of-relations analyses . Furthermore , in contrast to the approach of Dalrymple et al. -LSB- 1991 -RSB- , the treatment directly encodes the intuitive distinction between full NPs and the referential elements that corefer with them through what we term role linking . The correct predictions for several problematic examples of ellipsis naturally result . Finally , the analysis extends directly to other discourse copying phenomena .",651,100,5,11,2,1,NER:Generic|NER:Method|NER:OtherScientificTerm|NER:Task|REL:CONJUNCTION|REL:USED-FOR,14db057fba3ad49c646ca73d6968cb5bcdd41b0147f2a900581b006af1d97630,1,short,
SciERC,train,C86-1105,abstract,scierc_entity_relation,processed_data/json/train.json,"How to obtain hierarchical relations -LRB- e.g. superordinate - hyponym relation , synonym relation -RRB- is one of the most important problems for thesaurus construction . A pilot system for extracting these relations automatically from an ordinary Japanese language dictionary -LRB- Shinmeikai Kokugojiten , published by Sansei-do , in machine readable form -RRB- is given . The features of the definition sentences in the dictionary , the mechanical extraction of the hierarchical relations and the estimation of the results are discussed .",543,82,3,10,7,1,NER:Generic|NER:Material|NER:OtherScientificTerm|NER:Task|REL:CONJUNCTION|REL:HYPONYM-OF|REL:PART-OF|REL:USED-FOR,a68b1b52388739e3fc2a760a7d783b54f9cd437e64512a83669a3ac0d0becf1e,1,short,
SciERC,train,ICCV_2005_47_abs,abstract,scierc_entity_relation,processed_data/json/train.json,"Face images of non-frontal views under poor illumination with low resolution reduce dramatically face recognition accuracy . This is evident most compellingly by the very low recognition rate of all existing face recognition systems when applied to live CCTV camera input . In this paper , we present a Bayesian framework to perform multi-modal -LRB- such as variations in viewpoint and illumination -RRB- face image super-resolution for recognition in tensor space . Given a single modal low-resolution face image , we benefit from the multiple factor interactions of training tensor , and super-resolve its high-resolution reconstructions across different modalities for face recognition . Instead of performing pixel-domain super-resolution and recognition independently as two separate sequential processes , we integrate the tasks of super-resolution and recognition by directly computing a maximum likelihood identity parameter vector in high-resolution tensor space for recognition . We show results from multi-modal super-resolution and face recognition experiments across different imaging modalities , using low-resolution images as testing inputs and demonstrate improved recognition rates over standard tensorface and eigenface representations .",1257,174,6,27,20,1,NER:Material|NER:Method|NER:Metric|NER:OtherScientificTerm|NER:Task|REL:CONJUNCTION|REL:EVALUATE-FOR|REL:FEATURE-OF|REL:HYPONYM-OF|REL:USED-FOR,ee4d082803b4ef1a8545a0401c187b0ade2d1bb473288afe35f4f4ac5245c1f2,1,long,
SciERC,train,N03-2036,abstract,scierc_entity_relation,processed_data/json/train.json,"In this paper , we describe a phrase-based unigram model for statistical machine translation that uses a much simpler set of model parameters than similar phrase-based models . The units of translation are blocks - pairs of phrases . During decoding , we use a block unigram model and a word-based trigram language model . During training , the blocks are learned from source interval projections using an underlying word alignment . We show experimental results on block selection criteria based on unigram counts and phrase length .",534,88,5,15,11,1,NER:Method|NER:Metric|NER:OtherScientificTerm|NER:Task|REL:COMPARE|REL:CONJUNCTION|REL:USED-FOR,ce3b9e00287ad4f3ce10489cd41f93a65fd94761c6d73a0e63f49b96ced404e7,1,short,
SciERC,train,NIPS_2001_10_abs,abstract,scierc_entity_relation,processed_data/json/train.json,"This paper develops a new approach for extremely fast detection in domains where the distribution of positive and negative examples is highly skewed -LRB- e.g. face detection or database retrieval -RRB- . In such domains a cascade of simple classifiers each trained to achieve high detection rates and modest false positive rates can yield a final detector with many desirable features : including high detection rates , very low false positive rates , and fast performance . Achieving extremely high detection rates , rather than low error , is not a task typically addressed by machine learning algorithms . We propose a new variant of AdaBoost as a mechanism for training the simple classifiers used in the cascade . Experimental results in the domain of face detection show the training algorithm yields significant improvements in performance over conventional AdaBoost . The final face detection system can process 15 frames per second , achieves over 90 % detection , and a false positive rate of 1 in a 1,000,000 .",1022,169,6,27,14,1,NER:Generic|NER:Material|NER:Method|NER:Metric|NER:OtherScientificTerm|NER:Task|REL:COMPARE|REL:CONJUNCTION|REL:EVALUATE-FOR|REL:FEATURE-OF|REL:USED-FOR,4e54c528fb0644ac380dccc2e4a529d3dabb65fc942d8e2b7ca0b30113481135,1,long,
SciERC,train,CVPR_2016_15_abs,abstract,scierc_entity_relation,processed_data/json/train.json,This paper proposes a method for learning joint embed-dings of images and text using a two-branch neural network with multiple layers of linear projections followed by nonlinearities . The network is trained using a large-margin objective that combines cross-view ranking constraints with within-view neighborhood structure preservation constraints inspired by metric learning literature . Extensive experiments show that our approach gains significant improvements in accuracy for image-to-text and text-to-image retrieval . Our method achieves new state-of-the-art results on the Flickr30K and MSCOCO image-sentence datasets and shows promise on the new task of phrase lo-calization on the Flickr30K Entities dataset .,720,99,4,17,14,1,NER:Generic|NER:Material|NER:Method|NER:Metric|NER:OtherScientificTerm|NER:Task|REL:CONJUNCTION|REL:EVALUATE-FOR|REL:FEATURE-OF|REL:PART-OF|REL:USED-FOR,0e31d2c2669efc07052b1d00309c3ce58e8a06f8282d3ef0ebb317ef6a5b49d8,1,medium,
SciERC,train,N06-2009,abstract,scierc_entity_relation,processed_data/json/train.json,State-of-the-art Question Answering -LRB- QA -RRB- systems are very sensitive to variations in the phrasing of an information need . Finding the preferred language for such a need is a valuable task . We investigate that claim by adopting a simple MT-based paraphrasing technique and evaluating QA system performance on paraphrased questions . We found a potential increase of 35 % in MRR with respect to the original question .,428,70,4,5,2,1,NER:Material|NER:Method|NER:Metric|REL:EVALUATE-FOR|REL:USED-FOR,ea9ec992f5128ff3b29bc59c6a000af28914d0c27240ff3138bc45d73eb9a15a,1,short,
SciERC,train,N03-4004,abstract,scierc_entity_relation,processed_data/json/train.json,"The TAP-XL Automated Analyst 's Assistant is an application designed to help an English - speaking analyst write a topical report , culling information from a large inflow of multilingual , multimedia data . It gives users the ability to spend their time finding more data relevant to their task , and gives them translingual reach into other languages by leveraging human language technology .",394,65,2,4,2,1,NER:Generic|NER:Material|NER:Method|NER:Task|REL:USED-FOR,b5069935e79f85460282bbba14255ae8df6fb576e8789005601b77d3b9ff034b,1,short,
SciERC,train,C88-1007,abstract,scierc_entity_relation,processed_data/json/train.json,"This paper discusses the application of Unification Categorial Grammar -LRB- UCG -RRB- to the framework of Isomorphic Grammars for Machine Translation pioneered by Landsbergen . The Isomorphic Grammars approach to MT involves developing the grammars of the Source and Target languages in parallel , in order to ensure that SL and TL expressions which stand in the translation relation have isomorphic derivations . The principle advantage of this approach is that knowledge concerning translation equivalence of expressions may be directly exploited , obviating the need for answers to semantic questions that we do not yet have . Semantic and other information may still be incorporated , but as constraints on the translation relation , not as levels of textual representation . After introducing this approach to MT system design , and the basics of monolingual UCG , we will show how the two can be integrated , and present an example from an implemented bi-directional English-Spanish fragment . Finally we will present some outstanding problems with the approach .",1070,169,6,15,8,1,NER:Generic|NER:Method|NER:OtherScientificTerm|NER:Task|REL:CONJUNCTION|REL:HYPONYM-OF|REL:USED-FOR,17e5e136622a351145d8876f2256c075e83cb70009d79f4777c765c9c26aa902,1,long,
SciERC,train,ICCV_2011_50_abs,abstract,scierc_entity_relation,processed_data/json/train.json,"In the security domain a key problem is identifying rare behaviours of interest . Training examples for these behaviours may or may not exist , and if they do exist there will be few examples , quite probably one . We present a novel weakly supervised algorithm that can detect behaviours that either have never before been seen or for which there are few examples . Global context is modelled , allowing the detection of abnormal behaviours that in isolation appear normal . Pragmatic aspects are considered , such that no parameter tuning is required and real time performance is achieved .",592,102,5,12,4,1,NER:Generic|NER:Material|NER:Method|NER:OtherScientificTerm|NER:Task|REL:PART-OF|REL:USED-FOR,829a45a989dff549558030e2210f69c5e6b40a51ecdf5051d244288591025a0f,1,short,
SciERC,train,C88-2130,abstract,scierc_entity_relation,processed_data/json/train.json,"We have developed a computational model of the process of describing the layout of an apartment or house , a much-studied discourse task first characterized linguistically by Linde -LRB- 1974 -RRB- . The model is embodied in a program , APT , that can reproduce segments of actual tape-recorded descriptions , using organizational and discourse strategies derived through analysis of our corpus .",396,63,2,6,3,1,NER:Generic|NER:Method|NER:Task|REL:PART-OF|REL:USED-FOR,956a2a176d03d1d9cd46a1526589d6d0a9f8b5d6a5bf9c6d0b4e23813285cf52,1,short,
SciERC,train,H01-1070,abstract,scierc_entity_relation,processed_data/json/train.json,This paper proposes a practical approach employing n-gram models and error-correction rules for Thai key prediction and Thai-English language identification . The paper also proposes rule-reduction algorithm applying mutual information to reduce the error-correction rules . Our algorithm reported more than 99 % accuracy in both language identification and key prediction .,374,52,3,12,11,1,NER:Generic|NER:Method|NER:Metric|NER:OtherScientificTerm|NER:Task|REL:CONJUNCTION|REL:EVALUATE-FOR|REL:USED-FOR,22ec21467db84b32413734bc1968b30045b2979940b709c0d635df2e43012cb5,1,short,
SciERC,train,P03-1031,abstract,scierc_entity_relation,processed_data/json/train.json,"This paper concerns the discourse understanding process in spoken dialogue systems . This process enables the system to understand user utterances based on the context of a dialogue . Since multiple candidates for the understanding result can be obtained for a user utterance due to the ambiguity of speech understanding , it is not appropriate to decide on a single understanding result after each user utterance . By holding multiple candidates for understanding results and resolving the ambiguity as the dialogue progresses , the discourse understanding accuracy can be improved . This paper proposes a method for resolving this ambiguity based on statistical information obtained from dialogue corpora . Unlike conventional methods that use hand-crafted rules , the proposed method enables easy design of the discourse understanding process . Experiment results have shown that a system that exploits the proposed method performs sufficiently and that holding multiple candidates for understanding results is effective .",1025,154,7,19,7,1,NER:Generic|NER:Material|NER:Method|NER:Metric|NER:OtherScientificTerm|NER:Task|REL:USED-FOR,6054c6ce83983fc3e734156ec61e3e6e91da35534a87fbec65a0580a3c8b397d,1,long,
SciERC,train,H05-1115,abstract,scierc_entity_relation,processed_data/json/train.json,"We consider the problem of question-focused sentence retrieval from complex news articles describing multi-event stories published over time . Annotators generated a list of questions central to understanding each story in our corpus . Because of the dynamic nature of the stories , many questions are time-sensitive -LRB- e.g. `` How many victims have been found ? '' -RRB- . Judges found sentences providing an answer to each question . To address the sentence retrieval problem , we apply a stochastic , graph-based method for comparing the relative importance of the textual units , which was previously used successfully for generic summarization . Currently , we present a topic-sensitive version of our method and hypothesize that it can outperform a competitive baseline , which compares the similarity of each sentence to the input question via IDF-weighted word overlap . In our experiments , the method achieves a TRDR score that is significantly higher than that of the baseline .",992,159,8,13,8,1,NER:Generic|NER:Material|NER:Method|NER:Metric|NER:OtherScientificTerm|NER:Task|REL:COMPARE|REL:EVALUATE-FOR|REL:FEATURE-OF|REL:USED-FOR,5469eab44387e7e4a40d1ad70d59dc67db68be72f45cc1c46e8b9feeeddafd8c,1,long,
SciERC,train,C90-3046,abstract,scierc_entity_relation,processed_data/json/train.json,"This paper proposes that sentence analysis should be treated as defeasible reasoning , and presents such a treatment for Japanese sentence analyses using an argumentation system by Konolige , which is a formalization of defeasible reasoning , that includes arguments and defeat rules that capture defeasibility .",312,47,1,10,8,1,NER:Generic|NER:Method|NER:OtherScientificTerm|NER:Task|REL:CONJUNCTION|REL:FEATURE-OF|REL:PART-OF|REL:USED-FOR,f02230425f9940461e800d6df6b4a9a4d843f9cd88689bd09782898392fe6bc4,1,short,
SciERC,train,INTERSPEECH_2008_21_abs,abstract,scierc_entity_relation,processed_data/json/train.json,"This paper presents a research on the Czech talking head system . It gives an overview of methods used for visual speech animation , parameterization of a human face and a tongue , necessary data sources and a synthesis method . A 3D animation model is used for a pseudo-muscular animation schema to create such animation of visual speech which is usable for a lipreading . An extension of animation schema is presented to reach more precise deformations mainly in a lip area . Furthermore , a problem of forming articulatory trajectories is formulated to solve labial coarticulation effects . It is used for the synthesis method based on a selection of articulatory targets and interpolation technique .",704,118,6,15,9,1,NER:Generic|NER:Method|NER:OtherScientificTerm|NER:Task|REL:CONJUNCTION|REL:USED-FOR,93410514fc13ae2b56f408225f1f184d3da97d4037834d467f0f1bc2165bde63,1,medium,
SciERC,train,A92-1026,abstract,scierc_entity_relation,processed_data/json/train.json,"It is often assumed that when natural language processing meets the real world , the ideal of aiming for complete and correct interpretations has to be abandoned . However , our experience with TACITUS ; especially in the MUC-3 evaluation , has shown that principled techniques for syntactic and pragmatic analysis can be bolstered with methods for achieving robustness . We describe three techniques for making syntactic analysis more robust -- an agenda-based scheduling parser , a recovery technique for failed parses , and a new technique called terminal substring parsing . For pragmatics processing , we describe how the method of abductive inference is inherently robust , in that an interpretation is always possible , so that in the absence of the required world knowledge , performance degrades gracefully . Each of these techniques have been evaluated and the results of the evaluations are presented .",913,147,5,18,11,1,NER:Generic|NER:Method|NER:Metric|NER:OtherScientificTerm|NER:Task|REL:CONJUNCTION|REL:EVALUATE-FOR|REL:HYPONYM-OF|REL:USED-FOR,2500362c65bf829c3ded2a73005943dc55a7214c3651a83c1858cb38a75fbc90,1,medium,
SciERC,train,P02-1060,abstract,scierc_entity_relation,processed_data/json/train.json,"This paper proposes a Hidden Markov Model -LRB- HMM -RRB- and an HMM-based chunk tagger , from which a named entity -LRB- NE -RRB- recognition -LRB- NER -RRB- system is built to recognize and classify names , times and numerical quantities . Through the HMM , our system is able to apply and integrate four types of internal and external evidences : 1 -RRB- simple deterministic internal feature of the words , such as capitalization and digitalization ; 2 -RRB- internal semantic feature of important triggers ; 3 -RRB- internal gazetteer feature ; 4 -RRB- external macro context feature . In this way , the NER problem can be resolved effectively . Evaluation of our system on MUC-6 and MUC-7 English NE tasks achieves F-measures of 96.6 % and 94.1 % respectively . It shows that the performance is significantly better than reported by any other machine-learning system . Moreover , the performance is even consistently better than those based on handcrafted rules .",969,164,6,17,11,1,NER:Generic|NER:Material|NER:Method|NER:Metric|NER:OtherScientificTerm|NER:Task|REL:CONJUNCTION|REL:EVALUATE-FOR|REL:HYPONYM-OF|REL:USED-FOR,ea92f175c1684897443ff237e9ea21514bfd61428113cd2182bace94ee5f1673,1,long,
SciERC,train,H93-1076,abstract,scierc_entity_relation,processed_data/json/train.json,"Two themes have evolved in speech and text image processing work at Xerox PARC that expand and redefine the role of recognition technology in document-oriented applications . One is the development of systems that provide functionality similar to that of text processors but operate directly on audio and scanned image data . A second , related theme is the use of speech and text-image recognition to retrieve arbitrary , user-specified information from documents with signal content . This paper discusses three research initiatives at PARC that exemplify these themes : a text-image editor -LSB- 1 -RSB- , a wordspotter for voice editing and indexing -LSB- 12 -RSB- , and a decoding framework for scanned-document content retrieval -LSB- 4 -RSB- . The discussion focuses on key concepts embodied in the research that enable novel signal-based document processing functionality .",881,138,5,19,13,1,NER:Generic|NER:Material|NER:Method|NER:OtherScientificTerm|NER:Task|REL:CONJUNCTION|REL:HYPONYM-OF|REL:PART-OF|REL:USED-FOR,8cda497382e876a6786c8021b20659f7c5c06338afdc74ee09e6fbc6ae095b77,1,medium,
SciERC,train,ECCV_2014_47_abs,abstract,scierc_entity_relation,processed_data/json/train.json,"The problem of predicting image or video interestingness from their low-level feature representations has received increasing interest . As a highly subjective visual attribute , annotating the interesting-ness value of training data for learning a prediction model is challenging . To make the annotation less subjective and more reliable , recent studies employ crowdsourcing tools to collect pairwise comparisons -- relying on majority voting to prune the annotation outliers/errors . In this paper , we propose a more principled way to identify annotation outliers by formulating the interestingness prediction task as a unified robust learning to rank problem , tackling both the outlier detection and interestingness prediction tasks jointly . Extensive experiments on both image and video interestingness benchmark datasets demonstrate that our new approach significantly outperforms state-of-the-art alternatives .",922,130,5,19,13,1,NER:Generic|NER:Material|NER:Method|NER:OtherScientificTerm|NER:Task|REL:COMPARE|REL:CONJUNCTION|REL:EVALUATE-FOR|REL:USED-FOR,f261e384aef3ccbf09c653a415b36bc3ba037898904f48c196c276d3307557a3,1,medium,
SciERC,train,IJCAI_2003_15_abs,abstract,scierc_entity_relation,processed_data/json/train.json,"Many description logics -LRB- DLs -RRB- combine knowledge representation on an abstract , logical level with an interface to `` concrete '' domains such as numbers and strings . We propose to extend such DLs with key constraints that allow the expression of statements like `` US citizens are uniquely identified by their social security number '' . Based on this idea , we introduce a number of natural description logics and present -LRB- un -RRB- decidability results and tight NEx-PTlME complexity bounds .",510,84,3,5,1,1,NER:Method|NER:OtherScientificTerm|REL:CONJUNCTION,77a1125caf0d5be100b64017089b48982d011c8407c6ba16ab480c3e58f4c140,1,short,
SciERC,train,E06-1045,abstract,scierc_entity_relation,processed_data/json/train.json,"We describe an implementation of data-driven selection of emphatic facial displays for an embodied conversational agent in a dialogue system . A corpus of sentences in the domain of the target dialogue system was recorded , and the facial displays used by the speaker were annotated . The data from those recordings was used in a range of models for generating facial displays , each model making use of a different amount of context or choosing displays differently within a context . The models were evaluated in two ways : by cross-validation against the corpus , and by asking users to rate the output . The predictions of the cross-validation study differed from the actual user ratings . While the cross-validation gave the highest scores to models making a majority choice within a context , the user study showed a significant preference for models that produced more variation . This preference was especially strong among the female subjects .",953,159,7,16,6,1,NER:Generic|NER:Material|NER:Method|NER:Task|REL:EVALUATE-FOR|REL:PART-OF|REL:USED-FOR,b118e93d929d949aa177f1b5ae0b96c90210e441b553c98ebf0f6d47dea571cb,1,long,
SciERC,train,CVPR_2010_11_abs,abstract,scierc_entity_relation,processed_data/json/train.json,"When classifying high-dimensional sequence data , traditional methods -LRB- e.g. , HMMs , CRFs -RRB- may require large amounts of training data to avoid overfitting . In such cases dimensionality reduction can be employed to find a low-dimensional representation on which classification can be done more efficiently . Existing methods for supervised dimensionality reduction often presume that the data is densely sampled so that a neighborhood graph structure can be formed , or that the data arises from a known distribution . Sufficient dimension reduction techniques aim to find a low dimensional representation such that the remaining degrees of freedom become conditionally independent of the output values . In this paper we develop a novel sequence kernel dimension reduction approach -LRB- S-KDR -RRB- . Our approach does not make strong assumptions on the distribution of the input data . Spatial , temporal and periodic information is combined in a principled manner , and an optimal manifold is learned for the end-task . We demonstrate the effectiveness of our approach on several tasks involving the discrimination of human gesture and motion categories , as well as on a database of dynamic textures .",1216,192,8,21,10,1,NER:Generic|NER:Material|NER:Method|NER:OtherScientificTerm|NER:Task|REL:CONJUNCTION|REL:EVALUATE-FOR|REL:USED-FOR,56918b908ce7ea8a5d9b7b96ae6a8997433068c92bb3ad634ef7de5b9931e48c,1,long,
SciERC,train,A92-1027,abstract,scierc_entity_relation,processed_data/json/train.json,"We present an efficient algorithm for chart-based phrase structure parsing of natural language that is tailored to the problem of extracting specific information from unrestricted texts where many of the words are unknown and much of the text is irrelevant to the task . The parser gains algorithmic efficiency through a reduction of its search space . As each new edge is added to the chart , the algorithm checks only the topmost of the edges adjacent to it , rather than all such edges as in conventional treatments . The resulting spanning edges are insured to be the correct ones by carefully controlling the order in which edges are introduced so that every final constituent covers the longest possible span . This is facilitated through the use of phrase boundary heuristics based on the placement of function words , and by heuristic rules that permit certain kinds of phrases to be deduced despite the presence of unknown words . A further reduction in the search space is achieved by using semantic rather than syntactic categories on the terminal and non-terminal edges , thereby reducing the amount of ambiguity and thus the number of edges , since only edges with a valid semantic interpretation are ever introduced .",1231,208,6,21,7,1,NER:Generic|NER:Material|NER:Method|NER:OtherScientificTerm|NER:Task|REL:COMPARE|REL:FEATURE-OF|REL:USED-FOR,d104148c25df9ffef2c0857e12722ab451debfde5fa8250e3881fa64eedd48c9,1,long,
SciERC,train,I08-1027,abstract,scierc_entity_relation,processed_data/json/train.json,"Automatic estimation of word significance oriented for speech-based Information Retrieval -LRB- IR -RRB- is addressed . Since the significance of words differs in IR , automatic speech recognition -LRB- ASR -RRB- performance has been evaluated based on weighted word error rate -LRB- WWER -RRB- , which gives a weight on errors from the viewpoint of IR , instead of word error rate -LRB- WER -RRB- , which treats all words uniformly . A decoding strategy that minimizes WWER based on a Minimum Bayes-Risk framework has been shown , and the reduction of errors on both ASR and IR has been reported . In this paper , we propose an automatic estimation method for word significance -LRB- weights -RRB- based on its influence on IR . Specifically , weights are estimated so that evaluation measures of ASR and IR are equivalent . We apply the proposed method to a speech-based information retrieval system , which is a typical IR system , and show that the method works well .",972,168,6,24,12,1,NER:Generic|NER:Method|NER:Metric|NER:OtherScientificTerm|NER:Task|REL:COMPARE|REL:CONJUNCTION|REL:EVALUATE-FOR|REL:HYPONYM-OF|REL:USED-FOR,ea74d29c4024dbcba091fd89d7a6ae98ee2a017a0d5a88967a0b8802454fb8ab,1,long,
SciERC,train,A94-1037,abstract,scierc_entity_relation,processed_data/json/train.json,"Methods developed for spelling correction for languages like English -LRB- see the review by Kukich -LRB- Kukich , 1992 -RRB- -RRB- are not readily applicable to agglutinative languages . This poster presents an approach to spelling correction in agglutinative languages that is based on two-level morphology and a dynamic-programming based search algorithm . After an overview of our approach , we present results from experiments with spelling correction in Turkish .",469,71,3,13,9,1,NER:Generic|NER:Method|NER:OtherScientificTerm|NER:Task|REL:CONJUNCTION|REL:HYPONYM-OF|REL:USED-FOR,a56e36dee7e2572a68060caaccdcdc34efd2360b3b9c68632af67cdb5da6bec9,1,short,
SciERC,train,P05-1069,abstract,scierc_entity_relation,processed_data/json/train.json,"In this paper , we present a novel training method for a localized phrase-based prediction model for statistical machine translation -LRB- SMT -RRB- . The model predicts blocks with orientation to handle local phrase re-ordering . We use a maximum likelihood criterion to train a log-linear block bigram model which uses real-valued features -LRB- e.g. a language model score -RRB- as well as binary features based on the block identities themselves , e.g. block bigram features . Our training algorithm can easily handle millions of features . The best system obtains a 18.6 % improvement over the baseline on a standard Arabic-English translation task .",655,105,5,15,12,1,NER:Generic|NER:Method|NER:OtherScientificTerm|NER:Task|REL:COMPARE|REL:CONJUNCTION|REL:EVALUATE-FOR|REL:HYPONYM-OF|REL:USED-FOR,b53bafbb2dd932c2a130936146ab18f7c767bdcea8ade65ea8724739549beed3,1,short,
SciERC,train,P05-1032,abstract,scierc_entity_relation,processed_data/json/train.json,In this paper we describe a novel data structure for phrase-based statistical machine translation which allows for the retrieval of arbitrarily long phrases while simultaneously using less memory than is required by current decoder implementations . We detail the computational complexity and average retrieval times for looking up phrase translations in our suffix array-based data structure . We show how sampling can be used to reduce the retrieval time by orders of magnitude with no loss in translation quality .,517,80,3,12,6,1,NER:Method|NER:Metric|NER:OtherScientificTerm|NER:Task|REL:CONJUNCTION|REL:EVALUATE-FOR|REL:PART-OF|REL:USED-FOR,26900480a2367cfd5e1ff4af8110570e85da69657781823f6301b1fa23acbe25,1,short,
SciERC,train,H94-1102,abstract,scierc_entity_relation,processed_data/json/train.json,"The major objective of this program is to develop and demonstrate robust , high performance continuous speech recognition -LRB- CSR -RRB- techniques focussed on application in Spoken Language Systems -LRB- SLS -RRB- which will enhance the effectiveness of military and civilian computer-based systems . A key complementary objective is to define and develop applications of robust speech recognition and understanding systems , and to help catalyze the transition of spoken language technology into military and civilian systems , with particular focus on application of robust CSR to mobile military command and control . The research effort focusses on developing advanced acoustic modelling , rapid search , and recognition-time adaptation techniques for robust large-vocabulary CSR , and on applying these techniques to the new ARPA large-vocabulary CSR corpora and to military application tasks .",901,133,3,15,18,1,NER:Generic|NER:Material|NER:Method|NER:Task|REL:CONJUNCTION|REL:EVALUATE-FOR|REL:HYPONYM-OF|REL:USED-FOR,043857f713d934e55b3dcc6a011d96c1aa0a1d0f680a855e75314331f1d9df0a,1,medium,
SciERC,train,P06-2110,abstract,scierc_entity_relation,processed_data/json/train.json,"This paper examines what kind of similarity between words can be represented by what kind of word vectors in the vector space model . Through two experiments , three methods for constructing word vectors , i.e. , LSA-based , cooccurrence-based and dictionary-based methods , were compared in terms of the ability to represent two kinds of similarity , i.e. , taxonomic similarity and associative similarity . The result of the comparison was that the dictionary-based word vectors better reflect taxonomic similarity , while the LSA-based and the cooccurrence-based word vectors better reflect associative similarity .",618,95,3,13,9,1,NER:Generic|NER:Method|NER:OtherScientificTerm|NER:Task|REL:CONJUNCTION|REL:HYPONYM-OF|REL:USED-FOR,a2616e441c7138b96a760d98bb5f89c2f93ad5468d6cf3b95b76fc27dedf4388,1,short,
SciERC,train,H05-1012,abstract,scierc_entity_relation,processed_data/json/train.json,This paper presents a maximum entropy word alignment algorithm for Arabic-English based on supervised training data . We demonstrate that it is feasible to create training material for problems in machine translation and that a mixture of supervised and unsupervised methods yields superior performance . The probabilistic model used in the alignment directly models the link decisions . Significant improvement over traditional word alignment techniques is shown as well as improvement on several machine translation tests . Performance of the algorithm is contrasted with human annotation performance .,604,88,5,13,7,1,NER:Generic|NER:Material|NER:Method|NER:OtherScientificTerm|NER:Task|REL:COMPARE|REL:USED-FOR,f0e9cdefd92da33a54fb1ae6d498eb4b4ddc1e4f6f7c4eed60faa4b00078d0b7,1,short,
SciERC,train,N03-3010,abstract,scierc_entity_relation,processed_data/json/train.json,"In this paper , we propose a novel Cooperative Model for natural language understanding in a dialogue system . We build this based on both Finite State Model -LRB- FSM -RRB- and Statistical Learning Model -LRB- SLM -RRB- . FSM provides two strategies for language understanding and have a high accuracy but little robustness and flexibility . Statistical approach is much more robust but less accurate . Cooperative Model incorporates all the three strategies together and thus can suppress all the shortcomings of different strategies and has all the advantages of the three strategies .",588,95,5,10,6,1,NER:Generic|NER:Method|NER:Task|REL:CONJUNCTION|REL:USED-FOR,32512a8df4e2d5746589af1fd5ddde989af170b75cd6714265c9bfc8c7cc9de4,1,short,
SciERC,train,I05-2044,abstract,scierc_entity_relation,processed_data/json/train.json,"In the Chinese language , a verb may have its dependents on its left , right or on both sides . The ambiguity resolution of right-side dependencies is essential for dependency parsing of sentences with two or more verbs . Previous works on shift-reduce dependency parsers may not guarantee the connectivity of a dependency tree due to their weakness at resolving the right-side dependencies . This paper proposes a two-phase shift-reduce dependency parser based on SVM learning . The left-side dependents and right-side nominal dependents are detected in Phase I , and right-side verbal dependents are decided in Phase II . In experimental evaluation , our proposed method outperforms previous shift-reduce dependency parsers for the Chine language , showing improvement of dependency accuracy by 10.08 % .",806,127,6,16,10,1,NER:Generic|NER:Material|NER:Method|NER:Metric|NER:OtherScientificTerm|NER:Task|REL:COMPARE|REL:CONJUNCTION|REL:EVALUATE-FOR|REL:USED-FOR,05dce93f0badb528ff2276feac52b5fa9b7b50124a8f7c1f0aa0fe7dbd0ed804,1,medium,
SciERC,train,C80-1039,abstract,scierc_entity_relation,processed_data/json/train.json,"In order to meet the needs of a publication of papers in English , many systems to run off texts have been developed . In this paper , we report a system FROFF which can make a fair copy of not only texts but also graphs and tables indispensable to our papers . Its selection of fonts , specification of character size are dynamically changeable , and the typing location can be also changed in lateral or longitudinal directions . Each character has its own width and a line length is counted by the sum of each character . By using commands or rules which are defined to facilitate the construction of format expected or some mathematical expressions , elaborate and pretty documents can be successfully obtained .",716,128,5,6,3,1,NER:Generic|NER:Method|NER:OtherScientificTerm|REL:CONJUNCTION|REL:USED-FOR,70270af08e9bcd6ee0188465582ea765fd3aafad6ca0d3eb53cdb1743b8b9dd0,1,medium,
SciERC,train,I05-5009,abstract,scierc_entity_relation,processed_data/json/train.json,This paper presents an evaluation method employing a latent variable model for paraphrases with their contexts . We assume that the context of a sentence is indicated by a latent variable of the model as a topic and that the likelihood of each variable can be inferred . A paraphrase is evaluated for whether its sentences are used in the same context . Experimental results showed that the proposed method achieves almost 60 % accuracy and that there is not a large performance difference between the two models . The results also revealed an upper bound of accuracy of 77 % with the method when using only topic information .,627,110,5,10,4,1,NER:Generic|NER:Method|NER:Metric|NER:OtherScientificTerm|REL:EVALUATE-FOR|REL:USED-FOR,8f9f00b47d9eb117c6d746e0550c78d63949b55094360594245e5806ba72dea2,1,short,
SciERC,train,H90-1016,abstract,scierc_entity_relation,processed_data/json/train.json,"We describe the methods and hardware that we are using to produce a real-time demonstration of an integrated Spoken Language System . We describe algorithms that greatly reduce the computation needed to compute the N-Best sentence hypotheses . To avoid grammar coverage problems we use a fully-connected first-order statistical class grammar . The speech-search algorithm is implemented on a board with a single Intel i860 chip , which provides a factor of 5 speed-up over a SUN 4 for straight C code . The board plugs directly into the VME bus of the SUN4 , which controls the system and contains the natural language system and application back end .",652,110,5,18,15,1,NER:Generic|NER:Method|NER:OtherScientificTerm|REL:COMPARE|REL:CONJUNCTION|REL:PART-OF|REL:USED-FOR,6be9410fbfa7a7dad98bfbf6a7c163c729e5329e8e180952bc2ee08f8bcf1cef,1,short,
SciERC,train,CVPR_2015_300_abs,abstract,scierc_entity_relation,processed_data/json/train.json,"We address the problem of estimating location information of an image using principles from automated representation learning . We pursue a hierarchical sparse coding approach that learns features useful in discriminating images across locations , by initializing it with a geometric prior corresponding to transformations between image appearance space and their corresponding location grouping space using the notion of parallel transport on manifolds . We then extend this approach to account for the availability of heterogeneous data modalities such as geo-tags and videos pertaining to different locations , and also study a relatively under-addressed problem of transferring knowledge available from certain locations to infer the grouping of data from novel locations . We evaluate our approach on several standard datasets such as im2gps , San Francisco and MediaEval2010 , and obtain state-of-the-art results .",920,134,4,21,15,1,NER:Generic|NER:Material|NER:Method|NER:OtherScientificTerm|NER:Task|REL:CONJUNCTION|REL:EVALUATE-FOR|REL:HYPONYM-OF|REL:USED-FOR,772e9bbe0a3815fcd3b0d96057c0fbd1f026429175acf1ced0805a5391ef29f0,1,medium,
SciERC,train,INTERSPEECH_2007_21_abs,abstract,scierc_entity_relation,processed_data/json/train.json,"Conventional HMMs have weak duration constraints . In noisy conditions , the mismatch between corrupted speech signals and models trained on clean speech may cause the decoder to produce word matches with unrealistic durations . This paper presents a simple way to incorporate word duration constraints by unrolling HMMs to form a lattice where word duration probabilities can be applied directly to state transitions . The expanded HMMs are compatible with conventional Viterbi decoding . Experiments on connected-digit recognition show that when using explicit duration constraints the decoder generates word matches with more reasonable durations , and word error rates are significantly reduced across a broad range of noise conditions .",741,111,5,21,11,1,NER:Generic|NER:Material|NER:Method|NER:Metric|NER:OtherScientificTerm|NER:Task|REL:CONJUNCTION|REL:FEATURE-OF|REL:USED-FOR,2a1544d90ebb60c71abf6cca46188e114091c0643c5fe17649c8ecbc4c7a62b1,1,medium,
SciERC,train,C88-2086,abstract,scierc_entity_relation,processed_data/json/train.json,"Soames 1979 provides some counterexamples to the theory of natural language presuppositions that is presented in Gazdar 1979 . Soames 1982 provides a theory which explains these counterexamples . Mercer 1987 rejects the solution found in Soames 1982 leaving these counterexamples unexplained . By reappraising these insightful counterexamples , the inferential theory for natural language presuppositions described in Mercer 1987 , 1988 gives a simple and straightforward explanation for the presuppositional nature of these sentences .",536,76,4,3,0,1,NER:OtherScientificTerm|NER:Task,b201005790b52d0c515c19af4632f8a993f0218e615ab717641d82686101c60d,1,short,
SciERC,train,E99-1029,abstract,scierc_entity_relation,processed_data/json/train.json,"One of the claimed benefits of Tree Adjoining Grammars is that they have an extended domain of locality -LRB- EDOL -RRB- . We consider how this can be exploited to limit the need for feature structure unification during parsing . We compare two wide-coverage lexicalized grammars of English , LEXSYS and XTAG , finding that the two grammars exploit EDOL in different ways .",373,64,3,10,6,1,NER:Generic|NER:Method|NER:OtherScientificTerm|NER:Task|REL:COMPARE|REL:FEATURE-OF|REL:HYPONYM-OF|REL:USED-FOR,38a6c67ee9eb81878bb2913417e9fed4a328a43000da1c353e7b2c06de23c27b,1,short,
SciERC,train,NIPS_2002_10_abs,abstract,scierc_entity_relation,processed_data/json/train.json,"Identity uncertainty is a pervasive problem in real-world data analysis . It arises whenever objects are not labeled with unique identifiers or when those identifiers may not be perceived perfectly . In such cases , two observations may or may not correspond to the same object . In this paper , we consider the problem in the context of citation matching -- the problem of deciding which citations correspond to the same publication . Our approach is based on the use of a relational probability model to define a generative model for the domain , including models of author and title corruption and a probabilistic citation grammar . Identity uncertainty is handled by extending standard models to incorporate probabilities over the possible mappings between terms in the language and objects in the domain . Inference is based on Markov chain Monte Carlo , augmented with specific methods for generating efficient proposals when the domain contains many objects . Results on several citation data sets show that the method outperforms current algorithms for citation matching . The declarative , relational nature of the model also means that our algorithm can determine object characteristics such as author names by combining multiple citations of multiple papers .",1270,204,9,30,16,1,NER:Generic|NER:Material|NER:Method|NER:OtherScientificTerm|NER:Task|REL:COMPARE|REL:CONJUNCTION|REL:EVALUATE-FOR|REL:HYPONYM-OF|REL:PART-OF|REL:USED-FOR,8dfb47124ca9cb76d11e12ca47d26542bf70931bf211e3db3bdcad9838e6700b,1,long,
SciERC,train,P02-1059,abstract,scierc_entity_relation,processed_data/json/train.json,"The paper proposes and empirically motivates an integration of supervised learning with unsupervised learning to deal with human biases in summarization . In particular , we explore the use of probabilistic decision tree within the clustering framework to account for the variation as well as regularity in human created summaries . The corpus of human created extracts is created from a newspaper corpus and used as a test set . We build probabilistic decision trees of different flavors and integrate each of them with the clustering framework . Experiments with the corpus demonstrate that the mixture of the two paradigms generally gives a significant boost in performance compared to cases where either ofthe two is considered alone .",739,118,5,12,6,1,NER:Generic|NER:Material|NER:Method|NER:OtherScientificTerm|NER:Task|REL:CONJUNCTION|REL:FEATURE-OF|REL:USED-FOR,c9e660e90650715cc4a78656d5bbbd1f4342e6ef34b7441ac141f271dc2a5e16,1,medium,
SciERC,train,W02-1404,abstract,scierc_entity_relation,processed_data/json/train.json,"In this study , we propose a knowledge-independent method for aligning terms and thus extracting translations from a small , domain-specific corpus consisting of parallel English and Chinese court judgments from Hong Kong . With a sentence-aligned corpus , translation equivalences are suggested by analysing the frequency profiles of parallel concordances . The method overcomes the limitations of conventional statistical methods which require large corpora to be effective , and lexical approaches which depend on existing bilingual dictionaries . Pilot testing on a parallel corpus of about 113K Chinese words and 120K English words gives an encouraging 85 % precision and 45 % recall . Future work includes fine-tuning the algorithm upon the analysis of the errors , and acquiring a translation lexicon for legal terminology by filtering out general terms .",862,132,5,18,9,1,NER:Generic|NER:Material|NER:Method|NER:Metric|NER:OtherScientificTerm|REL:COMPARE|REL:CONJUNCTION|REL:PART-OF|REL:USED-FOR,582f59e0a1e8435d6f8564e9b94bfb7c6d8bf59eed870f6edc17c3aa0928193d,1,medium,
SciERC,train,P05-2008,abstract,scierc_entity_relation,processed_data/json/train.json,"Sentiment Classification seeks to identify a piece of text according to its author 's general feeling toward their subject , be it positive or negative . Traditional machine learning techniques have been applied to this problem with reasonable success , but they have been shown to work well only when there is a good match between the training and test data with respect to topic . This paper demonstrates that match with respect to domain and time is also important , and presents preliminary experiments with training data labeled with emoticons , which has the potential of being independent of domain , topic and time .",624,106,3,6,2,1,NER:Generic|NER:Material|NER:Method|NER:OtherScientificTerm|NER:Task|REL:FEATURE-OF|REL:USED-FOR,8ef127a07457dc21eb8a98d2f752ad14806cc20fac9a2e017d6fedaf0316da11,1,short,
SciERC,train,CVPR_2013_10_abs,abstract,scierc_entity_relation,processed_data/json/train.json,"We present a novel algorithm for estimating the broad 3D geometric structure of outdoor video scenes . Leveraging spatio-temporal video segmentation , we decompose a dynamic scene captured by a video into geometric classes , based on predictions made by region-classifiers that are trained on appearance and motion features . By examining the homogeneity of the prediction , we combine predictions across multiple segmentation hierarchy levels alleviating the need to determine the granularity a priori . We built a novel , extensive dataset on geometric context of video to evaluate our method , consisting of over 100 ground-truth annotated outdoor videos with over 20,000 frames . To further scale beyond this dataset , we propose a semi-supervised learning framework to expand the pool of labeled data with high confidence predictions obtained from unlabeled data . Our system produces an accurate prediction of geometric context of video achieving 96 % accuracy across main geometric classes .",998,155,6,21,13,1,NER:Generic|NER:Material|NER:Method|NER:Metric|NER:OtherScientificTerm|NER:Task|REL:EVALUATE-FOR|REL:FEATURE-OF|REL:PART-OF|REL:USED-FOR,6aaeda0b9c60b3a232aec9eea7876720965318b7e4fffbd093617a51105ea621,1,long,
SciERC,train,C86-1132,abstract,scierc_entity_relation,processed_data/json/train.json,This paper describes a system -LRB- RAREAS -RRB- which synthesizes marine weather forecasts directly from formatted weather data . Such synthesis appears feasible in certain natural sublanguages with stereotyped text structure . RAREAS draws on several kinds of linguistic and non-linguistic knowledge and mirrors a forecaster 's apparent tendency to ascribe less precise temporal adverbs to more remote meteorological events . The approach can easily be adapted to synthesize bilingual or multi-lingual texts .,511,74,4,10,5,1,NER:Generic|NER:Material|NER:Method|NER:OtherScientificTerm|NER:Task|REL:USED-FOR,6e8063862a8d0760f13587c64749b09622871b156eeff40d8155cdb524096d4c,1,short,
SciERC,train,P80-1026,abstract,scierc_entity_relation,processed_data/json/train.json,"When people use natural language in natural settings , they often use it ungrammatically , missing out or repeating words , breaking-off and restarting , speaking in fragments , etc. . Their human listeners are usually able to cope with these deviations with little difficulty . If a computer system wishes to accept natural language input from its users on a routine basis , it must display a similar indifference . In this paper , we outline a set of parsing flexibilities that such a system should provide . We go , on to describe FlexP , a bottom-up pattern-matching parser that we have designed and implemented to provide these flexibilities for restricted natural language input to a limited-domain computer system .",722,122,5,11,5,1,NER:Generic|NER:Method|NER:OtherScientificTerm|REL:FEATURE-OF|REL:HYPONYM-OF|REL:PART-OF|REL:USED-FOR,c78644bd8d5afc3512efd86caa9ee0d9b06ce605c20eda1eb5257d3ec6b05582,1,medium,
SciERC,train,H01-1001,abstract,scierc_entity_relation,processed_data/json/train.json,"Oral communication is ubiquitous and carries important information yet it is also time consuming to document . Given the development of storage media and networks one could just record and store a conversation for documentation . The question is , however , how an interesting information piece would be found in a large database . Traditional information retrieval techniques use a histogram of keywords as the document representation but oral communication may offer additional indices such as the time and place of the rejoinder and the attendance . An alternative index could be the activity such as discussing , planning , informing , story-telling , etc. . This paper addresses the problem of the automatic detection of those activities in meeting situation and everyday rejoinders . Several extensions of this basic idea are being discussed and/or evaluated : Similar to activities one can define subsets of larger database and detect those automatically which is shown on a large database of TV shows . Emotions and other indices such as the dominance distribution of speakers might be available on the surface and could be used directly . Despite the small size of the databases used some results about the effectiveness of these indices can be obtained .",1264,206,9,18,10,1,NER:Generic|NER:Material|NER:Method|NER:OtherScientificTerm|NER:Task|REL:CONJUNCTION|REL:HYPONYM-OF|REL:USED-FOR,3252b1e106e607d35a98fcd52ac168eb570748d0019f5d0f628e3cb447bfb4e0,1,long,
SciERC,train,I05-4008,abstract,scierc_entity_relation,processed_data/json/train.json,"Taiwan Child Language Corpus contains scripts transcribed from about 330 hours of recordings of fourteen young children from Southern Min Chinese speaking families in Taiwan . The format of the corpus adopts the Child Language Data Exchange System -LRB- CHILDES -RRB- . The size of the corpus is about 1.6 million words . In this paper , we describe data collection , transcription , word segmentation , and part-of-speech annotation of this corpus . Applications of the corpus are also discussed .",498,82,5,10,8,1,NER:Generic|NER:Material|NER:Task|REL:CONJUNCTION|REL:FEATURE-OF|REL:USED-FOR,2c4009b16bb741a3ae4447da078a87e7434bd6b45d3ae69d42e71154cbbb373a,1,short,
SciERC,train,J87-3001,abstract,scierc_entity_relation,processed_data/json/train.json,"This paper shows how dictionary word sense definitions can be analysed by applying a hierarchy of phrasal patterns . An experimental system embodying this mechanism has been implemented for processing definitions from the Longman Dictionary of Contemporary English . A property of this dictionary , exploited by the system , is that it uses a restricted vocabulary in its word sense definitions . The structures generated by the experimental system are intended to be used for the classification of new word senses in terms of the senses of words in the restricted vocabulary . Examples illustrating the output generated are presented , and some qualitative performance results and problems that were encountered are discussed . The analysis process applies successively more specific phrasal analysis rules as determined by a hierarchy of patterns in which less specific patterns dominate more specific ones . This ensures that reasonable incomplete analyses of the definitions are produced when more complete analyses are not possible , resulting in a relatively robust analysis mechanism . Thus the work reported addresses two robustness problems faced by current experimental natural language processing systems : coping with an incomplete lexicon and with incomplete knowledge of phrasal constructions .",1308,199,8,17,8,1,NER:Generic|NER:Material|NER:Method|NER:OtherScientificTerm|NER:Task|REL:FEATURE-OF|REL:HYPONYM-OF|REL:PART-OF|REL:USED-FOR,3d4d8960eb45bb6f011689a6bb37ec39616564f3c31f78399723715d16a12e26,1,long,
SciERC,train,I05-3022,abstract,scierc_entity_relation,processed_data/json/train.json,"This paper presents a word segmentation system in France Telecom R&D Beijing , which uses a unified approach to word breaking and OOV identification . The output can be customized to meet different segmentation standards through the application of an ordered list of transformation . The system participated in all the tracks of the segmentation bakeoff -- PK-open , PK-closed , AS-open , AS-closed , HK-open , HK-closed , MSR-open and MSR - closed -- and achieved the state-of-the-art performance in MSR-open , MSR-close and PK-open tracks . Analysis of the results shows that each component of the system contributed to the scores .",634,104,4,18,21,1,NER:Generic|NER:Method|NER:OtherScientificTerm|NER:Task|REL:CONJUNCTION|REL:HYPONYM-OF|REL:USED-FOR,b3216b07d36f8f446210f457af940154938592f66a02a683422e92a34df9f126,1,short,
SciERC,train,P05-3025,abstract,scierc_entity_relation,processed_data/json/train.json,"This paper describes a method of interactively visualizing and directing the process of translating a sentence . The method allows a user to explore a model of syntax-based statistical machine translation -LRB- MT -RRB- , to understand the model 's strengths and weaknesses , and to compare it to other MT systems . Using this visualization method , we can find and address conceptual and practical problems in an MT system . In our demonstration at ACL , new users of our tool will drive a syntax-based decoder for themselves .",528,91,4,11,5,1,NER:Generic|NER:Method|NER:Task|REL:COMPARE|REL:USED-FOR,d07ec4651a2a9bca2c897d47ee418e197772e38fe80d6def17c276bb6cd21968,1,short,
SciERC,train,H91-1077,abstract,scierc_entity_relation,processed_data/json/train.json,"A method of sense resolution is proposed that is based on WordNet , an on-line lexical database that incorporates semantic relations -LRB- synonymy , antonymy , hyponymy , meronymy , causal and troponymic entailment -RRB- as labeled pointers between word senses . With WordNet , it is easy to retrieve sets of semantically related words , a facility that will be used for sense resolution during text processing , as follows . When a word with multiple senses is encountered , one of two procedures will be followed . Either , -LRB- 1 -RRB- words related in meaning to the alternative senses of the polysemous word will be retrieved ; new strings will be derived by substituting these related words into the context of the polysemous word ; a large textual corpus will then be searched for these derived strings ; and that sense will be chosen that corresponds to the derived string that is found most often in the corpus . Or , -LRB- 2 -RRB- the context of the polysemous word will be used as a key to search a large corpus ; all words found to occur in that context will be noted ; WordNet will then be used to estimate the semantic distance from those words to the alternative senses of the polysemous word ; and that sense will be chosen that is closest in meaning to other words occurring in the same context If successful , this procedure could have practical applications to problems of information retrieval , mechanical translation , intelligent tutoring systems , and elsewhere .",1489,263,5,25,22,1,NER:Generic|NER:Material|NER:OtherScientificTerm|NER:Task|REL:CONJUNCTION|REL:HYPONYM-OF|REL:PART-OF|REL:USED-FOR,10fb9ca975b1902a08082b34815b3b39e42b527b21fe3dad428e04d9dc33fae3,1,long,
SciERC,train,C86-1021,abstract,scierc_entity_relation,processed_data/json/train.json,"The interlingual approach to MT has been repeatedly advocated by researchers originally interested in natural language understanding who take machine translation to be one possible application . However , not only the ambiguity but also the vagueness which every natural language inevitably has leads this approach into essential difficulties . In contrast , our project , the Mu-project , adopts the transfer approach as the basic framework of MT . This paper describes the detailed construction of the transfer phase of our system from Japanese to English , and gives some examples of problems which seem difficult to treat in the interlingual approach . The basic design principles of the transfer phase of our system have already been mentioned in -LRB- 1 -RRB- -LRB- 2 -RRB- . Some of the principles which are relevant to the topic of this paper are : -LRB- a -RRB- Multiple Layer of Grammars -LRB- b -RRB- Multiple Layer Presentation -LRB- c -RRB- Lexicon Driven Processing -LRB- d -RRB- Form-Oriented Dictionary Description . This paper also shows how these principles are realized in the current system .",1112,182,7,21,13,1,NER:Generic|NER:Material|NER:Method|NER:Task|REL:CONJUNCTION|REL:PART-OF|REL:USED-FOR,818011ba92a7b2d6451df1918e8fcfc0dce6ad713e9cada05d3fa889d8b5798b,1,long,
SciERC,train,C92-1052,abstract,scierc_entity_relation,processed_data/json/train.json,In this paper discourse segments are defined and a method for discourse segmentation primarily based on abduction of temporal relations between segments is proposed . This method is precise and computationally feasible and is supported by previous work in the area of temporal anaphora resolution .,298,46,2,6,3,1,NER:Generic|NER:OtherScientificTerm|NER:Task|REL:USED-FOR,7c3263171b4742bdd84a48e4eacbdaca58760aa180958c43c0473f03e88facbe,1,short,
SciERC,train,C02-1071,abstract,scierc_entity_relation,processed_data/json/train.json,This paper describes to what extent deep processing may benefit from shallow techniques and it presents a NLP system which integrates a linguistic PoS tagger and chunker as a preprocessing module of a broad coverage unification based grammar of Spanish . Experiments show that the efficiency of the overall analysis improves significantly and that our system also provides robustness to the linguistic processing while maintaining both the accuracy and the precision of the grammar .,483,75,2,10,8,1,NER:Generic|NER:Method|NER:Metric|NER:Task|REL:CONJUNCTION|REL:EVALUATE-FOR|REL:PART-OF|REL:USED-FOR,e1c0ee1ccf8490500daf4bc2f87e4fcac1763cb9ecb18faa87df4f370ba276b7,1,short,
SciERC,train,ECCV_2016_215_abs,abstract,scierc_entity_relation,processed_data/json/train.json,"Joint image filters can leverage the guidance image as a prior and transfer the structural details from the guidance image to the target image for suppressing noise or enhancing spatial resolution . Existing methods rely on various kinds of explicit filter construction or hand-designed objective functions . It is thus difficult to understand , improve , and accelerate them in a coherent framework . In this paper , we propose a learning-based approach to construct a joint filter based on Convolution-al Neural Networks . In contrast to existing methods that consider only the guidance image , our method can selectively transfer salient structures that are consistent in both guidance and target images . We show that the model trained on a certain type of data , e.g. , RGB and depth images , generalizes well for other modalities , e.g. , Flash/Non-Flash and RGB/NIR images . We validate the effectiveness of the proposed joint filter through extensive comparisons with state-of-the-art methods .",1002,162,7,24,18,1,NER:Generic|NER:Material|NER:Method|NER:Task|REL:COMPARE|REL:CONJUNCTION|REL:HYPONYM-OF|REL:USED-FOR,75152ef84b3f29c01a1a97cc52cbdf02232a6068efe1534ef337507d29485306,1,long,
SciERC,train,A92-1010,abstract,scierc_entity_relation,processed_data/json/train.json,"In our current research into the design of cognitively well-motivated interfaces relying primarily on the display of graphical information , we have observed that graphical information alone does not provide sufficient support to users - particularly when situations arise that do not simply conform to the users ' expectations . This can occur due to too much information being requested , too little , information of the wrong kind , etc. . To solve this problem , we are working towards the integration of natural language generation to augment the interaction",563,91,3,5,2,1,NER:Generic|NER:OtherScientificTerm|NER:Task|REL:USED-FOR,f3c9be1861992fffff074da1a72158395a13954062fbe9def28ba98dd62e98ca,1,short,
SciERC,train,P03-1058,abstract,scierc_entity_relation,processed_data/json/train.json,"A central problem of word sense disambiguation -LRB- WSD -RRB- is the lack of manually sense-tagged data required for supervised learning . In this paper , we evaluate an approach to automatically acquire sense-tagged training data from English-Chinese parallel corpora , which are then used for disambiguating the nouns in the SENSEVAL-2 English lexical sample task . Our investigation reveals that this method of acquiring sense-tagged data is promising . On a subset of the most difficult SENSEVAL-2 nouns , the accuracy difference between the two approaches is only 14.0 % , and the difference could narrow further to 6.5 % if we disregard the advantage that manually sense-tagged data have in their sense coverage . Our analysis also highlights the importance of the issue of domain dependence in evaluating WSD programs .",827,133,5,17,8,1,NER:Generic|NER:Material|NER:Method|NER:Metric|NER:OtherScientificTerm|NER:Task|REL:FEATURE-OF|REL:PART-OF|REL:USED-FOR,f0ef69036d3d780c0c8fa6141867dbd950f4ecaea51dfa3607a87fe8351f2a22,1,medium,
SciERC,train,E95-1036,abstract,scierc_entity_relation,processed_data/json/train.json,"This paper presents an analysis of temporal anaphora in sentences which contain quantification over events , within the framework of Discourse Representation Theory . The analysis in -LRB- Partee , 1984 -RRB- of quantified sentences , introduced by a temporal connective , gives the wrong truth-conditions when the temporal connective in the subordinate clause is before or after . This problem has been previously analyzed in -LRB- de Swart , 1991 -RRB- as an instance of the proportion problem and given a solution from a Generalized Quantifier approach . By using a careful distinction between the different notions of reference time based on -LRB- Kamp and Reyle , 1993 -RRB- , we propose a solution to this problem , within the framework of DRT . We show some applications of this solution to additional temporal anaphora phenomena in quantified sentences .",862,141,5,18,8,1,NER:Generic|NER:Material|NER:Method|NER:OtherScientificTerm|NER:Task|REL:PART-OF|REL:USED-FOR,8449f7a47917ce2c21ee19665dc791d06c6e318e124b4a62650466790c8fc635,1,medium,
SciERC,train,P06-1112,abstract,scierc_entity_relation,processed_data/json/train.json,"In this paper , we explore correlation of dependency relation paths to rank candidate answers in answer extraction . Using the correlation measure , we compare dependency relations of a candidate answer and mapped question phrases in sentence with the corresponding relations in question . Different from previous studies , we propose an approximate phrase mapping algorithm and incorporate the mapping score into the correlation measure . The correlations are further incorporated into a Maximum Entropy-based ranking model which estimates path weights from training . Experimental results show that our method significantly outperforms state-of-the-art syntactic relation-based methods by up to 20 % in MRR .",710,105,5,12,7,1,NER:Generic|NER:Method|NER:Metric|NER:OtherScientificTerm|NER:Task|REL:COMPARE|REL:EVALUATE-FOR|REL:PART-OF|REL:USED-FOR,5e97fdb1f47cdb1ce05944359c8bb69b0000d54043e2bd72492a72da524adc5c,1,medium,
SciERC,train,A92-1023,abstract,scierc_entity_relation,processed_data/json/train.json,"A meaningful evaluation methodology can advance the state-of-the-art by encouraging mature , practical applications rather than `` toy '' implementations . Evaluation is also crucial to assessing competing claims and identifying promising technical approaches . While work in speech recognition -LRB- SR -RRB- has a history of evaluation methodologies that permit comparison among various systems , until recently no methodology existed for either developers of natural language -LRB- NL -RRB- interfaces or researchers in speech understanding -LRB- SU -RRB- to evaluate and compare the systems they developed . Recently considerable progress has been made by a number of groups involved in the DARPA Spoken Language Systems -LRB- SLS -RRB- program to agree on a methodology for comparative evaluation of SLS systems , and that methodology has been put into practice several times in comparative tests of several SLS systems . These evaluations are probably the only NL evaluations other than the series of Message Understanding Conferences -LRB- Sundheim , 1989 ; Sundheim , 1991 -RRB- to have been developed and used by a group of researchers at different sites , although several excellent workshops have been held to study some of these problems -LRB- Palmer et al. , 1989 ; Neal et al. , 1991 -RRB- . This paper describes a practical `` black-box '' methodology for automatic evaluation of question-answering NL systems . While each new application domain will require some development of special resources , the heart of the methodology is domain-independent , and it can be used with either speech or text input . The particular characteristics of the approach are described in the following section : subsequent sections present its implementation in the DARPA SLS community , and some problems and directions for future development .",1842,290,8,21,7,1,NER:Generic|NER:Material|NER:Method|NER:Metric|NER:OtherScientificTerm|NER:Task|REL:CONJUNCTION|REL:EVALUATE-FOR|REL:HYPONYM-OF|REL:USED-FOR,cb10b676241c146a8f7045584ef113fe3ff7b3711b129d906dc797a6f323cfc3,1,long,
SciERC,train,CVPR_2014_21_abs,abstract,scierc_entity_relation,processed_data/json/train.json,"In this paper we present a novel autonomous pipeline to build a personalized parametric model -LRB- pose-driven avatar -RRB- using a single depth sensor . Our method first captures a few high-quality scans of the user rotating herself at multiple poses from different views . We fit each incomplete scan using template fitting techniques with a generic human template , and register all scans to every pose using global consistency constraints . After registration , these watertight models with different poses are used to train a parametric model in a fashion similar to the SCAPE method . Once the parametric model is built , it can be used as an anim-itable avatar or more interestingly synthesizing dynamic 3D models from single-view depth videos . Experimental results demonstrate the effectiveness of our system to produce dynamic models .",846,137,6,17,9,1,NER:Generic|NER:Material|NER:Method|NER:OtherScientificTerm|REL:USED-FOR,ae09cedc2073ae18d49f149d2b6e86b398d58897430a685fb542e96c6f883de7,1,medium,
SciERC,train,ICASSP_2011_587_abs,abstract,scierc_entity_relation,processed_data/json/train.json,"In this paper , we propose a novel algorithm to detect/compensate on-line interference effects when integrating Global Navigation Satellite System -LRB- GNSS -RRB- and Inertial Navigation System -LRB- INS -RRB- . The GNSS/INS coupling is usually performed by an Extended Kalman Filter -LRB- EKF -RRB- which yields an accurate and robust localization . However , interference cause the GNSS measurement noise to increase unexpectedly , hence degrade the positioning accuracy . In this context , our contribution is twofold . We first study the impact of the GNSS noise inflation on the covariance of the EKF outputs so as to compute a least square estimate of the potential variance jumps . Then , this estimation is used in a Bayesian test which decides whether interference are corrupting the GNSS signal or not . It allows us to estimate their times of occurrence as well . In this way , the impaired measurements can be discarded while their impact on the navigation solution can be compensated . The results show the performance of the proposed approach on simulated data .",1077,179,9,20,8,1,NER:Generic|NER:Material|NER:Method|NER:Metric|NER:OtherScientificTerm|NER:Task|REL:CONJUNCTION|REL:EVALUATE-FOR|REL:FEATURE-OF|REL:USED-FOR,492dd2d878c5049029f20719ef222dd9fe22b1af21b779c1893699e2650154ad,1,long,
SciERC,train,CVPR_2012_11_abs,abstract,scierc_entity_relation,processed_data/json/train.json,"We propose a unified variational formulation for joint motion estimation and segmentation with explicit occlusion handling . This is done by a multi-label representation of the flow field , where each label corresponds to a parametric representation of the motion . We use a convex formulation of the multi-label Potts model with label costs and show that the asymmetric map-uniqueness criterion can be integrated into our formulation by means of convex constraints . Explicit occlusion handling eliminates errors otherwise created by the regularization . As occlusions can occur only at object boundaries , a large number of objects may be required . By using a fast primal-dual algorithm we are able to handle several hundred motion segments . Results are shown on several classical motion segmentation and optical flow examples .",832,131,7,18,6,1,NER:Generic|NER:Method|NER:Metric|NER:OtherScientificTerm|NER:Task|REL:PART-OF|REL:USED-FOR,b6c99c56a63724450048d6bde3713827a80d4f4193d9a86338ffdabcc6f7b574,1,medium,
SciERC,train,ECCV_2016_205_abs,abstract,scierc_entity_relation,processed_data/json/train.json,"Two main classes of approaches have been studied to perform monocular nonrigid 3D reconstruction : Template-based methods and Non-rigid Structure from Motion techniques . While the first ones have been applied to reconstruct poorly-textured surfaces , they assume the availability of a 3D shape model prior to reconstruction . By contrast , the second ones do not require such a shape template , but , instead , rely on points being tracked throughout a video sequence , and are thus ill-suited to handle poorly-textured surfaces . In this paper , we introduce a template-free approach to reconstructing a poorly-textured , deformable surface . To this end , we leverage surface isometry and formulate 3D reconstruction as the joint problem of non-rigid image registration and depth estimation . Our experiments demonstrate that our approach yields much more accurate 3D reconstructions than state-of-the-art techniques .",921,143,6,21,12,1,NER:Generic|NER:Material|NER:Method|NER:OtherScientificTerm|NER:Task|REL:COMPARE|REL:CONJUNCTION|REL:EVALUATE-FOR|REL:HYPONYM-OF|REL:USED-FOR,5837d30bff68821765ef8d15f1861bfca194ad0ad600a7ffe3430c37da432c55,1,medium,
SciERC,train,CVPR_2009_21_abs,abstract,scierc_entity_relation,processed_data/json/train.json,"Many computer vision applications , such as image classification and video indexing , are usually multi-label classification problems in which an instance can be assigned to more than one category . In this paper , we present a novel multi-label classification approach with hypergraph regu-larization that addresses the correlations among different categories . First , a hypergraph is constructed to capture the correlations among different categories , in which each vertex represents one training instance and each hyperedge for one category contains all the instances belonging to the same category . Then , an improved SVM like learning system incorporating the hypergraph regularization , called Rank-HLapSVM , is proposed to handle the multi-label classification problems . We find that the corresponding optimization problem can be efficiently solved by the dual coordinate descent method . Many promising experimental results on the real datasets including ImageCLEF and Me-diaMill demonstrate the effectiveness and efficiency of the proposed algorithm .",1064,156,6,17,13,1,NER:Generic|NER:Material|NER:Method|NER:OtherScientificTerm|NER:Task|REL:CONJUNCTION|REL:EVALUATE-FOR|REL:FEATURE-OF|REL:HYPONYM-OF|REL:PART-OF|REL:USED-FOR,64fd874b69bdbfa88d4fb80787a251db547eae664d36e782da2eb54c38212002,1,long,
SciERC,train,AAAI_2015_11_abs,abstract,scierc_entity_relation,processed_data/json/train.json,"We derive a convex optimization problem for the task of segmenting sequential data , which explicitly treats presence of outliers . We describe two algorithms for solving this problem , one exact and one a top-down novel approach , and we derive a consistency results for the case of two segments and no outliers . Robustness to outliers is evaluated on two real-world tasks related to speech segmentation . Our algorithms outperform baseline seg-mentation algorithms .",469,76,4,11,8,1,NER:Generic|NER:Method|NER:Metric|NER:OtherScientificTerm|NER:Task|REL:COMPARE|REL:EVALUATE-FOR|REL:FEATURE-OF|REL:USED-FOR,a5583f8347e42e2775c30f6f9eab161bf2b743cc65bdd200f1f727783a8a3682,1,short,
SciERC,train,C90-3007,abstract,scierc_entity_relation,processed_data/json/train.json,"This paper examines the properties of feature-based partial descriptions built on top of Halliday 's systemic networks . We show that the crucial operation of consistency checking for such descriptions is NP-complete , and therefore probably intractable , but proceed to develop algorithms which can sometimes alleviate the unpleasant consequences of this intractability .",372,54,2,4,2,1,NER:Generic|NER:Method|NER:OtherScientificTerm|REL:USED-FOR,15fee48cfb87af52be6dbcf6bfcb27b07493aaa59205e27b2fe8648addc32514,1,short,
SciERC,train,AAAI_2008_262_abs,abstract,scierc_entity_relation,processed_data/json/train.json,"We describe Yoopick , a combinatorial sports prediction market that implements a flexible betting language , and in turn facilitates fine-grained probabilistic estimation of outcomes .",184,26,1,4,3,1,NER:Method|NER:OtherScientificTerm|NER:Task|REL:HYPONYM-OF|REL:USED-FOR,37ff67a31eabc9046e09000d63afbf4ca64d8613efbd6345e32433e5f7c8cbd1,1,short,
SciERC,train,ECCV_2012_37_abs,abstract,scierc_entity_relation,processed_data/json/train.json,"The goal of this paper is to discover a set of discriminative patches which can serve as a fully unsupervised mid-level visual representation . The desired patches need to satisfy two requirements : 1 -RRB- to be representative , they need to occur frequently enough in the visual world ; 2 -RRB- to be discriminative , they need to be different enough from the rest of the visual world . The patches could correspond to parts , objects , '' visual phrases '' , etc. but are not restricted to be any one of them . We pose this as an unsupervised discriminative clustering problem on a huge dataset of image patches . We use an iterative procedure which alternates between clustering and training discriminative classifiers , while applying careful cross-validation at each step to prevent overfitting . The paper experimentally demonstrates the effectiveness of discriminative patches as an unsupervised mid-level visual representation , suggesting that it could be used in place of visual words for many tasks . Furthermore , discrim-inative patches can also be used in a supervised regime , such as scene classification , where they demonstrate state-of-the-art performance on the MIT Indoor-67 dataset .",1206,198,7,19,8,1,NER:Generic|NER:Material|NER:Method|NER:OtherScientificTerm|NER:Task|REL:EVALUATE-FOR|REL:HYPONYM-OF|REL:USED-FOR,9d2b725e2cf69864d22ff6baaa7450588e727836f0dc39b7441cc3e77b112242,1,long,
SciERC,train,A97-1050,abstract,scierc_entity_relation,processed_data/json/train.json,"We investigate the utility of an algorithm for translation lexicon acquisition -LRB- SABLE -RRB- , used previously on a very large corpus to acquire general translation lexicons , when that algorithm is applied to a much smaller corpus to produce candidates for domain-specific translation lexicons .",300,46,1,5,3,1,NER:Generic|NER:OtherScientificTerm|NER:Task|REL:USED-FOR,c226fba79cc795748a6817c3877072a02f45336ba70daaa19af0978036838191,1,short,
SciERC,train,W04-1307,abstract,scierc_entity_relation,processed_data/json/train.json,"This paper describes a computational model of word segmentation and presents simulation results on realistic acquisition . In particular , we explore the capacity and limitations of statistical learning mechanisms that have recently gained prominence in cognitive psychology and linguistics .",292,41,2,6,5,1,NER:Material|NER:Method|NER:Task|REL:CONJUNCTION|REL:USED-FOR,8f36b81d7bd0b1d39a1a7a42e5d40d14ef12aaf15375cfa50e4b6f81b3b182bf,1,short,
SciERC,train,ICML_2006_122_abs,abstract,scierc_entity_relation,processed_data/json/train.json,"In the model-based policy search approach to reinforcement learning -LRB- RL -RRB- , policies are found using a model -LRB- or `` simulator '' -RRB- of the Markov decision process . However , for high-dimensional continuous-state tasks , it can be extremely difficult to build an accurate model , and thus often the algorithm returns a policy that works in simulation but not in real-life . The other extreme , model-free RL , tends to require infeasibly large numbers of real-life trials . In this paper , we present a hybrid algorithm that requires only an approximate model , and only a small number of real-life trials . The key idea is to successively `` ground '' the policy evaluations using real-life trials , but to rely on the approximate model to suggest local changes . Our theoretical results show that this algorithm achieves near-optimal performance in the real system , even when the model is only approximate . Empirical results also demonstrate that -- when given only a crude model and a small number of real-life trials -- our algorithm can obtain near-optimal performance in the real system .",1113,190,7,22,11,1,NER:Generic|NER:Method|NER:OtherScientificTerm|NER:Task|REL:CONJUNCTION|REL:USED-FOR,02a5854e4ee1b5037d112c77c2d1aea3bcd35d14e3fcefee92de979393c5be05,1,long,
SciERC,train,C88-2166,abstract,scierc_entity_relation,processed_data/json/train.json,"Although every natural language system needs a computational lexicon , each system puts different amounts and types of information into its lexicon according to its individual needs . However , some of the information needed across systems is shared or identical information . This paper presents our experience in planning and building COMPLEX , a computational lexicon designed to be a repository of shared lexical information for use by Natural Language Processing -LRB- NLP -RRB- systems . We have drawn primarily on explicit and implicit information from machine-readable dictionaries -LRB- MRD 's -RRB- to create a broad coverage lexicon .",645,100,4,8,3,1,NER:Generic|NER:Material|NER:Method|NER:OtherScientificTerm|NER:Task|REL:HYPONYM-OF|REL:USED-FOR,cc815d8f8ec295897579c48a7561af8280619af31ac11dfc0a72019b336a5a1d,1,short,
SciERC,train,N01-1003,abstract,scierc_entity_relation,processed_data/json/train.json,"Sentence planning is a set of inter-related but distinct tasks , one of which is sentence scoping , i.e. the choice of syntactic structure for elementary speech acts and the decision of how to combine them into one or more sentences . In this paper , we present SPoT , a sentence planner , and a new methodology for automatically training SPoT on the basis of feedback provided by human judges . We reconceptualize the task into two distinct phases . First , a very simple , randomized sentence-plan-generator -LRB- SPG -RRB- generates a potentially large list of possible sentence plans for a given text-plan input . Second , the sentence-plan-ranker -LRB- SPR -RRB- ranks the list of output sentence plans , and then selects the top-ranked plan . The SPR uses ranking rules automatically learned from training data . We show that the trained SPR learns to select a sentence plan whose rating on average is only 5 % worse than the top human-ranked sentence plan .",964,168,7,19,10,1,NER:Generic|NER:Method|NER:OtherScientificTerm|NER:Task|REL:COMPARE|REL:HYPONYM-OF|REL:PART-OF|REL:USED-FOR,a738e2801405407e3e506cca53ffe9f1527c7f481e0b279a306943418c688822,1,long,
SciERC,train,H92-1036,abstract,scierc_entity_relation,processed_data/json/train.json,"We discuss maximum a posteriori estimation of continuous density hidden Markov models -LRB- CDHMM -RRB- . The classical MLE reestimation algorithms , namely the forward-backward algorithm and the segmental k-means algorithm , are expanded and reestimation formulas are given for HMM with Gaussian mixture observation densities . Because of its adaptive nature , Bayesian learning serves as a unified approach for the following four speech recognition applications , namely parameter smoothing , speaker adaptation , speaker group modeling and corrective training . New experimental results on all four applications are provided to show the effectiveness of the MAP estimation approach .",686,101,4,15,14,1,NER:Generic|NER:Method|NER:OtherScientificTerm|NER:Task|REL:CONJUNCTION|REL:EVALUATE-FOR|REL:HYPONYM-OF|REL:USED-FOR,b319048e4e72978eb5ca0afdd38f4488d075367a2ac1b35d44f9be66aecf3f89,1,medium,
SciERC,train,C94-1088,abstract,scierc_entity_relation,processed_data/json/train.json,"This paper describes a characters-based Chinese collocation system and discusses the advantages of it over a traditional word-based system . Since wordbreaks are not conventionally marked in Chinese text corpora , a character-based collocation system has the dual advantages of avoiding pre-processing distortion and directly accessing sub-lexical information . Furthermore , word-based collocational properties can be obtained through an auxiliary module of automatic segmentation .",483,65,3,9,5,1,NER:Generic|NER:Material|NER:Method|NER:OtherScientificTerm|NER:Task|REL:COMPARE|REL:CONJUNCTION|REL:FEATURE-OF|REL:USED-FOR,696cce94cff3630b964ea6027fad5eee62478e9f7e1045047667d3059ad453f2,1,short,
SciERC,train,N03-1001,abstract,scierc_entity_relation,processed_data/json/train.json,"This paper describes a method for utterance classification that does not require manual transcription of training data . The method combines domain independent acoustic models with off-the-shelf classifiers to give utterance classification performance that is surprisingly close to what can be achieved using conventional word-trigram recognition requiring manual transcription . In our method , unsupervised training is first used to train a phone n-gram model for a particular domain ; the output of recognition with this model is then passed to a phone-string classifier . The classification accuracy of the method is evaluated on three different spoken language system domains .",682,101,4,18,12,1,NER:Generic|NER:Material|NER:Method|NER:Metric|NER:Task|REL:CONJUNCTION|REL:EVALUATE-FOR|REL:PART-OF|REL:USED-FOR,2a8d0a2a202ce574ce181f77ee6264e0988f1860e655cc8dc3d10df04087de1f,1,medium,
SciERC,train,IJCAI_2013_15_abs,abstract,scierc_entity_relation,processed_data/json/train.json,"The Interval Algebra -LRB- IA -RRB- and a subset of the Region Connection Calculus -LRB- RCC -RRB- , namely RCC-8 , are the dominant Artificial Intelligence approaches for representing and reasoning about qualitative temporal and topological relations respectively . Such qualitative information can be formulated as a Qualitative Constraint Network -LRB- QCN -RRB- . In this paper , we focus on the minimal labeling problem -LRB- MLP -RRB- and we propose an algorithm to efficiently derive all the feasible base relations of a QCN . Our algorithm considers chordal QCNs and a new form of partial consistency which we define as ◆ G-consistency . Further , the proposed algorithm uses tractable subclasses of relations having a specific patchwork property for which-consistency implies the consistency of the input QCN . Experi-mentations with QCNs of IA and RCC-8 show the importance and efficiency of this new approach .",921,146,6,23,12,1,NER:Generic|NER:Method|NER:OtherScientificTerm|NER:Task|REL:CONJUNCTION|REL:EVALUATE-FOR|REL:HYPONYM-OF|REL:PART-OF|REL:USED-FOR,9de7c0910cac9633de48a2b858e3f13b9a49b6081b5f9f087e968f4986311eb2,1,medium,
SciERC,train,E93-1043,abstract,scierc_entity_relation,processed_data/json/train.json,"In this paper a morphological component with a limited capability to automatically interpret -LRB- and generate -RRB- derived words is presented . The system combines an extended two-level morphology -LSB- Trost , 1991a ; Trost , 1991b -RSB- with a feature-based word grammar building on a hierarchical lexicon . Polymorphemic stems not explicitly stored in the lexicon are given a compositional interpretation . That way the system allows to minimize redundancy in the lexicon because derived words that are transparent need not to be stored explicitly . Also , words formed ad-hoc can be recognized correctly . The system is implemented in CommonLisp and has been tested on examples from German derivation .",709,113,6,14,7,1,NER:Generic|NER:Material|NER:Method|NER:OtherScientificTerm|REL:CONJUNCTION|REL:EVALUATE-FOR|REL:FEATURE-OF|REL:USED-FOR,47d892915e5ed2736b2d9b64aaa9edc3de57d96f38d5a761c1e47206e64dbcfa,1,medium,
SciERC,train,P08-2034,abstract,scierc_entity_relation,processed_data/json/train.json,"Lyric-based song sentiment classification seeks to assign songs appropriate sentiment labels such as light-hearted heavy-hearted . Four problems render vector space model -LRB- VSM -RRB- - based text classification approach ineffective : 1 -RRB- Many words within song lyrics actually contribute little to sentiment ; 2 -RRB- Nouns and verbs used to express sentiment are ambiguous ; 3 -RRB- Negations and modifiers around the sentiment keywords make particular contributions to sentiment ; 4 -RRB- Song lyric is usually very short . To address these problems , the sentiment vector space model -LRB- s-VSM -RRB- is proposed to represent song lyric document . The preliminary experiments prove that the s-VSM model outperforms the VSM model in the lyric-based song sentiment classification task .",796,122,4,14,7,1,NER:Material|NER:Method|NER:OtherScientificTerm|NER:Task|REL:COMPARE|REL:CONJUNCTION|REL:EVALUATE-FOR|REL:USED-FOR,a746b25e826d5542828129c356e3f787424e53946bc99f35bc57f72f85ef4d54,1,medium,
SciERC,train,P06-1052,abstract,scierc_entity_relation,processed_data/json/train.json,"We present an efficient algorithm for the redundancy elimination problem : Given an underspecified semantic representation -LRB- USR -RRB- of a scope ambiguity , compute an USR with fewer mutually equivalent readings . The algorithm operates on underspecified chart representations which are derived from dominance graphs ; it can be applied to the USRs computed by large-scale grammars . We evaluate the algorithm on a corpus , and show that it reduces the degree of ambiguity significantly while taking negligible runtime .",525,82,3,15,8,1,NER:Generic|NER:Material|NER:Method|NER:OtherScientificTerm|NER:Task|REL:USED-FOR,0e2d354203b52d320f197778fce6bce8b7ddc6ab4f3cc319f7722ee5c1b37225,1,short,
SciERC,train,E87-1037,abstract,scierc_entity_relation,processed_data/json/train.json,"Currently several grammatical formalisms converge towards being declarative and towards utilizing context-free phrase-structure grammar as a backbone , e.g. LFG and PATR-II . Typically the processing of these formalisms is organized within a chart-parsing framework . The declarative character of the formalisms makes it important to decide upon an overall optimal control strategy on the part of the processor . In particular , this brings the rule-invocation strategy into critical focus : to gain maximal processing efficiency , one has to determine the best way of putting the rules to use . The aim of this paper is to provide a survey and a practical comparison of fundamental rule-invocation strategies within context-free chart parsing .",745,115,5,12,6,1,NER:Generic|NER:Method|NER:OtherScientificTerm|REL:CONJUNCTION|REL:FEATURE-OF|REL:HYPONYM-OF|REL:PART-OF|REL:USED-FOR,90860459d55ce41719253f24794b1b138d666f699bb0741247ce2da614250286,1,medium,
SciERC,train,W02-1403,abstract,scierc_entity_relation,processed_data/json/train.json,"Terminology structuring has been the subject of much work in the context of terms extracted from corpora : given a set of terms , obtained from an existing resource or extracted from a corpus , identifying hierarchical -LRB- or other types of -RRB- relations between these terms . The present paper focusses on terminology structuring by lexical methods , which match terms on the basis on their content words , taking morphological variants into account . Experiments are done on a ` flat ' list of terms obtained from an originally hierarchically-structured terminology : the French version of the US National Library of Medicine MeSH thesaurus . We compare the lexically-induced relations with the original MeSH relations : after a quantitative evaluation of their congruence through recall and precision metrics , we perform a qualitative , human analysis ofthe ` new ' relations not present in the MeSH . This analysis shows , on the one hand , the limits of the lexical structuring method . On the other hand , it also reveals some specific structuring choices and naming conventions made by the MeSH designers , and emphasizes ontological commitments that can not be left to automatic structuring .",1205,200,6,15,4,1,NER:Material|NER:Method|NER:Metric|NER:OtherScientificTerm|NER:Task|REL:COMPARE|REL:EVALUATE-FOR|REL:HYPONYM-OF|REL:USED-FOR,7cdb5cd1bac05474dc01e9861f83cf3e2b67c9229b4aa41447dec6454ca1a84b,1,long,
SciERC,train,N03-2006,abstract,scierc_entity_relation,processed_data/json/train.json,"In order to boost the translation quality of EBMT based on a small-sized bilingual corpus , we use an out-of-domain bilingual corpus and , in addition , the language model of an in-domain monolingual corpus . We conducted experiments with an EBMT system . The two evaluation measures of the BLEU score and the NIST score demonstrated the effect of using an out-of-domain bilingual corpus and the possibility of using the language model .",437,74,3,11,9,1,NER:Material|NER:Method|NER:Metric|REL:CONJUNCTION|REL:EVALUATE-FOR|REL:HYPONYM-OF|REL:USED-FOR,0d9a62d9b0eb4965a4b2be560bc66c27e827108bf2dd70ec77de9187bdec0770,1,short,
SciERC,train,ECCV_2016_107_abs,abstract,scierc_entity_relation,processed_data/json/train.json,"Diagrams are common tools for representing complex concepts , relationships and events , often when it would be difficult to portray the same information with natural images . Understanding natural images has been extensively studied in computer vision , while diagram understanding has received little attention . In this paper , we study the problem of diagram interpretation and reasoning , the challenging task of identifying the structure of a diagram and the semantics of its constituents and their relationships . We introduce Diagram Parse Graphs -LRB- DPG -RRB- as our representation to model the structure of diagrams . We define syntactic parsing of diagrams as learning to infer DPGs for diagrams and study semantic interpretation and reasoning of diagrams in the context of diagram question answering . We devise an LSTM-based method for syntactic parsing of diagrams and introduce a DPG-based attention model for diagram question answering . We compile a new dataset of diagrams with exhaustive annotations of constituents and relationships for over 5,000 diagrams and 15,000 questions and answers . Our results show the significance of our models for syntactic parsing and question answering in diagrams using DPGs .",1231,192,8,27,16,1,NER:Generic|NER:Material|NER:Method|NER:OtherScientificTerm|NER:Task|REL:COMPARE|REL:CONJUNCTION|REL:FEATURE-OF|REL:PART-OF|REL:USED-FOR,ecd77b99b4bc77c399c2b1f01ff0cd252afe098aafd00626896dd2f178c229b7,1,long,
SciERC,train,ICCV_2015_50_abs,abstract,scierc_entity_relation,processed_data/json/train.json,"Detecting fine-grained subtle changes among a scene is critically important in practice . Previous change detection methods , focusing on detecting large-scale significant changes , can not do this well . This paper proposes a feasible end-to-end approach to this challenging problem . We start from active camera relocation that quickly relocates camera to nearly the same pose and position of the last time observation . To guarantee detection sensitivity and accuracy of minute changes , in an observation , we capture a group of images under multiple illuminations , which need only to be roughly aligned to the last time lighting conditions . Given two times observations , we formulate fine-grained change detection as a joint optimization problem of three related factors , i.e. , normal-aware lighting difference , camera geometry correction flow , and real scene change mask . We solve the three factors in a coarse-to-fine manner and achieve reliable change decision by rank minimization . We build three real-world datasets to benchmark fine-grained change detection of misaligned scenes under varied multiple lighting conditions . Extensive experiments show the superior performance of our approach over state-of-the-art change detection methods and its ability to distinguish real scene changes from false ones caused by lighting variations .",1355,208,9,26,15,1,NER:Generic|NER:Material|NER:Method|NER:Metric|NER:OtherScientificTerm|NER:Task|REL:COMPARE|REL:CONJUNCTION|REL:EVALUATE-FOR|REL:FEATURE-OF|REL:HYPONYM-OF|REL:USED-FOR,2059de0f9b7ea42a43d83df3eb1ea8e7a74692697f861c026fb026f713246893,1,long,
SciERC,train,I05-2014,abstract,scierc_entity_relation,processed_data/json/train.json,"Automatic evaluation metrics for Machine Translation -LRB- MT -RRB- systems , such as BLEU or NIST , are now well established . Yet , they are scarcely used for the assessment of language pairs like English-Chinese or English-Japanese , because of the word segmentation problem . This study establishes the equivalence between the standard use of BLEU in word n-grams and its application at the character level . The use of BLEU at the character level eliminates the word segmentation problem : it makes it possible to directly compare commercial systems outputting unsegmented texts with , for instance , statistical MT systems which usually segment their outputs .",666,108,4,19,16,1,NER:Generic|NER:Method|NER:Metric|NER:OtherScientificTerm|NER:Task|REL:COMPARE|REL:CONJUNCTION|REL:EVALUATE-FOR|REL:HYPONYM-OF|REL:USED-FOR,2b4ef98503270e23b5a2ae2c3d54c9747dd2ae6532e8c86575cecdda314e9daa,1,short,
SciERC,train,C82-1054,abstract,scierc_entity_relation,processed_data/json/train.json,"This paper proposes a series of modifications to the left corner parsing algorithm for context-free grammars . It is argued that the resulting algorithm is both efficient and flexible and is , therefore , a good choice for the parser used in a natural language interface .",272,47,2,5,3,1,NER:Generic|NER:Method|NER:Task|REL:USED-FOR,e8ce45c7f59ec9b016c1e75c1c36b793a616da046f02c34305cfd4321c0388b9,1,short,
SciERC,train,INTERSPEECH_2014_28_abs,abstract,scierc_entity_relation,processed_data/json/train.json,"This paper presents a novel statistical singing voice conversion -LRB- SVC -RRB- technique with direct waveform modification based on the spectrum differential that can convert voice timbre of a source singer into that of a target singer without using a vocoder to generate converted singing voice waveforms . SVC makes it possible to convert singing voice characteristics of an arbitrary source singer into those of an arbitrary target singer . However , speech quality of the converted singing voice is significantly degraded compared to that of a natural singing voice due to various factors , such as analysis and modeling errors in the vocoder-based framework . To alleviate this degradation , we propose a statistical conversion process that directly modifies the signal in the waveform domain by estimating the difference in the spectra of the source and target singers ' singing voices . The differential spectral feature is directly estimated using a differential Gaussian mixture model -LRB- GMM -RRB- that is analytically derived from the traditional GMM used as a conversion model in the conventional SVC . The experimental results demonstrate that the proposed method makes it possible to significantly improve speech quality in the converted singing voice while preserving the conversion accuracy of singer identity compared to the conventional SVC .",1364,212,6,23,17,1,NER:Generic|NER:Method|NER:Metric|NER:OtherScientificTerm|REL:COMPARE|REL:EVALUATE-FOR|REL:USED-FOR,1b5361db62d314789913cf64d7bc649676b34265015a87b06c5f8366e90d6c5d,1,long,
SciERC,train,IJCAI_2013_4_abs,abstract,scierc_entity_relation,processed_data/json/train.json,"In this paper , we state the challenges of high-level program execution in multi-agent settings . We first introduce high-level program execution and the related work . Then we describe the completed work , the future work and its approaches . We conclude with the expected contributions of our research .",305,51,4,2,0,1,NER:Task,dd4ac0189e13933fc5142a85f0ecc15c4b2267a0ed95c960b853b1000c6e06c6,1,short,
SciERC,train,INTERSPEECH_2014_31_abs,abstract,scierc_entity_relation,processed_data/json/train.json,"During late-2013 through early-2014 NIST coordinated a special i-vector challenge based on data used in previous NIST Speaker Recognition Evaluations -LRB- SREs -RRB- . Unlike evaluations in the SRE series , the i-vector challenge was run entirely online and used fixed-length feature vectors projected into a low-dimensional space -LRB- i-vectors -RRB- rather than audio recordings . These changes made the challenge more readily accessible , especially to participants from outside the audio processing field . Compared to the 2012 SRE , the i-vector challenge saw an increase in the number of participants by nearly a factor of two , and a two orders of magnitude increase in the number of systems submitted for evaluation . Initial results indicate the leading system achieved an approximate 37 % improvement relative to the baseline system .",846,133,5,12,6,1,NER:Generic|NER:Material|NER:OtherScientificTerm|REL:COMPARE|REL:USED-FOR,86cc7c7947b3d3371e4d213948f161b861db5727aae2be89ad1b3ddeb196d00d,1,medium,
SciERC,train,E89-1040,abstract,scierc_entity_relation,processed_data/json/train.json,"Theoretical research in the area of machine translation usually involves the search for and creation of an appropriate formalism . An important issue in this respect is the way in which the compositionality of translation is to be defined . In this paper , we will introduce the anaphoric component of the Mimo formalism . It makes the definition and translation of anaphoric relations possible , relations which are usually problematic for systems that adhere to strict compositionality . In Mimo , the translation of anaphoric relations is compositional . The anaphoric component is used to define linguistic phenomena such as wh-movement , the passive and the binding of reflexives and pronouns mono-lingually . The actual working of the component will be shown in this paper by means of a detailed discussion of wh-movement .",829,135,7,14,7,1,NER:Generic|NER:Method|NER:OtherScientificTerm|NER:Task|REL:CONJUNCTION|REL:HYPONYM-OF|REL:PART-OF|REL:USED-FOR,0d848acd03eb052a2854f127901e5c25d21a3bb459381edee355285ff8bcc899,1,medium,
SciERC,train,CVPR_2006_11_abs,abstract,scierc_entity_relation,processed_data/json/train.json,"A recognition scheme that scales efficiently to a large number of objects is presented . The efficiency and quality is exhibited in a live demonstration that recognizes CD-covers from a database of 40000 images of popular music CD 's . The scheme builds upon popular techniques of indexing descriptors extracted from local regions , and is robust to background clutter and occlusion . The local region descriptors are hierarchically quantized in a vocabulary tree . The vocabulary tree allows a larger and more discriminatory vocabulary to be used efficiently , which we show experimentally leads to a dramatic improvement in retrieval quality . The most significant property of the scheme is that the tree directly defines the quantization . The quantization and the indexing are therefore fully integrated , essentially being one and the same . The recognition quality is evaluated through retrieval on a database with ground truth , showing the power of the vocabulary tree approach , going as high as 1 million images .",1023,167,8,23,12,1,NER:Generic|NER:Material|NER:Method|NER:Metric|NER:OtherScientificTerm|NER:Task|REL:CONJUNCTION|REL:EVALUATE-FOR|REL:FEATURE-OF|REL:USED-FOR,1a2249485b99506bc182e056b8f4eddfc8b839e33855c7789b01c1eac916c6ba,1,long,
SciERC,train,INTERSPEECH_2001_31_abs,abstract,scierc_entity_relation,processed_data/json/train.json,"This paper presents a method for blind estimation of reverberation times in reverberant enclosures . The proposed algorithm is based on a statistical model of short-term log-energy sequences for echo-free speech . Given a speech utterance recorded in a reverberant room , it computes a Maximum Likelihood estimate of the room full-band reverberation time . The estimation method is shown to require little data and to perform satisfactorily . The method has been successfully applied to robust automatic speech recognition in reverberant environments by model selection . For this application , the reverberation time is first estimated from the reverberated speech utterance to be recognized . The estimation is then used to select the best acoustic model out of a library of models trained in various artificial re-verberant conditions . Speech recognition experiments in simulated and real reverberant environments show the efficiency of our approach which outperforms standard channel normaliza-tion techniques .",1016,152,8,23,15,1,NER:Generic|NER:Material|NER:Method|NER:OtherScientificTerm|NER:Task|REL:COMPARE|REL:EVALUATE-FOR|REL:FEATURE-OF|REL:PART-OF|REL:USED-FOR,fbbfda1cc1922cef95fccd36bddd0a99c8a6e9b2678f5b7829f9673d4d4d8fae,1,long,
SciERC,train,C88-2162,abstract,scierc_entity_relation,processed_data/json/train.json,"Computer programs so far have not fared well in modeling language acquisition . For one thing , learning methodology applicable in general domains does not readily lend itself in the linguistic domain . For another , linguistic representation used by language processing systems is not geared to learning . We introduced a new linguistic representation , the Dynamic Hierarchical Phrasal Lexicon -LRB- DHPL -RRB- -LSB- Zernik88 -RSB- , to facilitate language acquisition . From this , a language learning model was implemented in the program RINA , which enhances its own lexical hierarchy by processing examples in context . We identified two tasks : First , how linguistic concepts are acquired from training examples and organized in a hierarchy ; this task was discussed in previous papers -LSB- Zernik87 -RSB- . Second , we show in this paper how a lexical hierarchy is used in predicting new linguistic concepts . Thus , a program does not stall even in the presence of a lexical unknown , and a hypothesis can be produced for covering that lexical gap .",1060,178,8,18,9,1,NER:Generic|NER:Material|NER:Method|NER:OtherScientificTerm|NER:Task|REL:COMPARE|REL:HYPONYM-OF|REL:PART-OF|REL:USED-FOR,7e7df1d1d508d06064b0d688d4bceaf1d78541e14b4169978f856a7eb25ec594,1,long,
SciERC,train,P04-2010,abstract,scierc_entity_relation,processed_data/json/train.json,"This paper presents a novel ensemble learning approach to resolving German pronouns . Boosting , the method in question , combines the moderately accurate hypotheses of several classifiers to form a highly accurate one . Experiments show that this approach is superior to a single decision-tree classifier . Furthermore , we present a standalone system that resolves pronouns in unannotated text by using a fully automatic sequence of preprocessing modules that mimics the manual annotation process . Although the system performs well within a limited textual domain , further research is needed to make it effective for open-domain question answering and text summarisation .",676,104,5,16,12,1,NER:Generic|NER:Material|NER:Method|NER:OtherScientificTerm|NER:Task|REL:COMPARE|REL:CONJUNCTION|REL:EVALUATE-FOR|REL:PART-OF|REL:USED-FOR,6248a25cacd748b2d3c773fe3624a62068c511895dabb2e25ff31cf4b2bcaf76,1,medium,
SciERC,train,P06-2067,abstract,scierc_entity_relation,processed_data/json/train.json,"In this paper , we compare the performance of a state-of-the-art statistical parser -LRB- Bikel , 2004 -RRB- in parsing written and spoken language and in generating sub-categorization cues from written and spoken language . Although Bikel 's parser achieves a higher accuracy for parsing written language , it achieves a higher accuracy when extracting subcategorization cues from spoken language . Our experiments also show that current technology for extracting subcategorization frames initially designed for written texts works equally well for spoken language . Additionally , we explore the utility of punctuation in helping parsing and extraction of subcategorization cues . Our experiments show that punctuation is of little help in parsing spoken language and extracting subcategorization cues from spoken language . This indicates that there is no need to add punctuation in transcribing spoken corpora simply in order to help parsers .",947,143,6,29,18,1,NER:Generic|NER:Material|NER:Method|NER:Metric|NER:OtherScientificTerm|NER:Task|REL:COMPARE|REL:CONJUNCTION|REL:EVALUATE-FOR|REL:PART-OF|REL:USED-FOR,5f2ed4e837420be3b04b01a18fa6480d9e879b06cf4a4d66ab3c143f339daa08,1,long,
SciERC,train,P05-1058,abstract,scierc_entity_relation,processed_data/json/train.json,"This paper proposes an alignment adaptation approach to improve domain-specific -LRB- in-domain -RRB- word alignment . The basic idea of alignment adaptation is to use out-of-domain corpus to improve in-domain word alignment results . In this paper , we first train two statistical word alignment models with the large-scale out-of-domain corpus and the small-scale in-domain corpus respectively , and then interpolate these two models to improve the domain-specific word alignment . Experimental results show that our approach improves domain-specific word alignment in terms of both precision and recall , achieving a relative error rate reduction of 6.56 % as compared with the state-of-the-art technologies .",712,105,4,16,14,1,NER:Generic|NER:Material|NER:Method|NER:Metric|NER:Task|REL:COMPARE|REL:CONJUNCTION|REL:EVALUATE-FOR|REL:USED-FOR,fcbeda33b568df1c80a75c7ec3c05a13e04bf1745e789254f8b9516b5079628d,1,medium,
SciERC,train,P06-1088,abstract,scierc_entity_relation,processed_data/json/train.json,"With performance above 97 % accuracy for newspaper text , part of speech -LRB- pos -RRB- tagging might be considered a solved problem . Previous studies have shown that allowing the parser to resolve pos tag ambiguity does not improve performance . However , for grammar formalisms which use more fine-grained grammatical categories , for example tag and ccg , tagging accuracy is much lower . In fact , for these formalisms , premature ambiguity resolution makes parsing infeasible . We describe a multi-tagging approach which maintains a suitable level of lexical category ambiguity for accurate and efficient ccg parsing . We extend this multi-tagging approach to the pos level to overcome errors introduced by automatically assigned pos tags . Although pos tagging accuracy seems high , maintaining some pos tag ambiguity in the language processing pipeline results in more accurate ccg supertagging .",905,144,7,23,13,1,NER:Generic|NER:Material|NER:Method|NER:Metric|NER:OtherScientificTerm|NER:Task|REL:EVALUATE-FOR|REL:FEATURE-OF|REL:HYPONYM-OF|REL:USED-FOR,8bd12254fd06dea971a23b546965fd477650141b2db8d3dc2c773d9f8eb0b7c4,1,medium,
SciERC,train,CVPR_1996_15_abs,abstract,scierc_entity_relation,processed_data/json/train.json,We previously presented a framework for segmentation of complex scenes using multiple physical hypotheses for simple image regions . A consequence of that framework was a proposal for a new approach to the segmentation of complex scenes into regions corresponding to coherent surfaces rather than merely regions of similar color . Herein we present an implementation of this new approach and show example segmentations for scenes containing multi-colored piece-wise uniform objects . Using our approach we are able to intelligently segment scenes with objects of greater complexity than previous physics-based segmentation algorithms . The results show that by using general physical models we obtain segmentations that correspond more closely to coherent surfaces in the scene than segmentations found using only color .,821,122,5,18,9,1,NER:Generic|NER:Material|NER:Method|NER:Metric|NER:OtherScientificTerm|NER:Task|REL:COMPARE|REL:FEATURE-OF|REL:USED-FOR,43187c999be42d376d1f3f8104413097b797f8a53f52776604f5c0d49e8c1de4,1,medium,
SciERC,train,INTERSPEECH_2001_21_abs,abstract,scierc_entity_relation,processed_data/json/train.json,"SmartKom is a multimodal dialog system that combines speech , gesture , and mimics input and output . Spontaneous speech understanding is combined with the video-based recognition of natural gestures . One of the major scientific goals of SmartKom is to design new computational methods for the seamless integration and mutual disambiguation of multimodal input and output on a semantic and pragmatic level . SmartKom is based on the situated delegation-oriented dialog paradigm , in which the user delegates a task to a virtual communication assistant , visualized as a lifelike character on a graphical display . We describe the SmartKom architecture , the use of an XML-based markup language for multimodal content , and some of the distinguishing features of the first fully operational SmartKom demonstrator .",814,128,5,18,10,1,NER:Material|NER:Method|NER:OtherScientificTerm|NER:Task|REL:CONJUNCTION|REL:FEATURE-OF|REL:HYPONYM-OF|REL:USED-FOR,b4c20432928a6968b056143c545cb729edb52a630433ea04b0dd03913a17e5f1,1,medium,
SciERC,train,ICCV_2003_150_abs,abstract,scierc_entity_relation,processed_data/json/train.json,"We present a single-image highlight removal method that incorporates illumination-based constraints into image in-painting . Unlike occluded image regions filled by traditional inpainting , highlight pixels contain some useful information for guiding the inpainting process . Constraints provided by observed pixel colors , highlight color analysis and illumination color uniformity are employed in our method to improve estimation of the underlying diffuse color . The inclusion of these illumination constraints allows for better recovery of shading and textures by inpainting . Experimental results are given to demonstrate the performance of our method .",658,93,5,17,8,1,NER:Generic|NER:Method|NER:OtherScientificTerm|NER:Task|REL:CONJUNCTION|REL:PART-OF|REL:USED-FOR,a657b96d66bc2bdd9cd2c40e0036ea622ed8e7c64337418dd1afd80fd37d3f33,1,short,
SciERC,train,CVPR_2001_111_abs,abstract,scierc_entity_relation,processed_data/json/train.json,"In this paper , we propose a novel method , called local non-negative matrix factorization -LRB- LNMF -RRB- , for learning spatially localized , parts-based subspace representation of visual patterns . An objective function is defined to impose lo-calization constraint , in addition to the non-negativity constraint in the standard NMF -LSB- 1 -RSB- . This gives a set of bases which not only allows a non-subtractive -LRB- part-based -RRB- representation of images but also manifests localized features . An algorithm is presented for the learning of such basis components . Experimental results are presented to compare LNMF with the NMF and PCA methods for face representation and recognition , which demonstrates advantages of LNMF .",738,116,5,15,8,1,NER:Generic|NER:Method|NER:OtherScientificTerm|NER:Task|REL:COMPARE|REL:EVALUATE-FOR|REL:PART-OF|REL:USED-FOR,6a3661ecc97d92c2633929aa59b9166c1e582d56b2034fd1761a1ab1de2da003,1,medium,
SciERC,train,IJCAI_2001_5_abs,abstract,scierc_entity_relation,processed_data/json/train.json,"Helping end users build and check process models is a challenge for many science and engineering fields . Many AI researchers have investigated useful ways of verifying and validating knowledge bases for ontologies and rules , but it is not easy to directly apply them to checking process models . Other techniques developed for checking and refining planning knowledge tend to focus on automated plan generation rather than helping users author process information . In this paper , we propose a complementary approach which helps users author and check process models . Our system , called KANAL , relates pieces of information in process models among themselves and to the existing KB , analyzing how different pieces of input are put together to achieve some effect . It builds interdepen-dency models from this analysis and uses them to find errors and propose fixes . Our initial evaluation shows that KANAL was able to find most of the errors in the process models and suggest useful fixes including the fixes that directly point to the sources of the errors .",1067,179,7,22,6,1,NER:Generic|NER:Material|NER:Method|NER:OtherScientificTerm|NER:Task|REL:CONJUNCTION|REL:USED-FOR,70d1b8353aa31266774255d0974130d0aac7871413990adfe358cbf5ac44949e,1,long,
SciERC,train,P06-2001,abstract,scierc_entity_relation,processed_data/json/train.json,"In this paper , we describe the research using machine learning techniques to build a comma checker to be integrated in a grammar checker for Basque . After several experiments , and trained with a little corpus of 100,000 words , the system guesses correctly not placing commas with a precision of 96 % and a recall of 98 % . It also gets a precision of 70 % and a recall of 49 % in the task of placing commas . Finally , we have shown that these results can be improved using a bigger and a more homogeneous corpus to train , that is , a bigger corpus written by one unique author .",584,116,4,11,8,1,NER:Generic|NER:Material|NER:Method|NER:Metric|NER:Task|REL:EVALUATE-FOR|REL:PART-OF|REL:USED-FOR,e70122dac9c88e72988aa191a6df6ac9dc8efbde2d5fa7c255c6036783e09da3,1,short,
SciERC,train,L08-1050,abstract,scierc_entity_relation,processed_data/json/train.json,"The present paper reports on a preparatory research for building a language corpus annotation scenario capturing the discourse relations in Czech . We primarily focus on the description of the syntactically motivated relations in discourse , basing our findings on the theoretical background of the Prague Dependency Treebank 2.0 and the Penn Discourse Treebank 2 . Our aim is to revisit the present-day syntactico-semantic -LRB- tectogrammatical -RRB- annotation in the Prague Dependency Treebank , extend it for the purposes of a sentence-boundary-crossing representation and eventually to design a new , discourse level of annotation . In this paper , we propose a feasible process of such a transfer , comparing the possibilities the Praguian dependency-based approach offers with the Penn discourse annotation based primarily on the analysis and classification of discourse connectives .",892,133,4,14,11,1,NER:Generic|NER:Material|NER:Method|NER:OtherScientificTerm|NER:Task|REL:COMPARE|REL:CONJUNCTION|REL:EVALUATE-FOR|REL:FEATURE-OF|REL:PART-OF|REL:USED-FOR,99dae98fa8680f111836e259c827bef7657f7b10a6b5046302635c82bc0add78,1,medium,
SciERC,train,ICCV_2013_50_abs,abstract,scierc_entity_relation,processed_data/json/train.json,"Regression-based techniques have shown promising results for people counting in crowded scenes . However , most existing techniques require expensive and laborious data annotation for model training . In this study , we propose to address this problem from three perspectives : -LRB- 1 -RRB- Instead of exhaustively annotating every single frame , the most informative frames are selected for annotation automatically and actively . -LRB- 2 -RRB- Rather than learning from only labelled data , the abundant unlabelled data are exploited . -LRB- 3 -RRB- Labelled data from other scenes are employed to further alleviate the burden for data annotation . All three ideas are implemented in a unified active and semi-supervised regression framework with ability to perform transfer learning , by exploiting the underlying geometric structure of crowd patterns via manifold analysis . Extensive experiments validate the effectiveness of our approach .",946,144,7,15,7,1,NER:Generic|NER:Material|NER:Method|NER:OtherScientificTerm|NER:Task|REL:COMPARE|REL:USED-FOR,aa1fd5f690779cd8ea81c35f4086a2720190f3965c0bdc7cb3cd4b13cbbdbd23,1,long,
SciERC,train,CVPR_2001_110_abs,abstract,scierc_entity_relation,processed_data/json/train.json,"Representing images with layers has many important applications , such as video compression , motion analysis , and 3D scene analysis . This paper presents an approach to reliably extracting layers from images by taking advantages of the fact that homographies induced by planar patches in the scene form a low dimensional linear subspace . Layers in the input images will be mapped in the subspace , where it is proven that they form well-defined clusters and can be reliably identified by a simple mean-shift based clustering algorithm . Global optimality is achieved since all valid regions are simultaneously taken into account , and noise can be effectively reduced by enforcing the subspace constraint . Good layer descriptions are shown to be extracted in the experimental results .",789,128,5,21,13,1,NER:Generic|NER:Material|NER:Method|NER:OtherScientificTerm|NER:Task|REL:CONJUNCTION|REL:HYPONYM-OF|REL:PART-OF|REL:USED-FOR,aff290e03f93b4ebdcf1a3424d7e2a673ef3dc635c37bd7bdf5c5ff984896bef,1,medium,
SciERC,train,AAAI_2008_254_abs,abstract,scierc_entity_relation,processed_data/json/train.json,"The construction of causal graphs from non-experimental data rests on a set of constraints that the graph structure imposes on all probability distributions compatible with the graph . These constraints are of two types : conditional inde-pendencies and algebraic constraints , first noted by Verma . While conditional independencies are well studied and frequently used in causal induction algorithms , Verma constraints are still poorly understood , and rarely applied . In this paper we examine a special subset of Verma constraints which are easy to understand , easy to identify and easy to apply ; they arise from '' dormant independencies , '' namely , conditional independencies that hold in interventional distributions . We give a complete algorithm for determining if a dormant independence between two sets of variables is entailed by the causal graph , such that this independence is identifiable , in other words if it resides in an interventional distribution that can be predicted without resorting to interventions . We further show the usefulness of dormant independencies in model testing and induction by giving an algorithm that uses constraints entailed by dormant independencies to prune extraneous edges from a given causal graph .",1255,197,6,33,16,1,NER:Generic|NER:Material|NER:Method|NER:OtherScientificTerm|NER:Task|REL:COMPARE|REL:CONJUNCTION|REL:FEATURE-OF|REL:HYPONYM-OF|REL:PART-OF|REL:USED-FOR,c5259c6d07ad153b5d0d8e69d35d94878c0cc16bffdad5bfa81c6b3bc9e4f078,1,long,
SciERC,train,CVPR_2016_405_abs,abstract,scierc_entity_relation,processed_data/json/train.json,"With the recent popularity of animated GIFs on social media , there is need for ways to index them with rich meta-data . To advance research on animated GIF understanding , we collected a new dataset , Tumblr GIF -LRB- TGIF -RRB- , with 100K animated GIFs from Tumblr and 120K natural language descriptions obtained via crowdsourcing . The motivation for this work is to develop a testbed for image sequence description systems , where the task is to generate natural language descriptions for animated GIFs or video clips . To ensure a high quality dataset , we developed a series of novel quality controls to validate free-form text input from crowd-workers . We show that there is unambiguous association between visual content and natural language descriptions in our dataset , making it an ideal benchmark for the visual content captioning task . We perform extensive statistical analyses to compare our dataset to existing image and video description datasets . Next , we provide baseline results on the animated GIF description task , using three representative techniques : nearest neighbor , statistical machine translation , and recurrent neural networks . Finally , we show that models fine-tuned from our animated GIF description dataset can be helpful for automatic movie description .",1298,211,8,30,20,1,NER:Generic|NER:Material|NER:Method|NER:OtherScientificTerm|NER:Task|REL:COMPARE|REL:CONJUNCTION|REL:EVALUATE-FOR|REL:FEATURE-OF|REL:HYPONYM-OF|REL:PART-OF|REL:USED-FOR,86cf0bf3bec4c3114af4e873dfa046fd9b350808d8a6bf743c5c1c937ff8f114,1,long,
SciERC,train,E85-1037,abstract,scierc_entity_relation,processed_data/json/train.json,"Systemic grammar has been used for AI text generation work in the past , but the implementations have tended be ad hoc or inefficient . This paper presents an approach to systemic text generation where AI problem solving techniques are applied directly to an unadulterated systemic grammar . This approach is made possible by a special relationship between systemic grammar and problem solving : both are organized primarily as choosing from alternatives . The result is simple , efficient text generation firmly based in a linguistic theory .",543,88,4,12,5,1,NER:Generic|NER:Method|NER:Task|REL:CONJUNCTION|REL:USED-FOR,b12bf747f39393bc244ea9b086f3152f18206106c49870c8d9b36bb68a1ab50d,1,short,
SciERC,train,E06-1018,abstract,scierc_entity_relation,processed_data/json/train.json,"In this paper a novel solution to automatic and unsupervised word sense induction -LRB- WSI -RRB- is introduced . It represents an instantiation of the one sense per collocation observation -LRB- Gale et al. , 1992 -RRB- . Like most existing approaches it utilizes clustering of word co-occurrences . This approach differs from other approaches to WSI in that it enhances the effect of the one sense per collocation observation by using triplets of words instead of pairs . The combination with a two-step clustering process using sentence co-occurrences as features allows for accurate results . Additionally , a novel and likewise automatic and unsupervised evaluation method inspired by Schutze 's -LRB- 1992 -RRB- idea of evaluation of word sense disambiguation algorithms is employed . Offering advantages like reproducability and independency of a given biased gold standard it also enables automatic parameter optimization of the WSI algorithm .",952,148,7,19,11,1,NER:Generic|NER:Method|NER:Metric|NER:OtherScientificTerm|NER:Task|REL:COMPARE|REL:EVALUATE-FOR|REL:HYPONYM-OF|REL:USED-FOR,a6b6871aa09d36993a1dbc3745cb3eea235fa16316a9edc17c3eb7904bff34cb,1,long,
SciERC,train,P84-1020,abstract,scierc_entity_relation,processed_data/json/train.json,"This abstract describes a natural language system which deals usefully with ungrammatical input and describes some actual and potential applications of it in computer aided second language learning . However , this is not the only area in which the principles of the system might be used , and the aim in building it was simply to demonstrate the workability of the general mechanism , and provide a framework for assessing developments of it .",444,75,2,8,3,1,NER:Generic|NER:Method|NER:OtherScientificTerm|NER:Task|REL:USED-FOR,b53dd99d21fb0eeb70ff62362524976f0aa74ee960ecfea2da321a3ac7c83d25,1,short,
SciERC,train,ICASSP_2011_588_abs,abstract,scierc_entity_relation,processed_data/json/train.json,"In a motorized vehicle a number of easily measurable signals with frequency components related to the rotational speed of the engine can be found , e.g. , vibrations , electrical system voltage level , and ambient sound . These signals could potentially be used to estimate the speed and related states of the vehicle . Unfortunately , such estimates would typically require the relations -LRB- scale factors -RRB- between the frequency components and the speed for different gears to be known . Consequently , in this article we look at the problem of estimating these gear scale factors from training data consisting only of speed measurements and measurements of the signal in question . The estimation problem is formulated as a maximum likelihood estimation problem and heuristics is used to find initial values for a numerical evaluation of the estimator . Finally , a measurement campaign is conducted and the functionality of the estimation method is verified on real data .",982,161,6,21,14,1,NER:Generic|NER:Material|NER:Method|NER:OtherScientificTerm|NER:Task|REL:CONJUNCTION|REL:EVALUATE-FOR|REL:FEATURE-OF|REL:HYPONYM-OF|REL:USED-FOR,5d630474d34792dbbbd1c74e2866866b64994733966f6579b459064ebc2e869f,1,long,
SciERC,train,ICASSP_1997_714_abs,abstract,scierc_entity_relation,processed_data/json/train.json,"LPC based speech coders operating at bit rates below 3.0 kbits/sec are usually associated with buzzy or metallic artefacts in the synthetic speech . These are mainly attributable to the simplifying assumptions made about the excitation source , which are usually required to maintain such low bit rates . In this paper a new LPC vocoder is presented which splits the LPC excitation into two frequency bands using a variable cutoff frequency . The lower band is responsible for representing the voiced parts of speech , whilst the upper band represents unvoiced speech . In doing so the coder 's performance during both mixed voicing speech and speech containing acoustic noise is greatly improved , producing soft natural sounding speech . The paper also describes new parameter determination and quantisation techniques vital to the operation of this coder at such low bit rates .",881,144,6,20,11,1,NER:Generic|NER:Material|NER:Method|NER:OtherScientificTerm|REL:CONJUNCTION|REL:FEATURE-OF|REL:USED-FOR,42c37d513a165e309fbe545ce6d67e1bf3304346fb6543d826254d0109ae00c1,1,medium,
SciERC,train,NIPS_2001_21_abs,abstract,scierc_entity_relation,processed_data/json/train.json,"We consider a problem of blind source separation from a set of instantaneous linear mixtures , where the mixing matrix is unknown . It was discovered recently , that exploiting the sparsity of sources in an appropriate representation according to some signal dictionary , dramatically improves the quality of separation . In this work we use the property of multi scale transforms , such as wavelet or wavelet packets , to decompose signals into sets of local features with various degrees of sparsity . We use this intrinsic property for selecting the best -LRB- most sparse -RRB- subsets of features for further separation . The performance of the algorithm is verified on noise-free and noisy data . Experiments with simulated signals , musical sounds and images demonstrate significant improvement of separation quality over previously reported results .",858,137,6,17,10,1,NER:Generic|NER:Material|NER:Metric|NER:OtherScientificTerm|NER:Task|REL:CONJUNCTION|REL:EVALUATE-FOR|REL:HYPONYM-OF|REL:USED-FOR,2724877f1ef80def8c6f0ed8418ef792d68cea19fa077492b09ee41485905b6f,1,medium,
SciERC,train,INTERSPEECH_2014_20_abs,abstract,scierc_entity_relation,processed_data/json/train.json,"In this paper , we explore multilingual feature-level data sharing via Deep Neural Network -LRB- DNN -RRB- stacked bottleneck features . Given a set of available source languages , we apply language identification to pick the language most similar to the target language , for more efficient use of multilingual resources . Our experiments with IARPA-Babel languages show that bottleneck features trained on the most similar source language perform better than those trained on all available source languages . Further analysis suggests that only data similar to the target language is useful for multilingual training .",620,96,4,9,4,1,NER:Generic|NER:Material|NER:Method|NER:OtherScientificTerm|NER:Task|REL:COMPARE|REL:USED-FOR,9d9218474ea0e13b0c908c4d3ca5c79e20d510e3bf7bc74b0b8ce19f0a339804,1,short,
SciERC,train,C90-1013,abstract,scierc_entity_relation,processed_data/json/train.json,"This article introduces a bidirectional grammar generation system called feature structure-directed generation , developed for a dialogue translation system . The system utilizes typed feature structures to control the top-down derivation in a declarative way . This generation system also uses disjunctive feature structures to reduce the number of copies of the derivation tree . The grammar for this generator is designed to properly generate the speaker 's intention in a telephone dialogue .",496,74,4,13,10,1,NER:Generic|NER:Method|NER:OtherScientificTerm|NER:Task|REL:FEATURE-OF|REL:HYPONYM-OF|REL:USED-FOR,ae2489fa5d33bb3a8349f6949d0cb81470050045051c92eb7805cb739114ca97,1,short,
SciERC,train,IJCNLP_2005_3_abs,abstract,scierc_entity_relation,processed_data/json/train.json,"Automatic image annotation is a newly developed and promising technique to provide semantic image retrieval via text descriptions . It concerns a process of automatically labeling the image contents with a pre-defined set of keywords which are exploited to represent the image semantics . A Maximum Entropy Model-based approach to the task of automatic image annotation is proposed in this paper . In the phase of training , a basic visual vocabulary consisting of blob-tokens to describe the image content is generated at first ; then the statistical relationship is modeled between the blob-tokens and keywords by a Maximum Entropy Model constructed from the training set of labeled images . In the phase of annotation , for an unlabeled image , the most likely associated keywords are predicted in terms of the blob-token set extracted from the given image . We carried out experiments on a medium-sized image collection with about 5000 images from Corel Photo CDs . The experimental results demonstrated that the annotation performance of this method outperforms some traditional annotation methods by about 8 % in mean precision , showing a potential of the Maximum Entropy Model in the task of automatic image annotation .",1228,198,7,27,15,1,NER:Generic|NER:Material|NER:Method|NER:Metric|NER:OtherScientificTerm|NER:Task|REL:COMPARE|REL:EVALUATE-FOR|REL:PART-OF|REL:USED-FOR,be3f936cf38c100260a173decfe4f77f7e162f4b800dce60cba11284e8dc2d63,1,long,
SciERC,train,N06-1018,abstract,scierc_entity_relation,processed_data/json/train.json,"Recent years have seen increasing research on extracting and using temporal information in natural language applications . However most of the works found in the literature have focused on identifying and understanding temporal expressions in newswire texts . In this paper we report our work on anchoring temporal expressions in a novel genre , emails . The highly under-specified nature of these expressions fits well with our constraint-based representation of time , Time Calculus for Natural Language -LRB- TCNL -RRB- . We have developed and evaluated a Temporal Expression Anchoror -LRB- TEA -RRB- , and the result shows that it performs significantly better than the baseline , and compares favorably with some of the closely related work .",747,118,5,13,4,1,NER:Generic|NER:Material|NER:Method|NER:OtherScientificTerm|NER:Task|REL:COMPARE|REL:FEATURE-OF|REL:HYPONYM-OF,f5509b1ab6afa91699e3aef8e79ea11ff60e3c796e52bd0298f474c3eb27e5d6,1,medium,
SciERC,train,CVPR_2014_18_abs,abstract,scierc_entity_relation,processed_data/json/train.json,"We address the problem of populating object category detection datasets with dense , per-object 3D reconstructions , bootstrapped from class labels , ground truth figure-ground segmentations and a small set of keypoint annotations . Our proposed algorithm first estimates camera viewpoint using rigid structure-from-motion , then reconstructs object shapes by optimizing over visual hull proposals guided by loose within-class shape similarity assumptions . The visual hull sampling process attempts to intersect an object 's projection cone with the cones of minimal subsets of other similar objects among those pictured from certain vantage points . We show that our method is able to produce convincing per-object 3D reconstructions on one of the most challenging existing object-category detection datasets , PASCAL VOC . Our results may re-stimulate once popular geometry-oriented model-based recognition approaches .",922,132,5,17,12,1,NER:Generic|NER:Material|NER:Method|NER:OtherScientificTerm|NER:Task|REL:CONJUNCTION|REL:HYPONYM-OF|REL:USED-FOR,351e0c777378b5746e6865b7a3fee6b2924ce31480f041ce7ab2945585fda118,1,medium,
SciERC,train,CVPR_2005_10_abs,abstract,scierc_entity_relation,processed_data/json/train.json,"Probabilistic models have been previously shown to be efficient and effective for modeling and recognition of human motion . In particular we focus on methods which represent the human motion model as a triangulated graph . Previous approaches learned models based just on positions and velocities of the body parts while ignoring their appearance . Moreover , a heuristic approach was commonly used to obtain translation invariance . In this paper we suggest an improved approach for learning such models and using them for human motion recognition . The suggested approach combines multiple cues , i.e. , positions , velocities and appearance into both the learning and detection phases . Furthermore , we introduce global variables in the model , which can represent global properties such as translation , scale or viewpoint . The model is learned in an unsupervised manner from un-labelled data . We show that the suggested hybrid proba-bilistic model -LRB- which combines global variables , like translation , with local variables , like relative positions and appearances of body parts -RRB- , leads to : -LRB- i -RRB- faster convergence of learning phase , -LRB- ii -RRB- robustness to occlusions , and , -LRB- iii -RRB- higher recognition rate .",1254,204,9,40,31,1,NER:Generic|NER:Material|NER:Method|NER:Metric|NER:OtherScientificTerm|NER:Task|REL:CONJUNCTION|REL:FEATURE-OF|REL:HYPONYM-OF|REL:USED-FOR,95686f9fbb03d4077ea69406ead3f2d40ba7895b1f77dbe53eda0f65a435f881,1,long,
SciERC,train,NIPS_2001_18_abs,abstract,scierc_entity_relation,processed_data/json/train.json,"Factor analysis and principal components analysis can be used to model linear relationships between observed variables and linearly map high-dimensional data to a lower-dimensional hidden space . In factor analysis , the observations are modeled as a linear combination of normally distributed hidden variables . We describe a nonlinear generalization of factor analysis , called `` product analy-sis '' , that models the observed variables as a linear combination of products of normally distributed hidden variables . Just as factor analysis can be viewed as unsupervised linear regression on unobserved , normally distributed hidden variables , product analysis can be viewed as unsupervised linear regression on products of unobserved , normally distributed hidden variables . The mapping between the data and the hidden space is nonlinear , so we use an approximate variational technique for inference and learning . Since product analysis is a generalization of factor analysis , product analysis always finds a higher data likelihood than factor analysis . We give results on pattern recognition and illumination-invariant image clustering .",1148,172,7,29,14,1,NER:Material|NER:Method|NER:OtherScientificTerm|NER:Task|REL:COMPARE|REL:CONJUNCTION|REL:HYPONYM-OF|REL:USED-FOR,82525ddbf840f4ef694845a35d77a4aaf1a800202ec4221758be9bee6318b578,1,long,
SciERC,train,A88-1001,abstract,scierc_entity_relation,processed_data/json/train.json,This paper describes a domain independent strategy for the multimedia articulation of answers elicited by a natural language interface to database query applications . Multimedia answers include videodisc images and heuristically-produced complete sentences in text or text-to-speech form . Deictic reference and feedback about the discourse are enabled . The interface thus presents the application as cooperative and conversational .,435,60,4,12,7,1,NER:Generic|NER:Material|NER:Method|NER:OtherScientificTerm|NER:Task|REL:CONJUNCTION|REL:FEATURE-OF|REL:PART-OF|REL:USED-FOR,657d8f1b6688419078eda1ef91f165e743cd72fda69cded75271be3de21e99da,1,short,
SciERC,train,P06-4014,abstract,scierc_entity_relation,processed_data/json/train.json,"The LOGON MT demonstrator assembles independently valuable general-purpose NLP components into a machine translation pipeline that capitalizes on output quality . The demonstrator embodies an interesting combination of hand-built , symbolic resources and stochastic processes .",277,36,2,6,5,1,NER:Material|NER:Method|NER:Task|REL:CONJUNCTION|REL:PART-OF|REL:USED-FOR,f0a9215bba83d7ee3599257f6c8b85b5126464e4f7b89b5d33799cf4ab228df2,1,short,
SciERC,train,AAAI_1993_71_abs,abstract,scierc_entity_relation,processed_data/json/train.json,"In this paper we investigate the simple logical properties of contexts . We describe both the syntax and semantics of a general propositional language of context , and give a Hilbert style proof system for this language . A propositional logic of context extends classical propositional logic in two ways . Firstly , a new modality , ist -LRB- ;-RRB- , is introduced . It is used to express that the sentence , , holds in the context . Secondly , each context has its own vocabulary , i.e. a set of propositional atoms which are deened or meaningful in that context . The main results of this paper are the sound-ness and completeness of this Hilbert style proof system . We also provide soundness and completeness results -LRB- i.e. correspondence theory -RRB- for various extensions of the general system .",808,141,8,12,5,1,NER:Generic|NER:Method|NER:OtherScientificTerm|NER:Task|REL:CONJUNCTION|REL:FEATURE-OF|REL:USED-FOR,9e56bd1a81a6f92c517fc7b5b560d0e744602a63a7c5d967a76a3752b5d30f7e,1,medium,
SciERC,train,CVPR_2016_406_abs,abstract,scierc_entity_relation,processed_data/json/train.json,"Image matching is a fundamental problem in Computer Vision . In the context of feature-based matching , SIFT and its variants have long excelled in a wide array of applications . However , for ultra-wide baselines , as in the case of aerial images captured under large camera rotations , the appearance variation goes beyond the reach of SIFT and RANSAC . In this paper we propose a data-driven , deep learning-based approach that sidesteps local correspondence by framing the problem as a classification task . Furthermore , we demonstrate that local correspondences can still be useful . To do so we incorporate an attention mechanism to produce a set of probable matches , which allows us to further increase performance . We train our models on a dataset of urban aerial imagery consisting of ` same ' and ` different ' pairs , collected for this purpose , and characterize the problem via a human study with annotations from Amazon Mechanical Turk . We demonstrate that our models outperform the state-of-the-art on ultra-wide baseline matching and approach human accuracy .",1079,181,8,25,12,1,NER:Generic|NER:Material|NER:Method|NER:Metric|NER:OtherScientificTerm|NER:Task|REL:COMPARE|REL:CONJUNCTION|REL:EVALUATE-FOR|REL:FEATURE-OF|REL:HYPONYM-OF|REL:USED-FOR,48617869fc78cb49ab6a95ed31c991639e39aad75e90c6841e3005a7dbae8459,1,long,
SciERC,train,I05-6010,abstract,scierc_entity_relation,processed_data/json/train.json,"This article is devoted to the problem of quantifying noun groups in German . After a thorough description of the phenomena , the results of corpus-based investigations are described . Moreover , some examples are given that underline the necessity of integrating some kind of information other than grammar sensu stricto into the treebank . We argue that a more sophisticated and fine-grained annotation in the tree-bank would have very positve effects on stochastic parsers trained on the tree-bank and on grammars induced from the treebank , and it would make the treebank more valuable as a source of data for theoretical linguistic investigations . The information gained from corpus research and the analyses that are proposed are realized in the framework of SILVA , a parsing and extraction tool for German text corpora .",829,135,5,15,6,1,NER:Material|NER:Method|NER:OtherScientificTerm|NER:Task|REL:HYPONYM-OF|REL:USED-FOR,6e581549448d8e0642441b18a4776b38ecfc310c7ed9cdaa64798bccbe41d296,1,medium,
SciERC,train,P01-1008,abstract,scierc_entity_relation,processed_data/json/train.json,"While paraphrasing is critical both for interpretation and generation of natural language , current systems use manual or semi-automatic methods to collect paraphrases . We present an unsupervised learning algorithm for identification of paraphrases from a corpus of multiple English translations of the same source text . Our approach yields phrasal and single word lexical paraphrases as well as syntactic paraphrases .",421,62,3,11,8,1,NER:Generic|NER:Material|NER:Method|NER:OtherScientificTerm|NER:Task|REL:CONJUNCTION|REL:USED-FOR,ddad4bcc0e26e20486e5746de30ffed8af2cae76305a33efc276ee9bd46091fd,1,short,
SciERC,train,C04-1024,abstract,scierc_entity_relation,processed_data/json/train.json,An efficient bit-vector-based CKY-style parser for context-free parsing is presented . The parser computes a compact parse forest representation of the complete set of possible analyses for large treebank grammars and long input sentences . The parser uses bit-vector operations to parallelise the basic parsing operations . The parser is particularly useful when all analyses are needed rather than just the most probable one .,428,65,4,8,4,1,NER:Method|NER:Task|REL:USED-FOR,491817348e5e66cdadee0607f8d8a7a8c0671693e4092a7ac86c731f17fa27da,1,short,
SciERC,train,CVPR_2008_103_abs,abstract,scierc_entity_relation,processed_data/json/train.json,"In this paper , we propose a partially-blurred-image classification and analysis framework for automatically detecting images containing blurred regions and recognizing the blur types for those regions without needing to perform blur kernel estimation and image deblurring . We develop several blur features modeled by image color , gradient , and spectrum information , and use feature parameter training to robustly classify blurred images . Our blur detection is based on image patches , making region-wise training and classification in one image efficient . Extensive experiments show that our method works satisfactorily on challenging image data , which establishes a technical foundation for solving several computer vision problems , such as motion analysis and image restoration , using the blur information .",819,122,4,22,17,1,NER:Generic|NER:Material|NER:Method|NER:OtherScientificTerm|NER:Task|REL:CONJUNCTION|REL:EVALUATE-FOR|REL:HYPONYM-OF|REL:PART-OF|REL:USED-FOR,8bf15967319c2fe38b7666c70ba57bbec7343c34acb8425bca6247dae1b0f248,1,medium,
SciERC,train,H92-1045,abstract,scierc_entity_relation,processed_data/json/train.json,"It is well-known that there are polysemous words like sentence whose meaning or sense depends on the context of use . We have recently reported on two new word-sense disambiguation systems , one trained on bilingual material -LRB- the Canadian Hansards -RRB- and the other trained on monolingual material -LRB- Roget 's Thesaurus and Grolier 's Encyclopedia -RRB- . As this work was nearing completion , we observed a very strong discourse effect . That is , if a polysemous word such as sentence appears two or more times in a well-written discourse , it is extremely likely that they will all share the same sense . This paper describes an experiment which confirmed this hypothesis and found that the tendency to share sense in the same discourse is extremely strong -LRB- 98 % -RRB- . This result can be used as an additional source of constraint for improving the performance of the word-sense disambiguation algorithm . In addition , it could also be used to help evaluate disambiguation algorithms that did not make use of the discourse constraint .",1056,180,7,18,9,1,NER:Generic|NER:Material|NER:Method|NER:OtherScientificTerm|REL:CONJUNCTION|REL:EVALUATE-FOR|REL:HYPONYM-OF|REL:USED-FOR,e55a3397b12311cd379f74162f5881e91dd9ad81851fc6308bc1d7a23aed678f,1,long,
SciERC,train,CVPR_2005_18_abs,abstract,scierc_entity_relation,processed_data/json/train.json,"We study and compare two novel embedding methods for segmenting feature points of piece-wise planar structures from two -LRB- uncalibrated -RRB- perspective images . We show that a set of different homographies can be embedded in different ways to a higher-dimensional real or complex space , so that each homography corresponds to either a complex bilinear form or a real quadratic form . Each embedding reveals different algebraic properties and relations of homo-graphies . We give a closed-form segmentation solution for each case by utilizing these properties based on subspace-segmentation methods . These theoretical results show that one can intrinsically segment a piece-wise planar scene from 2-D images without explicitly performing any 3-D reconstruction . The resulting segmentation may make subsequent 3-D reconstruction much better-conditioned . We demonstrate the proposed methods with some convincing experimental results .",940,137,7,14,7,1,NER:Material|NER:Method|NER:OtherScientificTerm|NER:Task|REL:CONJUNCTION|REL:FEATURE-OF|REL:USED-FOR,f473aa2b32a7e28e5fe34cd56690365ee9bed2baa683cbbb53b34eb786ea15e2,1,long,
SciERC,train,ICCV_1999_47_abs,abstract,scierc_entity_relation,processed_data/json/train.json,"Background maintenance is a frequent element of video surveillance systems . We develop Wallflower , a three-component system for background maintenance : the pixel-level component performs Wiener filtering to make probabilistic predictions of the expected background ; the region-level component fills in homogeneous regions of foreground objects ; and the frame-level component detects sudden , global changes in the image and swaps in better approximations of the background . We compare our system with 8 other background subtraction algorithms . Wallflower is shown to outperform previous algorithms by handling a greater set of the difficult situations that can occur . Finally , we analyze the experimental results and propose normative principles for background maintenance .",783,115,5,17,13,1,NER:Generic|NER:Method|NER:OtherScientificTerm|NER:Task|REL:COMPARE|REL:CONJUNCTION|REL:PART-OF|REL:USED-FOR,455591146a4dd64e736d71b274b7268c4d7855cb0df6d60702121f85ee946856,1,medium,
SciERC,train,INTERSPEECH_2000_483_abs,abstract,scierc_entity_relation,processed_data/json/train.json,"Is it possible to use out-of-domain acoustic training data to improve a speech recognizer 's performance on a speciic , independent application ? In our experiments , we use Wallstreet Journal -LRB- WSJ -RRB- data to train a recognizer , which is adapted and evaluated in the Phonebook domain . Apart from their common language -LRB- US English -RRB- , the two corpora diier in many important respects : microphone vs. telephone channel , continuous speech vs. isolated words , mismatch i n s p e a k i n g r a t e . This paper deals with two questions . First , starting from the WSJ-trained recognizer , how much adaptation data -LRB- taken from the Phonebook training corpus -RRB- is necessary to achieve a reasonable recognition performance in spite of the high degree of mismatch ? Second , is it possible to improve the recognition performance of a Phonebook-trained baseline acoustic model by using additional out-of-domain training data ? The paper describes the adaptation and normalization techniques used to bridge the mismatch b e-tween the two corpora .",1066,182,7,18,8,1,NER:Material|NER:Method|NER:OtherScientificTerm|NER:Task|REL:EVALUATE-FOR|REL:PART-OF|REL:USED-FOR,6b21d324f39424fdccc9ffbd7ba2e93db281ea6b1c81e0b2abf7016d2b9f67ee,1,long,
SciERC,train,E99-1014,abstract,scierc_entity_relation,processed_data/json/train.json,"This paper proposes an approach to full parsing suitable for Information Extraction from texts . Sequences of cascades of rules deterministically analyze the text , building unambiguous structures . Initially basic chunks are analyzed ; then argumental relations are recognized ; finally modifier attachment is performed and the global parse tree is built . The approach was proven to work for three languages and different domains . It was implemented in the IE module of FACILE , a EU project for multilingual text classification and IE .",540,87,5,12,4,1,NER:Generic|NER:Method|NER:OtherScientificTerm|NER:Task|REL:PART-OF|REL:USED-FOR,2cd0621c5dd8db28e51284f1b54a7833f2f369f63d7469f765a9137740bd90be,1,short,
SciERC,train,P05-1028,abstract,scierc_entity_relation,processed_data/json/train.json,"This paper presents a corpus study that explores the extent to which captions contribute to recognizing the intended message of an information graphic . It then presents an implemented graphic interpretation system that takes into account a variety of communicative signals , and an evaluation study showing that evidence obtained from shallow processing of the graphic 's caption has a significant impact on the system 's success . This work is part of a larger project whose goal is to provide sight-impaired users with effective access to information graphics .",564,90,3,9,3,1,NER:Generic|NER:Material|NER:Method|NER:OtherScientificTerm|NER:Task|REL:USED-FOR,bdf75c6bc5124ad250b4ff2f1459d4d2bc6616d3d27e71d13cf76886cefd3e89,1,short,
SciERC,train,CVPR_2008_257_abs,abstract,scierc_entity_relation,processed_data/json/train.json,"Graphical models such as Bayesian Networks -LRB- BNs -RRB- are being increasingly applied to various computer vision problems . One bottleneck in using BN is that learning the BN model parameters often requires a large amount of reliable and representative training data , which proves to be difficult to acquire for many computer vision tasks . On the other hand , there is often available qualitative prior knowledge about the model . Such knowledge comes either from domain experts based on their experience or from various physical or geometric constraints that govern the objects we try to model . Unlike the quantitative prior , the qualitative prior is often ignored due to the difficulty of incorporating them into the model learning process . In this paper , we introduce a closed-form solution to systematically combine the limited training data with some generic qualitative knowledge for BN parameter learning . To validate our method , we compare it with the Maximum Likelihood -LRB- ML -RRB- estimation method under sparse data and with the Expectation Maximization -LRB- EM -RRB- algorithm under incomplete data respectively . To further demonstrate its applications for computer vision , we apply it to learn a BN model for facial Action Unit -LRB- AU -RRB- recognition from real image data . The experimental results show that with simple and generic qualitative constraints and using only a small amount of training data , our method can robustly and accurately estimate the BN model parameters .",1514,246,9,35,28,1,NER:Generic|NER:Material|NER:Method|NER:OtherScientificTerm|NER:Task|REL:COMPARE|REL:CONJUNCTION|REL:FEATURE-OF|REL:HYPONYM-OF|REL:PART-OF|REL:USED-FOR,73709f8e434266b14d4ee1d6163d05a4e794030a77d51f77ef12b3608aa788ee,1,long,
SciERC,train,E93-1004,abstract,scierc_entity_relation,processed_data/json/train.json,"In this paper we introduce a modal language LT for imposing constraints on trees , and an extension LT -LRB- LF -RRB- for imposing constraints on trees decorated with feature structures . The motivation for introducing these languages is to provide tools for formalising grammatical frameworks perspicuously , and the paper illustrates this by showing how the leading ideas of GPSG can be captured in LT -LRB- LF -RRB- . In addition , the role of modal languages -LRB- and in particular , what we have called as constraint formalisms for linguistic theorising is discussed in some detail .",589,99,3,10,4,1,NER:Generic|NER:Method|NER:OtherScientificTerm|REL:USED-FOR,0986d51ad3e39e0ac4ad11ce4df7b8acbef187776710da832dfa117fcf1fe773,1,short,
SciERC,train,P03-1009,abstract,scierc_entity_relation,processed_data/json/train.json,"Previous research has demonstrated the utility of clustering in inducing semantic verb classes from undisambiguated corpus data . We describe a new approach which involves clustering subcategorization frame -LRB- SCF -RRB- distributions using the Information Bottleneck and nearest neighbour methods . In contrast to previous work , we particularly focus on clustering polysemic verbs . A novel evaluation scheme is proposed which accounts for the effect of polysemy on the clusters , offering us a good insight into the potential and limitations of semantically classifying undisambiguated SCF data .",601,89,4,12,7,1,NER:Generic|NER:Material|NER:Method|NER:OtherScientificTerm|NER:Task|REL:EVALUATE-FOR|REL:FEATURE-OF|REL:PART-OF|REL:USED-FOR,2501d4db5c72c565bd7c84a61533d441afd6cc7a457bdb51b21f5c6c48189c6a,1,short,
SciERC,train,CVPR_2009_11_abs,abstract,scierc_entity_relation,processed_data/json/train.json,"Due to the capacity of pan-tilt-zoom -LRB- PTZ -RRB- cameras to simultaneously cover a panoramic area and maintain high resolution imagery , researches in automated surveillance systems with multiple PTZ cameras have become increasingly important . Most existing algorithms require the prior knowledge of intrinsic parameters of the PTZ camera to infer the relative positioning and orientation among multiple PTZ cameras . To overcome this limitation , we propose a novel mapping algorithm that derives the relative positioning and orientation between two PTZ cameras based on a unified polynomial model . This reduces the dependence on the knowledge of intrinsic parameters of PTZ camera and relative positions . Experimental results demonstrate that our proposed algorithm presents substantially reduced computational complexity and improved flexibility at the cost of slightly decreased pixel accuracy , as compared with the work of Chen and Wang . This slightly decreased pixel accuracy can be compensated by consistent labeling approaches without added cost for the application of automated surveillance systems along with changing configurations and a larger number of PTZ cameras .",1188,176,6,25,19,1,NER:Generic|NER:Method|NER:Metric|NER:OtherScientificTerm|NER:Task|REL:CONJUNCTION|REL:EVALUATE-FOR|REL:FEATURE-OF|REL:USED-FOR,7508600792ce4d4864022c204ef6c3586e4beeca3ef7ec214d5ce3f14ee6fdb8,1,long,
SciERC,train,INTERSPEECH_2007_28_abs,abstract,scierc_entity_relation,processed_data/json/train.json,This paper presents a new two-pass algorithm for Extra Large -LRB- more than 1M words -RRB- Vocabulary COntinuous Speech recognition based on the Information Retrieval -LRB- ELVIRCOS -RRB- . The principle of this approach is to decompose a recognition process into two passes where the first pass builds the words subset for the second pass recognition by using information retrieval procedure . Word graph composition for continuous speech is presented . With this approach a high performances for large vocabulary speech recognition can be obtained .,552,86,4,14,7,1,NER:Generic|NER:Material|NER:Method|NER:OtherScientificTerm|NER:Task|REL:HYPONYM-OF|REL:USED-FOR,e27abcd1527950340e3c9915aedcfb85b6358ec7af05940ce92569c97c11a60d,1,short,
SciERC,train,CVPR_2007_21_abs,abstract,scierc_entity_relation,processed_data/json/train.json,"This paper describes our work on classification of outdoor scenes . First , images are partitioned into regions using one-class classification and patch-based clustering algorithms where one-class classifiers model the regions with relatively uniform color and texture properties , and clustering of patches aims to detect structures in the remaining regions . Next , the resulting regions are clustered to obtain a codebook of region types , and two models are constructed for scene representation : a '' bag of individual regions '' representation where each region is regarded separately , and a '' bag of region pairs '' representation where regions with particular spatial relationships are considered together . Given these representations , scene classification is done using Bayesian classifiers . We also propose a novel region selection algorithm that identifies region types that are frequently found in a particular class of scenes but rarely exist in other classes , and also consistently occur together in the same class of scenes . Experiments on the LabelMe data set showed that the proposed models significantly out-perform a baseline global feature-based approach .",1183,182,6,16,7,1,NER:Generic|NER:Material|NER:Method|NER:OtherScientificTerm|NER:Task|REL:COMPARE|REL:CONJUNCTION|REL:EVALUATE-FOR|REL:USED-FOR,98b04e750f4110fe99dd143bcc546ffc3bd4eede20a203fecab99dc2fae37133,1,long,
SciERC,train,N03-1018,abstract,scierc_entity_relation,processed_data/json/train.json,"In this paper , we introduce a generative probabilistic optical character recognition -LRB- OCR -RRB- model that describes an end-to-end process in the noisy channel framework , progressing from generation of true text through its transformation into the noisy output of an OCR system . The model is designed for use in error correction , with a focus on post-processing the output of black-box OCR systems in order to make it more useful for NLP tasks . We present an implementation of the model based on finite-state models , demonstrate the model 's ability to significantly reduce character and word error rate , and provide evaluation results involving automatic extraction of translation lexicons from printed text .",722,117,3,16,8,1,NER:Generic|NER:Material|NER:Method|NER:Metric|NER:OtherScientificTerm|NER:Task|REL:EVALUATE-FOR|REL:PART-OF|REL:USED-FOR,381786f62f814dec3019825312cc4852ced222d50864e1b6d2abda75b9781c91,1,medium,
SciERC,train,P05-1057,abstract,scierc_entity_relation,processed_data/json/train.json,"We present a framework for word alignment based on log-linear models . All knowledge sources are treated as feature functions , which depend on the source langauge sentence , the target language sentence and possible additional variables . Log-linear models allow statistical alignment models to be easily extended by incorporating syntactic information . In this paper , we use IBM Model 3 alignment probabilities , POS correspondence , and bilingual dictionary coverage as features . Our experiments show that log-linear models significantly outperform IBM translation models .",579,87,5,14,11,1,NER:Generic|NER:Material|NER:Method|NER:OtherScientificTerm|NER:Task|REL:COMPARE|REL:CONJUNCTION|REL:USED-FOR,a64be3fff50e58ac6989687b0e287b3e7037ed434ba657e5f328d128182ed0f7,1,short,
SciERC,train,ICCV_2015_400_abs,abstract,scierc_entity_relation,processed_data/json/train.json,"Hough voting in a geometric transformation space allows us to realize spatial verification , but remains sensitive to feature detection errors because of the inflexible quan-tization of single feature correspondences . To handle this problem , we propose a new method , called adaptive dither voting , for robust spatial verification . For each correspondence , instead of hard-mapping it to a single transformation , the method augments its description by using multiple dithered transformations that are deterministically generated by the other correspondences . The method reduces the probability of losing correspondences during transformation quantization , and provides high robustness as regards mismatches by imposing three geometric constraints on the dithering process . We also propose exploiting the non-uniformity of a Hough histogram as the spatial similarity to handle multiple matching surfaces . Extensive experiments conducted on four datasets show the superiority of our method . The method outperforms its state-of-the-art counterparts in both accuracy and scalability , especially when it comes to the retrieval of small , rotated objects .",1161,171,7,25,12,1,NER:Generic|NER:Method|NER:Metric|NER:OtherScientificTerm|NER:Task|REL:COMPARE|REL:EVALUATE-FOR|REL:FEATURE-OF|REL:USED-FOR,52e3c800032cb5c92c17b6364136fa9e781f48c262c3d712603d049e0da71f42,1,long,
SciERC,train,CVPR_2012_18_abs,abstract,scierc_entity_relation,processed_data/json/train.json,"We propose a novel technique called bispectral photo-metric stereo that makes effective use of fluorescence for shape reconstruction . Fluorescence is a common phenomenon occurring in many objects from natural gems and corals , to fluorescent dyes used in clothing . One of the important characteristics of fluorescence is its wavelength-shifting behavior : fluorescent materials absorb light at a certain wavelength and then reemit it at longer wavelengths . Due to the complexity of its emission process , fluo-rescence tends to be excluded from most algorithms in computer vision and image processing . In this paper , we show that there is a strong similarity between fluorescence and ideal diffuse reflection and that fluorescence can provide distinct clues on how to estimate an object 's shape . Moreover , fluorescence 's wavelength-shifting property enables us to estimate the shape of an object by applying photomet-ric stereo to emission-only images without suffering from specular reflection . This is the significant advantage of the fluorescence-based method over previous methods based on reflection .",1116,171,7,27,10,1,NER:Generic|NER:Material|NER:Method|NER:Metric|NER:OtherScientificTerm|NER:Task|REL:COMPARE|REL:CONJUNCTION|REL:EVALUATE-FOR|REL:USED-FOR,5eb63512a77ddc351b751562c80fb9e45d30c0f60f7bce801ad6cfb26a776fb5,1,long,
SciERC,train,ECCV_2016_100_abs,abstract,scierc_entity_relation,processed_data/json/train.json,"In this paper , we present an approach for learning a visual representation from the raw spatiotemporal signals in videos . Our representation is learned without supervision from semantic labels . We formulate our method as an unsupervised sequential verification task , i.e. , we determine whether a sequence of frames from a video is in the correct temporal order . With this simple task and no semantic labels , we learn a powerful visual representation using a Convolutional Neural Network -LRB- CNN -RRB- . The representation contains complementary information to that learned from supervised image datasets like ImageNet . Qualitative results show that our method captures information that is temporally varying , such as human pose . When used as pre-training for action recognition , our method gives significant gains over learning without external data on benchmark datasets like UCF101 and HMDB51 . To demonstrate its sensitivity to human pose , we show results for pose estimation on the FLIC and MPII datasets that are competitive , or better than approaches using significantly more supervision . Our method can be combined with supervised representations to provide an additional boost in accuracy .",1214,193,9,33,21,1,NER:Generic|NER:Material|NER:Method|NER:Metric|NER:OtherScientificTerm|NER:Task|REL:COMPARE|REL:CONJUNCTION|REL:EVALUATE-FOR|REL:HYPONYM-OF|REL:PART-OF|REL:USED-FOR,e20f7a7cbb5f8d7b99c2c1d69b2fc6a94cd0d203d13bf9d7a5250198d970aabd,1,long,
SciERC,train,J97-1004,abstract,scierc_entity_relation,processed_data/json/train.json,"`` To explain complex phenomena , an explanation system must be able to select information from a formal representation of domain knowledge , organize the selected information into multisentential discourse plans , and realize the discourse plans in text . Although recent years have witnessed significant progress in the development of sophisticated computational mechanisms for explanation , empirical results have been limited . This paper reports on a seven-year effort to empirically study explanation generation from semantically rich , large-scale knowledge bases . In particular , it describes a robust explanation system that constructs multisentential and multi-paragraph explanations from the a large-scale knowledge base in the domain of botanical anatomy , physiology , and development . We introduce the evaluation methodology and describe how performance was assessed with this methodology in the most extensive empirical evaluation conducted on an explanation system . In this evaluation , scored within '' `` half a grade '' '' of domain experts , and its performance exceeded that of one of the domain experts . ''",1132,172,6,15,10,1,NER:Generic|NER:Material|NER:Method|NER:OtherScientificTerm|NER:Task|REL:CONJUNCTION|REL:EVALUATE-FOR|REL:FEATURE-OF|REL:USED-FOR,df809c9a432d082138ef10a04de12f68ee8a139df0dbddab1aaca40a8c9bdb38,1,long,
SciERC,train,E99-1038,abstract,scierc_entity_relation,processed_data/json/train.json,"We present an operable definition of focus which is argued to be of a cognito-pragmatic nature and explore how it is determined in discourse in a formalized manner . For this purpose , a file card model of discourse model and knowledge store is introduced enabling the decomposition and formal representation of its determination process as a programmable algorithm -LRB- FDA -RRB- . Interdisciplinary evidence from social and cognitive psychology is cited and the prospect of the integration of focus via FDA as a discourse-level construct into speech synthesis systems , in particular , concept-to-speech systems , is also briefly discussed .",644,102,3,15,5,1,NER:Generic|NER:Method|NER:OtherScientificTerm|REL:FEATURE-OF|REL:HYPONYM-OF|REL:PART-OF|REL:USED-FOR,22cab8d5f6243a3f7a48fe647554ff3cb8e60fd1741d370682042126869bd5f4,1,short,
SciERC,train,CVPR_2010_21_abs,abstract,scierc_entity_relation,processed_data/json/train.json,"Conditional Random Field models have proved effective for several low-level computer vision problems . Inference in these models involves solving a combinatorial optimization problem , with methods such as graph cuts , belief propagation . Although several methods have been proposed to learn the model parameters from training data , they suffer from various drawbacks . Learning these parameters involves computing the partition function , which is intractable . To overcome this , state-of-the-art structured learning methods frame the problem as one of large margin estimation . Iterative solutions have been proposed to solve the resulting convex optimization problem . Each iteration involves solving an inference problem over all the labels , which limits the efficiency of these structured methods . In this paper we present an efficient large margin piece-wise learning method which is widely applicable . We show how the resulting optimization problem can be reduced to an equivalent convex problem with a small number of constraints , and solve it using an efficient scheme . Our method is both memory and computationally efficient . We show results on publicly available standard datasets .",1202,186,11,22,10,1,NER:Generic|NER:Method|NER:OtherScientificTerm|NER:Task|REL:CONJUNCTION|REL:PART-OF|REL:USED-FOR,83744437013576da59cfc8316aa54f9ad546920f9685b7bd11852cab902fca9f,1,long,
SciERC,train,P80-1004,abstract,scierc_entity_relation,processed_data/json/train.json,"Interpreting metaphors is an integral and inescapable process in human understanding of natural language . This paper discusses a method of analyzing metaphors based on the existence of a small number of generalized metaphor mappings . Each generalized metaphor contains a recognition network , a basic mapping , additional transfer mappings , and an implicit intention component . It is argued that the method reduces metaphor interpretation from a reconstruction to a recognition task . Implications towards automating certain aspects of language learning are also discussed .",578,87,5,15,12,1,NER:Generic|NER:Method|NER:OtherScientificTerm|NER:Task|REL:CONJUNCTION|REL:HYPONYM-OF|REL:PART-OF|REL:USED-FOR,9d09d56fee8d0dd2f0885b1976dcfdd9e34a8859d243fa9851327b1733ec30b2,1,short,
SciERC,train,I08-1043,abstract,scierc_entity_relation,processed_data/json/train.json,"This study presents a method to automatically acquire paraphrases using bilingual corpora , which utilizes the bilingual dependency relations obtained by projecting a monolingual dependency parse onto the other language sentence based on statistical alignment techniques . Since the paraphrasing method is capable of clearly disambiguating the sense of an original phrase using the bilingual context of dependency relation , it would be possible to obtain interchangeable paraphrases under a given context . Also , we provide an advanced method to acquire generalized translation knowledge using the extracted paraphrases . We applied the method to acquire the generalized translation knowledge for Korean-English translation . Through experiments with parallel corpora of a Korean and English language pairs , we show that our paraphrasing method effectively extracts paraphrases with high precision , 94.3 % and 84.6 % respectively for Korean and English , and the translation knowledge extracted from the bilingual corpora could be generalized successfully using the paraphrases with the 12.5 % compression ratio .",1117,164,5,24,15,1,NER:Generic|NER:Material|NER:Method|NER:Metric|NER:OtherScientificTerm|NER:Task|REL:CONJUNCTION|REL:EVALUATE-FOR|REL:USED-FOR,4c51c0ba1297c6b7ec2cd1377fc216606e65b05993027f146b0ac6d17250c30e,1,long,
SciERC,train,P01-1047,abstract,scierc_entity_relation,processed_data/json/train.json,"We provide a logical definition of Minimalist grammars , that are Stabler 's formalization of Chomsky 's minimalist program . Our logical definition leads to a neat relation to categorial grammar , -LRB- yielding a treatment of Montague semantics -RRB- , a parsing-as-deduction in a resource sensitive logic , and a learning algorithm from structured data -LRB- based on a typing-algorithm and type-unification -RRB- . Here we emphasize the connection to Montague semantics which can be viewed as a formal computation of the logical form .",539,86,3,14,7,1,NER:Material|NER:Method|NER:OtherScientificTerm|REL:CONJUNCTION|REL:HYPONYM-OF|REL:USED-FOR,6972c7d26337158216d82874f892462f26033f15b82ecd452a5313384fcf0227,1,short,
SciERC,train,N06-2038,abstract,scierc_entity_relation,processed_data/json/train.json,"There are several approaches that model information extraction as a token classification task , using various tagging strategies to combine multiple tokens . We describe the tagging strategies that can be found in the literature and evaluate their relative performances . We also introduce a new strategy , called Begin/After tagging or BIA , and show that it is competitive to the best other strategies .",405,66,3,10,4,1,NER:Generic|NER:Method|NER:Task|REL:COMPARE|REL:HYPONYM-OF|REL:USED-FOR,384ae1b628e66e9e7c239d5cb9766067f30b7fadf9c36dbfa24b13cb79a7518d,1,short,
SciERC,train,M91-1029,abstract,scierc_entity_relation,processed_data/json/train.json,"The PRC Adaptive Knowledge-based Text Understanding System -LRB- PAKTUS -RRB- has been under development as an Independent Research and Development project at PRC since 1984 . The objective is a generic system of tools , including a core English lexicon , grammar , and concept representations , for building natural language processing -LRB- NLP -RRB- systems for text understanding . Systems built with PAKTUS are intended to generate input to knowledge based systems ordata base systems . Input to the NLP system is typically derived from an existing electronic message stream , such as a news wire . PAKTUS supports the adaptation of the generic core to a variety of domains : JINTACCS messages , RAINFORM messages , news reports about a specific type of event , such as financial transfers or terrorist acts , etc. , by acquiring sublanguage and domain-specific grammar , words , conceptual mappings , and discourse patterns . The long-term goal is a system that can support the processing of relatively long discourses in domains that are fairly broad with a high rate of success .",1087,181,6,23,24,1,NER:Generic|NER:Material|NER:Method|NER:OtherScientificTerm|NER:Task|REL:CONJUNCTION|REL:FEATURE-OF|REL:HYPONYM-OF|REL:PART-OF|REL:USED-FOR,7834572bc62c8d7f85eafec160a7214a80af744a4e8ae02bca9f473603f07981,1,long,
SciERC,train,H94-1064,abstract,scierc_entity_relation,processed_data/json/train.json,"A major axis of research at LIMSI is directed at multilingual , speaker-independent , large vocabulary speech dictation . In this paper the LIMSI recognizer which was evaluated in the ARPA NOV93 CSR test is described , and experimental results on the WSJ and BREF corpora under closely matched conditions are reported . For both corpora word recognition experiments were carried out with vocabularies containing up to 20k words . The recognizer makes use of continuous density HMM with Gaussian mixture for acoustic modeling and n-gram statistics estimated on the newspaper texts for language modeling . The recognizer uses a time-synchronous graph-search strategy which is shown to still be viable with a 20k-word vocabulary when used with bigram back-off language models . A second forward pass , which makes use of a word graph generated with the bigram , incorporates a trigram language model . Acoustic modeling uses cepstrum-based features , context-dependent phone models -LRB- intra and interword -RRB- , phone duration models , and sex-dependent models .",1063,168,7,24,23,1,NER:Generic|NER:Material|NER:Method|NER:OtherScientificTerm|NER:Task|REL:CONJUNCTION|REL:EVALUATE-FOR|REL:USED-FOR,743ac5c3f629fdfd75d2537c3c2fe27aecd1803cd9df8d76e17d7e56e9b9cdad,1,long,
SciERC,train,CVPR_2011_303_abs,abstract,scierc_entity_relation,processed_data/json/train.json,"The co-occurrence pattern , a combination of binary or local features , is more discriminative than individual features and has shown its advantages in object , scene , and action recognition . We discuss two types of co-occurrence patterns that are complementary to each other , the conjunction -LRB- AND -RRB- and disjunction -LRB- OR -RRB- of binary features . The necessary condition of identifying discriminative co-occurrence patterns is firstly provided . Then we propose a novel data mining method to efficiently discover the optimal co-occurrence pattern with minimum empirical error , despite the noisy training dataset . This mining procedure of AND and OR patterns is readily integrated to boosting , which improves the generalization ability over the conventional boosting decision trees and boosting decision stumps . Our versatile experiments on object , scene , and action cat-egorization validate the advantages of the discovered dis-criminative co-occurrence patterns .",987,149,6,19,14,1,NER:Generic|NER:Material|NER:Method|NER:Metric|NER:OtherScientificTerm|NER:Task|REL:COMPARE|REL:CONJUNCTION|REL:EVALUATE-FOR|REL:FEATURE-OF|REL:PART-OF|REL:USED-FOR,ff0b76f06eb0420137146e6ce888a690ad66b01a237f29e0656ef7b9b41361a1,1,long,
SciERC,train,C04-1058,abstract,scierc_entity_relation,processed_data/json/train.json,"Empirical experience and observations have shown us when powerful and highly tunable classifiers such as maximum entropy classifiers , boosting and SVMs are applied to language processing tasks , it is possible to achieve high accuracies , but eventually their performances all tend to plateau out at around the same point . To further improve performance , various error correction mechanisms have been developed , but in practice , most of them can not be relied on to predictably improve performance on unseen data ; indeed , depending upon the test set , they are as likely to degrade accuracy as to improve it . This problem is especially severe if the base classifier has already been finely tuned . In recent work , we introduced N-fold Templated Piped Correction , or NTPC -LRB- `` nitpick '' -RRB- , an intriguing error corrector that is designed to work in these extreme operating conditions . Despite its simplicity , it consistently and robustly improves the accuracy of existing highly accurate base models . This paper investigates some of the more surprising claims made by NTPC , and presents experiments supporting an Occam 's Razor argument that more complex models are damaging or unnecessary in practice .",1225,205,6,13,8,1,NER:Generic|NER:Method|NER:OtherScientificTerm|NER:Task|REL:COMPARE|REL:CONJUNCTION|REL:HYPONYM-OF|REL:USED-FOR,1c56ccd76c8729c827be05ce06e06447fd48fdf7414562d3364ea223133abc23,1,long,
SciERC,train,P81-1033,abstract,scierc_entity_relation,processed_data/json/train.json,"A flexible parser can deal with input that deviates from its grammar , in addition to input that conforms to it . Ideally , such a parser will correct the deviant input : sometimes , it will be unable to correct it at all ; at other times , correction will be possible , but only to within a range of ambiguous possibilities . This paper is concerned with such ambiguous situations , and with making it as easy as possible for the ambiguity to be resolved through consultation with the user of the parser - we presume interactive use . We show the importance of asking the user for clarification in as focused a way as possible . Focused interaction of this kind is facilitated by a construction-specific approach to flexible parsing , with specialized parsing techniques for each type of construction , and specialized ambiguity representations for each type of ambiguity that a particular construction can give rise to . A construction-specific approach also aids in task-specific language development by allowing a language definition that is natural in terms of the task domain to be interpreted directly without compilation into a uniform grammar formalism , thus greatly speeding the testing of changes to the language definition .",1237,209,6,15,6,1,NER:Generic|NER:Method|NER:OtherScientificTerm|NER:Task|REL:CONJUNCTION|REL:USED-FOR,4317da9bebcc012f42aab7c126b9a97e2418bbd4f04ada7797bfc033ee09ff01,1,long,
SciERC,train,E89-1006,abstract,scierc_entity_relation,processed_data/json/train.json,"A proposal to deal with French tenses in the framework of Discourse Representation Theory is presented , as it has been implemented for a fragment at the IMS . It is based on the theory of tenses of H. Kamp and Ch . Rohrer . Instead of using operators to express the meaning of the tenses the Reichenbachian point of view is adopted and refined such that the impact of the tenses with respect to the meaning of the text is understood as contribution to the integration of the events of a sentence in the event structure of the preceeding text . Thereby a system of relevant times provided by the preceeding text and by the temporal adverbials of the sentence being processed is used . This system consists of one or more reference times and temporal perspective times , the speech time and the location time . The special interest of our proposal is to establish a plausible choice of anchors for the new event out of the system of relevant times and to update this system of temporal coordinates correctly . The problem of choice is largely neglected in the literature . In opposition to the approach of Kamp and Rohrer the exact meaning of the tenses is fixed by the resolution component and not in the process of syntactic analysis .",1236,224,9,23,16,1,NER:Generic|NER:Method|NER:OtherScientificTerm|NER:Task|REL:COMPARE|REL:CONJUNCTION|REL:PART-OF|REL:USED-FOR,5f2aad249a05b6e19127141853acabbbf92dc0d3d04e413f2145da66efa94c8b,1,long,
SciERC,train,C04-1068,abstract,scierc_entity_relation,processed_data/json/train.json,"The work presented in this paper is the first step in a project which aims to cluster and summarise electronic discussions in the context of help-desk applications . The eventual objective of this project is to use these summaries to assist help-desk users and operators . In this paper , we identify features of electronic discussions that influence the clustering process , and offer a filtering mechanism that removes undesirable influences . We tested the clustering and filtering processes on electronic newsgroup discussions , and evaluated their performance by means of two experiments : coarse-level clustering simple information retrieval .",649,100,4,11,7,1,NER:Generic|NER:Material|NER:Method|NER:OtherScientificTerm|NER:Task|REL:EVALUATE-FOR|REL:FEATURE-OF|REL:HYPONYM-OF|REL:PART-OF,4d49df6ffb5804833dbe1b81a06c66c62901b3a2c232232d11b6cd8616319581,1,short,
SciERC,train,C04-1192,abstract,scierc_entity_relation,processed_data/json/train.json,"The paper presents a method for word sense disambiguation based on parallel corpora . The method exploits recent advances in word alignment and word clustering based on automatic extraction of translation equivalents and being supported by available aligned wordnets for the languages in the corpus . The wordnets are aligned to the Princeton Wordnet , according to the principles established by EuroWordNet . The evaluation of the WSD system , implementing the method described herein showed very encouraging results . The same system used in a validation mode , can be used to check and spot alignment errors in multilingually aligned wordnets as BalkaNet and EuroWordNet .",675,107,5,18,11,1,NER:Generic|NER:Material|NER:Method|NER:OtherScientificTerm|NER:Task|REL:CONJUNCTION|REL:HYPONYM-OF|REL:USED-FOR,1934d0aa0e95f415b5b1f76348a931f2e9b20d0762b12b0c5c313e0aa5923804,1,medium,
SciERC,train,CVPR_2003_21_abs,abstract,scierc_entity_relation,processed_data/json/train.json,"This paper investigates critical configurations for projective reconstruction from multiple images taken by a camera moving in a straight line . Projective reconstruction refers to a determination of the 3D geometrical configuration of a set of 3D points and cameras , given only correspondences between points in the images . A configuration of points and cameras is critical if it can not be determined uniquely -LRB- up to a projective transform -RRB- from the image coordinates of the points . It is shown that a configuration consisting of any number of cameras lying on a straight line , and any number of points lying on a twisted cubic constitutes a critical configuration . An alternative configuration consisting of a set of points and cameras all lying on a rational quartic curve exists .",800,133,5,7,2,1,NER:Material|NER:OtherScientificTerm|NER:Task|REL:FEATURE-OF|REL:USED-FOR,39f67b39bba838aeaf4738245ffa8cd335de608ef6aa6a42388381314c3edce5,1,medium,
SciERC,train,C96-2213,abstract,scierc_entity_relation,processed_data/json/train.json,"Porting a Natural Language Processing -LRB- NLP -RRB- system to a new domain remains one of the bottlenecks in syntactic parsing , because of the amount of effort required to fix gaps in the lexicon , and to attune the existing grammar to the idiosyncracies of the new sublanguage . This paper shows how the process of fitting a lexicalized grammar to a domain can be automated to a great extent by using a hybrid system that combines traditional knowledge-based techniques with a corpus-based approach .",504,86,2,9,5,1,NER:Material|NER:Method|NER:OtherScientificTerm|NER:Task|REL:CONJUNCTION|REL:PART-OF|REL:USED-FOR,fde22a602a0a4adbd354e908d172681105cca96295bcdfea670d9f57ed032378,1,short,
SciERC,train,C88-2132,abstract,scierc_entity_relation,processed_data/json/train.json,"Chart parsing is directional in the sense that it works from the starting point -LRB- usually the beginning of the sentence -RRB- extending its activity usually in a rightward manner . We shall introduce the concept of a chart that works outward from islands and makes sense of as much of the sentence as it is actually possible , and after that will lead to predictions of missing fragments . So , for any place where the easily identifiable fragments occur in the sentence , the process will extend to both the left and the right of the islands , until possibly completely missing fragments are reached . At that point , by virtue of the fact that both a left and a right context were found , heuristics can be introduced that predict the nature of the missing fragments .",774,141,4,0,0,1,,630bfbbe6d3711f2d3a0c91c3d98ad724abaab135b6c8358c804330dcc91ae44,1,medium,
SciERC,train,E91-1050,abstract,scierc_entity_relation,processed_data/json/train.json,"Unification is often the appropriate method for expressing relations between representations in the form of feature structures ; however , there are circumstances in which a different approach is desirable . A declarative formalism is presented which permits direct mappings of one feature structure into another , and illustrative examples are given of its application to areas of current interest .",400,61,2,7,4,1,NER:Generic|NER:Method|NER:OtherScientificTerm|NER:Task|REL:COMPARE|REL:FEATURE-OF|REL:USED-FOR,be2c8cb3a336c911f6ad35f330bfb5eb39b9b2112bfdf56e6389eb18174278c6,1,short,
SciERC,train,H01-1017,abstract,scierc_entity_relation,processed_data/json/train.json,"To support engaging human users in robust , mixed-initiative speech dialogue interactions which reach beyond current capabilities in dialogue systems , the DARPA Communicator program -LSB- 1 -RSB- is funding the development of a distributed message-passing infrastructure for dialogue systems which all Communicator participants are using . In this presentation , we describe the features of and requirements for a genuinely useful software infrastructure for this purpose .",474,68,2,4,1,1,NER:Method|REL:USED-FOR,8e5bac4a86b25e6b7f002f0d68ff100f0788206fe1cb6de4c1008fb37eedc23c,1,short,
SciERC,train,ICML_2016_21_abs,abstract,scierc_entity_relation,processed_data/json/train.json,"We propose a novel limited-memory stochastic block BFGS update for incorporating enriched curvature information in stochastic approximation methods . In our method , the estimate of the inverse Hessian matrix that is maintained by it , is updated at each iteration using a sketch of the Hessian , i.e. , a randomly generated compressed form of the Hessian . We propose several sketching strategies , present a new quasi-Newton method that uses stochastic block BFGS updates combined with the variance reduction approach SVRG to compute batch stochastic gradients , and prove linear convergence of the resulting method . Numerical tests on large-scale logistic regression problems reveal that our method is more robust and substantially outperforms current state-of-the-art methods .",782,119,4,17,12,1,NER:Generic|NER:Method|NER:OtherScientificTerm|NER:Task|REL:COMPARE|REL:CONJUNCTION|REL:EVALUATE-FOR|REL:FEATURE-OF|REL:HYPONYM-OF|REL:USED-FOR,1988fd87c5a55ed97ee98cb80ccfa323629cf1575e2b1d4715a1f8a81f07899e,1,medium,
SciERC,train,H89-2066,abstract,scierc_entity_relation,processed_data/json/train.json,"The goal of this research is to develop a spoken language system that will demonstrate the usefulness of voice input for interactive problem solving . The system will accept continuous speech , and will handle multiple speakers without explicit speaker enrollment . Combining speech recognition and natural language processing to achieve speech understanding , the system will be demonstrated in an application domain relevant to the DoD . The objective of this project is to develop a robust and high-performance speech recognition system using a segment-based approach to phonetic recognition . The recognition system will eventually be integrated with natural language processing to achieve spoken language understanding .",725,108,5,14,11,1,NER:Generic|NER:Material|NER:Method|NER:Task|REL:CONJUNCTION|REL:USED-FOR,9d4e1d62a8b529b5a1656787ce0a8e1697967ab3ef7fa04da75eece6afba6226,1,medium,
SciERC,train,C90-3072,abstract,scierc_entity_relation,processed_data/json/train.json,"Spelling-checkers have become an integral part of most text processing software . From different reasons among which the speed of processing prevails they are usually based on dictionaries of word forms instead of words . This approach is sufficient for languages with little inflection such as English , but fails for highly inflective languages such as Czech , Russian , Slovak or other Slavonic languages . We have developed a special method for describing inflection for the purpose of building spelling-checkers for such languages . The speed of the resulting program lies somewhere in the middle of the scale of existing spelling-checkers for English and the main dictionary fits into the standard 360K floppy , whereas the number of recognized word forms exceeds 6 million -LRB- for Czech -RRB- . Further , a special method has been developed for easy word classification .",880,143,6,23,17,1,NER:Generic|NER:Material|NER:Method|NER:OtherScientificTerm|NER:Task|REL:CONJUNCTION|REL:FEATURE-OF|REL:HYPONYM-OF|REL:PART-OF|REL:USED-FOR,5a2010f77c023c4c5a5041d908a01bc68a90fe9dc61604ac9030ab602752e55a,1,medium,
SciERC,train,C04-1080,abstract,scierc_entity_relation,processed_data/json/train.json,"We present a new HMM tagger that exploits context on both sides of a word to be tagged , and evaluate it in both the unsupervised and supervised case . Along the way , we present the first comprehensive comparison of unsupervised methods for part-of-speech tagging , noting that published results to date have not been comparable across corpora or lexicons . Observing that the quality of the lexicon greatly impacts the accuracy that can be achieved by the algorithms , we present a method of HMM training that improves accuracy when training of lexical probabilities is unstable . Finally , we show how this new tagger achieves state-of-the-art results in a supervised , non-training intensive framework .",707,118,4,11,4,1,NER:Generic|NER:Method|NER:Metric|NER:OtherScientificTerm|NER:Task|REL:EVALUATE-FOR|REL:USED-FOR,cc11ac450014bb329f91932d350084ee3d8a915ca37cdbccc3c83e9181329dbb,1,medium,
SciERC,train,NIPS_2015_10_abs,abstract,scierc_entity_relation,processed_data/json/train.json,"We propose a family of non-uniform sampling strategies to provably speed up a class of stochastic optimization algorithms with linear convergence including Stochastic Variance Reduced Gradient -LRB- SVRG -RRB- and Stochastic Dual Coordinate Ascent -LRB- SDCA -RRB- . For a large family of penalized empirical risk minimization problems , our methods exploit data dependent local smoothness of the loss functions near the optimum , while maintaining convergence guarantees . Our bounds are the first to quantify the advantage gained from local smoothness which are significant for some problems significantly better . Empirically , we provide thorough numerical results to back up our theory . Additionally we present algorithms exploiting local smoothness in more aggressive ways , which perform even better in practice .",821,123,5,15,9,1,NER:Generic|NER:Method|NER:OtherScientificTerm|NER:Task|REL:CONJUNCTION|REL:FEATURE-OF|REL:HYPONYM-OF|REL:USED-FOR,cf2f48d0ccff5317cf79ad7e946eccbba8928578d106043cb139cab09610d6c9,1,medium,
SciERC,train,C04-1022,abstract,scierc_entity_relation,processed_data/json/train.json,"Statistical language modeling remains a challenging task , in particular for morphologically rich languages . Recently , new approaches based on factored language models have been developed to address this problem . These models provide principled ways of including additional conditioning variables other than the preceding words , such as morphological or syntactic features . However , the number of possible choices for model parameters creates a large space of models that can not be searched exhaustively . This paper presents an entirely data-driven model selection procedure based on genetic search , which is shown to outperform both knowledge-based and random selection procedures on two different language modeling tasks -LRB- Arabic and Turkish -RRB- .",764,115,5,15,9,1,NER:Generic|NER:Material|NER:Method|NER:OtherScientificTerm|NER:Task|REL:COMPARE|REL:CONJUNCTION|REL:HYPONYM-OF|REL:USED-FOR,573716bac8cf9173e76bc6e84ec9d54455e4b156d8e6699b98d4c22485f217cf,1,medium,
SciERC,train,P03-1033,abstract,scierc_entity_relation,processed_data/json/train.json,"We address appropriate user modeling in order to generate cooperative responses to each user in spoken dialogue systems . Unlike previous studies that focus on user 's knowledge or typical kinds of users , the user model we propose is more comprehensive . Specifically , we set up three dimensions of user models : skill level to the system , knowledge level on the target domain and the degree of hastiness . Moreover , the models are automatically derived by decision tree learning using real dialogue data collected by the system . We obtained reasonable classification accuracy for all dimensions . Dialogue strategies based on the user modeling are implemented in Kyoto city bus information system that has been developed at our laboratory . Experimental evaluation shows that the cooperative responses adaptive to individual users serve as good guidance for novice users without increasing the dialogue duration for skilled users .",937,151,7,16,8,1,NER:Generic|NER:Material|NER:Method|NER:Metric|NER:OtherScientificTerm|NER:Task|REL:COMPARE|REL:PART-OF|REL:USED-FOR,1564d769634969cb409bf72645e3639b09c4ab6d071914e44de5fa45debf2525,1,long,
SciERC,train,P06-2059,abstract,scierc_entity_relation,processed_data/json/train.json,"This paper proposes a novel method of building polarity-tagged corpus from HTML documents . The characteristics of this method is that it is fully automatic and can be applied to arbitrary HTML documents . The idea behind our method is to utilize certain layout structures and linguistic pattern . By using them , we can automatically extract such sentences that express opinion . In our experiment , the method could construct a corpus consisting of 126,610 sentences .",470,78,5,11,6,1,NER:Generic|NER:Material|NER:OtherScientificTerm|NER:Task|REL:CONJUNCTION|REL:USED-FOR,b8983f44307df1cddd74ca2e5162cee29d9f8d32586e988015551ae0cd90f405,1,short,
SciERC,train,P05-1074,abstract,scierc_entity_relation,processed_data/json/train.json,"Previous work has used monolingual parallel corpora to extract and generate paraphrases . We show that this task can be done using bilingual parallel corpora , a much more commonly available resource . Using alignment techniques from phrase-based statistical machine translation , we show how paraphrases in one language can be identified using a phrase in another language as a pivot . We define a paraphrase probability that allows paraphrases extracted from a bilingual parallel corpus to be ranked using translation probabilities , and show how it can be refined to take contextual information into account . We evaluate our paraphrase extraction and ranking methods using a set of manual word alignments , and contrast the quality with paraphrases extracted from automatic alignments .",790,124,5,18,9,1,NER:Generic|NER:Material|NER:Method|NER:Metric|NER:OtherScientificTerm|NER:Task|REL:EVALUATE-FOR|REL:PART-OF|REL:USED-FOR,bd9aef0c216051ab45e7373b539e3d5178acac1154f14b94cc63a7c857b46176,1,medium,
SciERC,train,H89-2019,abstract,scierc_entity_relation,processed_data/json/train.json,"This paper proposes an automatic , essentially domain-independent means of evaluating Spoken Language Systems -LRB- SLS -RRB- which combines software we have developed for that purpose -LRB- the '' Comparator '' -RRB- and a set of specifications for answer expressions -LRB- the '' Common Answer Specification '' , or CAS -RRB- . The Comparator checks whether the answer provided by a SLS accords with a canonical answer , returning either true or false . The Common Answer Specification determines the syntax of answer expressions , the minimal content that must be included in them , the data to be included in and excluded from test corpora , and the procedures used by the Comparator . Though some details of the CAS are particular to individual domains , the Comparator software is domain-independent , as is the CAS approach .",832,139,4,15,5,1,NER:Generic|NER:Method|NER:OtherScientificTerm|REL:CONJUNCTION|REL:PART-OF|REL:USED-FOR,518ceb8dfbcde127f9935560a23cc560e64b3c5777d7f8247aaa4bffa1fd5389,1,medium,
SciERC,train,C02-1120,abstract,scierc_entity_relation,processed_data/json/train.json,"This paper describes an unsupervised learning method for associative relationships between verb phrases , which is important in developing reliable Q&A systems . Consider the situation that a user gives a query `` How much petrol was imported to Japan from Saudi Arabia ? '' to a Q&A system , but the text given to the system includes only the description `` X tonnes of petrol was conveyed to Japan from Saudi Arabia '' . We think that the description is a good clue to find the answer for our query , `` X tonnes '' . But there is no large-scale database that provides the associative relationship between `` imported '' and `` conveyed '' . Our aim is to develop an unsupervised learning method that can obtain such an associative relationship , which we call scenario consistency . The method we are currently working on uses an expectation-maximization -LRB- EM -RRB- based word-clustering algorithm , and we have evaluated the effectiveness of this method using Japanese verb phrases .",991,171,7,13,5,1,NER:Generic|NER:Material|NER:Method|NER:OtherScientificTerm|NER:Task|REL:USED-FOR,72deefc7d63889ce33257f934b36a40308c9348e50b7d20fd846991869ddb00b,1,long,
SciERC,train,INTERSPEECH_2015_9_abs,abstract,scierc_entity_relation,processed_data/json/train.json,"We describe the use of text data scraped from the web to augment language models for Automatic Speech Recognition and Keyword Search for Low Resource Languages . We scrape text from multiple genres including blogs , online news , translated TED talks , and subtitles . Using linearly interpolated language models , we find that blogs and movie subtitles are more relevant for language modeling of conversational telephone speech and obtain large reductions in out-of-vocabulary keywords . Furthermore , we show that the web data can improve Term Error Rate Performance by 3.8 % absolute and Maximum Term-Weighted Value in Keyword Search by 0.0076-0 .1059 absolute points . Much of the gain comes from the reduction of out-of-vocabulary items .",743,120,5,21,21,1,NER:Generic|NER:Material|NER:Method|NER:Metric|NER:OtherScientificTerm|NER:Task|REL:CONJUNCTION|REL:EVALUATE-FOR|REL:FEATURE-OF|REL:HYPONYM-OF|REL:USED-FOR,b4515a92bd74dcf43761b0b40e3e04ff16beec5d5abc32dea8ae354546af4a85,1,medium,
SciERC,train,P03-1034,abstract,scierc_entity_relation,processed_data/json/train.json,"Pipelined Natural Language Generation -LRB- NLG -RRB- systems have grown increasingly complex as architectural modules were added to support language functionalities such as referring expressions , lexical choice , and revision . This has given rise to discussions about the relative placement of these new modules in the overall architecture . Recent work on another aspect of multi-paragraph text , discourse markers , indicates it is time to consider where a discourse marker insertion algorithm fits in . We present examples which suggest that in a pipelined NLG architecture , the best approach is to strongly tie it to a revision component . Finally , we evaluate the approach in a working multi-page system .",715,115,5,17,10,1,NER:Generic|NER:Material|NER:Method|NER:OtherScientificTerm|NER:Task|REL:CONJUNCTION|REL:EVALUATE-FOR|REL:HYPONYM-OF|REL:PART-OF|REL:USED-FOR,3747e50160a8d2b3117000313f328f8db539f624df9b10103a1d6e5337e75da4,1,medium,
SciERC,train,E83-1029,abstract,scierc_entity_relation,processed_data/json/train.json,"In this paper a system which understands and conceptualizes scenes descriptions in natural language is presented . Specifically , the following components of the system are described : the syntactic analyzer , based on a Procedural Systemic Grammar , the semantic analyzer relying on the Conceptual Dependency Theory , and the dictionary .",339,53,2,9,9,1,NER:Generic|NER:Method|NER:OtherScientificTerm|NER:Task|REL:CONJUNCTION|REL:PART-OF|REL:USED-FOR,02f5f1370332d4ea3a7b9a5a5309166acc3691d09fe27dcc3784b61b80b84240,1,short,
SciERC,train,J05-1003,abstract,scierc_entity_relation,processed_data/json/train.json,"This article considers approaches which rerank the output of an existing probabilistic parser . The base parser produces a set of candidate parses for each input sentence , with associated probabilities that define an initial ranking of these parses . A second model then attempts to improve upon this initial ranking , using additional features of the tree as evidence . The strength of our approach is that it allows a tree to be represented as an arbitrary set of features , without concerns about how these features interact or overlap and without the need to define a derivation or a generative model which takes these features into account . We introduce a new method for the reranking task , based on the boosting approach to ranking problems described in Freund et al. -LRB- 1998 -RRB- . We apply the boosting method to parsing the Wall Street Journal treebank . The method combined the log-likelihood under a baseline model -LRB- that of Collins -LSB- 1999 -RSB- -RRB- with evidence from an additional 500,000 features over parse trees that were not included in the original model . The new model achieved 89.75 % F-measure , a 13 % relative decrease in F-measure error over the baseline model 's score of 88.2 % . The article also introduces a new algorithm for the boosting approach which takes advantage of the sparsity of the feature space in the parsing data . Experiments show significant efficiency gains for the new algorithm over the obvious implementation of the boosting approach . We argue that the method is an appealing alternative - in terms of both simplicity and efficiency - to work on feature selection methods within log-linear -LRB- maximum-entropy -RRB- models . Although the experiments in this article are on natural language parsing -LRB- NLP -RRB- , the approach should be applicable to many other NLP problems which are naturally framed as ranking tasks , for example , speech recognition , machine translation , or natural language generation .",1981,334,12,50,28,1,NER:Generic|NER:Material|NER:Method|NER:Metric|NER:OtherScientificTerm|NER:Task|REL:COMPARE|REL:CONJUNCTION|REL:EVALUATE-FOR|REL:FEATURE-OF|REL:HYPONYM-OF|REL:PART-OF|REL:USED-FOR,e784a4a01a963f2bce759c9e9a02cf1742c90180150dc7e5c761b5b5a8d1f921,1,long,
SciERC,train,J89-4003,abstract,scierc_entity_relation,processed_data/json/train.json,"A model is presented to characterize the class of languages obtained by adding reduplication to context-free languages . The model is a pushdown automaton augmented with the ability to check reduplication by using the stack in a new way . The class of languages generated is shown to lie strictly between the context-free languages and the indexed languages . The model appears capable of accommodating the sort of reduplications that have been observed to occur in natural languages , but it excludes many of the unnatural constructions that other formal models have permitted .",579,94,4,16,7,1,NER:Generic|NER:Material|NER:Method|NER:OtherScientificTerm|REL:CONJUNCTION|REL:HYPONYM-OF|REL:USED-FOR,5b139de8e574037679631ca2202d095a34ab49801ed24b1648f3a3d49c39034e,1,short,
SciERC,train,CVPR_2014_10_abs,abstract,scierc_entity_relation,processed_data/json/train.json,"We present an image set classification algorithm based on unsupervised clustering of labeled training and unla-beled test data where labels are only used in the stopping criterion . The probability distribution of each class over the set of clusters is used to define a true set based similarity measure . To this end , we propose an iterative sparse spectral clustering algorithm . In each iteration , a proximity matrix is efficiently recomputed to better represent the local subspace structure . Initial clusters capture the global data structure and finer clusters at the later stages capture the subtle class differences not visible at the global scale . Image sets are compactly represented with multiple Grass-mannian manifolds which are subsequently embedded in Euclidean space with the proposed spectral clustering algorithm . We also propose an efficient eigenvector solver which not only reduces the computational cost of spectral clustering by many folds but also improves the clustering quality and final classification results . Experiments on five standard datasets and comparison with seven existing techniques show the efficacy of our algorithm .",1163,179,8,26,12,1,NER:Generic|NER:Material|NER:Method|NER:Metric|NER:OtherScientificTerm|REL:EVALUATE-FOR|REL:USED-FOR,4daf53b1202924bf85717f0b58ed16f5f240bcb0630aa88b43d4561b86353422,1,long,
SciERC,train,H05-1101,abstract,scierc_entity_relation,processed_data/json/train.json,"This paper investigates some computational problems associated with probabilistic translation models that have recently been adopted in the literature on machine translation . These models can be viewed as pairs of probabilistic context-free grammars working in a ` synchronous ' way . Two hardness results for the class NP are reported , along with an exponential time lower-bound for certain classes of algorithms that are currently used in the literature .",459,71,3,6,3,1,NER:Generic|NER:Method|NER:OtherScientificTerm|NER:Task|REL:FEATURE-OF|REL:USED-FOR,fdd7d1a4c420317b4264bcd4eb6956cf3cffb9adb127452a95305126b94f2ad2,1,short,
SciERC,train,CVPR_2005_21_abs,abstract,scierc_entity_relation,processed_data/json/train.json,"Active shape models are a powerful and widely used tool to interpret complex image data . By building models of shape variation they enable search algorithms to use a pri-ori knowledge in an efficient and gainful way . However , due to the linearity of PCA , non-linearities like rotations or independently moving sub-parts in the data can deteriorate the resulting model considerably . Although non-linear extensions of active shape models have been proposed and application specific solutions have been used , they still need a certain amount of user interaction during model building . In this paper the task of build-ing/choosing optimal models is tackled in a more generic information theoretic fashion . In particular , we propose an algorithm based on the minimum description length principle to find an optimal subdivision of the data into sub-parts , each adequate for linear modeling . This results in an overall more compact model configuration . Which in turn leads to a better model in terms of modes of variations . The proposed method is evaluated on synthetic data , medical images and hand contours .",1117,185,9,22,13,1,NER:Generic|NER:Material|NER:Method|NER:OtherScientificTerm|NER:Task|REL:CONJUNCTION|REL:EVALUATE-FOR|REL:FEATURE-OF|REL:HYPONYM-OF|REL:USED-FOR,26089a107cd7bd3f992a3d636d0125c39ed444ba47c47e9d001b7f372068dbdd,1,long,
SciERC,train,L08-1110,abstract,scierc_entity_relation,processed_data/json/train.json,"We describe a set of experiments to explore statistical techniques for ranking and selecting the best translations in a graph of translation hypotheses . In a previous paper -LRB- Carl , 2007 -RRB- we have described how the hypotheses graph is generated through shallow mapping and permutation rules . We have given examples of its nodes consisting of vectors representing morpho-syntactic properties of words and phrases . This paper describes a number of methods for elaborating statistical feature functions from some of the vector components . The feature functions are trained off-line on different types of text and their log-linear combination is then used to retrieve the best M translation paths in the graph . We compare two language modelling toolkits , the CMU and the SRI toolkit and arrive at three results : 1 -RRB- word-lemma based feature function models produce better results than token-based models , 2 -RRB- adding a PoS-tag feature function to the word-lemma model improves the output and 3 -RRB- weights for lexical translations are suitable if the training material is similar to the texts to be translated .",1132,184,6,22,11,1,NER:Generic|NER:Method|NER:OtherScientificTerm|NER:Task|REL:COMPARE|REL:CONJUNCTION|REL:HYPONYM-OF|REL:PART-OF|REL:USED-FOR,af68f94f07b53e1f7ae31efd53c9fb758361f54c4260a93e122594e002fe6ffd,1,long,
SciERC,train,J90-3002,abstract,scierc_entity_relation,processed_data/json/train.json,"This paper presents a specialized editor for a highly structured dictionary . The basic goal in building that editor was to provide an adequate tool to help lexicologists produce a valid and coherent dictionary on the basis of a linguistic theory . If we want valuable lexicons and grammars to achieve complex natural language processing , we must provide very powerful tools to help create and ensure the validity of such complex linguistic databases . Our most important task in building the editor was to define a set of coherence rules that could be computationally applied to ensure the validity of lexical entries . A customized interface for browsing and editing was also designed and implemented .",705,117,5,9,3,1,NER:Generic|NER:Material|NER:Method|NER:OtherScientificTerm|NER:Task|REL:USED-FOR,62aa20f6a3138232a695b173bf6d997193219b5a6dab68c5a173d3bc710073be,1,medium,
SciERC,train,L08-1154,abstract,scierc_entity_relation,processed_data/json/train.json,"Existing techniques extract term candidates by looking for internal and contextual information associated with domain specific terms . The algorithms always face the dilemma that fewer features are not enough to distinguish terms from non-terms whereas more features lead to more conflicts among selected features . This paper presents a novel approach for term extraction based on delimiters which are much more stable and domain independent . The proposed approach is not as sensitive to term frequency as that of previous works . This approach has no strict limit or hard rules and thus they can deal with all kinds of terms . It also requires no prior domain knowledge and no additional training to adapt to new domains . Consequently , the proposed approach can be applied to different domains easily and it is especially useful for resource-limited domains . Evaluations conducted on two different domains for Chinese term extraction show significant improvements over existing techniques which verifies its efficiency and domain independent nature . Experiments on new term extraction indicate that the proposed approach can also serve as an effective tool for domain lexicon expansion .",1194,188,9,21,7,1,NER:Generic|NER:Material|NER:OtherScientificTerm|NER:Task|REL:COMPARE|REL:EVALUATE-FOR|REL:FEATURE-OF|REL:USED-FOR,5eeebf3f9bf57d30ea84796fbf9daba0c91399959c1ce82babbf5c0bc20d0a53,1,long,
SciERC,train,H05-2007,abstract,scierc_entity_relation,processed_data/json/train.json,"We describe a method for identifying systematic patterns in translation data using part-of-speech tag sequences . We incorporate this analysis into a diagnostic tool intended for developers of machine translation systems , and demonstrate how our application can be used by developers to explore patterns in machine translation output .",336,50,2,8,5,1,NER:Generic|NER:Material|NER:Method|NER:OtherScientificTerm|REL:PART-OF|REL:USED-FOR,015a945ed4ed4db81622d4f2f29c9554a8892ba72e1d35579d5c482841e0f1fb,1,short,
SciERC,train,NIPS_1996_22_abs,abstract,scierc_entity_relation,processed_data/json/train.json,"We study the number of hidden layers required by a multilayer neu-ral network with threshold units to compute a function f from n d to -LCB- O , I -RCB- . In dimension d = 2 , Gibson characterized the functions computable with just one hidden layer , under the assumption that there is no `` multiple intersection point '' and that f is only defined on a compact set . We consider the restriction of f to the neighborhood of a multiple intersection point or of infinity , and give necessary and sufficient conditions for it to be locally computable with one hidden layer . We show that adding these conditions to Gib-son 's assumptions is not sufficient to ensure global computability with one hidden layer , by exhibiting a new non-local configuration , the `` critical cycle '' , which implies that f is not computable with one hidden layer .",844,153,4,10,3,1,NER:Method|NER:OtherScientificTerm|REL:HYPONYM-OF|REL:USED-FOR,422a1908fa86a3ff6f8ff3a93c15e8b56ba9c569a98be4bf8a1f3d93744fca23,1,medium,
SciERC,train,ECCV_2014_50_abs,abstract,scierc_entity_relation,processed_data/json/train.json,"This paper presents an approach to estimate the intrinsic texture properties -LRB- albedo , shading , normal -RRB- of scenes from multiple view acquisition under unknown illumination conditions . We introduce the concept of intrinsic textures , which are pixel-resolution surface textures representing the intrinsic appearance parameters of a scene . Unlike previous video relighting methods , the approach does not assume regions of uniform albedo , which makes it applicable to richly textured scenes . We show that intrinsic image methods can be used to refine an initial , low-frequency shading estimate based on a global lighting reconstruction from an original texture and coarse scene geometry in order to resolve the inherent global ambiguity in shading . The method is applied to relight-ing of free-viewpoint rendering from multiple view video capture . This demonstrates relighting with reproduction of fine surface detail .",935,143,6,22,12,1,NER:Generic|NER:Material|NER:Method|NER:OtherScientificTerm|NER:Task|REL:COMPARE|REL:FEATURE-OF|REL:USED-FOR,478fbe2d86bed6c9f9ed5ff2fe953cfbeec96ab6af6ca7446a4ba2456cce4bc4,1,long,
SciERC,train,H05-1117,abstract,scierc_entity_relation,processed_data/json/train.json,"Following recent developments in the automatic evaluation of machine translation and document summarization , we present a similar approach , implemented in a measure called POURPRE , for automatically evaluating answers to definition questions . Until now , the only way to assess the correctness of answers to such questions involves manual determination of whether an information nugget appears in a system 's response . The lack of automatic methods for scoring system output is an impediment to progress in the field , which we address with this work . Experiments with the TREC 2003 and TREC 2004 QA tracks indicate that rankings produced by our metric correlate highly with official rankings , and that POURPRE outperforms direct application of existing metrics .",770,123,4,14,10,1,NER:Generic|NER:Material|NER:Metric|NER:OtherScientificTerm|NER:Task|REL:COMPARE|REL:CONJUNCTION|REL:EVALUATE-FOR|REL:USED-FOR,5af5bf3376552b42e644e68d95263d594faafc8d8c3e44dcb68bd48c80d3b2f6,1,medium,
SciERC,train,H01-1055,abstract,scierc_entity_relation,processed_data/json/train.json,"Recent advances in Automatic Speech Recognition technology have put the goal of naturally sounding dialog systems within reach . However , the improved speech recognition has brought to light a new problem : as dialog systems understand more of what the user tells them , they need to be more sophisticated at responding to the user . The issue of system response to users has been extensively studied by the natural language generation community , though rarely in the context of dialog systems . We show how research in generation can be adapted to dialog systems , and how the high cost of hand-crafting knowledge-based generation systems can be overcome by employing machine learning techniques .",700,116,4,12,5,1,NER:Generic|NER:Method|NER:OtherScientificTerm|NER:Task|REL:COMPARE|REL:PART-OF|REL:USED-FOR,ba910839379248770ae28cc83ba7c9862b89a1a6105d908282675118ebc7e3cb,1,medium,
SciERC,train,I05-2013,abstract,scierc_entity_relation,processed_data/json/train.json,"We present a tool , called ILIMP , which takes as input a raw text in French and produces as output the same text in which every occurrence of the pronoun il is tagged either with tag -LSB- ANA -RSB- for anaphoric or -LSB- IMP -RSB- for impersonal or expletive . This tool is therefore designed to distinguish between the anaphoric occurrences of il , for which an anaphora resolution system has to look for an antecedent , and the expletive occurrences of this pronoun , for which it does not make sense to look for an antecedent . The precision rate for ILIMP is 97,5 % . The few errors are analyzed in detail . Other tasks using the method developed for ILIMP are described briefly , as well as the use of ILIMP in a modular syntactic analysis system .",755,142,5,13,7,1,NER:Generic|NER:Material|NER:Method|NER:Metric|NER:Task|REL:EVALUATE-FOR|REL:USED-FOR,489e79b0281262f357186d04a490ca4e893d1ea48ff9cffb0019cdef2bb058a8,1,medium,
SciERC,train,ICASSP_2016_3_abs,abstract,scierc_entity_relation,processed_data/json/train.json,"Speech-based depression detection has gained importance in recent years , but most research has used relatively quiet conditions or examined a single corpus per study . Little is thus known about the robustness of speech cues in the wild . This study compares the effect of noise and reverberation on depression prediction using 1 -RRB- standard mel-frequency cepstral coefficients -LRB- MFCCs -RRB- , and 2 -RRB- features designed for noise robustness , damped oscillator cepstral coefficients -LRB- DOCCs -RRB- . Data come from the 2014 AudioVisual Emotion Recognition Challenge -LRB- AVEC -RRB- . Results using additive noise and reverberation reveal a consistent pattern of findings for multiple evaluation metrics under both matched and mismatched conditions . First and most notably : standard MFCC features suffer dramatically under test/train mismatch for both noise and reverberation ; DOCC features are far more robust . Second , including higher-order cepstral coefficients is generally beneficial . Third , artificial neural networks tend to outperform support vector regression . Fourth , spontaneous speech appears to offer better robustness than read speech . Finally , a cross-corpus -LRB- and cross-language -RRB- experiment reveals better noise and reverberation robustness for DOCCs than for MFCCs . Implications and future directions for real-world robust depression detection are discussed .",1412,210,11,28,18,1,NER:Generic|NER:Material|NER:Method|NER:Metric|NER:OtherScientificTerm|NER:Task|REL:COMPARE|REL:CONJUNCTION|REL:EVALUATE-FOR|REL:FEATURE-OF|REL:USED-FOR,e2fc72f00be674fb9b0b0e6f17e82d610e5644170bac86e380f45418c624b758,1,long,
SciERC,train,C90-2032,abstract,scierc_entity_relation,processed_data/json/train.json,This paper proposes document oriented preference sets -LRB- DoPS -RRB- for the disambiguation of the dependency structure of sentences . The DoPS system extracts preference knowledge from a target document or other documents automatically . Sentence ambiguities can be resolved by using domain targeted preference knowledge without using complicated large knowledgebases . Implementation and empirical results are described for the the analysis of dependency structures of Japanese patent claim sentences .,506,71,4,8,4,1,NER:Material|NER:Method|NER:OtherScientificTerm|NER:Task|REL:COMPARE|REL:FEATURE-OF|REL:USED-FOR,e587f88cd366127f169c7ad360089a57ae6f8a30355ba4b32963d323b701f964,1,short,
SciERC,train,C00-1054,abstract,scierc_entity_relation,processed_data/json/train.json,"Multimodal interfaces require effective parsing and understanding of utterances whose content is distributed across multiple input modes . Johnston 1998 presents an approach in which strategies for multimodal integration are stated declaratively using a unification-based grammar that is used by a multidimensional chart parser to compose inputs . This approach is highly expressive and supports a broad class of interfaces , but offers only limited potential for mutual compensation among the input modes , is subject to significant concerns in terms of computational complexity , and complicates selection among alternative multimodal interpretations of the input . In this paper , we present an alternative approach in which multimodal parsing and understanding are achieved using a weighted finite-state device which takes speech and gesture streams as inputs and outputs their joint interpretation . This approach is significantly more efficient , enables tight-coupling of multimodal understanding with speech recognition , and provides a general probabilistic framework for multimodal ambiguity resolution .",1114,159,5,17,9,1,NER:Generic|NER:Material|NER:Method|NER:Metric|NER:OtherScientificTerm|NER:Task|REL:CONJUNCTION|REL:USED-FOR,2c0f0cf3fddf3eb014640e95dba0bd2277a67bea2d180e12194cced823ba43c1,1,long,
SciERC,train,H89-1027,abstract,scierc_entity_relation,processed_data/json/train.json,"Recently , we initiated a project to develop a phonetically-based spoken language understanding system called SUMMIT . In contrast to many of the past efforts that make use of heuristic rules whose development requires intense knowledge engineering , our approach attempts to express the speech knowledge within a formal framework using well-defined mathematical tools . In our system , features and decision strategies are discovered and trained automatically , using a large body of speech data . This paper describes the system , and documents its current performance .",572,89,4,12,6,1,NER:Generic|NER:Material|NER:Method|NER:OtherScientificTerm|REL:CONJUNCTION|REL:HYPONYM-OF|REL:USED-FOR,068bbef969b15248ac55e1797fbbdb989353f7e23add1e0765d0990cfa5db696,1,short,
SciERC,train,H91-1067,abstract,scierc_entity_relation,processed_data/json/train.json,"This paper describes an implemented program that takes a tagged text corpus and generates a partial list of the subcategorization frames in which each verb occurs . The completeness of the output list increases monotonically with the total occurrences of each verb in the training corpus . False positive rates are one to three percent . Five subcategorization frames are currently detected and we foresee no impediment to detecting many more . Ultimately , we expect to provide a large subcategorization dictionary to the NLP community and to train dictionaries for specific corpora .",585,94,5,6,1,1,NER:Generic|NER:Material|NER:Metric|NER:OtherScientificTerm|REL:EVALUATE-FOR,2badc53622d77f64baced13816b6a2ebff0a46c539aa0c739750cb80c955c31b,1,short,
SciERC,train,CVPR_2011_18_abs,abstract,scierc_entity_relation,processed_data/json/train.json,"We present a method for estimating the relative pose of two calibrated or uncalibrated non-overlapping surveillance cameras from observing a moving object . We show how to tackle the problem of missing point correspondences heavily required by SfM pipelines and how to go beyond this basic paradigm . We relax the non-linear nature of the problem by accepting two assumptions which surveillance scenarios offer , ie . the presence of a moving object and easily estimable gravity vector . By those assumptions we cast the problem as a Quadratic Eigenvalue Problem offering an elegant way of treating nonlinear monomials and delivering a quasi closed-form solution as a reliable starting point for a further bundle adjustment . We are the first to bring the closed form solution to such a very practical problem arising in video surveillance . Results in different camera setups demonstrate the feasibility of the approach .",922,149,7,20,9,1,NER:Generic|NER:Method|NER:OtherScientificTerm|NER:Task|REL:FEATURE-OF|REL:USED-FOR,324c3b92f7bda95344dc95110d77bd47dce8b9b6464cd87f1bd9202ce19366ef,1,medium,
SciERC,train,CVPR_2007_18_abs,abstract,scierc_entity_relation,processed_data/json/train.json,"In this paper , we propose a human action recognition system suitable for embedded computer vision applications in security systems , human-computer interaction and intelligent environments . Our system is suitable for embedded computer vision application based on three reasons . Firstly , the system was based on a linear Support Vector Machine -LRB- SVM -RRB- classifier where classification progress can be implemented easily and quickly in embedded hardware . Secondly , we use compacted motion features easily obtained from videos . We address the limitations of the well known Motion History Image -LRB- MHI -RRB- and propose a new Hierarchical Motion History Histogram -LRB- HMHH -RRB- feature to represent the motion information . HMHH not only provides rich motion information , but also remains computationally inexpensive . Finally , we combine MHI and HMHH together and extract a low dimension feature vector to be used in the SVM classifiers . Experimental results show that our system achieves significant improvement on the recognition performance .",1065,165,8,24,17,1,NER:Generic|NER:Material|NER:Method|NER:OtherScientificTerm|NER:Task|REL:CONJUNCTION|REL:EVALUATE-FOR|REL:USED-FOR,757a3e7e8d20633cd15e8ce3543efb7e2b48ef3426507db1c3c76d65a47bec0e,1,long,
SciERC,train,E91-1043,abstract,scierc_entity_relation,processed_data/json/train.json,In this paper I will argue for a model of grammatical processing that is based on uniform processing and knowledge sources . The main feature of this model is to view parsing and generation as two strongly interleaved tasks performed by a single parametrized deduction process . It will be shown that this view supports flexible and efficient natural language processing .,372,62,3,9,7,1,NER:Generic|NER:Material|NER:Method|NER:Task|REL:CONJUNCTION|REL:HYPONYM-OF|REL:USED-FOR,c361af390fbe7caff94078e52eb13a3d3a9422502b6e5a69eb6038384c1fe853,1,short,
SciERC,train,P03-1030,abstract,scierc_entity_relation,processed_data/json/train.json,"Link detection has been regarded as a core technology for the Topic Detection and Tracking tasks of new event detection . In this paper we formulate story link detection and new event detection as information retrieval task and hypothesize on the impact of precision and recall on both systems . Motivated by these arguments , we introduce a number of new performance enhancing techniques including part of speech tagging , new similarity measures and expanded stop lists . Experimental results validate our hypothesis .",520,84,4,12,14,1,NER:Generic|NER:Method|NER:Metric|NER:OtherScientificTerm|NER:Task|REL:CONJUNCTION|REL:EVALUATE-FOR|REL:HYPONYM-OF|REL:PART-OF|REL:USED-FOR,d59af02fe8ca6574b53cf1b5b66d88a6ce4bfe13a03361da71ca7b4c713f85ca,1,short,
SciERC,train,NIPS_2003_10_abs,abstract,scierc_entity_relation,processed_data/json/train.json,"We attempt to understand visual classification in humans using both psy-chophysical and machine learning techniques . Frontal views of human faces were used for a gender classification task . Human subjects classified the faces and their gender judgment , reaction time and confidence rating were recorded . Several hyperplane learning algorithms were used on the same classification task using the Principal Components of the texture and flowfield representation of the faces . The classification performance of the learning algorithms was estimated using the face database with the true gender of the faces as labels , and also with the gender estimated by the subjects . We then correlated the human responses to the distance of the stimuli to the separating hyperplane of the learning algorithms . Our results suggest that human classification can be modeled by some hyperplane algorithms in the feature space we used . For classification , the brain needs more processing for stimuli close to that hyperplane than for those further away .",1043,166,8,22,11,1,NER:Generic|NER:Method|NER:OtherScientificTerm|NER:Task|REL:COMPARE|REL:CONJUNCTION|REL:EVALUATE-FOR|REL:FEATURE-OF|REL:USED-FOR,2ba9e64542af102b9d8ad6a7903b0c32f25a4059410c907b54f86c1b4aa7e64e,1,long,
SciERC,train,C04-1112,abstract,scierc_entity_relation,processed_data/json/train.json,"In this paper , we present a corpus-based supervised word sense disambiguation -LRB- WSD -RRB- system for Dutch which combines statistical classification -LRB- maximum entropy -RRB- with linguistic information . Instead of building individual classifiers per ambiguous wordform , we introduce a lemma-based approach . The advantage of this novel method is that it clusters all inflected forms of an ambiguous word in one classifier , therefore augmenting the training material available to the algorithm . Testing the lemma-based model on the Dutch Senseval-2 test data , we achieve a significant increase in accuracy over the wordform model . Also , the WSD system based on lemmas is smaller and more robust .",710,113,5,18,10,1,NER:Generic|NER:Material|NER:Method|NER:OtherScientificTerm|REL:COMPARE|REL:CONJUNCTION|REL:EVALUATE-FOR|REL:FEATURE-OF|REL:PART-OF|REL:USED-FOR,96967fb7640eb1cc81b2bafb7d14614f6c50ea550238389f8c72c028dcb8ed0b,1,medium,
SciERC,train,ICCV_2013_26_abs,abstract,scierc_entity_relation,processed_data/json/train.json,"We propose an exact , general and efficient coarse-to-fine energy minimization strategy for semantic video segmenta-tion . Our strategy is based on a hierarchical abstraction of the supervoxel graph that allows us to minimize an energy defined at the finest level of the hierarchy by minimizing a series of simpler energies defined over coarser graphs . The strategy is exact , i.e. , it produces the same solution as minimizing over the finest graph . It is general , i.e. , it can be used to minimize any energy function -LRB- e.g. , unary , pairwise , and higher-order terms -RRB- with any existing energy minimization algorithm -LRB- e.g. , graph cuts and belief propagation -RRB- . It also gives significant speedups in inference for several datasets with varying degrees of spatio-temporal continuity . We also discuss the strengths and weaknesses of our strategy relative to existing hierarchical approaches , and the kinds of image and video data that provide the best speedups .",987,164,6,22,12,1,NER:Generic|NER:Material|NER:Method|NER:OtherScientificTerm|NER:Task|REL:COMPARE|REL:CONJUNCTION|REL:EVALUATE-FOR|REL:FEATURE-OF|REL:HYPONYM-OF|REL:USED-FOR,d6ba9e6d7605eb120a790d0aced39d08d619787af76db5802e8e0758ce8e7652,1,long,
SciERC,train,N03-1004,abstract,scierc_entity_relation,processed_data/json/train.json,"Motivated by the success of ensemble methods in machine learning and other areas of natural language processing , we developed a multi-strategy and multi-source approach to question answering which is based on combining the results from different answering agents searching for answers in multiple corpora . The answering agents adopt fundamentally different strategies , one utilizing primarily knowledge-based mechanisms and the other adopting statistical techniques . We present our multi-level answer resolution algorithm that combines results from the answering agents at the question , passage , and/or answer levels . Experiments evaluating the effectiveness of our answer resolution algorithm show a 35.0 % relative improvement over our baseline system in the number of questions correctly answered , and a 32.8 % improvement according to the average precision metric .",877,129,4,18,12,1,NER:Generic|NER:Method|NER:Metric|NER:OtherScientificTerm|NER:Task|REL:COMPARE|REL:EVALUATE-FOR|REL:HYPONYM-OF|REL:USED-FOR,009a3dd78c922c30c85de15c4e8f40af7010d415b0d74e4138b55b3b7047fdc8,1,medium,
SciERC,train,C92-4199,abstract,scierc_entity_relation,processed_data/json/train.json,"Word Identification has been an important and active issue in Chinese Natural Language Processing . In this paper , a new mechanism , based on the concept of sublanguage , is proposed for identifying unknown words , especially personal names , in Chinese newspapers . The proposed mechanism includes title-driven name recognition , adaptive dynamic word formation , identification of 2-character and 3-character Chinese names without title . We will show the experimental results for two corpora and compare them with the results by the NTHU 's statistic-based system , the only system that we know has attacked the same problem . The experimental results have shown significant improvements over the WI systems without the name identification capability .",756,119,5,15,10,1,NER:Generic|NER:Material|NER:Method|NER:OtherScientificTerm|NER:Task|REL:CONJUNCTION|REL:HYPONYM-OF|REL:PART-OF|REL:USED-FOR,d1ce48a9a3b8b34478ad74196087ec2a4fa378d2c128b7336dea3b4852cca3a4,1,medium,
SciERC,train,INTERSPEECH_2001_28_abs,abstract,scierc_entity_relation,processed_data/json/train.json,"In this paper we summarize the experiences gained from a field trial of a speaker verification system . In the test implementation access to two rooms at the University of Frankfurt had been controlled by a speaker verification system . The paper is organized as follows : Firstly , we will describe the system concepts and implementation issues . Secondly , results of the user evaluation are reported . During the field trial all speech data was recorded . The data base created in this way has been used extensively for simulation experiments . In chapter 4 we will describe recent experiments focusing on the use of Hidden Markov Models .",642,111,7,5,0,1,NER:Material|NER:Method,cd2d8694ba94e6dcf34bd711c31477439cb6a68013b4d022333c35bd6967be5c,1,short,
SciERC,train,P84-1078,abstract,scierc_entity_relation,processed_data/json/train.json,"This report describes Paul , a computer text generation system designed to create cohesive text through the use of lexical substitutions . Specifically , this system is designed to deterministically choose between pronominalization , superordinate substitution , and definite noun phrase reiteration . The system identifies a strength of antecedence recovery for each of the lexical substitutions .",398,58,3,11,7,1,NER:Generic|NER:Material|NER:Method|NER:OtherScientificTerm|NER:Task|REL:COMPARE|REL:HYPONYM-OF|REL:USED-FOR,26b5637b50c07b580e52bea4c79efe745955bb147dd111393f4a75145e478791,1,short,
SciERC,train,A97-1042,abstract,scierc_entity_relation,processed_data/json/train.json,"This paper addresses the problem of identifying likely topics of texts by their position in the text . It describes the automated training and evaluation of an Optimal Position Policy , a method of locating the likely positions of topic-bearing sentences based on genre-specific regularities of discourse structure . This method can be used in applications such as information retrieval , routing , and text summarization .",423,67,3,9,8,1,NER:Generic|NER:Method|NER:OtherScientificTerm|NER:Task|REL:CONJUNCTION|REL:HYPONYM-OF|REL:USED-FOR,149a01ad6fff70c0d3ec5c055414dcd5aa656016ac7c3784edd5f4190391dcca,1,short,
SciERC,train,ICML_2006_112_abs,abstract,scierc_entity_relation,processed_data/json/train.json,"We describe a general framework for online multiclass learning based on the notion of hypothesis sharing . In our framework sets of classes are associated with hypotheses . Thus , all classes within a given set share the same hypothesis . This framework includes as special cases commonly used constructions for multiclass categorization such as allocating a unique hypothesis for each class and allocating a single common hypothesis for all classes . We generalize the multiclass Perceptron to our framework and derive a unifying mistake bound analysis . Our construction naturally extends to settings where the number of classes is not known in advance but , rather , is revealed along the online learning process . We demonstrate the merits of our approach by comparing it to previous methods on both synthetic and natural datasets .",836,136,7,14,6,1,NER:Generic|NER:Material|NER:Method|NER:OtherScientificTerm|NER:Task|REL:COMPARE|REL:EVALUATE-FOR|REL:USED-FOR,c466bdcc4fb74ceef99a6569733e82fddb6cf14d5d6f30ee6ddf7da5ec8f8f6c,1,medium,
SciERC,train,P01-1070,abstract,scierc_entity_relation,processed_data/json/train.json,"We describe a set of supervised machine learning experiments centering on the construction of statistical models of WH-questions . These models , which are built from shallow linguistic features of questions , are employed to predict target variables which represent a user 's informational goals . We report on different aspects of the predictive performance of our models , including the influence of various training and testing factors on predictive performance , and examine the relationships among the target variables .",526,81,3,7,2,1,NER:Generic|NER:Method|NER:OtherScientificTerm|REL:USED-FOR,bda613bcc461d994ac2576d359c8b0cbae37c80bf4d9157b32bf04e01fcf3265,1,short,
SciERC,train,W07-0208,abstract,scierc_entity_relation,processed_data/json/train.json,"We argue in favor of the the use of labeled directed graph to represent various types of linguistic structures , and illustrate how this allows one to view NLP tasks as graph transformations . We present a general method for learning such transformations from an annotated corpus and describe experiments with two applications of the method : identification of non-local depenencies -LRB- using Penn Treebank data -RRB- and semantic role labeling -LRB- using Proposition Bank data -RRB- .",488,78,2,14,10,1,NER:Generic|NER:Material|NER:Method|NER:OtherScientificTerm|NER:Task|REL:HYPONYM-OF|REL:USED-FOR,f16c54ef8663d469348a0404dc381b23fb58e70d512c96b8702f239c820fbcbb,1,short,
SciERC,train,H92-1026,abstract,scierc_entity_relation,processed_data/json/train.json,"We describe a generative probabilistic model of natural language , which we call HBG , that takes advantage of detailed linguistic information to resolve ambiguity . HBG incorporates lexical , syntactic , semantic , and structural information from the parse tree into the disambiguation process in a novel way . We use a corpus of bracketed sentences , called a Treebank , in combination with decision tree building to tease out the relevant aspects of a parse tree that will determine the correct parse of a sentence . This stands in contrast to the usual approach of further grammar tailoring via the usual linguistic introspection in the hope of generating the correct parse . In head-to-head tests against one of the best existing robust probabilistic parsing models , which we call P-CFG , the HBG model significantly outperforms P-CFG , increasing the parsing accuracy rate from 60 % to 75 % , a 37 % reduction in error .",927,159,5,22,12,1,NER:Material|NER:Method|NER:Metric|NER:OtherScientificTerm|NER:Task|REL:COMPARE|REL:CONJUNCTION|REL:EVALUATE-FOR|REL:HYPONYM-OF|REL:USED-FOR,0d7780d8d0c59c07885afef98c064f12d1c211c9630fed60606bc960b87f6db6,1,medium,
SciERC,train,E87-1043,abstract,scierc_entity_relation,processed_data/json/train.json,"The verb forms are often claimed to convey two kinds of information : 1 . whether the event described in a sentence is present , past or future -LRB- = deictic information -RRB- 2 . whether the event described in a sentence is presented as completed , going on , just starting or being finished -LRB- = aspectual information -RRB- . It will be demonstrated in this paper that one has to add a third component to the analysis of verb form meanings , namely whether or not they express habituality . The framework of the analysis is model-theoretic semantics .",558,101,5,7,1,1,NER:Generic|NER:OtherScientificTerm|NER:Task|REL:USED-FOR,f0dcaf51fae9d283790aaf6000a0d901e400e5598abbcc4c0c3e1d9c1da86cae,1,short,
SciERC,train,C96-1055,abstract,scierc_entity_relation,processed_data/json/train.json,"This paper addresses the issue of word-sense ambiguity in extraction from machine-readable resources for the construction of large-scale knowledge sources . We describe two experiments : one which ignored word-sense distinctions , resulting in 6.3 % accuracy for semantic classification of verbs based on -LRB- Levin , 1993 -RRB- ; and one which exploited word-sense distinctions , resulting in 97.9 % accuracy . These experiments were dual purpose : -LRB- 1 -RRB- to validate the central thesis of the work of -LRB- Levin , 1993 -RRB- , i.e. , that verb semantics and syntactic behavior are predictably related ; -LRB- 2 -RRB- to demonstrate that a 15-fold improvement can be achieved in deriving semantic information from syntactic cues if we first divide the syntactic cues into distinct groupings that correlate with different word senses . Finally , we show that we can provide effective acquisition techniques for novel word senses using a combination of online sources .",977,157,4,17,7,1,NER:Generic|NER:Material|NER:Method|NER:Metric|NER:OtherScientificTerm|NER:Task|REL:CONJUNCTION|REL:EVALUATE-FOR|REL:USED-FOR,66203ece70ecee36c78ff18c9785467b40b51278875578c4ecbe6a065c55ac77,1,long,
SciERC,train,X96-1041,abstract,scierc_entity_relation,processed_data/json/train.json,"The TIPSTER Architecture has been designed to enable a variety of different text applications to use a set of common text processing modules . Since user interfaces work best when customized for particular applications , it is appropriator that no particular user interface styles or conventions are described in the TIPSTER Architecture specification . However , the Computing Research Laboratory -LRB- CRL -RRB- has constructed several TIPSTER applications that use a common set of configurable Graphical User Interface -LRB- GUI -RRB- functions . These GUIs were constructed using CRL 's TIPSTER User Interface Toolkit -LRB- TUIT -RRB- . TUIT is a software library that can be used to construct multilingual TIPSTER user interfaces for a set of common user tasks . CRL developed TUIT to support their work to integrate TIPSTER modules for the 6 and 12 month TIPSTER II demonstrations as well as their Oleada and Temple demonstration projects . This paper briefly describes TUIT and its capabilities .",1003,160,7,17,8,1,NER:Generic|NER:Method|NER:OtherScientificTerm|NER:Task|REL:HYPONYM-OF|REL:USED-FOR,b8569b64e8d0f3fbe6784407459dd842b71664ed867314d619b76a0689026832,1,long,
SciERC,train,P80-1019,abstract,scierc_entity_relation,processed_data/json/train.json,"Current natural language interfaces have concentrated largely on determining the literal meaning of input from their users . While such decoding is an essential underpinning , much recent work suggests that natural language interfaces will never appear cooperative or graceful unless they also incorporate numerous non-literal aspects of communication , such as robust communication procedures . This paper defends that view , but claims that direct imitation of human performance is not the best way to implement many of these non-literal aspects of communication ; that the new technology of powerful personal computers with integral graphics displays offers techniques superior to those of humans for these aspects , while still satisfying human communication needs . The paper proposes interfaces based on a judicious mixture of these techniques and the still valuable methods of more traditional natural language interfaces .",930,139,4,10,3,1,NER:Generic|NER:Method|NER:OtherScientificTerm|REL:HYPONYM-OF|REL:PART-OF,14b60b552b2a4072644b8b258bfc385df52b323c67a0877fa806c0becffbadc1,1,long,
SciERC,train,CVPR_2007_11_abs,abstract,scierc_entity_relation,processed_data/json/train.json,"This paper proposes a framework in which Lagrangian Particle Dynamics is used for the segmentation of high density crowd flows and detection of flow instabilities . For this purpose , a flow field generated by a moving crowd is treated as an aperiodic dynamical system . A grid of particles is overlaid on the flow field , and is advected using a numerical integration scheme . The evolution of particles through the flow is tracked using a Flow Map , whose spatial gradients are subsequently used to setup a Cauchy Green Deformation tensor for quantifying the amount by which the neighboring particles have diverged over the length of the integration . The maximum eigenvalue of the tensor is used to construct a Finite Time Lyapunov Exponent -LRB- FTLE -RRB- field , which reveals the Lagrangian Coherent Structures -LRB- LCS -RRB- present in the underlying flow . The LCS divide flow into regions of qualitatively different dynamics and are used to locate boundaries of the flow segments in a normalized cuts framework . Any change in the number of flow segments over time is regarded as an instability , which is detected by establishing correspondences between flow segments over time . The experiments are conducted on a challenging set of videos taken from Google Video and a National Geographic documentary .",1316,220,8,22,15,1,NER:Generic|NER:Material|NER:Method|NER:OtherScientificTerm|NER:Task|REL:CONJUNCTION|REL:FEATURE-OF|REL:USED-FOR,1593b385cc6d8f19f046a8ee4bd8dbea2f433897490e5e6d2bbcd4c198bc8188,1,long,
SciERC,train,E06-1004,abstract,scierc_entity_relation,processed_data/json/train.json,"In this paper we study a set of problems that are of considerable importance to Statistical Machine Translation -LRB- SMT -RRB- but which have not been addressed satisfactorily by the SMT research community . Over the last decade , a variety of SMT algorithms have been built and empirically tested whereas little is known about the computational complexity of some of the fundamental problems of SMT . Our work aims at providing useful insights into the the computational complexity of those problems . We prove that while IBM Models 1-2 are conceptually and computationally simple , computations involving the higher -LRB- and more useful -RRB- models are hard . Since it is unlikely that there exists a polynomial time solution for any of these hard problems -LRB- unless P = NP and P #P = P -RRB- , our results highlight and justify the need for developing polynomial time approximations for these computations . We also discuss some practical ways of dealing with complexity .",981,165,6,15,6,1,NER:Generic|NER:Method|NER:Metric|NER:Task|REL:COMPARE|REL:EVALUATE-FOR|REL:PART-OF|REL:USED-FOR,605746e1b9fe8f33b7a6d9188fbdb88063aa93cc0cb75b96a258a2704015419f,1,long,
SciERC,train,E06-1031,abstract,scierc_entity_relation,processed_data/json/train.json,"Most state-of-the-art evaluation measures for machine translation assign high costs to movements of word blocks . In many cases though such movements still result in correct or almost correct sentences . In this paper , we will present a new evaluation measure which explicitly models block reordering as an edit operation . Our measure can be exactly calculated in quadratic time . Furthermore , we will show how some evaluation measures can be improved by the introduction of word-dependent substitution costs . The correlation of the new measure with human judgment has been investigated systematically on two different language pairs . The experimental results will show that it significantly outperforms state-of-the-art approaches in sentence-level correlation . Results from experiments with word dependent substitution costs will demonstrate an additional increase of correlation between automatic evaluation measures and human judgment .",946,139,8,18,10,1,NER:Generic|NER:Material|NER:Metric|NER:OtherScientificTerm|NER:Task|REL:COMPARE|REL:CONJUNCTION|REL:EVALUATE-FOR|REL:FEATURE-OF|REL:USED-FOR,1fc516a00875029286f40af7bc1b10f9225ab13fdc0feb904d7b6f0ace2e213d,1,long,
SciERC,train,AAAI_1993_70_abs,abstract,scierc_entity_relation,processed_data/json/train.json,"The Rete and Treat algorithms are considered the most efficient implementation techniques for Forward Chaining rule systems . These algorithms support a language of limited expressive power . Assertions are not allowed to contain variables , making universal quantification impossible to express except as a rule . In this paper we show how to support full unification in these algorithms . We also show that : Supporting full unification is costly ; Full unification is not used frequently ; A combination of compile time and run time checks can determine when full unification is not needed . We present data to show that the cost of supporting full unification can be reduced in proportion to the degree that it is n't employed and that for many practical systems this cost is negligible .",792,133,6,18,7,1,NER:Generic|NER:Method|NER:Metric|NER:OtherScientificTerm|NER:Task|REL:CONJUNCTION|REL:EVALUATE-FOR|REL:HYPONYM-OF|REL:USED-FOR,4448779e69532585518f7d2628c4e4e1eb89889aa27fb47f32bdc3f8ebd68b89,1,medium,
SciERC,train,J86-1002,abstract,scierc_entity_relation,processed_data/json/train.json,A method for error correction of ill-formed input is described that acquires dialogue patterns in typical usage and uses these patterns to predict new inputs . Error correction is done by strongly biasing parsing toward expected meanings unless clear evidence from the input shows the current sentence is not expected . A dialogue acquisition and tracking algorithm is presented along with a description of its implementation in a voice interactive system . A series of tests are described that show the power of the error correction methodology when stereotypic dialogue occurs .,580,92,4,11,4,1,NER:Generic|NER:Material|NER:Method|NER:OtherScientificTerm|NER:Task|REL:USED-FOR,2bac1da67e1c6314ebed37f8094bcc3724c77ea5d4fc203e08b1bb07c4103c09,1,short,
SciERC,train,CVPR_2007_10_abs,abstract,scierc_entity_relation,processed_data/json/train.json,"Traditional linear Fukunaga-Koontz Transform -LRB- FKT -RRB- -LSB- 1 -RSB- is a powerful discriminative subspaces building approach . Previous work has successfully extended FKT to be able to deal with small-sample-size . In this paper , we extend traditional linear FKT to enable it to work in multi-class problem and also in higher dimensional -LRB- kernel -RRB- subspaces and therefore provide enhanced discrimination ability . We verify the effectiveness of the proposed Kernel Fukunaga-Koontz Transform by demonstrating its effectiveness in face recognition applications ; however the proposed non-linear generalization can be applied to any other domain specific problems .",679,99,4,13,9,1,NER:Generic|NER:Method|NER:OtherScientificTerm|NER:Task|REL:CONJUNCTION|REL:EVALUATE-FOR|REL:FEATURE-OF|REL:HYPONYM-OF|REL:USED-FOR,2fece6b9eb231c6b09333a99fe81503c5849de94a972ced3f389e331d166978f,1,medium,
SciERC,train,N06-1007,abstract,scierc_entity_relation,processed_data/json/train.json,"The study addresses the problem of automatic acquisition of entailment relations between verbs . While this task has much in common with paraphrases acquisition which aims to discover semantic equivalence between verbs , the main challenge of entailment acquisition is to capture asymmetric , or directional , relations . Motivated by the intuition that it often underlies the local structure of coherent text , we develop a method that discovers verb entailment using evidence about discourse relations between clauses available in a parsed corpus . In comparison with earlier work , the proposed method covers a much wider range of verb entailment types and learns the mapping between verbs with highly varied argument structures .",733,115,4,15,8,1,NER:Generic|NER:Material|NER:OtherScientificTerm|NER:Task|REL:COMPARE|REL:FEATURE-OF|REL:USED-FOR,008fccbff4e85c15c23ac21b375f0db3e4b75c6b20dcf747d27ce4d070e9e514,1,medium,
SciERC,train,CVPR_2014_11_abs,abstract,scierc_entity_relation,processed_data/json/train.json,"In this paper , we cast the problem of point cloud matching as a shape matching problem by transforming each of the given point clouds into a shape representation called the Schrödinger distance transform -LRB- SDT -RRB- representation . This is achieved by solving a static Schrödinger equation instead of the corresponding static Hamilton-Jacobi equation in this setting . The SDT representation is an analytic expression and following the theoretical physics literature , can be normalized to have unit L2 norm-making it a square-root density , which is identified with a point on a unit Hilbert sphere , whose intrinsic geometry is fully known . The Fisher-Rao metric , a natural metric for the space of densities leads to analytic expressions for the geodesic distance between points on this sphere . In this paper , we use the well known Riemannian framework never before used for point cloud matching , and present a novel matching algorithm . We pose point set matching under rigid and non-rigid transformations in this framework and solve for the transformations using standard nonlinear optimization techniques . Finally , to evaluate the performance of our algorithm-dubbed SDTM-we present several synthetic and real data examples along with extensive comparisons to state-of-the-art techniques . The experiments show that our algorithm outperforms state-of-the-art point set registration algorithms on many quantitative metrics .",1441,223,8,33,15,1,NER:Generic|NER:Material|NER:Method|NER:Metric|NER:OtherScientificTerm|NER:Task|REL:COMPARE|REL:EVALUATE-FOR|REL:FEATURE-OF|REL:HYPONYM-OF|REL:USED-FOR,a7f676c932abc84e11d96aa043f6807ba369536a0f04fd70ebc8b8b20ddff773,1,long,
SciERC,train,I05-2043,abstract,scierc_entity_relation,processed_data/json/train.json,"Using natural language processing , we carried out a trend survey on Japanese natural language processing studies that have been done over the last ten years . We determined the changes in the number of papers published for each research organization and on each research area as well as the relationship between research organizations and research areas . This paper is useful for both recognizing trends in Japanese NLP and constructing a method of supporting trend surveys using NLP .",487,80,3,7,2,1,NER:Material|NER:Method|NER:Task|REL:USED-FOR,b4236ea1c79f81cacb648eaa2e68181256ddf7b4cc77362178d06418c5789813,1,short,
SciERC,train,ICASSP_2016_4_abs,abstract,scierc_entity_relation,processed_data/json/train.json,"High frequency oscillations -LRB- HFOs -RRB- are a promising biomarker of epileptic brain tissue and activity . HFOs additionally serve as a prototypical example of challenges in the analysis of discrete events in high-temporal resolution , intracranial EEG data . Two primary challenges are 1 -RRB- dimensionality reduction , and 2 -RRB- assessing feasibility of classification . Dimensionality reduction assumes that the data lie on a manifold with dimension less than that of the features space . However , previous HFO analysis have assumed a linear manifold , global across time , space -LRB- i.e. recording electrode/channel -RRB- , and individual patients . Instead , we assess both a -RRB- whether linear methods are appropriate and b -RRB- the consistency of the manifold across time , space , and patients . We also estimate bounds on the Bayes classification error to quantify the distinction between two classes of HFOs -LRB- those occurring during seizures and those occurring due to other processes -RRB- . This analysis provides the foundation for future clinical use of HFO features and guides the analysis for other discrete events , such as individual action potentials or multi-unit activity .",1212,193,8,25,8,1,NER:Generic|NER:Material|NER:Method|NER:OtherScientificTerm|NER:Task|REL:CONJUNCTION|REL:HYPONYM-OF|REL:USED-FOR,d41747ebc086501287658aa41a24d15707585f48baef23c53e6ace48b2cd9a9f,1,long,
SciERC,train,N03-1012,abstract,scierc_entity_relation,processed_data/json/train.json,"In this paper we present ONTOSCORE , a system for scoring sets of concepts on the basis of an ontology . We apply our system to the task of scoring alternative speech recognition hypotheses -LRB- SRH -RRB- in terms of their semantic coherence . We conducted an annotation experiment and showed that human annotators can reliably differentiate between semantically coherent and incoherent speech recognition hypotheses . An evaluation of our system against the annotated data shows that , it successfully classifies 73.2 % in a German corpus of 2.284 SRHs as either coherent or incoherent -LRB- given a baseline of 54.55 % -RRB- .",629,104,4,11,2,1,NER:Generic|NER:Material|NER:Method|NER:OtherScientificTerm|REL:USED-FOR,e9618b2d1394a31c762f4d2dcb641bb719edccadf29f667f4aab9e0c395db2ce,1,short,
SciERC,train,INTERSPEECH_2007_20_abs,abstract,scierc_entity_relation,processed_data/json/train.json,"We propose an efficient dialogue management for an information navigation system based on a document knowledge base . It is expected that incorporation of appropriate N-best candidates of ASR and contextual information will improve the system performance . The system also has several choices in generating responses or confirmations . In this paper , this selection is optimized as minimization of Bayes risk based on reward for correct information presentation and penalty for redundant turns . We have evaluated this strategy with our spoken dialogue system '' Dialogue Navigator for Kyoto City '' , which also has question-answering capability . Effectiveness of the proposed framework was confirmed in the success rate of retrieval and the average number of turns for information access .",793,123,6,20,17,1,NER:Generic|NER:Material|NER:Method|NER:Metric|NER:OtherScientificTerm|NER:Task|REL:CONJUNCTION|REL:EVALUATE-FOR|REL:FEATURE-OF|REL:USED-FOR,a8ab23ac860ef1020e11b808cb223283339e841f3aeb8d0432720782bef0f63c,1,medium,
SciERC,train,P02-1023,abstract,scierc_entity_relation,processed_data/json/train.json,"Reducing language model -LRB- LM -RRB- size is a critical issue when applying a LM to realistic applications which have memory constraints . In this paper , three measures are studied for the purpose of LM pruning . They are probability , rank , and entropy . We evaluated the performance of the three pruning criteria in a real application of Chinese text input in terms of character error rate -LRB- CER -RRB- . We first present an empirical comparison , showing that rank performs the best in most cases . We also show that the high-performance of rank lies in its strong correlation with error rate . We then present a novel method of combining two criteria in model pruning . Experimental results show that the combined criterion consistently leads to smaller models than the models pruned using either of the criteria separately , at the same CER .",854,150,8,15,5,1,NER:Generic|NER:Material|NER:Method|NER:Metric|NER:OtherScientificTerm|NER:Task|REL:CONJUNCTION|REL:EVALUATE-FOR|REL:USED-FOR,ad07350dec3f49ad521049f87d8a345d99f167aaada62683e07e07aaf6561460,1,medium,
SciERC,train,I05-6011,abstract,scierc_entity_relation,processed_data/json/train.json,"This paper proposes an annotating scheme that encodes honorifics -LRB- respectful words -RRB- . Honorifics are used extensively in Japanese , reflecting the social relationship -LRB- e.g. social ranks and age -RRB- of the referents . This referential information is vital for resolving zero pronouns and improving machine translation outputs . Annotating honorifics is a complex task that involves identifying a predicate with honorifics , assigning ranks to referents of the predicate , calibrating the ranks , and connecting referents with their predicates .",560,84,4,12,5,1,NER:Material|NER:Method|NER:OtherScientificTerm|REL:HYPONYM-OF|REL:USED-FOR,a4d0cd3ed9477eb6f86cebcb95fdd69367582b6d59d5e62555718dc8e1271869,1,short,
SciERC,train,NIPS_1998_18_abs,abstract,scierc_entity_relation,processed_data/json/train.json,"Visually-guided arm reaching movements are produced by distributed neural networks within parietal and frontal regions of the cerebral cortex . Experimental data indicate that -LRB- I -RRB- single neurons in these regions are broadly tuned to parameters of movement ; -LRB- 2 -RRB- appropriate commands are elaborated by populations of neurons ; -LRB- 3 -RRB- the coordinated action of neu-rons can be visualized using a neuronal population vector -LRB- NPV -RRB- . However , the NPV provides only a rough estimate of movement parameters -LRB- direction , velocity -RRB- and may even fail to reflect the parameters of movement when arm posture is changed . We designed a model of the cortical motor command to investigate the relation between the desired direction of the movement , the actual direction of movement and the direction of the NPV in motor cortex . The model is a two-layer self-organizing neural network which combines broadly-tuned -LRB- muscular -RRB- proprioceptive and -LRB- cartesian -RRB- visual information to calculate -LRB- angular -RRB- motor commands for the initial part of the movement of a two-link arm . The network was trained by motor babbling in 5 positions . Simulations showed that -LRB- 1 -RRB- the network produced appropriate movement direction over a large part of the workspace ; -LRB- 2 -RRB- small deviations of the actual trajectory from the desired trajectory existed at the extremities of the workspace ; -LRB- 3 -RRB- these deviations were accompanied by large deviations of the NPV from both trajectories . These results suggest the NPV does not give a faithful image of cortical processing during arm reaching movements .",1669,269,8,22,9,1,NER:Generic|NER:Method|NER:OtherScientificTerm|REL:CONJUNCTION|REL:FEATURE-OF|REL:USED-FOR,e76e9df23c1502ffd0351e86235a0b383e3dc6f544f96ba6397c43eec390d0ca,1,long,
SciERC,train,AAAI_2008_255_abs,abstract,scierc_entity_relation,processed_data/json/train.json,"It is well-known that diversity among base classifiers is crucial for constructing a strong ensemble . Most existing ensemble methods obtain diverse individual learners through resampling the instances or features . In this paper , we propose an alternative way for ensemble construction by resampling pairwise constraints that specify whether a pair of instances belongs to the same class or not . Using pairwise constraints for ensemble construction is challenging because it remains unknown how to influence the base classifiers with the sampled pairwise constraints . We solve this problem with a two-step process . First , we transform the original instances into a new data representation using projections learnt from pairwise constraints . Then , we build the base clas-sifiers with the new data representation . We propose two methods for resampling pairwise constraints following the standard Bagging and Boosting algorithms , respectively . Extensive experiments validate the effectiveness of our method .",1016,154,9,16,7,1,NER:Method|NER:OtherScientificTerm|NER:Task|REL:USED-FOR,7401e8ab2aff552bb656d0fbeb7bb68ce57016d2005912dc82043000a4bb8143,1,long,
SciERC,train,IJCAI_2001_4_abs,abstract,scierc_entity_relation,processed_data/json/train.json,A new algorithm for solving the three dimensional container packing problem is proposed in this paper . This new algorithm deviates from the traditional approach of wall building and layering . It uses the concept of '' building growing '' from multiple sides of the container . We tested our method using all 760 test cases from the OR-Library . Experimental results indicate that the new algorithm is able to achieve an average packing utilization of more than 87 % . This is better than the results reported in the literature .,530,92,6,9,4,1,NER:Generic|NER:Material|NER:Method|NER:Metric|NER:Task|REL:COMPARE|REL:EVALUATE-FOR|REL:USED-FOR,922cbbea97f9448cb38adc4832db100a9a6efb363fe729bbed6b4593b96b7347,1,short,
SciERC,train,ICCV_2005_50_abs,abstract,scierc_entity_relation,processed_data/json/train.json,"Current approaches to object category recognition require datasets of training images to be manually prepared , with varying degrees of supervision . We present an approach that can learn an object category from just its name , by utilizing the raw output of image search engines available on the Internet . We develop a new model , TSI-pLSA , which extends pLSA -LRB- as applied to visual words -RRB- to include spatial information in a translation and scale invariant manner . Our approach can handle the high intra-class variability and large proportion of unrelated images returned by search engines . We evaluate the models on standard test sets , showing performance competitive with existing methods trained on hand prepared datasets .",742,121,5,20,14,1,NER:Generic|NER:Material|NER:Method|NER:OtherScientificTerm|NER:Task|REL:COMPARE|REL:CONJUNCTION|REL:EVALUATE-FOR|REL:PART-OF|REL:USED-FOR,d2d7b2f878328577553ea35eeed2896df0dfce3cbb628d03a3ed11e20c8f6507,1,medium,
SciERC,train,H92-1010,abstract,scierc_entity_relation,processed_data/json/train.json,"The paper provides an overview of the research conducted at LIMSI in the field of speech processing , but also in the related areas of Human-Machine Communication , including Natural Language Processing , Non Verbal and Multimodal Communication . Also presented are the commercial applications of some of the research projects . When applicable , the discussion is placed in the framework of international collaborations .",422,66,3,4,4,1,NER:Task|REL:CONJUNCTION|REL:HYPONYM-OF,864bff183d80fe2cdcf58cce6fc6115fd4cccf0dc744780cc5d538bca8dd3e9e,1,short,
SciERC,train,NIPS_1996_15_abs,abstract,scierc_entity_relation,processed_data/json/train.json,"We have calculated analytical expressions for how the bias and variance of the estimators provided by various temporal difference value estimation algorithms change with offline updates over trials in absorbing Markov chains using lookup table representations . We illustrate classes of learning curve behavior in various chains , and show the manner in which TD is sensitive to the choice of its step-size and eligibility trace parameters .",441,68,2,6,1,1,NER:Method|NER:OtherScientificTerm|REL:USED-FOR,f2f68a2c5eabb865b259e836ee204b41c451f2d7b23d6883fa08de2690687cc5,1,short,
SciERC,train,A88-1003,abstract,scierc_entity_relation,processed_data/json/train.json,"In this paper , we describe the pronominal anaphora resolution module of Lucy , a portable English understanding system . The design of this module was motivated by the observation that , although there exist many theories of anaphora resolution , no one of these theories is complete . Thus we have implemented a blackboard-like architecture in which individual partial theories can be encoded as separate modules that can interact to propose candidate antecedents and to evaluate each other 's proposals .",507,82,3,6,2,1,NER:Generic|NER:Method|NER:Task|REL:HYPONYM-OF|REL:PART-OF,44cb317795893b44f8ec575e4652ca9759ba7d40387f47ba41f5dfd2d1bd96d3,1,short,
SciERC,train,L08-1097,abstract,scierc_entity_relation,processed_data/json/train.json,"In this paper , we reported experiments of unsupervised automatic acquisition of Italian and English verb subcategorization frames -LRB- SCFs -RRB- from general and domain corpora . The proposed technique operates on syntactically shallow-parsed corpora on the basis of a limited number of search heuristics not relying on any previous lexico-syntactic knowledge about SCFs . Although preliminary , reported results are in line with state-of-the-art lexical acquisition systems . The issue of whether verbs sharing similar SCFs distributions happen to share similar semantic properties as well was also explored by clustering verbs that share frames with the same distribution using the Minimum Description Length Principle -LRB- MDL -RRB- . First experiments in this direction were carried out on Italian verbs with encouraging results .",838,124,5,12,4,1,NER:Generic|NER:Material|NER:Method|NER:OtherScientificTerm|NER:Task|REL:FEATURE-OF|REL:USED-FOR,6c8ff6932f1d2ad8d4afa6a08d553bafae72629aa84f2f4170b594ee30faff5f,1,medium,
SciERC,train,CVPR_2010_18_abs,abstract,scierc_entity_relation,processed_data/json/train.json,"Graph-cuts optimization is prevalent in vision and graphics problems . It is thus of great practical importance to parallelize the graph-cuts optimization using to-day 's ubiquitous multi-core machines . However , the current best serial algorithm by Boykov and Kolmogorov -LSB- 4 -RSB- -LRB- called the BK algorithm -RRB- still has the superior empirical performance . It is non-trivial to parallelize as expensive synchronization overhead easily offsets the advantage of parallelism . In this paper , we propose a novel adaptive bottom-up approach to parallelize the BK algorithm . We first uniformly partition the graph into a number of regularly-shaped dis-joint subgraphs and process them in parallel , then we incre-mentally merge the subgraphs in an adaptive way to obtain the global optimum . The new algorithm has three benefits : 1 -RRB- it is more cache-friendly within smaller subgraphs ; 2 -RRB- it keeps balanced workloads among computing cores ; 3 -RRB- it causes little overhead and is adaptable to the number of available cores . Extensive experiments in common applications such as 2D/3D image segmentations and 3D surface fitting demonstrate the effectiveness of our approach .",1196,188,8,23,8,1,NER:Generic|NER:Method|NER:OtherScientificTerm|NER:Task|REL:CONJUNCTION|REL:EVALUATE-FOR|REL:HYPONYM-OF|REL:USED-FOR,eea8c95b9495e357f8bdf80b880f25f5b5229f85c722d1b3d99ec62499df51b3,1,long,
SciERC,train,ICCV_2015_393_abs,abstract,scierc_entity_relation,processed_data/json/train.json,"We study the question of how to make loss-aware predictions in image segmentation settings where the evaluation function is the Intersection-over-Union -LRB- IoU -RRB- measure that is used widely in evaluating image segmentation systems . Currently , there are two dominant approaches : the first approximates the Expected-IoU -LRB- EIoU -RRB- score as Expected-Intersection-over-Expected-Union -LRB- EIoEU -RRB- ; and the second approach is to compute exact EIoU but only over a small set of high-quality candidate solutions . We begin by asking which approach we should favor for two typical image seg-mentation tasks . Studying this question leads to two new methods that draw ideas from both existing approaches . Our new methods use the EIoEU approximation paired with high quality candidate solutions . Experimentally we show that our new approaches lead to improved performance on both image segmentation tasks .",919,141,6,18,6,1,NER:Generic|NER:Method|NER:Metric|NER:OtherScientificTerm|NER:Task|REL:EVALUATE-FOR|REL:HYPONYM-OF|REL:USED-FOR,2a3ea22b4eb48c4c4d45059e36e7a770f7e6eb2a11cea66659dc133cbd7caac7,1,medium,
SciERC,train,ICML_2006_111_abs,abstract,scierc_entity_relation,processed_data/json/train.json,"Boosting methods are known not to usually overfit training data even as the size of the generated classifiers becomes large . Schapire et al. attempted to explain this phenomenon in terms of the margins the classifier achieves on training examples . Later , however , Breiman cast serious doubt on this explanation by introducing a boosting algorithm , arc-gv , that can generate a higher margins distribution than AdaBoost and yet performs worse . In this paper , we take a close look at Breiman 's compelling but puzzling results . Although we can reproduce his main finding , we find that the poorer performance of arc-gv can be explained by the increased complexity of the base classifiers it uses , an explanation supported by our experiments and entirely consistent with the margins theory . Thus , we find maximizing the margins is desirable , but not necessarily at the expense of other factors , especially base-classifier complexity .",944,159,6,12,5,1,NER:Method|NER:Metric|NER:OtherScientificTerm|REL:COMPARE|REL:EVALUATE-FOR|REL:HYPONYM-OF|REL:USED-FOR,c7bbddf9ec111b7860bea2f8f55103a16268f668e7973a95968fe9b34e3f84de,1,long,
SciERC,train,C92-2115,abstract,scierc_entity_relation,processed_data/json/train.json,"The transfer phase in machine translation -LRB- MT -RRB- systems has been considered to be more complicated than analysis and generation , since it is inherently a conglomeration of individual lexical rules . Currently some attempts are being made to use case-based reasoning in machine translation , that is , to make decisions on the basis of translation examples at appropriate pints in MT . This paper proposes a new type of transfer system , called a Similarity-driven Transfer System -LRB- SimTran -RRB- , for use in such case-based MT -LRB- CBMT -RRB- .",560,94,3,12,7,1,NER:Generic|NER:Method|NER:OtherScientificTerm|NER:Task|REL:COMPARE|REL:CONJUNCTION|REL:HYPONYM-OF|REL:PART-OF|REL:USED-FOR,d6d4de309905ce2af3847840bc92d7007f56ba5b021fcfaecfe1b0ab5a814647,1,short,
SciERC,train,ECCV_2012_29_abs,abstract,scierc_entity_relation,processed_data/json/train.json,"This paper addresses the problem of optimal alignment of non-rigid surfaces from multi-view video observations to obtain a temporally consistent representation . Conventional non-rigid surface tracking performs frame-to-frame alignment which is subject to the accumulation of errors resulting in a drift over time . Recently , non-sequential tracking approaches have been introduced which reorder the input data based on a dissimilarity measure . One or more input sequences are represented in a tree with reduced alignment path length . They demonstrate a reduced drift and increased robustness to large non-rigid deformations . However , jumps may occur in the aligned mesh sequence where branches of the tree meet due to different error accumulation along them . Optimisation of the tree for non-sequential tracking , which minimises the errors in temporal consistency due to both the drift and the jumps , is proposed . A novel cluster tree enforces sequential tracking in local segments of the sequence while allowing global non-sequential traversal among these segments . This provides a mechanism to create a tree structure which reduces the number and size of jumps between branches and limits the lenght of branches as well . Comprehensive evaluation is performed on a variety of challenging non-rigid surfaces including face , cloth and people . It demonstrates that the proposed cluster tree achieves better temporal consistency than the previous sequential and non-sequential tracking approaches . Quantitative analysis on a created synthetic facial performance also shows an improvement by the cluster tree .",1621,248,12,31,17,1,NER:Generic|NER:Method|NER:Metric|NER:OtherScientificTerm|NER:Task|REL:COMPARE|REL:CONJUNCTION|REL:EVALUATE-FOR|REL:FEATURE-OF|REL:HYPONYM-OF|REL:USED-FOR,ea336a87171af2c8c184fa7e308a014135050062f53a0bc99bc1a2b81f2c1f78,1,long,
SciERC,train,N04-2005,abstract,scierc_entity_relation,processed_data/json/train.json,The translation of English text into American Sign Language -LRB- ASL -RRB- animation tests the limits of traditional MT architectural designs . A new semantic representation is proposed that uses virtual reality 3D scene modeling software to produce spatially complex ASL phenomena called '' classifier predicates . '' The model acts as an interlingua within a new multi-pathway MT architecture design that also incorporates transfer and direct approaches into a single system .,479,73,3,12,7,1,NER:Generic|NER:Method|NER:OtherScientificTerm|NER:Task|REL:CONJUNCTION|REL:HYPONYM-OF|REL:PART-OF|REL:USED-FOR,4f096b4efb319f93eb5b8ef8b76e60f10a07c5fd475afb3318e9684f1d13b3d2,1,short,
SciERC,train,P83-1003,abstract,scierc_entity_relation,processed_data/json/train.json,"An extension to the GPSG grammatical formalism is proposed , allowing non-terminals to consist of finite sequences of category labels , and allowing schematic variables to range over such sequences . The extension is shown to be sufficient to provide a strongly adequate grammar for crossed serial dependencies , as found in e.g. Dutch subordinate clauses . The structures induced for such constructions are argued to be more appropriate to data involving conjunction than some previous proposals have been . The extension is shown to be parseable by a simple extension to an existing parsing method for GPSG .",610,99,4,13,6,1,NER:Generic|NER:Method|NER:OtherScientificTerm|NER:Task|REL:USED-FOR,eca7dbf892c6e9d21ae9a52dff47928e48f388227f11792e63e3d2ae9f30de84,1,short,
SciERC,train,ICCV_2013_33_abs,abstract,scierc_entity_relation,processed_data/json/train.json,"This paper presents an approach to localizing functional objects in surveillance videos without domain knowledge about semantic object classes that may appear in the scene . Functional objects do not have discriminative appearance and shape , but they affect behavior of people in the scene . For example , they '' attract '' people to approach them for satisfying certain needs -LRB- e.g. , vending machines could quench thirst -RRB- , or '' repel '' people to avoid them -LRB- e.g. , grass lawns -RRB- . Therefore , functional objects can be viewed as '' dark matter '' , emanating '' dark energy '' that affects people 's trajectories in the video . To detect '' dark matter '' and infer their '' dark energy '' field , we extend the La-grangian mechanics . People are treated as particle-agents with latent intents to approach '' dark matter '' and thus satisfy their needs , where their motions are subject to a composite '' dark energy '' field of all functional objects in the scene . We make the assumption that people take globally optimal paths toward the intended '' dark matter '' while avoiding latent obstacles . A Bayesian framework is used to probabilistically model : people 's trajectories and intents , constraint map of the scene , and locations of functional objects . A data-driven Markov Chain Monte Carlo -LRB- MCMC -RRB- process is used for inference . Our evaluation on videos of public squares and courtyards demonstrates our effectiveness in localizing functional objects and predicting people 's trajectories in unobserved parts of the video footage .",1580,268,10,21,12,1,NER:Generic|NER:Material|NER:Method|NER:OtherScientificTerm|NER:Task|REL:CONJUNCTION|REL:EVALUATE-FOR|REL:FEATURE-OF|REL:USED-FOR,f81de264e6e782bfd9248af3cbbf0c81b79d567f56dca1379dbd0ec69927d003,1,long,
SciERC,train,IJCAI_1995_190_abs,abstract,scierc_entity_relation,processed_data/json/train.json,"We propose a process model for hierarchical perceptual sound organization , which recognizes perceptual sounds included in incoming sound signals . We consider perceptual sound organization as a scene analysis problem in the auditory domain . Our model consists of multiple processing modules and a hypothesis network for quantitative integration of multiple sources of information . When input information for each processing module is available , the module rises to process it and asynchronously writes output information to the hypothesis network . On the hypothesis network , individual information is integrated and an optimal internal model of perceptual sounds is automatically constructed . Based on the model , a music scene analysis system has been developed for acoustic signals of ensemble music , which recognizes rhythm , chords , and source-separated musical notes . Experimental results show that our method has permitted autonomous , stable and effective information integration to construct the internal model of hierarchical perceptual sounds .",1064,159,7,26,18,1,NER:Generic|NER:Material|NER:Method|NER:OtherScientificTerm|NER:Task|REL:CONJUNCTION|REL:FEATURE-OF|REL:PART-OF|REL:USED-FOR,f185a9ce57ac20bd942e77a6bbbd11973a9f725cbe5f3f07df5454b3553005c7,1,long,
SciERC,train,P05-1048,abstract,scierc_entity_relation,processed_data/json/train.json,"We directly investigate a subject of much recent debate : do word sense disambigation models help statistical machine translation quality ? We present empirical results casting doubt on this common , but unproved , assumption . Using a state-of-the-art Chinese word sense disambiguation model to choose translation candidates for a typical IBM statistical MT system , we find that word sense disambiguation does not yield significantly better translation quality than the statistical machine translation system alone . Error analysis suggests several key factors behind this surprising finding , including inherent limitations of current statistical MT architectures .",668,97,4,10,6,1,NER:Method|NER:Metric|NER:OtherScientificTerm|REL:COMPARE|REL:EVALUATE-FOR|REL:USED-FOR,1d2537170a1708fda6134fdf871875245cbc840bd632741fe70caabd5e08113a,1,medium,
SciERC,train,ECCV_1998_39_abs,abstract,scierc_entity_relation,processed_data/json/train.json,"Image sequence processing techniques are used to study exchange , growth , and transport processes and to tackle key questions in environmental physics and biology . These applications require high accuracy for the estimation of the motion field since the most interesting parameters of the dynamical processes studied are contained in first-order derivatives of the motion field or in dynamical changes of the moving objects . Therefore the performance and optimization of low-level motion estimators is discussed . A tensor method tuned with carefully optimized derivative filters yields reliable and dense displacement vector fields -LRB- DVF -RRB- with an accuracy of up to a few hundredth pixels/frame for real-world images . The accuracy of the tensor method is verified with computer-generated sequences and a calibrated image sequence . With the improvements in accuracy the motion estimation is now rather limited by imperfections in the CCD sensors , especially the spatial nonuni-formity in the responsivity . With a simple two-point calibration , these effects can efficiently be suppressed . The application of the techniques to the analysis of plant growth , to ocean surface microturbulence in IR image sequences , and to sediment transport is demonstrated .",1273,196,8,31,21,1,NER:Generic|NER:Material|NER:Method|NER:Metric|NER:OtherScientificTerm|NER:Task|REL:CONJUNCTION|REL:EVALUATE-FOR|REL:FEATURE-OF|REL:USED-FOR,fb619eb14a93d0767b05593cf8893322631e91cef316a3481c88106feda3a910,1,long,
SciERC,train,P05-2016,abstract,scierc_entity_relation,processed_data/json/train.json,We present a Czech-English statistical machine translation system which performs tree-to-tree translation of dependency structures . The only bilingual resource required is a sentence-aligned parallel corpus . All other resources are monolingual . We also refer to an evaluation method and plan to compare our system 's output with a benchmark system .,352,53,4,6,3,1,NER:Generic|NER:Material|NER:Method|NER:Task|REL:COMPARE|REL:USED-FOR,2b9956e9b491dbd19d9d0dd6655f4da9b85c235e2a2b22a0c92f2155f122efde,1,short,
SciERC,train,C92-4207,abstract,scierc_entity_relation,processed_data/json/train.json,"This paper describes the understanding process of the spatial descriptions in Japanese . In order to understand the described world , the authors try to reconstruct the geometric model of the global scene from the scenic descriptions drawing a space . It is done by an experimental computer program SPRINT , which takes natural language texts and produces a model of the described world . To reconstruct the model , the authors extract the qualitative spatial constraints from the text , and represent them as the numerical constraints on the spatial attributes of the entities . This makes it possible to express the vagueness of the spatial concepts and to derive the maximally plausible interpretation from a chunk of information accumulated as the constraints . The interpretation reflects the temporary belief about the world .",832,135,6,11,2,1,NER:Generic|NER:Material|NER:Method|NER:OtherScientificTerm|REL:FEATURE-OF|REL:USED-FOR,177182d6223606acb4cfade1424630de1c05d09c4610c226a6759d2db07ec13f,1,medium,
SciERC,train,IJCAI_2016_423_abs,abstract,scierc_entity_relation,processed_data/json/train.json,"Learning video representation is not a trivial task , as video is an information-intensive media where each frame does not exist independently . Locally , a video frame is visually and semantically similar with its adjacent frames . Holistically , a video has its inherent structure -- the correlations among video frames . For example , even the frames far from each other may also hold similar semantics . Such context information is therefore important to characterize the intrinsic representation of a video frame . In this paper , we present a novel approach to learn the deep video representation by exploring both local and holistic contexts . Specifically , we propose a triplet sampling mechanism to encode the local temporal relationship of adjacent frames based on their deep representations . In addition , we incorporate the graph structure of the video , as a priori , to holistically preserve the inherent correlations among video frames . Our approach is fully unsupervised and trained in an end-to-end deep convolutional neu-ral network architecture . By extensive experiments , we show that our learned representation can significantly boost several video recognition tasks -LRB- retrieval , classification , and highlight detection -RRB- over traditional video representations .",1297,204,10,20,15,1,NER:Generic|NER:Method|NER:OtherScientificTerm|NER:Task|REL:COMPARE|REL:CONJUNCTION|REL:EVALUATE-FOR|REL:HYPONYM-OF|REL:USED-FOR,564e7f3022ed48e14ab1bdfd8c24bb36ad016181c2a6f0a0f1e1b1542be771df,1,long,
SciERC,train,ICASSP_2016_14_abs,abstract,scierc_entity_relation,processed_data/json/train.json,"For mobile speech application , speaker DOA estimation accuracy , interference robustness and compact physical size are three key factors . Considering the size , we utilized acoustic vector sensor -LRB- AVS -RRB- and proposed a DOA estimation algorithm previously -LSB- 1 -RSB- , offering high accuracy with larger-than-15dB SNR but is deteriorated by non-speech interferences -LRB- NSI -RRB- . This paper develops a robust speaker DOA estimation algorithm . It is achieved by deriving the inter-sensor data ratio model of an AVS in bispectrum domain -LRB- BISDR -RRB- and exploring the favorable properties of bispectrum , such as zero value of Gaussian process and different distribution of speech and NSI . Specifically , a reliable bispectrum mask is generated to guarantee that the speaker DOA cues , derived from BISDR , are robust to NSI in terms of speech sparsity and large bispectrum amplitude of the captured signals . Intensive experiments demonstrate an improved performance of our proposed algorithm under various NSI conditions even when SIR is smaller than 0dB .",1079,172,6,26,14,1,NER:Generic|NER:Method|NER:Metric|NER:OtherScientificTerm|NER:Task|REL:CONJUNCTION|REL:FEATURE-OF|REL:HYPONYM-OF|REL:USED-FOR,351f4703d4ca6af1d285c37aac123a435bf3549109f209cef022de96bc9d75f9,1,long,
SciERC,train,A97-1027,abstract,scierc_entity_relation,processed_data/json/train.json,"In this paper , we want to show how the morphological component of an existing NLP-system for Dutch -LRB- Dutch Medical Language Processor - DMLP -RRB- has been extended in order to produce output that is compatible with the language independent modules of the LSP-MLP system -LRB- Linguistic String Project - Medical Language Processor -RRB- of the New York University . The former can take advantage of the language independent developments of the latter , while focusing on idiosyncrasies for Dutch . This general strategy will be illustrated by a practical application , namely the highlighting of relevant information in a patient discharge summary -LRB- PDS -RRB- by means of modern HyperText Mark-Up Language -LRB- HTML -RRB- technology . Such an application can be of use for medical administrative purposes in a hospital environment .",843,135,4,15,7,1,NER:Generic|NER:Material|NER:Method|NER:OtherScientificTerm|NER:Task|REL:PART-OF|REL:USED-FOR,bdbd1ffeff0b2be730ccec64d1fa0902ae2bfaed992c0ee9d29b7a4dee82609b,1,medium,
SciERC,train,N04-1024,abstract,scierc_entity_relation,processed_data/json/train.json,"CriterionSM Online Essay Evaluation Service includes a capability that labels sentences in student writing with essay-based discourse elements -LRB- e.g. , thesis statements -RRB- . We describe a new system that enhances Criterion 's capability , by evaluating multiple aspects of coherence in essays . This system identifies features of sentences based on semantic similarity measures and discourse structure . A support vector machine uses these features to capture breakdowns in coherence due to relatedness to the essay question and relatedness between discourse elements . Intra-sentential quality is evaluated with rule-based heuristics . Results indicate that the system yields higher performance than a baseline on all three aspects .",742,109,6,18,12,1,NER:Generic|NER:Method|NER:Metric|NER:OtherScientificTerm|NER:Task|REL:COMPARE|REL:CONJUNCTION|REL:EVALUATE-FOR|REL:HYPONYM-OF|REL:PART-OF|REL:USED-FOR,266e697f392ee5bd2689981459f401d551ed0a4a450b7275dfe0a7c901961279,1,medium,
SciERC,train,CVPR_1992_10_abs,abstract,scierc_entity_relation,processed_data/json/train.json,"This paper presents an algorithm for labeling curvilinear structure at multiple scales in line drawings and edge images Symbolic CURVE-ELEMENT tokens residing in a spatially-indexed and scale-indexed data structure denote circular arcs fit to image data . Tokens are computed via a small-to-large scale grouping procedure employing a '' greedy '' , best-first , strategy for choosing the support of new tokens . The resulting image description is rich and redundant in that a given segment of image contour may be described by multiple tokens at different scales , and by more than one token at any given scale . This property facilitates selection and characterization of portions of the image based on local CURVE-ELEMENT attributes .",736,117,4,11,5,1,NER:Generic|NER:Material|NER:Method|NER:OtherScientificTerm|NER:Task|REL:CONJUNCTION|REL:FEATURE-OF|REL:PART-OF|REL:USED-FOR,80523d0257225c431dfd84b45a5f701e79f27111984478860bd13b37b6bf963d,1,medium,
SciERC,dev,ICCV_2003_158_abs,abstract,scierc_entity_relation,processed_data/json/dev.json,"This paper presents an algorithm for computing optical flow , shape , motion , lighting , and albedo from an image sequence of a rigidly-moving Lambertian object under distant illumination . The problem is formulated in a manner that subsumes structure from motion , multi-view stereo , and photo-metric stereo as special cases . The algorithm utilizes both spatial and temporal intensity variation as cues : the former constrains flow and the latter constrains surface orientation ; combining both cues enables dense reconstruction of both textured and texture-less surfaces . The algorithm works by iteratively estimating affine camera parameters , illumination , shape , and albedo in an alternating fashion . Results are demonstrated on videos of hand-held objects moving in front of a fixed light and camera .",814,129,5,21,14,1,NER:Generic|NER:Material|NER:Method|NER:OtherScientificTerm|NER:Task|REL:CONJUNCTION|REL:FEATURE-OF|REL:HYPONYM-OF|REL:USED-FOR,d372a9c66e013a99a693fc705615db6b5703784dfd64ce9dc8733659b642b343,1,medium,
SciERC,dev,C04-1096,abstract,scierc_entity_relation,processed_data/json/dev.json,"Past work of generating referring expressions mainly utilized attributes of objects and binary relations between objects . However , such an approach does not work well when there is no distinctive attribute among objects . To overcome this limitation , this paper proposes a method utilizing the perceptual groups of objects and n-ary relations among them . The key is to identify groups of objects that are naturally recognized by humans . We conducted psychological experiments with 42 subjects to collect referring expressions in such situations , and built a generation algorithm based on the results . The evaluation using another 23 subjects showed that the proposed method could effectively generate proper referring expressions .",738,115,6,7,0,1,NER:Generic|NER:Method|NER:OtherScientificTerm,14a4d2b28ba572d98efdf5b4adf808ca88f0c212123f0d9f43d2c00f4d34736c,1,medium,
SciERC,dev,P84-1047,abstract,scierc_entity_relation,processed_data/json/dev.json,"An entity-oriented approach to restricted-domain parsing is proposed . In this approach , the definitions of the structure and surface representation of domain entities are grouped together . Like semantic grammar , this allows easy exploitation of limited domain semantics . In addition , it facilitates fragmentary recognition and the use of multiple parsing strategies , and so is particularly useful for robust recognition of extra-grammatical input . Several advantages from the point of view of language definition are also noted . Representative samples from an entity-oriented language definition are presented , along with a control structure for an entity-oriented parser , some parsing strategies that use the control structure , and worked examples of parses . A parser incorporating the control structure and the parsing strategies is currently under implementation .",880,132,7,19,8,1,NER:Generic|NER:Method|NER:OtherScientificTerm|NER:Task|REL:PART-OF|REL:USED-FOR,b509bff3f883d6972f6e701e9b474a2f10fedd44a841ee06649dede99eb8e3d1,1,medium,
SciERC,dev,C88-1066,abstract,scierc_entity_relation,processed_data/json/dev.json,This paper summarizes the formalism of Category Cooccurrence Restrictions -LRB- CCRs -RRB- and describes two parsing algorithms that interpret it . CCRs are Boolean conditions on the cooccurrence of categories in local trees which allow the statement of generalizations which can not be captured in other current syntax formalisms . The use of CCRs leads to syntactic descriptions formulated entirely with restrictive statements . The paper shows how conventional algorithms for the analysis of context free languages can be adapted to the CCR formalism . Special attention is given to the part of the parser that checks the fulfillment of logical well-formedness conditions on trees .,685,106,5,18,5,1,NER:Generic|NER:Material|NER:Method|NER:OtherScientificTerm|NER:Task|REL:FEATURE-OF|REL:USED-FOR,ddd18352f5e778eb14cfc919ab2c3f82c156b202d996704681c2791b8e187d13,1,medium,
SciERC,dev,C04-1116,abstract,scierc_entity_relation,processed_data/json/dev.json,"We present a text mining method for finding synonymous expressions based on the distributional hypothesis in a set of coherent corpora . This paper proposes a new methodology to improve the accuracy of a term aggregation system using each author 's text as a coherent corpus . Our approach is based on the idea that one person tends to use one expression for one meaning . According to our assumption , most of the words with similar context features in each author 's corpus tend not to be synonymous expressions . Our proposed method improves the accuracy of our term aggregation system , showing that our approach is successful .",632,110,5,13,6,1,NER:Generic|NER:Method|NER:Metric|NER:OtherScientificTerm|REL:EVALUATE-FOR|REL:USED-FOR,a1cd870b72d439f850c2f6da4d5461058b6b3509676ca6600f8ef657620ec786,1,short,
SciERC,dev,ICCV_2009_47_abs,abstract,scierc_entity_relation,processed_data/json/dev.json,"In this work , we present a technique for robust estimation , which by explicitly incorporating the inherent uncertainty of the estimation procedure , results in a more efficient robust estimation algorithm . In addition , we build on recent work in randomized model verification , and use this to characterize the ` non-randomness ' of a solution . The combination of these two strategies results in a robust estimation procedure that provides a significant speed-up over existing RANSAC techniques , while requiring no prior information to guide the sampling process . In particular , our algorithm requires , on average , 3-10 times fewer samples than standard RANSAC , which is in close agreement with theoretical predictions . The efficiency of the algorithm is demonstrated on a selection of geometric estimation problems .",829,134,5,16,7,1,NER:Generic|NER:Method|NER:OtherScientificTerm|NER:Task|REL:COMPARE|REL:EVALUATE-FOR|REL:USED-FOR,711a8687e9fc75c84d5a53a83192812c5f36204147b4f99d04b6fe75033109a8,1,medium,
SciERC,dev,C80-1073,abstract,scierc_entity_relation,processed_data/json/dev.json,An attempt has been made to use an Augmented Transition Network as a procedural dialog model . The development of such a model appears to be important in several respects : as a device to represent and to use different dialog schemata proposed in empirical conversation analysis ; as a device to represent and to use models of verbal interaction ; as a device combining knowledge about dialog schemata and about verbal interaction with knowledge about task-oriented and goal-directed dialogs . A standard ATN should be further developed in order to account for the verbal interactions of task-oriented dialogs .,611,100,3,16,8,1,NER:Generic|NER:Material|NER:Method|NER:OtherScientificTerm|REL:CONJUNCTION|REL:FEATURE-OF|REL:HYPONYM-OF|REL:USED-FOR,b60ca5fb914621fdd95d42fa3ee9ecc73b21ab22f7fed2ae245c20d9569c3aea,1,short,
SciERC,dev,H05-1041,abstract,scierc_entity_relation,processed_data/json/dev.json,"We present a practically unsupervised learning method to produce single-snippet answers to definition questions in question answering systems that supplement Web search engines . The method exploits on-line encyclopedias and dictionaries to generate automatically an arbitrarily large number of positive and negative definition examples , which are then used to train an svm to separate the two classes . We show experimentally that the proposed method is viable , that it outperforms the alternative of training the system on questions and news articles from trec , and that it helps the search engine handle definition questions significantly better .",653,99,3,16,9,1,NER:Generic|NER:Material|NER:Method|NER:OtherScientificTerm|REL:COMPARE|REL:PART-OF|REL:USED-FOR,65a2991f089547ea816fb20eff5b9ac549b3d6c78ba49e5728fdbbd87d2ab5e9,1,short,
SciERC,dev,NIPS_2014_18_abs,abstract,scierc_entity_relation,processed_data/json/dev.json,"We revisit the classical decision-theoretic problem of weighted expert voting from a statistical learning perspective . In particular , we examine the consistency -LRB- both asymptotic and finitary -RRB- of the optimal Nitzan-Paroush weighted majority and related rules . In the case of known expert competence levels , we give sharp error estimates for the optimal rule . When the competence levels are unknown , they must be empirically estimated . We provide frequentist and Bayesian analyses for this situation . Some of our proof techniques are non-standard and may be of independent interest . The bounds we derive are nearly optimal , and several challenging open problems are posed . Experimental results are provided to illustrate the theory .",752,120,8,8,2,1,NER:Method|NER:OtherScientificTerm|NER:Task|REL:USED-FOR,f853509157b343408dae4ff9552a3476f57200b996a4a09488b324f155438e07,1,medium,
SciERC,dev,NIPS_2014_10_abs,abstract,scierc_entity_relation,processed_data/json/dev.json,"We analyze a reweighted version of the Kikuchi approximation for estimating the log partition function of a product distribution defined over a region graph . We establish sufficient conditions for the concavity of our reweighted objective function in terms of weight assignments in the Kikuchi expansion , and show that a reweighted version of the sum product algorithm applied to the Kikuchi region graph will produce global optima of the Kikuchi approximation whenever the algorithm converges . When the region graph has two layers , corresponding to a Bethe approximation , we show that our sufficient conditions for concavity are also necessary . Finally , we provide an explicit characterization of the polytope of concavity in terms of the cycle structure of the region graph . We conclude with simulations that demonstrate the advantages of the reweighted Kikuchi approach .",882,140,5,20,6,1,NER:Generic|NER:Method|NER:OtherScientificTerm|NER:Task|REL:FEATURE-OF|REL:USED-FOR,66f22019e716aac0bf6aca567974ea7243497424774571deded16d9fe9867bb2,1,medium,
SciERC,dev,P03-1022,abstract,scierc_entity_relation,processed_data/json/dev.json,We apply a decision tree based approach to pronoun resolution in spoken dialogue . Our system deals with pronouns with NP - and non-NP-antecedents . We present a set of features designed for pronoun resolution in spoken dialogue and determine the most promising features . We evaluate the system on twenty Switchboard dialogues and show that it compares well to Byron 's -LRB- 2002 -RRB- manually tuned system .,411,69,4,14,8,1,NER:Generic|NER:Material|NER:Method|NER:OtherScientificTerm|NER:Task|REL:COMPARE|REL:EVALUATE-FOR|REL:USED-FOR,f834eed15248adfb1803b9fd7a07257238d16762113d99a1027561a3c9318ac8,1,short,
SciERC,dev,CVPR_2010_10_abs,abstract,scierc_entity_relation,processed_data/json/dev.json,"We present a new approach for building an efficient and robust classifier for the two class problem , that localizes objects that may appear in the image under different orien-tations . In contrast to other works that address this problem using multiple classifiers , each one specialized for a specific orientation , we propose a simple two-step approach with an estimation stage and a classification stage . The estimator yields an initial set of potential object poses that are then validated by the classifier . This methodology allows reducing the time complexity of the algorithm while classification results remain high . The classifier we use in both stages is based on a boosted combination of Random Ferns over local histograms of oriented gradients -LRB- HOGs -RRB- , which we compute during a pre-processing step . Both the use of supervised learning and working on the gradient space makes our approach robust while being efficient at run-time . We show these properties by thorough testing on standard databases and on a new database made of motorbikes under planar rotations , and with challenging conditions such as cluttered backgrounds , changing illumination conditions and partial occlusions .",1213,195,7,29,19,1,NER:Generic|NER:Material|NER:Method|NER:Metric|NER:OtherScientificTerm|NER:Task|REL:CONJUNCTION|REL:EVALUATE-FOR|REL:FEATURE-OF|REL:HYPONYM-OF|REL:PART-OF|REL:USED-FOR,cee9861970cfecb221f004a89cb679798535a2860eebc3867deb597a192de04a,1,long,
SciERC,dev,H91-1010,abstract,scierc_entity_relation,processed_data/json/dev.json,"The following describes recent work on the Lincoln CSR system . Some new variations in semiphone modeling have been tested . A very simple improved duration model has reduced the error rate by about 10 % in both triphone and semiphone systems . A new training strategy has been tested which , by itself , did not provide useful improvements but suggests that improvements can be obtained by a related rapid adaptation technique . Finally , the recognizer has been modified to use bigram back-off language models . The system was then transferred from the RM task to the ATIS CSR task and a limited number of development tests performed . Evaluation test results are presented for both the RM and ATIS CSR tasks .",712,125,7,13,7,1,NER:Generic|NER:Method|NER:Metric|NER:Task|REL:CONJUNCTION|REL:EVALUATE-FOR|REL:USED-FOR,7fdd23ad424db392c74f84e149bd51d653769bb49f39e8dc32588b6d1e226422,1,medium,
SciERC,dev,C88-2160,abstract,scierc_entity_relation,processed_data/json/dev.json,A new approach for Interactive Machine Translation where the author interacts during the creation or the modification of the document is proposed . The explanation of an ambiguity or an error for the purposes of correction does not use any concepts of the underlying linguistic theory : it is a reformulation of the erroneous or ambiguous sentence . The interaction is limited to the analysis step of the translation process . This paper presents a new interactive disambiguation scheme based on the paraphrasing of a parser 's multiple output . Some examples of paraphrasing ambiguous sentences are presented .,611,99,5,6,2,1,NER:Generic|NER:Method|NER:Task|REL:USED-FOR,b5912ecc550c5f29672a5db73737d2983aa75926ef311b568384a892426f8508,1,short,
SciERC,dev,P05-1034,abstract,scierc_entity_relation,processed_data/json/dev.json,"We describe a novel approach to statistical machine translation that combines syntactic information in the source language with recent advances in phrasal translation . This method requires a source-language dependency parser , target language word segmentation and an unsupervised word alignment component . We align a parallel corpus , project the source dependency parse onto the target sentence , extract dependency treelet translation pairs , and train a tree-based ordering model . We describe an efficient decoder and show that using these tree-based models in combination with conventional SMT models provides a promising approach that incorporates the power of phrasal SMT with the linguistic generality available in a parser .",736,110,4,19,15,1,NER:Generic|NER:Material|NER:Method|NER:OtherScientificTerm|NER:Task|REL:CONJUNCTION|REL:FEATURE-OF|REL:PART-OF|REL:USED-FOR,8b62548ac3840267830b973567ccad3623d54f195862116bf5856ec1261a3d73,1,medium,
SciERC,dev,CVPR_2011_292_abs,abstract,scierc_entity_relation,processed_data/json/dev.json,"Video provides not only rich visual cues such as motion and appearance , but also much less explored long-range temporal interactions among objects . We aim to capture such interactions and to construct a powerful intermediate-level video representation for subsequent recognition . Motivated by this goal , we seek to obtain spatio-temporal over-segmentation of a video into regions that respect object boundaries and , at the same time , associate object pix-els over many video frames . The contributions of this paper are twofold . First , we develop an efficient spatio-temporal video segmentation algorithm , which naturally incorporates long-range motion cues from the past and future frames in the form of clusters of point tracks with coherent motion . Second , we devise a new track clustering cost function that includes occlusion reasoning , in the form of depth ordering constraints , as well as motion similarity along the tracks . We evaluate the proposed approach on a challenging set of video sequences of office scenes from feature length movies .",1065,172,7,20,11,1,NER:Generic|NER:Material|NER:Method|NER:OtherScientificTerm|NER:Task|REL:CONJUNCTION|REL:EVALUATE-FOR|REL:FEATURE-OF|REL:HYPONYM-OF|REL:PART-OF|REL:USED-FOR,2f500e18f338fdd85dea7fdc16196890cb1bbaa60ff2af26e9035527f1dc69f1,1,long,
SciERC,dev,ECCV_2012_40_abs,abstract,scierc_entity_relation,processed_data/json/dev.json,"In this paper , we introduce KAZE features , a novel multiscale 2D feature detection and description algorithm in nonlinear scale spaces . Previous approaches detect and describe features at different scale levels by building or approximating the Gaussian scale space of an image . However , Gaussian blurring does not respect the natural boundaries of objects and smoothes to the same degree both details and noise , reducing localization accuracy and distinctiveness . In contrast , we detect and describe 2D features in a nonlinear scale space by means of nonlinear diffusion filtering . In this way , we can make blurring locally adaptive to the image data , reducing noise but retaining object boundaries , obtaining superior localization accuracy and distinctiviness . The nonlinear scale space is built using efficient Additive Operator Splitting -LRB- AOS -RRB- techniques and variable con-ductance diffusion . We present an extensive evaluation on benchmark datasets and a practical matching application on deformable surfaces . Even though our features are somewhat more expensive to compute than SURF due to the construction of the nonlinear scale space , but comparable to SIFT , our results reveal a step forward in performance both in detection and description against previous state-of-the-art methods .",1318,206,8,26,15,1,NER:Generic|NER:Material|NER:Method|NER:Metric|NER:OtherScientificTerm|NER:Task|REL:COMPARE|REL:CONJUNCTION|REL:EVALUATE-FOR|REL:FEATURE-OF|REL:HYPONYM-OF|REL:USED-FOR,ffea404c704c6a5869f2dfcb52d3cb608948f84fbb9400b8467af0b19a797111,1,long,
SciERC,dev,AAAI_2015_21_abs,abstract,scierc_entity_relation,processed_data/json/dev.json,"Semantic Web documents that encode facts about entities on the Web have been growing rapidly in size and evolving over time . Creating summaries on lengthy Semantic Web documents for quick identification of the corresponding entity has been of great contemporary interest . In this paper , we explore automatic summa-rization techniques that characterize and enable identification of an entity and create summaries that are human friendly . Specifically , we highlight the importance of diversified -LRB- faceted -RRB- summaries by combining three dimensions : diversity , uniqueness , and popularity . Our novel diversity-aware entity summarization approach mimics human conceptual clustering techniques to group facts , and picks representative facts from each group to form concise -LRB- i.e. , short -RRB- and comprehensive -LRB- i.e. , improved coverage through diversity -RRB- summaries . We evaluate our approach against the state-of-the-art techniques and show that our work improves both the quality and the efficiency of entity summarization .",1053,158,6,16,13,1,NER:Generic|NER:Material|NER:Method|NER:Metric|NER:OtherScientificTerm|NER:Task|REL:COMPARE|REL:CONJUNCTION|REL:EVALUATE-FOR|REL:FEATURE-OF|REL:USED-FOR,76fb55b008451d0afb64c41c213b835b797e2895c9e8fdd714b9a430071d96f3,1,long,
SciERC,dev,C04-1147,abstract,scierc_entity_relation,processed_data/json/dev.json,"We present a framework for the fast computation of lexical affinity models . The framework is composed of a novel algorithm to efficiently compute the co-occurrence distribution between pairs of terms , an independence model , and a parametric affinity model . In comparison with previous models , which either use arbitrary windows to compute similarity between words or use lexical affinity to create sequential models , in this paper we focus on models intended to capture the co-occurrence patterns of any pair of words or phrases at any distance in the corpus . The framework is flexible , allowing fast adaptation to applications and it is scalable . We apply it in combination with a terabyte corpus to answer natural language tests , achieving encouraging results .",773,128,5,17,12,1,NER:Generic|NER:Material|NER:Method|NER:OtherScientificTerm|NER:Task|REL:COMPARE|REL:CONJUNCTION|REL:EVALUATE-FOR|REL:PART-OF|REL:USED-FOR,6d04431263d2fd06d7d06bb4b99f2fbc4d0501f2fa29decd03ca4a39dbc75a3e,1,medium,
SciERC,dev,A00-1024,abstract,scierc_entity_relation,processed_data/json/dev.json,This paper introduces a system for categorizing unknown words . The system is based on a multi-component architecture where each component is responsible for identifying one class of unknown words . The focus of this paper is the components that identify names and spelling errors . Each component uses a decision tree architecture to combine multiple types of evidence about the unknown word . The system is evaluated using data from live closed captions - a genre replete with a wide variety of unknown words .,512,86,5,15,9,1,NER:Generic|NER:Material|NER:Method|NER:OtherScientificTerm|NER:Task|REL:CONJUNCTION|REL:EVALUATE-FOR|REL:PART-OF|REL:USED-FOR,d1132d23a046d64f45f6b88b90028ccd1da2c06990037c8abcb7822decbb815e,1,short,
SciERC,dev,H01-1041,abstract,scierc_entity_relation,processed_data/json/dev.json,"At MIT Lincoln Laboratory , we have been developing a Korean-to-English machine translation system CCLINC -LRB- Common Coalition Language System at Lincoln Laboratory -RRB- . The CCLINC Korean-to-English translation system consists of two core modules , language understanding and generation modules mediated by a language neutral meaning representation called a semantic frame . The key features of the system include : -LRB- i -RRB- Robust efficient parsing of Korean -LRB- a verb final language with overt case markers , relatively free word order , and frequent omissions of arguments -RRB- . -LRB- ii -RRB- High quality translation via word sense disambiguation and accurate word order generation of the target language . -LRB- iii -RRB- Rapid system development and porting to new domains via knowledge-based automated acquisition of grammars . Having been trained on Korean newspaper articles on missiles and chemical biological warfare , the system produces the translation output sufficient for content understanding of the original document .",1052,158,6,19,11,1,NER:Generic|NER:Material|NER:Method|NER:OtherScientificTerm|NER:Task|REL:CONJUNCTION|REL:FEATURE-OF|REL:HYPONYM-OF|REL:PART-OF|REL:USED-FOR,63bb812fdf1c97b132572aed4013fd8fa140c32e1441ca60d9262b81de57fbc1,1,long,
SciERC,dev,N03-4010,abstract,scierc_entity_relation,processed_data/json/dev.json,"The JAVELIN system integrates a flexible , planning-based architecture with a variety of language processing modules to provide an open-domain question answering capability on free text . The demonstration will focus on how JAVELIN processes questions and retrieves the most likely answer candidates from the given text corpus . The operation of the system will be explained in depth through browsing the repository of data objects created by the system during each question answering session .",494,76,3,8,4,1,NER:Generic|NER:Method|NER:Task|REL:CONJUNCTION|REL:PART-OF|REL:USED-FOR,419d18c2294da6d9de1701adbce35b917f23013bd87fb606c16fe7d4f2e6bb20,1,short,
SciERC,dev,P04-1030,abstract,scierc_entity_relation,processed_data/json/dev.json,"We present the first application of the head-driven statistical parsing model of Collins -LRB- 1999 -RRB- as a simultaneous language model and parser for large-vocabulary speech recognition . The model is adapted to an online left to right chart-parser for word lattices , integrating acoustic , n-gram , and parser probabilities . The parser uses structural and lexical dependencies not considered by n-gram models , conditioning recognition on more linguistically-grounded relationships . Experiments on the Wall Street Journal treebank and lattice corpora show word error rates competitive with the standard n-gram language model while extracting additional structural information useful for speech understanding .",717,103,4,17,14,1,NER:Generic|NER:Material|NER:Method|NER:Metric|NER:OtherScientificTerm|NER:Task|REL:CONJUNCTION|REL:EVALUATE-FOR|REL:PART-OF|REL:USED-FOR,a90f969b5a7faed5e56f64cfb46f8505ed10d95dc02ec84419326bb730aca8db,1,medium,
SciERC,dev,CVPR_2004_10_abs,abstract,scierc_entity_relation,processed_data/json/dev.json,Image composition -LRB- or mosaicing -RRB- has attracted a growing attention in recent years as one of the main elements in video analysis and representation . In this paper we deal with the problem of global alignment and super-resolution . We also propose to evaluate the quality of the resulting mosaic by measuring the amount of blurring . Global registration is achieved by combining a graph-based technique -- that exploits the topological structure of the sequence induced by the spatial overlap -- with a bundle adjustment which uses only the homographies computed in the previous steps . Experimental comparison with other techniques shows the effectiveness of our approach .,684,109,5,14,9,1,NER:Generic|NER:Method|NER:Metric|NER:OtherScientificTerm|NER:Task|REL:COMPARE|REL:CONJUNCTION|REL:EVALUATE-FOR|REL:PART-OF|REL:USED-FOR,7eb784f4a3bd664ed9fc1dd66de78e1082cda655c6d3841835c95e55ceed6a40,1,medium,
SciERC,dev,L08-1260,abstract,scierc_entity_relation,processed_data/json/dev.json,"The project presented here is a part of a long term research program aiming at a full lexicon grammar for Polish -LRB- SyntLex -RRB- . The main of this project is computer-assisted acquisition and morpho-syntactic description of verb-noun collocations in Polish . We present methodology and resources obtained in three main project phases which are : dictionary-based acquisition of collocation lexicon , feasibility study for corpus-based lexicon enlargement phase , corpus-based lexicon enlargement and collocation description . In this paper we focus on the results of the third phase . The presented here corpus-based approach permitted us to triple the size the verb-noun collocation dictionary for Polish . In the paper we describe the SyntLex Dictionary of Collocations and announce some future research intended to be a separate project continuation .",859,131,6,12,9,1,NER:Generic|NER:Material|NER:Method|NER:Task|REL:CONJUNCTION|REL:FEATURE-OF|REL:HYPONYM-OF|REL:USED-FOR,118c23aaf324ad6b8f4eb74c8cca403373b32724ce3566b4ba715191c8480492,1,medium,
SciERC,dev,IJCAI_2016_412_abs,abstract,scierc_entity_relation,processed_data/json/dev.json,"Along with the increasing requirements , the hash-tag recommendation task for microblogs has been receiving considerable attention in recent years . Various researchers have studied the problem from different aspects . However , most of these methods usually need handcrafted features . Motivated by the successful use of convolutional neural networks -LRB- CNNs -RRB- for many natural language processing tasks , in this paper , we adopt CNNs to perform the hashtag recommendation problem . To incorporate the trigger words whose effectiveness have been experimentally evaluated in several previous works , we propose a novel architecture with an attention mechanism . The results of experiments on the data collected from a real world microblogging service demonstrated that the proposed model outperforms state-of-the-art methods . By incorporating trigger words into the consideration , the relative improvement of the proposed method over the state-of-the-art method is around 9.4 % in the F1-score .",1005,151,7,17,8,1,NER:Generic|NER:Material|NER:Method|NER:Metric|NER:OtherScientificTerm|NER:Task|REL:COMPARE|REL:EVALUATE-FOR|REL:FEATURE-OF|REL:USED-FOR,26f2e1434ec5813421b8037b549117522114fc3f7bf7a41752dfae5fceb0900a,1,long,
SciERC,dev,W03-0406,abstract,scierc_entity_relation,processed_data/json/dev.json,"In this paper , we improve an unsupervised learning method using the Expectation-Maximization -LRB- EM -RRB- algorithm proposed by Nigam et al. for text classification problems in order to apply it to word sense disambiguation -LRB- WSD -RRB- problems . The improved method stops the EM algorithm at the optimum iteration number . To estimate that number , we propose two methods . In experiments , we solved 50 noun WSD problems in the Japanese Dictionary Task in SENSEVAL2 . The score of our method is a match for the best public score of this task . Furthermore , our methods were confirmed to be effective also for verb WSD problems .",638,112,6,16,5,1,NER:Generic|NER:Material|NER:Method|NER:OtherScientificTerm|NER:Task|REL:FEATURE-OF|REL:USED-FOR,fca5cc8f0617eaaeeaf15aff43d3e2e34d4f18fe730488399dca63f33661cd71,1,short,
SciERC,dev,E99-1023,abstract,scierc_entity_relation,processed_data/json/dev.json,"Dividing sentences in chunks of words is a useful preprocessing step for parsing , information extraction and information retrieval . -LRB- Ramshaw and Marcus , 1995 -RRB- have introduced a `` convenient '' data representation for chunking by converting it to a tagging task . In this paper we will examine seven different data representations for the problem of recognizing noun phrase chunks . We will show that the data representation choice has a minor influence on chunking performance . However , equipped with the most suitable data representation , our memory-based learning chunker was able to improve the best published chunking results for a standard data set .",672,109,5,16,9,1,NER:Generic|NER:Material|NER:Method|NER:Task|REL:CONJUNCTION|REL:EVALUATE-FOR|REL:USED-FOR,04fb33423dcc378c8d48704fa107f3f513c42e0143b796496c38bae85d91f8a5,1,medium,
SciERC,dev,N04-1008,abstract,scierc_entity_relation,processed_data/json/dev.json,"In this paper we describe and evaluate a Question Answering system that goes beyond answering factoid questions . We focus on FAQ-like questions and answers , and build our system around a noisy-channel architecture which exploits both a language model for answers and a transformation model for answer/question terms , trained on a corpus of 1 million question/answer pairs collected from the Web .",399,64,2,7,4,1,NER:Generic|NER:Material|NER:Method|REL:USED-FOR,d206f27f83d64d7546297cbcc9109346e072b665342adf72a7ba4a4804618b94,1,short,
SciERC,dev,ICASSP_2011_598_abs,abstract,scierc_entity_relation,processed_data/json/dev.json,"In this paper we evaluate four objective measures of speech with regards to intelligibility prediction of synthesized speech in diverse noisy situations . We evaluated three intel-ligibility measures , the Dau measure , the glimpse proportion and the Speech Intelligibility Index -LRB- SII -RRB- and a quality measure , the Perceptual Evaluation of Speech Quality -LRB- PESQ -RRB- . For the generation of synthesized speech we used a state of the art HMM-based speech synthesis system . The noisy conditions comprised four additive noises . The measures were compared with subjective intelligibility scores obtained in listening tests . The results show the Dau and the glimpse measures to be the best predictors of intelligibility , with correlations of around 0.83 to subjective scores . All measures gave less accurate predictions of intelligibility for synthetic speech than have previously been found for natural speech ; in particular the SII measure . In additional experiments , we processed the synthesized speech by an ideal binary mask before adding noise . The Glimpse measure gave the most accurate intelligibility predictions in this situation .",1159,181,9,30,26,1,NER:Generic|NER:Material|NER:Method|NER:Metric|NER:OtherScientificTerm|NER:Task|REL:COMPARE|REL:CONJUNCTION|REL:EVALUATE-FOR|REL:FEATURE-OF|REL:HYPONYM-OF|REL:PART-OF|REL:USED-FOR,9ec154e3f32a8f2bf2cc6ef534f2f982ff43976791a4b1faf6cac2f729244372,1,long,
SciERC,dev,CVPR_2003_10_abs,abstract,scierc_entity_relation,processed_data/json/dev.json,"A '' graphics for vision '' approach is proposed to address the problem of reconstruction from a large and imperfect data set : reconstruction on demand by tensor voting , or ROD-TV . ROD-TV simultaneously delivers good efficiency and robust-ness , by adapting to a continuum of primitive connectivity , view dependence , and levels of detail -LRB- LOD -RRB- . Locally inferred surface elements are robust to noise and better capture local shapes . By inferring per-vertex normals at sub-voxel precision on the fly , we can achieve interpolative shading . Since these missing details can be recovered at the current level of detail , our result is not upper bounded by the scanning resolution . By relaxing the mesh connectivity requirement , we extend ROD-TV and propose a simple but effective multiscale feature extraction algorithm . ROD-TV consists of a hierarchical data structure that encodes different levels of detail . The local reconstruction algorithm is tensor voting . It is applied on demand to the visible subset of data at a desired level of detail , by traversing the data hierarchy and collecting tensorial support in a neighborhood . We compare our approach and present encouraging results .",1210,200,10,30,20,1,NER:Generic|NER:Material|NER:Method|NER:Metric|NER:OtherScientificTerm|NER:Task|REL:CONJUNCTION|REL:EVALUATE-FOR|REL:FEATURE-OF|REL:HYPONYM-OF|REL:PART-OF|REL:USED-FOR,1e6441af3a390ec8be5177fcfffe50f9eded8d731146cefaaa299590ee9d1316,1,long,
SciERC,dev,P06-3008,abstract,scierc_entity_relation,processed_data/json/dev.json,"Both rhetorical structure and punctuation have been helpful in discourse processing . Based on a corpus annotation project , this paper reports the discursive usage of 6 Chinese punctuation marks in news commentary texts : Colon , Dash , Ellipsis , Exclamation Mark , Question Mark , and Semicolon . The rhetorical patterns of these marks are compared against patterns around cue phrases in general . Results show that these Chinese punctuation marks , though fewer in number than cue phrases , are easy to identify , have strong correlation with certain relations , and can be used as distinctive indicators of nuclearity in Chinese texts .",641,107,4,20,20,1,NER:Generic|NER:Material|NER:OtherScientificTerm|NER:Task|REL:COMPARE|REL:CONJUNCTION|REL:FEATURE-OF|REL:HYPONYM-OF|REL:PART-OF|REL:USED-FOR,a65a3f29a884950eda4a5a4bf351e746632d4771f3202df158c880dbfe08909f,1,short,
SciERC,dev,CVPR_2003_11_abs,abstract,scierc_entity_relation,processed_data/json/dev.json,"The features based on Markov random field -LRB- MRF -RRB- models are usually sensitive to the rotation of image textures . This paper develops an anisotropic circular Gaussian MRF -LRB- ACGMRF -RRB- model for modelling rotated image textures and retrieving rotation-invariant texture features . To overcome the singularity problem of the least squares estimate -LRB- LSE -RRB- method , an approximate least squares estimate -LRB- ALSE -RRB- method is proposed to estimate the parameters of the ACGMRF model . The rotation-invariant features can be obtained from the parameters of the ACGMRF model by the one-dimensional -LRB- 1-D -RRB- discrete Fourier transform -LRB- DFT -RRB- . Significantly improved accuracy can be achieved by applying the rotation-invariant features to classify SAR -LRB- synthetic aperture radar -RRB- sea ice and Brodatz imagery .",855,130,5,18,9,1,NER:Method|NER:Metric|NER:OtherScientificTerm|NER:Task|REL:CONJUNCTION|REL:FEATURE-OF|REL:USED-FOR,3157685fce2a04a64cb9e5cea5133452d46820c7cd983e698dfb2efac1fb27d9,1,medium,
SciERC,dev,P05-1073,abstract,scierc_entity_relation,processed_data/json/dev.json,"Despite much recent progress on accurate semantic role labeling , previous work has largely used independent classifiers , possibly combined with separate label sequence models via Viterbi decoding . This stands in stark contrast to the linguistic observation that a core argument frame is a joint structure , with strong dependencies between arguments . We show how to build a joint model of argument frames , incorporating novel features that model these interactions into discriminative log-linear models . This system achieves an error reduction of 22 % on all arguments and 32 % on core arguments over a state-of-the art independent classifier for gold-standard parse trees on PropBank .",692,109,4,13,10,1,NER:Generic|NER:Material|NER:Method|NER:Metric|NER:OtherScientificTerm|NER:Task|REL:COMPARE|REL:CONJUNCTION|REL:EVALUATE-FOR|REL:PART-OF|REL:USED-FOR,5dcae934e76885abd85ed467effd67afeed8ae243fda5cfc4abacb6f4ad50e1d,1,medium,
SciERC,dev,E93-1023,abstract,scierc_entity_relation,processed_data/json/dev.json,"One of the major problems one is faced with when decomposing words into their constituent parts is ambiguity : the generation of multiple analyses for one input word , many of which are implausible . In order to deal with ambiguity , the MORphological PArser MORPA is provided with a probabilistic context-free grammar -LRB- PCFG -RRB- , i.e. it combines a `` conventional '' context-free morphological grammar to filter out ungrammatical segmentations with a probability-based scoring function which determines the likelihood of each successful parse . Consequently , remaining analyses can be ordered along a scale of plausibility . Test performance data will show that a PCFG yields good results in morphological parsing . MORPA is a fully implemented parser developed for use in a text-to-speech conversion system .",819,129,5,15,11,1,NER:Generic|NER:Method|NER:OtherScientificTerm|NER:Task|REL:CONJUNCTION|REL:HYPONYM-OF|REL:USED-FOR,ea2bc1a7748f3dacf815f7cd552f005a046f86e706fa3fc5f956748b9401bd98,1,medium,
SciERC,dev,C90-3014,abstract,scierc_entity_relation,processed_data/json/dev.json,This paper describes the framework of a Korean phonological knowledge base system using the unification-based grammar formalism : Korean Phonology Structure Grammar -LRB- KPSG -RRB- . The approach of KPSG provides an explicit development model for constructing a computational phonological system : speech recognition and synthesis system . We show that the proposed approach is more describable than other approaches such as those employing a traditional generative phonological approach .,490,70,3,11,6,1,NER:Generic|NER:Method|NER:Task|REL:COMPARE|REL:HYPONYM-OF|REL:USED-FOR,06392d672218615a1871cbbc6368d3e375cfc3a49406b3259849470b676f4957,1,short,
SciERC,dev,IJCAI_2016_413_abs,abstract,scierc_entity_relation,processed_data/json/dev.json,"In some auction domains , there is uncertainty regarding the final availability of the goods being auctioned off . For example , a government may auction off spectrum from its public safety network , but it may need this spectrum back in times of emergency . In such a domain , standard combinatorial auctions perform poorly because they lead to violations of individual rationality -LRB- IR -RRB- , even in expectation , and to very low efficiency . In this paper , we study the design of core-selecting payment rules for such domains . Surprisingly , we show that in this new domain , there does not exist a payment rule with is guaranteed to be ex-post core-selecting . However , we show that by designing rules that are '' execution-contingent , '' i.e. , by charging payments that are conditioned on the realization of the availability of the goods , we can reduce IR violations . We design two core-selecting rules that always satisfy IR in expectation . To study the performance of our rules we perform a computational Bayes-Nash equilibrium analysis . We show that , in equilibrium , our new rules have better incentives , higher efficiency , and a lower rate of ex-post IR violations than standard core-selecting rules .",1229,214,9,19,6,1,NER:Generic|NER:Method|NER:Metric|NER:OtherScientificTerm|NER:Task|REL:COMPARE|REL:EVALUATE-FOR|REL:USED-FOR,c3d6509a4f94b59c513f196c91f2dec0451fac2801048056651d341920922b77,1,long,
SciERC,dev,C08-3010,abstract,scierc_entity_relation,processed_data/json/dev.json,"In this paper , we will describe a search tool for a huge set of ngrams . The tool supports queries with an arbitrary number of wildcards . It takes a fraction of a second for a search , and can provide the fillers of the wildcards . The system runs on a single Linux PC with reasonable size memory -LRB- less than 4GB -RRB- and disk space -LRB- less than 400GB -RRB- . This system can be a very useful tool for linguistic knowledge discovery and other NLP tasks .",464,91,5,11,4,1,NER:Generic|NER:Method|NER:OtherScientificTerm|NER:Task|REL:CONJUNCTION|REL:USED-FOR,6d9aa110bf1604325efb8c88b9a10d2f33b5958f513de902cdb0fe9cd4ecde8f,1,short,
SciERC,dev,J88-3002,abstract,scierc_entity_relation,processed_data/json/dev.json,"For intelligent interactive systems to communicate with humans in a natural manner , they must have knowledge about the system users . This paper explores the role of user modeling in such systems . It begins with a characterization of what a user model is and how it can be used . The types of information that a user model may be required to keep about a user are then identified and discussed . User models themselves can vary greatly depending on the requirements of the situation and the implementation , so several dimensions along which they can be classified are presented . Since acquiring the knowledge for a user model is a fundamental problem in user modeling , a section is devoted to this topic . Next , the benefits and costs of implementing a user modeling component for a system are weighed in light of several aspects of the interaction requirements that may be imposed by the system . Finally , the current state of research in user modeling is summarized , and future research topics that must be addressed in order to achieve powerful , general user modeling systems are assessed .",1102,195,8,16,3,1,NER:Generic|NER:Method|NER:Task|REL:PART-OF|REL:USED-FOR,5cd426eb9a9af5eabefac2c25b44d0b8e430c8845fa369787a24ccc310c33faf,1,long,
SciERC,dev,N04-4028,abstract,scierc_entity_relation,processed_data/json/dev.json,"Information extraction techniques automatically create structured databases from unstructured data sources , such as the Web or newswire documents . Despite the successes of these systems , accuracy will always be imperfect . For many reasons , it is highly desirable to accurately estimate the confidence the system has in the correctness of each extracted field . The information extraction system we evaluate is based on a linear-chain conditional random field -LRB- CRF -RRB- , a probabilistic model which has performed well on information extraction tasks because of its ability to capture arbitrary , overlapping features of the input in a Markov model . We implement several techniques to estimate the confidence of both extracted fields and entire multi-field records , obtaining an average precision of 98 % for retrieving correct fields and 87 % for multi-field records .",881,139,5,20,14,1,NER:Generic|NER:Material|NER:Method|NER:Metric|NER:OtherScientificTerm|NER:Task|REL:CONJUNCTION|REL:EVALUATE-FOR|REL:FEATURE-OF|REL:HYPONYM-OF|REL:PART-OF|REL:USED-FOR,c40ec63f4f0e70a045358499144eba2ba2f4a72c39405efca95c32204102de35,1,medium,
SciERC,dev,H05-1005,abstract,scierc_entity_relation,processed_data/json/dev.json,"In this paper , we use the information redundancy in multilingual input to correct errors in machine translation and thus improve the quality of multilingual summaries . We consider the case of multi-document summarization , where the input documents are in Arabic , and the output summary is in English . Typically , information that makes it to a summary appears in many different lexical-syntactic forms in the input documents . Further , the use of multiple machine translation systems provides yet more redundancy , yielding different ways to realize that information in English . We demonstrate how errors in the machine translations of the input Arabic documents can be corrected by identifying and generating from such redundancy , focusing on noun phrases .",766,124,5,11,3,1,NER:Material|NER:Method|NER:OtherScientificTerm|NER:Task|REL:USED-FOR,44eb629734eb53766e99e06ada4a3e236325bc996e0202f731b7d634f16c4f6b,1,medium,
SciERC,dev,ICCV_2015_392_abs,abstract,scierc_entity_relation,processed_data/json/dev.json,"In this paper , we propose a new approach to generate oriented object proposals -LRB- OOPs -RRB- to reduce the detection error caused by various orientations of the object . To this end , we propose to efficiently locate object regions according to pixelwise object probability , rather than measuring the objectness from a set of sampled windows . We formulate the proposal generation problem as a generative proba-bilistic model such that object proposals of different shapes -LRB- i.e. , sizes and orientations -RRB- can be produced by locating the local maximum likelihoods . The new approach has three main advantages . First , it helps the object detector handle objects of different orientations . Second , as the shapes of the proposals may vary to fit the objects , the resulting proposals are tighter than the sampling windows with fixed sizes . Third , it avoids massive window sampling , and thereby reducing the number of proposals while maintaining a high recall . Experiments on the PASCAL VOC 2007 dataset show that the proposed OOP outperforms the state-of-the-art fast methods . Further experiments show that the rotation invariant property helps a class-specific object detector achieve better performance than the state-of-the-art proposal generation methods in either object rotation scenarios or general scenarios . Generating OOPs is very fast and takes only 0.5 s per image .",1399,226,10,33,22,1,NER:Generic|NER:Material|NER:Method|NER:Metric|NER:OtherScientificTerm|NER:Task|REL:COMPARE|REL:CONJUNCTION|REL:EVALUATE-FOR|REL:FEATURE-OF|REL:HYPONYM-OF|REL:USED-FOR,58b8bd3d98ea1c3757786e3a78874ea9baeabd980cb794fee4509e7a9639f8fe,1,long,
SciERC,dev,H92-1017,abstract,scierc_entity_relation,processed_data/json/dev.json,"This paper describes three relatively domain-independent capabilities recently added to the Paramax spoken language understanding system : non-monotonic reasoning , implicit reference resolution , and database query paraphrase . In addition , we discuss the results of the February 1992 ATIS benchmark tests . We describe a variation on the standard evaluation metric which provides a more tightly controlled measure of progress . Finally , we briefly describe an experiment which we have done in extending the n-best speech/language integration architecture to improving OCR accuracy .",586,86,4,8,5,1,NER:Generic|NER:Material|NER:Method|NER:Metric|NER:Task|REL:EVALUATE-FOR|REL:HYPONYM-OF|REL:PART-OF,ba2811094a623af0b8f10a9499431b2fd71e8c1787c8c2f0b3259cd36b6fd539,1,short,
SciERC,dev,CVPR_2016_416_abs,abstract,scierc_entity_relation,processed_data/json/dev.json,"We investigate the problem of fine-grained sketch-based image retrieval -LRB- SBIR -RRB- , where free-hand human sketches are used as queries to perform instance-level retrieval of images . This is an extremely challenging task because -LRB- i -RRB- visual comparisons not only need to be fine-grained but also executed cross-domain , -LRB- ii -RRB- free-hand -LRB- finger -RRB- sketches are highly abstract , making fine-grained matching harder , and most importantly -LRB- iii -RRB- annotated cross-domain sketch-photo datasets required for training are scarce , challenging many state-of-the-art machine learning techniques . In this paper , for the first time , we address all these challenges , providing a step towards the capabilities that would underpin a commercial sketch-based image retrieval application . We introduce a new database of 1,432 sketch-photo pairs from two categories with 32,000 fine-grained triplet ranking annotations . We then develop a deep triplet-ranking model for instance-level SBIR with a novel data augmentation and staged pre-training strategy to alleviate the issue of insufficient fine-grained training data . Extensive experiments are carried out to contribute a variety of insights into the challenges of data sufficiency and over-fitting avoidance when training deep networks for fine-grained cross-domain ranking tasks .",1364,200,6,19,9,1,NER:Material|NER:Method|NER:OtherScientificTerm|NER:Task|REL:CONJUNCTION|REL:USED-FOR,eb931f3d068893004266fcbe41b18fcde4c76773b8a0a92df27d98dc347a88f9,1,long,
SciERC,dev,CVPR_2015_303_abs,abstract,scierc_entity_relation,processed_data/json/dev.json,"In this paper we target at generating generic action proposals in unconstrained videos . Each action proposal corresponds to a temporal series of spatial bounding boxes , i.e. , a spatio-temporal video tube , which has a good potential to locate one human action . Assuming each action is performed by a human with meaningful motion , both appearance and motion cues are utilized to measure the ac-tionness of the video tubes . After picking those spatiotem-poral paths of high actionness scores , our action proposal generation is formulated as a maximum set coverage problem , where greedy search is performed to select a set of action proposals that can maximize the overall actionness score . Compared with existing action proposal approaches , our action proposals do not rely on video segmentation and can be generated in nearly real-time . Experimental results on two challenging datasets , MSRII and UCF 101 , validate the superior performance of our action proposals as well as competitive results on action detection and search .",1039,171,6,23,14,1,NER:Generic|NER:Material|NER:Method|NER:Metric|NER:OtherScientificTerm|NER:Task|REL:COMPARE|REL:CONJUNCTION|REL:EVALUATE-FOR|REL:HYPONYM-OF|REL:USED-FOR,49df91aeeb77c52745e31b4da5352fdd54dfad40cac641e58cae837e674461b7,1,long,
SciERC,dev,J81-1002,abstract,scierc_entity_relation,processed_data/json/dev.json,"This paper reports recent research into methods for creating natural language text . A new processing paradigm called Fragment-and-Compose has been created and an experimental system implemented in it . The knowledge to be expressed in text is first divided into small propositional units , which are then composed into appropriate combinations and converted into text . KDS -LRB- Knowledge Delivery System -RRB- , which embodies this paradigm , has distinct parts devoted to creation of the propositional units , to organization of the text , to prevention of excess redundancy , to creation of combinations of units , to evaluation of these combinations as potential sentences , to selection of the best among competing combinations , and to creation of the final text . The Fragment-and-Compose paradigm and the computational methods of KDS are described .",859,137,5,9,3,1,NER:Generic|NER:Method|NER:Task|REL:PART-OF|REL:USED-FOR,254eda3d4724e0cc1cbbd1ff1403759274a1bac54bdb54d25554c2120fbea977,1,medium,
SciERC,dev,E99-1034,abstract,scierc_entity_relation,processed_data/json/dev.json,This paper explores the issue of using different co-occurrence similarities between terms for separating query terms that are useful for retrieval from those that are harmful . The hypothesis under examination is that useful terms tend to be more similar to each other than to other query terms . Preliminary experiments with similarities computed using first-order and second-order co-occurrence seem to confirm the hypothesis . Term similarities could then be used for determining which query terms are useful and best reflect the user 's information need . A possible application would be to use this source of evidence for tuning the weights of the query terms .,666,107,5,9,5,1,NER:Generic|NER:OtherScientificTerm|NER:Task|REL:COMPARE|REL:USED-FOR,5437755ec1fda60546a5f97660cc4a5994e8c56d709e76904689125076669fd4,1,medium,
SciERC,dev,N03-1017,abstract,scierc_entity_relation,processed_data/json/dev.json,"We propose a new phrase-based translation model and decoding algorithm that enables us to evaluate and compare several , previously proposed phrase-based translation models . Within our framework , we carry out a large number of experiments to understand better and explain why phrase-based models outperform word-based models . Our empirical results , which hold for all examined language pairs , suggest that the highest levels of performance can be obtained through relatively simple means : heuristic learning of phrase translations from word-based alignments and lexical weighting of phrase translations . Surprisingly , learning phrases longer than three words and learning phrases from high-accuracy word-level alignment models does not have a strong impact on performance . Learning only syntactically motivated phrases degrades the performance of our systems .",869,128,5,12,5,1,NER:Generic|NER:Method|REL:COMPARE|REL:CONJUNCTION|REL:HYPONYM-OF|REL:USED-FOR,5627ca28a01fd168c097f86226e84e5c948b8d934ade9f00c7898aa6b711864d,1,medium,
SciERC,dev,CVPR_2011_293_abs,abstract,scierc_entity_relation,processed_data/json/dev.json,"Color is known to be highly discriminative for many object recognition tasks , but is difficult to infer from uncontrolled images in which the illuminant is not known . Traditional methods for color constancy can improve surface re-flectance estimates from such uncalibrated images , but their output depends significantly on the background scene . In many recognition and retrieval applications , we have access to image sets that contain multiple views of the same object in different environments ; we show in this paper that correspondences between these images provide important constraints that can improve color constancy . We introduce the multi-view color constancy problem , and present a method to recover estimates of underlying surface re-flectance based on joint estimation of these surface properties and the illuminants present in multiple images . The method can exploit image correspondences obtained by various alignment techniques , and we show examples based on matching local region features . Our results show that multi-view constraints can significantly improve estimates of both scene illuminants and object color -LRB- surface reflectance -RRB- when compared to a baseline single-view method .",1220,185,6,22,8,1,NER:Generic|NER:Material|NER:Method|NER:OtherScientificTerm|NER:Task|REL:COMPARE|REL:USED-FOR,d2233e14c842757aa5ed4cf330113058a11f6561df25da69b84c8e6fc9f0ba97,1,long,
SciERC,dev,P05-3001,abstract,scierc_entity_relation,processed_data/json/dev.json,"We describe a dialogue system that works with its interlocutor to identify objects . Our contributions include a concise , modular architecture with reversible processes of understanding and generation , an information-state model of reference , and flexible links between semantics and collaborative problem solving .",318,46,2,7,3,1,NER:Method|NER:OtherScientificTerm|NER:Task|REL:CONJUNCTION|REL:USED-FOR,e1f3a26599268cd59495dd97395d9499c4188ab5319e8b7eab50178f750d51c2,1,short,
SciERC,test,X96-1059,abstract,scierc_entity_relation,processed_data/json/test.json,"Recognition of proper nouns in Japanese text has been studied as a part of the more general problem of morphological analysis in Japanese text processing -LRB- -LSB- 1 -RSB- -LSB- 2 -RSB- -RRB- . It has also been studied in the framework of Japanese information extraction -LRB- -LSB- 3 -RSB- -RRB- in recent years . Our approach to the Multi-lingual Evaluation Task -LRB- MET -RRB- for Japanese text is to consider the given task as a morphological analysis problem in Japanese . Our morphological analyzer has done all the necessary work for the recognition and classification of proper names , numerical and temporal expressions , i.e. Named Entity -LRB- NE -RRB- items in the Japanese text . The analyzer is called `` Amorph '' . Amorph recognizes NE items in two stages : dictionary lookup and rule application . First , it uses several kinds of dictionaries to segment and tag Japanese character strings . Second , based on the information resulting from the dictionary lookup stage , a set of rules is applied to the segmented strings in order to identify NE items . When a segment is found to be an NE item , this information is added to the segment and it is used to generate the final output .",1203,213,9,31,19,1,NER:Generic|NER:Material|NER:Method|NER:OtherScientificTerm|NER:Task|REL:CONJUNCTION|REL:HYPONYM-OF|REL:PART-OF|REL:USED-FOR,4f96a638b1a46784bebb98bc3d49e60906f8e601ba23badd282cb53001061221,1,long,
SciERC,test,ICCV_2001_47_abs,abstract,scierc_entity_relation,processed_data/json/test.json,We propose to incorporate a priori geometric constraints in a 3 -- D stereo reconstruction scheme to cope with the many cases where image information alone is not sufficient to accurately recover 3 -- D shape . Our approach is based on the iterative deformation of a 3 -- D surface mesh to minimize an objective function . We show that combining anisotropic meshing with a non-quadratic approach to regularization enables us to obtain satisfactory reconstruction results using triangulations with few vertices . Structural or numerical constraints can then be added locally to the reconstruction process through a constrained optimization scheme . They improve the reconstruction results and enforce their consistency with a priori knowledge about object shape . The strong description and modeling properties of differential features make them useful tools that can be efficiently used as constraints for 3 -- D reconstruction .,929,145,6,24,14,1,NER:Generic|NER:Method|NER:OtherScientificTerm|NER:Task|REL:CONJUNCTION|REL:FEATURE-OF|REL:PART-OF|REL:USED-FOR,5b1eed9bf374c761554c9f53ea889623a0eb7cc3cecb6adbc7c22dddba85c1f2,1,long,
SciERC,test,INTERSPEECH_2013_21_abs,abstract,scierc_entity_relation,processed_data/json/test.json,"This work proposes a new research direction to address the lack of structures in traditional n-gram models . It is based on a weakly supervised dependency parser that can model speech syntax without relying on any annotated training corpus . Labeled data is replaced by a few hand-crafted rules that encode basic syntactic knowledge . Bayesian inference then samples the rules , disambiguating and combining them to create complex tree structures that maximize a discriminative model 's posterior on a target unlabeled corpus . This posterior encodes sparse se-lectional preferences between a head word and its dependents . The model is evaluated on English and Czech newspaper texts , and is then validated on French broadcast news transcriptions .",749,119,6,20,9,1,NER:Generic|NER:Material|NER:Method|NER:OtherScientificTerm|NER:Task|REL:EVALUATE-FOR|REL:USED-FOR,80bdf22f9de192e34c44c129ea80a3a5c8c43b339af4f354284165fc6fbfd00f,1,medium,
SciERC,test,H01-1049,abstract,scierc_entity_relation,processed_data/json/test.json,"Listen-Communicate-Show -LRB- LCS -RRB- is a new paradigm for human interaction with data sources . We integrate a spoken language understanding system with intelligent mobile agents that mediate between users and information sources . We have built and will demonstrate an application of this approach called LCS-Marine . Using LCS-Marine , tactical personnel can converse with their logistics system to place a supply or information request . The request is passed to a mobile , intelligent agent for execution at the appropriate database . Requestors can also instruct the system to notify them when the status of a request changes or when a request is complete . We have demonstrated this capability in several field exercises with the Marines and are currently developing applications of this technology in new domains .",825,131,7,11,3,1,NER:Generic|NER:Material|NER:Method|NER:Task|REL:PART-OF|REL:USED-FOR,2678c2d0ecd212434b69fc2d620c296330b33905a9e29ed53f44b93dfe6ab017,1,medium,
SciERC,test,C96-1062,abstract,scierc_entity_relation,processed_data/json/test.json,"A domain independent model is proposed for the automated interpretation of nominal compounds in English . This model is meant to account for productive rules of interpretation which are inferred from the morpho-syntactic and semantic characteristics of the nominal constituents . In particular , we make extensive use of Pustejovsky 's principles concerning the predicative information associated with nominals . We argue that it is necessary to draw a line between generalizable semantic principles and domain-specific semantic information . We explain this distinction and we show how this model may be applied to the interpretation of compounds in real texts , provided that complementary semantic information are retrieved .",728,109,5,16,8,1,NER:Generic|NER:Material|NER:Method|NER:OtherScientificTerm|NER:Task|REL:COMPARE|REL:FEATURE-OF|REL:USED-FOR,e88595352b8a8aae8e37130f51fdaf4ec9cb3bf86ed6f55f509f94b8c36f962c,1,medium,
SciERC,test,CVPR_2009_18_abs,abstract,scierc_entity_relation,processed_data/json/test.json,"We present a new method for detecting interest points using histogram information . Unlike existing interest point detectors , which measure pixel-wise differences in image intensity , our detectors incorporate histogram-based representations , and thus can find image regions that present a distinct distribution in the neighborhood . The proposed detectors are able to capture large-scale structures and distinctive textured patterns , and exhibit strong invariance to rotation , illumination variation , and blur . The experimental results show that the proposed histogram-based interest point detectors perform particularly well for the tasks of matching textured scenes under blur and illumination changes , in terms of repeatability and distinctiveness . An extension of our method to space-time interest point detection for action classification is also presented .",872,126,5,21,18,1,NER:Generic|NER:Method|NER:Metric|NER:OtherScientificTerm|NER:Task|REL:CONJUNCTION|REL:EVALUATE-FOR|REL:PART-OF|REL:USED-FOR,ae8b9ca411dac183eca914b3d85d9c89b8b442aceb4dbbb62b0ddc235d8fc982,1,medium,
SciERC,test,P85-1019,abstract,scierc_entity_relation,processed_data/json/test.json,"We have implemented a restricted domain parser called Plume . Building on previous work at Carnegie-Mellon University e.g. -LSB- 4 , 5 , 8 -RSB- , Plume 's approach to parsing is based on semantic caseframe instantiation . This has the advantages of efficiency on grammatical input , and robustness in the face of ungrammatical input . While Plume is well adapted to simple declarative and imperative utterances , it handles passives , relative clauses and interrogatives in an ad hoc manner leading to patchy syntactic coverage . This paper outlines Plume as it currently exists and describes our detailed design for extending Plume to handle passives , relative clauses , and interrogatives in a general manner .",714,118,5,21,15,1,NER:Generic|NER:Material|NER:Method|NER:Metric|NER:OtherScientificTerm|NER:Task|REL:CONJUNCTION|REL:FEATURE-OF|REL:HYPONYM-OF|REL:USED-FOR,4a4e300a9535c6f9aee2fd418cb166ff9ffc8181fc39904a1cb56050b605a656,1,medium,
SciERC,test,P05-1039,abstract,scierc_entity_relation,processed_data/json/test.json,"In this paper , we present an unlexicalized parser for German which employs smoothing and suffix analysis to achieve a labelled bracket F-score of 76.2 , higher than previously reported results on the NEGRA corpus . In addition to the high accuracy of the model , the use of smoothing in an unlexicalized parser allows us to better examine the interplay between smoothing and parsing results .",393,67,2,12,8,1,NER:Generic|NER:Material|NER:Method|NER:Metric|REL:CONJUNCTION|REL:EVALUATE-FOR|REL:USED-FOR,166e14f69d93300f160a7563e366d6abb6c93f3080f66416f27699ab6629e547,1,short,
SciERC,test,P06-2012,abstract,scierc_entity_relation,processed_data/json/test.json,This paper presents an unsupervised learning approach to disambiguate various relations between named entities by use of various lexical and syntactic features from the contexts . It works by calculating eigenvectors of an adjacency graph 's Laplacian to recover a submanifold of data from a high dimensionality space and then performing cluster number estimation on the eigenvectors . Experiment results on ACE corpora show that this spectral clustering based approach outperforms the other clustering methods .,512,76,3,13,11,1,NER:Generic|NER:Material|NER:Method|NER:OtherScientificTerm|NER:Task|REL:COMPARE|REL:EVALUATE-FOR|REL:FEATURE-OF|REL:USED-FOR,5f6f8295c0827b9d9402a6302eb6930e3d51e2a162eca330cd0cdafd9fa88043,1,short,
SciERC,test,P06-1018,abstract,scierc_entity_relation,processed_data/json/test.json,"This paper proposes a generic mathematical formalism for the combination of various structures : strings , trees , dags , graphs , and products of them . The polarization of the objects of the elementary structures controls the saturation of the final structure . This formalism is both elementary and powerful enough to strongly simulate many grammar formalisms , such as rewriting systems , dependency grammars , TAG , HPSG and LFG .",435,73,3,16,17,1,NER:Generic|NER:Method|NER:OtherScientificTerm|REL:CONJUNCTION|REL:HYPONYM-OF|REL:USED-FOR,1b7add27c15d4a3f4b4bf1b6b41bbadd0768545ab34a1a36c2a0a56131939357,1,short,
SciERC,test,NIPS_2001_11_abs,abstract,scierc_entity_relation,processed_data/json/test.json,"A mixed-signal paradigm is presented for high-resolution parallel inner-product computation in very high dimensions , suitable for efficient implementation of kernels in image processing . At the core of the externally digital architecture is a high-density , low-power analog array performing binary-binary partial matrix-vector multiplication . Full digital resolution is maintained even with low-resolution analog-to-digital conversion , owing to random statistics in the analog summation of binary products . A random modulation scheme produces near-Bernoulli statistics even for highly correlated inputs . The approach is validated with real image data , and with experimental results from a CID/DRAM analog array prototype in 0.5 cents m CMOS .",750,107,5,17,9,1,NER:Generic|NER:Material|NER:Method|NER:Metric|NER:OtherScientificTerm|NER:Task|REL:EVALUATE-FOR|REL:PART-OF|REL:USED-FOR,d671621ebd7db9199d952957cc95811938584a9035b820612df30ae82d8087e5,1,medium,
SciERC,test,CVPR_1999_15_abs,abstract,scierc_entity_relation,processed_data/json/test.json,"In this paper we specialize the projective unifocal , bifo-cal , and trifocal tensors to the affine case , and show how the tensors obtained relate to the registered tensors encountered in previous work . This enables us to obtain an affine specialization of known projective relations connecting points and lines across two or three views . In the simpler case of affine cameras we give neccessary and sufficient constraints on the components of the trifocal tensor , together with a simple geometric interpretation . Finally , we show how the estimation of the tensors from point correspondences is achieved through factorization , and discuss the estimation from line correspondences .",688,111,4,14,4,1,NER:Generic|NER:Method|NER:OtherScientificTerm|NER:Task|REL:USED-FOR,0374e0789f161b93ef2332973ea5dbd478391a71e088273a077ab7e826c953a2,1,medium,
SciERC,test,C94-1091,abstract,scierc_entity_relation,processed_data/json/test.json,"This paper presents an algorithm for selecting an appropriate classifier word for a noun . In Thai language , it frequently happens that there is fluctuation in the choice of classifier for a given concrete noun , both from the point of view of the whole speech community and individual speakers . Basically , there is no exact rule for classifier selection . As far as we can do in the rule-based approach is to give a default rule to pick up a corresponding classifier of each noun . Registration of classifier for each noun is limited to the type of unit classifier because other types are open due to the meaning of representation . We propose a corpus-based method -LRB- Biber ,1993 ; Nagao ,1993 ; Smadja ,1993 -RRB- which generates Noun Classifier Associations -LRB- NCA -RRB- to overcome the problems in classifier assignment and semantic construction of noun phrase . The NCA is created statistically from a large corpus and recomposed under concept hierarchy constraints and frequency of occurrences .",1011,172,7,14,8,1,NER:Material|NER:Method|NER:OtherScientificTerm|NER:Task|REL:CONJUNCTION|REL:USED-FOR,b834818874b417073fe1c3db3c178a42bf81ad472c246d4562618c5b2d0a8842,1,long,
SciERC,test,ICCV_2003_161_abs,abstract,scierc_entity_relation,processed_data/json/test.json,"The perception of transparent objects from images is known to be a very hard problem in vision . Given a single image , it is difficult to even detect the presence of transparent objects in the scene . In this paper , we explore what can be said about transparent objects by a moving observer . We show how features that are imaged through a transparent object behave differently from those that are rigidly attached to the scene . We present a novel model-based approach to recover the shapes and the poses of transparent objects from known motion . The objects can be complex in that they may be composed of multiple layers with different refractive indices . We have conducted numerous simulations to verify the practical feasibility of our algorithm . We have applied it to real scenes that include transparent objects and recovered the shapes of the objects with high accuracy .",883,154,8,20,10,1,NER:Generic|NER:Material|NER:Method|NER:Metric|NER:OtherScientificTerm|NER:Task|REL:COMPARE|REL:EVALUATE-FOR|REL:FEATURE-OF|REL:PART-OF|REL:USED-FOR,a7b3c3e7185c8759a43144fbafb47aed5c1d0d41184a8a74184a36fb3951c7ed,1,medium,
SciERC,test,CVPR_2009_10_abs,abstract,scierc_entity_relation,processed_data/json/test.json,"We propose a novel probabilistic framework for learning visual models of 3D object categories by combining appearance information and geometric constraints . Objects are represented as a coherent ensemble of parts that are consistent under 3D viewpoint transformations . Each part is a collection of salient image features . A generative framework is used for learning a model that captures the relative position of parts within each of the discretized viewpoints . Contrary to most of the existing mixture of viewpoints models , our model establishes explicit correspondences of parts across different viewpoints of the object class . Given a new image , detection and classification are achieved by determining the position and viewpoint of the model that maximize recognition scores of the candidate objects . Our approach is among the first to propose a generative proba-bilistic framework for 3D object categorization . We test our algorithm on the detection task and the viewpoint classification task by using '' car '' category from both the Savarese et al. 2007 and PASCAL VOC 2006 datasets . We show promising results in both the detection and viewpoint classification tasks on these two challenging datasets .",1219,193,9,27,20,1,NER:Generic|NER:Material|NER:Method|NER:Metric|NER:OtherScientificTerm|NER:Task|REL:COMPARE|REL:CONJUNCTION|REL:EVALUATE-FOR|REL:USED-FOR,9ed21d18458df399a382a867ec483d5116c4d757d632cd6149ff0b5fe82b8fff,1,long,
SciERC,test,N03-1026,abstract,scierc_entity_relation,processed_data/json/test.json,"We present an application of ambiguity packing and stochastic disambiguation techniques for Lexical-Functional Grammars -LRB- LFG -RRB- to the domain of sentence condensation . Our system incorporates a linguistic parser/generator for LFG , a transfer component for parse reduction operating on packed parse forests , and a maximum-entropy model for stochastic output selection . Furthermore , we propose the use of standard parser evaluation methods for automatically evaluating the summarization quality of sentence condensation systems . An experimental evaluation of summarization quality shows a close correlation between the automatic parse-based evaluation and a manual evaluation of generated strings . Overall summarization quality of the proposed system is state-of-the-art , with guaranteed grammaticality of the system output due to the use of a constraint-based parser/generator .",893,125,5,21,18,1,NER:Generic|NER:Method|NER:Metric|NER:OtherScientificTerm|NER:Task|REL:COMPARE|REL:CONJUNCTION|REL:EVALUATE-FOR|REL:PART-OF|REL:USED-FOR,06315f424db48e68e9f337727a08abb0477a22dd0201d5044f95e4926dc52db4,1,medium,
SciERC,test,ICML_2016_11_abs,abstract,scierc_entity_relation,processed_data/json/test.json,"The robust principal component analysis -LRB- robust PCA -RRB- problem has been considered in many machine learning applications , where the goal is to decompose the data matrix to a low rank part plus a sparse residual . While current approaches are developed by only considering the low rank plus sparse structure , in many applications , side information of row and/or column entities may also be given , and it is still unclear to what extent could such information help robust PCA . Thus , in this paper , we study the problem of robust PCA with side information , where both prior structure and features of entities are exploited for recovery . We propose a convex problem to incorporate side information in robust PCA and show that the low rank matrix can be exactly recovered via the proposed method under certain conditions . In particular , our guarantee suggests that a substantial amount of low rank matrices , which can not be recovered by standard robust PCA , become re-coverable by our proposed method . The result theoretically justifies the effectiveness of features in robust PCA . In addition , we conduct synthetic experiments as well as a real application on noisy image classification to show that our method also improves the performance in practice by exploiting side information .",1306,222,7,28,17,1,NER:Generic|NER:Method|NER:OtherScientificTerm|NER:Task|REL:CONJUNCTION|REL:EVALUATE-FOR|REL:FEATURE-OF|REL:PART-OF|REL:USED-FOR,bf1fad00d7bd1f555a88f762aad2e4b4b6f35b70f4a542b60919274d33cb26c9,1,long,
SciERC,test,C88-1044,abstract,scierc_entity_relation,processed_data/json/test.json,"This paper presents necessary and sufficient conditions for the use of demonstrative expressions in English and discusses implications for current discourse processing algorithms . We examine a broad range of texts to show how the distribution of demonstrative forms and functions is genre dependent . This research is part of a larger study of anaphoric expressions , the results of which will be incorporated into a natural language generation system .",454,71,3,7,3,1,NER:Generic|NER:Material|NER:Method|NER:OtherScientificTerm|REL:FEATURE-OF|REL:USED-FOR,9f13bfc11bbf009d25d8e9693c472bc53c36d3eadf6bbd536d0251fc4c83339f,1,short,
SciERC,test,INTERSPEECH_2008_20_abs,abstract,scierc_entity_relation,processed_data/json/test.json,"In the study of expressive speech communication , it is commonly accepted that the emotion perceived by the listener is a good approximation of the intended emotion conveyed by the speaker . This paper analyzes the validity of this assumption by comparing the mismatches between the assessments made by na ¨ ıve listeners and by the speakers that generated the data . The analysis is based on the hypothesis that people are better decoders of their own emotions . Therefore , self-assessments will be closer to the intended emotions . Using the IEMOCAP database , discrete -LRB- categorical -RRB- and continuous -LRB- attribute -RRB- emotional assessments evaluated by the actors and na ¨ ıve listeners are compared . The results indicate that there is a mismatch between the expression and perception of emotion . The speakers in the database assigned their own emotions to more specific emotional categories , which led to more extreme values in the activation-valence space .",978,160,7,6,1,1,NER:Generic|NER:Material|NER:OtherScientificTerm|NER:Task|REL:USED-FOR,e423fe01ceb29742b30b48d4823c09a766b3ef1050b203bf2f8671a357b418fb,1,long,
SciERC,test,ICASSP_2016_11_abs,abstract,scierc_entity_relation,processed_data/json/test.json,"The problem of blind separation of underdetermined instantaneous mixtures of independent signals is addressed through a method relying on nonstationarity of the original signals . The signals are assumed to be piecewise stationary with varying variances in different epochs . In comparison with previous works , in this paper it is assumed that the signals are not i.i.d. in each epoch , but obey a first-order autoregressive model . This model was shown to be more appropriate for blind separation of natural speech signals . A separation method is proposed that is nearly statistically efficient -LRB- approaching the corresponding Cramér-Rao lower bound -RRB- , if the separated signals obey the assumed model . In the case of natural speech signals , the method is shown to have separation accuracy better than the state-of-the-art methods .",845,135,6,16,10,1,NER:Generic|NER:Method|NER:Metric|NER:OtherScientificTerm|NER:Task|REL:COMPARE|REL:EVALUATE-FOR|REL:FEATURE-OF|REL:USED-FOR,94d93683f2cd56f68e447e0fc5ce58d53b963bf4df4118a27c540752e0aa6023,1,medium,
SciERC,test,N06-1037,abstract,scierc_entity_relation,processed_data/json/test.json,This paper proposes to use a convolution kernel over parse trees to model syntactic structure information for relation extraction . Our study reveals that the syntactic structure features embedded in a parse tree are very effective for relation extraction and these features can be well captured by the convolution tree kernel . Evaluation on the ACE 2003 corpus shows that the convolution kernel over parse trees can achieve comparable performance with the previous best-reported feature-based methods on the 24 ACE relation subtypes . It also shows that our method significantly outperforms the previous two dependency tree kernels on the 5 ACE relation major types .,669,105,4,13,8,1,NER:Generic|NER:Material|NER:Method|NER:OtherScientificTerm|NER:Task|REL:COMPARE|REL:EVALUATE-FOR|REL:FEATURE-OF|REL:USED-FOR,bb9527afe2352aff0e57bfca50d0638fef2eb8ef002c4a5419da69b9c24db86f,1,medium,
SciERC,test,P05-2013,abstract,scierc_entity_relation,processed_data/json/test.json,"This paper presents the results of automatically inducing a Combinatory Categorial Grammar -LRB- CCG -RRB- lexicon from a Turkish dependency treebank . The fact that Turkish is an agglutinating free word order language presents a challenge for language theories . We explored possible ways to obtain a compact lexicon , consistent with CCG principles , from a treebank which is an order of magnitude smaller than Penn WSJ .",423,69,3,10,4,1,NER:Generic|NER:Material|NER:Method|NER:OtherScientificTerm|NER:Task|REL:COMPARE|REL:HYPONYM-OF|REL:PART-OF,5bdf64536085bff1eb5691e26f930aac2c703f31493e64b5fc45cc6a37b9520b,1,short,
SciERC,test,C04-1128,abstract,scierc_entity_relation,processed_data/json/test.json,"While sentence extraction as an approach to summarization has been shown to work in documents of certain genres , because of the conversational nature of email communication where utterances are made in relation to one made previously , sentence extraction may not capture the necessary segments of dialogue that would make a summary coherent . In this paper , we present our work on the detection of question-answer pairs in an email conversation for the task of email summarization . We show that various features based on the structure of email-threads can be used to improve upon lexical similarity of discourse segments for question-answer pairing .",654,106,3,12,7,1,NER:Material|NER:Method|NER:OtherScientificTerm|NER:Task|REL:FEATURE-OF|REL:USED-FOR,52587be4ab6a0a6a0a7fcab61535ead53cc0f5f17966cd3ae1fb50a49a96cfda,1,short,
SciERC,test,CVPR_2006_10_abs,abstract,scierc_entity_relation,processed_data/json/test.json,"In this paper we discuss object detection when only a small number of training examples are given . Specifically , we show how to incorporate a simple prior on the distribution of natural images into support vector machines . SVMs are known to be robust to overfitting ; however , a few training examples usually do not represent well the structure of the class . Thus the resulting detectors are not robust and highly depend on the choice of the training examples . We incorporate the prior on natural images by requiring that the separating hyperplane will not only yield a wide margin , but also that the corresponding positive half space will have a low probability to contain natural images -LRB- the background -RRB- . Our experiments on real data sets show that the resulting detector is more robust to the choice of training examples , and substantially improves both linear and kernel SVM when trained on 10 positive and 10 negative examples .",952,165,6,11,4,1,NER:Material|NER:Method|NER:OtherScientificTerm|NER:Task|REL:COMPARE|REL:EVALUATE-FOR|REL:USED-FOR,f234a3c91fd452a41690d33724043155d5d1a45ab74cb99781d0692551ffb10c,1,long,
SciERC,test,NIPS_2002_11_abs,abstract,scierc_entity_relation,processed_data/json/test.json,"Although the study of clustering is centered around an intuitively compelling goal , it has been very difficult to develop a unified framework for reasoning about it at a technical level , and profoundly diverse approaches to clustering abound in the research community . Here we suggest a formal perspective on the difficulty in finding such a unification , in the form of an impossibility theorem : for a set of three simple properties , we show that there is no clustering function satisfying all three . Relaxations of these properties expose some of the interesting -LRB- and unavoidable -RRB- trade-offs at work in well-studied clustering techniques such as single-linkage , sum-of-pairs , k-means , and k-median .",720,118,3,11,8,1,NER:Method|NER:OtherScientificTerm|NER:Task|REL:CONJUNCTION|REL:HYPONYM-OF|REL:USED-FOR,a624241296c6c61f8c5e54b14c200706ed99e331530387a2601c6670b7b5fb3a,1,medium,
SciERC,test,P06-3007,abstract,scierc_entity_relation,processed_data/json/test.json,"We investigate independent and relevant event-based extractive mutli-document summarization approaches . In this paper , events are defined as event terms and associated event elements . With independent approach , we identify important contents by frequency of events . With relevant approach , we identify important contents by PageRank algorithm on the event map constructed from documents . Experimental results are encouraging .",433,63,5,6,3,1,NER:Material|NER:Method|NER:OtherScientificTerm|REL:USED-FOR,954f1f76fc74f7ffc0b2b3d5c30f14442800b7ece03a97f255b22fa62ed056c0,1,short,
SciERC,test,ICCV_2013_25_abs,abstract,scierc_entity_relation,processed_data/json/test.json,"We present a scanning method that recovers dense sub-pixel camera-projector correspondence without requiring any photometric calibration nor preliminary knowledge of their relative geometry . Subpixel accuracy is achieved by considering several zero-crossings defined by the difference between pairs of unstructured patterns . We use gray-level band-pass white noise patterns that increase robustness to indirect lighting and scene discontinuities . Simulated and experimental results show that our method recovers scene geometry with high subpixel precision , and that it can handle many challenges of active reconstruction systems . We compare our results to state of the art methods such as mi-cro phase shifting and modulated phase shifting .",746,107,5,19,12,1,NER:Generic|NER:Method|NER:Metric|NER:OtherScientificTerm|NER:Task|REL:CONJUNCTION|REL:EVALUATE-FOR|REL:FEATURE-OF|REL:HYPONYM-OF|REL:USED-FOR,547acac57acade0db3d337238925c7c87b3150e73857facc3f6f14edfb062a74,1,medium,
SciERC,test,P05-1076,abstract,scierc_entity_relation,processed_data/json/test.json,This paper describes a novel system for acquiring adjectival subcategorization frames -LRB- scfs -RRB- and associated frequency information from English corpus data . The system incorporates a decision-tree classifier for 30 scf types which tests for the presence of grammatical relations -LRB- grs -RRB- in the output of a robust statistical parser . It uses a powerful pattern-matching language to classify grs into frames hierarchically in a way that mirrors inheritance-based lexica . The experiments show that the system is able to detect scf types with 70 % precision and 66 % recall rate . A new tool for linguistic annotation of scfs in corpus data is also introduced which can considerably alleviate the process of obtaining training and test data for subcategorization acquisition .,792,125,5,20,10,1,NER:Generic|NER:Material|NER:Method|NER:Metric|NER:OtherScientificTerm|NER:Task|REL:CONJUNCTION|REL:EVALUATE-FOR|REL:PART-OF|REL:USED-FOR,a418ef734bdd20dc2c32a916820839bbb2f5f19f314fde04881e5ecf5d4a7564,1,medium,
SciERC,test,C04-1103,abstract,scierc_entity_relation,processed_data/json/test.json,"Machine transliteration/back-transliteration plays an important role in many multilingual speech and language applications . In this paper , a novel framework for machine transliteration/backtransliteration that allows us to carry out direct orthographical mapping -LRB- DOM -RRB- between two different languages is presented . Under this framework , a joint source-channel transliteration model , also called n-gram transliteration model -LRB- n-gram TM -RRB- , is further proposed to model the transliteration process . We evaluate the proposed methods through several transliteration/backtransliteration experiments for English/Chinese and English/Japanese language pairs . Our study reveals that the proposed method not only reduces an extensive system development effort but also improves the transliteration accuracy significantly .",838,111,5,14,8,1,NER:Generic|NER:Material|NER:Method|NER:Metric|NER:Task|REL:EVALUATE-FOR|REL:USED-FOR,faa0f90626b640df6aac50d3133ede7cabbc07847980c5c59b3747da2b2d325b,1,medium,
SciERC,test,NIPS_2002_18_abs,abstract,scierc_entity_relation,processed_data/json/test.json,"A bio-inspired model for an analog programmable array processor -LRB- APAP -RRB- , based on studies on the vertebrate retina , has permitted the realization of complex programmable spatio-temporal dynamics in VLSI . This model mimics the way in which images are processed in the visual pathway , rendering a feasible alternative for the implementation of early vision applications in standard technologies . A prototype chip has been designed and fabricated in a 0.5 µm standard CMOS process . Computing power per area and power consumption is amongst the highest reported for a single chip . Design challenges , trade-offs and some experimental results are presented in this paper .",683,110,5,13,6,1,NER:Generic|NER:Material|NER:Method|NER:Metric|NER:OtherScientificTerm|NER:Task|REL:CONJUNCTION|REL:FEATURE-OF|REL:USED-FOR,001957fb8b866f0f98e49448487b42a5f33c434ec7753aa617a29f82f38c6f81,1,medium,
SciERC,test,C86-1081,abstract,scierc_entity_relation,processed_data/json/test.json,"Determiners play an important role in conveying the meaning of an utterance , but they have often been disregarded , perhaps because it seemed more important to devise methods to grasp the global meaning of a sentence , even if not in a precise way . Another problem with determiners is their inherent ambiguity . In this paper we propose a logical formalism , which , among other things , is suitable for representing determiners without forcing a particular interpretation when their meaning is still not clear .",514,88,3,5,2,1,NER:Method|NER:OtherScientificTerm|NER:Task|REL:FEATURE-OF|REL:USED-FOR,f4b947ea68041bfbc9466c4d35c21d838f1528c1e3426b4ceb509287ee3a2e72,1,short,
SciERC,test,P03-1070,abstract,scierc_entity_relation,processed_data/json/test.json,"We investigate the verbal and nonverbal means for grounding , and propose a design for embodied conversational agents that relies on both kinds of signals to establish common ground in human-computer interaction . We analyzed eye gaze , head nods and attentional focus in the context of a direction-giving task . The distribution of nonverbal behaviors differed depending on the type of dialogue move being grounded , and the overall pattern reflected a monitoring of lack of negative feedback . Based on these results , we present an ECA that uses verbal and nonverbal grounding acts to update dialogue state .",611,101,4,16,10,1,NER:Generic|NER:Method|NER:OtherScientificTerm|NER:Task|REL:CONJUNCTION|REL:PART-OF|REL:USED-FOR,5cc60f18ced402c1f1ba205c790d96daa593b9b1455dd2b4f767498a3b9cc65e,1,short,
SciERC,test,P05-1056,abstract,scierc_entity_relation,processed_data/json/test.json,"Sentence boundary detection in speech is important for enriching speech recognition output , making it easier for humans to read and downstream modules to process . In previous work , we have developed hidden Markov model -LRB- HMM -RRB- and maximum entropy -LRB- Maxent -RRB- classifiers that integrate textual and prosodic knowledge sources for detecting sentence boundaries . In this paper , we evaluate the use of a conditional random field -LRB- CRF -RRB- for this task and relate results with this model to our prior work . We evaluate across two corpora -LRB- conversational telephone speech and broadcast news speech -RRB- on both human transcriptions and speech recognition output . In general , our CRF model yields a lower error rate than the HMM and Max-ent models on the NIST sentence boundary detection task in speech , although it is interesting to note that the best results are achieved by three-way voting among the classifiers . This probably occurs because each model has different strengths and weaknesses for modeling the knowledge sources .",1063,174,6,24,19,1,NER:Generic|NER:Material|NER:Method|NER:Metric|NER:OtherScientificTerm|NER:Task|REL:COMPARE|REL:CONJUNCTION|REL:EVALUATE-FOR|REL:FEATURE-OF|REL:HYPONYM-OF|REL:USED-FOR,eb1de659d5291994eda811405d3fcba425c3e6b586042955b3a1d9a1230b07f8,1,long,
SciERC,test,CVPR_2011_11_abs,abstract,scierc_entity_relation,processed_data/json/test.json,"We propose a novel approach to associate objects across multiple PTZ cameras that can be used to perform camera handoff in wide-area surveillance scenarios . While previous approaches relied on geometric , appearance , or correlation-based information for establishing correspondences between static cameras , they each have well-known limitations and are not extendable to wide-area settings with PTZ cameras . In our approach , the slave camera only passively follows the target -LRB- by loose registration with the master -RRB- and bootstraps itself from its own incoming imagery , thus effectively circumventing the problems faced by previous approaches and avoiding the need to perform any model transfer . Towards this goal , we also propose a novel Multiple Instance Learning -LRB- MIL -RRB- formulation for the problem based on the logistic softmax function of covariance-based region features within a MAP estimation framework . We demonstrate our approach with multiple PTZ camera sequences in typical outdoor surveillance settings and show a comparison with state-of-the-art approaches .",1098,165,5,19,7,1,NER:Generic|NER:Method|NER:OtherScientificTerm|NER:Task|REL:COMPARE|REL:USED-FOR,b365c0b518db3f6df1e9b977205bd979f200d1a25212ba21f23add86ca4362fa,1,long,
SciERC,test,ICML_2016_10_abs,abstract,scierc_entity_relation,processed_data/json/test.json,"This paper solves a specialized regression problem to obtain sampling probabilities for records in databases . The goal is to sample a small set of records over which evaluating aggregate queries can be done both efficiently and accurately . We provide a principled and provable solution for this problem ; it is parameterless and requires no data insights . Unlike standard regression problems , the loss is inversely proportional to the regressed-to values . Moreover , a cost zero solution always exists and can only be excluded by hard budget constraints . A unique form of reg-ularization is also needed . We provide an efficient and simple regularized Empirical Risk Minimization -LRB- ERM -RRB- algorithm along with a theoretical generalization result . Our extensive experimental results significantly improve over both uniform sampling and standard stratified sampling which are de-facto the industry standards .",921,143,8,18,7,1,NER:Generic|NER:Material|NER:Method|NER:OtherScientificTerm|NER:Task|REL:CONJUNCTION|REL:EVALUATE-FOR|REL:PART-OF|REL:USED-FOR,2fc9009f05ad1f8ca462b95765e9e6293a16c1e2aa2945908a1872eec83bc363,1,medium,
SciERC,test,C04-1011,abstract,scierc_entity_relation,processed_data/json/test.json,"We consider the problem of computing the Kullback-Leibler distance , also called the relative entropy , between a probabilistic context-free grammar and a probabilistic finite automaton . We show that there is a closed-form -LRB- analytical -RRB- solution for one part of the Kullback-Leibler distance , viz the cross-entropy . We discuss several applications of the result to the problem of distributional approximation of probabilistic context-free grammars by means of probabilistic finite automata .",503,74,3,10,6,1,NER:Method|NER:OtherScientificTerm|NER:Task|REL:COMPARE|REL:FEATURE-OF|REL:PART-OF|REL:USED-FOR,8b27e18900db60bd4b79cf59cb01ce2899c4c9b7d127a2d24a59bb19cf93d371,1,short,
SciERC,test,ECCV_2006_13_abs,abstract,scierc_entity_relation,processed_data/json/test.json,"In spite of over two decades of intense research , illumination and pose invariance remain prohibitively challenging aspects of face recognition for most practical applications . The objective of this work is to recognize faces using video sequences both for training and recognition input , in a realistic , unconstrained setup in which lighting , pose and user motion pattern have a wide variability and face images are of low resolution . In particular there are three areas of novelty : -LRB- i -RRB- we show how a photometric model of image formation can be combined with a statistical model of generic face appearance variation , learnt offline , to generalize in the presence of extreme illumination changes ; -LRB- ii -RRB- we use the smoothness of geodesically local appearance manifold structure and a robust same-identity likelihood to achieve invariance to unseen head poses ; and -LRB- iii -RRB- we introduce an accurate video sequence '' reillumination '' algorithm to achieve robustness to face motion patterns in video . We describe a fully automatic recognition system based on the proposed method and an extensive evaluation on 171 individuals and over 1300 video sequences with extreme illumination , pose and head motion variation . On this challenging data set our system consistently demonstrated a nearly perfect recognition rate -LRB- over 99.7 % on all three databases -RRB- , significantly out-performing state-of-the-art commercial software and methods from the literature .",1501,238,5,34,27,1,NER:Generic|NER:Material|NER:Method|NER:Metric|NER:OtherScientificTerm|NER:Task|REL:COMPARE|REL:CONJUNCTION|REL:EVALUATE-FOR|REL:FEATURE-OF|REL:PART-OF|REL:USED-FOR,2f3f7a5dbf5ebb30f59060f32fd7af45cdd9cb3c49c60bdb0ff6884bfc829261,1,long,
SciERC,test,N04-1022,abstract,scierc_entity_relation,processed_data/json/test.json,"We present Minimum Bayes-Risk -LRB- MBR -RRB- decoding for statistical machine translation . This statistical approach aims to minimize expected loss of translation errors under loss functions that measure translation performance . We describe a hierarchy of loss functions that incorporate different levels of linguistic information from word strings , word-to-word alignments from an MT system , and syntactic structure from parse-trees of source and target language sentences . We report the performance of the MBR decoders on a Chinese-to-English translation task . Our results show that MBR decoding can be used to tune statistical MT performance for specific loss functions .",681,102,5,18,10,1,NER:Method|NER:OtherScientificTerm|NER:Task|REL:EVALUATE-FOR|REL:PART-OF|REL:USED-FOR,35b90f8fc44e4fd6282a9dd07a5a7028c950b2bc1df177e3a5afe8eb79991b93,1,medium,
SciERC,test,E89-1016,abstract,scierc_entity_relation,processed_data/json/test.json,"This paper presents a critical discussion of the various approaches that have been used in the evaluation of Natural Language systems . We conclude that previous approaches have neglected to evaluate systems in the context of their use , e.g. solving a task requiring data retrieval . This raises questions about the validity of such approaches . In the second half of the paper , we report a laboratory study using the Wizard of Oz technique to identify NL requirements for carrying out this task . We evaluate the demands that task dialogues collected using this technique , place upon a prototype Natural Language system . We identify three important requirements which arose from the task that we gave our subjects : operators specific to the task of database access , complex contextual reference and reference to the structure of the information source . We discuss how these might be satisfied by future Natural Language systems .",937,157,7,19,8,1,NER:Generic|NER:Material|NER:Method|NER:OtherScientificTerm|NER:Task|REL:EVALUATE-FOR|REL:PART-OF|REL:USED-FOR,09ba14ab432a7dbf1435a02903591e9dc506f6c9d90b3fb25d48f0b3843bf957,1,long,
SciERC,test,E06-1022,abstract,scierc_entity_relation,processed_data/json/test.json,"We present results on addressee identification in four-participants face-to-face meetings using Bayesian Network and Naive Bayes classifiers . First , we investigate how well the addressee of a dialogue act can be predicted based on gaze , utterance and conversational context features . Then , we explore whether information about meeting context can aid classifiers ' performances . Both classifiers perform the best when conversational context and utterance features are combined with speaker 's gaze information . The classifiers show little gain from information about meeting context .",591,88,5,15,13,1,NER:Method|NER:OtherScientificTerm|NER:Task|REL:CONJUNCTION|REL:USED-FOR,e8563b24b07acf777e212507ec320574bfbe504fa910c7d1879c83062807898c,1,short,
SciERC,test,I05-5004,abstract,scierc_entity_relation,processed_data/json/test.json,"Towards deep analysis of compositional classes of paraphrases , we have examined a class-oriented framework for collecting paraphrase examples , in which sentential paraphrases are collected for each paraphrase class separately by means of automatic candidate generation and manual judgement . Our preliminary experiments on building a paraphrase corpus have so far been producing promising results , which we have evaluated according to cost-efficiency , exhaustiveness , and reliability .",490,70,2,7,5,1,NER:Material|NER:Method|NER:Task|REL:CONJUNCTION|REL:USED-FOR,8e5afa6229b36a8de276b1a4db895c13c8493015cd10ac1aaef27329b0c35a40,1,short,
SciERC,test,H01-1042,abstract,scierc_entity_relation,processed_data/json/test.json,"The purpose of this research is to test the efficacy of applying automated evaluation techniques , originally devised for the evaluation of human language learners , to the output of machine translation -LRB- MT -RRB- systems . We believe that these evaluation techniques will provide information about both the human language learning process , the translation process and the development of machine translation systems . This , the first experiment in a series of experiments , looks at the intelligibility of MT output . A language learning experiment showed that assessors can differentiate native from non-native language essays in less than 100 words . Even more illuminating was the factors on which the assessors made their decisions . We tested this to see if similar criteria could be elicited from duplicating the experiment using machine translation output . Subjects were given a set of up to six extracts of translated newswire text . Some of the extracts were expert human translations , others were machine translation outputs . The subjects were given three minutes per extract to determine whether they believed the sample output to be an expert human translation or a machine translation . Additionally , they were asked to mark the word at which they made this decision . The results of this experiment , along with a preliminary analysis of the factors involved in the decision making process will be presented here .",1438,236,11,17,9,1,NER:Generic|NER:Material|NER:Method|NER:OtherScientificTerm|NER:Task|REL:COMPARE|REL:CONJUNCTION|REL:EVALUATE-FOR|REL:USED-FOR,cadb88ada622e6dfd5cbda0dea66a8fec1ed62e6b195b0a5e9412635fe621446,1,long,
SciERC,test,C04-1035,abstract,scierc_entity_relation,processed_data/json/test.json,"This paper presents a machine learning approach to bare slice disambiguation in dialogue . We extract a set of heuristic principles from a corpus-based sample and formulate them as probabilistic Horn clauses . We then use the predicates of such clauses to create a set of domain independent features to annotate an input dataset , and run two different machine learning algorithms : SLIPPER , a rule-based learning algorithm , and TiMBL , a memory-based system . Both learners perform well , yielding similar success rates of approx 90 % . The results show that the features in terms of which we formulate our heuristic principles have significant predictive power , and that rules that closely resemble our Horn clauses can be learnt automatically from these features .",770,128,5,19,10,1,NER:Generic|NER:Material|NER:Method|NER:Metric|NER:OtherScientificTerm|NER:Task|REL:COMPARE|REL:FEATURE-OF|REL:HYPONYM-OF|REL:PART-OF|REL:USED-FOR,33ea4a9cc453340e449408efb96dab0027c1f1f7f1c1d62c794c2571a28844ce,1,medium,
SciERC,test,C04-1036,abstract,scierc_entity_relation,processed_data/json/test.json,"We suggest a new goal and evaluation criterion for word similarity measures . The new criterion -- meaning-entailing substitutability -- fits the needs of semantic-oriented NLP applications and can be evaluated directly -LRB- independent of an application -RRB- at a good level of human agreement . Motivated by this semantic criterion we analyze the empirical quality of distributional word feature vectors and its impact on word similarity results , proposing an objective measure for evaluating feature vector quality . Finally , a novel feature weighting and selection function is presented , which yields superior feature vectors and better word similarity performance .",675,102,4,14,9,1,NER:Generic|NER:Method|NER:Metric|NER:OtherScientificTerm|NER:Task|REL:CONJUNCTION|REL:EVALUATE-FOR|REL:USED-FOR,6ae1e3ca3861e4a5220de6bd276423f9e3a0a3a8e14287df7b004551bbfba923,1,medium,
SciERC,test,CVPR_2011_10_abs,abstract,scierc_entity_relation,processed_data/json/test.json,"Reflections in image sequences consist of several layers superimposed over each other . This phenomenon causes many image processing techniques to fail as they assume the presence of only one layer at each examined site e.g. motion estimation and object recognition . This work presents an automated technique for detecting reflections in image sequences by analyzing motion trajectories of feature points . It models reflection as regions containing two different layers moving over each other . We present a strong detector based on combining a set of weak detectors . We use novel priors , generate sparse and dense detection maps and our results show high detection rate with rejection to pathological motion and occlusion .",728,116,6,19,8,1,NER:Generic|NER:Material|NER:Method|NER:Metric|NER:OtherScientificTerm|NER:Task|REL:CONJUNCTION|REL:FEATURE-OF|REL:USED-FOR,aaaf0152e63d54a1080f91d3263377319b057fa7c10e60b92f2bf0a66e2006dd,1,medium,
SciERC,test,ECCV_2012_30_abs,abstract,scierc_entity_relation,processed_data/json/test.json,"This paper considers the problem of reconstructing the motion of a 3D articulated tree from 2D point correspondences subject to some temporal prior . Hitherto , smooth motion has been encouraged using a trajectory basis , yielding a hard combinatorial problem with time complexity growing exponentially in the number of frames . Branch and bound strategies have previously attempted to curb this complexity whilst maintaining global optimality . However , they provide no guarantee of being more efficient than exhaustive search . Inspired by recent work which reconstructs general trajectories using compact high-pass filters , we develop a dynamic programming approach which scales linearly in the number of frames , leveraging the intrinsically local nature of filter interactions . Extension to affine projection enables reconstruction without estimating cameras .",868,129,6,18,7,1,NER:Generic|NER:Method|NER:Metric|NER:OtherScientificTerm|NER:Task|REL:COMPARE|REL:EVALUATE-FOR|REL:FEATURE-OF|REL:USED-FOR,a56794ec5772f90d6585ab8306053b17cee5e5e73f386770c76e794f4f396056,1,medium,
SciERC,test,P08-1105,abstract,scierc_entity_relation,processed_data/json/test.json,Topical blog post retrieval is the task of ranking blog posts with respect to their relevance for a given topic . To improve topical blog post retrieval we incorporate textual credibility indicators in the retrieval process . We consider two groups of indicators : post level -LRB- determined using information about individual blog posts only -RRB- and blog level -LRB- determined using information from the underlying blogs -RRB- . We describe how to estimate these indicators and how to integrate them into a retrieval approach based on language models . Experiments on the TREC Blog track test set show that both groups of credibility indicators significantly improve retrieval effectiveness ; the best performance is achieved when combining them .,752,119,5,17,8,1,NER:Generic|NER:Material|NER:Method|NER:Metric|NER:OtherScientificTerm|NER:Task|REL:EVALUATE-FOR|REL:FEATURE-OF|REL:HYPONYM-OF|REL:PART-OF|REL:USED-FOR,e0661fc749770c75986e385a708178b6469d9d51e6925bd8938d6201dc271953,1,medium,
SciERC,test,ICML_2006_119_abs,abstract,scierc_entity_relation,processed_data/json/test.json,"We investigate the problem of learning to predict moves in the board game of Go from game records of expert players . In particular , we obtain a probability distribution over legal moves for professional play in a given position . This distribution has numerous applications in computer Go , including serving as an efficient stand-alone Go player . It would also be effective as a move selector and move sorter for game tree search and as a training tool for Go players . Our method has two major components : a -RRB- a pattern extraction scheme for efficiently harvesting patterns of given size and shape from expert game records and b -RRB- a Bayesian learning algorithm -LRB- in two variants -RRB- that learns a distribution over the values of a move given a board position based on the local pattern context . The system is trained on 181,000 expert games and shows excellent prediction performance as indicated by its ability to perfectly predict the moves made by professional Go players in 34 % of test positions .",1023,178,6,18,13,1,NER:Generic|NER:Material|NER:Method|NER:OtherScientificTerm|NER:Task|REL:CONJUNCTION|REL:PART-OF|REL:USED-FOR,da8ae286c05f6820d04cf264d432ffaca33d360a61c3a045f4c61c34126f68c7,1,long,
SciERC,test,P04-2005,abstract,scierc_entity_relation,processed_data/json/test.json,"We present a novel approach for automatically acquiring English topic signatures . Given a particular concept , or word sense , a topic signature is a set of words that tend to co-occur with it . Topic signatures can be useful in a number of Natural Language Processing -LRB- NLP -RRB- applications , such as Word Sense Disambiguation -LRB- WSD -RRB- and Text Summarisation . Our method takes advantage of the different way in which word senses are lexicalised in English and Chinese , and also exploits the large amount of Chinese text available in corpora and on the Web . We evaluated the topic signatures on a WSD task , where we trained a second-order vector cooccurrence algorithm on standard WSD datasets , with promising results .",738,128,5,20,12,1,NER:Generic|NER:Material|NER:Method|NER:OtherScientificTerm|NER:Task|REL:CONJUNCTION|REL:EVALUATE-FOR|REL:HYPONYM-OF|REL:PART-OF|REL:USED-FOR,d50762028a6119faba9a8e1a8e1d71b2f09408045539826de2fddc511b0627b4,1,medium,
SciERC,test,NIPS_2016_560_abs,abstract,scierc_entity_relation,processed_data/json/test.json,"Joint matrix triangularization is often used for estimating the joint eigenstructure of a set M of matrices , with applications in signal processing and machine learning . We consider the problem of approximate joint matrix triangularization when the matrices in M are jointly diagonalizable and real , but we only observe a set M ' of noise perturbed versions of the matrices in M . Our main result is a first-order upper bound on the distance between any approximate joint triangularizer of the matrices in M ' and any exact joint triangularizer of the matrices in M . The bound depends only on the observable matrices in M ' and the noise level . In particular , it does not depend on optimization specific properties of the triangularizer , such as its proximity to critical points , that are typical of existing bounds in the literature . To our knowledge , this is the first a posteriori bound for joint matrix decomposition . We demonstrate the bound on synthetic data for which the ground truth is known .",1013,178,7,13,6,1,NER:Generic|NER:Material|NER:Method|NER:OtherScientificTerm|NER:Task|REL:CONJUNCTION|REL:USED-FOR,a31c374179111604219a14c0f71e0f4d750711d04b1da9236e2b57f0dcc0f07a,1,long,
SciERC,test,P06-1053,abstract,scierc_entity_relation,processed_data/json/test.json,"The psycholinguistic literature provides evidence for syntactic priming , i.e. , the tendency to repeat structures . This paper describes a method for incorporating priming into an incremental probabilistic parser . Three models are compared , which involve priming of rules between sentences , within sentences , and within coordinate structures . These models simulate the reading time advantage for parallel structures found in human data , and also yield a small increase in overall parsing accuracy .",505,78,4,11,4,1,NER:Generic|NER:Material|NER:Method|NER:Metric|NER:OtherScientificTerm|REL:PART-OF|REL:USED-FOR,69b91c693b3c9340d1f4c88445e8a55ec8f502d0d5f2758d9c347fe89224e4d3,1,short,
SciERC,test,CVPR_2016_413_abs,abstract,scierc_entity_relation,processed_data/json/test.json,"Learned confidence measures gain increasing importance for outlier removal and quality improvement in stereo vision . However , acquiring the necessary training data is typically a tedious and time consuming task that involves manual interaction , active sensing devices and/or synthetic scenes . To overcome this problem , we propose a new , flexible , and scalable way for generating training data that only requires a set of stereo images as input . The key idea of our approach is to use different view points for reasoning about contradictions and consistencies between multiple depth maps generated with the same stereo algorithm . This enables us to generate a huge amount of training data in a fully automated manner . Among other experiments , we demonstrate the potential of our approach by boosting the performance of three learned confidence measures on the KITTI2012 dataset by simply training them on a vast amount of automatically generated training data rather than a limited amount of laser ground truth data .",1027,167,6,20,15,1,NER:Generic|NER:Material|NER:Method|NER:OtherScientificTerm|NER:Task|REL:COMPARE|REL:CONJUNCTION|REL:EVALUATE-FOR|REL:PART-OF|REL:USED-FOR,dceb384da989afa3416e9a681eefdbc94051076cc3dc9914b98af4a5edc9e500,1,long,
SciERC,test,ICML_1995_38_abs,abstract,scierc_entity_relation,processed_data/json/test.json,"An important area of learning in autonomous agents is the ability to learn domain-speciic models of actions to be used by planning systems . In this paper , we present methods by which an agent learns action models from its own experience and from its observation of a domain expert . These methods diier from previous work in the area in two ways : the use of an action model formalism which is better suited to the needs of a re-active agent , and successful implementation of noise-handling mechanisms . Training instances are generated from experience and observation , and a variant of GOLEM is used to learn action models from these instances . The integrated learning system has been experimentally validated in simulated construction and ooce domains .",760,129,5,15,9,1,NER:Generic|NER:Method|NER:Metric|NER:OtherScientificTerm|NER:Task|REL:CONJUNCTION|REL:EVALUATE-FOR|REL:USED-FOR,560fe6ccf3a3b426aec767c1c6d20b412a820b249e9362baa579da85a4e0edf8,1,medium,
SciERC,test,P06-4007,abstract,scierc_entity_relation,processed_data/json/test.json,"This paper describes FERRET , an interactive question-answering -LRB- Q/A -RRB- system designed to address the challenges of integrating automatic Q/A applications into real-world environments . FERRET utilizes a novel approach to Q/A known as predictive questioning which attempts to identify the questions -LRB- and answers -RRB- that users need by analyzing how a user interacts with a system while gathering information related to a particular scenario .",458,68,2,7,4,1,NER:Generic|NER:Method|NER:Task|REL:HYPONYM-OF|REL:USED-FOR,b9cdedd0c313b84b9812ec95b6dedf78247b3c212f423513121b631e6e66f250,1,short,
SciERC,test,E99-1015,abstract,scierc_entity_relation,processed_data/json/test.json,"In order to build robust automatic abstracting systems , there is a need for better training resources than are currently available . In this paper , we introduce an annotation scheme for scientific articles which can be used to build such a resource in a consistent way . The seven categories of the scheme are based on rhetorical moves of argumentation . Our experimental results show that the scheme is stable , reproducible and intuitive to use .",450,78,4,8,4,1,NER:Generic|NER:Material|NER:Method|NER:Task|REL:USED-FOR,69e8da00c19f8fbea8d7b499c621fb4b3f0165806a51bbc808dd5b4fd7e92c8b,1,short,
SciERC,test,CVPR_2004_18_abs,abstract,scierc_entity_relation,processed_data/json/test.json,"The automated segmentation of images into semantically meaningful parts requires shape information since low-level feature analysis alone often fails to reach this goal . We introduce a novel method of shape constrained image segmentation which is based on mixtures of feature distributions for color and texture as well as probabilistic shape knowledge . The combined approach is formulated in the framework of Bayesian statistics to account for the robust-ness requirement in image understanding . Experimental evidence shows that semantically meaningful segments are inferred , even when image data alone gives rise to ambiguous segmentations .",647,95,4,14,10,1,NER:Generic|NER:Material|NER:Method|NER:OtherScientificTerm|NER:Task|REL:CONJUNCTION|REL:USED-FOR,d5fd9449aab48ae4c4bb463b9a2e85f0a836a95f39209253ffe02e6475d9f76f,1,short,
SciERC,test,J86-4002,abstract,scierc_entity_relation,processed_data/json/test.json,"The goal of this work is the enrichment of human-machine interactions in a natural language environment . Because a speaker and listener can not be assured to have the same beliefs , contexts , perceptions , backgrounds , or goals , at each point in a conversation , difficulties and mistakes arise when a listener interprets a speaker 's utterance . These mistakes can lead to various kinds of misunderstandings between speaker and listener , including reference failures or failure to understand the speaker 's intention . We call these misunderstandings miscommunication . Such mistakes can slow , and possibly break down , communication . Our goal is to recognize and isolate such miscommunications and circumvent them . This paper highlights a particular class of miscommunication -- reference problems -- by describing a case study and techniques for avoiding failures of reference . We want to illustrate a framework less restrictive than earlier ones by allowing a speaker leeway in forming an utterance about a task and in determining the conversational vehicle to deliver it . The paper also promotes a new view for extensional reference .",1149,187,9,12,3,1,NER:Generic|NER:OtherScientificTerm|NER:Task|REL:FEATURE-OF|REL:HYPONYM-OF|REL:USED-FOR,d4f380ad850486ac512cd94c7dd230dd5cbae9b6419e138d7ea2e8d8a06c12d3,1,long,
SciERC,test,P06-1013,abstract,scierc_entity_relation,processed_data/json/test.json,Combination methods are an effective way of improving system performance . This paper examines the benefits of system combination for unsupervised WSD . We investigate several voting - and arbiter-based combination strategies over a diverse pool of unsupervised WSD systems . Our combination methods rely on predominant senses which are derived automatically from raw text . Experiments using the SemCor and Senseval-3 data sets demonstrate that our ensembles yield significantly better results when compared with state-of-the-art .,532,77,5,11,6,1,NER:Generic|NER:Material|NER:Method|NER:OtherScientificTerm|NER:Task|REL:EVALUATE-FOR|REL:USED-FOR,6f9ea49457e91aeffa750e487f097b3229d0f7a0e554db2e2f51f212d923ae88,1,short,
SciERC,test,P05-1046,abstract,scierc_entity_relation,processed_data/json/test.json,"The applicability of many current information extraction techniques is severely limited by the need for supervised training data . We demonstrate that for certain field structured extraction tasks , such as classified advertisements and bibliographic citations , small amounts of prior knowledge can be used to learn effective models in a primarily unsupervised fashion . Although hidden Markov models -LRB- HMMs -RRB- provide a suitable generative model for field structured text , general unsupervised HMM learning fails to learn useful structure in either of our domains . However , one can dramatically improve the quality of the learned structure by exploiting simple prior knowledge of the desired solutions . In both domains , we found that unsupervised methods can attain accuracies with 400 unlabeled examples comparable to those attained by supervised methods on 50 labeled examples , and that semi-supervised methods can make good use of small amounts of labeled data .",980,152,5,18,13,1,NER:Material|NER:Method|NER:Metric|NER:OtherScientificTerm|NER:Task|REL:COMPARE|REL:CONJUNCTION|REL:EVALUATE-FOR|REL:HYPONYM-OF|REL:USED-FOR,5a03fee7f807d0ef4af861df28349b47828eafc7fe5e2e31a6e4c57f5fcb0d91,1,long,
SciERC,test,J82-3002,abstract,scierc_entity_relation,processed_data/json/test.json,"This paper gives an overall account of a prototype natural language question answering system , called Chat-80 . Chat-80 has been designed to be both efficient and easily adaptable to a variety of applications . The system is implemented entirely in Prolog , a programming language based on logic . With the aid of a logic-based grammar formalism called extraposition grammars , Chat-80 translates English questions into the Prolog subset of logic . The resulting logical expression is then transformed by a planning algorithm into efficient Prolog , cf. query optimisation in a relational database . Finally , the Prolog form is executed to yield the answer .",660,108,6,17,8,1,NER:Generic|NER:Material|NER:Method|NER:OtherScientificTerm|REL:HYPONYM-OF|REL:USED-FOR,84d72ccb5ecabbef4981c9aeb1357afb2ad6a765959288f288a675e26f8f54f3,1,short,
SciERC,test,ECCV_2016_99_abs,abstract,scierc_entity_relation,processed_data/json/test.json,"Human action recognition from well-segmented 3D skeleton data has been intensively studied and attracting an increasing attention . Online action detection goes one step further and is more challenging , which identifies the action type and localizes the action positions on the fly from the untrimmed stream . In this paper , we study the problem of online action detection from the streaming skeleton data . We propose a multi-task end-to-end Joint Classification-Regression Recurrent Neural Network to better explore the action type and temporal localiza-tion information . By employing a joint classification and regression optimization objective , this network is capable of automatically localizing the start and end points of actions more accurately . Specifically , by leveraging the merits of the deep Long Short-Term Memory -LRB- LSTM -RRB- subnetwork , the proposed model automatically captures the complex long-range temporal dynamics , which naturally avoids the typical sliding window design and thus ensures high computational efficiency . Furthermore , the subtask of regression optimization provides the ability to forecast the action prior to its occurrence . To evaluate our proposed model , we build a large streaming video dataset with annotations . Experimental results on our dataset and the public G3D dataset both demonstrate very promising performance of our scheme .",1393,211,9,23,14,1,NER:Generic|NER:Material|NER:Method|NER:OtherScientificTerm|NER:Task|REL:CONJUNCTION|REL:EVALUATE-FOR|REL:FEATURE-OF|REL:USED-FOR,87f84bc131a8d4d181f1c8a432a164fa6624641768be66ce06e9d1488be0bb3d,1,long,
SciERC,test,I05-5003,abstract,scierc_entity_relation,processed_data/json/test.json,"The task of machine translation -LRB- MT -RRB- evaluation is closely related to the task of sentence-level semantic equivalence classification . This paper investigates the utility of applying standard MT evaluation methods -LRB- BLEU , NIST , WER and PER -RRB- to building classifiers to predict semantic equivalence and entailment . We also introduce a novel classification method based on PER which leverages part of speech information of the words contributing to the word matches and non-matches in the sentence . Our results show that MT evaluation techniques are able to produce useful features for paraphrase classification and to a lesser extent entailment . Our technique gives a substantial improvement in paraphrase classification accuracy over all of the other models used in the experiments .",806,125,5,22,22,1,NER:Generic|NER:Method|NER:Metric|NER:OtherScientificTerm|NER:Task|REL:COMPARE|REL:CONJUNCTION|REL:EVALUATE-FOR|REL:HYPONYM-OF|REL:USED-FOR,2e249963293b4bc0997eed2c8ba4065d87c6a676cedff0b0ec2e22bc20f24d29,1,medium,
SciERC,test,CVPR_2008_256_abs,abstract,scierc_entity_relation,processed_data/json/test.json,"Given an object model and a black-box measure of similarity between the model and candidate targets , we consider visual object tracking as a numerical optimization problem . During normal tracking conditions when the object is visible from frame to frame , local optimization is used to track the local mode of the similarity measure in a parameter space of translation , rotation and scale . However , when the object becomes partially or totally occluded , such local tracking is prone to failure , especially when common prediction techniques like the Kalman filter do not provide a good estimate of object parameters in future frames . To recover from these inevitable tracking failures , we consider object detection as a global optimization problem and solve it via Adaptive Simulated Annealing -LRB- ASA -RRB- , a method that avoids becoming trapped at local modes and is much faster than exhaustive search . As a Monte Carlo approach , ASA stochastically samples the parameter space , in contrast to local deterministic search . We apply cluster analysis on the sampled parameter space to redetect the object and renew the local tracker . Our numerical hybrid local and global mode-seeking tracker is validated on challenging airborne videos with heavy occlusion and large camera motions . Our approach outperforms state-of-the-art trackers on the VIVID benchmark datasets .",1383,224,8,31,18,1,NER:Generic|NER:Material|NER:Method|NER:Metric|NER:OtherScientificTerm|NER:Task|REL:COMPARE|REL:CONJUNCTION|REL:EVALUATE-FOR|REL:FEATURE-OF|REL:HYPONYM-OF|REL:PART-OF|REL:USED-FOR,a91938ee7638c9d6a2b65134d0791efb4ee17f846553380f77d530e17ccbbc81,1,long,
SciERC,test,P01-1056,abstract,scierc_entity_relation,processed_data/json/test.json,"Techniques for automatically training modules of a natural language generator have recently been proposed , but a fundamental concern is whether the quality of utterances produced with trainable components can compete with hand-crafted template-based or rule-based approaches . In this paper We experimentally evaluate a trainable sentence planner for a spoken dialogue system by eliciting subjective human judgments . In order to perform an exhaustive comparison , we also evaluate a hand-crafted template-based generation component , two rule-based sentence planners , and two baseline sentence planners . We show that the trainable sentence planner performs better than the rule-based systems and the baselines , and as well as the hand-crafted system .",756,112,4,17,14,1,NER:Generic|NER:Method|NER:Metric|NER:OtherScientificTerm|REL:COMPARE|REL:CONJUNCTION|REL:EVALUATE-FOR|REL:PART-OF|REL:USED-FOR,90bf412817dfacb669d47ae8eafea9ade79de17889b873a1c4ba78dbc4668443,1,medium,
SciERC,test,ICCV_2003_151_abs,abstract,scierc_entity_relation,processed_data/json/test.json,"A new algorithm is proposed for novel view generation in one-to-one teleconferencing applications . Given the video streams acquired by two cameras placed on either side of a computer monitor , the proposed algorithm synthesises images from a virtual camera in arbitrary position -LRB- typically located within the monitor -RRB- to facilitate eye contact . Our technique is based on an improved , dynamic-programming , stereo algorithm for efficient novel-view generation . The two main contributions of this paper are : i -RRB- a new type of three-plane graph for dense-stereo dynamic-programming , that encourages correct occlusion labeling ; ii -RRB- a compact geometric derivation for novel-view synthesis by direct projection of the minimum-cost surface . Furthermore , this paper presents a novel algorithm for the temporal maintenance of a background model to enhance the rendering of occlusions and reduce temporal artefacts -LRB- flicker -RRB- ; and a cost aggregation algorithm that acts directly on our three-dimensional matching cost space . Examples are given that demonstrate the robustness of the new algorithm to spatial and temporal artefacts for long stereo video streams . These include demonstrations of synthesis of cyclopean views of extended conversational sequences . We further demonstrate synthesis from a freely translating virtual camera .",1367,207,8,35,21,1,NER:Generic|NER:Material|NER:Method|NER:Metric|NER:OtherScientificTerm|NER:Task|REL:CONJUNCTION|REL:EVALUATE-FOR|REL:FEATURE-OF|REL:USED-FOR,88c5b9ffbd2cfd6a8259032cba051076c92dc1282dee5110fcc8f4f7af744dc5,1,long,
SciERC,test,C90-3063,abstract,scierc_entity_relation,processed_data/json/test.json,"Manual acquisition of semantic constraints in broad domains is very expensive . This paper presents an automatic scheme for collecting statistics on cooccurrence patterns in a large corpus . To a large extent , these statistics reflect semantic constraints and thus are used to disambiguate anaphora references and syntactic ambiguities . The scheme was implemented by gathering statistics on the output of other linguistic tools . An experiment was performed to resolve references of the pronoun `` it '' in sentences that were randomly selected from the corpus . The results of the experiment show that in most of the cases the cooccurrence statistics indeed reflect the semantic constraints and thus provide a basis for a useful disambiguation tool .",753,120,6,9,4,1,NER:Method|NER:OtherScientificTerm|NER:Task|REL:CONJUNCTION|REL:USED-FOR,74cf70da35f46449a39fe168a264dbcc253198f29e8ace8701b6fe1dea901353,1,medium,
SciERC,test,J05-4003,abstract,scierc_entity_relation,processed_data/json/test.json,"We present a novel method for discovering parallel sentences in comparable , non-parallel corpora . We train a maximum entropy classifier that , given a pair of sentences , can reliably determine whether or not they are translations of each other . Using this approach , we extract parallel data from large Chinese , Arabic , and English non-parallel newspaper corpora . We evaluate the quality of the extracted data by showing that it improves the performance of a state-of-the-art statistical machine translation system . We also show that a good-quality MT system can be built from scratch by starting with a very small parallel corpus -LRB- 100,000 words -RRB- and exploiting a large non-parallel corpus . Thus , our method can be applied with great benefit to language pairs for which only scarce resources are available .",827,138,6,14,9,1,NER:Generic|NER:Material|NER:Method|NER:Task|REL:CONJUNCTION|REL:PART-OF|REL:USED-FOR,99b43221b46631c486e3a63c917f58d535bf0aee0681aa3a90178f938b2a09c2,1,medium,
SciERC,test,C00-2123,abstract,scierc_entity_relation,processed_data/json/test.json,"In this paper , we describe a search procedure for statistical machine translation -LRB- MT -RRB- based on dynamic programming -LRB- DP -RRB- . Starting from a DP-based solution to the traveling salesman problem , we present a novel technique to restrict the possible word reordering between source and target language in order to achieve an efficient search algorithm . A search restriction especially useful for the translation direction from German to English is presented . The experimental tests are carried out on the Verbmobil task -LRB- German-English , 8000-word vocabulary -RRB- , which is a limited-domain spoken-language task .",639,100,4,11,4,1,NER:Generic|NER:Material|NER:Method|NER:OtherScientificTerm|NER:Task|REL:HYPONYM-OF|REL:USED-FOR,cd2b22e8a662708bdc016ba61c7549caae465e7c868e27939e0489bbc4033966,1,short,
SciERC,test,E91-1012,abstract,scierc_entity_relation,processed_data/json/test.json,"A purely functional implementation of LR-parsers is given , together with a simple correctness proof . It is presented as a generalization of the recursive descent parser . For non-LR grammars the time-complexity of our parser is cubic if the functions that constitute the parser are implemented as memo-functions , i.e. functions that memorize the results of previous invocations . Memo-functions also facilitate a simple way to construct a very compact representation of the parse forest . For LR -LRB- 0 -RRB- grammars , our algorithm is closely related to the recursive ascent parsers recently discovered by Kruse-man Aretz -LSB- 1 -RSB- and Roberts -LSB- 2 -RSB- . Extended CF grammars -LRB- grammars with regular expressions at the right hand side -RRB- can be parsed with a simple modification of the LR-parser for normal CF grammars .",842,137,6,19,11,1,NER:Generic|NER:Method|NER:Metric|NER:OtherScientificTerm|REL:CONJUNCTION|REL:EVALUATE-FOR|REL:FEATURE-OF|REL:USED-FOR,8024304bf5bc6dec994cceec9ebfd8dbc10e4a381e165f438b4630be3ec9cc96,1,medium,
SciERC,test,J86-3001,abstract,scierc_entity_relation,processed_data/json/test.json,"In this paper we explore a new theory of discourse structure that stresses the role of purpose and processing in discourse . In this theory , discourse structure is composed of three separate but interrelated components : the structure of the sequence of utterances -LRB- called the linguistic structure -RRB- , a structure of purposes -LRB- called the intentional structure -RRB- , and the state of focus of attention -LRB- called the attentional state -RRB- . The linguistic structure consists of segments of the discourse into which the utterances naturally aggregate . The intentional structure captures the discourse-relevant purposes , expressed in each of the linguistic segments as well as relationships among them . The attentional state is an abstraction of the focus of attention of the participants as the discourse unfolds . The attentional state , being dynamic , records the objects , properties , and relations that are salient at each point of the discourse . The distinction among these components is essential to provide an adequate explanation of such discourse phenomena as cue phrases , referring expressions , and interruptions . The theory of attention , intention , and aggregation of utterances is illustrated in the paper with a number of example discourses . Various properties of discourse are described , and explanations for the behaviour of cue phrases , referring expressions , and interruptions are explored . This theory provides a framework for describing the processing of utterances in a discourse . Discourse processing requires recognizing how the utterances of the discourse aggregate into segments , recognizing the intentions expressed in the discourse and the relationships among intentions , and tracking the discourse through the operation of the mechanisms associated with attentional state . This processing description specifies in these recognition tasks the role of information from the discourse and from the participants ' knowledge of the domain .",2001,313,12,36,12,1,NER:Generic|NER:Method|NER:OtherScientificTerm|NER:Task|REL:CONJUNCTION|REL:HYPONYM-OF|REL:PART-OF|REL:USED-FOR,aa7e14e4b3bc006ad93e75b3128c97f8dcc37433b7e2c35a57e42ac43b373279,1,long,
SciERC,test,P86-1011,abstract,scierc_entity_relation,processed_data/json/test.json,We examine the relationship between the two grammatical formalisms : Tree Adjoining Grammars and Head Grammars . We briefly investigate the weak equivalence of the two formalisms . We then turn to a discussion comparing the linguistic expressiveness of the two formalisms .,273,43,3,6,4,1,NER:Generic|NER:Method|NER:OtherScientificTerm|REL:COMPARE|REL:FEATURE-OF|REL:HYPONYM-OF,3a985a008a828c374ce9374c0e31b4396a3ca5e78f5e7cac7eef62e78273a060,1,short,
SciERC,test,E95-1033,abstract,scierc_entity_relation,processed_data/json/test.json,"We provide a unified account of sentence-level and text-level anaphora within the framework of a dependency-based grammar model . Criteria for anaphora resolution within sentence boundaries rephrase major concepts from GB 's binding theory , while those for text-level anaphora incorporate an adapted version of a Grosz-Sidner-style focus model .",346,50,2,8,5,1,NER:Generic|NER:Method|NER:OtherScientificTerm|NER:Task|REL:PART-OF|REL:USED-FOR,07a9db759eb1b1c8179af2569df7f108e3a0354cde664ec1a5f5909c866aa5d0,1,short,
SciERC,test,W02-1602,abstract,scierc_entity_relation,processed_data/json/test.json,"Coedition of a natural language text and its representation in some interlingual form seems the best and simplest way to share text revision across languages . For various reasons , UNL graphs are the best candidates in this context . We are developing a prototype where , in the simplest sharing scenario , naive users interact directly with the text in their language -LRB- L0 -RRB- , and indirectly with the associated graph . The modified graph is then sent to the UNL-L0 deconverter and the result shown . If is is satisfactory , the errors were probably due to the graph , not to the deconverter , and the graph is sent to deconverters in other languages . Versions in some other languages known by the user may be displayed , so that improvement sharing is visible and encouraging . As new versions are added with appropriate tags and attributes in the original multilingual document , nothing is ever lost , and cooperative working on a document is rendered feasible . On the internal side , liaisons are established between elements of the text and the graph by using broadly available resources such as a LO-English or better a L0-UNL dictionary , a morphosyntactic parser of L0 , and a canonical graph2tree transformation . Establishing a `` best '' correspondence between the '' UNL-tree + L0 '' and the '' MS-L0 structure '' , a lattice , may be done using the dictionary and trying to align the tree and the selected trajectory with as few crossing liaisons as possible . A central goal of this research is to merge approaches from pivot MT , interactive MT , and multilingual text authoring .",1607,284,10,26,13,1,NER:Generic|NER:Material|NER:Method|NER:OtherScientificTerm|NER:Task|REL:CONJUNCTION|REL:HYPONYM-OF|REL:USED-FOR,bbdedc2d12e0ec3035c23f637b676f501a23d01d3fe2c86f4b2cf3641df8f211,1,long,
SciERC,test,C04-1106,abstract,scierc_entity_relation,processed_data/json/test.json,"The reality of analogies between words is refuted by noone -LRB- e.g. , I walked is to to walk as I laughed is to to laugh , noted I walked : to walk : : I laughed : to laugh -RRB- . But computational linguists seem to be quite dubious about analogies between sentences : they would not be enough numerous to be of any use . We report experiments conducted on a multilingual corpus to estimate the number of analogies among the sentences that it contains . We give two estimates , a lower one and a higher one . As an analogy must be valid on the level of form as well as on the level of meaning , we relied on the idea that translation should preserve meaning to test for similar meanings .",691,137,5,5,1,1,NER:Material|NER:OtherScientificTerm|NER:Task|REL:EVALUATE-FOR,d46de9148f8ae5e25c058e59d57cf7b52f4e43c093d0703b64c2a7bf6c3651da,1,medium,
SciERC,test,ECCV_2016_204_abs,abstract,scierc_entity_relation,processed_data/json/test.json,Our goal is to learn a Mahalanobis distance by minimizing a loss defined on the weighted sum of the precision at different ranks . Our core motivation is that minimizing a weighted rank loss is a natural criterion for many problems in computer vision such as person re-identification . We propose a novel metric learning formulation called Weighted Approximate Rank Component Analysis -LRB- WARCA -RRB- . We then derive a scalable stochastic gradient descent algorithm for the resulting learning problem . We also derive an efficient non-linear extension of WARCA by using the kernel trick . Kernel space embedding decouples the training and prediction costs from the data dimension and enables us to plug inarbitrary distance measures which are more natural for the features . We also address a more general problem of matrix rank degeneration & non-isolated minima in the low-rank matrix optimization by using new type of regularizer which approximately enforces the or-thonormality of the learned matrix very efficiently . We validate this new method on nine standard person re-identification datasets including two large scale Market-1501 and CUHK03 datasets and show that we improve upon the current state-of-the-art methods on all of them .,1246,196,8,31,19,1,NER:Generic|NER:Material|NER:Method|NER:Metric|NER:OtherScientificTerm|NER:Task|REL:CONJUNCTION|REL:EVALUATE-FOR|REL:FEATURE-OF|REL:HYPONYM-OF|REL:USED-FOR,414dd21aac4c0ca40b3a5fe0eff4c1cbdd6a70ac78cce668af29db503952e011,1,long,
SciERC,test,INTERSPEECH_2006_21_abs,abstract,scierc_entity_relation,processed_data/json/test.json,"In this paper , we discuss language model adaptation methods given a word list and a raw corpus . In this situation , the general method is to segment the raw corpus automatically using a word list , correct the output sentences by hand , and build a model from the segmented corpus . In this sentence-by-sentence error correction method , however , the annotator encounters grammatically complicated positions and this results in a decrease of productivity . In this paper , we propose to concentrate on correcting the positions in which the words in the list appear by taking a word as a correction unit . This method allows us to avoid these problems and go directly to capturing the statistical behavior of specific words in the application . In the experiments , we used a variety of methods for preparing a segmented corpus and compared the language models by their speech recognition accuracies . The results showed the advantages of our method .",953,165,7,15,8,1,NER:Generic|NER:Material|NER:Method|NER:Metric|NER:OtherScientificTerm|NER:Task|REL:CONJUNCTION|REL:EVALUATE-FOR|REL:USED-FOR,ea1ff26e788858fff8addf176505796a46bb7341ac3ed81cf22c815500135cf6,1,long,
SciERC,test,NIPS_2015_18_abs,abstract,scierc_entity_relation,processed_data/json/test.json,"Many practical modeling problems involve discrete data that are best represented as draws from multinomial or categorical distributions . For example , nucleotides in a DNA sequence , children 's names in a given state and year , and text documents are all commonly modeled with multinomial distributions . In all of these cases , we expect some form of dependency between the draws : the nucleotide at one position in the DNA strand may depend on the preceding nucleotides , children 's names are highly correlated from year to year , and topics in text may be correlated and dynamic . These dependencies are not naturally captured by the typical Dirichlet-multinomial formulation . Here , we leverage a logistic stick-breaking representation and recent innovations in Pólya-gamma augmentation to reformu-late the multinomial distribution in terms of latent variables with jointly Gaussian likelihoods , enabling us to take advantage of a host of Bayesian inference techniques for Gaussian models with minimal overhead .",1021,162,5,18,10,1,NER:Material|NER:Method|NER:OtherScientificTerm|NER:Task|REL:FEATURE-OF|REL:PART-OF|REL:USED-FOR,a2f5ac5bd03c069e401886d8a224803452220f16054aef768e5171dd22a007ad,1,long,
SciERC,test,CVPR_1994_10_abs,abstract,scierc_entity_relation,processed_data/json/test.json,"MINPRAN , a new robust operator , nds good ts in data sets where more than 50 % of the points are outliers . Unlike other techniques that handle large outlier percentages , MINPRAN does not rely on a known error bound for the good data . Instead it assumes that the bad data are randomly -LRB- uniformly -RRB- distributed within the dynamic range of the sensor . Based on this , MINPRAN uses random sampling to search for the t and the number of inliers to the t that are least likely to have occurred randomly . It runs in time O -LRB- N 2 + SN log N -RRB- , where S is the number of random samples and N is the number of data points . We demonstrate analytically that MINPRAN distinguishes good ts from ts to random data , and that MINPRAN nds accurate ts and nearly the correct number of inliers , regardless of the percentage of true inliers . MINPRAN 's properties are connrmed experimentally on synthetic data and compare favorably to least median of squares . Related work applies MINPRAN to complex range and intensity data 23 -RSB- .",1042,196,8,20,8,1,NER:Generic|NER:Material|NER:Method|NER:Metric|NER:OtherScientificTerm|REL:COMPARE|REL:EVALUATE-FOR|REL:HYPONYM-OF|REL:USED-FOR,91cc4880d04e28ce6a4510f72794a65d637c5917c5dc0afddca46f7c5d3975ba,1,long,
SciERC,test,P83-1004,abstract,scierc_entity_relation,processed_data/json/test.json,"Metagrammatical formalisms that combine context-free phrase structure rules and metarules -LRB- MPS grammars -RRB- allow concise statement of generalizations about the syntax of natural languages . Unconstrained MPS grammars , unfortunately , are not computationally safe . We evaluate several proposals for constraining them , basing our assessment on computational tractability and explanatory adequacy . We show that none of them satisfies both criteria , and suggest new directions for research on alternative metagrammatical formalisms .",542,76,4,10,4,1,NER:Generic|NER:Method|NER:Metric|NER:OtherScientificTerm|REL:CONJUNCTION|REL:EVALUATE-FOR|REL:PART-OF,a598188f4f3eaa479073b2b7112f3a166f2b0f3d97a323d05a54678e13c83120,1,short,
SciERC,test,C90-3045,abstract,scierc_entity_relation,processed_data/json/test.json,"The unique properties of tree-adjoining grammars -LRB- TAG -RRB- present a challenge for the application of TAGs beyond the limited confines of syntax , for instance , to the task of semantic interpretation or automatic translation of natural language . We present a variant of TAGs , called synchronous TAGs , which characterize correspondences between languages . The formalism 's intended usage is to relate expressions of natural languages to their associated semantics represented in a logical form language , or to their translates in another natural language ; in summary , we intend it to allow TAGs to be used beyond their role in syntax proper . We discuss the application of synchronous TAGs to concrete examples , mentioning primarily in passing some computational issues that arise in its interpretation .",818,132,4,15,5,1,NER:Method|NER:OtherScientificTerm|NER:Task|REL:CONJUNCTION|REL:USED-FOR,493ad333a5b6e7142c43262450dcd58a3ab982a3a0138e0f16b69f70cf995ef6,1,medium,
SciERC,test,CVPR_1993_10_abs,abstract,scierc_entity_relation,processed_data/json/test.json,"A model-based approach to on-line cursive handwriting analysis and recognition is presented and evaluated . In this model , on-line handwriting is considered as a modulation of a simple cycloidal pen motion , described by two coupled oscillations with a constant linear drift along the line of the writing . By slow modulations of the amplitudes and phase lags of the two oscillators , a general pen trajectory can be efficiently encoded . These parameters are then quantized into a small number of values without altering the writing intelligibility . A general procedure for the estimation and quantization of these cycloidal motion parameters for arbitrary handwriting is presented . The result is a discrete motor control representation of the continuous pen motion , via the quantized levels of the model parameters . This motor control representation enables successful word spotting and matching of cursive scripts . Our experiments clearly indicate the potential of this dynamic representation for complete cursive handwriting recognition .",1048,162,8,17,9,1,NER:Generic|NER:Material|NER:Method|NER:OtherScientificTerm|NER:Task|REL:CONJUNCTION|REL:PART-OF|REL:USED-FOR,b04cbbe40d5fd5c20ba19eb2b8c24887b25ef7b0dbf4555fb41fc7bef66b65b6,1,long,
SciERC,test,ICML_2016_18_abs,abstract,scierc_entity_relation,processed_data/json/test.json,"In the Object Recognition task , there exists a di-chotomy between the categorization of objects and estimating object pose , where the former necessitates a view-invariant representation , while the latter requires a representation capable of capturing pose information over different categories of objects . With the rise of deep archi-tectures , the prime focus has been on object category recognition . Deep learning methods have achieved wide success in this task . In contrast , object pose estimation using these approaches has received relatively less attention . In this work , we study how Convolutional Neural Networks -LRB- CNN -RRB- architectures can be adapted to the task of simultaneous object recognition and pose estimation . We investigate and analyze the layers of various CNN models and extensively compare between them with the goal of discovering how the layers of distributed representations within CNNs represent object pose information and how this contradicts with object category representations . We extensively experiment on two recent large and challenging multi-view datasets and we achieve better than the state-of-the-art .",1157,176,7,26,15,1,NER:Generic|NER:Material|NER:Method|NER:OtherScientificTerm|NER:Task|REL:COMPARE|REL:CONJUNCTION|REL:PART-OF|REL:USED-FOR,5197f9a78488f9d48c2cad66defc7890428ce2f126504c12af6ac69a9ba3bf0e,1,long,
SciERC,test,I05-4010,abstract,scierc_entity_relation,processed_data/json/test.json,"In this paper we present our recent work on harvesting English-Chinese bitexts of the laws of Hong Kong from the Web and aligning them to the subparagraph level via utilizing the numbering system in the legal text hierarchy . Basic methodology and practical techniques are reported in detail . The resultant bilingual corpus , 10.4 M English words and 18.3 M Chinese characters , is an authoritative and comprehensive text collection covering the specific and special domain of HK laws . It is particularly valuable to empirical MT research . This piece of work has also laid a foundation for exploring and harvesting English-Chinese bitexts in a larger volume from the Web .",675,113,5,8,1,1,NER:Generic|NER:Material|NER:Method|NER:OtherScientificTerm|NER:Task|REL:USED-FOR,4e59ed151f286bdcf8a8a2436d42455574bc4f72c8f0fbaa412bb4d400206909,1,medium,
SciERC,test,ICCV_2013_47_abs,abstract,scierc_entity_relation,processed_data/json/test.json,"Light fields are image-based representations that use densely sampled rays as a scene description . In this paper , we explore geometric structures of 3D lines in ray space for improving light field triangulation and stereo matching . The triangulation problem aims to fill in the ray space with continuous and non-overlapping simplices anchored at sampled points -LRB- rays -RRB- . Such a triangulation provides a piecewise-linear interpolant useful for light field super-resolution . We show that the light field space is largely bi-linear due to 3D line segments in the scene , and direct tri-angulation of these bilinear subspaces leads to large errors . We instead present a simple but effective algorithm to first map bilinear subspaces to line constraints and then apply Constrained Delaunay Triangulation -LRB- CDT -RRB- . Based on our analysis , we further develop a novel line-assisted graph-cut -LRB- LAGC -RRB- algorithm that effectively encodes 3D line constraints into light field stereo matching . Experiments on synthetic and real data show that both our triangulation and LAGC algorithms outperform state-of-the-art solutions in accuracy and visual quality .",1175,182,8,28,13,1,NER:Generic|NER:Material|NER:Method|NER:Metric|NER:OtherScientificTerm|NER:Task|REL:COMPARE|REL:CONJUNCTION|REL:EVALUATE-FOR|REL:FEATURE-OF|REL:USED-FOR,bdf72bc4424b4c7aff6cb4769acef640164bfdd3236cff4be47a2ef923ae92b8,1,long,
SciERC,test,H05-1095,abstract,scierc_entity_relation,processed_data/json/test.json,"This paper presents a phrase-based statistical machine translation method , based on non-contiguous phrases , i.e. phrases with gaps . A method for producing such phrases from a word-aligned corpora is proposed . A statistical translation model is also presented that deals such phrases , as well as a training method based on the maximization of translation accuracy , as measured with the NIST evaluation metric . Translations are produced by means of a beam-search decoder . Experimental results are presented , that demonstrate how the proposed method allows to better generalize from the training data .",608,97,5,13,7,1,NER:Generic|NER:Material|NER:Method|NER:Metric|NER:OtherScientificTerm|REL:EVALUATE-FOR|REL:USED-FOR,b923698631ccd9e0cc6912f2e55b8706cfc2ac5878fd143ddd820d48dcbc7642,1,short,
SciERC,test,A97-1020,abstract,scierc_entity_relation,processed_data/json/test.json,"GLOSSER is designed to support reading and learning to read in a foreign language . There are four language pairs currently supported by GLOSSER : English-Bulgarian , English-Estonian , English-Hungarian and French-Dutch . The program is operational on UNIX and Windows '95 platforms , and has undergone a pilot user-study . A demonstration -LRB- in UNIX -RRB- for Applied Natural Language Processing emphasizes components put to novel technical uses in intelligent computer-assisted morphological analysis -LRB- ICALL -RRB- , including disambiguated morphological analysis and lemmatized indexing for an aligned bilingual corpus of word examples .",648,94,4,17,15,1,NER:Generic|NER:Material|NER:Method|NER:OtherScientificTerm|NER:Task|REL:CONJUNCTION|REL:HYPONYM-OF|REL:USED-FOR,256af6525a0be4d3073f2dddbd52479131cbf3d246d2c5e557a7d96d9d4a0bed,1,short,
SciERC,test,N03-1033,abstract,scierc_entity_relation,processed_data/json/test.json,"We present a new part-of-speech tagger that demonstrates the following ideas : -LRB- i -RRB- explicit use of both preceding and following tag contexts via a dependency network representation , -LRB- ii -RRB- broad use of lexical features , including jointly conditioning on multiple consecutive words , -LRB- iii -RRB- effective use of priors in conditional loglinear models , and -LRB- iv -RRB- fine-grained modeling of unknown word features . Using these ideas together , the resulting tagger gives a 97.24 % accuracy on the Penn Treebank WSJ , an error reduction of 4.4 % on the best previous single automatically learned tagging result .",641,105,2,12,8,1,NER:Material|NER:Method|NER:Metric|NER:OtherScientificTerm|NER:Task|REL:EVALUATE-FOR|REL:USED-FOR,518da4f1000b3b953a6b81ba439d1b730b5b0647496e23fa4267ebec47574c4b,1,short,
SciERC,test,ECCV_2016_212_abs,abstract,scierc_entity_relation,processed_data/json/test.json,"Person re-identification is challenging due to the large variations of pose , illumination , occlusion and camera view . Owing to these variations , the pedestrian data is distributed as highly-curved manifolds in the feature space , despite the current convolutional neural networks -LRB- CNN -RRB- 's capability of feature extraction . However , the distribution is unknown , so it is difficult to use the geodesic distance when comparing two samples . In practice , the current deep embedding methods use the Euclidean distance for the training and test . On the other hand , the manifold learning methods suggest to use the Euclidean distance in the local range , combining with the graphical relationship between samples , for approximating the geodesic distance . From this point of view , selecting suitable positive -LRB- i.e. intra-class -RRB- training samples within a local range is critical for training the CNN embedding , especially when the data has large intra-class variations . In this paper , we propose a novel moderate positive sample mining method to train robust CNN for person re-identification , dealing with the problem of large variation . In addition , we improve the learning by a metric weight constraint , so that the learned metric has a better generalization ability . Experiments show that these two strategies are effective in learning robust deep metrics for person re-identification , and accordingly our deep model significantly outperforms the state-of-the-art methods on several benchmarks of person re-identification . Therefore , the study presented in this paper may be useful in inspiring new designs of deep models for person re-identification .",1690,270,10,36,19,1,NER:Generic|NER:Material|NER:Method|NER:OtherScientificTerm|NER:Task|REL:COMPARE|REL:CONJUNCTION|REL:FEATURE-OF|REL:USED-FOR,71116b3e72296a724ad4930f4afc9576ccba880f15d0ae190a2e1718e7b91a02,1,long,
SciERC,test,ICASSP_1997_706_abs,abstract,scierc_entity_relation,processed_data/json/test.json,"Utterance Verification -LRB- UV -RRB- is a critical function of an Automatic Speech Recognition -LRB- ASR -RRB- System working on real applications where spontaneous speech , out-of-vocabulary -LRB- OOV -RRB- words and acoustic noises are present . In this paper we present a new UV procedure with two major features : a -RRB- Confidence tests are applied to decoded string hypotheses obtained from using word and garbage models that represent OOV words and noises . Thus the ASR system is designed to deal with what we refer to as Word Spotting and Noise Spotting capabilities . b -RRB- The UV procedure is based on three different confidence tests , two based on acoustic measures and one founded on linguistic information , applied in a hierarchical structure . Experimental results from a real telephone application on a natural number recognition task show an 50 % reduction in recognition errors with a moderate 12 % rejection rate of correct utterances and a low 1.5 % rate of false acceptance .",1002,168,5,25,13,1,NER:Generic|NER:Method|NER:Metric|NER:OtherScientificTerm|NER:Task|REL:CONJUNCTION|REL:EVALUATE-FOR|REL:FEATURE-OF|REL:HYPONYM-OF|REL:USED-FOR,87d0d830183e94b9a0a2bf537502363ee89e4ed5c91750826da75b1421e46d56,1,long,
SciERC,test,INTERSPEECH_2008_28_abs,abstract,scierc_entity_relation,processed_data/json/test.json,"A critical step in encoding sound for neuronal processing occurs when the analog pressure wave is coded into discrete nerve-action potentials . Recent pool models of the inner hair cell synapse do not reproduce the dead time period after an intense stimulus , so we used visual inspection and automatic speech recognition -LRB- ASR -RRB- to investigate an offset adaptation -LRB- OA -RRB- model proposed by Zhang et al. -LSB- 1 -RSB- . OA improved phase locking in the auditory nerve -LRB- AN -RRB- and raised ASR accuracy for features derived from AN fibers -LRB- ANFs -RRB- . We also found that OA is crucial for auditory processing by onset neurons -LRB- ONs -RRB- in the next neuronal stage , the auditory brainstem . Multi-layer perceptrons -LRB- MLPs -RRB- performed much better than standard Gaussian mixture models -LRB- GMMs -RRB- for both our ANF-based and ON-based auditory features . Similar results were previously obtained with MSG -LRB- Modulation-filtered Spec-troGram -RRB- auditory features -LSB- 2 -RSB- . Thus we believe researchers working with novel features should consider trying MLPs .",1110,179,7,24,15,1,NER:Method|NER:Metric|NER:OtherScientificTerm|NER:Task|REL:COMPARE|REL:CONJUNCTION|REL:EVALUATE-FOR|REL:USED-FOR,c6c8e52ecab2e200685b4d22663516f79f31cbb2985a1fc0dc1bb7949246d447,1,long,
SciERC,test,ECCV_2016_110_abs,abstract,scierc_entity_relation,processed_data/json/test.json,"Recent progress in computer vision has been driven by high-capacity models trained on large datasets . Unfortunately , creating large datasets with pixel-level labels has been extremely costly due to the amount of human effort required . In this paper , we present an approach to rapidly creating pixel-accurate semantic label maps for images extracted from modern computer games .",381,60,3,9,6,1,NER:Generic|NER:Material|NER:Method|NER:OtherScientificTerm|NER:Task|REL:FEATURE-OF|REL:PART-OF|REL:USED-FOR,e0e0af2cfdb33759335ee37ea36a85404f45d5b8c59ec62ce018c0ee31a1f799,1,short,
SciERC,test,CVPR_2008_258_abs,abstract,scierc_entity_relation,processed_data/json/test.json,"We propose a novel step toward the unsupervised seg-mentation of whole objects by combining '' hints '' of partial scene segmentation offered by multiple soft , binary mattes . These mattes are implied by a set of hypothesized object boundary fragments in the scene . Rather than trying to find or define a single '' best '' segmentation , we generate multiple segmentations of an image . This reflects contemporary methods for unsupervised object discovery from groups of images , and it allows us to define intuitive evaluation met-rics for our sets of segmentations based on the accurate and parsimonious delineation of scene objects . Our proposed approach builds on recent advances in spectral clustering , image matting , and boundary detection . It is demonstrated qualitatively and quantitatively on a dataset of scenes and is suitable for current work in unsupervised object discovery without top-down knowledge .",922,148,6,15,11,1,NER:Generic|NER:Material|NER:Method|NER:OtherScientificTerm|NER:Task|REL:CONJUNCTION|REL:EVALUATE-FOR|REL:USED-FOR,bf02778e7c98fa047bf2871f1c28803056c55c2244315096c9cb8140b6d29960,1,medium,
SciERC,test,C08-2010,abstract,scierc_entity_relation,processed_data/json/test.json,"Language resource quality is crucial in NLP . Many of the resources used are derived from data created by human beings out of an NLP context , especially regarding MT and reference translations . Indeed , automatic evaluations need high-quality data that allow the comparison of both automatic and human translations . The validation of these resources is widely recommended before being used . This paper describes the impact of using different-quality references on evaluation . Surprisingly enough , similar scores are obtained in many cases regardless of the quality . Thus , the limitations of the automatic metrics used within MT are also discussed in this regard .",671,109,7,12,7,1,NER:Generic|NER:Material|NER:Metric|NER:OtherScientificTerm|NER:Task|REL:CONJUNCTION|REL:EVALUATE-FOR|REL:FEATURE-OF|REL:HYPONYM-OF|REL:USED-FOR,d599567a8cf292bfe729e81063e09370c5b28d4dcc30888e7db9414063d697ea,1,medium,
SciERC,test,E93-1066,abstract,scierc_entity_relation,processed_data/json/test.json,"This poster paper describes a full scale two-level morphological description -LRB- Karttunen , 1983 ; Koskenniemi , 1983 -RRB- of Turkish word structures . The description has been implemented using the PC-KIMMO environment -LRB- Antworth , 1990 -RRB- and is based on a root word lexicon of about 23,000 roots words . Almost all the special cases of and exceptions to phonological and morphological rules have been implemented . Turkish is an agglutinative language with word structures formed by productive affixations of derivational and inflectional suffixes to root words . Turkish has finite-state but nevertheless rather complex morphotactics . Morphemes added to a root word or a stem can convert the word from a nominal to a verbal structure or vice-versa , or can create adverbial constructs . The surface realizations of morphological constructions are constrained and modified by a number of phonetic rules such as vowel harmony .",941,149,7,18,8,1,NER:Generic|NER:Material|NER:Method|NER:OtherScientificTerm|NER:Task|REL:FEATURE-OF|REL:HYPONYM-OF|REL:PART-OF|REL:USED-FOR,4f773754122c9678b406b181994f7832f5240c8c275ba119a03329a3aed8223e,1,long,
SciERC,test,INTERSPEECH_2014_40_abs,abstract,scierc_entity_relation,processed_data/json/test.json,"This paper deals with the problem of generating the fundamental frequency -LRB- F0 -RRB- contour of speech from a text input for text-to-speech synthesis . We have previously introduced a statistical model describing the generating process of speech F0 contours , based on the discrete-time version of the Fujisaki model . One remarkable feature of this model is that it has allowed us to derive an efficient algorithm based on powerful statistical methods for estimating the Fujisaki-model parameters from raw F0 contours . To associate a sequence of the Fujisaki-model parameters with a text input based on statistical learning , this paper proposes extending this model to a context-dependent one . We further propose a parameter training algorithm for the present model based on a decision tree-based context clustering .",825,130,5,20,12,1,NER:Generic|NER:Material|NER:Method|NER:OtherScientificTerm|NER:Task|REL:FEATURE-OF|REL:USED-FOR,bdc8ae689711f699c36c542d36c430606435fcebf1af6f765d44970a3b9ba7d2,1,medium,
SciERC,test,CVPR_2010_30_abs,abstract,scierc_entity_relation,processed_data/json/test.json,"We introduce a method to accelerate the evaluation of object detection cascades with the help of a divide-and-conquer procedure in the space of candidate regions . Compared to the exhaustive procedure that thus far is the state-of-the-art for cascade evaluation , the proposed method requires fewer evaluations of the classifier functions , thereby speeding up the search . Furthermore , we show how the recently developed efficient subwindow search -LRB- ESS -RRB- procedure -LSB- 11 -RSB- can be integrated into the last stage of our method . This allows us to use our method to act not only as a faster procedure for cascade evaluation , but also as a tool to perform efficient branch-and-bound object detection with nonlinear quality functions , in particular kernel-ized support vector machines . Experiments on the PASCAL VOC 2006 dataset show an acceleration of more than 50 % by our method compared to standard cascade evaluation .",939,153,5,19,14,1,NER:Generic|NER:Material|NER:Method|NER:OtherScientificTerm|NER:Task|REL:COMPARE|REL:EVALUATE-FOR|REL:FEATURE-OF|REL:HYPONYM-OF|REL:PART-OF|REL:USED-FOR,49295abf182bc2f062d6e950292a56320a1020373331ceb07cc3968fb1f18de1,1,long,
SciERC,test,CVPR_2004_30_abs,abstract,scierc_entity_relation,processed_data/json/test.json,"Background modeling is an important component of many vision systems . Existing work in the area has mostly addressed scenes that consist of static or quasi-static structures . When the scene exhibits a persistent dynamic behavior in time , such an assumption is violated and detection performance deteriorates . In this paper , we propose a new method for the modeling and subtraction of such scenes . Towards the modeling of the dynamic characteristics , optical flow is computed and utilized as a feature in a higher dimensional space . Inherent ambiguities in the computation of features are addressed by using a data-dependent bandwidth for density estimation using kernels . Extensive experiments demonstrate the utility and performance of the proposed approach .",769,122,7,19,11,1,NER:Generic|NER:Method|NER:OtherScientificTerm|NER:Task|REL:FEATURE-OF|REL:PART-OF|REL:USED-FOR,939c0f33cb1812ce93bab8bcc6e1881ea83094f66871a0bf038ef3eea6592b70,1,medium,
SciERC,test,INTERSPEECH_2007_40_abs,abstract,scierc_entity_relation,processed_data/json/test.json,"Information distillation aims to extract relevant pieces of information related to a given query from massive , possibly multilingual , audio and textual document sources . In this paper , we present our approach for using information extraction annotations to augment document retrieval for distillation . We take advantage of the fact that some of the distillation queries can be associated with annotation elements introduced for the NIST Automatic Content Extraction -LRB- ACE -RRB- task . We experimentally show that using the ACE events to constrain the document set returned by an information retrieval engine significantly improves the precision at various recall rates for two different query templates .",713,109,4,11,1,1,NER:Material|NER:Method|NER:Metric|NER:OtherScientificTerm|NER:Task|REL:USED-FOR,1caa714b1bc3c1d96078b7325a0d8baff0b872a9299feaa37d4d41685fe4dba1,1,medium,
SciERC,test,CVPR_2003_30_abs,abstract,scierc_entity_relation,processed_data/json/test.json,"This paper presents a novel representation for three-dimensional objects in terms of affine-invariant image patches and their spatial relationships . Multi-view constraints associated with groups of patches are combined with a normalized representation of their appearance to guide matching and reconstruction , allowing the acquisition of true three-dimensional affine and Euclidean models from multiple images and their recognition in a single photograph taken from an arbitrary viewpoint . The proposed approach does not require a separate segmentation stage and is applicable to cluttered scenes . Preliminary modeling and recognition results are presented .",662,93,4,14,11,1,NER:Generic|NER:Material|NER:Method|NER:OtherScientificTerm|NER:Task|REL:CONJUNCTION|REL:FEATURE-OF|REL:USED-FOR,e607b6002c2bd7b073c8d9d1bbac113906b376e63d49a608a7ae28ee44bf74e5,1,short,
SciERC,test,NIPS_2016_80_abs,abstract,scierc_entity_relation,processed_data/json/test.json,"Fast algorithms for nearest neighbor -LRB- NN -RRB- search have in large part focused on 2 distance . Here we develop an approach for 1 distance that begins with an explicit and exactly distance-preserving embedding of the points into 2 2 . We show how this can efficiently be combined with random-projection based methods for 2 NN search , such as locality-sensitive hashing -LRB- LSH -RRB- or random projection trees . We rigorously establish the correctness of the methodology and show by experimentation using LSH that it is competitive in practice with available alternatives .",582,95,4,14,8,1,NER:Generic|NER:Method|NER:OtherScientificTerm|NER:Task|REL:COMPARE|REL:CONJUNCTION|REL:HYPONYM-OF|REL:USED-FOR,583168cce42d805d1f710bc8d27ebc50c6507c86f5110d65189a8096b0ded2ca,1,short,
