=== GPU-AWARE EXPERIMENT SCHEDULER ===
[ROOT] /home/tahiti/PromptStressLab
[PYTHON_BIN] /home/tahiti/Forensics/.venv_forensics/bin/python
[ALLOWED_GPUS] [0]
[MAX_PARALLEL_MODELS] 1
[POLL_SECONDS] 30
[MAX_START_UTILIZATION] 20
[SCHEDULER_HEARTBEAT] running=[] | gpu0:free=15.1GiB util=55% | remaining: gemma_3_12b_it=2842, mistral_7b_instruct_v03=2836, qwen3_8b=2842
[SCHEDULER_HEARTBEAT] running=[] | gpu0:free=1.8GiB util=83% | remaining: gemma_3_12b_it=2842, mistral_7b_instruct_v03=2836, qwen3_8b=2842
[SCHEDULER_HEARTBEAT] running=[] | gpu0:free=2.0GiB util=84% | remaining: gemma_3_12b_it=2842, mistral_7b_instruct_v03=2835, qwen3_8b=2842
[SCHEDULER_HEARTBEAT] running=[] | gpu0:free=1.8GiB util=86% | remaining: gemma_3_12b_it=2842, mistral_7b_instruct_v03=2834, qwen3_8b=2842
[SCHEDULER_HEARTBEAT] running=[] | gpu0:free=1.9GiB util=85% | remaining: gemma_3_12b_it=2842, mistral_7b_instruct_v03=2834, qwen3_8b=2842
[SCHEDULER_HEARTBEAT] running=[] | gpu0:free=2.0GiB util=87% | remaining: gemma_3_12b_it=2842, mistral_7b_instruct_v03=2833, qwen3_8b=2842
[SCHEDULER_HEARTBEAT] running=[] | gpu0:free=1.8GiB util=85% | remaining: gemma_3_12b_it=2842, mistral_7b_instruct_v03=2833, qwen3_8b=2842
[SCHEDULER_HEARTBEAT] running=[] | gpu0:free=1.8GiB util=81% | remaining: gemma_3_12b_it=2842, mistral_7b_instruct_v03=2833, qwen3_8b=2842
[SCHEDULER_HEARTBEAT] running=[] | gpu0:free=2.0GiB util=83% | remaining: gemma_3_12b_it=2842, mistral_7b_instruct_v03=2833, qwen3_8b=2842
[SCHEDULER_HEARTBEAT] running=[] | gpu0:free=2.0GiB util=84% | remaining: gemma_3_12b_it=2842, mistral_7b_instruct_v03=2832, qwen3_8b=2842
[SCHEDULER_HEARTBEAT] running=[] | gpu0:free=1.9GiB util=84% | remaining: gemma_3_12b_it=2842, mistral_7b_instruct_v03=2832, qwen3_8b=2842
[SCHEDULER_HEARTBEAT] running=[] | gpu0:free=2.0GiB util=88% | remaining: gemma_3_12b_it=2842, mistral_7b_instruct_v03=2831, qwen3_8b=2842
[SCHEDULER_HEARTBEAT] running=[] | gpu0:free=2.0GiB util=87% | remaining: gemma_3_12b_it=2842, mistral_7b_instruct_v03=2831, qwen3_8b=2842
[SCHEDULER_HEARTBEAT] running=[] | gpu0:free=1.8GiB util=87% | remaining: gemma_3_12b_it=2842, mistral_7b_instruct_v03=2831, qwen3_8b=2842
[SCHEDULER_HEARTBEAT] running=[] | gpu0:free=1.8GiB util=84% | remaining: gemma_3_12b_it=2842, mistral_7b_instruct_v03=2830, qwen3_8b=2842
[SCHEDULER_HEARTBEAT] running=[] | gpu0:free=1.8GiB util=86% | remaining: gemma_3_12b_it=2842, mistral_7b_instruct_v03=2829, qwen3_8b=2842
[SCHEDULER_HEARTBEAT] running=[] | gpu0:free=2.0GiB util=84% | remaining: gemma_3_12b_it=2842, mistral_7b_instruct_v03=2829, qwen3_8b=2842
[SCHEDULER_HEARTBEAT] running=[] | gpu0:free=1.9GiB util=84% | remaining: gemma_3_12b_it=2842, mistral_7b_instruct_v03=2828, qwen3_8b=2842
[SCHEDULER_HEARTBEAT] running=[] | gpu0:free=1.9GiB util=86% | remaining: gemma_3_12b_it=2842, mistral_7b_instruct_v03=2828, qwen3_8b=2842
[SCHEDULER_HEARTBEAT] running=[] | gpu0:free=2.0GiB util=83% | remaining: gemma_3_12b_it=2842, mistral_7b_instruct_v03=2827, qwen3_8b=2842
[SCHEDULER_HEARTBEAT] running=[] | gpu0:free=1.9GiB util=84% | remaining: gemma_3_12b_it=2842, mistral_7b_instruct_v03=2827, qwen3_8b=2842
[SCHEDULER_HEARTBEAT] running=[] | gpu0:free=1.8GiB util=87% | remaining: gemma_3_12b_it=2842, mistral_7b_instruct_v03=2826, qwen3_8b=2842
[SCHEDULER_HEARTBEAT] running=[] | gpu0:free=1.9GiB util=82% | remaining: gemma_3_12b_it=2842, mistral_7b_instruct_v03=2826, qwen3_8b=2842
[SCHEDULER_HEARTBEAT] running=[] | gpu0:free=2.0GiB util=85% | remaining: gemma_3_12b_it=2842, mistral_7b_instruct_v03=2825, qwen3_8b=2842
[SCHEDULER_HEARTBEAT] running=[] | gpu0:free=1.8GiB util=86% | remaining: gemma_3_12b_it=2842, mistral_7b_instruct_v03=2825, qwen3_8b=2842
[SCHEDULER_HEARTBEAT] running=[] | gpu0:free=1.8GiB util=88% | remaining: gemma_3_12b_it=2842, mistral_7b_instruct_v03=2824, qwen3_8b=2842
[SCHEDULER_HEARTBEAT] running=[] | gpu0:free=1.8GiB util=84% | remaining: gemma_3_12b_it=2842, mistral_7b_instruct_v03=2823, qwen3_8b=2842
[SCHEDULER_HEARTBEAT] running=[] | gpu0:free=1.9GiB util=86% | remaining: gemma_3_12b_it=2842, mistral_7b_instruct_v03=2823, qwen3_8b=2842
[SCHEDULER_HEARTBEAT] running=[] | gpu0:free=1.8GiB util=88% | remaining: gemma_3_12b_it=2842, mistral_7b_instruct_v03=2822, qwen3_8b=2842
[SCHEDULER_HEARTBEAT] running=[] | gpu0:free=1.9GiB util=88% | remaining: gemma_3_12b_it=2842, mistral_7b_instruct_v03=2822, qwen3_8b=2842
[SCHEDULER_HEARTBEAT] running=[] | gpu0:free=2.0GiB util=86% | remaining: gemma_3_12b_it=2842, mistral_7b_instruct_v03=2822, qwen3_8b=2842
[SCHEDULER_HEARTBEAT] running=[] | gpu0:free=2.0GiB util=87% | remaining: gemma_3_12b_it=2842, mistral_7b_instruct_v03=2821, qwen3_8b=2842
[SCHEDULER_HEARTBEAT] running=[] | gpu0:free=1.9GiB util=84% | remaining: gemma_3_12b_it=2842, mistral_7b_instruct_v03=2821, qwen3_8b=2842
[SCHEDULER_HEARTBEAT] running=[] | gpu0:free=2.0GiB util=83% | remaining: gemma_3_12b_it=2842, mistral_7b_instruct_v03=2821, qwen3_8b=2842
[SCHEDULER_HEARTBEAT] running=[] | gpu0:free=2.0GiB util=85% | remaining: gemma_3_12b_it=2842, mistral_7b_instruct_v03=2820, qwen3_8b=2842
[SCHEDULER_HEARTBEAT] running=[] | gpu0:free=1.8GiB util=86% | remaining: gemma_3_12b_it=2842, mistral_7b_instruct_v03=2819, qwen3_8b=2842
[SCHEDULER_HEARTBEAT] running=[] | gpu0:free=1.9GiB util=85% | remaining: gemma_3_12b_it=2842, mistral_7b_instruct_v03=2819, qwen3_8b=2842
[SCHEDULER_HEARTBEAT] running=[] | gpu0:free=2.0GiB util=89% | remaining: gemma_3_12b_it=2842, mistral_7b_instruct_v03=2818, qwen3_8b=2842
[SCHEDULER_HEARTBEAT] running=[] | gpu0:free=1.9GiB util=87% | remaining: gemma_3_12b_it=2842, mistral_7b_instruct_v03=2818, qwen3_8b=2842
[SCHEDULER_HEARTBEAT] running=[] | gpu0:free=1.9GiB util=84% | remaining: gemma_3_12b_it=2842, mistral_7b_instruct_v03=2818, qwen3_8b=2842
[SCHEDULER_HEARTBEAT] running=[] | gpu0:free=2.0GiB util=86% | remaining: gemma_3_12b_it=2842, mistral_7b_instruct_v03=2817, qwen3_8b=2842
[SCHEDULER_HEARTBEAT] running=[] | gpu0:free=1.8GiB util=85% | remaining: gemma_3_12b_it=2842, mistral_7b_instruct_v03=2816, qwen3_8b=2842
[SCHEDULER_HEARTBEAT] running=[] | gpu0:free=1.9GiB util=85% | remaining: gemma_3_12b_it=2842, mistral_7b_instruct_v03=2816, qwen3_8b=2842
[SCHEDULER_HEARTBEAT] running=[] | gpu0:free=1.8GiB util=83% | remaining: gemma_3_12b_it=2842, mistral_7b_instruct_v03=2815, qwen3_8b=2842
[SCHEDULER_HEARTBEAT] running=[] | gpu0:free=1.8GiB util=88% | remaining: gemma_3_12b_it=2842, mistral_7b_instruct_v03=2815, qwen3_8b=2842
[SCHEDULER_HEARTBEAT] running=[] | gpu0:free=1.8GiB util=83% | remaining: gemma_3_12b_it=2842, mistral_7b_instruct_v03=2815, qwen3_8b=2842
[SCHEDULER_HEARTBEAT] running=[] | gpu0:free=2.0GiB util=89% | remaining: gemma_3_12b_it=2842, mistral_7b_instruct_v03=2814, qwen3_8b=2842
[SCHEDULER_HEARTBEAT] running=[] | gpu0:free=2.0GiB util=88% | remaining: gemma_3_12b_it=2842, mistral_7b_instruct_v03=2814, qwen3_8b=2842
[SCHEDULER_HEARTBEAT] running=[] | gpu0:free=1.9GiB util=88% | remaining: gemma_3_12b_it=2842, mistral_7b_instruct_v03=2814, qwen3_8b=2842
[SCHEDULER_HEARTBEAT] running=[] | gpu0:free=1.9GiB util=85% | remaining: gemma_3_12b_it=2842, mistral_7b_instruct_v03=2813, qwen3_8b=2842
[SCHEDULER_HEARTBEAT] running=[] | gpu0:free=1.9GiB util=85% | remaining: gemma_3_12b_it=2842, mistral_7b_instruct_v03=2813, qwen3_8b=2842
[SCHEDULER_HEARTBEAT] running=[] | gpu0:free=2.0GiB util=86% | remaining: gemma_3_12b_it=2842, mistral_7b_instruct_v03=2812, qwen3_8b=2842
[SCHEDULER_HEARTBEAT] running=[] | gpu0:free=1.9GiB util=85% | remaining: gemma_3_12b_it=2842, mistral_7b_instruct_v03=2812, qwen3_8b=2842
[SCHEDULER_HEARTBEAT] running=[] | gpu0:free=1.9GiB util=85% | remaining: gemma_3_12b_it=2842, mistral_7b_instruct_v03=2812, qwen3_8b=2842
[SCHEDULER_HEARTBEAT] running=[] | gpu0:free=1.9GiB util=82% | remaining: gemma_3_12b_it=2842, mistral_7b_instruct_v03=2811, qwen3_8b=2842
[SCHEDULER_HEARTBEAT] running=[] | gpu0:free=1.9GiB util=82% | remaining: gemma_3_12b_it=2842, mistral_7b_instruct_v03=2810, qwen3_8b=2842
[SCHEDULER_HEARTBEAT] running=[] | gpu0:free=2.0GiB util=88% | remaining: gemma_3_12b_it=2842, mistral_7b_instruct_v03=2810, qwen3_8b=2842
[SCHEDULER_HEARTBEAT] running=[] | gpu0:free=1.9GiB util=89% | remaining: gemma_3_12b_it=2842, mistral_7b_instruct_v03=2810, qwen3_8b=2842
[SCHEDULER_HEARTBEAT] running=[] | gpu0:free=1.9GiB util=85% | remaining: gemma_3_12b_it=2842, mistral_7b_instruct_v03=2809, qwen3_8b=2842
[SCHEDULER_HEARTBEAT] running=[] | gpu0:free=1.8GiB util=84% | remaining: gemma_3_12b_it=2842, mistral_7b_instruct_v03=2809, qwen3_8b=2842
[SCHEDULER_HEARTBEAT] running=[] | gpu0:free=1.8GiB util=85% | remaining: gemma_3_12b_it=2842, mistral_7b_instruct_v03=2809, qwen3_8b=2842
[SCHEDULER_HEARTBEAT] running=[] | gpu0:free=1.9GiB util=84% | remaining: gemma_3_12b_it=2842, mistral_7b_instruct_v03=2809, qwen3_8b=2842
[SCHEDULER_HEARTBEAT] running=[] | gpu0:free=1.9GiB util=87% | remaining: gemma_3_12b_it=2842, mistral_7b_instruct_v03=2809, qwen3_8b=2842
[SCHEDULER_HEARTBEAT] running=[] | gpu0:free=1.8GiB util=85% | remaining: gemma_3_12b_it=2842, mistral_7b_instruct_v03=2808, qwen3_8b=2842
[SCHEDULER_HEARTBEAT] running=[] | gpu0:free=1.8GiB util=84% | remaining: gemma_3_12b_it=2842, mistral_7b_instruct_v03=2807, qwen3_8b=2842
[SCHEDULER_HEARTBEAT] running=[] | gpu0:free=1.8GiB util=85% | remaining: gemma_3_12b_it=2842, mistral_7b_instruct_v03=2807, qwen3_8b=2842
[SCHEDULER_HEARTBEAT] running=[] | gpu0:free=1.7GiB util=95% | remaining: gemma_3_12b_it=2842, mistral_7b_instruct_v03=2807, qwen3_8b=2842
[SCHEDULER_HEARTBEAT] running=[] | gpu0:free=1.9GiB util=86% | remaining: gemma_3_12b_it=2842, mistral_7b_instruct_v03=2806, qwen3_8b=2842
[SCHEDULER_HEARTBEAT] running=[] | gpu0:free=2.0GiB util=85% | remaining: gemma_3_12b_it=2842, mistral_7b_instruct_v03=2806, qwen3_8b=2842
[SCHEDULER_HEARTBEAT] running=[] | gpu0:free=1.8GiB util=86% | remaining: gemma_3_12b_it=2842, mistral_7b_instruct_v03=2805, qwen3_8b=2842
[SCHEDULER_HEARTBEAT] running=[] | gpu0:free=2.0GiB util=84% | remaining: gemma_3_12b_it=2842, mistral_7b_instruct_v03=2805, qwen3_8b=2842
[SCHEDULER_HEARTBEAT] running=[] | gpu0:free=1.9GiB util=85% | remaining: gemma_3_12b_it=2842, mistral_7b_instruct_v03=2805, qwen3_8b=2842
[SCHEDULER_HEARTBEAT] running=[] | gpu0:free=1.9GiB util=86% | remaining: gemma_3_12b_it=2842, mistral_7b_instruct_v03=2804, qwen3_8b=2842
[SCHEDULER_HEARTBEAT] running=[] | gpu0:free=1.8GiB util=84% | remaining: gemma_3_12b_it=2842, mistral_7b_instruct_v03=2804, qwen3_8b=2842
[SCHEDULER_HEARTBEAT] running=[] | gpu0:free=1.8GiB util=88% | remaining: gemma_3_12b_it=2842, mistral_7b_instruct_v03=2803, qwen3_8b=2842
[SCHEDULER_HEARTBEAT] running=[] | gpu0:free=1.9GiB util=87% | remaining: gemma_3_12b_it=2842, mistral_7b_instruct_v03=2803, qwen3_8b=2842
[SCHEDULER_HEARTBEAT] running=[] | gpu0:free=2.0GiB util=85% | remaining: gemma_3_12b_it=2842, mistral_7b_instruct_v03=2803, qwen3_8b=2842
[SCHEDULER_HEARTBEAT] running=[] | gpu0:free=1.9GiB util=85% | remaining: gemma_3_12b_it=2842, mistral_7b_instruct_v03=2802, qwen3_8b=2842
[SCHEDULER_HEARTBEAT] running=[] | gpu0:free=2.0GiB util=86% | remaining: gemma_3_12b_it=2842, mistral_7b_instruct_v03=2801, qwen3_8b=2842
[SCHEDULER_HEARTBEAT] running=[] | gpu0:free=1.8GiB util=90% | remaining: gemma_3_12b_it=2842, mistral_7b_instruct_v03=2801, qwen3_8b=2842
[SCHEDULER_HEARTBEAT] running=[] | gpu0:free=1.9GiB util=87% | remaining: gemma_3_12b_it=2842, mistral_7b_instruct_v03=2801, qwen3_8b=2842
[SCHEDULER_HEARTBEAT] running=[] | gpu0:free=1.9GiB util=88% | remaining: gemma_3_12b_it=2842, mistral_7b_instruct_v03=2801, qwen3_8b=2842
[SCHEDULER_HEARTBEAT] running=[] | gpu0:free=1.9GiB util=88% | remaining: gemma_3_12b_it=2842, mistral_7b_instruct_v03=2800, qwen3_8b=2842
[SCHEDULER_HEARTBEAT] running=[] | gpu0:free=2.0GiB util=83% | remaining: gemma_3_12b_it=2842, mistral_7b_instruct_v03=2799, qwen3_8b=2842
[SCHEDULER_HEARTBEAT] running=[] | gpu0:free=1.8GiB util=87% | remaining: gemma_3_12b_it=2842, mistral_7b_instruct_v03=2799, qwen3_8b=2842
[SCHEDULER_HEARTBEAT] running=[] | gpu0:free=1.9GiB util=87% | remaining: gemma_3_12b_it=2842, mistral_7b_instruct_v03=2799, qwen3_8b=2842
[SCHEDULER_HEARTBEAT] running=[] | gpu0:free=1.8GiB util=84% | remaining: gemma_3_12b_it=2842, mistral_7b_instruct_v03=2798, qwen3_8b=2842
[SCHEDULER_HEARTBEAT] running=[] | gpu0:free=1.9GiB util=83% | remaining: gemma_3_12b_it=2842, mistral_7b_instruct_v03=2797, qwen3_8b=2842
[SCHEDULER_HEARTBEAT] running=[] | gpu0:free=1.9GiB util=84% | remaining: gemma_3_12b_it=2842, mistral_7b_instruct_v03=2797, qwen3_8b=2842
[SCHEDULER_HEARTBEAT] running=[] | gpu0:free=1.7GiB util=85% | remaining: gemma_3_12b_it=2842, mistral_7b_instruct_v03=2797, qwen3_8b=2842
[SCHEDULER_HEARTBEAT] running=[] | gpu0:free=2.0GiB util=89% | remaining: gemma_3_12b_it=2842, mistral_7b_instruct_v03=2796, qwen3_8b=2842
[SCHEDULER_HEARTBEAT] running=[] | gpu0:free=1.9GiB util=86% | remaining: gemma_3_12b_it=2842, mistral_7b_instruct_v03=2796, qwen3_8b=2842
[SCHEDULER_HEARTBEAT] running=[] | gpu0:free=2.0GiB util=83% | remaining: gemma_3_12b_it=2842, mistral_7b_instruct_v03=2795, qwen3_8b=2842
[SCHEDULER_HEARTBEAT] running=[] | gpu0:free=1.9GiB util=82% | remaining: gemma_3_12b_it=2842, mistral_7b_instruct_v03=2795, qwen3_8b=2842
[SCHEDULER_HEARTBEAT] running=[] | gpu0:free=1.9GiB util=86% | remaining: gemma_3_12b_it=2842, mistral_7b_instruct_v03=2795, qwen3_8b=2842
[SCHEDULER_HEARTBEAT] running=[] | gpu0:free=2.0GiB util=86% | remaining: gemma_3_12b_it=2842, mistral_7b_instruct_v03=2795, qwen3_8b=2842
[SCHEDULER_HEARTBEAT] running=[] | gpu0:free=1.9GiB util=85% | remaining: gemma_3_12b_it=2842, mistral_7b_instruct_v03=2794, qwen3_8b=2842
[SCHEDULER_HEARTBEAT] running=[] | gpu0:free=1.8GiB util=83% | remaining: gemma_3_12b_it=2842, mistral_7b_instruct_v03=2794, qwen3_8b=2842
[SCHEDULER_HEARTBEAT] running=[] | gpu0:free=1.8GiB util=82% | remaining: gemma_3_12b_it=2842, mistral_7b_instruct_v03=2793, qwen3_8b=2842
[SCHEDULER_HEARTBEAT] running=[] | gpu0:free=1.9GiB util=85% | remaining: gemma_3_12b_it=2842, mistral_7b_instruct_v03=2792, qwen3_8b=2842
[SCHEDULER_HEARTBEAT] running=[] | gpu0:free=2.0GiB util=83% | remaining: gemma_3_12b_it=2842, mistral_7b_instruct_v03=2792, qwen3_8b=2842
[SCHEDULER_HEARTBEAT] running=[] | gpu0:free=1.9GiB util=87% | remaining: gemma_3_12b_it=2842, mistral_7b_instruct_v03=2791, qwen3_8b=2842
[SCHEDULER_HEARTBEAT] running=[] | gpu0:free=2.0GiB util=89% | remaining: gemma_3_12b_it=2842, mistral_7b_instruct_v03=2790, qwen3_8b=2842
[SCHEDULER_HEARTBEAT] running=[] | gpu0:free=1.9GiB util=86% | remaining: gemma_3_12b_it=2842, mistral_7b_instruct_v03=2790, qwen3_8b=2842
[SCHEDULER_HEARTBEAT] running=[] | gpu0:free=1.9GiB util=83% | remaining: gemma_3_12b_it=2842, mistral_7b_instruct_v03=2790, qwen3_8b=2842
[SCHEDULER_HEARTBEAT] running=[] | gpu0:free=1.9GiB util=82% | remaining: gemma_3_12b_it=2842, mistral_7b_instruct_v03=2789, qwen3_8b=2842
[SCHEDULER_HEARTBEAT] running=[] | gpu0:free=1.8GiB util=86% | remaining: gemma_3_12b_it=2842, mistral_7b_instruct_v03=2789, qwen3_8b=2842
[SCHEDULER_HEARTBEAT] running=[] | gpu0:free=1.7GiB util=86% | remaining: gemma_3_12b_it=2842, mistral_7b_instruct_v03=2789, qwen3_8b=2842
[SCHEDULER_HEARTBEAT] running=[] | gpu0:free=2.0GiB util=88% | remaining: gemma_3_12b_it=2842, mistral_7b_instruct_v03=2788, qwen3_8b=2842
[SCHEDULER_HEARTBEAT] running=[] | gpu0:free=1.8GiB util=90% | remaining: gemma_3_12b_it=2842, mistral_7b_instruct_v03=2788, qwen3_8b=2842
[SCHEDULER_HEARTBEAT] running=[] | gpu0:free=2.0GiB util=87% | remaining: gemma_3_12b_it=2842, mistral_7b_instruct_v03=2787, qwen3_8b=2842
[SCHEDULER_HEARTBEAT] running=[] | gpu0:free=1.9GiB util=83% | remaining: gemma_3_12b_it=2842, mistral_7b_instruct_v03=2787, qwen3_8b=2842
[SCHEDULER_HEARTBEAT] running=[] | gpu0:free=1.9GiB util=84% | remaining: gemma_3_12b_it=2842, mistral_7b_instruct_v03=2787, qwen3_8b=2842
[SCHEDULER_HEARTBEAT] running=[] | gpu0:free=1.9GiB util=88% | remaining: gemma_3_12b_it=2842, mistral_7b_instruct_v03=2787, qwen3_8b=2842
[SCHEDULER_HEARTBEAT] running=[] | gpu0:free=1.9GiB util=86% | remaining: gemma_3_12b_it=2842, mistral_7b_instruct_v03=2786, qwen3_8b=2842
[SCHEDULER_HEARTBEAT] running=[] | gpu0:free=1.8GiB util=88% | remaining: gemma_3_12b_it=2842, mistral_7b_instruct_v03=2786, qwen3_8b=2842
[SCHEDULER_HEARTBEAT] running=[] | gpu0:free=1.9GiB util=96% | remaining: gemma_3_12b_it=2842, mistral_7b_instruct_v03=2785, qwen3_8b=2842
[SCHEDULER_HEARTBEAT] running=[] | gpu0:free=1.9GiB util=84% | remaining: gemma_3_12b_it=2842, mistral_7b_instruct_v03=2785, qwen3_8b=2842
[SCHEDULER_HEARTBEAT] running=[] | gpu0:free=1.9GiB util=85% | remaining: gemma_3_12b_it=2842, mistral_7b_instruct_v03=2784, qwen3_8b=2842
[SCHEDULER_HEARTBEAT] running=[] | gpu0:free=2.0GiB util=88% | remaining: gemma_3_12b_it=2842, mistral_7b_instruct_v03=2783, qwen3_8b=2842
[SCHEDULER_HEARTBEAT] running=[] | gpu0:free=1.9GiB util=84% | remaining: gemma_3_12b_it=2842, mistral_7b_instruct_v03=2783, qwen3_8b=2842
[SCHEDULER_HEARTBEAT] running=[] | gpu0:free=1.9GiB util=88% | remaining: gemma_3_12b_it=2842, mistral_7b_instruct_v03=2783, qwen3_8b=2842
[SCHEDULER_HEARTBEAT] running=[] | gpu0:free=1.9GiB util=86% | remaining: gemma_3_12b_it=2842, mistral_7b_instruct_v03=2783, qwen3_8b=2842
[SCHEDULER_HEARTBEAT] running=[] | gpu0:free=1.8GiB util=85% | remaining: gemma_3_12b_it=2842, mistral_7b_instruct_v03=2782, qwen3_8b=2842
[SCHEDULER_HEARTBEAT] running=[] | gpu0:free=1.9GiB util=84% | remaining: gemma_3_12b_it=2842, mistral_7b_instruct_v03=2782, qwen3_8b=2842
[SCHEDULER_HEARTBEAT] running=[] | gpu0:free=1.8GiB util=89% | remaining: gemma_3_12b_it=2842, mistral_7b_instruct_v03=2782, qwen3_8b=2842
[SCHEDULER_HEARTBEAT] running=[] | gpu0:free=1.8GiB util=84% | remaining: gemma_3_12b_it=2842, mistral_7b_instruct_v03=2781, qwen3_8b=2842
[SCHEDULER_HEARTBEAT] running=[] | gpu0:free=1.8GiB util=84% | remaining: gemma_3_12b_it=2842, mistral_7b_instruct_v03=2781, qwen3_8b=2842
[SCHEDULER_HEARTBEAT] running=[] | gpu0:free=2.0GiB util=83% | remaining: gemma_3_12b_it=2842, mistral_7b_instruct_v03=2781, qwen3_8b=2842
[SCHEDULER_HEARTBEAT] running=[] | gpu0:free=1.8GiB util=83% | remaining: gemma_3_12b_it=2842, mistral_7b_instruct_v03=2780, qwen3_8b=2842
[SCHEDULER_HEARTBEAT] running=[] | gpu0:free=1.9GiB util=88% | remaining: gemma_3_12b_it=2842, mistral_7b_instruct_v03=2780, qwen3_8b=2842
[SCHEDULER_HEARTBEAT] running=[] | gpu0:free=1.9GiB util=84% | remaining: gemma_3_12b_it=2842, mistral_7b_instruct_v03=2780, qwen3_8b=2842
[SCHEDULER_HEARTBEAT] running=[] | gpu0:free=1.7GiB util=86% | remaining: gemma_3_12b_it=2842, mistral_7b_instruct_v03=2780, qwen3_8b=2842
[SCHEDULER_HEARTBEAT] running=[] | gpu0:free=1.8GiB util=84% | remaining: gemma_3_12b_it=2842, mistral_7b_instruct_v03=2779, qwen3_8b=2842
[SCHEDULER_HEARTBEAT] running=[] | gpu0:free=1.8GiB util=88% | remaining: gemma_3_12b_it=2842, mistral_7b_instruct_v03=2778, qwen3_8b=2842
[SCHEDULER_HEARTBEAT] running=[] | gpu0:free=2.0GiB util=90% | remaining: gemma_3_12b_it=2842, mistral_7b_instruct_v03=2778, qwen3_8b=2842
[SCHEDULER_HEARTBEAT] running=[] | gpu0:free=1.8GiB util=83% | remaining: gemma_3_12b_it=2842, mistral_7b_instruct_v03=2777, qwen3_8b=2842
[SCHEDULER_HEARTBEAT] running=[] | gpu0:free=1.8GiB util=87% | remaining: gemma_3_12b_it=2842, mistral_7b_instruct_v03=2777, qwen3_8b=2842
[SCHEDULER_HEARTBEAT] running=[] | gpu0:free=1.8GiB util=84% | remaining: gemma_3_12b_it=2842, mistral_7b_instruct_v03=2776, qwen3_8b=2842
[SCHEDULER_HEARTBEAT] running=[] | gpu0:free=1.9GiB util=88% | remaining: gemma_3_12b_it=2842, mistral_7b_instruct_v03=2775, qwen3_8b=2842
[SCHEDULER_HEARTBEAT] running=[] | gpu0:free=1.9GiB util=82% | remaining: gemma_3_12b_it=2842, mistral_7b_instruct_v03=2775, qwen3_8b=2842
[SCHEDULER_HEARTBEAT] running=[] | gpu0:free=1.7GiB util=87% | remaining: gemma_3_12b_it=2842, mistral_7b_instruct_v03=2775, qwen3_8b=2842
[SCHEDULER_HEARTBEAT] running=[] | gpu0:free=1.9GiB util=86% | remaining: gemma_3_12b_it=2842, mistral_7b_instruct_v03=2774, qwen3_8b=2842
[SCHEDULER_HEARTBEAT] running=[] | gpu0:free=1.9GiB util=87% | remaining: gemma_3_12b_it=2842, mistral_7b_instruct_v03=2773, qwen3_8b=2842
[SCHEDULER_HEARTBEAT] running=[] | gpu0:free=1.9GiB util=87% | remaining: gemma_3_12b_it=2842, mistral_7b_instruct_v03=2773, qwen3_8b=2842
[SCHEDULER_HEARTBEAT] running=[] | gpu0:free=1.9GiB util=88% | remaining: gemma_3_12b_it=2842, mistral_7b_instruct_v03=2773, qwen3_8b=2842
[SCHEDULER_HEARTBEAT] running=[] | gpu0:free=1.9GiB util=84% | remaining: gemma_3_12b_it=2842, mistral_7b_instruct_v03=2773, qwen3_8b=2842
[SCHEDULER_HEARTBEAT] running=[] | gpu0:free=1.9GiB util=86% | remaining: gemma_3_12b_it=2842, mistral_7b_instruct_v03=2773, qwen3_8b=2842
[SCHEDULER_HEARTBEAT] running=[] | gpu0:free=2.0GiB util=89% | remaining: gemma_3_12b_it=2842, mistral_7b_instruct_v03=2772, qwen3_8b=2842
[SCHEDULER_HEARTBEAT] running=[] | gpu0:free=1.8GiB util=86% | remaining: gemma_3_12b_it=2842, mistral_7b_instruct_v03=2771, qwen3_8b=2842
[SCHEDULER_HEARTBEAT] running=[] | gpu0:free=1.8GiB util=85% | remaining: gemma_3_12b_it=2842, mistral_7b_instruct_v03=2771, qwen3_8b=2842
[SCHEDULER_HEARTBEAT] running=[] | gpu0:free=1.8GiB util=83% | remaining: gemma_3_12b_it=2842, mistral_7b_instruct_v03=2771, qwen3_8b=2842
[SCHEDULER_HEARTBEAT] running=[] | gpu0:free=1.8GiB util=89% | remaining: gemma_3_12b_it=2842, mistral_7b_instruct_v03=2770, qwen3_8b=2842
[SCHEDULER_HEARTBEAT] running=[] | gpu0:free=1.8GiB util=86% | remaining: gemma_3_12b_it=2842, mistral_7b_instruct_v03=2770, qwen3_8b=2842
[SCHEDULER_HEARTBEAT] running=[] | gpu0:free=2.0GiB util=84% | remaining: gemma_3_12b_it=2842, mistral_7b_instruct_v03=2770, qwen3_8b=2842
[SCHEDULER_HEARTBEAT] running=[] | gpu0:free=1.9GiB util=87% | remaining: gemma_3_12b_it=2842, mistral_7b_instruct_v03=2769, qwen3_8b=2842
[SCHEDULER_HEARTBEAT] running=[] | gpu0:free=1.8GiB util=85% | remaining: gemma_3_12b_it=2842, mistral_7b_instruct_v03=2769, qwen3_8b=2842
[SCHEDULER_HEARTBEAT] running=[] | gpu0:free=1.7GiB util=94% | remaining: gemma_3_12b_it=2842, mistral_7b_instruct_v03=2769, qwen3_8b=2842
[SCHEDULER_HEARTBEAT] running=[] | gpu0:free=1.7GiB util=85% | remaining: gemma_3_12b_it=2842, mistral_7b_instruct_v03=2769, qwen3_8b=2842
[SCHEDULER_HEARTBEAT] running=[] | gpu0:free=1.8GiB util=88% | remaining: gemma_3_12b_it=2842, mistral_7b_instruct_v03=2768, qwen3_8b=2842
[SCHEDULER_HEARTBEAT] running=[] | gpu0:free=1.9GiB util=87% | remaining: gemma_3_12b_it=2842, mistral_7b_instruct_v03=2768, qwen3_8b=2842
[SCHEDULER_HEARTBEAT] running=[] | gpu0:free=1.9GiB util=89% | remaining: gemma_3_12b_it=2842, mistral_7b_instruct_v03=2767, qwen3_8b=2842
[SCHEDULER_HEARTBEAT] running=[] | gpu0:free=1.8GiB util=87% | remaining: gemma_3_12b_it=2842, mistral_7b_instruct_v03=2767, qwen3_8b=2842
[SCHEDULER_HEARTBEAT] running=[] | gpu0:free=1.7GiB util=87% | remaining: gemma_3_12b_it=2842, mistral_7b_instruct_v03=2767, qwen3_8b=2842
[SCHEDULER_HEARTBEAT] running=[] | gpu0:free=1.9GiB util=87% | remaining: gemma_3_12b_it=2842, mistral_7b_instruct_v03=2766, qwen3_8b=2842
[SCHEDULER_HEARTBEAT] running=[] | gpu0:free=1.8GiB util=90% | remaining: gemma_3_12b_it=2842, mistral_7b_instruct_v03=2766, qwen3_8b=2842
[SCHEDULER_HEARTBEAT] running=[] | gpu0:free=1.9GiB util=88% | remaining: gemma_3_12b_it=2842, mistral_7b_instruct_v03=2766, qwen3_8b=2842
[SCHEDULER_HEARTBEAT] running=[] | gpu0:free=1.8GiB util=84% | remaining: gemma_3_12b_it=2842, mistral_7b_instruct_v03=2765, qwen3_8b=2842
[SCHEDULER_HEARTBEAT] running=[] | gpu0:free=1.9GiB util=83% | remaining: gemma_3_12b_it=2842, mistral_7b_instruct_v03=2764, qwen3_8b=2842
[SCHEDULER_HEARTBEAT] running=[] | gpu0:free=1.9GiB util=85% | remaining: gemma_3_12b_it=2842, mistral_7b_instruct_v03=2763, qwen3_8b=2842
[SCHEDULER_HEARTBEAT] running=[] | gpu0:free=1.9GiB util=87% | remaining: gemma_3_12b_it=2842, mistral_7b_instruct_v03=2763, qwen3_8b=2842
[SCHEDULER_HEARTBEAT] running=[] | gpu0:free=1.9GiB util=85% | remaining: gemma_3_12b_it=2842, mistral_7b_instruct_v03=2763, qwen3_8b=2842
[SCHEDULER_HEARTBEAT] running=[] | gpu0:free=1.9GiB util=84% | remaining: gemma_3_12b_it=2842, mistral_7b_instruct_v03=2762, qwen3_8b=2842
[SCHEDULER_HEARTBEAT] running=[] | gpu0:free=1.9GiB util=89% | remaining: gemma_3_12b_it=2842, mistral_7b_instruct_v03=2762, qwen3_8b=2842
[SCHEDULER_HEARTBEAT] running=[] | gpu0:free=1.9GiB util=86% | remaining: gemma_3_12b_it=2842, mistral_7b_instruct_v03=2762, qwen3_8b=2842
[SCHEDULER_HEARTBEAT] running=[] | gpu0:free=1.7GiB util=85% | remaining: gemma_3_12b_it=2842, mistral_7b_instruct_v03=2762, qwen3_8b=2842
[SCHEDULER_HEARTBEAT] running=[] | gpu0:free=2.0GiB util=84% | remaining: gemma_3_12b_it=2842, mistral_7b_instruct_v03=2761, qwen3_8b=2842
[SCHEDULER_HEARTBEAT] running=[] | gpu0:free=1.9GiB util=85% | remaining: gemma_3_12b_it=2842, mistral_7b_instruct_v03=2761, qwen3_8b=2842
[SCHEDULER_HEARTBEAT] running=[] | gpu0:free=1.7GiB util=83% | remaining: gemma_3_12b_it=2842, mistral_7b_instruct_v03=2761, qwen3_8b=2842
[SCHEDULER_HEARTBEAT] running=[] | gpu0:free=1.9GiB util=89% | remaining: gemma_3_12b_it=2842, mistral_7b_instruct_v03=2761, qwen3_8b=2842
[SCHEDULER_HEARTBEAT] running=[] | gpu0:free=2.0GiB util=89% | remaining: gemma_3_12b_it=2842, mistral_7b_instruct_v03=2760, qwen3_8b=2842
[SCHEDULER_HEARTBEAT] running=[] | gpu0:free=1.8GiB util=88% | remaining: gemma_3_12b_it=2842, mistral_7b_instruct_v03=2759, qwen3_8b=2842
[SCHEDULER_HEARTBEAT] running=[] | gpu0:free=1.9GiB util=89% | remaining: gemma_3_12b_it=2842, mistral_7b_instruct_v03=2759, qwen3_8b=2842
[SCHEDULER_HEARTBEAT] running=[] | gpu0:free=1.9GiB util=88% | remaining: gemma_3_12b_it=2842, mistral_7b_instruct_v03=2759, qwen3_8b=2842
[SCHEDULER_HEARTBEAT] running=[] | gpu0:free=1.7GiB util=87% | remaining: gemma_3_12b_it=2842, mistral_7b_instruct_v03=2759, qwen3_8b=2842
[SCHEDULER_HEARTBEAT] running=[] | gpu0:free=1.8GiB util=88% | remaining: gemma_3_12b_it=2842, mistral_7b_instruct_v03=2758, qwen3_8b=2842
[SCHEDULER_HEARTBEAT] running=[] | gpu0:free=1.8GiB util=87% | remaining: gemma_3_12b_it=2842, mistral_7b_instruct_v03=2757, qwen3_8b=2842
[SCHEDULER_HEARTBEAT] running=[] | gpu0:free=1.9GiB util=82% | remaining: gemma_3_12b_it=2842, mistral_7b_instruct_v03=2757, qwen3_8b=2842
[SCHEDULER_HEARTBEAT] running=[] | gpu0:free=2.0GiB util=81% | remaining: gemma_3_12b_it=2842, mistral_7b_instruct_v03=2756, qwen3_8b=2842
[SCHEDULER_HEARTBEAT] running=[] | gpu0:free=1.8GiB util=83% | remaining: gemma_3_12b_it=2842, mistral_7b_instruct_v03=2755, qwen3_8b=2842
[SCHEDULER_HEARTBEAT] running=[] | gpu0:free=1.8GiB util=86% | remaining: gemma_3_12b_it=2842, mistral_7b_instruct_v03=2755, qwen3_8b=2842
[SCHEDULER_HEARTBEAT] running=[] | gpu0:free=1.9GiB util=87% | remaining: gemma_3_12b_it=2842, mistral_7b_instruct_v03=2755, qwen3_8b=2842
[SCHEDULER_HEARTBEAT] running=[] | gpu0:free=1.7GiB util=85% | remaining: gemma_3_12b_it=2842, mistral_7b_instruct_v03=2755, qwen3_8b=2842
[SCHEDULER_HEARTBEAT] running=[] | gpu0:free=1.9GiB util=87% | remaining: gemma_3_12b_it=2842, mistral_7b_instruct_v03=2754, qwen3_8b=2842
[SCHEDULER_HEARTBEAT] running=[] | gpu0:free=2.0GiB util=87% | remaining: gemma_3_12b_it=2842, mistral_7b_instruct_v03=2754, qwen3_8b=2842
[SCHEDULER_HEARTBEAT] running=[] | gpu0:free=1.7GiB util=87% | remaining: gemma_3_12b_it=2842, mistral_7b_instruct_v03=2754, qwen3_8b=2842
[SCHEDULER_HEARTBEAT] running=[] | gpu0:free=1.7GiB util=85% | remaining: gemma_3_12b_it=2842, mistral_7b_instruct_v03=2754, qwen3_8b=2842
[SCHEDULER_HEARTBEAT] running=[] | gpu0:free=1.8GiB util=89% | remaining: gemma_3_12b_it=2842, mistral_7b_instruct_v03=2753, qwen3_8b=2842
[SCHEDULER_HEARTBEAT] running=[] | gpu0:free=1.8GiB util=83% | remaining: gemma_3_12b_it=2842, mistral_7b_instruct_v03=2753, qwen3_8b=2842
[SCHEDULER_HEARTBEAT] running=[] | gpu0:free=2.0GiB util=82% | remaining: gemma_3_12b_it=2842, mistral_7b_instruct_v03=2753, qwen3_8b=2842
[SCHEDULER_HEARTBEAT] running=[] | gpu0:free=2.0GiB util=84% | remaining: gemma_3_12b_it=2842, mistral_7b_instruct_v03=2753, qwen3_8b=2842
[SCHEDULER_HEARTBEAT] running=[] | gpu0:free=1.9GiB util=88% | remaining: gemma_3_12b_it=2842, mistral_7b_instruct_v03=2752, qwen3_8b=2842
[SCHEDULER_HEARTBEAT] running=[] | gpu0:free=2.0GiB util=81% | remaining: gemma_3_12b_it=2842, mistral_7b_instruct_v03=2752, qwen3_8b=2842
[SCHEDULER_HEARTBEAT] running=[] | gpu0:free=1.9GiB util=85% | remaining: gemma_3_12b_it=2842, mistral_7b_instruct_v03=2752, qwen3_8b=2842
[SCHEDULER_HEARTBEAT] running=[] | gpu0:free=1.8GiB util=85% | remaining: gemma_3_12b_it=2842, mistral_7b_instruct_v03=2751, qwen3_8b=2842
[SCHEDULER_HEARTBEAT] running=[] | gpu0:free=1.9GiB util=87% | remaining: gemma_3_12b_it=2842, mistral_7b_instruct_v03=2751, qwen3_8b=2842
[SCHEDULER_HEARTBEAT] running=[] | gpu0:free=1.9GiB util=83% | remaining: gemma_3_12b_it=2842, mistral_7b_instruct_v03=2751, qwen3_8b=2842
[SCHEDULER_HEARTBEAT] running=[] | gpu0:free=1.7GiB util=85% | remaining: gemma_3_12b_it=2842, mistral_7b_instruct_v03=2751, qwen3_8b=2842
[SCHEDULER_HEARTBEAT] running=[] | gpu0:free=1.9GiB util=88% | remaining: gemma_3_12b_it=2842, mistral_7b_instruct_v03=2750, qwen3_8b=2842
[SCHEDULER_HEARTBEAT] running=[] | gpu0:free=1.9GiB util=88% | remaining: gemma_3_12b_it=2842, mistral_7b_instruct_v03=2750, qwen3_8b=2842
[SCHEDULER_HEARTBEAT] running=[] | gpu0:free=1.9GiB util=84% | remaining: gemma_3_12b_it=2842, mistral_7b_instruct_v03=2749, qwen3_8b=2842
[SCHEDULER_HEARTBEAT] running=[] | gpu0:free=1.8GiB util=84% | remaining: gemma_3_12b_it=2842, mistral_7b_instruct_v03=2749, qwen3_8b=2842
[SCHEDULER_HEARTBEAT] running=[] | gpu0:free=2.0GiB util=88% | remaining: gemma_3_12b_it=2842, mistral_7b_instruct_v03=2749, qwen3_8b=2842
[SCHEDULER_HEARTBEAT] running=[] | gpu0:free=1.9GiB util=87% | remaining: gemma_3_12b_it=2842, mistral_7b_instruct_v03=2749, qwen3_8b=2842
[SCHEDULER_HEARTBEAT] running=[] | gpu0:free=1.9GiB util=85% | remaining: gemma_3_12b_it=2842, mistral_7b_instruct_v03=2748, qwen3_8b=2842
[SCHEDULER_HEARTBEAT] running=[] | gpu0:free=1.8GiB util=83% | remaining: gemma_3_12b_it=2842, mistral_7b_instruct_v03=2748, qwen3_8b=2842
[SCHEDULER_HEARTBEAT] running=[] | gpu0:free=1.9GiB util=83% | remaining: gemma_3_12b_it=2842, mistral_7b_instruct_v03=2748, qwen3_8b=2842
[SCHEDULER_HEARTBEAT] running=[] | gpu0:free=1.8GiB util=85% | remaining: gemma_3_12b_it=2842, mistral_7b_instruct_v03=2747, qwen3_8b=2842
[SCHEDULER_HEARTBEAT] running=[] | gpu0:free=1.8GiB util=85% | remaining: gemma_3_12b_it=2842, mistral_7b_instruct_v03=2746, qwen3_8b=2842
[SCHEDULER_HEARTBEAT] running=[] | gpu0:free=2.0GiB util=87% | remaining: gemma_3_12b_it=2842, mistral_7b_instruct_v03=2746, qwen3_8b=2842
[SCHEDULER_HEARTBEAT] running=[] | gpu0:free=1.9GiB util=86% | remaining: gemma_3_12b_it=2842, mistral_7b_instruct_v03=2746, qwen3_8b=2842
[SCHEDULER_HEARTBEAT] running=[] | gpu0:free=1.9GiB util=87% | remaining: gemma_3_12b_it=2842, mistral_7b_instruct_v03=2745, qwen3_8b=2842
[SCHEDULER_HEARTBEAT] running=[] | gpu0:free=2.0GiB util=84% | remaining: gemma_3_12b_it=2842, mistral_7b_instruct_v03=2745, qwen3_8b=2842
[SCHEDULER_HEARTBEAT] running=[] | gpu0:free=1.9GiB util=88% | remaining: gemma_3_12b_it=2842, mistral_7b_instruct_v03=2745, qwen3_8b=2842
[SCHEDULER_HEARTBEAT] running=[] | gpu0:free=2.0GiB util=82% | remaining: gemma_3_12b_it=2842, mistral_7b_instruct_v03=2745, qwen3_8b=2842
[SCHEDULER_HEARTBEAT] running=[] | gpu0:free=1.7GiB util=82% | remaining: gemma_3_12b_it=2842, mistral_7b_instruct_v03=2745, qwen3_8b=2842
[SCHEDULER_HEARTBEAT] running=[] | gpu0:free=1.8GiB util=83% | remaining: gemma_3_12b_it=2842, mistral_7b_instruct_v03=2744, qwen3_8b=2842
[SCHEDULER_HEARTBEAT] running=[] | gpu0:free=2.0GiB util=87% | remaining: gemma_3_12b_it=2842, mistral_7b_instruct_v03=2744, qwen3_8b=2842
[SCHEDULER_HEARTBEAT] running=[] | gpu0:free=1.7GiB util=85% | remaining: gemma_3_12b_it=2842, mistral_7b_instruct_v03=2744, qwen3_8b=2842
[SCHEDULER_HEARTBEAT] running=[] | gpu0:free=1.8GiB util=85% | remaining: gemma_3_12b_it=2842, mistral_7b_instruct_v03=2743, qwen3_8b=2842
[SCHEDULER_HEARTBEAT] running=[] | gpu0:free=1.9GiB util=83% | remaining: gemma_3_12b_it=2842, mistral_7b_instruct_v03=2743, qwen3_8b=2842
[SCHEDULER_HEARTBEAT] running=[] | gpu0:free=1.7GiB util=85% | remaining: gemma_3_12b_it=2842, mistral_7b_instruct_v03=2743, qwen3_8b=2842
[SCHEDULER_HEARTBEAT] running=[] | gpu0:free=1.9GiB util=86% | remaining: gemma_3_12b_it=2842, mistral_7b_instruct_v03=2743, qwen3_8b=2842
[SCHEDULER_HEARTBEAT] running=[] | gpu0:free=2.0GiB util=85% | remaining: gemma_3_12b_it=2842, mistral_7b_instruct_v03=2742, qwen3_8b=2842
[SCHEDULER_HEARTBEAT] running=[] | gpu0:free=1.8GiB util=82% | remaining: gemma_3_12b_it=2842, mistral_7b_instruct_v03=2742, qwen3_8b=2842
[SCHEDULER_HEARTBEAT] running=[] | gpu0:free=1.9GiB util=87% | remaining: gemma_3_12b_it=2842, mistral_7b_instruct_v03=2742, qwen3_8b=2842
[SCHEDULER_HEARTBEAT] running=[] | gpu0:free=1.9GiB util=89% | remaining: gemma_3_12b_it=2842, mistral_7b_instruct_v03=2741, qwen3_8b=2842
[SCHEDULER_HEARTBEAT] running=[] | gpu0:free=1.9GiB util=84% | remaining: gemma_3_12b_it=2842, mistral_7b_instruct_v03=2741, qwen3_8b=2842
[SCHEDULER_HEARTBEAT] running=[] | gpu0:free=1.9GiB util=85% | remaining: gemma_3_12b_it=2842, mistral_7b_instruct_v03=2740, qwen3_8b=2842
[SCHEDULER_HEARTBEAT] running=[] | gpu0:free=1.8GiB util=84% | remaining: gemma_3_12b_it=2842, mistral_7b_instruct_v03=2740, qwen3_8b=2842
[SCHEDULER_HEARTBEAT] running=[] | gpu0:free=1.9GiB util=84% | remaining: gemma_3_12b_it=2842, mistral_7b_instruct_v03=2740, qwen3_8b=2842
[SCHEDULER_HEARTBEAT] running=[] | gpu0:free=1.9GiB util=87% | remaining: gemma_3_12b_it=2842, mistral_7b_instruct_v03=2740, qwen3_8b=2842
[SCHEDULER_HEARTBEAT] running=[] | gpu0:free=1.9GiB util=84% | remaining: gemma_3_12b_it=2842, mistral_7b_instruct_v03=2739, qwen3_8b=2842
[SCHEDULER_HEARTBEAT] running=[] | gpu0:free=1.8GiB util=87% | remaining: gemma_3_12b_it=2842, mistral_7b_instruct_v03=2739, qwen3_8b=2842
[SCHEDULER_HEARTBEAT] running=[] | gpu0:free=1.9GiB util=83% | remaining: gemma_3_12b_it=2842, mistral_7b_instruct_v03=2739, qwen3_8b=2842
[SCHEDULER_HEARTBEAT] running=[] | gpu0:free=1.9GiB util=90% | remaining: gemma_3_12b_it=2842, mistral_7b_instruct_v03=2738, qwen3_8b=2842
[SCHEDULER_HEARTBEAT] running=[] | gpu0:free=1.8GiB util=82% | remaining: gemma_3_12b_it=2842, mistral_7b_instruct_v03=2738, qwen3_8b=2842
[SCHEDULER_HEARTBEAT] running=[] | gpu0:free=1.9GiB util=86% | remaining: gemma_3_12b_it=2842, mistral_7b_instruct_v03=2737, qwen3_8b=2842
[SCHEDULER_HEARTBEAT] running=[] | gpu0:free=1.9GiB util=82% | remaining: gemma_3_12b_it=2842, mistral_7b_instruct_v03=2737, qwen3_8b=2842
[SCHEDULER_HEARTBEAT] running=[] | gpu0:free=1.7GiB util=100% | remaining: gemma_3_12b_it=2842, mistral_7b_instruct_v03=2737, qwen3_8b=2842
[SCHEDULER_HEARTBEAT] running=[] | gpu0:free=1.9GiB util=89% | remaining: gemma_3_12b_it=2842, mistral_7b_instruct_v03=2736, qwen3_8b=2842
[SCHEDULER_HEARTBEAT] running=[] | gpu0:free=1.8GiB util=87% | remaining: gemma_3_12b_it=2842, mistral_7b_instruct_v03=2735, qwen3_8b=2842
[SCHEDULER_HEARTBEAT] running=[] | gpu0:free=1.8GiB util=87% | remaining: gemma_3_12b_it=2842, mistral_7b_instruct_v03=2735, qwen3_8b=2842
[SCHEDULER_HEARTBEAT] running=[] | gpu0:free=1.9GiB util=84% | remaining: gemma_3_12b_it=2842, mistral_7b_instruct_v03=2735, qwen3_8b=2842
[SCHEDULER_HEARTBEAT] running=[] | gpu0:free=1.7GiB util=87% | remaining: gemma_3_12b_it=2842, mistral_7b_instruct_v03=2735, qwen3_8b=2842
[SCHEDULER_HEARTBEAT] running=[] | gpu0:free=2.0GiB util=85% | remaining: gemma_3_12b_it=2842, mistral_7b_instruct_v03=2734, qwen3_8b=2842
[SCHEDULER_HEARTBEAT] running=[] | gpu0:free=2.0GiB util=85% | remaining: gemma_3_12b_it=2842, mistral_7b_instruct_v03=2733, qwen3_8b=2842
[SCHEDULER_HEARTBEAT] running=[] | gpu0:free=1.8GiB util=89% | remaining: gemma_3_12b_it=2842, mistral_7b_instruct_v03=2733, qwen3_8b=2842
[SCHEDULER_HEARTBEAT] running=[] | gpu0:free=1.9GiB util=84% | remaining: gemma_3_12b_it=2842, mistral_7b_instruct_v03=2733, qwen3_8b=2842
[SCHEDULER_HEARTBEAT] running=[] | gpu0:free=1.9GiB util=81% | remaining: gemma_3_12b_it=2842, mistral_7b_instruct_v03=2733, qwen3_8b=2842
[SCHEDULER_HEARTBEAT] running=[] | gpu0:free=2.0GiB util=90% | remaining: gemma_3_12b_it=2842, mistral_7b_instruct_v03=2732, qwen3_8b=2842
[SCHEDULER_HEARTBEAT] running=[] | gpu0:free=1.8GiB util=89% | remaining: gemma_3_12b_it=2842, mistral_7b_instruct_v03=2732, qwen3_8b=2842
[SCHEDULER_HEARTBEAT] running=[] | gpu0:free=1.9GiB util=87% | remaining: gemma_3_12b_it=2842, mistral_7b_instruct_v03=2732, qwen3_8b=2842
[SCHEDULER_HEARTBEAT] running=[] | gpu0:free=1.9GiB util=84% | remaining: gemma_3_12b_it=2842, mistral_7b_instruct_v03=2732, qwen3_8b=2842
[SCHEDULER_HEARTBEAT] running=[] | gpu0:free=1.8GiB util=83% | remaining: gemma_3_12b_it=2842, mistral_7b_instruct_v03=2731, qwen3_8b=2842
[SCHEDULER_HEARTBEAT] running=[] | gpu0:free=2.0GiB util=86% | remaining: gemma_3_12b_it=2842, mistral_7b_instruct_v03=2731, qwen3_8b=2842
[SCHEDULER_HEARTBEAT] running=[] | gpu0:free=1.9GiB util=100% | remaining: gemma_3_12b_it=2842, mistral_7b_instruct_v03=2731, qwen3_8b=2842
[SCHEDULER_HEARTBEAT] running=[] | gpu0:free=1.9GiB util=86% | remaining: gemma_3_12b_it=2842, mistral_7b_instruct_v03=2730, qwen3_8b=2842
[SCHEDULER_HEARTBEAT] running=[] | gpu0:free=2.0GiB util=87% | remaining: gemma_3_12b_it=2842, mistral_7b_instruct_v03=2730, qwen3_8b=2842
[SCHEDULER_HEARTBEAT] running=[] | gpu0:free=1.9GiB util=84% | remaining: gemma_3_12b_it=2842, mistral_7b_instruct_v03=2730, qwen3_8b=2842
[SCHEDULER_HEARTBEAT] running=[] | gpu0:free=1.9GiB util=88% | remaining: gemma_3_12b_it=2842, mistral_7b_instruct_v03=2730, qwen3_8b=2842
[SCHEDULER_HEARTBEAT] running=[] | gpu0:free=1.8GiB util=86% | remaining: gemma_3_12b_it=2842, mistral_7b_instruct_v03=2729, qwen3_8b=2842
[SCHEDULER_HEARTBEAT] running=[] | gpu0:free=1.8GiB util=88% | remaining: gemma_3_12b_it=2842, mistral_7b_instruct_v03=2729, qwen3_8b=2842
[SCHEDULER_HEARTBEAT] running=[] | gpu0:free=1.9GiB util=84% | remaining: gemma_3_12b_it=2842, mistral_7b_instruct_v03=2728, qwen3_8b=2842
[SCHEDULER_HEARTBEAT] running=[] | gpu0:free=1.8GiB util=88% | remaining: gemma_3_12b_it=2842, mistral_7b_instruct_v03=2728, qwen3_8b=2842
[SCHEDULER_HEARTBEAT] running=[] | gpu0:free=1.9GiB util=85% | remaining: gemma_3_12b_it=2842, mistral_7b_instruct_v03=2728, qwen3_8b=2842
[SCHEDULER_HEARTBEAT] running=[] | gpu0:free=1.9GiB util=85% | remaining: gemma_3_12b_it=2842, mistral_7b_instruct_v03=2728, qwen3_8b=2842
[SCHEDULER_HEARTBEAT] running=[] | gpu0:free=1.8GiB util=84% | remaining: gemma_3_12b_it=2842, mistral_7b_instruct_v03=2727, qwen3_8b=2842
[SCHEDULER_HEARTBEAT] running=[] | gpu0:free=1.8GiB util=86% | remaining: gemma_3_12b_it=2842, mistral_7b_instruct_v03=2726, qwen3_8b=2842
[SCHEDULER_HEARTBEAT] running=[] | gpu0:free=1.9GiB util=84% | remaining: gemma_3_12b_it=2842, mistral_7b_instruct_v03=2726, qwen3_8b=2842
[SCHEDULER_HEARTBEAT] running=[] | gpu0:free=1.9GiB util=87% | remaining: gemma_3_12b_it=2842, mistral_7b_instruct_v03=2726, qwen3_8b=2842
[SCHEDULER_HEARTBEAT] running=[] | gpu0:free=1.7GiB util=86% | remaining: gemma_3_12b_it=2842, mistral_7b_instruct_v03=2726, qwen3_8b=2842
[SCHEDULER_HEARTBEAT] running=[] | gpu0:free=2.0GiB util=90% | remaining: gemma_3_12b_it=2842, mistral_7b_instruct_v03=2725, qwen3_8b=2842
[SCHEDULER_HEARTBEAT] running=[] | gpu0:free=1.9GiB util=94% | remaining: gemma_3_12b_it=2842, mistral_7b_instruct_v03=2725, qwen3_8b=2842
[SCHEDULER_HEARTBEAT] running=[] | gpu0:free=2.0GiB util=87% | remaining: gemma_3_12b_it=2842, mistral_7b_instruct_v03=2725, qwen3_8b=2842
[SCHEDULER_HEARTBEAT] running=[] | gpu0:free=2.0GiB util=88% | remaining: gemma_3_12b_it=2842, mistral_7b_instruct_v03=2724, qwen3_8b=2842
[SCHEDULER_HEARTBEAT] running=[] | gpu0:free=1.8GiB util=89% | remaining: gemma_3_12b_it=2842, mistral_7b_instruct_v03=2723, qwen3_8b=2842
[SCHEDULER_HEARTBEAT] running=[] | gpu0:free=1.8GiB util=88% | remaining: gemma_3_12b_it=2842, mistral_7b_instruct_v03=2722, qwen3_8b=2842
[SCHEDULER_HEARTBEAT] running=[] | gpu0:free=2.0GiB util=84% | remaining: gemma_3_12b_it=2842, mistral_7b_instruct_v03=2722, qwen3_8b=2842
[SCHEDULER_HEARTBEAT] running=[] | gpu0:free=2.0GiB util=83% | remaining: gemma_3_12b_it=2842, mistral_7b_instruct_v03=2722, qwen3_8b=2842
[SCHEDULER_HEARTBEAT] running=[] | gpu0:free=1.8GiB util=94% | remaining: gemma_3_12b_it=2842, mistral_7b_instruct_v03=2721, qwen3_8b=2842
[SCHEDULER_HEARTBEAT] running=[] | gpu0:free=2.0GiB util=81% | remaining: gemma_3_12b_it=2842, mistral_7b_instruct_v03=2721, qwen3_8b=2842
[SCHEDULER_HEARTBEAT] running=[] | gpu0:free=1.7GiB util=87% | remaining: gemma_3_12b_it=2842, mistral_7b_instruct_v03=2721, qwen3_8b=2842
[SCHEDULER_HEARTBEAT] running=[] | gpu0:free=1.9GiB util=85% | remaining: gemma_3_12b_it=2842, mistral_7b_instruct_v03=2721, qwen3_8b=2842
[SCHEDULER_HEARTBEAT] running=[] | gpu0:free=1.7GiB util=86% | remaining: gemma_3_12b_it=2842, mistral_7b_instruct_v03=2721, qwen3_8b=2842
[SCHEDULER_HEARTBEAT] running=[] | gpu0:free=1.8GiB util=82% | remaining: gemma_3_12b_it=2842, mistral_7b_instruct_v03=2720, qwen3_8b=2842
[SCHEDULER_HEARTBEAT] running=[] | gpu0:free=2.0GiB util=87% | remaining: gemma_3_12b_it=2842, mistral_7b_instruct_v03=2720, qwen3_8b=2842
[SCHEDULER_HEARTBEAT] running=[] | gpu0:free=1.8GiB util=84% | remaining: gemma_3_12b_it=2842, mistral_7b_instruct_v03=2719, qwen3_8b=2842
[SCHEDULER_HEARTBEAT] running=[] | gpu0:free=1.8GiB util=86% | remaining: gemma_3_12b_it=2842, mistral_7b_instruct_v03=2717, qwen3_8b=2842
[SCHEDULER_HEARTBEAT] running=[] | gpu0:free=1.8GiB util=83% | remaining: gemma_3_12b_it=2842, mistral_7b_instruct_v03=2717, qwen3_8b=2842
[SCHEDULER_HEARTBEAT] running=[] | gpu0:free=2.0GiB util=86% | remaining: gemma_3_12b_it=2842, mistral_7b_instruct_v03=2717, qwen3_8b=2842
[SCHEDULER_HEARTBEAT] running=[] | gpu0:free=1.9GiB util=87% | remaining: gemma_3_12b_it=2842, mistral_7b_instruct_v03=2717, qwen3_8b=2842
[SCHEDULER_HEARTBEAT] running=[] | gpu0:free=1.8GiB util=87% | remaining: gemma_3_12b_it=2842, mistral_7b_instruct_v03=2717, qwen3_8b=2842
[SCHEDULER_HEARTBEAT] running=[] | gpu0:free=1.9GiB util=89% | remaining: gemma_3_12b_it=2842, mistral_7b_instruct_v03=2716, qwen3_8b=2842
[SCHEDULER_HEARTBEAT] running=[] | gpu0:free=2.0GiB util=86% | remaining: gemma_3_12b_it=2842, mistral_7b_instruct_v03=2716, qwen3_8b=2842
[SCHEDULER_HEARTBEAT] running=[] | gpu0:free=1.9GiB util=87% | remaining: gemma_3_12b_it=2842, mistral_7b_instruct_v03=2716, qwen3_8b=2842
[SCHEDULER_HEARTBEAT] running=[] | gpu0:free=1.8GiB util=82% | remaining: gemma_3_12b_it=2842, mistral_7b_instruct_v03=2715, qwen3_8b=2842
[SCHEDULER_HEARTBEAT] running=[] | gpu0:free=1.9GiB util=87% | remaining: gemma_3_12b_it=2842, mistral_7b_instruct_v03=2715, qwen3_8b=2842
[SCHEDULER_HEARTBEAT] running=[] | gpu0:free=1.8GiB util=86% | remaining: gemma_3_12b_it=2842, mistral_7b_instruct_v03=2715, qwen3_8b=2842
[SCHEDULER_HEARTBEAT] running=[] | gpu0:free=1.9GiB util=87% | remaining: gemma_3_12b_it=2842, mistral_7b_instruct_v03=2714, qwen3_8b=2842
[SCHEDULER_HEARTBEAT] running=[] | gpu0:free=2.0GiB util=83% | remaining: gemma_3_12b_it=2842, mistral_7b_instruct_v03=2714, qwen3_8b=2842
[SCHEDULER_HEARTBEAT] running=[] | gpu0:free=1.8GiB util=84% | remaining: gemma_3_12b_it=2842, mistral_7b_instruct_v03=2714, qwen3_8b=2842
[SCHEDULER_HEARTBEAT] running=[] | gpu0:free=2.0GiB util=81% | remaining: gemma_3_12b_it=2842, mistral_7b_instruct_v03=2714, qwen3_8b=2842
[SCHEDULER_HEARTBEAT] running=[] | gpu0:free=1.9GiB util=87% | remaining: gemma_3_12b_it=2842, mistral_7b_instruct_v03=2714, qwen3_8b=2842
[SCHEDULER_HEARTBEAT] running=[] | gpu0:free=1.9GiB util=84% | remaining: gemma_3_12b_it=2842, mistral_7b_instruct_v03=2713, qwen3_8b=2842
[SCHEDULER_HEARTBEAT] running=[] | gpu0:free=2.0GiB util=84% | remaining: gemma_3_12b_it=2842, mistral_7b_instruct_v03=2713, qwen3_8b=2842
[SCHEDULER_HEARTBEAT] running=[] | gpu0:free=1.7GiB util=86% | remaining: gemma_3_12b_it=2842, mistral_7b_instruct_v03=2713, qwen3_8b=2842
[SCHEDULER_HEARTBEAT] running=[] | gpu0:free=1.7GiB util=88% | remaining: gemma_3_12b_it=2842, mistral_7b_instruct_v03=2713, qwen3_8b=2842
[SCHEDULER_HEARTBEAT] running=[] | gpu0:free=1.9GiB util=84% | remaining: gemma_3_12b_it=2842, mistral_7b_instruct_v03=2712, qwen3_8b=2842
[SCHEDULER_HEARTBEAT] running=[] | gpu0:free=1.8GiB util=85% | remaining: gemma_3_12b_it=2842, mistral_7b_instruct_v03=2712, qwen3_8b=2842
[SCHEDULER_HEARTBEAT] running=[] | gpu0:free=1.8GiB util=86% | remaining: gemma_3_12b_it=2842, mistral_7b_instruct_v03=2712, qwen3_8b=2842
[SCHEDULER_HEARTBEAT] running=[] | gpu0:free=1.9GiB util=83% | remaining: gemma_3_12b_it=2842, mistral_7b_instruct_v03=2711, qwen3_8b=2842
[SCHEDULER_HEARTBEAT] running=[] | gpu0:free=2.0GiB util=88% | remaining: gemma_3_12b_it=2842, mistral_7b_instruct_v03=2711, qwen3_8b=2842
[SCHEDULER_HEARTBEAT] running=[] | gpu0:free=1.9GiB util=82% | remaining: gemma_3_12b_it=2842, mistral_7b_instruct_v03=2711, qwen3_8b=2842
[SCHEDULER_HEARTBEAT] running=[] | gpu0:free=1.9GiB util=86% | remaining: gemma_3_12b_it=2842, mistral_7b_instruct_v03=2711, qwen3_8b=2842
[SCHEDULER_HEARTBEAT] running=[] | gpu0:free=2.0GiB util=84% | remaining: gemma_3_12b_it=2842, mistral_7b_instruct_v03=2710, qwen3_8b=2842
[SCHEDULER_HEARTBEAT] running=[] | gpu0:free=1.8GiB util=83% | remaining: gemma_3_12b_it=2842, mistral_7b_instruct_v03=2710, qwen3_8b=2842
[SCHEDULER_HEARTBEAT] running=[] | gpu0:free=1.7GiB util=81% | remaining: gemma_3_12b_it=2842, mistral_7b_instruct_v03=2710, qwen3_8b=2842
[SCHEDULER_HEARTBEAT] running=[] | gpu0:free=1.9GiB util=84% | remaining: gemma_3_12b_it=2842, mistral_7b_instruct_v03=2710, qwen3_8b=2842
[SCHEDULER_HEARTBEAT] running=[] | gpu0:free=1.8GiB util=82% | remaining: gemma_3_12b_it=2842, mistral_7b_instruct_v03=2709, qwen3_8b=2842
[SCHEDULER_HEARTBEAT] running=[] | gpu0:free=1.8GiB util=88% | remaining: gemma_3_12b_it=2842, mistral_7b_instruct_v03=2709, qwen3_8b=2842
[SCHEDULER_HEARTBEAT] running=[] | gpu0:free=1.9GiB util=83% | remaining: gemma_3_12b_it=2842, mistral_7b_instruct_v03=2709, qwen3_8b=2842
[SCHEDULER_HEARTBEAT] running=[] | gpu0:free=1.9GiB util=84% | remaining: gemma_3_12b_it=2842, mistral_7b_instruct_v03=2708, qwen3_8b=2842
[SCHEDULER_HEARTBEAT] running=[] | gpu0:free=2.0GiB util=82% | remaining: gemma_3_12b_it=2842, mistral_7b_instruct_v03=2708, qwen3_8b=2842
[SCHEDULER_HEARTBEAT] running=[] | gpu0:free=1.8GiB util=85% | remaining: gemma_3_12b_it=2842, mistral_7b_instruct_v03=2707, qwen3_8b=2842
[SCHEDULER_HEARTBEAT] running=[] | gpu0:free=1.9GiB util=88% | remaining: gemma_3_12b_it=2842, mistral_7b_instruct_v03=2707, qwen3_8b=2842
[SCHEDULER_HEARTBEAT] running=[] | gpu0:free=1.9GiB util=87% | remaining: gemma_3_12b_it=2842, mistral_7b_instruct_v03=2707, qwen3_8b=2842
[SCHEDULER_HEARTBEAT] running=[] | gpu0:free=1.8GiB util=88% | remaining: gemma_3_12b_it=2842, mistral_7b_instruct_v03=2706, qwen3_8b=2842
[SCHEDULER_HEARTBEAT] running=[] | gpu0:free=1.8GiB util=88% | remaining: gemma_3_12b_it=2842, mistral_7b_instruct_v03=2706, qwen3_8b=2842
[SCHEDULER_HEARTBEAT] running=[] | gpu0:free=1.9GiB util=86% | remaining: gemma_3_12b_it=2842, mistral_7b_instruct_v03=2706, qwen3_8b=2842
[SCHEDULER_HEARTBEAT] running=[] | gpu0:free=1.7GiB util=86% | remaining: gemma_3_12b_it=2842, mistral_7b_instruct_v03=2706, qwen3_8b=2842
[SCHEDULER_HEARTBEAT] running=[] | gpu0:free=1.8GiB util=85% | remaining: gemma_3_12b_it=2842, mistral_7b_instruct_v03=2705, qwen3_8b=2842
[SCHEDULER_HEARTBEAT] running=[] | gpu0:free=1.9GiB util=88% | remaining: gemma_3_12b_it=2842, mistral_7b_instruct_v03=2705, qwen3_8b=2842
[SCHEDULER_HEARTBEAT] running=[] | gpu0:free=1.8GiB util=84% | remaining: gemma_3_12b_it=2842, mistral_7b_instruct_v03=2705, qwen3_8b=2842
[SCHEDULER_HEARTBEAT] running=[] | gpu0:free=1.7GiB util=85% | remaining: gemma_3_12b_it=2842, mistral_7b_instruct_v03=2705, qwen3_8b=2842
[SCHEDULER_HEARTBEAT] running=[] | gpu0:free=1.8GiB util=81% | remaining: gemma_3_12b_it=2842, mistral_7b_instruct_v03=2704, qwen3_8b=2842
[SCHEDULER_HEARTBEAT] running=[] | gpu0:free=1.8GiB util=87% | remaining: gemma_3_12b_it=2842, mistral_7b_instruct_v03=2704, qwen3_8b=2842
[SCHEDULER_HEARTBEAT] running=[] | gpu0:free=1.8GiB util=80% | remaining: gemma_3_12b_it=2842, mistral_7b_instruct_v03=2704, qwen3_8b=2842
[SCHEDULER_HEARTBEAT] running=[] | gpu0:free=1.7GiB util=84% | remaining: gemma_3_12b_it=2842, mistral_7b_instruct_v03=2704, qwen3_8b=2842
[SCHEDULER_HEARTBEAT] running=[] | gpu0:free=2.0GiB util=86% | remaining: gemma_3_12b_it=2842, mistral_7b_instruct_v03=2703, qwen3_8b=2842
[SCHEDULER_HEARTBEAT] running=[] | gpu0:free=1.8GiB util=86% | remaining: gemma_3_12b_it=2842, mistral_7b_instruct_v03=2702, qwen3_8b=2842
[SCHEDULER_HEARTBEAT] running=[] | gpu0:free=1.9GiB util=87% | remaining: gemma_3_12b_it=2842, mistral_7b_instruct_v03=2702, qwen3_8b=2842
[SCHEDULER_HEARTBEAT] running=[] | gpu0:free=2.0GiB util=86% | remaining: gemma_3_12b_it=2842, mistral_7b_instruct_v03=2701, qwen3_8b=2842
[SCHEDULER_HEARTBEAT] running=[] | gpu0:free=1.9GiB util=89% | remaining: gemma_3_12b_it=2842, mistral_7b_instruct_v03=2701, qwen3_8b=2842
[SCHEDULER_HEARTBEAT] running=[] | gpu0:free=1.7GiB util=86% | remaining: gemma_3_12b_it=2842, mistral_7b_instruct_v03=2701, qwen3_8b=2842
[SCHEDULER_HEARTBEAT] running=[] | gpu0:free=1.9GiB util=87% | remaining: gemma_3_12b_it=2842, mistral_7b_instruct_v03=2701, qwen3_8b=2842
[SCHEDULER_HEARTBEAT] running=[] | gpu0:free=1.9GiB util=87% | remaining: gemma_3_12b_it=2842, mistral_7b_instruct_v03=2700, qwen3_8b=2842
[SCHEDULER_HEARTBEAT] running=[] | gpu0:free=1.9GiB util=86% | remaining: gemma_3_12b_it=2842, mistral_7b_instruct_v03=2700, qwen3_8b=2842
[SCHEDULER_HEARTBEAT] running=[] | gpu0:free=1.9GiB util=87% | remaining: gemma_3_12b_it=2842, mistral_7b_instruct_v03=2700, qwen3_8b=2842
[SCHEDULER_HEARTBEAT] running=[] | gpu0:free=2.0GiB util=83% | remaining: gemma_3_12b_it=2842, mistral_7b_instruct_v03=2700, qwen3_8b=2842
[SCHEDULER_HEARTBEAT] running=[] | gpu0:free=1.8GiB util=86% | remaining: gemma_3_12b_it=2842, mistral_7b_instruct_v03=2699, qwen3_8b=2842
[SCHEDULER_HEARTBEAT] running=[] | gpu0:free=1.8GiB util=86% | remaining: gemma_3_12b_it=2842, mistral_7b_instruct_v03=2699, qwen3_8b=2842
[SCHEDULER_HEARTBEAT] running=[] | gpu0:free=1.7GiB util=85% | remaining: gemma_3_12b_it=2842, mistral_7b_instruct_v03=2699, qwen3_8b=2842
[SCHEDULER_HEARTBEAT] running=[] | gpu0:free=1.9GiB util=84% | remaining: gemma_3_12b_it=2842, mistral_7b_instruct_v03=2699, qwen3_8b=2842
[SCHEDULER_HEARTBEAT] running=[] | gpu0:free=1.8GiB util=82% | remaining: gemma_3_12b_it=2842, mistral_7b_instruct_v03=2698, qwen3_8b=2842
[SCHEDULER_HEARTBEAT] running=[] | gpu0:free=1.8GiB util=82% | remaining: gemma_3_12b_it=2842, mistral_7b_instruct_v03=2698, qwen3_8b=2842
[SCHEDULER_HEARTBEAT] running=[] | gpu0:free=1.9GiB util=86% | remaining: gemma_3_12b_it=2842, mistral_7b_instruct_v03=2698, qwen3_8b=2842
[SCHEDULER_HEARTBEAT] running=[] | gpu0:free=1.9GiB util=86% | remaining: gemma_3_12b_it=2842, mistral_7b_instruct_v03=2698, qwen3_8b=2842
[SCHEDULER_HEARTBEAT] running=[] | gpu0:free=1.9GiB util=86% | remaining: gemma_3_12b_it=2842, mistral_7b_instruct_v03=2698, qwen3_8b=2842
[SCHEDULER_HEARTBEAT] running=[] | gpu0:free=2.0GiB util=84% | remaining: gemma_3_12b_it=2842, mistral_7b_instruct_v03=2697, qwen3_8b=2842
[SCHEDULER_HEARTBEAT] running=[] | gpu0:free=1.9GiB util=84% | remaining: gemma_3_12b_it=2842, mistral_7b_instruct_v03=2696, qwen3_8b=2842
[SCHEDULER_HEARTBEAT] running=[] | gpu0:free=2.0GiB util=83% | remaining: gemma_3_12b_it=2842, mistral_7b_instruct_v03=2695, qwen3_8b=2842
[SCHEDULER_HEARTBEAT] running=[] | gpu0:free=1.8GiB util=86% | remaining: gemma_3_12b_it=2842, mistral_7b_instruct_v03=2695, qwen3_8b=2842
[SCHEDULER_HEARTBEAT] running=[] | gpu0:free=2.0GiB util=87% | remaining: gemma_3_12b_it=2842, mistral_7b_instruct_v03=2695, qwen3_8b=2842
[SCHEDULER_HEARTBEAT] running=[] | gpu0:free=2.0GiB util=86% | remaining: gemma_3_12b_it=2842, mistral_7b_instruct_v03=2695, qwen3_8b=2842
[SCHEDULER_HEARTBEAT] running=[] | gpu0:free=1.9GiB util=82% | remaining: gemma_3_12b_it=2842, mistral_7b_instruct_v03=2694, qwen3_8b=2842
[SCHEDULER_HEARTBEAT] running=[] | gpu0:free=1.9GiB util=85% | remaining: gemma_3_12b_it=2842, mistral_7b_instruct_v03=2694, qwen3_8b=2842
[SCHEDULER_HEARTBEAT] running=[] | gpu0:free=1.9GiB util=84% | remaining: gemma_3_12b_it=2842, mistral_7b_instruct_v03=2694, qwen3_8b=2842
[SCHEDULER_HEARTBEAT] running=[] | gpu0:free=1.9GiB util=82% | remaining: gemma_3_12b_it=2842, mistral_7b_instruct_v03=2693, qwen3_8b=2842
[SCHEDULER_HEARTBEAT] running=[] | gpu0:free=1.8GiB util=85% | remaining: gemma_3_12b_it=2842, mistral_7b_instruct_v03=2693, qwen3_8b=2842
[SCHEDULER_HEARTBEAT] running=[] | gpu0:free=1.7GiB util=87% | remaining: gemma_3_12b_it=2842, mistral_7b_instruct_v03=2693, qwen3_8b=2842
[SCHEDULER_HEARTBEAT] running=[] | gpu0:free=1.7GiB util=87% | remaining: gemma_3_12b_it=2842, mistral_7b_instruct_v03=2693, qwen3_8b=2842
[SCHEDULER_HEARTBEAT] running=[] | gpu0:free=1.9GiB util=85% | remaining: gemma_3_12b_it=2842, mistral_7b_instruct_v03=2692, qwen3_8b=2842
[SCHEDULER_HEARTBEAT] running=[] | gpu0:free=1.9GiB util=83% | remaining: gemma_3_12b_it=2842, mistral_7b_instruct_v03=2692, qwen3_8b=2842
[SCHEDULER_HEARTBEAT] running=[] | gpu0:free=2.0GiB util=87% | remaining: gemma_3_12b_it=2842, mistral_7b_instruct_v03=2691, qwen3_8b=2842
[SCHEDULER_HEARTBEAT] running=[] | gpu0:free=1.8GiB util=84% | remaining: gemma_3_12b_it=2842, mistral_7b_instruct_v03=2691, qwen3_8b=2842
[SCHEDULER_HEARTBEAT] running=[] | gpu0:free=1.9GiB util=84% | remaining: gemma_3_12b_it=2842, mistral_7b_instruct_v03=2690, qwen3_8b=2842
[SCHEDULER_HEARTBEAT] running=[] | gpu0:free=1.9GiB util=84% | remaining: gemma_3_12b_it=2842, mistral_7b_instruct_v03=2690, qwen3_8b=2842
[SCHEDULER_HEARTBEAT] running=[] | gpu0:free=1.8GiB util=89% | remaining: gemma_3_12b_it=2842, mistral_7b_instruct_v03=2689, qwen3_8b=2842
[SCHEDULER_HEARTBEAT] running=[] | gpu0:free=1.8GiB util=86% | remaining: gemma_3_12b_it=2842, mistral_7b_instruct_v03=2688, qwen3_8b=2842
[SCHEDULER_HEARTBEAT] running=[] | gpu0:free=1.9GiB util=88% | remaining: gemma_3_12b_it=2842, mistral_7b_instruct_v03=2688, qwen3_8b=2842
[SCHEDULER_HEARTBEAT] running=[] | gpu0:free=1.8GiB util=81% | remaining: gemma_3_12b_it=2842, mistral_7b_instruct_v03=2687, qwen3_8b=2842
[SCHEDULER_HEARTBEAT] running=[] | gpu0:free=1.8GiB util=87% | remaining: gemma_3_12b_it=2842, mistral_7b_instruct_v03=2687, qwen3_8b=2842
[SCHEDULER_HEARTBEAT] running=[] | gpu0:free=1.8GiB util=83% | remaining: gemma_3_12b_it=2842, mistral_7b_instruct_v03=2687, qwen3_8b=2842
[SCHEDULER_HEARTBEAT] running=[] | gpu0:free=2.0GiB util=85% | remaining: gemma_3_12b_it=2842, mistral_7b_instruct_v03=2686, qwen3_8b=2842
[SCHEDULER_HEARTBEAT] running=[] | gpu0:free=1.8GiB util=82% | remaining: gemma_3_12b_it=2842, mistral_7b_instruct_v03=2686, qwen3_8b=2842
[SCHEDULER_HEARTBEAT] running=[] | gpu0:free=1.7GiB util=83% | remaining: gemma_3_12b_it=2842, mistral_7b_instruct_v03=2686, qwen3_8b=2842
[SCHEDULER_HEARTBEAT] running=[] | gpu0:free=1.7GiB util=87% | remaining: gemma_3_12b_it=2842, mistral_7b_instruct_v03=2686, qwen3_8b=2842
[SCHEDULER_HEARTBEAT] running=[] | gpu0:free=2.0GiB util=85% | remaining: gemma_3_12b_it=2842, mistral_7b_instruct_v03=2685, qwen3_8b=2842
[SCHEDULER_HEARTBEAT] running=[] | gpu0:free=1.9GiB util=87% | remaining: gemma_3_12b_it=2842, mistral_7b_instruct_v03=2685, qwen3_8b=2842
[SCHEDULER_HEARTBEAT] running=[] | gpu0:free=1.7GiB util=88% | remaining: gemma_3_12b_it=2842, mistral_7b_instruct_v03=2685, qwen3_8b=2842
[SCHEDULER_HEARTBEAT] running=[] | gpu0:free=1.7GiB util=88% | remaining: gemma_3_12b_it=2842, mistral_7b_instruct_v03=2685, qwen3_8b=2842
[SCHEDULER_HEARTBEAT] running=[] | gpu0:free=1.9GiB util=88% | remaining: gemma_3_12b_it=2842, mistral_7b_instruct_v03=2684, qwen3_8b=2842
[SCHEDULER_HEARTBEAT] running=[] | gpu0:free=1.9GiB util=85% | remaining: gemma_3_12b_it=2842, mistral_7b_instruct_v03=2684, qwen3_8b=2842
[SCHEDULER_HEARTBEAT] running=[] | gpu0:free=1.9GiB util=85% | remaining: gemma_3_12b_it=2842, mistral_7b_instruct_v03=2684, qwen3_8b=2842
[SCHEDULER_HEARTBEAT] running=[] | gpu0:free=1.9GiB util=82% | remaining: gemma_3_12b_it=2842, mistral_7b_instruct_v03=2684, qwen3_8b=2842
[SCHEDULER_HEARTBEAT] running=[] | gpu0:free=1.9GiB util=84% | remaining: gemma_3_12b_it=2842, mistral_7b_instruct_v03=2683, qwen3_8b=2842
[SCHEDULER_HEARTBEAT] running=[] | gpu0:free=1.8GiB util=85% | remaining: gemma_3_12b_it=2842, mistral_7b_instruct_v03=2682, qwen3_8b=2842
[SCHEDULER_HEARTBEAT] running=[] | gpu0:free=1.9GiB util=84% | remaining: gemma_3_12b_it=2842, mistral_7b_instruct_v03=2681, qwen3_8b=2842
[SCHEDULER_HEARTBEAT] running=[] | gpu0:free=1.8GiB util=83% | remaining: gemma_3_12b_it=2842, mistral_7b_instruct_v03=2680, qwen3_8b=2842
[SCHEDULER_HEARTBEAT] running=[] | gpu0:free=1.9GiB util=84% | remaining: gemma_3_12b_it=2842, mistral_7b_instruct_v03=2680, qwen3_8b=2842
[SCHEDULER_HEARTBEAT] running=[] | gpu0:free=1.9GiB util=84% | remaining: gemma_3_12b_it=2842, mistral_7b_instruct_v03=2680, qwen3_8b=2842
[SCHEDULER_HEARTBEAT] running=[] | gpu0:free=1.7GiB util=85% | remaining: gemma_3_12b_it=2842, mistral_7b_instruct_v03=2680, qwen3_8b=2842
[SCHEDULER_HEARTBEAT] running=[] | gpu0:free=1.9GiB util=88% | remaining: gemma_3_12b_it=2842, mistral_7b_instruct_v03=2679, qwen3_8b=2842
[SCHEDULER_HEARTBEAT] running=[] | gpu0:free=2.0GiB util=84% | remaining: gemma_3_12b_it=2842, mistral_7b_instruct_v03=2679, qwen3_8b=2842
[SCHEDULER_HEARTBEAT] running=[] | gpu0:free=1.9GiB util=85% | remaining: gemma_3_12b_it=2842, mistral_7b_instruct_v03=2679, qwen3_8b=2842
[SCHEDULER_HEARTBEAT] running=[] | gpu0:free=2.0GiB util=84% | remaining: gemma_3_12b_it=2842, mistral_7b_instruct_v03=2678, qwen3_8b=2842
[SCHEDULER_HEARTBEAT] running=[] | gpu0:free=1.8GiB util=82% | remaining: gemma_3_12b_it=2842, mistral_7b_instruct_v03=2678, qwen3_8b=2842
[SCHEDULER_HEARTBEAT] running=[] | gpu0:free=1.9GiB util=87% | remaining: gemma_3_12b_it=2842, mistral_7b_instruct_v03=2678, qwen3_8b=2842
[SCHEDULER_HEARTBEAT] running=[] | gpu0:free=1.8GiB util=83% | remaining: gemma_3_12b_it=2842, mistral_7b_instruct_v03=2677, qwen3_8b=2842
[SCHEDULER_HEARTBEAT] running=[] | gpu0:free=1.8GiB util=88% | remaining: gemma_3_12b_it=2842, mistral_7b_instruct_v03=2677, qwen3_8b=2842
[SCHEDULER_HEARTBEAT] running=[] | gpu0:free=1.9GiB util=86% | remaining: gemma_3_12b_it=2842, mistral_7b_instruct_v03=2677, qwen3_8b=2842
[SCHEDULER_HEARTBEAT] running=[] | gpu0:free=1.9GiB util=87% | remaining: gemma_3_12b_it=2842, mistral_7b_instruct_v03=2677, qwen3_8b=2842
[SCHEDULER_HEARTBEAT] running=[] | gpu0:free=1.7GiB util=88% | remaining: gemma_3_12b_it=2842, mistral_7b_instruct_v03=2677, qwen3_8b=2842
[SCHEDULER_HEARTBEAT] running=[] | gpu0:free=2.0GiB util=84% | remaining: gemma_3_12b_it=2842, mistral_7b_instruct_v03=2676, qwen3_8b=2842
[SCHEDULER_HEARTBEAT] running=[] | gpu0:free=2.0GiB util=86% | remaining: gemma_3_12b_it=2842, mistral_7b_instruct_v03=2676, qwen3_8b=2842
[SCHEDULER_HEARTBEAT] running=[] | gpu0:free=1.8GiB util=98% | remaining: gemma_3_12b_it=2842, mistral_7b_instruct_v03=2675, qwen3_8b=2842
[SCHEDULER_HEARTBEAT] running=[] | gpu0:free=2.0GiB util=84% | remaining: gemma_3_12b_it=2842, mistral_7b_instruct_v03=2674, qwen3_8b=2842
[SCHEDULER_HEARTBEAT] running=[] | gpu0:free=1.9GiB util=85% | remaining: gemma_3_12b_it=2842, mistral_7b_instruct_v03=2674, qwen3_8b=2842
[SCHEDULER_HEARTBEAT] running=[] | gpu0:free=1.8GiB util=87% | remaining: gemma_3_12b_it=2842, mistral_7b_instruct_v03=2674, qwen3_8b=2842
[SCHEDULER_HEARTBEAT] running=[] | gpu0:free=1.7GiB util=87% | remaining: gemma_3_12b_it=2842, mistral_7b_instruct_v03=2674, qwen3_8b=2842
[SCHEDULER_HEARTBEAT] running=[] | gpu0:free=1.8GiB util=83% | remaining: gemma_3_12b_it=2842, mistral_7b_instruct_v03=2673, qwen3_8b=2842
[SCHEDULER_HEARTBEAT] running=[] | gpu0:free=1.9GiB util=89% | remaining: gemma_3_12b_it=2842, mistral_7b_instruct_v03=2672, qwen3_8b=2842
[SCHEDULER_HEARTBEAT] running=[] | gpu0:free=1.8GiB util=84% | remaining: gemma_3_12b_it=2842, mistral_7b_instruct_v03=2672, qwen3_8b=2842
[SCHEDULER_HEARTBEAT] running=[] | gpu0:free=1.9GiB util=87% | remaining: gemma_3_12b_it=2842, mistral_7b_instruct_v03=2672, qwen3_8b=2842
[SCHEDULER_HEARTBEAT] running=[] | gpu0:free=1.9GiB util=86% | remaining: gemma_3_12b_it=2842, mistral_7b_instruct_v03=2672, qwen3_8b=2842
[SCHEDULER_HEARTBEAT] running=[] | gpu0:free=2.0GiB util=86% | remaining: gemma_3_12b_it=2842, mistral_7b_instruct_v03=2671, qwen3_8b=2842
[SCHEDULER_HEARTBEAT] running=[] | gpu0:free=1.9GiB util=84% | remaining: gemma_3_12b_it=2842, mistral_7b_instruct_v03=2671, qwen3_8b=2842
[SCHEDULER_HEARTBEAT] running=[] | gpu0:free=1.7GiB util=84% | remaining: gemma_3_12b_it=2842, mistral_7b_instruct_v03=2671, qwen3_8b=2842
[SCHEDULER_HEARTBEAT] running=[] | gpu0:free=1.9GiB util=83% | remaining: gemma_3_12b_it=2842, mistral_7b_instruct_v03=2671, qwen3_8b=2842
[SCHEDULER_HEARTBEAT] running=[] | gpu0:free=1.7GiB util=98% | remaining: gemma_3_12b_it=2842, mistral_7b_instruct_v03=2671, qwen3_8b=2842
[SCHEDULER_HEARTBEAT] running=[] | gpu0:free=1.8GiB util=85% | remaining: gemma_3_12b_it=2842, mistral_7b_instruct_v03=2670, qwen3_8b=2842
[SCHEDULER_HEARTBEAT] running=[] | gpu0:free=1.8GiB util=86% | remaining: gemma_3_12b_it=2842, mistral_7b_instruct_v03=2669, qwen3_8b=2842
[SCHEDULER_HEARTBEAT] running=[] | gpu0:free=1.9GiB util=89% | remaining: gemma_3_12b_it=2842, mistral_7b_instruct_v03=2669, qwen3_8b=2842
[SCHEDULER_HEARTBEAT] running=[] | gpu0:free=1.9GiB util=87% | remaining: gemma_3_12b_it=2842, mistral_7b_instruct_v03=2668, qwen3_8b=2842
[SCHEDULER_HEARTBEAT] running=[] | gpu0:free=1.9GiB util=83% | remaining: gemma_3_12b_it=2842, mistral_7b_instruct_v03=2668, qwen3_8b=2842
[SCHEDULER_HEARTBEAT] running=[] | gpu0:free=1.9GiB util=88% | remaining: gemma_3_12b_it=2842, mistral_7b_instruct_v03=2667, qwen3_8b=2842
[SCHEDULER_HEARTBEAT] running=[] | gpu0:free=1.8GiB util=83% | remaining: gemma_3_12b_it=2842, mistral_7b_instruct_v03=2666, qwen3_8b=2842
[SCHEDULER_HEARTBEAT] running=[] | gpu0:free=1.8GiB util=89% | remaining: gemma_3_12b_it=2842, mistral_7b_instruct_v03=2666, qwen3_8b=2842
[SCHEDULER_HEARTBEAT] running=[] | gpu0:free=1.8GiB util=85% | remaining: gemma_3_12b_it=2842, mistral_7b_instruct_v03=2665, qwen3_8b=2842
[SCHEDULER_HEARTBEAT] running=[] | gpu0:free=1.9GiB util=88% | remaining: gemma_3_12b_it=2842, mistral_7b_instruct_v03=2665, qwen3_8b=2842
[SCHEDULER_HEARTBEAT] running=[] | gpu0:free=2.0GiB util=87% | remaining: gemma_3_12b_it=2842, mistral_7b_instruct_v03=2665, qwen3_8b=2842
[SCHEDULER_HEARTBEAT] running=[] | gpu0:free=2.0GiB util=82% | remaining: gemma_3_12b_it=2842, mistral_7b_instruct_v03=2665, qwen3_8b=2842
[SCHEDULER_HEARTBEAT] running=[] | gpu0:free=1.7GiB util=82% | remaining: gemma_3_12b_it=2842, mistral_7b_instruct_v03=2665, qwen3_8b=2842
[SCHEDULER_HEARTBEAT] running=[] | gpu0:free=1.9GiB util=85% | remaining: gemma_3_12b_it=2842, mistral_7b_instruct_v03=2664, qwen3_8b=2842
[SCHEDULER_HEARTBEAT] running=[] | gpu0:free=2.0GiB util=83% | remaining: gemma_3_12b_it=2842, mistral_7b_instruct_v03=2664, qwen3_8b=2842
[SCHEDULER_HEARTBEAT] running=[] | gpu0:free=2.0GiB util=84% | remaining: gemma_3_12b_it=2842, mistral_7b_instruct_v03=2664, qwen3_8b=2842
[SCHEDULER_HEARTBEAT] running=[] | gpu0:free=1.7GiB util=84% | remaining: gemma_3_12b_it=2842, mistral_7b_instruct_v03=2664, qwen3_8b=2842
[SCHEDULER_HEARTBEAT] running=[] | gpu0:free=1.8GiB util=85% | remaining: gemma_3_12b_it=2842, mistral_7b_instruct_v03=2663, qwen3_8b=2842
[SCHEDULER_HEARTBEAT] running=[] | gpu0:free=1.9GiB util=86% | remaining: gemma_3_12b_it=2842, mistral_7b_instruct_v03=2662, qwen3_8b=2842
[SCHEDULER_HEARTBEAT] running=[] | gpu0:free=1.7GiB util=84% | remaining: gemma_3_12b_it=2842, mistral_7b_instruct_v03=2661, qwen3_8b=2842
[SCHEDULER_HEARTBEAT] running=[] | gpu0:free=1.8GiB util=82% | remaining: gemma_3_12b_it=2842, mistral_7b_instruct_v03=2661, qwen3_8b=2842
[SCHEDULER_HEARTBEAT] running=[] | gpu0:free=1.9GiB util=84% | remaining: gemma_3_12b_it=2842, mistral_7b_instruct_v03=2661, qwen3_8b=2842
[SCHEDULER_HEARTBEAT] running=[] | gpu0:free=1.8GiB util=86% | remaining: gemma_3_12b_it=2842, mistral_7b_instruct_v03=2660, qwen3_8b=2842
[SCHEDULER_HEARTBEAT] running=[] | gpu0:free=1.8GiB util=87% | remaining: gemma_3_12b_it=2842, mistral_7b_instruct_v03=2660, qwen3_8b=2842
[SCHEDULER_HEARTBEAT] running=[] | gpu0:free=2.0GiB util=82% | remaining: gemma_3_12b_it=2842, mistral_7b_instruct_v03=2659, qwen3_8b=2842
[SCHEDULER_HEARTBEAT] running=[] | gpu0:free=2.0GiB util=86% | remaining: gemma_3_12b_it=2842, mistral_7b_instruct_v03=2658, qwen3_8b=2842
[SCHEDULER_HEARTBEAT] running=[] | gpu0:free=1.8GiB util=85% | remaining: gemma_3_12b_it=2842, mistral_7b_instruct_v03=2658, qwen3_8b=2842
[SCHEDULER_HEARTBEAT] running=[] | gpu0:free=1.9GiB util=84% | remaining: gemma_3_12b_it=2842, mistral_7b_instruct_v03=2658, qwen3_8b=2842
[SCHEDULER_HEARTBEAT] running=[] | gpu0:free=1.9GiB util=85% | remaining: gemma_3_12b_it=2842, mistral_7b_instruct_v03=2657, qwen3_8b=2842
[SCHEDULER_HEARTBEAT] running=[] | gpu0:free=1.9GiB util=86% | remaining: gemma_3_12b_it=2842, mistral_7b_instruct_v03=2657, qwen3_8b=2842
[SCHEDULER_HEARTBEAT] running=[] | gpu0:free=1.9GiB util=84% | remaining: gemma_3_12b_it=2842, mistral_7b_instruct_v03=2657, qwen3_8b=2842
[SCHEDULER_HEARTBEAT] running=[] | gpu0:free=1.9GiB util=87% | remaining: gemma_3_12b_it=2842, mistral_7b_instruct_v03=2657, qwen3_8b=2842
[SCHEDULER_HEARTBEAT] running=[] | gpu0:free=2.0GiB util=87% | remaining: gemma_3_12b_it=2842, mistral_7b_instruct_v03=2656, qwen3_8b=2842
[SCHEDULER_HEARTBEAT] running=[] | gpu0:free=1.8GiB util=87% | remaining: gemma_3_12b_it=2842, mistral_7b_instruct_v03=2656, qwen3_8b=2842
[SCHEDULER_HEARTBEAT] running=[] | gpu0:free=1.9GiB util=85% | remaining: gemma_3_12b_it=2842, mistral_7b_instruct_v03=2654, qwen3_8b=2842
[SCHEDULER_HEARTBEAT] running=[] | gpu0:free=1.8GiB util=85% | remaining: gemma_3_12b_it=2842, mistral_7b_instruct_v03=2654, qwen3_8b=2842
[SCHEDULER_HEARTBEAT] running=[] | gpu0:free=2.0GiB util=88% | remaining: gemma_3_12b_it=2842, mistral_7b_instruct_v03=2654, qwen3_8b=2842
[SCHEDULER_HEARTBEAT] running=[] | gpu0:free=1.7GiB util=87% | remaining: gemma_3_12b_it=2842, mistral_7b_instruct_v03=2654, qwen3_8b=2842
[SCHEDULER_HEARTBEAT] running=[] | gpu0:free=1.8GiB util=84% | remaining: gemma_3_12b_it=2842, mistral_7b_instruct_v03=2653, qwen3_8b=2842
[SCHEDULER_HEARTBEAT] running=[] | gpu0:free=1.8GiB util=88% | remaining: gemma_3_12b_it=2842, mistral_7b_instruct_v03=2653, qwen3_8b=2842
[SCHEDULER_HEARTBEAT] running=[] | gpu0:free=1.9GiB util=85% | remaining: gemma_3_12b_it=2842, mistral_7b_instruct_v03=2653, qwen3_8b=2842
[SCHEDULER_HEARTBEAT] running=[] | gpu0:free=1.9GiB util=83% | remaining: gemma_3_12b_it=2842, mistral_7b_instruct_v03=2652, qwen3_8b=2842
[SCHEDULER_HEARTBEAT] running=[] | gpu0:free=1.8GiB util=83% | remaining: gemma_3_12b_it=2842, mistral_7b_instruct_v03=2652, qwen3_8b=2842
[SCHEDULER_HEARTBEAT] running=[] | gpu0:free=1.8GiB util=83% | remaining: gemma_3_12b_it=2842, mistral_7b_instruct_v03=2651, qwen3_8b=2842
[SCHEDULER_HEARTBEAT] running=[] | gpu0:free=1.9GiB util=83% | remaining: gemma_3_12b_it=2842, mistral_7b_instruct_v03=2650, qwen3_8b=2842
[SCHEDULER_HEARTBEAT] running=[] | gpu0:free=1.8GiB util=85% | remaining: gemma_3_12b_it=2842, mistral_7b_instruct_v03=2650, qwen3_8b=2842
[SCHEDULER_HEARTBEAT] running=[] | gpu0:free=1.8GiB util=84% | remaining: gemma_3_12b_it=2842, mistral_7b_instruct_v03=2649, qwen3_8b=2842
[SCHEDULER_HEARTBEAT] running=[] | gpu0:free=1.8GiB util=81% | remaining: gemma_3_12b_it=2842, mistral_7b_instruct_v03=2649, qwen3_8b=2842
[SCHEDULER_HEARTBEAT] running=[] | gpu0:free=2.0GiB util=86% | remaining: gemma_3_12b_it=2842, mistral_7b_instruct_v03=2649, qwen3_8b=2842
[SCHEDULER_HEARTBEAT] running=[] | gpu0:free=1.9GiB util=85% | remaining: gemma_3_12b_it=2842, mistral_7b_instruct_v03=2649, qwen3_8b=2842
[SCHEDULER_HEARTBEAT] running=[] | gpu0:free=2.0GiB util=86% | remaining: gemma_3_12b_it=2842, mistral_7b_instruct_v03=2648, qwen3_8b=2842
[SCHEDULER_HEARTBEAT] running=[] | gpu0:free=1.9GiB util=88% | remaining: gemma_3_12b_it=2842, mistral_7b_instruct_v03=2648, qwen3_8b=2842
[SCHEDULER_HEARTBEAT] running=[] | gpu0:free=1.8GiB util=86% | remaining: gemma_3_12b_it=2842, mistral_7b_instruct_v03=2648, qwen3_8b=2842
[SCHEDULER_HEARTBEAT] running=[] | gpu0:free=1.9GiB util=87% | remaining: gemma_3_12b_it=2842, mistral_7b_instruct_v03=2648, qwen3_8b=2842
[SCHEDULER_HEARTBEAT] running=[] | gpu0:free=1.9GiB util=84% | remaining: gemma_3_12b_it=2842, mistral_7b_instruct_v03=2648, qwen3_8b=2842
[SCHEDULER_HEARTBEAT] running=[] | gpu0:free=1.9GiB util=86% | remaining: gemma_3_12b_it=2842, mistral_7b_instruct_v03=2647, qwen3_8b=2842
[SCHEDULER_HEARTBEAT] running=[] | gpu0:free=1.9GiB util=86% | remaining: gemma_3_12b_it=2842, mistral_7b_instruct_v03=2647, qwen3_8b=2842
[SCHEDULER_HEARTBEAT] running=[] | gpu0:free=1.9GiB util=82% | remaining: gemma_3_12b_it=2842, mistral_7b_instruct_v03=2647, qwen3_8b=2842
[SCHEDULER_HEARTBEAT] running=[] | gpu0:free=1.7GiB util=86% | remaining: gemma_3_12b_it=2842, mistral_7b_instruct_v03=2647, qwen3_8b=2842
[SCHEDULER_HEARTBEAT] running=[] | gpu0:free=1.9GiB util=88% | remaining: gemma_3_12b_it=2842, mistral_7b_instruct_v03=2646, qwen3_8b=2842
[SCHEDULER_HEARTBEAT] running=[] | gpu0:free=1.9GiB util=84% | remaining: gemma_3_12b_it=2842, mistral_7b_instruct_v03=2646, qwen3_8b=2842
[SCHEDULER_HEARTBEAT] running=[] | gpu0:free=1.8GiB util=83% | remaining: gemma_3_12b_it=2842, mistral_7b_instruct_v03=2645, qwen3_8b=2842
[SCHEDULER_HEARTBEAT] running=[] | gpu0:free=2.0GiB util=82% | remaining: gemma_3_12b_it=2842, mistral_7b_instruct_v03=2645, qwen3_8b=2842
[SCHEDULER_HEARTBEAT] running=[] | gpu0:free=1.9GiB util=82% | remaining: gemma_3_12b_it=2842, mistral_7b_instruct_v03=2645, qwen3_8b=2842
[SCHEDULER_HEARTBEAT] running=[] | gpu0:free=1.7GiB util=87% | remaining: gemma_3_12b_it=2842, mistral_7b_instruct_v03=2645, qwen3_8b=2842
[SCHEDULER_HEARTBEAT] running=[] | gpu0:free=1.9GiB util=84% | remaining: gemma_3_12b_it=2842, mistral_7b_instruct_v03=2644, qwen3_8b=2842
[SCHEDULER_HEARTBEAT] running=[] | gpu0:free=1.9GiB util=89% | remaining: gemma_3_12b_it=2842, mistral_7b_instruct_v03=2644, qwen3_8b=2842
[SCHEDULER_HEARTBEAT] running=[] | gpu0:free=1.8GiB util=84% | remaining: gemma_3_12b_it=2842, mistral_7b_instruct_v03=2643, qwen3_8b=2842
[SCHEDULER_HEARTBEAT] running=[] | gpu0:free=1.8GiB util=84% | remaining: gemma_3_12b_it=2842, mistral_7b_instruct_v03=2642, qwen3_8b=2842
[SCHEDULER_HEARTBEAT] running=[] | gpu0:free=1.8GiB util=82% | remaining: gemma_3_12b_it=2842, mistral_7b_instruct_v03=2641, qwen3_8b=2842
[SCHEDULER_HEARTBEAT] running=[] | gpu0:free=1.9GiB util=87% | remaining: gemma_3_12b_it=2842, mistral_7b_instruct_v03=2641, qwen3_8b=2842
[SCHEDULER_HEARTBEAT] running=[] | gpu0:free=2.0GiB util=84% | remaining: gemma_3_12b_it=2842, mistral_7b_instruct_v03=2641, qwen3_8b=2842
[SCHEDULER_HEARTBEAT] running=[] | gpu0:free=1.7GiB util=82% | remaining: gemma_3_12b_it=2842, mistral_7b_instruct_v03=2641, qwen3_8b=2842
[SCHEDULER_HEARTBEAT] running=[] | gpu0:free=1.9GiB util=89% | remaining: gemma_3_12b_it=2842, mistral_7b_instruct_v03=2640, qwen3_8b=2842
[SCHEDULER_HEARTBEAT] running=[] | gpu0:free=1.9GiB util=88% | remaining: gemma_3_12b_it=2842, mistral_7b_instruct_v03=2639, qwen3_8b=2842
[SCHEDULER_HEARTBEAT] running=[] | gpu0:free=1.8GiB util=84% | remaining: gemma_3_12b_it=2842, mistral_7b_instruct_v03=2639, qwen3_8b=2842
[SCHEDULER_HEARTBEAT] running=[] | gpu0:free=1.9GiB util=82% | remaining: gemma_3_12b_it=2842, mistral_7b_instruct_v03=2638, qwen3_8b=2842
[SCHEDULER_HEARTBEAT] running=[] | gpu0:free=1.9GiB util=83% | remaining: gemma_3_12b_it=2842, mistral_7b_instruct_v03=2638, qwen3_8b=2842
[SCHEDULER_HEARTBEAT] running=[] | gpu0:free=2.0GiB util=88% | remaining: gemma_3_12b_it=2842, mistral_7b_instruct_v03=2638, qwen3_8b=2842
[SCHEDULER_HEARTBEAT] running=[] | gpu0:free=1.8GiB util=83% | remaining: gemma_3_12b_it=2842, mistral_7b_instruct_v03=2637, qwen3_8b=2842
[SCHEDULER_HEARTBEAT] running=[] | gpu0:free=1.9GiB util=87% | remaining: gemma_3_12b_it=2842, mistral_7b_instruct_v03=2637, qwen3_8b=2842
[SCHEDULER_HEARTBEAT] running=[] | gpu0:free=2.0GiB util=88% | remaining: gemma_3_12b_it=2842, mistral_7b_instruct_v03=2637, qwen3_8b=2842
[SCHEDULER_HEARTBEAT] running=[] | gpu0:free=1.8GiB util=85% | remaining: gemma_3_12b_it=2842, mistral_7b_instruct_v03=2637, qwen3_8b=2842
[SCHEDULER_HEARTBEAT] running=[] | gpu0:free=1.9GiB util=86% | remaining: gemma_3_12b_it=2842, mistral_7b_instruct_v03=2637, qwen3_8b=2842
[SCHEDULER_HEARTBEAT] running=[] | gpu0:free=1.8GiB util=89% | remaining: gemma_3_12b_it=2842, mistral_7b_instruct_v03=2636, qwen3_8b=2842
[SCHEDULER_HEARTBEAT] running=[] | gpu0:free=1.8GiB util=88% | remaining: gemma_3_12b_it=2842, mistral_7b_instruct_v03=2636, qwen3_8b=2842
[SCHEDULER_HEARTBEAT] running=[] | gpu0:free=1.9GiB util=82% | remaining: gemma_3_12b_it=2842, mistral_7b_instruct_v03=2636, qwen3_8b=2842
[SCHEDULER_HEARTBEAT] running=[] | gpu0:free=1.9GiB util=84% | remaining: gemma_3_12b_it=2842, mistral_7b_instruct_v03=2636, qwen3_8b=2842
[SCHEDULER_HEARTBEAT] running=[] | gpu0:free=1.8GiB util=87% | remaining: gemma_3_12b_it=2842, mistral_7b_instruct_v03=2635, qwen3_8b=2842
[SCHEDULER_HEARTBEAT] running=[] | gpu0:free=1.9GiB util=86% | remaining: gemma_3_12b_it=2842, mistral_7b_instruct_v03=2635, qwen3_8b=2842
[SCHEDULER_HEARTBEAT] running=[] | gpu0:free=1.9GiB util=84% | remaining: gemma_3_12b_it=2842, mistral_7b_instruct_v03=2635, qwen3_8b=2842
[SCHEDULER_HEARTBEAT] running=[] | gpu0:free=1.8GiB util=87% | remaining: gemma_3_12b_it=2842, mistral_7b_instruct_v03=2634, qwen3_8b=2842
[SCHEDULER_HEARTBEAT] running=[] | gpu0:free=1.8GiB util=85% | remaining: gemma_3_12b_it=2842, mistral_7b_instruct_v03=2634, qwen3_8b=2842
[SCHEDULER_HEARTBEAT] running=[] | gpu0:free=1.7GiB util=85% | remaining: gemma_3_12b_it=2842, mistral_7b_instruct_v03=2634, qwen3_8b=2842
[SCHEDULER_HEARTBEAT] running=[] | gpu0:free=1.9GiB util=87% | remaining: gemma_3_12b_it=2842, mistral_7b_instruct_v03=2634, qwen3_8b=2842
[SCHEDULER_HEARTBEAT] running=[] | gpu0:free=1.8GiB util=85% | remaining: gemma_3_12b_it=2842, mistral_7b_instruct_v03=2633, qwen3_8b=2842
[SCHEDULER_HEARTBEAT] running=[] | gpu0:free=1.8GiB util=83% | remaining: gemma_3_12b_it=2842, mistral_7b_instruct_v03=2632, qwen3_8b=2842
[SCHEDULER_HEARTBEAT] running=[] | gpu0:free=1.9GiB util=85% | remaining: gemma_3_12b_it=2842, mistral_7b_instruct_v03=2632, qwen3_8b=2842
[SCHEDULER_HEARTBEAT] running=[] | gpu0:free=1.9GiB util=84% | remaining: gemma_3_12b_it=2842, mistral_7b_instruct_v03=2632, qwen3_8b=2842
[SCHEDULER_HEARTBEAT] running=[] | gpu0:free=1.9GiB util=86% | remaining: gemma_3_12b_it=2842, mistral_7b_instruct_v03=2632, qwen3_8b=2842
[SCHEDULER_HEARTBEAT] running=[] | gpu0:free=1.9GiB util=88% | remaining: gemma_3_12b_it=2842, mistral_7b_instruct_v03=2631, qwen3_8b=2842
[SCHEDULER_HEARTBEAT] running=[] | gpu0:free=1.9GiB util=86% | remaining: gemma_3_12b_it=2842, mistral_7b_instruct_v03=2630, qwen3_8b=2842
[SCHEDULER_HEARTBEAT] running=[] | gpu0:free=2.0GiB util=85% | remaining: gemma_3_12b_it=2842, mistral_7b_instruct_v03=2630, qwen3_8b=2842
[SCHEDULER_HEARTBEAT] running=[] | gpu0:free=1.9GiB util=86% | remaining: gemma_3_12b_it=2842, mistral_7b_instruct_v03=2630, qwen3_8b=2842
[SCHEDULER_HEARTBEAT] running=[] | gpu0:free=1.7GiB util=85% | remaining: gemma_3_12b_it=2842, mistral_7b_instruct_v03=2630, qwen3_8b=2842
[SCHEDULER_HEARTBEAT] running=[] | gpu0:free=1.9GiB util=88% | remaining: gemma_3_12b_it=2842, mistral_7b_instruct_v03=2629, qwen3_8b=2842
[SCHEDULER_HEARTBEAT] running=[] | gpu0:free=1.8GiB util=88% | remaining: gemma_3_12b_it=2842, mistral_7b_instruct_v03=2629, qwen3_8b=2842
[SCHEDULER_HEARTBEAT] running=[] | gpu0:free=1.7GiB util=84% | remaining: gemma_3_12b_it=2842, mistral_7b_instruct_v03=2629, qwen3_8b=2842
[SCHEDULER_HEARTBEAT] running=[] | gpu0:free=1.9GiB util=89% | remaining: gemma_3_12b_it=2842, mistral_7b_instruct_v03=2629, qwen3_8b=2842
[SCHEDULER_HEARTBEAT] running=[] | gpu0:free=1.9GiB util=87% | remaining: gemma_3_12b_it=2842, mistral_7b_instruct_v03=2629, qwen3_8b=2842
[SCHEDULER_HEARTBEAT] running=[] | gpu0:free=1.9GiB util=83% | remaining: gemma_3_12b_it=2842, mistral_7b_instruct_v03=2628, qwen3_8b=2842
[SCHEDULER_HEARTBEAT] running=[] | gpu0:free=1.9GiB util=85% | remaining: gemma_3_12b_it=2842, mistral_7b_instruct_v03=2628, qwen3_8b=2842
[SCHEDULER_HEARTBEAT] running=[] | gpu0:free=1.9GiB util=86% | remaining: gemma_3_12b_it=2842, mistral_7b_instruct_v03=2627, qwen3_8b=2842
[SCHEDULER_HEARTBEAT] running=[] | gpu0:free=1.8GiB util=84% | remaining: gemma_3_12b_it=2842, mistral_7b_instruct_v03=2626, qwen3_8b=2842
[SCHEDULER_HEARTBEAT] running=[] | gpu0:free=1.9GiB util=88% | remaining: gemma_3_12b_it=2842, mistral_7b_instruct_v03=2626, qwen3_8b=2842
[SCHEDULER_HEARTBEAT] running=[] | gpu0:free=1.9GiB util=85% | remaining: gemma_3_12b_it=2842, mistral_7b_instruct_v03=2625, qwen3_8b=2842
[SCHEDULER_HEARTBEAT] running=[] | gpu0:free=1.8GiB util=84% | remaining: gemma_3_12b_it=2842, mistral_7b_instruct_v03=2624, qwen3_8b=2842
[SCHEDULER_HEARTBEAT] running=[] | gpu0:free=1.8GiB util=85% | remaining: gemma_3_12b_it=2842, mistral_7b_instruct_v03=2623, qwen3_8b=2842
[SCHEDULER_HEARTBEAT] running=[] | gpu0:free=1.8GiB util=83% | remaining: gemma_3_12b_it=2842, mistral_7b_instruct_v03=2623, qwen3_8b=2842
[SCHEDULER_HEARTBEAT] running=[] | gpu0:free=2.0GiB util=87% | remaining: gemma_3_12b_it=2842, mistral_7b_instruct_v03=2623, qwen3_8b=2842
[SCHEDULER_HEARTBEAT] running=[] | gpu0:free=2.0GiB util=84% | remaining: gemma_3_12b_it=2842, mistral_7b_instruct_v03=2623, qwen3_8b=2842
[SCHEDULER_HEARTBEAT] running=[] | gpu0:free=1.8GiB util=82% | remaining: gemma_3_12b_it=2842, mistral_7b_instruct_v03=2622, qwen3_8b=2842
[SCHEDULER_HEARTBEAT] running=[] | gpu0:free=1.8GiB util=84% | remaining: gemma_3_12b_it=2842, mistral_7b_instruct_v03=2621, qwen3_8b=2842
[SCHEDULER_HEARTBEAT] running=[] | gpu0:free=2.0GiB util=84% | remaining: gemma_3_12b_it=2842, mistral_7b_instruct_v03=2621, qwen3_8b=2842
[SCHEDULER_HEARTBEAT] running=[] | gpu0:free=1.9GiB util=86% | remaining: gemma_3_12b_it=2842, mistral_7b_instruct_v03=2621, qwen3_8b=2842
[SCHEDULER_HEARTBEAT] running=[] | gpu0:free=1.7GiB util=85% | remaining: gemma_3_12b_it=2842, mistral_7b_instruct_v03=2621, qwen3_8b=2842
[SCHEDULER_HEARTBEAT] running=[] | gpu0:free=1.9GiB util=86% | remaining: gemma_3_12b_it=2842, mistral_7b_instruct_v03=2621, qwen3_8b=2842
[SCHEDULER_HEARTBEAT] running=[] | gpu0:free=1.8GiB util=84% | remaining: gemma_3_12b_it=2842, mistral_7b_instruct_v03=2620, qwen3_8b=2842
[SCHEDULER_HEARTBEAT] running=[] | gpu0:free=1.8GiB util=85% | remaining: gemma_3_12b_it=2842, mistral_7b_instruct_v03=2620, qwen3_8b=2842
[SCHEDULER_HEARTBEAT] running=[] | gpu0:free=2.0GiB util=83% | remaining: gemma_3_12b_it=2842, mistral_7b_instruct_v03=2620, qwen3_8b=2842
[SCHEDULER_HEARTBEAT] running=[] | gpu0:free=1.9GiB util=88% | remaining: gemma_3_12b_it=2842, mistral_7b_instruct_v03=2620, qwen3_8b=2842
[SCHEDULER_HEARTBEAT] running=[] | gpu0:free=1.8GiB util=84% | remaining: gemma_3_12b_it=2842, mistral_7b_instruct_v03=2619, qwen3_8b=2842
[SCHEDULER_HEARTBEAT] running=[] | gpu0:free=1.8GiB util=85% | remaining: gemma_3_12b_it=2842, mistral_7b_instruct_v03=2618, qwen3_8b=2842
[SCHEDULER_HEARTBEAT] running=[] | gpu0:free=1.9GiB util=83% | remaining: gemma_3_12b_it=2842, mistral_7b_instruct_v03=2618, qwen3_8b=2842
[SCHEDULER_HEARTBEAT] running=[] | gpu0:free=1.7GiB util=85% | remaining: gemma_3_12b_it=2842, mistral_7b_instruct_v03=2618, qwen3_8b=2842
[SCHEDULER_HEARTBEAT] running=[] | gpu0:free=2.0GiB util=87% | remaining: gemma_3_12b_it=2842, mistral_7b_instruct_v03=2617, qwen3_8b=2842
[SCHEDULER_HEARTBEAT] running=[] | gpu0:free=1.9GiB util=83% | remaining: gemma_3_12b_it=2842, mistral_7b_instruct_v03=2617, qwen3_8b=2842
[SCHEDULER_HEARTBEAT] running=[] | gpu0:free=1.8GiB util=85% | remaining: gemma_3_12b_it=2842, mistral_7b_instruct_v03=2616, qwen3_8b=2842
[SCHEDULER_HEARTBEAT] running=[] | gpu0:free=1.9GiB util=87% | remaining: gemma_3_12b_it=2842, mistral_7b_instruct_v03=2616, qwen3_8b=2842
[SCHEDULER_HEARTBEAT] running=[] | gpu0:free=1.7GiB util=86% | remaining: gemma_3_12b_it=2842, mistral_7b_instruct_v03=2616, qwen3_8b=2842
[SCHEDULER_HEARTBEAT] running=[] | gpu0:free=2.0GiB util=85% | remaining: gemma_3_12b_it=2842, mistral_7b_instruct_v03=2615, qwen3_8b=2842
[SCHEDULER_HEARTBEAT] running=[] | gpu0:free=1.8GiB util=85% | remaining: gemma_3_12b_it=2842, mistral_7b_instruct_v03=2615, qwen3_8b=2842
[SCHEDULER_HEARTBEAT] running=[] | gpu0:free=1.8GiB util=85% | remaining: gemma_3_12b_it=2842, mistral_7b_instruct_v03=2614, qwen3_8b=2842
[SCHEDULER_HEARTBEAT] running=[] | gpu0:free=2.0GiB util=88% | remaining: gemma_3_12b_it=2842, mistral_7b_instruct_v03=2614, qwen3_8b=2842
[SCHEDULER_HEARTBEAT] running=[] | gpu0:free=1.9GiB util=88% | remaining: gemma_3_12b_it=2842, mistral_7b_instruct_v03=2614, qwen3_8b=2842
[SCHEDULER_HEARTBEAT] running=[] | gpu0:free=1.8GiB util=87% | remaining: gemma_3_12b_it=2842, mistral_7b_instruct_v03=2613, qwen3_8b=2842
[SCHEDULER_HEARTBEAT] running=[] | gpu0:free=1.9GiB util=82% | remaining: gemma_3_12b_it=2842, mistral_7b_instruct_v03=2613, qwen3_8b=2842
[SCHEDULER_HEARTBEAT] running=[] | gpu0:free=1.9GiB util=83% | remaining: gemma_3_12b_it=2842, mistral_7b_instruct_v03=2612, qwen3_8b=2842
[SCHEDULER_HEARTBEAT] running=[] | gpu0:free=1.9GiB util=88% | remaining: gemma_3_12b_it=2842, mistral_7b_instruct_v03=2612, qwen3_8b=2842
[SCHEDULER_HEARTBEAT] running=[] | gpu0:free=2.0GiB util=96% | remaining: gemma_3_12b_it=2842, mistral_7b_instruct_v03=2612, qwen3_8b=2842
[SCHEDULER_HEARTBEAT] running=[] | gpu0:free=2.0GiB util=83% | remaining: gemma_3_12b_it=2842, mistral_7b_instruct_v03=2611, qwen3_8b=2842
[SCHEDULER_HEARTBEAT] running=[] | gpu0:free=1.9GiB util=84% | remaining: gemma_3_12b_it=2842, mistral_7b_instruct_v03=2611, qwen3_8b=2842
[SCHEDULER_HEARTBEAT] running=[] | gpu0:free=2.0GiB util=84% | remaining: gemma_3_12b_it=2842, mistral_7b_instruct_v03=2610, qwen3_8b=2842
[SCHEDULER_HEARTBEAT] running=[] | gpu0:free=1.9GiB util=85% | remaining: gemma_3_12b_it=2842, mistral_7b_instruct_v03=2610, qwen3_8b=2842
[SCHEDULER_HEARTBEAT] running=[] | gpu0:free=2.0GiB util=84% | remaining: gemma_3_12b_it=2842, mistral_7b_instruct_v03=2610, qwen3_8b=2842
[SCHEDULER_HEARTBEAT] running=[] | gpu0:free=1.9GiB util=82% | remaining: gemma_3_12b_it=2842, mistral_7b_instruct_v03=2609, qwen3_8b=2842
[SCHEDULER_HEARTBEAT] running=[] | gpu0:free=1.8GiB util=85% | remaining: gemma_3_12b_it=2842, mistral_7b_instruct_v03=2609, qwen3_8b=2842
[SCHEDULER_HEARTBEAT] running=[] | gpu0:free=2.0GiB util=87% | remaining: gemma_3_12b_it=2842, mistral_7b_instruct_v03=2609, qwen3_8b=2842
[SCHEDULER_HEARTBEAT] running=[] | gpu0:free=1.9GiB util=85% | remaining: gemma_3_12b_it=2842, mistral_7b_instruct_v03=2609, qwen3_8b=2842
[SCHEDULER_HEARTBEAT] running=[] | gpu0:free=1.8GiB util=84% | remaining: gemma_3_12b_it=2842, mistral_7b_instruct_v03=2608, qwen3_8b=2842
[SCHEDULER_HEARTBEAT] running=[] | gpu0:free=1.9GiB util=83% | remaining: gemma_3_12b_it=2842, mistral_7b_instruct_v03=2608, qwen3_8b=2842
[SCHEDULER_HEARTBEAT] running=[] | gpu0:free=1.7GiB util=84% | remaining: gemma_3_12b_it=2842, mistral_7b_instruct_v03=2608, qwen3_8b=2842
[SCHEDULER_HEARTBEAT] running=[] | gpu0:free=1.9GiB util=84% | remaining: gemma_3_12b_it=2842, mistral_7b_instruct_v03=2608, qwen3_8b=2842
[SCHEDULER_HEARTBEAT] running=[] | gpu0:free=1.8GiB util=84% | remaining: gemma_3_12b_it=2842, mistral_7b_instruct_v03=2607, qwen3_8b=2842
[SCHEDULER_HEARTBEAT] running=[] | gpu0:free=1.8GiB util=84% | remaining: gemma_3_12b_it=2842, mistral_7b_instruct_v03=2607, qwen3_8b=2842
[SCHEDULER_HEARTBEAT] running=[] | gpu0:free=1.7GiB util=84% | remaining: gemma_3_12b_it=2842, mistral_7b_instruct_v03=2607, qwen3_8b=2842
[SCHEDULER_HEARTBEAT] running=[] | gpu0:free=1.9GiB util=83% | remaining: gemma_3_12b_it=2842, mistral_7b_instruct_v03=2607, qwen3_8b=2842
[SCHEDULER_HEARTBEAT] running=[] | gpu0:free=1.8GiB util=83% | remaining: gemma_3_12b_it=2842, mistral_7b_instruct_v03=2607, qwen3_8b=2842
[SCHEDULER_HEARTBEAT] running=[] | gpu0:free=2.0GiB util=84% | remaining: gemma_3_12b_it=2842, mistral_7b_instruct_v03=2606, qwen3_8b=2842
[SCHEDULER_HEARTBEAT] running=[] | gpu0:free=2.0GiB util=84% | remaining: gemma_3_12b_it=2842, mistral_7b_instruct_v03=2605, qwen3_8b=2842
[SCHEDULER_HEARTBEAT] running=[] | gpu0:free=1.9GiB util=85% | remaining: gemma_3_12b_it=2842, mistral_7b_instruct_v03=2605, qwen3_8b=2842
[SCHEDULER_HEARTBEAT] running=[] | gpu0:free=1.8GiB util=83% | remaining: gemma_3_12b_it=2842, mistral_7b_instruct_v03=2604, qwen3_8b=2842
[SCHEDULER_HEARTBEAT] running=[] | gpu0:free=1.8GiB util=83% | remaining: gemma_3_12b_it=2842, mistral_7b_instruct_v03=2604, qwen3_8b=2842
[SCHEDULER_HEARTBEAT] running=[] | gpu0:free=1.7GiB util=89% | remaining: gemma_3_12b_it=2842, mistral_7b_instruct_v03=2604, qwen3_8b=2842
[SCHEDULER_HEARTBEAT] running=[] | gpu0:free=1.9GiB util=88% | remaining: gemma_3_12b_it=2842, mistral_7b_instruct_v03=2604, qwen3_8b=2842
[SCHEDULER_HEARTBEAT] running=[] | gpu0:free=1.7GiB util=84% | remaining: gemma_3_12b_it=2842, mistral_7b_instruct_v03=2604, qwen3_8b=2842
[SCHEDULER_HEARTBEAT] running=[] | gpu0:free=1.9GiB util=81% | remaining: gemma_3_12b_it=2842, mistral_7b_instruct_v03=2603, qwen3_8b=2842
[SCHEDULER_HEARTBEAT] running=[] | gpu0:free=1.8GiB util=85% | remaining: gemma_3_12b_it=2842, mistral_7b_instruct_v03=2603, qwen3_8b=2842
[SCHEDULER_HEARTBEAT] running=[] | gpu0:free=2.0GiB util=85% | remaining: gemma_3_12b_it=2842, mistral_7b_instruct_v03=2603, qwen3_8b=2842
[SCHEDULER_HEARTBEAT] running=[] | gpu0:free=1.7GiB util=87% | remaining: gemma_3_12b_it=2842, mistral_7b_instruct_v03=2603, qwen3_8b=2842
[SCHEDULER_HEARTBEAT] running=[] | gpu0:free=1.8GiB util=84% | remaining: gemma_3_12b_it=2842, mistral_7b_instruct_v03=2602, qwen3_8b=2842
[SCHEDULER_HEARTBEAT] running=[] | gpu0:free=1.8GiB util=82% | remaining: gemma_3_12b_it=2842, mistral_7b_instruct_v03=2602, qwen3_8b=2842
[SCHEDULER_HEARTBEAT] running=[] | gpu0:free=1.9GiB util=84% | remaining: gemma_3_12b_it=2842, mistral_7b_instruct_v03=2601, qwen3_8b=2842
[SCHEDULER_HEARTBEAT] running=[] | gpu0:free=1.8GiB util=83% | remaining: gemma_3_12b_it=2842, mistral_7b_instruct_v03=2600, qwen3_8b=2842
[SCHEDULER_HEARTBEAT] running=[] | gpu0:free=1.9GiB util=81% | remaining: gemma_3_12b_it=2842, mistral_7b_instruct_v03=2600, qwen3_8b=2842
[SCHEDULER_HEARTBEAT] running=[] | gpu0:free=1.7GiB util=82% | remaining: gemma_3_12b_it=2842, mistral_7b_instruct_v03=2600, qwen3_8b=2842
[SCHEDULER_HEARTBEAT] running=[] | gpu0:free=1.9GiB util=82% | remaining: gemma_3_12b_it=2842, mistral_7b_instruct_v03=2600, qwen3_8b=2842
[SCHEDULER_HEARTBEAT] running=[] | gpu0:free=1.9GiB util=86% | remaining: gemma_3_12b_it=2842, mistral_7b_instruct_v03=2600, qwen3_8b=2842
[SCHEDULER_HEARTBEAT] running=[] | gpu0:free=2.0GiB util=85% | remaining: gemma_3_12b_it=2842, mistral_7b_instruct_v03=2599, qwen3_8b=2842
[SCHEDULER_HEARTBEAT] running=[] | gpu0:free=1.8GiB util=84% | remaining: gemma_3_12b_it=2842, mistral_7b_instruct_v03=2599, qwen3_8b=2842
[SCHEDULER_HEARTBEAT] running=[] | gpu0:free=1.9GiB util=84% | remaining: gemma_3_12b_it=2842, mistral_7b_instruct_v03=2599, qwen3_8b=2842
[SCHEDULER_HEARTBEAT] running=[] | gpu0:free=2.0GiB util=86% | remaining: gemma_3_12b_it=2842, mistral_7b_instruct_v03=2598, qwen3_8b=2842
[SCHEDULER_HEARTBEAT] running=[] | gpu0:free=1.9GiB util=81% | remaining: gemma_3_12b_it=2842, mistral_7b_instruct_v03=2598, qwen3_8b=2842
[SCHEDULER_HEARTBEAT] running=[] | gpu0:free=1.7GiB util=85% | remaining: gemma_3_12b_it=2842, mistral_7b_instruct_v03=2598, qwen3_8b=2842
[SCHEDULER_HEARTBEAT] running=[] | gpu0:free=1.7GiB util=88% | remaining: gemma_3_12b_it=2842, mistral_7b_instruct_v03=2598, qwen3_8b=2842
[SCHEDULER_HEARTBEAT] running=[] | gpu0:free=1.8GiB util=81% | remaining: gemma_3_12b_it=2842, mistral_7b_instruct_v03=2597, qwen3_8b=2842
[SCHEDULER_HEARTBEAT] running=[] | gpu0:free=1.8GiB util=81% | remaining: gemma_3_12b_it=2842, mistral_7b_instruct_v03=2597, qwen3_8b=2842
[SCHEDULER_HEARTBEAT] running=[] | gpu0:free=2.0GiB util=81% | remaining: gemma_3_12b_it=2842, mistral_7b_instruct_v03=2596, qwen3_8b=2842
[SCHEDULER_HEARTBEAT] running=[] | gpu0:free=1.8GiB util=83% | remaining: gemma_3_12b_it=2842, mistral_7b_instruct_v03=2596, qwen3_8b=2842
[SCHEDULER_HEARTBEAT] running=[] | gpu0:free=2.0GiB util=80% | remaining: gemma_3_12b_it=2842, mistral_7b_instruct_v03=2596, qwen3_8b=2842
[SCHEDULER_HEARTBEAT] running=[] | gpu0:free=1.7GiB util=82% | remaining: gemma_3_12b_it=2842, mistral_7b_instruct_v03=2596, qwen3_8b=2842
[SCHEDULER_HEARTBEAT] running=[] | gpu0:free=1.9GiB util=85% | remaining: gemma_3_12b_it=2842, mistral_7b_instruct_v03=2595, qwen3_8b=2842
[SCHEDULER_HEARTBEAT] running=[] | gpu0:free=1.8GiB util=87% | remaining: gemma_3_12b_it=2842, mistral_7b_instruct_v03=2594, qwen3_8b=2842
[SCHEDULER_HEARTBEAT] running=[] | gpu0:free=1.8GiB util=87% | remaining: gemma_3_12b_it=2842, mistral_7b_instruct_v03=2594, qwen3_8b=2842
[SCHEDULER_HEARTBEAT] running=[] | gpu0:free=1.9GiB util=85% | remaining: gemma_3_12b_it=2842, mistral_7b_instruct_v03=2594, qwen3_8b=2842
[SCHEDULER_HEARTBEAT] running=[] | gpu0:free=1.9GiB util=82% | remaining: gemma_3_12b_it=2842, mistral_7b_instruct_v03=2594, qwen3_8b=2842
[SCHEDULER_HEARTBEAT] running=[] | gpu0:free=1.8GiB util=83% | remaining: gemma_3_12b_it=2842, mistral_7b_instruct_v03=2594, qwen3_8b=2842
[SCHEDULER_HEARTBEAT] running=[] | gpu0:free=1.8GiB util=83% | remaining: gemma_3_12b_it=2842, mistral_7b_instruct_v03=2593, qwen3_8b=2842
[SCHEDULER_HEARTBEAT] running=[] | gpu0:free=1.9GiB util=83% | remaining: gemma_3_12b_it=2842, mistral_7b_instruct_v03=2593, qwen3_8b=2842
[SCHEDULER_HEARTBEAT] running=[] | gpu0:free=2.0GiB util=83% | remaining: gemma_3_12b_it=2842, mistral_7b_instruct_v03=2592, qwen3_8b=2842
[SCHEDULER_HEARTBEAT] running=[] | gpu0:free=1.8GiB util=87% | remaining: gemma_3_12b_it=2842, mistral_7b_instruct_v03=2591, qwen3_8b=2842
[SCHEDULER_HEARTBEAT] running=[] | gpu0:free=1.9GiB util=84% | remaining: gemma_3_12b_it=2842, mistral_7b_instruct_v03=2591, qwen3_8b=2842
[SCHEDULER_HEARTBEAT] running=[] | gpu0:free=1.9GiB util=85% | remaining: gemma_3_12b_it=2842, mistral_7b_instruct_v03=2591, qwen3_8b=2842
[SCHEDULER_HEARTBEAT] running=[] | gpu0:free=1.7GiB util=83% | remaining: gemma_3_12b_it=2842, mistral_7b_instruct_v03=2591, qwen3_8b=2842
[SCHEDULER_HEARTBEAT] running=[] | gpu0:free=1.7GiB util=83% | remaining: gemma_3_12b_it=2842, mistral_7b_instruct_v03=2591, qwen3_8b=2842
[SCHEDULER_HEARTBEAT] running=[] | gpu0:free=1.8GiB util=83% | remaining: gemma_3_12b_it=2842, mistral_7b_instruct_v03=2590, qwen3_8b=2842
[SCHEDULER_HEARTBEAT] running=[] | gpu0:free=1.8GiB util=84% | remaining: gemma_3_12b_it=2842, mistral_7b_instruct_v03=2590, qwen3_8b=2842
[SCHEDULER_HEARTBEAT] running=[] | gpu0:free=2.0GiB util=84% | remaining: gemma_3_12b_it=2842, mistral_7b_instruct_v03=2590, qwen3_8b=2842
[SCHEDULER_HEARTBEAT] running=[] | gpu0:free=1.9GiB util=85% | remaining: gemma_3_12b_it=2842, mistral_7b_instruct_v03=2589, qwen3_8b=2842
[SCHEDULER_HEARTBEAT] running=[] | gpu0:free=1.8GiB util=83% | remaining: gemma_3_12b_it=2842, mistral_7b_instruct_v03=2589, qwen3_8b=2842
[SCHEDULER_HEARTBEAT] running=[] | gpu0:free=1.9GiB util=83% | remaining: gemma_3_12b_it=2842, mistral_7b_instruct_v03=2589, qwen3_8b=2842
[SCHEDULER_HEARTBEAT] running=[] | gpu0:free=1.9GiB util=85% | remaining: gemma_3_12b_it=2842, mistral_7b_instruct_v03=2589, qwen3_8b=2842
[SCHEDULER_HEARTBEAT] running=[] | gpu0:free=1.9GiB util=87% | remaining: gemma_3_12b_it=2842, mistral_7b_instruct_v03=2589, qwen3_8b=2842
[SCHEDULER_HEARTBEAT] running=[] | gpu0:free=1.8GiB util=86% | remaining: gemma_3_12b_it=2842, mistral_7b_instruct_v03=2588, qwen3_8b=2842
[SCHEDULER_HEARTBEAT] running=[] | gpu0:free=1.8GiB util=84% | remaining: gemma_3_12b_it=2842, mistral_7b_instruct_v03=2588, qwen3_8b=2842
[SCHEDULER_HEARTBEAT] running=[] | gpu0:free=1.7GiB util=84% | remaining: gemma_3_12b_it=2842, mistral_7b_instruct_v03=2588, qwen3_8b=2842
[SCHEDULER_HEARTBEAT] running=[] | gpu0:free=1.9GiB util=86% | remaining: gemma_3_12b_it=2842, mistral_7b_instruct_v03=2588, qwen3_8b=2842
[SCHEDULER_HEARTBEAT] running=[] | gpu0:free=1.7GiB util=88% | remaining: gemma_3_12b_it=2842, mistral_7b_instruct_v03=2588, qwen3_8b=2842
[SCHEDULER_HEARTBEAT] running=[] | gpu0:free=2.0GiB util=84% | remaining: gemma_3_12b_it=2842, mistral_7b_instruct_v03=2587, qwen3_8b=2842
[SCHEDULER_HEARTBEAT] running=[] | gpu0:free=1.9GiB util=84% | remaining: gemma_3_12b_it=2842, mistral_7b_instruct_v03=2587, qwen3_8b=2842
[SCHEDULER_HEARTBEAT] running=[] | gpu0:free=1.9GiB util=85% | remaining: gemma_3_12b_it=2842, mistral_7b_instruct_v03=2587, qwen3_8b=2842
[SCHEDULER_HEARTBEAT] running=[] | gpu0:free=1.9GiB util=83% | remaining: gemma_3_12b_it=2842, mistral_7b_instruct_v03=2587, qwen3_8b=2842
[SCHEDULER_HEARTBEAT] running=[] | gpu0:free=2.0GiB util=85% | remaining: gemma_3_12b_it=2842, mistral_7b_instruct_v03=2586, qwen3_8b=2842
[SCHEDULER_HEARTBEAT] running=[] | gpu0:free=1.9GiB util=82% | remaining: gemma_3_12b_it=2842, mistral_7b_instruct_v03=2586, qwen3_8b=2842
[SCHEDULER_HEARTBEAT] running=[] | gpu0:free=1.7GiB util=83% | remaining: gemma_3_12b_it=2842, mistral_7b_instruct_v03=2586, qwen3_8b=2842
[SCHEDULER_HEARTBEAT] running=[] | gpu0:free=1.9GiB util=86% | remaining: gemma_3_12b_it=2842, mistral_7b_instruct_v03=2586, qwen3_8b=2842
[SCHEDULER_HEARTBEAT] running=[] | gpu0:free=1.8GiB util=84% | remaining: gemma_3_12b_it=2842, mistral_7b_instruct_v03=2585, qwen3_8b=2842
[SCHEDULER_HEARTBEAT] running=[] | gpu0:free=1.8GiB util=84% | remaining: gemma_3_12b_it=2842, mistral_7b_instruct_v03=2585, qwen3_8b=2842
[SCHEDULER_HEARTBEAT] running=[] | gpu0:free=1.9GiB util=82% | remaining: gemma_3_12b_it=2842, mistral_7b_instruct_v03=2585, qwen3_8b=2842
[SCHEDULER_HEARTBEAT] running=[] | gpu0:free=1.7GiB util=80% | remaining: gemma_3_12b_it=2842, mistral_7b_instruct_v03=2585, qwen3_8b=2842
[SCHEDULER_HEARTBEAT] running=[] | gpu0:free=1.8GiB util=88% | remaining: gemma_3_12b_it=2842, mistral_7b_instruct_v03=2584, qwen3_8b=2842
[SCHEDULER_HEARTBEAT] running=[] | gpu0:free=1.8GiB util=86% | remaining: gemma_3_12b_it=2842, mistral_7b_instruct_v03=2584, qwen3_8b=2842
[SCHEDULER_HEARTBEAT] running=[] | gpu0:free=2.0GiB util=84% | remaining: gemma_3_12b_it=2842, mistral_7b_instruct_v03=2584, qwen3_8b=2842
[SCHEDULER_HEARTBEAT] running=[] | gpu0:free=1.9GiB util=85% | remaining: gemma_3_12b_it=2842, mistral_7b_instruct_v03=2584, qwen3_8b=2842
[SCHEDULER_HEARTBEAT] running=[] | gpu0:free=1.7GiB util=83% | remaining: gemma_3_12b_it=2842, mistral_7b_instruct_v03=2584, qwen3_8b=2842
[SCHEDULER_HEARTBEAT] running=[] | gpu0:free=1.8GiB util=83% | remaining: gemma_3_12b_it=2842, mistral_7b_instruct_v03=2583, qwen3_8b=2842
[SCHEDULER_HEARTBEAT] running=[] | gpu0:free=1.8GiB util=82% | remaining: gemma_3_12b_it=2842, mistral_7b_instruct_v03=2583, qwen3_8b=2842
[SCHEDULER_HEARTBEAT] running=[] | gpu0:free=1.8GiB util=84% | remaining: gemma_3_12b_it=2842, mistral_7b_instruct_v03=2582, qwen3_8b=2842
[SCHEDULER_HEARTBEAT] running=[] | gpu0:free=1.9GiB util=88% | remaining: gemma_3_12b_it=2842, mistral_7b_instruct_v03=2582, qwen3_8b=2842
[SCHEDULER_HEARTBEAT] running=[] | gpu0:free=1.9GiB util=86% | remaining: gemma_3_12b_it=2842, mistral_7b_instruct_v03=2582, qwen3_8b=2842
[SCHEDULER_HEARTBEAT] running=[] | gpu0:free=1.9GiB util=86% | remaining: gemma_3_12b_it=2842, mistral_7b_instruct_v03=2581, qwen3_8b=2842
[SCHEDULER_HEARTBEAT] running=[] | gpu0:free=1.8GiB util=89% | remaining: gemma_3_12b_it=2842, mistral_7b_instruct_v03=2580, qwen3_8b=2842
[SCHEDULER_HEARTBEAT] running=[] | gpu0:free=2.0GiB util=83% | remaining: gemma_3_12b_it=2842, mistral_7b_instruct_v03=2580, qwen3_8b=2842
[SCHEDULER_HEARTBEAT] running=[] | gpu0:free=1.9GiB util=82% | remaining: gemma_3_12b_it=2842, mistral_7b_instruct_v03=2580, qwen3_8b=2842
[SCHEDULER_HEARTBEAT] running=[] | gpu0:free=1.9GiB util=83% | remaining: gemma_3_12b_it=2842, mistral_7b_instruct_v03=2580, qwen3_8b=2842
[SCHEDULER_HEARTBEAT] running=[] | gpu0:free=1.8GiB util=88% | remaining: gemma_3_12b_it=2842, mistral_7b_instruct_v03=2579, qwen3_8b=2842
[SCHEDULER_HEARTBEAT] running=[] | gpu0:free=1.8GiB util=84% | remaining: gemma_3_12b_it=2842, mistral_7b_instruct_v03=2579, qwen3_8b=2842
[SCHEDULER_HEARTBEAT] running=[] | gpu0:free=1.7GiB util=82% | remaining: gemma_3_12b_it=2842, mistral_7b_instruct_v03=2578, qwen3_8b=2842
[SCHEDULER_HEARTBEAT] running=[] | gpu0:free=2.0GiB util=83% | remaining: gemma_3_12b_it=2842, mistral_7b_instruct_v03=2578, qwen3_8b=2842
[SCHEDULER_HEARTBEAT] running=[] | gpu0:free=1.8GiB util=83% | remaining: gemma_3_12b_it=2842, mistral_7b_instruct_v03=2578, qwen3_8b=2842
[SCHEDULER_HEARTBEAT] running=[] | gpu0:free=1.7GiB util=86% | remaining: gemma_3_12b_it=2842, mistral_7b_instruct_v03=2578, qwen3_8b=2842
[SCHEDULER_HEARTBEAT] running=[] | gpu0:free=1.9GiB util=80% | remaining: gemma_3_12b_it=2842, mistral_7b_instruct_v03=2578, qwen3_8b=2842
[SCHEDULER_HEARTBEAT] running=[] | gpu0:free=2.0GiB util=81% | remaining: gemma_3_12b_it=2842, mistral_7b_instruct_v03=2577, qwen3_8b=2842
[SCHEDULER_HEARTBEAT] running=[] | gpu0:free=1.8GiB util=81% | remaining: gemma_3_12b_it=2842, mistral_7b_instruct_v03=2577, qwen3_8b=2842
[SCHEDULER_HEARTBEAT] running=[] | gpu0:free=1.7GiB util=84% | remaining: gemma_3_12b_it=2842, mistral_7b_instruct_v03=2577, qwen3_8b=2842
[SCHEDULER_HEARTBEAT] running=[] | gpu0:free=1.9GiB util=84% | remaining: gemma_3_12b_it=2842, mistral_7b_instruct_v03=2577, qwen3_8b=2842
[SCHEDULER_HEARTBEAT] running=[] | gpu0:free=1.8GiB util=86% | remaining: gemma_3_12b_it=2842, mistral_7b_instruct_v03=2576, qwen3_8b=2842
[SCHEDULER_HEARTBEAT] running=[] | gpu0:free=2.0GiB util=84% | remaining: gemma_3_12b_it=2842, mistral_7b_instruct_v03=2575, qwen3_8b=2842
[SCHEDULER_HEARTBEAT] running=[] | gpu0:free=1.9GiB util=87% | remaining: gemma_3_12b_it=2842, mistral_7b_instruct_v03=2575, qwen3_8b=2842
[SCHEDULER_HEARTBEAT] running=[] | gpu0:free=1.7GiB util=84% | remaining: gemma_3_12b_it=2842, mistral_7b_instruct_v03=2575, qwen3_8b=2842
[SCHEDULER_HEARTBEAT] running=[] | gpu0:free=1.9GiB util=82% | remaining: gemma_3_12b_it=2842, mistral_7b_instruct_v03=2574, qwen3_8b=2842
[SCHEDULER_HEARTBEAT] running=[] | gpu0:free=1.8GiB util=81% | remaining: gemma_3_12b_it=2842, mistral_7b_instruct_v03=2574, qwen3_8b=2842
[SCHEDULER_HEARTBEAT] running=[] | gpu0:free=1.8GiB util=82% | remaining: gemma_3_12b_it=2842, mistral_7b_instruct_v03=2573, qwen3_8b=2842
[SCHEDULER_HEARTBEAT] running=[] | gpu0:free=1.8GiB util=85% | remaining: gemma_3_12b_it=2842, mistral_7b_instruct_v03=2573, qwen3_8b=2842
[SCHEDULER_HEARTBEAT] running=[] | gpu0:free=1.7GiB util=82% | remaining: gemma_3_12b_it=2842, mistral_7b_instruct_v03=2573, qwen3_8b=2842
[SCHEDULER_HEARTBEAT] running=[] | gpu0:free=1.9GiB util=82% | remaining: gemma_3_12b_it=2842, mistral_7b_instruct_v03=2573, qwen3_8b=2842
[SCHEDULER_HEARTBEAT] running=[] | gpu0:free=1.9GiB util=82% | remaining: gemma_3_12b_it=2842, mistral_7b_instruct_v03=2573, qwen3_8b=2842
[SCHEDULER_HEARTBEAT] running=[] | gpu0:free=1.8GiB util=83% | remaining: gemma_3_12b_it=2842, mistral_7b_instruct_v03=2572, qwen3_8b=2842
[SCHEDULER_HEARTBEAT] running=[] | gpu0:free=1.9GiB util=85% | remaining: gemma_3_12b_it=2842, mistral_7b_instruct_v03=2572, qwen3_8b=2842
[SCHEDULER_HEARTBEAT] running=[] | gpu0:free=1.8GiB util=82% | remaining: gemma_3_12b_it=2842, mistral_7b_instruct_v03=2571, qwen3_8b=2842
[SCHEDULER_HEARTBEAT] running=[] | gpu0:free=2.0GiB util=80% | remaining: gemma_3_12b_it=2842, mistral_7b_instruct_v03=2570, qwen3_8b=2842
[SCHEDULER_HEARTBEAT] running=[] | gpu0:free=1.9GiB util=80% | remaining: gemma_3_12b_it=2842, mistral_7b_instruct_v03=2570, qwen3_8b=2842
[SCHEDULER_HEARTBEAT] running=[] | gpu0:free=1.9GiB util=81% | remaining: gemma_3_12b_it=2842, mistral_7b_instruct_v03=2570, qwen3_8b=2842
[SCHEDULER_HEARTBEAT] running=[] | gpu0:free=1.9GiB util=85% | remaining: gemma_3_12b_it=2842, mistral_7b_instruct_v03=2569, qwen3_8b=2842
[SCHEDULER_HEARTBEAT] running=[] | gpu0:free=2.0GiB util=87% | remaining: gemma_3_12b_it=2842, mistral_7b_instruct_v03=2569, qwen3_8b=2842
[SCHEDULER_HEARTBEAT] running=[] | gpu0:free=1.9GiB util=86% | remaining: gemma_3_12b_it=2842, mistral_7b_instruct_v03=2569, qwen3_8b=2842
[SCHEDULER_HEARTBEAT] running=[] | gpu0:free=1.9GiB util=84% | remaining: gemma_3_12b_it=2842, mistral_7b_instruct_v03=2569, qwen3_8b=2842
[SCHEDULER_HEARTBEAT] running=[] | gpu0:free=1.8GiB util=83% | remaining: gemma_3_12b_it=2842, mistral_7b_instruct_v03=2569, qwen3_8b=2842
[SCHEDULER_HEARTBEAT] running=[] | gpu0:free=1.8GiB util=86% | remaining: gemma_3_12b_it=2842, mistral_7b_instruct_v03=2568, qwen3_8b=2842
[SCHEDULER_HEARTBEAT] running=[] | gpu0:free=1.9GiB util=86% | remaining: gemma_3_12b_it=2842, mistral_7b_instruct_v03=2568, qwen3_8b=2842
[SCHEDULER_HEARTBEAT] running=[] | gpu0:free=1.9GiB util=84% | remaining: gemma_3_12b_it=2842, mistral_7b_instruct_v03=2568, qwen3_8b=2842
[SCHEDULER_HEARTBEAT] running=[] | gpu0:free=1.9GiB util=84% | remaining: gemma_3_12b_it=2842, mistral_7b_instruct_v03=2567, qwen3_8b=2842
[SCHEDULER_HEARTBEAT] running=[] | gpu0:free=2.0GiB util=84% | remaining: gemma_3_12b_it=2842, mistral_7b_instruct_v03=2567, qwen3_8b=2842
[SCHEDULER_HEARTBEAT] running=[] | gpu0:free=1.7GiB util=85% | remaining: gemma_3_12b_it=2842, mistral_7b_instruct_v03=2567, qwen3_8b=2842
[SCHEDULER_HEARTBEAT] running=[] | gpu0:free=1.7GiB util=85% | remaining: gemma_3_12b_it=2842, mistral_7b_instruct_v03=2567, qwen3_8b=2842
[SCHEDULER_HEARTBEAT] running=[] | gpu0:free=1.9GiB util=84% | remaining: gemma_3_12b_it=2842, mistral_7b_instruct_v03=2566, qwen3_8b=2842
[SCHEDULER_HEARTBEAT] running=[] | gpu0:free=1.9GiB util=83% | remaining: gemma_3_12b_it=2842, mistral_7b_instruct_v03=2565, qwen3_8b=2842
[SCHEDULER_HEARTBEAT] running=[] | gpu0:free=1.8GiB util=82% | remaining: gemma_3_12b_it=2842, mistral_7b_instruct_v03=2565, qwen3_8b=2842
[SCHEDULER_HEARTBEAT] running=[] | gpu0:free=1.7GiB util=85% | remaining: gemma_3_12b_it=2842, mistral_7b_instruct_v03=2565, qwen3_8b=2842
[SCHEDULER_HEARTBEAT] running=[] | gpu0:free=1.8GiB util=87% | remaining: gemma_3_12b_it=2842, mistral_7b_instruct_v03=2564, qwen3_8b=2842
[SCHEDULER_HEARTBEAT] running=[] | gpu0:free=1.8GiB util=81% | remaining: gemma_3_12b_it=2842, mistral_7b_instruct_v03=2564, qwen3_8b=2842
[SCHEDULER_HEARTBEAT] running=[] | gpu0:free=1.9GiB util=82% | remaining: gemma_3_12b_it=2842, mistral_7b_instruct_v03=2564, qwen3_8b=2842
[SCHEDULER_HEARTBEAT] running=[] | gpu0:free=1.9GiB util=83% | remaining: gemma_3_12b_it=2842, mistral_7b_instruct_v03=2564, qwen3_8b=2842
[SCHEDULER_HEARTBEAT] running=[] | gpu0:free=1.9GiB util=84% | remaining: gemma_3_12b_it=2842, mistral_7b_instruct_v03=2563, qwen3_8b=2842
[SCHEDULER_HEARTBEAT] running=[] | gpu0:free=1.8GiB util=83% | remaining: gemma_3_12b_it=2842, mistral_7b_instruct_v03=2562, qwen3_8b=2842
[SCHEDULER_HEARTBEAT] running=[] | gpu0:free=1.7GiB util=82% | remaining: gemma_3_12b_it=2842, mistral_7b_instruct_v03=2562, qwen3_8b=2842
[SCHEDULER_HEARTBEAT] running=[] | gpu0:free=1.7GiB util=86% | remaining: gemma_3_12b_it=2842, mistral_7b_instruct_v03=2562, qwen3_8b=2842
[SCHEDULER_HEARTBEAT] running=[] | gpu0:free=1.7GiB util=84% | remaining: gemma_3_12b_it=2842, mistral_7b_instruct_v03=2562, qwen3_8b=2842
[SCHEDULER_HEARTBEAT] running=[] | gpu0:free=1.9GiB util=86% | remaining: gemma_3_12b_it=2842, mistral_7b_instruct_v03=2561, qwen3_8b=2842
[SCHEDULER_HEARTBEAT] running=[] | gpu0:free=1.9GiB util=84% | remaining: gemma_3_12b_it=2842, mistral_7b_instruct_v03=2561, qwen3_8b=2842
[SCHEDULER_HEARTBEAT] running=[] | gpu0:free=1.7GiB util=86% | remaining: gemma_3_12b_it=2842, mistral_7b_instruct_v03=2561, qwen3_8b=2842
[SCHEDULER_HEARTBEAT] running=[] | gpu0:free=1.8GiB util=81% | remaining: gemma_3_12b_it=2842, mistral_7b_instruct_v03=2560, qwen3_8b=2842
[SCHEDULER_HEARTBEAT] running=[] | gpu0:free=1.9GiB util=84% | remaining: gemma_3_12b_it=2842, mistral_7b_instruct_v03=2560, qwen3_8b=2842
[SCHEDULER_HEARTBEAT] running=[] | gpu0:free=1.8GiB util=82% | remaining: gemma_3_12b_it=2842, mistral_7b_instruct_v03=2559, qwen3_8b=2842
[SCHEDULER_HEARTBEAT] running=[] | gpu0:free=1.8GiB util=85% | remaining: gemma_3_12b_it=2842, mistral_7b_instruct_v03=2559, qwen3_8b=2842
[SCHEDULER_HEARTBEAT] running=[] | gpu0:free=1.7GiB util=83% | remaining: gemma_3_12b_it=2842, mistral_7b_instruct_v03=2559, qwen3_8b=2842
[SCHEDULER_HEARTBEAT] running=[] | gpu0:free=2.0GiB util=85% | remaining: gemma_3_12b_it=2842, mistral_7b_instruct_v03=2558, qwen3_8b=2842
[SCHEDULER_HEARTBEAT] running=[] | gpu0:free=1.9GiB util=85% | remaining: gemma_3_12b_it=2842, mistral_7b_instruct_v03=2558, qwen3_8b=2842
[SCHEDULER_HEARTBEAT] running=[] | gpu0:free=2.0GiB util=85% | remaining: gemma_3_12b_it=2842, mistral_7b_instruct_v03=2558, qwen3_8b=2842
[SCHEDULER_HEARTBEAT] running=[] | gpu0:free=1.9GiB util=86% | remaining: gemma_3_12b_it=2842, mistral_7b_instruct_v03=2558, qwen3_8b=2842
[SCHEDULER_HEARTBEAT] running=[] | gpu0:free=1.9GiB util=82% | remaining: gemma_3_12b_it=2842, mistral_7b_instruct_v03=2557, qwen3_8b=2842
[SCHEDULER_HEARTBEAT] running=[] | gpu0:free=1.8GiB util=82% | remaining: gemma_3_12b_it=2842, mistral_7b_instruct_v03=2555, qwen3_8b=2842
[SCHEDULER_HEARTBEAT] running=[] | gpu0:free=1.9GiB util=83% | remaining: gemma_3_12b_it=2842, mistral_7b_instruct_v03=2555, qwen3_8b=2842
[SCHEDULER_HEARTBEAT] running=[] | gpu0:free=2.0GiB util=81% | remaining: gemma_3_12b_it=2842, mistral_7b_instruct_v03=2554, qwen3_8b=2842
[SCHEDULER_HEARTBEAT] running=[] | gpu0:free=1.8GiB util=82% | remaining: gemma_3_12b_it=2842, mistral_7b_instruct_v03=2553, qwen3_8b=2842
[SCHEDULER_HEARTBEAT] running=[] | gpu0:free=2.0GiB util=81% | remaining: gemma_3_12b_it=2842, mistral_7b_instruct_v03=2553, qwen3_8b=2842
[SCHEDULER_HEARTBEAT] running=[] | gpu0:free=1.9GiB util=86% | remaining: gemma_3_12b_it=2842, mistral_7b_instruct_v03=2552, qwen3_8b=2842
[SCHEDULER_HEARTBEAT] running=[] | gpu0:free=1.9GiB util=86% | remaining: gemma_3_12b_it=2842, mistral_7b_instruct_v03=2552, qwen3_8b=2842
[SCHEDULER_HEARTBEAT] running=[] | gpu0:free=2.0GiB util=87% | remaining: gemma_3_12b_it=2842, mistral_7b_instruct_v03=2552, qwen3_8b=2842
[SCHEDULER_HEARTBEAT] running=[] | gpu0:free=1.9GiB util=83% | remaining: gemma_3_12b_it=2842, mistral_7b_instruct_v03=2552, qwen3_8b=2842
[SCHEDULER_HEARTBEAT] running=[] | gpu0:free=1.9GiB util=85% | remaining: gemma_3_12b_it=2842, mistral_7b_instruct_v03=2552, qwen3_8b=2842
[SCHEDULER_HEARTBEAT] running=[] | gpu0:free=1.8GiB util=87% | remaining: gemma_3_12b_it=2842, mistral_7b_instruct_v03=2551, qwen3_8b=2842
[SCHEDULER_HEARTBEAT] running=[] | gpu0:free=1.8GiB util=86% | remaining: gemma_3_12b_it=2842, mistral_7b_instruct_v03=2551, qwen3_8b=2842
[SCHEDULER_HEARTBEAT] running=[] | gpu0:free=1.9GiB util=87% | remaining: gemma_3_12b_it=2842, mistral_7b_instruct_v03=2551, qwen3_8b=2842
[SCHEDULER_HEARTBEAT] running=[] | gpu0:free=1.9GiB util=82% | remaining: gemma_3_12b_it=2842, mistral_7b_instruct_v03=2551, qwen3_8b=2842
[SCHEDULER_HEARTBEAT] running=[] | gpu0:free=1.8GiB util=81% | remaining: gemma_3_12b_it=2842, mistral_7b_instruct_v03=2551, qwen3_8b=2842
[SCHEDULER_HEARTBEAT] running=[] | gpu0:free=1.9GiB util=83% | remaining: gemma_3_12b_it=2842, mistral_7b_instruct_v03=2550, qwen3_8b=2842
[SCHEDULER_HEARTBEAT] running=[] | gpu0:free=1.9GiB util=80% | remaining: gemma_3_12b_it=2842, mistral_7b_instruct_v03=2549, qwen3_8b=2842
[SCHEDULER_HEARTBEAT] running=[] | gpu0:free=2.0GiB util=82% | remaining: gemma_3_12b_it=2842, mistral_7b_instruct_v03=2549, qwen3_8b=2842
[SCHEDULER_HEARTBEAT] running=[] | gpu0:free=1.7GiB util=84% | remaining: gemma_3_12b_it=2842, mistral_7b_instruct_v03=2549, qwen3_8b=2842
[SCHEDULER_HEARTBEAT] running=[] | gpu0:free=1.7GiB util=83% | remaining: gemma_3_12b_it=2842, mistral_7b_instruct_v03=2549, qwen3_8b=2842
[SCHEDULER_HEARTBEAT] running=[] | gpu0:free=1.8GiB util=81% | remaining: gemma_3_12b_it=2842, mistral_7b_instruct_v03=2547, qwen3_8b=2842
[SCHEDULER_HEARTBEAT] running=[] | gpu0:free=1.8GiB util=85% | remaining: gemma_3_12b_it=2842, mistral_7b_instruct_v03=2547, qwen3_8b=2842
[SCHEDULER_HEARTBEAT] running=[] | gpu0:free=1.9GiB util=81% | remaining: gemma_3_12b_it=2842, mistral_7b_instruct_v03=2546, qwen3_8b=2842
[SCHEDULER_HEARTBEAT] running=[] | gpu0:free=1.9GiB util=83% | remaining: gemma_3_12b_it=2842, mistral_7b_instruct_v03=2546, qwen3_8b=2842
[SCHEDULER_HEARTBEAT] running=[] | gpu0:free=1.9GiB util=82% | remaining: gemma_3_12b_it=2842, mistral_7b_instruct_v03=2546, qwen3_8b=2842
[SCHEDULER_HEARTBEAT] running=[] | gpu0:free=1.9GiB util=81% | remaining: gemma_3_12b_it=2842, mistral_7b_instruct_v03=2546, qwen3_8b=2842
[SCHEDULER_HEARTBEAT] running=[] | gpu0:free=1.9GiB util=86% | remaining: gemma_3_12b_it=2842, mistral_7b_instruct_v03=2545, qwen3_8b=2842
[SCHEDULER_HEARTBEAT] running=[] | gpu0:free=1.8GiB util=81% | remaining: gemma_3_12b_it=2842, mistral_7b_instruct_v03=2545, qwen3_8b=2842
[SCHEDULER_HEARTBEAT] running=[] | gpu0:free=1.9GiB util=79% | remaining: gemma_3_12b_it=2842, mistral_7b_instruct_v03=2545, qwen3_8b=2842
[SCHEDULER_HEARTBEAT] running=[] | gpu0:free=1.7GiB util=83% | remaining: gemma_3_12b_it=2842, mistral_7b_instruct_v03=2545, qwen3_8b=2842
[SCHEDULER_HEARTBEAT] running=[] | gpu0:free=1.8GiB util=85% | remaining: gemma_3_12b_it=2842, mistral_7b_instruct_v03=2544, qwen3_8b=2842
[SCHEDULER_HEARTBEAT] running=[] | gpu0:free=1.9GiB util=86% | remaining: gemma_3_12b_it=2842, mistral_7b_instruct_v03=2544, qwen3_8b=2842
[SCHEDULER_HEARTBEAT] running=[] | gpu0:free=1.9GiB util=85% | remaining: gemma_3_12b_it=2842, mistral_7b_instruct_v03=2544, qwen3_8b=2842
[SCHEDULER_HEARTBEAT] running=[] | gpu0:free=1.9GiB util=80% | remaining: gemma_3_12b_it=2842, mistral_7b_instruct_v03=2544, qwen3_8b=2842
[SCHEDULER_HEARTBEAT] running=[] | gpu0:free=2.0GiB util=81% | remaining: gemma_3_12b_it=2842, mistral_7b_instruct_v03=2543, qwen3_8b=2842
[SCHEDULER_HEARTBEAT] running=[] | gpu0:free=1.8GiB util=83% | remaining: gemma_3_12b_it=2842, mistral_7b_instruct_v03=2542, qwen3_8b=2842
[SCHEDULER_HEARTBEAT] running=[] | gpu0:free=1.8GiB util=81% | remaining: gemma_3_12b_it=2842, mistral_7b_instruct_v03=2542, qwen3_8b=2842
[SCHEDULER_HEARTBEAT] running=[] | gpu0:free=1.8GiB util=82% | remaining: gemma_3_12b_it=2842, mistral_7b_instruct_v03=2541, qwen3_8b=2842
[SCHEDULER_HEARTBEAT] running=[] | gpu0:free=1.9GiB util=80% | remaining: gemma_3_12b_it=2842, mistral_7b_instruct_v03=2540, qwen3_8b=2842
[SCHEDULER_HEARTBEAT] running=[] | gpu0:free=1.8GiB util=85% | remaining: gemma_3_12b_it=2842, mistral_7b_instruct_v03=2540, qwen3_8b=2842
[SCHEDULER_HEARTBEAT] running=[] | gpu0:free=1.9GiB util=81% | remaining: gemma_3_12b_it=2842, mistral_7b_instruct_v03=2539, qwen3_8b=2842
[SCHEDULER_HEARTBEAT] running=[] | gpu0:free=1.8GiB util=81% | remaining: gemma_3_12b_it=2842, mistral_7b_instruct_v03=2539, qwen3_8b=2842
[SCHEDULER_HEARTBEAT] running=[] | gpu0:free=1.7GiB util=81% | remaining: gemma_3_12b_it=2842, mistral_7b_instruct_v03=2539, qwen3_8b=2842
[SCHEDULER_HEARTBEAT] running=[] | gpu0:free=1.8GiB util=82% | remaining: gemma_3_12b_it=2842, mistral_7b_instruct_v03=2538, qwen3_8b=2842
[SCHEDULER_HEARTBEAT] running=[] | gpu0:free=2.0GiB util=82% | remaining: gemma_3_12b_it=2842, mistral_7b_instruct_v03=2538, qwen3_8b=2842
[SCHEDULER_HEARTBEAT] running=[] | gpu0:free=1.9GiB util=86% | remaining: gemma_3_12b_it=2842, mistral_7b_instruct_v03=2538, qwen3_8b=2842
[SCHEDULER_HEARTBEAT] running=[] | gpu0:free=2.0GiB util=87% | remaining: gemma_3_12b_it=2842, mistral_7b_instruct_v03=2538, qwen3_8b=2842
[SCHEDULER_HEARTBEAT] running=[] | gpu0:free=1.7GiB util=83% | remaining: gemma_3_12b_it=2842, mistral_7b_instruct_v03=2538, qwen3_8b=2842
[SCHEDULER_HEARTBEAT] running=[] | gpu0:free=1.8GiB util=83% | remaining: gemma_3_12b_it=2842, mistral_7b_instruct_v03=2537, qwen3_8b=2842
[SCHEDULER_HEARTBEAT] running=[] | gpu0:free=2.0GiB util=85% | remaining: gemma_3_12b_it=2842, mistral_7b_instruct_v03=2537, qwen3_8b=2842
[SCHEDULER_HEARTBEAT] running=[] | gpu0:free=1.7GiB util=84% | remaining: gemma_3_12b_it=2842, mistral_7b_instruct_v03=2537, qwen3_8b=2842
[SCHEDULER_HEARTBEAT] running=[] | gpu0:free=1.7GiB util=84% | remaining: gemma_3_12b_it=2842, mistral_7b_instruct_v03=2537, qwen3_8b=2842
[SCHEDULER_HEARTBEAT] running=[] | gpu0:free=1.9GiB util=84% | remaining: gemma_3_12b_it=2842, mistral_7b_instruct_v03=2536, qwen3_8b=2842
[SCHEDULER_HEARTBEAT] running=[] | gpu0:free=1.8GiB util=83% | remaining: gemma_3_12b_it=2842, mistral_7b_instruct_v03=2536, qwen3_8b=2842
[SCHEDULER_HEARTBEAT] running=[] | gpu0:free=1.9GiB util=84% | remaining: gemma_3_12b_it=2842, mistral_7b_instruct_v03=2535, qwen3_8b=2842
[SCHEDULER_HEARTBEAT] running=[] | gpu0:free=1.8GiB util=85% | remaining: gemma_3_12b_it=2842, mistral_7b_instruct_v03=2535, qwen3_8b=2842
[SCHEDULER_HEARTBEAT] running=[] | gpu0:free=1.7GiB util=82% | remaining: gemma_3_12b_it=2842, mistral_7b_instruct_v03=2535, qwen3_8b=2842
[SCHEDULER_HEARTBEAT] running=[] | gpu0:free=1.7GiB util=82% | remaining: gemma_3_12b_it=2842, mistral_7b_instruct_v03=2535, qwen3_8b=2842
[SCHEDULER_HEARTBEAT] running=[] | gpu0:free=1.7GiB util=82% | remaining: gemma_3_12b_it=2842, mistral_7b_instruct_v03=2535, qwen3_8b=2842
[SCHEDULER_HEARTBEAT] running=[] | gpu0:free=1.8GiB util=86% | remaining: gemma_3_12b_it=2842, mistral_7b_instruct_v03=2534, qwen3_8b=2842
[SCHEDULER_HEARTBEAT] running=[] | gpu0:free=1.8GiB util=84% | remaining: gemma_3_12b_it=2842, mistral_7b_instruct_v03=2534, qwen3_8b=2842
[SCHEDULER_HEARTBEAT] running=[] | gpu0:free=1.9GiB util=82% | remaining: gemma_3_12b_it=2842, mistral_7b_instruct_v03=2534, qwen3_8b=2842
[SCHEDULER_HEARTBEAT] running=[] | gpu0:free=1.9GiB util=82% | remaining: gemma_3_12b_it=2842, mistral_7b_instruct_v03=2534, qwen3_8b=2842
[SCHEDULER_HEARTBEAT] running=[] | gpu0:free=1.8GiB util=83% | remaining: gemma_3_12b_it=2842, mistral_7b_instruct_v03=2534, qwen3_8b=2842
[SCHEDULER_HEARTBEAT] running=[] | gpu0:free=1.8GiB util=83% | remaining: gemma_3_12b_it=2842, mistral_7b_instruct_v03=2533, qwen3_8b=2842
[SCHEDULER_HEARTBEAT] running=[] | gpu0:free=1.8GiB util=83% | remaining: gemma_3_12b_it=2842, mistral_7b_instruct_v03=2533, qwen3_8b=2842
[SCHEDULER_HEARTBEAT] running=[] | gpu0:free=1.9GiB util=83% | remaining: gemma_3_12b_it=2842, mistral_7b_instruct_v03=2532, qwen3_8b=2842
[SCHEDULER_HEARTBEAT] running=[] | gpu0:free=1.8GiB util=82% | remaining: gemma_3_12b_it=2842, mistral_7b_instruct_v03=2531, qwen3_8b=2842
[SCHEDULER_HEARTBEAT] running=[] | gpu0:free=1.8GiB util=82% | remaining: gemma_3_12b_it=2842, mistral_7b_instruct_v03=2531, qwen3_8b=2842
[SCHEDULER_HEARTBEAT] running=[] | gpu0:free=1.7GiB util=82% | remaining: gemma_3_12b_it=2842, mistral_7b_instruct_v03=2531, qwen3_8b=2842
[SCHEDULER_HEARTBEAT] running=[] | gpu0:free=1.9GiB util=86% | remaining: gemma_3_12b_it=2842, mistral_7b_instruct_v03=2531, qwen3_8b=2842
[SCHEDULER_HEARTBEAT] running=[] | gpu0:free=1.9GiB util=86% | remaining: gemma_3_12b_it=2842, mistral_7b_instruct_v03=2531, qwen3_8b=2842
[SCHEDULER_HEARTBEAT] running=[] | gpu0:free=1.8GiB util=83% | remaining: gemma_3_12b_it=2842, mistral_7b_instruct_v03=2530, qwen3_8b=2842
[SCHEDULER_HEARTBEAT] running=[] | gpu0:free=1.9GiB util=86% | remaining: gemma_3_12b_it=2842, mistral_7b_instruct_v03=2530, qwen3_8b=2842
[SCHEDULER_HEARTBEAT] running=[] | gpu0:free=1.9GiB util=81% | remaining: gemma_3_12b_it=2842, mistral_7b_instruct_v03=2530, qwen3_8b=2842
[SCHEDULER_HEARTBEAT] running=[] | gpu0:free=1.9GiB util=84% | remaining: gemma_3_12b_it=2842, mistral_7b_instruct_v03=2529, qwen3_8b=2842
[SCHEDULER_HEARTBEAT] running=[] | gpu0:free=1.9GiB util=84% | remaining: gemma_3_12b_it=2842, mistral_7b_instruct_v03=2529, qwen3_8b=2842
[SCHEDULER_HEARTBEAT] running=[] | gpu0:free=1.7GiB util=82% | remaining: gemma_3_12b_it=2842, mistral_7b_instruct_v03=2529, qwen3_8b=2842
[SCHEDULER_HEARTBEAT] running=[] | gpu0:free=1.9GiB util=86% | remaining: gemma_3_12b_it=2842, mistral_7b_instruct_v03=2529, qwen3_8b=2842
[SCHEDULER_HEARTBEAT] running=[] | gpu0:free=1.9GiB util=85% | remaining: gemma_3_12b_it=2842, mistral_7b_instruct_v03=2528, qwen3_8b=2842
[SCHEDULER_HEARTBEAT] running=[] | gpu0:free=1.9GiB util=87% | remaining: gemma_3_12b_it=2842, mistral_7b_instruct_v03=2527, qwen3_8b=2842
[SCHEDULER_HEARTBEAT] running=[] | gpu0:free=2.0GiB util=87% | remaining: gemma_3_12b_it=2842, mistral_7b_instruct_v03=2527, qwen3_8b=2842
[SCHEDULER_HEARTBEAT] running=[] | gpu0:free=1.9GiB util=82% | remaining: gemma_3_12b_it=2842, mistral_7b_instruct_v03=2526, qwen3_8b=2842
[SCHEDULER_HEARTBEAT] running=[] | gpu0:free=1.9GiB util=85% | remaining: gemma_3_12b_it=2842, mistral_7b_instruct_v03=2526, qwen3_8b=2842
[SCHEDULER_HEARTBEAT] running=[] | gpu0:free=1.7GiB util=82% | remaining: gemma_3_12b_it=2842, mistral_7b_instruct_v03=2526, qwen3_8b=2842
[SCHEDULER_HEARTBEAT] running=[] | gpu0:free=1.9GiB util=83% | remaining: gemma_3_12b_it=2842, mistral_7b_instruct_v03=2526, qwen3_8b=2842
[SCHEDULER_HEARTBEAT] running=[] | gpu0:free=1.8GiB util=83% | remaining: gemma_3_12b_it=2842, mistral_7b_instruct_v03=2526, qwen3_8b=2842
[SCHEDULER_HEARTBEAT] running=[] | gpu0:free=1.9GiB util=83% | remaining: gemma_3_12b_it=2842, mistral_7b_instruct_v03=2525, qwen3_8b=2842
[SCHEDULER_HEARTBEAT] running=[] | gpu0:free=2.0GiB util=80% | remaining: gemma_3_12b_it=2842, mistral_7b_instruct_v03=2524, qwen3_8b=2842
[SCHEDULER_HEARTBEAT] running=[] | gpu0:free=1.9GiB util=82% | remaining: gemma_3_12b_it=2842, mistral_7b_instruct_v03=2523, qwen3_8b=2842
[SCHEDULER_HEARTBEAT] running=[] | gpu0:free=1.8GiB util=86% | remaining: gemma_3_12b_it=2842, mistral_7b_instruct_v03=2523, qwen3_8b=2842
[SCHEDULER_HEARTBEAT] running=[] | gpu0:free=1.7GiB util=87% | remaining: gemma_3_12b_it=2842, mistral_7b_instruct_v03=2523, qwen3_8b=2842
[SCHEDULER_HEARTBEAT] running=[] | gpu0:free=1.9GiB util=86% | remaining: gemma_3_12b_it=2842, mistral_7b_instruct_v03=2523, qwen3_8b=2842
[SCHEDULER_HEARTBEAT] running=[] | gpu0:free=1.9GiB util=86% | remaining: gemma_3_12b_it=2842, mistral_7b_instruct_v03=2522, qwen3_8b=2842
[SCHEDULER_HEARTBEAT] running=[] | gpu0:free=1.9GiB util=84% | remaining: gemma_3_12b_it=2842, mistral_7b_instruct_v03=2522, qwen3_8b=2842
[SCHEDULER_HEARTBEAT] running=[] | gpu0:free=2.0GiB util=85% | remaining: gemma_3_12b_it=2842, mistral_7b_instruct_v03=2522, qwen3_8b=2842
[SCHEDULER_HEARTBEAT] running=[] | gpu0:free=1.9GiB util=86% | remaining: gemma_3_12b_it=2842, mistral_7b_instruct_v03=2522, qwen3_8b=2842
[SCHEDULER_HEARTBEAT] running=[] | gpu0:free=1.8GiB util=85% | remaining: gemma_3_12b_it=2842, mistral_7b_instruct_v03=2521, qwen3_8b=2842
[SCHEDULER_HEARTBEAT] running=[] | gpu0:free=1.8GiB util=85% | remaining: gemma_3_12b_it=2842, mistral_7b_instruct_v03=2521, qwen3_8b=2842
[SCHEDULER_HEARTBEAT] running=[] | gpu0:free=1.7GiB util=86% | remaining: gemma_3_12b_it=2842, mistral_7b_instruct_v03=2521, qwen3_8b=2842
[SCHEDULER_HEARTBEAT] running=[] | gpu0:free=1.9GiB util=85% | remaining: gemma_3_12b_it=2842, mistral_7b_instruct_v03=2521, qwen3_8b=2842
[SCHEDULER_HEARTBEAT] running=[] | gpu0:free=1.8GiB util=83% | remaining: gemma_3_12b_it=2842, mistral_7b_instruct_v03=2520, qwen3_8b=2842
[SCHEDULER_HEARTBEAT] running=[] | gpu0:free=1.8GiB util=85% | remaining: gemma_3_12b_it=2842, mistral_7b_instruct_v03=2519, qwen3_8b=2842
[SCHEDULER_HEARTBEAT] running=[] | gpu0:free=1.9GiB util=82% | remaining: gemma_3_12b_it=2842, mistral_7b_instruct_v03=2518, qwen3_8b=2842
[SCHEDULER_HEARTBEAT] running=[] | gpu0:free=1.9GiB util=85% | remaining: gemma_3_12b_it=2842, mistral_7b_instruct_v03=2518, qwen3_8b=2842
[SCHEDULER_HEARTBEAT] running=[] | gpu0:free=2.0GiB util=85% | remaining: gemma_3_12b_it=2842, mistral_7b_instruct_v03=2517, qwen3_8b=2842
[SCHEDULER_HEARTBEAT] running=[] | gpu0:free=1.8GiB util=85% | remaining: gemma_3_12b_it=2842, mistral_7b_instruct_v03=2516, qwen3_8b=2842
[SCHEDULER_HEARTBEAT] running=[] | gpu0:free=1.9GiB util=83% | remaining: gemma_3_12b_it=2842, mistral_7b_instruct_v03=2516, qwen3_8b=2842
[SCHEDULER_HEARTBEAT] running=[] | gpu0:free=1.9GiB util=97% | remaining: gemma_3_12b_it=2842, mistral_7b_instruct_v03=2516, qwen3_8b=2842
[SCHEDULER_HEARTBEAT] running=[] | gpu0:free=1.7GiB util=83% | remaining: gemma_3_12b_it=2842, mistral_7b_instruct_v03=2516, qwen3_8b=2842
[SCHEDULER_HEARTBEAT] running=[] | gpu0:free=1.8GiB util=86% | remaining: gemma_3_12b_it=2842, mistral_7b_instruct_v03=2516, qwen3_8b=2842
[SCHEDULER_HEARTBEAT] running=[] | gpu0:free=1.8GiB util=88% | remaining: gemma_3_12b_it=2842, mistral_7b_instruct_v03=2515, qwen3_8b=2842
[SCHEDULER_HEARTBEAT] running=[] | gpu0:free=1.7GiB util=87% | remaining: gemma_3_12b_it=2842, mistral_7b_instruct_v03=2515, qwen3_8b=2842
[SCHEDULER_HEARTBEAT] running=[] | gpu0:free=1.9GiB util=83% | remaining: gemma_3_12b_it=2842, mistral_7b_instruct_v03=2515, qwen3_8b=2842
[SCHEDULER_HEARTBEAT] running=[] | gpu0:free=1.8GiB util=85% | remaining: gemma_3_12b_it=2842, mistral_7b_instruct_v03=2515, qwen3_8b=2842
[SCHEDULER_HEARTBEAT] running=[] | gpu0:free=1.9GiB util=83% | remaining: gemma_3_12b_it=2842, mistral_7b_instruct_v03=2514, qwen3_8b=2842
[SCHEDULER_HEARTBEAT] running=[] | gpu0:free=1.8GiB util=85% | remaining: gemma_3_12b_it=2842, mistral_7b_instruct_v03=2514, qwen3_8b=2842
[SCHEDULER_HEARTBEAT] running=[] | gpu0:free=1.7GiB util=82% | remaining: gemma_3_12b_it=2842, mistral_7b_instruct_v03=2514, qwen3_8b=2842
[SCHEDULER_HEARTBEAT] running=[] | gpu0:free=1.9GiB util=82% | remaining: gemma_3_12b_it=2842, mistral_7b_instruct_v03=2514, qwen3_8b=2842
[SCHEDULER_HEARTBEAT] running=[] | gpu0:free=1.9GiB util=85% | remaining: gemma_3_12b_it=2842, mistral_7b_instruct_v03=2513, qwen3_8b=2842
[SCHEDULER_HEARTBEAT] running=[] | gpu0:free=1.9GiB util=83% | remaining: gemma_3_12b_it=2842, mistral_7b_instruct_v03=2512, qwen3_8b=2842
[SCHEDULER_HEARTBEAT] running=[] | gpu0:free=1.9GiB util=85% | remaining: gemma_3_12b_it=2842, mistral_7b_instruct_v03=2511, qwen3_8b=2842
[SCHEDULER_HEARTBEAT] running=[] | gpu0:free=1.8GiB util=85% | remaining: gemma_3_12b_it=2842, mistral_7b_instruct_v03=2511, qwen3_8b=2842
[SCHEDULER_HEARTBEAT] running=[] | gpu0:free=1.9GiB util=87% | remaining: gemma_3_12b_it=2842, mistral_7b_instruct_v03=2511, qwen3_8b=2842
[SCHEDULER_HEARTBEAT] running=[] | gpu0:free=1.7GiB util=86% | remaining: gemma_3_12b_it=2842, mistral_7b_instruct_v03=2511, qwen3_8b=2842
[SCHEDULER_HEARTBEAT] running=[] | gpu0:free=1.9GiB util=83% | remaining: gemma_3_12b_it=2842, mistral_7b_instruct_v03=2510, qwen3_8b=2842
[SCHEDULER_HEARTBEAT] running=[] | gpu0:free=2.0GiB util=87% | remaining: gemma_3_12b_it=2842, mistral_7b_instruct_v03=2510, qwen3_8b=2842
[SCHEDULER_HEARTBEAT] running=[] | gpu0:free=1.9GiB util=85% | remaining: gemma_3_12b_it=2842, mistral_7b_instruct_v03=2509, qwen3_8b=2842
[SCHEDULER_HEARTBEAT] running=[] | gpu0:free=2.0GiB util=84% | remaining: gemma_3_12b_it=2842, mistral_7b_instruct_v03=2509, qwen3_8b=2842
[SCHEDULER_HEARTBEAT] running=[] | gpu0:free=1.7GiB util=89% | remaining: gemma_3_12b_it=2842, mistral_7b_instruct_v03=2509, qwen3_8b=2842
[SCHEDULER_HEARTBEAT] running=[] | gpu0:free=1.9GiB util=84% | remaining: gemma_3_12b_it=2842, mistral_7b_instruct_v03=2509, qwen3_8b=2842
[SCHEDULER_HEARTBEAT] running=[] | gpu0:free=2.0GiB util=84% | remaining: gemma_3_12b_it=2842, mistral_7b_instruct_v03=2508, qwen3_8b=2842
[SCHEDULER_HEARTBEAT] running=[] | gpu0:free=1.8GiB util=85% | remaining: gemma_3_12b_it=2842, mistral_7b_instruct_v03=2508, qwen3_8b=2842
[SCHEDULER_HEARTBEAT] running=[] | gpu0:free=1.9GiB util=86% | remaining: gemma_3_12b_it=2842, mistral_7b_instruct_v03=2508, qwen3_8b=2842
[SCHEDULER_HEARTBEAT] running=[] | gpu0:free=1.9GiB util=85% | remaining: gemma_3_12b_it=2842, mistral_7b_instruct_v03=2508, qwen3_8b=2842
[SCHEDULER_HEARTBEAT] running=[] | gpu0:free=1.7GiB util=86% | remaining: gemma_3_12b_it=2842, mistral_7b_instruct_v03=2508, qwen3_8b=2842
[SCHEDULER_HEARTBEAT] running=[] | gpu0:free=2.0GiB util=87% | remaining: gemma_3_12b_it=2842, mistral_7b_instruct_v03=2507, qwen3_8b=2842
[SCHEDULER_HEARTBEAT] running=[] | gpu0:free=2.0GiB util=85% | remaining: gemma_3_12b_it=2842, mistral_7b_instruct_v03=2506, qwen3_8b=2842
[SCHEDULER_HEARTBEAT] running=[] | gpu0:free=1.9GiB util=84% | remaining: gemma_3_12b_it=2842, mistral_7b_instruct_v03=2506, qwen3_8b=2842
[SCHEDULER_HEARTBEAT] running=[] | gpu0:free=1.8GiB util=83% | remaining: gemma_3_12b_it=2842, mistral_7b_instruct_v03=2505, qwen3_8b=2842
[SCHEDULER_HEARTBEAT] running=[] | gpu0:free=2.0GiB util=82% | remaining: gemma_3_12b_it=2842, mistral_7b_instruct_v03=2505, qwen3_8b=2842
[SCHEDULER_HEARTBEAT] running=[] | gpu0:free=2.0GiB util=81% | remaining: gemma_3_12b_it=2842, mistral_7b_instruct_v03=2504, qwen3_8b=2842
[SCHEDULER_HEARTBEAT] running=[] | gpu0:free=1.8GiB util=83% | remaining: gemma_3_12b_it=2842, mistral_7b_instruct_v03=2503, qwen3_8b=2842
[SCHEDULER_HEARTBEAT] running=[] | gpu0:free=1.7GiB util=83% | remaining: gemma_3_12b_it=2842, mistral_7b_instruct_v03=2503, qwen3_8b=2842
[SCHEDULER_HEARTBEAT] running=[] | gpu0:free=1.9GiB util=86% | remaining: gemma_3_12b_it=2842, mistral_7b_instruct_v03=2503, qwen3_8b=2842
[SCHEDULER_HEARTBEAT] running=[] | gpu0:free=1.8GiB util=87% | remaining: gemma_3_12b_it=2842, mistral_7b_instruct_v03=2503, qwen3_8b=2842
[SCHEDULER_HEARTBEAT] running=[] | gpu0:free=1.8GiB util=85% | remaining: gemma_3_12b_it=2842, mistral_7b_instruct_v03=2502, qwen3_8b=2842
[SCHEDULER_HEARTBEAT] running=[] | gpu0:free=1.9GiB util=85% | remaining: gemma_3_12b_it=2842, mistral_7b_instruct_v03=2501, qwen3_8b=2842
[SCHEDULER_HEARTBEAT] running=[] | gpu0:free=1.8GiB util=84% | remaining: gemma_3_12b_it=2842, mistral_7b_instruct_v03=2500, qwen3_8b=2842
[SCHEDULER_HEARTBEAT] running=[] | gpu0:free=1.9GiB util=85% | remaining: gemma_3_12b_it=2842, mistral_7b_instruct_v03=2499, qwen3_8b=2842
[SCHEDULER_HEARTBEAT] running=[] | gpu0:free=2.0GiB util=83% | remaining: gemma_3_12b_it=2842, mistral_7b_instruct_v03=2499, qwen3_8b=2842
[SCHEDULER_HEARTBEAT] running=[] | gpu0:free=1.7GiB util=84% | remaining: gemma_3_12b_it=2842, mistral_7b_instruct_v03=2499, qwen3_8b=2842
[SCHEDULER_HEARTBEAT] running=[] | gpu0:free=1.9GiB util=85% | remaining: gemma_3_12b_it=2842, mistral_7b_instruct_v03=2499, qwen3_8b=2842
[SCHEDULER_HEARTBEAT] running=[] | gpu0:free=1.9GiB util=84% | remaining: gemma_3_12b_it=2842, mistral_7b_instruct_v03=2499, qwen3_8b=2842
[SCHEDULER_HEARTBEAT] running=[] | gpu0:free=1.8GiB util=86% | remaining: gemma_3_12b_it=2842, mistral_7b_instruct_v03=2497, qwen3_8b=2842
[SCHEDULER_HEARTBEAT] running=[] | gpu0:free=2.0GiB util=89% | remaining: gemma_3_12b_it=2842, mistral_7b_instruct_v03=2497, qwen3_8b=2842
[SCHEDULER_HEARTBEAT] running=[] | gpu0:free=1.9GiB util=82% | remaining: gemma_3_12b_it=2842, mistral_7b_instruct_v03=2496, qwen3_8b=2842
[SCHEDULER_HEARTBEAT] running=[] | gpu0:free=1.9GiB util=84% | remaining: gemma_3_12b_it=2842, mistral_7b_instruct_v03=2496, qwen3_8b=2842
[SCHEDULER_HEARTBEAT] running=[] | gpu0:free=1.9GiB util=82% | remaining: gemma_3_12b_it=2842, mistral_7b_instruct_v03=2496, qwen3_8b=2842
[SCHEDULER_HEARTBEAT] running=[] | gpu0:free=1.9GiB util=86% | remaining: gemma_3_12b_it=2842, mistral_7b_instruct_v03=2496, qwen3_8b=2842
[SCHEDULER_HEARTBEAT] running=[] | gpu0:free=1.9GiB util=86% | remaining: gemma_3_12b_it=2842, mistral_7b_instruct_v03=2495, qwen3_8b=2842
[SCHEDULER_HEARTBEAT] running=[] | gpu0:free=2.0GiB util=87% | remaining: gemma_3_12b_it=2842, mistral_7b_instruct_v03=2495, qwen3_8b=2842
[SCHEDULER_HEARTBEAT] running=[] | gpu0:free=1.9GiB util=81% | remaining: gemma_3_12b_it=2842, mistral_7b_instruct_v03=2495, qwen3_8b=2842
[SCHEDULER_HEARTBEAT] running=[] | gpu0:free=1.9GiB util=82% | remaining: gemma_3_12b_it=2842, mistral_7b_instruct_v03=2495, qwen3_8b=2842
[SCHEDULER_HEARTBEAT] running=[] | gpu0:free=1.8GiB util=83% | remaining: gemma_3_12b_it=2842, mistral_7b_instruct_v03=2494, qwen3_8b=2842
[SCHEDULER_HEARTBEAT] running=[] | gpu0:free=1.9GiB util=86% | remaining: gemma_3_12b_it=2842, mistral_7b_instruct_v03=2494, qwen3_8b=2842
[SCHEDULER_HEARTBEAT] running=[] | gpu0:free=1.8GiB util=88% | remaining: gemma_3_12b_it=2842, mistral_7b_instruct_v03=2493, qwen3_8b=2842
[SCHEDULER_HEARTBEAT] running=[] | gpu0:free=1.7GiB util=87% | remaining: gemma_3_12b_it=2842, mistral_7b_instruct_v03=2493, qwen3_8b=2842
[SCHEDULER_HEARTBEAT] running=[] | gpu0:free=1.7GiB util=84% | remaining: gemma_3_12b_it=2842, mistral_7b_instruct_v03=2493, qwen3_8b=2842
[SCHEDULER_HEARTBEAT] running=[] | gpu0:free=1.9GiB util=86% | remaining: gemma_3_12b_it=2842, mistral_7b_instruct_v03=2492, qwen3_8b=2842
[SCHEDULER_HEARTBEAT] running=[] | gpu0:free=1.9GiB util=83% | remaining: gemma_3_12b_it=2842, mistral_7b_instruct_v03=2491, qwen3_8b=2842
[SCHEDULER_HEARTBEAT] running=[] | gpu0:free=1.9GiB util=82% | remaining: gemma_3_12b_it=2842, mistral_7b_instruct_v03=2491, qwen3_8b=2842
[SCHEDULER_HEARTBEAT] running=[] | gpu0:free=1.7GiB util=81% | remaining: gemma_3_12b_it=2842, mistral_7b_instruct_v03=2491, qwen3_8b=2842
[SCHEDULER_HEARTBEAT] running=[] | gpu0:free=1.9GiB util=85% | remaining: gemma_3_12b_it=2842, mistral_7b_instruct_v03=2491, qwen3_8b=2842
[SCHEDULER_HEARTBEAT] running=[] | gpu0:free=2.0GiB util=84% | remaining: gemma_3_12b_it=2842, mistral_7b_instruct_v03=2490, qwen3_8b=2842
[SCHEDULER_HEARTBEAT] running=[] | gpu0:free=2.0GiB util=90% | remaining: gemma_3_12b_it=2842, mistral_7b_instruct_v03=2490, qwen3_8b=2842
[SCHEDULER_HEARTBEAT] running=[] | gpu0:free=1.9GiB util=88% | remaining: gemma_3_12b_it=2842, mistral_7b_instruct_v03=2490, qwen3_8b=2842
[SCHEDULER_HEARTBEAT] running=[] | gpu0:free=1.9GiB util=82% | remaining: gemma_3_12b_it=2842, mistral_7b_instruct_v03=2490, qwen3_8b=2842
[SCHEDULER_HEARTBEAT] running=[] | gpu0:free=1.9GiB util=85% | remaining: gemma_3_12b_it=2842, mistral_7b_instruct_v03=2489, qwen3_8b=2842
[SCHEDULER_HEARTBEAT] running=[] | gpu0:free=1.8GiB util=87% | remaining: gemma_3_12b_it=2842, mistral_7b_instruct_v03=2489, qwen3_8b=2842
[SCHEDULER_HEARTBEAT] running=[] | gpu0:free=1.9GiB util=87% | remaining: gemma_3_12b_it=2842, mistral_7b_instruct_v03=2489, qwen3_8b=2842
[SCHEDULER_HEARTBEAT] running=[] | gpu0:free=1.9GiB util=82% | remaining: gemma_3_12b_it=2842, mistral_7b_instruct_v03=2489, qwen3_8b=2842
[SCHEDULER_HEARTBEAT] running=[] | gpu0:free=1.8GiB util=85% | remaining: gemma_3_12b_it=2842, mistral_7b_instruct_v03=2488, qwen3_8b=2842
[SCHEDULER_HEARTBEAT] running=[] | gpu0:free=1.7GiB util=83% | remaining: gemma_3_12b_it=2842, mistral_7b_instruct_v03=2488, qwen3_8b=2842
[SCHEDULER_HEARTBEAT] running=[] | gpu0:free=1.9GiB util=82% | remaining: gemma_3_12b_it=2842, mistral_7b_instruct_v03=2487, qwen3_8b=2842
[SCHEDULER_HEARTBEAT] running=[] | gpu0:free=1.9GiB util=84% | remaining: gemma_3_12b_it=2842, mistral_7b_instruct_v03=2486, qwen3_8b=2842
[SCHEDULER_HEARTBEAT] running=[] | gpu0:free=1.9GiB util=82% | remaining: gemma_3_12b_it=2842, mistral_7b_instruct_v03=2486, qwen3_8b=2842
[SCHEDULER_HEARTBEAT] running=[] | gpu0:free=1.9GiB util=82% | remaining: gemma_3_12b_it=2842, mistral_7b_instruct_v03=2486, qwen3_8b=2842
[SCHEDULER_HEARTBEAT] running=[] | gpu0:free=1.9GiB util=73% | remaining: gemma_3_12b_it=2842, mistral_7b_instruct_v03=2486, qwen3_8b=2842
[SCHEDULER_HEARTBEAT] running=[] | gpu0:free=1.8GiB util=81% | remaining: gemma_3_12b_it=2842, mistral_7b_instruct_v03=2486, qwen3_8b=2842
[SCHEDULER_HEARTBEAT] running=[] | gpu0:free=1.8GiB util=84% | remaining: gemma_3_12b_it=2842, mistral_7b_instruct_v03=2485, qwen3_8b=2842
[SCHEDULER_HEARTBEAT] running=[] | gpu0:free=1.7GiB util=85% | remaining: gemma_3_12b_it=2842, mistral_7b_instruct_v03=2485, qwen3_8b=2842
[SCHEDULER_HEARTBEAT] running=[] | gpu0:free=1.7GiB util=85% | remaining: gemma_3_12b_it=2842, mistral_7b_instruct_v03=2485, qwen3_8b=2842
[SCHEDULER_HEARTBEAT] running=[] | gpu0:free=1.7GiB util=82% | remaining: gemma_3_12b_it=2842, mistral_7b_instruct_v03=2485, qwen3_8b=2842
[SCHEDULER_HEARTBEAT] running=[] | gpu0:free=1.9GiB util=85% | remaining: gemma_3_12b_it=2842, mistral_7b_instruct_v03=2484, qwen3_8b=2842
[SCHEDULER_HEARTBEAT] running=[] | gpu0:free=1.9GiB util=84% | remaining: gemma_3_12b_it=2842, mistral_7b_instruct_v03=2483, qwen3_8b=2842
[SCHEDULER_HEARTBEAT] running=[] | gpu0:free=1.8GiB util=86% | remaining: gemma_3_12b_it=2842, mistral_7b_instruct_v03=2482, qwen3_8b=2842
[SCHEDULER_HEARTBEAT] running=[] | gpu0:free=1.9GiB util=84% | remaining: gemma_3_12b_it=2842, mistral_7b_instruct_v03=2481, qwen3_8b=2842
[SCHEDULER_HEARTBEAT] running=[] | gpu0:free=2.0GiB util=86% | remaining: gemma_3_12b_it=2842, mistral_7b_instruct_v03=2481, qwen3_8b=2842
[SCHEDULER_HEARTBEAT] running=[] | gpu0:free=1.9GiB util=82% | remaining: gemma_3_12b_it=2842, mistral_7b_instruct_v03=2481, qwen3_8b=2842
[SCHEDULER_HEARTBEAT] running=[] | gpu0:free=2.0GiB util=84% | remaining: gemma_3_12b_it=2842, mistral_7b_instruct_v03=2480, qwen3_8b=2842
[SCHEDULER_HEARTBEAT] running=[] | gpu0:free=1.9GiB util=81% | remaining: gemma_3_12b_it=2842, mistral_7b_instruct_v03=2480, qwen3_8b=2842
[SCHEDULER_HEARTBEAT] running=[] | gpu0:free=1.8GiB util=88% | remaining: gemma_3_12b_it=2842, mistral_7b_instruct_v03=2479, qwen3_8b=2842
[SCHEDULER_HEARTBEAT] running=[] | gpu0:free=2.0GiB util=84% | remaining: gemma_3_12b_it=2842, mistral_7b_instruct_v03=2479, qwen3_8b=2842
[SCHEDULER_HEARTBEAT] running=[] | gpu0:free=1.7GiB util=84% | remaining: gemma_3_12b_it=2842, mistral_7b_instruct_v03=2479, qwen3_8b=2842
[SCHEDULER_HEARTBEAT] running=[] | gpu0:free=2.0GiB util=86% | remaining: gemma_3_12b_it=2842, mistral_7b_instruct_v03=2478, qwen3_8b=2842
[SCHEDULER_HEARTBEAT] running=[] | gpu0:free=1.9GiB util=85% | remaining: gemma_3_12b_it=2842, mistral_7b_instruct_v03=2478, qwen3_8b=2842
[SCHEDULER_HEARTBEAT] running=[] | gpu0:free=1.9GiB util=85% | remaining: gemma_3_12b_it=2842, mistral_7b_instruct_v03=2477, qwen3_8b=2842
[SCHEDULER_HEARTBEAT] running=[] | gpu0:free=2.0GiB util=84% | remaining: gemma_3_12b_it=2842, mistral_7b_instruct_v03=2476, qwen3_8b=2842
[SCHEDULER_HEARTBEAT] running=[] | gpu0:free=1.8GiB util=83% | remaining: gemma_3_12b_it=2842, mistral_7b_instruct_v03=2476, qwen3_8b=2842
[SCHEDULER_HEARTBEAT] running=[] | gpu0:free=1.7GiB util=81% | remaining: gemma_3_12b_it=2842, mistral_7b_instruct_v03=2476, qwen3_8b=2842
[SCHEDULER_HEARTBEAT] running=[] | gpu0:free=1.9GiB util=82% | remaining: gemma_3_12b_it=2842, mistral_7b_instruct_v03=2476, qwen3_8b=2842
[SCHEDULER_HEARTBEAT] running=[] | gpu0:free=1.9GiB util=85% | remaining: gemma_3_12b_it=2842, mistral_7b_instruct_v03=2476, qwen3_8b=2842
[SCHEDULER_HEARTBEAT] running=[] | gpu0:free=1.9GiB util=81% | remaining: gemma_3_12b_it=2842, mistral_7b_instruct_v03=2474, qwen3_8b=2842
[SCHEDULER_HEARTBEAT] running=[] | gpu0:free=2.0GiB util=84% | remaining: gemma_3_12b_it=2842, mistral_7b_instruct_v03=2474, qwen3_8b=2842
[SCHEDULER_HEARTBEAT] running=[] | gpu0:free=2.0GiB util=85% | remaining: gemma_3_12b_it=2842, mistral_7b_instruct_v03=2473, qwen3_8b=2842
[SCHEDULER_HEARTBEAT] running=[] | gpu0:free=1.9GiB util=84% | remaining: gemma_3_12b_it=2842, mistral_7b_instruct_v03=2473, qwen3_8b=2842
[SCHEDULER_HEARTBEAT] running=[] | gpu0:free=1.8GiB util=82% | remaining: gemma_3_12b_it=2842, mistral_7b_instruct_v03=2472, qwen3_8b=2842
[SCHEDULER_HEARTBEAT] running=[] | gpu0:free=1.9GiB util=80% | remaining: gemma_3_12b_it=2842, mistral_7b_instruct_v03=2472, qwen3_8b=2842
[SCHEDULER_HEARTBEAT] running=[] | gpu0:free=1.9GiB util=82% | remaining: gemma_3_12b_it=2842, mistral_7b_instruct_v03=2472, qwen3_8b=2842
[SCHEDULER_HEARTBEAT] running=[] | gpu0:free=1.9GiB util=81% | remaining: gemma_3_12b_it=2842, mistral_7b_instruct_v03=2471, qwen3_8b=2842
[SCHEDULER_HEARTBEAT] running=[] | gpu0:free=1.9GiB util=82% | remaining: gemma_3_12b_it=2842, mistral_7b_instruct_v03=2471, qwen3_8b=2842
[SCHEDULER_HEARTBEAT] running=[] | gpu0:free=2.0GiB util=81% | remaining: gemma_3_12b_it=2842, mistral_7b_instruct_v03=2470, qwen3_8b=2842
[SCHEDULER_HEARTBEAT] running=[] | gpu0:free=1.8GiB util=81% | remaining: gemma_3_12b_it=2842, mistral_7b_instruct_v03=2469, qwen3_8b=2842
[SCHEDULER_HEARTBEAT] running=[] | gpu0:free=1.8GiB util=83% | remaining: gemma_3_12b_it=2842, mistral_7b_instruct_v03=2469, qwen3_8b=2842
[SCHEDULER_HEARTBEAT] running=[] | gpu0:free=1.7GiB util=83% | remaining: gemma_3_12b_it=2842, mistral_7b_instruct_v03=2469, qwen3_8b=2842
[SCHEDULER_HEARTBEAT] running=[] | gpu0:free=1.9GiB util=81% | remaining: gemma_3_12b_it=2842, mistral_7b_instruct_v03=2469, qwen3_8b=2842
[SCHEDULER_HEARTBEAT] running=[] | gpu0:free=1.8GiB util=80% | remaining: gemma_3_12b_it=2842, mistral_7b_instruct_v03=2468, qwen3_8b=2842
[SCHEDULER_HEARTBEAT] running=[] | gpu0:free=2.0GiB util=80% | remaining: gemma_3_12b_it=2842, mistral_7b_instruct_v03=2468, qwen3_8b=2842
[SCHEDULER_HEARTBEAT] running=[] | gpu0:free=1.9GiB util=84% | remaining: gemma_3_12b_it=2842, mistral_7b_instruct_v03=2467, qwen3_8b=2842
[SCHEDULER_HEARTBEAT] running=[] | gpu0:free=1.9GiB util=84% | remaining: gemma_3_12b_it=2842, mistral_7b_instruct_v03=2467, qwen3_8b=2842
[SCHEDULER_HEARTBEAT] running=[] | gpu0:free=1.9GiB util=83% | remaining: gemma_3_12b_it=2842, mistral_7b_instruct_v03=2467, qwen3_8b=2842
[SCHEDULER_HEARTBEAT] running=[] | gpu0:free=1.9GiB util=82% | remaining: gemma_3_12b_it=2842, mistral_7b_instruct_v03=2467, qwen3_8b=2842
[SCHEDULER_HEARTBEAT] running=[] | gpu0:free=1.8GiB util=84% | remaining: gemma_3_12b_it=2842, mistral_7b_instruct_v03=2467, qwen3_8b=2842
[SCHEDULER_HEARTBEAT] running=[] | gpu0:free=1.8GiB util=84% | remaining: gemma_3_12b_it=2842, mistral_7b_instruct_v03=2466, qwen3_8b=2842
[SCHEDULER_HEARTBEAT] running=[] | gpu0:free=2.0GiB util=82% | remaining: gemma_3_12b_it=2842, mistral_7b_instruct_v03=2464, qwen3_8b=2842
[SCHEDULER_HEARTBEAT] running=[] | gpu0:free=2.0GiB util=84% | remaining: gemma_3_12b_it=2842, mistral_7b_instruct_v03=2464, qwen3_8b=2842
[SCHEDULER_HEARTBEAT] running=[] | gpu0:free=1.8GiB util=84% | remaining: gemma_3_12b_it=2842, mistral_7b_instruct_v03=2463, qwen3_8b=2842
[SCHEDULER_HEARTBEAT] running=[] | gpu0:free=1.9GiB util=81% | remaining: gemma_3_12b_it=2842, mistral_7b_instruct_v03=2462, qwen3_8b=2842
[SCHEDULER_HEARTBEAT] running=[] | gpu0:free=2.0GiB util=86% | remaining: gemma_3_12b_it=2842, mistral_7b_instruct_v03=2461, qwen3_8b=2842
[SCHEDULER_HEARTBEAT] running=[] | gpu0:free=1.9GiB util=83% | remaining: gemma_3_12b_it=2842, mistral_7b_instruct_v03=2461, qwen3_8b=2842
[SCHEDULER_HEARTBEAT] running=[] | gpu0:free=1.9GiB util=82% | remaining: gemma_3_12b_it=2842, mistral_7b_instruct_v03=2461, qwen3_8b=2842
[SCHEDULER_HEARTBEAT] running=[] | gpu0:free=1.9GiB util=84% | remaining: gemma_3_12b_it=2842, mistral_7b_instruct_v03=2461, qwen3_8b=2842
[SCHEDULER_HEARTBEAT] running=[] | gpu0:free=1.8GiB util=82% | remaining: gemma_3_12b_it=2842, mistral_7b_instruct_v03=2461, qwen3_8b=2842
[SCHEDULER_HEARTBEAT] running=[] | gpu0:free=1.9GiB util=80% | remaining: gemma_3_12b_it=2842, mistral_7b_instruct_v03=2460, qwen3_8b=2842
[SCHEDULER_HEARTBEAT] running=[] | gpu0:free=1.8GiB util=85% | remaining: gemma_3_12b_it=2842, mistral_7b_instruct_v03=2460, qwen3_8b=2842
[SCHEDULER_HEARTBEAT] running=[] | gpu0:free=1.7GiB util=83% | remaining: gemma_3_12b_it=2842, mistral_7b_instruct_v03=2460, qwen3_8b=2842
[SCHEDULER_HEARTBEAT] running=[] | gpu0:free=1.9GiB util=85% | remaining: gemma_3_12b_it=2842, mistral_7b_instruct_v03=2460, qwen3_8b=2842
[SCHEDULER_HEARTBEAT] running=[] | gpu0:free=1.9GiB util=82% | remaining: gemma_3_12b_it=2842, mistral_7b_instruct_v03=2460, qwen3_8b=2842
[SCHEDULER_HEARTBEAT] running=[] | gpu0:free=1.9GiB util=82% | remaining: gemma_3_12b_it=2842, mistral_7b_instruct_v03=2459, qwen3_8b=2842
[SCHEDULER_HEARTBEAT] running=[] | gpu0:free=1.7GiB util=81% | remaining: gemma_3_12b_it=2842, mistral_7b_instruct_v03=2459, qwen3_8b=2842
[SCHEDULER_HEARTBEAT] running=[] | gpu0:free=1.9GiB util=80% | remaining: gemma_3_12b_it=2842, mistral_7b_instruct_v03=2459, qwen3_8b=2842
[SCHEDULER_HEARTBEAT] running=[] | gpu0:free=1.9GiB util=81% | remaining: gemma_3_12b_it=2842, mistral_7b_instruct_v03=2459, qwen3_8b=2842
[SCHEDULER_HEARTBEAT] running=[] | gpu0:free=2.0GiB util=80% | remaining: gemma_3_12b_it=2842, mistral_7b_instruct_v03=2458, qwen3_8b=2842
[SCHEDULER_HEARTBEAT] running=[] | gpu0:free=1.9GiB util=83% | remaining: gemma_3_12b_it=2842, mistral_7b_instruct_v03=2458, qwen3_8b=2842
[SCHEDULER_HEARTBEAT] running=[] | gpu0:free=1.8GiB util=82% | remaining: gemma_3_12b_it=2842, mistral_7b_instruct_v03=2456, qwen3_8b=2842
[SCHEDULER_HEARTBEAT] running=[] | gpu0:free=1.8GiB util=83% | remaining: gemma_3_12b_it=2842, mistral_7b_instruct_v03=2455, qwen3_8b=2842
[SCHEDULER_HEARTBEAT] running=[] | gpu0:free=1.9GiB util=80% | remaining: gemma_3_12b_it=2842, mistral_7b_instruct_v03=2455, qwen3_8b=2842
[SCHEDULER_HEARTBEAT] running=[] | gpu0:free=1.8GiB util=85% | remaining: gemma_3_12b_it=2842, mistral_7b_instruct_v03=2454, qwen3_8b=2842
[SCHEDULER_HEARTBEAT] running=[] | gpu0:free=1.9GiB util=84% | remaining: gemma_3_12b_it=2842, mistral_7b_instruct_v03=2452, qwen3_8b=2842
[SCHEDULER_HEARTBEAT] running=[] | gpu0:free=1.9GiB util=84% | remaining: gemma_3_12b_it=2842, mistral_7b_instruct_v03=2452, qwen3_8b=2842
[SCHEDULER_HEARTBEAT] running=[] | gpu0:free=1.9GiB util=86% | remaining: gemma_3_12b_it=2842, mistral_7b_instruct_v03=2451, qwen3_8b=2842
[SCHEDULER_HEARTBEAT] running=[] | gpu0:free=1.9GiB util=88% | remaining: gemma_3_12b_it=2842, mistral_7b_instruct_v03=2451, qwen3_8b=2842
[SCHEDULER_HEARTBEAT] running=[] | gpu0:free=1.7GiB util=86% | remaining: gemma_3_12b_it=2842, mistral_7b_instruct_v03=2451, qwen3_8b=2842
[SCHEDULER_HEARTBEAT] running=[] | gpu0:free=1.8GiB util=86% | remaining: gemma_3_12b_it=2842, mistral_7b_instruct_v03=2451, qwen3_8b=2842
[SCHEDULER_HEARTBEAT] running=[] | gpu0:free=1.8GiB util=86% | remaining: gemma_3_12b_it=2842, mistral_7b_instruct_v03=2450, qwen3_8b=2842
[SCHEDULER_HEARTBEAT] running=[] | gpu0:free=1.9GiB util=85% | remaining: gemma_3_12b_it=2842, mistral_7b_instruct_v03=2449, qwen3_8b=2842
[SCHEDULER_HEARTBEAT] running=[] | gpu0:free=2.0GiB util=87% | remaining: gemma_3_12b_it=2842, mistral_7b_instruct_v03=2449, qwen3_8b=2842
[SCHEDULER_HEARTBEAT] running=[] | gpu0:free=1.7GiB util=88% | remaining: gemma_3_12b_it=2842, mistral_7b_instruct_v03=2449, qwen3_8b=2842
[SCHEDULER_HEARTBEAT] running=[] | gpu0:free=1.9GiB util=87% | remaining: gemma_3_12b_it=2842, mistral_7b_instruct_v03=2449, qwen3_8b=2842
[SCHEDULER_HEARTBEAT] running=[] | gpu0:free=1.9GiB util=86% | remaining: gemma_3_12b_it=2842, mistral_7b_instruct_v03=2449, qwen3_8b=2842
[SCHEDULER_HEARTBEAT] running=[] | gpu0:free=1.9GiB util=87% | remaining: gemma_3_12b_it=2842, mistral_7b_instruct_v03=2448, qwen3_8b=2842
[SCHEDULER_HEARTBEAT] running=[] | gpu0:free=2.0GiB util=85% | remaining: gemma_3_12b_it=2842, mistral_7b_instruct_v03=2448, qwen3_8b=2842
[SCHEDULER_HEARTBEAT] running=[] | gpu0:free=1.9GiB util=84% | remaining: gemma_3_12b_it=2842, mistral_7b_instruct_v03=2447, qwen3_8b=2842
[SCHEDULER_HEARTBEAT] running=[] | gpu0:free=1.9GiB util=87% | remaining: gemma_3_12b_it=2842, mistral_7b_instruct_v03=2447, qwen3_8b=2842
[SCHEDULER_HEARTBEAT] running=[] | gpu0:free=1.9GiB util=84% | remaining: gemma_3_12b_it=2842, mistral_7b_instruct_v03=2447, qwen3_8b=2842
[SCHEDULER_HEARTBEAT] running=[] | gpu0:free=1.7GiB util=89% | remaining: gemma_3_12b_it=2842, mistral_7b_instruct_v03=2447, qwen3_8b=2842
[SCHEDULER_HEARTBEAT] running=[] | gpu0:free=1.8GiB util=85% | remaining: gemma_3_12b_it=2842, mistral_7b_instruct_v03=2447, qwen3_8b=2842
[SCHEDULER_HEARTBEAT] running=[] | gpu0:free=1.8GiB util=81% | remaining: gemma_3_12b_it=2842, mistral_7b_instruct_v03=2446, qwen3_8b=2842
[SCHEDULER_HEARTBEAT] running=[] | gpu0:free=2.0GiB util=82% | remaining: gemma_3_12b_it=2842, mistral_7b_instruct_v03=2446, qwen3_8b=2842
[SCHEDULER_HEARTBEAT] running=[] | gpu0:free=1.7GiB util=82% | remaining: gemma_3_12b_it=2842, mistral_7b_instruct_v03=2446, qwen3_8b=2842
[SCHEDULER_HEARTBEAT] running=[] | gpu0:free=1.7GiB util=82% | remaining: gemma_3_12b_it=2842, mistral_7b_instruct_v03=2446, qwen3_8b=2842
[SCHEDULER_HEARTBEAT] running=[] | gpu0:free=1.7GiB util=86% | remaining: gemma_3_12b_it=2842, mistral_7b_instruct_v03=2446, qwen3_8b=2842
[SCHEDULER_HEARTBEAT] running=[] | gpu0:free=1.8GiB util=83% | remaining: gemma_3_12b_it=2842, mistral_7b_instruct_v03=2445, qwen3_8b=2842
[SCHEDULER_HEARTBEAT] running=[] | gpu0:free=1.7GiB util=86% | remaining: gemma_3_12b_it=2842, mistral_7b_instruct_v03=2445, qwen3_8b=2842
[SCHEDULER_HEARTBEAT] running=[] | gpu0:free=1.9GiB util=81% | remaining: gemma_3_12b_it=2842, mistral_7b_instruct_v03=2445, qwen3_8b=2842
[SCHEDULER_HEARTBEAT] running=[] | gpu0:free=1.9GiB util=81% | remaining: gemma_3_12b_it=2842, mistral_7b_instruct_v03=2445, qwen3_8b=2842
[SCHEDULER_HEARTBEAT] running=[] | gpu0:free=2.0GiB util=81% | remaining: gemma_3_12b_it=2842, mistral_7b_instruct_v03=2444, qwen3_8b=2842
[SCHEDULER_HEARTBEAT] running=[] | gpu0:free=2.0GiB util=81% | remaining: gemma_3_12b_it=2842, mistral_7b_instruct_v03=2444, qwen3_8b=2842
[SCHEDULER_HEARTBEAT] running=[] | gpu0:free=1.7GiB util=82% | remaining: gemma_3_12b_it=2842, mistral_7b_instruct_v03=2444, qwen3_8b=2842
[SCHEDULER_HEARTBEAT] running=[] | gpu0:free=1.7GiB util=83% | remaining: gemma_3_12b_it=2842, mistral_7b_instruct_v03=2444, qwen3_8b=2842
[SCHEDULER_HEARTBEAT] running=[] | gpu0:free=1.8GiB util=85% | remaining: gemma_3_12b_it=2842, mistral_7b_instruct_v03=2444, qwen3_8b=2842
[SCHEDULER_HEARTBEAT] running=[] | gpu0:free=1.9GiB util=82% | remaining: gemma_3_12b_it=2842, mistral_7b_instruct_v03=2443, qwen3_8b=2842
[SCHEDULER_HEARTBEAT] running=[] | gpu0:free=1.9GiB util=80% | remaining: gemma_3_12b_it=2842, mistral_7b_instruct_v03=2443, qwen3_8b=2842
[SCHEDULER_HEARTBEAT] running=[] | gpu0:free=1.7GiB util=84% | remaining: gemma_3_12b_it=2842, mistral_7b_instruct_v03=2443, qwen3_8b=2842
[SCHEDULER_HEARTBEAT] running=[] | gpu0:free=1.7GiB util=85% | remaining: gemma_3_12b_it=2842, mistral_7b_instruct_v03=2443, qwen3_8b=2842
[SCHEDULER_HEARTBEAT] running=[] | gpu0:free=2.0GiB util=85% | remaining: gemma_3_12b_it=2842, mistral_7b_instruct_v03=2442, qwen3_8b=2842
[SCHEDULER_HEARTBEAT] running=[] | gpu0:free=1.9GiB util=83% | remaining: gemma_3_12b_it=2842, mistral_7b_instruct_v03=2441, qwen3_8b=2842
[SCHEDULER_HEARTBEAT] running=[] | gpu0:free=2.0GiB util=82% | remaining: gemma_3_12b_it=2842, mistral_7b_instruct_v03=2441, qwen3_8b=2842
[SCHEDULER_HEARTBEAT] running=[] | gpu0:free=1.7GiB util=83% | remaining: gemma_3_12b_it=2842, mistral_7b_instruct_v03=2441, qwen3_8b=2842
[SCHEDULER_HEARTBEAT] running=[] | gpu0:free=1.7GiB util=84% | remaining: gemma_3_12b_it=2842, mistral_7b_instruct_v03=2441, qwen3_8b=2842
[SCHEDULER_HEARTBEAT] running=[] | gpu0:free=1.7GiB util=84% | remaining: gemma_3_12b_it=2842, mistral_7b_instruct_v03=2441, qwen3_8b=2842
[SCHEDULER_HEARTBEAT] running=[] | gpu0:free=1.9GiB util=82% | remaining: gemma_3_12b_it=2842, mistral_7b_instruct_v03=2440, qwen3_8b=2842
[SCHEDULER_HEARTBEAT] running=[] | gpu0:free=1.9GiB util=86% | remaining: gemma_3_12b_it=2842, mistral_7b_instruct_v03=2440, qwen3_8b=2842
[SCHEDULER_HEARTBEAT] running=[] | gpu0:free=1.9GiB util=86% | remaining: gemma_3_12b_it=2842, mistral_7b_instruct_v03=2440, qwen3_8b=2842
[SCHEDULER_HEARTBEAT] running=[] | gpu0:free=1.7GiB util=89% | remaining: gemma_3_12b_it=2842, mistral_7b_instruct_v03=2440, qwen3_8b=2842
[SCHEDULER_HEARTBEAT] running=[] | gpu0:free=1.8GiB util=87% | remaining: gemma_3_12b_it=2842, mistral_7b_instruct_v03=2440, qwen3_8b=2842
[SCHEDULER_HEARTBEAT] running=[] | gpu0:free=1.9GiB util=87% | remaining: gemma_3_12b_it=2842, mistral_7b_instruct_v03=2438, qwen3_8b=2842
[SCHEDULER_HEARTBEAT] running=[] | gpu0:free=2.0GiB util=85% | remaining: gemma_3_12b_it=2842, mistral_7b_instruct_v03=2438, qwen3_8b=2842
[SCHEDULER_HEARTBEAT] running=[] | gpu0:free=1.9GiB util=84% | remaining: gemma_3_12b_it=2842, mistral_7b_instruct_v03=2438, qwen3_8b=2842
[SCHEDULER_HEARTBEAT] running=[] | gpu0:free=1.7GiB util=86% | remaining: gemma_3_12b_it=2842, mistral_7b_instruct_v03=2438, qwen3_8b=2842
[SCHEDULER_HEARTBEAT] running=[] | gpu0:free=1.8GiB util=88% | remaining: gemma_3_12b_it=2842, mistral_7b_instruct_v03=2438, qwen3_8b=2842
[SCHEDULER_HEARTBEAT] running=[] | gpu0:free=2.0GiB util=87% | remaining: gemma_3_12b_it=2842, mistral_7b_instruct_v03=2437, qwen3_8b=2842
[SCHEDULER_HEARTBEAT] running=[] | gpu0:free=1.9GiB util=84% | remaining: gemma_3_12b_it=2842, mistral_7b_instruct_v03=2436, qwen3_8b=2842
[SCHEDULER_HEARTBEAT] running=[] | gpu0:free=1.9GiB util=85% | remaining: gemma_3_12b_it=2842, mistral_7b_instruct_v03=2436, qwen3_8b=2842
[SCHEDULER_HEARTBEAT] running=[] | gpu0:free=1.7GiB util=87% | remaining: gemma_3_12b_it=2842, mistral_7b_instruct_v03=2436, qwen3_8b=2842
[SCHEDULER_HEARTBEAT] running=[] | gpu0:free=1.8GiB util=85% | remaining: gemma_3_12b_it=2842, mistral_7b_instruct_v03=2435, qwen3_8b=2842
[SCHEDULER_HEARTBEAT] running=[] | gpu0:free=1.9GiB util=86% | remaining: gemma_3_12b_it=2842, mistral_7b_instruct_v03=2434, qwen3_8b=2842
[SCHEDULER_HEARTBEAT] running=[] | gpu0:free=1.9GiB util=85% | remaining: gemma_3_12b_it=2842, mistral_7b_instruct_v03=2434, qwen3_8b=2842
[SCHEDULER_HEARTBEAT] running=[] | gpu0:free=1.7GiB util=86% | remaining: gemma_3_12b_it=2842, mistral_7b_instruct_v03=2434, qwen3_8b=2842
[SCHEDULER_HEARTBEAT] running=[] | gpu0:free=2.0GiB util=83% | remaining: gemma_3_12b_it=2842, mistral_7b_instruct_v03=2433, qwen3_8b=2842
[SCHEDULER_HEARTBEAT] running=[] | gpu0:free=1.7GiB util=83% | remaining: gemma_3_12b_it=2842, mistral_7b_instruct_v03=2433, qwen3_8b=2842
[SCHEDULER_HEARTBEAT] running=[] | gpu0:free=1.9GiB util=83% | remaining: gemma_3_12b_it=2842, mistral_7b_instruct_v03=2433, qwen3_8b=2842
[SCHEDULER_HEARTBEAT] running=[] | gpu0:free=1.9GiB util=85% | remaining: gemma_3_12b_it=2842, mistral_7b_instruct_v03=2433, qwen3_8b=2842
[SCHEDULER_HEARTBEAT] running=[] | gpu0:free=1.9GiB util=84% | remaining: gemma_3_12b_it=2842, mistral_7b_instruct_v03=2432, qwen3_8b=2842
[SCHEDULER_HEARTBEAT] running=[] | gpu0:free=2.0GiB util=86% | remaining: gemma_3_12b_it=2842, mistral_7b_instruct_v03=2432, qwen3_8b=2842
[SCHEDULER_HEARTBEAT] running=[] | gpu0:free=1.9GiB util=86% | remaining: gemma_3_12b_it=2842, mistral_7b_instruct_v03=2431, qwen3_8b=2842
[SCHEDULER_HEARTBEAT] running=[] | gpu0:free=1.9GiB util=84% | remaining: gemma_3_12b_it=2842, mistral_7b_instruct_v03=2430, qwen3_8b=2842
[SCHEDULER_HEARTBEAT] running=[] | gpu0:free=1.8GiB util=81% | remaining: gemma_3_12b_it=2842, mistral_7b_instruct_v03=2430, qwen3_8b=2842
[SCHEDULER_HEARTBEAT] running=[] | gpu0:free=1.7GiB util=83% | remaining: gemma_3_12b_it=2842, mistral_7b_instruct_v03=2430, qwen3_8b=2842
[SCHEDULER_HEARTBEAT] running=[] | gpu0:free=1.7GiB util=85% | remaining: gemma_3_12b_it=2842, mistral_7b_instruct_v03=2430, qwen3_8b=2842
[SCHEDULER_HEARTBEAT] running=[] | gpu0:free=1.8GiB util=87% | remaining: gemma_3_12b_it=2842, mistral_7b_instruct_v03=2430, qwen3_8b=2842
[SCHEDULER_HEARTBEAT] running=[] | gpu0:free=2.0GiB util=85% | remaining: gemma_3_12b_it=2842, mistral_7b_instruct_v03=2429, qwen3_8b=2842
[SCHEDULER_HEARTBEAT] running=[] | gpu0:free=2.0GiB util=85% | remaining: gemma_3_12b_it=2842, mistral_7b_instruct_v03=2429, qwen3_8b=2842
[SCHEDULER_HEARTBEAT] running=[] | gpu0:free=1.9GiB util=86% | remaining: gemma_3_12b_it=2842, mistral_7b_instruct_v03=2429, qwen3_8b=2842
[SCHEDULER_HEARTBEAT] running=[] | gpu0:free=1.8GiB util=88% | remaining: gemma_3_12b_it=2842, mistral_7b_instruct_v03=2429, qwen3_8b=2842
[SCHEDULER_HEARTBEAT] running=[] | gpu0:free=2.0GiB util=83% | remaining: gemma_3_12b_it=2842, mistral_7b_instruct_v03=2428, qwen3_8b=2842
[SCHEDULER_HEARTBEAT] running=[] | gpu0:free=1.9GiB util=83% | remaining: gemma_3_12b_it=2842, mistral_7b_instruct_v03=2428, qwen3_8b=2842
[SCHEDULER_HEARTBEAT] running=[] | gpu0:free=1.9GiB util=85% | remaining: gemma_3_12b_it=2842, mistral_7b_instruct_v03=2428, qwen3_8b=2842
[SCHEDULER_HEARTBEAT] running=[] | gpu0:free=1.8GiB util=81% | remaining: gemma_3_12b_it=2842, mistral_7b_instruct_v03=2427, qwen3_8b=2842
[SCHEDULER_HEARTBEAT] running=[] | gpu0:free=1.9GiB util=82% | remaining: gemma_3_12b_it=2842, mistral_7b_instruct_v03=2427, qwen3_8b=2842
[SCHEDULER_HEARTBEAT] running=[] | gpu0:free=1.7GiB util=84% | remaining: gemma_3_12b_it=2842, mistral_7b_instruct_v03=2427, qwen3_8b=2842
[SCHEDULER_HEARTBEAT] running=[] | gpu0:free=1.9GiB util=84% | remaining: gemma_3_12b_it=2842, mistral_7b_instruct_v03=2427, qwen3_8b=2842
[SCHEDULER_HEARTBEAT] running=[] | gpu0:free=2.0GiB util=85% | remaining: gemma_3_12b_it=2842, mistral_7b_instruct_v03=2426, qwen3_8b=2842
[SCHEDULER_HEARTBEAT] running=[] | gpu0:free=1.9GiB util=86% | remaining: gemma_3_12b_it=2842, mistral_7b_instruct_v03=2426, qwen3_8b=2842
[SCHEDULER_HEARTBEAT] running=[] | gpu0:free=1.7GiB util=81% | remaining: gemma_3_12b_it=2842, mistral_7b_instruct_v03=2426, qwen3_8b=2842
[SCHEDULER_HEARTBEAT] running=[] | gpu0:free=1.7GiB util=84% | remaining: gemma_3_12b_it=2842, mistral_7b_instruct_v03=2426, qwen3_8b=2842
[SCHEDULER_HEARTBEAT] running=[] | gpu0:free=1.8GiB util=84% | remaining: gemma_3_12b_it=2842, mistral_7b_instruct_v03=2425, qwen3_8b=2842
[SCHEDULER_HEARTBEAT] running=[] | gpu0:free=1.8GiB util=82% | remaining: gemma_3_12b_it=2842, mistral_7b_instruct_v03=2424, qwen3_8b=2842
[SCHEDULER_HEARTBEAT] running=[] | gpu0:free=2.0GiB util=84% | remaining: gemma_3_12b_it=2842, mistral_7b_instruct_v03=2424, qwen3_8b=2842
[SCHEDULER_HEARTBEAT] running=[] | gpu0:free=1.9GiB util=84% | remaining: gemma_3_12b_it=2842, mistral_7b_instruct_v03=2424, qwen3_8b=2842
[SCHEDULER_HEARTBEAT] running=[] | gpu0:free=1.9GiB util=88% | remaining: gemma_3_12b_it=2842, mistral_7b_instruct_v03=2424, qwen3_8b=2842
[SCHEDULER_HEARTBEAT] running=[] | gpu0:free=1.8GiB util=85% | remaining: gemma_3_12b_it=2842, mistral_7b_instruct_v03=2424, qwen3_8b=2842
[SCHEDULER_HEARTBEAT] running=[] | gpu0:free=1.8GiB util=85% | remaining: gemma_3_12b_it=2842, mistral_7b_instruct_v03=2423, qwen3_8b=2842
[SCHEDULER_HEARTBEAT] running=[] | gpu0:free=1.8GiB util=88% | remaining: gemma_3_12b_it=2842, mistral_7b_instruct_v03=2422, qwen3_8b=2842
[SCHEDULER_HEARTBEAT] running=[] | gpu0:free=1.9GiB util=85% | remaining: gemma_3_12b_it=2842, mistral_7b_instruct_v03=2421, qwen3_8b=2842
[SCHEDULER_HEARTBEAT] running=[] | gpu0:free=1.9GiB util=93% | remaining: gemma_3_12b_it=2842, mistral_7b_instruct_v03=2421, qwen3_8b=2842
[SCHEDULER_HEARTBEAT] running=[] | gpu0:free=1.9GiB util=83% | remaining: gemma_3_12b_it=2842, mistral_7b_instruct_v03=2420, qwen3_8b=2842
[SCHEDULER_HEARTBEAT] running=[] | gpu0:free=1.9GiB util=86% | remaining: gemma_3_12b_it=2842, mistral_7b_instruct_v03=2420, qwen3_8b=2842
[SCHEDULER_HEARTBEAT] running=[] | gpu0:free=1.9GiB util=84% | remaining: gemma_3_12b_it=2842, mistral_7b_instruct_v03=2420, qwen3_8b=2842
[SCHEDULER_HEARTBEAT] running=[] | gpu0:free=1.7GiB util=83% | remaining: gemma_3_12b_it=2842, mistral_7b_instruct_v03=2420, qwen3_8b=2842
[SCHEDULER_HEARTBEAT] running=[] | gpu0:free=1.8GiB util=85% | remaining: gemma_3_12b_it=2842, mistral_7b_instruct_v03=2419, qwen3_8b=2842
[SCHEDULER_HEARTBEAT] running=[] | gpu0:free=1.9GiB util=81% | remaining: gemma_3_12b_it=2842, mistral_7b_instruct_v03=2419, qwen3_8b=2842
[SCHEDULER_HEARTBEAT] running=[] | gpu0:free=1.9GiB util=82% | remaining: gemma_3_12b_it=2842, mistral_7b_instruct_v03=2419, qwen3_8b=2842
[SCHEDULER_HEARTBEAT] running=[] | gpu0:free=1.7GiB util=83% | remaining: gemma_3_12b_it=2842, mistral_7b_instruct_v03=2419, qwen3_8b=2842
[SCHEDULER_HEARTBEAT] running=[] | gpu0:free=1.8GiB util=82% | remaining: gemma_3_12b_it=2842, mistral_7b_instruct_v03=2419, qwen3_8b=2842
[SCHEDULER_HEARTBEAT] running=[] | gpu0:free=2.0GiB util=83% | remaining: gemma_3_12b_it=2842, mistral_7b_instruct_v03=2418, qwen3_8b=2842
[SCHEDULER_HEARTBEAT] running=[] | gpu0:free=1.9GiB util=85% | remaining: gemma_3_12b_it=2842, mistral_7b_instruct_v03=2416, qwen3_8b=2842
[SCHEDULER_HEARTBEAT] running=[] | gpu0:free=1.8GiB util=84% | remaining: gemma_3_12b_it=2842, mistral_7b_instruct_v03=2416, qwen3_8b=2842
[SCHEDULER_HEARTBEAT] running=[] | gpu0:free=1.9GiB util=86% | remaining: gemma_3_12b_it=2842, mistral_7b_instruct_v03=2416, qwen3_8b=2842
[SCHEDULER_HEARTBEAT] running=[] | gpu0:free=1.9GiB util=86% | remaining: gemma_3_12b_it=2842, mistral_7b_instruct_v03=2416, qwen3_8b=2842
[SCHEDULER_HEARTBEAT] running=[] | gpu0:free=1.9GiB util=85% | remaining: gemma_3_12b_it=2842, mistral_7b_instruct_v03=2416, qwen3_8b=2842
[SCHEDULER_HEARTBEAT] running=[] | gpu0:free=1.9GiB util=82% | remaining: gemma_3_12b_it=2842, mistral_7b_instruct_v03=2415, qwen3_8b=2842
[SCHEDULER_HEARTBEAT] running=[] | gpu0:free=1.8GiB util=84% | remaining: gemma_3_12b_it=2842, mistral_7b_instruct_v03=2415, qwen3_8b=2842
[SCHEDULER_HEARTBEAT] running=[] | gpu0:free=1.9GiB util=82% | remaining: gemma_3_12b_it=2842, mistral_7b_instruct_v03=2415, qwen3_8b=2842
[SCHEDULER_HEARTBEAT] running=[] | gpu0:free=1.9GiB util=85% | remaining: gemma_3_12b_it=2842, mistral_7b_instruct_v03=2415, qwen3_8b=2842
[SCHEDULER_HEARTBEAT] running=[] | gpu0:free=1.9GiB util=83% | remaining: gemma_3_12b_it=2842, mistral_7b_instruct_v03=2414, qwen3_8b=2842
[SCHEDULER_HEARTBEAT] running=[] | gpu0:free=2.0GiB util=84% | remaining: gemma_3_12b_it=2842, mistral_7b_instruct_v03=2414, qwen3_8b=2842
[SCHEDULER_HEARTBEAT] running=[] | gpu0:free=1.9GiB util=84% | remaining: gemma_3_12b_it=2842, mistral_7b_instruct_v03=2414, qwen3_8b=2842
[SCHEDULER_HEARTBEAT] running=[] | gpu0:free=1.9GiB util=84% | remaining: gemma_3_12b_it=2842, mistral_7b_instruct_v03=2414, qwen3_8b=2842
[SCHEDULER_HEARTBEAT] running=[] | gpu0:free=1.7GiB util=82% | remaining: gemma_3_12b_it=2842, mistral_7b_instruct_v03=2414, qwen3_8b=2842
[SCHEDULER_HEARTBEAT] running=[] | gpu0:free=1.9GiB util=82% | remaining: gemma_3_12b_it=2842, mistral_7b_instruct_v03=2413, qwen3_8b=2842
[SCHEDULER_HEARTBEAT] running=[] | gpu0:free=1.9GiB util=81% | remaining: gemma_3_12b_it=2842, mistral_7b_instruct_v03=2413, qwen3_8b=2842
[SCHEDULER_HEARTBEAT] running=[] | gpu0:free=1.9GiB util=83% | remaining: gemma_3_12b_it=2842, mistral_7b_instruct_v03=2413, qwen3_8b=2842
[SCHEDULER_HEARTBEAT] running=[] | gpu0:free=1.9GiB util=84% | remaining: gemma_3_12b_it=2842, mistral_7b_instruct_v03=2412, qwen3_8b=2842
[SCHEDULER_HEARTBEAT] running=[] | gpu0:free=1.9GiB util=84% | remaining: gemma_3_12b_it=2842, mistral_7b_instruct_v03=2412, qwen3_8b=2842
[SCHEDULER_HEARTBEAT] running=[] | gpu0:free=1.7GiB util=81% | remaining: gemma_3_12b_it=2842, mistral_7b_instruct_v03=2412, qwen3_8b=2842
[SCHEDULER_HEARTBEAT] running=[] | gpu0:free=1.9GiB util=87% | remaining: gemma_3_12b_it=2842, mistral_7b_instruct_v03=2412, qwen3_8b=2842
[SCHEDULER_HEARTBEAT] running=[] | gpu0:free=1.7GiB util=85% | remaining: gemma_3_12b_it=2842, mistral_7b_instruct_v03=2412, qwen3_8b=2842
[SCHEDULER_HEARTBEAT] running=[] | gpu0:free=1.9GiB util=84% | remaining: gemma_3_12b_it=2842, mistral_7b_instruct_v03=2411, qwen3_8b=2842
[SCHEDULER_HEARTBEAT] running=[] | gpu0:free=1.9GiB util=82% | remaining: gemma_3_12b_it=2842, mistral_7b_instruct_v03=2410, qwen3_8b=2842
[SCHEDULER_HEARTBEAT] running=[] | gpu0:free=2.0GiB util=83% | remaining: gemma_3_12b_it=2842, mistral_7b_instruct_v03=2410, qwen3_8b=2842
[SCHEDULER_HEARTBEAT] running=[] | gpu0:free=1.9GiB util=85% | remaining: gemma_3_12b_it=2842, mistral_7b_instruct_v03=2409, qwen3_8b=2842
[SCHEDULER_HEARTBEAT] running=[] | gpu0:free=1.9GiB util=84% | remaining: gemma_3_12b_it=2842, mistral_7b_instruct_v03=2409, qwen3_8b=2842
[SCHEDULER_HEARTBEAT] running=[] | gpu0:free=1.9GiB util=83% | remaining: gemma_3_12b_it=2842, mistral_7b_instruct_v03=2409, qwen3_8b=2842
[SCHEDULER_HEARTBEAT] running=[] | gpu0:free=1.9GiB util=82% | remaining: gemma_3_12b_it=2842, mistral_7b_instruct_v03=2408, qwen3_8b=2842
[SCHEDULER_HEARTBEAT] running=[] | gpu0:free=1.9GiB util=85% | remaining: gemma_3_12b_it=2842, mistral_7b_instruct_v03=2408, qwen3_8b=2842
[SCHEDULER_HEARTBEAT] running=[] | gpu0:free=1.7GiB util=86% | remaining: gemma_3_12b_it=2842, mistral_7b_instruct_v03=2408, qwen3_8b=2842
[SCHEDULER_HEARTBEAT] running=[] | gpu0:free=1.7GiB util=84% | remaining: gemma_3_12b_it=2842, mistral_7b_instruct_v03=2408, qwen3_8b=2842
[SCHEDULER_HEARTBEAT] running=[] | gpu0:free=1.9GiB util=83% | remaining: gemma_3_12b_it=2842, mistral_7b_instruct_v03=2408, qwen3_8b=2842
[SCHEDULER_HEARTBEAT] running=[] | gpu0:free=2.0GiB util=86% | remaining: gemma_3_12b_it=2842, mistral_7b_instruct_v03=2407, qwen3_8b=2842
[SCHEDULER_HEARTBEAT] running=[] | gpu0:free=1.9GiB util=84% | remaining: gemma_3_12b_it=2842, mistral_7b_instruct_v03=2407, qwen3_8b=2842
[SCHEDULER_HEARTBEAT] running=[] | gpu0:free=1.9GiB util=84% | remaining: gemma_3_12b_it=2842, mistral_7b_instruct_v03=2407, qwen3_8b=2842
[SCHEDULER_HEARTBEAT] running=[] | gpu0:free=1.9GiB util=86% | remaining: gemma_3_12b_it=2842, mistral_7b_instruct_v03=2407, qwen3_8b=2842
[SCHEDULER_HEARTBEAT] running=[] | gpu0:free=1.8GiB util=84% | remaining: gemma_3_12b_it=2842, mistral_7b_instruct_v03=2407, qwen3_8b=2842
[SCHEDULER_HEARTBEAT] running=[] | gpu0:free=1.9GiB util=83% | remaining: gemma_3_12b_it=2842, mistral_7b_instruct_v03=2406, qwen3_8b=2842
[SCHEDULER_HEARTBEAT] running=[] | gpu0:free=1.7GiB util=82% | remaining: gemma_3_12b_it=2842, mistral_7b_instruct_v03=2406, qwen3_8b=2842
[SCHEDULER_HEARTBEAT] running=[] | gpu0:free=1.9GiB util=83% | remaining: gemma_3_12b_it=2842, mistral_7b_instruct_v03=2406, qwen3_8b=2842
[SCHEDULER_HEARTBEAT] running=[] | gpu0:free=1.8GiB util=83% | remaining: gemma_3_12b_it=2842, mistral_7b_instruct_v03=2405, qwen3_8b=2842
[SCHEDULER_HEARTBEAT] running=[] | gpu0:free=1.9GiB util=85% | remaining: gemma_3_12b_it=2842, mistral_7b_instruct_v03=2405, qwen3_8b=2842
[SCHEDULER_HEARTBEAT] running=[] | gpu0:free=1.9GiB util=81% | remaining: gemma_3_12b_it=2842, mistral_7b_instruct_v03=2404, qwen3_8b=2842
[SCHEDULER_HEARTBEAT] running=[] | gpu0:free=1.9GiB util=84% | remaining: gemma_3_12b_it=2842, mistral_7b_instruct_v03=2404, qwen3_8b=2842
[SCHEDULER_HEARTBEAT] running=[] | gpu0:free=1.8GiB util=82% | remaining: gemma_3_12b_it=2842, mistral_7b_instruct_v03=2402, qwen3_8b=2842
[SCHEDULER_HEARTBEAT] running=[] | gpu0:free=1.9GiB util=84% | remaining: gemma_3_12b_it=2842, mistral_7b_instruct_v03=2402, qwen3_8b=2842
[SCHEDULER_HEARTBEAT] running=[] | gpu0:free=1.9GiB util=86% | remaining: gemma_3_12b_it=2842, mistral_7b_instruct_v03=2402, qwen3_8b=2842
[SCHEDULER_HEARTBEAT] running=[] | gpu0:free=1.7GiB util=88% | remaining: gemma_3_12b_it=2842, mistral_7b_instruct_v03=2402, qwen3_8b=2842
[SCHEDULER_HEARTBEAT] running=[] | gpu0:free=1.7GiB util=84% | remaining: gemma_3_12b_it=2842, mistral_7b_instruct_v03=2402, qwen3_8b=2842
[SCHEDULER_HEARTBEAT] running=[] | gpu0:free=1.9GiB util=85% | remaining: gemma_3_12b_it=2842, mistral_7b_instruct_v03=2401, qwen3_8b=2842
[SCHEDULER_HEARTBEAT] running=[] | gpu0:free=1.8GiB util=88% | remaining: gemma_3_12b_it=2842, mistral_7b_instruct_v03=2401, qwen3_8b=2842
[SCHEDULER_HEARTBEAT] running=[] | gpu0:free=1.7GiB util=85% | remaining: gemma_3_12b_it=2842, mistral_7b_instruct_v03=2401, qwen3_8b=2842
[SCHEDULER_HEARTBEAT] running=[] | gpu0:free=1.9GiB util=85% | remaining: gemma_3_12b_it=2842, mistral_7b_instruct_v03=2401, qwen3_8b=2842
[SCHEDULER_HEARTBEAT] running=[] | gpu0:free=2.0GiB util=88% | remaining: gemma_3_12b_it=2842, mistral_7b_instruct_v03=2400, qwen3_8b=2842
[SCHEDULER_HEARTBEAT] running=[] | gpu0:free=1.7GiB util=86% | remaining: gemma_3_12b_it=2842, mistral_7b_instruct_v03=2400, qwen3_8b=2842
[SCHEDULER_HEARTBEAT] running=[] | gpu0:free=1.9GiB util=86% | remaining: gemma_3_12b_it=2842, mistral_7b_instruct_v03=2400, qwen3_8b=2842
[SCHEDULER_HEARTBEAT] running=[] | gpu0:free=1.9GiB util=88% | remaining: gemma_3_12b_it=2842, mistral_7b_instruct_v03=2400, qwen3_8b=2842
[SCHEDULER_HEARTBEAT] running=[] | gpu0:free=1.9GiB util=85% | remaining: gemma_3_12b_it=2842, mistral_7b_instruct_v03=2400, qwen3_8b=2842
[SCHEDULER_HEARTBEAT] running=[] | gpu0:free=1.9GiB util=84% | remaining: gemma_3_12b_it=2842, mistral_7b_instruct_v03=2399, qwen3_8b=2842
[SCHEDULER_HEARTBEAT] running=[] | gpu0:free=1.7GiB util=86% | remaining: gemma_3_12b_it=2842, mistral_7b_instruct_v03=2399, qwen3_8b=2842
[SCHEDULER_HEARTBEAT] running=[] | gpu0:free=1.7GiB util=84% | remaining: gemma_3_12b_it=2842, mistral_7b_instruct_v03=2399, qwen3_8b=2842
[SCHEDULER_HEARTBEAT] running=[] | gpu0:free=1.8GiB util=88% | remaining: gemma_3_12b_it=2842, mistral_7b_instruct_v03=2398, qwen3_8b=2842
[SCHEDULER_HEARTBEAT] running=[] | gpu0:free=1.9GiB util=84% | remaining: gemma_3_12b_it=2842, mistral_7b_instruct_v03=2397, qwen3_8b=2842
[SCHEDULER_HEARTBEAT] running=[] | gpu0:free=2.0GiB util=83% | remaining: gemma_3_12b_it=2842, mistral_7b_instruct_v03=2396, qwen3_8b=2842
[SCHEDULER_HEARTBEAT] running=[] | gpu0:free=1.9GiB util=85% | remaining: gemma_3_12b_it=2842, mistral_7b_instruct_v03=2396, qwen3_8b=2842
[SCHEDULER_HEARTBEAT] running=[] | gpu0:free=1.7GiB util=82% | remaining: gemma_3_12b_it=2842, mistral_7b_instruct_v03=2396, qwen3_8b=2842
[SCHEDULER_HEARTBEAT] running=[] | gpu0:free=1.8GiB util=81% | remaining: gemma_3_12b_it=2842, mistral_7b_instruct_v03=2394, qwen3_8b=2842
[SCHEDULER_HEARTBEAT] running=[] | gpu0:free=2.0GiB util=81% | remaining: gemma_3_12b_it=2842, mistral_7b_instruct_v03=2394, qwen3_8b=2842
[SCHEDULER_HEARTBEAT] running=[] | gpu0:free=1.9GiB util=82% | remaining: gemma_3_12b_it=2842, mistral_7b_instruct_v03=2394, qwen3_8b=2842
[SCHEDULER_HEARTBEAT] running=[] | gpu0:free=1.9GiB util=83% | remaining: gemma_3_12b_it=2842, mistral_7b_instruct_v03=2394, qwen3_8b=2842
[SCHEDULER_HEARTBEAT] running=[] | gpu0:free=2.0GiB util=82% | remaining: gemma_3_12b_it=2842, mistral_7b_instruct_v03=2393, qwen3_8b=2842
[SCHEDULER_HEARTBEAT] running=[] | gpu0:free=1.8GiB util=83% | remaining: gemma_3_12b_it=2842, mistral_7b_instruct_v03=2393, qwen3_8b=2842
[SCHEDULER_HEARTBEAT] running=[] | gpu0:free=1.9GiB util=82% | remaining: gemma_3_12b_it=2842, mistral_7b_instruct_v03=2392, qwen3_8b=2842
[SCHEDULER_HEARTBEAT] running=[] | gpu0:free=1.9GiB util=85% | remaining: gemma_3_12b_it=2842, mistral_7b_instruct_v03=2392, qwen3_8b=2842
[SCHEDULER_HEARTBEAT] running=[] | gpu0:free=1.9GiB util=83% | remaining: gemma_3_12b_it=2842, mistral_7b_instruct_v03=2391, qwen3_8b=2842
[SCHEDULER_HEARTBEAT] running=[] | gpu0:free=2.0GiB util=83% | remaining: gemma_3_12b_it=2842, mistral_7b_instruct_v03=2391, qwen3_8b=2842
[SCHEDULER_HEARTBEAT] running=[] | gpu0:free=1.9GiB util=87% | remaining: gemma_3_12b_it=2842, mistral_7b_instruct_v03=2391, qwen3_8b=2842
[SCHEDULER_HEARTBEAT] running=[] | gpu0:free=1.7GiB util=85% | remaining: gemma_3_12b_it=2842, mistral_7b_instruct_v03=2391, qwen3_8b=2842
[SCHEDULER_HEARTBEAT] running=[] | gpu0:free=1.9GiB util=87% | remaining: gemma_3_12b_it=2842, mistral_7b_instruct_v03=2390, qwen3_8b=2842
[SCHEDULER_HEARTBEAT] running=[] | gpu0:free=1.9GiB util=82% | remaining: gemma_3_12b_it=2842, mistral_7b_instruct_v03=2389, qwen3_8b=2842
[SCHEDULER_HEARTBEAT] running=[] | gpu0:free=1.7GiB util=82% | remaining: gemma_3_12b_it=2842, mistral_7b_instruct_v03=2389, qwen3_8b=2842
[SCHEDULER_HEARTBEAT] running=[] | gpu0:free=1.9GiB util=85% | remaining: gemma_3_12b_it=2842, mistral_7b_instruct_v03=2389, qwen3_8b=2842
[SCHEDULER_HEARTBEAT] running=[] | gpu0:free=1.9GiB util=85% | remaining: gemma_3_12b_it=2842, mistral_7b_instruct_v03=2388, qwen3_8b=2842
[SCHEDULER_HEARTBEAT] running=[] | gpu0:free=2.0GiB util=87% | remaining: gemma_3_12b_it=2842, mistral_7b_instruct_v03=2388, qwen3_8b=2842
[SCHEDULER_HEARTBEAT] running=[] | gpu0:free=1.9GiB util=83% | remaining: gemma_3_12b_it=2842, mistral_7b_instruct_v03=2387, qwen3_8b=2842
[SCHEDULER_HEARTBEAT] running=[] | gpu0:free=1.8GiB util=83% | remaining: gemma_3_12b_it=2842, mistral_7b_instruct_v03=2386, qwen3_8b=2842
[SCHEDULER_HEARTBEAT] running=[] | gpu0:free=1.9GiB util=81% | remaining: gemma_3_12b_it=2842, mistral_7b_instruct_v03=2386, qwen3_8b=2842
[SCHEDULER_HEARTBEAT] running=[] | gpu0:free=1.9GiB util=84% | remaining: gemma_3_12b_it=2842, mistral_7b_instruct_v03=2386, qwen3_8b=2842
[SCHEDULER_HEARTBEAT] running=[] | gpu0:free=1.8GiB util=86% | remaining: gemma_3_12b_it=2842, mistral_7b_instruct_v03=2385, qwen3_8b=2842
[SCHEDULER_HEARTBEAT] running=[] | gpu0:free=1.9GiB util=84% | remaining: gemma_3_12b_it=2842, mistral_7b_instruct_v03=2385, qwen3_8b=2842
[SCHEDULER_HEARTBEAT] running=[] | gpu0:free=1.7GiB util=84% | remaining: gemma_3_12b_it=2842, mistral_7b_instruct_v03=2385, qwen3_8b=2842
[SCHEDULER_HEARTBEAT] running=[] | gpu0:free=1.9GiB util=84% | remaining: gemma_3_12b_it=2842, mistral_7b_instruct_v03=2385, qwen3_8b=2842
[SCHEDULER_HEARTBEAT] running=[] | gpu0:free=1.9GiB util=84% | remaining: gemma_3_12b_it=2842, mistral_7b_instruct_v03=2385, qwen3_8b=2842
[SCHEDULER_HEARTBEAT] running=[] | gpu0:free=1.9GiB util=84% | remaining: gemma_3_12b_it=2842, mistral_7b_instruct_v03=2384, qwen3_8b=2842
[SCHEDULER_HEARTBEAT] running=[] | gpu0:free=1.8GiB util=87% | remaining: gemma_3_12b_it=2842, mistral_7b_instruct_v03=2383, qwen3_8b=2842
[SCHEDULER_HEARTBEAT] running=[] | gpu0:free=1.8GiB util=83% | remaining: gemma_3_12b_it=2842, mistral_7b_instruct_v03=2383, qwen3_8b=2842
[SCHEDULER_HEARTBEAT] running=[] | gpu0:free=2.0GiB util=84% | remaining: gemma_3_12b_it=2842, mistral_7b_instruct_v03=2382, qwen3_8b=2842
[SCHEDULER_HEARTBEAT] running=[] | gpu0:free=1.9GiB util=84% | remaining: gemma_3_12b_it=2842, mistral_7b_instruct_v03=2381, qwen3_8b=2842
[SCHEDULER_HEARTBEAT] running=[] | gpu0:free=1.8GiB util=90% | remaining: gemma_3_12b_it=2842, mistral_7b_instruct_v03=2381, qwen3_8b=2842
[SCHEDULER_HEARTBEAT] running=[] | gpu0:free=2.0GiB util=87% | remaining: gemma_3_12b_it=2842, mistral_7b_instruct_v03=2380, qwen3_8b=2842
[SCHEDULER_HEARTBEAT] running=[] | gpu0:free=1.7GiB util=84% | remaining: gemma_3_12b_it=2842, mistral_7b_instruct_v03=2380, qwen3_8b=2842
[SCHEDULER_HEARTBEAT] running=[] | gpu0:free=1.7GiB util=84% | remaining: gemma_3_12b_it=2842, mistral_7b_instruct_v03=2380, qwen3_8b=2842
[SCHEDULER_HEARTBEAT] running=[] | gpu0:free=1.9GiB util=82% | remaining: gemma_3_12b_it=2842, mistral_7b_instruct_v03=2380, qwen3_8b=2842
[SCHEDULER_HEARTBEAT] running=[] | gpu0:free=1.8GiB util=86% | remaining: gemma_3_12b_it=2842, mistral_7b_instruct_v03=2380, qwen3_8b=2842
[SCHEDULER_HEARTBEAT] running=[] | gpu0:free=1.8GiB util=83% | remaining: gemma_3_12b_it=2842, mistral_7b_instruct_v03=2379, qwen3_8b=2842
[SCHEDULER_HEARTBEAT] running=[] | gpu0:free=2.0GiB util=84% | remaining: gemma_3_12b_it=2842, mistral_7b_instruct_v03=2379, qwen3_8b=2842
[SCHEDULER_HEARTBEAT] running=[] | gpu0:free=1.7GiB util=83% | remaining: gemma_3_12b_it=2842, mistral_7b_instruct_v03=2379, qwen3_8b=2842
[SCHEDULER_HEARTBEAT] running=[] | gpu0:free=1.7GiB util=83% | remaining: gemma_3_12b_it=2842, mistral_7b_instruct_v03=2379, qwen3_8b=2842
[SCHEDULER_HEARTBEAT] running=[] | gpu0:free=1.8GiB util=82% | remaining: gemma_3_12b_it=2842, mistral_7b_instruct_v03=2378, qwen3_8b=2842
[SCHEDULER_HEARTBEAT] running=[] | gpu0:free=1.9GiB util=87% | remaining: gemma_3_12b_it=2842, mistral_7b_instruct_v03=2378, qwen3_8b=2842
[SCHEDULER_HEARTBEAT] running=[] | gpu0:free=1.9GiB util=88% | remaining: gemma_3_12b_it=2842, mistral_7b_instruct_v03=2378, qwen3_8b=2842
[SCHEDULER_HEARTBEAT] running=[] | gpu0:free=1.9GiB util=83% | remaining: gemma_3_12b_it=2842, mistral_7b_instruct_v03=2378, qwen3_8b=2842
[SCHEDULER_HEARTBEAT] running=[] | gpu0:free=1.8GiB util=83% | remaining: gemma_3_12b_it=2842, mistral_7b_instruct_v03=2377, qwen3_8b=2842
[SCHEDULER_HEARTBEAT] running=[] | gpu0:free=2.0GiB util=86% | remaining: gemma_3_12b_it=2842, mistral_7b_instruct_v03=2377, qwen3_8b=2842
[SCHEDULER_HEARTBEAT] running=[] | gpu0:free=1.7GiB util=83% | remaining: gemma_3_12b_it=2842, mistral_7b_instruct_v03=2377, qwen3_8b=2842
[SCHEDULER_HEARTBEAT] running=[] | gpu0:free=1.9GiB util=84% | remaining: gemma_3_12b_it=2842, mistral_7b_instruct_v03=2377, qwen3_8b=2842
[SCHEDULER_HEARTBEAT] running=[] | gpu0:free=1.8GiB util=84% | remaining: gemma_3_12b_it=2842, mistral_7b_instruct_v03=2377, qwen3_8b=2842
[SCHEDULER_HEARTBEAT] running=[] | gpu0:free=1.8GiB util=86% | remaining: gemma_3_12b_it=2842, mistral_7b_instruct_v03=2376, qwen3_8b=2842
[SCHEDULER_HEARTBEAT] running=[] | gpu0:free=1.9GiB util=86% | remaining: gemma_3_12b_it=2842, mistral_7b_instruct_v03=2375, qwen3_8b=2842
[SCHEDULER_HEARTBEAT] running=[] | gpu0:free=2.0GiB util=83% | remaining: gemma_3_12b_it=2842, mistral_7b_instruct_v03=2375, qwen3_8b=2842
[SCHEDULER_HEARTBEAT] running=[] | gpu0:free=1.8GiB util=81% | remaining: gemma_3_12b_it=2842, mistral_7b_instruct_v03=2374, qwen3_8b=2842
[SCHEDULER_HEARTBEAT] running=[] | gpu0:free=1.9GiB util=83% | remaining: gemma_3_12b_it=2842, mistral_7b_instruct_v03=2373, qwen3_8b=2842
[SCHEDULER_HEARTBEAT] running=[] | gpu0:free=1.9GiB util=81% | remaining: gemma_3_12b_it=2842, mistral_7b_instruct_v03=2373, qwen3_8b=2842
[SCHEDULER_HEARTBEAT] running=[] | gpu0:free=1.9GiB util=82% | remaining: gemma_3_12b_it=2842, mistral_7b_instruct_v03=2371, qwen3_8b=2842
[SCHEDULER_HEARTBEAT] running=[] | gpu0:free=1.8GiB util=85% | remaining: gemma_3_12b_it=2842, mistral_7b_instruct_v03=2370, qwen3_8b=2842
[SCHEDULER_HEARTBEAT] running=[] | gpu0:free=1.9GiB util=85% | remaining: gemma_3_12b_it=2842, mistral_7b_instruct_v03=2369, qwen3_8b=2842
[SCHEDULER_HEARTBEAT] running=[] | gpu0:free=1.8GiB util=86% | remaining: gemma_3_12b_it=2842, mistral_7b_instruct_v03=2368, qwen3_8b=2842
[SCHEDULER_HEARTBEAT] running=[] | gpu0:free=1.7GiB util=86% | remaining: gemma_3_12b_it=2842, mistral_7b_instruct_v03=2368, qwen3_8b=2842
[SCHEDULER_HEARTBEAT] running=[] | gpu0:free=2.0GiB util=86% | remaining: gemma_3_12b_it=2842, mistral_7b_instruct_v03=2367, qwen3_8b=2842
[SCHEDULER_HEARTBEAT] running=[] | gpu0:free=2.0GiB util=85% | remaining: gemma_3_12b_it=2842, mistral_7b_instruct_v03=2367, qwen3_8b=2842
[SCHEDULER_HEARTBEAT] running=[] | gpu0:free=1.9GiB util=87% | remaining: gemma_3_12b_it=2842, mistral_7b_instruct_v03=2367, qwen3_8b=2842
[SCHEDULER_HEARTBEAT] running=[] | gpu0:free=1.9GiB util=85% | remaining: gemma_3_12b_it=2842, mistral_7b_instruct_v03=2367, qwen3_8b=2842
[SCHEDULER_HEARTBEAT] running=[] | gpu0:free=1.8GiB util=83% | remaining: gemma_3_12b_it=2842, mistral_7b_instruct_v03=2367, qwen3_8b=2842
[SCHEDULER_HEARTBEAT] running=[] | gpu0:free=1.8GiB util=83% | remaining: gemma_3_12b_it=2842, mistral_7b_instruct_v03=2365, qwen3_8b=2842
[SCHEDULER_HEARTBEAT] running=[] | gpu0:free=1.7GiB util=85% | remaining: gemma_3_12b_it=2842, mistral_7b_instruct_v03=2365, qwen3_8b=2842
[SCHEDULER_HEARTBEAT] running=[] | gpu0:free=1.8GiB util=85% | remaining: gemma_3_12b_it=2842, mistral_7b_instruct_v03=2364, qwen3_8b=2842
[SCHEDULER_HEARTBEAT] running=[] | gpu0:free=1.7GiB util=82% | remaining: gemma_3_12b_it=2842, mistral_7b_instruct_v03=2364, qwen3_8b=2842
[SCHEDULER_HEARTBEAT] running=[] | gpu0:free=1.7GiB util=84% | remaining: gemma_3_12b_it=2842, mistral_7b_instruct_v03=2364, qwen3_8b=2842
[SCHEDULER_HEARTBEAT] running=[] | gpu0:free=1.8GiB util=84% | remaining: gemma_3_12b_it=2842, mistral_7b_instruct_v03=2364, qwen3_8b=2842
[SCHEDULER_HEARTBEAT] running=[] | gpu0:free=1.9GiB util=82% | remaining: gemma_3_12b_it=2842, mistral_7b_instruct_v03=2363, qwen3_8b=2842
[SCHEDULER_HEARTBEAT] running=[] | gpu0:free=1.9GiB util=84% | remaining: gemma_3_12b_it=2842, mistral_7b_instruct_v03=2362, qwen3_8b=2842
[SCHEDULER_HEARTBEAT] running=[] | gpu0:free=1.9GiB util=83% | remaining: gemma_3_12b_it=2842, mistral_7b_instruct_v03=2362, qwen3_8b=2842
[SCHEDULER_HEARTBEAT] running=[] | gpu0:free=1.7GiB util=83% | remaining: gemma_3_12b_it=2842, mistral_7b_instruct_v03=2362, qwen3_8b=2842
[SCHEDULER_HEARTBEAT] running=[] | gpu0:free=1.8GiB util=83% | remaining: gemma_3_12b_it=2842, mistral_7b_instruct_v03=2362, qwen3_8b=2842
[SCHEDULER_HEARTBEAT] running=[] | gpu0:free=1.8GiB util=81% | remaining: gemma_3_12b_it=2842, mistral_7b_instruct_v03=2361, qwen3_8b=2842
[SCHEDULER_HEARTBEAT] running=[] | gpu0:free=1.7GiB util=83% | remaining: gemma_3_12b_it=2842, mistral_7b_instruct_v03=2361, qwen3_8b=2842
[SCHEDULER_HEARTBEAT] running=[] | gpu0:free=1.7GiB util=81% | remaining: gemma_3_12b_it=2842, mistral_7b_instruct_v03=2361, qwen3_8b=2842
[SCHEDULER_HEARTBEAT] running=[] | gpu0:free=1.7GiB util=82% | remaining: gemma_3_12b_it=2842, mistral_7b_instruct_v03=2361, qwen3_8b=2842
[SCHEDULER_HEARTBEAT] running=[] | gpu0:free=1.8GiB util=84% | remaining: gemma_3_12b_it=2842, mistral_7b_instruct_v03=2360, qwen3_8b=2842
[SCHEDULER_HEARTBEAT] running=[] | gpu0:free=1.7GiB util=82% | remaining: gemma_3_12b_it=2842, mistral_7b_instruct_v03=2360, qwen3_8b=2842
[SCHEDULER_HEARTBEAT] running=[] | gpu0:free=1.8GiB util=81% | remaining: gemma_3_12b_it=2842, mistral_7b_instruct_v03=2359, qwen3_8b=2842
[SCHEDULER_HEARTBEAT] running=[] | gpu0:free=1.8GiB util=86% | remaining: gemma_3_12b_it=2842, mistral_7b_instruct_v03=2357, qwen3_8b=2842
[SCHEDULER_HEARTBEAT] running=[] | gpu0:free=1.8GiB util=87% | remaining: gemma_3_12b_it=2842, mistral_7b_instruct_v03=2357, qwen3_8b=2842
[SCHEDULER_HEARTBEAT] running=[] | gpu0:free=2.0GiB util=88% | remaining: gemma_3_12b_it=2842, mistral_7b_instruct_v03=2357, qwen3_8b=2842
[SCHEDULER_HEARTBEAT] running=[] | gpu0:free=1.7GiB util=90% | remaining: gemma_3_12b_it=2842, mistral_7b_instruct_v03=2357, qwen3_8b=2842
[SCHEDULER_HEARTBEAT] running=[] | gpu0:free=1.8GiB util=87% | remaining: gemma_3_12b_it=2842, mistral_7b_instruct_v03=2357, qwen3_8b=2842
[SCHEDULER_HEARTBEAT] running=[] | gpu0:free=1.8GiB util=81% | remaining: gemma_3_12b_it=2842, mistral_7b_instruct_v03=2356, qwen3_8b=2842
[SCHEDULER_HEARTBEAT] running=[] | gpu0:free=1.9GiB util=86% | remaining: gemma_3_12b_it=2842, mistral_7b_instruct_v03=2356, qwen3_8b=2842
[SCHEDULER_HEARTBEAT] running=[] | gpu0:free=1.7GiB util=84% | remaining: gemma_3_12b_it=2842, mistral_7b_instruct_v03=2356, qwen3_8b=2842
[SCHEDULER_HEARTBEAT] running=[] | gpu0:free=1.7GiB util=82% | remaining: gemma_3_12b_it=2842, mistral_7b_instruct_v03=2356, qwen3_8b=2842
[SCHEDULER_HEARTBEAT] running=[] | gpu0:free=1.8GiB util=82% | remaining: gemma_3_12b_it=2842, mistral_7b_instruct_v03=2356, qwen3_8b=2842
[SCHEDULER_HEARTBEAT] running=[] | gpu0:free=1.8GiB util=87% | remaining: gemma_3_12b_it=2842, mistral_7b_instruct_v03=2355, qwen3_8b=2842
[SCHEDULER_HEARTBEAT] running=[] | gpu0:free=2.0GiB util=87% | remaining: gemma_3_12b_it=2842, mistral_7b_instruct_v03=2355, qwen3_8b=2842
[SCHEDULER_HEARTBEAT] running=[] | gpu0:free=2.0GiB util=82% | remaining: gemma_3_12b_it=2842, mistral_7b_instruct_v03=2354, qwen3_8b=2842
[SCHEDULER_HEARTBEAT] running=[] | gpu0:free=1.7GiB util=83% | remaining: gemma_3_12b_it=2842, mistral_7b_instruct_v03=2354, qwen3_8b=2842
[SCHEDULER_HEARTBEAT] running=[] | gpu0:free=1.7GiB util=83% | remaining: gemma_3_12b_it=2842, mistral_7b_instruct_v03=2354, qwen3_8b=2842
[SCHEDULER_HEARTBEAT] running=[] | gpu0:free=1.9GiB util=82% | remaining: gemma_3_12b_it=2842, mistral_7b_instruct_v03=2354, qwen3_8b=2842
[SCHEDULER_HEARTBEAT] running=[] | gpu0:free=2.0GiB util=83% | remaining: gemma_3_12b_it=2842, mistral_7b_instruct_v03=2353, qwen3_8b=2842
[SCHEDULER_HEARTBEAT] running=[] | gpu0:free=1.9GiB util=87% | remaining: gemma_3_12b_it=2842, mistral_7b_instruct_v03=2352, qwen3_8b=2842
[SCHEDULER_HEARTBEAT] running=[] | gpu0:free=1.9GiB util=86% | remaining: gemma_3_12b_it=2842, mistral_7b_instruct_v03=2352, qwen3_8b=2842
[SCHEDULER_HEARTBEAT] running=[] | gpu0:free=1.9GiB util=84% | remaining: gemma_3_12b_it=2842, mistral_7b_instruct_v03=2352, qwen3_8b=2842
[SCHEDULER_HEARTBEAT] running=[] | gpu0:free=1.8GiB util=85% | remaining: gemma_3_12b_it=2842, mistral_7b_instruct_v03=2352, qwen3_8b=2842
[SCHEDULER_HEARTBEAT] running=[] | gpu0:free=1.8GiB util=83% | remaining: gemma_3_12b_it=2842, mistral_7b_instruct_v03=2352, qwen3_8b=2842
[SCHEDULER_HEARTBEAT] running=[] | gpu0:free=1.8GiB util=82% | remaining: gemma_3_12b_it=2842, mistral_7b_instruct_v03=2351, qwen3_8b=2842
[SCHEDULER_HEARTBEAT] running=[] | gpu0:free=2.0GiB util=88% | remaining: gemma_3_12b_it=2842, mistral_7b_instruct_v03=2350, qwen3_8b=2842
[SCHEDULER_HEARTBEAT] running=[] | gpu0:free=1.9GiB util=86% | remaining: gemma_3_12b_it=2842, mistral_7b_instruct_v03=2350, qwen3_8b=2842
[SCHEDULER_HEARTBEAT] running=[] | gpu0:free=1.9GiB util=82% | remaining: gemma_3_12b_it=2842, mistral_7b_instruct_v03=2349, qwen3_8b=2842
[SCHEDULER_HEARTBEAT] running=[] | gpu0:free=2.0GiB util=85% | remaining: gemma_3_12b_it=2842, mistral_7b_instruct_v03=2348, qwen3_8b=2842
[SCHEDULER_HEARTBEAT] running=[] | gpu0:free=1.9GiB util=84% | remaining: gemma_3_12b_it=2842, mistral_7b_instruct_v03=2348, qwen3_8b=2842
[SCHEDULER_HEARTBEAT] running=[] | gpu0:free=1.9GiB util=82% | remaining: gemma_3_12b_it=2842, mistral_7b_instruct_v03=2347, qwen3_8b=2842
[SCHEDULER_HEARTBEAT] running=[] | gpu0:free=1.7GiB util=83% | remaining: gemma_3_12b_it=2842, mistral_7b_instruct_v03=2347, qwen3_8b=2842
[SCHEDULER_HEARTBEAT] running=[] | gpu0:free=1.9GiB util=82% | remaining: gemma_3_12b_it=2842, mistral_7b_instruct_v03=2347, qwen3_8b=2842
[SCHEDULER_HEARTBEAT] running=[] | gpu0:free=1.8GiB util=88% | remaining: gemma_3_12b_it=2842, mistral_7b_instruct_v03=2346, qwen3_8b=2842
[SCHEDULER_HEARTBEAT] running=[] | gpu0:free=1.8GiB util=84% | remaining: gemma_3_12b_it=2842, mistral_7b_instruct_v03=2346, qwen3_8b=2842
[SCHEDULER_HEARTBEAT] running=[] | gpu0:free=1.9GiB util=81% | remaining: gemma_3_12b_it=2842, mistral_7b_instruct_v03=2346, qwen3_8b=2842
[SCHEDULER_HEARTBEAT] running=[] | gpu0:free=1.8GiB util=85% | remaining: gemma_3_12b_it=2842, mistral_7b_instruct_v03=2345, qwen3_8b=2842
[SCHEDULER_HEARTBEAT] running=[] | gpu0:free=2.0GiB util=97% | remaining: gemma_3_12b_it=2842, mistral_7b_instruct_v03=2344, qwen3_8b=2842
[SCHEDULER_HEARTBEAT] running=[] | gpu0:free=1.9GiB util=82% | remaining: gemma_3_12b_it=2842, mistral_7b_instruct_v03=2344, qwen3_8b=2842
[SCHEDULER_HEARTBEAT] running=[] | gpu0:free=1.9GiB util=88% | remaining: gemma_3_12b_it=2842, mistral_7b_instruct_v03=2344, qwen3_8b=2842
[SCHEDULER_HEARTBEAT] running=[] | gpu0:free=1.7GiB util=81% | remaining: gemma_3_12b_it=2842, mistral_7b_instruct_v03=2344, qwen3_8b=2842
[SCHEDULER_HEARTBEAT] running=[] | gpu0:free=2.0GiB util=85% | remaining: gemma_3_12b_it=2842, mistral_7b_instruct_v03=2343, qwen3_8b=2842
[SCHEDULER_HEARTBEAT] running=[] | gpu0:free=2.0GiB util=83% | remaining: gemma_3_12b_it=2842, mistral_7b_instruct_v03=2342, qwen3_8b=2842
[SCHEDULER_HEARTBEAT] running=[] | gpu0:free=1.9GiB util=85% | remaining: gemma_3_12b_it=2842, mistral_7b_instruct_v03=2342, qwen3_8b=2842
[SCHEDULER_HEARTBEAT] running=[] | gpu0:free=1.9GiB util=83% | remaining: gemma_3_12b_it=2842, mistral_7b_instruct_v03=2342, qwen3_8b=2842
[SCHEDULER_HEARTBEAT] running=[] | gpu0:free=1.7GiB util=88% | remaining: gemma_3_12b_it=2842, mistral_7b_instruct_v03=2342, qwen3_8b=2842
[SCHEDULER_HEARTBEAT] running=[] | gpu0:free=1.7GiB util=85% | remaining: gemma_3_12b_it=2842, mistral_7b_instruct_v03=2342, qwen3_8b=2842
[SCHEDULER_HEARTBEAT] running=[] | gpu0:free=1.8GiB util=88% | remaining: gemma_3_12b_it=2842, mistral_7b_instruct_v03=2341, qwen3_8b=2842
[SCHEDULER_HEARTBEAT] running=[] | gpu0:free=1.9GiB util=83% | remaining: gemma_3_12b_it=2842, mistral_7b_instruct_v03=2341, qwen3_8b=2842
[SCHEDULER_HEARTBEAT] running=[] | gpu0:free=1.9GiB util=82% | remaining: gemma_3_12b_it=2842, mistral_7b_instruct_v03=2341, qwen3_8b=2842
[SCHEDULER_HEARTBEAT] running=[] | gpu0:free=2.0GiB util=80% | remaining: gemma_3_12b_it=2842, mistral_7b_instruct_v03=2340, qwen3_8b=2842
[SCHEDULER_HEARTBEAT] running=[] | gpu0:free=2.0GiB util=83% | remaining: gemma_3_12b_it=2842, mistral_7b_instruct_v03=2338, qwen3_8b=2842
[SCHEDULER_HEARTBEAT] running=[] | gpu0:free=1.8GiB util=84% | remaining: gemma_3_12b_it=2842, mistral_7b_instruct_v03=2337, qwen3_8b=2842
[SCHEDULER_HEARTBEAT] running=[] | gpu0:free=1.8GiB util=82% | remaining: gemma_3_12b_it=2842, mistral_7b_instruct_v03=2337, qwen3_8b=2842
[SCHEDULER_HEARTBEAT] running=[] | gpu0:free=1.9GiB util=85% | remaining: gemma_3_12b_it=2842, mistral_7b_instruct_v03=2336, qwen3_8b=2842
[SCHEDULER_HEARTBEAT] running=[] | gpu0:free=1.8GiB util=83% | remaining: gemma_3_12b_it=2842, mistral_7b_instruct_v03=2336, qwen3_8b=2842
[SCHEDULER_HEARTBEAT] running=[] | gpu0:free=1.8GiB util=81% | remaining: gemma_3_12b_it=2842, mistral_7b_instruct_v03=2335, qwen3_8b=2842
[SCHEDULER_HEARTBEAT] running=[] | gpu0:free=1.9GiB util=83% | remaining: gemma_3_12b_it=2842, mistral_7b_instruct_v03=2335, qwen3_8b=2842
[SCHEDULER_HEARTBEAT] running=[] | gpu0:free=1.7GiB util=86% | remaining: gemma_3_12b_it=2842, mistral_7b_instruct_v03=2335, qwen3_8b=2842
[SCHEDULER_HEARTBEAT] running=[] | gpu0:free=1.8GiB util=84% | remaining: gemma_3_12b_it=2842, mistral_7b_instruct_v03=2334, qwen3_8b=2842
[SCHEDULER_HEARTBEAT] running=[] | gpu0:free=2.0GiB util=86% | remaining: gemma_3_12b_it=2842, mistral_7b_instruct_v03=2334, qwen3_8b=2842
[SCHEDULER_HEARTBEAT] running=[] | gpu0:free=1.9GiB util=82% | remaining: gemma_3_12b_it=2842, mistral_7b_instruct_v03=2334, qwen3_8b=2842
[SCHEDULER_HEARTBEAT] running=[] | gpu0:free=1.7GiB util=87% | remaining: gemma_3_12b_it=2842, mistral_7b_instruct_v03=2334, qwen3_8b=2842
[SCHEDULER_HEARTBEAT] running=[] | gpu0:free=1.7GiB util=84% | remaining: gemma_3_12b_it=2842, mistral_7b_instruct_v03=2334, qwen3_8b=2842
[SCHEDULER_HEARTBEAT] running=[] | gpu0:free=2.0GiB util=84% | remaining: gemma_3_12b_it=2842, mistral_7b_instruct_v03=2333, qwen3_8b=2842
[SCHEDULER_HEARTBEAT] running=[] | gpu0:free=1.9GiB util=82% | remaining: gemma_3_12b_it=2842, mistral_7b_instruct_v03=2332, qwen3_8b=2842
[SCHEDULER_HEARTBEAT] running=[] | gpu0:free=1.7GiB util=87% | remaining: gemma_3_12b_it=2842, mistral_7b_instruct_v03=2332, qwen3_8b=2842
[SCHEDULER_HEARTBEAT] running=[] | gpu0:free=1.9GiB util=86% | remaining: gemma_3_12b_it=2842, mistral_7b_instruct_v03=2331, qwen3_8b=2842
[SCHEDULER_HEARTBEAT] running=[] | gpu0:free=2.0GiB util=84% | remaining: gemma_3_12b_it=2842, mistral_7b_instruct_v03=2330, qwen3_8b=2842
[SCHEDULER_HEARTBEAT] running=[] | gpu0:free=1.9GiB util=89% | remaining: gemma_3_12b_it=2842, mistral_7b_instruct_v03=2330, qwen3_8b=2842
[SCHEDULER_HEARTBEAT] running=[] | gpu0:free=1.9GiB util=83% | remaining: gemma_3_12b_it=2842, mistral_7b_instruct_v03=2330, qwen3_8b=2842
[SCHEDULER_HEARTBEAT] running=[] | gpu0:free=1.9GiB util=85% | remaining: gemma_3_12b_it=2842, mistral_7b_instruct_v03=2329, qwen3_8b=2842
[SCHEDULER_HEARTBEAT] running=[] | gpu0:free=2.0GiB util=82% | remaining: gemma_3_12b_it=2842, mistral_7b_instruct_v03=2328, qwen3_8b=2842
[SCHEDULER_HEARTBEAT] running=[] | gpu0:free=1.9GiB util=81% | remaining: gemma_3_12b_it=2842, mistral_7b_instruct_v03=2327, qwen3_8b=2842
[SCHEDULER_HEARTBEAT] running=[] | gpu0:free=2.0GiB util=82% | remaining: gemma_3_12b_it=2842, mistral_7b_instruct_v03=2326, qwen3_8b=2842
[SCHEDULER_HEARTBEAT] running=[] | gpu0:free=1.9GiB util=83% | remaining: gemma_3_12b_it=2842, mistral_7b_instruct_v03=2325, qwen3_8b=2842
[SCHEDULER_HEARTBEAT] running=[] | gpu0:free=1.8GiB util=83% | remaining: gemma_3_12b_it=2842, mistral_7b_instruct_v03=2325, qwen3_8b=2842
[SCHEDULER_HEARTBEAT] running=[] | gpu0:free=1.9GiB util=82% | remaining: gemma_3_12b_it=2842, mistral_7b_instruct_v03=2325, qwen3_8b=2842
[SCHEDULER_HEARTBEAT] running=[] | gpu0:free=1.9GiB util=84% | remaining: gemma_3_12b_it=2842, mistral_7b_instruct_v03=2325, qwen3_8b=2842
[SCHEDULER_HEARTBEAT] running=[] | gpu0:free=1.9GiB util=89% | remaining: gemma_3_12b_it=2842, mistral_7b_instruct_v03=2324, qwen3_8b=2842
[SCHEDULER_HEARTBEAT] running=[] | gpu0:free=1.9GiB util=83% | remaining: gemma_3_12b_it=2842, mistral_7b_instruct_v03=2323, qwen3_8b=2842
[SCHEDULER_HEARTBEAT] running=[] | gpu0:free=1.9GiB util=84% | remaining: gemma_3_12b_it=2842, mistral_7b_instruct_v03=2322, qwen3_8b=2842
[SCHEDULER_HEARTBEAT] running=[] | gpu0:free=1.7GiB util=86% | remaining: gemma_3_12b_it=2842, mistral_7b_instruct_v03=2322, qwen3_8b=2842
[SCHEDULER_HEARTBEAT] running=[] | gpu0:free=1.8GiB util=82% | remaining: gemma_3_12b_it=2842, mistral_7b_instruct_v03=2321, qwen3_8b=2842
[SCHEDULER_HEARTBEAT] running=[] | gpu0:free=1.9GiB util=94% | remaining: gemma_3_12b_it=2842, mistral_7b_instruct_v03=2321, qwen3_8b=2842
[SCHEDULER_HEARTBEAT] running=[] | gpu0:free=1.9GiB util=84% | remaining: gemma_3_12b_it=2842, mistral_7b_instruct_v03=2321, qwen3_8b=2842
[SCHEDULER_HEARTBEAT] running=[] | gpu0:free=1.8GiB util=85% | remaining: gemma_3_12b_it=2842, mistral_7b_instruct_v03=2321, qwen3_8b=2842
[SCHEDULER_HEARTBEAT] running=[] | gpu0:free=1.9GiB util=86% | remaining: gemma_3_12b_it=2842, mistral_7b_instruct_v03=2320, qwen3_8b=2842
[SCHEDULER_HEARTBEAT] running=[] | gpu0:free=1.9GiB util=85% | remaining: gemma_3_12b_it=2842, mistral_7b_instruct_v03=2319, qwen3_8b=2842
[SCHEDULER_HEARTBEAT] running=[] | gpu0:free=1.9GiB util=88% | remaining: gemma_3_12b_it=2842, mistral_7b_instruct_v03=2319, qwen3_8b=2842
[SCHEDULER_HEARTBEAT] running=[] | gpu0:free=1.9GiB util=85% | remaining: gemma_3_12b_it=2842, mistral_7b_instruct_v03=2318, qwen3_8b=2842
[SCHEDULER_HEARTBEAT] running=[] | gpu0:free=1.9GiB util=84% | remaining: gemma_3_12b_it=2842, mistral_7b_instruct_v03=2318, qwen3_8b=2842
[SCHEDULER_HEARTBEAT] running=[] | gpu0:free=1.9GiB util=84% | remaining: gemma_3_12b_it=2842, mistral_7b_instruct_v03=2317, qwen3_8b=2842
[SCHEDULER_HEARTBEAT] running=[] | gpu0:free=1.7GiB util=88% | remaining: gemma_3_12b_it=2842, mistral_7b_instruct_v03=2317, qwen3_8b=2842
[SCHEDULER_HEARTBEAT] running=[] | gpu0:free=1.8GiB util=82% | remaining: gemma_3_12b_it=2842, mistral_7b_instruct_v03=2316, qwen3_8b=2842
[SCHEDULER_HEARTBEAT] running=[] | gpu0:free=1.9GiB util=87% | remaining: gemma_3_12b_it=2842, mistral_7b_instruct_v03=2315, qwen3_8b=2842
[SCHEDULER_HEARTBEAT] running=[] | gpu0:free=2.0GiB util=85% | remaining: gemma_3_12b_it=2842, mistral_7b_instruct_v03=2315, qwen3_8b=2842
[SCHEDULER_HEARTBEAT] running=[] | gpu0:free=1.9GiB util=81% | remaining: gemma_3_12b_it=2842, mistral_7b_instruct_v03=2315, qwen3_8b=2842
[SCHEDULER_HEARTBEAT] running=[] | gpu0:free=1.8GiB util=84% | remaining: gemma_3_12b_it=2842, mistral_7b_instruct_v03=2314, qwen3_8b=2842
[SCHEDULER_HEARTBEAT] running=[] | gpu0:free=1.9GiB util=87% | remaining: gemma_3_12b_it=2842, mistral_7b_instruct_v03=2314, qwen3_8b=2842
[SCHEDULER_HEARTBEAT] running=[] | gpu0:free=1.9GiB util=83% | remaining: gemma_3_12b_it=2842, mistral_7b_instruct_v03=2314, qwen3_8b=2842
[SCHEDULER_HEARTBEAT] running=[] | gpu0:free=1.7GiB util=81% | remaining: gemma_3_12b_it=2842, mistral_7b_instruct_v03=2314, qwen3_8b=2842
[SCHEDULER_HEARTBEAT] running=[] | gpu0:free=1.7GiB util=84% | remaining: gemma_3_12b_it=2842, mistral_7b_instruct_v03=2314, qwen3_8b=2842
[SCHEDULER_HEARTBEAT] running=[] | gpu0:free=1.9GiB util=85% | remaining: gemma_3_12b_it=2842, mistral_7b_instruct_v03=2313, qwen3_8b=2842
[SCHEDULER_HEARTBEAT] running=[] | gpu0:free=1.7GiB util=87% | remaining: gemma_3_12b_it=2842, mistral_7b_instruct_v03=2313, qwen3_8b=2842
[SCHEDULER_HEARTBEAT] running=[] | gpu0:free=1.7GiB util=84% | remaining: gemma_3_12b_it=2842, mistral_7b_instruct_v03=2313, qwen3_8b=2842
[SCHEDULER_HEARTBEAT] running=[] | gpu0:free=1.7GiB util=83% | remaining: gemma_3_12b_it=2842, mistral_7b_instruct_v03=2313, qwen3_8b=2842
[SCHEDULER_HEARTBEAT] running=[] | gpu0:free=1.8GiB util=87% | remaining: gemma_3_12b_it=2842, mistral_7b_instruct_v03=2312, qwen3_8b=2842
[SCHEDULER_HEARTBEAT] running=[] | gpu0:free=1.9GiB util=87% | remaining: gemma_3_12b_it=2842, mistral_7b_instruct_v03=2312, qwen3_8b=2842
[SCHEDULER_HEARTBEAT] running=[] | gpu0:free=1.9GiB util=84% | remaining: gemma_3_12b_it=2842, mistral_7b_instruct_v03=2311, qwen3_8b=2842
[SCHEDULER_HEARTBEAT] running=[] | gpu0:free=1.9GiB util=84% | remaining: gemma_3_12b_it=2842, mistral_7b_instruct_v03=2311, qwen3_8b=2842
[SCHEDULER_HEARTBEAT] running=[] | gpu0:free=1.7GiB util=82% | remaining: gemma_3_12b_it=2842, mistral_7b_instruct_v03=2311, qwen3_8b=2842
[SCHEDULER_HEARTBEAT] running=[] | gpu0:free=2.0GiB util=86% | remaining: gemma_3_12b_it=2842, mistral_7b_instruct_v03=2310, qwen3_8b=2842
[SCHEDULER_HEARTBEAT] running=[] | gpu0:free=1.9GiB util=81% | remaining: gemma_3_12b_it=2842, mistral_7b_instruct_v03=2309, qwen3_8b=2842
[SCHEDULER_HEARTBEAT] running=[] | gpu0:free=1.7GiB util=83% | remaining: gemma_3_12b_it=2842, mistral_7b_instruct_v03=2309, qwen3_8b=2842
[SCHEDULER_HEARTBEAT] running=[] | gpu0:free=1.9GiB util=81% | remaining: gemma_3_12b_it=2842, mistral_7b_instruct_v03=2309, qwen3_8b=2842
[SCHEDULER_HEARTBEAT] running=[] | gpu0:free=1.8GiB util=83% | remaining: gemma_3_12b_it=2842, mistral_7b_instruct_v03=2308, qwen3_8b=2842
[SCHEDULER_HEARTBEAT] running=[] | gpu0:free=1.9GiB util=84% | remaining: gemma_3_12b_it=2842, mistral_7b_instruct_v03=2308, qwen3_8b=2842
[SCHEDULER_HEARTBEAT] running=[] | gpu0:free=1.9GiB util=84% | remaining: gemma_3_12b_it=2842, mistral_7b_instruct_v03=2307, qwen3_8b=2842
[SCHEDULER_HEARTBEAT] running=[] | gpu0:free=1.9GiB util=83% | remaining: gemma_3_12b_it=2842, mistral_7b_instruct_v03=2307, qwen3_8b=2842
[SCHEDULER_HEARTBEAT] running=[] | gpu0:free=1.9GiB util=85% | remaining: gemma_3_12b_it=2842, mistral_7b_instruct_v03=2307, qwen3_8b=2842
[SCHEDULER_HEARTBEAT] running=[] | gpu0:free=1.8GiB util=84% | remaining: gemma_3_12b_it=2842, mistral_7b_instruct_v03=2307, qwen3_8b=2842
[SCHEDULER_HEARTBEAT] running=[] | gpu0:free=1.9GiB util=83% | remaining: gemma_3_12b_it=2842, mistral_7b_instruct_v03=2306, qwen3_8b=2842
[SCHEDULER_HEARTBEAT] running=[] | gpu0:free=1.8GiB util=85% | remaining: gemma_3_12b_it=2842, mistral_7b_instruct_v03=2305, qwen3_8b=2842
[SCHEDULER_HEARTBEAT] running=[] | gpu0:free=1.7GiB util=85% | remaining: gemma_3_12b_it=2842, mistral_7b_instruct_v03=2305, qwen3_8b=2842
[SCHEDULER_HEARTBEAT] running=[] | gpu0:free=1.9GiB util=87% | remaining: gemma_3_12b_it=2842, mistral_7b_instruct_v03=2304, qwen3_8b=2842
[SCHEDULER_HEARTBEAT] running=[] | gpu0:free=1.9GiB util=85% | remaining: gemma_3_12b_it=2842, mistral_7b_instruct_v03=2304, qwen3_8b=2842
[SCHEDULER_HEARTBEAT] running=[] | gpu0:free=1.8GiB util=83% | remaining: gemma_3_12b_it=2842, mistral_7b_instruct_v03=2303, qwen3_8b=2842
[SCHEDULER_HEARTBEAT] running=[] | gpu0:free=1.9GiB util=84% | remaining: gemma_3_12b_it=2842, mistral_7b_instruct_v03=2303, qwen3_8b=2842
[SCHEDULER_HEARTBEAT] running=[] | gpu0:free=1.9GiB util=83% | remaining: gemma_3_12b_it=2842, mistral_7b_instruct_v03=2302, qwen3_8b=2842
[SCHEDULER_HEARTBEAT] running=[] | gpu0:free=2.0GiB util=86% | remaining: gemma_3_12b_it=2842, mistral_7b_instruct_v03=2300, qwen3_8b=2842
[SCHEDULER_HEARTBEAT] running=[] | gpu0:free=1.7GiB util=86% | remaining: gemma_3_12b_it=2842, mistral_7b_instruct_v03=2300, qwen3_8b=2842
[SCHEDULER_HEARTBEAT] running=[] | gpu0:free=1.9GiB util=88% | remaining: gemma_3_12b_it=2842, mistral_7b_instruct_v03=2300, qwen3_8b=2842
[SCHEDULER_HEARTBEAT] running=[] | gpu0:free=1.8GiB util=87% | remaining: gemma_3_12b_it=2842, mistral_7b_instruct_v03=2300, qwen3_8b=2842
[SCHEDULER_HEARTBEAT] running=[] | gpu0:free=1.7GiB util=82% | remaining: gemma_3_12b_it=2842, mistral_7b_instruct_v03=2300, qwen3_8b=2842
[SCHEDULER_HEARTBEAT] running=[] | gpu0:free=2.0GiB util=85% | remaining: gemma_3_12b_it=2842, mistral_7b_instruct_v03=2299, qwen3_8b=2842
[SCHEDULER_HEARTBEAT] running=[] | gpu0:free=1.8GiB util=81% | remaining: gemma_3_12b_it=2842, mistral_7b_instruct_v03=2298, qwen3_8b=2842
[SCHEDULER_HEARTBEAT] running=[] | gpu0:free=1.9GiB util=84% | remaining: gemma_3_12b_it=2842, mistral_7b_instruct_v03=2298, qwen3_8b=2842
[SCHEDULER_HEARTBEAT] running=[] | gpu0:free=1.9GiB util=83% | remaining: gemma_3_12b_it=2842, mistral_7b_instruct_v03=2298, qwen3_8b=2842
[SCHEDULER_HEARTBEAT] running=[] | gpu0:free=1.8GiB util=85% | remaining: gemma_3_12b_it=2842, mistral_7b_instruct_v03=2297, qwen3_8b=2842
[SCHEDULER_HEARTBEAT] running=[] | gpu0:free=2.0GiB util=87% | remaining: gemma_3_12b_it=2842, mistral_7b_instruct_v03=2296, qwen3_8b=2842
[SCHEDULER_HEARTBEAT] running=[] | gpu0:free=1.8GiB util=85% | remaining: gemma_3_12b_it=2842, mistral_7b_instruct_v03=2295, qwen3_8b=2842
[SCHEDULER_HEARTBEAT] running=[] | gpu0:free=1.9GiB util=86% | remaining: gemma_3_12b_it=2842, mistral_7b_instruct_v03=2295, qwen3_8b=2842
[SCHEDULER_HEARTBEAT] running=[] | gpu0:free=1.9GiB util=89% | remaining: gemma_3_12b_it=2842, mistral_7b_instruct_v03=2295, qwen3_8b=2842
[SCHEDULER_HEARTBEAT] running=[] | gpu0:free=1.7GiB util=98% | remaining: gemma_3_12b_it=2842, mistral_7b_instruct_v03=2295, qwen3_8b=2842
[SCHEDULER_HEARTBEAT] running=[] | gpu0:free=2.0GiB util=85% | remaining: gemma_3_12b_it=2842, mistral_7b_instruct_v03=2294, qwen3_8b=2842
[SCHEDULER_HEARTBEAT] running=[] | gpu0:free=1.7GiB util=85% | remaining: gemma_3_12b_it=2842, mistral_7b_instruct_v03=2294, qwen3_8b=2842
[SCHEDULER_HEARTBEAT] running=[] | gpu0:free=1.9GiB util=89% | remaining: gemma_3_12b_it=2842, mistral_7b_instruct_v03=2294, qwen3_8b=2842
[SCHEDULER_HEARTBEAT] running=[] | gpu0:free=1.8GiB util=89% | remaining: gemma_3_12b_it=2842, mistral_7b_instruct_v03=2294, qwen3_8b=2842
[SCHEDULER_HEARTBEAT] running=[] | gpu0:free=1.8GiB util=87% | remaining: gemma_3_12b_it=2842, mistral_7b_instruct_v03=2294, qwen3_8b=2842
[SCHEDULER_HEARTBEAT] running=[] | gpu0:free=1.8GiB util=81% | remaining: gemma_3_12b_it=2842, mistral_7b_instruct_v03=2293, qwen3_8b=2842
[SCHEDULER_HEARTBEAT] running=[] | gpu0:free=1.9GiB util=87% | remaining: gemma_3_12b_it=2842, mistral_7b_instruct_v03=2292, qwen3_8b=2842
[SCHEDULER_HEARTBEAT] running=[] | gpu0:free=1.7GiB util=87% | remaining: gemma_3_12b_it=2842, mistral_7b_instruct_v03=2292, qwen3_8b=2842
[SCHEDULER_HEARTBEAT] running=[] | gpu0:free=1.9GiB util=84% | remaining: gemma_3_12b_it=2842, mistral_7b_instruct_v03=2292, qwen3_8b=2842
[SCHEDULER_HEARTBEAT] running=[] | gpu0:free=2.0GiB util=86% | remaining: gemma_3_12b_it=2842, mistral_7b_instruct_v03=2291, qwen3_8b=2842
[SCHEDULER_HEARTBEAT] running=[] | gpu0:free=1.9GiB util=83% | remaining: gemma_3_12b_it=2842, mistral_7b_instruct_v03=2290, qwen3_8b=2842
[SCHEDULER_HEARTBEAT] running=[] | gpu0:free=1.9GiB util=87% | remaining: gemma_3_12b_it=2842, mistral_7b_instruct_v03=2290, qwen3_8b=2842
[SCHEDULER_HEARTBEAT] running=[] | gpu0:free=1.8GiB util=86% | remaining: gemma_3_12b_it=2842, mistral_7b_instruct_v03=2288, qwen3_8b=2842
[SCHEDULER_HEARTBEAT] running=[] | gpu0:free=1.8GiB util=88% | remaining: gemma_3_12b_it=2842, mistral_7b_instruct_v03=2287, qwen3_8b=2842
[SCHEDULER_HEARTBEAT] running=[] | gpu0:free=1.7GiB util=84% | remaining: gemma_3_12b_it=2842, mistral_7b_instruct_v03=2287, qwen3_8b=2842
[SCHEDULER_HEARTBEAT] running=[] | gpu0:free=1.7GiB util=88% | remaining: gemma_3_12b_it=2842, mistral_7b_instruct_v03=2287, qwen3_8b=2842
[SCHEDULER_HEARTBEAT] running=[] | gpu0:free=1.8GiB util=92% | remaining: gemma_3_12b_it=2842, mistral_7b_instruct_v03=2287, qwen3_8b=2842
[SCHEDULER_HEARTBEAT] running=[] | gpu0:free=1.7GiB util=85% | remaining: gemma_3_12b_it=2842, mistral_7b_instruct_v03=2287, qwen3_8b=2842
[SCHEDULER_HEARTBEAT] running=[] | gpu0:free=2.0GiB util=82% | remaining: gemma_3_12b_it=2842, mistral_7b_instruct_v03=2286, qwen3_8b=2842
[SCHEDULER_HEARTBEAT] running=[] | gpu0:free=2.0GiB util=88% | remaining: gemma_3_12b_it=2842, mistral_7b_instruct_v03=2285, qwen3_8b=2842
[SCHEDULER_HEARTBEAT] running=[] | gpu0:free=1.8GiB util=86% | remaining: gemma_3_12b_it=2842, mistral_7b_instruct_v03=2284, qwen3_8b=2842
[SCHEDULER_HEARTBEAT] running=[] | gpu0:free=1.7GiB util=83% | remaining: gemma_3_12b_it=2842, mistral_7b_instruct_v03=2284, qwen3_8b=2842
[SCHEDULER_HEARTBEAT] running=[] | gpu0:free=1.8GiB util=86% | remaining: gemma_3_12b_it=2842, mistral_7b_instruct_v03=2283, qwen3_8b=2842
[SCHEDULER_HEARTBEAT] running=[] | gpu0:free=1.7GiB util=83% | remaining: gemma_3_12b_it=2842, mistral_7b_instruct_v03=2283, qwen3_8b=2842
[SCHEDULER_HEARTBEAT] running=[] | gpu0:free=1.9GiB util=86% | remaining: gemma_3_12b_it=2842, mistral_7b_instruct_v03=2281, qwen3_8b=2842
[SCHEDULER_HEARTBEAT] running=[] | gpu0:free=1.7GiB util=84% | remaining: gemma_3_12b_it=2842, mistral_7b_instruct_v03=2281, qwen3_8b=2842
[SCHEDULER_HEARTBEAT] running=[] | gpu0:free=1.9GiB util=85% | remaining: gemma_3_12b_it=2842, mistral_7b_instruct_v03=2281, qwen3_8b=2842
[SCHEDULER_HEARTBEAT] running=[] | gpu0:free=1.7GiB util=88% | remaining: gemma_3_12b_it=2842, mistral_7b_instruct_v03=2281, qwen3_8b=2842
[SCHEDULER_HEARTBEAT] running=[] | gpu0:free=2.0GiB util=89% | remaining: gemma_3_12b_it=2842, mistral_7b_instruct_v03=2280, qwen3_8b=2842
[SCHEDULER_HEARTBEAT] running=[] | gpu0:free=1.9GiB util=84% | remaining: gemma_3_12b_it=2842, mistral_7b_instruct_v03=2280, qwen3_8b=2842
[SCHEDULER_HEARTBEAT] running=[] | gpu0:free=1.9GiB util=83% | remaining: gemma_3_12b_it=2842, mistral_7b_instruct_v03=2278, qwen3_8b=2842
[SCHEDULER_HEARTBEAT] running=[] | gpu0:free=1.9GiB util=99% | remaining: gemma_3_12b_it=2842, mistral_7b_instruct_v03=2278, qwen3_8b=2842
[SCHEDULER_HEARTBEAT] running=[] | gpu0:free=1.7GiB util=82% | remaining: gemma_3_12b_it=2842, mistral_7b_instruct_v03=2277, qwen3_8b=2842
[SCHEDULER_HEARTBEAT] running=[] | gpu0:free=1.9GiB util=87% | remaining: gemma_3_12b_it=2842, mistral_7b_instruct_v03=2276, qwen3_8b=2842
[SCHEDULER_HEARTBEAT] running=[] | gpu0:free=1.8GiB util=87% | remaining: gemma_3_12b_it=2842, mistral_7b_instruct_v03=2275, qwen3_8b=2842
[SCHEDULER_HEARTBEAT] running=[] | gpu0:free=1.9GiB util=84% | remaining: gemma_3_12b_it=2842, mistral_7b_instruct_v03=2275, qwen3_8b=2842
[SCHEDULER_HEARTBEAT] running=[] | gpu0:free=2.0GiB util=86% | remaining: gemma_3_12b_it=2842, mistral_7b_instruct_v03=2274, qwen3_8b=2842
[SCHEDULER_HEARTBEAT] running=[] | gpu0:free=1.7GiB util=82% | remaining: gemma_3_12b_it=2842, mistral_7b_instruct_v03=2274, qwen3_8b=2842
[SCHEDULER_HEARTBEAT] running=[] | gpu0:free=1.9GiB util=83% | remaining: gemma_3_12b_it=2842, mistral_7b_instruct_v03=2274, qwen3_8b=2842
[SCHEDULER_HEARTBEAT] running=[] | gpu0:free=1.8GiB util=85% | remaining: gemma_3_12b_it=2842, mistral_7b_instruct_v03=2274, qwen3_8b=2842
[SCHEDULER_HEARTBEAT] running=[] | gpu0:free=1.9GiB util=83% | remaining: gemma_3_12b_it=2842, mistral_7b_instruct_v03=2273, qwen3_8b=2842
[SCHEDULER_HEARTBEAT] running=[] | gpu0:free=2.0GiB util=86% | remaining: gemma_3_12b_it=2842, mistral_7b_instruct_v03=2272, qwen3_8b=2842
[SCHEDULER_HEARTBEAT] running=[] | gpu0:free=1.9GiB util=84% | remaining: gemma_3_12b_it=2842, mistral_7b_instruct_v03=2272, qwen3_8b=2842
[SCHEDULER_HEARTBEAT] running=[] | gpu0:free=1.8GiB util=84% | remaining: gemma_3_12b_it=2842, mistral_7b_instruct_v03=2271, qwen3_8b=2842
[SCHEDULER_HEARTBEAT] running=[] | gpu0:free=2.0GiB util=85% | remaining: gemma_3_12b_it=2842, mistral_7b_instruct_v03=2271, qwen3_8b=2842
[SCHEDULER_HEARTBEAT] running=[] | gpu0:free=1.7GiB util=82% | remaining: gemma_3_12b_it=2842, mistral_7b_instruct_v03=2271, qwen3_8b=2842
[SCHEDULER_HEARTBEAT] running=[] | gpu0:free=1.7GiB util=86% | remaining: gemma_3_12b_it=2842, mistral_7b_instruct_v03=2271, qwen3_8b=2842
[SCHEDULER_HEARTBEAT] running=[] | gpu0:free=1.8GiB util=87% | remaining: gemma_3_12b_it=2842, mistral_7b_instruct_v03=2271, qwen3_8b=2842
[SCHEDULER_HEARTBEAT] running=[] | gpu0:free=1.9GiB util=85% | remaining: gemma_3_12b_it=2842, mistral_7b_instruct_v03=2270, qwen3_8b=2842
[SCHEDULER_HEARTBEAT] running=[] | gpu0:free=2.0GiB util=89% | remaining: gemma_3_12b_it=2842, mistral_7b_instruct_v03=2270, qwen3_8b=2842
[SCHEDULER_HEARTBEAT] running=[] | gpu0:free=1.7GiB util=83% | remaining: gemma_3_12b_it=2842, mistral_7b_instruct_v03=2270, qwen3_8b=2842
[SCHEDULER_HEARTBEAT] running=[] | gpu0:free=2.0GiB util=83% | remaining: gemma_3_12b_it=2842, mistral_7b_instruct_v03=2269, qwen3_8b=2842
[SCHEDULER_HEARTBEAT] running=[] | gpu0:free=2.0GiB util=85% | remaining: gemma_3_12b_it=2842, mistral_7b_instruct_v03=2268, qwen3_8b=2842
[SCHEDULER_HEARTBEAT] running=[] | gpu0:free=1.9GiB util=82% | remaining: gemma_3_12b_it=2842, mistral_7b_instruct_v03=2267, qwen3_8b=2842
[SCHEDULER_HEARTBEAT] running=[] | gpu0:free=1.9GiB util=83% | remaining: gemma_3_12b_it=2842, mistral_7b_instruct_v03=2267, qwen3_8b=2842
[SCHEDULER_HEARTBEAT] running=[] | gpu0:free=1.9GiB util=87% | remaining: gemma_3_12b_it=2842, mistral_7b_instruct_v03=2266, qwen3_8b=2842
[SCHEDULER_HEARTBEAT] running=[] | gpu0:free=1.9GiB util=86% | remaining: gemma_3_12b_it=2842, mistral_7b_instruct_v03=2266, qwen3_8b=2842
[SCHEDULER_HEARTBEAT] running=[] | gpu0:free=1.9GiB util=87% | remaining: gemma_3_12b_it=2842, mistral_7b_instruct_v03=2266, qwen3_8b=2842
[SCHEDULER_HEARTBEAT] running=[] | gpu0:free=1.9GiB util=87% | remaining: gemma_3_12b_it=2842, mistral_7b_instruct_v03=2265, qwen3_8b=2842
[SCHEDULER_HEARTBEAT] running=[] | gpu0:free=1.9GiB util=85% | remaining: gemma_3_12b_it=2842, mistral_7b_instruct_v03=2264, qwen3_8b=2842
[SCHEDULER_HEARTBEAT] running=[] | gpu0:free=1.7GiB util=85% | remaining: gemma_3_12b_it=2842, mistral_7b_instruct_v03=2264, qwen3_8b=2842
[SCHEDULER_HEARTBEAT] running=[] | gpu0:free=1.9GiB util=86% | remaining: gemma_3_12b_it=2842, mistral_7b_instruct_v03=2264, qwen3_8b=2842
[SCHEDULER_HEARTBEAT] running=[] | gpu0:free=1.7GiB util=85% | remaining: gemma_3_12b_it=2842, mistral_7b_instruct_v03=2264, qwen3_8b=2842
[SCHEDULER_HEARTBEAT] running=[] | gpu0:free=1.8GiB util=86% | remaining: gemma_3_12b_it=2842, mistral_7b_instruct_v03=2264, qwen3_8b=2842
[SCHEDULER_HEARTBEAT] running=[] | gpu0:free=2.0GiB util=99% | remaining: gemma_3_12b_it=2842, mistral_7b_instruct_v03=2263, qwen3_8b=2842
[SCHEDULER_HEARTBEAT] running=[] | gpu0:free=1.7GiB util=85% | remaining: gemma_3_12b_it=2842, mistral_7b_instruct_v03=2263, qwen3_8b=2842
[SCHEDULER_HEARTBEAT] running=[] | gpu0:free=1.9GiB util=83% | remaining: gemma_3_12b_it=2842, mistral_7b_instruct_v03=2261, qwen3_8b=2842
[SCHEDULER_HEARTBEAT] running=[] | gpu0:free=2.0GiB util=84% | remaining: gemma_3_12b_it=2842, mistral_7b_instruct_v03=2260, qwen3_8b=2842
[SCHEDULER_HEARTBEAT] running=[] | gpu0:free=1.9GiB util=87% | remaining: gemma_3_12b_it=2842, mistral_7b_instruct_v03=2260, qwen3_8b=2842
[SCHEDULER_HEARTBEAT] running=[] | gpu0:free=1.9GiB util=83% | remaining: gemma_3_12b_it=2842, mistral_7b_instruct_v03=2259, qwen3_8b=2842
[SCHEDULER_HEARTBEAT] running=[] | gpu0:free=1.9GiB util=87% | remaining: gemma_3_12b_it=2842, mistral_7b_instruct_v03=2259, qwen3_8b=2842
[SCHEDULER_HEARTBEAT] running=[] | gpu0:free=1.8GiB util=84% | remaining: gemma_3_12b_it=2842, mistral_7b_instruct_v03=2258, qwen3_8b=2842
[SCHEDULER_HEARTBEAT] running=[] | gpu0:free=1.9GiB util=87% | remaining: gemma_3_12b_it=2842, mistral_7b_instruct_v03=2257, qwen3_8b=2842
[SCHEDULER_HEARTBEAT] running=[] | gpu0:free=2.0GiB util=84% | remaining: gemma_3_12b_it=2842, mistral_7b_instruct_v03=2257, qwen3_8b=2842
[SCHEDULER_HEARTBEAT] running=[] | gpu0:free=1.7GiB util=85% | remaining: gemma_3_12b_it=2842, mistral_7b_instruct_v03=2257, qwen3_8b=2842
[SCHEDULER_HEARTBEAT] running=[] | gpu0:free=1.7GiB util=86% | remaining: gemma_3_12b_it=2842, mistral_7b_instruct_v03=2257, qwen3_8b=2842
[SCHEDULER_HEARTBEAT] running=[] | gpu0:free=1.8GiB util=86% | remaining: gemma_3_12b_it=2842, mistral_7b_instruct_v03=2257, qwen3_8b=2842
[SCHEDULER_HEARTBEAT] running=[] | gpu0:free=1.8GiB util=82% | remaining: gemma_3_12b_it=2842, mistral_7b_instruct_v03=2255, qwen3_8b=2842
[SCHEDULER_HEARTBEAT] running=[] | gpu0:free=1.7GiB util=82% | remaining: gemma_3_12b_it=2842, mistral_7b_instruct_v03=2255, qwen3_8b=2842
[SCHEDULER_HEARTBEAT] running=[] | gpu0:free=1.9GiB util=83% | remaining: gemma_3_12b_it=2842, mistral_7b_instruct_v03=2255, qwen3_8b=2842
[SCHEDULER_HEARTBEAT] running=[] | gpu0:free=1.7GiB util=87% | remaining: gemma_3_12b_it=2842, mistral_7b_instruct_v03=2254, qwen3_8b=2842
[SCHEDULER_HEARTBEAT] running=[] | gpu0:free=1.9GiB util=84% | remaining: gemma_3_12b_it=2842, mistral_7b_instruct_v03=2254, qwen3_8b=2842
[SCHEDULER_HEARTBEAT] running=[] | gpu0:free=1.7GiB util=82% | remaining: gemma_3_12b_it=2842, mistral_7b_instruct_v03=2254, qwen3_8b=2842
[SCHEDULER_HEARTBEAT] running=[] | gpu0:free=1.8GiB util=85% | remaining: gemma_3_12b_it=2842, mistral_7b_instruct_v03=2254, qwen3_8b=2842
[SCHEDULER_HEARTBEAT] running=[] | gpu0:free=2.0GiB util=86% | remaining: gemma_3_12b_it=2842, mistral_7b_instruct_v03=2253, qwen3_8b=2842
[SCHEDULER_HEARTBEAT] running=[] | gpu0:free=1.9GiB util=82% | remaining: gemma_3_12b_it=2842, mistral_7b_instruct_v03=2253, qwen3_8b=2842
[SCHEDULER_HEARTBEAT] running=[] | gpu0:free=1.9GiB util=85% | remaining: gemma_3_12b_it=2842, mistral_7b_instruct_v03=2253, qwen3_8b=2842
[SCHEDULER_HEARTBEAT] running=[] | gpu0:free=1.8GiB util=88% | remaining: gemma_3_12b_it=2842, mistral_7b_instruct_v03=2253, qwen3_8b=2842
[SCHEDULER_HEARTBEAT] running=[] | gpu0:free=1.8GiB util=84% | remaining: gemma_3_12b_it=2842, mistral_7b_instruct_v03=2252, qwen3_8b=2842
[SCHEDULER_HEARTBEAT] running=[] | gpu0:free=1.7GiB util=88% | remaining: gemma_3_12b_it=2842, mistral_7b_instruct_v03=2252, qwen3_8b=2842
[SCHEDULER_HEARTBEAT] running=[] | gpu0:free=1.7GiB util=84% | remaining: gemma_3_12b_it=2842, mistral_7b_instruct_v03=2252, qwen3_8b=2842
[SCHEDULER_HEARTBEAT] running=[] | gpu0:free=1.8GiB util=84% | remaining: gemma_3_12b_it=2842, mistral_7b_instruct_v03=2252, qwen3_8b=2842
[SCHEDULER_HEARTBEAT] running=[] | gpu0:free=1.8GiB util=86% | remaining: gemma_3_12b_it=2842, mistral_7b_instruct_v03=2252, qwen3_8b=2842
[SCHEDULER_HEARTBEAT] running=[] | gpu0:free=1.8GiB util=83% | remaining: gemma_3_12b_it=2842, mistral_7b_instruct_v03=2251, qwen3_8b=2842
[SCHEDULER_HEARTBEAT] running=[] | gpu0:free=1.7GiB util=87% | remaining: gemma_3_12b_it=2842, mistral_7b_instruct_v03=2251, qwen3_8b=2842
[SCHEDULER_HEARTBEAT] running=[] | gpu0:free=1.8GiB util=87% | remaining: gemma_3_12b_it=2842, mistral_7b_instruct_v03=2250, qwen3_8b=2842
[SCHEDULER_HEARTBEAT] running=[] | gpu0:free=1.7GiB util=85% | remaining: gemma_3_12b_it=2842, mistral_7b_instruct_v03=2250, qwen3_8b=2842
[SCHEDULER_HEARTBEAT] running=[] | gpu0:free=1.7GiB util=85% | remaining: gemma_3_12b_it=2842, mistral_7b_instruct_v03=2250, qwen3_8b=2842
[SCHEDULER_HEARTBEAT] running=[] | gpu0:free=1.8GiB util=82% | remaining: gemma_3_12b_it=2842, mistral_7b_instruct_v03=2249, qwen3_8b=2842
[SCHEDULER_HEARTBEAT] running=[] | gpu0:free=2.0GiB util=83% | remaining: gemma_3_12b_it=2842, mistral_7b_instruct_v03=2248, qwen3_8b=2842
[SCHEDULER_HEARTBEAT] running=[] | gpu0:free=1.7GiB util=84% | remaining: gemma_3_12b_it=2842, mistral_7b_instruct_v03=2248, qwen3_8b=2842
[SCHEDULER_HEARTBEAT] running=[] | gpu0:free=1.9GiB util=82% | remaining: gemma_3_12b_it=2842, mistral_7b_instruct_v03=2247, qwen3_8b=2842
[SCHEDULER_HEARTBEAT] running=[] | gpu0:free=1.9GiB util=85% | remaining: gemma_3_12b_it=2842, mistral_7b_instruct_v03=2247, qwen3_8b=2842
[SCHEDULER_HEARTBEAT] running=[] | gpu0:free=1.7GiB util=86% | remaining: gemma_3_12b_it=2842, mistral_7b_instruct_v03=2247, qwen3_8b=2842
[SCHEDULER_HEARTBEAT] running=[] | gpu0:free=1.7GiB util=83% | remaining: gemma_3_12b_it=2842, mistral_7b_instruct_v03=2247, qwen3_8b=2842
[SCHEDULER_HEARTBEAT] running=[] | gpu0:free=1.7GiB util=83% | remaining: gemma_3_12b_it=2842, mistral_7b_instruct_v03=2247, qwen3_8b=2842
[SCHEDULER_HEARTBEAT] running=[] | gpu0:free=1.8GiB util=84% | remaining: gemma_3_12b_it=2842, mistral_7b_instruct_v03=2246, qwen3_8b=2842
[SCHEDULER_HEARTBEAT] running=[] | gpu0:free=1.9GiB util=88% | remaining: gemma_3_12b_it=2842, mistral_7b_instruct_v03=2245, qwen3_8b=2842
[SCHEDULER_HEARTBEAT] running=[] | gpu0:free=1.7GiB util=83% | remaining: gemma_3_12b_it=2842, mistral_7b_instruct_v03=2245, qwen3_8b=2842
[SCHEDULER_HEARTBEAT] running=[] | gpu0:free=1.9GiB util=83% | remaining: gemma_3_12b_it=2842, mistral_7b_instruct_v03=2245, qwen3_8b=2842
[SCHEDULER_HEARTBEAT] running=[] | gpu0:free=1.8GiB util=84% | remaining: gemma_3_12b_it=2842, mistral_7b_instruct_v03=2245, qwen3_8b=2842
[SCHEDULER_HEARTBEAT] running=[] | gpu0:free=1.8GiB util=88% | remaining: gemma_3_12b_it=2842, mistral_7b_instruct_v03=2244, qwen3_8b=2842
[SCHEDULER_HEARTBEAT] running=[] | gpu0:free=2.0GiB util=87% | remaining: gemma_3_12b_it=2842, mistral_7b_instruct_v03=2243, qwen3_8b=2842
[SCHEDULER_HEARTBEAT] running=[] | gpu0:free=1.9GiB util=89% | remaining: gemma_3_12b_it=2842, mistral_7b_instruct_v03=2243, qwen3_8b=2842
[SCHEDULER_HEARTBEAT] running=[] | gpu0:free=2.0GiB util=87% | remaining: gemma_3_12b_it=2842, mistral_7b_instruct_v03=2242, qwen3_8b=2842
[SCHEDULER_HEARTBEAT] running=[] | gpu0:free=1.7GiB util=90% | remaining: gemma_3_12b_it=2842, mistral_7b_instruct_v03=2242, qwen3_8b=2842
[SCHEDULER_HEARTBEAT] running=[] | gpu0:free=1.8GiB util=84% | remaining: gemma_3_12b_it=2842, mistral_7b_instruct_v03=2241, qwen3_8b=2842
[SCHEDULER_HEARTBEAT] running=[] | gpu0:free=1.9GiB util=84% | remaining: gemma_3_12b_it=2842, mistral_7b_instruct_v03=2240, qwen3_8b=2842
[SCHEDULER_HEARTBEAT] running=[] | gpu0:free=1.9GiB util=83% | remaining: gemma_3_12b_it=2842, mistral_7b_instruct_v03=2240, qwen3_8b=2842
[SCHEDULER_HEARTBEAT] running=[] | gpu0:free=1.7GiB util=85% | remaining: gemma_3_12b_it=2842, mistral_7b_instruct_v03=2240, qwen3_8b=2842
[SCHEDULER_HEARTBEAT] running=[] | gpu0:free=2.0GiB util=84% | remaining: gemma_3_12b_it=2842, mistral_7b_instruct_v03=2239, qwen3_8b=2842
[SCHEDULER_HEARTBEAT] running=[] | gpu0:free=1.9GiB util=84% | remaining: gemma_3_12b_it=2842, mistral_7b_instruct_v03=2238, qwen3_8b=2842
[SCHEDULER_HEARTBEAT] running=[] | gpu0:free=1.9GiB util=84% | remaining: gemma_3_12b_it=2842, mistral_7b_instruct_v03=2238, qwen3_8b=2842
[SCHEDULER_HEARTBEAT] running=[] | gpu0:free=1.8GiB util=84% | remaining: gemma_3_12b_it=2842, mistral_7b_instruct_v03=2238, qwen3_8b=2842
[SCHEDULER_HEARTBEAT] running=[] | gpu0:free=1.7GiB util=85% | remaining: gemma_3_12b_it=2842, mistral_7b_instruct_v03=2238, qwen3_8b=2842
[SCHEDULER_HEARTBEAT] running=[] | gpu0:free=1.9GiB util=86% | remaining: gemma_3_12b_it=2842, mistral_7b_instruct_v03=2237, qwen3_8b=2842
[SCHEDULER_HEARTBEAT] running=[] | gpu0:free=1.9GiB util=86% | remaining: gemma_3_12b_it=2842, mistral_7b_instruct_v03=2237, qwen3_8b=2842
[SCHEDULER_HEARTBEAT] running=[] | gpu0:free=1.9GiB util=84% | remaining: gemma_3_12b_it=2842, mistral_7b_instruct_v03=2236, qwen3_8b=2842
[SCHEDULER_HEARTBEAT] running=[] | gpu0:free=1.9GiB util=84% | remaining: gemma_3_12b_it=2842, mistral_7b_instruct_v03=2236, qwen3_8b=2842
[SCHEDULER_HEARTBEAT] running=[] | gpu0:free=1.9GiB util=89% | remaining: gemma_3_12b_it=2842, mistral_7b_instruct_v03=2236, qwen3_8b=2842
[SCHEDULER_HEARTBEAT] running=[] | gpu0:free=1.9GiB util=88% | remaining: gemma_3_12b_it=2842, mistral_7b_instruct_v03=2236, qwen3_8b=2842
[SCHEDULER_HEARTBEAT] running=[] | gpu0:free=1.7GiB util=86% | remaining: gemma_3_12b_it=2842, mistral_7b_instruct_v03=2236, qwen3_8b=2842
[SCHEDULER_HEARTBEAT] running=[] | gpu0:free=1.8GiB util=84% | remaining: gemma_3_12b_it=2842, mistral_7b_instruct_v03=2235, qwen3_8b=2842
[SCHEDULER_HEARTBEAT] running=[] | gpu0:free=1.9GiB util=85% | remaining: gemma_3_12b_it=2842, mistral_7b_instruct_v03=2234, qwen3_8b=2842
[SCHEDULER_HEARTBEAT] running=[] | gpu0:free=1.8GiB util=85% | remaining: gemma_3_12b_it=2842, mistral_7b_instruct_v03=2233, qwen3_8b=2842
[SCHEDULER_HEARTBEAT] running=[] | gpu0:free=1.9GiB util=85% | remaining: gemma_3_12b_it=2842, mistral_7b_instruct_v03=2233, qwen3_8b=2842
[SCHEDULER_HEARTBEAT] running=[] | gpu0:free=1.7GiB util=81% | remaining: gemma_3_12b_it=2842, mistral_7b_instruct_v03=2233, qwen3_8b=2842
[SCHEDULER_HEARTBEAT] running=[] | gpu0:free=1.7GiB util=87% | remaining: gemma_3_12b_it=2842, mistral_7b_instruct_v03=2233, qwen3_8b=2842
[SCHEDULER_HEARTBEAT] running=[] | gpu0:free=1.7GiB util=87% | remaining: gemma_3_12b_it=2842, mistral_7b_instruct_v03=2232, qwen3_8b=2842
[SCHEDULER_HEARTBEAT] running=[] | gpu0:free=1.7GiB util=85% | remaining: gemma_3_12b_it=2842, mistral_7b_instruct_v03=2232, qwen3_8b=2842
[SCHEDULER_HEARTBEAT] running=[] | gpu0:free=2.0GiB util=87% | remaining: gemma_3_12b_it=2842, mistral_7b_instruct_v03=2231, qwen3_8b=2842
[SCHEDULER_HEARTBEAT] running=[] | gpu0:free=1.9GiB util=87% | remaining: gemma_3_12b_it=2842, mistral_7b_instruct_v03=2231, qwen3_8b=2842
[SCHEDULER_HEARTBEAT] running=[] | gpu0:free=1.8GiB util=82% | remaining: gemma_3_12b_it=2842, mistral_7b_instruct_v03=2230, qwen3_8b=2842
[SCHEDULER_HEARTBEAT] running=[] | gpu0:free=1.9GiB util=84% | remaining: gemma_3_12b_it=2842, mistral_7b_instruct_v03=2230, qwen3_8b=2842
[SCHEDULER_HEARTBEAT] running=[] | gpu0:free=1.8GiB util=90% | remaining: gemma_3_12b_it=2842, mistral_7b_instruct_v03=2229, qwen3_8b=2842
[SCHEDULER_HEARTBEAT] running=[] | gpu0:free=1.7GiB util=84% | remaining: gemma_3_12b_it=2842, mistral_7b_instruct_v03=2229, qwen3_8b=2842
[SCHEDULER_HEARTBEAT] running=[] | gpu0:free=1.9GiB util=87% | remaining: gemma_3_12b_it=2842, mistral_7b_instruct_v03=2229, qwen3_8b=2842
[SCHEDULER_HEARTBEAT] running=[] | gpu0:free=1.7GiB util=90% | remaining: gemma_3_12b_it=2842, mistral_7b_instruct_v03=2228, qwen3_8b=2842
[SCHEDULER_HEARTBEAT] running=[] | gpu0:free=1.7GiB util=88% | remaining: gemma_3_12b_it=2842, mistral_7b_instruct_v03=2228, qwen3_8b=2842
[SCHEDULER_HEARTBEAT] running=[] | gpu0:free=1.9GiB util=82% | remaining: gemma_3_12b_it=2842, mistral_7b_instruct_v03=2227, qwen3_8b=2842
[SCHEDULER_HEARTBEAT] running=[] | gpu0:free=1.9GiB util=85% | remaining: gemma_3_12b_it=2842, mistral_7b_instruct_v03=2226, qwen3_8b=2842
[SCHEDULER_HEARTBEAT] running=[] | gpu0:free=2.0GiB util=86% | remaining: gemma_3_12b_it=2842, mistral_7b_instruct_v03=2226, qwen3_8b=2842
[SCHEDULER_HEARTBEAT] running=[] | gpu0:free=1.9GiB util=83% | remaining: gemma_3_12b_it=2842, mistral_7b_instruct_v03=2225, qwen3_8b=2842
[SCHEDULER_HEARTBEAT] running=[] | gpu0:free=1.9GiB util=88% | remaining: gemma_3_12b_it=2842, mistral_7b_instruct_v03=2225, qwen3_8b=2842
[SCHEDULER_HEARTBEAT] running=[] | gpu0:free=1.9GiB util=85% | remaining: gemma_3_12b_it=2842, mistral_7b_instruct_v03=2225, qwen3_8b=2842
[SCHEDULER_HEARTBEAT] running=[] | gpu0:free=1.7GiB util=84% | remaining: gemma_3_12b_it=2842, mistral_7b_instruct_v03=2225, qwen3_8b=2842
[SCHEDULER_HEARTBEAT] running=[] | gpu0:free=1.8GiB util=84% | remaining: gemma_3_12b_it=2842, mistral_7b_instruct_v03=2225, qwen3_8b=2842
[SCHEDULER_HEARTBEAT] running=[] | gpu0:free=1.8GiB util=83% | remaining: gemma_3_12b_it=2842, mistral_7b_instruct_v03=2224, qwen3_8b=2842
[SCHEDULER_HEARTBEAT] running=[] | gpu0:free=1.7GiB util=82% | remaining: gemma_3_12b_it=2842, mistral_7b_instruct_v03=2224, qwen3_8b=2842
[SCHEDULER_HEARTBEAT] running=[] | gpu0:free=1.9GiB util=88% | remaining: gemma_3_12b_it=2842, mistral_7b_instruct_v03=2223, qwen3_8b=2842
[SCHEDULER_HEARTBEAT] running=[] | gpu0:free=1.9GiB util=83% | remaining: gemma_3_12b_it=2842, mistral_7b_instruct_v03=2222, qwen3_8b=2842
[SCHEDULER_HEARTBEAT] running=[] | gpu0:free=1.7GiB util=88% | remaining: gemma_3_12b_it=2842, mistral_7b_instruct_v03=2222, qwen3_8b=2842
[SCHEDULER_HEARTBEAT] running=[] | gpu0:free=1.9GiB util=86% | remaining: gemma_3_12b_it=2842, mistral_7b_instruct_v03=2222, qwen3_8b=2842
[SCHEDULER_HEARTBEAT] running=[] | gpu0:free=1.8GiB util=82% | remaining: gemma_3_12b_it=2842, mistral_7b_instruct_v03=2222, qwen3_8b=2842
[SCHEDULER_HEARTBEAT] running=[] | gpu0:free=2.0GiB util=83% | remaining: gemma_3_12b_it=2842, mistral_7b_instruct_v03=2221, qwen3_8b=2842
[SCHEDULER_HEARTBEAT] running=[] | gpu0:free=1.9GiB util=87% | remaining: gemma_3_12b_it=2842, mistral_7b_instruct_v03=2221, qwen3_8b=2842
[SCHEDULER_HEARTBEAT] running=[] | gpu0:free=1.7GiB util=86% | remaining: gemma_3_12b_it=2842, mistral_7b_instruct_v03=2221, qwen3_8b=2842
[SCHEDULER_HEARTBEAT] running=[] | gpu0:free=1.9GiB util=86% | remaining: gemma_3_12b_it=2842, mistral_7b_instruct_v03=2221, qwen3_8b=2842
[SCHEDULER_HEARTBEAT] running=[] | gpu0:free=1.8GiB util=86% | remaining: gemma_3_12b_it=2842, mistral_7b_instruct_v03=2220, qwen3_8b=2842
[SCHEDULER_HEARTBEAT] running=[] | gpu0:free=2.0GiB util=84% | remaining: gemma_3_12b_it=2842, mistral_7b_instruct_v03=2219, qwen3_8b=2842
[SCHEDULER_HEARTBEAT] running=[] | gpu0:free=1.7GiB util=85% | remaining: gemma_3_12b_it=2842, mistral_7b_instruct_v03=2219, qwen3_8b=2842
[SCHEDULER_HEARTBEAT] running=[] | gpu0:free=2.0GiB util=87% | remaining: gemma_3_12b_it=2842, mistral_7b_instruct_v03=2217, qwen3_8b=2842
[SCHEDULER_HEARTBEAT] running=[] | gpu0:free=1.9GiB util=90% | remaining: gemma_3_12b_it=2842, mistral_7b_instruct_v03=2216, qwen3_8b=2842
[SCHEDULER_HEARTBEAT] running=[] | gpu0:free=1.7GiB util=84% | remaining: gemma_3_12b_it=2842, mistral_7b_instruct_v03=2216, qwen3_8b=2842
[SCHEDULER_HEARTBEAT] running=[] | gpu0:free=1.9GiB util=82% | remaining: gemma_3_12b_it=2842, mistral_7b_instruct_v03=2216, qwen3_8b=2842
[SCHEDULER_HEARTBEAT] running=[] | gpu0:free=2.0GiB util=86% | remaining: gemma_3_12b_it=2842, mistral_7b_instruct_v03=2215, qwen3_8b=2842
[SCHEDULER_HEARTBEAT] running=[] | gpu0:free=1.7GiB util=87% | remaining: gemma_3_12b_it=2842, mistral_7b_instruct_v03=2215, qwen3_8b=2842
[SCHEDULER_HEARTBEAT] running=[] | gpu0:free=1.7GiB util=84% | remaining: gemma_3_12b_it=2842, mistral_7b_instruct_v03=2215, qwen3_8b=2842
[SCHEDULER_HEARTBEAT] running=[] | gpu0:free=1.9GiB util=84% | remaining: gemma_3_12b_it=2842, mistral_7b_instruct_v03=2215, qwen3_8b=2842
[SCHEDULER_HEARTBEAT] running=[] | gpu0:free=1.9GiB util=85% | remaining: gemma_3_12b_it=2842, mistral_7b_instruct_v03=2214, qwen3_8b=2842
[SCHEDULER_HEARTBEAT] running=[] | gpu0:free=1.7GiB util=90% | remaining: gemma_3_12b_it=2842, mistral_7b_instruct_v03=2214, qwen3_8b=2842
[SCHEDULER_HEARTBEAT] running=[] | gpu0:free=1.9GiB util=88% | remaining: gemma_3_12b_it=2842, mistral_7b_instruct_v03=2213, qwen3_8b=2842
[SCHEDULER_HEARTBEAT] running=[] | gpu0:free=1.9GiB util=86% | remaining: gemma_3_12b_it=2842, mistral_7b_instruct_v03=2213, qwen3_8b=2842
[SCHEDULER_HEARTBEAT] running=[] | gpu0:free=1.8GiB util=87% | remaining: gemma_3_12b_it=2842, mistral_7b_instruct_v03=2212, qwen3_8b=2842
[SCHEDULER_HEARTBEAT] running=[] | gpu0:free=1.9GiB util=88% | remaining: gemma_3_12b_it=2842, mistral_7b_instruct_v03=2212, qwen3_8b=2842
[SCHEDULER_HEARTBEAT] running=[] | gpu0:free=1.9GiB util=86% | remaining: gemma_3_12b_it=2842, mistral_7b_instruct_v03=2212, qwen3_8b=2842
[SCHEDULER_HEARTBEAT] running=[] | gpu0:free=1.8GiB util=87% | remaining: gemma_3_12b_it=2842, mistral_7b_instruct_v03=2211, qwen3_8b=2842
[SCHEDULER_HEARTBEAT] running=[] | gpu0:free=1.7GiB util=88% | remaining: gemma_3_12b_it=2842, mistral_7b_instruct_v03=2211, qwen3_8b=2842
[SCHEDULER_HEARTBEAT] running=[] | gpu0:free=1.9GiB util=85% | remaining: gemma_3_12b_it=2842, mistral_7b_instruct_v03=2210, qwen3_8b=2842
[SCHEDULER_HEARTBEAT] running=[] | gpu0:free=2.0GiB util=85% | remaining: gemma_3_12b_it=2842, mistral_7b_instruct_v03=2209, qwen3_8b=2842
[SCHEDULER_HEARTBEAT] running=[] | gpu0:free=1.9GiB util=85% | remaining: gemma_3_12b_it=2842, mistral_7b_instruct_v03=2209, qwen3_8b=2842
[SCHEDULER_HEARTBEAT] running=[] | gpu0:free=1.8GiB util=86% | remaining: gemma_3_12b_it=2842, mistral_7b_instruct_v03=2208, qwen3_8b=2842
[SCHEDULER_HEARTBEAT] running=[] | gpu0:free=1.8GiB util=83% | remaining: gemma_3_12b_it=2842, mistral_7b_instruct_v03=2207, qwen3_8b=2842
[SCHEDULER_HEARTBEAT] running=[] | gpu0:free=1.7GiB util=83% | remaining: gemma_3_12b_it=2842, mistral_7b_instruct_v03=2207, qwen3_8b=2842
[SCHEDULER_HEARTBEAT] running=[] | gpu0:free=1.8GiB util=83% | remaining: gemma_3_12b_it=2842, mistral_7b_instruct_v03=2206, qwen3_8b=2842
[SCHEDULER_HEARTBEAT] running=[] | gpu0:free=1.9GiB util=86% | remaining: gemma_3_12b_it=2842, mistral_7b_instruct_v03=2206, qwen3_8b=2842
[SCHEDULER_HEARTBEAT] running=[] | gpu0:free=1.9GiB util=86% | remaining: gemma_3_12b_it=2842, mistral_7b_instruct_v03=2206, qwen3_8b=2842
[SCHEDULER_HEARTBEAT] running=[] | gpu0:free=1.8GiB util=86% | remaining: gemma_3_12b_it=2842, mistral_7b_instruct_v03=2206, qwen3_8b=2842
[SCHEDULER_HEARTBEAT] running=[] | gpu0:free=1.7GiB util=83% | remaining: gemma_3_12b_it=2842, mistral_7b_instruct_v03=2205, qwen3_8b=2842
[SCHEDULER_HEARTBEAT] running=[] | gpu0:free=1.9GiB util=84% | remaining: gemma_3_12b_it=2842, mistral_7b_instruct_v03=2204, qwen3_8b=2842
[SCHEDULER_HEARTBEAT] running=[] | gpu0:free=1.9GiB util=88% | remaining: gemma_3_12b_it=2842, mistral_7b_instruct_v03=2204, qwen3_8b=2842
[SCHEDULER_HEARTBEAT] running=[] | gpu0:free=1.9GiB util=86% | remaining: gemma_3_12b_it=2842, mistral_7b_instruct_v03=2203, qwen3_8b=2842
[SCHEDULER_HEARTBEAT] running=[] | gpu0:free=1.9GiB util=86% | remaining: gemma_3_12b_it=2842, mistral_7b_instruct_v03=2203, qwen3_8b=2842
[SCHEDULER_HEARTBEAT] running=[] | gpu0:free=1.9GiB util=86% | remaining: gemma_3_12b_it=2842, mistral_7b_instruct_v03=2203, qwen3_8b=2842
[SCHEDULER_HEARTBEAT] running=[] | gpu0:free=1.7GiB util=85% | remaining: gemma_3_12b_it=2842, mistral_7b_instruct_v03=2203, qwen3_8b=2842
[SCHEDULER_HEARTBEAT] running=[] | gpu0:free=1.7GiB util=84% | remaining: gemma_3_12b_it=2842, mistral_7b_instruct_v03=2203, qwen3_8b=2842
[SCHEDULER_HEARTBEAT] running=[] | gpu0:free=1.9GiB util=83% | remaining: gemma_3_12b_it=2842, mistral_7b_instruct_v03=2202, qwen3_8b=2842
[SCHEDULER_HEARTBEAT] running=[] | gpu0:free=2.0GiB util=87% | remaining: gemma_3_12b_it=2842, mistral_7b_instruct_v03=2201, qwen3_8b=2842
[SCHEDULER_HEARTBEAT] running=[] | gpu0:free=1.8GiB util=86% | remaining: gemma_3_12b_it=2842, mistral_7b_instruct_v03=2200, qwen3_8b=2842
[SCHEDULER_HEARTBEAT] running=[] | gpu0:free=1.9GiB util=88% | remaining: gemma_3_12b_it=2842, mistral_7b_instruct_v03=2200, qwen3_8b=2842
[SCHEDULER_HEARTBEAT] running=[] | gpu0:free=1.9GiB util=87% | remaining: gemma_3_12b_it=2842, mistral_7b_instruct_v03=2199, qwen3_8b=2842
[SCHEDULER_HEARTBEAT] running=[] | gpu0:free=1.9GiB util=84% | remaining: gemma_3_12b_it=2842, mistral_7b_instruct_v03=2198, qwen3_8b=2842
[SCHEDULER_HEARTBEAT] running=[] | gpu0:free=1.7GiB util=85% | remaining: gemma_3_12b_it=2842, mistral_7b_instruct_v03=2198, qwen3_8b=2842
[SCHEDULER_HEARTBEAT] running=[] | gpu0:free=1.8GiB util=83% | remaining: gemma_3_12b_it=2842, mistral_7b_instruct_v03=2197, qwen3_8b=2842
[SCHEDULER_HEARTBEAT] running=[] | gpu0:free=1.9GiB util=85% | remaining: gemma_3_12b_it=2842, mistral_7b_instruct_v03=2197, qwen3_8b=2842
[SCHEDULER_HEARTBEAT] running=[] | gpu0:free=2.0GiB util=90% | remaining: gemma_3_12b_it=2842, mistral_7b_instruct_v03=2196, qwen3_8b=2842
[SCHEDULER_HEARTBEAT] running=[] | gpu0:free=1.9GiB util=83% | remaining: gemma_3_12b_it=2842, mistral_7b_instruct_v03=2195, qwen3_8b=2842
[SCHEDULER_HEARTBEAT] running=[] | gpu0:free=1.9GiB util=83% | remaining: gemma_3_12b_it=2842, mistral_7b_instruct_v03=2195, qwen3_8b=2842
[SCHEDULER_HEARTBEAT] running=[] | gpu0:free=2.0GiB util=84% | remaining: gemma_3_12b_it=2842, mistral_7b_instruct_v03=2194, qwen3_8b=2842
[SCHEDULER_HEARTBEAT] running=[] | gpu0:free=2.0GiB util=88% | remaining: gemma_3_12b_it=2842, mistral_7b_instruct_v03=2194, qwen3_8b=2842
[SCHEDULER_HEARTBEAT] running=[] | gpu0:free=1.9GiB util=84% | remaining: gemma_3_12b_it=2842, mistral_7b_instruct_v03=2193, qwen3_8b=2842
[SCHEDULER_HEARTBEAT] running=[] | gpu0:free=1.9GiB util=84% | remaining: gemma_3_12b_it=2842, mistral_7b_instruct_v03=2193, qwen3_8b=2842
[SCHEDULER_HEARTBEAT] running=[] | gpu0:free=1.7GiB util=84% | remaining: gemma_3_12b_it=2842, mistral_7b_instruct_v03=2193, qwen3_8b=2842
[SCHEDULER_HEARTBEAT] running=[] | gpu0:free=1.7GiB util=82% | remaining: gemma_3_12b_it=2842, mistral_7b_instruct_v03=2193, qwen3_8b=2842
[SCHEDULER_HEARTBEAT] running=[] | gpu0:free=1.9GiB util=86% | remaining: gemma_3_12b_it=2842, mistral_7b_instruct_v03=2192, qwen3_8b=2842
[SCHEDULER_HEARTBEAT] running=[] | gpu0:free=1.7GiB util=86% | remaining: gemma_3_12b_it=2842, mistral_7b_instruct_v03=2192, qwen3_8b=2842
[SCHEDULER_HEARTBEAT] running=[] | gpu0:free=2.0GiB util=84% | remaining: gemma_3_12b_it=2842, mistral_7b_instruct_v03=2191, qwen3_8b=2842
[SCHEDULER_HEARTBEAT] running=[] | gpu0:free=1.9GiB util=88% | remaining: gemma_3_12b_it=2842, mistral_7b_instruct_v03=2191, qwen3_8b=2842
[SCHEDULER_HEARTBEAT] running=[] | gpu0:free=1.9GiB util=85% | remaining: gemma_3_12b_it=2842, mistral_7b_instruct_v03=2191, qwen3_8b=2842
[SCHEDULER_HEARTBEAT] running=[] | gpu0:free=1.9GiB util=84% | remaining: gemma_3_12b_it=2842, mistral_7b_instruct_v03=2190, qwen3_8b=2842
[SCHEDULER_HEARTBEAT] running=[] | gpu0:free=1.8GiB util=85% | remaining: gemma_3_12b_it=2842, mistral_7b_instruct_v03=2189, qwen3_8b=2842
[SCHEDULER_HEARTBEAT] running=[] | gpu0:free=1.9GiB util=84% | remaining: gemma_3_12b_it=2842, mistral_7b_instruct_v03=2189, qwen3_8b=2842
[SCHEDULER_HEARTBEAT] running=[] | gpu0:free=1.9GiB util=85% | remaining: gemma_3_12b_it=2842, mistral_7b_instruct_v03=2188, qwen3_8b=2842
[SCHEDULER_HEARTBEAT] running=[] | gpu0:free=1.9GiB util=86% | remaining: gemma_3_12b_it=2842, mistral_7b_instruct_v03=2188, qwen3_8b=2842
[SCHEDULER_HEARTBEAT] running=[] | gpu0:free=1.8GiB util=86% | remaining: gemma_3_12b_it=2842, mistral_7b_instruct_v03=2188, qwen3_8b=2842
[SCHEDULER_HEARTBEAT] running=[] | gpu0:free=1.8GiB util=83% | remaining: gemma_3_12b_it=2842, mistral_7b_instruct_v03=2187, qwen3_8b=2842
[SCHEDULER_HEARTBEAT] running=[] | gpu0:free=1.9GiB util=86% | remaining: gemma_3_12b_it=2842, mistral_7b_instruct_v03=2187, qwen3_8b=2842
[SCHEDULER_HEARTBEAT] running=[] | gpu0:free=1.7GiB util=81% | remaining: gemma_3_12b_it=2842, mistral_7b_instruct_v03=2187, qwen3_8b=2842
[SCHEDULER_HEARTBEAT] running=[] | gpu0:free=1.9GiB util=87% | remaining: gemma_3_12b_it=2842, mistral_7b_instruct_v03=2187, qwen3_8b=2842
[SCHEDULER_HEARTBEAT] running=[] | gpu0:free=1.8GiB util=85% | remaining: gemma_3_12b_it=2842, mistral_7b_instruct_v03=2186, qwen3_8b=2842
[SCHEDULER_HEARTBEAT] running=[] | gpu0:free=1.7GiB util=86% | remaining: gemma_3_12b_it=2842, mistral_7b_instruct_v03=2186, qwen3_8b=2842
[SCHEDULER_HEARTBEAT] running=[] | gpu0:free=1.9GiB util=83% | remaining: gemma_3_12b_it=2842, mistral_7b_instruct_v03=2185, qwen3_8b=2842
[SCHEDULER_HEARTBEAT] running=[] | gpu0:free=1.7GiB util=83% | remaining: gemma_3_12b_it=2842, mistral_7b_instruct_v03=2185, qwen3_8b=2842
[SCHEDULER_HEARTBEAT] running=[] | gpu0:free=1.8GiB util=87% | remaining: gemma_3_12b_it=2842, mistral_7b_instruct_v03=2184, qwen3_8b=2842
[SCHEDULER_HEARTBEAT] running=[] | gpu0:free=1.9GiB util=85% | remaining: gemma_3_12b_it=2842, mistral_7b_instruct_v03=2184, qwen3_8b=2842
[SCHEDULER_HEARTBEAT] running=[] | gpu0:free=1.7GiB util=85% | remaining: gemma_3_12b_it=2842, mistral_7b_instruct_v03=2184, qwen3_8b=2842
[SCHEDULER_HEARTBEAT] running=[] | gpu0:free=1.7GiB util=86% | remaining: gemma_3_12b_it=2842, mistral_7b_instruct_v03=2184, qwen3_8b=2842
[SCHEDULER_HEARTBEAT] running=[] | gpu0:free=1.8GiB util=84% | remaining: gemma_3_12b_it=2842, mistral_7b_instruct_v03=2184, qwen3_8b=2842
[SCHEDULER_HEARTBEAT] running=[] | gpu0:free=1.9GiB util=85% | remaining: gemma_3_12b_it=2842, mistral_7b_instruct_v03=2183, qwen3_8b=2842
[SCHEDULER_HEARTBEAT] running=[] | gpu0:free=1.9GiB util=86% | remaining: gemma_3_12b_it=2842, mistral_7b_instruct_v03=2183, qwen3_8b=2842
[SCHEDULER_HEARTBEAT] running=[] | gpu0:free=1.8GiB util=84% | remaining: gemma_3_12b_it=2842, mistral_7b_instruct_v03=2183, qwen3_8b=2842
[SCHEDULER_HEARTBEAT] running=[] | gpu0:free=2.0GiB util=85% | remaining: gemma_3_12b_it=2842, mistral_7b_instruct_v03=2182, qwen3_8b=2842
[SCHEDULER_HEARTBEAT] running=[] | gpu0:free=1.7GiB util=84% | remaining: gemma_3_12b_it=2842, mistral_7b_instruct_v03=2182, qwen3_8b=2842
[SCHEDULER_HEARTBEAT] running=[] | gpu0:free=1.7GiB util=84% | remaining: gemma_3_12b_it=2842, mistral_7b_instruct_v03=2182, qwen3_8b=2842
[SCHEDULER_HEARTBEAT] running=[] | gpu0:free=1.7GiB util=84% | remaining: gemma_3_12b_it=2842, mistral_7b_instruct_v03=2182, qwen3_8b=2842
[SCHEDULER_HEARTBEAT] running=[] | gpu0:free=1.7GiB util=85% | remaining: gemma_3_12b_it=2842, mistral_7b_instruct_v03=2182, qwen3_8b=2842
[SCHEDULER_HEARTBEAT] running=[] | gpu0:free=1.7GiB util=88% | remaining: gemma_3_12b_it=2842, mistral_7b_instruct_v03=2181, qwen3_8b=2842
[SCHEDULER_HEARTBEAT] running=[] | gpu0:free=1.9GiB util=87% | remaining: gemma_3_12b_it=2842, mistral_7b_instruct_v03=2179, qwen3_8b=2842
[SCHEDULER_HEARTBEAT] running=[] | gpu0:free=1.9GiB util=84% | remaining: gemma_3_12b_it=2842, mistral_7b_instruct_v03=2179, qwen3_8b=2842
[SCHEDULER_HEARTBEAT] running=[] | gpu0:free=1.8GiB util=88% | remaining: gemma_3_12b_it=2842, mistral_7b_instruct_v03=2178, qwen3_8b=2842
[SCHEDULER_HEARTBEAT] running=[] | gpu0:free=1.9GiB util=84% | remaining: gemma_3_12b_it=2842, mistral_7b_instruct_v03=2177, qwen3_8b=2842
[SCHEDULER_HEARTBEAT] running=[] | gpu0:free=1.7GiB util=85% | remaining: gemma_3_12b_it=2842, mistral_7b_instruct_v03=2177, qwen3_8b=2842
[SCHEDULER_HEARTBEAT] running=[] | gpu0:free=1.8GiB util=88% | remaining: gemma_3_12b_it=2842, mistral_7b_instruct_v03=2176, qwen3_8b=2842
[SCHEDULER_HEARTBEAT] running=[] | gpu0:free=1.7GiB util=86% | remaining: gemma_3_12b_it=2842, mistral_7b_instruct_v03=2176, qwen3_8b=2842
[SCHEDULER_HEARTBEAT] running=[] | gpu0:free=1.9GiB util=83% | remaining: gemma_3_12b_it=2842, mistral_7b_instruct_v03=2175, qwen3_8b=2842
[SCHEDULER_HEARTBEAT] running=[] | gpu0:free=1.9GiB util=86% | remaining: gemma_3_12b_it=2842, mistral_7b_instruct_v03=2175, qwen3_8b=2842
[SCHEDULER_HEARTBEAT] running=[] | gpu0:free=1.9GiB util=83% | remaining: gemma_3_12b_it=2842, mistral_7b_instruct_v03=2175, qwen3_8b=2842
[SCHEDULER_HEARTBEAT] running=[] | gpu0:free=1.9GiB util=87% | remaining: gemma_3_12b_it=2842, mistral_7b_instruct_v03=2174, qwen3_8b=2842
[SCHEDULER_HEARTBEAT] running=[] | gpu0:free=1.9GiB util=83% | remaining: gemma_3_12b_it=2842, mistral_7b_instruct_v03=2174, qwen3_8b=2842
[SCHEDULER_HEARTBEAT] running=[] | gpu0:free=2.0GiB util=83% | remaining: gemma_3_12b_it=2842, mistral_7b_instruct_v03=2173, qwen3_8b=2842
[SCHEDULER_HEARTBEAT] running=[] | gpu0:free=1.7GiB util=85% | remaining: gemma_3_12b_it=2842, mistral_7b_instruct_v03=2173, qwen3_8b=2842
[SCHEDULER_HEARTBEAT] running=[] | gpu0:free=1.9GiB util=84% | remaining: gemma_3_12b_it=2842, mistral_7b_instruct_v03=2172, qwen3_8b=2842
[SCHEDULER_HEARTBEAT] running=[] | gpu0:free=1.9GiB util=86% | remaining: gemma_3_12b_it=2842, mistral_7b_instruct_v03=2172, qwen3_8b=2842
[SCHEDULER_HEARTBEAT] running=[] | gpu0:free=1.7GiB util=86% | remaining: gemma_3_12b_it=2842, mistral_7b_instruct_v03=2172, qwen3_8b=2842
[SCHEDULER_HEARTBEAT] running=[] | gpu0:free=1.8GiB util=84% | remaining: gemma_3_12b_it=2842, mistral_7b_instruct_v03=2171, qwen3_8b=2842
[SCHEDULER_HEARTBEAT] running=[] | gpu0:free=1.9GiB util=85% | remaining: gemma_3_12b_it=2842, mistral_7b_instruct_v03=2170, qwen3_8b=2842
[SCHEDULER_HEARTBEAT] running=[] | gpu0:free=1.9GiB util=84% | remaining: gemma_3_12b_it=2842, mistral_7b_instruct_v03=2170, qwen3_8b=2842
[SCHEDULER_HEARTBEAT] running=[] | gpu0:free=1.7GiB util=84% | remaining: gemma_3_12b_it=2842, mistral_7b_instruct_v03=2170, qwen3_8b=2842
[SCHEDULER_HEARTBEAT] running=[] | gpu0:free=1.8GiB util=86% | remaining: gemma_3_12b_it=2842, mistral_7b_instruct_v03=2169, qwen3_8b=2842
[SCHEDULER_HEARTBEAT] running=[] | gpu0:free=1.9GiB util=85% | remaining: gemma_3_12b_it=2842, mistral_7b_instruct_v03=2168, qwen3_8b=2842
[SCHEDULER_HEARTBEAT] running=[] | gpu0:free=1.9GiB util=83% | remaining: gemma_3_12b_it=2842, mistral_7b_instruct_v03=2167, qwen3_8b=2842
[SCHEDULER_HEARTBEAT] running=[] | gpu0:free=1.9GiB util=88% | remaining: gemma_3_12b_it=2842, mistral_7b_instruct_v03=2167, qwen3_8b=2842
[SCHEDULER_HEARTBEAT] running=[] | gpu0:free=1.8GiB util=84% | remaining: gemma_3_12b_it=2842, mistral_7b_instruct_v03=2167, qwen3_8b=2842
[SCHEDULER_HEARTBEAT] running=[] | gpu0:free=1.8GiB util=83% | remaining: gemma_3_12b_it=2842, mistral_7b_instruct_v03=2167, qwen3_8b=2842
[SCHEDULER_HEARTBEAT] running=[] | gpu0:free=1.8GiB util=81% | remaining: gemma_3_12b_it=2842, mistral_7b_instruct_v03=2167, qwen3_8b=2842
[SCHEDULER_HEARTBEAT] running=[] | gpu0:free=1.9GiB util=87% | remaining: gemma_3_12b_it=2842, mistral_7b_instruct_v03=2166, qwen3_8b=2842
[SCHEDULER_HEARTBEAT] running=[] | gpu0:free=1.9GiB util=84% | remaining: gemma_3_12b_it=2842, mistral_7b_instruct_v03=2165, qwen3_8b=2842
[SCHEDULER_HEARTBEAT] running=[] | gpu0:free=1.7GiB util=83% | remaining: gemma_3_12b_it=2842, mistral_7b_instruct_v03=2164, qwen3_8b=2842
[SCHEDULER_HEARTBEAT] running=[] | gpu0:free=1.8GiB util=87% | remaining: gemma_3_12b_it=2842, mistral_7b_instruct_v03=2163, qwen3_8b=2842
[SCHEDULER_HEARTBEAT] running=[] | gpu0:free=1.9GiB util=83% | remaining: gemma_3_12b_it=2842, mistral_7b_instruct_v03=2162, qwen3_8b=2842
[SCHEDULER_HEARTBEAT] running=[] | gpu0:free=1.7GiB util=83% | remaining: gemma_3_12b_it=2842, mistral_7b_instruct_v03=2162, qwen3_8b=2842
[SCHEDULER_HEARTBEAT] running=[] | gpu0:free=1.9GiB util=87% | remaining: gemma_3_12b_it=2842, mistral_7b_instruct_v03=2162, qwen3_8b=2842
[SCHEDULER_HEARTBEAT] running=[] | gpu0:free=1.9GiB util=84% | remaining: gemma_3_12b_it=2842, mistral_7b_instruct_v03=2162, qwen3_8b=2842
[SCHEDULER_HEARTBEAT] running=[] | gpu0:free=1.8GiB util=84% | remaining: gemma_3_12b_it=2842, mistral_7b_instruct_v03=2161, qwen3_8b=2842
[SCHEDULER_HEARTBEAT] running=[] | gpu0:free=1.9GiB util=89% | remaining: gemma_3_12b_it=2842, mistral_7b_instruct_v03=2161, qwen3_8b=2842
[SCHEDULER_HEARTBEAT] running=[] | gpu0:free=1.9GiB util=83% | remaining: gemma_3_12b_it=2842, mistral_7b_instruct_v03=2161, qwen3_8b=2842
[SCHEDULER_HEARTBEAT] running=[] | gpu0:free=1.9GiB util=81% | remaining: gemma_3_12b_it=2842, mistral_7b_instruct_v03=2160, qwen3_8b=2842
[SCHEDULER_HEARTBEAT] running=[] | gpu0:free=1.9GiB util=83% | remaining: gemma_3_12b_it=2842, mistral_7b_instruct_v03=2160, qwen3_8b=2842
[SCHEDULER_HEARTBEAT] running=[] | gpu0:free=1.7GiB util=84% | remaining: gemma_3_12b_it=2842, mistral_7b_instruct_v03=2160, qwen3_8b=2842
[SCHEDULER_HEARTBEAT] running=[] | gpu0:free=1.8GiB util=87% | remaining: gemma_3_12b_it=2842, mistral_7b_instruct_v03=2160, qwen3_8b=2842
[SCHEDULER_HEARTBEAT] running=[] | gpu0:free=1.9GiB util=82% | remaining: gemma_3_12b_it=2842, mistral_7b_instruct_v03=2159, qwen3_8b=2842
[SCHEDULER_HEARTBEAT] running=[] | gpu0:free=1.9GiB util=83% | remaining: gemma_3_12b_it=2842, mistral_7b_instruct_v03=2159, qwen3_8b=2842
[SCHEDULER_HEARTBEAT] running=[] | gpu0:free=1.8GiB util=86% | remaining: gemma_3_12b_it=2842, mistral_7b_instruct_v03=2157, qwen3_8b=2842
[SCHEDULER_HEARTBEAT] running=[] | gpu0:free=1.9GiB util=87% | remaining: gemma_3_12b_it=2842, mistral_7b_instruct_v03=2155, qwen3_8b=2842
[SCHEDULER_HEARTBEAT] running=[] | gpu0:free=1.8GiB util=86% | remaining: gemma_3_12b_it=2842, mistral_7b_instruct_v03=2154, qwen3_8b=2842
[SCHEDULER_HEARTBEAT] running=[] | gpu0:free=1.7GiB util=82% | remaining: gemma_3_12b_it=2842, mistral_7b_instruct_v03=2153, qwen3_8b=2842
[SCHEDULER_HEARTBEAT] running=[] | gpu0:free=1.7GiB util=87% | remaining: gemma_3_12b_it=2842, mistral_7b_instruct_v03=2153, qwen3_8b=2842
[SCHEDULER_HEARTBEAT] running=[] | gpu0:free=1.7GiB util=87% | remaining: gemma_3_12b_it=2842, mistral_7b_instruct_v03=2152, qwen3_8b=2842
[SCHEDULER_HEARTBEAT] running=[] | gpu0:free=1.7GiB util=85% | remaining: gemma_3_12b_it=2842, mistral_7b_instruct_v03=2152, qwen3_8b=2842
[SCHEDULER_HEARTBEAT] running=[] | gpu0:free=1.8GiB util=86% | remaining: gemma_3_12b_it=2842, mistral_7b_instruct_v03=2152, qwen3_8b=2842
[SCHEDULER_HEARTBEAT] running=[] | gpu0:free=1.9GiB util=83% | remaining: gemma_3_12b_it=2842, mistral_7b_instruct_v03=2151, qwen3_8b=2842
[SCHEDULER_HEARTBEAT] running=[] | gpu0:free=1.9GiB util=85% | remaining: gemma_3_12b_it=2842, mistral_7b_instruct_v03=2151, qwen3_8b=2842
[SCHEDULER_HEARTBEAT] running=[] | gpu0:free=1.8GiB util=84% | remaining: gemma_3_12b_it=2842, mistral_7b_instruct_v03=2150, qwen3_8b=2842
[SCHEDULER_HEARTBEAT] running=[] | gpu0:free=1.7GiB util=86% | remaining: gemma_3_12b_it=2842, mistral_7b_instruct_v03=2150, qwen3_8b=2842
[SCHEDULER_HEARTBEAT] running=[] | gpu0:free=1.9GiB util=84% | remaining: gemma_3_12b_it=2842, mistral_7b_instruct_v03=2150, qwen3_8b=2842
[SCHEDULER_HEARTBEAT] running=[] | gpu0:free=1.8GiB util=82% | remaining: gemma_3_12b_it=2842, mistral_7b_instruct_v03=2150, qwen3_8b=2842
[SCHEDULER_HEARTBEAT] running=[] | gpu0:free=1.7GiB util=86% | remaining: gemma_3_12b_it=2842, mistral_7b_instruct_v03=2150, qwen3_8b=2842
[SCHEDULER_HEARTBEAT] running=[] | gpu0:free=1.7GiB util=86% | remaining: gemma_3_12b_it=2842, mistral_7b_instruct_v03=2149, qwen3_8b=2842
[SCHEDULER_HEARTBEAT] running=[] | gpu0:free=1.7GiB util=87% | remaining: gemma_3_12b_it=2842, mistral_7b_instruct_v03=2149, qwen3_8b=2842
[SCHEDULER_HEARTBEAT] running=[] | gpu0:free=1.7GiB util=84% | remaining: gemma_3_12b_it=2842, mistral_7b_instruct_v03=2148, qwen3_8b=2842
[SCHEDULER_HEARTBEAT] running=[] | gpu0:free=1.8GiB util=81% | remaining: gemma_3_12b_it=2842, mistral_7b_instruct_v03=2147, qwen3_8b=2842
[SCHEDULER_HEARTBEAT] running=[] | gpu0:free=1.7GiB util=81% | remaining: gemma_3_12b_it=2842, mistral_7b_instruct_v03=2147, qwen3_8b=2842
[SCHEDULER_HEARTBEAT] running=[] | gpu0:free=1.8GiB util=87% | remaining: gemma_3_12b_it=2842, mistral_7b_instruct_v03=2146, qwen3_8b=2842
[SCHEDULER_HEARTBEAT] running=[] | gpu0:free=1.7GiB util=84% | remaining: gemma_3_12b_it=2842, mistral_7b_instruct_v03=2146, qwen3_8b=2842
[SCHEDULER_HEARTBEAT] running=[] | gpu0:free=1.7GiB util=100% | remaining: gemma_3_12b_it=2842, mistral_7b_instruct_v03=2146, qwen3_8b=2842
[SCHEDULER_HEARTBEAT] running=[] | gpu0:free=1.9GiB util=85% | remaining: gemma_3_12b_it=2842, mistral_7b_instruct_v03=2145, qwen3_8b=2842
[SCHEDULER_HEARTBEAT] running=[] | gpu0:free=1.9GiB util=81% | remaining: gemma_3_12b_it=2842, mistral_7b_instruct_v03=2145, qwen3_8b=2842
[SCHEDULER_HEARTBEAT] running=[] | gpu0:free=1.9GiB util=81% | remaining: gemma_3_12b_it=2842, mistral_7b_instruct_v03=2144, qwen3_8b=2842
[SCHEDULER_HEARTBEAT] running=[] | gpu0:free=2.0GiB util=81% | remaining: gemma_3_12b_it=2842, mistral_7b_instruct_v03=2143, qwen3_8b=2842
[SCHEDULER_HEARTBEAT] running=[] | gpu0:free=1.7GiB util=84% | remaining: gemma_3_12b_it=2842, mistral_7b_instruct_v03=2143, qwen3_8b=2842
[SCHEDULER_HEARTBEAT] running=[] | gpu0:free=1.9GiB util=83% | remaining: gemma_3_12b_it=2842, mistral_7b_instruct_v03=2143, qwen3_8b=2842
[SCHEDULER_HEARTBEAT] running=[] | gpu0:free=1.8GiB util=82% | remaining: gemma_3_12b_it=2842, mistral_7b_instruct_v03=2143, qwen3_8b=2842
[SCHEDULER_HEARTBEAT] running=[] | gpu0:free=1.9GiB util=83% | remaining: gemma_3_12b_it=2842, mistral_7b_instruct_v03=2142, qwen3_8b=2842
[SCHEDULER_HEARTBEAT] running=[] | gpu0:free=1.9GiB util=81% | remaining: gemma_3_12b_it=2842, mistral_7b_instruct_v03=2142, qwen3_8b=2842
[SCHEDULER_HEARTBEAT] running=[] | gpu0:free=1.7GiB util=86% | remaining: gemma_3_12b_it=2842, mistral_7b_instruct_v03=2142, qwen3_8b=2842
[SCHEDULER_HEARTBEAT] running=[] | gpu0:free=1.9GiB util=82% | remaining: gemma_3_12b_it=2842, mistral_7b_instruct_v03=2142, qwen3_8b=2842
[SCHEDULER_HEARTBEAT] running=[] | gpu0:free=1.9GiB util=85% | remaining: gemma_3_12b_it=2842, mistral_7b_instruct_v03=2141, qwen3_8b=2842
[SCHEDULER_HEARTBEAT] running=[] | gpu0:free=1.9GiB util=82% | remaining: gemma_3_12b_it=2842, mistral_7b_instruct_v03=2141, qwen3_8b=2842
[SCHEDULER_HEARTBEAT] running=[] | gpu0:free=1.9GiB util=82% | remaining: gemma_3_12b_it=2842, mistral_7b_instruct_v03=2141, qwen3_8b=2842
[SCHEDULER_HEARTBEAT] running=[] | gpu0:free=2.0GiB util=83% | remaining: gemma_3_12b_it=2842, mistral_7b_instruct_v03=2139, qwen3_8b=2842
[SCHEDULER_HEARTBEAT] running=[] | gpu0:free=1.7GiB util=86% | remaining: gemma_3_12b_it=2842, mistral_7b_instruct_v03=2139, qwen3_8b=2842
[SCHEDULER_HEARTBEAT] running=[] | gpu0:free=2.0GiB util=83% | remaining: gemma_3_12b_it=2842, mistral_7b_instruct_v03=2138, qwen3_8b=2842
[SCHEDULER_HEARTBEAT] running=[] | gpu0:free=1.7GiB util=84% | remaining: gemma_3_12b_it=2842, mistral_7b_instruct_v03=2138, qwen3_8b=2842
[SCHEDULER_HEARTBEAT] running=[] | gpu0:free=1.9GiB util=83% | remaining: gemma_3_12b_it=2842, mistral_7b_instruct_v03=2138, qwen3_8b=2842
[SCHEDULER_HEARTBEAT] running=[] | gpu0:free=1.8GiB util=83% | remaining: gemma_3_12b_it=2842, mistral_7b_instruct_v03=2137, qwen3_8b=2842
[SCHEDULER_HEARTBEAT] running=[] | gpu0:free=1.9GiB util=85% | remaining: gemma_3_12b_it=2842, mistral_7b_instruct_v03=2137, qwen3_8b=2842
[SCHEDULER_HEARTBEAT] running=[] | gpu0:free=1.9GiB util=94% | remaining: gemma_3_12b_it=2842, mistral_7b_instruct_v03=2136, qwen3_8b=2842
[SCHEDULER_HEARTBEAT] running=[] | gpu0:free=1.9GiB util=85% | remaining: gemma_3_12b_it=2842, mistral_7b_instruct_v03=2136, qwen3_8b=2842
[SCHEDULER_HEARTBEAT] running=[] | gpu0:free=1.8GiB util=83% | remaining: gemma_3_12b_it=2842, mistral_7b_instruct_v03=2136, qwen3_8b=2842
[SCHEDULER_HEARTBEAT] running=[] | gpu0:free=2.0GiB util=86% | remaining: gemma_3_12b_it=2842, mistral_7b_instruct_v03=2135, qwen3_8b=2842
[SCHEDULER_HEARTBEAT] running=[] | gpu0:free=1.7GiB util=85% | remaining: gemma_3_12b_it=2842, mistral_7b_instruct_v03=2135, qwen3_8b=2842
[SCHEDULER_HEARTBEAT] running=[] | gpu0:free=1.9GiB util=81% | remaining: gemma_3_12b_it=2842, mistral_7b_instruct_v03=2134, qwen3_8b=2842
[SCHEDULER_HEARTBEAT] running=[] | gpu0:free=1.9GiB util=86% | remaining: gemma_3_12b_it=2842, mistral_7b_instruct_v03=2134, qwen3_8b=2842
[SCHEDULER_HEARTBEAT] running=[] | gpu0:free=1.7GiB util=82% | remaining: gemma_3_12b_it=2842, mistral_7b_instruct_v03=2133, qwen3_8b=2842
[SCHEDULER_HEARTBEAT] running=[] | gpu0:free=1.9GiB util=83% | remaining: gemma_3_12b_it=2842, mistral_7b_instruct_v03=2133, qwen3_8b=2842
[SCHEDULER_HEARTBEAT] running=[] | gpu0:free=1.9GiB util=86% | remaining: gemma_3_12b_it=2842, mistral_7b_instruct_v03=2132, qwen3_8b=2842
[SCHEDULER_HEARTBEAT] running=[] | gpu0:free=1.9GiB util=86% | remaining: gemma_3_12b_it=2842, mistral_7b_instruct_v03=2132, qwen3_8b=2842
[SCHEDULER_HEARTBEAT] running=[] | gpu0:free=1.8GiB util=87% | remaining: gemma_3_12b_it=2842, mistral_7b_instruct_v03=2130, qwen3_8b=2842
[SCHEDULER_HEARTBEAT] running=[] | gpu0:free=1.7GiB util=86% | remaining: gemma_3_12b_it=2842, mistral_7b_instruct_v03=2129, qwen3_8b=2842
[SCHEDULER_HEARTBEAT] running=[] | gpu0:free=1.9GiB util=84% | remaining: gemma_3_12b_it=2842, mistral_7b_instruct_v03=2129, qwen3_8b=2842
[SCHEDULER_HEARTBEAT] running=[] | gpu0:free=1.8GiB util=82% | remaining: gemma_3_12b_it=2842, mistral_7b_instruct_v03=2129, qwen3_8b=2842
[SCHEDULER_HEARTBEAT] running=[] | gpu0:free=1.8GiB util=86% | remaining: gemma_3_12b_it=2842, mistral_7b_instruct_v03=2129, qwen3_8b=2842
[SCHEDULER_HEARTBEAT] running=[] | gpu0:free=1.9GiB util=80% | remaining: gemma_3_12b_it=2842, mistral_7b_instruct_v03=2128, qwen3_8b=2842
[SCHEDULER_HEARTBEAT] running=[] | gpu0:free=1.9GiB util=87% | remaining: gemma_3_12b_it=2842, mistral_7b_instruct_v03=2128, qwen3_8b=2842
[SCHEDULER_HEARTBEAT] running=[] | gpu0:free=1.7GiB util=83% | remaining: gemma_3_12b_it=2842, mistral_7b_instruct_v03=2128, qwen3_8b=2842
[SCHEDULER_HEARTBEAT] running=[] | gpu0:free=1.9GiB util=85% | remaining: gemma_3_12b_it=2842, mistral_7b_instruct_v03=2127, qwen3_8b=2842
[SCHEDULER_HEARTBEAT] running=[] | gpu0:free=1.9GiB util=85% | remaining: gemma_3_12b_it=2842, mistral_7b_instruct_v03=2127, qwen3_8b=2842
[SCHEDULER_HEARTBEAT] running=[] | gpu0:free=1.9GiB util=83% | remaining: gemma_3_12b_it=2842, mistral_7b_instruct_v03=2126, qwen3_8b=2842
[SCHEDULER_HEARTBEAT] running=[] | gpu0:free=1.9GiB util=87% | remaining: gemma_3_12b_it=2842, mistral_7b_instruct_v03=2126, qwen3_8b=2842
[SCHEDULER_HEARTBEAT] running=[] | gpu0:free=1.7GiB util=82% | remaining: gemma_3_12b_it=2842, mistral_7b_instruct_v03=2126, qwen3_8b=2842
[SCHEDULER_HEARTBEAT] running=[] | gpu0:free=1.9GiB util=83% | remaining: gemma_3_12b_it=2842, mistral_7b_instruct_v03=2126, qwen3_8b=2842
[SCHEDULER_HEARTBEAT] running=[] | gpu0:free=1.8GiB util=85% | remaining: gemma_3_12b_it=2842, mistral_7b_instruct_v03=2126, qwen3_8b=2842
[SCHEDULER_HEARTBEAT] running=[] | gpu0:free=1.7GiB util=85% | remaining: gemma_3_12b_it=2842, mistral_7b_instruct_v03=2125, qwen3_8b=2842
[SCHEDULER_HEARTBEAT] running=[] | gpu0:free=1.7GiB util=81% | remaining: gemma_3_12b_it=2842, mistral_7b_instruct_v03=2125, qwen3_8b=2842
[SCHEDULER_HEARTBEAT] running=[] | gpu0:free=1.8GiB util=85% | remaining: gemma_3_12b_it=2842, mistral_7b_instruct_v03=2125, qwen3_8b=2842
[SCHEDULER_HEARTBEAT] running=[] | gpu0:free=1.8GiB util=84% | remaining: gemma_3_12b_it=2842, mistral_7b_instruct_v03=2125, qwen3_8b=2842
[SCHEDULER_HEARTBEAT] running=[] | gpu0:free=1.9GiB util=82% | remaining: gemma_3_12b_it=2842, mistral_7b_instruct_v03=2124, qwen3_8b=2842
[SCHEDULER_HEARTBEAT] running=[] | gpu0:free=1.9GiB util=84% | remaining: gemma_3_12b_it=2842, mistral_7b_instruct_v03=2124, qwen3_8b=2842
[SCHEDULER_HEARTBEAT] running=[] | gpu0:free=1.8GiB util=82% | remaining: gemma_3_12b_it=2842, mistral_7b_instruct_v03=2124, qwen3_8b=2842
[SCHEDULER_HEARTBEAT] running=[] | gpu0:free=1.9GiB util=88% | remaining: gemma_3_12b_it=2842, mistral_7b_instruct_v03=2124, qwen3_8b=2842
[SCHEDULER_HEARTBEAT] running=[] | gpu0:free=1.6GiB util=82% | remaining: gemma_3_12b_it=2842, mistral_7b_instruct_v03=2124, qwen3_8b=2842
[SCHEDULER_HEARTBEAT] running=[] | gpu0:free=1.7GiB util=86% | remaining: gemma_3_12b_it=2842, mistral_7b_instruct_v03=2123, qwen3_8b=2842
[SCHEDULER_HEARTBEAT] running=[] | gpu0:free=1.7GiB util=85% | remaining: gemma_3_12b_it=2842, mistral_7b_instruct_v03=2123, qwen3_8b=2842
[SCHEDULER_HEARTBEAT] running=[] | gpu0:free=1.8GiB util=83% | remaining: gemma_3_12b_it=2842, mistral_7b_instruct_v03=2123, qwen3_8b=2842
[SCHEDULER_HEARTBEAT] running=[] | gpu0:free=1.9GiB util=86% | remaining: gemma_3_12b_it=2842, mistral_7b_instruct_v03=2123, qwen3_8b=2842
[SCHEDULER_HEARTBEAT] running=[] | gpu0:free=1.8GiB util=86% | remaining: gemma_3_12b_it=2842, mistral_7b_instruct_v03=2122, qwen3_8b=2842
[SCHEDULER_HEARTBEAT] running=[] | gpu0:free=1.8GiB util=85% | remaining: gemma_3_12b_it=2842, mistral_7b_instruct_v03=2121, qwen3_8b=2842
[SCHEDULER_HEARTBEAT] running=[] | gpu0:free=1.7GiB util=83% | remaining: gemma_3_12b_it=2842, mistral_7b_instruct_v03=2121, qwen3_8b=2842
[SCHEDULER_HEARTBEAT] running=[] | gpu0:free=1.9GiB util=86% | remaining: gemma_3_12b_it=2842, mistral_7b_instruct_v03=2121, qwen3_8b=2842
[SCHEDULER_HEARTBEAT] running=[] | gpu0:free=1.9GiB util=86% | remaining: gemma_3_12b_it=2842, mistral_7b_instruct_v03=2121, qwen3_8b=2842
[SCHEDULER_HEARTBEAT] running=[] | gpu0:free=1.9GiB util=83% | remaining: gemma_3_12b_it=2842, mistral_7b_instruct_v03=2120, qwen3_8b=2842
[SCHEDULER_HEARTBEAT] running=[] | gpu0:free=1.7GiB util=84% | remaining: gemma_3_12b_it=2842, mistral_7b_instruct_v03=2120, qwen3_8b=2842
[SCHEDULER_HEARTBEAT] running=[] | gpu0:free=1.9GiB util=83% | remaining: gemma_3_12b_it=2842, mistral_7b_instruct_v03=2120, qwen3_8b=2842
[SCHEDULER_HEARTBEAT] running=[] | gpu0:free=1.8GiB util=86% | remaining: gemma_3_12b_it=2842, mistral_7b_instruct_v03=2119, qwen3_8b=2842
[SCHEDULER_HEARTBEAT] running=[] | gpu0:free=1.9GiB util=85% | remaining: gemma_3_12b_it=2842, mistral_7b_instruct_v03=2119, qwen3_8b=2842
[SCHEDULER_HEARTBEAT] running=[] | gpu0:free=2.0GiB util=86% | remaining: gemma_3_12b_it=2842, mistral_7b_instruct_v03=2118, qwen3_8b=2842
[SCHEDULER_HEARTBEAT] running=[] | gpu0:free=1.9GiB util=83% | remaining: gemma_3_12b_it=2842, mistral_7b_instruct_v03=2117, qwen3_8b=2842
[SCHEDULER_HEARTBEAT] running=[] | gpu0:free=1.7GiB util=87% | remaining: gemma_3_12b_it=2842, mistral_7b_instruct_v03=2117, qwen3_8b=2842
[SCHEDULER_HEARTBEAT] running=[] | gpu0:free=1.9GiB util=82% | remaining: gemma_3_12b_it=2842, mistral_7b_instruct_v03=2117, qwen3_8b=2842
[SCHEDULER_HEARTBEAT] running=[] | gpu0:free=1.8GiB util=85% | remaining: gemma_3_12b_it=2842, mistral_7b_instruct_v03=2117, qwen3_8b=2842
[SCHEDULER_HEARTBEAT] running=[] | gpu0:free=1.9GiB util=88% | remaining: gemma_3_12b_it=2842, mistral_7b_instruct_v03=2116, qwen3_8b=2842
[SCHEDULER_HEARTBEAT] running=[] | gpu0:free=1.7GiB util=86% | remaining: gemma_3_12b_it=2842, mistral_7b_instruct_v03=2116, qwen3_8b=2842
[SCHEDULER_HEARTBEAT] running=[] | gpu0:free=1.9GiB util=83% | remaining: gemma_3_12b_it=2842, mistral_7b_instruct_v03=2116, qwen3_8b=2842
[SCHEDULER_HEARTBEAT] running=[] | gpu0:free=1.8GiB util=82% | remaining: gemma_3_12b_it=2842, mistral_7b_instruct_v03=2115, qwen3_8b=2842
[SCHEDULER_HEARTBEAT] running=[] | gpu0:free=1.9GiB util=87% | remaining: gemma_3_12b_it=2842, mistral_7b_instruct_v03=2114, qwen3_8b=2842
[SCHEDULER_HEARTBEAT] running=[] | gpu0:free=1.7GiB util=85% | remaining: gemma_3_12b_it=2842, mistral_7b_instruct_v03=2114, qwen3_8b=2842
[SCHEDULER_HEARTBEAT] running=[] | gpu0:free=1.7GiB util=83% | remaining: gemma_3_12b_it=2842, mistral_7b_instruct_v03=2114, qwen3_8b=2842
[SCHEDULER_HEARTBEAT] running=[] | gpu0:free=1.7GiB util=88% | remaining: gemma_3_12b_it=2842, mistral_7b_instruct_v03=2114, qwen3_8b=2842
[SCHEDULER_HEARTBEAT] running=[] | gpu0:free=2.0GiB util=86% | remaining: gemma_3_12b_it=2842, mistral_7b_instruct_v03=2113, qwen3_8b=2842
[SCHEDULER_HEARTBEAT] running=[] | gpu0:free=1.9GiB util=86% | remaining: gemma_3_12b_it=2842, mistral_7b_instruct_v03=2113, qwen3_8b=2842
[SCHEDULER_HEARTBEAT] running=[] | gpu0:free=1.8GiB util=88% | remaining: gemma_3_12b_it=2842, mistral_7b_instruct_v03=2112, qwen3_8b=2842
[SCHEDULER_HEARTBEAT] running=[] | gpu0:free=2.0GiB util=83% | remaining: gemma_3_12b_it=2842, mistral_7b_instruct_v03=2111, qwen3_8b=2842
[SCHEDULER_HEARTBEAT] running=[] | gpu0:free=1.7GiB util=87% | remaining: gemma_3_12b_it=2842, mistral_7b_instruct_v03=2111, qwen3_8b=2842
[SCHEDULER_HEARTBEAT] running=[] | gpu0:free=1.9GiB util=85% | remaining: gemma_3_12b_it=2842, mistral_7b_instruct_v03=2111, qwen3_8b=2842
[SCHEDULER_HEARTBEAT] running=[] | gpu0:free=1.9GiB util=87% | remaining: gemma_3_12b_it=2842, mistral_7b_instruct_v03=2110, qwen3_8b=2842
[SCHEDULER_HEARTBEAT] running=[] | gpu0:free=1.9GiB util=83% | remaining: gemma_3_12b_it=2842, mistral_7b_instruct_v03=2110, qwen3_8b=2842
[SCHEDULER_HEARTBEAT] running=[] | gpu0:free=1.8GiB util=86% | remaining: gemma_3_12b_it=2842, mistral_7b_instruct_v03=2109, qwen3_8b=2842
[SCHEDULER_HEARTBEAT] running=[] | gpu0:free=1.8GiB util=86% | remaining: gemma_3_12b_it=2842, mistral_7b_instruct_v03=2108, qwen3_8b=2842
[SCHEDULER_HEARTBEAT] running=[] | gpu0:free=1.9GiB util=87% | remaining: gemma_3_12b_it=2842, mistral_7b_instruct_v03=2108, qwen3_8b=2842
[SCHEDULER_HEARTBEAT] running=[] | gpu0:free=1.7GiB util=82% | remaining: gemma_3_12b_it=2842, mistral_7b_instruct_v03=2108, qwen3_8b=2842
[SCHEDULER_HEARTBEAT] running=[] | gpu0:free=1.7GiB util=83% | remaining: gemma_3_12b_it=2842, mistral_7b_instruct_v03=2108, qwen3_8b=2842
[SCHEDULER_HEARTBEAT] running=[] | gpu0:free=1.8GiB util=84% | remaining: gemma_3_12b_it=2842, mistral_7b_instruct_v03=2108, qwen3_8b=2842
[SCHEDULER_HEARTBEAT] running=[] | gpu0:free=1.9GiB util=81% | remaining: gemma_3_12b_it=2842, mistral_7b_instruct_v03=2107, qwen3_8b=2842
[SCHEDULER_HEARTBEAT] running=[] | gpu0:free=1.9GiB util=85% | remaining: gemma_3_12b_it=2842, mistral_7b_instruct_v03=2107, qwen3_8b=2842
[SCHEDULER_HEARTBEAT] running=[] | gpu0:free=1.7GiB util=85% | remaining: gemma_3_12b_it=2842, mistral_7b_instruct_v03=2107, qwen3_8b=2842
[SCHEDULER_HEARTBEAT] running=[] | gpu0:free=1.8GiB util=85% | remaining: gemma_3_12b_it=2842, mistral_7b_instruct_v03=2107, qwen3_8b=2842
[SCHEDULER_HEARTBEAT] running=[] | gpu0:free=1.9GiB util=86% | remaining: gemma_3_12b_it=2842, mistral_7b_instruct_v03=2106, qwen3_8b=2842
[SCHEDULER_HEARTBEAT] running=[] | gpu0:free=1.9GiB util=83% | remaining: gemma_3_12b_it=2842, mistral_7b_instruct_v03=2106, qwen3_8b=2842
[SCHEDULER_HEARTBEAT] running=[] | gpu0:free=1.7GiB util=87% | remaining: gemma_3_12b_it=2842, mistral_7b_instruct_v03=2106, qwen3_8b=2842
[SCHEDULER_HEARTBEAT] running=[] | gpu0:free=1.9GiB util=85% | remaining: gemma_3_12b_it=2842, mistral_7b_instruct_v03=2105, qwen3_8b=2842
[SCHEDULER_HEARTBEAT] running=[] | gpu0:free=1.9GiB util=86% | remaining: gemma_3_12b_it=2842, mistral_7b_instruct_v03=2104, qwen3_8b=2842
[SCHEDULER_HEARTBEAT] running=[] | gpu0:free=2.0GiB util=87% | remaining: gemma_3_12b_it=2842, mistral_7b_instruct_v03=2103, qwen3_8b=2842
[SCHEDULER_HEARTBEAT] running=[] | gpu0:free=1.9GiB util=83% | remaining: gemma_3_12b_it=2842, mistral_7b_instruct_v03=2103, qwen3_8b=2842
[SCHEDULER_HEARTBEAT] running=[] | gpu0:free=1.8GiB util=83% | remaining: gemma_3_12b_it=2842, mistral_7b_instruct_v03=2103, qwen3_8b=2842
[SCHEDULER_HEARTBEAT] running=[] | gpu0:free=1.9GiB util=83% | remaining: gemma_3_12b_it=2842, mistral_7b_instruct_v03=2102, qwen3_8b=2842
[SCHEDULER_HEARTBEAT] running=[] | gpu0:free=2.0GiB util=82% | remaining: gemma_3_12b_it=2842, mistral_7b_instruct_v03=2100, qwen3_8b=2842
[SCHEDULER_HEARTBEAT] running=[] | gpu0:free=1.9GiB util=86% | remaining: gemma_3_12b_it=2842, mistral_7b_instruct_v03=2099, qwen3_8b=2842
[SCHEDULER_HEARTBEAT] running=[] | gpu0:free=1.7GiB util=87% | remaining: gemma_3_12b_it=2842, mistral_7b_instruct_v03=2099, qwen3_8b=2842
[SCHEDULER_HEARTBEAT] running=[] | gpu0:free=1.7GiB util=88% | remaining: gemma_3_12b_it=2842, mistral_7b_instruct_v03=2099, qwen3_8b=2842
[SCHEDULER_HEARTBEAT] running=[] | gpu0:free=2.0GiB util=88% | remaining: gemma_3_12b_it=2842, mistral_7b_instruct_v03=2098, qwen3_8b=2842
[SCHEDULER_HEARTBEAT] running=[] | gpu0:free=1.7GiB util=86% | remaining: gemma_3_12b_it=2842, mistral_7b_instruct_v03=2098, qwen3_8b=2842
[SCHEDULER_HEARTBEAT] running=[] | gpu0:free=1.8GiB util=87% | remaining: gemma_3_12b_it=2842, mistral_7b_instruct_v03=2096, qwen3_8b=2842
[SCHEDULER_HEARTBEAT] running=[] | gpu0:free=1.8GiB util=87% | remaining: gemma_3_12b_it=2842, mistral_7b_instruct_v03=2095, qwen3_8b=2842
[SCHEDULER_HEARTBEAT] running=[] | gpu0:free=1.9GiB util=87% | remaining: gemma_3_12b_it=2842, mistral_7b_instruct_v03=2095, qwen3_8b=2842
[SCHEDULER_HEARTBEAT] running=[] | gpu0:free=1.9GiB util=87% | remaining: gemma_3_12b_it=2842, mistral_7b_instruct_v03=2094, qwen3_8b=2842
[SCHEDULER_HEARTBEAT] running=[] | gpu0:free=2.0GiB util=87% | remaining: gemma_3_12b_it=2842, mistral_7b_instruct_v03=2093, qwen3_8b=2842
[SCHEDULER_HEARTBEAT] running=[] | gpu0:free=1.9GiB util=84% | remaining: gemma_3_12b_it=2842, mistral_7b_instruct_v03=2092, qwen3_8b=2842
[SCHEDULER_HEARTBEAT] running=[] | gpu0:free=1.7GiB util=82% | remaining: gemma_3_12b_it=2842, mistral_7b_instruct_v03=2092, qwen3_8b=2842
[SCHEDULER_HEARTBEAT] running=[] | gpu0:free=1.8GiB util=86% | remaining: gemma_3_12b_it=2842, mistral_7b_instruct_v03=2092, qwen3_8b=2842
[SCHEDULER_HEARTBEAT] running=[] | gpu0:free=1.7GiB util=84% | remaining: gemma_3_12b_it=2842, mistral_7b_instruct_v03=2092, qwen3_8b=2842
[SCHEDULER_HEARTBEAT] running=[] | gpu0:free=1.7GiB util=84% | remaining: gemma_3_12b_it=2842, mistral_7b_instruct_v03=2091, qwen3_8b=2842
[SCHEDULER_HEARTBEAT] running=[] | gpu0:free=1.9GiB util=85% | remaining: gemma_3_12b_it=2842, mistral_7b_instruct_v03=2090, qwen3_8b=2842
[SCHEDULER_HEARTBEAT] running=[] | gpu0:free=1.7GiB util=84% | remaining: gemma_3_12b_it=2842, mistral_7b_instruct_v03=2090, qwen3_8b=2842
[SCHEDULER_HEARTBEAT] running=[] | gpu0:free=1.7GiB util=81% | remaining: gemma_3_12b_it=2842, mistral_7b_instruct_v03=2090, qwen3_8b=2842
[SCHEDULER_HEARTBEAT] running=[] | gpu0:free=1.8GiB util=85% | remaining: gemma_3_12b_it=2842, mistral_7b_instruct_v03=2090, qwen3_8b=2842
[SCHEDULER_HEARTBEAT] running=[] | gpu0:free=1.9GiB util=85% | remaining: gemma_3_12b_it=2842, mistral_7b_instruct_v03=2090, qwen3_8b=2842
[SCHEDULER_HEARTBEAT] running=[] | gpu0:free=1.7GiB util=83% | remaining: gemma_3_12b_it=2842, mistral_7b_instruct_v03=2089, qwen3_8b=2842
[SCHEDULER_HEARTBEAT] running=[] | gpu0:free=1.9GiB util=85% | remaining: gemma_3_12b_it=2842, mistral_7b_instruct_v03=2089, qwen3_8b=2842
[SCHEDULER_HEARTBEAT] running=[] | gpu0:free=1.9GiB util=87% | remaining: gemma_3_12b_it=2842, mistral_7b_instruct_v03=2088, qwen3_8b=2842
[SCHEDULER_HEARTBEAT] running=[] | gpu0:free=1.9GiB util=84% | remaining: gemma_3_12b_it=2842, mistral_7b_instruct_v03=2088, qwen3_8b=2842
[SCHEDULER_HEARTBEAT] running=[] | gpu0:free=1.8GiB util=82% | remaining: gemma_3_12b_it=2842, mistral_7b_instruct_v03=2088, qwen3_8b=2842
[SCHEDULER_HEARTBEAT] running=[] | gpu0:free=1.7GiB util=85% | remaining: gemma_3_12b_it=2842, mistral_7b_instruct_v03=2087, qwen3_8b=2842
[SCHEDULER_HEARTBEAT] running=[] | gpu0:free=1.7GiB util=81% | remaining: gemma_3_12b_it=2842, mistral_7b_instruct_v03=2087, qwen3_8b=2842
[SCHEDULER_HEARTBEAT] running=[] | gpu0:free=1.9GiB util=85% | remaining: gemma_3_12b_it=2842, mistral_7b_instruct_v03=2087, qwen3_8b=2842
[SCHEDULER_HEARTBEAT] running=[] | gpu0:free=1.8GiB util=85% | remaining: gemma_3_12b_it=2842, mistral_7b_instruct_v03=2086, qwen3_8b=2842
[SCHEDULER_HEARTBEAT] running=[] | gpu0:free=1.9GiB util=82% | remaining: gemma_3_12b_it=2842, mistral_7b_instruct_v03=2086, qwen3_8b=2842
[SCHEDULER_HEARTBEAT] running=[] | gpu0:free=2.0GiB util=84% | remaining: gemma_3_12b_it=2842, mistral_7b_instruct_v03=2085, qwen3_8b=2842
[SCHEDULER_HEARTBEAT] running=[] | gpu0:free=1.7GiB util=85% | remaining: gemma_3_12b_it=2842, mistral_7b_instruct_v03=2085, qwen3_8b=2842
[SCHEDULER_HEARTBEAT] running=[] | gpu0:free=1.8GiB util=87% | remaining: gemma_3_12b_it=2842, mistral_7b_instruct_v03=2085, qwen3_8b=2842
[SCHEDULER_HEARTBEAT] running=[] | gpu0:free=1.7GiB util=83% | remaining: gemma_3_12b_it=2842, mistral_7b_instruct_v03=2085, qwen3_8b=2842
[SCHEDULER_HEARTBEAT] running=[] | gpu0:free=1.9GiB util=87% | remaining: gemma_3_12b_it=2842, mistral_7b_instruct_v03=2084, qwen3_8b=2842
[SCHEDULER_HEARTBEAT] running=[] | gpu0:free=1.7GiB util=86% | remaining: gemma_3_12b_it=2842, mistral_7b_instruct_v03=2084, qwen3_8b=2842
[SCHEDULER_HEARTBEAT] running=[] | gpu0:free=1.7GiB util=88% | remaining: gemma_3_12b_it=2842, mistral_7b_instruct_v03=2084, qwen3_8b=2842
[SCHEDULER_HEARTBEAT] running=[] | gpu0:free=2.0GiB util=84% | remaining: gemma_3_12b_it=2842, mistral_7b_instruct_v03=2083, qwen3_8b=2842
[SCHEDULER_HEARTBEAT] running=[] | gpu0:free=1.9GiB util=86% | remaining: gemma_3_12b_it=2842, mistral_7b_instruct_v03=2083, qwen3_8b=2842
[SCHEDULER_HEARTBEAT] running=[] | gpu0:free=1.7GiB util=86% | remaining: gemma_3_12b_it=2842, mistral_7b_instruct_v03=2082, qwen3_8b=2842
[SCHEDULER_HEARTBEAT] running=[] | gpu0:free=1.9GiB util=84% | remaining: gemma_3_12b_it=2842, mistral_7b_instruct_v03=2081, qwen3_8b=2842
[SCHEDULER_HEARTBEAT] running=[] | gpu0:free=1.9GiB util=86% | remaining: gemma_3_12b_it=2842, mistral_7b_instruct_v03=2081, qwen3_8b=2842
[SCHEDULER_HEARTBEAT] running=[] | gpu0:free=1.7GiB util=83% | remaining: gemma_3_12b_it=2842, mistral_7b_instruct_v03=2081, qwen3_8b=2842
[SCHEDULER_HEARTBEAT] running=[] | gpu0:free=1.8GiB util=87% | remaining: gemma_3_12b_it=2842, mistral_7b_instruct_v03=2081, qwen3_8b=2842
[SCHEDULER_HEARTBEAT] running=[] | gpu0:free=1.8GiB util=84% | remaining: gemma_3_12b_it=2842, mistral_7b_instruct_v03=2081, qwen3_8b=2842
[SCHEDULER_HEARTBEAT] running=[] | gpu0:free=2.0GiB util=84% | remaining: gemma_3_12b_it=2842, mistral_7b_instruct_v03=2080, qwen3_8b=2842
[SCHEDULER_HEARTBEAT] running=[] | gpu0:free=1.7GiB util=86% | remaining: gemma_3_12b_it=2842, mistral_7b_instruct_v03=2080, qwen3_8b=2842
[SCHEDULER_HEARTBEAT] running=[] | gpu0:free=1.7GiB util=83% | remaining: gemma_3_12b_it=2842, mistral_7b_instruct_v03=2080, qwen3_8b=2842
[SCHEDULER_HEARTBEAT] running=[] | gpu0:free=1.7GiB util=85% | remaining: gemma_3_12b_it=2842, mistral_7b_instruct_v03=2079, qwen3_8b=2842
[SCHEDULER_HEARTBEAT] running=[] | gpu0:free=1.9GiB util=83% | remaining: gemma_3_12b_it=2842, mistral_7b_instruct_v03=2079, qwen3_8b=2842
[SCHEDULER_HEARTBEAT] running=[] | gpu0:free=1.8GiB util=82% | remaining: gemma_3_12b_it=2842, mistral_7b_instruct_v03=2079, qwen3_8b=2842
[SCHEDULER_HEARTBEAT] running=[] | gpu0:free=1.8GiB util=94% | remaining: gemma_3_12b_it=2842, mistral_7b_instruct_v03=2079, qwen3_8b=2842
[SCHEDULER_HEARTBEAT] running=[] | gpu0:free=1.8GiB util=88% | remaining: gemma_3_12b_it=2842, mistral_7b_instruct_v03=2079, qwen3_8b=2842
[SCHEDULER_HEARTBEAT] running=[] | gpu0:free=1.7GiB util=84% | remaining: gemma_3_12b_it=2842, mistral_7b_instruct_v03=2078, qwen3_8b=2842
[SCHEDULER_HEARTBEAT] running=[] | gpu0:free=1.9GiB util=81% | remaining: gemma_3_12b_it=2842, mistral_7b_instruct_v03=2078, qwen3_8b=2842
[SCHEDULER_HEARTBEAT] running=[] | gpu0:free=1.9GiB util=83% | remaining: gemma_3_12b_it=2842, mistral_7b_instruct_v03=2077, qwen3_8b=2842
[SCHEDULER_HEARTBEAT] running=[] | gpu0:free=1.8GiB util=87% | remaining: gemma_3_12b_it=2842, mistral_7b_instruct_v03=2076, qwen3_8b=2842
[SCHEDULER_HEARTBEAT] running=[] | gpu0:free=1.7GiB util=86% | remaining: gemma_3_12b_it=2842, mistral_7b_instruct_v03=2076, qwen3_8b=2842
[SCHEDULER_HEARTBEAT] running=[] | gpu0:free=1.7GiB util=84% | remaining: gemma_3_12b_it=2842, mistral_7b_instruct_v03=2076, qwen3_8b=2842
[SCHEDULER_HEARTBEAT] running=[] | gpu0:free=1.8GiB util=86% | remaining: gemma_3_12b_it=2842, mistral_7b_instruct_v03=2076, qwen3_8b=2842
[SCHEDULER_HEARTBEAT] running=[] | gpu0:free=1.8GiB util=83% | remaining: gemma_3_12b_it=2842, mistral_7b_instruct_v03=2075, qwen3_8b=2842
[SCHEDULER_HEARTBEAT] running=[] | gpu0:free=1.9GiB util=82% | remaining: gemma_3_12b_it=2842, mistral_7b_instruct_v03=2075, qwen3_8b=2842
[SCHEDULER_HEARTBEAT] running=[] | gpu0:free=1.7GiB util=83% | remaining: gemma_3_12b_it=2842, mistral_7b_instruct_v03=2075, qwen3_8b=2842
[SCHEDULER_HEARTBEAT] running=[] | gpu0:free=1.7GiB util=85% | remaining: gemma_3_12b_it=2842, mistral_7b_instruct_v03=2075, qwen3_8b=2842
[SCHEDULER_HEARTBEAT] running=[] | gpu0:free=1.7GiB util=84% | remaining: gemma_3_12b_it=2842, mistral_7b_instruct_v03=2075, qwen3_8b=2842
[SCHEDULER_HEARTBEAT] running=[] | gpu0:free=1.9GiB util=87% | remaining: gemma_3_12b_it=2842, mistral_7b_instruct_v03=2074, qwen3_8b=2842
[SCHEDULER_HEARTBEAT] running=[] | gpu0:free=1.7GiB util=81% | remaining: gemma_3_12b_it=2842, mistral_7b_instruct_v03=2074, qwen3_8b=2842
[SCHEDULER_HEARTBEAT] running=[] | gpu0:free=1.7GiB util=86% | remaining: gemma_3_12b_it=2842, mistral_7b_instruct_v03=2074, qwen3_8b=2842
[SCHEDULER_HEARTBEAT] running=[] | gpu0:free=2.0GiB util=84% | remaining: gemma_3_12b_it=2842, mistral_7b_instruct_v03=2073, qwen3_8b=2842
[SCHEDULER_HEARTBEAT] running=[] | gpu0:free=1.9GiB util=82% | remaining: gemma_3_12b_it=2842, mistral_7b_instruct_v03=2073, qwen3_8b=2842
[SCHEDULER_HEARTBEAT] running=[] | gpu0:free=1.9GiB util=82% | remaining: gemma_3_12b_it=2842, mistral_7b_instruct_v03=2073, qwen3_8b=2842
[SCHEDULER_HEARTBEAT] running=[] | gpu0:free=1.7GiB util=82% | remaining: gemma_3_12b_it=2842, mistral_7b_instruct_v03=2073, qwen3_8b=2842
[SCHEDULER_HEARTBEAT] running=[] | gpu0:free=1.6GiB util=82% | remaining: gemma_3_12b_it=2842, mistral_7b_instruct_v03=2073, qwen3_8b=2842
[SCHEDULER_HEARTBEAT] running=[] | gpu0:free=1.9GiB util=85% | remaining: gemma_3_12b_it=2842, mistral_7b_instruct_v03=2072, qwen3_8b=2842
[SCHEDULER_HEARTBEAT] running=[] | gpu0:free=1.8GiB util=85% | remaining: gemma_3_12b_it=2842, mistral_7b_instruct_v03=2071, qwen3_8b=2842
[SCHEDULER_HEARTBEAT] running=[] | gpu0:free=1.9GiB util=87% | remaining: gemma_3_12b_it=2842, mistral_7b_instruct_v03=2071, qwen3_8b=2842
[SCHEDULER_HEARTBEAT] running=[] | gpu0:free=1.7GiB util=86% | remaining: gemma_3_12b_it=2842, mistral_7b_instruct_v03=2070, qwen3_8b=2842
[SCHEDULER_HEARTBEAT] running=[] | gpu0:free=1.7GiB util=87% | remaining: gemma_3_12b_it=2842, mistral_7b_instruct_v03=2069, qwen3_8b=2842
[SCHEDULER_HEARTBEAT] running=[] | gpu0:free=1.7GiB util=89% | remaining: gemma_3_12b_it=2842, mistral_7b_instruct_v03=2069, qwen3_8b=2842
[SCHEDULER_HEARTBEAT] running=[] | gpu0:free=1.8GiB util=86% | remaining: gemma_3_12b_it=2842, mistral_7b_instruct_v03=2069, qwen3_8b=2842
[SCHEDULER_HEARTBEAT] running=[] | gpu0:free=1.7GiB util=84% | remaining: gemma_3_12b_it=2842, mistral_7b_instruct_v03=2069, qwen3_8b=2842
[SCHEDULER_HEARTBEAT] running=[] | gpu0:free=1.9GiB util=85% | remaining: gemma_3_12b_it=2842, mistral_7b_instruct_v03=2068, qwen3_8b=2842
[SCHEDULER_HEARTBEAT] running=[] | gpu0:free=1.9GiB util=85% | remaining: gemma_3_12b_it=2842, mistral_7b_instruct_v03=2068, qwen3_8b=2842
[SCHEDULER_HEARTBEAT] running=[] | gpu0:free=1.8GiB util=84% | remaining: gemma_3_12b_it=2842, mistral_7b_instruct_v03=2068, qwen3_8b=2842
[SCHEDULER_HEARTBEAT] running=[] | gpu0:free=1.7GiB util=85% | remaining: gemma_3_12b_it=2842, mistral_7b_instruct_v03=2067, qwen3_8b=2842
[SCHEDULER_HEARTBEAT] running=[] | gpu0:free=1.9GiB util=85% | remaining: gemma_3_12b_it=2842, mistral_7b_instruct_v03=2067, qwen3_8b=2842
[SCHEDULER_HEARTBEAT] running=[] | gpu0:free=1.7GiB util=87% | remaining: gemma_3_12b_it=2842, mistral_7b_instruct_v03=2067, qwen3_8b=2842
[SCHEDULER_HEARTBEAT] running=[] | gpu0:free=1.8GiB util=82% | remaining: gemma_3_12b_it=2842, mistral_7b_instruct_v03=2067, qwen3_8b=2842
[SCHEDULER_HEARTBEAT] running=[] | gpu0:free=1.8GiB util=83% | remaining: gemma_3_12b_it=2842, mistral_7b_instruct_v03=2066, qwen3_8b=2842
[SCHEDULER_HEARTBEAT] running=[] | gpu0:free=2.0GiB util=85% | remaining: gemma_3_12b_it=2842, mistral_7b_instruct_v03=2066, qwen3_8b=2842
[SCHEDULER_HEARTBEAT] running=[] | gpu0:free=1.8GiB util=84% | remaining: gemma_3_12b_it=2842, mistral_7b_instruct_v03=2066, qwen3_8b=2842
[SCHEDULER_HEARTBEAT] running=[] | gpu0:free=1.8GiB util=86% | remaining: gemma_3_12b_it=2842, mistral_7b_instruct_v03=2065, qwen3_8b=2842
[SCHEDULER_HEARTBEAT] running=[] | gpu0:free=1.9GiB util=82% | remaining: gemma_3_12b_it=2842, mistral_7b_instruct_v03=2065, qwen3_8b=2842
[SCHEDULER_HEARTBEAT] running=[] | gpu0:free=1.9GiB util=84% | remaining: gemma_3_12b_it=2842, mistral_7b_instruct_v03=2064, qwen3_8b=2842
[SCHEDULER_HEARTBEAT] running=[] | gpu0:free=1.9GiB util=88% | remaining: gemma_3_12b_it=2842, mistral_7b_instruct_v03=2064, qwen3_8b=2842
[SCHEDULER_HEARTBEAT] running=[] | gpu0:free=2.0GiB util=84% | remaining: gemma_3_12b_it=2842, mistral_7b_instruct_v03=2063, qwen3_8b=2842
[SCHEDULER_HEARTBEAT] running=[] | gpu0:free=2.0GiB util=85% | remaining: gemma_3_12b_it=2842, mistral_7b_instruct_v03=2062, qwen3_8b=2842
[SCHEDULER_HEARTBEAT] running=[] | gpu0:free=1.9GiB util=82% | remaining: gemma_3_12b_it=2842, mistral_7b_instruct_v03=2062, qwen3_8b=2842
[SCHEDULER_HEARTBEAT] running=[] | gpu0:free=1.9GiB util=83% | remaining: gemma_3_12b_it=2842, mistral_7b_instruct_v03=2062, qwen3_8b=2842
[SCHEDULER_HEARTBEAT] running=[] | gpu0:free=1.7GiB util=81% | remaining: gemma_3_12b_it=2842, mistral_7b_instruct_v03=2062, qwen3_8b=2842
[SCHEDULER_HEARTBEAT] running=[] | gpu0:free=1.8GiB util=83% | remaining: gemma_3_12b_it=2842, mistral_7b_instruct_v03=2062, qwen3_8b=2842
[SCHEDULER_HEARTBEAT] running=[] | gpu0:free=1.9GiB util=82% | remaining: gemma_3_12b_it=2842, mistral_7b_instruct_v03=2060, qwen3_8b=2842
[SCHEDULER_HEARTBEAT] running=[] | gpu0:free=1.7GiB util=92% | remaining: gemma_3_12b_it=2842, mistral_7b_instruct_v03=2060, qwen3_8b=2842
[SCHEDULER_HEARTBEAT] running=[] | gpu0:free=1.9GiB util=82% | remaining: gemma_3_12b_it=2842, mistral_7b_instruct_v03=2058, qwen3_8b=2842
[SCHEDULER_HEARTBEAT] running=[] | gpu0:free=1.9GiB util=84% | remaining: gemma_3_12b_it=2842, mistral_7b_instruct_v03=2058, qwen3_8b=2842
[SCHEDULER_HEARTBEAT] running=[] | gpu0:free=1.9GiB util=80% | remaining: gemma_3_12b_it=2842, mistral_7b_instruct_v03=2057, qwen3_8b=2842
[SCHEDULER_HEARTBEAT] running=[] | gpu0:free=1.9GiB util=84% | remaining: gemma_3_12b_it=2842, mistral_7b_instruct_v03=2057, qwen3_8b=2842
[SCHEDULER_HEARTBEAT] running=[] | gpu0:free=1.8GiB util=83% | remaining: gemma_3_12b_it=2842, mistral_7b_instruct_v03=2057, qwen3_8b=2842
[SCHEDULER_HEARTBEAT] running=[] | gpu0:free=2.0GiB util=85% | remaining: gemma_3_12b_it=2842, mistral_7b_instruct_v03=2056, qwen3_8b=2842
[SCHEDULER_HEARTBEAT] running=[] | gpu0:free=1.9GiB util=85% | remaining: gemma_3_12b_it=2842, mistral_7b_instruct_v03=2056, qwen3_8b=2842
[SCHEDULER_HEARTBEAT] running=[] | gpu0:free=1.8GiB util=84% | remaining: gemma_3_12b_it=2842, mistral_7b_instruct_v03=2056, qwen3_8b=2842
[SCHEDULER_HEARTBEAT] running=[] | gpu0:free=1.8GiB util=85% | remaining: gemma_3_12b_it=2842, mistral_7b_instruct_v03=2056, qwen3_8b=2842
[SCHEDULER_HEARTBEAT] running=[] | gpu0:free=1.7GiB util=83% | remaining: gemma_3_12b_it=2842, mistral_7b_instruct_v03=2056, qwen3_8b=2842
[SCHEDULER_HEARTBEAT] running=[] | gpu0:free=1.8GiB util=81% | remaining: gemma_3_12b_it=2842, mistral_7b_instruct_v03=2054, qwen3_8b=2842
[SCHEDULER_HEARTBEAT] running=[] | gpu0:free=1.7GiB util=85% | remaining: gemma_3_12b_it=2842, mistral_7b_instruct_v03=2054, qwen3_8b=2842
[SCHEDULER_HEARTBEAT] running=[] | gpu0:free=1.9GiB util=82% | remaining: gemma_3_12b_it=2842, mistral_7b_instruct_v03=2054, qwen3_8b=2842
[SCHEDULER_HEARTBEAT] running=[] | gpu0:free=1.8GiB util=83% | remaining: gemma_3_12b_it=2842, mistral_7b_instruct_v03=2054, qwen3_8b=2842
[SCHEDULER_HEARTBEAT] running=[] | gpu0:free=2.0GiB util=85% | remaining: gemma_3_12b_it=2842, mistral_7b_instruct_v03=2053, qwen3_8b=2842
[SCHEDULER_HEARTBEAT] running=[] | gpu0:free=1.7GiB util=81% | remaining: gemma_3_12b_it=2842, mistral_7b_instruct_v03=2053, qwen3_8b=2842
[SCHEDULER_HEARTBEAT] running=[] | gpu0:free=1.8GiB util=83% | remaining: gemma_3_12b_it=2842, mistral_7b_instruct_v03=2053, qwen3_8b=2842
[SCHEDULER_HEARTBEAT] running=[] | gpu0:free=1.8GiB util=86% | remaining: gemma_3_12b_it=2842, mistral_7b_instruct_v03=2053, qwen3_8b=2842
[SCHEDULER_HEARTBEAT] running=[] | gpu0:free=1.8GiB util=84% | remaining: gemma_3_12b_it=2842, mistral_7b_instruct_v03=2053, qwen3_8b=2842
[SCHEDULER_HEARTBEAT] running=[] | gpu0:free=1.7GiB util=92% | remaining: gemma_3_12b_it=2842, mistral_7b_instruct_v03=2052, qwen3_8b=2842
[SCHEDULER_HEARTBEAT] running=[] | gpu0:free=1.9GiB util=86% | remaining: gemma_3_12b_it=2842, mistral_7b_instruct_v03=2051, qwen3_8b=2842
[SCHEDULER_HEARTBEAT] running=[] | gpu0:free=1.9GiB util=87% | remaining: gemma_3_12b_it=2842, mistral_7b_instruct_v03=2050, qwen3_8b=2842
[SCHEDULER_HEARTBEAT] running=[] | gpu0:free=1.9GiB util=86% | remaining: gemma_3_12b_it=2842, mistral_7b_instruct_v03=2050, qwen3_8b=2842
[SCHEDULER_HEARTBEAT] running=[] | gpu0:free=1.7GiB util=86% | remaining: gemma_3_12b_it=2842, mistral_7b_instruct_v03=2049, qwen3_8b=2842
[SCHEDULER_HEARTBEAT] running=[] | gpu0:free=1.9GiB util=84% | remaining: gemma_3_12b_it=2842, mistral_7b_instruct_v03=2049, qwen3_8b=2842
[SCHEDULER_HEARTBEAT] running=[] | gpu0:free=1.8GiB util=82% | remaining: gemma_3_12b_it=2842, mistral_7b_instruct_v03=2049, qwen3_8b=2842
[SCHEDULER_HEARTBEAT] running=[] | gpu0:free=1.8GiB util=86% | remaining: gemma_3_12b_it=2842, mistral_7b_instruct_v03=2048, qwen3_8b=2842
[SCHEDULER_HEARTBEAT] running=[] | gpu0:free=2.0GiB util=87% | remaining: gemma_3_12b_it=2842, mistral_7b_instruct_v03=2047, qwen3_8b=2842
[SCHEDULER_HEARTBEAT] running=[] | gpu0:free=26.1GiB util=17% | remaining: gemma_3_12b_it=2842, mistral_7b_instruct_v03=2047, qwen3_8b=2842
[SCHEDULER_HEARTBEAT] running=[] | gpu0:free=10.2GiB util=84% | remaining: gemma_3_12b_it=2842, mistral_7b_instruct_v03=2047, qwen3_8b=2838
[SCHEDULER_HEARTBEAT] running=[] | gpu0:free=10.1GiB util=83% | remaining: gemma_3_12b_it=2842, mistral_7b_instruct_v03=2046, qwen3_8b=2834
[SCHEDULER_HEARTBEAT] running=[] | gpu0:free=10.1GiB util=85% | remaining: gemma_3_12b_it=2842, mistral_7b_instruct_v03=2046, qwen3_8b=2830
[SCHEDULER_HEARTBEAT] running=[] | gpu0:free=10.1GiB util=84% | remaining: gemma_3_12b_it=2842, mistral_7b_instruct_v03=2046, qwen3_8b=2824
[SCHEDULER_HEARTBEAT] running=[] | gpu0:free=9.9GiB util=83% | remaining: gemma_3_12b_it=2842, mistral_7b_instruct_v03=2046, qwen3_8b=2820
[SCHEDULER_HEARTBEAT] running=[] | gpu0:free=9.9GiB util=83% | remaining: gemma_3_12b_it=2842, mistral_7b_instruct_v03=2045, qwen3_8b=2818
[SCHEDULER_HEARTBEAT] running=[] | gpu0:free=10.0GiB util=84% | remaining: gemma_3_12b_it=2842, mistral_7b_instruct_v03=2045, qwen3_8b=2812
[SCHEDULER_HEARTBEAT] running=[] | gpu0:free=9.9GiB util=83% | remaining: gemma_3_12b_it=2842, mistral_7b_instruct_v03=2045, qwen3_8b=2808
[SCHEDULER_HEARTBEAT] running=[] | gpu0:free=10.0GiB util=83% | remaining: gemma_3_12b_it=2842, mistral_7b_instruct_v03=2045, qwen3_8b=2804
[SCHEDULER_HEARTBEAT] running=[] | gpu0:free=10.0GiB util=85% | remaining: gemma_3_12b_it=2842, mistral_7b_instruct_v03=2045, qwen3_8b=2802
[SCHEDULER_HEARTBEAT] running=[] | gpu0:free=10.0GiB util=83% | remaining: gemma_3_12b_it=2842, mistral_7b_instruct_v03=2044, qwen3_8b=2800
[SCHEDULER_HEARTBEAT] running=[] | gpu0:free=10.1GiB util=84% | remaining: gemma_3_12b_it=2842, mistral_7b_instruct_v03=2044, qwen3_8b=2796
[SCHEDULER_HEARTBEAT] running=[] | gpu0:free=10.0GiB util=82% | remaining: gemma_3_12b_it=2842, mistral_7b_instruct_v03=2044, qwen3_8b=2790
[SCHEDULER_HEARTBEAT] running=[] | gpu0:free=9.9GiB util=85% | remaining: gemma_3_12b_it=2842, mistral_7b_instruct_v03=2044, qwen3_8b=2788
[SCHEDULER_HEARTBEAT] running=[] | gpu0:free=9.9GiB util=82% | remaining: gemma_3_12b_it=2842, mistral_7b_instruct_v03=2043, qwen3_8b=2782
[SCHEDULER_HEARTBEAT] running=[] | gpu0:free=10.0GiB util=82% | remaining: gemma_3_12b_it=2842, mistral_7b_instruct_v03=2043, qwen3_8b=2780
[SCHEDULER_HEARTBEAT] running=[] | gpu0:free=10.0GiB util=82% | remaining: gemma_3_12b_it=2842, mistral_7b_instruct_v03=2043, qwen3_8b=2774
[SCHEDULER_HEARTBEAT] running=[] | gpu0:free=9.8GiB util=83% | remaining: gemma_3_12b_it=2842, mistral_7b_instruct_v03=2043, qwen3_8b=2770
[SCHEDULER_HEARTBEAT] running=[] | gpu0:free=10.0GiB util=86% | remaining: gemma_3_12b_it=2842, mistral_7b_instruct_v03=2042, qwen3_8b=2768
[SCHEDULER_HEARTBEAT] running=[] | gpu0:free=10.0GiB util=86% | remaining: gemma_3_12b_it=2842, mistral_7b_instruct_v03=2042, qwen3_8b=2764
[SCHEDULER_HEARTBEAT] running=[] | gpu0:free=9.8GiB util=87% | remaining: gemma_3_12b_it=2842, mistral_7b_instruct_v03=2042, qwen3_8b=2762
[SCHEDULER_HEARTBEAT] running=[] | gpu0:free=9.8GiB util=86% | remaining: gemma_3_12b_it=2842, mistral_7b_instruct_v03=2042, qwen3_8b=2758
[SCHEDULER_HEARTBEAT] running=[] | gpu0:free=9.8GiB util=89% | remaining: gemma_3_12b_it=2842, mistral_7b_instruct_v03=2042, qwen3_8b=2756
[SCHEDULER_HEARTBEAT] running=[] | gpu0:free=10.0GiB util=85% | remaining: gemma_3_12b_it=2842, mistral_7b_instruct_v03=2041, qwen3_8b=2752
[SCHEDULER_HEARTBEAT] running=[] | gpu0:free=9.8GiB util=83% | remaining: gemma_3_12b_it=2842, mistral_7b_instruct_v03=2041, qwen3_8b=2750
[SCHEDULER_HEARTBEAT] running=[] | gpu0:free=10.0GiB util=87% | remaining: gemma_3_12b_it=2842, mistral_7b_instruct_v03=2041, qwen3_8b=2748
[SCHEDULER_HEARTBEAT] running=[] | gpu0:free=9.9GiB util=84% | remaining: gemma_3_12b_it=2842, mistral_7b_instruct_v03=2041, qwen3_8b=2744
[SCHEDULER_HEARTBEAT] running=[] | gpu0:free=10.0GiB util=84% | remaining: gemma_3_12b_it=2842, mistral_7b_instruct_v03=2040, qwen3_8b=2742
[SCHEDULER_HEARTBEAT] running=[] | gpu0:free=9.8GiB util=85% | remaining: gemma_3_12b_it=2842, mistral_7b_instruct_v03=2040, qwen3_8b=2738
[SCHEDULER_HEARTBEAT] running=[] | gpu0:free=9.9GiB util=83% | remaining: gemma_3_12b_it=2842, mistral_7b_instruct_v03=2038, qwen3_8b=2736
[SCHEDULER_HEARTBEAT] running=[] | gpu0:free=10.1GiB util=84% | remaining: gemma_3_12b_it=2842, mistral_7b_instruct_v03=2037, qwen3_8b=2732
[SCHEDULER_HEARTBEAT] running=[] | gpu0:free=10.0GiB util=86% | remaining: gemma_3_12b_it=2842, mistral_7b_instruct_v03=2037, qwen3_8b=2728
[SCHEDULER_HEARTBEAT] running=[] | gpu0:free=10.0GiB util=85% | remaining: gemma_3_12b_it=2842, mistral_7b_instruct_v03=2037, qwen3_8b=2726
[SCHEDULER_HEARTBEAT] running=[] | gpu0:free=9.9GiB util=85% | remaining: gemma_3_12b_it=2842, mistral_7b_instruct_v03=2036, qwen3_8b=2724
[SCHEDULER_HEARTBEAT] running=[] | gpu0:free=9.8GiB util=86% | remaining: gemma_3_12b_it=2842, mistral_7b_instruct_v03=2036, qwen3_8b=2722
[SCHEDULER_HEARTBEAT] running=[] | gpu0:free=10.0GiB util=82% | remaining: gemma_3_12b_it=2842, mistral_7b_instruct_v03=2036, qwen3_8b=2718
[SCHEDULER_HEARTBEAT] running=[] | gpu0:free=9.9GiB util=84% | remaining: gemma_3_12b_it=2842, mistral_7b_instruct_v03=2036, qwen3_8b=2714
[SCHEDULER_HEARTBEAT] running=[] | gpu0:free=9.8GiB util=84% | remaining: gemma_3_12b_it=2842, mistral_7b_instruct_v03=2035, qwen3_8b=2712
[SCHEDULER_HEARTBEAT] running=[] | gpu0:free=9.8GiB util=82% | remaining: gemma_3_12b_it=2842, mistral_7b_instruct_v03=2034, qwen3_8b=2710
[SCHEDULER_HEARTBEAT] running=[] | gpu0:free=10.0GiB util=83% | remaining: gemma_3_12b_it=2842, mistral_7b_instruct_v03=2033, qwen3_8b=2706
[SCHEDULER_HEARTBEAT] running=[] | gpu0:free=9.8GiB util=85% | remaining: gemma_3_12b_it=2842, mistral_7b_instruct_v03=2033, qwen3_8b=2704
[SCHEDULER_HEARTBEAT] running=[] | gpu0:free=10.0GiB util=83% | remaining: gemma_3_12b_it=2842, mistral_7b_instruct_v03=2033, qwen3_8b=2698
[SCHEDULER_HEARTBEAT] running=[] | gpu0:free=9.9GiB util=86% | remaining: gemma_3_12b_it=2842, mistral_7b_instruct_v03=2033, qwen3_8b=2696
[SCHEDULER_HEARTBEAT] running=[] | gpu0:free=10.0GiB util=84% | remaining: gemma_3_12b_it=2842, mistral_7b_instruct_v03=2032, qwen3_8b=2690
[SCHEDULER_HEARTBEAT] running=[] | gpu0:free=10.0GiB util=86% | remaining: gemma_3_12b_it=2842, mistral_7b_instruct_v03=2031, qwen3_8b=2688
[SCHEDULER_HEARTBEAT] running=[] | gpu0:free=10.0GiB util=82% | remaining: gemma_3_12b_it=2842, mistral_7b_instruct_v03=2030, qwen3_8b=2684
[SCHEDULER_HEARTBEAT] running=[] | gpu0:free=10.0GiB util=85% | remaining: gemma_3_12b_it=2842, mistral_7b_instruct_v03=2030, qwen3_8b=2680
[SCHEDULER_HEARTBEAT] running=[] | gpu0:free=9.8GiB util=82% | remaining: gemma_3_12b_it=2842, mistral_7b_instruct_v03=2030, qwen3_8b=2676
[SCHEDULER_HEARTBEAT] running=[] | gpu0:free=10.1GiB util=86% | remaining: gemma_3_12b_it=2842, mistral_7b_instruct_v03=2029, qwen3_8b=2674
[SCHEDULER_HEARTBEAT] running=[] | gpu0:free=9.8GiB util=84% | remaining: gemma_3_12b_it=2842, mistral_7b_instruct_v03=2028, qwen3_8b=2672
[SCHEDULER_HEARTBEAT] running=[] | gpu0:free=9.9GiB util=83% | remaining: gemma_3_12b_it=2842, mistral_7b_instruct_v03=2026, qwen3_8b=2670
[SCHEDULER_HEARTBEAT] running=[] | gpu0:free=9.8GiB util=85% | remaining: gemma_3_12b_it=2842, mistral_7b_instruct_v03=2026, qwen3_8b=2666
[SCHEDULER_HEARTBEAT] running=[] | gpu0:free=9.9GiB util=83% | remaining: gemma_3_12b_it=2842, mistral_7b_instruct_v03=2026, qwen3_8b=2664
[SCHEDULER_HEARTBEAT] running=[] | gpu0:free=9.9GiB util=80% | remaining: gemma_3_12b_it=2842, mistral_7b_instruct_v03=2026, qwen3_8b=2660
[SCHEDULER_HEARTBEAT] running=[] | gpu0:free=9.8GiB util=83% | remaining: gemma_3_12b_it=2842, mistral_7b_instruct_v03=2025, qwen3_8b=2658
[SCHEDULER_HEARTBEAT] running=[] | gpu0:free=10.0GiB util=84% | remaining: gemma_3_12b_it=2842, mistral_7b_instruct_v03=2024, qwen3_8b=2656
[SCHEDULER_HEARTBEAT] running=[] | gpu0:free=9.8GiB util=82% | remaining: gemma_3_12b_it=2842, mistral_7b_instruct_v03=2024, qwen3_8b=2652
[SCHEDULER_HEARTBEAT] running=[] | gpu0:free=10.0GiB util=86% | remaining: gemma_3_12b_it=2842, mistral_7b_instruct_v03=2023, qwen3_8b=2646
[SCHEDULER_HEARTBEAT] running=[] | gpu0:free=9.8GiB util=83% | remaining: gemma_3_12b_it=2842, mistral_7b_instruct_v03=2023, qwen3_8b=2644
[SCHEDULER_HEARTBEAT] running=[] | gpu0:free=10.1GiB util=83% | remaining: gemma_3_12b_it=2842, mistral_7b_instruct_v03=2022, qwen3_8b=2642
[SCHEDULER_HEARTBEAT] running=[] | gpu0:free=10.0GiB util=83% | remaining: gemma_3_12b_it=2842, mistral_7b_instruct_v03=2022, qwen3_8b=2638
[SCHEDULER_HEARTBEAT] running=[] | gpu0:free=10.0GiB util=82% | remaining: gemma_3_12b_it=2842, mistral_7b_instruct_v03=2022, qwen3_8b=2636
[SCHEDULER_HEARTBEAT] running=[] | gpu0:free=9.8GiB util=86% | remaining: gemma_3_12b_it=2842, mistral_7b_instruct_v03=2022, qwen3_8b=2634
[SCHEDULER_HEARTBEAT] running=[] | gpu0:free=10.0GiB util=83% | remaining: gemma_3_12b_it=2842, mistral_7b_instruct_v03=2020, qwen3_8b=2630
[SCHEDULER_HEARTBEAT] running=[] | gpu0:free=9.8GiB util=84% | remaining: gemma_3_12b_it=2842, mistral_7b_instruct_v03=2020, qwen3_8b=2628
[SCHEDULER_HEARTBEAT] running=[] | gpu0:free=9.8GiB util=85% | remaining: gemma_3_12b_it=2842, mistral_7b_instruct_v03=2020, qwen3_8b=2626
[SCHEDULER_HEARTBEAT] running=[] | gpu0:free=9.9GiB util=84% | remaining: gemma_3_12b_it=2842, mistral_7b_instruct_v03=2020, qwen3_8b=2622
[SCHEDULER_HEARTBEAT] running=[] | gpu0:free=10.1GiB util=86% | remaining: gemma_3_12b_it=2842, mistral_7b_instruct_v03=2019, qwen3_8b=2620
[SCHEDULER_HEARTBEAT] running=[] | gpu0:free=9.9GiB util=85% | remaining: gemma_3_12b_it=2842, mistral_7b_instruct_v03=2018, qwen3_8b=2616
[SCHEDULER_HEARTBEAT] running=[] | gpu0:free=10.0GiB util=86% | remaining: gemma_3_12b_it=2842, mistral_7b_instruct_v03=2018, qwen3_8b=2614
[SCHEDULER_HEARTBEAT] running=[] | gpu0:free=9.8GiB util=85% | remaining: gemma_3_12b_it=2842, mistral_7b_instruct_v03=2018, qwen3_8b=2608
[SCHEDULER_HEARTBEAT] running=[] | gpu0:free=10.0GiB util=84% | remaining: gemma_3_12b_it=2842, mistral_7b_instruct_v03=2018, qwen3_8b=2604
[SCHEDULER_HEARTBEAT] running=[] | gpu0:free=10.1GiB util=86% | remaining: gemma_3_12b_it=2842, mistral_7b_instruct_v03=2016, qwen3_8b=2598
[SCHEDULER_HEARTBEAT] running=[] | gpu0:free=9.8GiB util=84% | remaining: gemma_3_12b_it=2842, mistral_7b_instruct_v03=2016, qwen3_8b=2594
[SCHEDULER_HEARTBEAT] running=[] | gpu0:free=9.8GiB util=85% | remaining: gemma_3_12b_it=2842, mistral_7b_instruct_v03=2016, qwen3_8b=2592
[SCHEDULER_HEARTBEAT] running=[] | gpu0:free=9.9GiB util=83% | remaining: gemma_3_12b_it=2842, mistral_7b_instruct_v03=2016, qwen3_8b=2590
[SCHEDULER_HEARTBEAT] running=[] | gpu0:free=9.9GiB util=83% | remaining: gemma_3_12b_it=2842, mistral_7b_instruct_v03=2015, qwen3_8b=2586
[SCHEDULER_HEARTBEAT] running=[] | gpu0:free=10.0GiB util=86% | remaining: gemma_3_12b_it=2842, mistral_7b_instruct_v03=2014, qwen3_8b=2584
[SCHEDULER_HEARTBEAT] running=[] | gpu0:free=9.8GiB util=82% | remaining: gemma_3_12b_it=2842, mistral_7b_instruct_v03=2013, qwen3_8b=2580
[SCHEDULER_HEARTBEAT] running=[] | gpu0:free=10.0GiB util=82% | remaining: gemma_3_12b_it=2842, mistral_7b_instruct_v03=2013, qwen3_8b=2578
[SCHEDULER_HEARTBEAT] running=[] | gpu0:free=9.8GiB util=83% | remaining: gemma_3_12b_it=2842, mistral_7b_instruct_v03=2012, qwen3_8b=2572
[SCHEDULER_HEARTBEAT] running=[] | gpu0:free=9.9GiB util=83% | remaining: gemma_3_12b_it=2842, mistral_7b_instruct_v03=2011, qwen3_8b=2570
[SCHEDULER_HEARTBEAT] running=[] | gpu0:free=10.0GiB util=87% | remaining: gemma_3_12b_it=2842, mistral_7b_instruct_v03=2011, qwen3_8b=2568
[SCHEDULER_HEARTBEAT] running=[] | gpu0:free=10.0GiB util=86% | remaining: gemma_3_12b_it=2842, mistral_7b_instruct_v03=2011, qwen3_8b=2564
[SCHEDULER_HEARTBEAT] running=[] | gpu0:free=9.9GiB util=84% | remaining: gemma_3_12b_it=2842, mistral_7b_instruct_v03=2011, qwen3_8b=2560
[SCHEDULER_HEARTBEAT] running=[] | gpu0:free=9.8GiB util=84% | remaining: gemma_3_12b_it=2842, mistral_7b_instruct_v03=2010, qwen3_8b=2558
[SCHEDULER_HEARTBEAT] running=[] | gpu0:free=9.8GiB util=84% | remaining: gemma_3_12b_it=2842, mistral_7b_instruct_v03=2009, qwen3_8b=2556
[SCHEDULER_HEARTBEAT] running=[] | gpu0:free=10.0GiB util=83% | remaining: gemma_3_12b_it=2842, mistral_7b_instruct_v03=2009, qwen3_8b=2552
[SCHEDULER_HEARTBEAT] running=[] | gpu0:free=10.0GiB util=83% | remaining: gemma_3_12b_it=2842, mistral_7b_instruct_v03=2009, qwen3_8b=2548
[SCHEDULER_HEARTBEAT] running=[] | gpu0:free=9.7GiB util=86% | remaining: gemma_3_12b_it=2842, mistral_7b_instruct_v03=2009, qwen3_8b=2548
[SCHEDULER_HEARTBEAT] running=[] | gpu0:free=9.8GiB util=84% | remaining: gemma_3_12b_it=2842, mistral_7b_instruct_v03=2008, qwen3_8b=2542
[SCHEDULER_HEARTBEAT] running=[] | gpu0:free=10.0GiB util=86% | remaining: gemma_3_12b_it=2842, mistral_7b_instruct_v03=2008, qwen3_8b=2538
[SCHEDULER_HEARTBEAT] running=[] | gpu0:free=9.8GiB util=88% | remaining: gemma_3_12b_it=2842, mistral_7b_instruct_v03=2008, qwen3_8b=2536
[SCHEDULER_HEARTBEAT] running=[] | gpu0:free=9.7GiB util=83% | remaining: gemma_3_12b_it=2842, mistral_7b_instruct_v03=2008, qwen3_8b=2532
[SCHEDULER_HEARTBEAT] running=[] | gpu0:free=9.7GiB util=85% | remaining: gemma_3_12b_it=2842, mistral_7b_instruct_v03=2008, qwen3_8b=2528
[SCHEDULER_HEARTBEAT] running=[] | gpu0:free=9.8GiB util=87% | remaining: gemma_3_12b_it=2842, mistral_7b_instruct_v03=2007, qwen3_8b=2526
[SCHEDULER_HEARTBEAT] running=[] | gpu0:free=9.9GiB util=84% | remaining: gemma_3_12b_it=2842, mistral_7b_instruct_v03=2007, qwen3_8b=2520
[SCHEDULER_HEARTBEAT] running=[] | gpu0:free=9.8GiB util=82% | remaining: gemma_3_12b_it=2842, mistral_7b_instruct_v03=2006, qwen3_8b=2514
[SCHEDULER_HEARTBEAT] running=[] | gpu0:free=10.0GiB util=84% | remaining: gemma_3_12b_it=2842, mistral_7b_instruct_v03=2005, qwen3_8b=2508
[SCHEDULER_HEARTBEAT] running=[] | gpu0:free=9.8GiB util=82% | remaining: gemma_3_12b_it=2842, mistral_7b_instruct_v03=2005, qwen3_8b=2506
[SCHEDULER_HEARTBEAT] running=[] | gpu0:free=9.8GiB util=86% | remaining: gemma_3_12b_it=2842, mistral_7b_instruct_v03=2004, qwen3_8b=2504
[SCHEDULER_HEARTBEAT] running=[] | gpu0:free=9.9GiB util=86% | remaining: gemma_3_12b_it=2842, mistral_7b_instruct_v03=2003, qwen3_8b=2500
[SCHEDULER_HEARTBEAT] running=[] | gpu0:free=9.8GiB util=85% | remaining: gemma_3_12b_it=2842, mistral_7b_instruct_v03=2002, qwen3_8b=2498
[SCHEDULER_HEARTBEAT] running=[] | gpu0:free=9.9GiB util=83% | remaining: gemma_3_12b_it=2842, mistral_7b_instruct_v03=2002, qwen3_8b=2494
[SCHEDULER_HEARTBEAT] running=[] | gpu0:free=10.0GiB util=82% | remaining: gemma_3_12b_it=2842, mistral_7b_instruct_v03=2001, qwen3_8b=2492
[SCHEDULER_HEARTBEAT] running=[] | gpu0:free=10.0GiB util=82% | remaining: gemma_3_12b_it=2842, mistral_7b_instruct_v03=2000, qwen3_8b=2486
[SCHEDULER_HEARTBEAT] running=[] | gpu0:free=10.0GiB util=81% | remaining: gemma_3_12b_it=2842, mistral_7b_instruct_v03=1999, qwen3_8b=2484
[SCHEDULER_HEARTBEAT] running=[] | gpu0:free=9.8GiB util=85% | remaining: gemma_3_12b_it=2842, mistral_7b_instruct_v03=1999, qwen3_8b=2480
[SCHEDULER_HEARTBEAT] running=[] | gpu0:free=9.9GiB util=85% | remaining: gemma_3_12b_it=2842, mistral_7b_instruct_v03=1999, qwen3_8b=2478
[SCHEDULER_HEARTBEAT] running=[] | gpu0:free=9.7GiB util=82% | remaining: gemma_3_12b_it=2842, mistral_7b_instruct_v03=1999, qwen3_8b=2476
[SCHEDULER_HEARTBEAT] running=[] | gpu0:free=9.7GiB util=82% | remaining: gemma_3_12b_it=2842, mistral_7b_instruct_v03=1999, qwen3_8b=2472
[SCHEDULER_HEARTBEAT] running=[] | gpu0:free=9.9GiB util=85% | remaining: gemma_3_12b_it=2842, mistral_7b_instruct_v03=1998, qwen3_8b=2470
[SCHEDULER_HEARTBEAT] running=[] | gpu0:free=9.8GiB util=86% | remaining: gemma_3_12b_it=2842, mistral_7b_instruct_v03=1998, qwen3_8b=2466
[SCHEDULER_HEARTBEAT] running=[] | gpu0:free=10.0GiB util=82% | remaining: gemma_3_12b_it=2842, mistral_7b_instruct_v03=1997, qwen3_8b=2462
[SCHEDULER_HEARTBEAT] running=[] | gpu0:free=9.8GiB util=84% | remaining: gemma_3_12b_it=2842, mistral_7b_instruct_v03=1997, qwen3_8b=2460
[SCHEDULER_HEARTBEAT] running=[] | gpu0:free=9.9GiB util=83% | remaining: gemma_3_12b_it=2842, mistral_7b_instruct_v03=1996, qwen3_8b=2458
[SCHEDULER_HEARTBEAT] running=[] | gpu0:free=9.9GiB util=83% | remaining: gemma_3_12b_it=2842, mistral_7b_instruct_v03=1996, qwen3_8b=2454
[SCHEDULER_HEARTBEAT] running=[] | gpu0:free=9.7GiB util=81% | remaining: gemma_3_12b_it=2842, mistral_7b_instruct_v03=1996, qwen3_8b=2452
[SCHEDULER_HEARTBEAT] running=[] | gpu0:free=10.0GiB util=85% | remaining: gemma_3_12b_it=2842, mistral_7b_instruct_v03=1995, qwen3_8b=2450
[SCHEDULER_HEARTBEAT] running=[] | gpu0:free=9.8GiB util=81% | remaining: gemma_3_12b_it=2842, mistral_7b_instruct_v03=1995, qwen3_8b=2446
[SCHEDULER_HEARTBEAT] running=[] | gpu0:free=9.8GiB util=85% | remaining: gemma_3_12b_it=2842, mistral_7b_instruct_v03=1994, qwen3_8b=2444
[SCHEDULER_HEARTBEAT] running=[] | gpu0:free=9.8GiB util=82% | remaining: gemma_3_12b_it=2842, mistral_7b_instruct_v03=1994, qwen3_8b=2440
[SCHEDULER_HEARTBEAT] running=[] | gpu0:free=10.0GiB util=84% | remaining: gemma_3_12b_it=2842, mistral_7b_instruct_v03=1994, qwen3_8b=2438
[SCHEDULER_HEARTBEAT] running=[] | gpu0:free=9.8GiB util=85% | remaining: gemma_3_12b_it=2842, mistral_7b_instruct_v03=1993, qwen3_8b=2434
[SCHEDULER_HEARTBEAT] running=[] | gpu0:free=9.9GiB util=84% | remaining: gemma_3_12b_it=2842, mistral_7b_instruct_v03=1993, qwen3_8b=2432
[SCHEDULER_HEARTBEAT] running=[] | gpu0:free=9.9GiB util=85% | remaining: gemma_3_12b_it=2842, mistral_7b_instruct_v03=1993, qwen3_8b=2428
[SCHEDULER_HEARTBEAT] running=[] | gpu0:free=9.7GiB util=85% | remaining: gemma_3_12b_it=2842, mistral_7b_instruct_v03=1993, qwen3_8b=2424
[SCHEDULER_HEARTBEAT] running=[] | gpu0:free=9.8GiB util=84% | remaining: gemma_3_12b_it=2842, mistral_7b_instruct_v03=1992, qwen3_8b=2422
[SCHEDULER_HEARTBEAT] running=[] | gpu0:free=9.8GiB util=86% | remaining: gemma_3_12b_it=2842, mistral_7b_instruct_v03=1992, qwen3_8b=2416
[SCHEDULER_HEARTBEAT] running=[] | gpu0:free=9.8GiB util=84% | remaining: gemma_3_12b_it=2842, mistral_7b_instruct_v03=1992, qwen3_8b=2412
[SCHEDULER_HEARTBEAT] running=[] | gpu0:free=9.9GiB util=87% | remaining: gemma_3_12b_it=2842, mistral_7b_instruct_v03=1991, qwen3_8b=2412
[SCHEDULER_HEARTBEAT] running=[] | gpu0:free=9.9GiB util=86% | remaining: gemma_3_12b_it=2842, mistral_7b_instruct_v03=1991, qwen3_8b=2408
[SCHEDULER_HEARTBEAT] running=[] | gpu0:free=9.9GiB util=84% | remaining: gemma_3_12b_it=2842, mistral_7b_instruct_v03=1991, qwen3_8b=2404
[SCHEDULER_HEARTBEAT] running=[] | gpu0:free=9.8GiB util=86% | remaining: gemma_3_12b_it=2842, mistral_7b_instruct_v03=1989, qwen3_8b=2402
[SCHEDULER_HEARTBEAT] running=[] | gpu0:free=9.8GiB util=83% | remaining: gemma_3_12b_it=2842, mistral_7b_instruct_v03=1989, qwen3_8b=2400
[SCHEDULER_HEARTBEAT] running=[] | gpu0:free=10.0GiB util=83% | remaining: gemma_3_12b_it=2842, mistral_7b_instruct_v03=1989, qwen3_8b=2394
[SCHEDULER_HEARTBEAT] running=[] | gpu0:free=9.9GiB util=84% | remaining: gemma_3_12b_it=2842, mistral_7b_instruct_v03=1989, qwen3_8b=2390
[SCHEDULER_HEARTBEAT] running=[] | gpu0:free=9.8GiB util=86% | remaining: gemma_3_12b_it=2842, mistral_7b_instruct_v03=1988, qwen3_8b=2388
[SCHEDULER_HEARTBEAT] running=[] | gpu0:free=10.0GiB util=88% | remaining: gemma_3_12b_it=2842, mistral_7b_instruct_v03=1988, qwen3_8b=2386
[SCHEDULER_HEARTBEAT] running=[] | gpu0:free=9.9GiB util=85% | remaining: gemma_3_12b_it=2842, mistral_7b_instruct_v03=1988, qwen3_8b=2382
[SCHEDULER_HEARTBEAT] running=[] | gpu0:free=9.7GiB util=84% | remaining: gemma_3_12b_it=2842, mistral_7b_instruct_v03=1988, qwen3_8b=2378
[SCHEDULER_HEARTBEAT] running=[] | gpu0:free=9.8GiB util=86% | remaining: gemma_3_12b_it=2842, mistral_7b_instruct_v03=1986, qwen3_8b=2374
[SCHEDULER_HEARTBEAT] running=[] | gpu0:free=9.9GiB util=83% | remaining: gemma_3_12b_it=2842, mistral_7b_instruct_v03=1986, qwen3_8b=2368
[SCHEDULER_HEARTBEAT] running=[] | gpu0:free=10.0GiB util=85% | remaining: gemma_3_12b_it=2842, mistral_7b_instruct_v03=1985, qwen3_8b=2366
[SCHEDULER_HEARTBEAT] running=[] | gpu0:free=9.8GiB util=84% | remaining: gemma_3_12b_it=2842, mistral_7b_instruct_v03=1985, qwen3_8b=2364
[SCHEDULER_HEARTBEAT] running=[] | gpu0:free=9.9GiB util=87% | remaining: gemma_3_12b_it=2842, mistral_7b_instruct_v03=1985, qwen3_8b=2362
[SCHEDULER_HEARTBEAT] running=[] | gpu0:free=9.9GiB util=84% | remaining: gemma_3_12b_it=2842, mistral_7b_instruct_v03=1985, qwen3_8b=2356
[SCHEDULER_HEARTBEAT] running=[] | gpu0:free=9.8GiB util=86% | remaining: gemma_3_12b_it=2842, mistral_7b_instruct_v03=1984, qwen3_8b=2354
[SCHEDULER_HEARTBEAT] running=[] | gpu0:free=9.8GiB util=85% | remaining: gemma_3_12b_it=2842, mistral_7b_instruct_v03=1983, qwen3_8b=2352
[SCHEDULER_HEARTBEAT] running=[] | gpu0:free=10.0GiB util=84% | remaining: gemma_3_12b_it=2842, mistral_7b_instruct_v03=1983, qwen3_8b=2344
[SCHEDULER_HEARTBEAT] running=[] | gpu0:free=9.9GiB util=86% | remaining: gemma_3_12b_it=2842, mistral_7b_instruct_v03=1983, qwen3_8b=2342
[SCHEDULER_HEARTBEAT] running=[] | gpu0:free=9.8GiB util=86% | remaining: gemma_3_12b_it=2842, mistral_7b_instruct_v03=1982, qwen3_8b=2340
[SCHEDULER_HEARTBEAT] running=[] | gpu0:free=9.9GiB util=83% | remaining: gemma_3_12b_it=2842, mistral_7b_instruct_v03=1982, qwen3_8b=2338
[SCHEDULER_HEARTBEAT] running=[] | gpu0:free=9.8GiB util=84% | remaining: gemma_3_12b_it=2842, mistral_7b_instruct_v03=1981, qwen3_8b=2332
[SCHEDULER_HEARTBEAT] running=[] | gpu0:free=9.8GiB util=83% | remaining: gemma_3_12b_it=2842, mistral_7b_instruct_v03=1980, qwen3_8b=2328
[SCHEDULER_HEARTBEAT] running=[] | gpu0:free=9.9GiB util=82% | remaining: gemma_3_12b_it=2842, mistral_7b_instruct_v03=1980, qwen3_8b=2326
[SCHEDULER_HEARTBEAT] running=[] | gpu0:free=9.8GiB util=86% | remaining: gemma_3_12b_it=2842, mistral_7b_instruct_v03=1980, qwen3_8b=2324
[SCHEDULER_HEARTBEAT] running=[] | gpu0:free=9.7GiB util=84% | remaining: gemma_3_12b_it=2842, mistral_7b_instruct_v03=1980, qwen3_8b=2320
[SCHEDULER_HEARTBEAT] running=[] | gpu0:free=9.9GiB util=90% | remaining: gemma_3_12b_it=2842, mistral_7b_instruct_v03=1980, qwen3_8b=2314
[SCHEDULER_HEARTBEAT] running=[] | gpu0:free=9.8GiB util=83% | remaining: gemma_3_12b_it=2842, mistral_7b_instruct_v03=1979, qwen3_8b=2312
[SCHEDULER_HEARTBEAT] running=[] | gpu0:free=9.8GiB util=83% | remaining: gemma_3_12b_it=2842, mistral_7b_instruct_v03=1978, qwen3_8b=2306
[SCHEDULER_HEARTBEAT] running=[] | gpu0:free=9.9GiB util=84% | remaining: gemma_3_12b_it=2842, mistral_7b_instruct_v03=1978, qwen3_8b=2304
[SCHEDULER_HEARTBEAT] running=[] | gpu0:free=9.8GiB util=81% | remaining: gemma_3_12b_it=2842, mistral_7b_instruct_v03=1977, qwen3_8b=2300
[SCHEDULER_HEARTBEAT] running=[] | gpu0:free=10.0GiB util=84% | remaining: gemma_3_12b_it=2842, mistral_7b_instruct_v03=1977, qwen3_8b=2296
[SCHEDULER_HEARTBEAT] running=[] | gpu0:free=9.9GiB util=83% | remaining: gemma_3_12b_it=2842, mistral_7b_instruct_v03=1977, qwen3_8b=2292
[SCHEDULER_HEARTBEAT] running=[] | gpu0:free=9.9GiB util=85% | remaining: gemma_3_12b_it=2842, mistral_7b_instruct_v03=1977, qwen3_8b=2288
[SCHEDULER_HEARTBEAT] running=[] | gpu0:free=9.8GiB util=81% | remaining: gemma_3_12b_it=2842, mistral_7b_instruct_v03=1976, qwen3_8b=2286
[SCHEDULER_HEARTBEAT] running=[] | gpu0:free=9.9GiB util=84% | remaining: gemma_3_12b_it=2842, mistral_7b_instruct_v03=1976, qwen3_8b=2282
[SCHEDULER_HEARTBEAT] running=[] | gpu0:free=10.0GiB util=85% | remaining: gemma_3_12b_it=2842, mistral_7b_instruct_v03=1976, qwen3_8b=2280
[SCHEDULER_HEARTBEAT] running=[] | gpu0:free=10.0GiB util=83% | remaining: gemma_3_12b_it=2842, mistral_7b_instruct_v03=1976, qwen3_8b=2274
[SCHEDULER_HEARTBEAT] running=[] | gpu0:free=9.8GiB util=84% | remaining: gemma_3_12b_it=2842, mistral_7b_instruct_v03=1975, qwen3_8b=2270
[SCHEDULER_HEARTBEAT] running=[] | gpu0:free=9.9GiB util=84% | remaining: gemma_3_12b_it=2842, mistral_7b_instruct_v03=1974, qwen3_8b=2268
[SCHEDULER_HEARTBEAT] running=[] | gpu0:free=9.8GiB util=88% | remaining: gemma_3_12b_it=2842, mistral_7b_instruct_v03=1973, qwen3_8b=2262
[SCHEDULER_HEARTBEAT] running=[] | gpu0:free=9.8GiB util=84% | remaining: gemma_3_12b_it=2842, mistral_7b_instruct_v03=1973, qwen3_8b=2260
[SCHEDULER_HEARTBEAT] running=[] | gpu0:free=10.0GiB util=85% | remaining: gemma_3_12b_it=2842, mistral_7b_instruct_v03=1973, qwen3_8b=2256
[SCHEDULER_HEARTBEAT] running=[] | gpu0:free=10.0GiB util=87% | remaining: gemma_3_12b_it=2842, mistral_7b_instruct_v03=1972, qwen3_8b=2254
[SCHEDULER_HEARTBEAT] running=[] | gpu0:free=9.9GiB util=83% | remaining: gemma_3_12b_it=2842, mistral_7b_instruct_v03=1972, qwen3_8b=2250
[SCHEDULER_HEARTBEAT] running=[] | gpu0:free=9.8GiB util=83% | remaining: gemma_3_12b_it=2842, mistral_7b_instruct_v03=1971, qwen3_8b=2244
[SCHEDULER_HEARTBEAT] running=[] | gpu0:free=9.9GiB util=83% | remaining: gemma_3_12b_it=2842, mistral_7b_instruct_v03=1971, qwen3_8b=2242
[SCHEDULER_HEARTBEAT] running=[] | gpu0:free=9.9GiB util=83% | remaining: gemma_3_12b_it=2842, mistral_7b_instruct_v03=1971, qwen3_8b=2238
[SCHEDULER_HEARTBEAT] running=[] | gpu0:free=9.7GiB util=82% | remaining: gemma_3_12b_it=2842, mistral_7b_instruct_v03=1971, qwen3_8b=2236
[SCHEDULER_HEARTBEAT] running=[] | gpu0:free=9.9GiB util=83% | remaining: gemma_3_12b_it=2842, mistral_7b_instruct_v03=1971, qwen3_8b=2232
[SCHEDULER_HEARTBEAT] running=[] | gpu0:free=9.9GiB util=82% | remaining: gemma_3_12b_it=2842, mistral_7b_instruct_v03=1970, qwen3_8b=2230
[SCHEDULER_HEARTBEAT] running=[] | gpu0:free=9.8GiB util=83% | remaining: gemma_3_12b_it=2842, mistral_7b_instruct_v03=1969, qwen3_8b=2228
[SCHEDULER_HEARTBEAT] running=[] | gpu0:free=9.8GiB util=82% | remaining: gemma_3_12b_it=2842, mistral_7b_instruct_v03=1969, qwen3_8b=2220
[SCHEDULER_HEARTBEAT] running=[] | gpu0:free=9.8GiB util=83% | remaining: gemma_3_12b_it=2842, mistral_7b_instruct_v03=1969, qwen3_8b=2216
[SCHEDULER_HEARTBEAT] running=[] | gpu0:free=9.9GiB util=82% | remaining: gemma_3_12b_it=2842, mistral_7b_instruct_v03=1969, qwen3_8b=2214
[SCHEDULER_HEARTBEAT] running=[] | gpu0:free=9.9GiB util=84% | remaining: gemma_3_12b_it=2842, mistral_7b_instruct_v03=1969, qwen3_8b=2212
[SCHEDULER_HEARTBEAT] running=[] | gpu0:free=9.8GiB util=82% | remaining: gemma_3_12b_it=2842, mistral_7b_instruct_v03=1968, qwen3_8b=2208
[SCHEDULER_HEARTBEAT] running=[] | gpu0:free=9.8GiB util=83% | remaining: gemma_3_12b_it=2842, mistral_7b_instruct_v03=1968, qwen3_8b=2204
[SCHEDULER_HEARTBEAT] running=[] | gpu0:free=9.7GiB util=81% | remaining: gemma_3_12b_it=2842, mistral_7b_instruct_v03=1968, qwen3_8b=2200
[SCHEDULER_HEARTBEAT] running=[] | gpu0:free=9.9GiB util=84% | remaining: gemma_3_12b_it=2842, mistral_7b_instruct_v03=1968, qwen3_8b=2196
[SCHEDULER_HEARTBEAT] running=[] | gpu0:free=9.8GiB util=85% | remaining: gemma_3_12b_it=2842, mistral_7b_instruct_v03=1967, qwen3_8b=2190
[SCHEDULER_HEARTBEAT] running=[] | gpu0:free=9.9GiB util=89% | remaining: gemma_3_12b_it=2842, mistral_7b_instruct_v03=1966, qwen3_8b=2188
[SCHEDULER_HEARTBEAT] running=[] | gpu0:free=10.0GiB util=86% | remaining: gemma_3_12b_it=2842, mistral_7b_instruct_v03=1966, qwen3_8b=2184
[SCHEDULER_HEARTBEAT] running=[] | gpu0:free=9.9GiB util=87% | remaining: gemma_3_12b_it=2842, mistral_7b_instruct_v03=1966, qwen3_8b=2182
[SCHEDULER_HEARTBEAT] running=[] | gpu0:free=9.7GiB util=87% | remaining: gemma_3_12b_it=2842, mistral_7b_instruct_v03=1966, qwen3_8b=2176
[SCHEDULER_HEARTBEAT] running=[] | gpu0:free=9.9GiB util=87% | remaining: gemma_3_12b_it=2842, mistral_7b_instruct_v03=1966, qwen3_8b=2174
[SCHEDULER_HEARTBEAT] running=[] | gpu0:free=9.9GiB util=84% | remaining: gemma_3_12b_it=2842, mistral_7b_instruct_v03=1964, qwen3_8b=2170
[SCHEDULER_HEARTBEAT] running=[] | gpu0:free=9.8GiB util=82% | remaining: gemma_3_12b_it=2842, mistral_7b_instruct_v03=1963, qwen3_8b=2166
[SCHEDULER_HEARTBEAT] running=[] | gpu0:free=10.0GiB util=81% | remaining: gemma_3_12b_it=2842, mistral_7b_instruct_v03=1962, qwen3_8b=2164
[SCHEDULER_HEARTBEAT] running=[] | gpu0:free=9.9GiB util=84% | remaining: gemma_3_12b_it=2842, mistral_7b_instruct_v03=1962, qwen3_8b=2162
[SCHEDULER_HEARTBEAT] running=[] | gpu0:free=9.9GiB util=83% | remaining: gemma_3_12b_it=2842, mistral_7b_instruct_v03=1962, qwen3_8b=2158
[SCHEDULER_HEARTBEAT] running=[] | gpu0:free=9.8GiB util=87% | remaining: gemma_3_12b_it=2842, mistral_7b_instruct_v03=1961, qwen3_8b=2156
[SCHEDULER_HEARTBEAT] running=[] | gpu0:free=9.9GiB util=83% | remaining: gemma_3_12b_it=2842, mistral_7b_instruct_v03=1961, qwen3_8b=2152
[SCHEDULER_HEARTBEAT] running=[] | gpu0:free=9.7GiB util=81% | remaining: gemma_3_12b_it=2842, mistral_7b_instruct_v03=1961, qwen3_8b=2150
[SCHEDULER_HEARTBEAT] running=[] | gpu0:free=9.9GiB util=85% | remaining: gemma_3_12b_it=2842, mistral_7b_instruct_v03=1961, qwen3_8b=2148
[SCHEDULER_HEARTBEAT] running=[] | gpu0:free=9.9GiB util=86% | remaining: gemma_3_12b_it=2842, mistral_7b_instruct_v03=1960, qwen3_8b=2144
[SCHEDULER_HEARTBEAT] running=[] | gpu0:free=9.9GiB util=84% | remaining: gemma_3_12b_it=2842, mistral_7b_instruct_v03=1960, qwen3_8b=2140
[SCHEDULER_HEARTBEAT] running=[] | gpu0:free=9.9GiB util=83% | remaining: gemma_3_12b_it=2842, mistral_7b_instruct_v03=1960, qwen3_8b=2136
[SCHEDULER_HEARTBEAT] running=[] | gpu0:free=9.9GiB util=83% | remaining: gemma_3_12b_it=2842, mistral_7b_instruct_v03=1960, qwen3_8b=2132
[SCHEDULER_HEARTBEAT] running=[] | gpu0:free=10.0GiB util=84% | remaining: gemma_3_12b_it=2842, mistral_7b_instruct_v03=1959, qwen3_8b=2128
[SCHEDULER_HEARTBEAT] running=[] | gpu0:free=9.9GiB util=83% | remaining: gemma_3_12b_it=2842, mistral_7b_instruct_v03=1959, qwen3_8b=2122
[SCHEDULER_HEARTBEAT] running=[] | gpu0:free=9.9GiB util=84% | remaining: gemma_3_12b_it=2842, mistral_7b_instruct_v03=1959, qwen3_8b=2118
[SCHEDULER_HEARTBEAT] running=[] | gpu0:free=9.9GiB util=82% | remaining: gemma_3_12b_it=2842, mistral_7b_instruct_v03=1958, qwen3_8b=2116
[SCHEDULER_HEARTBEAT] running=[] | gpu0:free=9.8GiB util=83% | remaining: gemma_3_12b_it=2842, mistral_7b_instruct_v03=1957, qwen3_8b=2114
[SCHEDULER_HEARTBEAT] running=[] | gpu0:free=9.8GiB util=83% | remaining: gemma_3_12b_it=2842, mistral_7b_instruct_v03=1956, qwen3_8b=2110
[SCHEDULER_HEARTBEAT] running=[] | gpu0:free=9.9GiB util=82% | remaining: gemma_3_12b_it=2842, mistral_7b_instruct_v03=1954, qwen3_8b=2108
[SCHEDULER_HEARTBEAT] running=[] | gpu0:free=9.9GiB util=82% | remaining: gemma_3_12b_it=2842, mistral_7b_instruct_v03=1954, qwen3_8b=2102
[SCHEDULER_HEARTBEAT] running=[] | gpu0:free=9.9GiB util=82% | remaining: gemma_3_12b_it=2842, mistral_7b_instruct_v03=1954, qwen3_8b=2100
[SCHEDULER_HEARTBEAT] running=[] | gpu0:free=9.9GiB util=83% | remaining: gemma_3_12b_it=2842, mistral_7b_instruct_v03=1954, qwen3_8b=2098
[SCHEDULER_HEARTBEAT] running=[] | gpu0:free=9.9GiB util=83% | remaining: gemma_3_12b_it=2842, mistral_7b_instruct_v03=1954, qwen3_8b=2094
[SCHEDULER_HEARTBEAT] running=[] | gpu0:free=9.9GiB util=85% | remaining: gemma_3_12b_it=2842, mistral_7b_instruct_v03=1953, qwen3_8b=2088
[SCHEDULER_HEARTBEAT] running=[] | gpu0:free=10.0GiB util=85% | remaining: gemma_3_12b_it=2842, mistral_7b_instruct_v03=1951, qwen3_8b=2084
[SCHEDULER_HEARTBEAT] running=[] | gpu0:free=9.9GiB util=85% | remaining: gemma_3_12b_it=2842, mistral_7b_instruct_v03=1950, qwen3_8b=2082
[SCHEDULER_HEARTBEAT] running=[] | gpu0:free=9.9GiB util=86% | remaining: gemma_3_12b_it=2842, mistral_7b_instruct_v03=1950, qwen3_8b=2078
[SCHEDULER_HEARTBEAT] running=[] | gpu0:free=9.9GiB util=87% | remaining: gemma_3_12b_it=2842, mistral_7b_instruct_v03=1949, qwen3_8b=2074
[SCHEDULER_HEARTBEAT] running=[] | gpu0:free=9.9GiB util=88% | remaining: gemma_3_12b_it=2842, mistral_7b_instruct_v03=1949, qwen3_8b=2070
[SCHEDULER_HEARTBEAT] running=[] | gpu0:free=9.9GiB util=85% | remaining: gemma_3_12b_it=2842, mistral_7b_instruct_v03=1948, qwen3_8b=2066
[SCHEDULER_HEARTBEAT] running=[] | gpu0:free=9.9GiB util=85% | remaining: gemma_3_12b_it=2842, mistral_7b_instruct_v03=1948, qwen3_8b=2062
[SCHEDULER_HEARTBEAT] running=[] | gpu0:free=9.8GiB util=85% | remaining: gemma_3_12b_it=2842, mistral_7b_instruct_v03=1947, qwen3_8b=2060
[SCHEDULER_HEARTBEAT] running=[] | gpu0:free=9.8GiB util=83% | remaining: gemma_3_12b_it=2842, mistral_7b_instruct_v03=1945, qwen3_8b=2056
[SCHEDULER_HEARTBEAT] running=[] | gpu0:free=9.9GiB util=84% | remaining: gemma_3_12b_it=2842, mistral_7b_instruct_v03=1945, qwen3_8b=2050
[SCHEDULER_HEARTBEAT] running=[] | gpu0:free=9.9GiB util=83% | remaining: gemma_3_12b_it=2842, mistral_7b_instruct_v03=1945, qwen3_8b=2048
[SCHEDULER_HEARTBEAT] running=[] | gpu0:free=9.9GiB util=86% | remaining: gemma_3_12b_it=2842, mistral_7b_instruct_v03=1945, qwen3_8b=2042
[SCHEDULER_HEARTBEAT] running=[] | gpu0:free=9.7GiB util=85% | remaining: gemma_3_12b_it=2842, mistral_7b_instruct_v03=1945, qwen3_8b=2040
[SCHEDULER_HEARTBEAT] running=[] | gpu0:free=10.0GiB util=83% | remaining: gemma_3_12b_it=2842, mistral_7b_instruct_v03=1943, qwen3_8b=2036
[SCHEDULER_HEARTBEAT] running=[] | gpu0:free=9.8GiB util=83% | remaining: gemma_3_12b_it=2842, mistral_7b_instruct_v03=1943, qwen3_8b=2030
[SCHEDULER_HEARTBEAT] running=[] | gpu0:free=10.0GiB util=82% | remaining: gemma_3_12b_it=2842, mistral_7b_instruct_v03=1943, qwen3_8b=2028
[SCHEDULER_HEARTBEAT] running=[] | gpu0:free=9.9GiB util=84% | remaining: gemma_3_12b_it=2842, mistral_7b_instruct_v03=1943, qwen3_8b=2026
[SCHEDULER_HEARTBEAT] running=[] | gpu0:free=9.9GiB util=86% | remaining: gemma_3_12b_it=2842, mistral_7b_instruct_v03=1942, qwen3_8b=2024
[SCHEDULER_HEARTBEAT] running=[] | gpu0:free=9.8GiB util=86% | remaining: gemma_3_12b_it=2842, mistral_7b_instruct_v03=1942, qwen3_8b=2020
[SCHEDULER_HEARTBEAT] running=[] | gpu0:free=9.9GiB util=84% | remaining: gemma_3_12b_it=2842, mistral_7b_instruct_v03=1941, qwen3_8b=2016
[SCHEDULER_HEARTBEAT] running=[] | gpu0:free=9.9GiB util=86% | remaining: gemma_3_12b_it=2842, mistral_7b_instruct_v03=1941, qwen3_8b=2014
[SCHEDULER_HEARTBEAT] running=[] | gpu0:free=9.7GiB util=84% | remaining: gemma_3_12b_it=2842, mistral_7b_instruct_v03=1941, qwen3_8b=2012
[SCHEDULER_HEARTBEAT] running=[] | gpu0:free=9.9GiB util=89% | remaining: gemma_3_12b_it=2842, mistral_7b_instruct_v03=1941, qwen3_8b=2010
[SCHEDULER_HEARTBEAT] running=[] | gpu0:free=9.7GiB util=83% | remaining: gemma_3_12b_it=2842, mistral_7b_instruct_v03=1941, qwen3_8b=2004
[SCHEDULER_HEARTBEAT] running=[] | gpu0:free=9.9GiB util=86% | remaining: gemma_3_12b_it=2842, mistral_7b_instruct_v03=1940, qwen3_8b=2000
[SCHEDULER_HEARTBEAT] running=[] | gpu0:free=10.0GiB util=85% | remaining: gemma_3_12b_it=2842, mistral_7b_instruct_v03=1940, qwen3_8b=1998
[SCHEDULER_HEARTBEAT] running=[] | gpu0:free=9.9GiB util=86% | remaining: gemma_3_12b_it=2842, mistral_7b_instruct_v03=1940, qwen3_8b=1996
[SCHEDULER_HEARTBEAT] running=[] | gpu0:free=9.9GiB util=86% | remaining: gemma_3_12b_it=2842, mistral_7b_instruct_v03=1940, qwen3_8b=1992
[SCHEDULER_HEARTBEAT] running=[] | gpu0:free=9.8GiB util=84% | remaining: gemma_3_12b_it=2842, mistral_7b_instruct_v03=1939, qwen3_8b=1988
[SCHEDULER_HEARTBEAT] running=[] | gpu0:free=10.0GiB util=85% | remaining: gemma_3_12b_it=2842, mistral_7b_instruct_v03=1938, qwen3_8b=1984
[SCHEDULER_HEARTBEAT] running=[] | gpu0:free=9.8GiB util=86% | remaining: gemma_3_12b_it=2842, mistral_7b_instruct_v03=1937, qwen3_8b=1980
[SCHEDULER_HEARTBEAT] running=[] | gpu0:free=9.9GiB util=87% | remaining: gemma_3_12b_it=2842, mistral_7b_instruct_v03=1936, qwen3_8b=1978
[SCHEDULER_HEARTBEAT] running=[] | gpu0:free=9.8GiB util=85% | remaining: gemma_3_12b_it=2842, mistral_7b_instruct_v03=1936, qwen3_8b=1976
[SCHEDULER_HEARTBEAT] running=[] | gpu0:free=9.9GiB util=87% | remaining: gemma_3_12b_it=2842, mistral_7b_instruct_v03=1936, qwen3_8b=1972
[SCHEDULER_HEARTBEAT] running=[] | gpu0:free=9.7GiB util=85% | remaining: gemma_3_12b_it=2842, mistral_7b_instruct_v03=1936, qwen3_8b=1970
[SCHEDULER_HEARTBEAT] running=[] | gpu0:free=9.9GiB util=83% | remaining: gemma_3_12b_it=2842, mistral_7b_instruct_v03=1935, qwen3_8b=1962
[SCHEDULER_HEARTBEAT] running=[] | gpu0:free=9.8GiB util=86% | remaining: gemma_3_12b_it=2842, mistral_7b_instruct_v03=1934, qwen3_8b=1960
[SCHEDULER_HEARTBEAT] running=[] | gpu0:free=9.9GiB util=85% | remaining: gemma_3_12b_it=2842, mistral_7b_instruct_v03=1934, qwen3_8b=1958
[SCHEDULER_HEARTBEAT] running=[] | gpu0:free=9.9GiB util=84% | remaining: gemma_3_12b_it=2842, mistral_7b_instruct_v03=1934, qwen3_8b=1954
[SCHEDULER_HEARTBEAT] running=[] | gpu0:free=10.0GiB util=83% | remaining: gemma_3_12b_it=2842, mistral_7b_instruct_v03=1933, qwen3_8b=1952
[SCHEDULER_HEARTBEAT] running=[] | gpu0:free=10.0GiB util=86% | remaining: gemma_3_12b_it=2842, mistral_7b_instruct_v03=1933, qwen3_8b=1944
[SCHEDULER_HEARTBEAT] running=[] | gpu0:free=9.9GiB util=81% | remaining: gemma_3_12b_it=2842, mistral_7b_instruct_v03=1932, qwen3_8b=1942
[SCHEDULER_HEARTBEAT] running=[] | gpu0:free=9.9GiB util=82% | remaining: gemma_3_12b_it=2842, mistral_7b_instruct_v03=1932, qwen3_8b=1940
[SCHEDULER_HEARTBEAT] running=[] | gpu0:free=9.7GiB util=81% | remaining: gemma_3_12b_it=2842, mistral_7b_instruct_v03=1932, qwen3_8b=1936
[SCHEDULER_HEARTBEAT] running=[] | gpu0:free=9.8GiB util=82% | remaining: gemma_3_12b_it=2842, mistral_7b_instruct_v03=1931, qwen3_8b=1932
[SCHEDULER_HEARTBEAT] running=[] | gpu0:free=9.9GiB util=88% | remaining: gemma_3_12b_it=2842, mistral_7b_instruct_v03=1931, qwen3_8b=1930
[SCHEDULER_HEARTBEAT] running=[] | gpu0:free=9.8GiB util=83% | remaining: gemma_3_12b_it=2842, mistral_7b_instruct_v03=1930, qwen3_8b=1928
[SCHEDULER_HEARTBEAT] running=[] | gpu0:free=9.9GiB util=85% | remaining: gemma_3_12b_it=2842, mistral_7b_instruct_v03=1930, qwen3_8b=1922
[SCHEDULER_HEARTBEAT] running=[] | gpu0:free=9.9GiB util=84% | remaining: gemma_3_12b_it=2842, mistral_7b_instruct_v03=1929, qwen3_8b=1920
[SCHEDULER_HEARTBEAT] running=[] | gpu0:free=9.7GiB util=84% | remaining: gemma_3_12b_it=2842, mistral_7b_instruct_v03=1929, qwen3_8b=1918
[SCHEDULER_HEARTBEAT] running=[] | gpu0:free=9.9GiB util=84% | remaining: gemma_3_12b_it=2842, mistral_7b_instruct_v03=1929, qwen3_8b=1916
[SCHEDULER_HEARTBEAT] running=[] | gpu0:free=9.9GiB util=86% | remaining: gemma_3_12b_it=2842, mistral_7b_instruct_v03=1928, qwen3_8b=1912
[SCHEDULER_HEARTBEAT] running=[] | gpu0:free=9.9GiB util=86% | remaining: gemma_3_12b_it=2842, mistral_7b_instruct_v03=1928, qwen3_8b=1908
[SCHEDULER_HEARTBEAT] running=[] | gpu0:free=9.9GiB util=82% | remaining: gemma_3_12b_it=2842, mistral_7b_instruct_v03=1928, qwen3_8b=1904
[SCHEDULER_HEARTBEAT] running=[] | gpu0:free=9.8GiB util=86% | remaining: gemma_3_12b_it=2842, mistral_7b_instruct_v03=1928, qwen3_8b=1902
[SCHEDULER_HEARTBEAT] running=[] | gpu0:free=10.0GiB util=85% | remaining: gemma_3_12b_it=2842, mistral_7b_instruct_v03=1927, qwen3_8b=1900
[SCHEDULER_HEARTBEAT] running=[] | gpu0:free=9.9GiB util=93% | remaining: gemma_3_12b_it=2842, mistral_7b_instruct_v03=1925, qwen3_8b=1894
[SCHEDULER_HEARTBEAT] running=[] | gpu0:free=9.7GiB util=84% | remaining: gemma_3_12b_it=2842, mistral_7b_instruct_v03=1925, qwen3_8b=1890
[SCHEDULER_HEARTBEAT] running=[] | gpu0:free=9.9GiB util=84% | remaining: gemma_3_12b_it=2842, mistral_7b_instruct_v03=1925, qwen3_8b=1886
[SCHEDULER_HEARTBEAT] running=[] | gpu0:free=9.7GiB util=83% | remaining: gemma_3_12b_it=2842, mistral_7b_instruct_v03=1925, qwen3_8b=1884
[SCHEDULER_HEARTBEAT] running=[] | gpu0:free=9.9GiB util=82% | remaining: gemma_3_12b_it=2842, mistral_7b_instruct_v03=1924, qwen3_8b=1880
[SCHEDULER_HEARTBEAT] running=[] | gpu0:free=9.7GiB util=84% | remaining: gemma_3_12b_it=2842, mistral_7b_instruct_v03=1924, qwen3_8b=1878
[SCHEDULER_HEARTBEAT] running=[] | gpu0:free=9.9GiB util=85% | remaining: gemma_3_12b_it=2842, mistral_7b_instruct_v03=1924, qwen3_8b=1874
[SCHEDULER_HEARTBEAT] running=[] | gpu0:free=9.8GiB util=83% | remaining: gemma_3_12b_it=2842, mistral_7b_instruct_v03=1924, qwen3_8b=1866
[SCHEDULER_HEARTBEAT] running=[] | gpu0:free=9.8GiB util=82% | remaining: gemma_3_12b_it=2842, mistral_7b_instruct_v03=1923, qwen3_8b=1864
[SCHEDULER_HEARTBEAT] running=[] | gpu0:free=9.9GiB util=84% | remaining: gemma_3_12b_it=2842, mistral_7b_instruct_v03=1923, qwen3_8b=1862
[SCHEDULER_HEARTBEAT] running=[] | gpu0:free=9.7GiB util=84% | remaining: gemma_3_12b_it=2842, mistral_7b_instruct_v03=1923, qwen3_8b=1858
[SCHEDULER_HEARTBEAT] running=[] | gpu0:free=9.8GiB util=88% | remaining: gemma_3_12b_it=2842, mistral_7b_instruct_v03=1922, qwen3_8b=1858
[SCHEDULER_HEARTBEAT] running=[] | gpu0:free=10.0GiB util=89% | remaining: gemma_3_12b_it=2842, mistral_7b_instruct_v03=1921, qwen3_8b=1854
[SCHEDULER_HEARTBEAT] running=[] | gpu0:free=10.0GiB util=85% | remaining: gemma_3_12b_it=2842, mistral_7b_instruct_v03=1920, qwen3_8b=1852
[SCHEDULER_HEARTBEAT] running=[] | gpu0:free=9.7GiB util=92% | remaining: gemma_3_12b_it=2842, mistral_7b_instruct_v03=1920, qwen3_8b=1848
[SCHEDULER_HEARTBEAT] running=[] | gpu0:free=9.7GiB util=83% | remaining: gemma_3_12b_it=2842, mistral_7b_instruct_v03=1920, qwen3_8b=1846
[SCHEDULER_HEARTBEAT] running=[] | gpu0:free=9.8GiB util=82% | remaining: gemma_3_12b_it=2842, mistral_7b_instruct_v03=1920, qwen3_8b=1840
[SCHEDULER_HEARTBEAT] running=[] | gpu0:free=9.9GiB util=93% | remaining: gemma_3_12b_it=2842, mistral_7b_instruct_v03=1920, qwen3_8b=1836
[SCHEDULER_HEARTBEAT] running=[] | gpu0:free=9.9GiB util=86% | remaining: gemma_3_12b_it=2842, mistral_7b_instruct_v03=1918, qwen3_8b=1834
[SCHEDULER_HEARTBEAT] running=[] | gpu0:free=10.0GiB util=83% | remaining: gemma_3_12b_it=2842, mistral_7b_instruct_v03=1918, qwen3_8b=1828
[SCHEDULER_HEARTBEAT] running=[] | gpu0:free=9.7GiB util=86% | remaining: gemma_3_12b_it=2842, mistral_7b_instruct_v03=1918, qwen3_8b=1826
[SCHEDULER_HEARTBEAT] running=[] | gpu0:free=9.7GiB util=88% | remaining: gemma_3_12b_it=2842, mistral_7b_instruct_v03=1918, qwen3_8b=1824
[SCHEDULER_HEARTBEAT] running=[] | gpu0:free=9.8GiB util=86% | remaining: gemma_3_12b_it=2842, mistral_7b_instruct_v03=1918, qwen3_8b=1820
[SCHEDULER_HEARTBEAT] running=[] | gpu0:free=9.8GiB util=87% | remaining: gemma_3_12b_it=2842, mistral_7b_instruct_v03=1917, qwen3_8b=1816
[SCHEDULER_HEARTBEAT] running=[] | gpu0:free=9.8GiB util=83% | remaining: gemma_3_12b_it=2842, mistral_7b_instruct_v03=1916, qwen3_8b=1808
[SCHEDULER_HEARTBEAT] running=[] | gpu0:free=9.9GiB util=88% | remaining: gemma_3_12b_it=2842, mistral_7b_instruct_v03=1916, qwen3_8b=1806
[SCHEDULER_HEARTBEAT] running=[] | gpu0:free=9.7GiB util=83% | remaining: gemma_3_12b_it=2842, mistral_7b_instruct_v03=1916, qwen3_8b=1802
[SCHEDULER_HEARTBEAT] running=[] | gpu0:free=9.9GiB util=86% | remaining: gemma_3_12b_it=2842, mistral_7b_instruct_v03=1914, qwen3_8b=1800
[SCHEDULER_HEARTBEAT] running=[] | gpu0:free=9.7GiB util=93% | remaining: gemma_3_12b_it=2842, mistral_7b_instruct_v03=1914, qwen3_8b=1798
[SCHEDULER_HEARTBEAT] running=[] | gpu0:free=9.8GiB util=84% | remaining: gemma_3_12b_it=2842, mistral_7b_instruct_v03=1913, qwen3_8b=1794
[SCHEDULER_HEARTBEAT] running=[] | gpu0:free=9.9GiB util=83% | remaining: gemma_3_12b_it=2842, mistral_7b_instruct_v03=1912, qwen3_8b=1790
[SCHEDULER_HEARTBEAT] running=[] | gpu0:free=9.9GiB util=80% | remaining: gemma_3_12b_it=2842, mistral_7b_instruct_v03=1912, qwen3_8b=1784
[SCHEDULER_HEARTBEAT] running=[] | gpu0:free=10.0GiB util=83% | remaining: gemma_3_12b_it=2842, mistral_7b_instruct_v03=1911, qwen3_8b=1782
[SCHEDULER_HEARTBEAT] running=[] | gpu0:free=9.8GiB util=89% | remaining: gemma_3_12b_it=2842, mistral_7b_instruct_v03=1910, qwen3_8b=1778
[SCHEDULER_HEARTBEAT] running=[] | gpu0:free=9.9GiB util=86% | remaining: gemma_3_12b_it=2842, mistral_7b_instruct_v03=1910, qwen3_8b=1772
[SCHEDULER_HEARTBEAT] running=[] | gpu0:free=9.9GiB util=84% | remaining: gemma_3_12b_it=2842, mistral_7b_instruct_v03=1909, qwen3_8b=1770
[SCHEDULER_HEARTBEAT] running=[] | gpu0:free=9.7GiB util=85% | remaining: gemma_3_12b_it=2842, mistral_7b_instruct_v03=1909, qwen3_8b=1764
[SCHEDULER_HEARTBEAT] running=[] | gpu0:free=9.9GiB util=88% | remaining: gemma_3_12b_it=2842, mistral_7b_instruct_v03=1908, qwen3_8b=1760
[SCHEDULER_HEARTBEAT] running=[] | gpu0:free=9.8GiB util=83% | remaining: gemma_3_12b_it=2842, mistral_7b_instruct_v03=1907, qwen3_8b=1756
[SCHEDULER_HEARTBEAT] running=[] | gpu0:free=9.7GiB util=86% | remaining: gemma_3_12b_it=2842, mistral_7b_instruct_v03=1907, qwen3_8b=1750
[SCHEDULER_HEARTBEAT] running=[] | gpu0:free=10.0GiB util=83% | remaining: gemma_3_12b_it=2842, mistral_7b_instruct_v03=1906, qwen3_8b=1748
[SCHEDULER_HEARTBEAT] running=[] | gpu0:free=9.9GiB util=84% | remaining: gemma_3_12b_it=2842, mistral_7b_instruct_v03=1906, qwen3_8b=1746
[SCHEDULER_HEARTBEAT] running=[] | gpu0:free=9.9GiB util=88% | remaining: gemma_3_12b_it=2842, mistral_7b_instruct_v03=1906, qwen3_8b=1744
[SCHEDULER_HEARTBEAT] running=[] | gpu0:free=9.8GiB util=84% | remaining: gemma_3_12b_it=2842, mistral_7b_instruct_v03=1906, qwen3_8b=1740
[SCHEDULER_HEARTBEAT] running=[] | gpu0:free=9.8GiB util=84% | remaining: gemma_3_12b_it=2842, mistral_7b_instruct_v03=1906, qwen3_8b=1738
[SCHEDULER_HEARTBEAT] running=[] | gpu0:free=10.0GiB util=83% | remaining: gemma_3_12b_it=2842, mistral_7b_instruct_v03=1905, qwen3_8b=1734
[SCHEDULER_HEARTBEAT] running=[] | gpu0:free=9.9GiB util=85% | remaining: gemma_3_12b_it=2842, mistral_7b_instruct_v03=1905, qwen3_8b=1728
[SCHEDULER_HEARTBEAT] running=[] | gpu0:free=9.8GiB util=84% | remaining: gemma_3_12b_it=2842, mistral_7b_instruct_v03=1905, qwen3_8b=1724
[SCHEDULER_HEARTBEAT] running=[] | gpu0:free=9.9GiB util=85% | remaining: gemma_3_12b_it=2842, mistral_7b_instruct_v03=1905, qwen3_8b=1720
[SCHEDULER_HEARTBEAT] running=[] | gpu0:free=9.9GiB util=85% | remaining: gemma_3_12b_it=2842, mistral_7b_instruct_v03=1904, qwen3_8b=1714
[SCHEDULER_HEARTBEAT] running=[] | gpu0:free=9.9GiB util=84% | remaining: gemma_3_12b_it=2842, mistral_7b_instruct_v03=1903, qwen3_8b=1712
[SCHEDULER_HEARTBEAT] running=[] | gpu0:free=9.8GiB util=84% | remaining: gemma_3_12b_it=2842, mistral_7b_instruct_v03=1902, qwen3_8b=1708
[SCHEDULER_HEARTBEAT] running=[] | gpu0:free=9.9GiB util=84% | remaining: gemma_3_12b_it=2842, mistral_7b_instruct_v03=1902, qwen3_8b=1706
[SCHEDULER_HEARTBEAT] running=[] | gpu0:free=9.9GiB util=82% | remaining: gemma_3_12b_it=2842, mistral_7b_instruct_v03=1901, qwen3_8b=1704
[SCHEDULER_HEARTBEAT] running=[] | gpu0:free=9.9GiB util=84% | remaining: gemma_3_12b_it=2842, mistral_7b_instruct_v03=1901, qwen3_8b=1702
[SCHEDULER_HEARTBEAT] running=[] | gpu0:free=10.0GiB util=82% | remaining: gemma_3_12b_it=2842, mistral_7b_instruct_v03=1900, qwen3_8b=1694
[SCHEDULER_HEARTBEAT] running=[] | gpu0:free=9.7GiB util=85% | remaining: gemma_3_12b_it=2842, mistral_7b_instruct_v03=1900, qwen3_8b=1684
[SCHEDULER_HEARTBEAT] running=[] | gpu0:free=9.9GiB util=81% | remaining: gemma_3_12b_it=2842, mistral_7b_instruct_v03=1899, qwen3_8b=1678
[SCHEDULER_HEARTBEAT] running=[] | gpu0:free=9.9GiB util=92% | remaining: gemma_3_12b_it=2842, mistral_7b_instruct_v03=1899, qwen3_8b=1672
[SCHEDULER_HEARTBEAT] running=[] | gpu0:free=9.9GiB util=81% | remaining: gemma_3_12b_it=2842, mistral_7b_instruct_v03=1898, qwen3_8b=1670
[SCHEDULER_HEARTBEAT] running=[] | gpu0:free=9.9GiB util=81% | remaining: gemma_3_12b_it=2842, mistral_7b_instruct_v03=1898, qwen3_8b=1664
[SCHEDULER_HEARTBEAT] running=[] | gpu0:free=9.9GiB util=83% | remaining: gemma_3_12b_it=2842, mistral_7b_instruct_v03=1898, qwen3_8b=1660
[SCHEDULER_HEARTBEAT] running=[] | gpu0:free=9.8GiB util=83% | remaining: gemma_3_12b_it=2842, mistral_7b_instruct_v03=1898, qwen3_8b=1656
[SCHEDULER_HEARTBEAT] running=[] | gpu0:free=9.7GiB util=85% | remaining: gemma_3_12b_it=2842, mistral_7b_instruct_v03=1898, qwen3_8b=1654
[SCHEDULER_HEARTBEAT] running=[] | gpu0:free=10.0GiB util=86% | remaining: gemma_3_12b_it=2842, mistral_7b_instruct_v03=1897, qwen3_8b=1648
[SCHEDULER_HEARTBEAT] running=[] | gpu0:free=9.7GiB util=84% | remaining: gemma_3_12b_it=2842, mistral_7b_instruct_v03=1897, qwen3_8b=1642
[SCHEDULER_HEARTBEAT] running=[] | gpu0:free=10.0GiB util=83% | remaining: gemma_3_12b_it=2842, mistral_7b_instruct_v03=1896, qwen3_8b=1640
[SCHEDULER_HEARTBEAT] running=[] | gpu0:free=9.9GiB util=83% | remaining: gemma_3_12b_it=2842, mistral_7b_instruct_v03=1895, qwen3_8b=1636
[SCHEDULER_HEARTBEAT] running=[] | gpu0:free=9.7GiB util=84% | remaining: gemma_3_12b_it=2842, mistral_7b_instruct_v03=1895, qwen3_8b=1628
[SCHEDULER_HEARTBEAT] running=[] | gpu0:free=9.7GiB util=85% | remaining: gemma_3_12b_it=2842, mistral_7b_instruct_v03=1895, qwen3_8b=1626
[SCHEDULER_HEARTBEAT] running=[] | gpu0:free=9.7GiB util=88% | remaining: gemma_3_12b_it=2842, mistral_7b_instruct_v03=1895, qwen3_8b=1624
[SCHEDULER_HEARTBEAT] running=[] | gpu0:free=9.7GiB util=89% | remaining: gemma_3_12b_it=2842, mistral_7b_instruct_v03=1894, qwen3_8b=1622
[SCHEDULER_HEARTBEAT] running=[] | gpu0:free=9.9GiB util=83% | remaining: gemma_3_12b_it=2842, mistral_7b_instruct_v03=1894, qwen3_8b=1616
[SCHEDULER_HEARTBEAT] running=[] | gpu0:free=9.8GiB util=82% | remaining: gemma_3_12b_it=2842, mistral_7b_instruct_v03=1894, qwen3_8b=1614
[SCHEDULER_HEARTBEAT] running=[] | gpu0:free=9.7GiB util=86% | remaining: gemma_3_12b_it=2842, mistral_7b_instruct_v03=1893, qwen3_8b=1612
[SCHEDULER_HEARTBEAT] running=[] | gpu0:free=9.7GiB util=83% | remaining: gemma_3_12b_it=2842, mistral_7b_instruct_v03=1893, qwen3_8b=1610
[SCHEDULER_HEARTBEAT] running=[] | gpu0:free=9.8GiB util=86% | remaining: gemma_3_12b_it=2842, mistral_7b_instruct_v03=1893, qwen3_8b=1604
[SCHEDULER_HEARTBEAT] running=[] | gpu0:free=9.8GiB util=96% | remaining: gemma_3_12b_it=2842, mistral_7b_instruct_v03=1893, qwen3_8b=1594
[SCHEDULER_HEARTBEAT] running=[] | gpu0:free=10.0GiB util=84% | remaining: gemma_3_12b_it=2842, mistral_7b_instruct_v03=1892, qwen3_8b=1586
[SCHEDULER_HEARTBEAT] running=[] | gpu0:free=9.9GiB util=87% | remaining: gemma_3_12b_it=2842, mistral_7b_instruct_v03=1892, qwen3_8b=1580
[SCHEDULER_HEARTBEAT] running=[] | gpu0:free=9.9GiB util=86% | remaining: gemma_3_12b_it=2842, mistral_7b_instruct_v03=1892, qwen3_8b=1572
[SCHEDULER_HEARTBEAT] running=[] | gpu0:free=9.9GiB util=88% | remaining: gemma_3_12b_it=2842, mistral_7b_instruct_v03=1892, qwen3_8b=1572
[SCHEDULER_HEARTBEAT] running=[] | gpu0:free=10.0GiB util=82% | remaining: gemma_3_12b_it=2842, mistral_7b_instruct_v03=1891, qwen3_8b=1564
[SCHEDULER_HEARTBEAT] running=[] | gpu0:free=9.7GiB util=86% | remaining: gemma_3_12b_it=2842, mistral_7b_instruct_v03=1891, qwen3_8b=1562
[SCHEDULER_HEARTBEAT] running=[] | gpu0:free=10.0GiB util=86% | remaining: gemma_3_12b_it=2842, mistral_7b_instruct_v03=1890, qwen3_8b=1558
[SCHEDULER_HEARTBEAT] running=[] | gpu0:free=9.7GiB util=84% | remaining: gemma_3_12b_it=2842, mistral_7b_instruct_v03=1890, qwen3_8b=1554
[SCHEDULER_HEARTBEAT] running=[] | gpu0:free=9.9GiB util=85% | remaining: gemma_3_12b_it=2842, mistral_7b_instruct_v03=1890, qwen3_8b=1552
[SCHEDULER_HEARTBEAT] running=[] | gpu0:free=9.8GiB util=84% | remaining: gemma_3_12b_it=2842, mistral_7b_instruct_v03=1890, qwen3_8b=1550
[SCHEDULER_HEARTBEAT] running=[] | gpu0:free=9.9GiB util=85% | remaining: gemma_3_12b_it=2842, mistral_7b_instruct_v03=1889, qwen3_8b=1544
[SCHEDULER_HEARTBEAT] running=[] | gpu0:free=9.7GiB util=83% | remaining: gemma_3_12b_it=2842, mistral_7b_instruct_v03=1889, qwen3_8b=1542
[SCHEDULER_HEARTBEAT] running=[] | gpu0:free=9.8GiB util=82% | remaining: gemma_3_12b_it=2842, mistral_7b_instruct_v03=1889, qwen3_8b=1536
[SCHEDULER_HEARTBEAT] running=[] | gpu0:free=9.8GiB util=86% | remaining: gemma_3_12b_it=2842, mistral_7b_instruct_v03=1889, qwen3_8b=1534
[SCHEDULER_HEARTBEAT] running=[] | gpu0:free=9.9GiB util=83% | remaining: gemma_3_12b_it=2842, mistral_7b_instruct_v03=1888, qwen3_8b=1528
[SCHEDULER_HEARTBEAT] running=[] | gpu0:free=9.9GiB util=83% | remaining: gemma_3_12b_it=2842, mistral_7b_instruct_v03=1888, qwen3_8b=1522
[SCHEDULER_HEARTBEAT] running=[] | gpu0:free=9.9GiB util=82% | remaining: gemma_3_12b_it=2842, mistral_7b_instruct_v03=1887, qwen3_8b=1520
[SCHEDULER_HEARTBEAT] running=[] | gpu0:free=9.9GiB util=85% | remaining: gemma_3_12b_it=2842, mistral_7b_instruct_v03=1887, qwen3_8b=1516
[SCHEDULER_HEARTBEAT] running=[] | gpu0:free=9.7GiB util=82% | remaining: gemma_3_12b_it=2842, mistral_7b_instruct_v03=1887, qwen3_8b=1510
[SCHEDULER_HEARTBEAT] running=[] | gpu0:free=9.7GiB util=83% | remaining: gemma_3_12b_it=2842, mistral_7b_instruct_v03=1886, qwen3_8b=1504
[SCHEDULER_HEARTBEAT] running=[] | gpu0:free=9.8GiB util=92% | remaining: gemma_3_12b_it=2842, mistral_7b_instruct_v03=1885, qwen3_8b=1498
[SCHEDULER_HEARTBEAT] running=[] | gpu0:free=9.7GiB util=83% | remaining: gemma_3_12b_it=2842, mistral_7b_instruct_v03=1885, qwen3_8b=1490
[SCHEDULER_HEARTBEAT] running=[] | gpu0:free=10.0GiB util=88% | remaining: gemma_3_12b_it=2842, mistral_7b_instruct_v03=1884, qwen3_8b=1484
[SCHEDULER_HEARTBEAT] running=[] | gpu0:free=9.7GiB util=85% | remaining: gemma_3_12b_it=2842, mistral_7b_instruct_v03=1884, qwen3_8b=1480
[SCHEDULER_HEARTBEAT] running=[] | gpu0:free=9.9GiB util=84% | remaining: gemma_3_12b_it=2842, mistral_7b_instruct_v03=1884, qwen3_8b=1474
[SCHEDULER_HEARTBEAT] running=[] | gpu0:free=9.7GiB util=87% | remaining: gemma_3_12b_it=2842, mistral_7b_instruct_v03=1884, qwen3_8b=1472
[SCHEDULER_HEARTBEAT] running=[] | gpu0:free=9.9GiB util=85% | remaining: gemma_3_12b_it=2842, mistral_7b_instruct_v03=1883, qwen3_8b=1470
[SCHEDULER_HEARTBEAT] running=[] | gpu0:free=9.9GiB util=84% | remaining: gemma_3_12b_it=2842, mistral_7b_instruct_v03=1883, qwen3_8b=1464
[SCHEDULER_HEARTBEAT] running=[] | gpu0:free=9.9GiB util=83% | remaining: gemma_3_12b_it=2842, mistral_7b_instruct_v03=1881, qwen3_8b=1460
[SCHEDULER_HEARTBEAT] running=[] | gpu0:free=9.7GiB util=83% | remaining: gemma_3_12b_it=2842, mistral_7b_instruct_v03=1880, qwen3_8b=1454
[SCHEDULER_HEARTBEAT] running=[] | gpu0:free=9.9GiB util=83% | remaining: gemma_3_12b_it=2842, mistral_7b_instruct_v03=1880, qwen3_8b=1444
[SCHEDULER_HEARTBEAT] running=[] | gpu0:free=9.7GiB util=87% | remaining: gemma_3_12b_it=2842, mistral_7b_instruct_v03=1879, qwen3_8b=1438
[SCHEDULER_HEARTBEAT] running=[] | gpu0:free=10.0GiB util=84% | remaining: gemma_3_12b_it=2842, mistral_7b_instruct_v03=1878, qwen3_8b=1434
[SCHEDULER_HEARTBEAT] running=[] | gpu0:free=9.9GiB util=85% | remaining: gemma_3_12b_it=2842, mistral_7b_instruct_v03=1878, qwen3_8b=1430
[SCHEDULER_HEARTBEAT] running=[] | gpu0:free=9.9GiB util=85% | remaining: gemma_3_12b_it=2842, mistral_7b_instruct_v03=1877, qwen3_8b=1422
[SCHEDULER_HEARTBEAT] running=[] | gpu0:free=9.9GiB util=87% | remaining: gemma_3_12b_it=2842, mistral_7b_instruct_v03=1877, qwen3_8b=1418
[SCHEDULER_HEARTBEAT] running=[] | gpu0:free=9.7GiB util=91% | remaining: gemma_3_12b_it=2842, mistral_7b_instruct_v03=1877, qwen3_8b=1410
[SCHEDULER_HEARTBEAT] running=[] | gpu0:free=9.7GiB util=86% | remaining: gemma_3_12b_it=2842, mistral_7b_instruct_v03=1877, qwen3_8b=1404
[SCHEDULER_HEARTBEAT] running=[] | gpu0:free=9.7GiB util=85% | remaining: gemma_3_12b_it=2842, mistral_7b_instruct_v03=1876, qwen3_8b=1400
[SCHEDULER_HEARTBEAT] running=[] | gpu0:free=9.7GiB util=83% | remaining: gemma_3_12b_it=2842, mistral_7b_instruct_v03=1876, qwen3_8b=1394
[SCHEDULER_HEARTBEAT] running=[] | gpu0:free=9.7GiB util=81% | remaining: gemma_3_12b_it=2842, mistral_7b_instruct_v03=1876, qwen3_8b=1392
[SCHEDULER_HEARTBEAT] running=[] | gpu0:free=9.9GiB util=84% | remaining: gemma_3_12b_it=2842, mistral_7b_instruct_v03=1876, qwen3_8b=1384
[SCHEDULER_HEARTBEAT] running=[] | gpu0:free=9.6GiB util=86% | remaining: gemma_3_12b_it=2842, mistral_7b_instruct_v03=1876, qwen3_8b=1378
[SCHEDULER_HEARTBEAT] running=[] | gpu0:free=9.9GiB util=86% | remaining: gemma_3_12b_it=2842, mistral_7b_instruct_v03=1875, qwen3_8b=1376
[SCHEDULER_HEARTBEAT] running=[] | gpu0:free=9.7GiB util=82% | remaining: gemma_3_12b_it=2842, mistral_7b_instruct_v03=1875, qwen3_8b=1372
[SCHEDULER_HEARTBEAT] running=[] | gpu0:free=9.9GiB util=82% | remaining: gemma_3_12b_it=2842, mistral_7b_instruct_v03=1874, qwen3_8b=1366
[SCHEDULER_HEARTBEAT] running=[] | gpu0:free=9.8GiB util=83% | remaining: gemma_3_12b_it=2842, mistral_7b_instruct_v03=1874, qwen3_8b=1360
[SCHEDULER_HEARTBEAT] running=[] | gpu0:free=9.7GiB util=83% | remaining: gemma_3_12b_it=2842, mistral_7b_instruct_v03=1874, qwen3_8b=1358
[SCHEDULER_HEARTBEAT] running=[] | gpu0:free=9.8GiB util=82% | remaining: gemma_3_12b_it=2842, mistral_7b_instruct_v03=1874, qwen3_8b=1354
[SCHEDULER_HEARTBEAT] running=[] | gpu0:free=9.6GiB util=87% | remaining: gemma_3_12b_it=2842, mistral_7b_instruct_v03=1874, qwen3_8b=1350
[SCHEDULER_HEARTBEAT] running=[] | gpu0:free=9.9GiB util=83% | remaining: gemma_3_12b_it=2842, mistral_7b_instruct_v03=1873, qwen3_8b=1344
[SCHEDULER_HEARTBEAT] running=[] | gpu0:free=9.7GiB util=83% | remaining: gemma_3_12b_it=2842, mistral_7b_instruct_v03=1871, qwen3_8b=1336
[SCHEDULER_HEARTBEAT] running=[] | gpu0:free=9.9GiB util=86% | remaining: gemma_3_12b_it=2842, mistral_7b_instruct_v03=1871, qwen3_8b=1330
[SCHEDULER_HEARTBEAT] running=[] | gpu0:free=9.9GiB util=84% | remaining: gemma_3_12b_it=2842, mistral_7b_instruct_v03=1871, qwen3_8b=1322
[SCHEDULER_HEARTBEAT] running=[] | gpu0:free=9.7GiB util=85% | remaining: gemma_3_12b_it=2842, mistral_7b_instruct_v03=1870, qwen3_8b=1316
[SCHEDULER_HEARTBEAT] running=[] | gpu0:free=9.9GiB util=87% | remaining: gemma_3_12b_it=2842, mistral_7b_instruct_v03=1869, qwen3_8b=1312
[SCHEDULER_HEARTBEAT] running=[] | gpu0:free=9.7GiB util=82% | remaining: gemma_3_12b_it=2842, mistral_7b_instruct_v03=1869, qwen3_8b=1306
[SCHEDULER_HEARTBEAT] running=[] | gpu0:free=9.9GiB util=84% | remaining: gemma_3_12b_it=2842, mistral_7b_instruct_v03=1869, qwen3_8b=1298
[SCHEDULER_HEARTBEAT] running=[] | gpu0:free=9.8GiB util=83% | remaining: gemma_3_12b_it=2842, mistral_7b_instruct_v03=1868, qwen3_8b=1296
[SCHEDULER_HEARTBEAT] running=[] | gpu0:free=9.6GiB util=91% | remaining: gemma_3_12b_it=2842, mistral_7b_instruct_v03=1868, qwen3_8b=1294
[SCHEDULER_HEARTBEAT] running=[] | gpu0:free=9.8GiB util=86% | remaining: gemma_3_12b_it=2842, mistral_7b_instruct_v03=1868, qwen3_8b=1292
[SCHEDULER_HEARTBEAT] running=[] | gpu0:free=9.8GiB util=86% | remaining: gemma_3_12b_it=2842, mistral_7b_instruct_v03=1867, qwen3_8b=1284
[SCHEDULER_HEARTBEAT] running=[] | gpu0:free=9.6GiB util=88% | remaining: gemma_3_12b_it=2842, mistral_7b_instruct_v03=1867, qwen3_8b=1278
[SCHEDULER_HEARTBEAT] running=[] | gpu0:free=9.6GiB util=90% | remaining: gemma_3_12b_it=2842, mistral_7b_instruct_v03=1867, qwen3_8b=1274
[SCHEDULER_HEARTBEAT] running=[] | gpu0:free=9.7GiB util=84% | remaining: gemma_3_12b_it=2842, mistral_7b_instruct_v03=1867, qwen3_8b=1268
[SCHEDULER_HEARTBEAT] running=[] | gpu0:free=9.7GiB util=84% | remaining: gemma_3_12b_it=2842, mistral_7b_instruct_v03=1866, qwen3_8b=1266
[SCHEDULER_HEARTBEAT] running=[] | gpu0:free=9.8GiB util=86% | remaining: gemma_3_12b_it=2842, mistral_7b_instruct_v03=1865, qwen3_8b=1254
[SCHEDULER_HEARTBEAT] running=[] | gpu0:free=9.8GiB util=87% | remaining: gemma_3_12b_it=2842, mistral_7b_instruct_v03=1865, qwen3_8b=1250
[SCHEDULER_HEARTBEAT] running=[] | gpu0:free=9.7GiB util=86% | remaining: gemma_3_12b_it=2842, mistral_7b_instruct_v03=1865, qwen3_8b=1242
[SCHEDULER_HEARTBEAT] running=[] | gpu0:free=9.7GiB util=84% | remaining: gemma_3_12b_it=2842, mistral_7b_instruct_v03=1865, qwen3_8b=1236
[SCHEDULER_HEARTBEAT] running=[] | gpu0:free=9.9GiB util=86% | remaining: gemma_3_12b_it=2842, mistral_7b_instruct_v03=1863, qwen3_8b=1230
[SCHEDULER_HEARTBEAT] running=[] | gpu0:free=9.8GiB util=85% | remaining: gemma_3_12b_it=2842, mistral_7b_instruct_v03=1862, qwen3_8b=1222
[SCHEDULER_HEARTBEAT] running=[] | gpu0:free=9.8GiB util=86% | remaining: gemma_3_12b_it=2842, mistral_7b_instruct_v03=1862, qwen3_8b=1216
[SCHEDULER_HEARTBEAT] running=[] | gpu0:free=9.7GiB util=84% | remaining: gemma_3_12b_it=2842, mistral_7b_instruct_v03=1862, qwen3_8b=1212
[SCHEDULER_HEARTBEAT] running=[] | gpu0:free=9.9GiB util=90% | remaining: gemma_3_12b_it=2842, mistral_7b_instruct_v03=1861, qwen3_8b=1210
[SCHEDULER_HEARTBEAT] running=[] | gpu0:free=9.9GiB util=84% | remaining: gemma_3_12b_it=2842, mistral_7b_instruct_v03=1860, qwen3_8b=1202
[SCHEDULER_HEARTBEAT] running=[] | gpu0:free=9.9GiB util=84% | remaining: gemma_3_12b_it=2842, mistral_7b_instruct_v03=1860, qwen3_8b=1194
[SCHEDULER_HEARTBEAT] running=[] | gpu0:free=9.9GiB util=84% | remaining: gemma_3_12b_it=2842, mistral_7b_instruct_v03=1860, qwen3_8b=1190
[SCHEDULER_HEARTBEAT] running=[] | gpu0:free=9.7GiB util=83% | remaining: gemma_3_12b_it=2842, mistral_7b_instruct_v03=1860, qwen3_8b=1186
[SCHEDULER_HEARTBEAT] running=[] | gpu0:free=9.7GiB util=87% | remaining: gemma_3_12b_it=2842, mistral_7b_instruct_v03=1859, qwen3_8b=1180
[SCHEDULER_HEARTBEAT] running=[] | gpu0:free=9.6GiB util=88% | remaining: gemma_3_12b_it=2842, mistral_7b_instruct_v03=1859, qwen3_8b=1174
[SCHEDULER_HEARTBEAT] running=[] | gpu0:free=9.8GiB util=85% | remaining: gemma_3_12b_it=2842, mistral_7b_instruct_v03=1859, qwen3_8b=1168
[SCHEDULER_HEARTBEAT] running=[] | gpu0:free=9.7GiB util=86% | remaining: gemma_3_12b_it=2842, mistral_7b_instruct_v03=1857, qwen3_8b=1162
[SCHEDULER_HEARTBEAT] running=[] | gpu0:free=9.8GiB util=84% | remaining: gemma_3_12b_it=2842, mistral_7b_instruct_v03=1857, qwen3_8b=1156
[SCHEDULER_HEARTBEAT] running=[] | gpu0:free=9.8GiB util=81% | remaining: gemma_3_12b_it=2842, mistral_7b_instruct_v03=1857, qwen3_8b=1150
[SCHEDULER_HEARTBEAT] running=[] | gpu0:free=9.6GiB util=88% | remaining: gemma_3_12b_it=2842, mistral_7b_instruct_v03=1857, qwen3_8b=1146
[SCHEDULER_HEARTBEAT] running=[] | gpu0:free=9.8GiB util=95% | remaining: gemma_3_12b_it=2842, mistral_7b_instruct_v03=1856, qwen3_8b=1136
[SCHEDULER_HEARTBEAT] running=[] | gpu0:free=9.6GiB util=82% | remaining: gemma_3_12b_it=2842, mistral_7b_instruct_v03=1856, qwen3_8b=1130
[SCHEDULER_HEARTBEAT] running=[] | gpu0:free=9.6GiB util=83% | remaining: gemma_3_12b_it=2842, mistral_7b_instruct_v03=1856, qwen3_8b=1126
[SCHEDULER_HEARTBEAT] running=[] | gpu0:free=9.7GiB util=85% | remaining: gemma_3_12b_it=2842, mistral_7b_instruct_v03=1856, qwen3_8b=1118
[SCHEDULER_HEARTBEAT] running=[] | gpu0:free=9.8GiB util=87% | remaining: gemma_3_12b_it=2842, mistral_7b_instruct_v03=1855, qwen3_8b=1114
[SCHEDULER_HEARTBEAT] running=[] | gpu0:free=9.6GiB util=83% | remaining: gemma_3_12b_it=2842, mistral_7b_instruct_v03=1855, qwen3_8b=1102
[SCHEDULER_HEARTBEAT] running=[] | gpu0:free=9.7GiB util=87% | remaining: gemma_3_12b_it=2842, mistral_7b_instruct_v03=1855, qwen3_8b=1096
[SCHEDULER_HEARTBEAT] running=[] | gpu0:free=9.7GiB util=82% | remaining: gemma_3_12b_it=2842, mistral_7b_instruct_v03=1855, qwen3_8b=1092
[SCHEDULER_HEARTBEAT] running=[] | gpu0:free=9.8GiB util=84% | remaining: gemma_3_12b_it=2842, mistral_7b_instruct_v03=1854, qwen3_8b=1084
[SCHEDULER_HEARTBEAT] running=[] | gpu0:free=9.8GiB util=85% | remaining: gemma_3_12b_it=2842, mistral_7b_instruct_v03=1854, qwen3_8b=1076
[SCHEDULER_HEARTBEAT] running=[] | gpu0:free=9.7GiB util=85% | remaining: gemma_3_12b_it=2842, mistral_7b_instruct_v03=1854, qwen3_8b=1066
[SCHEDULER_HEARTBEAT] running=[] | gpu0:free=9.8GiB util=88% | remaining: gemma_3_12b_it=2842, mistral_7b_instruct_v03=1853, qwen3_8b=1064
[SCHEDULER_HEARTBEAT] running=[] | gpu0:free=9.6GiB util=87% | remaining: gemma_3_12b_it=2842, mistral_7b_instruct_v03=1853, qwen3_8b=1056
[SCHEDULER_HEARTBEAT] running=[] | gpu0:free=9.8GiB util=87% | remaining: gemma_3_12b_it=2842, mistral_7b_instruct_v03=1852, qwen3_8b=1052
[SCHEDULER_HEARTBEAT] running=[] | gpu0:free=9.6GiB util=89% | remaining: gemma_3_12b_it=2842, mistral_7b_instruct_v03=1852, qwen3_8b=1048
[SCHEDULER_HEARTBEAT] running=[] | gpu0:free=9.7GiB util=85% | remaining: gemma_3_12b_it=2842, mistral_7b_instruct_v03=1850, qwen3_8b=1044
[SCHEDULER_HEARTBEAT] running=[] | gpu0:free=9.8GiB util=84% | remaining: gemma_3_12b_it=2842, mistral_7b_instruct_v03=1850, qwen3_8b=1036
[SCHEDULER_HEARTBEAT] running=[] | gpu0:free=9.6GiB util=88% | remaining: gemma_3_12b_it=2842, mistral_7b_instruct_v03=1850, qwen3_8b=1034
[SCHEDULER_HEARTBEAT] running=[] | gpu0:free=9.7GiB util=84% | remaining: gemma_3_12b_it=2842, mistral_7b_instruct_v03=1849, qwen3_8b=1030
[SCHEDULER_HEARTBEAT] running=[] | gpu0:free=9.6GiB util=86% | remaining: gemma_3_12b_it=2842, mistral_7b_instruct_v03=1849, qwen3_8b=1020
[SCHEDULER_HEARTBEAT] running=[] | gpu0:free=9.8GiB util=84% | remaining: gemma_3_12b_it=2842, mistral_7b_instruct_v03=1849, qwen3_8b=1010
[SCHEDULER_HEARTBEAT] running=[] | gpu0:free=9.6GiB util=85% | remaining: gemma_3_12b_it=2842, mistral_7b_instruct_v03=1849, qwen3_8b=1006
[SCHEDULER_HEARTBEAT] running=[] | gpu0:free=9.6GiB util=84% | remaining: gemma_3_12b_it=2842, mistral_7b_instruct_v03=1849, qwen3_8b=996
[SCHEDULER_HEARTBEAT] running=[] | gpu0:free=9.9GiB util=87% | remaining: gemma_3_12b_it=2842, mistral_7b_instruct_v03=1848, qwen3_8b=992
[SCHEDULER_HEARTBEAT] running=[] | gpu0:free=9.7GiB util=82% | remaining: gemma_3_12b_it=2842, mistral_7b_instruct_v03=1847, qwen3_8b=986
[SCHEDULER_HEARTBEAT] running=[] | gpu0:free=9.6GiB util=85% | remaining: gemma_3_12b_it=2842, mistral_7b_instruct_v03=1847, qwen3_8b=984
[SCHEDULER_HEARTBEAT] running=[] | gpu0:free=9.7GiB util=86% | remaining: gemma_3_12b_it=2842, mistral_7b_instruct_v03=1846, qwen3_8b=978
[SCHEDULER_HEARTBEAT] running=[] | gpu0:free=9.6GiB util=85% | remaining: gemma_3_12b_it=2842, mistral_7b_instruct_v03=1846, qwen3_8b=972
[SCHEDULER_HEARTBEAT] running=[] | gpu0:free=9.7GiB util=81% | remaining: gemma_3_12b_it=2842, mistral_7b_instruct_v03=1846, qwen3_8b=970
[SCHEDULER_HEARTBEAT] running=[] | gpu0:free=9.8GiB util=94% | remaining: gemma_3_12b_it=2842, mistral_7b_instruct_v03=1845, qwen3_8b=958
[SCHEDULER_HEARTBEAT] running=[] | gpu0:free=9.9GiB util=84% | remaining: gemma_3_12b_it=2842, mistral_7b_instruct_v03=1845, qwen3_8b=950
[SCHEDULER_HEARTBEAT] running=[] | gpu0:free=9.8GiB util=91% | remaining: gemma_3_12b_it=2842, mistral_7b_instruct_v03=1845, qwen3_8b=950
[SCHEDULER_HEARTBEAT] running=[] | gpu0:free=9.5GiB util=85% | remaining: gemma_3_12b_it=2842, mistral_7b_instruct_v03=1845, qwen3_8b=944
[SCHEDULER_HEARTBEAT] running=[] | gpu0:free=9.8GiB util=83% | remaining: gemma_3_12b_it=2842, mistral_7b_instruct_v03=1844, qwen3_8b=938
[SCHEDULER_HEARTBEAT] running=[] | gpu0:free=9.8GiB util=84% | remaining: gemma_3_12b_it=2842, mistral_7b_instruct_v03=1843, qwen3_8b=930
[SCHEDULER_HEARTBEAT] running=[] | gpu0:free=9.8GiB util=86% | remaining: gemma_3_12b_it=2842, mistral_7b_instruct_v03=1841, qwen3_8b=922
[SCHEDULER_HEARTBEAT] running=[] | gpu0:free=9.7GiB util=85% | remaining: gemma_3_12b_it=2842, mistral_7b_instruct_v03=1841, qwen3_8b=912
[SCHEDULER_HEARTBEAT] running=[] | gpu0:free=9.8GiB util=88% | remaining: gemma_3_12b_it=2842, mistral_7b_instruct_v03=1841, qwen3_8b=908
[SCHEDULER_HEARTBEAT] running=[] | gpu0:free=9.6GiB util=86% | remaining: gemma_3_12b_it=2842, mistral_7b_instruct_v03=1840, qwen3_8b=900
[SCHEDULER_HEARTBEAT] running=[] | gpu0:free=9.8GiB util=86% | remaining: gemma_3_12b_it=2842, mistral_7b_instruct_v03=1839, qwen3_8b=894
[SCHEDULER_HEARTBEAT] running=[] | gpu0:free=9.6GiB util=87% | remaining: gemma_3_12b_it=2842, mistral_7b_instruct_v03=1839, qwen3_8b=890
[SCHEDULER_HEARTBEAT] running=[] | gpu0:free=9.7GiB util=86% | remaining: gemma_3_12b_it=2842, mistral_7b_instruct_v03=1839, qwen3_8b=884
[SCHEDULER_HEARTBEAT] running=[] | gpu0:free=9.7GiB util=82% | remaining: gemma_3_12b_it=2842, mistral_7b_instruct_v03=1839, qwen3_8b=878
[SCHEDULER_HEARTBEAT] running=[] | gpu0:free=9.6GiB util=87% | remaining: gemma_3_12b_it=2842, mistral_7b_instruct_v03=1838, qwen3_8b=872
[SCHEDULER_HEARTBEAT] running=[] | gpu0:free=9.6GiB util=87% | remaining: gemma_3_12b_it=2842, mistral_7b_instruct_v03=1838, qwen3_8b=870
[SCHEDULER_HEARTBEAT] running=[] | gpu0:free=9.6GiB util=85% | remaining: gemma_3_12b_it=2842, mistral_7b_instruct_v03=1837, qwen3_8b=862
[SCHEDULER_HEARTBEAT] running=[] | gpu0:free=9.7GiB util=82% | remaining: gemma_3_12b_it=2842, mistral_7b_instruct_v03=1837, qwen3_8b=858
[SCHEDULER_HEARTBEAT] running=[] | gpu0:free=9.7GiB util=82% | remaining: gemma_3_12b_it=2842, mistral_7b_instruct_v03=1837, qwen3_8b=848
[SCHEDULER_HEARTBEAT] running=[] | gpu0:free=9.5GiB util=82% | remaining: gemma_3_12b_it=2842, mistral_7b_instruct_v03=1837, qwen3_8b=840
[SCHEDULER_HEARTBEAT] running=[] | gpu0:free=9.7GiB util=85% | remaining: gemma_3_12b_it=2842, mistral_7b_instruct_v03=1837, qwen3_8b=830
[SCHEDULER_HEARTBEAT] running=[] | gpu0:free=9.8GiB util=82% | remaining: gemma_3_12b_it=2842, mistral_7b_instruct_v03=1836, qwen3_8b=824
[SCHEDULER_HEARTBEAT] running=[] | gpu0:free=9.7GiB util=89% | remaining: gemma_3_12b_it=2842, mistral_7b_instruct_v03=1836, qwen3_8b=816
[SCHEDULER_HEARTBEAT] running=[] | gpu0:free=9.6GiB util=85% | remaining: gemma_3_12b_it=2842, mistral_7b_instruct_v03=1836, qwen3_8b=808
[SCHEDULER_HEARTBEAT] running=[] | gpu0:free=9.7GiB util=88% | remaining: gemma_3_12b_it=2842, mistral_7b_instruct_v03=1836, qwen3_8b=800
[SCHEDULER_HEARTBEAT] running=[] | gpu0:free=9.8GiB util=89% | remaining: gemma_3_12b_it=2842, mistral_7b_instruct_v03=1835, qwen3_8b=792
[SCHEDULER_HEARTBEAT] running=[] | gpu0:free=9.6GiB util=95% | remaining: gemma_3_12b_it=2842, mistral_7b_instruct_v03=1835, qwen3_8b=782
[SCHEDULER_HEARTBEAT] running=[] | gpu0:free=9.6GiB util=87% | remaining: gemma_3_12b_it=2842, mistral_7b_instruct_v03=1835, qwen3_8b=774
[SCHEDULER_HEARTBEAT] running=[] | gpu0:free=9.7GiB util=86% | remaining: gemma_3_12b_it=2842, mistral_7b_instruct_v03=1835, qwen3_8b=766
[SCHEDULER_HEARTBEAT] running=[] | gpu0:free=9.5GiB util=86% | remaining: gemma_3_12b_it=2842, mistral_7b_instruct_v03=1835, qwen3_8b=760
[SCHEDULER_HEARTBEAT] running=[] | gpu0:free=9.6GiB util=87% | remaining: gemma_3_12b_it=2842, mistral_7b_instruct_v03=1834, qwen3_8b=748
[SCHEDULER_HEARTBEAT] running=[] | gpu0:free=9.6GiB util=86% | remaining: gemma_3_12b_it=2842, mistral_7b_instruct_v03=1834, qwen3_8b=738
[SCHEDULER_HEARTBEAT] running=[] | gpu0:free=9.6GiB util=84% | remaining: gemma_3_12b_it=2842, mistral_7b_instruct_v03=1833, qwen3_8b=726
[SCHEDULER_HEARTBEAT] running=[] | gpu0:free=9.8GiB util=74% | remaining: gemma_3_12b_it=2842, mistral_7b_instruct_v03=1832, qwen3_8b=716
[SCHEDULER_HEARTBEAT] running=[] | gpu0:free=9.7GiB util=87% | remaining: gemma_3_12b_it=2842, mistral_7b_instruct_v03=1832, qwen3_8b=710
[SCHEDULER_HEARTBEAT] running=[] | gpu0:free=9.8GiB util=88% | remaining: gemma_3_12b_it=2842, mistral_7b_instruct_v03=1831, qwen3_8b=706
[SCHEDULER_HEARTBEAT] running=[] | gpu0:free=9.7GiB util=83% | remaining: gemma_3_12b_it=2842, mistral_7b_instruct_v03=1831, qwen3_8b=702
[SCHEDULER_HEARTBEAT] running=[] | gpu0:free=9.6GiB util=100% | remaining: gemma_3_12b_it=2842, mistral_7b_instruct_v03=1831, qwen3_8b=698
[SCHEDULER_HEARTBEAT] running=[] | gpu0:free=9.8GiB util=83% | remaining: gemma_3_12b_it=2842, mistral_7b_instruct_v03=1831, qwen3_8b=694
[SCHEDULER_HEARTBEAT] running=[] | gpu0:free=9.5GiB util=86% | remaining: gemma_3_12b_it=2842, mistral_7b_instruct_v03=1831, qwen3_8b=690
[SCHEDULER_HEARTBEAT] running=[] | gpu0:free=9.7GiB util=83% | remaining: gemma_3_12b_it=2842, mistral_7b_instruct_v03=1830, qwen3_8b=688
[SCHEDULER_HEARTBEAT] running=[] | gpu0:free=9.8GiB util=83% | remaining: gemma_3_12b_it=2842, mistral_7b_instruct_v03=1828, qwen3_8b=682
[SCHEDULER_HEARTBEAT] running=[] | gpu0:free=9.6GiB util=88% | remaining: gemma_3_12b_it=2842, mistral_7b_instruct_v03=1828, qwen3_8b=678
[SCHEDULER_HEARTBEAT] running=[] | gpu0:free=9.7GiB util=88% | remaining: gemma_3_12b_it=2842, mistral_7b_instruct_v03=1828, qwen3_8b=674
[SCHEDULER_HEARTBEAT] running=[] | gpu0:free=9.5GiB util=85% | remaining: gemma_3_12b_it=2842, mistral_7b_instruct_v03=1828, qwen3_8b=670
[SCHEDULER_HEARTBEAT] running=[] | gpu0:free=9.7GiB util=86% | remaining: gemma_3_12b_it=2842, mistral_7b_instruct_v03=1827, qwen3_8b=668
[SCHEDULER_HEARTBEAT] running=[] | gpu0:free=9.7GiB util=89% | remaining: gemma_3_12b_it=2842, mistral_7b_instruct_v03=1826, qwen3_8b=666
[SCHEDULER_HEARTBEAT] running=[] | gpu0:free=9.8GiB util=88% | remaining: gemma_3_12b_it=2842, mistral_7b_instruct_v03=1826, qwen3_8b=662
[SCHEDULER_HEARTBEAT] running=[] | gpu0:free=9.7GiB util=86% | remaining: gemma_3_12b_it=2842, mistral_7b_instruct_v03=1826, qwen3_8b=658
[SCHEDULER_HEARTBEAT] running=[] | gpu0:free=9.6GiB util=82% | remaining: gemma_3_12b_it=2842, mistral_7b_instruct_v03=1826, qwen3_8b=654
[SCHEDULER_HEARTBEAT] running=[] | gpu0:free=9.6GiB util=89% | remaining: gemma_3_12b_it=2842, mistral_7b_instruct_v03=1825, qwen3_8b=650
[SCHEDULER_HEARTBEAT] running=[] | gpu0:free=9.7GiB util=90% | remaining: gemma_3_12b_it=2842, mistral_7b_instruct_v03=1825, qwen3_8b=648
[SCHEDULER_HEARTBEAT] running=[] | gpu0:free=9.5GiB util=85% | remaining: gemma_3_12b_it=2842, mistral_7b_instruct_v03=1825, qwen3_8b=644
[SCHEDULER_HEARTBEAT] running=[] | gpu0:free=9.7GiB util=92% | remaining: gemma_3_12b_it=2842, mistral_7b_instruct_v03=1825, qwen3_8b=642
[SCHEDULER_HEARTBEAT] running=[] | gpu0:free=9.6GiB util=91% | remaining: gemma_3_12b_it=2842, mistral_7b_instruct_v03=1825, qwen3_8b=638
[SCHEDULER_HEARTBEAT] running=[] | gpu0:free=9.6GiB util=86% | remaining: gemma_3_12b_it=2842, mistral_7b_instruct_v03=1823, qwen3_8b=634
[SCHEDULER_HEARTBEAT] running=[] | gpu0:free=9.6GiB util=90% | remaining: gemma_3_12b_it=2842, mistral_7b_instruct_v03=1823, qwen3_8b=632
[SCHEDULER_HEARTBEAT] running=[] | gpu0:free=9.7GiB util=88% | remaining: gemma_3_12b_it=2842, mistral_7b_instruct_v03=1823, qwen3_8b=628
[SCHEDULER_HEARTBEAT] running=[] | gpu0:free=9.6GiB util=89% | remaining: gemma_3_12b_it=2842, mistral_7b_instruct_v03=1823, qwen3_8b=626
[SCHEDULER_HEARTBEAT] running=[] | gpu0:free=9.6GiB util=92% | remaining: gemma_3_12b_it=2842, mistral_7b_instruct_v03=1823, qwen3_8b=626
[SCHEDULER_HEARTBEAT] running=[] | gpu0:free=9.7GiB util=90% | remaining: gemma_3_12b_it=2842, mistral_7b_instruct_v03=1822, qwen3_8b=622
[SCHEDULER_HEARTBEAT] running=[] | gpu0:free=9.5GiB util=89% | remaining: gemma_3_12b_it=2842, mistral_7b_instruct_v03=1821, qwen3_8b=620
[SCHEDULER_HEARTBEAT] running=[] | gpu0:free=9.6GiB util=89% | remaining: gemma_3_12b_it=2842, mistral_7b_instruct_v03=1821, qwen3_8b=616
[SCHEDULER_HEARTBEAT] running=[] | gpu0:free=9.7GiB util=87% | remaining: gemma_3_12b_it=2842, mistral_7b_instruct_v03=1820, qwen3_8b=614
[SCHEDULER_HEARTBEAT] running=[] | gpu0:free=9.6GiB util=86% | remaining: gemma_3_12b_it=2842, mistral_7b_instruct_v03=1820, qwen3_8b=608
[SCHEDULER_HEARTBEAT] running=[] | gpu0:free=9.6GiB util=89% | remaining: gemma_3_12b_it=2842, mistral_7b_instruct_v03=1820, qwen3_8b=606
[SCHEDULER_HEARTBEAT] running=[] | gpu0:free=9.5GiB util=86% | remaining: gemma_3_12b_it=2842, mistral_7b_instruct_v03=1818, qwen3_8b=604
[SCHEDULER_HEARTBEAT] running=[] | gpu0:free=9.5GiB util=85% | remaining: gemma_3_12b_it=2842, mistral_7b_instruct_v03=1817, qwen3_8b=600
[SCHEDULER_HEARTBEAT] running=[] | gpu0:free=9.6GiB util=84% | remaining: gemma_3_12b_it=2842, mistral_7b_instruct_v03=1817, qwen3_8b=596
[SCHEDULER_HEARTBEAT] running=[] | gpu0:free=9.5GiB util=83% | remaining: gemma_3_12b_it=2842, mistral_7b_instruct_v03=1817, qwen3_8b=594
[SCHEDULER_HEARTBEAT] running=[] | gpu0:free=9.4GiB util=93% | remaining: gemma_3_12b_it=2842, mistral_7b_instruct_v03=1817, qwen3_8b=592
[SCHEDULER_HEARTBEAT] running=[] | gpu0:free=9.4GiB util=93% | remaining: gemma_3_12b_it=2842, mistral_7b_instruct_v03=1817, qwen3_8b=590
[SCHEDULER_HEARTBEAT] running=[] | gpu0:free=9.5GiB util=86% | remaining: gemma_3_12b_it=2842, mistral_7b_instruct_v03=1816, qwen3_8b=586
[SCHEDULER_HEARTBEAT] running=[] | gpu0:free=9.6GiB util=85% | remaining: gemma_3_12b_it=2842, mistral_7b_instruct_v03=1814, qwen3_8b=582
[SCHEDULER_HEARTBEAT] running=[] | gpu0:free=9.6GiB util=84% | remaining: gemma_3_12b_it=2842, mistral_7b_instruct_v03=1812, qwen3_8b=578
[SCHEDULER_HEARTBEAT] running=[] | gpu0:free=9.6GiB util=81% | remaining: gemma_3_12b_it=2842, mistral_7b_instruct_v03=1811, qwen3_8b=574
[SCHEDULER_HEARTBEAT] running=[] | gpu0:free=9.5GiB util=89% | remaining: gemma_3_12b_it=2842, mistral_7b_instruct_v03=1811, qwen3_8b=570
[SCHEDULER_HEARTBEAT] running=[] | gpu0:free=9.6GiB util=84% | remaining: gemma_3_12b_it=2842, mistral_7b_instruct_v03=1811, qwen3_8b=568
[SCHEDULER_HEARTBEAT] running=[] | gpu0:free=9.4GiB util=88% | remaining: gemma_3_12b_it=2842, mistral_7b_instruct_v03=1811, qwen3_8b=564
[SCHEDULER_HEARTBEAT] running=[] | gpu0:free=9.4GiB util=88% | remaining: gemma_3_12b_it=2842, mistral_7b_instruct_v03=1811, qwen3_8b=562
[SCHEDULER_HEARTBEAT] running=[] | gpu0:free=9.5GiB util=83% | remaining: gemma_3_12b_it=2842, mistral_7b_instruct_v03=1809, qwen3_8b=558
[SCHEDULER_HEARTBEAT] running=[] | gpu0:free=9.7GiB util=84% | remaining: gemma_3_12b_it=2842, mistral_7b_instruct_v03=1808, qwen3_8b=556
[SCHEDULER_HEARTBEAT] running=[] | gpu0:free=9.6GiB util=89% | remaining: gemma_3_12b_it=2842, mistral_7b_instruct_v03=1807, qwen3_8b=552
[SCHEDULER_HEARTBEAT] running=[] | gpu0:free=9.7GiB util=87% | remaining: gemma_3_12b_it=2842, mistral_7b_instruct_v03=1806, qwen3_8b=550
[SCHEDULER_HEARTBEAT] running=[] | gpu0:free=9.5GiB util=86% | remaining: gemma_3_12b_it=2842, mistral_7b_instruct_v03=1805, qwen3_8b=548
[SCHEDULER_HEARTBEAT] running=[] | gpu0:free=9.5GiB util=90% | remaining: gemma_3_12b_it=2842, mistral_7b_instruct_v03=1804, qwen3_8b=544
[SCHEDULER_HEARTBEAT] running=[] | gpu0:free=9.5GiB util=85% | remaining: gemma_3_12b_it=2842, mistral_7b_instruct_v03=1804, qwen3_8b=542
[SCHEDULER_HEARTBEAT] running=[] | gpu0:free=9.6GiB util=88% | remaining: gemma_3_12b_it=2842, mistral_7b_instruct_v03=1803, qwen3_8b=538
[SCHEDULER_HEARTBEAT] running=[] | gpu0:free=9.7GiB util=86% | remaining: gemma_3_12b_it=2842, mistral_7b_instruct_v03=1803, qwen3_8b=536
[SCHEDULER_HEARTBEAT] running=[] | gpu0:free=9.6GiB util=85% | remaining: gemma_3_12b_it=2842, mistral_7b_instruct_v03=1803, qwen3_8b=532
[SCHEDULER_HEARTBEAT] running=[] | gpu0:free=9.5GiB util=87% | remaining: gemma_3_12b_it=2842, mistral_7b_instruct_v03=1803, qwen3_8b=530
[SCHEDULER_HEARTBEAT] running=[] | gpu0:free=9.5GiB util=85% | remaining: gemma_3_12b_it=2842, mistral_7b_instruct_v03=1802, qwen3_8b=528
[SCHEDULER_HEARTBEAT] running=[] | gpu0:free=9.6GiB util=87% | remaining: gemma_3_12b_it=2842, mistral_7b_instruct_v03=1802, qwen3_8b=524
[SCHEDULER_HEARTBEAT] running=[] | gpu0:free=9.6GiB util=91% | remaining: gemma_3_12b_it=2842, mistral_7b_instruct_v03=1802, qwen3_8b=522
[SCHEDULER_HEARTBEAT] running=[] | gpu0:free=9.4GiB util=85% | remaining: gemma_3_12b_it=2842, mistral_7b_instruct_v03=1802, qwen3_8b=520
[SCHEDULER_HEARTBEAT] running=[] | gpu0:free=9.5GiB util=86% | remaining: gemma_3_12b_it=2842, mistral_7b_instruct_v03=1801, qwen3_8b=518
[SCHEDULER_HEARTBEAT] running=[] | gpu0:free=9.6GiB util=83% | remaining: gemma_3_12b_it=2842, mistral_7b_instruct_v03=1801, qwen3_8b=514
[SCHEDULER_HEARTBEAT] running=[] | gpu0:free=9.4GiB util=89% | remaining: gemma_3_12b_it=2842, mistral_7b_instruct_v03=1800, qwen3_8b=512
[SCHEDULER_HEARTBEAT] running=[] | gpu0:free=9.5GiB util=89% | remaining: gemma_3_12b_it=2842, mistral_7b_instruct_v03=1800, qwen3_8b=510
[SCHEDULER_HEARTBEAT] running=[] | gpu0:free=9.5GiB util=86% | remaining: gemma_3_12b_it=2842, mistral_7b_instruct_v03=1800, qwen3_8b=508
[SCHEDULER_HEARTBEAT] running=[] | gpu0:free=9.5GiB util=89% | remaining: gemma_3_12b_it=2842, mistral_7b_instruct_v03=1799, qwen3_8b=504
[SCHEDULER_HEARTBEAT] running=[] | gpu0:free=9.6GiB util=87% | remaining: gemma_3_12b_it=2842, mistral_7b_instruct_v03=1799, qwen3_8b=502
[SCHEDULER_HEARTBEAT] running=[] | gpu0:free=9.6GiB util=89% | remaining: gemma_3_12b_it=2842, mistral_7b_instruct_v03=1798, qwen3_8b=500
[SCHEDULER_HEARTBEAT] running=[] | gpu0:free=9.7GiB util=88% | remaining: gemma_3_12b_it=2842, mistral_7b_instruct_v03=1797, qwen3_8b=496
[SCHEDULER_HEARTBEAT] running=[] | gpu0:free=9.6GiB util=90% | remaining: gemma_3_12b_it=2842, mistral_7b_instruct_v03=1796, qwen3_8b=494
[SCHEDULER_HEARTBEAT] running=[] | gpu0:free=9.4GiB util=96% | remaining: gemma_3_12b_it=2842, mistral_7b_instruct_v03=1796, qwen3_8b=490
[SCHEDULER_HEARTBEAT] running=[] | gpu0:free=9.5GiB util=100% | remaining: gemma_3_12b_it=2842, mistral_7b_instruct_v03=1795, qwen3_8b=488
[SCHEDULER_HEARTBEAT] running=[] | gpu0:free=9.4GiB util=87% | remaining: gemma_3_12b_it=2842, mistral_7b_instruct_v03=1795, qwen3_8b=486
[SCHEDULER_HEARTBEAT] running=[] | gpu0:free=9.4GiB util=89% | remaining: gemma_3_12b_it=2842, mistral_7b_instruct_v03=1795, qwen3_8b=484
[SCHEDULER_HEARTBEAT] running=[] | gpu0:free=9.5GiB util=84% | remaining: gemma_3_12b_it=2842, mistral_7b_instruct_v03=1795, qwen3_8b=482
[SCHEDULER_HEARTBEAT] running=[] | gpu0:free=9.7GiB util=91% | remaining: gemma_3_12b_it=2842, mistral_7b_instruct_v03=1794, qwen3_8b=480
[SCHEDULER_HEARTBEAT] running=[] | gpu0:free=9.6GiB util=89% | remaining: gemma_3_12b_it=2842, mistral_7b_instruct_v03=1794, qwen3_8b=478
[SCHEDULER_HEARTBEAT] running=[] | gpu0:free=9.6GiB util=85% | remaining: gemma_3_12b_it=2842, mistral_7b_instruct_v03=1794, qwen3_8b=474
[SCHEDULER_HEARTBEAT] running=[] | gpu0:free=9.6GiB util=88% | remaining: gemma_3_12b_it=2842, mistral_7b_instruct_v03=1794, qwen3_8b=472
[SCHEDULER_HEARTBEAT] running=[] | gpu0:free=9.6GiB util=88% | remaining: gemma_3_12b_it=2842, mistral_7b_instruct_v03=1794, qwen3_8b=470
[SCHEDULER_HEARTBEAT] running=[] | gpu0:free=9.5GiB util=85% | remaining: gemma_3_12b_it=2842, mistral_7b_instruct_v03=1793, qwen3_8b=468
[SCHEDULER_HEARTBEAT] running=[] | gpu0:free=9.7GiB util=83% | remaining: gemma_3_12b_it=2842, mistral_7b_instruct_v03=1792, qwen3_8b=466
[SCHEDULER_HEARTBEAT] running=[] | gpu0:free=9.7GiB util=87% | remaining: gemma_3_12b_it=2842, mistral_7b_instruct_v03=1792, qwen3_8b=464
[SCHEDULER_HEARTBEAT] running=[] | gpu0:free=9.6GiB util=92% | remaining: gemma_3_12b_it=2842, mistral_7b_instruct_v03=1792, qwen3_8b=462
[SCHEDULER_HEARTBEAT] running=[] | gpu0:free=9.5GiB util=91% | remaining: gemma_3_12b_it=2842, mistral_7b_instruct_v03=1792, qwen3_8b=460
[SCHEDULER_HEARTBEAT] running=[] | gpu0:free=9.4GiB util=92% | remaining: gemma_3_12b_it=2842, mistral_7b_instruct_v03=1792, qwen3_8b=456
[SCHEDULER_HEARTBEAT] running=[] | gpu0:free=9.5GiB util=85% | remaining: gemma_3_12b_it=2842, mistral_7b_instruct_v03=1791, qwen3_8b=454
[SCHEDULER_HEARTBEAT] running=[] | gpu0:free=9.6GiB util=88% | remaining: gemma_3_12b_it=2842, mistral_7b_instruct_v03=1790, qwen3_8b=452
[SCHEDULER_HEARTBEAT] running=[] | gpu0:free=9.5GiB util=100% | remaining: gemma_3_12b_it=2842, mistral_7b_instruct_v03=1789, qwen3_8b=448
[SCHEDULER_HEARTBEAT] running=[] | gpu0:free=9.5GiB util=94% | remaining: gemma_3_12b_it=2842, mistral_7b_instruct_v03=1788, qwen3_8b=448
[SCHEDULER_HEARTBEAT] running=[] | gpu0:free=9.7GiB util=85% | remaining: gemma_3_12b_it=2842, mistral_7b_instruct_v03=1787, qwen3_8b=446
[SCHEDULER_HEARTBEAT] running=[] | gpu0:free=9.4GiB util=85% | remaining: gemma_3_12b_it=2842, mistral_7b_instruct_v03=1787, qwen3_8b=442
[SCHEDULER_HEARTBEAT] running=[] | gpu0:free=9.4GiB util=87% | remaining: gemma_3_12b_it=2842, mistral_7b_instruct_v03=1787, qwen3_8b=440
[SCHEDULER_HEARTBEAT] running=[] | gpu0:free=9.5GiB util=91% | remaining: gemma_3_12b_it=2842, mistral_7b_instruct_v03=1787, qwen3_8b=438
[SCHEDULER_HEARTBEAT] running=[] | gpu0:free=9.6GiB util=88% | remaining: gemma_3_12b_it=2842, mistral_7b_instruct_v03=1787, qwen3_8b=434
[SCHEDULER_HEARTBEAT] running=[] | gpu0:free=9.6GiB util=85% | remaining: gemma_3_12b_it=2842, mistral_7b_instruct_v03=1786, qwen3_8b=432
[SCHEDULER_HEARTBEAT] running=[] | gpu0:free=9.4GiB util=84% | remaining: gemma_3_12b_it=2842, mistral_7b_instruct_v03=1786, qwen3_8b=430
[SCHEDULER_HEARTBEAT] running=[] | gpu0:free=9.6GiB util=86% | remaining: gemma_3_12b_it=2842, mistral_7b_instruct_v03=1784, qwen3_8b=428
[SCHEDULER_HEARTBEAT] running=[] | gpu0:free=9.4GiB util=90% | remaining: gemma_3_12b_it=2842, mistral_7b_instruct_v03=1784, qwen3_8b=426
[SCHEDULER_HEARTBEAT] running=[] | gpu0:free=9.6GiB util=82% | remaining: gemma_3_12b_it=2842, mistral_7b_instruct_v03=1784, qwen3_8b=424
[SCHEDULER_HEARTBEAT] running=[] | gpu0:free=9.5GiB util=84% | remaining: gemma_3_12b_it=2842, mistral_7b_instruct_v03=1784, qwen3_8b=420
[SCHEDULER_HEARTBEAT] running=[] | gpu0:free=9.4GiB util=89% | remaining: gemma_3_12b_it=2842, mistral_7b_instruct_v03=1783, qwen3_8b=418
[SCHEDULER_HEARTBEAT] running=[] | gpu0:free=9.6GiB util=84% | remaining: gemma_3_12b_it=2842, mistral_7b_instruct_v03=1781, qwen3_8b=416
[SCHEDULER_HEARTBEAT] running=[] | gpu0:free=9.7GiB util=90% | remaining: gemma_3_12b_it=2842, mistral_7b_instruct_v03=1780, qwen3_8b=414
[SCHEDULER_HEARTBEAT] running=[] | gpu0:free=9.7GiB util=85% | remaining: gemma_3_12b_it=2842, mistral_7b_instruct_v03=1779, qwen3_8b=410
[SCHEDULER_HEARTBEAT] running=[] | gpu0:free=9.5GiB util=87% | remaining: gemma_3_12b_it=2842, mistral_7b_instruct_v03=1778, qwen3_8b=408
[SCHEDULER_HEARTBEAT] running=[] | gpu0:free=9.5GiB util=87% | remaining: gemma_3_12b_it=2842, mistral_7b_instruct_v03=1777, qwen3_8b=406
[SCHEDULER_HEARTBEAT] running=[] | gpu0:free=9.6GiB util=87% | remaining: gemma_3_12b_it=2842, mistral_7b_instruct_v03=1776, qwen3_8b=404
[SCHEDULER_HEARTBEAT] running=[] | gpu0:free=9.6GiB util=82% | remaining: gemma_3_12b_it=2842, mistral_7b_instruct_v03=1775, qwen3_8b=402
[SCHEDULER_HEARTBEAT] running=[] | gpu0:free=9.6GiB util=84% | remaining: gemma_3_12b_it=2842, mistral_7b_instruct_v03=1774, qwen3_8b=400
[SCHEDULER_HEARTBEAT] running=[] | gpu0:free=9.5GiB util=88% | remaining: gemma_3_12b_it=2842, mistral_7b_instruct_v03=1773, qwen3_8b=396
[SCHEDULER_HEARTBEAT] running=[] | gpu0:free=9.4GiB util=90% | remaining: gemma_3_12b_it=2842, mistral_7b_instruct_v03=1773, qwen3_8b=394
[SCHEDULER_HEARTBEAT] running=[] | gpu0:free=9.5GiB util=92% | remaining: gemma_3_12b_it=2842, mistral_7b_instruct_v03=1773, qwen3_8b=394
[SCHEDULER_HEARTBEAT] running=[] | gpu0:free=9.4GiB util=87% | remaining: gemma_3_12b_it=2842, mistral_7b_instruct_v03=1773, qwen3_8b=392
[SCHEDULER_HEARTBEAT] running=[] | gpu0:free=9.6GiB util=92% | remaining: gemma_3_12b_it=2842, mistral_7b_instruct_v03=1773, qwen3_8b=390
[SCHEDULER_HEARTBEAT] running=[] | gpu0:free=9.7GiB util=89% | remaining: gemma_3_12b_it=2842, mistral_7b_instruct_v03=1772, qwen3_8b=386
[SCHEDULER_HEARTBEAT] running=[] | gpu0:free=9.4GiB util=91% | remaining: gemma_3_12b_it=2842, mistral_7b_instruct_v03=1772, qwen3_8b=386
[SCHEDULER_HEARTBEAT] running=[] | gpu0:free=9.6GiB util=83% | remaining: gemma_3_12b_it=2842, mistral_7b_instruct_v03=1772, qwen3_8b=384
[SCHEDULER_HEARTBEAT] running=[] | gpu0:free=9.6GiB util=90% | remaining: gemma_3_12b_it=2842, mistral_7b_instruct_v03=1771, qwen3_8b=382
[SCHEDULER_HEARTBEAT] running=[] | gpu0:free=9.6GiB util=90% | remaining: gemma_3_12b_it=2842, mistral_7b_instruct_v03=1771, qwen3_8b=380
[SCHEDULER_HEARTBEAT] running=[] | gpu0:free=9.4GiB util=91% | remaining: gemma_3_12b_it=2842, mistral_7b_instruct_v03=1771, qwen3_8b=378
[SCHEDULER_HEARTBEAT] running=[] | gpu0:free=9.5GiB util=87% | remaining: gemma_3_12b_it=2842, mistral_7b_instruct_v03=1771, qwen3_8b=376
[SCHEDULER_HEARTBEAT] running=[] | gpu0:free=9.5GiB util=90% | remaining: gemma_3_12b_it=2842, mistral_7b_instruct_v03=1771, qwen3_8b=374
[SCHEDULER_HEARTBEAT] running=[] | gpu0:free=9.4GiB util=82% | remaining: gemma_3_12b_it=2842, mistral_7b_instruct_v03=1770, qwen3_8b=372
[SCHEDULER_HEARTBEAT] running=[] | gpu0:free=9.6GiB util=89% | remaining: gemma_3_12b_it=2842, mistral_7b_instruct_v03=1770, qwen3_8b=370
[SCHEDULER_HEARTBEAT] running=[] | gpu0:free=9.5GiB util=91% | remaining: gemma_3_12b_it=2842, mistral_7b_instruct_v03=1770, qwen3_8b=368
[SCHEDULER_HEARTBEAT] running=[] | gpu0:free=9.5GiB util=89% | remaining: gemma_3_12b_it=2842, mistral_7b_instruct_v03=1770, qwen3_8b=366
[SCHEDULER_HEARTBEAT] running=[] | gpu0:free=9.7GiB util=83% | remaining: gemma_3_12b_it=2842, mistral_7b_instruct_v03=1769, qwen3_8b=364
[SCHEDULER_HEARTBEAT] running=[] | gpu0:free=9.4GiB util=88% | remaining: gemma_3_12b_it=2842, mistral_7b_instruct_v03=1768, qwen3_8b=362
[SCHEDULER_HEARTBEAT] running=[] | gpu0:free=9.6GiB util=85% | remaining: gemma_3_12b_it=2842, mistral_7b_instruct_v03=1767, qwen3_8b=360
[SCHEDULER_HEARTBEAT] running=[] | gpu0:free=9.6GiB util=89% | remaining: gemma_3_12b_it=2842, mistral_7b_instruct_v03=1767, qwen3_8b=358
[SCHEDULER_HEARTBEAT] running=[] | gpu0:free=9.4GiB util=92% | remaining: gemma_3_12b_it=2842, mistral_7b_instruct_v03=1766, qwen3_8b=356
[SCHEDULER_HEARTBEAT] running=[] | gpu0:free=9.7GiB util=93% | remaining: gemma_3_12b_it=2842, mistral_7b_instruct_v03=1765, qwen3_8b=356
[SCHEDULER_HEARTBEAT] running=[] | gpu0:free=9.6GiB util=100% | remaining: gemma_3_12b_it=2842, mistral_7b_instruct_v03=1764, qwen3_8b=352
[SCHEDULER_HEARTBEAT] running=[] | gpu0:free=9.6GiB util=93% | remaining: gemma_3_12b_it=2842, mistral_7b_instruct_v03=1763, qwen3_8b=352
[SCHEDULER_HEARTBEAT] running=[] | gpu0:free=9.7GiB util=93% | remaining: gemma_3_12b_it=2842, mistral_7b_instruct_v03=1761, qwen3_8b=350
[SCHEDULER_HEARTBEAT] running=[] | gpu0:free=9.6GiB util=91% | remaining: gemma_3_12b_it=2842, mistral_7b_instruct_v03=1760, qwen3_8b=348
[SCHEDULER_HEARTBEAT] running=[] | gpu0:free=9.6GiB util=85% | remaining: gemma_3_12b_it=2842, mistral_7b_instruct_v03=1759, qwen3_8b=346
[SCHEDULER_HEARTBEAT] running=[] | gpu0:free=9.6GiB util=89% | remaining: gemma_3_12b_it=2842, mistral_7b_instruct_v03=1757, qwen3_8b=344
[SCHEDULER_HEARTBEAT] running=[] | gpu0:free=9.4GiB util=83% | remaining: gemma_3_12b_it=2842, mistral_7b_instruct_v03=1757, qwen3_8b=342
[SCHEDULER_HEARTBEAT] running=[] | gpu0:free=9.6GiB util=89% | remaining: gemma_3_12b_it=2842, mistral_7b_instruct_v03=1755, qwen3_8b=340
[SCHEDULER_HEARTBEAT] running=[] | gpu0:free=9.6GiB util=89% | remaining: gemma_3_12b_it=2842, mistral_7b_instruct_v03=1755, qwen3_8b=338
[SCHEDULER_HEARTBEAT] running=[] | gpu0:free=9.6GiB util=90% | remaining: gemma_3_12b_it=2842, mistral_7b_instruct_v03=1755, qwen3_8b=336
[SCHEDULER_HEARTBEAT] running=[] | gpu0:free=9.5GiB util=89% | remaining: gemma_3_12b_it=2842, mistral_7b_instruct_v03=1755, qwen3_8b=334
[SCHEDULER_HEARTBEAT] running=[] | gpu0:free=9.4GiB util=91% | remaining: gemma_3_12b_it=2842, mistral_7b_instruct_v03=1754, qwen3_8b=332
[SCHEDULER_HEARTBEAT] running=[] | gpu0:free=9.4GiB util=86% | remaining: gemma_3_12b_it=2842, mistral_7b_instruct_v03=1754, qwen3_8b=330
[SCHEDULER_HEARTBEAT] running=[] | gpu0:free=9.5GiB util=89% | remaining: gemma_3_12b_it=2842, mistral_7b_instruct_v03=1754, qwen3_8b=328
[SCHEDULER_HEARTBEAT] running=[] | gpu0:free=9.4GiB util=87% | remaining: gemma_3_12b_it=2842, mistral_7b_instruct_v03=1753, qwen3_8b=326
[SCHEDULER_HEARTBEAT] running=[] | gpu0:free=9.5GiB util=87% | remaining: gemma_3_12b_it=2842, mistral_7b_instruct_v03=1753, qwen3_8b=324
[SCHEDULER_HEARTBEAT] running=[] | gpu0:free=9.4GiB util=91% | remaining: gemma_3_12b_it=2842, mistral_7b_instruct_v03=1752, qwen3_8b=322
[SCHEDULER_HEARTBEAT] running=[] | gpu0:free=9.4GiB util=87% | remaining: gemma_3_12b_it=2842, mistral_7b_instruct_v03=1752, qwen3_8b=320
[SCHEDULER_HEARTBEAT] running=[] | gpu0:free=9.6GiB util=90% | remaining: gemma_3_12b_it=2842, mistral_7b_instruct_v03=1752, qwen3_8b=318
[SCHEDULER_HEARTBEAT] running=[] | gpu0:free=9.3GiB util=86% | remaining: gemma_3_12b_it=2842, mistral_7b_instruct_v03=1752, qwen3_8b=316
[SCHEDULER_HEARTBEAT] running=[] | gpu0:free=9.5GiB util=84% | remaining: gemma_3_12b_it=2842, mistral_7b_instruct_v03=1751, qwen3_8b=314
[SCHEDULER_HEARTBEAT] running=[] | gpu0:free=9.4GiB util=83% | remaining: gemma_3_12b_it=2842, mistral_7b_instruct_v03=1751, qwen3_8b=312
[SCHEDULER_HEARTBEAT] running=[] | gpu0:free=9.5GiB util=89% | remaining: gemma_3_12b_it=2842, mistral_7b_instruct_v03=1750, qwen3_8b=310
[SCHEDULER_HEARTBEAT] running=[] | gpu0:free=9.4GiB util=91% | remaining: gemma_3_12b_it=2842, mistral_7b_instruct_v03=1748, qwen3_8b=308
[SCHEDULER_HEARTBEAT] running=[] | gpu0:free=9.4GiB util=85% | remaining: gemma_3_12b_it=2842, mistral_7b_instruct_v03=1747, qwen3_8b=306
[SCHEDULER_HEARTBEAT] running=[] | gpu0:free=9.4GiB util=91% | remaining: gemma_3_12b_it=2842, mistral_7b_instruct_v03=1746, qwen3_8b=302
[SCHEDULER_HEARTBEAT] running=[] | gpu0:free=9.4GiB util=85% | remaining: gemma_3_12b_it=2842, mistral_7b_instruct_v03=1744, qwen3_8b=300
[SCHEDULER_HEARTBEAT] running=[] | gpu0:free=9.5GiB util=90% | remaining: gemma_3_12b_it=2842, mistral_7b_instruct_v03=1744, qwen3_8b=298
[SCHEDULER_HEARTBEAT] running=[] | gpu0:free=9.5GiB util=95% | remaining: gemma_3_12b_it=2842, mistral_7b_instruct_v03=1744, qwen3_8b=298
[SCHEDULER_HEARTBEAT] running=[] | gpu0:free=9.6GiB util=93% | remaining: gemma_3_12b_it=2842, mistral_7b_instruct_v03=1743, qwen3_8b=296
[SCHEDULER_HEARTBEAT] running=[] | gpu0:free=9.4GiB util=84% | remaining: gemma_3_12b_it=2842, mistral_7b_instruct_v03=1743, qwen3_8b=292
[SCHEDULER_HEARTBEAT] running=[] | gpu0:free=9.4GiB util=85% | remaining: gemma_3_12b_it=2842, mistral_7b_instruct_v03=1742, qwen3_8b=290
[SCHEDULER_HEARTBEAT] running=[] | gpu0:free=9.5GiB util=93% | remaining: gemma_3_12b_it=2842, mistral_7b_instruct_v03=1742, qwen3_8b=288
[SCHEDULER_HEARTBEAT] running=[] | gpu0:free=9.6GiB util=86% | remaining: gemma_3_12b_it=2842, mistral_7b_instruct_v03=1742, qwen3_8b=286
[SCHEDULER_HEARTBEAT] running=[] | gpu0:free=9.3GiB util=92% | remaining: gemma_3_12b_it=2842, mistral_7b_instruct_v03=1742, qwen3_8b=284
[SCHEDULER_HEARTBEAT] running=[] | gpu0:free=9.4GiB util=88% | remaining: gemma_3_12b_it=2842, mistral_7b_instruct_v03=1741, qwen3_8b=282
[SCHEDULER_HEARTBEAT] running=[] | gpu0:free=9.4GiB util=86% | remaining: gemma_3_12b_it=2842, mistral_7b_instruct_v03=1741, qwen3_8b=280
[SCHEDULER_HEARTBEAT] running=[] | gpu0:free=9.5GiB util=92% | remaining: gemma_3_12b_it=2842, mistral_7b_instruct_v03=1741, qwen3_8b=278
[SCHEDULER_HEARTBEAT] running=[] | gpu0:free=9.5GiB util=92% | remaining: gemma_3_12b_it=2842, mistral_7b_instruct_v03=1741, qwen3_8b=276
[SCHEDULER_HEARTBEAT] running=[] | gpu0:free=9.3GiB util=92% | remaining: gemma_3_12b_it=2842, mistral_7b_instruct_v03=1741, qwen3_8b=274
[SCHEDULER_HEARTBEAT] running=[] | gpu0:free=9.6GiB util=91% | remaining: gemma_3_12b_it=2842, mistral_7b_instruct_v03=1739, qwen3_8b=272
[SCHEDULER_HEARTBEAT] running=[] | gpu0:free=9.5GiB util=84% | remaining: gemma_3_12b_it=2842, mistral_7b_instruct_v03=1739, qwen3_8b=270
[SCHEDULER_HEARTBEAT] running=[] | gpu0:free=9.4GiB util=87% | remaining: gemma_3_12b_it=2842, mistral_7b_instruct_v03=1739, qwen3_8b=268
[SCHEDULER_HEARTBEAT] running=[] | gpu0:free=9.5GiB util=88% | remaining: gemma_3_12b_it=2842, mistral_7b_instruct_v03=1739, qwen3_8b=264
[SCHEDULER_HEARTBEAT] running=[] | gpu0:free=9.4GiB util=100% | remaining: gemma_3_12b_it=2842, mistral_7b_instruct_v03=1738, qwen3_8b=262
[SCHEDULER_HEARTBEAT] running=[] | gpu0:free=9.5GiB util=94% | remaining: gemma_3_12b_it=2842, mistral_7b_instruct_v03=1738, qwen3_8b=262
[SCHEDULER_HEARTBEAT] running=[] | gpu0:free=9.4GiB util=86% | remaining: gemma_3_12b_it=2842, mistral_7b_instruct_v03=1737, qwen3_8b=258
[SCHEDULER_HEARTBEAT] running=[] | gpu0:free=9.4GiB util=91% | remaining: gemma_3_12b_it=2842, mistral_7b_instruct_v03=1736, qwen3_8b=256
[SCHEDULER_HEARTBEAT] running=[] | gpu0:free=9.6GiB util=91% | remaining: gemma_3_12b_it=2842, mistral_7b_instruct_v03=1735, qwen3_8b=254
[SCHEDULER_HEARTBEAT] running=[] | gpu0:free=9.6GiB util=89% | remaining: gemma_3_12b_it=2842, mistral_7b_instruct_v03=1734, qwen3_8b=252
[SCHEDULER_HEARTBEAT] running=[] | gpu0:free=9.4GiB util=85% | remaining: gemma_3_12b_it=2842, mistral_7b_instruct_v03=1733, qwen3_8b=250
[SCHEDULER_HEARTBEAT] running=[] | gpu0:free=9.5GiB util=87% | remaining: gemma_3_12b_it=2842, mistral_7b_instruct_v03=1733, qwen3_8b=246
[SCHEDULER_HEARTBEAT] running=[] | gpu0:free=9.6GiB util=84% | remaining: gemma_3_12b_it=2842, mistral_7b_instruct_v03=1733, qwen3_8b=244
[SCHEDULER_HEARTBEAT] running=[] | gpu0:free=9.5GiB util=90% | remaining: gemma_3_12b_it=2842, mistral_7b_instruct_v03=1731, qwen3_8b=242
[SCHEDULER_HEARTBEAT] running=[] | gpu0:free=9.6GiB util=89% | remaining: gemma_3_12b_it=2842, mistral_7b_instruct_v03=1731, qwen3_8b=240
[SCHEDULER_HEARTBEAT] running=[] | gpu0:free=9.6GiB util=86% | remaining: gemma_3_12b_it=2842, mistral_7b_instruct_v03=1730, qwen3_8b=238
[SCHEDULER_HEARTBEAT] running=[] | gpu0:free=9.6GiB util=83% | remaining: gemma_3_12b_it=2842, mistral_7b_instruct_v03=1729, qwen3_8b=234
[SCHEDULER_HEARTBEAT] running=[] | gpu0:free=9.5GiB util=83% | remaining: gemma_3_12b_it=2842, mistral_7b_instruct_v03=1729, qwen3_8b=232
[SCHEDULER_HEARTBEAT] running=[] | gpu0:free=9.5GiB util=93% | remaining: gemma_3_12b_it=2842, mistral_7b_instruct_v03=1728, qwen3_8b=230
[SCHEDULER_HEARTBEAT] running=[] | gpu0:free=9.6GiB util=90% | remaining: gemma_3_12b_it=2842, mistral_7b_instruct_v03=1728, qwen3_8b=226
[SCHEDULER_HEARTBEAT] running=[] | gpu0:free=9.6GiB util=93% | remaining: gemma_3_12b_it=2842, mistral_7b_instruct_v03=1727, qwen3_8b=224
[SCHEDULER_HEARTBEAT] running=[] | gpu0:free=9.4GiB util=89% | remaining: gemma_3_12b_it=2842, mistral_7b_instruct_v03=1727, qwen3_8b=222
[SCHEDULER_HEARTBEAT] running=[] | gpu0:free=9.5GiB util=90% | remaining: gemma_3_12b_it=2842, mistral_7b_instruct_v03=1727, qwen3_8b=220
[SCHEDULER_HEARTBEAT] running=[] | gpu0:free=9.3GiB util=90% | remaining: gemma_3_12b_it=2842, mistral_7b_instruct_v03=1727, qwen3_8b=218
[SCHEDULER_HEARTBEAT] running=[] | gpu0:free=9.4GiB util=90% | remaining: gemma_3_12b_it=2842, mistral_7b_instruct_v03=1727, qwen3_8b=216
[SCHEDULER_HEARTBEAT] running=[] | gpu0:free=9.4GiB util=84% | remaining: gemma_3_12b_it=2842, mistral_7b_instruct_v03=1726, qwen3_8b=214
[SCHEDULER_HEARTBEAT] running=[] | gpu0:free=9.6GiB util=90% | remaining: gemma_3_12b_it=2842, mistral_7b_instruct_v03=1726, qwen3_8b=212
[SCHEDULER_HEARTBEAT] running=[] | gpu0:free=9.3GiB util=88% | remaining: gemma_3_12b_it=2842, mistral_7b_instruct_v03=1726, qwen3_8b=210
[SCHEDULER_HEARTBEAT] running=[] | gpu0:free=9.4GiB util=92% | remaining: gemma_3_12b_it=2842, mistral_7b_instruct_v03=1726, qwen3_8b=210
[SCHEDULER_HEARTBEAT] running=[] | gpu0:free=9.5GiB util=90% | remaining: gemma_3_12b_it=2842, mistral_7b_instruct_v03=1725, qwen3_8b=206
[SCHEDULER_HEARTBEAT] running=[] | gpu0:free=9.5GiB util=92% | remaining: gemma_3_12b_it=2842, mistral_7b_instruct_v03=1723, qwen3_8b=204
[SCHEDULER_HEARTBEAT] running=[] | gpu0:free=9.5GiB util=93% | remaining: gemma_3_12b_it=2842, mistral_7b_instruct_v03=1722, qwen3_8b=204
[SCHEDULER_HEARTBEAT] running=[] | gpu0:free=9.5GiB util=91% | remaining: gemma_3_12b_it=2842, mistral_7b_instruct_v03=1722, qwen3_8b=202
[SCHEDULER_HEARTBEAT] running=[] | gpu0:free=9.4GiB util=90% | remaining: gemma_3_12b_it=2842, mistral_7b_instruct_v03=1720, qwen3_8b=200
[SCHEDULER_HEARTBEAT] running=[] | gpu0:free=9.4GiB util=90% | remaining: gemma_3_12b_it=2842, mistral_7b_instruct_v03=1720, qwen3_8b=198
[SCHEDULER_HEARTBEAT] running=[] | gpu0:free=9.5GiB util=91% | remaining: gemma_3_12b_it=2842, mistral_7b_instruct_v03=1720, qwen3_8b=196
[SCHEDULER_HEARTBEAT] running=[] | gpu0:free=9.4GiB util=91% | remaining: gemma_3_12b_it=2842, mistral_7b_instruct_v03=1719, qwen3_8b=194
[SCHEDULER_HEARTBEAT] running=[] | gpu0:free=9.5GiB util=93% | remaining: gemma_3_12b_it=2842, mistral_7b_instruct_v03=1718, qwen3_8b=192
[SCHEDULER_HEARTBEAT] running=[] | gpu0:free=9.6GiB util=93% | remaining: gemma_3_12b_it=2842, mistral_7b_instruct_v03=1717, qwen3_8b=190
[SCHEDULER_HEARTBEAT] running=[] | gpu0:free=9.6GiB util=90% | remaining: gemma_3_12b_it=2842, mistral_7b_instruct_v03=1717, qwen3_8b=188
[SCHEDULER_HEARTBEAT] running=[] | gpu0:free=9.5GiB util=90% | remaining: gemma_3_12b_it=2842, mistral_7b_instruct_v03=1717, qwen3_8b=186
[SCHEDULER_HEARTBEAT] running=[] | gpu0:free=9.4GiB util=95% | remaining: gemma_3_12b_it=2842, mistral_7b_instruct_v03=1715, qwen3_8b=184
[SCHEDULER_HEARTBEAT] running=[] | gpu0:free=9.4GiB util=95% | remaining: gemma_3_12b_it=2842, mistral_7b_instruct_v03=1714, qwen3_8b=184
[SCHEDULER_HEARTBEAT] running=[] | gpu0:free=9.4GiB util=95% | remaining: gemma_3_12b_it=2842, mistral_7b_instruct_v03=1713, qwen3_8b=182
[SCHEDULER_HEARTBEAT] running=[] | gpu0:free=9.5GiB util=91% | remaining: gemma_3_12b_it=2842, mistral_7b_instruct_v03=1712, qwen3_8b=180
[SCHEDULER_HEARTBEAT] running=[] | gpu0:free=9.3GiB util=93% | remaining: gemma_3_12b_it=2842, mistral_7b_instruct_v03=1711, qwen3_8b=178
[SCHEDULER_HEARTBEAT] running=[] | gpu0:free=9.4GiB util=84% | remaining: gemma_3_12b_it=2842, mistral_7b_instruct_v03=1711, qwen3_8b=176
[SCHEDULER_HEARTBEAT] running=[] | gpu0:free=9.6GiB util=84% | remaining: gemma_3_12b_it=2842, mistral_7b_instruct_v03=1710, qwen3_8b=176
[SCHEDULER_HEARTBEAT] running=[] | gpu0:free=9.6GiB util=84% | remaining: gemma_3_12b_it=2842, mistral_7b_instruct_v03=1709, qwen3_8b=175
[SCHEDULER_HEARTBEAT] running=[] | gpu0:free=9.3GiB util=87% | remaining: gemma_3_12b_it=2842, mistral_7b_instruct_v03=1709, qwen3_8b=174
[SCHEDULER_HEARTBEAT] running=[] | gpu0:free=9.4GiB util=88% | remaining: gemma_3_12b_it=2842, mistral_7b_instruct_v03=1707, qwen3_8b=174
[SCHEDULER_HEARTBEAT] running=[] | gpu0:free=9.6GiB util=88% | remaining: gemma_3_12b_it=2842, mistral_7b_instruct_v03=1706, qwen3_8b=173
[SCHEDULER_HEARTBEAT] running=[] | gpu0:free=9.4GiB util=83% | remaining: gemma_3_12b_it=2842, mistral_7b_instruct_v03=1705, qwen3_8b=173
[SCHEDULER_HEARTBEAT] running=[] | gpu0:free=9.4GiB util=86% | remaining: gemma_3_12b_it=2842, mistral_7b_instruct_v03=1703, qwen3_8b=172
[SCHEDULER_HEARTBEAT] running=[] | gpu0:free=9.5GiB util=84% | remaining: gemma_3_12b_it=2842, mistral_7b_instruct_v03=1703, qwen3_8b=171
[SCHEDULER_HEARTBEAT] running=[] | gpu0:free=9.4GiB util=83% | remaining: gemma_3_12b_it=2842, mistral_7b_instruct_v03=1703, qwen3_8b=170
[SCHEDULER_HEARTBEAT] running=[] | gpu0:free=9.5GiB util=85% | remaining: gemma_3_12b_it=2842, mistral_7b_instruct_v03=1702, qwen3_8b=170
[SCHEDULER_HEARTBEAT] running=[] | gpu0:free=9.5GiB util=83% | remaining: gemma_3_12b_it=2842, mistral_7b_instruct_v03=1702, qwen3_8b=169
[SCHEDULER_HEARTBEAT] running=[] | gpu0:free=9.3GiB util=85% | remaining: gemma_3_12b_it=2842, mistral_7b_instruct_v03=1701, qwen3_8b=169
[SCHEDULER_HEARTBEAT] running=[] | gpu0:free=9.5GiB util=84% | remaining: gemma_3_12b_it=2842, mistral_7b_instruct_v03=1700, qwen3_8b=169
[SCHEDULER_HEARTBEAT] running=[] | gpu0:free=9.3GiB util=84% | remaining: gemma_3_12b_it=2842, mistral_7b_instruct_v03=1700, qwen3_8b=168
[SCHEDULER_HEARTBEAT] running=[] | gpu0:free=9.4GiB util=82% | remaining: gemma_3_12b_it=2842, mistral_7b_instruct_v03=1700, qwen3_8b=168
[SCHEDULER_HEARTBEAT] running=[] | gpu0:free=9.4GiB util=84% | remaining: gemma_3_12b_it=2842, mistral_7b_instruct_v03=1700, qwen3_8b=168
[SCHEDULER_HEARTBEAT] running=[] | gpu0:free=9.5GiB util=83% | remaining: gemma_3_12b_it=2842, mistral_7b_instruct_v03=1700, qwen3_8b=166
[SCHEDULER_HEARTBEAT] running=[] | gpu0:free=9.6GiB util=84% | remaining: gemma_3_12b_it=2842, mistral_7b_instruct_v03=1698, qwen3_8b=166
[SCHEDULER_HEARTBEAT] running=[] | gpu0:free=9.5GiB util=85% | remaining: gemma_3_12b_it=2842, mistral_7b_instruct_v03=1698, qwen3_8b=166
[SCHEDULER_HEARTBEAT] running=[] | gpu0:free=9.5GiB util=85% | remaining: gemma_3_12b_it=2842, mistral_7b_instruct_v03=1697, qwen3_8b=165
[SCHEDULER_HEARTBEAT] running=[] | gpu0:free=9.4GiB util=83% | remaining: gemma_3_12b_it=2842, mistral_7b_instruct_v03=1696, qwen3_8b=165
[SCHEDULER_HEARTBEAT] running=[] | gpu0:free=9.5GiB util=83% | remaining: gemma_3_12b_it=2842, mistral_7b_instruct_v03=1696, qwen3_8b=165
[SCHEDULER_HEARTBEAT] running=[] | gpu0:free=9.4GiB util=85% | remaining: gemma_3_12b_it=2842, mistral_7b_instruct_v03=1696, qwen3_8b=164
[SCHEDULER_HEARTBEAT] running=[] | gpu0:free=9.4GiB util=84% | remaining: gemma_3_12b_it=2842, mistral_7b_instruct_v03=1695, qwen3_8b=164
[SCHEDULER_HEARTBEAT] running=[] | gpu0:free=9.5GiB util=88% | remaining: gemma_3_12b_it=2842, mistral_7b_instruct_v03=1693, qwen3_8b=163
[SCHEDULER_HEARTBEAT] running=[] | gpu0:free=9.5GiB util=87% | remaining: gemma_3_12b_it=2842, mistral_7b_instruct_v03=1692, qwen3_8b=163
[SCHEDULER_HEARTBEAT] running=[] | gpu0:free=9.5GiB util=84% | remaining: gemma_3_12b_it=2842, mistral_7b_instruct_v03=1692, qwen3_8b=163
[SCHEDULER_HEARTBEAT] running=[] | gpu0:free=9.3GiB util=84% | remaining: gemma_3_12b_it=2842, mistral_7b_instruct_v03=1692, qwen3_8b=162
[SCHEDULER_HEARTBEAT] running=[] | gpu0:free=9.5GiB util=85% | remaining: gemma_3_12b_it=2842, mistral_7b_instruct_v03=1691, qwen3_8b=162
[SCHEDULER_HEARTBEAT] running=[] | gpu0:free=9.3GiB util=85% | remaining: gemma_3_12b_it=2842, mistral_7b_instruct_v03=1691, qwen3_8b=161
[SCHEDULER_HEARTBEAT] running=[] | gpu0:free=9.3GiB util=89% | remaining: gemma_3_12b_it=2842, mistral_7b_instruct_v03=1691, qwen3_8b=161
[SCHEDULER_HEARTBEAT] running=[] | gpu0:free=9.4GiB util=87% | remaining: gemma_3_12b_it=2842, mistral_7b_instruct_v03=1691, qwen3_8b=161
[SCHEDULER_HEARTBEAT] running=[] | gpu0:free=9.5GiB util=86% | remaining: gemma_3_12b_it=2842, mistral_7b_instruct_v03=1691, qwen3_8b=160
[SCHEDULER_HEARTBEAT] running=[] | gpu0:free=9.5GiB util=83% | remaining: gemma_3_12b_it=2842, mistral_7b_instruct_v03=1689, qwen3_8b=160
[SCHEDULER_HEARTBEAT] running=[] | gpu0:free=9.3GiB util=86% | remaining: gemma_3_12b_it=2842, mistral_7b_instruct_v03=1689, qwen3_8b=160
[SCHEDULER_HEARTBEAT] running=[] | gpu0:free=9.5GiB util=86% | remaining: gemma_3_12b_it=2842, mistral_7b_instruct_v03=1688, qwen3_8b=159
[SCHEDULER_HEARTBEAT] running=[] | gpu0:free=9.5GiB util=88% | remaining: gemma_3_12b_it=2842, mistral_7b_instruct_v03=1687, qwen3_8b=159
[SCHEDULER_HEARTBEAT] running=[] | gpu0:free=9.3GiB util=82% | remaining: gemma_3_12b_it=2842, mistral_7b_instruct_v03=1687, qwen3_8b=158
[SCHEDULER_HEARTBEAT] running=[] | gpu0:free=9.4GiB util=85% | remaining: gemma_3_12b_it=2842, mistral_7b_instruct_v03=1686, qwen3_8b=158
[SCHEDULER_HEARTBEAT] running=[] | gpu0:free=9.3GiB util=87% | remaining: gemma_3_12b_it=2842, mistral_7b_instruct_v03=1685, qwen3_8b=158
[SCHEDULER_HEARTBEAT] running=[] | gpu0:free=9.4GiB util=87% | remaining: gemma_3_12b_it=2842, mistral_7b_instruct_v03=1684, qwen3_8b=157
[SCHEDULER_HEARTBEAT] running=[] | gpu0:free=9.5GiB util=85% | remaining: gemma_3_12b_it=2842, mistral_7b_instruct_v03=1684, qwen3_8b=157
[SCHEDULER_HEARTBEAT] running=[] | gpu0:free=9.4GiB util=84% | remaining: gemma_3_12b_it=2842, mistral_7b_instruct_v03=1684, qwen3_8b=157
[SCHEDULER_HEARTBEAT] running=[] | gpu0:free=9.5GiB util=84% | remaining: gemma_3_12b_it=2842, mistral_7b_instruct_v03=1683, qwen3_8b=156
[SCHEDULER_HEARTBEAT] running=[] | gpu0:free=9.4GiB util=83% | remaining: gemma_3_12b_it=2842, mistral_7b_instruct_v03=1683, qwen3_8b=156
[SCHEDULER_HEARTBEAT] running=[] | gpu0:free=9.5GiB util=84% | remaining: gemma_3_12b_it=2842, mistral_7b_instruct_v03=1683, qwen3_8b=155
[SCHEDULER_HEARTBEAT] running=[] | gpu0:free=9.4GiB util=85% | remaining: gemma_3_12b_it=2842, mistral_7b_instruct_v03=1682, qwen3_8b=155
[SCHEDULER_HEARTBEAT] running=[] | gpu0:free=9.6GiB util=84% | remaining: gemma_3_12b_it=2842, mistral_7b_instruct_v03=1681, qwen3_8b=155
[SCHEDULER_HEARTBEAT] running=[] | gpu0:free=9.4GiB util=86% | remaining: gemma_3_12b_it=2842, mistral_7b_instruct_v03=1680, qwen3_8b=154
[SCHEDULER_HEARTBEAT] running=[] | gpu0:free=9.6GiB util=87% | remaining: gemma_3_12b_it=2842, mistral_7b_instruct_v03=1680, qwen3_8b=154
[SCHEDULER_HEARTBEAT] running=[] | gpu0:free=9.4GiB util=85% | remaining: gemma_3_12b_it=2842, mistral_7b_instruct_v03=1680, qwen3_8b=154
[SCHEDULER_HEARTBEAT] running=[] | gpu0:free=9.5GiB util=83% | remaining: gemma_3_12b_it=2842, mistral_7b_instruct_v03=1679, qwen3_8b=153
[SCHEDULER_HEARTBEAT] running=[] | gpu0:free=9.5GiB util=84% | remaining: gemma_3_12b_it=2842, mistral_7b_instruct_v03=1678, qwen3_8b=153
[SCHEDULER_HEARTBEAT] running=[] | gpu0:free=9.5GiB util=83% | remaining: gemma_3_12b_it=2842, mistral_7b_instruct_v03=1678, qwen3_8b=152
[SCHEDULER_HEARTBEAT] running=[] | gpu0:free=9.4GiB util=84% | remaining: gemma_3_12b_it=2842, mistral_7b_instruct_v03=1678, qwen3_8b=152
[SCHEDULER_HEARTBEAT] running=[] | gpu0:free=9.3GiB util=84% | remaining: gemma_3_12b_it=2842, mistral_7b_instruct_v03=1677, qwen3_8b=152
[SCHEDULER_HEARTBEAT] running=[] | gpu0:free=9.3GiB util=86% | remaining: gemma_3_12b_it=2842, mistral_7b_instruct_v03=1676, qwen3_8b=151
[SCHEDULER_HEARTBEAT] running=[] | gpu0:free=9.5GiB util=85% | remaining: gemma_3_12b_it=2842, mistral_7b_instruct_v03=1676, qwen3_8b=151
[SCHEDULER_HEARTBEAT] running=[] | gpu0:free=9.5GiB util=89% | remaining: gemma_3_12b_it=2842, mistral_7b_instruct_v03=1675, qwen3_8b=151
[SCHEDULER_HEARTBEAT] running=[] | gpu0:free=9.3GiB util=85% | remaining: gemma_3_12b_it=2842, mistral_7b_instruct_v03=1675, qwen3_8b=150
[SCHEDULER_HEARTBEAT] running=[] | gpu0:free=9.3GiB util=86% | remaining: gemma_3_12b_it=2842, mistral_7b_instruct_v03=1675, qwen3_8b=150
[SCHEDULER_HEARTBEAT] running=[] | gpu0:free=9.4GiB util=84% | remaining: gemma_3_12b_it=2842, mistral_7b_instruct_v03=1674, qwen3_8b=149
[SCHEDULER_HEARTBEAT] running=[] | gpu0:free=9.4GiB util=85% | remaining: gemma_3_12b_it=2842, mistral_7b_instruct_v03=1672, qwen3_8b=149
[SCHEDULER_HEARTBEAT] running=[] | gpu0:free=9.5GiB util=86% | remaining: gemma_3_12b_it=2842, mistral_7b_instruct_v03=1671, qwen3_8b=149
[SCHEDULER_HEARTBEAT] running=[] | gpu0:free=9.5GiB util=83% | remaining: gemma_3_12b_it=2842, mistral_7b_instruct_v03=1671, qwen3_8b=148
[SCHEDULER_HEARTBEAT] running=[] | gpu0:free=9.5GiB util=86% | remaining: gemma_3_12b_it=2842, mistral_7b_instruct_v03=1670, qwen3_8b=148
[SCHEDULER_HEARTBEAT] running=[] | gpu0:free=9.5GiB util=87% | remaining: gemma_3_12b_it=2842, mistral_7b_instruct_v03=1668, qwen3_8b=148
[SCHEDULER_HEARTBEAT] running=[] | gpu0:free=9.5GiB util=85% | remaining: gemma_3_12b_it=2842, mistral_7b_instruct_v03=1668, qwen3_8b=147
[SCHEDULER_HEARTBEAT] running=[] | gpu0:free=9.3GiB util=89% | remaining: gemma_3_12b_it=2842, mistral_7b_instruct_v03=1668, qwen3_8b=147
[SCHEDULER_HEARTBEAT] running=[] | gpu0:free=9.5GiB util=87% | remaining: gemma_3_12b_it=2842, mistral_7b_instruct_v03=1667, qwen3_8b=146
[SCHEDULER_HEARTBEAT] running=[] | gpu0:free=9.5GiB util=88% | remaining: gemma_3_12b_it=2842, mistral_7b_instruct_v03=1666, qwen3_8b=146
[SCHEDULER_HEARTBEAT] running=[] | gpu0:free=9.4GiB util=86% | remaining: gemma_3_12b_it=2842, mistral_7b_instruct_v03=1666, qwen3_8b=146
[SCHEDULER_HEARTBEAT] running=[] | gpu0:free=9.3GiB util=84% | remaining: gemma_3_12b_it=2842, mistral_7b_instruct_v03=1666, qwen3_8b=145
[SCHEDULER_HEARTBEAT] running=[] | gpu0:free=9.4GiB util=85% | remaining: gemma_3_12b_it=2842, mistral_7b_instruct_v03=1665, qwen3_8b=145
[SCHEDULER_HEARTBEAT] running=[] | gpu0:free=9.5GiB util=88% | remaining: gemma_3_12b_it=2842, mistral_7b_instruct_v03=1664, qwen3_8b=144
[SCHEDULER_HEARTBEAT] running=[] | gpu0:free=9.5GiB util=86% | remaining: gemma_3_12b_it=2842, mistral_7b_instruct_v03=1664, qwen3_8b=144
[SCHEDULER_HEARTBEAT] running=[] | gpu0:free=9.3GiB util=85% | remaining: gemma_3_12b_it=2842, mistral_7b_instruct_v03=1664, qwen3_8b=144
[SCHEDULER_HEARTBEAT] running=[] | gpu0:free=9.5GiB util=85% | remaining: gemma_3_12b_it=2842, mistral_7b_instruct_v03=1663, qwen3_8b=143
[SCHEDULER_HEARTBEAT] running=[] | gpu0:free=9.3GiB util=85% | remaining: gemma_3_12b_it=2842, mistral_7b_instruct_v03=1663, qwen3_8b=143
[SCHEDULER_HEARTBEAT] running=[] | gpu0:free=9.4GiB util=85% | remaining: gemma_3_12b_it=2842, mistral_7b_instruct_v03=1663, qwen3_8b=143
[SCHEDULER_HEARTBEAT] running=[] | gpu0:free=9.4GiB util=83% | remaining: gemma_3_12b_it=2842, mistral_7b_instruct_v03=1663, qwen3_8b=142
[SCHEDULER_HEARTBEAT] running=[] | gpu0:free=9.6GiB util=86% | remaining: gemma_3_12b_it=2842, mistral_7b_instruct_v03=1662, qwen3_8b=142
[SCHEDULER_HEARTBEAT] running=[] | gpu0:free=9.5GiB util=84% | remaining: gemma_3_12b_it=2842, mistral_7b_instruct_v03=1662, qwen3_8b=141
[SCHEDULER_HEARTBEAT] running=[] | gpu0:free=9.5GiB util=85% | remaining: gemma_3_12b_it=2842, mistral_7b_instruct_v03=1661, qwen3_8b=141
[SCHEDULER_HEARTBEAT] running=[] | gpu0:free=9.5GiB util=85% | remaining: gemma_3_12b_it=2842, mistral_7b_instruct_v03=1660, qwen3_8b=141
[SCHEDULER_HEARTBEAT] running=[] | gpu0:free=9.4GiB util=84% | remaining: gemma_3_12b_it=2842, mistral_7b_instruct_v03=1660, qwen3_8b=140
[SCHEDULER_HEARTBEAT] running=[] | gpu0:free=9.3GiB util=87% | remaining: gemma_3_12b_it=2842, mistral_7b_instruct_v03=1660, qwen3_8b=140
[SCHEDULER_HEARTBEAT] running=[] | gpu0:free=9.3GiB util=85% | remaining: gemma_3_12b_it=2842, mistral_7b_instruct_v03=1660, qwen3_8b=139
[SCHEDULER_HEARTBEAT] running=[] | gpu0:free=9.4GiB util=85% | remaining: gemma_3_12b_it=2842, mistral_7b_instruct_v03=1659, qwen3_8b=139
[SCHEDULER_HEARTBEAT] running=[] | gpu0:free=9.4GiB util=86% | remaining: gemma_3_12b_it=2842, mistral_7b_instruct_v03=1659, qwen3_8b=139
[SCHEDULER_HEARTBEAT] running=[] | gpu0:free=9.3GiB util=86% | remaining: gemma_3_12b_it=2842, mistral_7b_instruct_v03=1659, qwen3_8b=138
[SCHEDULER_HEARTBEAT] running=[] | gpu0:free=9.5GiB util=84% | remaining: gemma_3_12b_it=2842, mistral_7b_instruct_v03=1659, qwen3_8b=138
[SCHEDULER_HEARTBEAT] running=[] | gpu0:free=9.5GiB util=87% | remaining: gemma_3_12b_it=2842, mistral_7b_instruct_v03=1659, qwen3_8b=137
[SCHEDULER_HEARTBEAT] running=[] | gpu0:free=9.3GiB util=85% | remaining: gemma_3_12b_it=2842, mistral_7b_instruct_v03=1658, qwen3_8b=137
[SCHEDULER_HEARTBEAT] running=[] | gpu0:free=9.5GiB util=84% | remaining: gemma_3_12b_it=2842, mistral_7b_instruct_v03=1658, qwen3_8b=137
[SCHEDULER_HEARTBEAT] running=[] | gpu0:free=9.5GiB util=89% | remaining: gemma_3_12b_it=2842, mistral_7b_instruct_v03=1658, qwen3_8b=136
[SCHEDULER_HEARTBEAT] running=[] | gpu0:free=9.4GiB util=86% | remaining: gemma_3_12b_it=2842, mistral_7b_instruct_v03=1658, qwen3_8b=136
[SCHEDULER_HEARTBEAT] running=[] | gpu0:free=9.5GiB util=88% | remaining: gemma_3_12b_it=2842, mistral_7b_instruct_v03=1657, qwen3_8b=135
[SCHEDULER_HEARTBEAT] running=[] | gpu0:free=9.5GiB util=84% | remaining: gemma_3_12b_it=2842, mistral_7b_instruct_v03=1657, qwen3_8b=135
[SCHEDULER_HEARTBEAT] running=[] | gpu0:free=9.4GiB util=84% | remaining: gemma_3_12b_it=2842, mistral_7b_instruct_v03=1657, qwen3_8b=134
[SCHEDULER_HEARTBEAT] running=[] | gpu0:free=9.4GiB util=87% | remaining: gemma_3_12b_it=2842, mistral_7b_instruct_v03=1657, qwen3_8b=134
[SCHEDULER_HEARTBEAT] running=[] | gpu0:free=9.2GiB util=84% | remaining: gemma_3_12b_it=2842, mistral_7b_instruct_v03=1657, qwen3_8b=133
[SCHEDULER_HEARTBEAT] running=[] | gpu0:free=9.5GiB util=87% | remaining: gemma_3_12b_it=2842, mistral_7b_instruct_v03=1656, qwen3_8b=133
[SCHEDULER_HEARTBEAT] running=[] | gpu0:free=9.4GiB util=87% | remaining: gemma_3_12b_it=2842, mistral_7b_instruct_v03=1655, qwen3_8b=133
[SCHEDULER_HEARTBEAT] running=[] | gpu0:free=9.6GiB util=82% | remaining: gemma_3_12b_it=2842, mistral_7b_instruct_v03=1653, qwen3_8b=132
[SCHEDULER_HEARTBEAT] running=[] | gpu0:free=9.4GiB util=85% | remaining: gemma_3_12b_it=2842, mistral_7b_instruct_v03=1651, qwen3_8b=132
[SCHEDULER_HEARTBEAT] running=[] | gpu0:free=9.5GiB util=89% | remaining: gemma_3_12b_it=2842, mistral_7b_instruct_v03=1651, qwen3_8b=132
[SCHEDULER_HEARTBEAT] running=[] | gpu0:free=9.6GiB util=86% | remaining: gemma_3_12b_it=2842, mistral_7b_instruct_v03=1649, qwen3_8b=131
[SCHEDULER_HEARTBEAT] running=[] | gpu0:free=9.6GiB util=83% | remaining: gemma_3_12b_it=2842, mistral_7b_instruct_v03=1648, qwen3_8b=131
[SCHEDULER_HEARTBEAT] running=[] | gpu0:free=9.4GiB util=88% | remaining: gemma_3_12b_it=2842, mistral_7b_instruct_v03=1647, qwen3_8b=130
[SCHEDULER_HEARTBEAT] running=[] | gpu0:free=9.5GiB util=85% | remaining: gemma_3_12b_it=2842, mistral_7b_instruct_v03=1647, qwen3_8b=130
[SCHEDULER_HEARTBEAT] running=[] | gpu0:free=9.4GiB util=84% | remaining: gemma_3_12b_it=2842, mistral_7b_instruct_v03=1646, qwen3_8b=129
[SCHEDULER_HEARTBEAT] running=[] | gpu0:free=9.3GiB util=87% | remaining: gemma_3_12b_it=2842, mistral_7b_instruct_v03=1645, qwen3_8b=129
[SCHEDULER_HEARTBEAT] running=[] | gpu0:free=9.3GiB util=85% | remaining: gemma_3_12b_it=2842, mistral_7b_instruct_v03=1645, qwen3_8b=128
[SCHEDULER_HEARTBEAT] running=[] | gpu0:free=9.4GiB util=86% | remaining: gemma_3_12b_it=2842, mistral_7b_instruct_v03=1645, qwen3_8b=128
[SCHEDULER_HEARTBEAT] running=[] | gpu0:free=9.3GiB util=85% | remaining: gemma_3_12b_it=2842, mistral_7b_instruct_v03=1645, qwen3_8b=127
[SCHEDULER_HEARTBEAT] running=[] | gpu0:free=9.5GiB util=84% | remaining: gemma_3_12b_it=2842, mistral_7b_instruct_v03=1644, qwen3_8b=127
[SCHEDULER_HEARTBEAT] running=[] | gpu0:free=9.5GiB util=87% | remaining: gemma_3_12b_it=2842, mistral_7b_instruct_v03=1644, qwen3_8b=127
[SCHEDULER_HEARTBEAT] running=[] | gpu0:free=9.3GiB util=86% | remaining: gemma_3_12b_it=2842, mistral_7b_instruct_v03=1644, qwen3_8b=126
[SCHEDULER_HEARTBEAT] running=[] | gpu0:free=9.4GiB util=87% | remaining: gemma_3_12b_it=2842, mistral_7b_instruct_v03=1644, qwen3_8b=126
[SCHEDULER_HEARTBEAT] running=[] | gpu0:free=9.3GiB util=88% | remaining: gemma_3_12b_it=2842, mistral_7b_instruct_v03=1643, qwen3_8b=126
[SCHEDULER_HEARTBEAT] running=[] | gpu0:free=9.4GiB util=84% | remaining: gemma_3_12b_it=2842, mistral_7b_instruct_v03=1642, qwen3_8b=125
[SCHEDULER_HEARTBEAT] running=[] | gpu0:free=9.4GiB util=84% | remaining: gemma_3_12b_it=2842, mistral_7b_instruct_v03=1642, qwen3_8b=125
[SCHEDULER_HEARTBEAT] running=[] | gpu0:free=9.5GiB util=88% | remaining: gemma_3_12b_it=2842, mistral_7b_instruct_v03=1642, qwen3_8b=124
[SCHEDULER_HEARTBEAT] running=[] | gpu0:free=9.5GiB util=85% | remaining: gemma_3_12b_it=2842, mistral_7b_instruct_v03=1641, qwen3_8b=124
[SCHEDULER_HEARTBEAT] running=[] | gpu0:free=9.3GiB util=85% | remaining: gemma_3_12b_it=2842, mistral_7b_instruct_v03=1641, qwen3_8b=124
[SCHEDULER_HEARTBEAT] running=[] | gpu0:free=9.3GiB util=94% | remaining: gemma_3_12b_it=2842, mistral_7b_instruct_v03=1640, qwen3_8b=123
[SCHEDULER_HEARTBEAT] running=[] | gpu0:free=9.3GiB util=84% | remaining: gemma_3_12b_it=2842, mistral_7b_instruct_v03=1639, qwen3_8b=123
[SCHEDULER_HEARTBEAT] running=[] | gpu0:free=9.3GiB util=85% | remaining: gemma_3_12b_it=2842, mistral_7b_instruct_v03=1638, qwen3_8b=123
[SCHEDULER_HEARTBEAT] running=[] | gpu0:free=9.5GiB util=85% | remaining: gemma_3_12b_it=2842, mistral_7b_instruct_v03=1638, qwen3_8b=122
[SCHEDULER_HEARTBEAT] running=[] | gpu0:free=9.5GiB util=86% | remaining: gemma_3_12b_it=2842, mistral_7b_instruct_v03=1636, qwen3_8b=122
[SCHEDULER_HEARTBEAT] running=[] | gpu0:free=9.5GiB util=85% | remaining: gemma_3_12b_it=2842, mistral_7b_instruct_v03=1635, qwen3_8b=121
[SCHEDULER_HEARTBEAT] running=[] | gpu0:free=9.5GiB util=83% | remaining: gemma_3_12b_it=2842, mistral_7b_instruct_v03=1634, qwen3_8b=121
[SCHEDULER_HEARTBEAT] running=[] | gpu0:free=9.3GiB util=83% | remaining: gemma_3_12b_it=2842, mistral_7b_instruct_v03=1633, qwen3_8b=121
[SCHEDULER_HEARTBEAT] running=[] | gpu0:free=9.4GiB util=84% | remaining: gemma_3_12b_it=2842, mistral_7b_instruct_v03=1632, qwen3_8b=120
[SCHEDULER_HEARTBEAT] running=[] | gpu0:free=9.4GiB util=84% | remaining: gemma_3_12b_it=2842, mistral_7b_instruct_v03=1631, qwen3_8b=120
[SCHEDULER_HEARTBEAT] running=[] | gpu0:free=9.3GiB util=83% | remaining: gemma_3_12b_it=2842, mistral_7b_instruct_v03=1630, qwen3_8b=120
[SCHEDULER_HEARTBEAT] running=[] | gpu0:free=9.4GiB util=84% | remaining: gemma_3_12b_it=2842, mistral_7b_instruct_v03=1630, qwen3_8b=119
[SCHEDULER_HEARTBEAT] running=[] | gpu0:free=9.3GiB util=85% | remaining: gemma_3_12b_it=2842, mistral_7b_instruct_v03=1630, qwen3_8b=119
[SCHEDULER_HEARTBEAT] running=[] | gpu0:free=9.3GiB util=83% | remaining: gemma_3_12b_it=2842, mistral_7b_instruct_v03=1629, qwen3_8b=119
[SCHEDULER_HEARTBEAT] running=[] | gpu0:free=9.3GiB util=86% | remaining: gemma_3_12b_it=2842, mistral_7b_instruct_v03=1628, qwen3_8b=118
[SCHEDULER_HEARTBEAT] running=[] | gpu0:free=9.3GiB util=86% | remaining: gemma_3_12b_it=2842, mistral_7b_instruct_v03=1628, qwen3_8b=118
[SCHEDULER_HEARTBEAT] running=[] | gpu0:free=9.4GiB util=85% | remaining: gemma_3_12b_it=2842, mistral_7b_instruct_v03=1628, qwen3_8b=117
[SCHEDULER_HEARTBEAT] running=[] | gpu0:free=9.3GiB util=84% | remaining: gemma_3_12b_it=2842, mistral_7b_instruct_v03=1627, qwen3_8b=117
[SCHEDULER_HEARTBEAT] running=[] | gpu0:free=9.5GiB util=83% | remaining: gemma_3_12b_it=2842, mistral_7b_instruct_v03=1625, qwen3_8b=116
[SCHEDULER_HEARTBEAT] running=[] | gpu0:free=9.5GiB util=86% | remaining: gemma_3_12b_it=2842, mistral_7b_instruct_v03=1625, qwen3_8b=116
[SCHEDULER_HEARTBEAT] running=[] | gpu0:free=9.4GiB util=87% | remaining: gemma_3_12b_it=2842, mistral_7b_instruct_v03=1625, qwen3_8b=116
[SCHEDULER_HEARTBEAT] running=[] | gpu0:free=9.3GiB util=85% | remaining: gemma_3_12b_it=2842, mistral_7b_instruct_v03=1624, qwen3_8b=115
[SCHEDULER_HEARTBEAT] running=[] | gpu0:free=9.3GiB util=86% | remaining: gemma_3_12b_it=2842, mistral_7b_instruct_v03=1623, qwen3_8b=115
[SCHEDULER_HEARTBEAT] running=[] | gpu0:free=9.3GiB util=87% | remaining: gemma_3_12b_it=2842, mistral_7b_instruct_v03=1621, qwen3_8b=114
[SCHEDULER_HEARTBEAT] running=[] | gpu0:free=9.5GiB util=86% | remaining: gemma_3_12b_it=2842, mistral_7b_instruct_v03=1620, qwen3_8b=114
[SCHEDULER_HEARTBEAT] running=[] | gpu0:free=9.5GiB util=87% | remaining: gemma_3_12b_it=2842, mistral_7b_instruct_v03=1618, qwen3_8b=114
[SCHEDULER_HEARTBEAT] running=[] | gpu0:free=9.4GiB util=86% | remaining: gemma_3_12b_it=2842, mistral_7b_instruct_v03=1618, qwen3_8b=113
[SCHEDULER_HEARTBEAT] running=[] | gpu0:free=9.5GiB util=87% | remaining: gemma_3_12b_it=2842, mistral_7b_instruct_v03=1618, qwen3_8b=113
[SCHEDULER_HEARTBEAT] running=[] | gpu0:free=9.3GiB util=87% | remaining: gemma_3_12b_it=2842, mistral_7b_instruct_v03=1618, qwen3_8b=113
[SCHEDULER_HEARTBEAT] running=[] | gpu0:free=9.5GiB util=84% | remaining: gemma_3_12b_it=2842, mistral_7b_instruct_v03=1617, qwen3_8b=112
[SCHEDULER_HEARTBEAT] running=[] | gpu0:free=9.5GiB util=86% | remaining: gemma_3_12b_it=2842, mistral_7b_instruct_v03=1616, qwen3_8b=112
[SCHEDULER_HEARTBEAT] running=[] | gpu0:free=9.3GiB util=86% | remaining: gemma_3_12b_it=2842, mistral_7b_instruct_v03=1614, qwen3_8b=111
[SCHEDULER_HEARTBEAT] running=[] | gpu0:free=9.3GiB util=86% | remaining: gemma_3_12b_it=2842, mistral_7b_instruct_v03=1613, qwen3_8b=111
[SCHEDULER_HEARTBEAT] running=[] | gpu0:free=9.3GiB util=87% | remaining: gemma_3_12b_it=2842, mistral_7b_instruct_v03=1613, qwen3_8b=111
[SCHEDULER_HEARTBEAT] running=[] | gpu0:free=9.4GiB util=86% | remaining: gemma_3_12b_it=2842, mistral_7b_instruct_v03=1613, qwen3_8b=110
[SCHEDULER_HEARTBEAT] running=[] | gpu0:free=9.4GiB util=85% | remaining: gemma_3_12b_it=2842, mistral_7b_instruct_v03=1613, qwen3_8b=110
[SCHEDULER_HEARTBEAT] running=[] | gpu0:free=9.4GiB util=85% | remaining: gemma_3_12b_it=2842, mistral_7b_instruct_v03=1613, qwen3_8b=109
[SCHEDULER_HEARTBEAT] running=[] | gpu0:free=9.6GiB util=86% | remaining: gemma_3_12b_it=2842, mistral_7b_instruct_v03=1611, qwen3_8b=109
[SCHEDULER_HEARTBEAT] running=[] | gpu0:free=9.3GiB util=88% | remaining: gemma_3_12b_it=2842, mistral_7b_instruct_v03=1611, qwen3_8b=109
[SCHEDULER_HEARTBEAT] running=[] | gpu0:free=9.5GiB util=85% | remaining: gemma_3_12b_it=2842, mistral_7b_instruct_v03=1610, qwen3_8b=108
[SCHEDULER_HEARTBEAT] running=[] | gpu0:free=9.3GiB util=87% | remaining: gemma_3_12b_it=2842, mistral_7b_instruct_v03=1610, qwen3_8b=108
[SCHEDULER_HEARTBEAT] running=[] | gpu0:free=9.3GiB util=88% | remaining: gemma_3_12b_it=2842, mistral_7b_instruct_v03=1609, qwen3_8b=108
[SCHEDULER_HEARTBEAT] running=[] | gpu0:free=9.4GiB util=85% | remaining: gemma_3_12b_it=2842, mistral_7b_instruct_v03=1609, qwen3_8b=107
[SCHEDULER_HEARTBEAT] running=[] | gpu0:free=9.3GiB util=87% | remaining: gemma_3_12b_it=2842, mistral_7b_instruct_v03=1609, qwen3_8b=106
[SCHEDULER_HEARTBEAT] running=[] | gpu0:free=9.2GiB util=86% | remaining: gemma_3_12b_it=2842, mistral_7b_instruct_v03=1609, qwen3_8b=106
[SCHEDULER_HEARTBEAT] running=[] | gpu0:free=9.4GiB util=86% | remaining: gemma_3_12b_it=2842, mistral_7b_instruct_v03=1609, qwen3_8b=106
[SCHEDULER_HEARTBEAT] running=[] | gpu0:free=9.3GiB util=85% | remaining: gemma_3_12b_it=2842, mistral_7b_instruct_v03=1608, qwen3_8b=105
[SCHEDULER_HEARTBEAT] running=[] | gpu0:free=9.4GiB util=86% | remaining: gemma_3_12b_it=2842, mistral_7b_instruct_v03=1607, qwen3_8b=105
[SCHEDULER_HEARTBEAT] running=[] | gpu0:free=9.3GiB util=83% | remaining: gemma_3_12b_it=2842, mistral_7b_instruct_v03=1607, qwen3_8b=104
[SCHEDULER_HEARTBEAT] running=[] | gpu0:free=9.5GiB util=85% | remaining: gemma_3_12b_it=2842, mistral_7b_instruct_v03=1606, qwen3_8b=103
[SCHEDULER_HEARTBEAT] running=[] | gpu0:free=9.4GiB util=85% | remaining: gemma_3_12b_it=2842, mistral_7b_instruct_v03=1606, qwen3_8b=103
[SCHEDULER_HEARTBEAT] running=[] | gpu0:free=9.5GiB util=85% | remaining: gemma_3_12b_it=2842, mistral_7b_instruct_v03=1605, qwen3_8b=103
[SCHEDULER_HEARTBEAT] running=[] | gpu0:free=9.4GiB util=84% | remaining: gemma_3_12b_it=2842, mistral_7b_instruct_v03=1604, qwen3_8b=102
[SCHEDULER_HEARTBEAT] running=[] | gpu0:free=9.3GiB util=86% | remaining: gemma_3_12b_it=2842, mistral_7b_instruct_v03=1604, qwen3_8b=102
[SCHEDULER_HEARTBEAT] running=[] | gpu0:free=9.4GiB util=86% | remaining: gemma_3_12b_it=2842, mistral_7b_instruct_v03=1604, qwen3_8b=101
[SCHEDULER_HEARTBEAT] running=[] | gpu0:free=9.5GiB util=85% | remaining: gemma_3_12b_it=2842, mistral_7b_instruct_v03=1603, qwen3_8b=100
[SCHEDULER_HEARTBEAT] running=[] | gpu0:free=9.5GiB util=86% | remaining: gemma_3_12b_it=2842, mistral_7b_instruct_v03=1602, qwen3_8b=100
[SCHEDULER_HEARTBEAT] running=[] | gpu0:free=9.5GiB util=85% | remaining: gemma_3_12b_it=2842, mistral_7b_instruct_v03=1601, qwen3_8b=100
[SCHEDULER_HEARTBEAT] running=[] | gpu0:free=9.4GiB util=86% | remaining: gemma_3_12b_it=2842, mistral_7b_instruct_v03=1600, qwen3_8b=99
[SCHEDULER_HEARTBEAT] running=[] | gpu0:free=9.4GiB util=84% | remaining: gemma_3_12b_it=2842, mistral_7b_instruct_v03=1599, qwen3_8b=99
[SCHEDULER_HEARTBEAT] running=[] | gpu0:free=9.3GiB util=86% | remaining: gemma_3_12b_it=2842, mistral_7b_instruct_v03=1599, qwen3_8b=99
[SCHEDULER_HEARTBEAT] running=[] | gpu0:free=9.4GiB util=86% | remaining: gemma_3_12b_it=2842, mistral_7b_instruct_v03=1598, qwen3_8b=98
[SCHEDULER_HEARTBEAT] running=[] | gpu0:free=9.4GiB util=85% | remaining: gemma_3_12b_it=2842, mistral_7b_instruct_v03=1597, qwen3_8b=98
[SCHEDULER_HEARTBEAT] running=[] | gpu0:free=9.5GiB util=86% | remaining: gemma_3_12b_it=2842, mistral_7b_instruct_v03=1595, qwen3_8b=97
[SCHEDULER_HEARTBEAT] running=[] | gpu0:free=9.5GiB util=89% | remaining: gemma_3_12b_it=2842, mistral_7b_instruct_v03=1595, qwen3_8b=97
[SCHEDULER_HEARTBEAT] running=[] | gpu0:free=9.2GiB util=86% | remaining: gemma_3_12b_it=2842, mistral_7b_instruct_v03=1595, qwen3_8b=96
[SCHEDULER_HEARTBEAT] running=[] | gpu0:free=9.5GiB util=86% | remaining: gemma_3_12b_it=2842, mistral_7b_instruct_v03=1594, qwen3_8b=96
[SCHEDULER_HEARTBEAT] running=[] | gpu0:free=9.3GiB util=85% | remaining: gemma_3_12b_it=2842, mistral_7b_instruct_v03=1594, qwen3_8b=96
[SCHEDULER_HEARTBEAT] running=[] | gpu0:free=9.4GiB util=88% | remaining: gemma_3_12b_it=2842, mistral_7b_instruct_v03=1594, qwen3_8b=95
[SCHEDULER_HEARTBEAT] running=[] | gpu0:free=9.5GiB util=87% | remaining: gemma_3_12b_it=2842, mistral_7b_instruct_v03=1592, qwen3_8b=95
[SCHEDULER_HEARTBEAT] running=[] | gpu0:free=9.3GiB util=87% | remaining: gemma_3_12b_it=2842, mistral_7b_instruct_v03=1592, qwen3_8b=95
[SCHEDULER_HEARTBEAT] running=[] | gpu0:free=9.4GiB util=86% | remaining: gemma_3_12b_it=2842, mistral_7b_instruct_v03=1590, qwen3_8b=94
[SCHEDULER_HEARTBEAT] running=[] | gpu0:free=9.3GiB util=85% | remaining: gemma_3_12b_it=2842, mistral_7b_instruct_v03=1589, qwen3_8b=94
[SCHEDULER_HEARTBEAT] running=[] | gpu0:free=9.4GiB util=87% | remaining: gemma_3_12b_it=2842, mistral_7b_instruct_v03=1588, qwen3_8b=93
[SCHEDULER_HEARTBEAT] running=[] | gpu0:free=9.4GiB util=87% | remaining: gemma_3_12b_it=2842, mistral_7b_instruct_v03=1587, qwen3_8b=93
[SCHEDULER_HEARTBEAT] running=[] | gpu0:free=9.4GiB util=84% | remaining: gemma_3_12b_it=2842, mistral_7b_instruct_v03=1587, qwen3_8b=92
[SCHEDULER_HEARTBEAT] running=[] | gpu0:free=9.4GiB util=81% | remaining: gemma_3_12b_it=2842, mistral_7b_instruct_v03=1586, qwen3_8b=92
[SCHEDULER_HEARTBEAT] running=[] | gpu0:free=9.4GiB util=87% | remaining: gemma_3_12b_it=2842, mistral_7b_instruct_v03=1584, qwen3_8b=92
[SCHEDULER_HEARTBEAT] running=[] | gpu0:free=9.3GiB util=86% | remaining: gemma_3_12b_it=2842, mistral_7b_instruct_v03=1584, qwen3_8b=91
[SCHEDULER_HEARTBEAT] running=[] | gpu0:free=9.4GiB util=86% | remaining: gemma_3_12b_it=2842, mistral_7b_instruct_v03=1584, qwen3_8b=90
[SCHEDULER_HEARTBEAT] running=[] | gpu0:free=9.3GiB util=89% | remaining: gemma_3_12b_it=2842, mistral_7b_instruct_v03=1582, qwen3_8b=90
[SCHEDULER_HEARTBEAT] running=[] | gpu0:free=9.3GiB util=89% | remaining: gemma_3_12b_it=2842, mistral_7b_instruct_v03=1582, qwen3_8b=90
[SCHEDULER_HEARTBEAT] running=[] | gpu0:free=9.4GiB util=85% | remaining: gemma_3_12b_it=2842, mistral_7b_instruct_v03=1582, qwen3_8b=89
[SCHEDULER_HEARTBEAT] running=[] | gpu0:free=9.3GiB util=84% | remaining: gemma_3_12b_it=2842, mistral_7b_instruct_v03=1582, qwen3_8b=89
[SCHEDULER_HEARTBEAT] running=[] | gpu0:free=9.4GiB util=86% | remaining: gemma_3_12b_it=2842, mistral_7b_instruct_v03=1581, qwen3_8b=88
[SCHEDULER_HEARTBEAT] running=[] | gpu0:free=9.3GiB util=86% | remaining: gemma_3_12b_it=2842, mistral_7b_instruct_v03=1580, qwen3_8b=88
[SCHEDULER_HEARTBEAT] running=[] | gpu0:free=9.3GiB util=87% | remaining: gemma_3_12b_it=2842, mistral_7b_instruct_v03=1578, qwen3_8b=88
[SCHEDULER_HEARTBEAT] running=[] | gpu0:free=9.3GiB util=84% | remaining: gemma_3_12b_it=2842, mistral_7b_instruct_v03=1577, qwen3_8b=87
[SCHEDULER_HEARTBEAT] running=[] | gpu0:free=9.4GiB util=84% | remaining: gemma_3_12b_it=2842, mistral_7b_instruct_v03=1577, qwen3_8b=87
[SCHEDULER_HEARTBEAT] running=[] | gpu0:free=9.5GiB util=84% | remaining: gemma_3_12b_it=2842, mistral_7b_instruct_v03=1576, qwen3_8b=87
[SCHEDULER_HEARTBEAT] running=[] | gpu0:free=9.4GiB util=83% | remaining: gemma_3_12b_it=2842, mistral_7b_instruct_v03=1576, qwen3_8b=86
[SCHEDULER_HEARTBEAT] running=[] | gpu0:free=9.3GiB util=86% | remaining: gemma_3_12b_it=2842, mistral_7b_instruct_v03=1576, qwen3_8b=86
[SCHEDULER_HEARTBEAT] running=[] | gpu0:free=9.2GiB util=84% | remaining: gemma_3_12b_it=2842, mistral_7b_instruct_v03=1576, qwen3_8b=85
[SCHEDULER_HEARTBEAT] running=[] | gpu0:free=9.2GiB util=84% | remaining: gemma_3_12b_it=2842, mistral_7b_instruct_v03=1575, qwen3_8b=84
[SCHEDULER_HEARTBEAT] running=[] | gpu0:free=9.3GiB util=86% | remaining: gemma_3_12b_it=2842, mistral_7b_instruct_v03=1573, qwen3_8b=83
[SCHEDULER_HEARTBEAT] running=[] | gpu0:free=9.4GiB util=85% | remaining: gemma_3_12b_it=2842, mistral_7b_instruct_v03=1572, qwen3_8b=83
[SCHEDULER_HEARTBEAT] running=[] | gpu0:free=9.3GiB util=87% | remaining: gemma_3_12b_it=2842, mistral_7b_instruct_v03=1570, qwen3_8b=83
[SCHEDULER_HEARTBEAT] running=[] | gpu0:free=9.2GiB util=88% | remaining: gemma_3_12b_it=2842, mistral_7b_instruct_v03=1570, qwen3_8b=82
[SCHEDULER_HEARTBEAT] running=[] | gpu0:free=9.3GiB util=86% | remaining: gemma_3_12b_it=2842, mistral_7b_instruct_v03=1570, qwen3_8b=82
[SCHEDULER_HEARTBEAT] running=[] | gpu0:free=9.3GiB util=86% | remaining: gemma_3_12b_it=2842, mistral_7b_instruct_v03=1570, qwen3_8b=81
[SCHEDULER_HEARTBEAT] running=[] | gpu0:free=9.2GiB util=87% | remaining: gemma_3_12b_it=2842, mistral_7b_instruct_v03=1569, qwen3_8b=81
[SCHEDULER_HEARTBEAT] running=[] | gpu0:free=9.2GiB util=86% | remaining: gemma_3_12b_it=2842, mistral_7b_instruct_v03=1569, qwen3_8b=80
[SCHEDULER_HEARTBEAT] running=[] | gpu0:free=9.3GiB util=84% | remaining: gemma_3_12b_it=2842, mistral_7b_instruct_v03=1569, qwen3_8b=80
[SCHEDULER_HEARTBEAT] running=[] | gpu0:free=9.1GiB util=89% | remaining: gemma_3_12b_it=2842, mistral_7b_instruct_v03=1569, qwen3_8b=80
[SCHEDULER_HEARTBEAT] running=[] | gpu0:free=9.4GiB util=84% | remaining: gemma_3_12b_it=2842, mistral_7b_instruct_v03=1568, qwen3_8b=79
[SCHEDULER_HEARTBEAT] running=[] | gpu0:free=9.2GiB util=85% | remaining: gemma_3_12b_it=2842, mistral_7b_instruct_v03=1567, qwen3_8b=79
[SCHEDULER_HEARTBEAT] running=[] | gpu0:free=9.3GiB util=86% | remaining: gemma_3_12b_it=2842, mistral_7b_instruct_v03=1567, qwen3_8b=78
[SCHEDULER_HEARTBEAT] running=[] | gpu0:free=9.4GiB util=85% | remaining: gemma_3_12b_it=2842, mistral_7b_instruct_v03=1566, qwen3_8b=78
[SCHEDULER_HEARTBEAT] running=[] | gpu0:free=9.4GiB util=85% | remaining: gemma_3_12b_it=2842, mistral_7b_instruct_v03=1565, qwen3_8b=77
[SCHEDULER_HEARTBEAT] running=[] | gpu0:free=9.3GiB util=87% | remaining: gemma_3_12b_it=2842, mistral_7b_instruct_v03=1565, qwen3_8b=77
[SCHEDULER_HEARTBEAT] running=[] | gpu0:free=9.2GiB util=89% | remaining: gemma_3_12b_it=2842, mistral_7b_instruct_v03=1565, qwen3_8b=76
[SCHEDULER_HEARTBEAT] running=[] | gpu0:free=9.2GiB util=86% | remaining: gemma_3_12b_it=2842, mistral_7b_instruct_v03=1564, qwen3_8b=76
[SCHEDULER_HEARTBEAT] running=[] | gpu0:free=9.4GiB util=86% | remaining: gemma_3_12b_it=2842, mistral_7b_instruct_v03=1563, qwen3_8b=75
[SCHEDULER_HEARTBEAT] running=[] | gpu0:free=9.4GiB util=86% | remaining: gemma_3_12b_it=2842, mistral_7b_instruct_v03=1563, qwen3_8b=75
[SCHEDULER_HEARTBEAT] running=[] | gpu0:free=9.2GiB util=84% | remaining: gemma_3_12b_it=2842, mistral_7b_instruct_v03=1562, qwen3_8b=74
[SCHEDULER_HEARTBEAT] running=[] | gpu0:free=9.2GiB util=85% | remaining: gemma_3_12b_it=2842, mistral_7b_instruct_v03=1562, qwen3_8b=74
[SCHEDULER_HEARTBEAT] running=[] | gpu0:free=9.2GiB util=86% | remaining: gemma_3_12b_it=2842, mistral_7b_instruct_v03=1561, qwen3_8b=74
[SCHEDULER_HEARTBEAT] running=[] | gpu0:free=9.2GiB util=86% | remaining: gemma_3_12b_it=2842, mistral_7b_instruct_v03=1560, qwen3_8b=73
[SCHEDULER_HEARTBEAT] running=[] | gpu0:free=9.2GiB util=87% | remaining: gemma_3_12b_it=2842, mistral_7b_instruct_v03=1560, qwen3_8b=73
[SCHEDULER_HEARTBEAT] running=[] | gpu0:free=9.3GiB util=86% | remaining: gemma_3_12b_it=2842, mistral_7b_instruct_v03=1558, qwen3_8b=72
[SCHEDULER_HEARTBEAT] running=[] | gpu0:free=9.3GiB util=85% | remaining: gemma_3_12b_it=2842, mistral_7b_instruct_v03=1558, qwen3_8b=72
[SCHEDULER_HEARTBEAT] running=[] | gpu0:free=9.3GiB util=85% | remaining: gemma_3_12b_it=2842, mistral_7b_instruct_v03=1558, qwen3_8b=72
[SCHEDULER_HEARTBEAT] running=[] | gpu0:free=9.2GiB util=86% | remaining: gemma_3_12b_it=2842, mistral_7b_instruct_v03=1556, qwen3_8b=71
[SCHEDULER_HEARTBEAT] running=[] | gpu0:free=9.3GiB util=85% | remaining: gemma_3_12b_it=2842, mistral_7b_instruct_v03=1556, qwen3_8b=71
[SCHEDULER_HEARTBEAT] running=[] | gpu0:free=9.3GiB util=100% | remaining: gemma_3_12b_it=2842, mistral_7b_instruct_v03=1556, qwen3_8b=70
[SCHEDULER_HEARTBEAT] running=[] | gpu0:free=9.1GiB util=88% | remaining: gemma_3_12b_it=2842, mistral_7b_instruct_v03=1556, qwen3_8b=70
[SCHEDULER_HEARTBEAT] running=[] | gpu0:free=9.3GiB util=87% | remaining: gemma_3_12b_it=2842, mistral_7b_instruct_v03=1555, qwen3_8b=70
[SCHEDULER_HEARTBEAT] running=[] | gpu0:free=9.2GiB util=87% | remaining: gemma_3_12b_it=2842, mistral_7b_instruct_v03=1554, qwen3_8b=69
[SCHEDULER_HEARTBEAT] running=[] | gpu0:free=9.1GiB util=88% | remaining: gemma_3_12b_it=2842, mistral_7b_instruct_v03=1554, qwen3_8b=69
[SCHEDULER_HEARTBEAT] running=[] | gpu0:free=9.3GiB util=86% | remaining: gemma_3_12b_it=2842, mistral_7b_instruct_v03=1553, qwen3_8b=68
[SCHEDULER_HEARTBEAT] running=[] | gpu0:free=9.3GiB util=89% | remaining: gemma_3_12b_it=2842, mistral_7b_instruct_v03=1552, qwen3_8b=68
[SCHEDULER_HEARTBEAT] running=[] | gpu0:free=9.3GiB util=88% | remaining: gemma_3_12b_it=2842, mistral_7b_instruct_v03=1551, qwen3_8b=68
[SCHEDULER_HEARTBEAT] running=[] | gpu0:free=9.1GiB util=85% | remaining: gemma_3_12b_it=2842, mistral_7b_instruct_v03=1551, qwen3_8b=67
[SCHEDULER_HEARTBEAT] running=[] | gpu0:free=9.1GiB util=84% | remaining: gemma_3_12b_it=2842, mistral_7b_instruct_v03=1551, qwen3_8b=67
[SCHEDULER_HEARTBEAT] running=[] | gpu0:free=9.3GiB util=89% | remaining: gemma_3_12b_it=2842, mistral_7b_instruct_v03=1550, qwen3_8b=67
[SCHEDULER_HEARTBEAT] running=[] | gpu0:free=9.2GiB util=88% | remaining: gemma_3_12b_it=2842, mistral_7b_instruct_v03=1550, qwen3_8b=66
[SCHEDULER_HEARTBEAT] running=[] | gpu0:free=9.1GiB util=86% | remaining: gemma_3_12b_it=2842, mistral_7b_instruct_v03=1549, qwen3_8b=66
[SCHEDULER_HEARTBEAT] running=[] | gpu0:free=9.2GiB util=85% | remaining: gemma_3_12b_it=2842, mistral_7b_instruct_v03=1549, qwen3_8b=65
[SCHEDULER_HEARTBEAT] running=[] | gpu0:free=9.1GiB util=87% | remaining: gemma_3_12b_it=2842, mistral_7b_instruct_v03=1547, qwen3_8b=65
[SCHEDULER_HEARTBEAT] running=[] | gpu0:free=9.2GiB util=87% | remaining: gemma_3_12b_it=2842, mistral_7b_instruct_v03=1547, qwen3_8b=64
[SCHEDULER_HEARTBEAT] running=[] | gpu0:free=9.1GiB util=89% | remaining: gemma_3_12b_it=2842, mistral_7b_instruct_v03=1546, qwen3_8b=64
[SCHEDULER_HEARTBEAT] running=[] | gpu0:free=9.3GiB util=88% | remaining: gemma_3_12b_it=2842, mistral_7b_instruct_v03=1545, qwen3_8b=63
[SCHEDULER_HEARTBEAT] running=[] | gpu0:free=9.3GiB util=88% | remaining: gemma_3_12b_it=2842, mistral_7b_instruct_v03=1543, qwen3_8b=63
[SCHEDULER_HEARTBEAT] running=[] | gpu0:free=9.1GiB util=87% | remaining: gemma_3_12b_it=2842, mistral_7b_instruct_v03=1543, qwen3_8b=63
[SCHEDULER_HEARTBEAT] running=[] | gpu0:free=9.1GiB util=84% | remaining: gemma_3_12b_it=2842, mistral_7b_instruct_v03=1542, qwen3_8b=62
[SCHEDULER_HEARTBEAT] running=[] | gpu0:free=9.2GiB util=87% | remaining: gemma_3_12b_it=2842, mistral_7b_instruct_v03=1542, qwen3_8b=62
[SCHEDULER_HEARTBEAT] running=[] | gpu0:free=9.2GiB util=87% | remaining: gemma_3_12b_it=2842, mistral_7b_instruct_v03=1542, qwen3_8b=61
[SCHEDULER_HEARTBEAT] running=[] | gpu0:free=9.0GiB util=88% | remaining: gemma_3_12b_it=2842, mistral_7b_instruct_v03=1542, qwen3_8b=61
[SCHEDULER_HEARTBEAT] running=[] | gpu0:free=9.1GiB util=86% | remaining: gemma_3_12b_it=2842, mistral_7b_instruct_v03=1542, qwen3_8b=60
[SCHEDULER_HEARTBEAT] running=[] | gpu0:free=9.1GiB util=86% | remaining: gemma_3_12b_it=2842, mistral_7b_instruct_v03=1541, qwen3_8b=60
[SCHEDULER_HEARTBEAT] running=[] | gpu0:free=9.2GiB util=86% | remaining: gemma_3_12b_it=2842, mistral_7b_instruct_v03=1540, qwen3_8b=60
[SCHEDULER_HEARTBEAT] running=[] | gpu0:free=9.2GiB util=86% | remaining: gemma_3_12b_it=2842, mistral_7b_instruct_v03=1540, qwen3_8b=59
[SCHEDULER_HEARTBEAT] running=[] | gpu0:free=9.0GiB util=87% | remaining: gemma_3_12b_it=2842, mistral_7b_instruct_v03=1540, qwen3_8b=59
[SCHEDULER_HEARTBEAT] running=[] | gpu0:free=9.2GiB util=87% | remaining: gemma_3_12b_it=2842, mistral_7b_instruct_v03=1540, qwen3_8b=58
[SCHEDULER_HEARTBEAT] running=[] | gpu0:free=9.2GiB util=86% | remaining: gemma_3_12b_it=2842, mistral_7b_instruct_v03=1539, qwen3_8b=58
[SCHEDULER_HEARTBEAT] running=[] | gpu0:free=9.1GiB util=89% | remaining: gemma_3_12b_it=2842, mistral_7b_instruct_v03=1537, qwen3_8b=58
[SCHEDULER_HEARTBEAT] running=[] | gpu0:free=9.0GiB util=88% | remaining: gemma_3_12b_it=2842, mistral_7b_instruct_v03=1537, qwen3_8b=57
[SCHEDULER_HEARTBEAT] running=[] | gpu0:free=9.1GiB util=87% | remaining: gemma_3_12b_it=2842, mistral_7b_instruct_v03=1537, qwen3_8b=57
[SCHEDULER_HEARTBEAT] running=[] | gpu0:free=9.1GiB util=90% | remaining: gemma_3_12b_it=2842, mistral_7b_instruct_v03=1537, qwen3_8b=56
[SCHEDULER_HEARTBEAT] running=[] | gpu0:free=9.2GiB util=84% | remaining: gemma_3_12b_it=2842, mistral_7b_instruct_v03=1537, qwen3_8b=55
[SCHEDULER_HEARTBEAT] running=[] | gpu0:free=9.0GiB util=86% | remaining: gemma_3_12b_it=2842, mistral_7b_instruct_v03=1536, qwen3_8b=55
[SCHEDULER_HEARTBEAT] running=[] | gpu0:free=9.2GiB util=85% | remaining: gemma_3_12b_it=2842, mistral_7b_instruct_v03=1536, qwen3_8b=54
[SCHEDULER_HEARTBEAT] running=[] | gpu0:free=9.0GiB util=87% | remaining: gemma_3_12b_it=2842, mistral_7b_instruct_v03=1535, qwen3_8b=54
[SCHEDULER_HEARTBEAT] running=[] | gpu0:free=9.0GiB util=84% | remaining: gemma_3_12b_it=2842, mistral_7b_instruct_v03=1534, qwen3_8b=53
[SCHEDULER_HEARTBEAT] running=[] | gpu0:free=9.2GiB util=87% | remaining: gemma_3_12b_it=2842, mistral_7b_instruct_v03=1533, qwen3_8b=53
[SCHEDULER_HEARTBEAT] running=[] | gpu0:free=9.2GiB util=86% | remaining: gemma_3_12b_it=2842, mistral_7b_instruct_v03=1533, qwen3_8b=52
[SCHEDULER_HEARTBEAT] running=[] | gpu0:free=9.2GiB util=87% | remaining: gemma_3_12b_it=2842, mistral_7b_instruct_v03=1531, qwen3_8b=52
[SCHEDULER_HEARTBEAT] running=[] | gpu0:free=9.2GiB util=86% | remaining: gemma_3_12b_it=2842, mistral_7b_instruct_v03=1529, qwen3_8b=52
[SCHEDULER_HEARTBEAT] running=[] | gpu0:free=9.1GiB util=86% | remaining: gemma_3_12b_it=2842, mistral_7b_instruct_v03=1529, qwen3_8b=51
[SCHEDULER_HEARTBEAT] running=[] | gpu0:free=9.1GiB util=87% | remaining: gemma_3_12b_it=2842, mistral_7b_instruct_v03=1528, qwen3_8b=50
[SCHEDULER_HEARTBEAT] running=[] | gpu0:free=9.0GiB util=86% | remaining: gemma_3_12b_it=2842, mistral_7b_instruct_v03=1527, qwen3_8b=50
[SCHEDULER_HEARTBEAT] running=[] | gpu0:free=9.2GiB util=87% | remaining: gemma_3_12b_it=2842, mistral_7b_instruct_v03=1526, qwen3_8b=49
[SCHEDULER_HEARTBEAT] running=[] | gpu0:free=9.1GiB util=87% | remaining: gemma_3_12b_it=2842, mistral_7b_instruct_v03=1526, qwen3_8b=48
[SCHEDULER_HEARTBEAT] running=[] | gpu0:free=9.2GiB util=88% | remaining: gemma_3_12b_it=2842, mistral_7b_instruct_v03=1525, qwen3_8b=48
[SCHEDULER_HEARTBEAT] running=[] | gpu0:free=9.1GiB util=86% | remaining: gemma_3_12b_it=2842, mistral_7b_instruct_v03=1525, qwen3_8b=47
[SCHEDULER_HEARTBEAT] running=[] | gpu0:free=9.1GiB util=84% | remaining: gemma_3_12b_it=2842, mistral_7b_instruct_v03=1523, qwen3_8b=47
[SCHEDULER_HEARTBEAT] running=[] | gpu0:free=8.9GiB util=85% | remaining: gemma_3_12b_it=2842, mistral_7b_instruct_v03=1521, qwen3_8b=46
[SCHEDULER_HEARTBEAT] running=[] | gpu0:free=9.1GiB util=86% | remaining: gemma_3_12b_it=2842, mistral_7b_instruct_v03=1520, qwen3_8b=46
[SCHEDULER_HEARTBEAT] running=[] | gpu0:free=9.1GiB util=88% | remaining: gemma_3_12b_it=2842, mistral_7b_instruct_v03=1519, qwen3_8b=45
[SCHEDULER_HEARTBEAT] running=[] | gpu0:free=9.1GiB util=87% | remaining: gemma_3_12b_it=2842, mistral_7b_instruct_v03=1519, qwen3_8b=45
[SCHEDULER_HEARTBEAT] running=[] | gpu0:free=8.9GiB util=88% | remaining: gemma_3_12b_it=2842, mistral_7b_instruct_v03=1519, qwen3_8b=45
[SCHEDULER_HEARTBEAT] running=[] | gpu0:free=8.8GiB util=86% | remaining: gemma_3_12b_it=2842, mistral_7b_instruct_v03=1518, qwen3_8b=44
[SCHEDULER_HEARTBEAT] running=[] | gpu0:free=8.8GiB util=86% | remaining: gemma_3_12b_it=2842, mistral_7b_instruct_v03=1517, qwen3_8b=44
[SCHEDULER_HEARTBEAT] running=[] | gpu0:free=8.9GiB util=86% | remaining: gemma_3_12b_it=2842, mistral_7b_instruct_v03=1517, qwen3_8b=43
[SCHEDULER_HEARTBEAT] running=[] | gpu0:free=9.0GiB util=86% | remaining: gemma_3_12b_it=2842, mistral_7b_instruct_v03=1516, qwen3_8b=43
[SCHEDULER_HEARTBEAT] running=[] | gpu0:free=8.8GiB util=88% | remaining: gemma_3_12b_it=2842, mistral_7b_instruct_v03=1515, qwen3_8b=43
[SCHEDULER_HEARTBEAT] running=[] | gpu0:free=8.8GiB util=88% | remaining: gemma_3_12b_it=2842, mistral_7b_instruct_v03=1514, qwen3_8b=42
[SCHEDULER_HEARTBEAT] running=[] | gpu0:free=8.8GiB util=90% | remaining: gemma_3_12b_it=2842, mistral_7b_instruct_v03=1514, qwen3_8b=42
[SCHEDULER_HEARTBEAT] running=[] | gpu0:free=9.0GiB util=90% | remaining: gemma_3_12b_it=2842, mistral_7b_instruct_v03=1513, qwen3_8b=41
[SCHEDULER_HEARTBEAT] running=[] | gpu0:free=8.9GiB util=87% | remaining: gemma_3_12b_it=2842, mistral_7b_instruct_v03=1513, qwen3_8b=41
[SCHEDULER_HEARTBEAT] running=[] | gpu0:free=8.9GiB util=82% | remaining: gemma_3_12b_it=2842, mistral_7b_instruct_v03=1513, qwen3_8b=40
[SCHEDULER_HEARTBEAT] running=[] | gpu0:free=8.9GiB util=87% | remaining: gemma_3_12b_it=2842, mistral_7b_instruct_v03=1512, qwen3_8b=40
[SCHEDULER_HEARTBEAT] running=[] | gpu0:free=8.9GiB util=88% | remaining: gemma_3_12b_it=2842, mistral_7b_instruct_v03=1512, qwen3_8b=40
[SCHEDULER_HEARTBEAT] running=[] | gpu0:free=8.9GiB util=86% | remaining: gemma_3_12b_it=2842, mistral_7b_instruct_v03=1511, qwen3_8b=39
[SCHEDULER_HEARTBEAT] running=[] | gpu0:free=8.9GiB util=86% | remaining: gemma_3_12b_it=2842, mistral_7b_instruct_v03=1510, qwen3_8b=39
[SCHEDULER_HEARTBEAT] running=[] | gpu0:free=8.8GiB util=87% | remaining: gemma_3_12b_it=2842, mistral_7b_instruct_v03=1509, qwen3_8b=39
[SCHEDULER_HEARTBEAT] running=[] | gpu0:free=8.8GiB util=86% | remaining: gemma_3_12b_it=2842, mistral_7b_instruct_v03=1509, qwen3_8b=38
[SCHEDULER_HEARTBEAT] running=[] | gpu0:free=8.9GiB util=88% | remaining: gemma_3_12b_it=2842, mistral_7b_instruct_v03=1507, qwen3_8b=38
[SCHEDULER_HEARTBEAT] running=[] | gpu0:free=8.8GiB util=87% | remaining: gemma_3_12b_it=2842, mistral_7b_instruct_v03=1506, qwen3_8b=37
[SCHEDULER_HEARTBEAT] running=[] | gpu0:free=8.8GiB util=85% | remaining: gemma_3_12b_it=2842, mistral_7b_instruct_v03=1504, qwen3_8b=37
[SCHEDULER_HEARTBEAT] running=[] | gpu0:free=9.0GiB util=89% | remaining: gemma_3_12b_it=2842, mistral_7b_instruct_v03=1504, qwen3_8b=37
[SCHEDULER_HEARTBEAT] running=[] | gpu0:free=8.8GiB util=87% | remaining: gemma_3_12b_it=2842, mistral_7b_instruct_v03=1503, qwen3_8b=36
[SCHEDULER_HEARTBEAT] running=[] | gpu0:free=9.0GiB util=87% | remaining: gemma_3_12b_it=2842, mistral_7b_instruct_v03=1502, qwen3_8b=36
[SCHEDULER_HEARTBEAT] running=[] | gpu0:free=9.0GiB util=87% | remaining: gemma_3_12b_it=2842, mistral_7b_instruct_v03=1502, qwen3_8b=35
[SCHEDULER_HEARTBEAT] running=[] | gpu0:free=8.9GiB util=86% | remaining: gemma_3_12b_it=2842, mistral_7b_instruct_v03=1500, qwen3_8b=35
[SCHEDULER_HEARTBEAT] running=[] | gpu0:free=8.8GiB util=88% | remaining: gemma_3_12b_it=2842, mistral_7b_instruct_v03=1499, qwen3_8b=35
[SCHEDULER_HEARTBEAT] running=[] | gpu0:free=8.8GiB util=89% | remaining: gemma_3_12b_it=2842, mistral_7b_instruct_v03=1498, qwen3_8b=34
[SCHEDULER_HEARTBEAT] running=[] | gpu0:free=8.7GiB util=88% | remaining: gemma_3_12b_it=2842, mistral_7b_instruct_v03=1498, qwen3_8b=34
[SCHEDULER_HEARTBEAT] running=[] | gpu0:free=8.7GiB util=88% | remaining: gemma_3_12b_it=2842, mistral_7b_instruct_v03=1497, qwen3_8b=33
[SCHEDULER_HEARTBEAT] running=[] | gpu0:free=8.7GiB util=89% | remaining: gemma_3_12b_it=2842, mistral_7b_instruct_v03=1496, qwen3_8b=33
[SCHEDULER_HEARTBEAT] running=[] | gpu0:free=8.9GiB util=86% | remaining: gemma_3_12b_it=2842, mistral_7b_instruct_v03=1496, qwen3_8b=33
[SCHEDULER_HEARTBEAT] running=[] | gpu0:free=8.9GiB util=85% | remaining: gemma_3_12b_it=2842, mistral_7b_instruct_v03=1495, qwen3_8b=32
[SCHEDULER_HEARTBEAT] running=[] | gpu0:free=8.9GiB util=89% | remaining: gemma_3_12b_it=2842, mistral_7b_instruct_v03=1494, qwen3_8b=32
[SCHEDULER_HEARTBEAT] running=[] | gpu0:free=8.9GiB util=87% | remaining: gemma_3_12b_it=2842, mistral_7b_instruct_v03=1493, qwen3_8b=32
[SCHEDULER_HEARTBEAT] running=[] | gpu0:free=8.9GiB util=85% | remaining: gemma_3_12b_it=2842, mistral_7b_instruct_v03=1493, qwen3_8b=31
[SCHEDULER_HEARTBEAT] running=[] | gpu0:free=8.7GiB util=87% | remaining: gemma_3_12b_it=2842, mistral_7b_instruct_v03=1492, qwen3_8b=31
[SCHEDULER_HEARTBEAT] running=[] | gpu0:free=8.9GiB util=86% | remaining: gemma_3_12b_it=2842, mistral_7b_instruct_v03=1491, qwen3_8b=30
[SCHEDULER_HEARTBEAT] running=[] | gpu0:free=8.7GiB util=88% | remaining: gemma_3_12b_it=2842, mistral_7b_instruct_v03=1490, qwen3_8b=30
[SCHEDULER_HEARTBEAT] running=[] | gpu0:free=8.8GiB util=88% | remaining: gemma_3_12b_it=2842, mistral_7b_instruct_v03=1490, qwen3_8b=29
[SCHEDULER_HEARTBEAT] running=[] | gpu0:free=8.6GiB util=86% | remaining: gemma_3_12b_it=2842, mistral_7b_instruct_v03=1490, qwen3_8b=29
[SCHEDULER_HEARTBEAT] running=[] | gpu0:free=8.8GiB util=88% | remaining: gemma_3_12b_it=2842, mistral_7b_instruct_v03=1490, qwen3_8b=29
[SCHEDULER_HEARTBEAT] running=[] | gpu0:free=8.7GiB util=87% | remaining: gemma_3_12b_it=2842, mistral_7b_instruct_v03=1489, qwen3_8b=28
[SCHEDULER_HEARTBEAT] running=[] | gpu0:free=8.8GiB util=86% | remaining: gemma_3_12b_it=2842, mistral_7b_instruct_v03=1488, qwen3_8b=27
[SCHEDULER_HEARTBEAT] running=[] | gpu0:free=8.7GiB util=85% | remaining: gemma_3_12b_it=2842, mistral_7b_instruct_v03=1487, qwen3_8b=27
[SCHEDULER_HEARTBEAT] running=[] | gpu0:free=8.7GiB util=88% | remaining: gemma_3_12b_it=2842, mistral_7b_instruct_v03=1487, qwen3_8b=26
[SCHEDULER_HEARTBEAT] running=[] | gpu0:free=8.8GiB util=86% | remaining: gemma_3_12b_it=2842, mistral_7b_instruct_v03=1486, qwen3_8b=26
[SCHEDULER_HEARTBEAT] running=[] | gpu0:free=8.7GiB util=88% | remaining: gemma_3_12b_it=2842, mistral_7b_instruct_v03=1486, qwen3_8b=25
[SCHEDULER_HEARTBEAT] running=[] | gpu0:free=8.7GiB util=90% | remaining: gemma_3_12b_it=2842, mistral_7b_instruct_v03=1485, qwen3_8b=25
[SCHEDULER_HEARTBEAT] running=[] | gpu0:free=8.7GiB util=87% | remaining: gemma_3_12b_it=2842, mistral_7b_instruct_v03=1484, qwen3_8b=25
[SCHEDULER_HEARTBEAT] running=[] | gpu0:free=8.8GiB util=87% | remaining: gemma_3_12b_it=2842, mistral_7b_instruct_v03=1483, qwen3_8b=24
[SCHEDULER_HEARTBEAT] running=[] | gpu0:free=8.7GiB util=87% | remaining: gemma_3_12b_it=2842, mistral_7b_instruct_v03=1482, qwen3_8b=24
[SCHEDULER_HEARTBEAT] running=[] | gpu0:free=8.7GiB util=86% | remaining: gemma_3_12b_it=2842, mistral_7b_instruct_v03=1481, qwen3_8b=23
[SCHEDULER_HEARTBEAT] running=[] | gpu0:free=8.3GiB util=85% | remaining: gemma_3_12b_it=2842, mistral_7b_instruct_v03=1480, qwen3_8b=22
[SCHEDULER_HEARTBEAT] running=[] | gpu0:free=8.1GiB util=87% | remaining: gemma_3_12b_it=2842, mistral_7b_instruct_v03=1479, qwen3_8b=22
[SCHEDULER_HEARTBEAT] running=[] | gpu0:free=8.3GiB util=87% | remaining: gemma_3_12b_it=2842, mistral_7b_instruct_v03=1478, qwen3_8b=22
[SCHEDULER_HEARTBEAT] running=[] | gpu0:free=8.1GiB util=86% | remaining: gemma_3_12b_it=2842, mistral_7b_instruct_v03=1478, qwen3_8b=21
[SCHEDULER_HEARTBEAT] running=[] | gpu0:free=8.2GiB util=86% | remaining: gemma_3_12b_it=2842, mistral_7b_instruct_v03=1476, qwen3_8b=21
[SCHEDULER_HEARTBEAT] running=[] | gpu0:free=8.2GiB util=89% | remaining: gemma_3_12b_it=2842, mistral_7b_instruct_v03=1475, qwen3_8b=21
[SCHEDULER_HEARTBEAT] running=[] | gpu0:free=8.2GiB util=88% | remaining: gemma_3_12b_it=2842, mistral_7b_instruct_v03=1475, qwen3_8b=20
[SCHEDULER_HEARTBEAT] running=[] | gpu0:free=8.0GiB util=90% | remaining: gemma_3_12b_it=2842, mistral_7b_instruct_v03=1475, qwen3_8b=20
[SCHEDULER_HEARTBEAT] running=[] | gpu0:free=8.0GiB util=87% | remaining: gemma_3_12b_it=2842, mistral_7b_instruct_v03=1475, qwen3_8b=19
[SCHEDULER_HEARTBEAT] running=[] | gpu0:free=8.0GiB util=88% | remaining: gemma_3_12b_it=2842, mistral_7b_instruct_v03=1475, qwen3_8b=19
[SCHEDULER_HEARTBEAT] running=[] | gpu0:free=8.1GiB util=90% | remaining: gemma_3_12b_it=2842, mistral_7b_instruct_v03=1474, qwen3_8b=19
[SCHEDULER_HEARTBEAT] running=[] | gpu0:free=8.0GiB util=89% | remaining: gemma_3_12b_it=2842, mistral_7b_instruct_v03=1474, qwen3_8b=18
[SCHEDULER_HEARTBEAT] running=[] | gpu0:free=8.3GiB util=90% | remaining: gemma_3_12b_it=2842, mistral_7b_instruct_v03=1473, qwen3_8b=18
[SCHEDULER_HEARTBEAT] running=[] | gpu0:free=8.1GiB util=90% | remaining: gemma_3_12b_it=2842, mistral_7b_instruct_v03=1472, qwen3_8b=18
[SCHEDULER_HEARTBEAT] running=[] | gpu0:free=8.3GiB util=87% | remaining: gemma_3_12b_it=2842, mistral_7b_instruct_v03=1470, qwen3_8b=17
[SCHEDULER_HEARTBEAT] running=[] | gpu0:free=8.2GiB util=90% | remaining: gemma_3_12b_it=2842, mistral_7b_instruct_v03=1470, qwen3_8b=17
[SCHEDULER_HEARTBEAT] running=[] | gpu0:free=8.0GiB util=87% | remaining: gemma_3_12b_it=2842, mistral_7b_instruct_v03=1470, qwen3_8b=16
[SCHEDULER_HEARTBEAT] running=[] | gpu0:free=8.2GiB util=88% | remaining: gemma_3_12b_it=2842, mistral_7b_instruct_v03=1470, qwen3_8b=16
[SCHEDULER_HEARTBEAT] running=[] | gpu0:free=8.2GiB util=91% | remaining: gemma_3_12b_it=2842, mistral_7b_instruct_v03=1468, qwen3_8b=16
[SCHEDULER_HEARTBEAT] running=[] | gpu0:free=8.2GiB util=90% | remaining: gemma_3_12b_it=2842, mistral_7b_instruct_v03=1468, qwen3_8b=15
[SCHEDULER_HEARTBEAT] running=[] | gpu0:free=8.0GiB util=88% | remaining: gemma_3_12b_it=2842, mistral_7b_instruct_v03=1467, qwen3_8b=15
[SCHEDULER_HEARTBEAT] running=[] | gpu0:free=8.0GiB util=92% | remaining: gemma_3_12b_it=2842, mistral_7b_instruct_v03=1467, qwen3_8b=15
[SCHEDULER_HEARTBEAT] running=[] | gpu0:free=8.0GiB util=89% | remaining: gemma_3_12b_it=2842, mistral_7b_instruct_v03=1466, qwen3_8b=14
[SCHEDULER_HEARTBEAT] running=[] | gpu0:free=8.0GiB util=90% | remaining: gemma_3_12b_it=2842, mistral_7b_instruct_v03=1465, qwen3_8b=14
[SCHEDULER_HEARTBEAT] running=[] | gpu0:free=8.2GiB util=89% | remaining: gemma_3_12b_it=2842, mistral_7b_instruct_v03=1464, qwen3_8b=13
[SCHEDULER_HEARTBEAT] running=[] | gpu0:free=8.0GiB util=90% | remaining: gemma_3_12b_it=2842, mistral_7b_instruct_v03=1463, qwen3_8b=13
[SCHEDULER_HEARTBEAT] running=[] | gpu0:free=8.1GiB util=90% | remaining: gemma_3_12b_it=2842, mistral_7b_instruct_v03=1463, qwen3_8b=13
[SCHEDULER_HEARTBEAT] running=[] | gpu0:free=8.1GiB util=91% | remaining: gemma_3_12b_it=2842, mistral_7b_instruct_v03=1462, qwen3_8b=12
[SCHEDULER_HEARTBEAT] running=[] | gpu0:free=8.0GiB util=91% | remaining: gemma_3_12b_it=2842, mistral_7b_instruct_v03=1461, qwen3_8b=12
[SCHEDULER_HEARTBEAT] running=[] | gpu0:free=8.1GiB util=90% | remaining: gemma_3_12b_it=2842, mistral_7b_instruct_v03=1459, qwen3_8b=12
[SCHEDULER_HEARTBEAT] running=[] | gpu0:free=8.1GiB util=90% | remaining: gemma_3_12b_it=2842, mistral_7b_instruct_v03=1458, qwen3_8b=11
[SCHEDULER_HEARTBEAT] running=[] | gpu0:free=8.1GiB util=92% | remaining: gemma_3_12b_it=2842, mistral_7b_instruct_v03=1458, qwen3_8b=11
[SCHEDULER_HEARTBEAT] running=[] | gpu0:free=8.1GiB util=89% | remaining: gemma_3_12b_it=2842, mistral_7b_instruct_v03=1457, qwen3_8b=10
[SCHEDULER_HEARTBEAT] running=[] | gpu0:free=8.1GiB util=90% | remaining: gemma_3_12b_it=2842, mistral_7b_instruct_v03=1457, qwen3_8b=10
[SCHEDULER_HEARTBEAT] running=[] | gpu0:free=8.1GiB util=91% | remaining: gemma_3_12b_it=2842, mistral_7b_instruct_v03=1455, qwen3_8b=10
[SCHEDULER_HEARTBEAT] running=[] | gpu0:free=7.9GiB util=90% | remaining: gemma_3_12b_it=2842, mistral_7b_instruct_v03=1455, qwen3_8b=9
[SCHEDULER_HEARTBEAT] running=[] | gpu0:free=8.1GiB util=89% | remaining: gemma_3_12b_it=2842, mistral_7b_instruct_v03=1453, qwen3_8b=9
[SCHEDULER_HEARTBEAT] running=[] | gpu0:free=7.9GiB util=89% | remaining: gemma_3_12b_it=2842, mistral_7b_instruct_v03=1453, qwen3_8b=9
[SCHEDULER_HEARTBEAT] running=[] | gpu0:free=7.9GiB util=90% | remaining: gemma_3_12b_it=2842, mistral_7b_instruct_v03=1452, qwen3_8b=8
[SCHEDULER_HEARTBEAT] running=[] | gpu0:free=8.1GiB util=90% | remaining: gemma_3_12b_it=2842, mistral_7b_instruct_v03=1451, qwen3_8b=8
[SCHEDULER_HEARTBEAT] running=[] | gpu0:free=7.9GiB util=91% | remaining: gemma_3_12b_it=2842, mistral_7b_instruct_v03=1451, qwen3_8b=7
[SCHEDULER_HEARTBEAT] running=[] | gpu0:free=8.0GiB util=88% | remaining: gemma_3_12b_it=2842, mistral_7b_instruct_v03=1451, qwen3_8b=7
[SCHEDULER_HEARTBEAT] running=[] | gpu0:free=7.8GiB util=88% | remaining: gemma_3_12b_it=2842, mistral_7b_instruct_v03=1451, qwen3_8b=7
[SCHEDULER_HEARTBEAT] running=[] | gpu0:free=7.9GiB util=88% | remaining: gemma_3_12b_it=2842, mistral_7b_instruct_v03=1450, qwen3_8b=6
[SCHEDULER_HEARTBEAT] running=[] | gpu0:free=8.0GiB util=88% | remaining: gemma_3_12b_it=2842, mistral_7b_instruct_v03=1450, qwen3_8b=6
[SCHEDULER_HEARTBEAT] running=[] | gpu0:free=8.0GiB util=92% | remaining: gemma_3_12b_it=2842, mistral_7b_instruct_v03=1450, qwen3_8b=6
[SCHEDULER_HEARTBEAT] running=[] | gpu0:free=7.8GiB util=87% | remaining: gemma_3_12b_it=2842, mistral_7b_instruct_v03=1450, qwen3_8b=5
[SCHEDULER_HEARTBEAT] running=[] | gpu0:free=8.1GiB util=91% | remaining: gemma_3_12b_it=2842, mistral_7b_instruct_v03=1449, qwen3_8b=5
[SCHEDULER_HEARTBEAT] running=[] | gpu0:free=8.0GiB util=89% | remaining: gemma_3_12b_it=2842, mistral_7b_instruct_v03=1449, qwen3_8b=5
[SCHEDULER_HEARTBEAT] running=[] | gpu0:free=8.0GiB util=88% | remaining: gemma_3_12b_it=2842, mistral_7b_instruct_v03=1449, qwen3_8b=4
[SCHEDULER_HEARTBEAT] running=[] | gpu0:free=7.8GiB util=90% | remaining: gemma_3_12b_it=2842, mistral_7b_instruct_v03=1448, qwen3_8b=4
[SCHEDULER_HEARTBEAT] running=[] | gpu0:free=8.0GiB util=89% | remaining: gemma_3_12b_it=2842, mistral_7b_instruct_v03=1448, qwen3_8b=3
[SCHEDULER_HEARTBEAT] running=[] | gpu0:free=7.8GiB util=88% | remaining: gemma_3_12b_it=2842, mistral_7b_instruct_v03=1447, qwen3_8b=3
[SCHEDULER_HEARTBEAT] running=[] | gpu0:free=7.9GiB util=91% | remaining: gemma_3_12b_it=2842, mistral_7b_instruct_v03=1447, qwen3_8b=3
[SCHEDULER_HEARTBEAT] running=[] | gpu0:free=7.8GiB util=90% | remaining: gemma_3_12b_it=2842, mistral_7b_instruct_v03=1445, qwen3_8b=2
[SCHEDULER_HEARTBEAT] running=[] | gpu0:free=7.9GiB util=90% | remaining: gemma_3_12b_it=2842, mistral_7b_instruct_v03=1445, qwen3_8b=2
[SCHEDULER_HEARTBEAT] running=[] | gpu0:free=7.8GiB util=90% | remaining: gemma_3_12b_it=2842, mistral_7b_instruct_v03=1445, qwen3_8b=2
[SCHEDULER_HEARTBEAT] running=[] | gpu0:free=7.8GiB util=87% | remaining: gemma_3_12b_it=2842, mistral_7b_instruct_v03=1443, qwen3_8b=1
[SCHEDULER_HEARTBEAT] running=[] | gpu0:free=7.9GiB util=90% | remaining: gemma_3_12b_it=2842, mistral_7b_instruct_v03=1443, qwen3_8b=1
[SCHEDULER_HEARTBEAT] running=[] | gpu0:free=7.8GiB util=90% | remaining: gemma_3_12b_it=2842, mistral_7b_instruct_v03=1441, qwen3_8b=1
[SCHEDULER_HEARTBEAT] running=[] | gpu0:free=26.2GiB util=45% | remaining: gemma_3_12b_it=2842, mistral_7b_instruct_v03=1439, qwen3_8b=0
[SCHEDULER_HEARTBEAT] running=[] | gpu0:free=26.0GiB util=45% | remaining: gemma_3_12b_it=2842, mistral_7b_instruct_v03=1437, qwen3_8b=0
[SCHEDULER_HEARTBEAT] running=[] | gpu0:free=26.2GiB util=45% | remaining: gemma_3_12b_it=2842, mistral_7b_instruct_v03=1436, qwen3_8b=0
[SCHEDULER_HEARTBEAT] running=[] | gpu0:free=26.1GiB util=47% | remaining: gemma_3_12b_it=2842, mistral_7b_instruct_v03=1436, qwen3_8b=0
[SCHEDULER_HEARTBEAT] running=[] | gpu0:free=26.2GiB util=46% | remaining: gemma_3_12b_it=2842, mistral_7b_instruct_v03=1436, qwen3_8b=0
[SCHEDULER_HEARTBEAT] running=[] | gpu0:free=26.2GiB util=45% | remaining: gemma_3_12b_it=2842, mistral_7b_instruct_v03=1436, qwen3_8b=0
[SCHEDULER_HEARTBEAT] running=[] | gpu0:free=25.9GiB util=46% | remaining: gemma_3_12b_it=2842, mistral_7b_instruct_v03=1436, qwen3_8b=0
[SCHEDULER_HEARTBEAT] running=[] | gpu0:free=26.2GiB util=45% | remaining: gemma_3_12b_it=2842, mistral_7b_instruct_v03=1435, qwen3_8b=0
[SCHEDULER_HEARTBEAT] running=[] | gpu0:free=26.2GiB util=45% | remaining: gemma_3_12b_it=2842, mistral_7b_instruct_v03=1434, qwen3_8b=0
[SCHEDULER_HEARTBEAT] running=[] | gpu0:free=26.2GiB util=45% | remaining: gemma_3_12b_it=2842, mistral_7b_instruct_v03=1434, qwen3_8b=0
[SCHEDULER_HEARTBEAT] running=[] | gpu0:free=26.0GiB util=47% | remaining: gemma_3_12b_it=2842, mistral_7b_instruct_v03=1433, qwen3_8b=0
[SCHEDULER_HEARTBEAT] running=[] | gpu0:free=26.1GiB util=45% | remaining: gemma_3_12b_it=2842, mistral_7b_instruct_v03=1433, qwen3_8b=0
[SCHEDULER_HEARTBEAT] running=[] | gpu0:free=26.2GiB util=49% | remaining: gemma_3_12b_it=2842, mistral_7b_instruct_v03=1432, qwen3_8b=0
[SCHEDULER_HEARTBEAT] running=[] | gpu0:free=26.3GiB util=48% | remaining: gemma_3_12b_it=2842, mistral_7b_instruct_v03=1430, qwen3_8b=0
[SCHEDULER_HEARTBEAT] running=[] | gpu0:free=26.0GiB util=46% | remaining: gemma_3_12b_it=2842, mistral_7b_instruct_v03=1430, qwen3_8b=0
[SCHEDULER_HEARTBEAT] running=[] | gpu0:free=26.0GiB util=46% | remaining: gemma_3_12b_it=2842, mistral_7b_instruct_v03=1429, qwen3_8b=0
[SCHEDULER_HEARTBEAT] running=[] | gpu0:free=26.2GiB util=47% | remaining: gemma_3_12b_it=2842, mistral_7b_instruct_v03=1428, qwen3_8b=0
[SCHEDULER_HEARTBEAT] running=[] | gpu0:free=26.2GiB util=50% | remaining: gemma_3_12b_it=2842, mistral_7b_instruct_v03=1427, qwen3_8b=0
[SCHEDULER_HEARTBEAT] running=[] | gpu0:free=26.1GiB util=47% | remaining: gemma_3_12b_it=2842, mistral_7b_instruct_v03=1427, qwen3_8b=0
[SCHEDULER_HEARTBEAT] running=[] | gpu0:free=26.2GiB util=44% | remaining: gemma_3_12b_it=2842, mistral_7b_instruct_v03=1426, qwen3_8b=0
[SCHEDULER_HEARTBEAT] running=[] | gpu0:free=26.2GiB util=44% | remaining: gemma_3_12b_it=2842, mistral_7b_instruct_v03=1426, qwen3_8b=0
[SCHEDULER_HEARTBEAT] running=[] | gpu0:free=26.0GiB util=45% | remaining: gemma_3_12b_it=2842, mistral_7b_instruct_v03=1425, qwen3_8b=0
[SCHEDULER_HEARTBEAT] running=[] | gpu0:free=26.1GiB util=45% | remaining: gemma_3_12b_it=2842, mistral_7b_instruct_v03=1425, qwen3_8b=0
[SCHEDULER_HEARTBEAT] running=[] | gpu0:free=26.0GiB util=48% | remaining: gemma_3_12b_it=2842, mistral_7b_instruct_v03=1424, qwen3_8b=0
[SCHEDULER_HEARTBEAT] running=[] | gpu0:free=26.1GiB util=48% | remaining: gemma_3_12b_it=2842, mistral_7b_instruct_v03=1424, qwen3_8b=0
[SCHEDULER_HEARTBEAT] running=[] | gpu0:free=26.0GiB util=47% | remaining: gemma_3_12b_it=2842, mistral_7b_instruct_v03=1423, qwen3_8b=0
[SCHEDULER_HEARTBEAT] running=[] | gpu0:free=26.2GiB util=46% | remaining: gemma_3_12b_it=2842, mistral_7b_instruct_v03=1422, qwen3_8b=0
[SCHEDULER_HEARTBEAT] running=[] | gpu0:free=26.2GiB util=45% | remaining: gemma_3_12b_it=2842, mistral_7b_instruct_v03=1421, qwen3_8b=0
[SCHEDULER_HEARTBEAT] running=[] | gpu0:free=26.0GiB util=47% | remaining: gemma_3_12b_it=2842, mistral_7b_instruct_v03=1421, qwen3_8b=0
[SCHEDULER_HEARTBEAT] running=[] | gpu0:free=26.2GiB util=45% | remaining: gemma_3_12b_it=2842, mistral_7b_instruct_v03=1420, qwen3_8b=0
[SCHEDULER_HEARTBEAT] running=[] | gpu0:free=26.2GiB util=49% | remaining: gemma_3_12b_it=2842, mistral_7b_instruct_v03=1417, qwen3_8b=0
[SCHEDULER_HEARTBEAT] running=[] | gpu0:free=26.1GiB util=47% | remaining: gemma_3_12b_it=2842, mistral_7b_instruct_v03=1417, qwen3_8b=0
[SCHEDULER_HEARTBEAT] running=[] | gpu0:free=26.2GiB util=47% | remaining: gemma_3_12b_it=2842, mistral_7b_instruct_v03=1416, qwen3_8b=0
[SCHEDULER_HEARTBEAT] running=[] | gpu0:free=26.2GiB util=48% | remaining: gemma_3_12b_it=2842, mistral_7b_instruct_v03=1415, qwen3_8b=0
[SCHEDULER_HEARTBEAT] running=[] | gpu0:free=26.2GiB util=47% | remaining: gemma_3_12b_it=2842, mistral_7b_instruct_v03=1414, qwen3_8b=0
[SCHEDULER_HEARTBEAT] running=[] | gpu0:free=26.0GiB util=45% | remaining: gemma_3_12b_it=2842, mistral_7b_instruct_v03=1414, qwen3_8b=0
[SCHEDULER_HEARTBEAT] running=[] | gpu0:free=26.2GiB util=47% | remaining: gemma_3_12b_it=2842, mistral_7b_instruct_v03=1413, qwen3_8b=0
[SCHEDULER_HEARTBEAT] running=[] | gpu0:free=26.0GiB util=45% | remaining: gemma_3_12b_it=2842, mistral_7b_instruct_v03=1412, qwen3_8b=0
[SCHEDULER_HEARTBEAT] running=[] | gpu0:free=26.1GiB util=46% | remaining: gemma_3_12b_it=2842, mistral_7b_instruct_v03=1412, qwen3_8b=0
[SCHEDULER_HEARTBEAT] running=[] | gpu0:free=26.2GiB util=47% | remaining: gemma_3_12b_it=2842, mistral_7b_instruct_v03=1411, qwen3_8b=0
[SCHEDULER_HEARTBEAT] running=[] | gpu0:free=26.2GiB util=47% | remaining: gemma_3_12b_it=2842, mistral_7b_instruct_v03=1410, qwen3_8b=0
[SCHEDULER_HEARTBEAT] running=[] | gpu0:free=26.2GiB util=47% | remaining: gemma_3_12b_it=2842, mistral_7b_instruct_v03=1409, qwen3_8b=0
[SCHEDULER_HEARTBEAT] running=[] | gpu0:free=26.1GiB util=44% | remaining: gemma_3_12b_it=2842, mistral_7b_instruct_v03=1409, qwen3_8b=0
[SCHEDULER_HEARTBEAT] running=[] | gpu0:free=26.0GiB util=47% | remaining: gemma_3_12b_it=2842, mistral_7b_instruct_v03=1408, qwen3_8b=0
[SCHEDULER_HEARTBEAT] running=[] | gpu0:free=26.0GiB util=46% | remaining: gemma_3_12b_it=2842, mistral_7b_instruct_v03=1408, qwen3_8b=0
[SCHEDULER_HEARTBEAT] running=[] | gpu0:free=26.0GiB util=46% | remaining: gemma_3_12b_it=2842, mistral_7b_instruct_v03=1408, qwen3_8b=0
[SCHEDULER_HEARTBEAT] running=[] | gpu0:free=26.2GiB util=46% | remaining: gemma_3_12b_it=2842, mistral_7b_instruct_v03=1407, qwen3_8b=0
[SCHEDULER_HEARTBEAT] running=[] | gpu0:free=26.2GiB util=46% | remaining: gemma_3_12b_it=2842, mistral_7b_instruct_v03=1406, qwen3_8b=0
[SCHEDULER_HEARTBEAT] running=[] | gpu0:free=26.3GiB util=46% | remaining: gemma_3_12b_it=2842, mistral_7b_instruct_v03=1406, qwen3_8b=0
[SCHEDULER_HEARTBEAT] running=[] | gpu0:free=26.1GiB util=46% | remaining: gemma_3_12b_it=2842, mistral_7b_instruct_v03=1406, qwen3_8b=0
[SCHEDULER_HEARTBEAT] running=[] | gpu0:free=26.1GiB util=45% | remaining: gemma_3_12b_it=2842, mistral_7b_instruct_v03=1405, qwen3_8b=0
[SCHEDULER_HEARTBEAT] running=[] | gpu0:free=26.2GiB util=47% | remaining: gemma_3_12b_it=2842, mistral_7b_instruct_v03=1404, qwen3_8b=0
[SCHEDULER_HEARTBEAT] running=[] | gpu0:free=26.2GiB util=45% | remaining: gemma_3_12b_it=2842, mistral_7b_instruct_v03=1403, qwen3_8b=0
[SCHEDULER_HEARTBEAT] running=[] | gpu0:free=26.2GiB util=45% | remaining: gemma_3_12b_it=2842, mistral_7b_instruct_v03=1402, qwen3_8b=0
[SCHEDULER_HEARTBEAT] running=[] | gpu0:free=26.0GiB util=44% | remaining: gemma_3_12b_it=2842, mistral_7b_instruct_v03=1402, qwen3_8b=0
[SCHEDULER_HEARTBEAT] running=[] | gpu0:free=26.2GiB util=47% | remaining: gemma_3_12b_it=2842, mistral_7b_instruct_v03=1401, qwen3_8b=0
[SCHEDULER_HEARTBEAT] running=[] | gpu0:free=26.2GiB util=47% | remaining: gemma_3_12b_it=2842, mistral_7b_instruct_v03=1399, qwen3_8b=0
[SCHEDULER_HEARTBEAT] running=[] | gpu0:free=26.0GiB util=45% | remaining: gemma_3_12b_it=2842, mistral_7b_instruct_v03=1399, qwen3_8b=0
[SCHEDULER_HEARTBEAT] running=[] | gpu0:free=26.0GiB util=47% | remaining: gemma_3_12b_it=2842, mistral_7b_instruct_v03=1398, qwen3_8b=0
[SCHEDULER_HEARTBEAT] running=[] | gpu0:free=26.1GiB util=50% | remaining: gemma_3_12b_it=2842, mistral_7b_instruct_v03=1398, qwen3_8b=0
[SCHEDULER_HEARTBEAT] running=[] | gpu0:free=26.0GiB util=46% | remaining: gemma_3_12b_it=2842, mistral_7b_instruct_v03=1397, qwen3_8b=0
[SCHEDULER_HEARTBEAT] running=[] | gpu0:free=26.2GiB util=48% | remaining: gemma_3_12b_it=2842, mistral_7b_instruct_v03=1395, qwen3_8b=0
[SCHEDULER_HEARTBEAT] running=[] | gpu0:free=26.0GiB util=47% | remaining: gemma_3_12b_it=2842, mistral_7b_instruct_v03=1393, qwen3_8b=0
[SCHEDULER_HEARTBEAT] running=[] | gpu0:free=26.0GiB util=47% | remaining: gemma_3_12b_it=2842, mistral_7b_instruct_v03=1393, qwen3_8b=0
[SCHEDULER_HEARTBEAT] running=[] | gpu0:free=26.2GiB util=47% | remaining: gemma_3_12b_it=2842, mistral_7b_instruct_v03=1392, qwen3_8b=0
[SCHEDULER_HEARTBEAT] running=[] | gpu0:free=26.0GiB util=48% | remaining: gemma_3_12b_it=2842, mistral_7b_instruct_v03=1391, qwen3_8b=0
[SCHEDULER_HEARTBEAT] running=[] | gpu0:free=26.2GiB util=49% | remaining: gemma_3_12b_it=2842, mistral_7b_instruct_v03=1390, qwen3_8b=0
[SCHEDULER_HEARTBEAT] running=[] | gpu0:free=26.1GiB util=46% | remaining: gemma_3_12b_it=2842, mistral_7b_instruct_v03=1390, qwen3_8b=0
[SCHEDULER_HEARTBEAT] running=[] | gpu0:free=26.2GiB util=45% | remaining: gemma_3_12b_it=2842, mistral_7b_instruct_v03=1389, qwen3_8b=0
[SCHEDULER_HEARTBEAT] running=[] | gpu0:free=26.1GiB util=46% | remaining: gemma_3_12b_it=2842, mistral_7b_instruct_v03=1389, qwen3_8b=0
[SCHEDULER_HEARTBEAT] running=[] | gpu0:free=26.2GiB util=47% | remaining: gemma_3_12b_it=2842, mistral_7b_instruct_v03=1387, qwen3_8b=0
[SCHEDULER_HEARTBEAT] running=[] | gpu0:free=26.2GiB util=44% | remaining: gemma_3_12b_it=2842, mistral_7b_instruct_v03=1387, qwen3_8b=0
[SCHEDULER_HEARTBEAT] running=[] | gpu0:free=26.0GiB util=46% | remaining: gemma_3_12b_it=2842, mistral_7b_instruct_v03=1386, qwen3_8b=0
[SCHEDULER_HEARTBEAT] running=[] | gpu0:free=26.2GiB util=48% | remaining: gemma_3_12b_it=2842, mistral_7b_instruct_v03=1386, qwen3_8b=0
[SCHEDULER_HEARTBEAT] running=[] | gpu0:free=26.3GiB util=45% | remaining: gemma_3_12b_it=2842, mistral_7b_instruct_v03=1385, qwen3_8b=0
[SCHEDULER_HEARTBEAT] running=[] | gpu0:free=26.2GiB util=45% | remaining: gemma_3_12b_it=2842, mistral_7b_instruct_v03=1384, qwen3_8b=0
[SCHEDULER_HEARTBEAT] running=[] | gpu0:free=26.1GiB util=46% | remaining: gemma_3_12b_it=2842, mistral_7b_instruct_v03=1384, qwen3_8b=0
[SCHEDULER_HEARTBEAT] running=[] | gpu0:free=26.2GiB util=46% | remaining: gemma_3_12b_it=2842, mistral_7b_instruct_v03=1384, qwen3_8b=0
[SCHEDULER_HEARTBEAT] running=[] | gpu0:free=26.2GiB util=48% | remaining: gemma_3_12b_it=2842, mistral_7b_instruct_v03=1383, qwen3_8b=0
[SCHEDULER_HEARTBEAT] running=[] | gpu0:free=26.1GiB util=45% | remaining: gemma_3_12b_it=2842, mistral_7b_instruct_v03=1383, qwen3_8b=0
[SCHEDULER_HEARTBEAT] running=[] | gpu0:free=26.0GiB util=46% | remaining: gemma_3_12b_it=2842, mistral_7b_instruct_v03=1381, qwen3_8b=0
[SCHEDULER_HEARTBEAT] running=[] | gpu0:free=26.3GiB util=43% | remaining: gemma_3_12b_it=2842, mistral_7b_instruct_v03=1379, qwen3_8b=0
[SCHEDULER_HEARTBEAT] running=[] | gpu0:free=26.0GiB util=45% | remaining: gemma_3_12b_it=2842, mistral_7b_instruct_v03=1379, qwen3_8b=0
[SCHEDULER_HEARTBEAT] running=[] | gpu0:free=26.1GiB util=47% | remaining: gemma_3_12b_it=2842, mistral_7b_instruct_v03=1379, qwen3_8b=0
[SCHEDULER_HEARTBEAT] running=[] | gpu0:free=26.2GiB util=46% | remaining: gemma_3_12b_it=2842, mistral_7b_instruct_v03=1377, qwen3_8b=0
[SCHEDULER_HEARTBEAT] running=[] | gpu0:free=26.0GiB util=47% | remaining: gemma_3_12b_it=2842, mistral_7b_instruct_v03=1375, qwen3_8b=0
[SCHEDULER_HEARTBEAT] running=[] | gpu0:free=26.0GiB util=47% | remaining: gemma_3_12b_it=2842, mistral_7b_instruct_v03=1374, qwen3_8b=0
[SCHEDULER_HEARTBEAT] running=[] | gpu0:free=26.0GiB util=46% | remaining: gemma_3_12b_it=2842, mistral_7b_instruct_v03=1372, qwen3_8b=0
[SCHEDULER_HEARTBEAT] running=[] | gpu0:free=26.1GiB util=45% | remaining: gemma_3_12b_it=2842, mistral_7b_instruct_v03=1372, qwen3_8b=0
[SCHEDULER_HEARTBEAT] running=[] | gpu0:free=26.1GiB util=43% | remaining: gemma_3_12b_it=2842, mistral_7b_instruct_v03=1372, qwen3_8b=0
[SCHEDULER_HEARTBEAT] running=[] | gpu0:free=26.1GiB util=49% | remaining: gemma_3_12b_it=2842, mistral_7b_instruct_v03=1372, qwen3_8b=0
[SCHEDULER_HEARTBEAT] running=[] | gpu0:free=26.2GiB util=48% | remaining: gemma_3_12b_it=2842, mistral_7b_instruct_v03=1371, qwen3_8b=0
[SCHEDULER_HEARTBEAT] running=[] | gpu0:free=26.2GiB util=46% | remaining: gemma_3_12b_it=2842, mistral_7b_instruct_v03=1370, qwen3_8b=0
[SCHEDULER_HEARTBEAT] running=[] | gpu0:free=26.0GiB util=47% | remaining: gemma_3_12b_it=2842, mistral_7b_instruct_v03=1370, qwen3_8b=0
[SCHEDULER_HEARTBEAT] running=[] | gpu0:free=26.2GiB util=44% | remaining: gemma_3_12b_it=2842, mistral_7b_instruct_v03=1369, qwen3_8b=0
[SCHEDULER_HEARTBEAT] running=[] | gpu0:free=26.0GiB util=45% | remaining: gemma_3_12b_it=2842, mistral_7b_instruct_v03=1369, qwen3_8b=0
[SCHEDULER_HEARTBEAT] running=[] | gpu0:free=26.2GiB util=44% | remaining: gemma_3_12b_it=2842, mistral_7b_instruct_v03=1368, qwen3_8b=0
[SCHEDULER_HEARTBEAT] running=[] | gpu0:free=26.2GiB util=44% | remaining: gemma_3_12b_it=2842, mistral_7b_instruct_v03=1366, qwen3_8b=0
[SCHEDULER_HEARTBEAT] running=[] | gpu0:free=26.0GiB util=67% | remaining: gemma_3_12b_it=2842, mistral_7b_instruct_v03=1364, qwen3_8b=0
[SCHEDULER_HEARTBEAT] running=[] | gpu0:free=26.2GiB util=44% | remaining: gemma_3_12b_it=2842, mistral_7b_instruct_v03=1362, qwen3_8b=0
[SCHEDULER_HEARTBEAT] running=[] | gpu0:free=26.2GiB util=46% | remaining: gemma_3_12b_it=2842, mistral_7b_instruct_v03=1362, qwen3_8b=0
[SCHEDULER_HEARTBEAT] running=[] | gpu0:free=26.2GiB util=45% | remaining: gemma_3_12b_it=2842, mistral_7b_instruct_v03=1362, qwen3_8b=0
[SCHEDULER_HEARTBEAT] running=[] | gpu0:free=26.2GiB util=44% | remaining: gemma_3_12b_it=2842, mistral_7b_instruct_v03=1361, qwen3_8b=0
[SCHEDULER_HEARTBEAT] running=[] | gpu0:free=26.0GiB util=47% | remaining: gemma_3_12b_it=2842, mistral_7b_instruct_v03=1361, qwen3_8b=0
[SCHEDULER_HEARTBEAT] running=[] | gpu0:free=26.2GiB util=45% | remaining: gemma_3_12b_it=2842, mistral_7b_instruct_v03=1359, qwen3_8b=0
[SCHEDULER_HEARTBEAT] running=[] | gpu0:free=26.1GiB util=48% | remaining: gemma_3_12b_it=2842, mistral_7b_instruct_v03=1359, qwen3_8b=0
[SCHEDULER_HEARTBEAT] running=[] | gpu0:free=26.0GiB util=45% | remaining: gemma_3_12b_it=2842, mistral_7b_instruct_v03=1357, qwen3_8b=0
[SCHEDULER_HEARTBEAT] running=[] | gpu0:free=26.0GiB util=44% | remaining: gemma_3_12b_it=2842, mistral_7b_instruct_v03=1357, qwen3_8b=0
[SCHEDULER_HEARTBEAT] running=[] | gpu0:free=26.0GiB util=45% | remaining: gemma_3_12b_it=2842, mistral_7b_instruct_v03=1357, qwen3_8b=0
[SCHEDULER_HEARTBEAT] running=[] | gpu0:free=26.1GiB util=46% | remaining: gemma_3_12b_it=2842, mistral_7b_instruct_v03=1357, qwen3_8b=0
[SCHEDULER_HEARTBEAT] running=[] | gpu0:free=26.1GiB util=46% | remaining: gemma_3_12b_it=2842, mistral_7b_instruct_v03=1357, qwen3_8b=0
[SCHEDULER_HEARTBEAT] running=[] | gpu0:free=26.2GiB util=45% | remaining: gemma_3_12b_it=2842, mistral_7b_instruct_v03=1355, qwen3_8b=0
[SCHEDULER_HEARTBEAT] running=[] | gpu0:free=26.2GiB util=45% | remaining: gemma_3_12b_it=2842, mistral_7b_instruct_v03=1354, qwen3_8b=0
[SCHEDULER_HEARTBEAT] running=[] | gpu0:free=26.0GiB util=44% | remaining: gemma_3_12b_it=2842, mistral_7b_instruct_v03=1354, qwen3_8b=0
[SCHEDULER_HEARTBEAT] running=[] | gpu0:free=26.2GiB util=44% | remaining: gemma_3_12b_it=2842, mistral_7b_instruct_v03=1352, qwen3_8b=0
[SCHEDULER_HEARTBEAT] running=[] | gpu0:free=26.0GiB util=44% | remaining: gemma_3_12b_it=2842, mistral_7b_instruct_v03=1352, qwen3_8b=0
[SCHEDULER_HEARTBEAT] running=[] | gpu0:free=26.0GiB util=43% | remaining: gemma_3_12b_it=2842, mistral_7b_instruct_v03=1352, qwen3_8b=0
[SCHEDULER_HEARTBEAT] running=[] | gpu0:free=26.2GiB util=45% | remaining: gemma_3_12b_it=2842, mistral_7b_instruct_v03=1350, qwen3_8b=0
[SCHEDULER_HEARTBEAT] running=[] | gpu0:free=26.1GiB util=45% | remaining: gemma_3_12b_it=2842, mistral_7b_instruct_v03=1350, qwen3_8b=0
[SCHEDULER_HEARTBEAT] running=[] | gpu0:free=26.2GiB util=46% | remaining: gemma_3_12b_it=2842, mistral_7b_instruct_v03=1349, qwen3_8b=0
[SCHEDULER_HEARTBEAT] running=[] | gpu0:free=26.0GiB util=46% | remaining: gemma_3_12b_it=2842, mistral_7b_instruct_v03=1349, qwen3_8b=0
[SCHEDULER_HEARTBEAT] running=[] | gpu0:free=26.2GiB util=45% | remaining: gemma_3_12b_it=2842, mistral_7b_instruct_v03=1348, qwen3_8b=0
[SCHEDULER_HEARTBEAT] running=[] | gpu0:free=26.0GiB util=44% | remaining: gemma_3_12b_it=2842, mistral_7b_instruct_v03=1348, qwen3_8b=0
[SCHEDULER_HEARTBEAT] running=[] | gpu0:free=26.0GiB util=45% | remaining: gemma_3_12b_it=2842, mistral_7b_instruct_v03=1348, qwen3_8b=0
[SCHEDULER_HEARTBEAT] running=[] | gpu0:free=26.1GiB util=45% | remaining: gemma_3_12b_it=2842, mistral_7b_instruct_v03=1348, qwen3_8b=0
[SCHEDULER_HEARTBEAT] running=[] | gpu0:free=25.9GiB util=46% | remaining: gemma_3_12b_it=2842, mistral_7b_instruct_v03=1348, qwen3_8b=0
[SCHEDULER_HEARTBEAT] running=[] | gpu0:free=26.2GiB util=46% | remaining: gemma_3_12b_it=2842, mistral_7b_instruct_v03=1347, qwen3_8b=0
[SCHEDULER_HEARTBEAT] running=[] | gpu0:free=26.2GiB util=47% | remaining: gemma_3_12b_it=2842, mistral_7b_instruct_v03=1347, qwen3_8b=0
[SCHEDULER_HEARTBEAT] running=[] | gpu0:free=26.0GiB util=45% | remaining: gemma_3_12b_it=2842, mistral_7b_instruct_v03=1346, qwen3_8b=0
[SCHEDULER_HEARTBEAT] running=[] | gpu0:free=26.1GiB util=45% | remaining: gemma_3_12b_it=2842, mistral_7b_instruct_v03=1345, qwen3_8b=0
[SCHEDULER_HEARTBEAT] running=[] | gpu0:free=26.2GiB util=45% | remaining: gemma_3_12b_it=2842, mistral_7b_instruct_v03=1344, qwen3_8b=0
[SCHEDULER_HEARTBEAT] running=[] | gpu0:free=26.1GiB util=44% | remaining: gemma_3_12b_it=2842, mistral_7b_instruct_v03=1344, qwen3_8b=0
[SCHEDULER_HEARTBEAT] running=[] | gpu0:free=26.0GiB util=45% | remaining: gemma_3_12b_it=2842, mistral_7b_instruct_v03=1343, qwen3_8b=0
[SCHEDULER_HEARTBEAT] running=[] | gpu0:free=26.2GiB util=46% | remaining: gemma_3_12b_it=2842, mistral_7b_instruct_v03=1343, qwen3_8b=0
[SCHEDULER_HEARTBEAT] running=[] | gpu0:free=26.2GiB util=49% | remaining: gemma_3_12b_it=2842, mistral_7b_instruct_v03=1341, qwen3_8b=0
[SCHEDULER_HEARTBEAT] running=[] | gpu0:free=26.0GiB util=46% | remaining: gemma_3_12b_it=2842, mistral_7b_instruct_v03=1341, qwen3_8b=0
[SCHEDULER_HEARTBEAT] running=[] | gpu0:free=26.2GiB util=47% | remaining: gemma_3_12b_it=2842, mistral_7b_instruct_v03=1340, qwen3_8b=0
[SCHEDULER_HEARTBEAT] running=[] | gpu0:free=26.0GiB util=46% | remaining: gemma_3_12b_it=2842, mistral_7b_instruct_v03=1340, qwen3_8b=0
[SCHEDULER_HEARTBEAT] running=[] | gpu0:free=26.2GiB util=45% | remaining: gemma_3_12b_it=2842, mistral_7b_instruct_v03=1340, qwen3_8b=0
[SCHEDULER_HEARTBEAT] running=[] | gpu0:free=26.2GiB util=45% | remaining: gemma_3_12b_it=2842, mistral_7b_instruct_v03=1339, qwen3_8b=0
[SCHEDULER_HEARTBEAT] running=[] | gpu0:free=26.0GiB util=45% | remaining: gemma_3_12b_it=2842, mistral_7b_instruct_v03=1339, qwen3_8b=0
[SCHEDULER_HEARTBEAT] running=[] | gpu0:free=26.0GiB util=45% | remaining: gemma_3_12b_it=2842, mistral_7b_instruct_v03=1339, qwen3_8b=0
[SCHEDULER_HEARTBEAT] running=[] | gpu0:free=26.1GiB util=45% | remaining: gemma_3_12b_it=2842, mistral_7b_instruct_v03=1339, qwen3_8b=0
[SCHEDULER_HEARTBEAT] running=[] | gpu0:free=25.9GiB util=46% | remaining: gemma_3_12b_it=2842, mistral_7b_instruct_v03=1339, qwen3_8b=0
[SCHEDULER_HEARTBEAT] running=[] | gpu0:free=26.0GiB util=44% | remaining: gemma_3_12b_it=2842, mistral_7b_instruct_v03=1338, qwen3_8b=0
[SCHEDULER_HEARTBEAT] running=[] | gpu0:free=26.1GiB util=46% | remaining: gemma_3_12b_it=2842, mistral_7b_instruct_v03=1338, qwen3_8b=0
[SCHEDULER_HEARTBEAT] running=[] | gpu0:free=26.0GiB util=45% | remaining: gemma_3_12b_it=2842, mistral_7b_instruct_v03=1337, qwen3_8b=0
[SCHEDULER_HEARTBEAT] running=[] | gpu0:free=26.1GiB util=46% | remaining: gemma_3_12b_it=2842, mistral_7b_instruct_v03=1337, qwen3_8b=0
[SCHEDULER_HEARTBEAT] running=[] | gpu0:free=26.2GiB util=47% | remaining: gemma_3_12b_it=2842, mistral_7b_instruct_v03=1335, qwen3_8b=0
[SCHEDULER_HEARTBEAT] running=[] | gpu0:free=26.0GiB util=45% | remaining: gemma_3_12b_it=2842, mistral_7b_instruct_v03=1335, qwen3_8b=0
[SCHEDULER_HEARTBEAT] running=[] | gpu0:free=26.0GiB util=45% | remaining: gemma_3_12b_it=2842, mistral_7b_instruct_v03=1334, qwen3_8b=0
[SCHEDULER_HEARTBEAT] running=[] | gpu0:free=26.2GiB util=47% | remaining: gemma_3_12b_it=2842, mistral_7b_instruct_v03=1333, qwen3_8b=0
[SCHEDULER_HEARTBEAT] running=[] | gpu0:free=26.2GiB util=45% | remaining: gemma_3_12b_it=2842, mistral_7b_instruct_v03=1332, qwen3_8b=0
[SCHEDULER_HEARTBEAT] running=[] | gpu0:free=26.0GiB util=44% | remaining: gemma_3_12b_it=2842, mistral_7b_instruct_v03=1331, qwen3_8b=0
[SCHEDULER_HEARTBEAT] running=[] | gpu0:free=26.3GiB util=45% | remaining: gemma_3_12b_it=2842, mistral_7b_instruct_v03=1331, qwen3_8b=0
[SCHEDULER_HEARTBEAT] running=[] | gpu0:free=26.2GiB util=47% | remaining: gemma_3_12b_it=2842, mistral_7b_instruct_v03=1330, qwen3_8b=0
[SCHEDULER_HEARTBEAT] running=[] | gpu0:free=26.1GiB util=44% | remaining: gemma_3_12b_it=2842, mistral_7b_instruct_v03=1330, qwen3_8b=0
[SCHEDULER_HEARTBEAT] running=[] | gpu0:free=26.0GiB util=48% | remaining: gemma_3_12b_it=2842, mistral_7b_instruct_v03=1329, qwen3_8b=0
[SCHEDULER_HEARTBEAT] running=[] | gpu0:free=26.1GiB util=45% | remaining: gemma_3_12b_it=2842, mistral_7b_instruct_v03=1329, qwen3_8b=0
[SCHEDULER_HEARTBEAT] running=[] | gpu0:free=26.0GiB util=44% | remaining: gemma_3_12b_it=2842, mistral_7b_instruct_v03=1328, qwen3_8b=0
[SCHEDULER_HEARTBEAT] running=[] | gpu0:free=26.0GiB util=46% | remaining: gemma_3_12b_it=2842, mistral_7b_instruct_v03=1326, qwen3_8b=0
[SCHEDULER_HEARTBEAT] running=[] | gpu0:free=26.0GiB util=45% | remaining: gemma_3_12b_it=2842, mistral_7b_instruct_v03=1325, qwen3_8b=0
[SCHEDULER_HEARTBEAT] running=[] | gpu0:free=26.1GiB util=45% | remaining: gemma_3_12b_it=2842, mistral_7b_instruct_v03=1325, qwen3_8b=0
[SCHEDULER_HEARTBEAT] running=[] | gpu0:free=26.1GiB util=45% | remaining: gemma_3_12b_it=2842, mistral_7b_instruct_v03=1325, qwen3_8b=0
[SCHEDULER_HEARTBEAT] running=[] | gpu0:free=26.0GiB util=44% | remaining: gemma_3_12b_it=2842, mistral_7b_instruct_v03=1324, qwen3_8b=0
[SCHEDULER_HEARTBEAT] running=[] | gpu0:free=26.1GiB util=44% | remaining: gemma_3_12b_it=2842, mistral_7b_instruct_v03=1324, qwen3_8b=0
[SCHEDULER_HEARTBEAT] running=[] | gpu0:free=26.2GiB util=46% | remaining: gemma_3_12b_it=2842, mistral_7b_instruct_v03=1323, qwen3_8b=0
[SCHEDULER_HEARTBEAT] running=[] | gpu0:free=26.0GiB util=45% | remaining: gemma_3_12b_it=2842, mistral_7b_instruct_v03=1323, qwen3_8b=0
[SCHEDULER_HEARTBEAT] running=[] | gpu0:free=26.0GiB util=45% | remaining: gemma_3_12b_it=2842, mistral_7b_instruct_v03=1323, qwen3_8b=0
[SCHEDULER_HEARTBEAT] running=[] | gpu0:free=26.0GiB util=45% | remaining: gemma_3_12b_it=2842, mistral_7b_instruct_v03=1322, qwen3_8b=0
[SCHEDULER_HEARTBEAT] running=[] | gpu0:free=26.1GiB util=44% | remaining: gemma_3_12b_it=2842, mistral_7b_instruct_v03=1322, qwen3_8b=0
[SCHEDULER_HEARTBEAT] running=[] | gpu0:free=26.1GiB util=45% | remaining: gemma_3_12b_it=2842, mistral_7b_instruct_v03=1322, qwen3_8b=0
[SCHEDULER_HEARTBEAT] running=[] | gpu0:free=26.3GiB util=46% | remaining: gemma_3_12b_it=2842, mistral_7b_instruct_v03=1320, qwen3_8b=0
[SCHEDULER_HEARTBEAT] running=[] | gpu0:free=26.0GiB util=45% | remaining: gemma_3_12b_it=2842, mistral_7b_instruct_v03=1320, qwen3_8b=0
[SCHEDULER_HEARTBEAT] running=[] | gpu0:free=26.0GiB util=46% | remaining: gemma_3_12b_it=2842, mistral_7b_instruct_v03=1318, qwen3_8b=0
[SCHEDULER_HEARTBEAT] running=[] | gpu0:free=26.2GiB util=47% | remaining: gemma_3_12b_it=2842, mistral_7b_instruct_v03=1316, qwen3_8b=0
[SCHEDULER_HEARTBEAT] running=[] | gpu0:free=26.0GiB util=46% | remaining: gemma_3_12b_it=2842, mistral_7b_instruct_v03=1314, qwen3_8b=0
[SCHEDULER_HEARTBEAT] running=[] | gpu0:free=26.1GiB util=46% | remaining: gemma_3_12b_it=2842, mistral_7b_instruct_v03=1314, qwen3_8b=0
[SCHEDULER_HEARTBEAT] running=[] | gpu0:free=26.0GiB util=45% | remaining: gemma_3_12b_it=2842, mistral_7b_instruct_v03=1313, qwen3_8b=0
[SCHEDULER_HEARTBEAT] running=[] | gpu0:free=26.2GiB util=47% | remaining: gemma_3_12b_it=2842, mistral_7b_instruct_v03=1312, qwen3_8b=0
[SCHEDULER_HEARTBEAT] running=[] | gpu0:free=26.1GiB util=46% | remaining: gemma_3_12b_it=2842, mistral_7b_instruct_v03=1312, qwen3_8b=0
[SCHEDULER_HEARTBEAT] running=[] | gpu0:free=26.0GiB util=48% | remaining: gemma_3_12b_it=2842, mistral_7b_instruct_v03=1312, qwen3_8b=0
[SCHEDULER_HEARTBEAT] running=[] | gpu0:free=26.0GiB util=46% | remaining: gemma_3_12b_it=2842, mistral_7b_instruct_v03=1311, qwen3_8b=0
[SCHEDULER_HEARTBEAT] running=[] | gpu0:free=26.0GiB util=45% | remaining: gemma_3_12b_it=2842, mistral_7b_instruct_v03=1310, qwen3_8b=0
[SCHEDULER_HEARTBEAT] running=[] | gpu0:free=26.1GiB util=45% | remaining: gemma_3_12b_it=2842, mistral_7b_instruct_v03=1310, qwen3_8b=0
[SCHEDULER_HEARTBEAT] running=[] | gpu0:free=26.1GiB util=45% | remaining: gemma_3_12b_it=2842, mistral_7b_instruct_v03=1310, qwen3_8b=0
[SCHEDULER_HEARTBEAT] running=[] | gpu0:free=26.0GiB util=45% | remaining: gemma_3_12b_it=2842, mistral_7b_instruct_v03=1308, qwen3_8b=0
[SCHEDULER_HEARTBEAT] running=[] | gpu0:free=26.2GiB util=46% | remaining: gemma_3_12b_it=2842, mistral_7b_instruct_v03=1308, qwen3_8b=0
[SCHEDULER_HEARTBEAT] running=[] | gpu0:free=26.2GiB util=46% | remaining: gemma_3_12b_it=2842, mistral_7b_instruct_v03=1308, qwen3_8b=0
[SCHEDULER_HEARTBEAT] running=[] | gpu0:free=26.0GiB util=47% | remaining: gemma_3_12b_it=2842, mistral_7b_instruct_v03=1306, qwen3_8b=0
[SCHEDULER_HEARTBEAT] running=[] | gpu0:free=26.0GiB util=46% | remaining: gemma_3_12b_it=2842, mistral_7b_instruct_v03=1306, qwen3_8b=0
[SCHEDULER_HEARTBEAT] running=[] | gpu0:free=26.1GiB util=46% | remaining: gemma_3_12b_it=2842, mistral_7b_instruct_v03=1306, qwen3_8b=0
[SCHEDULER_HEARTBEAT] running=[] | gpu0:free=26.2GiB util=46% | remaining: gemma_3_12b_it=2842, mistral_7b_instruct_v03=1305, qwen3_8b=0
[SCHEDULER_HEARTBEAT] running=[] | gpu0:free=26.3GiB util=45% | remaining: gemma_3_12b_it=2842, mistral_7b_instruct_v03=1305, qwen3_8b=0
[SCHEDULER_HEARTBEAT] running=[] | gpu0:free=26.0GiB util=46% | remaining: gemma_3_12b_it=2842, mistral_7b_instruct_v03=1304, qwen3_8b=0
[SCHEDULER_HEARTBEAT] running=[] | gpu0:free=26.1GiB util=47% | remaining: gemma_3_12b_it=2842, mistral_7b_instruct_v03=1304, qwen3_8b=0
[SCHEDULER_HEARTBEAT] running=[] | gpu0:free=26.0GiB util=45% | remaining: gemma_3_12b_it=2842, mistral_7b_instruct_v03=1304, qwen3_8b=0
[SCHEDULER_HEARTBEAT] running=[] | gpu0:free=26.0GiB util=47% | remaining: gemma_3_12b_it=2842, mistral_7b_instruct_v03=1304, qwen3_8b=0
[SCHEDULER_HEARTBEAT] running=[] | gpu0:free=26.0GiB util=46% | remaining: gemma_3_12b_it=2842, mistral_7b_instruct_v03=1303, qwen3_8b=0
[SCHEDULER_HEARTBEAT] running=[] | gpu0:free=26.2GiB util=44% | remaining: gemma_3_12b_it=2842, mistral_7b_instruct_v03=1301, qwen3_8b=0
[SCHEDULER_HEARTBEAT] running=[] | gpu0:free=26.3GiB util=46% | remaining: gemma_3_12b_it=2842, mistral_7b_instruct_v03=1299, qwen3_8b=0
[SCHEDULER_HEARTBEAT] running=[] | gpu0:free=26.2GiB util=45% | remaining: gemma_3_12b_it=2842, mistral_7b_instruct_v03=1297, qwen3_8b=0
[SCHEDULER_HEARTBEAT] running=[] | gpu0:free=26.0GiB util=46% | remaining: gemma_3_12b_it=2842, mistral_7b_instruct_v03=1297, qwen3_8b=0
[SCHEDULER_HEARTBEAT] running=[] | gpu0:free=26.2GiB util=47% | remaining: gemma_3_12b_it=2842, mistral_7b_instruct_v03=1296, qwen3_8b=0
[SCHEDULER_HEARTBEAT] running=[] | gpu0:free=26.1GiB util=49% | remaining: gemma_3_12b_it=2842, mistral_7b_instruct_v03=1295, qwen3_8b=0
[SCHEDULER_HEARTBEAT] running=[] | gpu0:free=26.1GiB util=46% | remaining: gemma_3_12b_it=2842, mistral_7b_instruct_v03=1295, qwen3_8b=0
[SCHEDULER_HEARTBEAT] running=[] | gpu0:free=26.0GiB util=46% | remaining: gemma_3_12b_it=2842, mistral_7b_instruct_v03=1295, qwen3_8b=0
[SCHEDULER_HEARTBEAT] running=[] | gpu0:free=26.1GiB util=47% | remaining: gemma_3_12b_it=2842, mistral_7b_instruct_v03=1295, qwen3_8b=0
[SCHEDULER_HEARTBEAT] running=[] | gpu0:free=26.1GiB util=47% | remaining: gemma_3_12b_it=2842, mistral_7b_instruct_v03=1294, qwen3_8b=0
[SCHEDULER_HEARTBEAT] running=[] | gpu0:free=26.0GiB util=47% | remaining: gemma_3_12b_it=2842, mistral_7b_instruct_v03=1293, qwen3_8b=0
[SCHEDULER_HEARTBEAT] running=[] | gpu0:free=26.0GiB util=47% | remaining: gemma_3_12b_it=2842, mistral_7b_instruct_v03=1293, qwen3_8b=0
[SCHEDULER_HEARTBEAT] running=[] | gpu0:free=26.2GiB util=50% | remaining: gemma_3_12b_it=2842, mistral_7b_instruct_v03=1292, qwen3_8b=0
[SCHEDULER_HEARTBEAT] running=[] | gpu0:free=26.2GiB util=45% | remaining: gemma_3_12b_it=2842, mistral_7b_instruct_v03=1292, qwen3_8b=0
[SCHEDULER_HEARTBEAT] running=[] | gpu0:free=26.2GiB util=48% | remaining: gemma_3_12b_it=2842, mistral_7b_instruct_v03=1290, qwen3_8b=0
[SCHEDULER_HEARTBEAT] running=[] | gpu0:free=26.0GiB util=48% | remaining: gemma_3_12b_it=2842, mistral_7b_instruct_v03=1288, qwen3_8b=0
[SCHEDULER_HEARTBEAT] running=[] | gpu0:free=26.2GiB util=44% | remaining: gemma_3_12b_it=2842, mistral_7b_instruct_v03=1286, qwen3_8b=0
[SCHEDULER_HEARTBEAT] running=[] | gpu0:free=26.1GiB util=49% | remaining: gemma_3_12b_it=2842, mistral_7b_instruct_v03=1286, qwen3_8b=0
[SCHEDULER_HEARTBEAT] running=[] | gpu0:free=26.2GiB util=50% | remaining: gemma_3_12b_it=2842, mistral_7b_instruct_v03=1286, qwen3_8b=0
[SCHEDULER_HEARTBEAT] running=[] | gpu0:free=26.0GiB util=47% | remaining: gemma_3_12b_it=2842, mistral_7b_instruct_v03=1284, qwen3_8b=0
[SCHEDULER_HEARTBEAT] running=[] | gpu0:free=26.0GiB util=47% | remaining: gemma_3_12b_it=2842, mistral_7b_instruct_v03=1284, qwen3_8b=0
[SCHEDULER_HEARTBEAT] running=[] | gpu0:free=26.3GiB util=46% | remaining: gemma_3_12b_it=2842, mistral_7b_instruct_v03=1283, qwen3_8b=0
[SCHEDULER_HEARTBEAT] running=[] | gpu0:free=26.0GiB util=46% | remaining: gemma_3_12b_it=2842, mistral_7b_instruct_v03=1282, qwen3_8b=0
[SCHEDULER_HEARTBEAT] running=[] | gpu0:free=26.2GiB util=46% | remaining: gemma_3_12b_it=2842, mistral_7b_instruct_v03=1282, qwen3_8b=0
[SCHEDULER_HEARTBEAT] running=[] | gpu0:free=26.2GiB util=47% | remaining: gemma_3_12b_it=2842, mistral_7b_instruct_v03=1281, qwen3_8b=0
[SCHEDULER_HEARTBEAT] running=[] | gpu0:free=26.2GiB util=50% | remaining: gemma_3_12b_it=2842, mistral_7b_instruct_v03=1279, qwen3_8b=0
[SCHEDULER_HEARTBEAT] running=[] | gpu0:free=26.2GiB util=46% | remaining: gemma_3_12b_it=2842, mistral_7b_instruct_v03=1278, qwen3_8b=0
[SCHEDULER_HEARTBEAT] running=[] | gpu0:free=26.0GiB util=47% | remaining: gemma_3_12b_it=2842, mistral_7b_instruct_v03=1277, qwen3_8b=0
[SCHEDULER_HEARTBEAT] running=[] | gpu0:free=26.0GiB util=47% | remaining: gemma_3_12b_it=2842, mistral_7b_instruct_v03=1275, qwen3_8b=0
[SCHEDULER_HEARTBEAT] running=[] | gpu0:free=26.0GiB util=46% | remaining: gemma_3_12b_it=2842, mistral_7b_instruct_v03=1274, qwen3_8b=0
[SCHEDULER_HEARTBEAT] running=[] | gpu0:free=26.1GiB util=48% | remaining: gemma_3_12b_it=2842, mistral_7b_instruct_v03=1273, qwen3_8b=0
[SCHEDULER_HEARTBEAT] running=[] | gpu0:free=26.0GiB util=47% | remaining: gemma_3_12b_it=2842, mistral_7b_instruct_v03=1273, qwen3_8b=0
[SCHEDULER_HEARTBEAT] running=[] | gpu0:free=26.2GiB util=45% | remaining: gemma_3_12b_it=2842, mistral_7b_instruct_v03=1272, qwen3_8b=0
[SCHEDULER_HEARTBEAT] running=[] | gpu0:free=26.0GiB util=45% | remaining: gemma_3_12b_it=2842, mistral_7b_instruct_v03=1271, qwen3_8b=0
[SCHEDULER_HEARTBEAT] running=[] | gpu0:free=26.2GiB util=45% | remaining: gemma_3_12b_it=2842, mistral_7b_instruct_v03=1269, qwen3_8b=0
[SCHEDULER_HEARTBEAT] running=[] | gpu0:free=26.1GiB util=44% | remaining: gemma_3_12b_it=2842, mistral_7b_instruct_v03=1269, qwen3_8b=0
[SCHEDULER_HEARTBEAT] running=[] | gpu0:free=26.2GiB util=47% | remaining: gemma_3_12b_it=2842, mistral_7b_instruct_v03=1268, qwen3_8b=0
[SCHEDULER_HEARTBEAT] running=[] | gpu0:free=26.0GiB util=46% | remaining: gemma_3_12b_it=2842, mistral_7b_instruct_v03=1268, qwen3_8b=0
[SCHEDULER_HEARTBEAT] running=[] | gpu0:free=26.2GiB util=47% | remaining: gemma_3_12b_it=2842, mistral_7b_instruct_v03=1268, qwen3_8b=0
[SCHEDULER_HEARTBEAT] running=[] | gpu0:free=26.2GiB util=46% | remaining: gemma_3_12b_it=2842, mistral_7b_instruct_v03=1265, qwen3_8b=0
[SCHEDULER_HEARTBEAT] running=[] | gpu0:free=26.2GiB util=45% | remaining: gemma_3_12b_it=2842, mistral_7b_instruct_v03=1264, qwen3_8b=0
[SCHEDULER_HEARTBEAT] running=[] | gpu0:free=26.2GiB util=47% | remaining: gemma_3_12b_it=2842, mistral_7b_instruct_v03=1262, qwen3_8b=0
[SCHEDULER_HEARTBEAT] running=[] | gpu0:free=26.1GiB util=49% | remaining: gemma_3_12b_it=2842, mistral_7b_instruct_v03=1262, qwen3_8b=0
[SCHEDULER_HEARTBEAT] running=[] | gpu0:free=26.1GiB util=47% | remaining: gemma_3_12b_it=2842, mistral_7b_instruct_v03=1262, qwen3_8b=0
[SCHEDULER_HEARTBEAT] running=[] | gpu0:free=26.0GiB util=45% | remaining: gemma_3_12b_it=2842, mistral_7b_instruct_v03=1261, qwen3_8b=0
[SCHEDULER_HEARTBEAT] running=[] | gpu0:free=26.0GiB util=45% | remaining: gemma_3_12b_it=2842, mistral_7b_instruct_v03=1261, qwen3_8b=0
[SCHEDULER_HEARTBEAT] running=[] | gpu0:free=26.2GiB util=44% | remaining: gemma_3_12b_it=2842, mistral_7b_instruct_v03=1260, qwen3_8b=0
[SCHEDULER_HEARTBEAT] running=[] | gpu0:free=26.2GiB util=43% | remaining: gemma_3_12b_it=2842, mistral_7b_instruct_v03=1258, qwen3_8b=0
[SCHEDULER_HEARTBEAT] running=[] | gpu0:free=26.2GiB util=46% | remaining: gemma_3_12b_it=2842, mistral_7b_instruct_v03=1258, qwen3_8b=0
[SCHEDULER_HEARTBEAT] running=[] | gpu0:free=26.0GiB util=47% | remaining: gemma_3_12b_it=2842, mistral_7b_instruct_v03=1255, qwen3_8b=0
[SCHEDULER_HEARTBEAT] running=[] | gpu0:free=26.2GiB util=45% | remaining: gemma_3_12b_it=2842, mistral_7b_instruct_v03=1254, qwen3_8b=0
[SCHEDULER_HEARTBEAT] running=[] | gpu0:free=26.0GiB util=46% | remaining: gemma_3_12b_it=2842, mistral_7b_instruct_v03=1253, qwen3_8b=0
[SCHEDULER_HEARTBEAT] running=[] | gpu0:free=26.0GiB util=45% | remaining: gemma_3_12b_it=2842, mistral_7b_instruct_v03=1253, qwen3_8b=0
[SCHEDULER_HEARTBEAT] running=[] | gpu0:free=26.2GiB util=46% | remaining: gemma_3_12b_it=2842, mistral_7b_instruct_v03=1251, qwen3_8b=0
[SCHEDULER_HEARTBEAT] running=[] | gpu0:free=26.2GiB util=46% | remaining: gemma_3_12b_it=2842, mistral_7b_instruct_v03=1250, qwen3_8b=0
[SCHEDULER_HEARTBEAT] running=[] | gpu0:free=26.1GiB util=48% | remaining: gemma_3_12b_it=2842, mistral_7b_instruct_v03=1250, qwen3_8b=0
[SCHEDULER_HEARTBEAT] running=[] | gpu0:free=26.2GiB util=49% | remaining: gemma_3_12b_it=2842, mistral_7b_instruct_v03=1249, qwen3_8b=0
[SCHEDULER_HEARTBEAT] running=[] | gpu0:free=26.3GiB util=49% | remaining: gemma_3_12b_it=2842, mistral_7b_instruct_v03=1248, qwen3_8b=0
[SCHEDULER_HEARTBEAT] running=[] | gpu0:free=26.2GiB util=47% | remaining: gemma_3_12b_it=2842, mistral_7b_instruct_v03=1248, qwen3_8b=0
[SCHEDULER_HEARTBEAT] running=[] | gpu0:free=26.2GiB util=47% | remaining: gemma_3_12b_it=2842, mistral_7b_instruct_v03=1246, qwen3_8b=0
[SCHEDULER_HEARTBEAT] running=[] | gpu0:free=26.1GiB util=46% | remaining: gemma_3_12b_it=2842, mistral_7b_instruct_v03=1246, qwen3_8b=0
[SCHEDULER_HEARTBEAT] running=[] | gpu0:free=26.2GiB util=46% | remaining: gemma_3_12b_it=2842, mistral_7b_instruct_v03=1245, qwen3_8b=0
[SCHEDULER_HEARTBEAT] running=[] | gpu0:free=26.0GiB util=48% | remaining: gemma_3_12b_it=2842, mistral_7b_instruct_v03=1244, qwen3_8b=0
[SCHEDULER_HEARTBEAT] running=[] | gpu0:free=26.2GiB util=48% | remaining: gemma_3_12b_it=2842, mistral_7b_instruct_v03=1243, qwen3_8b=0
[SCHEDULER_HEARTBEAT] running=[] | gpu0:free=26.2GiB util=47% | remaining: gemma_3_12b_it=2842, mistral_7b_instruct_v03=1243, qwen3_8b=0
[SCHEDULER_HEARTBEAT] running=[] | gpu0:free=26.2GiB util=45% | remaining: gemma_3_12b_it=2842, mistral_7b_instruct_v03=1242, qwen3_8b=0
[SCHEDULER_HEARTBEAT] running=[] | gpu0:free=26.0GiB util=47% | remaining: gemma_3_12b_it=2842, mistral_7b_instruct_v03=1240, qwen3_8b=0
[SCHEDULER_HEARTBEAT] running=[] | gpu0:free=26.2GiB util=47% | remaining: gemma_3_12b_it=2842, mistral_7b_instruct_v03=1239, qwen3_8b=0
[SCHEDULER_HEARTBEAT] running=[] | gpu0:free=26.1GiB util=46% | remaining: gemma_3_12b_it=2842, mistral_7b_instruct_v03=1239, qwen3_8b=0
[SCHEDULER_HEARTBEAT] running=[] | gpu0:free=26.0GiB util=68% | remaining: gemma_3_12b_it=2842, mistral_7b_instruct_v03=1237, qwen3_8b=0
[SCHEDULER_HEARTBEAT] running=[] | gpu0:free=26.1GiB util=49% | remaining: gemma_3_12b_it=2842, mistral_7b_instruct_v03=1236, qwen3_8b=0
[SCHEDULER_HEARTBEAT] running=[] | gpu0:free=26.2GiB util=46% | remaining: gemma_3_12b_it=2842, mistral_7b_instruct_v03=1234, qwen3_8b=0
[SCHEDULER_HEARTBEAT] running=[] | gpu0:free=26.0GiB util=46% | remaining: gemma_3_12b_it=2842, mistral_7b_instruct_v03=1234, qwen3_8b=0
[SCHEDULER_HEARTBEAT] running=[] | gpu0:free=26.2GiB util=47% | remaining: gemma_3_12b_it=2842, mistral_7b_instruct_v03=1234, qwen3_8b=0
[SCHEDULER_HEARTBEAT] running=[] | gpu0:free=26.0GiB util=46% | remaining: gemma_3_12b_it=2842, mistral_7b_instruct_v03=1234, qwen3_8b=0
[SCHEDULER_HEARTBEAT] running=[] | gpu0:free=25.9GiB util=47% | remaining: gemma_3_12b_it=2842, mistral_7b_instruct_v03=1234, qwen3_8b=0
[SCHEDULER_HEARTBEAT] running=[] | gpu0:free=26.0GiB util=46% | remaining: gemma_3_12b_it=2842, mistral_7b_instruct_v03=1232, qwen3_8b=0
[SCHEDULER_HEARTBEAT] running=[] | gpu0:free=26.0GiB util=46% | remaining: gemma_3_12b_it=2842, mistral_7b_instruct_v03=1231, qwen3_8b=0
[SCHEDULER_HEARTBEAT] running=[] | gpu0:free=26.1GiB util=45% | remaining: gemma_3_12b_it=2842, mistral_7b_instruct_v03=1231, qwen3_8b=0
[SCHEDULER_HEARTBEAT] running=[] | gpu0:free=26.1GiB util=46% | remaining: gemma_3_12b_it=2842, mistral_7b_instruct_v03=1230, qwen3_8b=0
[SCHEDULER_HEARTBEAT] running=[] | gpu0:free=26.2GiB util=47% | remaining: gemma_3_12b_it=2842, mistral_7b_instruct_v03=1228, qwen3_8b=0
[SCHEDULER_HEARTBEAT] running=[] | gpu0:free=26.2GiB util=46% | remaining: gemma_3_12b_it=2842, mistral_7b_instruct_v03=1228, qwen3_8b=0
[SCHEDULER_HEARTBEAT] running=[] | gpu0:free=26.0GiB util=47% | remaining: gemma_3_12b_it=2842, mistral_7b_instruct_v03=1227, qwen3_8b=0
[SCHEDULER_HEARTBEAT] running=[] | gpu0:free=26.2GiB util=46% | remaining: gemma_3_12b_it=2842, mistral_7b_instruct_v03=1226, qwen3_8b=0
[SCHEDULER_HEARTBEAT] running=[] | gpu0:free=26.2GiB util=47% | remaining: gemma_3_12b_it=2842, mistral_7b_instruct_v03=1225, qwen3_8b=0
[SCHEDULER_HEARTBEAT] running=[] | gpu0:free=26.2GiB util=46% | remaining: gemma_3_12b_it=2842, mistral_7b_instruct_v03=1223, qwen3_8b=0
[SCHEDULER_HEARTBEAT] running=[] | gpu0:free=26.0GiB util=48% | remaining: gemma_3_12b_it=2842, mistral_7b_instruct_v03=1222, qwen3_8b=0
[SCHEDULER_HEARTBEAT] running=[] | gpu0:free=26.0GiB util=48% | remaining: gemma_3_12b_it=2842, mistral_7b_instruct_v03=1222, qwen3_8b=0
[SCHEDULER_HEARTBEAT] running=[] | gpu0:free=26.2GiB util=49% | remaining: gemma_3_12b_it=2842, mistral_7b_instruct_v03=1221, qwen3_8b=0
[SCHEDULER_HEARTBEAT] running=[] | gpu0:free=26.0GiB util=47% | remaining: gemma_3_12b_it=2842, mistral_7b_instruct_v03=1221, qwen3_8b=0
[SCHEDULER_HEARTBEAT] running=[] | gpu0:free=26.1GiB util=46% | remaining: gemma_3_12b_it=2842, mistral_7b_instruct_v03=1219, qwen3_8b=0
[SCHEDULER_HEARTBEAT] running=[] | gpu0:free=26.0GiB util=46% | remaining: gemma_3_12b_it=2842, mistral_7b_instruct_v03=1218, qwen3_8b=0
[SCHEDULER_HEARTBEAT] running=[] | gpu0:free=26.0GiB util=47% | remaining: gemma_3_12b_it=2842, mistral_7b_instruct_v03=1217, qwen3_8b=0
[SCHEDULER_HEARTBEAT] running=[] | gpu0:free=26.0GiB util=50% | remaining: gemma_3_12b_it=2842, mistral_7b_instruct_v03=1217, qwen3_8b=0
[SCHEDULER_HEARTBEAT] running=[] | gpu0:free=26.1GiB util=46% | remaining: gemma_3_12b_it=2842, mistral_7b_instruct_v03=1217, qwen3_8b=0
[SCHEDULER_HEARTBEAT] running=[] | gpu0:free=26.0GiB util=48% | remaining: gemma_3_12b_it=2842, mistral_7b_instruct_v03=1216, qwen3_8b=0
[SCHEDULER_HEARTBEAT] running=[] | gpu0:free=26.0GiB util=48% | remaining: gemma_3_12b_it=2842, mistral_7b_instruct_v03=1216, qwen3_8b=0
[SCHEDULER_HEARTBEAT] running=[] | gpu0:free=26.2GiB util=46% | remaining: gemma_3_12b_it=2842, mistral_7b_instruct_v03=1215, qwen3_8b=0
[SCHEDULER_HEARTBEAT] running=[] | gpu0:free=26.0GiB util=46% | remaining: gemma_3_12b_it=2842, mistral_7b_instruct_v03=1214, qwen3_8b=0
[SCHEDULER_HEARTBEAT] running=[] | gpu0:free=26.1GiB util=50% | remaining: gemma_3_12b_it=2842, mistral_7b_instruct_v03=1213, qwen3_8b=0
[SCHEDULER_HEARTBEAT] running=[] | gpu0:free=26.2GiB util=46% | remaining: gemma_3_12b_it=2842, mistral_7b_instruct_v03=1213, qwen3_8b=0
[SCHEDULER_HEARTBEAT] running=[] | gpu0:free=26.0GiB util=46% | remaining: gemma_3_12b_it=2842, mistral_7b_instruct_v03=1212, qwen3_8b=0
[SCHEDULER_HEARTBEAT] running=[] | gpu0:free=26.2GiB util=48% | remaining: gemma_3_12b_it=2842, mistral_7b_instruct_v03=1212, qwen3_8b=0
[SCHEDULER_HEARTBEAT] running=[] | gpu0:free=26.1GiB util=46% | remaining: gemma_3_12b_it=2842, mistral_7b_instruct_v03=1212, qwen3_8b=0
[SCHEDULER_HEARTBEAT] running=[] | gpu0:free=26.2GiB util=41% | remaining: gemma_3_12b_it=2842, mistral_7b_instruct_v03=1210, qwen3_8b=0
[SCHEDULER_HEARTBEAT] running=[] | gpu0:free=26.0GiB util=46% | remaining: gemma_3_12b_it=2842, mistral_7b_instruct_v03=1209, qwen3_8b=0
[SCHEDULER_HEARTBEAT] running=[] | gpu0:free=26.1GiB util=45% | remaining: gemma_3_12b_it=2842, mistral_7b_instruct_v03=1209, qwen3_8b=0
[SCHEDULER_HEARTBEAT] running=[] | gpu0:free=26.1GiB util=46% | remaining: gemma_3_12b_it=2842, mistral_7b_instruct_v03=1209, qwen3_8b=0
[SCHEDULER_HEARTBEAT] running=[] | gpu0:free=26.1GiB util=47% | remaining: gemma_3_12b_it=2842, mistral_7b_instruct_v03=1209, qwen3_8b=0
[SCHEDULER_HEARTBEAT] running=[] | gpu0:free=26.0GiB util=48% | remaining: gemma_3_12b_it=2842, mistral_7b_instruct_v03=1207, qwen3_8b=0
[SCHEDULER_HEARTBEAT] running=[] | gpu0:free=26.0GiB util=46% | remaining: gemma_3_12b_it=2842, mistral_7b_instruct_v03=1206, qwen3_8b=0
[SCHEDULER_HEARTBEAT] running=[] | gpu0:free=26.2GiB util=47% | remaining: gemma_3_12b_it=2842, mistral_7b_instruct_v03=1204, qwen3_8b=0
[SCHEDULER_HEARTBEAT] running=[] | gpu0:free=26.0GiB util=47% | remaining: gemma_3_12b_it=2842, mistral_7b_instruct_v03=1203, qwen3_8b=0
[SCHEDULER_HEARTBEAT] running=[] | gpu0:free=26.1GiB util=48% | remaining: gemma_3_12b_it=2842, mistral_7b_instruct_v03=1203, qwen3_8b=0
[SCHEDULER_HEARTBEAT] running=[] | gpu0:free=26.0GiB util=47% | remaining: gemma_3_12b_it=2842, mistral_7b_instruct_v03=1203, qwen3_8b=0
[SCHEDULER_HEARTBEAT] running=[] | gpu0:free=26.2GiB util=47% | remaining: gemma_3_12b_it=2842, mistral_7b_instruct_v03=1201, qwen3_8b=0
[SCHEDULER_HEARTBEAT] running=[] | gpu0:free=26.1GiB util=49% | remaining: gemma_3_12b_it=2842, mistral_7b_instruct_v03=1201, qwen3_8b=0
[SCHEDULER_HEARTBEAT] running=[] | gpu0:free=26.2GiB util=49% | remaining: gemma_3_12b_it=2842, mistral_7b_instruct_v03=1199, qwen3_8b=0
[SCHEDULER_HEARTBEAT] running=[] | gpu0:free=26.2GiB util=46% | remaining: gemma_3_12b_it=2842, mistral_7b_instruct_v03=1198, qwen3_8b=0
[SCHEDULER_HEARTBEAT] running=[] | gpu0:free=26.0GiB util=46% | remaining: gemma_3_12b_it=2842, mistral_7b_instruct_v03=1198, qwen3_8b=0
[SCHEDULER_HEARTBEAT] running=[] | gpu0:free=26.2GiB util=46% | remaining: gemma_3_12b_it=2842, mistral_7b_instruct_v03=1197, qwen3_8b=0
[SCHEDULER_HEARTBEAT] running=[] | gpu0:free=26.1GiB util=47% | remaining: gemma_3_12b_it=2842, mistral_7b_instruct_v03=1196, qwen3_8b=0
[SCHEDULER_HEARTBEAT] running=[] | gpu0:free=26.0GiB util=46% | remaining: gemma_3_12b_it=2842, mistral_7b_instruct_v03=1195, qwen3_8b=0
[SCHEDULER_HEARTBEAT] running=[] | gpu0:free=26.2GiB util=46% | remaining: gemma_3_12b_it=2842, mistral_7b_instruct_v03=1194, qwen3_8b=0
[SCHEDULER_HEARTBEAT] running=[] | gpu0:free=26.2GiB util=47% | remaining: gemma_3_12b_it=2842, mistral_7b_instruct_v03=1194, qwen3_8b=0
[SCHEDULER_HEARTBEAT] running=[] | gpu0:free=26.0GiB util=45% | remaining: gemma_3_12b_it=2842, mistral_7b_instruct_v03=1193, qwen3_8b=0
[SCHEDULER_HEARTBEAT] running=[] | gpu0:free=26.2GiB util=47% | remaining: gemma_3_12b_it=2842, mistral_7b_instruct_v03=1193, qwen3_8b=0
[SCHEDULER_HEARTBEAT] running=[] | gpu0:free=26.2GiB util=48% | remaining: gemma_3_12b_it=2842, mistral_7b_instruct_v03=1192, qwen3_8b=0
[SCHEDULER_HEARTBEAT] running=[] | gpu0:free=26.2GiB util=45% | remaining: gemma_3_12b_it=2842, mistral_7b_instruct_v03=1190, qwen3_8b=0
[SCHEDULER_HEARTBEAT] running=[] | gpu0:free=26.0GiB util=48% | remaining: gemma_3_12b_it=2842, mistral_7b_instruct_v03=1190, qwen3_8b=0
[SCHEDULER_HEARTBEAT] running=[] | gpu0:free=26.0GiB util=45% | remaining: gemma_3_12b_it=2842, mistral_7b_instruct_v03=1188, qwen3_8b=0
[SCHEDULER_HEARTBEAT] running=[] | gpu0:free=26.2GiB util=43% | remaining: gemma_3_12b_it=2842, mistral_7b_instruct_v03=1186, qwen3_8b=0
[SCHEDULER_HEARTBEAT] running=[] | gpu0:free=26.3GiB util=45% | remaining: gemma_3_12b_it=2842, mistral_7b_instruct_v03=1185, qwen3_8b=0
[SCHEDULER_HEARTBEAT] running=[] | gpu0:free=26.0GiB util=47% | remaining: gemma_3_12b_it=2842, mistral_7b_instruct_v03=1183, qwen3_8b=0
[SCHEDULER_HEARTBEAT] running=[] | gpu0:free=26.2GiB util=45% | remaining: gemma_3_12b_it=2842, mistral_7b_instruct_v03=1183, qwen3_8b=0
[SCHEDULER_HEARTBEAT] running=[] | gpu0:free=26.2GiB util=46% | remaining: gemma_3_12b_it=2842, mistral_7b_instruct_v03=1182, qwen3_8b=0
[SCHEDULER_HEARTBEAT] running=[] | gpu0:free=26.2GiB util=45% | remaining: gemma_3_12b_it=2842, mistral_7b_instruct_v03=1181, qwen3_8b=0
[SCHEDULER_HEARTBEAT] running=[] | gpu0:free=26.2GiB util=50% | remaining: gemma_3_12b_it=2842, mistral_7b_instruct_v03=1180, qwen3_8b=0
[SCHEDULER_HEARTBEAT] running=[] | gpu0:free=26.1GiB util=46% | remaining: gemma_3_12b_it=2842, mistral_7b_instruct_v03=1180, qwen3_8b=0
[SCHEDULER_HEARTBEAT] running=[] | gpu0:free=26.0GiB util=45% | remaining: gemma_3_12b_it=2842, mistral_7b_instruct_v03=1180, qwen3_8b=0
[SCHEDULER_HEARTBEAT] running=[] | gpu0:free=25.9GiB util=47% | remaining: gemma_3_12b_it=2842, mistral_7b_instruct_v03=1180, qwen3_8b=0
[SCHEDULER_HEARTBEAT] running=[] | gpu0:free=26.0GiB util=46% | remaining: gemma_3_12b_it=2842, mistral_7b_instruct_v03=1179, qwen3_8b=0
[SCHEDULER_HEARTBEAT] running=[] | gpu0:free=26.2GiB util=48% | remaining: gemma_3_12b_it=2842, mistral_7b_instruct_v03=1178, qwen3_8b=0
[SCHEDULER_HEARTBEAT] running=[] | gpu0:free=26.2GiB util=46% | remaining: gemma_3_12b_it=2842, mistral_7b_instruct_v03=1177, qwen3_8b=0
[SCHEDULER_HEARTBEAT] running=[] | gpu0:free=26.1GiB util=46% | remaining: gemma_3_12b_it=2842, mistral_7b_instruct_v03=1177, qwen3_8b=0
[SCHEDULER_HEARTBEAT] running=[] | gpu0:free=26.2GiB util=47% | remaining: gemma_3_12b_it=2842, mistral_7b_instruct_v03=1177, qwen3_8b=0
[SCHEDULER_HEARTBEAT] running=[] | gpu0:free=26.1GiB util=43% | remaining: gemma_3_12b_it=2842, mistral_7b_instruct_v03=1176, qwen3_8b=0
[SCHEDULER_HEARTBEAT] running=[] | gpu0:free=26.1GiB util=47% | remaining: gemma_3_12b_it=2842, mistral_7b_instruct_v03=1176, qwen3_8b=0
[SCHEDULER_HEARTBEAT] running=[] | gpu0:free=26.2GiB util=48% | remaining: gemma_3_12b_it=2842, mistral_7b_instruct_v03=1175, qwen3_8b=0
[SCHEDULER_HEARTBEAT] running=[] | gpu0:free=26.1GiB util=30% | remaining: gemma_3_12b_it=2842, mistral_7b_instruct_v03=1174, qwen3_8b=0
[SCHEDULER_HEARTBEAT] running=[] | gpu0:free=26.0GiB util=45% | remaining: gemma_3_12b_it=2842, mistral_7b_instruct_v03=1172, qwen3_8b=0
[SCHEDULER_HEARTBEAT] running=[] | gpu0:free=26.1GiB util=47% | remaining: gemma_3_12b_it=2842, mistral_7b_instruct_v03=1172, qwen3_8b=0
[SCHEDULER_HEARTBEAT] running=[] | gpu0:free=26.1GiB util=46% | remaining: gemma_3_12b_it=2842, mistral_7b_instruct_v03=1172, qwen3_8b=0
[SCHEDULER_HEARTBEAT] running=[] | gpu0:free=26.0GiB util=46% | remaining: gemma_3_12b_it=2842, mistral_7b_instruct_v03=1171, qwen3_8b=0
[SCHEDULER_HEARTBEAT] running=[] | gpu0:free=26.1GiB util=47% | remaining: gemma_3_12b_it=2842, mistral_7b_instruct_v03=1170, qwen3_8b=0
[SCHEDULER_HEARTBEAT] running=[] | gpu0:free=26.2GiB util=45% | remaining: gemma_3_12b_it=2842, mistral_7b_instruct_v03=1168, qwen3_8b=0
[SCHEDULER_HEARTBEAT] running=[] | gpu0:free=26.2GiB util=48% | remaining: gemma_3_12b_it=2842, mistral_7b_instruct_v03=1168, qwen3_8b=0
[SCHEDULER_HEARTBEAT] running=[] | gpu0:free=26.0GiB util=45% | remaining: gemma_3_12b_it=2842, mistral_7b_instruct_v03=1168, qwen3_8b=0
[SCHEDULER_HEARTBEAT] running=[] | gpu0:free=26.2GiB util=44% | remaining: gemma_3_12b_it=2842, mistral_7b_instruct_v03=1167, qwen3_8b=0
[SCHEDULER_HEARTBEAT] running=[] | gpu0:free=26.2GiB util=48% | remaining: gemma_3_12b_it=2842, mistral_7b_instruct_v03=1165, qwen3_8b=0
[SCHEDULER_HEARTBEAT] running=[] | gpu0:free=26.1GiB util=45% | remaining: gemma_3_12b_it=2842, mistral_7b_instruct_v03=1165, qwen3_8b=0
[SCHEDULER_HEARTBEAT] running=[] | gpu0:free=26.2GiB util=45% | remaining: gemma_3_12b_it=2842, mistral_7b_instruct_v03=1164, qwen3_8b=0
[SCHEDULER_HEARTBEAT] running=[] | gpu0:free=26.2GiB util=45% | remaining: gemma_3_12b_it=2842, mistral_7b_instruct_v03=1162, qwen3_8b=0
[SCHEDULER_HEARTBEAT] running=[] | gpu0:free=26.2GiB util=47% | remaining: gemma_3_12b_it=2842, mistral_7b_instruct_v03=1161, qwen3_8b=0
[SCHEDULER_HEARTBEAT] running=[] | gpu0:free=26.0GiB util=47% | remaining: gemma_3_12b_it=2842, mistral_7b_instruct_v03=1159, qwen3_8b=0
[SCHEDULER_HEARTBEAT] running=[] | gpu0:free=26.0GiB util=45% | remaining: gemma_3_12b_it=2842, mistral_7b_instruct_v03=1158, qwen3_8b=0
[SCHEDULER_HEARTBEAT] running=[] | gpu0:free=26.2GiB util=44% | remaining: gemma_3_12b_it=2842, mistral_7b_instruct_v03=1156, qwen3_8b=0
[SCHEDULER_HEARTBEAT] running=[] | gpu0:free=26.1GiB util=46% | remaining: gemma_3_12b_it=2842, mistral_7b_instruct_v03=1156, qwen3_8b=0
[SCHEDULER_HEARTBEAT] running=[] | gpu0:free=26.0GiB util=44% | remaining: gemma_3_12b_it=2842, mistral_7b_instruct_v03=1156, qwen3_8b=0
[SCHEDULER_HEARTBEAT] running=[] | gpu0:free=26.0GiB util=46% | remaining: gemma_3_12b_it=2842, mistral_7b_instruct_v03=1154, qwen3_8b=0
[SCHEDULER_HEARTBEAT] running=[] | gpu0:free=26.1GiB util=47% | remaining: gemma_3_12b_it=2842, mistral_7b_instruct_v03=1152, qwen3_8b=0
[SCHEDULER_HEARTBEAT] running=[] | gpu0:free=26.1GiB util=45% | remaining: gemma_3_12b_it=2842, mistral_7b_instruct_v03=1152, qwen3_8b=0
[SCHEDULER_HEARTBEAT] running=[] | gpu0:free=26.2GiB util=46% | remaining: gemma_3_12b_it=2842, mistral_7b_instruct_v03=1151, qwen3_8b=0
[SCHEDULER_HEARTBEAT] running=[] | gpu0:free=26.2GiB util=46% | remaining: gemma_3_12b_it=2842, mistral_7b_instruct_v03=1150, qwen3_8b=0
[SCHEDULER_HEARTBEAT] running=[] | gpu0:free=26.2GiB util=45% | remaining: gemma_3_12b_it=2842, mistral_7b_instruct_v03=1149, qwen3_8b=0
[SCHEDULER_HEARTBEAT] running=[] | gpu0:free=26.0GiB util=47% | remaining: gemma_3_12b_it=2842, mistral_7b_instruct_v03=1148, qwen3_8b=0
[SCHEDULER_HEARTBEAT] running=[] | gpu0:free=26.1GiB util=47% | remaining: gemma_3_12b_it=2842, mistral_7b_instruct_v03=1146, qwen3_8b=0
[SCHEDULER_HEARTBEAT] running=[] | gpu0:free=26.2GiB util=46% | remaining: gemma_3_12b_it=2842, mistral_7b_instruct_v03=1145, qwen3_8b=0
[SCHEDULER_HEARTBEAT] running=[] | gpu0:free=26.2GiB util=46% | remaining: gemma_3_12b_it=2842, mistral_7b_instruct_v03=1143, qwen3_8b=0
[SCHEDULER_HEARTBEAT] running=[] | gpu0:free=26.2GiB util=45% | remaining: gemma_3_12b_it=2842, mistral_7b_instruct_v03=1142, qwen3_8b=0
[SCHEDULER_HEARTBEAT] running=[] | gpu0:free=26.1GiB util=46% | remaining: gemma_3_12b_it=2842, mistral_7b_instruct_v03=1142, qwen3_8b=0
[SCHEDULER_HEARTBEAT] running=[] | gpu0:free=26.2GiB util=45% | remaining: gemma_3_12b_it=2842, mistral_7b_instruct_v03=1141, qwen3_8b=0
[SCHEDULER_HEARTBEAT] running=[] | gpu0:free=26.0GiB util=48% | remaining: gemma_3_12b_it=2842, mistral_7b_instruct_v03=1141, qwen3_8b=0
[SCHEDULER_HEARTBEAT] running=[] | gpu0:free=26.1GiB util=44% | remaining: gemma_3_12b_it=2842, mistral_7b_instruct_v03=1141, qwen3_8b=0
[SCHEDULER_HEARTBEAT] running=[] | gpu0:free=26.1GiB util=49% | remaining: gemma_3_12b_it=2842, mistral_7b_instruct_v03=1139, qwen3_8b=0
[SCHEDULER_HEARTBEAT] running=[] | gpu0:free=26.1GiB util=45% | remaining: gemma_3_12b_it=2842, mistral_7b_instruct_v03=1139, qwen3_8b=0
[SCHEDULER_HEARTBEAT] running=[] | gpu0:free=26.0GiB util=46% | remaining: gemma_3_12b_it=2842, mistral_7b_instruct_v03=1139, qwen3_8b=0
[SCHEDULER_HEARTBEAT] running=[] | gpu0:free=26.2GiB util=48% | remaining: gemma_3_12b_it=2842, mistral_7b_instruct_v03=1137, qwen3_8b=0
[SCHEDULER_HEARTBEAT] running=[] | gpu0:free=26.0GiB util=48% | remaining: gemma_3_12b_it=2842, mistral_7b_instruct_v03=1136, qwen3_8b=0
[SCHEDULER_HEARTBEAT] running=[] | gpu0:free=26.1GiB util=47% | remaining: gemma_3_12b_it=2842, mistral_7b_instruct_v03=1136, qwen3_8b=0
[SCHEDULER_HEARTBEAT] running=[] | gpu0:free=26.0GiB util=46% | remaining: gemma_3_12b_it=2842, mistral_7b_instruct_v03=1134, qwen3_8b=0
[SCHEDULER_HEARTBEAT] running=[] | gpu0:free=26.0GiB util=50% | remaining: gemma_3_12b_it=2842, mistral_7b_instruct_v03=1133, qwen3_8b=0
[SCHEDULER_HEARTBEAT] running=[] | gpu0:free=26.2GiB util=48% | remaining: gemma_3_12b_it=2842, mistral_7b_instruct_v03=1132, qwen3_8b=0
[SCHEDULER_HEARTBEAT] running=[] | gpu0:free=26.1GiB util=47% | remaining: gemma_3_12b_it=2842, mistral_7b_instruct_v03=1132, qwen3_8b=0
[SCHEDULER_HEARTBEAT] running=[] | gpu0:free=26.2GiB util=46% | remaining: gemma_3_12b_it=2842, mistral_7b_instruct_v03=1131, qwen3_8b=0
[SCHEDULER_HEARTBEAT] running=[] | gpu0:free=26.0GiB util=49% | remaining: gemma_3_12b_it=2842, mistral_7b_instruct_v03=1129, qwen3_8b=0
[SCHEDULER_HEARTBEAT] running=[] | gpu0:free=26.1GiB util=51% | remaining: gemma_3_12b_it=2842, mistral_7b_instruct_v03=1128, qwen3_8b=0
[SCHEDULER_HEARTBEAT] running=[] | gpu0:free=26.0GiB util=47% | remaining: gemma_3_12b_it=2842, mistral_7b_instruct_v03=1128, qwen3_8b=0
[SCHEDULER_HEARTBEAT] running=[] | gpu0:free=26.0GiB util=46% | remaining: gemma_3_12b_it=2842, mistral_7b_instruct_v03=1127, qwen3_8b=0
[SCHEDULER_HEARTBEAT] running=[] | gpu0:free=26.2GiB util=47% | remaining: gemma_3_12b_it=2842, mistral_7b_instruct_v03=1126, qwen3_8b=0
[SCHEDULER_HEARTBEAT] running=[] | gpu0:free=26.0GiB util=48% | remaining: gemma_3_12b_it=2842, mistral_7b_instruct_v03=1125, qwen3_8b=0
[SCHEDULER_HEARTBEAT] running=[] | gpu0:free=26.0GiB util=48% | remaining: gemma_3_12b_it=2842, mistral_7b_instruct_v03=1124, qwen3_8b=0
[SCHEDULER_HEARTBEAT] running=[] | gpu0:free=26.0GiB util=49% | remaining: gemma_3_12b_it=2842, mistral_7b_instruct_v03=1123, qwen3_8b=0
[SCHEDULER_HEARTBEAT] running=[] | gpu0:free=26.2GiB util=49% | remaining: gemma_3_12b_it=2842, mistral_7b_instruct_v03=1123, qwen3_8b=0
[SCHEDULER_HEARTBEAT] running=[] | gpu0:free=26.0GiB util=48% | remaining: gemma_3_12b_it=2842, mistral_7b_instruct_v03=1121, qwen3_8b=0
[SCHEDULER_HEARTBEAT] running=[] | gpu0:free=26.1GiB util=47% | remaining: gemma_3_12b_it=2842, mistral_7b_instruct_v03=1120, qwen3_8b=0
[SCHEDULER_HEARTBEAT] running=[] | gpu0:free=26.3GiB util=47% | remaining: gemma_3_12b_it=2842, mistral_7b_instruct_v03=1118, qwen3_8b=0
[SCHEDULER_HEARTBEAT] running=[] | gpu0:free=26.1GiB util=47% | remaining: gemma_3_12b_it=2842, mistral_7b_instruct_v03=1117, qwen3_8b=0
[SCHEDULER_HEARTBEAT] running=[] | gpu0:free=26.2GiB util=48% | remaining: gemma_3_12b_it=2842, mistral_7b_instruct_v03=1115, qwen3_8b=0
[SCHEDULER_HEARTBEAT] running=[] | gpu0:free=26.0GiB util=47% | remaining: gemma_3_12b_it=2842, mistral_7b_instruct_v03=1114, qwen3_8b=0
[SCHEDULER_HEARTBEAT] running=[] | gpu0:free=26.2GiB util=47% | remaining: gemma_3_12b_it=2842, mistral_7b_instruct_v03=1113, qwen3_8b=0
[SCHEDULER_HEARTBEAT] running=[] | gpu0:free=26.0GiB util=46% | remaining: gemma_3_12b_it=2842, mistral_7b_instruct_v03=1112, qwen3_8b=0
[SCHEDULER_HEARTBEAT] running=[] | gpu0:free=26.1GiB util=48% | remaining: gemma_3_12b_it=2842, mistral_7b_instruct_v03=1111, qwen3_8b=0
[SCHEDULER_HEARTBEAT] running=[] | gpu0:free=26.2GiB util=46% | remaining: gemma_3_12b_it=2842, mistral_7b_instruct_v03=1109, qwen3_8b=0
[SCHEDULER_HEARTBEAT] running=[] | gpu0:free=26.0GiB util=46% | remaining: gemma_3_12b_it=2842, mistral_7b_instruct_v03=1107, qwen3_8b=0
[SCHEDULER_HEARTBEAT] running=[] | gpu0:free=26.2GiB util=47% | remaining: gemma_3_12b_it=2842, mistral_7b_instruct_v03=1107, qwen3_8b=0
[SCHEDULER_HEARTBEAT] running=[] | gpu0:free=26.2GiB util=48% | remaining: gemma_3_12b_it=2842, mistral_7b_instruct_v03=1107, qwen3_8b=0
[SCHEDULER_HEARTBEAT] running=[] | gpu0:free=26.2GiB util=49% | remaining: gemma_3_12b_it=2842, mistral_7b_instruct_v03=1107, qwen3_8b=0
[SCHEDULER_HEARTBEAT] running=[] | gpu0:free=26.2GiB util=47% | remaining: gemma_3_12b_it=2842, mistral_7b_instruct_v03=1105, qwen3_8b=0
[SCHEDULER_HEARTBEAT] running=[] | gpu0:free=26.2GiB util=48% | remaining: gemma_3_12b_it=2842, mistral_7b_instruct_v03=1104, qwen3_8b=0
[SCHEDULER_HEARTBEAT] running=[] | gpu0:free=26.2GiB util=46% | remaining: gemma_3_12b_it=2842, mistral_7b_instruct_v03=1102, qwen3_8b=0
[SCHEDULER_HEARTBEAT] running=[] | gpu0:free=26.1GiB util=47% | remaining: gemma_3_12b_it=2842, mistral_7b_instruct_v03=1102, qwen3_8b=0
[SCHEDULER_HEARTBEAT] running=[] | gpu0:free=26.2GiB util=47% | remaining: gemma_3_12b_it=2842, mistral_7b_instruct_v03=1100, qwen3_8b=0
[SCHEDULER_HEARTBEAT] running=[] | gpu0:free=26.0GiB util=46% | remaining: gemma_3_12b_it=2842, mistral_7b_instruct_v03=1097, qwen3_8b=0
[SCHEDULER_HEARTBEAT] running=[] | gpu0:free=26.0GiB util=46% | remaining: gemma_3_12b_it=2842, mistral_7b_instruct_v03=1096, qwen3_8b=0
[SCHEDULER_HEARTBEAT] running=[] | gpu0:free=26.1GiB util=46% | remaining: gemma_3_12b_it=2842, mistral_7b_instruct_v03=1096, qwen3_8b=0
[SCHEDULER_HEARTBEAT] running=[] | gpu0:free=26.2GiB util=49% | remaining: gemma_3_12b_it=2842, mistral_7b_instruct_v03=1095, qwen3_8b=0
[SCHEDULER_HEARTBEAT] running=[] | gpu0:free=26.0GiB util=48% | remaining: gemma_3_12b_it=2842, mistral_7b_instruct_v03=1093, qwen3_8b=0
[SCHEDULER_HEARTBEAT] running=[] | gpu0:free=26.1GiB util=47% | remaining: gemma_3_12b_it=2842, mistral_7b_instruct_v03=1093, qwen3_8b=0
[SCHEDULER_HEARTBEAT] running=[] | gpu0:free=26.0GiB util=48% | remaining: gemma_3_12b_it=2842, mistral_7b_instruct_v03=1093, qwen3_8b=0
[SCHEDULER_HEARTBEAT] running=[] | gpu0:free=26.0GiB util=51% | remaining: gemma_3_12b_it=2842, mistral_7b_instruct_v03=1091, qwen3_8b=0
[SCHEDULER_HEARTBEAT] running=[] | gpu0:free=26.2GiB util=48% | remaining: gemma_3_12b_it=2842, mistral_7b_instruct_v03=1089, qwen3_8b=0
[SCHEDULER_HEARTBEAT] running=[] | gpu0:free=26.1GiB util=48% | remaining: gemma_3_12b_it=2842, mistral_7b_instruct_v03=1089, qwen3_8b=0
[SCHEDULER_HEARTBEAT] running=[] | gpu0:free=26.1GiB util=47% | remaining: gemma_3_12b_it=2842, mistral_7b_instruct_v03=1089, qwen3_8b=0
[SCHEDULER_HEARTBEAT] running=[] | gpu0:free=26.1GiB util=49% | remaining: gemma_3_12b_it=2842, mistral_7b_instruct_v03=1089, qwen3_8b=0
[SCHEDULER_HEARTBEAT] running=[] | gpu0:free=26.1GiB util=50% | remaining: gemma_3_12b_it=2842, mistral_7b_instruct_v03=1089, qwen3_8b=0
[SCHEDULER_HEARTBEAT] running=[] | gpu0:free=26.1GiB util=68% | remaining: gemma_3_12b_it=2842, mistral_7b_instruct_v03=1086, qwen3_8b=0
[SCHEDULER_HEARTBEAT] running=[] | gpu0:free=26.1GiB util=49% | remaining: gemma_3_12b_it=2842, mistral_7b_instruct_v03=1086, qwen3_8b=0
[SCHEDULER_HEARTBEAT] running=[] | gpu0:free=26.0GiB util=48% | remaining: gemma_3_12b_it=2842, mistral_7b_instruct_v03=1086, qwen3_8b=0
[SCHEDULER_HEARTBEAT] running=[] | gpu0:free=26.2GiB util=47% | remaining: gemma_3_12b_it=2842, mistral_7b_instruct_v03=1086, qwen3_8b=0
[SCHEDULER_HEARTBEAT] running=[] | gpu0:free=26.1GiB util=46% | remaining: gemma_3_12b_it=2842, mistral_7b_instruct_v03=1085, qwen3_8b=0
[SCHEDULER_HEARTBEAT] running=[] | gpu0:free=26.1GiB util=46% | remaining: gemma_3_12b_it=2842, mistral_7b_instruct_v03=1084, qwen3_8b=0
[SCHEDULER_HEARTBEAT] running=[] | gpu0:free=26.2GiB util=45% | remaining: gemma_3_12b_it=2842, mistral_7b_instruct_v03=1084, qwen3_8b=0
[SCHEDULER_HEARTBEAT] running=[] | gpu0:free=26.0GiB util=45% | remaining: gemma_3_12b_it=2842, mistral_7b_instruct_v03=1083, qwen3_8b=0
[SCHEDULER_HEARTBEAT] running=[] | gpu0:free=26.2GiB util=45% | remaining: gemma_3_12b_it=2842, mistral_7b_instruct_v03=1083, qwen3_8b=0
[SCHEDULER_HEARTBEAT] running=[] | gpu0:free=26.2GiB util=47% | remaining: gemma_3_12b_it=2842, mistral_7b_instruct_v03=1083, qwen3_8b=0
[SCHEDULER_HEARTBEAT] running=[] | gpu0:free=26.1GiB util=45% | remaining: gemma_3_12b_it=2842, mistral_7b_instruct_v03=1083, qwen3_8b=0
[SCHEDULER_HEARTBEAT] running=[] | gpu0:free=25.9GiB util=45% | remaining: gemma_3_12b_it=2842, mistral_7b_instruct_v03=1083, qwen3_8b=0
[SCHEDULER_HEARTBEAT] running=[] | gpu0:free=26.0GiB util=45% | remaining: gemma_3_12b_it=2842, mistral_7b_instruct_v03=1081, qwen3_8b=0
[SCHEDULER_HEARTBEAT] running=[] | gpu0:free=26.2GiB util=44% | remaining: gemma_3_12b_it=2842, mistral_7b_instruct_v03=1081, qwen3_8b=0
[SCHEDULER_HEARTBEAT] running=[] | gpu0:free=26.1GiB util=46% | remaining: gemma_3_12b_it=2842, mistral_7b_instruct_v03=1081, qwen3_8b=0
[SCHEDULER_HEARTBEAT] running=[] | gpu0:free=26.1GiB util=47% | remaining: gemma_3_12b_it=2842, mistral_7b_instruct_v03=1081, qwen3_8b=0
[SCHEDULER_HEARTBEAT] running=[] | gpu0:free=26.2GiB util=47% | remaining: gemma_3_12b_it=2842, mistral_7b_instruct_v03=1079, qwen3_8b=0
[SCHEDULER_HEARTBEAT] running=[] | gpu0:free=26.1GiB util=47% | remaining: gemma_3_12b_it=2842, mistral_7b_instruct_v03=1077, qwen3_8b=0
[SCHEDULER_HEARTBEAT] running=[] | gpu0:free=26.1GiB util=44% | remaining: gemma_3_12b_it=2842, mistral_7b_instruct_v03=1077, qwen3_8b=0
[SCHEDULER_HEARTBEAT] running=[] | gpu0:free=26.1GiB util=46% | remaining: gemma_3_12b_it=2842, mistral_7b_instruct_v03=1077, qwen3_8b=0
[SCHEDULER_HEARTBEAT] running=[] | gpu0:free=26.1GiB util=46% | remaining: gemma_3_12b_it=2842, mistral_7b_instruct_v03=1077, qwen3_8b=0
[SCHEDULER_HEARTBEAT] running=[] | gpu0:free=25.9GiB util=46% | remaining: gemma_3_12b_it=2842, mistral_7b_instruct_v03=1077, qwen3_8b=0
[SCHEDULER_HEARTBEAT] running=[] | gpu0:free=26.2GiB util=45% | remaining: gemma_3_12b_it=2842, mistral_7b_instruct_v03=1075, qwen3_8b=0
[SCHEDULER_HEARTBEAT] running=[] | gpu0:free=26.2GiB util=46% | remaining: gemma_3_12b_it=2842, mistral_7b_instruct_v03=1073, qwen3_8b=0
[SCHEDULER_HEARTBEAT] running=[] | gpu0:free=26.1GiB util=45% | remaining: gemma_3_12b_it=2842, mistral_7b_instruct_v03=1072, qwen3_8b=0
[SCHEDULER_HEARTBEAT] running=[] | gpu0:free=26.0GiB util=44% | remaining: gemma_3_12b_it=2842, mistral_7b_instruct_v03=1072, qwen3_8b=0
[SCHEDULER_HEARTBEAT] running=[] | gpu0:free=26.1GiB util=45% | remaining: gemma_3_12b_it=2842, mistral_7b_instruct_v03=1072, qwen3_8b=0
[SCHEDULER_HEARTBEAT] running=[] | gpu0:free=26.0GiB util=45% | remaining: gemma_3_12b_it=2842, mistral_7b_instruct_v03=1071, qwen3_8b=0
[SCHEDULER_HEARTBEAT] running=[] | gpu0:free=26.1GiB util=44% | remaining: gemma_3_12b_it=2842, mistral_7b_instruct_v03=1071, qwen3_8b=0
[SCHEDULER_HEARTBEAT] running=[] | gpu0:free=26.1GiB util=47% | remaining: gemma_3_12b_it=2842, mistral_7b_instruct_v03=1070, qwen3_8b=0
[SCHEDULER_HEARTBEAT] running=[] | gpu0:free=26.0GiB util=45% | remaining: gemma_3_12b_it=2842, mistral_7b_instruct_v03=1070, qwen3_8b=0
[SCHEDULER_HEARTBEAT] running=[] | gpu0:free=26.1GiB util=48% | remaining: gemma_3_12b_it=2842, mistral_7b_instruct_v03=1069, qwen3_8b=0
[SCHEDULER_HEARTBEAT] running=[] | gpu0:free=26.0GiB util=46% | remaining: gemma_3_12b_it=2842, mistral_7b_instruct_v03=1067, qwen3_8b=0
[SCHEDULER_HEARTBEAT] running=[] | gpu0:free=26.2GiB util=45% | remaining: gemma_3_12b_it=2842, mistral_7b_instruct_v03=1066, qwen3_8b=0
[SCHEDULER_HEARTBEAT] running=[] | gpu0:free=26.0GiB util=44% | remaining: gemma_3_12b_it=2842, mistral_7b_instruct_v03=1064, qwen3_8b=0
[SCHEDULER_HEARTBEAT] running=[] | gpu0:free=26.1GiB util=45% | remaining: gemma_3_12b_it=2842, mistral_7b_instruct_v03=1063, qwen3_8b=0
[SCHEDULER_HEARTBEAT] running=[] | gpu0:free=26.2GiB util=45% | remaining: gemma_3_12b_it=2842, mistral_7b_instruct_v03=1063, qwen3_8b=0
[SCHEDULER_HEARTBEAT] running=[] | gpu0:free=26.1GiB util=44% | remaining: gemma_3_12b_it=2842, mistral_7b_instruct_v03=1062, qwen3_8b=0
[SCHEDULER_HEARTBEAT] running=[] | gpu0:free=26.1GiB util=45% | remaining: gemma_3_12b_it=2842, mistral_7b_instruct_v03=1061, qwen3_8b=0
[SCHEDULER_HEARTBEAT] running=[] | gpu0:free=26.0GiB util=45% | remaining: gemma_3_12b_it=2842, mistral_7b_instruct_v03=1059, qwen3_8b=0
[SCHEDULER_HEARTBEAT] running=[] | gpu0:free=26.2GiB util=46% | remaining: gemma_3_12b_it=2842, mistral_7b_instruct_v03=1056, qwen3_8b=0
[SCHEDULER_HEARTBEAT] running=[] | gpu0:free=26.1GiB util=46% | remaining: gemma_3_12b_it=2842, mistral_7b_instruct_v03=1054, qwen3_8b=0
[SCHEDULER_HEARTBEAT] running=[] | gpu0:free=26.1GiB util=45% | remaining: gemma_3_12b_it=2842, mistral_7b_instruct_v03=1054, qwen3_8b=0
[SCHEDULER_HEARTBEAT] running=[] | gpu0:free=26.1GiB util=46% | remaining: gemma_3_12b_it=2842, mistral_7b_instruct_v03=1052, qwen3_8b=0
[SCHEDULER_HEARTBEAT] running=[] | gpu0:free=26.2GiB util=45% | remaining: gemma_3_12b_it=2842, mistral_7b_instruct_v03=1052, qwen3_8b=0
[SCHEDULER_HEARTBEAT] running=[] | gpu0:free=26.1GiB util=49% | remaining: gemma_3_12b_it=2842, mistral_7b_instruct_v03=1052, qwen3_8b=0
[SCHEDULER_HEARTBEAT] running=[] | gpu0:free=25.9GiB util=48% | remaining: gemma_3_12b_it=2842, mistral_7b_instruct_v03=1052, qwen3_8b=0
[SCHEDULER_HEARTBEAT] running=[] | gpu0:free=26.0GiB util=49% | remaining: gemma_3_12b_it=2842, mistral_7b_instruct_v03=1052, qwen3_8b=0
[SCHEDULER_HEARTBEAT] running=[] | gpu0:free=26.1GiB util=46% | remaining: gemma_3_12b_it=2842, mistral_7b_instruct_v03=1049, qwen3_8b=0
[SCHEDULER_HEARTBEAT] running=[] | gpu0:free=26.0GiB util=46% | remaining: gemma_3_12b_it=2842, mistral_7b_instruct_v03=1047, qwen3_8b=0
[SCHEDULER_HEARTBEAT] running=[] | gpu0:free=26.1GiB util=68% | remaining: gemma_3_12b_it=2842, mistral_7b_instruct_v03=1045, qwen3_8b=0
[SCHEDULER_HEARTBEAT] running=[] | gpu0:free=26.0GiB util=47% | remaining: gemma_3_12b_it=2842, mistral_7b_instruct_v03=1044, qwen3_8b=0
[SCHEDULER_HEARTBEAT] running=[] | gpu0:free=26.0GiB util=46% | remaining: gemma_3_12b_it=2842, mistral_7b_instruct_v03=1042, qwen3_8b=0
[SCHEDULER_HEARTBEAT] running=[] | gpu0:free=26.2GiB util=45% | remaining: gemma_3_12b_it=2842, mistral_7b_instruct_v03=1041, qwen3_8b=0
[SCHEDULER_HEARTBEAT] running=[] | gpu0:free=26.2GiB util=48% | remaining: gemma_3_12b_it=2842, mistral_7b_instruct_v03=1040, qwen3_8b=0
[SCHEDULER_HEARTBEAT] running=[] | gpu0:free=26.1GiB util=40% | remaining: gemma_3_12b_it=2842, mistral_7b_instruct_v03=1040, qwen3_8b=0
[SCHEDULER_HEARTBEAT] running=[] | gpu0:free=26.1GiB util=45% | remaining: gemma_3_12b_it=2842, mistral_7b_instruct_v03=1037, qwen3_8b=0
[SCHEDULER_HEARTBEAT] running=[] | gpu0:free=26.0GiB util=46% | remaining: gemma_3_12b_it=2842, mistral_7b_instruct_v03=1036, qwen3_8b=0
[SCHEDULER_HEARTBEAT] running=[] | gpu0:free=26.0GiB util=45% | remaining: gemma_3_12b_it=2842, mistral_7b_instruct_v03=1035, qwen3_8b=0
[SCHEDULER_HEARTBEAT] running=[] | gpu0:free=26.2GiB util=45% | remaining: gemma_3_12b_it=2842, mistral_7b_instruct_v03=1033, qwen3_8b=0
[SCHEDULER_HEARTBEAT] running=[] | gpu0:free=26.0GiB util=43% | remaining: gemma_3_12b_it=2842, mistral_7b_instruct_v03=1032, qwen3_8b=0
[SCHEDULER_HEARTBEAT] running=[] | gpu0:free=26.1GiB util=46% | remaining: gemma_3_12b_it=2842, mistral_7b_instruct_v03=1031, qwen3_8b=0
[SCHEDULER_HEARTBEAT] running=[] | gpu0:free=26.1GiB util=44% | remaining: gemma_3_12b_it=2842, mistral_7b_instruct_v03=1029, qwen3_8b=0
[SCHEDULER_HEARTBEAT] running=[] | gpu0:free=26.1GiB util=46% | remaining: gemma_3_12b_it=2842, mistral_7b_instruct_v03=1028, qwen3_8b=0
[SCHEDULER_HEARTBEAT] running=[] | gpu0:free=26.1GiB util=45% | remaining: gemma_3_12b_it=2842, mistral_7b_instruct_v03=1028, qwen3_8b=0
[SCHEDULER_HEARTBEAT] running=[] | gpu0:free=25.9GiB util=44% | remaining: gemma_3_12b_it=2842, mistral_7b_instruct_v03=1028, qwen3_8b=0
[SCHEDULER_HEARTBEAT] running=[] | gpu0:free=26.2GiB util=46% | remaining: gemma_3_12b_it=2842, mistral_7b_instruct_v03=1027, qwen3_8b=0
[SCHEDULER_HEARTBEAT] running=[] | gpu0:free=26.1GiB util=44% | remaining: gemma_3_12b_it=2842, mistral_7b_instruct_v03=1025, qwen3_8b=0
[SCHEDULER_HEARTBEAT] running=[] | gpu0:free=26.0GiB util=46% | remaining: gemma_3_12b_it=2842, mistral_7b_instruct_v03=1023, qwen3_8b=0
[SCHEDULER_HEARTBEAT] running=[] | gpu0:free=26.0GiB util=46% | remaining: gemma_3_12b_it=2842, mistral_7b_instruct_v03=1023, qwen3_8b=0
[SCHEDULER_HEARTBEAT] running=[] | gpu0:free=26.1GiB util=45% | remaining: gemma_3_12b_it=2842, mistral_7b_instruct_v03=1022, qwen3_8b=0
[SCHEDULER_HEARTBEAT] running=[] | gpu0:free=26.0GiB util=43% | remaining: gemma_3_12b_it=2842, mistral_7b_instruct_v03=1021, qwen3_8b=0
[SCHEDULER_HEARTBEAT] running=[] | gpu0:free=26.1GiB util=46% | remaining: gemma_3_12b_it=2842, mistral_7b_instruct_v03=1020, qwen3_8b=0
[SCHEDULER_HEARTBEAT] running=[] | gpu0:free=26.2GiB util=45% | remaining: gemma_3_12b_it=2842, mistral_7b_instruct_v03=1018, qwen3_8b=0
[SCHEDULER_HEARTBEAT] running=[] | gpu0:free=26.3GiB util=49% | remaining: gemma_3_12b_it=2842, mistral_7b_instruct_v03=1017, qwen3_8b=0
[SCHEDULER_HEARTBEAT] running=[] | gpu0:free=26.0GiB util=47% | remaining: gemma_3_12b_it=2842, mistral_7b_instruct_v03=1017, qwen3_8b=0
[SCHEDULER_HEARTBEAT] running=[] | gpu0:free=26.0GiB util=47% | remaining: gemma_3_12b_it=2842, mistral_7b_instruct_v03=1017, qwen3_8b=0
[SCHEDULER_HEARTBEAT] running=[] | gpu0:free=26.0GiB util=48% | remaining: gemma_3_12b_it=2842, mistral_7b_instruct_v03=1015, qwen3_8b=0
[SCHEDULER_HEARTBEAT] running=[] | gpu0:free=26.2GiB util=48% | remaining: gemma_3_12b_it=2842, mistral_7b_instruct_v03=1014, qwen3_8b=0
[SCHEDULER_HEARTBEAT] running=[] | gpu0:free=26.0GiB util=51% | remaining: gemma_3_12b_it=2842, mistral_7b_instruct_v03=1013, qwen3_8b=0
[SCHEDULER_HEARTBEAT] running=[] | gpu0:free=26.1GiB util=48% | remaining: gemma_3_12b_it=2842, mistral_7b_instruct_v03=1012, qwen3_8b=0
[SCHEDULER_HEARTBEAT] running=[] | gpu0:free=26.1GiB util=46% | remaining: gemma_3_12b_it=2842, mistral_7b_instruct_v03=1012, qwen3_8b=0
[SCHEDULER_HEARTBEAT] running=[] | gpu0:free=26.0GiB util=49% | remaining: gemma_3_12b_it=2842, mistral_7b_instruct_v03=1011, qwen3_8b=0
[SCHEDULER_HEARTBEAT] running=[] | gpu0:free=26.1GiB util=48% | remaining: gemma_3_12b_it=2842, mistral_7b_instruct_v03=1009, qwen3_8b=0
[SCHEDULER_HEARTBEAT] running=[] | gpu0:free=26.1GiB util=48% | remaining: gemma_3_12b_it=2842, mistral_7b_instruct_v03=1007, qwen3_8b=0
[SCHEDULER_HEARTBEAT] running=[] | gpu0:free=26.2GiB util=46% | remaining: gemma_3_12b_it=2842, mistral_7b_instruct_v03=1007, qwen3_8b=0
[SCHEDULER_HEARTBEAT] running=[] | gpu0:free=26.1GiB util=48% | remaining: gemma_3_12b_it=2842, mistral_7b_instruct_v03=1004, qwen3_8b=0
[SCHEDULER_HEARTBEAT] running=[] | gpu0:free=26.0GiB util=47% | remaining: gemma_3_12b_it=2842, mistral_7b_instruct_v03=1004, qwen3_8b=0
[SCHEDULER_HEARTBEAT] running=[] | gpu0:free=26.1GiB util=46% | remaining: gemma_3_12b_it=2842, mistral_7b_instruct_v03=1003, qwen3_8b=0
[SCHEDULER_HEARTBEAT] running=[] | gpu0:free=26.1GiB util=48% | remaining: gemma_3_12b_it=2842, mistral_7b_instruct_v03=1001, qwen3_8b=0
[SCHEDULER_HEARTBEAT] running=[] | gpu0:free=26.2GiB util=46% | remaining: gemma_3_12b_it=2842, mistral_7b_instruct_v03=1001, qwen3_8b=0
[SCHEDULER_HEARTBEAT] running=[] | gpu0:free=26.0GiB util=46% | remaining: gemma_3_12b_it=2842, mistral_7b_instruct_v03=999, qwen3_8b=0
[SCHEDULER_HEARTBEAT] running=[] | gpu0:free=26.1GiB util=44% | remaining: gemma_3_12b_it=2842, mistral_7b_instruct_v03=999, qwen3_8b=0
[SCHEDULER_HEARTBEAT] running=[] | gpu0:free=26.1GiB util=45% | remaining: gemma_3_12b_it=2842, mistral_7b_instruct_v03=999, qwen3_8b=0
[SCHEDULER_HEARTBEAT] running=[] | gpu0:free=26.1GiB util=49% | remaining: gemma_3_12b_it=2842, mistral_7b_instruct_v03=999, qwen3_8b=0
[SCHEDULER_HEARTBEAT] running=[] | gpu0:free=26.1GiB util=48% | remaining: gemma_3_12b_it=2842, mistral_7b_instruct_v03=998, qwen3_8b=0
[SCHEDULER_HEARTBEAT] running=[] | gpu0:free=26.1GiB util=47% | remaining: gemma_3_12b_it=2842, mistral_7b_instruct_v03=997, qwen3_8b=0
[SCHEDULER_HEARTBEAT] running=[] | gpu0:free=26.1GiB util=47% | remaining: gemma_3_12b_it=2842, mistral_7b_instruct_v03=995, qwen3_8b=0
[SCHEDULER_HEARTBEAT] running=[] | gpu0:free=26.0GiB util=46% | remaining: gemma_3_12b_it=2842, mistral_7b_instruct_v03=994, qwen3_8b=0
[SCHEDULER_HEARTBEAT] running=[] | gpu0:free=26.0GiB util=47% | remaining: gemma_3_12b_it=2842, mistral_7b_instruct_v03=993, qwen3_8b=0
[SCHEDULER_HEARTBEAT] running=[] | gpu0:free=26.0GiB util=47% | remaining: gemma_3_12b_it=2842, mistral_7b_instruct_v03=993, qwen3_8b=0
[SCHEDULER_HEARTBEAT] running=[] | gpu0:free=26.1GiB util=46% | remaining: gemma_3_12b_it=2842, mistral_7b_instruct_v03=991, qwen3_8b=0
[SCHEDULER_HEARTBEAT] running=[] | gpu0:free=26.1GiB util=46% | remaining: gemma_3_12b_it=2842, mistral_7b_instruct_v03=988, qwen3_8b=0
[SCHEDULER_HEARTBEAT] running=[] | gpu0:free=26.0GiB util=45% | remaining: gemma_3_12b_it=2842, mistral_7b_instruct_v03=986, qwen3_8b=0
[SCHEDULER_HEARTBEAT] running=[] | gpu0:free=26.1GiB util=46% | remaining: gemma_3_12b_it=2842, mistral_7b_instruct_v03=985, qwen3_8b=0
[SCHEDULER_HEARTBEAT] running=[] | gpu0:free=26.0GiB util=46% | remaining: gemma_3_12b_it=2842, mistral_7b_instruct_v03=983, qwen3_8b=0
[SCHEDULER_HEARTBEAT] running=[] | gpu0:free=26.0GiB util=46% | remaining: gemma_3_12b_it=2842, mistral_7b_instruct_v03=981, qwen3_8b=0
[SCHEDULER_HEARTBEAT] running=[] | gpu0:free=26.1GiB util=48% | remaining: gemma_3_12b_it=2842, mistral_7b_instruct_v03=981, qwen3_8b=0
[SCHEDULER_HEARTBEAT] running=[] | gpu0:free=26.0GiB util=46% | remaining: gemma_3_12b_it=2842, mistral_7b_instruct_v03=979, qwen3_8b=0
[SCHEDULER_HEARTBEAT] running=[] | gpu0:free=26.1GiB util=47% | remaining: gemma_3_12b_it=2842, mistral_7b_instruct_v03=977, qwen3_8b=0
[SCHEDULER_HEARTBEAT] running=[] | gpu0:free=26.1GiB util=46% | remaining: gemma_3_12b_it=2842, mistral_7b_instruct_v03=976, qwen3_8b=0
[SCHEDULER_HEARTBEAT] running=[] | gpu0:free=26.0GiB util=47% | remaining: gemma_3_12b_it=2842, mistral_7b_instruct_v03=976, qwen3_8b=0
[SCHEDULER_HEARTBEAT] running=[] | gpu0:free=26.0GiB util=45% | remaining: gemma_3_12b_it=2842, mistral_7b_instruct_v03=975, qwen3_8b=0
[SCHEDULER_HEARTBEAT] running=[] | gpu0:free=26.1GiB util=48% | remaining: gemma_3_12b_it=2842, mistral_7b_instruct_v03=974, qwen3_8b=0
[SCHEDULER_HEARTBEAT] running=[] | gpu0:free=26.0GiB util=48% | remaining: gemma_3_12b_it=2842, mistral_7b_instruct_v03=973, qwen3_8b=0
[SCHEDULER_HEARTBEAT] running=[] | gpu0:free=26.2GiB util=45% | remaining: gemma_3_12b_it=2842, mistral_7b_instruct_v03=972, qwen3_8b=0
[SCHEDULER_HEARTBEAT] running=[] | gpu0:free=26.2GiB util=45% | remaining: gemma_3_12b_it=2842, mistral_7b_instruct_v03=972, qwen3_8b=0
[SCHEDULER_HEARTBEAT] running=[] | gpu0:free=26.2GiB util=47% | remaining: gemma_3_12b_it=2842, mistral_7b_instruct_v03=970, qwen3_8b=0
[SCHEDULER_HEARTBEAT] running=[] | gpu0:free=26.1GiB util=47% | remaining: gemma_3_12b_it=2842, mistral_7b_instruct_v03=969, qwen3_8b=0
[SCHEDULER_HEARTBEAT] running=[] | gpu0:free=26.1GiB util=47% | remaining: gemma_3_12b_it=2842, mistral_7b_instruct_v03=969, qwen3_8b=0
[SCHEDULER_HEARTBEAT] running=[] | gpu0:free=25.9GiB util=46% | remaining: gemma_3_12b_it=2842, mistral_7b_instruct_v03=969, qwen3_8b=0
[SCHEDULER_HEARTBEAT] running=[] | gpu0:free=26.1GiB util=48% | remaining: gemma_3_12b_it=2842, mistral_7b_instruct_v03=969, qwen3_8b=0
[SCHEDULER_HEARTBEAT] running=[] | gpu0:free=26.0GiB util=45% | remaining: gemma_3_12b_it=2842, mistral_7b_instruct_v03=967, qwen3_8b=0
[SCHEDULER_HEARTBEAT] running=[] | gpu0:free=26.0GiB util=46% | remaining: gemma_3_12b_it=2842, mistral_7b_instruct_v03=966, qwen3_8b=0
[SCHEDULER_HEARTBEAT] running=[] | gpu0:free=26.0GiB util=46% | remaining: gemma_3_12b_it=2842, mistral_7b_instruct_v03=966, qwen3_8b=0
[SCHEDULER_HEARTBEAT] running=[] | gpu0:free=26.2GiB util=46% | remaining: gemma_3_12b_it=2842, mistral_7b_instruct_v03=966, qwen3_8b=0
[SCHEDULER_HEARTBEAT] running=[] | gpu0:free=26.1GiB util=46% | remaining: gemma_3_12b_it=2842, mistral_7b_instruct_v03=964, qwen3_8b=0
[SCHEDULER_HEARTBEAT] running=[] | gpu0:free=26.2GiB util=48% | remaining: gemma_3_12b_it=2842, mistral_7b_instruct_v03=963, qwen3_8b=0
[SCHEDULER_HEARTBEAT] running=[] | gpu0:free=26.1GiB util=46% | remaining: gemma_3_12b_it=2842, mistral_7b_instruct_v03=962, qwen3_8b=0
[SCHEDULER_HEARTBEAT] running=[] | gpu0:free=26.0GiB util=46% | remaining: gemma_3_12b_it=2842, mistral_7b_instruct_v03=961, qwen3_8b=0
[SCHEDULER_HEARTBEAT] running=[] | gpu0:free=26.1GiB util=47% | remaining: gemma_3_12b_it=2842, mistral_7b_instruct_v03=960, qwen3_8b=0
[SCHEDULER_HEARTBEAT] running=[] | gpu0:free=26.0GiB util=46% | remaining: gemma_3_12b_it=2842, mistral_7b_instruct_v03=960, qwen3_8b=0
[SCHEDULER_HEARTBEAT] running=[] | gpu0:free=26.0GiB util=46% | remaining: gemma_3_12b_it=2842, mistral_7b_instruct_v03=960, qwen3_8b=0
[SCHEDULER_HEARTBEAT] running=[] | gpu0:free=26.1GiB util=46% | remaining: gemma_3_12b_it=2842, mistral_7b_instruct_v03=959, qwen3_8b=0
[SCHEDULER_HEARTBEAT] running=[] | gpu0:free=26.0GiB util=48% | remaining: gemma_3_12b_it=2842, mistral_7b_instruct_v03=957, qwen3_8b=0
[SCHEDULER_HEARTBEAT] running=[] | gpu0:free=26.0GiB util=46% | remaining: gemma_3_12b_it=2842, mistral_7b_instruct_v03=955, qwen3_8b=0
[SCHEDULER_HEARTBEAT] running=[] | gpu0:free=26.2GiB util=48% | remaining: gemma_3_12b_it=2842, mistral_7b_instruct_v03=953, qwen3_8b=0
[SCHEDULER_HEARTBEAT] running=[] | gpu0:free=26.1GiB util=45% | remaining: gemma_3_12b_it=2842, mistral_7b_instruct_v03=953, qwen3_8b=0
[SCHEDULER_HEARTBEAT] running=[] | gpu0:free=26.1GiB util=48% | remaining: gemma_3_12b_it=2842, mistral_7b_instruct_v03=952, qwen3_8b=0
[SCHEDULER_HEARTBEAT] running=[] | gpu0:free=26.0GiB util=46% | remaining: gemma_3_12b_it=2842, mistral_7b_instruct_v03=950, qwen3_8b=0
[SCHEDULER_HEARTBEAT] running=[] | gpu0:free=26.1GiB util=46% | remaining: gemma_3_12b_it=2842, mistral_7b_instruct_v03=949, qwen3_8b=0
[SCHEDULER_HEARTBEAT] running=[] | gpu0:free=26.2GiB util=47% | remaining: gemma_3_12b_it=2842, mistral_7b_instruct_v03=948, qwen3_8b=0
[SCHEDULER_HEARTBEAT] running=[] | gpu0:free=26.0GiB util=47% | remaining: gemma_3_12b_it=2842, mistral_7b_instruct_v03=947, qwen3_8b=0
[SCHEDULER_HEARTBEAT] running=[] | gpu0:free=26.1GiB util=44% | remaining: gemma_3_12b_it=2842, mistral_7b_instruct_v03=947, qwen3_8b=0
[SCHEDULER_HEARTBEAT] running=[] | gpu0:free=26.1GiB util=48% | remaining: gemma_3_12b_it=2842, mistral_7b_instruct_v03=945, qwen3_8b=0
[SCHEDULER_HEARTBEAT] running=[] | gpu0:free=26.1GiB util=48% | remaining: gemma_3_12b_it=2842, mistral_7b_instruct_v03=945, qwen3_8b=0
[SCHEDULER_HEARTBEAT] running=[] | gpu0:free=26.1GiB util=46% | remaining: gemma_3_12b_it=2842, mistral_7b_instruct_v03=943, qwen3_8b=0
[SCHEDULER_HEARTBEAT] running=[] | gpu0:free=26.1GiB util=47% | remaining: gemma_3_12b_it=2842, mistral_7b_instruct_v03=942, qwen3_8b=0
[SCHEDULER_HEARTBEAT] running=[] | gpu0:free=26.2GiB util=47% | remaining: gemma_3_12b_it=2842, mistral_7b_instruct_v03=941, qwen3_8b=0
[SCHEDULER_HEARTBEAT] running=[] | gpu0:free=26.1GiB util=47% | remaining: gemma_3_12b_it=2842, mistral_7b_instruct_v03=940, qwen3_8b=0
[SCHEDULER_HEARTBEAT] running=[] | gpu0:free=26.0GiB util=48% | remaining: gemma_3_12b_it=2842, mistral_7b_instruct_v03=939, qwen3_8b=0
[SCHEDULER_HEARTBEAT] running=[] | gpu0:free=26.1GiB util=47% | remaining: gemma_3_12b_it=2842, mistral_7b_instruct_v03=938, qwen3_8b=0
[SCHEDULER_HEARTBEAT] running=[] | gpu0:free=26.0GiB util=48% | remaining: gemma_3_12b_it=2842, mistral_7b_instruct_v03=938, qwen3_8b=0
[SCHEDULER_HEARTBEAT] running=[] | gpu0:free=26.0GiB util=50% | remaining: gemma_3_12b_it=2842, mistral_7b_instruct_v03=936, qwen3_8b=0
[SCHEDULER_HEARTBEAT] running=[] | gpu0:free=26.1GiB util=49% | remaining: gemma_3_12b_it=2842, mistral_7b_instruct_v03=936, qwen3_8b=0
[SCHEDULER_HEARTBEAT] running=[] | gpu0:free=26.2GiB util=46% | remaining: gemma_3_12b_it=2842, mistral_7b_instruct_v03=934, qwen3_8b=0
[SCHEDULER_HEARTBEAT] running=[] | gpu0:free=26.1GiB util=48% | remaining: gemma_3_12b_it=2842, mistral_7b_instruct_v03=933, qwen3_8b=0
[SCHEDULER_HEARTBEAT] running=[] | gpu0:free=26.0GiB util=46% | remaining: gemma_3_12b_it=2842, mistral_7b_instruct_v03=932, qwen3_8b=0
[SCHEDULER_HEARTBEAT] running=[] | gpu0:free=26.2GiB util=47% | remaining: gemma_3_12b_it=2842, mistral_7b_instruct_v03=931, qwen3_8b=0
[SCHEDULER_HEARTBEAT] running=[] | gpu0:free=26.2GiB util=47% | remaining: gemma_3_12b_it=2842, mistral_7b_instruct_v03=931, qwen3_8b=0
[SCHEDULER_HEARTBEAT] running=[] | gpu0:free=26.1GiB util=46% | remaining: gemma_3_12b_it=2842, mistral_7b_instruct_v03=928, qwen3_8b=0
[SCHEDULER_HEARTBEAT] running=[] | gpu0:free=26.0GiB util=48% | remaining: gemma_3_12b_it=2842, mistral_7b_instruct_v03=928, qwen3_8b=0
[SCHEDULER_HEARTBEAT] running=[] | gpu0:free=26.1GiB util=47% | remaining: gemma_3_12b_it=2842, mistral_7b_instruct_v03=926, qwen3_8b=0
[SCHEDULER_HEARTBEAT] running=[] | gpu0:free=26.1GiB util=47% | remaining: gemma_3_12b_it=2842, mistral_7b_instruct_v03=925, qwen3_8b=0
[SCHEDULER_HEARTBEAT] running=[] | gpu0:free=26.2GiB util=47% | remaining: gemma_3_12b_it=2842, mistral_7b_instruct_v03=924, qwen3_8b=0
[SCHEDULER_HEARTBEAT] running=[] | gpu0:free=26.1GiB util=48% | remaining: gemma_3_12b_it=2842, mistral_7b_instruct_v03=922, qwen3_8b=0
[SCHEDULER_HEARTBEAT] running=[] | gpu0:free=26.0GiB util=48% | remaining: gemma_3_12b_it=2842, mistral_7b_instruct_v03=921, qwen3_8b=0
[SCHEDULER_HEARTBEAT] running=[] | gpu0:free=26.0GiB util=48% | remaining: gemma_3_12b_it=2842, mistral_7b_instruct_v03=921, qwen3_8b=0
[SCHEDULER_HEARTBEAT] running=[] | gpu0:free=26.1GiB util=48% | remaining: gemma_3_12b_it=2842, mistral_7b_instruct_v03=919, qwen3_8b=0
[SCHEDULER_HEARTBEAT] running=[] | gpu0:free=26.1GiB util=46% | remaining: gemma_3_12b_it=2842, mistral_7b_instruct_v03=919, qwen3_8b=0
[SCHEDULER_HEARTBEAT] running=[] | gpu0:free=26.1GiB util=45% | remaining: gemma_3_12b_it=2842, mistral_7b_instruct_v03=918, qwen3_8b=0
[SCHEDULER_HEARTBEAT] running=[] | gpu0:free=26.1GiB util=48% | remaining: gemma_3_12b_it=2842, mistral_7b_instruct_v03=917, qwen3_8b=0
[SCHEDULER_HEARTBEAT] running=[] | gpu0:free=26.0GiB util=44% | remaining: gemma_3_12b_it=2842, mistral_7b_instruct_v03=916, qwen3_8b=0
[SCHEDULER_HEARTBEAT] running=[] | gpu0:free=26.1GiB util=46% | remaining: gemma_3_12b_it=2842, mistral_7b_instruct_v03=914, qwen3_8b=0
[SCHEDULER_HEARTBEAT] running=[] | gpu0:free=26.1GiB util=46% | remaining: gemma_3_12b_it=2842, mistral_7b_instruct_v03=913, qwen3_8b=0
[SCHEDULER_HEARTBEAT] running=[] | gpu0:free=26.0GiB util=45% | remaining: gemma_3_12b_it=2842, mistral_7b_instruct_v03=912, qwen3_8b=0
[SCHEDULER_HEARTBEAT] running=[] | gpu0:free=26.2GiB util=45% | remaining: gemma_3_12b_it=2842, mistral_7b_instruct_v03=912, qwen3_8b=0
[SCHEDULER_HEARTBEAT] running=[] | gpu0:free=26.1GiB util=44% | remaining: gemma_3_12b_it=2842, mistral_7b_instruct_v03=911, qwen3_8b=0
[SCHEDULER_HEARTBEAT] running=[] | gpu0:free=26.1GiB util=56% | remaining: gemma_3_12b_it=2842, mistral_7b_instruct_v03=910, qwen3_8b=0
[SCHEDULER_HEARTBEAT] running=[] | gpu0:free=26.2GiB util=47% | remaining: gemma_3_12b_it=2842, mistral_7b_instruct_v03=908, qwen3_8b=0
[SCHEDULER_HEARTBEAT] running=[] | gpu0:free=26.1GiB util=48% | remaining: gemma_3_12b_it=2842, mistral_7b_instruct_v03=908, qwen3_8b=0
[SCHEDULER_HEARTBEAT] running=[] | gpu0:free=26.1GiB util=47% | remaining: gemma_3_12b_it=2842, mistral_7b_instruct_v03=905, qwen3_8b=0
[SCHEDULER_HEARTBEAT] running=[] | gpu0:free=26.0GiB util=48% | remaining: gemma_3_12b_it=2842, mistral_7b_instruct_v03=904, qwen3_8b=0
[SCHEDULER_HEARTBEAT] running=[] | gpu0:free=26.0GiB util=47% | remaining: gemma_3_12b_it=2842, mistral_7b_instruct_v03=902, qwen3_8b=0
[SCHEDULER_HEARTBEAT] running=[] | gpu0:free=26.0GiB util=47% | remaining: gemma_3_12b_it=2842, mistral_7b_instruct_v03=901, qwen3_8b=0
[SCHEDULER_HEARTBEAT] running=[] | gpu0:free=26.2GiB util=45% | remaining: gemma_3_12b_it=2842, mistral_7b_instruct_v03=900, qwen3_8b=0
[SCHEDULER_HEARTBEAT] running=[] | gpu0:free=26.1GiB util=45% | remaining: gemma_3_12b_it=2842, mistral_7b_instruct_v03=900, qwen3_8b=0
[SCHEDULER_HEARTBEAT] running=[] | gpu0:free=25.9GiB util=44% | remaining: gemma_3_12b_it=2842, mistral_7b_instruct_v03=900, qwen3_8b=0
[SCHEDULER_HEARTBEAT] running=[] | gpu0:free=26.0GiB util=46% | remaining: gemma_3_12b_it=2842, mistral_7b_instruct_v03=900, qwen3_8b=0
[SCHEDULER_HEARTBEAT] running=[] | gpu0:free=26.1GiB util=46% | remaining: gemma_3_12b_it=2842, mistral_7b_instruct_v03=899, qwen3_8b=0
[SCHEDULER_HEARTBEAT] running=[] | gpu0:free=26.2GiB util=48% | remaining: gemma_3_12b_it=2842, mistral_7b_instruct_v03=897, qwen3_8b=0
[SCHEDULER_HEARTBEAT] running=[] | gpu0:free=26.0GiB util=47% | remaining: gemma_3_12b_it=2842, mistral_7b_instruct_v03=895, qwen3_8b=0
[SCHEDULER_HEARTBEAT] running=[] | gpu0:free=26.0GiB util=45% | remaining: gemma_3_12b_it=2842, mistral_7b_instruct_v03=894, qwen3_8b=0
[SCHEDULER_HEARTBEAT] running=[] | gpu0:free=26.2GiB util=51% | remaining: gemma_3_12b_it=2842, mistral_7b_instruct_v03=891, qwen3_8b=0
[SCHEDULER_HEARTBEAT] running=[] | gpu0:free=26.0GiB util=45% | remaining: gemma_3_12b_it=2842, mistral_7b_instruct_v03=891, qwen3_8b=0
[SCHEDULER_HEARTBEAT] running=[] | gpu0:free=26.0GiB util=46% | remaining: gemma_3_12b_it=2842, mistral_7b_instruct_v03=890, qwen3_8b=0
[SCHEDULER_HEARTBEAT] running=[] | gpu0:free=26.0GiB util=45% | remaining: gemma_3_12b_it=2842, mistral_7b_instruct_v03=889, qwen3_8b=0
[SCHEDULER_HEARTBEAT] running=[] | gpu0:free=26.1GiB util=45% | remaining: gemma_3_12b_it=2842, mistral_7b_instruct_v03=887, qwen3_8b=0
[SCHEDULER_HEARTBEAT] running=[] | gpu0:free=26.2GiB util=45% | remaining: gemma_3_12b_it=2842, mistral_7b_instruct_v03=886, qwen3_8b=0
[SCHEDULER_HEARTBEAT] running=[] | gpu0:free=26.1GiB util=45% | remaining: gemma_3_12b_it=2842, mistral_7b_instruct_v03=885, qwen3_8b=0
[SCHEDULER_HEARTBEAT] running=[] | gpu0:free=26.2GiB util=47% | remaining: gemma_3_12b_it=2842, mistral_7b_instruct_v03=884, qwen3_8b=0
[SCHEDULER_HEARTBEAT] running=[] | gpu0:free=26.0GiB util=49% | remaining: gemma_3_12b_it=2842, mistral_7b_instruct_v03=882, qwen3_8b=0
[SCHEDULER_HEARTBEAT] running=[] | gpu0:free=26.1GiB util=47% | remaining: gemma_3_12b_it=2842, mistral_7b_instruct_v03=882, qwen3_8b=0
[SCHEDULER_HEARTBEAT] running=[] | gpu0:free=26.0GiB util=46% | remaining: gemma_3_12b_it=2842, mistral_7b_instruct_v03=880, qwen3_8b=0
[SCHEDULER_HEARTBEAT] running=[] | gpu0:free=26.1GiB util=46% | remaining: gemma_3_12b_it=2842, mistral_7b_instruct_v03=879, qwen3_8b=0
[SCHEDULER_HEARTBEAT] running=[] | gpu0:free=26.2GiB util=50% | remaining: gemma_3_12b_it=2842, mistral_7b_instruct_v03=879, qwen3_8b=0
[SCHEDULER_HEARTBEAT] running=[] | gpu0:free=26.1GiB util=47% | remaining: gemma_3_12b_it=2842, mistral_7b_instruct_v03=879, qwen3_8b=0
[SCHEDULER_HEARTBEAT] running=[] | gpu0:free=25.9GiB util=45% | remaining: gemma_3_12b_it=2842, mistral_7b_instruct_v03=879, qwen3_8b=0
[SCHEDULER_HEARTBEAT] running=[] | gpu0:free=26.1GiB util=70% | remaining: gemma_3_12b_it=2842, mistral_7b_instruct_v03=877, qwen3_8b=0
[SCHEDULER_HEARTBEAT] running=[] | gpu0:free=26.0GiB util=45% | remaining: gemma_3_12b_it=2842, mistral_7b_instruct_v03=875, qwen3_8b=0
[SCHEDULER_HEARTBEAT] running=[] | gpu0:free=26.1GiB util=47% | remaining: gemma_3_12b_it=2842, mistral_7b_instruct_v03=874, qwen3_8b=0
[SCHEDULER_HEARTBEAT] running=[] | gpu0:free=26.1GiB util=45% | remaining: gemma_3_12b_it=2842, mistral_7b_instruct_v03=874, qwen3_8b=0
[SCHEDULER_HEARTBEAT] running=[] | gpu0:free=26.1GiB util=45% | remaining: gemma_3_12b_it=2842, mistral_7b_instruct_v03=872, qwen3_8b=0
[SCHEDULER_HEARTBEAT] running=[] | gpu0:free=26.1GiB util=46% | remaining: gemma_3_12b_it=2842, mistral_7b_instruct_v03=870, qwen3_8b=0
[SCHEDULER_HEARTBEAT] running=[] | gpu0:free=26.2GiB util=48% | remaining: gemma_3_12b_it=2842, mistral_7b_instruct_v03=870, qwen3_8b=0
[SCHEDULER_HEARTBEAT] running=[] | gpu0:free=26.1GiB util=47% | remaining: gemma_3_12b_it=2842, mistral_7b_instruct_v03=867, qwen3_8b=0
[SCHEDULER_HEARTBEAT] running=[] | gpu0:free=26.0GiB util=47% | remaining: gemma_3_12b_it=2842, mistral_7b_instruct_v03=867, qwen3_8b=0
[SCHEDULER_HEARTBEAT] running=[] | gpu0:free=26.0GiB util=50% | remaining: gemma_3_12b_it=2842, mistral_7b_instruct_v03=865, qwen3_8b=0
[SCHEDULER_HEARTBEAT] running=[] | gpu0:free=26.2GiB util=73% | remaining: gemma_3_12b_it=2842, mistral_7b_instruct_v03=863, qwen3_8b=0
[SCHEDULER_HEARTBEAT] running=[] | gpu0:free=26.1GiB util=45% | remaining: gemma_3_12b_it=2842, mistral_7b_instruct_v03=861, qwen3_8b=0
[SCHEDULER_HEARTBEAT] running=[] | gpu0:free=26.0GiB util=47% | remaining: gemma_3_12b_it=2842, mistral_7b_instruct_v03=860, qwen3_8b=0
[SCHEDULER_HEARTBEAT] running=[] | gpu0:free=26.0GiB util=45% | remaining: gemma_3_12b_it=2842, mistral_7b_instruct_v03=859, qwen3_8b=0
[SCHEDULER_HEARTBEAT] running=[] | gpu0:free=26.1GiB util=48% | remaining: gemma_3_12b_it=2842, mistral_7b_instruct_v03=858, qwen3_8b=0
[SCHEDULER_HEARTBEAT] running=[] | gpu0:free=26.2GiB util=47% | remaining: gemma_3_12b_it=2842, mistral_7b_instruct_v03=856, qwen3_8b=0
[SCHEDULER_HEARTBEAT] running=[] | gpu0:free=26.0GiB util=46% | remaining: gemma_3_12b_it=2842, mistral_7b_instruct_v03=855, qwen3_8b=0
[SCHEDULER_HEARTBEAT] running=[] | gpu0:free=26.2GiB util=45% | remaining: gemma_3_12b_it=2842, mistral_7b_instruct_v03=854, qwen3_8b=0
[SCHEDULER_HEARTBEAT] running=[] | gpu0:free=26.0GiB util=47% | remaining: gemma_3_12b_it=2842, mistral_7b_instruct_v03=852, qwen3_8b=0
[SCHEDULER_HEARTBEAT] running=[] | gpu0:free=26.0GiB util=46% | remaining: gemma_3_12b_it=2842, mistral_7b_instruct_v03=851, qwen3_8b=0
[SCHEDULER_HEARTBEAT] running=[] | gpu0:free=26.1GiB util=47% | remaining: gemma_3_12b_it=2842, mistral_7b_instruct_v03=849, qwen3_8b=0
[SCHEDULER_HEARTBEAT] running=[] | gpu0:free=26.2GiB util=47% | remaining: gemma_3_12b_it=2842, mistral_7b_instruct_v03=847, qwen3_8b=0
[SCHEDULER_HEARTBEAT] running=[] | gpu0:free=26.0GiB util=47% | remaining: gemma_3_12b_it=2842, mistral_7b_instruct_v03=845, qwen3_8b=0
[SCHEDULER_HEARTBEAT] running=[] | gpu0:free=26.1GiB util=47% | remaining: gemma_3_12b_it=2842, mistral_7b_instruct_v03=844, qwen3_8b=0
[SCHEDULER_HEARTBEAT] running=[] | gpu0:free=26.2GiB util=45% | remaining: gemma_3_12b_it=2842, mistral_7b_instruct_v03=844, qwen3_8b=0
[SCHEDULER_HEARTBEAT] running=[] | gpu0:free=26.1GiB util=46% | remaining: gemma_3_12b_it=2842, mistral_7b_instruct_v03=844, qwen3_8b=0
[SCHEDULER_HEARTBEAT] running=[] | gpu0:free=26.2GiB util=45% | remaining: gemma_3_12b_it=2842, mistral_7b_instruct_v03=843, qwen3_8b=0
[SCHEDULER_HEARTBEAT] running=[] | gpu0:free=26.2GiB util=45% | remaining: gemma_3_12b_it=2842, mistral_7b_instruct_v03=843, qwen3_8b=0
[SCHEDULER_HEARTBEAT] running=[] | gpu0:free=26.1GiB util=49% | remaining: gemma_3_12b_it=2842, mistral_7b_instruct_v03=842, qwen3_8b=0
[SCHEDULER_HEARTBEAT] running=[] | gpu0:free=26.0GiB util=47% | remaining: gemma_3_12b_it=2842, mistral_7b_instruct_v03=840, qwen3_8b=0
[SCHEDULER_HEARTBEAT] running=[] | gpu0:free=26.0GiB util=45% | remaining: gemma_3_12b_it=2842, mistral_7b_instruct_v03=837, qwen3_8b=0
[SCHEDULER_HEARTBEAT] running=[] | gpu0:free=26.0GiB util=46% | remaining: gemma_3_12b_it=2842, mistral_7b_instruct_v03=836, qwen3_8b=0
[SCHEDULER_HEARTBEAT] running=[] | gpu0:free=26.0GiB util=46% | remaining: gemma_3_12b_it=2842, mistral_7b_instruct_v03=836, qwen3_8b=0
[SCHEDULER_HEARTBEAT] running=[] | gpu0:free=25.9GiB util=48% | remaining: gemma_3_12b_it=2842, mistral_7b_instruct_v03=836, qwen3_8b=0
[SCHEDULER_HEARTBEAT] running=[] | gpu0:free=26.0GiB util=47% | remaining: gemma_3_12b_it=2842, mistral_7b_instruct_v03=834, qwen3_8b=0
[SCHEDULER_HEARTBEAT] running=[] | gpu0:free=26.0GiB util=47% | remaining: gemma_3_12b_it=2842, mistral_7b_instruct_v03=833, qwen3_8b=0
[SCHEDULER_HEARTBEAT] running=[] | gpu0:free=26.0GiB util=47% | remaining: gemma_3_12b_it=2842, mistral_7b_instruct_v03=831, qwen3_8b=0
[SCHEDULER_HEARTBEAT] running=[] | gpu0:free=26.1GiB util=47% | remaining: gemma_3_12b_it=2842, mistral_7b_instruct_v03=831, qwen3_8b=0
[SCHEDULER_HEARTBEAT] running=[] | gpu0:free=26.0GiB util=46% | remaining: gemma_3_12b_it=2842, mistral_7b_instruct_v03=830, qwen3_8b=0
[SCHEDULER_HEARTBEAT] running=[] | gpu0:free=26.1GiB util=47% | remaining: gemma_3_12b_it=2842, mistral_7b_instruct_v03=828, qwen3_8b=0
[SCHEDULER_HEARTBEAT] running=[] | gpu0:free=26.1GiB util=47% | remaining: gemma_3_12b_it=2842, mistral_7b_instruct_v03=827, qwen3_8b=0
[SCHEDULER_HEARTBEAT] running=[] | gpu0:free=26.2GiB util=46% | remaining: gemma_3_12b_it=2842, mistral_7b_instruct_v03=825, qwen3_8b=0
[SCHEDULER_HEARTBEAT] running=[] | gpu0:free=26.1GiB util=45% | remaining: gemma_3_12b_it=2842, mistral_7b_instruct_v03=825, qwen3_8b=0
[SCHEDULER_HEARTBEAT] running=[] | gpu0:free=26.1GiB util=46% | remaining: gemma_3_12b_it=2842, mistral_7b_instruct_v03=824, qwen3_8b=0
[SCHEDULER_HEARTBEAT] running=[] | gpu0:free=26.1GiB util=45% | remaining: gemma_3_12b_it=2842, mistral_7b_instruct_v03=822, qwen3_8b=0
[SCHEDULER_HEARTBEAT] running=[] | gpu0:free=26.1GiB util=45% | remaining: gemma_3_12b_it=2842, mistral_7b_instruct_v03=821, qwen3_8b=0
[SCHEDULER_HEARTBEAT] running=[] | gpu0:free=26.0GiB util=45% | remaining: gemma_3_12b_it=2842, mistral_7b_instruct_v03=820, qwen3_8b=0
[SCHEDULER_HEARTBEAT] running=[] | gpu0:free=26.0GiB util=45% | remaining: gemma_3_12b_it=2842, mistral_7b_instruct_v03=818, qwen3_8b=0
[SCHEDULER_HEARTBEAT] running=[] | gpu0:free=26.2GiB util=45% | remaining: gemma_3_12b_it=2842, mistral_7b_instruct_v03=816, qwen3_8b=0
[SCHEDULER_HEARTBEAT] running=[] | gpu0:free=26.1GiB util=43% | remaining: gemma_3_12b_it=2842, mistral_7b_instruct_v03=815, qwen3_8b=0
[SCHEDULER_HEARTBEAT] running=[] | gpu0:free=26.2GiB util=45% | remaining: gemma_3_12b_it=2842, mistral_7b_instruct_v03=813, qwen3_8b=0
[SCHEDULER_HEARTBEAT] running=[] | gpu0:free=26.1GiB util=43% | remaining: gemma_3_12b_it=2842, mistral_7b_instruct_v03=811, qwen3_8b=0
[SCHEDULER_HEARTBEAT] running=[] | gpu0:free=26.0GiB util=45% | remaining: gemma_3_12b_it=2842, mistral_7b_instruct_v03=811, qwen3_8b=0
[SCHEDULER_HEARTBEAT] running=[] | gpu0:free=26.0GiB util=45% | remaining: gemma_3_12b_it=2842, mistral_7b_instruct_v03=808, qwen3_8b=0
[SCHEDULER_HEARTBEAT] running=[] | gpu0:free=26.0GiB util=44% | remaining: gemma_3_12b_it=2842, mistral_7b_instruct_v03=807, qwen3_8b=0
[SCHEDULER_HEARTBEAT] running=[] | gpu0:free=26.0GiB util=44% | remaining: gemma_3_12b_it=2842, mistral_7b_instruct_v03=807, qwen3_8b=0
[SCHEDULER_HEARTBEAT] running=[] | gpu0:free=26.0GiB util=43% | remaining: gemma_3_12b_it=2842, mistral_7b_instruct_v03=806, qwen3_8b=0
[SCHEDULER_HEARTBEAT] running=[] | gpu0:free=26.0GiB util=45% | remaining: gemma_3_12b_it=2842, mistral_7b_instruct_v03=804, qwen3_8b=0
[SCHEDULER_HEARTBEAT] running=[] | gpu0:free=26.0GiB util=45% | remaining: gemma_3_12b_it=2842, mistral_7b_instruct_v03=801, qwen3_8b=0
[SCHEDULER_HEARTBEAT] running=[] | gpu0:free=26.1GiB util=46% | remaining: gemma_3_12b_it=2842, mistral_7b_instruct_v03=800, qwen3_8b=0
[SCHEDULER_HEARTBEAT] running=[] | gpu0:free=26.0GiB util=59% | remaining: gemma_3_12b_it=2842, mistral_7b_instruct_v03=797, qwen3_8b=0
[SCHEDULER_HEARTBEAT] running=[] | gpu0:free=26.2GiB util=43% | remaining: gemma_3_12b_it=2842, mistral_7b_instruct_v03=796, qwen3_8b=0
[SCHEDULER_HEARTBEAT] running=[] | gpu0:free=26.1GiB util=44% | remaining: gemma_3_12b_it=2842, mistral_7b_instruct_v03=794, qwen3_8b=0
[SCHEDULER_HEARTBEAT] running=[] | gpu0:free=26.0GiB util=43% | remaining: gemma_3_12b_it=2842, mistral_7b_instruct_v03=793, qwen3_8b=0
[SCHEDULER_HEARTBEAT] running=[] | gpu0:free=26.1GiB util=45% | remaining: gemma_3_12b_it=2842, mistral_7b_instruct_v03=792, qwen3_8b=0
[SCHEDULER_HEARTBEAT] running=[] | gpu0:free=26.0GiB util=46% | remaining: gemma_3_12b_it=2842, mistral_7b_instruct_v03=791, qwen3_8b=0
[SCHEDULER_HEARTBEAT] running=[] | gpu0:free=26.0GiB util=46% | remaining: gemma_3_12b_it=2842, mistral_7b_instruct_v03=791, qwen3_8b=0
[SCHEDULER_HEARTBEAT] running=[] | gpu0:free=26.1GiB util=45% | remaining: gemma_3_12b_it=2842, mistral_7b_instruct_v03=789, qwen3_8b=0
[SCHEDULER_HEARTBEAT] running=[] | gpu0:free=26.1GiB util=48% | remaining: gemma_3_12b_it=2842, mistral_7b_instruct_v03=787, qwen3_8b=0
[SCHEDULER_HEARTBEAT] running=[] | gpu0:free=26.0GiB util=45% | remaining: gemma_3_12b_it=2842, mistral_7b_instruct_v03=786, qwen3_8b=0
[SCHEDULER_HEARTBEAT] running=[] | gpu0:free=26.2GiB util=45% | remaining: gemma_3_12b_it=2842, mistral_7b_instruct_v03=784, qwen3_8b=0
[SCHEDULER_HEARTBEAT] running=[] | gpu0:free=26.1GiB util=46% | remaining: gemma_3_12b_it=2842, mistral_7b_instruct_v03=783, qwen3_8b=0
[SCHEDULER_HEARTBEAT] running=[] | gpu0:free=26.1GiB util=46% | remaining: gemma_3_12b_it=2842, mistral_7b_instruct_v03=782, qwen3_8b=0
[SCHEDULER_HEARTBEAT] running=[] | gpu0:free=26.1GiB util=45% | remaining: gemma_3_12b_it=2842, mistral_7b_instruct_v03=782, qwen3_8b=0
[SCHEDULER_HEARTBEAT] running=[] | gpu0:free=26.1GiB util=47% | remaining: gemma_3_12b_it=2842, mistral_7b_instruct_v03=781, qwen3_8b=0
[SCHEDULER_HEARTBEAT] running=[] | gpu0:free=26.1GiB util=46% | remaining: gemma_3_12b_it=2842, mistral_7b_instruct_v03=780, qwen3_8b=0
[SCHEDULER_HEARTBEAT] running=[] | gpu0:free=26.0GiB util=45% | remaining: gemma_3_12b_it=2842, mistral_7b_instruct_v03=778, qwen3_8b=0
[SCHEDULER_HEARTBEAT] running=[] | gpu0:free=26.2GiB util=44% | remaining: gemma_3_12b_it=2842, mistral_7b_instruct_v03=776, qwen3_8b=0
[SCHEDULER_HEARTBEAT] running=[] | gpu0:free=26.0GiB util=46% | remaining: gemma_3_12b_it=2842, mistral_7b_instruct_v03=774, qwen3_8b=0
[SCHEDULER_HEARTBEAT] running=[] | gpu0:free=26.1GiB util=44% | remaining: gemma_3_12b_it=2842, mistral_7b_instruct_v03=774, qwen3_8b=0
[SCHEDULER_HEARTBEAT] running=[] | gpu0:free=26.1GiB util=45% | remaining: gemma_3_12b_it=2842, mistral_7b_instruct_v03=773, qwen3_8b=0
[SCHEDULER_HEARTBEAT] running=[] | gpu0:free=26.2GiB util=46% | remaining: gemma_3_12b_it=2842, mistral_7b_instruct_v03=772, qwen3_8b=0
[SCHEDULER_HEARTBEAT] running=[] | gpu0:free=26.2GiB util=46% | remaining: gemma_3_12b_it=2842, mistral_7b_instruct_v03=770, qwen3_8b=0
[SCHEDULER_HEARTBEAT] running=[] | gpu0:free=26.2GiB util=46% | remaining: gemma_3_12b_it=2842, mistral_7b_instruct_v03=769, qwen3_8b=0
[SCHEDULER_HEARTBEAT] running=[] | gpu0:free=26.1GiB util=45% | remaining: gemma_3_12b_it=2842, mistral_7b_instruct_v03=767, qwen3_8b=0
[SCHEDULER_HEARTBEAT] running=[] | gpu0:free=26.0GiB util=45% | remaining: gemma_3_12b_it=2842, mistral_7b_instruct_v03=766, qwen3_8b=0
[SCHEDULER_HEARTBEAT] running=[] | gpu0:free=26.0GiB util=47% | remaining: gemma_3_12b_it=2842, mistral_7b_instruct_v03=764, qwen3_8b=0
[SCHEDULER_HEARTBEAT] running=[] | gpu0:free=26.1GiB util=46% | remaining: gemma_3_12b_it=2842, mistral_7b_instruct_v03=762, qwen3_8b=0
[SCHEDULER_HEARTBEAT] running=[] | gpu0:free=26.2GiB util=45% | remaining: gemma_3_12b_it=2842, mistral_7b_instruct_v03=761, qwen3_8b=0
[SCHEDULER_HEARTBEAT] running=[] | gpu0:free=26.1GiB util=47% | remaining: gemma_3_12b_it=2842, mistral_7b_instruct_v03=760, qwen3_8b=0
[SCHEDULER_HEARTBEAT] running=[] | gpu0:free=26.1GiB util=45% | remaining: gemma_3_12b_it=2842, mistral_7b_instruct_v03=759, qwen3_8b=0
[SCHEDULER_HEARTBEAT] running=[] | gpu0:free=26.1GiB util=48% | remaining: gemma_3_12b_it=2842, mistral_7b_instruct_v03=757, qwen3_8b=0
[SCHEDULER_HEARTBEAT] running=[] | gpu0:free=26.0GiB util=46% | remaining: gemma_3_12b_it=2842, mistral_7b_instruct_v03=754, qwen3_8b=0
[SCHEDULER_HEARTBEAT] running=[] | gpu0:free=26.2GiB util=45% | remaining: gemma_3_12b_it=2842, mistral_7b_instruct_v03=754, qwen3_8b=0
[SCHEDULER_HEARTBEAT] running=[] | gpu0:free=26.1GiB util=48% | remaining: gemma_3_12b_it=2842, mistral_7b_instruct_v03=753, qwen3_8b=0
[SCHEDULER_HEARTBEAT] running=[] | gpu0:free=26.2GiB util=46% | remaining: gemma_3_12b_it=2842, mistral_7b_instruct_v03=750, qwen3_8b=0
[SCHEDULER_HEARTBEAT] running=[] | gpu0:free=26.2GiB util=47% | remaining: gemma_3_12b_it=2842, mistral_7b_instruct_v03=748, qwen3_8b=0
[SCHEDULER_HEARTBEAT] running=[] | gpu0:free=26.2GiB util=73% | remaining: gemma_3_12b_it=2842, mistral_7b_instruct_v03=745, qwen3_8b=0
[SCHEDULER_HEARTBEAT] running=[] | gpu0:free=26.1GiB util=46% | remaining: gemma_3_12b_it=2842, mistral_7b_instruct_v03=744, qwen3_8b=0
[SCHEDULER_HEARTBEAT] running=[] | gpu0:free=26.0GiB util=47% | remaining: gemma_3_12b_it=2842, mistral_7b_instruct_v03=742, qwen3_8b=0
[SCHEDULER_HEARTBEAT] running=[] | gpu0:free=26.1GiB util=46% | remaining: gemma_3_12b_it=2842, mistral_7b_instruct_v03=742, qwen3_8b=0
[SCHEDULER_HEARTBEAT] running=[] | gpu0:free=26.1GiB util=49% | remaining: gemma_3_12b_it=2842, mistral_7b_instruct_v03=739, qwen3_8b=0
[SCHEDULER_HEARTBEAT] running=[] | gpu0:free=26.2GiB util=46% | remaining: gemma_3_12b_it=2842, mistral_7b_instruct_v03=739, qwen3_8b=0
[SCHEDULER_HEARTBEAT] running=[] | gpu0:free=26.1GiB util=46% | remaining: gemma_3_12b_it=2842, mistral_7b_instruct_v03=737, qwen3_8b=0
[SCHEDULER_HEARTBEAT] running=[] | gpu0:free=26.1GiB util=49% | remaining: gemma_3_12b_it=2842, mistral_7b_instruct_v03=736, qwen3_8b=0
[SCHEDULER_HEARTBEAT] running=[] | gpu0:free=26.1GiB util=47% | remaining: gemma_3_12b_it=2842, mistral_7b_instruct_v03=735, qwen3_8b=0
[SCHEDULER_HEARTBEAT] running=[] | gpu0:free=26.2GiB util=46% | remaining: gemma_3_12b_it=2842, mistral_7b_instruct_v03=733, qwen3_8b=0
[SCHEDULER_HEARTBEAT] running=[] | gpu0:free=26.1GiB util=47% | remaining: gemma_3_12b_it=2842, mistral_7b_instruct_v03=730, qwen3_8b=0
[SCHEDULER_HEARTBEAT] running=[] | gpu0:free=26.0GiB util=47% | remaining: gemma_3_12b_it=2842, mistral_7b_instruct_v03=728, qwen3_8b=0
[SCHEDULER_HEARTBEAT] running=[] | gpu0:free=26.1GiB util=47% | remaining: gemma_3_12b_it=2842, mistral_7b_instruct_v03=726, qwen3_8b=0
[SCHEDULER_HEARTBEAT] running=[] | gpu0:free=26.1GiB util=48% | remaining: gemma_3_12b_it=2842, mistral_7b_instruct_v03=724, qwen3_8b=0
[SCHEDULER_HEARTBEAT] running=[] | gpu0:free=26.1GiB util=47% | remaining: gemma_3_12b_it=2842, mistral_7b_instruct_v03=721, qwen3_8b=0
[SCHEDULER_HEARTBEAT] running=[] | gpu0:free=26.0GiB util=47% | remaining: gemma_3_12b_it=2842, mistral_7b_instruct_v03=719, qwen3_8b=0
[SCHEDULER_HEARTBEAT] running=[] | gpu0:free=26.2GiB util=47% | remaining: gemma_3_12b_it=2842, mistral_7b_instruct_v03=718, qwen3_8b=0
[SCHEDULER_HEARTBEAT] running=[] | gpu0:free=26.1GiB util=45% | remaining: gemma_3_12b_it=2842, mistral_7b_instruct_v03=717, qwen3_8b=0
[SCHEDULER_HEARTBEAT] running=[] | gpu0:free=26.0GiB util=46% | remaining: gemma_3_12b_it=2842, mistral_7b_instruct_v03=715, qwen3_8b=0
[SCHEDULER_HEARTBEAT] running=[] | gpu0:free=26.1GiB util=47% | remaining: gemma_3_12b_it=2842, mistral_7b_instruct_v03=713, qwen3_8b=0
[SCHEDULER_HEARTBEAT] running=[] | gpu0:free=26.2GiB util=47% | remaining: gemma_3_12b_it=2842, mistral_7b_instruct_v03=711, qwen3_8b=0
[SCHEDULER_HEARTBEAT] running=[] | gpu0:free=26.1GiB util=46% | remaining: gemma_3_12b_it=2842, mistral_7b_instruct_v03=710, qwen3_8b=0
[SCHEDULER_HEARTBEAT] running=[] | gpu0:free=26.1GiB util=47% | remaining: gemma_3_12b_it=2842, mistral_7b_instruct_v03=709, qwen3_8b=0
[SCHEDULER_HEARTBEAT] running=[] | gpu0:free=26.0GiB util=46% | remaining: gemma_3_12b_it=2842, mistral_7b_instruct_v03=709, qwen3_8b=0
[SCHEDULER_HEARTBEAT] running=[] | gpu0:free=26.2GiB util=46% | remaining: gemma_3_12b_it=2842, mistral_7b_instruct_v03=708, qwen3_8b=0
[SCHEDULER_HEARTBEAT] running=[] | gpu0:free=26.2GiB util=45% | remaining: gemma_3_12b_it=2842, mistral_7b_instruct_v03=708, qwen3_8b=0
[SCHEDULER_HEARTBEAT] running=[] | gpu0:free=26.0GiB util=47% | remaining: gemma_3_12b_it=2842, mistral_7b_instruct_v03=707, qwen3_8b=0
[SCHEDULER_HEARTBEAT] running=[] | gpu0:free=26.1GiB util=50% | remaining: gemma_3_12b_it=2842, mistral_7b_instruct_v03=705, qwen3_8b=0
[SCHEDULER_HEARTBEAT] running=[] | gpu0:free=26.2GiB util=46% | remaining: gemma_3_12b_it=2842, mistral_7b_instruct_v03=703, qwen3_8b=0
[SCHEDULER_HEARTBEAT] running=[] | gpu0:free=26.0GiB util=46% | remaining: gemma_3_12b_it=2842, mistral_7b_instruct_v03=703, qwen3_8b=0
[SCHEDULER_HEARTBEAT] running=[] | gpu0:free=25.9GiB util=46% | remaining: gemma_3_12b_it=2842, mistral_7b_instruct_v03=703, qwen3_8b=0
[SCHEDULER_HEARTBEAT] running=[] | gpu0:free=26.1GiB util=47% | remaining: gemma_3_12b_it=2842, mistral_7b_instruct_v03=702, qwen3_8b=0
[SCHEDULER_HEARTBEAT] running=[] | gpu0:free=26.1GiB util=46% | remaining: gemma_3_12b_it=2842, mistral_7b_instruct_v03=701, qwen3_8b=0
[SCHEDULER_HEARTBEAT] running=[] | gpu0:free=26.0GiB util=47% | remaining: gemma_3_12b_it=2842, mistral_7b_instruct_v03=700, qwen3_8b=0
[SCHEDULER_HEARTBEAT] running=[] | gpu0:free=26.0GiB util=48% | remaining: gemma_3_12b_it=2842, mistral_7b_instruct_v03=699, qwen3_8b=0
[SCHEDULER_HEARTBEAT] running=[] | gpu0:free=26.1GiB util=48% | remaining: gemma_3_12b_it=2842, mistral_7b_instruct_v03=699, qwen3_8b=0
[SCHEDULER_HEARTBEAT] running=[] | gpu0:free=26.1GiB util=45% | remaining: gemma_3_12b_it=2842, mistral_7b_instruct_v03=699, qwen3_8b=0
[SCHEDULER_HEARTBEAT] running=[] | gpu0:free=26.1GiB util=46% | remaining: gemma_3_12b_it=2842, mistral_7b_instruct_v03=697, qwen3_8b=0
[SCHEDULER_HEARTBEAT] running=[] | gpu0:free=26.2GiB util=48% | remaining: gemma_3_12b_it=2842, mistral_7b_instruct_v03=695, qwen3_8b=0
[SCHEDULER_HEARTBEAT] running=[] | gpu0:free=26.1GiB util=49% | remaining: gemma_3_12b_it=2842, mistral_7b_instruct_v03=695, qwen3_8b=0
[SCHEDULER_HEARTBEAT] running=[] | gpu0:free=26.1GiB util=44% | remaining: gemma_3_12b_it=2842, mistral_7b_instruct_v03=694, qwen3_8b=0
[SCHEDULER_HEARTBEAT] running=[] | gpu0:free=26.0GiB util=45% | remaining: gemma_3_12b_it=2842, mistral_7b_instruct_v03=693, qwen3_8b=0
[SCHEDULER_HEARTBEAT] running=[] | gpu0:free=26.1GiB util=47% | remaining: gemma_3_12b_it=2842, mistral_7b_instruct_v03=692, qwen3_8b=0
[SCHEDULER_HEARTBEAT] running=[] | gpu0:free=26.1GiB util=47% | remaining: gemma_3_12b_it=2842, mistral_7b_instruct_v03=690, qwen3_8b=0
[SCHEDULER_HEARTBEAT] running=[] | gpu0:free=26.1GiB util=47% | remaining: gemma_3_12b_it=2842, mistral_7b_instruct_v03=690, qwen3_8b=0
[SCHEDULER_HEARTBEAT] running=[] | gpu0:free=26.0GiB util=48% | remaining: gemma_3_12b_it=2842, mistral_7b_instruct_v03=689, qwen3_8b=0
[SCHEDULER_HEARTBEAT] running=[] | gpu0:free=25.9GiB util=46% | remaining: gemma_3_12b_it=2842, mistral_7b_instruct_v03=689, qwen3_8b=0
[SCHEDULER_HEARTBEAT] running=[] | gpu0:free=26.1GiB util=47% | remaining: gemma_3_12b_it=2842, mistral_7b_instruct_v03=688, qwen3_8b=0
[SCHEDULER_HEARTBEAT] running=[] | gpu0:free=26.1GiB util=45% | remaining: gemma_3_12b_it=2842, mistral_7b_instruct_v03=688, qwen3_8b=0
[SCHEDULER_HEARTBEAT] running=[] | gpu0:free=26.0GiB util=46% | remaining: gemma_3_12b_it=2842, mistral_7b_instruct_v03=687, qwen3_8b=0
[SCHEDULER_HEARTBEAT] running=[] | gpu0:free=26.1GiB util=48% | remaining: gemma_3_12b_it=2842, mistral_7b_instruct_v03=686, qwen3_8b=0
[SCHEDULER_HEARTBEAT] running=[] | gpu0:free=26.2GiB util=46% | remaining: gemma_3_12b_it=2842, mistral_7b_instruct_v03=685, qwen3_8b=0
[SCHEDULER_HEARTBEAT] running=[] | gpu0:free=26.1GiB util=46% | remaining: gemma_3_12b_it=2842, mistral_7b_instruct_v03=684, qwen3_8b=0
[SCHEDULER_HEARTBEAT] running=[] | gpu0:free=26.1GiB util=48% | remaining: gemma_3_12b_it=2842, mistral_7b_instruct_v03=683, qwen3_8b=0
[SCHEDULER_HEARTBEAT] running=[] | gpu0:free=26.1GiB util=49% | remaining: gemma_3_12b_it=2842, mistral_7b_instruct_v03=682, qwen3_8b=0
[SCHEDULER_HEARTBEAT] running=[] | gpu0:free=26.0GiB util=45% | remaining: gemma_3_12b_it=2842, mistral_7b_instruct_v03=681, qwen3_8b=0
[SCHEDULER_HEARTBEAT] running=[] | gpu0:free=26.1GiB util=45% | remaining: gemma_3_12b_it=2842, mistral_7b_instruct_v03=680, qwen3_8b=0
[SCHEDULER_HEARTBEAT] running=[] | gpu0:free=26.1GiB util=44% | remaining: gemma_3_12b_it=2842, mistral_7b_instruct_v03=679, qwen3_8b=0
[SCHEDULER_HEARTBEAT] running=[] | gpu0:free=26.0GiB util=44% | remaining: gemma_3_12b_it=2842, mistral_7b_instruct_v03=678, qwen3_8b=0
[SCHEDULER_HEARTBEAT] running=[] | gpu0:free=26.1GiB util=44% | remaining: gemma_3_12b_it=2842, mistral_7b_instruct_v03=678, qwen3_8b=0
[SCHEDULER_HEARTBEAT] running=[] | gpu0:free=26.2GiB util=48% | remaining: gemma_3_12b_it=2842, mistral_7b_instruct_v03=677, qwen3_8b=0
[SCHEDULER_HEARTBEAT] running=[] | gpu0:free=26.1GiB util=47% | remaining: gemma_3_12b_it=2842, mistral_7b_instruct_v03=675, qwen3_8b=0
[SCHEDULER_HEARTBEAT] running=[] | gpu0:free=26.1GiB util=46% | remaining: gemma_3_12b_it=2842, mistral_7b_instruct_v03=674, qwen3_8b=0
[SCHEDULER_HEARTBEAT] running=[] | gpu0:free=26.1GiB util=45% | remaining: gemma_3_12b_it=2842, mistral_7b_instruct_v03=673, qwen3_8b=0
[SCHEDULER_HEARTBEAT] running=[] | gpu0:free=26.0GiB util=46% | remaining: gemma_3_12b_it=2842, mistral_7b_instruct_v03=672, qwen3_8b=0
[SCHEDULER_HEARTBEAT] running=[] | gpu0:free=26.1GiB util=45% | remaining: gemma_3_12b_it=2842, mistral_7b_instruct_v03=672, qwen3_8b=0
[SCHEDULER_HEARTBEAT] running=[] | gpu0:free=26.1GiB util=46% | remaining: gemma_3_12b_it=2842, mistral_7b_instruct_v03=671, qwen3_8b=0
[SCHEDULER_HEARTBEAT] running=[] | gpu0:free=26.1GiB util=45% | remaining: gemma_3_12b_it=2842, mistral_7b_instruct_v03=670, qwen3_8b=0
[SCHEDULER_HEARTBEAT] running=[] | gpu0:free=25.9GiB util=49% | remaining: gemma_3_12b_it=2842, mistral_7b_instruct_v03=670, qwen3_8b=0
[SCHEDULER_HEARTBEAT] running=[] | gpu0:free=26.0GiB util=45% | remaining: gemma_3_12b_it=2842, mistral_7b_instruct_v03=669, qwen3_8b=0
[SCHEDULER_HEARTBEAT] running=[] | gpu0:free=26.1GiB util=45% | remaining: gemma_3_12b_it=2842, mistral_7b_instruct_v03=669, qwen3_8b=0
[SCHEDULER_HEARTBEAT] running=[] | gpu0:free=26.1GiB util=46% | remaining: gemma_3_12b_it=2842, mistral_7b_instruct_v03=668, qwen3_8b=0
[SCHEDULER_HEARTBEAT] running=[] | gpu0:free=26.0GiB util=46% | remaining: gemma_3_12b_it=2842, mistral_7b_instruct_v03=667, qwen3_8b=0
[SCHEDULER_HEARTBEAT] running=[] | gpu0:free=26.1GiB util=48% | remaining: gemma_3_12b_it=2842, mistral_7b_instruct_v03=667, qwen3_8b=0
[SCHEDULER_HEARTBEAT] running=[] | gpu0:free=26.2GiB util=45% | remaining: gemma_3_12b_it=2842, mistral_7b_instruct_v03=666, qwen3_8b=0
[SCHEDULER_HEARTBEAT] running=[] | gpu0:free=26.1GiB util=45% | remaining: gemma_3_12b_it=2842, mistral_7b_instruct_v03=666, qwen3_8b=0
[SCHEDULER_HEARTBEAT] running=[] | gpu0:free=26.1GiB util=44% | remaining: gemma_3_12b_it=2842, mistral_7b_instruct_v03=665, qwen3_8b=0
[SCHEDULER_HEARTBEAT] running=[] | gpu0:free=25.9GiB util=45% | remaining: gemma_3_12b_it=2842, mistral_7b_instruct_v03=665, qwen3_8b=0
[SCHEDULER_HEARTBEAT] running=[] | gpu0:free=26.2GiB util=48% | remaining: gemma_3_12b_it=2842, mistral_7b_instruct_v03=664, qwen3_8b=0
[SCHEDULER_HEARTBEAT] running=[] | gpu0:free=25.9GiB util=46% | remaining: gemma_3_12b_it=2842, mistral_7b_instruct_v03=664, qwen3_8b=0
[SCHEDULER_HEARTBEAT] running=[] | gpu0:free=25.9GiB util=46% | remaining: gemma_3_12b_it=2842, mistral_7b_instruct_v03=663, qwen3_8b=0
[SCHEDULER_HEARTBEAT] running=[] | gpu0:free=26.2GiB util=47% | remaining: gemma_3_12b_it=2842, mistral_7b_instruct_v03=663, qwen3_8b=0
[SCHEDULER_HEARTBEAT] running=[] | gpu0:free=26.0GiB util=46% | remaining: gemma_3_12b_it=2842, mistral_7b_instruct_v03=662, qwen3_8b=0
[SCHEDULER_HEARTBEAT] running=[] | gpu0:free=26.0GiB util=47% | remaining: gemma_3_12b_it=2842, mistral_7b_instruct_v03=661, qwen3_8b=0
[SCHEDULER_HEARTBEAT] running=[] | gpu0:free=26.1GiB util=46% | remaining: gemma_3_12b_it=2842, mistral_7b_instruct_v03=661, qwen3_8b=0
[SCHEDULER_HEARTBEAT] running=[] | gpu0:free=26.0GiB util=44% | remaining: gemma_3_12b_it=2842, mistral_7b_instruct_v03=660, qwen3_8b=0
[SCHEDULER_HEARTBEAT] running=[] | gpu0:free=25.9GiB util=47% | remaining: gemma_3_12b_it=2842, mistral_7b_instruct_v03=660, qwen3_8b=0
[SCHEDULER_HEARTBEAT] running=[] | gpu0:free=25.9GiB util=44% | remaining: gemma_3_12b_it=2842, mistral_7b_instruct_v03=660, qwen3_8b=0
[SCHEDULER_HEARTBEAT] running=[] | gpu0:free=25.9GiB util=49% | remaining: gemma_3_12b_it=2842, mistral_7b_instruct_v03=659, qwen3_8b=0
[SCHEDULER_HEARTBEAT] running=[] | gpu0:free=25.9GiB util=47% | remaining: gemma_3_12b_it=2842, mistral_7b_instruct_v03=659, qwen3_8b=0
[SCHEDULER_HEARTBEAT] running=[] | gpu0:free=26.0GiB util=45% | remaining: gemma_3_12b_it=2842, mistral_7b_instruct_v03=658, qwen3_8b=0
[SCHEDULER_HEARTBEAT] running=[] | gpu0:free=26.0GiB util=46% | remaining: gemma_3_12b_it=2842, mistral_7b_instruct_v03=657, qwen3_8b=0
[SCHEDULER_HEARTBEAT] running=[] | gpu0:free=26.0GiB util=48% | remaining: gemma_3_12b_it=2842, mistral_7b_instruct_v03=656, qwen3_8b=0
[SCHEDULER_HEARTBEAT] running=[] | gpu0:free=25.9GiB util=46% | remaining: gemma_3_12b_it=2842, mistral_7b_instruct_v03=656, qwen3_8b=0
[SCHEDULER_HEARTBEAT] running=[] | gpu0:free=26.0GiB util=48% | remaining: gemma_3_12b_it=2842, mistral_7b_instruct_v03=656, qwen3_8b=0
[SCHEDULER_HEARTBEAT] running=[] | gpu0:free=26.1GiB util=44% | remaining: gemma_3_12b_it=2842, mistral_7b_instruct_v03=655, qwen3_8b=0
[SCHEDULER_HEARTBEAT] running=[] | gpu0:free=26.2GiB util=46% | remaining: gemma_3_12b_it=2842, mistral_7b_instruct_v03=654, qwen3_8b=0
[SCHEDULER_HEARTBEAT] running=[] | gpu0:free=26.1GiB util=44% | remaining: gemma_3_12b_it=2842, mistral_7b_instruct_v03=654, qwen3_8b=0
[SCHEDULER_HEARTBEAT] running=[] | gpu0:free=26.1GiB util=44% | remaining: gemma_3_12b_it=2842, mistral_7b_instruct_v03=653, qwen3_8b=0
[SCHEDULER_HEARTBEAT] running=[] | gpu0:free=26.1GiB util=47% | remaining: gemma_3_12b_it=2842, mistral_7b_instruct_v03=653, qwen3_8b=0
[SCHEDULER_HEARTBEAT] running=[] | gpu0:free=26.0GiB util=47% | remaining: gemma_3_12b_it=2842, mistral_7b_instruct_v03=653, qwen3_8b=0
[SCHEDULER_HEARTBEAT] running=[] | gpu0:free=25.9GiB util=45% | remaining: gemma_3_12b_it=2842, mistral_7b_instruct_v03=652, qwen3_8b=0
[SCHEDULER_HEARTBEAT] running=[] | gpu0:free=26.0GiB util=47% | remaining: gemma_3_12b_it=2842, mistral_7b_instruct_v03=652, qwen3_8b=0
[SCHEDULER_HEARTBEAT] running=[] | gpu0:free=26.1GiB util=46% | remaining: gemma_3_12b_it=2842, mistral_7b_instruct_v03=651, qwen3_8b=0
[SCHEDULER_HEARTBEAT] running=[] | gpu0:free=26.1GiB util=45% | remaining: gemma_3_12b_it=2842, mistral_7b_instruct_v03=650, qwen3_8b=0
[SCHEDULER_HEARTBEAT] running=[] | gpu0:free=25.9GiB util=44% | remaining: gemma_3_12b_it=2842, mistral_7b_instruct_v03=650, qwen3_8b=0
[SCHEDULER_HEARTBEAT] running=[] | gpu0:free=25.9GiB util=45% | remaining: gemma_3_12b_it=2842, mistral_7b_instruct_v03=650, qwen3_8b=0
[SCHEDULER_HEARTBEAT] running=[] | gpu0:free=26.1GiB util=45% | remaining: gemma_3_12b_it=2842, mistral_7b_instruct_v03=649, qwen3_8b=0
[SCHEDULER_HEARTBEAT] running=[] | gpu0:free=26.1GiB util=46% | remaining: gemma_3_12b_it=2842, mistral_7b_instruct_v03=649, qwen3_8b=0
[SCHEDULER_HEARTBEAT] running=[] | gpu0:free=26.1GiB util=45% | remaining: gemma_3_12b_it=2842, mistral_7b_instruct_v03=649, qwen3_8b=0
[SCHEDULER_HEARTBEAT] running=[] | gpu0:free=26.2GiB util=47% | remaining: gemma_3_12b_it=2842, mistral_7b_instruct_v03=648, qwen3_8b=0
[SCHEDULER_HEARTBEAT] running=[] | gpu0:free=25.9GiB util=44% | remaining: gemma_3_12b_it=2842, mistral_7b_instruct_v03=648, qwen3_8b=0
[SCHEDULER_HEARTBEAT] running=[] | gpu0:free=26.0GiB util=48% | remaining: gemma_3_12b_it=2842, mistral_7b_instruct_v03=648, qwen3_8b=0
[SCHEDULER_HEARTBEAT] running=[] | gpu0:free=26.2GiB util=45% | remaining: gemma_3_12b_it=2842, mistral_7b_instruct_v03=647, qwen3_8b=0
[SCHEDULER_HEARTBEAT] running=[] | gpu0:free=25.9GiB util=46% | remaining: gemma_3_12b_it=2842, mistral_7b_instruct_v03=647, qwen3_8b=0
[SCHEDULER_HEARTBEAT] running=[] | gpu0:free=26.0GiB util=46% | remaining: gemma_3_12b_it=2842, mistral_7b_instruct_v03=647, qwen3_8b=0
[SCHEDULER_HEARTBEAT] running=[] | gpu0:free=26.1GiB util=47% | remaining: gemma_3_12b_it=2842, mistral_7b_instruct_v03=646, qwen3_8b=0
[SCHEDULER_HEARTBEAT] running=[] | gpu0:free=26.1GiB util=46% | remaining: gemma_3_12b_it=2842, mistral_7b_instruct_v03=645, qwen3_8b=0
[SCHEDULER_HEARTBEAT] running=[] | gpu0:free=26.1GiB util=45% | remaining: gemma_3_12b_it=2842, mistral_7b_instruct_v03=645, qwen3_8b=0
[SCHEDULER_HEARTBEAT] running=[] | gpu0:free=26.0GiB util=44% | remaining: gemma_3_12b_it=2842, mistral_7b_instruct_v03=645, qwen3_8b=0
[SCHEDULER_HEARTBEAT] running=[] | gpu0:free=26.1GiB util=45% | remaining: gemma_3_12b_it=2842, mistral_7b_instruct_v03=644, qwen3_8b=0
[SCHEDULER_HEARTBEAT] running=[] | gpu0:free=26.0GiB util=44% | remaining: gemma_3_12b_it=2842, mistral_7b_instruct_v03=644, qwen3_8b=0
[SCHEDULER_HEARTBEAT] running=[] | gpu0:free=26.1GiB util=45% | remaining: gemma_3_12b_it=2842, mistral_7b_instruct_v03=643, qwen3_8b=0
[SCHEDULER_HEARTBEAT] running=[] | gpu0:free=26.1GiB util=45% | remaining: gemma_3_12b_it=2842, mistral_7b_instruct_v03=643, qwen3_8b=0
[SCHEDULER_HEARTBEAT] running=[] | gpu0:free=26.1GiB util=45% | remaining: gemma_3_12b_it=2842, mistral_7b_instruct_v03=642, qwen3_8b=0
[SCHEDULER_HEARTBEAT] running=[] | gpu0:free=26.0GiB util=47% | remaining: gemma_3_12b_it=2842, mistral_7b_instruct_v03=641, qwen3_8b=0
[SCHEDULER_HEARTBEAT] running=[] | gpu0:free=25.9GiB util=46% | remaining: gemma_3_12b_it=2842, mistral_7b_instruct_v03=641, qwen3_8b=0
[SCHEDULER_HEARTBEAT] running=[] | gpu0:free=26.1GiB util=46% | remaining: gemma_3_12b_it=2842, mistral_7b_instruct_v03=640, qwen3_8b=0
[SCHEDULER_HEARTBEAT] running=[] | gpu0:free=25.9GiB util=44% | remaining: gemma_3_12b_it=2842, mistral_7b_instruct_v03=640, qwen3_8b=0
[SCHEDULER_HEARTBEAT] running=[] | gpu0:free=26.0GiB util=45% | remaining: gemma_3_12b_it=2842, mistral_7b_instruct_v03=639, qwen3_8b=0
[SCHEDULER_HEARTBEAT] running=[] | gpu0:free=26.0GiB util=45% | remaining: gemma_3_12b_it=2842, mistral_7b_instruct_v03=639, qwen3_8b=0
[SCHEDULER_HEARTBEAT] running=[] | gpu0:free=26.0GiB util=44% | remaining: gemma_3_12b_it=2842, mistral_7b_instruct_v03=638, qwen3_8b=0
[SCHEDULER_HEARTBEAT] running=[] | gpu0:free=26.1GiB util=44% | remaining: gemma_3_12b_it=2842, mistral_7b_instruct_v03=638, qwen3_8b=0
[SCHEDULER_HEARTBEAT] running=[] | gpu0:free=26.2GiB util=45% | remaining: gemma_3_12b_it=2842, mistral_7b_instruct_v03=637, qwen3_8b=0
[SCHEDULER_HEARTBEAT] running=[] | gpu0:free=26.1GiB util=47% | remaining: gemma_3_12b_it=2842, mistral_7b_instruct_v03=637, qwen3_8b=0
[SCHEDULER_HEARTBEAT] running=[] | gpu0:free=25.9GiB util=46% | remaining: gemma_3_12b_it=2842, mistral_7b_instruct_v03=637, qwen3_8b=0
[SCHEDULER_HEARTBEAT] running=[] | gpu0:free=26.2GiB util=46% | remaining: gemma_3_12b_it=2842, mistral_7b_instruct_v03=636, qwen3_8b=0
[SCHEDULER_HEARTBEAT] running=[] | gpu0:free=26.0GiB util=46% | remaining: gemma_3_12b_it=2842, mistral_7b_instruct_v03=635, qwen3_8b=0
[SCHEDULER_HEARTBEAT] running=[] | gpu0:free=26.1GiB util=47% | remaining: gemma_3_12b_it=2842, mistral_7b_instruct_v03=634, qwen3_8b=0
[SCHEDULER_HEARTBEAT] running=[] | gpu0:free=26.1GiB util=46% | remaining: gemma_3_12b_it=2842, mistral_7b_instruct_v03=634, qwen3_8b=0
[SCHEDULER_HEARTBEAT] running=[] | gpu0:free=26.0GiB util=46% | remaining: gemma_3_12b_it=2842, mistral_7b_instruct_v03=634, qwen3_8b=0
[SCHEDULER_HEARTBEAT] running=[] | gpu0:free=26.1GiB util=47% | remaining: gemma_3_12b_it=2842, mistral_7b_instruct_v03=632, qwen3_8b=0
[SCHEDULER_HEARTBEAT] running=[] | gpu0:free=26.1GiB util=45% | remaining: gemma_3_12b_it=2842, mistral_7b_instruct_v03=632, qwen3_8b=0
[SCHEDULER_HEARTBEAT] running=[] | gpu0:free=26.1GiB util=45% | remaining: gemma_3_12b_it=2842, mistral_7b_instruct_v03=631, qwen3_8b=0
[SCHEDULER_HEARTBEAT] running=[] | gpu0:free=25.9GiB util=45% | remaining: gemma_3_12b_it=2842, mistral_7b_instruct_v03=631, qwen3_8b=0
[SCHEDULER_HEARTBEAT] running=[] | gpu0:free=26.0GiB util=46% | remaining: gemma_3_12b_it=2842, mistral_7b_instruct_v03=631, qwen3_8b=0
[SCHEDULER_HEARTBEAT] running=[] | gpu0:free=26.0GiB util=46% | remaining: gemma_3_12b_it=2842, mistral_7b_instruct_v03=630, qwen3_8b=0
[SCHEDULER_HEARTBEAT] running=[] | gpu0:free=26.1GiB util=44% | remaining: gemma_3_12b_it=2842, mistral_7b_instruct_v03=630, qwen3_8b=0
[SCHEDULER_HEARTBEAT] running=[] | gpu0:free=26.2GiB util=45% | remaining: gemma_3_12b_it=2842, mistral_7b_instruct_v03=629, qwen3_8b=0
[SCHEDULER_HEARTBEAT] running=[] | gpu0:free=26.0GiB util=45% | remaining: gemma_3_12b_it=2842, mistral_7b_instruct_v03=629, qwen3_8b=0
[SCHEDULER_HEARTBEAT] running=[] | gpu0:free=26.1GiB util=44% | remaining: gemma_3_12b_it=2842, mistral_7b_instruct_v03=629, qwen3_8b=0
[SCHEDULER_HEARTBEAT] running=[] | gpu0:free=26.0GiB util=44% | remaining: gemma_3_12b_it=2842, mistral_7b_instruct_v03=628, qwen3_8b=0
[SCHEDULER_HEARTBEAT] running=[] | gpu0:free=26.1GiB util=46% | remaining: gemma_3_12b_it=2842, mistral_7b_instruct_v03=628, qwen3_8b=0
[SCHEDULER_HEARTBEAT] running=[] | gpu0:free=26.2GiB util=44% | remaining: gemma_3_12b_it=2842, mistral_7b_instruct_v03=627, qwen3_8b=0
[SCHEDULER_HEARTBEAT] running=[] | gpu0:free=25.9GiB util=45% | remaining: gemma_3_12b_it=2842, mistral_7b_instruct_v03=627, qwen3_8b=0
[SCHEDULER_HEARTBEAT] running=[] | gpu0:free=26.1GiB util=45% | remaining: gemma_3_12b_it=2842, mistral_7b_instruct_v03=627, qwen3_8b=0
[SCHEDULER_HEARTBEAT] running=[] | gpu0:free=26.0GiB util=46% | remaining: gemma_3_12b_it=2842, mistral_7b_instruct_v03=626, qwen3_8b=0
[SCHEDULER_HEARTBEAT] running=[] | gpu0:free=26.1GiB util=47% | remaining: gemma_3_12b_it=2842, mistral_7b_instruct_v03=626, qwen3_8b=0
[SCHEDULER_HEARTBEAT] running=[] | gpu0:free=25.9GiB util=45% | remaining: gemma_3_12b_it=2842, mistral_7b_instruct_v03=626, qwen3_8b=0
[SCHEDULER_HEARTBEAT] running=[] | gpu0:free=26.1GiB util=44% | remaining: gemma_3_12b_it=2842, mistral_7b_instruct_v03=625, qwen3_8b=0
[SCHEDULER_HEARTBEAT] running=[] | gpu0:free=26.0GiB util=46% | remaining: gemma_3_12b_it=2842, mistral_7b_instruct_v03=623, qwen3_8b=0
[SCHEDULER_HEARTBEAT] running=[] | gpu0:free=26.1GiB util=44% | remaining: gemma_3_12b_it=2842, mistral_7b_instruct_v03=623, qwen3_8b=0
[SCHEDULER_HEARTBEAT] running=[] | gpu0:free=26.1GiB util=50% | remaining: gemma_3_12b_it=2842, mistral_7b_instruct_v03=622, qwen3_8b=0
[SCHEDULER_HEARTBEAT] running=[] | gpu0:free=26.1GiB util=50% | remaining: gemma_3_12b_it=2842, mistral_7b_instruct_v03=622, qwen3_8b=0
[SCHEDULER_HEARTBEAT] running=[] | gpu0:free=26.1GiB util=48% | remaining: gemma_3_12b_it=2842, mistral_7b_instruct_v03=621, qwen3_8b=0
[SCHEDULER_HEARTBEAT] running=[] | gpu0:free=25.9GiB util=47% | remaining: gemma_3_12b_it=2842, mistral_7b_instruct_v03=621, qwen3_8b=0
[SCHEDULER_HEARTBEAT] running=[] | gpu0:free=26.0GiB util=47% | remaining: gemma_3_12b_it=2842, mistral_7b_instruct_v03=620, qwen3_8b=0
[SCHEDULER_HEARTBEAT] running=[] | gpu0:free=26.1GiB util=47% | remaining: gemma_3_12b_it=2842, mistral_7b_instruct_v03=620, qwen3_8b=0
[SCHEDULER_HEARTBEAT] running=[] | gpu0:free=26.0GiB util=48% | remaining: gemma_3_12b_it=2842, mistral_7b_instruct_v03=620, qwen3_8b=0
[SCHEDULER_HEARTBEAT] running=[] | gpu0:free=26.1GiB util=47% | remaining: gemma_3_12b_it=2842, mistral_7b_instruct_v03=618, qwen3_8b=0
[SCHEDULER_HEARTBEAT] running=[] | gpu0:free=25.9GiB util=51% | remaining: gemma_3_12b_it=2842, mistral_7b_instruct_v03=618, qwen3_8b=0
[SCHEDULER_HEARTBEAT] running=[] | gpu0:free=26.1GiB util=50% | remaining: gemma_3_12b_it=2842, mistral_7b_instruct_v03=617, qwen3_8b=0
[SCHEDULER_HEARTBEAT] running=[] | gpu0:free=26.1GiB util=47% | remaining: gemma_3_12b_it=2842, mistral_7b_instruct_v03=616, qwen3_8b=0
[SCHEDULER_HEARTBEAT] running=[] | gpu0:free=26.1GiB util=48% | remaining: gemma_3_12b_it=2842, mistral_7b_instruct_v03=615, qwen3_8b=0
[SCHEDULER_HEARTBEAT] running=[] | gpu0:free=25.9GiB util=51% | remaining: gemma_3_12b_it=2842, mistral_7b_instruct_v03=615, qwen3_8b=0
[SCHEDULER_HEARTBEAT] running=[] | gpu0:free=26.1GiB util=50% | remaining: gemma_3_12b_it=2842, mistral_7b_instruct_v03=614, qwen3_8b=0
[SCHEDULER_HEARTBEAT] running=[] | gpu0:free=26.1GiB util=50% | remaining: gemma_3_12b_it=2842, mistral_7b_instruct_v03=613, qwen3_8b=0
[SCHEDULER_HEARTBEAT] running=[] | gpu0:free=26.0GiB util=46% | remaining: gemma_3_12b_it=2842, mistral_7b_instruct_v03=613, qwen3_8b=0
[SCHEDULER_HEARTBEAT] running=[] | gpu0:free=26.1GiB util=49% | remaining: gemma_3_12b_it=2842, mistral_7b_instruct_v03=612, qwen3_8b=0
[SCHEDULER_HEARTBEAT] running=[] | gpu0:free=26.1GiB util=49% | remaining: gemma_3_12b_it=2842, mistral_7b_instruct_v03=611, qwen3_8b=0
[SCHEDULER_HEARTBEAT] running=[] | gpu0:free=26.0GiB util=48% | remaining: gemma_3_12b_it=2842, mistral_7b_instruct_v03=611, qwen3_8b=0
[SCHEDULER_HEARTBEAT] running=[] | gpu0:free=25.9GiB util=48% | remaining: gemma_3_12b_it=2842, mistral_7b_instruct_v03=610, qwen3_8b=0
[SCHEDULER_HEARTBEAT] running=[] | gpu0:free=26.0GiB util=47% | remaining: gemma_3_12b_it=2842, mistral_7b_instruct_v03=610, qwen3_8b=0
[SCHEDULER_HEARTBEAT] running=[] | gpu0:free=26.2GiB util=48% | remaining: gemma_3_12b_it=2842, mistral_7b_instruct_v03=609, qwen3_8b=0
[SCHEDULER_HEARTBEAT] running=[] | gpu0:free=25.9GiB util=48% | remaining: gemma_3_12b_it=2842, mistral_7b_instruct_v03=609, qwen3_8b=0
[SCHEDULER_HEARTBEAT] running=[] | gpu0:free=26.1GiB util=45% | remaining: gemma_3_12b_it=2842, mistral_7b_instruct_v03=608, qwen3_8b=0
[SCHEDULER_HEARTBEAT] running=[] | gpu0:free=25.9GiB util=45% | remaining: gemma_3_12b_it=2842, mistral_7b_instruct_v03=608, qwen3_8b=0
[SCHEDULER_HEARTBEAT] running=[] | gpu0:free=25.9GiB util=46% | remaining: gemma_3_12b_it=2842, mistral_7b_instruct_v03=608, qwen3_8b=0
[SCHEDULER_HEARTBEAT] running=[] | gpu0:free=26.0GiB util=46% | remaining: gemma_3_12b_it=2842, mistral_7b_instruct_v03=607, qwen3_8b=0
[SCHEDULER_HEARTBEAT] running=[] | gpu0:free=25.9GiB util=46% | remaining: gemma_3_12b_it=2842, mistral_7b_instruct_v03=607, qwen3_8b=0
[SCHEDULER_HEARTBEAT] running=[] | gpu0:free=25.9GiB util=46% | remaining: gemma_3_12b_it=2842, mistral_7b_instruct_v03=607, qwen3_8b=0
[SCHEDULER_HEARTBEAT] running=[] | gpu0:free=26.1GiB util=46% | remaining: gemma_3_12b_it=2842, mistral_7b_instruct_v03=606, qwen3_8b=0
[SCHEDULER_HEARTBEAT] running=[] | gpu0:free=26.2GiB util=48% | remaining: gemma_3_12b_it=2842, mistral_7b_instruct_v03=605, qwen3_8b=0
[SCHEDULER_HEARTBEAT] running=[] | gpu0:free=26.1GiB util=48% | remaining: gemma_3_12b_it=2842, mistral_7b_instruct_v03=605, qwen3_8b=0
[SCHEDULER_HEARTBEAT] running=[] | gpu0:free=26.0GiB util=50% | remaining: gemma_3_12b_it=2842, mistral_7b_instruct_v03=605, qwen3_8b=0
[SCHEDULER_HEARTBEAT] running=[] | gpu0:free=26.2GiB util=47% | remaining: gemma_3_12b_it=2842, mistral_7b_instruct_v03=603, qwen3_8b=0
[SCHEDULER_HEARTBEAT] running=[] | gpu0:free=26.2GiB util=45% | remaining: gemma_3_12b_it=2842, mistral_7b_instruct_v03=602, qwen3_8b=0
[SCHEDULER_HEARTBEAT] running=[] | gpu0:free=26.0GiB util=46% | remaining: gemma_3_12b_it=2842, mistral_7b_instruct_v03=601, qwen3_8b=0
[SCHEDULER_HEARTBEAT] running=[] | gpu0:free=26.1GiB util=50% | remaining: gemma_3_12b_it=2842, mistral_7b_instruct_v03=601, qwen3_8b=0
[SCHEDULER_HEARTBEAT] running=[] | gpu0:free=26.1GiB util=48% | remaining: gemma_3_12b_it=2842, mistral_7b_instruct_v03=600, qwen3_8b=0
[SCHEDULER_HEARTBEAT] running=[] | gpu0:free=25.9GiB util=47% | remaining: gemma_3_12b_it=2842, mistral_7b_instruct_v03=598, qwen3_8b=0
[SCHEDULER_HEARTBEAT] running=[] | gpu0:free=26.1GiB util=46% | remaining: gemma_3_12b_it=2842, mistral_7b_instruct_v03=598, qwen3_8b=0
[SCHEDULER_HEARTBEAT] running=[] | gpu0:free=26.1GiB util=46% | remaining: gemma_3_12b_it=2842, mistral_7b_instruct_v03=597, qwen3_8b=0
[SCHEDULER_HEARTBEAT] running=[] | gpu0:free=26.1GiB util=46% | remaining: gemma_3_12b_it=2842, mistral_7b_instruct_v03=597, qwen3_8b=0
[SCHEDULER_HEARTBEAT] running=[] | gpu0:free=25.9GiB util=46% | remaining: gemma_3_12b_it=2842, mistral_7b_instruct_v03=597, qwen3_8b=0
[SCHEDULER_HEARTBEAT] running=[] | gpu0:free=26.0GiB util=47% | remaining: gemma_3_12b_it=2842, mistral_7b_instruct_v03=596, qwen3_8b=0
[SCHEDULER_HEARTBEAT] running=[] | gpu0:free=26.0GiB util=79% | remaining: gemma_3_12b_it=2842, mistral_7b_instruct_v03=595, qwen3_8b=0
[SCHEDULER_HEARTBEAT] running=[] | gpu0:free=26.1GiB util=46% | remaining: gemma_3_12b_it=2842, mistral_7b_instruct_v03=595, qwen3_8b=0
[SCHEDULER_HEARTBEAT] running=[] | gpu0:free=26.1GiB util=47% | remaining: gemma_3_12b_it=2842, mistral_7b_instruct_v03=594, qwen3_8b=0
[SCHEDULER_HEARTBEAT] running=[] | gpu0:free=26.0GiB util=49% | remaining: gemma_3_12b_it=2842, mistral_7b_instruct_v03=594, qwen3_8b=0
[SCHEDULER_HEARTBEAT] running=[] | gpu0:free=26.0GiB util=45% | remaining: gemma_3_12b_it=2842, mistral_7b_instruct_v03=593, qwen3_8b=0
[SCHEDULER_HEARTBEAT] running=[] | gpu0:free=25.9GiB util=47% | remaining: gemma_3_12b_it=2842, mistral_7b_instruct_v03=593, qwen3_8b=0
[SCHEDULER_HEARTBEAT] running=[] | gpu0:free=26.0GiB util=49% | remaining: gemma_3_12b_it=2842, mistral_7b_instruct_v03=593, qwen3_8b=0
[SCHEDULER_HEARTBEAT] running=[] | gpu0:free=26.0GiB util=46% | remaining: gemma_3_12b_it=2842, mistral_7b_instruct_v03=592, qwen3_8b=0
[SCHEDULER_HEARTBEAT] running=[] | gpu0:free=26.1GiB util=46% | remaining: gemma_3_12b_it=2842, mistral_7b_instruct_v03=591, qwen3_8b=0
[SCHEDULER_HEARTBEAT] running=[] | gpu0:free=26.0GiB util=47% | remaining: gemma_3_12b_it=2842, mistral_7b_instruct_v03=591, qwen3_8b=0
[SCHEDULER_HEARTBEAT] running=[] | gpu0:free=26.0GiB util=51% | remaining: gemma_3_12b_it=2842, mistral_7b_instruct_v03=591, qwen3_8b=0
[SCHEDULER_HEARTBEAT] running=[] | gpu0:free=25.9GiB util=47% | remaining: gemma_3_12b_it=2842, mistral_7b_instruct_v03=590, qwen3_8b=0
[SCHEDULER_HEARTBEAT] running=[] | gpu0:free=26.1GiB util=48% | remaining: gemma_3_12b_it=2842, mistral_7b_instruct_v03=589, qwen3_8b=0
[SCHEDULER_HEARTBEAT] running=[] | gpu0:free=26.1GiB util=45% | remaining: gemma_3_12b_it=2842, mistral_7b_instruct_v03=588, qwen3_8b=0
[SCHEDULER_HEARTBEAT] running=[] | gpu0:free=26.0GiB util=48% | remaining: gemma_3_12b_it=2842, mistral_7b_instruct_v03=588, qwen3_8b=0
[SCHEDULER_HEARTBEAT] running=[] | gpu0:free=26.1GiB util=55% | remaining: gemma_3_12b_it=2842, mistral_7b_instruct_v03=587, qwen3_8b=0
[SCHEDULER_HEARTBEAT] running=[] | gpu0:free=26.1GiB util=47% | remaining: gemma_3_12b_it=2842, mistral_7b_instruct_v03=587, qwen3_8b=0
[SCHEDULER_HEARTBEAT] running=[] | gpu0:free=25.9GiB util=48% | remaining: gemma_3_12b_it=2842, mistral_7b_instruct_v03=586, qwen3_8b=0
[SCHEDULER_HEARTBEAT] running=[] | gpu0:free=26.1GiB util=46% | remaining: gemma_3_12b_it=2842, mistral_7b_instruct_v03=585, qwen3_8b=0
[SCHEDULER_HEARTBEAT] running=[] | gpu0:free=25.9GiB util=48% | remaining: gemma_3_12b_it=2842, mistral_7b_instruct_v03=585, qwen3_8b=0
[SCHEDULER_HEARTBEAT] running=[] | gpu0:free=26.0GiB util=46% | remaining: gemma_3_12b_it=2842, mistral_7b_instruct_v03=585, qwen3_8b=0
[SCHEDULER_HEARTBEAT] running=[] | gpu0:free=25.9GiB util=48% | remaining: gemma_3_12b_it=2842, mistral_7b_instruct_v03=584, qwen3_8b=0
[SCHEDULER_HEARTBEAT] running=[] | gpu0:free=25.9GiB util=50% | remaining: gemma_3_12b_it=2842, mistral_7b_instruct_v03=584, qwen3_8b=0
[SCHEDULER_HEARTBEAT] running=[] | gpu0:free=26.0GiB util=50% | remaining: gemma_3_12b_it=2842, mistral_7b_instruct_v03=584, qwen3_8b=0
[SCHEDULER_HEARTBEAT] running=[] | gpu0:free=25.9GiB util=47% | remaining: gemma_3_12b_it=2842, mistral_7b_instruct_v03=583, qwen3_8b=0
[SCHEDULER_HEARTBEAT] running=[] | gpu0:free=26.0GiB util=48% | remaining: gemma_3_12b_it=2842, mistral_7b_instruct_v03=582, qwen3_8b=0
[SCHEDULER_HEARTBEAT] running=[] | gpu0:free=26.1GiB util=48% | remaining: gemma_3_12b_it=2842, mistral_7b_instruct_v03=582, qwen3_8b=0
[SCHEDULER_HEARTBEAT] running=[] | gpu0:free=26.1GiB util=46% | remaining: gemma_3_12b_it=2842, mistral_7b_instruct_v03=581, qwen3_8b=0
[SCHEDULER_HEARTBEAT] running=[] | gpu0:free=26.2GiB util=47% | remaining: gemma_3_12b_it=2842, mistral_7b_instruct_v03=581, qwen3_8b=0
[SCHEDULER_HEARTBEAT] running=[] | gpu0:free=25.9GiB util=45% | remaining: gemma_3_12b_it=2842, mistral_7b_instruct_v03=580, qwen3_8b=0
[SCHEDULER_HEARTBEAT] running=[] | gpu0:free=25.9GiB util=46% | remaining: gemma_3_12b_it=2842, mistral_7b_instruct_v03=579, qwen3_8b=0
[SCHEDULER_HEARTBEAT] running=[] | gpu0:free=26.2GiB util=46% | remaining: gemma_3_12b_it=2842, mistral_7b_instruct_v03=577, qwen3_8b=0
[SCHEDULER_HEARTBEAT] running=[] | gpu0:free=26.1GiB util=48% | remaining: gemma_3_12b_it=2842, mistral_7b_instruct_v03=576, qwen3_8b=0
[SCHEDULER_HEARTBEAT] running=[] | gpu0:free=26.1GiB util=49% | remaining: gemma_3_12b_it=2842, mistral_7b_instruct_v03=575, qwen3_8b=0
[SCHEDULER_HEARTBEAT] running=[] | gpu0:free=26.1GiB util=48% | remaining: gemma_3_12b_it=2842, mistral_7b_instruct_v03=575, qwen3_8b=0
[SCHEDULER_HEARTBEAT] running=[] | gpu0:free=26.1GiB util=48% | remaining: gemma_3_12b_it=2842, mistral_7b_instruct_v03=574, qwen3_8b=0
[SCHEDULER_HEARTBEAT] running=[] | gpu0:free=26.2GiB util=48% | remaining: gemma_3_12b_it=2842, mistral_7b_instruct_v03=574, qwen3_8b=0
[SCHEDULER_HEARTBEAT] running=[] | gpu0:free=26.1GiB util=47% | remaining: gemma_3_12b_it=2842, mistral_7b_instruct_v03=573, qwen3_8b=0
[SCHEDULER_HEARTBEAT] running=[] | gpu0:free=25.9GiB util=46% | remaining: gemma_3_12b_it=2842, mistral_7b_instruct_v03=573, qwen3_8b=0
[SCHEDULER_HEARTBEAT] running=[] | gpu0:free=26.0GiB util=46% | remaining: gemma_3_12b_it=2842, mistral_7b_instruct_v03=573, qwen3_8b=0
[SCHEDULER_HEARTBEAT] running=[] | gpu0:free=25.9GiB util=47% | remaining: gemma_3_12b_it=2842, mistral_7b_instruct_v03=572, qwen3_8b=0
[SCHEDULER_HEARTBEAT] running=[] | gpu0:free=25.9GiB util=47% | remaining: gemma_3_12b_it=2842, mistral_7b_instruct_v03=572, qwen3_8b=0
[SCHEDULER_HEARTBEAT] running=[] | gpu0:free=26.1GiB util=48% | remaining: gemma_3_12b_it=2842, mistral_7b_instruct_v03=571, qwen3_8b=0
[SCHEDULER_HEARTBEAT] running=[] | gpu0:free=26.0GiB util=45% | remaining: gemma_3_12b_it=2842, mistral_7b_instruct_v03=571, qwen3_8b=0
[SCHEDULER_HEARTBEAT] running=[] | gpu0:free=26.1GiB util=47% | remaining: gemma_3_12b_it=2842, mistral_7b_instruct_v03=571, qwen3_8b=0
[SCHEDULER_HEARTBEAT] running=[] | gpu0:free=26.0GiB util=48% | remaining: gemma_3_12b_it=2842, mistral_7b_instruct_v03=571, qwen3_8b=0
[SCHEDULER_HEARTBEAT] running=[] | gpu0:free=26.1GiB util=48% | remaining: gemma_3_12b_it=2842, mistral_7b_instruct_v03=570, qwen3_8b=0
[SCHEDULER_HEARTBEAT] running=[] | gpu0:free=26.2GiB util=47% | remaining: gemma_3_12b_it=2842, mistral_7b_instruct_v03=569, qwen3_8b=0
[SCHEDULER_HEARTBEAT] running=[] | gpu0:free=25.9GiB util=48% | remaining: gemma_3_12b_it=2842, mistral_7b_instruct_v03=569, qwen3_8b=0
[SCHEDULER_HEARTBEAT] running=[] | gpu0:free=25.9GiB util=45% | remaining: gemma_3_12b_it=2842, mistral_7b_instruct_v03=568, qwen3_8b=0
[SCHEDULER_HEARTBEAT] running=[] | gpu0:free=26.1GiB util=47% | remaining: gemma_3_12b_it=2842, mistral_7b_instruct_v03=568, qwen3_8b=0
[SCHEDULER_HEARTBEAT] running=[] | gpu0:free=25.9GiB util=47% | remaining: gemma_3_12b_it=2842, mistral_7b_instruct_v03=567, qwen3_8b=0
[SCHEDULER_HEARTBEAT] running=[] | gpu0:free=26.0GiB util=47% | remaining: gemma_3_12b_it=2842, mistral_7b_instruct_v03=567, qwen3_8b=0
[SCHEDULER_HEARTBEAT] running=[] | gpu0:free=25.9GiB util=46% | remaining: gemma_3_12b_it=2842, mistral_7b_instruct_v03=566, qwen3_8b=0
[SCHEDULER_HEARTBEAT] running=[] | gpu0:free=25.9GiB util=47% | remaining: gemma_3_12b_it=2842, mistral_7b_instruct_v03=566, qwen3_8b=0
[SCHEDULER_HEARTBEAT] running=[] | gpu0:free=26.1GiB util=49% | remaining: gemma_3_12b_it=2842, mistral_7b_instruct_v03=565, qwen3_8b=0
[SCHEDULER_HEARTBEAT] running=[] | gpu0:free=26.0GiB util=49% | remaining: gemma_3_12b_it=2842, mistral_7b_instruct_v03=565, qwen3_8b=0
[SCHEDULER_HEARTBEAT] running=[] | gpu0:free=26.1GiB util=46% | remaining: gemma_3_12b_it=2842, mistral_7b_instruct_v03=564, qwen3_8b=0
[SCHEDULER_HEARTBEAT] running=[] | gpu0:free=26.1GiB util=45% | remaining: gemma_3_12b_it=2842, mistral_7b_instruct_v03=563, qwen3_8b=0
[SCHEDULER_HEARTBEAT] running=[] | gpu0:free=25.9GiB util=47% | remaining: gemma_3_12b_it=2842, mistral_7b_instruct_v03=563, qwen3_8b=0
[SCHEDULER_HEARTBEAT] running=[] | gpu0:free=25.9GiB util=45% | remaining: gemma_3_12b_it=2842, mistral_7b_instruct_v03=562, qwen3_8b=0
[SCHEDULER_HEARTBEAT] running=[] | gpu0:free=25.9GiB util=48% | remaining: gemma_3_12b_it=2842, mistral_7b_instruct_v03=562, qwen3_8b=0
[SCHEDULER_HEARTBEAT] running=[] | gpu0:free=25.9GiB util=48% | remaining: gemma_3_12b_it=2842, mistral_7b_instruct_v03=561, qwen3_8b=0
[SCHEDULER_HEARTBEAT] running=[] | gpu0:free=25.9GiB util=45% | remaining: gemma_3_12b_it=2842, mistral_7b_instruct_v03=561, qwen3_8b=0
[SCHEDULER_HEARTBEAT] running=[] | gpu0:free=26.0GiB util=47% | remaining: gemma_3_12b_it=2842, mistral_7b_instruct_v03=561, qwen3_8b=0
[SCHEDULER_HEARTBEAT] running=[] | gpu0:free=26.1GiB util=48% | remaining: gemma_3_12b_it=2842, mistral_7b_instruct_v03=560, qwen3_8b=0
[SCHEDULER_HEARTBEAT] running=[] | gpu0:free=26.1GiB util=45% | remaining: gemma_3_12b_it=2842, mistral_7b_instruct_v03=559, qwen3_8b=0
[SCHEDULER_HEARTBEAT] running=[] | gpu0:free=25.9GiB util=50% | remaining: gemma_3_12b_it=2842, mistral_7b_instruct_v03=559, qwen3_8b=0
[SCHEDULER_HEARTBEAT] running=[] | gpu0:free=26.1GiB util=49% | remaining: gemma_3_12b_it=2842, mistral_7b_instruct_v03=559, qwen3_8b=0
[SCHEDULER_HEARTBEAT] running=[] | gpu0:free=26.1GiB util=46% | remaining: gemma_3_12b_it=2842, mistral_7b_instruct_v03=559, qwen3_8b=0
[SCHEDULER_HEARTBEAT] running=[] | gpu0:free=26.1GiB util=47% | remaining: gemma_3_12b_it=2842, mistral_7b_instruct_v03=558, qwen3_8b=0
[SCHEDULER_HEARTBEAT] running=[] | gpu0:free=25.9GiB util=47% | remaining: gemma_3_12b_it=2842, mistral_7b_instruct_v03=558, qwen3_8b=0
[SCHEDULER_HEARTBEAT] running=[] | gpu0:free=26.0GiB util=47% | remaining: gemma_3_12b_it=2842, mistral_7b_instruct_v03=558, qwen3_8b=0
[SCHEDULER_HEARTBEAT] running=[] | gpu0:free=26.1GiB util=46% | remaining: gemma_3_12b_it=2842, mistral_7b_instruct_v03=558, qwen3_8b=0
[SCHEDULER_HEARTBEAT] running=[] | gpu0:free=26.0GiB util=46% | remaining: gemma_3_12b_it=2842, mistral_7b_instruct_v03=557, qwen3_8b=0
[SCHEDULER_HEARTBEAT] running=[] | gpu0:free=25.9GiB util=48% | remaining: gemma_3_12b_it=2842, mistral_7b_instruct_v03=556, qwen3_8b=0
[SCHEDULER_HEARTBEAT] running=[] | gpu0:free=25.9GiB util=46% | remaining: gemma_3_12b_it=2842, mistral_7b_instruct_v03=556, qwen3_8b=0
[SCHEDULER_HEARTBEAT] running=[] | gpu0:free=26.0GiB util=47% | remaining: gemma_3_12b_it=2842, mistral_7b_instruct_v03=556, qwen3_8b=0
[SCHEDULER_HEARTBEAT] running=[] | gpu0:free=26.0GiB util=49% | remaining: gemma_3_12b_it=2842, mistral_7b_instruct_v03=556, qwen3_8b=0
[SCHEDULER_HEARTBEAT] running=[] | gpu0:free=25.9GiB util=47% | remaining: gemma_3_12b_it=2842, mistral_7b_instruct_v03=555, qwen3_8b=0
[SCHEDULER_HEARTBEAT] running=[] | gpu0:free=26.2GiB util=46% | remaining: gemma_3_12b_it=2842, mistral_7b_instruct_v03=554, qwen3_8b=0
[SCHEDULER_HEARTBEAT] running=[] | gpu0:free=25.9GiB util=45% | remaining: gemma_3_12b_it=2842, mistral_7b_instruct_v03=553, qwen3_8b=0
[SCHEDULER_HEARTBEAT] running=[] | gpu0:free=25.9GiB util=45% | remaining: gemma_3_12b_it=2842, mistral_7b_instruct_v03=552, qwen3_8b=0
[SCHEDULER_HEARTBEAT] running=[] | gpu0:free=26.1GiB util=46% | remaining: gemma_3_12b_it=2842, mistral_7b_instruct_v03=551, qwen3_8b=0
[SCHEDULER_HEARTBEAT] running=[] | gpu0:free=26.0GiB util=46% | remaining: gemma_3_12b_it=2842, mistral_7b_instruct_v03=551, qwen3_8b=0
[SCHEDULER_HEARTBEAT] running=[] | gpu0:free=26.1GiB util=46% | remaining: gemma_3_12b_it=2842, mistral_7b_instruct_v03=550, qwen3_8b=0
[SCHEDULER_HEARTBEAT] running=[] | gpu0:free=25.9GiB util=48% | remaining: gemma_3_12b_it=2842, mistral_7b_instruct_v03=550, qwen3_8b=0
[SCHEDULER_HEARTBEAT] running=[] | gpu0:free=26.0GiB util=46% | remaining: gemma_3_12b_it=2842, mistral_7b_instruct_v03=550, qwen3_8b=0
[SCHEDULER_HEARTBEAT] running=[] | gpu0:free=25.9GiB util=46% | remaining: gemma_3_12b_it=2842, mistral_7b_instruct_v03=549, qwen3_8b=0
[SCHEDULER_HEARTBEAT] running=[] | gpu0:free=26.0GiB util=47% | remaining: gemma_3_12b_it=2842, mistral_7b_instruct_v03=549, qwen3_8b=0
[SCHEDULER_HEARTBEAT] running=[] | gpu0:free=26.1GiB util=47% | remaining: gemma_3_12b_it=2842, mistral_7b_instruct_v03=548, qwen3_8b=0
[SCHEDULER_HEARTBEAT] running=[] | gpu0:free=25.9GiB util=46% | remaining: gemma_3_12b_it=2842, mistral_7b_instruct_v03=548, qwen3_8b=0
[SCHEDULER_HEARTBEAT] running=[] | gpu0:free=26.1GiB util=46% | remaining: gemma_3_12b_it=2842, mistral_7b_instruct_v03=547, qwen3_8b=0
[SCHEDULER_HEARTBEAT] running=[] | gpu0:free=26.1GiB util=48% | remaining: gemma_3_12b_it=2842, mistral_7b_instruct_v03=546, qwen3_8b=0
[SCHEDULER_HEARTBEAT] running=[] | gpu0:free=25.9GiB util=48% | remaining: gemma_3_12b_it=2842, mistral_7b_instruct_v03=546, qwen3_8b=0
[SCHEDULER_HEARTBEAT] running=[] | gpu0:free=26.1GiB util=47% | remaining: gemma_3_12b_it=2842, mistral_7b_instruct_v03=545, qwen3_8b=0
[SCHEDULER_HEARTBEAT] running=[] | gpu0:free=25.9GiB util=47% | remaining: gemma_3_12b_it=2842, mistral_7b_instruct_v03=544, qwen3_8b=0
[SCHEDULER_HEARTBEAT] running=[] | gpu0:free=25.9GiB util=47% | remaining: gemma_3_12b_it=2842, mistral_7b_instruct_v03=544, qwen3_8b=0
[SCHEDULER_HEARTBEAT] running=[] | gpu0:free=25.9GiB util=45% | remaining: gemma_3_12b_it=2842, mistral_7b_instruct_v03=543, qwen3_8b=0
[SCHEDULER_HEARTBEAT] running=[] | gpu0:free=26.0GiB util=46% | remaining: gemma_3_12b_it=2842, mistral_7b_instruct_v03=543, qwen3_8b=0
[SCHEDULER_HEARTBEAT] running=[] | gpu0:free=26.1GiB util=46% | remaining: gemma_3_12b_it=2842, mistral_7b_instruct_v03=543, qwen3_8b=0
[SCHEDULER_HEARTBEAT] running=[] | gpu0:free=25.9GiB util=46% | remaining: gemma_3_12b_it=2842, mistral_7b_instruct_v03=542, qwen3_8b=0
[SCHEDULER_HEARTBEAT] running=[] | gpu0:free=26.0GiB util=45% | remaining: gemma_3_12b_it=2842, mistral_7b_instruct_v03=542, qwen3_8b=0
[SCHEDULER_HEARTBEAT] running=[] | gpu0:free=26.2GiB util=46% | remaining: gemma_3_12b_it=2842, mistral_7b_instruct_v03=541, qwen3_8b=0
[SCHEDULER_HEARTBEAT] running=[] | gpu0:free=26.1GiB util=46% | remaining: gemma_3_12b_it=2842, mistral_7b_instruct_v03=541, qwen3_8b=0
[SCHEDULER_HEARTBEAT] running=[] | gpu0:free=26.1GiB util=49% | remaining: gemma_3_12b_it=2842, mistral_7b_instruct_v03=540, qwen3_8b=0
[SCHEDULER_HEARTBEAT] running=[] | gpu0:free=26.1GiB util=47% | remaining: gemma_3_12b_it=2842, mistral_7b_instruct_v03=539, qwen3_8b=0
[SCHEDULER_HEARTBEAT] running=[] | gpu0:free=26.1GiB util=46% | remaining: gemma_3_12b_it=2842, mistral_7b_instruct_v03=539, qwen3_8b=0
[SCHEDULER_HEARTBEAT] running=[] | gpu0:free=25.9GiB util=47% | remaining: gemma_3_12b_it=2842, mistral_7b_instruct_v03=539, qwen3_8b=0
[SCHEDULER_HEARTBEAT] running=[] | gpu0:free=26.1GiB util=47% | remaining: gemma_3_12b_it=2842, mistral_7b_instruct_v03=538, qwen3_8b=0
[SCHEDULER_HEARTBEAT] running=[] | gpu0:free=26.2GiB util=45% | remaining: gemma_3_12b_it=2842, mistral_7b_instruct_v03=537, qwen3_8b=0
[SCHEDULER_HEARTBEAT] running=[] | gpu0:free=25.9GiB util=46% | remaining: gemma_3_12b_it=2842, mistral_7b_instruct_v03=537, qwen3_8b=0
[SCHEDULER_HEARTBEAT] running=[] | gpu0:free=26.1GiB util=46% | remaining: gemma_3_12b_it=2842, mistral_7b_instruct_v03=537, qwen3_8b=0
[SCHEDULER_HEARTBEAT] running=[] | gpu0:free=26.1GiB util=47% | remaining: gemma_3_12b_it=2842, mistral_7b_instruct_v03=536, qwen3_8b=0
[SCHEDULER_HEARTBEAT] running=[] | gpu0:free=25.9GiB util=47% | remaining: gemma_3_12b_it=2842, mistral_7b_instruct_v03=535, qwen3_8b=0
[SCHEDULER_HEARTBEAT] running=[] | gpu0:free=25.9GiB util=46% | remaining: gemma_3_12b_it=2842, mistral_7b_instruct_v03=535, qwen3_8b=0
[SCHEDULER_HEARTBEAT] running=[] | gpu0:free=25.9GiB util=47% | remaining: gemma_3_12b_it=2842, mistral_7b_instruct_v03=534, qwen3_8b=0
[SCHEDULER_HEARTBEAT] running=[] | gpu0:free=25.9GiB util=47% | remaining: gemma_3_12b_it=2842, mistral_7b_instruct_v03=533, qwen3_8b=0
[SCHEDULER_HEARTBEAT] running=[] | gpu0:free=26.1GiB util=47% | remaining: gemma_3_12b_it=2842, mistral_7b_instruct_v03=532, qwen3_8b=0
[SCHEDULER_HEARTBEAT] running=[] | gpu0:free=26.1GiB util=46% | remaining: gemma_3_12b_it=2842, mistral_7b_instruct_v03=532, qwen3_8b=0
[SCHEDULER_HEARTBEAT] running=[] | gpu0:free=25.9GiB util=47% | remaining: gemma_3_12b_it=2842, mistral_7b_instruct_v03=531, qwen3_8b=0
[SCHEDULER_HEARTBEAT] running=[] | gpu0:free=26.0GiB util=48% | remaining: gemma_3_12b_it=2842, mistral_7b_instruct_v03=531, qwen3_8b=0
[SCHEDULER_HEARTBEAT] running=[] | gpu0:free=26.1GiB util=46% | remaining: gemma_3_12b_it=2842, mistral_7b_instruct_v03=531, qwen3_8b=0
[SCHEDULER_HEARTBEAT] running=[] | gpu0:free=25.9GiB util=46% | remaining: gemma_3_12b_it=2842, mistral_7b_instruct_v03=530, qwen3_8b=0
[SCHEDULER_HEARTBEAT] running=[] | gpu0:free=25.9GiB util=47% | remaining: gemma_3_12b_it=2842, mistral_7b_instruct_v03=529, qwen3_8b=0
[SCHEDULER_HEARTBEAT] running=[] | gpu0:free=26.2GiB util=46% | remaining: gemma_3_12b_it=2842, mistral_7b_instruct_v03=528, qwen3_8b=0
[SCHEDULER_HEARTBEAT] running=[] | gpu0:free=26.1GiB util=47% | remaining: gemma_3_12b_it=2842, mistral_7b_instruct_v03=528, qwen3_8b=0
[SCHEDULER_HEARTBEAT] running=[] | gpu0:free=26.0GiB util=45% | remaining: gemma_3_12b_it=2842, mistral_7b_instruct_v03=528, qwen3_8b=0
[SCHEDULER_HEARTBEAT] running=[] | gpu0:free=26.1GiB util=44% | remaining: gemma_3_12b_it=2842, mistral_7b_instruct_v03=528, qwen3_8b=0
[SCHEDULER_HEARTBEAT] running=[] | gpu0:free=26.0GiB util=46% | remaining: gemma_3_12b_it=2842, mistral_7b_instruct_v03=528, qwen3_8b=0
[SCHEDULER_HEARTBEAT] running=[] | gpu0:free=26.1GiB util=45% | remaining: gemma_3_12b_it=2842, mistral_7b_instruct_v03=526, qwen3_8b=0
[SCHEDULER_HEARTBEAT] running=[] | gpu0:free=26.1GiB util=48% | remaining: gemma_3_12b_it=2842, mistral_7b_instruct_v03=526, qwen3_8b=0
[SCHEDULER_HEARTBEAT] running=[] | gpu0:free=26.1GiB util=49% | remaining: gemma_3_12b_it=2842, mistral_7b_instruct_v03=526, qwen3_8b=0
[SCHEDULER_HEARTBEAT] running=[] | gpu0:free=25.9GiB util=45% | remaining: gemma_3_12b_it=2842, mistral_7b_instruct_v03=526, qwen3_8b=0
[SCHEDULER_HEARTBEAT] running=[] | gpu0:free=25.9GiB util=48% | remaining: gemma_3_12b_it=2842, mistral_7b_instruct_v03=525, qwen3_8b=0
[SCHEDULER_HEARTBEAT] running=[] | gpu0:free=26.0GiB util=46% | remaining: gemma_3_12b_it=2842, mistral_7b_instruct_v03=525, qwen3_8b=0
[SCHEDULER_HEARTBEAT] running=[] | gpu0:free=26.1GiB util=47% | remaining: gemma_3_12b_it=2842, mistral_7b_instruct_v03=524, qwen3_8b=0
[SCHEDULER_HEARTBEAT] running=[] | gpu0:free=26.1GiB util=46% | remaining: gemma_3_12b_it=2842, mistral_7b_instruct_v03=523, qwen3_8b=0
[SCHEDULER_HEARTBEAT] running=[] | gpu0:free=26.1GiB util=49% | remaining: gemma_3_12b_it=2842, mistral_7b_instruct_v03=523, qwen3_8b=0
[SCHEDULER_HEARTBEAT] running=[] | gpu0:free=26.1GiB util=44% | remaining: gemma_3_12b_it=2842, mistral_7b_instruct_v03=522, qwen3_8b=0
[SCHEDULER_HEARTBEAT] running=[] | gpu0:free=26.0GiB util=44% | remaining: gemma_3_12b_it=2842, mistral_7b_instruct_v03=522, qwen3_8b=0
[SCHEDULER_HEARTBEAT] running=[] | gpu0:free=26.1GiB util=46% | remaining: gemma_3_12b_it=2842, mistral_7b_instruct_v03=521, qwen3_8b=0
[SCHEDULER_HEARTBEAT] running=[] | gpu0:free=26.0GiB util=47% | remaining: gemma_3_12b_it=2842, mistral_7b_instruct_v03=521, qwen3_8b=0
[SCHEDULER_HEARTBEAT] running=[] | gpu0:free=25.9GiB util=45% | remaining: gemma_3_12b_it=2842, mistral_7b_instruct_v03=520, qwen3_8b=0
[SCHEDULER_HEARTBEAT] running=[] | gpu0:free=26.1GiB util=46% | remaining: gemma_3_12b_it=2842, mistral_7b_instruct_v03=519, qwen3_8b=0
[SCHEDULER_HEARTBEAT] running=[] | gpu0:free=26.0GiB util=46% | remaining: gemma_3_12b_it=2842, mistral_7b_instruct_v03=519, qwen3_8b=0
[SCHEDULER_HEARTBEAT] running=[] | gpu0:free=26.1GiB util=46% | remaining: gemma_3_12b_it=2842, mistral_7b_instruct_v03=519, qwen3_8b=0
[SCHEDULER_HEARTBEAT] running=[] | gpu0:free=25.9GiB util=46% | remaining: gemma_3_12b_it=2842, mistral_7b_instruct_v03=518, qwen3_8b=0
[SCHEDULER_HEARTBEAT] running=[] | gpu0:free=26.1GiB util=46% | remaining: gemma_3_12b_it=2842, mistral_7b_instruct_v03=518, qwen3_8b=0
[SCHEDULER_HEARTBEAT] running=[] | gpu0:free=26.0GiB util=46% | remaining: gemma_3_12b_it=2842, mistral_7b_instruct_v03=518, qwen3_8b=0
[SCHEDULER_HEARTBEAT] running=[] | gpu0:free=25.9GiB util=46% | remaining: gemma_3_12b_it=2842, mistral_7b_instruct_v03=517, qwen3_8b=0
[SCHEDULER_HEARTBEAT] running=[] | gpu0:free=26.1GiB util=47% | remaining: gemma_3_12b_it=2842, mistral_7b_instruct_v03=515, qwen3_8b=0
[SCHEDULER_HEARTBEAT] running=[] | gpu0:free=26.1GiB util=48% | remaining: gemma_3_12b_it=2842, mistral_7b_instruct_v03=515, qwen3_8b=0
[SCHEDULER_HEARTBEAT] running=[] | gpu0:free=25.9GiB util=47% | remaining: gemma_3_12b_it=2842, mistral_7b_instruct_v03=515, qwen3_8b=0
[SCHEDULER_HEARTBEAT] running=[] | gpu0:free=26.1GiB util=45% | remaining: gemma_3_12b_it=2842, mistral_7b_instruct_v03=514, qwen3_8b=0
[SCHEDULER_HEARTBEAT] running=[] | gpu0:free=26.0GiB util=46% | remaining: gemma_3_12b_it=2842, mistral_7b_instruct_v03=514, qwen3_8b=0
[SCHEDULER_HEARTBEAT] running=[] | gpu0:free=26.1GiB util=45% | remaining: gemma_3_12b_it=2842, mistral_7b_instruct_v03=513, qwen3_8b=0
[SCHEDULER_HEARTBEAT] running=[] | gpu0:free=26.0GiB util=44% | remaining: gemma_3_12b_it=2842, mistral_7b_instruct_v03=513, qwen3_8b=0
[SCHEDULER_HEARTBEAT] running=[] | gpu0:free=25.9GiB util=45% | remaining: gemma_3_12b_it=2842, mistral_7b_instruct_v03=513, qwen3_8b=0
[SCHEDULER_HEARTBEAT] running=[] | gpu0:free=25.9GiB util=47% | remaining: gemma_3_12b_it=2842, mistral_7b_instruct_v03=512, qwen3_8b=0
[SCHEDULER_HEARTBEAT] running=[] | gpu0:free=26.0GiB util=45% | remaining: gemma_3_12b_it=2842, mistral_7b_instruct_v03=512, qwen3_8b=0
[SCHEDULER_HEARTBEAT] running=[] | gpu0:free=26.0GiB util=47% | remaining: gemma_3_12b_it=2842, mistral_7b_instruct_v03=512, qwen3_8b=0
[SCHEDULER_HEARTBEAT] running=[] | gpu0:free=26.1GiB util=45% | remaining: gemma_3_12b_it=2842, mistral_7b_instruct_v03=511, qwen3_8b=0
[SCHEDULER_HEARTBEAT] running=[] | gpu0:free=26.1GiB util=45% | remaining: gemma_3_12b_it=2842, mistral_7b_instruct_v03=511, qwen3_8b=0
[SCHEDULER_HEARTBEAT] running=[] | gpu0:free=25.9GiB util=46% | remaining: gemma_3_12b_it=2842, mistral_7b_instruct_v03=511, qwen3_8b=0
[SCHEDULER_HEARTBEAT] running=[] | gpu0:free=26.1GiB util=44% | remaining: gemma_3_12b_it=2842, mistral_7b_instruct_v03=510, qwen3_8b=0
[SCHEDULER_HEARTBEAT] running=[] | gpu0:free=26.0GiB util=45% | remaining: gemma_3_12b_it=2842, mistral_7b_instruct_v03=510, qwen3_8b=0
[SCHEDULER_HEARTBEAT] running=[] | gpu0:free=26.1GiB util=46% | remaining: gemma_3_12b_it=2842, mistral_7b_instruct_v03=509, qwen3_8b=0
[SCHEDULER_HEARTBEAT] running=[] | gpu0:free=26.1GiB util=46% | remaining: gemma_3_12b_it=2842, mistral_7b_instruct_v03=509, qwen3_8b=0
[SCHEDULER_HEARTBEAT] running=[] | gpu0:free=26.0GiB util=46% | remaining: gemma_3_12b_it=2842, mistral_7b_instruct_v03=509, qwen3_8b=0
[SCHEDULER_HEARTBEAT] running=[] | gpu0:free=26.1GiB util=45% | remaining: gemma_3_12b_it=2842, mistral_7b_instruct_v03=509, qwen3_8b=0
[SCHEDULER_HEARTBEAT] running=[] | gpu0:free=25.9GiB util=45% | remaining: gemma_3_12b_it=2842, mistral_7b_instruct_v03=508, qwen3_8b=0
[SCHEDULER_HEARTBEAT] running=[] | gpu0:free=25.9GiB util=45% | remaining: gemma_3_12b_it=2842, mistral_7b_instruct_v03=508, qwen3_8b=0
[SCHEDULER_HEARTBEAT] running=[] | gpu0:free=26.1GiB util=45% | remaining: gemma_3_12b_it=2842, mistral_7b_instruct_v03=507, qwen3_8b=0
[SCHEDULER_HEARTBEAT] running=[] | gpu0:free=26.0GiB util=46% | remaining: gemma_3_12b_it=2842, mistral_7b_instruct_v03=507, qwen3_8b=0
[SCHEDULER_HEARTBEAT] running=[] | gpu0:free=26.1GiB util=45% | remaining: gemma_3_12b_it=2842, mistral_7b_instruct_v03=507, qwen3_8b=0
[SCHEDULER_HEARTBEAT] running=[] | gpu0:free=26.1GiB util=48% | remaining: gemma_3_12b_it=2842, mistral_7b_instruct_v03=506, qwen3_8b=0
[SCHEDULER_HEARTBEAT] running=[] | gpu0:free=26.0GiB util=45% | remaining: gemma_3_12b_it=2842, mistral_7b_instruct_v03=506, qwen3_8b=0
[SCHEDULER_HEARTBEAT] running=[] | gpu0:free=25.9GiB util=45% | remaining: gemma_3_12b_it=2842, mistral_7b_instruct_v03=506, qwen3_8b=0
[SCHEDULER_HEARTBEAT] running=[] | gpu0:free=26.0GiB util=37% | remaining: gemma_3_12b_it=2842, mistral_7b_instruct_v03=506, qwen3_8b=0
[SCHEDULER_HEARTBEAT] running=[] | gpu0:free=26.0GiB util=45% | remaining: gemma_3_12b_it=2842, mistral_7b_instruct_v03=505, qwen3_8b=0
[SCHEDULER_HEARTBEAT] running=[] | gpu0:free=26.0GiB util=46% | remaining: gemma_3_12b_it=2842, mistral_7b_instruct_v03=505, qwen3_8b=0
[SCHEDULER_HEARTBEAT] running=[] | gpu0:free=26.1GiB util=45% | remaining: gemma_3_12b_it=2842, mistral_7b_instruct_v03=504, qwen3_8b=0
[SCHEDULER_HEARTBEAT] running=[] | gpu0:free=26.1GiB util=45% | remaining: gemma_3_12b_it=2842, mistral_7b_instruct_v03=504, qwen3_8b=0
[SCHEDULER_HEARTBEAT] running=[] | gpu0:free=26.1GiB util=44% | remaining: gemma_3_12b_it=2842, mistral_7b_instruct_v03=503, qwen3_8b=0
[SCHEDULER_HEARTBEAT] running=[] | gpu0:free=25.9GiB util=46% | remaining: gemma_3_12b_it=2842, mistral_7b_instruct_v03=503, qwen3_8b=0
[SCHEDULER_HEARTBEAT] running=[] | gpu0:free=26.1GiB util=46% | remaining: gemma_3_12b_it=2842, mistral_7b_instruct_v03=502, qwen3_8b=0
[SCHEDULER_HEARTBEAT] running=[] | gpu0:free=26.0GiB util=46% | remaining: gemma_3_12b_it=2842, mistral_7b_instruct_v03=502, qwen3_8b=0
[SCHEDULER_HEARTBEAT] running=[] | gpu0:free=25.9GiB util=43% | remaining: gemma_3_12b_it=2842, mistral_7b_instruct_v03=501, qwen3_8b=0
[SCHEDULER_HEARTBEAT] running=[] | gpu0:free=25.9GiB util=46% | remaining: gemma_3_12b_it=2842, mistral_7b_instruct_v03=500, qwen3_8b=0
[SCHEDULER_HEARTBEAT] running=[] | gpu0:free=26.0GiB util=47% | remaining: gemma_3_12b_it=2842, mistral_7b_instruct_v03=500, qwen3_8b=0
[SCHEDULER_HEARTBEAT] running=[] | gpu0:free=26.1GiB util=46% | remaining: gemma_3_12b_it=2842, mistral_7b_instruct_v03=500, qwen3_8b=0
[SCHEDULER_HEARTBEAT] running=[] | gpu0:free=25.9GiB util=44% | remaining: gemma_3_12b_it=2842, mistral_7b_instruct_v03=499, qwen3_8b=0
[SCHEDULER_HEARTBEAT] running=[] | gpu0:free=26.1GiB util=46% | remaining: gemma_3_12b_it=2842, mistral_7b_instruct_v03=499, qwen3_8b=0
[SCHEDULER_HEARTBEAT] running=[] | gpu0:free=25.9GiB util=45% | remaining: gemma_3_12b_it=2842, mistral_7b_instruct_v03=499, qwen3_8b=0
[SCHEDULER_HEARTBEAT] running=[] | gpu0:free=26.0GiB util=46% | remaining: gemma_3_12b_it=2842, mistral_7b_instruct_v03=498, qwen3_8b=0
[SCHEDULER_HEARTBEAT] running=[] | gpu0:free=25.9GiB util=48% | remaining: gemma_3_12b_it=2842, mistral_7b_instruct_v03=497, qwen3_8b=0
[SCHEDULER_HEARTBEAT] running=[] | gpu0:free=26.1GiB util=47% | remaining: gemma_3_12b_it=2842, mistral_7b_instruct_v03=496, qwen3_8b=0
[SCHEDULER_HEARTBEAT] running=[] | gpu0:free=26.0GiB util=49% | remaining: gemma_3_12b_it=2842, mistral_7b_instruct_v03=496, qwen3_8b=0
[SCHEDULER_HEARTBEAT] running=[] | gpu0:free=26.1GiB util=48% | remaining: gemma_3_12b_it=2842, mistral_7b_instruct_v03=495, qwen3_8b=0
[SCHEDULER_HEARTBEAT] running=[] | gpu0:free=26.0GiB util=46% | remaining: gemma_3_12b_it=2842, mistral_7b_instruct_v03=495, qwen3_8b=0
[SCHEDULER_HEARTBEAT] running=[] | gpu0:free=26.1GiB util=48% | remaining: gemma_3_12b_it=2842, mistral_7b_instruct_v03=494, qwen3_8b=0
[SCHEDULER_HEARTBEAT] running=[] | gpu0:free=26.0GiB util=47% | remaining: gemma_3_12b_it=2842, mistral_7b_instruct_v03=494, qwen3_8b=0
[SCHEDULER_HEARTBEAT] running=[] | gpu0:free=25.9GiB util=46% | remaining: gemma_3_12b_it=2842, mistral_7b_instruct_v03=494, qwen3_8b=0
[SCHEDULER_HEARTBEAT] running=[] | gpu0:free=26.0GiB util=47% | remaining: gemma_3_12b_it=2842, mistral_7b_instruct_v03=493, qwen3_8b=0
[SCHEDULER_HEARTBEAT] running=[] | gpu0:free=25.9GiB util=50% | remaining: gemma_3_12b_it=2842, mistral_7b_instruct_v03=493, qwen3_8b=0
[SCHEDULER_HEARTBEAT] running=[] | gpu0:free=26.0GiB util=47% | remaining: gemma_3_12b_it=2842, mistral_7b_instruct_v03=492, qwen3_8b=0
[SCHEDULER_HEARTBEAT] running=[] | gpu0:free=25.9GiB util=46% | remaining: gemma_3_12b_it=2842, mistral_7b_instruct_v03=491, qwen3_8b=0
[SCHEDULER_HEARTBEAT] running=[] | gpu0:free=25.9GiB util=48% | remaining: gemma_3_12b_it=2842, mistral_7b_instruct_v03=491, qwen3_8b=0
[SCHEDULER_HEARTBEAT] running=[] | gpu0:free=25.9GiB util=47% | remaining: gemma_3_12b_it=2842, mistral_7b_instruct_v03=490, qwen3_8b=0
[SCHEDULER_HEARTBEAT] running=[] | gpu0:free=26.0GiB util=46% | remaining: gemma_3_12b_it=2842, mistral_7b_instruct_v03=490, qwen3_8b=0
[SCHEDULER_HEARTBEAT] running=[] | gpu0:free=26.1GiB util=47% | remaining: gemma_3_12b_it=2842, mistral_7b_instruct_v03=490, qwen3_8b=0
[SCHEDULER_HEARTBEAT] running=[] | gpu0:free=26.1GiB util=45% | remaining: gemma_3_12b_it=2842, mistral_7b_instruct_v03=489, qwen3_8b=0
[SCHEDULER_HEARTBEAT] running=[] | gpu0:free=25.9GiB util=43% | remaining: gemma_3_12b_it=2842, mistral_7b_instruct_v03=489, qwen3_8b=0
[SCHEDULER_HEARTBEAT] running=[] | gpu0:free=25.9GiB util=44% | remaining: gemma_3_12b_it=2842, mistral_7b_instruct_v03=489, qwen3_8b=0
[SCHEDULER_HEARTBEAT] running=[] | gpu0:free=26.0GiB util=71% | remaining: gemma_3_12b_it=2842, mistral_7b_instruct_v03=488, qwen3_8b=0
[SCHEDULER_HEARTBEAT] running=[] | gpu0:free=26.0GiB util=47% | remaining: gemma_3_12b_it=2842, mistral_7b_instruct_v03=488, qwen3_8b=0
[SCHEDULER_HEARTBEAT] running=[] | gpu0:free=26.1GiB util=47% | remaining: gemma_3_12b_it=2842, mistral_7b_instruct_v03=488, qwen3_8b=0
[SCHEDULER_HEARTBEAT] running=[] | gpu0:free=25.9GiB util=47% | remaining: gemma_3_12b_it=2842, mistral_7b_instruct_v03=487, qwen3_8b=0
[SCHEDULER_HEARTBEAT] running=[] | gpu0:free=25.9GiB util=47% | remaining: gemma_3_12b_it=2842, mistral_7b_instruct_v03=487, qwen3_8b=0
[SCHEDULER_HEARTBEAT] running=[] | gpu0:free=25.9GiB util=45% | remaining: gemma_3_12b_it=2842, mistral_7b_instruct_v03=486, qwen3_8b=0
[SCHEDULER_HEARTBEAT] running=[] | gpu0:free=26.1GiB util=45% | remaining: gemma_3_12b_it=2842, mistral_7b_instruct_v03=486, qwen3_8b=0
[SCHEDULER_HEARTBEAT] running=[] | gpu0:free=26.0GiB util=45% | remaining: gemma_3_12b_it=2842, mistral_7b_instruct_v03=485, qwen3_8b=0
[SCHEDULER_HEARTBEAT] running=[] | gpu0:free=26.1GiB util=45% | remaining: gemma_3_12b_it=2842, mistral_7b_instruct_v03=485, qwen3_8b=0
[SCHEDULER_HEARTBEAT] running=[] | gpu0:free=25.9GiB util=45% | remaining: gemma_3_12b_it=2842, mistral_7b_instruct_v03=484, qwen3_8b=0
[SCHEDULER_HEARTBEAT] running=[] | gpu0:free=26.0GiB util=48% | remaining: gemma_3_12b_it=2842, mistral_7b_instruct_v03=484, qwen3_8b=0
[SCHEDULER_HEARTBEAT] running=[] | gpu0:free=25.9GiB util=47% | remaining: gemma_3_12b_it=2842, mistral_7b_instruct_v03=484, qwen3_8b=0
[SCHEDULER_HEARTBEAT] running=[] | gpu0:free=25.9GiB util=49% | remaining: gemma_3_12b_it=2842, mistral_7b_instruct_v03=483, qwen3_8b=0
[SCHEDULER_HEARTBEAT] running=[] | gpu0:free=26.0GiB util=45% | remaining: gemma_3_12b_it=2842, mistral_7b_instruct_v03=483, qwen3_8b=0
[SCHEDULER_HEARTBEAT] running=[] | gpu0:free=26.1GiB util=44% | remaining: gemma_3_12b_it=2842, mistral_7b_instruct_v03=482, qwen3_8b=0
[SCHEDULER_HEARTBEAT] running=[] | gpu0:free=26.1GiB util=46% | remaining: gemma_3_12b_it=2842, mistral_7b_instruct_v03=482, qwen3_8b=0
[SCHEDULER_HEARTBEAT] running=[] | gpu0:free=26.1GiB util=47% | remaining: gemma_3_12b_it=2842, mistral_7b_instruct_v03=481, qwen3_8b=0
[SCHEDULER_HEARTBEAT] running=[] | gpu0:free=25.9GiB util=47% | remaining: gemma_3_12b_it=2842, mistral_7b_instruct_v03=481, qwen3_8b=0
[SCHEDULER_HEARTBEAT] running=[] | gpu0:free=25.9GiB util=45% | remaining: gemma_3_12b_it=2842, mistral_7b_instruct_v03=480, qwen3_8b=0
[SCHEDULER_HEARTBEAT] running=[] | gpu0:free=25.9GiB util=47% | remaining: gemma_3_12b_it=2842, mistral_7b_instruct_v03=480, qwen3_8b=0
[SCHEDULER_HEARTBEAT] running=[] | gpu0:free=26.0GiB util=46% | remaining: gemma_3_12b_it=2842, mistral_7b_instruct_v03=480, qwen3_8b=0
[SCHEDULER_HEARTBEAT] running=[] | gpu0:free=25.9GiB util=47% | remaining: gemma_3_12b_it=2842, mistral_7b_instruct_v03=479, qwen3_8b=0
[SCHEDULER_HEARTBEAT] running=[] | gpu0:free=25.9GiB util=46% | remaining: gemma_3_12b_it=2842, mistral_7b_instruct_v03=479, qwen3_8b=0
[SCHEDULER_HEARTBEAT] running=[] | gpu0:free=26.0GiB util=46% | remaining: gemma_3_12b_it=2842, mistral_7b_instruct_v03=478, qwen3_8b=0
[SCHEDULER_HEARTBEAT] running=[] | gpu0:free=25.9GiB util=48% | remaining: gemma_3_12b_it=2842, mistral_7b_instruct_v03=478, qwen3_8b=0
[SCHEDULER_HEARTBEAT] running=[] | gpu0:free=25.9GiB util=46% | remaining: gemma_3_12b_it=2842, mistral_7b_instruct_v03=478, qwen3_8b=0
[SCHEDULER_HEARTBEAT] running=[] | gpu0:free=26.1GiB util=46% | remaining: gemma_3_12b_it=2842, mistral_7b_instruct_v03=477, qwen3_8b=0
[SCHEDULER_HEARTBEAT] running=[] | gpu0:free=26.1GiB util=45% | remaining: gemma_3_12b_it=2842, mistral_7b_instruct_v03=477, qwen3_8b=0
[SCHEDULER_HEARTBEAT] running=[] | gpu0:free=26.1GiB util=44% | remaining: gemma_3_12b_it=2842, mistral_7b_instruct_v03=476, qwen3_8b=0
[SCHEDULER_HEARTBEAT] running=[] | gpu0:free=25.9GiB util=48% | remaining: gemma_3_12b_it=2842, mistral_7b_instruct_v03=476, qwen3_8b=0
[SCHEDULER_HEARTBEAT] running=[] | gpu0:free=25.9GiB util=45% | remaining: gemma_3_12b_it=2842, mistral_7b_instruct_v03=476, qwen3_8b=0
[SCHEDULER_HEARTBEAT] running=[] | gpu0:free=25.9GiB util=45% | remaining: gemma_3_12b_it=2842, mistral_7b_instruct_v03=476, qwen3_8b=0
[SCHEDULER_HEARTBEAT] running=[] | gpu0:free=25.9GiB util=46% | remaining: gemma_3_12b_it=2842, mistral_7b_instruct_v03=475, qwen3_8b=0
[SCHEDULER_HEARTBEAT] running=[] | gpu0:free=25.9GiB util=47% | remaining: gemma_3_12b_it=2842, mistral_7b_instruct_v03=475, qwen3_8b=0
[SCHEDULER_HEARTBEAT] running=[] | gpu0:free=26.0GiB util=44% | remaining: gemma_3_12b_it=2842, mistral_7b_instruct_v03=475, qwen3_8b=0
[SCHEDULER_HEARTBEAT] running=[] | gpu0:free=26.0GiB util=47% | remaining: gemma_3_12b_it=2842, mistral_7b_instruct_v03=474, qwen3_8b=0
[SCHEDULER_HEARTBEAT] running=[] | gpu0:free=26.0GiB util=48% | remaining: gemma_3_12b_it=2842, mistral_7b_instruct_v03=474, qwen3_8b=0
[SCHEDULER_HEARTBEAT] running=[] | gpu0:free=26.0GiB util=47% | remaining: gemma_3_12b_it=2842, mistral_7b_instruct_v03=473, qwen3_8b=0
[SCHEDULER_HEARTBEAT] running=[] | gpu0:free=26.1GiB util=48% | remaining: gemma_3_12b_it=2842, mistral_7b_instruct_v03=472, qwen3_8b=0
[SCHEDULER_HEARTBEAT] running=[] | gpu0:free=26.0GiB util=47% | remaining: gemma_3_12b_it=2842, mistral_7b_instruct_v03=472, qwen3_8b=0
[SCHEDULER_HEARTBEAT] running=[] | gpu0:free=26.0GiB util=46% | remaining: gemma_3_12b_it=2842, mistral_7b_instruct_v03=472, qwen3_8b=0
[SCHEDULER_HEARTBEAT] running=[] | gpu0:free=26.1GiB util=49% | remaining: gemma_3_12b_it=2842, mistral_7b_instruct_v03=472, qwen3_8b=0
[SCHEDULER_HEARTBEAT] running=[] | gpu0:free=26.0GiB util=46% | remaining: gemma_3_12b_it=2842, mistral_7b_instruct_v03=471, qwen3_8b=0
[SCHEDULER_HEARTBEAT] running=[] | gpu0:free=26.0GiB util=47% | remaining: gemma_3_12b_it=2842, mistral_7b_instruct_v03=471, qwen3_8b=0
[SCHEDULER_HEARTBEAT] running=[] | gpu0:free=25.9GiB util=45% | remaining: gemma_3_12b_it=2842, mistral_7b_instruct_v03=470, qwen3_8b=0
[SCHEDULER_HEARTBEAT] running=[] | gpu0:free=25.9GiB util=49% | remaining: gemma_3_12b_it=2842, mistral_7b_instruct_v03=470, qwen3_8b=0
[SCHEDULER_HEARTBEAT] running=[] | gpu0:free=26.0GiB util=46% | remaining: gemma_3_12b_it=2842, mistral_7b_instruct_v03=470, qwen3_8b=0
[SCHEDULER_HEARTBEAT] running=[] | gpu0:free=26.1GiB util=45% | remaining: gemma_3_12b_it=2842, mistral_7b_instruct_v03=470, qwen3_8b=0
[SCHEDULER_HEARTBEAT] running=[] | gpu0:free=26.1GiB util=47% | remaining: gemma_3_12b_it=2842, mistral_7b_instruct_v03=469, qwen3_8b=0
[SCHEDULER_HEARTBEAT] running=[] | gpu0:free=25.9GiB util=46% | remaining: gemma_3_12b_it=2842, mistral_7b_instruct_v03=469, qwen3_8b=0
[SCHEDULER_HEARTBEAT] running=[] | gpu0:free=26.0GiB util=47% | remaining: gemma_3_12b_it=2842, mistral_7b_instruct_v03=469, qwen3_8b=0
[SCHEDULER_HEARTBEAT] running=[] | gpu0:free=26.1GiB util=46% | remaining: gemma_3_12b_it=2842, mistral_7b_instruct_v03=468, qwen3_8b=0
[SCHEDULER_HEARTBEAT] running=[] | gpu0:free=26.0GiB util=46% | remaining: gemma_3_12b_it=2842, mistral_7b_instruct_v03=468, qwen3_8b=0
[SCHEDULER_HEARTBEAT] running=[] | gpu0:free=26.0GiB util=45% | remaining: gemma_3_12b_it=2842, mistral_7b_instruct_v03=468, qwen3_8b=0
[SCHEDULER_HEARTBEAT] running=[] | gpu0:free=25.9GiB util=46% | remaining: gemma_3_12b_it=2842, mistral_7b_instruct_v03=467, qwen3_8b=0
[SCHEDULER_HEARTBEAT] running=[] | gpu0:free=26.1GiB util=46% | remaining: gemma_3_12b_it=2842, mistral_7b_instruct_v03=467, qwen3_8b=0
[SCHEDULER_HEARTBEAT] running=[] | gpu0:free=26.1GiB util=47% | remaining: gemma_3_12b_it=2842, mistral_7b_instruct_v03=466, qwen3_8b=0
[SCHEDULER_HEARTBEAT] running=[] | gpu0:free=25.9GiB util=47% | remaining: gemma_3_12b_it=2842, mistral_7b_instruct_v03=466, qwen3_8b=0
[SCHEDULER_HEARTBEAT] running=[] | gpu0:free=25.9GiB util=46% | remaining: gemma_3_12b_it=2842, mistral_7b_instruct_v03=466, qwen3_8b=0
[SCHEDULER_HEARTBEAT] running=[] | gpu0:free=25.9GiB util=46% | remaining: gemma_3_12b_it=2842, mistral_7b_instruct_v03=465, qwen3_8b=0
[SCHEDULER_HEARTBEAT] running=[] | gpu0:free=26.1GiB util=49% | remaining: gemma_3_12b_it=2842, mistral_7b_instruct_v03=464, qwen3_8b=0
[SCHEDULER_HEARTBEAT] running=[] | gpu0:free=25.9GiB util=47% | remaining: gemma_3_12b_it=2842, mistral_7b_instruct_v03=464, qwen3_8b=0
[SCHEDULER_HEARTBEAT] running=[] | gpu0:free=26.0GiB util=46% | remaining: gemma_3_12b_it=2842, mistral_7b_instruct_v03=464, qwen3_8b=0
[SCHEDULER_HEARTBEAT] running=[] | gpu0:free=25.9GiB util=46% | remaining: gemma_3_12b_it=2842, mistral_7b_instruct_v03=464, qwen3_8b=0
[SCHEDULER_HEARTBEAT] running=[] | gpu0:free=25.9GiB util=45% | remaining: gemma_3_12b_it=2842, mistral_7b_instruct_v03=463, qwen3_8b=0
[SCHEDULER_HEARTBEAT] running=[] | gpu0:free=25.9GiB util=49% | remaining: gemma_3_12b_it=2842, mistral_7b_instruct_v03=463, qwen3_8b=0
[SCHEDULER_HEARTBEAT] running=[] | gpu0:free=25.9GiB util=47% | remaining: gemma_3_12b_it=2842, mistral_7b_instruct_v03=462, qwen3_8b=0
[SCHEDULER_HEARTBEAT] running=[] | gpu0:free=25.9GiB util=47% | remaining: gemma_3_12b_it=2842, mistral_7b_instruct_v03=462, qwen3_8b=0
[SCHEDULER_HEARTBEAT] running=[] | gpu0:free=26.0GiB util=46% | remaining: gemma_3_12b_it=2842, mistral_7b_instruct_v03=462, qwen3_8b=0
[SCHEDULER_HEARTBEAT] running=[] | gpu0:free=25.9GiB util=45% | remaining: gemma_3_12b_it=2842, mistral_7b_instruct_v03=461, qwen3_8b=0
[SCHEDULER_HEARTBEAT] running=[] | gpu0:free=26.0GiB util=46% | remaining: gemma_3_12b_it=2842, mistral_7b_instruct_v03=461, qwen3_8b=0
[SCHEDULER_HEARTBEAT] running=[] | gpu0:free=25.9GiB util=48% | remaining: gemma_3_12b_it=2842, mistral_7b_instruct_v03=460, qwen3_8b=0
[SCHEDULER_HEARTBEAT] running=[] | gpu0:free=25.9GiB util=45% | remaining: gemma_3_12b_it=2842, mistral_7b_instruct_v03=460, qwen3_8b=0
[SCHEDULER_HEARTBEAT] running=[] | gpu0:free=25.9GiB util=46% | remaining: gemma_3_12b_it=2842, mistral_7b_instruct_v03=459, qwen3_8b=0
[SCHEDULER_HEARTBEAT] running=[] | gpu0:free=25.9GiB util=48% | remaining: gemma_3_12b_it=2842, mistral_7b_instruct_v03=459, qwen3_8b=0
[SCHEDULER_HEARTBEAT] running=[] | gpu0:free=25.9GiB util=45% | remaining: gemma_3_12b_it=2842, mistral_7b_instruct_v03=459, qwen3_8b=0
[SCHEDULER_HEARTBEAT] running=[] | gpu0:free=25.9GiB util=47% | remaining: gemma_3_12b_it=2842, mistral_7b_instruct_v03=458, qwen3_8b=0
[SCHEDULER_HEARTBEAT] running=[] | gpu0:free=25.9GiB util=46% | remaining: gemma_3_12b_it=2842, mistral_7b_instruct_v03=458, qwen3_8b=0
[SCHEDULER_HEARTBEAT] running=[] | gpu0:free=25.9GiB util=47% | remaining: gemma_3_12b_it=2842, mistral_7b_instruct_v03=458, qwen3_8b=0
[SCHEDULER_HEARTBEAT] running=[] | gpu0:free=25.9GiB util=46% | remaining: gemma_3_12b_it=2842, mistral_7b_instruct_v03=457, qwen3_8b=0
[SCHEDULER_HEARTBEAT] running=[] | gpu0:free=26.0GiB util=47% | remaining: gemma_3_12b_it=2842, mistral_7b_instruct_v03=457, qwen3_8b=0
[SCHEDULER_HEARTBEAT] running=[] | gpu0:free=25.9GiB util=47% | remaining: gemma_3_12b_it=2842, mistral_7b_instruct_v03=457, qwen3_8b=0
[SCHEDULER_HEARTBEAT] running=[] | gpu0:free=25.9GiB util=45% | remaining: gemma_3_12b_it=2842, mistral_7b_instruct_v03=456, qwen3_8b=0
[SCHEDULER_HEARTBEAT] running=[] | gpu0:free=26.0GiB util=47% | remaining: gemma_3_12b_it=2842, mistral_7b_instruct_v03=456, qwen3_8b=0
[SCHEDULER_HEARTBEAT] running=[] | gpu0:free=26.1GiB util=47% | remaining: gemma_3_12b_it=2842, mistral_7b_instruct_v03=455, qwen3_8b=0
[SCHEDULER_HEARTBEAT] running=[] | gpu0:free=26.0GiB util=44% | remaining: gemma_3_12b_it=2842, mistral_7b_instruct_v03=455, qwen3_8b=0
[SCHEDULER_HEARTBEAT] running=[] | gpu0:free=26.0GiB util=45% | remaining: gemma_3_12b_it=2842, mistral_7b_instruct_v03=455, qwen3_8b=0
[SCHEDULER_HEARTBEAT] running=[] | gpu0:free=26.0GiB util=46% | remaining: gemma_3_12b_it=2842, mistral_7b_instruct_v03=455, qwen3_8b=0
[SCHEDULER_HEARTBEAT] running=[] | gpu0:free=25.8GiB util=47% | remaining: gemma_3_12b_it=2842, mistral_7b_instruct_v03=455, qwen3_8b=0
[SCHEDULER_HEARTBEAT] running=[] | gpu0:free=25.9GiB util=45% | remaining: gemma_3_12b_it=2842, mistral_7b_instruct_v03=454, qwen3_8b=0
[SCHEDULER_HEARTBEAT] running=[] | gpu0:free=26.1GiB util=45% | remaining: gemma_3_12b_it=2842, mistral_7b_instruct_v03=453, qwen3_8b=0
[SCHEDULER_HEARTBEAT] running=[] | gpu0:free=26.1GiB util=49% | remaining: gemma_3_12b_it=2842, mistral_7b_instruct_v03=453, qwen3_8b=0
[SCHEDULER_HEARTBEAT] running=[] | gpu0:free=26.0GiB util=45% | remaining: gemma_3_12b_it=2842, mistral_7b_instruct_v03=453, qwen3_8b=0
[SCHEDULER_HEARTBEAT] running=[] | gpu0:free=26.2GiB util=46% | remaining: gemma_3_12b_it=2842, mistral_7b_instruct_v03=452, qwen3_8b=0
[SCHEDULER_HEARTBEAT] running=[] | gpu0:free=25.9GiB util=46% | remaining: gemma_3_12b_it=2842, mistral_7b_instruct_v03=452, qwen3_8b=0
[SCHEDULER_HEARTBEAT] running=[] | gpu0:free=26.1GiB util=45% | remaining: gemma_3_12b_it=2842, mistral_7b_instruct_v03=452, qwen3_8b=0
[SCHEDULER_HEARTBEAT] running=[] | gpu0:free=26.1GiB util=46% | remaining: gemma_3_12b_it=2842, mistral_7b_instruct_v03=451, qwen3_8b=0
[SCHEDULER_HEARTBEAT] running=[] | gpu0:free=26.1GiB util=45% | remaining: gemma_3_12b_it=2842, mistral_7b_instruct_v03=451, qwen3_8b=0
[SCHEDULER_HEARTBEAT] running=[] | gpu0:free=26.1GiB util=47% | remaining: gemma_3_12b_it=2842, mistral_7b_instruct_v03=451, qwen3_8b=0
[SCHEDULER_HEARTBEAT] running=[] | gpu0:free=26.1GiB util=48% | remaining: gemma_3_12b_it=2842, mistral_7b_instruct_v03=451, qwen3_8b=0
[SCHEDULER_HEARTBEAT] running=[] | gpu0:free=26.1GiB util=45% | remaining: gemma_3_12b_it=2842, mistral_7b_instruct_v03=450, qwen3_8b=0
[SCHEDULER_HEARTBEAT] running=[] | gpu0:free=26.0GiB util=45% | remaining: gemma_3_12b_it=2842, mistral_7b_instruct_v03=450, qwen3_8b=0
[SCHEDULER_HEARTBEAT] running=[] | gpu0:free=25.9GiB util=48% | remaining: gemma_3_12b_it=2842, mistral_7b_instruct_v03=449, qwen3_8b=0
[SCHEDULER_HEARTBEAT] running=[] | gpu0:free=26.0GiB util=46% | remaining: gemma_3_12b_it=2842, mistral_7b_instruct_v03=449, qwen3_8b=0
[SCHEDULER_HEARTBEAT] running=[] | gpu0:free=26.1GiB util=45% | remaining: gemma_3_12b_it=2842, mistral_7b_instruct_v03=448, qwen3_8b=0
[SCHEDULER_HEARTBEAT] running=[] | gpu0:free=26.1GiB util=48% | remaining: gemma_3_12b_it=2842, mistral_7b_instruct_v03=448, qwen3_8b=0
[SCHEDULER_HEARTBEAT] running=[] | gpu0:free=25.9GiB util=46% | remaining: gemma_3_12b_it=2842, mistral_7b_instruct_v03=448, qwen3_8b=0
[SCHEDULER_HEARTBEAT] running=[] | gpu0:free=26.1GiB util=46% | remaining: gemma_3_12b_it=2842, mistral_7b_instruct_v03=447, qwen3_8b=0
[SCHEDULER_HEARTBEAT] running=[] | gpu0:free=26.0GiB util=48% | remaining: gemma_3_12b_it=2842, mistral_7b_instruct_v03=447, qwen3_8b=0
[SCHEDULER_HEARTBEAT] running=[] | gpu0:free=26.1GiB util=45% | remaining: gemma_3_12b_it=2842, mistral_7b_instruct_v03=446, qwen3_8b=0
[SCHEDULER_HEARTBEAT] running=[] | gpu0:free=26.1GiB util=48% | remaining: gemma_3_12b_it=2842, mistral_7b_instruct_v03=445, qwen3_8b=0
[SCHEDULER_HEARTBEAT] running=[] | gpu0:free=26.1GiB util=46% | remaining: gemma_3_12b_it=2842, mistral_7b_instruct_v03=445, qwen3_8b=0
[SCHEDULER_HEARTBEAT] running=[] | gpu0:free=25.9GiB util=46% | remaining: gemma_3_12b_it=2842, mistral_7b_instruct_v03=445, qwen3_8b=0
[SCHEDULER_HEARTBEAT] running=[] | gpu0:free=25.9GiB util=46% | remaining: gemma_3_12b_it=2842, mistral_7b_instruct_v03=445, qwen3_8b=0
[SCHEDULER_HEARTBEAT] running=[] | gpu0:free=25.9GiB util=44% | remaining: gemma_3_12b_it=2842, mistral_7b_instruct_v03=444, qwen3_8b=0
[SCHEDULER_HEARTBEAT] running=[] | gpu0:free=26.1GiB util=47% | remaining: gemma_3_12b_it=2842, mistral_7b_instruct_v03=444, qwen3_8b=0
[SCHEDULER_HEARTBEAT] running=[] | gpu0:free=25.9GiB util=45% | remaining: gemma_3_12b_it=2842, mistral_7b_instruct_v03=444, qwen3_8b=0
[SCHEDULER_HEARTBEAT] running=[] | gpu0:free=26.0GiB util=44% | remaining: gemma_3_12b_it=2842, mistral_7b_instruct_v03=444, qwen3_8b=0
[SCHEDULER_HEARTBEAT] running=[] | gpu0:free=26.1GiB util=45% | remaining: gemma_3_12b_it=2842, mistral_7b_instruct_v03=443, qwen3_8b=0
[SCHEDULER_HEARTBEAT] running=[] | gpu0:free=25.9GiB util=45% | remaining: gemma_3_12b_it=2842, mistral_7b_instruct_v03=443, qwen3_8b=0
[SCHEDULER_HEARTBEAT] running=[] | gpu0:free=26.0GiB util=45% | remaining: gemma_3_12b_it=2842, mistral_7b_instruct_v03=443, qwen3_8b=0
[SCHEDULER_HEARTBEAT] running=[] | gpu0:free=26.1GiB util=48% | remaining: gemma_3_12b_it=2842, mistral_7b_instruct_v03=443, qwen3_8b=0
[SCHEDULER_HEARTBEAT] running=[] | gpu0:free=25.9GiB util=44% | remaining: gemma_3_12b_it=2842, mistral_7b_instruct_v03=442, qwen3_8b=0
[SCHEDULER_HEARTBEAT] running=[] | gpu0:free=26.0GiB util=47% | remaining: gemma_3_12b_it=2842, mistral_7b_instruct_v03=442, qwen3_8b=0
[SCHEDULER_HEARTBEAT] running=[] | gpu0:free=25.9GiB util=46% | remaining: gemma_3_12b_it=2842, mistral_7b_instruct_v03=442, qwen3_8b=0
[SCHEDULER_HEARTBEAT] running=[] | gpu0:free=25.9GiB util=45% | remaining: gemma_3_12b_it=2842, mistral_7b_instruct_v03=442, qwen3_8b=0
[SCHEDULER_HEARTBEAT] running=[] | gpu0:free=26.1GiB util=45% | remaining: gemma_3_12b_it=2842, mistral_7b_instruct_v03=441, qwen3_8b=0
[SCHEDULER_HEARTBEAT] running=[] | gpu0:free=26.0GiB util=45% | remaining: gemma_3_12b_it=2842, mistral_7b_instruct_v03=441, qwen3_8b=0
[SCHEDULER_HEARTBEAT] running=[] | gpu0:free=26.0GiB util=48% | remaining: gemma_3_12b_it=2842, mistral_7b_instruct_v03=441, qwen3_8b=0
[SCHEDULER_HEARTBEAT] running=[] | gpu0:free=26.0GiB util=46% | remaining: gemma_3_12b_it=2842, mistral_7b_instruct_v03=441, qwen3_8b=0
[SCHEDULER_HEARTBEAT] running=[] | gpu0:free=26.1GiB util=44% | remaining: gemma_3_12b_it=2842, mistral_7b_instruct_v03=440, qwen3_8b=0
[SCHEDULER_HEARTBEAT] running=[] | gpu0:free=26.1GiB util=45% | remaining: gemma_3_12b_it=2842, mistral_7b_instruct_v03=440, qwen3_8b=0
[SCHEDULER_HEARTBEAT] running=[] | gpu0:free=25.9GiB util=46% | remaining: gemma_3_12b_it=2842, mistral_7b_instruct_v03=440, qwen3_8b=0
[SCHEDULER_HEARTBEAT] running=[] | gpu0:free=26.0GiB util=47% | remaining: gemma_3_12b_it=2842, mistral_7b_instruct_v03=439, qwen3_8b=0
[SCHEDULER_HEARTBEAT] running=[] | gpu0:free=25.9GiB util=48% | remaining: gemma_3_12b_it=2842, mistral_7b_instruct_v03=439, qwen3_8b=0
[SCHEDULER_HEARTBEAT] running=[] | gpu0:free=25.9GiB util=46% | remaining: gemma_3_12b_it=2842, mistral_7b_instruct_v03=438, qwen3_8b=0
[SCHEDULER_HEARTBEAT] running=[] | gpu0:free=26.1GiB util=48% | remaining: gemma_3_12b_it=2842, mistral_7b_instruct_v03=438, qwen3_8b=0
[SCHEDULER_HEARTBEAT] running=[] | gpu0:free=26.1GiB util=47% | remaining: gemma_3_12b_it=2842, mistral_7b_instruct_v03=438, qwen3_8b=0
[SCHEDULER_HEARTBEAT] running=[] | gpu0:free=25.9GiB util=46% | remaining: gemma_3_12b_it=2842, mistral_7b_instruct_v03=438, qwen3_8b=0
[SCHEDULER_HEARTBEAT] running=[] | gpu0:free=26.1GiB util=46% | remaining: gemma_3_12b_it=2842, mistral_7b_instruct_v03=437, qwen3_8b=0
[SCHEDULER_HEARTBEAT] running=[] | gpu0:free=26.0GiB util=47% | remaining: gemma_3_12b_it=2842, mistral_7b_instruct_v03=437, qwen3_8b=0
[SCHEDULER_HEARTBEAT] running=[] | gpu0:free=26.0GiB util=46% | remaining: gemma_3_12b_it=2842, mistral_7b_instruct_v03=436, qwen3_8b=0
[SCHEDULER_HEARTBEAT] running=[] | gpu0:free=26.0GiB util=47% | remaining: gemma_3_12b_it=2842, mistral_7b_instruct_v03=436, qwen3_8b=0
[SCHEDULER_HEARTBEAT] running=[] | gpu0:free=25.9GiB util=46% | remaining: gemma_3_12b_it=2842, mistral_7b_instruct_v03=436, qwen3_8b=0
[SCHEDULER_HEARTBEAT] running=[] | gpu0:free=26.1GiB util=46% | remaining: gemma_3_12b_it=2842, mistral_7b_instruct_v03=436, qwen3_8b=0
[SCHEDULER_HEARTBEAT] running=[] | gpu0:free=26.1GiB util=45% | remaining: gemma_3_12b_it=2842, mistral_7b_instruct_v03=435, qwen3_8b=0
[SCHEDULER_HEARTBEAT] running=[] | gpu0:free=26.1GiB util=45% | remaining: gemma_3_12b_it=2842, mistral_7b_instruct_v03=435, qwen3_8b=0
[SCHEDULER_HEARTBEAT] running=[] | gpu0:free=25.9GiB util=47% | remaining: gemma_3_12b_it=2842, mistral_7b_instruct_v03=435, qwen3_8b=0
[SCHEDULER_HEARTBEAT] running=[] | gpu0:free=25.9GiB util=47% | remaining: gemma_3_12b_it=2842, mistral_7b_instruct_v03=435, qwen3_8b=0
[SCHEDULER_HEARTBEAT] running=[] | gpu0:free=26.1GiB util=47% | remaining: gemma_3_12b_it=2842, mistral_7b_instruct_v03=434, qwen3_8b=0
[SCHEDULER_HEARTBEAT] running=[] | gpu0:free=26.1GiB util=46% | remaining: gemma_3_12b_it=2842, mistral_7b_instruct_v03=434, qwen3_8b=0
[SCHEDULER_HEARTBEAT] running=[] | gpu0:free=25.9GiB util=46% | remaining: gemma_3_12b_it=2842, mistral_7b_instruct_v03=434, qwen3_8b=0
[SCHEDULER_HEARTBEAT] running=[] | gpu0:free=26.0GiB util=47% | remaining: gemma_3_12b_it=2842, mistral_7b_instruct_v03=434, qwen3_8b=0
[SCHEDULER_HEARTBEAT] running=[] | gpu0:free=25.9GiB util=47% | remaining: gemma_3_12b_it=2842, mistral_7b_instruct_v03=433, qwen3_8b=0
[SCHEDULER_HEARTBEAT] running=[] | gpu0:free=26.0GiB util=45% | remaining: gemma_3_12b_it=2842, mistral_7b_instruct_v03=433, qwen3_8b=0
[SCHEDULER_HEARTBEAT] running=[] | gpu0:free=26.0GiB util=46% | remaining: gemma_3_12b_it=2842, mistral_7b_instruct_v03=433, qwen3_8b=0
[SCHEDULER_HEARTBEAT] running=[] | gpu0:free=26.2GiB util=46% | remaining: gemma_3_12b_it=2842, mistral_7b_instruct_v03=432, qwen3_8b=0
[SCHEDULER_HEARTBEAT] running=[] | gpu0:free=26.0GiB util=46% | remaining: gemma_3_12b_it=2842, mistral_7b_instruct_v03=432, qwen3_8b=0
[SCHEDULER_HEARTBEAT] running=[] | gpu0:free=25.9GiB util=46% | remaining: gemma_3_12b_it=2842, mistral_7b_instruct_v03=431, qwen3_8b=0
[SCHEDULER_HEARTBEAT] running=[] | gpu0:free=26.1GiB util=46% | remaining: gemma_3_12b_it=2842, mistral_7b_instruct_v03=431, qwen3_8b=0
[SCHEDULER_HEARTBEAT] running=[] | gpu0:free=25.9GiB util=46% | remaining: gemma_3_12b_it=2842, mistral_7b_instruct_v03=431, qwen3_8b=0
[SCHEDULER_HEARTBEAT] running=[] | gpu0:free=25.9GiB util=45% | remaining: gemma_3_12b_it=2842, mistral_7b_instruct_v03=431, qwen3_8b=0
[SCHEDULER_HEARTBEAT] running=[] | gpu0:free=26.1GiB util=44% | remaining: gemma_3_12b_it=2842, mistral_7b_instruct_v03=430, qwen3_8b=0
[SCHEDULER_HEARTBEAT] running=[] | gpu0:free=26.0GiB util=46% | remaining: gemma_3_12b_it=2842, mistral_7b_instruct_v03=430, qwen3_8b=0
[SCHEDULER_HEARTBEAT] running=[] | gpu0:free=26.0GiB util=45% | remaining: gemma_3_12b_it=2842, mistral_7b_instruct_v03=430, qwen3_8b=0
[SCHEDULER_HEARTBEAT] running=[] | gpu0:free=25.9GiB util=46% | remaining: gemma_3_12b_it=2842, mistral_7b_instruct_v03=430, qwen3_8b=0
[SCHEDULER_HEARTBEAT] running=[] | gpu0:free=25.9GiB util=50% | remaining: gemma_3_12b_it=2842, mistral_7b_instruct_v03=429, qwen3_8b=0
[SCHEDULER_HEARTBEAT] running=[] | gpu0:free=25.9GiB util=46% | remaining: gemma_3_12b_it=2842, mistral_7b_instruct_v03=428, qwen3_8b=0
[SCHEDULER_HEARTBEAT] running=[] | gpu0:free=26.0GiB util=47% | remaining: gemma_3_12b_it=2842, mistral_7b_instruct_v03=428, qwen3_8b=0
[SCHEDULER_HEARTBEAT] running=[] | gpu0:free=26.1GiB util=47% | remaining: gemma_3_12b_it=2842, mistral_7b_instruct_v03=428, qwen3_8b=0
[SCHEDULER_HEARTBEAT] running=[] | gpu0:free=25.9GiB util=46% | remaining: gemma_3_12b_it=2842, mistral_7b_instruct_v03=428, qwen3_8b=0
[SCHEDULER_HEARTBEAT] running=[] | gpu0:free=26.0GiB util=46% | remaining: gemma_3_12b_it=2842, mistral_7b_instruct_v03=428, qwen3_8b=0
[SCHEDULER_HEARTBEAT] running=[] | gpu0:free=26.0GiB util=48% | remaining: gemma_3_12b_it=2842, mistral_7b_instruct_v03=427, qwen3_8b=0
[SCHEDULER_HEARTBEAT] running=[] | gpu0:free=26.0GiB util=48% | remaining: gemma_3_12b_it=2842, mistral_7b_instruct_v03=427, qwen3_8b=0
[SCHEDULER_HEARTBEAT] running=[] | gpu0:free=25.9GiB util=47% | remaining: gemma_3_12b_it=2842, mistral_7b_instruct_v03=427, qwen3_8b=0
[SCHEDULER_HEARTBEAT] running=[] | gpu0:free=25.9GiB util=47% | remaining: gemma_3_12b_it=2842, mistral_7b_instruct_v03=426, qwen3_8b=0
[SCHEDULER_HEARTBEAT] running=[] | gpu0:free=26.0GiB util=46% | remaining: gemma_3_12b_it=2842, mistral_7b_instruct_v03=426, qwen3_8b=0
[SCHEDULER_HEARTBEAT] running=[] | gpu0:free=25.9GiB util=44% | remaining: gemma_3_12b_it=2842, mistral_7b_instruct_v03=426, qwen3_8b=0
[SCHEDULER_HEARTBEAT] running=[] | gpu0:free=25.9GiB util=45% | remaining: gemma_3_12b_it=2842, mistral_7b_instruct_v03=425, qwen3_8b=0
[SCHEDULER_HEARTBEAT] running=[] | gpu0:free=26.0GiB util=46% | remaining: gemma_3_12b_it=2842, mistral_7b_instruct_v03=425, qwen3_8b=0
[SCHEDULER_HEARTBEAT] running=[] | gpu0:free=26.0GiB util=47% | remaining: gemma_3_12b_it=2842, mistral_7b_instruct_v03=425, qwen3_8b=0
[SCHEDULER_HEARTBEAT] running=[] | gpu0:free=26.0GiB util=47% | remaining: gemma_3_12b_it=2842, mistral_7b_instruct_v03=425, qwen3_8b=0
[SCHEDULER_HEARTBEAT] running=[] | gpu0:free=26.1GiB util=47% | remaining: gemma_3_12b_it=2842, mistral_7b_instruct_v03=424, qwen3_8b=0
[SCHEDULER_HEARTBEAT] running=[] | gpu0:free=26.1GiB util=49% | remaining: gemma_3_12b_it=2842, mistral_7b_instruct_v03=424, qwen3_8b=0
[SCHEDULER_HEARTBEAT] running=[] | gpu0:free=25.9GiB util=50% | remaining: gemma_3_12b_it=2842, mistral_7b_instruct_v03=424, qwen3_8b=0
[SCHEDULER_HEARTBEAT] running=[] | gpu0:free=25.9GiB util=46% | remaining: gemma_3_12b_it=2842, mistral_7b_instruct_v03=424, qwen3_8b=0
[SCHEDULER_HEARTBEAT] running=[] | gpu0:free=26.1GiB util=47% | remaining: gemma_3_12b_it=2842, mistral_7b_instruct_v03=423, qwen3_8b=0
[SCHEDULER_HEARTBEAT] running=[] | gpu0:free=26.0GiB util=45% | remaining: gemma_3_12b_it=2842, mistral_7b_instruct_v03=423, qwen3_8b=0
[SCHEDULER_HEARTBEAT] running=[] | gpu0:free=25.9GiB util=47% | remaining: gemma_3_12b_it=2842, mistral_7b_instruct_v03=423, qwen3_8b=0
[SCHEDULER_HEARTBEAT] running=[] | gpu0:free=26.1GiB util=48% | remaining: gemma_3_12b_it=2842, mistral_7b_instruct_v03=422, qwen3_8b=0
[SCHEDULER_HEARTBEAT] running=[] | gpu0:free=25.9GiB util=46% | remaining: gemma_3_12b_it=2842, mistral_7b_instruct_v03=422, qwen3_8b=0
[SCHEDULER_HEARTBEAT] running=[] | gpu0:free=26.1GiB util=48% | remaining: gemma_3_12b_it=2842, mistral_7b_instruct_v03=422, qwen3_8b=0
[SCHEDULER_HEARTBEAT] running=[] | gpu0:free=25.9GiB util=48% | remaining: gemma_3_12b_it=2842, mistral_7b_instruct_v03=422, qwen3_8b=0
[SCHEDULER_HEARTBEAT] running=[] | gpu0:free=25.9GiB util=47% | remaining: gemma_3_12b_it=2842, mistral_7b_instruct_v03=421, qwen3_8b=0
[SCHEDULER_HEARTBEAT] running=[] | gpu0:free=25.9GiB util=48% | remaining: gemma_3_12b_it=2842, mistral_7b_instruct_v03=421, qwen3_8b=0
[SCHEDULER_HEARTBEAT] running=[] | gpu0:free=26.0GiB util=48% | remaining: gemma_3_12b_it=2842, mistral_7b_instruct_v03=421, qwen3_8b=0
[SCHEDULER_HEARTBEAT] running=[] | gpu0:free=25.9GiB util=48% | remaining: gemma_3_12b_it=2842, mistral_7b_instruct_v03=421, qwen3_8b=0
[SCHEDULER_HEARTBEAT] running=[] | gpu0:free=26.0GiB util=47% | remaining: gemma_3_12b_it=2842, mistral_7b_instruct_v03=420, qwen3_8b=0
[SCHEDULER_HEARTBEAT] running=[] | gpu0:free=26.1GiB util=48% | remaining: gemma_3_12b_it=2842, mistral_7b_instruct_v03=420, qwen3_8b=0
[SCHEDULER_HEARTBEAT] running=[] | gpu0:free=26.0GiB util=49% | remaining: gemma_3_12b_it=2842, mistral_7b_instruct_v03=420, qwen3_8b=0
[SCHEDULER_HEARTBEAT] running=[] | gpu0:free=25.9GiB util=48% | remaining: gemma_3_12b_it=2842, mistral_7b_instruct_v03=419, qwen3_8b=0
[SCHEDULER_HEARTBEAT] running=[] | gpu0:free=25.9GiB util=47% | remaining: gemma_3_12b_it=2842, mistral_7b_instruct_v03=419, qwen3_8b=0
[SCHEDULER_HEARTBEAT] running=[] | gpu0:free=26.0GiB util=49% | remaining: gemma_3_12b_it=2842, mistral_7b_instruct_v03=419, qwen3_8b=0
[SCHEDULER_HEARTBEAT] running=[] | gpu0:free=26.1GiB util=39% | remaining: gemma_3_12b_it=2842, mistral_7b_instruct_v03=418, qwen3_8b=0
[SCHEDULER_HEARTBEAT] running=[] | gpu0:free=26.1GiB util=39% | remaining: gemma_3_12b_it=2842, mistral_7b_instruct_v03=418, qwen3_8b=0
[SCHEDULER_HEARTBEAT] running=[] | gpu0:free=26.1GiB util=47% | remaining: gemma_3_12b_it=2842, mistral_7b_instruct_v03=418, qwen3_8b=0
[SCHEDULER_HEARTBEAT] running=[] | gpu0:free=25.9GiB util=46% | remaining: gemma_3_12b_it=2842, mistral_7b_instruct_v03=417, qwen3_8b=0
[SCHEDULER_HEARTBEAT] running=[] | gpu0:free=25.9GiB util=45% | remaining: gemma_3_12b_it=2842, mistral_7b_instruct_v03=417, qwen3_8b=0
[SCHEDULER_HEARTBEAT] running=[] | gpu0:free=26.0GiB util=46% | remaining: gemma_3_12b_it=2842, mistral_7b_instruct_v03=417, qwen3_8b=0
[SCHEDULER_HEARTBEAT] running=[] | gpu0:free=25.9GiB util=47% | remaining: gemma_3_12b_it=2842, mistral_7b_instruct_v03=417, qwen3_8b=0
[SCHEDULER_HEARTBEAT] running=[] | gpu0:free=26.1GiB util=46% | remaining: gemma_3_12b_it=2842, mistral_7b_instruct_v03=417, qwen3_8b=0
[SCHEDULER_HEARTBEAT] running=[] | gpu0:free=25.9GiB util=46% | remaining: gemma_3_12b_it=2842, mistral_7b_instruct_v03=416, qwen3_8b=0
[SCHEDULER_HEARTBEAT] running=[] | gpu0:free=25.9GiB util=46% | remaining: gemma_3_12b_it=2842, mistral_7b_instruct_v03=416, qwen3_8b=0
[SCHEDULER_HEARTBEAT] running=[] | gpu0:free=26.0GiB util=46% | remaining: gemma_3_12b_it=2842, mistral_7b_instruct_v03=415, qwen3_8b=0
[SCHEDULER_HEARTBEAT] running=[] | gpu0:free=18.1GiB util=48% | remaining: gemma_3_12b_it=2842, mistral_7b_instruct_v03=415, qwen3_8b=0
[SCHEDULER_HEARTBEAT] running=[] | gpu0:free=16.2GiB util=70% | remaining: gemma_3_12b_it=2842, mistral_7b_instruct_v03=415, qwen3_8b=0
[SCHEDULER_HEARTBEAT] running=[] | gpu0:free=16.2GiB util=70% | remaining: gemma_3_12b_it=2842, mistral_7b_instruct_v03=415, qwen3_8b=0
[SCHEDULER_HEARTBEAT] running=[] | gpu0:free=16.1GiB util=74% | remaining: gemma_3_12b_it=2842, mistral_7b_instruct_v03=414, qwen3_8b=0
[SCHEDULER_HEARTBEAT] running=[] | gpu0:free=16.1GiB util=74% | remaining: gemma_3_12b_it=2842, mistral_7b_instruct_v03=414, qwen3_8b=0
[SCHEDULER_HEARTBEAT] running=[] | gpu0:free=16.2GiB util=69% | remaining: gemma_3_12b_it=2842, mistral_7b_instruct_v03=414, qwen3_8b=0
[SCHEDULER_HEARTBEAT] running=[] | gpu0:free=16.2GiB util=73% | remaining: gemma_3_12b_it=2842, mistral_7b_instruct_v03=414, qwen3_8b=0
[SCHEDULER_HEARTBEAT] running=[] | gpu0:free=16.2GiB util=70% | remaining: gemma_3_12b_it=2842, mistral_7b_instruct_v03=414, qwen3_8b=0
[SCHEDULER_HEARTBEAT] running=[] | gpu0:free=16.3GiB util=71% | remaining: gemma_3_12b_it=2842, mistral_7b_instruct_v03=413, qwen3_8b=0
[SCHEDULER_HEARTBEAT] running=[] | gpu0:free=16.2GiB util=73% | remaining: gemma_3_12b_it=2842, mistral_7b_instruct_v03=413, qwen3_8b=0
[SCHEDULER_HEARTBEAT] running=[] | gpu0:free=16.3GiB util=74% | remaining: gemma_3_12b_it=2842, mistral_7b_instruct_v03=412, qwen3_8b=0
[SCHEDULER_HEARTBEAT] running=[] | gpu0:free=16.3GiB util=75% | remaining: gemma_3_12b_it=2842, mistral_7b_instruct_v03=412, qwen3_8b=0
[SCHEDULER_HEARTBEAT] running=[] | gpu0:free=16.3GiB util=72% | remaining: gemma_3_12b_it=2842, mistral_7b_instruct_v03=412, qwen3_8b=0
[SCHEDULER_HEARTBEAT] running=[] | gpu0:free=16.1GiB util=71% | remaining: gemma_3_12b_it=2842, mistral_7b_instruct_v03=412, qwen3_8b=0
[SCHEDULER_HEARTBEAT] running=[] | gpu0:free=16.3GiB util=72% | remaining: gemma_3_12b_it=2842, mistral_7b_instruct_v03=411, qwen3_8b=0
[SCHEDULER_HEARTBEAT] running=[] | gpu0:free=16.2GiB util=71% | remaining: gemma_3_12b_it=2842, mistral_7b_instruct_v03=411, qwen3_8b=0
[SCHEDULER_HEARTBEAT] running=[] | gpu0:free=26.0GiB util=49% | remaining: gemma_3_12b_it=2842, mistral_7b_instruct_v03=410, qwen3_8b=0
[SCHEDULER_HEARTBEAT] running=[] | gpu0:free=16.2GiB util=69% | remaining: gemma_3_12b_it=2842, mistral_7b_instruct_v03=410, qwen3_8b=0
[SCHEDULER_HEARTBEAT] running=[] | gpu0:free=16.1GiB util=74% | remaining: gemma_3_12b_it=2842, mistral_7b_instruct_v03=410, qwen3_8b=0
[SCHEDULER_HEARTBEAT] running=[] | gpu0:free=16.3GiB util=72% | remaining: gemma_3_12b_it=2842, mistral_7b_instruct_v03=409, qwen3_8b=0
[SCHEDULER_HEARTBEAT] running=[] | gpu0:free=16.1GiB util=73% | remaining: gemma_3_12b_it=2842, mistral_7b_instruct_v03=409, qwen3_8b=0
[SCHEDULER_HEARTBEAT] running=[] | gpu0:free=16.1GiB util=72% | remaining: gemma_3_12b_it=2842, mistral_7b_instruct_v03=409, qwen3_8b=0
[SCHEDULER_HEARTBEAT] running=[] | gpu0:free=16.1GiB util=71% | remaining: gemma_3_12b_it=2842, mistral_7b_instruct_v03=408, qwen3_8b=0
[SCHEDULER_HEARTBEAT] running=[] | gpu0:free=16.4GiB util=72% | remaining: gemma_3_12b_it=2842, mistral_7b_instruct_v03=408, qwen3_8b=0
[SCHEDULER_HEARTBEAT] running=[] | gpu0:free=16.3GiB util=70% | remaining: gemma_3_12b_it=2842, mistral_7b_instruct_v03=408, qwen3_8b=0
[SCHEDULER_HEARTBEAT] running=[] | gpu0:free=16.1GiB util=70% | remaining: gemma_3_12b_it=2842, mistral_7b_instruct_v03=408, qwen3_8b=0
[SCHEDULER_HEARTBEAT] running=[] | gpu0:free=16.1GiB util=73% | remaining: gemma_3_12b_it=2842, mistral_7b_instruct_v03=407, qwen3_8b=0
[SCHEDULER_HEARTBEAT] running=[] | gpu0:free=16.4GiB util=72% | remaining: gemma_3_12b_it=2842, mistral_7b_instruct_v03=406, qwen3_8b=0
[SCHEDULER_HEARTBEAT] running=[] | gpu0:free=16.3GiB util=72% | remaining: gemma_3_12b_it=2842, mistral_7b_instruct_v03=406, qwen3_8b=0
[SCHEDULER_HEARTBEAT] running=[] | gpu0:free=16.2GiB util=70% | remaining: gemma_3_12b_it=2842, mistral_7b_instruct_v03=406, qwen3_8b=0
[SCHEDULER_HEARTBEAT] running=[] | gpu0:free=16.3GiB util=75% | remaining: gemma_3_12b_it=2842, mistral_7b_instruct_v03=405, qwen3_8b=0
[SCHEDULER_HEARTBEAT] running=[] | gpu0:free=16.1GiB util=70% | remaining: gemma_3_12b_it=2842, mistral_7b_instruct_v03=405, qwen3_8b=0
[SCHEDULER_HEARTBEAT] running=[] | gpu0:free=16.2GiB util=70% | remaining: gemma_3_12b_it=2842, mistral_7b_instruct_v03=405, qwen3_8b=0
[SCHEDULER_HEARTBEAT] running=[] | gpu0:free=16.2GiB util=72% | remaining: gemma_3_12b_it=2842, mistral_7b_instruct_v03=405, qwen3_8b=0
[SCHEDULER_HEARTBEAT] running=[] | gpu0:free=16.3GiB util=70% | remaining: gemma_3_12b_it=2842, mistral_7b_instruct_v03=404, qwen3_8b=0
[SCHEDULER_HEARTBEAT] running=[] | gpu0:free=16.1GiB util=70% | remaining: gemma_3_12b_it=2842, mistral_7b_instruct_v03=404, qwen3_8b=0
[SCHEDULER_HEARTBEAT] running=[] | gpu0:free=16.2GiB util=70% | remaining: gemma_3_12b_it=2842, mistral_7b_instruct_v03=404, qwen3_8b=0
[SCHEDULER_HEARTBEAT] running=[] | gpu0:free=16.1GiB util=70% | remaining: gemma_3_12b_it=2842, mistral_7b_instruct_v03=404, qwen3_8b=0
[SCHEDULER_HEARTBEAT] running=[] | gpu0:free=16.0GiB util=71% | remaining: gemma_3_12b_it=2842, mistral_7b_instruct_v03=404, qwen3_8b=0
[SCHEDULER_HEARTBEAT] running=[] | gpu0:free=16.1GiB util=74% | remaining: gemma_3_12b_it=2842, mistral_7b_instruct_v03=403, qwen3_8b=0
[SCHEDULER_HEARTBEAT] running=[] | gpu0:free=16.2GiB util=74% | remaining: gemma_3_12b_it=2842, mistral_7b_instruct_v03=403, qwen3_8b=0
[SCHEDULER_HEARTBEAT] running=[] | gpu0:free=16.2GiB util=75% | remaining: gemma_3_12b_it=2842, mistral_7b_instruct_v03=403, qwen3_8b=0
[SCHEDULER_HEARTBEAT] running=[] | gpu0:free=16.1GiB util=70% | remaining: gemma_3_12b_it=2842, mistral_7b_instruct_v03=402, qwen3_8b=0
[SCHEDULER_HEARTBEAT] running=[] | gpu0:free=16.2GiB util=70% | remaining: gemma_3_12b_it=2842, mistral_7b_instruct_v03=402, qwen3_8b=0
[SCHEDULER_HEARTBEAT] running=[] | gpu0:free=16.1GiB util=71% | remaining: gemma_3_12b_it=2842, mistral_7b_instruct_v03=402, qwen3_8b=0
[SCHEDULER_HEARTBEAT] running=[] | gpu0:free=16.3GiB util=77% | remaining: gemma_3_12b_it=2842, mistral_7b_instruct_v03=402, qwen3_8b=0
[SCHEDULER_HEARTBEAT] running=[] | gpu0:free=16.4GiB util=75% | remaining: gemma_3_12b_it=2842, mistral_7b_instruct_v03=401, qwen3_8b=0
[SCHEDULER_HEARTBEAT] running=[] | gpu0:free=16.3GiB util=74% | remaining: gemma_3_12b_it=2842, mistral_7b_instruct_v03=401, qwen3_8b=0
[SCHEDULER_HEARTBEAT] running=[] | gpu0:free=16.1GiB util=76% | remaining: gemma_3_12b_it=2842, mistral_7b_instruct_v03=401, qwen3_8b=0
[SCHEDULER_HEARTBEAT] running=[] | gpu0:free=16.1GiB util=86% | remaining: gemma_3_12b_it=2842, mistral_7b_instruct_v03=400, qwen3_8b=0
[SCHEDULER_HEARTBEAT] running=[] | gpu0:free=16.2GiB util=73% | remaining: gemma_3_12b_it=2842, mistral_7b_instruct_v03=400, qwen3_8b=0
[SCHEDULER_HEARTBEAT] running=[] | gpu0:free=16.1GiB util=72% | remaining: gemma_3_12b_it=2842, mistral_7b_instruct_v03=400, qwen3_8b=0
[SCHEDULER_HEARTBEAT] running=[] | gpu0:free=16.1GiB util=71% | remaining: gemma_3_12b_it=2842, mistral_7b_instruct_v03=399, qwen3_8b=0
[SCHEDULER_HEARTBEAT] running=[] | gpu0:free=16.3GiB util=78% | remaining: gemma_3_12b_it=2842, mistral_7b_instruct_v03=399, qwen3_8b=0
[SCHEDULER_HEARTBEAT] running=[] | gpu0:free=16.2GiB util=70% | remaining: gemma_3_12b_it=2842, mistral_7b_instruct_v03=399, qwen3_8b=0
[SCHEDULER_HEARTBEAT] running=[] | gpu0:free=16.1GiB util=71% | remaining: gemma_3_12b_it=2842, mistral_7b_instruct_v03=399, qwen3_8b=0
[SCHEDULER_HEARTBEAT] running=[] | gpu0:free=16.0GiB util=73% | remaining: gemma_3_12b_it=2842, mistral_7b_instruct_v03=399, qwen3_8b=0
[SCHEDULER_HEARTBEAT] running=[] | gpu0:free=16.3GiB util=75% | remaining: gemma_3_12b_it=2842, mistral_7b_instruct_v03=398, qwen3_8b=0
[SCHEDULER_HEARTBEAT] running=[] | gpu0:free=16.1GiB util=74% | remaining: gemma_3_12b_it=2842, mistral_7b_instruct_v03=398, qwen3_8b=0
[SCHEDULER_HEARTBEAT] running=[] | gpu0:free=16.3GiB util=74% | remaining: gemma_3_12b_it=2842, mistral_7b_instruct_v03=398, qwen3_8b=0
[SCHEDULER_HEARTBEAT] running=[] | gpu0:free=16.1GiB util=72% | remaining: gemma_3_12b_it=2842, mistral_7b_instruct_v03=397, qwen3_8b=0
[SCHEDULER_HEARTBEAT] running=[] | gpu0:free=16.1GiB util=76% | remaining: gemma_3_12b_it=2842, mistral_7b_instruct_v03=397, qwen3_8b=0
[SCHEDULER_HEARTBEAT] running=[] | gpu0:free=16.3GiB util=73% | remaining: gemma_3_12b_it=2842, mistral_7b_instruct_v03=396, qwen3_8b=0
[SCHEDULER_HEARTBEAT] running=[] | gpu0:free=16.2GiB util=70% | remaining: gemma_3_12b_it=2842, mistral_7b_instruct_v03=396, qwen3_8b=0
[SCHEDULER_HEARTBEAT] running=[] | gpu0:free=16.3GiB util=76% | remaining: gemma_3_12b_it=2842, mistral_7b_instruct_v03=396, qwen3_8b=0
[SCHEDULER_HEARTBEAT] running=[] | gpu0:free=15.1GiB util=71% | remaining: gemma_3_12b_it=2842, mistral_7b_instruct_v03=395, qwen3_8b=0
[SCHEDULER_HEARTBEAT] running=[] | gpu0:free=15.1GiB util=71% | remaining: gemma_3_12b_it=2842, mistral_7b_instruct_v03=395, qwen3_8b=0
[SCHEDULER_HEARTBEAT] running=[] | gpu0:free=15.0GiB util=76% | remaining: gemma_3_12b_it=2842, mistral_7b_instruct_v03=395, qwen3_8b=0
[SCHEDULER_HEARTBEAT] running=[] | gpu0:free=15.0GiB util=70% | remaining: gemma_3_12b_it=2842, mistral_7b_instruct_v03=394, qwen3_8b=0
[SCHEDULER_HEARTBEAT] running=[] | gpu0:free=15.1GiB util=75% | remaining: gemma_3_12b_it=2842, mistral_7b_instruct_v03=394, qwen3_8b=0
[SCHEDULER_HEARTBEAT] running=[] | gpu0:free=15.1GiB util=70% | remaining: gemma_3_12b_it=2842, mistral_7b_instruct_v03=393, qwen3_8b=0
[SCHEDULER_HEARTBEAT] running=[] | gpu0:free=14.9GiB util=70% | remaining: gemma_3_12b_it=2842, mistral_7b_instruct_v03=393, qwen3_8b=0
[SCHEDULER_HEARTBEAT] running=[] | gpu0:free=14.9GiB util=71% | remaining: gemma_3_12b_it=2842, mistral_7b_instruct_v03=393, qwen3_8b=0
[SCHEDULER_HEARTBEAT] running=[] | gpu0:free=15.0GiB util=72% | remaining: gemma_3_12b_it=2842, mistral_7b_instruct_v03=392, qwen3_8b=0
[SCHEDULER_HEARTBEAT] running=[] | gpu0:free=14.9GiB util=74% | remaining: gemma_3_12b_it=2842, mistral_7b_instruct_v03=392, qwen3_8b=0
[SCHEDULER_HEARTBEAT] running=[] | gpu0:free=14.8GiB util=69% | remaining: gemma_3_12b_it=2842, mistral_7b_instruct_v03=392, qwen3_8b=0
[SCHEDULER_HEARTBEAT] running=[] | gpu0:free=15.0GiB util=70% | remaining: gemma_3_12b_it=2842, mistral_7b_instruct_v03=392, qwen3_8b=0
[SCHEDULER_HEARTBEAT] running=[] | gpu0:free=15.0GiB util=70% | remaining: gemma_3_12b_it=2842, mistral_7b_instruct_v03=391, qwen3_8b=0
[SCHEDULER_HEARTBEAT] running=[] | gpu0:free=14.9GiB util=70% | remaining: gemma_3_12b_it=2842, mistral_7b_instruct_v03=391, qwen3_8b=0
[SCHEDULER_HEARTBEAT] running=[] | gpu0:free=15.0GiB util=70% | remaining: gemma_3_12b_it=2842, mistral_7b_instruct_v03=391, qwen3_8b=0
[SCHEDULER_HEARTBEAT] running=[] | gpu0:free=15.0GiB util=70% | remaining: gemma_3_12b_it=2842, mistral_7b_instruct_v03=390, qwen3_8b=0
[SCHEDULER_HEARTBEAT] running=[] | gpu0:free=14.9GiB util=71% | remaining: gemma_3_12b_it=2842, mistral_7b_instruct_v03=390, qwen3_8b=0
[SCHEDULER_HEARTBEAT] running=[] | gpu0:free=15.0GiB util=70% | remaining: gemma_3_12b_it=2842, mistral_7b_instruct_v03=390, qwen3_8b=0
[SCHEDULER_HEARTBEAT] running=[] | gpu0:free=15.1GiB util=70% | remaining: gemma_3_12b_it=2842, mistral_7b_instruct_v03=390, qwen3_8b=0
[SCHEDULER_HEARTBEAT] running=[] | gpu0:free=14.8GiB util=71% | remaining: gemma_3_12b_it=2842, mistral_7b_instruct_v03=390, qwen3_8b=0
[SCHEDULER_HEARTBEAT] running=[] | gpu0:free=14.9GiB util=73% | remaining: gemma_3_12b_it=2842, mistral_7b_instruct_v03=389, qwen3_8b=0
[SCHEDULER_HEARTBEAT] running=[] | gpu0:free=14.9GiB util=70% | remaining: gemma_3_12b_it=2842, mistral_7b_instruct_v03=389, qwen3_8b=0
[SCHEDULER_HEARTBEAT] running=[] | gpu0:free=15.0GiB util=70% | remaining: gemma_3_12b_it=2842, mistral_7b_instruct_v03=389, qwen3_8b=0
[SCHEDULER_HEARTBEAT] running=[] | gpu0:free=15.0GiB util=74% | remaining: gemma_3_12b_it=2842, mistral_7b_instruct_v03=389, qwen3_8b=0
[SCHEDULER_HEARTBEAT] running=[] | gpu0:free=14.8GiB util=71% | remaining: gemma_3_12b_it=2842, mistral_7b_instruct_v03=389, qwen3_8b=0
[SCHEDULER_HEARTBEAT] running=[] | gpu0:free=15.0GiB util=72% | remaining: gemma_3_12b_it=2842, mistral_7b_instruct_v03=388, qwen3_8b=0
[SCHEDULER_HEARTBEAT] running=[] | gpu0:free=15.0GiB util=70% | remaining: gemma_3_12b_it=2842, mistral_7b_instruct_v03=388, qwen3_8b=0
[SCHEDULER_HEARTBEAT] running=[] | gpu0:free=15.0GiB util=70% | remaining: gemma_3_12b_it=2842, mistral_7b_instruct_v03=388, qwen3_8b=0
[SCHEDULER_HEARTBEAT] running=[] | gpu0:free=15.0GiB util=72% | remaining: gemma_3_12b_it=2842, mistral_7b_instruct_v03=388, qwen3_8b=0
[SCHEDULER_HEARTBEAT] running=[] | gpu0:free=15.0GiB util=70% | remaining: gemma_3_12b_it=2842, mistral_7b_instruct_v03=387, qwen3_8b=0
[SCHEDULER_HEARTBEAT] running=[] | gpu0:free=14.9GiB util=73% | remaining: gemma_3_12b_it=2842, mistral_7b_instruct_v03=387, qwen3_8b=0
[SCHEDULER_HEARTBEAT] running=[] | gpu0:free=15.0GiB util=72% | remaining: gemma_3_12b_it=2842, mistral_7b_instruct_v03=387, qwen3_8b=0
[SCHEDULER_HEARTBEAT] running=[] | gpu0:free=14.8GiB util=70% | remaining: gemma_3_12b_it=2842, mistral_7b_instruct_v03=387, qwen3_8b=0
[SCHEDULER_HEARTBEAT] running=[] | gpu0:free=14.9GiB util=74% | remaining: gemma_3_12b_it=2842, mistral_7b_instruct_v03=386, qwen3_8b=0
[SCHEDULER_HEARTBEAT] running=[] | gpu0:free=14.9GiB util=73% | remaining: gemma_3_12b_it=2842, mistral_7b_instruct_v03=386, qwen3_8b=0
[SCHEDULER_HEARTBEAT] running=[] | gpu0:free=15.0GiB util=73% | remaining: gemma_3_12b_it=2842, mistral_7b_instruct_v03=386, qwen3_8b=0
[SCHEDULER_HEARTBEAT] running=[] | gpu0:free=15.0GiB util=69% | remaining: gemma_3_12b_it=2842, mistral_7b_instruct_v03=386, qwen3_8b=0
[SCHEDULER_HEARTBEAT] running=[] | gpu0:free=15.0GiB util=71% | remaining: gemma_3_12b_it=2842, mistral_7b_instruct_v03=386, qwen3_8b=0
[SCHEDULER_HEARTBEAT] running=[] | gpu0:free=15.0GiB util=74% | remaining: gemma_3_12b_it=2842, mistral_7b_instruct_v03=385, qwen3_8b=0
[SCHEDULER_HEARTBEAT] running=[] | gpu0:free=14.9GiB util=70% | remaining: gemma_3_12b_it=2842, mistral_7b_instruct_v03=385, qwen3_8b=0
[SCHEDULER_HEARTBEAT] running=[] | gpu0:free=15.0GiB util=70% | remaining: gemma_3_12b_it=2842, mistral_7b_instruct_v03=385, qwen3_8b=0
[SCHEDULER_HEARTBEAT] running=[] | gpu0:free=14.8GiB util=74% | remaining: gemma_3_12b_it=2842, mistral_7b_instruct_v03=385, qwen3_8b=0
[SCHEDULER_HEARTBEAT] running=[] | gpu0:free=25.9GiB util=45% | remaining: gemma_3_12b_it=2842, mistral_7b_instruct_v03=384, qwen3_8b=0
[SCHEDULER_HEARTBEAT] running=[] | gpu0:free=18.0GiB util=46% | remaining: gemma_3_12b_it=2842, mistral_7b_instruct_v03=383, qwen3_8b=0
[SCHEDULER_HEARTBEAT] running=[] | gpu0:free=15.5GiB util=44% | remaining: gemma_3_12b_it=2842, mistral_7b_instruct_v03=383, qwen3_8b=0
[SCHEDULER_HEARTBEAT] running=[] | gpu0:free=15.3GiB util=74% | remaining: gemma_3_12b_it=2842, mistral_7b_instruct_v03=383, qwen3_8b=0
[SCHEDULER_HEARTBEAT] running=[] | gpu0:free=15.4GiB util=69% | remaining: gemma_3_12b_it=2842, mistral_7b_instruct_v03=383, qwen3_8b=0
[SCHEDULER_HEARTBEAT] running=[] | gpu0:free=15.5GiB util=70% | remaining: gemma_3_12b_it=2842, mistral_7b_instruct_v03=382, qwen3_8b=0
[SCHEDULER_HEARTBEAT] running=[] | gpu0:free=15.5GiB util=70% | remaining: gemma_3_12b_it=2842, mistral_7b_instruct_v03=382, qwen3_8b=0
[SCHEDULER_HEARTBEAT] running=[] | gpu0:free=15.5GiB util=70% | remaining: gemma_3_12b_it=2842, mistral_7b_instruct_v03=382, qwen3_8b=0
[SCHEDULER_HEARTBEAT] running=[] | gpu0:free=15.5GiB util=71% | remaining: gemma_3_12b_it=2842, mistral_7b_instruct_v03=382, qwen3_8b=0
[SCHEDULER_HEARTBEAT] running=[] | gpu0:free=15.3GiB util=71% | remaining: gemma_3_12b_it=2842, mistral_7b_instruct_v03=382, qwen3_8b=0
[SCHEDULER_HEARTBEAT] running=[] | gpu0:free=15.6GiB util=70% | remaining: gemma_3_12b_it=2842, mistral_7b_instruct_v03=381, qwen3_8b=0
[SCHEDULER_HEARTBEAT] running=[] | gpu0:free=15.5GiB util=72% | remaining: gemma_3_12b_it=2842, mistral_7b_instruct_v03=381, qwen3_8b=0
[SCHEDULER_HEARTBEAT] running=[] | gpu0:free=15.3GiB util=71% | remaining: gemma_3_12b_it=2842, mistral_7b_instruct_v03=381, qwen3_8b=0
[SCHEDULER_HEARTBEAT] running=[] | gpu0:free=15.4GiB util=73% | remaining: gemma_3_12b_it=2842, mistral_7b_instruct_v03=380, qwen3_8b=0
[SCHEDULER_HEARTBEAT] running=[] | gpu0:free=15.5GiB util=72% | remaining: gemma_3_12b_it=2842, mistral_7b_instruct_v03=380, qwen3_8b=0
[SCHEDULER_HEARTBEAT] running=[] | gpu0:free=15.5GiB util=75% | remaining: gemma_3_12b_it=2842, mistral_7b_instruct_v03=380, qwen3_8b=0
[SCHEDULER_HEARTBEAT] running=[] | gpu0:free=15.4GiB util=69% | remaining: gemma_3_12b_it=2842, mistral_7b_instruct_v03=380, qwen3_8b=0
[SCHEDULER_HEARTBEAT] running=[] | gpu0:free=15.5GiB util=71% | remaining: gemma_3_12b_it=2842, mistral_7b_instruct_v03=379, qwen3_8b=0
[SCHEDULER_HEARTBEAT] running=[] | gpu0:free=15.3GiB util=69% | remaining: gemma_3_12b_it=2842, mistral_7b_instruct_v03=379, qwen3_8b=0
[SCHEDULER_HEARTBEAT] running=[] | gpu0:free=15.5GiB util=69% | remaining: gemma_3_12b_it=2842, mistral_7b_instruct_v03=379, qwen3_8b=0
[SCHEDULER_HEARTBEAT] running=[] | gpu0:free=15.5GiB util=70% | remaining: gemma_3_12b_it=2842, mistral_7b_instruct_v03=378, qwen3_8b=0
[SCHEDULER_HEARTBEAT] running=[] | gpu0:free=15.3GiB util=74% | remaining: gemma_3_12b_it=2842, mistral_7b_instruct_v03=378, qwen3_8b=0
[SCHEDULER_HEARTBEAT] running=[] | gpu0:free=15.5GiB util=70% | remaining: gemma_3_12b_it=2842, mistral_7b_instruct_v03=378, qwen3_8b=0
[SCHEDULER_HEARTBEAT] running=[] | gpu0:free=15.6GiB util=70% | remaining: gemma_3_12b_it=2842, mistral_7b_instruct_v03=377, qwen3_8b=0
[SCHEDULER_HEARTBEAT] running=[] | gpu0:free=15.3GiB util=70% | remaining: gemma_3_12b_it=2842, mistral_7b_instruct_v03=377, qwen3_8b=0
[SCHEDULER_HEARTBEAT] running=[] | gpu0:free=15.4GiB util=69% | remaining: gemma_3_12b_it=2842, mistral_7b_instruct_v03=377, qwen3_8b=0
[SCHEDULER_HEARTBEAT] running=[] | gpu0:free=15.4GiB util=70% | remaining: gemma_3_12b_it=2842, mistral_7b_instruct_v03=377, qwen3_8b=0
[SCHEDULER_HEARTBEAT] running=[] | gpu0:free=15.4GiB util=73% | remaining: gemma_3_12b_it=2842, mistral_7b_instruct_v03=376, qwen3_8b=0
[SCHEDULER_HEARTBEAT] running=[] | gpu0:free=15.5GiB util=71% | remaining: gemma_3_12b_it=2842, mistral_7b_instruct_v03=376, qwen3_8b=0
[SCHEDULER_HEARTBEAT] running=[] | gpu0:free=15.5GiB util=70% | remaining: gemma_3_12b_it=2842, mistral_7b_instruct_v03=376, qwen3_8b=0
[SCHEDULER_HEARTBEAT] running=[] | gpu0:free=15.3GiB util=71% | remaining: gemma_3_12b_it=2842, mistral_7b_instruct_v03=375, qwen3_8b=0
[SCHEDULER_HEARTBEAT] running=[] | gpu0:free=15.3GiB util=70% | remaining: gemma_3_12b_it=2842, mistral_7b_instruct_v03=375, qwen3_8b=0
[SCHEDULER_HEARTBEAT] running=[] | gpu0:free=15.3GiB util=76% | remaining: gemma_3_12b_it=2842, mistral_7b_instruct_v03=375, qwen3_8b=0
[SCHEDULER_HEARTBEAT] running=[] | gpu0:free=15.3GiB util=72% | remaining: gemma_3_12b_it=2842, mistral_7b_instruct_v03=374, qwen3_8b=0
[SCHEDULER_HEARTBEAT] running=[] | gpu0:free=15.6GiB util=73% | remaining: gemma_3_12b_it=2842, mistral_7b_instruct_v03=374, qwen3_8b=0
[SCHEDULER_HEARTBEAT] running=[] | gpu0:free=15.5GiB util=70% | remaining: gemma_3_12b_it=2842, mistral_7b_instruct_v03=374, qwen3_8b=0
[SCHEDULER_HEARTBEAT] running=[] | gpu0:free=15.6GiB util=72% | remaining: gemma_3_12b_it=2842, mistral_7b_instruct_v03=373, qwen3_8b=0
[SCHEDULER_HEARTBEAT] running=[] | gpu0:free=15.5GiB util=69% | remaining: gemma_3_12b_it=2842, mistral_7b_instruct_v03=373, qwen3_8b=0
[SCHEDULER_HEARTBEAT] running=[] | gpu0:free=15.5GiB util=74% | remaining: gemma_3_12b_it=2842, mistral_7b_instruct_v03=373, qwen3_8b=0
[SCHEDULER_HEARTBEAT] running=[] | gpu0:free=15.3GiB util=70% | remaining: gemma_3_12b_it=2842, mistral_7b_instruct_v03=373, qwen3_8b=0
[SCHEDULER_HEARTBEAT] running=[] | gpu0:free=15.4GiB util=74% | remaining: gemma_3_12b_it=2842, mistral_7b_instruct_v03=373, qwen3_8b=0
[SCHEDULER_HEARTBEAT] running=[] | gpu0:free=15.6GiB util=70% | remaining: gemma_3_12b_it=2842, mistral_7b_instruct_v03=372, qwen3_8b=0
[SCHEDULER_HEARTBEAT] running=[] | gpu0:free=15.3GiB util=69% | remaining: gemma_3_12b_it=2842, mistral_7b_instruct_v03=372, qwen3_8b=0
[SCHEDULER_HEARTBEAT] running=[] | gpu0:free=15.4GiB util=70% | remaining: gemma_3_12b_it=2842, mistral_7b_instruct_v03=372, qwen3_8b=0
[SCHEDULER_HEARTBEAT] running=[] | gpu0:free=15.6GiB util=88% | remaining: gemma_3_12b_it=2842, mistral_7b_instruct_v03=371, qwen3_8b=0
[SCHEDULER_HEARTBEAT] running=[] | gpu0:free=15.3GiB util=75% | remaining: gemma_3_12b_it=2842, mistral_7b_instruct_v03=371, qwen3_8b=0
[SCHEDULER_HEARTBEAT] running=[] | gpu0:free=15.3GiB util=70% | remaining: gemma_3_12b_it=2842, mistral_7b_instruct_v03=371, qwen3_8b=0
[SCHEDULER_HEARTBEAT] running=[] | gpu0:free=15.4GiB util=71% | remaining: gemma_3_12b_it=2842, mistral_7b_instruct_v03=371, qwen3_8b=0
[SCHEDULER_HEARTBEAT] running=[] | gpu0:free=15.5GiB util=72% | remaining: gemma_3_12b_it=2842, mistral_7b_instruct_v03=370, qwen3_8b=0
[SCHEDULER_HEARTBEAT] running=[] | gpu0:free=15.5GiB util=70% | remaining: gemma_3_12b_it=2842, mistral_7b_instruct_v03=370, qwen3_8b=0
[SCHEDULER_HEARTBEAT] running=[] | gpu0:free=15.3GiB util=70% | remaining: gemma_3_12b_it=2842, mistral_7b_instruct_v03=370, qwen3_8b=0
[SCHEDULER_HEARTBEAT] running=[] | gpu0:free=15.4GiB util=69% | remaining: gemma_3_12b_it=2842, mistral_7b_instruct_v03=370, qwen3_8b=0
[SCHEDULER_HEARTBEAT] running=[] | gpu0:free=14.9GiB util=70% | remaining: gemma_3_12b_it=2842, mistral_7b_instruct_v03=369, qwen3_8b=0
[SCHEDULER_HEARTBEAT] running=[] | gpu0:free=15.0GiB util=69% | remaining: gemma_3_12b_it=2842, mistral_7b_instruct_v03=369, qwen3_8b=0
[SCHEDULER_HEARTBEAT] running=[] | gpu0:free=14.8GiB util=80% | remaining: gemma_3_12b_it=2842, mistral_7b_instruct_v03=369, qwen3_8b=0
[SCHEDULER_HEARTBEAT] running=[] | gpu0:free=14.7GiB util=72% | remaining: gemma_3_12b_it=2842, mistral_7b_instruct_v03=369, qwen3_8b=0
[SCHEDULER_HEARTBEAT] running=[] | gpu0:free=14.8GiB util=74% | remaining: gemma_3_12b_it=2842, mistral_7b_instruct_v03=368, qwen3_8b=0
[SCHEDULER_HEARTBEAT] running=[] | gpu0:free=14.9GiB util=72% | remaining: gemma_3_12b_it=2842, mistral_7b_instruct_v03=368, qwen3_8b=0
[SCHEDULER_HEARTBEAT] running=[] | gpu0:free=14.7GiB util=69% | remaining: gemma_3_12b_it=2842, mistral_7b_instruct_v03=368, qwen3_8b=0
[SCHEDULER_HEARTBEAT] running=[] | gpu0:free=14.9GiB util=68% | remaining: gemma_3_12b_it=2842, mistral_7b_instruct_v03=367, qwen3_8b=0
[SCHEDULER_HEARTBEAT] running=[] | gpu0:free=14.8GiB util=100% | remaining: gemma_3_12b_it=2842, mistral_7b_instruct_v03=367, qwen3_8b=0
[SCHEDULER_HEARTBEAT] running=[] | gpu0:free=14.9GiB util=72% | remaining: gemma_3_12b_it=2842, mistral_7b_instruct_v03=367, qwen3_8b=0
[SCHEDULER_HEARTBEAT] running=[] | gpu0:free=14.7GiB util=69% | remaining: gemma_3_12b_it=2842, mistral_7b_instruct_v03=367, qwen3_8b=0
[SCHEDULER_HEARTBEAT] running=[] | gpu0:free=14.8GiB util=69% | remaining: gemma_3_12b_it=2842, mistral_7b_instruct_v03=367, qwen3_8b=0
[SCHEDULER_HEARTBEAT] running=[] | gpu0:free=15.0GiB util=70% | remaining: gemma_3_12b_it=2842, mistral_7b_instruct_v03=366, qwen3_8b=0
[SCHEDULER_HEARTBEAT] running=[] | gpu0:free=14.9GiB util=72% | remaining: gemma_3_12b_it=2842, mistral_7b_instruct_v03=366, qwen3_8b=0
[SCHEDULER_HEARTBEAT] running=[] | gpu0:free=14.8GiB util=69% | remaining: gemma_3_12b_it=2842, mistral_7b_instruct_v03=366, qwen3_8b=0
[SCHEDULER_HEARTBEAT] running=[] | gpu0:free=14.8GiB util=71% | remaining: gemma_3_12b_it=2842, mistral_7b_instruct_v03=366, qwen3_8b=0
[SCHEDULER_HEARTBEAT] running=[] | gpu0:free=14.9GiB util=69% | remaining: gemma_3_12b_it=2842, mistral_7b_instruct_v03=365, qwen3_8b=0
[SCHEDULER_HEARTBEAT] running=[] | gpu0:free=14.7GiB util=72% | remaining: gemma_3_12b_it=2842, mistral_7b_instruct_v03=365, qwen3_8b=0
[SCHEDULER_HEARTBEAT] running=[] | gpu0:free=14.9GiB util=70% | remaining: gemma_3_12b_it=2842, mistral_7b_instruct_v03=365, qwen3_8b=0
[SCHEDULER_HEARTBEAT] running=[] | gpu0:free=14.9GiB util=71% | remaining: gemma_3_12b_it=2842, mistral_7b_instruct_v03=365, qwen3_8b=0
[SCHEDULER_HEARTBEAT] running=[] | gpu0:free=14.7GiB util=71% | remaining: gemma_3_12b_it=2842, mistral_7b_instruct_v03=365, qwen3_8b=0
[SCHEDULER_HEARTBEAT] running=[] | gpu0:free=15.0GiB util=73% | remaining: gemma_3_12b_it=2842, mistral_7b_instruct_v03=364, qwen3_8b=0
[SCHEDULER_HEARTBEAT] running=[] | gpu0:free=14.9GiB util=72% | remaining: gemma_3_12b_it=2842, mistral_7b_instruct_v03=364, qwen3_8b=0
[SCHEDULER_HEARTBEAT] running=[] | gpu0:free=14.9GiB util=73% | remaining: gemma_3_12b_it=2842, mistral_7b_instruct_v03=364, qwen3_8b=0
[SCHEDULER_HEARTBEAT] running=[] | gpu0:free=14.8GiB util=72% | remaining: gemma_3_12b_it=2842, mistral_7b_instruct_v03=364, qwen3_8b=0
[SCHEDULER_HEARTBEAT] running=[] | gpu0:free=14.8GiB util=76% | remaining: gemma_3_12b_it=2842, mistral_7b_instruct_v03=363, qwen3_8b=0
[SCHEDULER_HEARTBEAT] running=[] | gpu0:free=14.9GiB util=69% | remaining: gemma_3_12b_it=2842, mistral_7b_instruct_v03=362, qwen3_8b=0
[SCHEDULER_HEARTBEAT] running=[] | gpu0:free=15.0GiB util=69% | remaining: gemma_3_12b_it=2842, mistral_7b_instruct_v03=362, qwen3_8b=0
[SCHEDULER_HEARTBEAT] running=[] | gpu0:free=15.0GiB util=73% | remaining: gemma_3_12b_it=2842, mistral_7b_instruct_v03=361, qwen3_8b=0
[SCHEDULER_HEARTBEAT] running=[] | gpu0:free=14.9GiB util=76% | remaining: gemma_3_12b_it=2842, mistral_7b_instruct_v03=361, qwen3_8b=0
[SCHEDULER_HEARTBEAT] running=[] | gpu0:free=14.8GiB util=72% | remaining: gemma_3_12b_it=2842, mistral_7b_instruct_v03=361, qwen3_8b=0
[SCHEDULER_HEARTBEAT] running=[] | gpu0:free=14.7GiB util=73% | remaining: gemma_3_12b_it=2842, mistral_7b_instruct_v03=361, qwen3_8b=0
[SCHEDULER_HEARTBEAT] running=[] | gpu0:free=14.8GiB util=70% | remaining: gemma_3_12b_it=2842, mistral_7b_instruct_v03=360, qwen3_8b=0
[SCHEDULER_HEARTBEAT] running=[] | gpu0:free=14.9GiB util=69% | remaining: gemma_3_12b_it=2842, mistral_7b_instruct_v03=360, qwen3_8b=0
[SCHEDULER_HEARTBEAT] running=[] | gpu0:free=14.9GiB util=69% | remaining: gemma_3_12b_it=2842, mistral_7b_instruct_v03=360, qwen3_8b=0
[SCHEDULER_HEARTBEAT] running=[] | gpu0:free=14.9GiB util=71% | remaining: gemma_3_12b_it=2842, mistral_7b_instruct_v03=360, qwen3_8b=0
[SCHEDULER_HEARTBEAT] running=[] | gpu0:free=14.9GiB util=70% | remaining: gemma_3_12b_it=2842, mistral_7b_instruct_v03=359, qwen3_8b=0
[SCHEDULER_HEARTBEAT] running=[] | gpu0:free=14.7GiB util=69% | remaining: gemma_3_12b_it=2842, mistral_7b_instruct_v03=359, qwen3_8b=0
[SCHEDULER_HEARTBEAT] running=[] | gpu0:free=14.7GiB util=69% | remaining: gemma_3_12b_it=2842, mistral_7b_instruct_v03=359, qwen3_8b=0
[SCHEDULER_HEARTBEAT] running=[] | gpu0:free=14.7GiB util=71% | remaining: gemma_3_12b_it=2842, mistral_7b_instruct_v03=359, qwen3_8b=0
[SCHEDULER_HEARTBEAT] running=[] | gpu0:free=14.8GiB util=73% | remaining: gemma_3_12b_it=2842, mistral_7b_instruct_v03=358, qwen3_8b=0
[SCHEDULER_HEARTBEAT] running=[] | gpu0:free=26.1GiB util=44% | remaining: gemma_3_12b_it=2842, mistral_7b_instruct_v03=358, qwen3_8b=0
[SCHEDULER_HEARTBEAT] running=[] | gpu0:free=17.1GiB util=68% | remaining: gemma_3_12b_it=2842, mistral_7b_instruct_v03=358, qwen3_8b=0
[SCHEDULER_HEARTBEAT] running=[] | gpu0:free=15.9GiB util=69% | remaining: gemma_3_12b_it=2842, mistral_7b_instruct_v03=358, qwen3_8b=0
[SCHEDULER_HEARTBEAT] running=[] | gpu0:free=16.0GiB util=70% | remaining: gemma_3_12b_it=2842, mistral_7b_instruct_v03=357, qwen3_8b=0
[SCHEDULER_HEARTBEAT] running=[] | gpu0:free=16.0GiB util=70% | remaining: gemma_3_12b_it=2842, mistral_7b_instruct_v03=357, qwen3_8b=0
[SCHEDULER_HEARTBEAT] running=[] | gpu0:free=16.2GiB util=71% | remaining: gemma_3_12b_it=2842, mistral_7b_instruct_v03=357, qwen3_8b=0
[SCHEDULER_HEARTBEAT] running=[] | gpu0:free=16.0GiB util=73% | remaining: gemma_3_12b_it=2842, mistral_7b_instruct_v03=357, qwen3_8b=0
[SCHEDULER_HEARTBEAT] running=[] | gpu0:free=16.1GiB util=73% | remaining: gemma_3_12b_it=2842, mistral_7b_instruct_v03=357, qwen3_8b=0
[SCHEDULER_HEARTBEAT] running=[] | gpu0:free=16.0GiB util=73% | remaining: gemma_3_12b_it=2842, mistral_7b_instruct_v03=356, qwen3_8b=0
[SCHEDULER_HEARTBEAT] running=[] | gpu0:free=16.2GiB util=68% | remaining: gemma_3_12b_it=2842, mistral_7b_instruct_v03=356, qwen3_8b=0
[SCHEDULER_HEARTBEAT] running=[] | gpu0:free=16.1GiB util=70% | remaining: gemma_3_12b_it=2842, mistral_7b_instruct_v03=355, qwen3_8b=0
[SCHEDULER_HEARTBEAT] running=[] | gpu0:free=16.1GiB util=70% | remaining: gemma_3_12b_it=2842, mistral_7b_instruct_v03=355, qwen3_8b=0
[SCHEDULER_HEARTBEAT] running=[] | gpu0:free=16.0GiB util=72% | remaining: gemma_3_12b_it=2842, mistral_7b_instruct_v03=355, qwen3_8b=0
[SCHEDULER_HEARTBEAT] running=[] | gpu0:free=16.2GiB util=70% | remaining: gemma_3_12b_it=2842, mistral_7b_instruct_v03=354, qwen3_8b=0
[SCHEDULER_HEARTBEAT] running=[] | gpu0:free=16.0GiB util=88% | remaining: gemma_3_12b_it=2842, mistral_7b_instruct_v03=354, qwen3_8b=0
[SCHEDULER_HEARTBEAT] running=[] | gpu0:free=16.1GiB util=73% | remaining: gemma_3_12b_it=2842, mistral_7b_instruct_v03=354, qwen3_8b=0
[SCHEDULER_HEARTBEAT] running=[] | gpu0:free=16.1GiB util=77% | remaining: gemma_3_12b_it=2842, mistral_7b_instruct_v03=354, qwen3_8b=0
[SCHEDULER_HEARTBEAT] running=[] | gpu0:free=16.2GiB util=71% | remaining: gemma_3_12b_it=2842, mistral_7b_instruct_v03=353, qwen3_8b=0
[SCHEDULER_HEARTBEAT] running=[] | gpu0:free=16.0GiB util=73% | remaining: gemma_3_12b_it=2842, mistral_7b_instruct_v03=353, qwen3_8b=0
[SCHEDULER_HEARTBEAT] running=[] | gpu0:free=16.0GiB util=75% | remaining: gemma_3_12b_it=2842, mistral_7b_instruct_v03=353, qwen3_8b=0
[SCHEDULER_HEARTBEAT] running=[] | gpu0:free=16.1GiB util=73% | remaining: gemma_3_12b_it=2842, mistral_7b_instruct_v03=353, qwen3_8b=0
[SCHEDULER_HEARTBEAT] running=[] | gpu0:free=16.0GiB util=72% | remaining: gemma_3_12b_it=2842, mistral_7b_instruct_v03=352, qwen3_8b=0
[SCHEDULER_HEARTBEAT] running=[] | gpu0:free=16.3GiB util=71% | remaining: gemma_3_12b_it=2842, mistral_7b_instruct_v03=350, qwen3_8b=0
[SCHEDULER_HEARTBEAT] running=[] | gpu0:free=16.0GiB util=71% | remaining: gemma_3_12b_it=2842, mistral_7b_instruct_v03=350, qwen3_8b=0
[SCHEDULER_HEARTBEAT] running=[] | gpu0:free=16.1GiB util=70% | remaining: gemma_3_12b_it=2842, mistral_7b_instruct_v03=350, qwen3_8b=0
[SCHEDULER_HEARTBEAT] running=[] | gpu0:free=16.1GiB util=70% | remaining: gemma_3_12b_it=2842, mistral_7b_instruct_v03=349, qwen3_8b=0
[SCHEDULER_HEARTBEAT] running=[] | gpu0:free=16.1GiB util=71% | remaining: gemma_3_12b_it=2842, mistral_7b_instruct_v03=349, qwen3_8b=0
[SCHEDULER_HEARTBEAT] running=[] | gpu0:free=16.1GiB util=64% | remaining: gemma_3_12b_it=2842, mistral_7b_instruct_v03=349, qwen3_8b=0
[SCHEDULER_HEARTBEAT] running=[] | gpu0:free=16.1GiB util=71% | remaining: gemma_3_12b_it=2842, mistral_7b_instruct_v03=348, qwen3_8b=0
[SCHEDULER_HEARTBEAT] running=[] | gpu0:free=16.2GiB util=71% | remaining: gemma_3_12b_it=2842, mistral_7b_instruct_v03=348, qwen3_8b=0
[SCHEDULER_HEARTBEAT] running=[] | gpu0:free=16.1GiB util=74% | remaining: gemma_3_12b_it=2842, mistral_7b_instruct_v03=348, qwen3_8b=0
[SCHEDULER_HEARTBEAT] running=[] | gpu0:free=15.9GiB util=75% | remaining: gemma_3_12b_it=2842, mistral_7b_instruct_v03=348, qwen3_8b=0
[SCHEDULER_HEARTBEAT] running=[] | gpu0:free=16.0GiB util=74% | remaining: gemma_3_12b_it=2842, mistral_7b_instruct_v03=347, qwen3_8b=0
[SCHEDULER_HEARTBEAT] running=[] | gpu0:free=16.0GiB util=72% | remaining: gemma_3_12b_it=2842, mistral_7b_instruct_v03=347, qwen3_8b=0
[SCHEDULER_HEARTBEAT] running=[] | gpu0:free=15.9GiB util=72% | remaining: gemma_3_12b_it=2842, mistral_7b_instruct_v03=347, qwen3_8b=0
[SCHEDULER_HEARTBEAT] running=[] | gpu0:free=16.2GiB util=71% | remaining: gemma_3_12b_it=2842, mistral_7b_instruct_v03=346, qwen3_8b=0
[SCHEDULER_HEARTBEAT] running=[] | gpu0:free=16.0GiB util=72% | remaining: gemma_3_12b_it=2842, mistral_7b_instruct_v03=346, qwen3_8b=0
[SCHEDULER_HEARTBEAT] running=[] | gpu0:free=16.0GiB util=71% | remaining: gemma_3_12b_it=2842, mistral_7b_instruct_v03=346, qwen3_8b=0
[SCHEDULER_HEARTBEAT] running=[] | gpu0:free=15.9GiB util=74% | remaining: gemma_3_12b_it=2842, mistral_7b_instruct_v03=346, qwen3_8b=0
[SCHEDULER_HEARTBEAT] running=[] | gpu0:free=16.1GiB util=70% | remaining: gemma_3_12b_it=2842, mistral_7b_instruct_v03=345, qwen3_8b=0
[SCHEDULER_HEARTBEAT] running=[] | gpu0:free=16.2GiB util=71% | remaining: gemma_3_12b_it=2842, mistral_7b_instruct_v03=345, qwen3_8b=0
[SCHEDULER_HEARTBEAT] running=[] | gpu0:free=16.1GiB util=71% | remaining: gemma_3_12b_it=2842, mistral_7b_instruct_v03=344, qwen3_8b=0
[SCHEDULER_HEARTBEAT] running=[] | gpu0:free=16.1GiB util=73% | remaining: gemma_3_12b_it=2842, mistral_7b_instruct_v03=344, qwen3_8b=0
[SCHEDULER_HEARTBEAT] running=[] | gpu0:free=16.2GiB util=70% | remaining: gemma_3_12b_it=2842, mistral_7b_instruct_v03=344, qwen3_8b=0
[SCHEDULER_HEARTBEAT] running=[] | gpu0:free=15.9GiB util=70% | remaining: gemma_3_12b_it=2842, mistral_7b_instruct_v03=344, qwen3_8b=0
[SCHEDULER_HEARTBEAT] running=[] | gpu0:free=16.2GiB util=69% | remaining: gemma_3_12b_it=2842, mistral_7b_instruct_v03=343, qwen3_8b=0
[SCHEDULER_HEARTBEAT] running=[] | gpu0:free=16.1GiB util=70% | remaining: gemma_3_12b_it=2842, mistral_7b_instruct_v03=343, qwen3_8b=0
[SCHEDULER_HEARTBEAT] running=[] | gpu0:free=16.0GiB util=72% | remaining: gemma_3_12b_it=2842, mistral_7b_instruct_v03=343, qwen3_8b=0
[SCHEDULER_HEARTBEAT] running=[] | gpu0:free=16.1GiB util=72% | remaining: gemma_3_12b_it=2842, mistral_7b_instruct_v03=342, qwen3_8b=0
[SCHEDULER_HEARTBEAT] running=[] | gpu0:free=16.1GiB util=71% | remaining: gemma_3_12b_it=2842, mistral_7b_instruct_v03=342, qwen3_8b=0
[SCHEDULER_HEARTBEAT] running=[] | gpu0:free=16.1GiB util=70% | remaining: gemma_3_12b_it=2842, mistral_7b_instruct_v03=342, qwen3_8b=0
[SCHEDULER_HEARTBEAT] running=[] | gpu0:free=15.0GiB util=48% | remaining: gemma_3_12b_it=2842, mistral_7b_instruct_v03=341, qwen3_8b=0
[SCHEDULER_HEARTBEAT] running=[] | gpu0:free=15.1GiB util=70% | remaining: gemma_3_12b_it=2842, mistral_7b_instruct_v03=341, qwen3_8b=0
[SCHEDULER_HEARTBEAT] running=[] | gpu0:free=15.1GiB util=70% | remaining: gemma_3_12b_it=2842, mistral_7b_instruct_v03=341, qwen3_8b=0
[SCHEDULER_HEARTBEAT] running=[] | gpu0:free=15.1GiB util=73% | remaining: gemma_3_12b_it=2842, mistral_7b_instruct_v03=341, qwen3_8b=0
[SCHEDULER_HEARTBEAT] running=[] | gpu0:free=15.2GiB util=72% | remaining: gemma_3_12b_it=2842, mistral_7b_instruct_v03=340, qwen3_8b=0
[SCHEDULER_HEARTBEAT] running=[] | gpu0:free=15.1GiB util=72% | remaining: gemma_3_12b_it=2842, mistral_7b_instruct_v03=340, qwen3_8b=0
[SCHEDULER_HEARTBEAT] running=[] | gpu0:free=14.9GiB util=76% | remaining: gemma_3_12b_it=2842, mistral_7b_instruct_v03=340, qwen3_8b=0
[SCHEDULER_HEARTBEAT] running=[] | gpu0:free=14.9GiB util=74% | remaining: gemma_3_12b_it=2842, mistral_7b_instruct_v03=340, qwen3_8b=0
[SCHEDULER_HEARTBEAT] running=[] | gpu0:free=15.1GiB util=75% | remaining: gemma_3_12b_it=2842, mistral_7b_instruct_v03=339, qwen3_8b=0
[SCHEDULER_HEARTBEAT] running=[] | gpu0:free=15.1GiB util=75% | remaining: gemma_3_12b_it=2842, mistral_7b_instruct_v03=339, qwen3_8b=0
[SCHEDULER_HEARTBEAT] running=[] | gpu0:free=15.1GiB util=72% | remaining: gemma_3_12b_it=2842, mistral_7b_instruct_v03=339, qwen3_8b=0
[SCHEDULER_HEARTBEAT] running=[] | gpu0:free=14.9GiB util=69% | remaining: gemma_3_12b_it=2842, mistral_7b_instruct_v03=339, qwen3_8b=0
[SCHEDULER_HEARTBEAT] running=[] | gpu0:free=15.1GiB util=70% | remaining: gemma_3_12b_it=2842, mistral_7b_instruct_v03=338, qwen3_8b=0
[SCHEDULER_HEARTBEAT] running=[] | gpu0:free=15.1GiB util=72% | remaining: gemma_3_12b_it=2842, mistral_7b_instruct_v03=338, qwen3_8b=0
[SCHEDULER_HEARTBEAT] running=[] | gpu0:free=14.9GiB util=73% | remaining: gemma_3_12b_it=2842, mistral_7b_instruct_v03=338, qwen3_8b=0
[SCHEDULER_HEARTBEAT] running=[] | gpu0:free=15.2GiB util=71% | remaining: gemma_3_12b_it=2842, mistral_7b_instruct_v03=337, qwen3_8b=0
[SCHEDULER_HEARTBEAT] running=[] | gpu0:free=15.1GiB util=70% | remaining: gemma_3_12b_it=2842, mistral_7b_instruct_v03=337, qwen3_8b=0
[SCHEDULER_HEARTBEAT] running=[] | gpu0:free=15.1GiB util=71% | remaining: gemma_3_12b_it=2842, mistral_7b_instruct_v03=336, qwen3_8b=0
[SCHEDULER_HEARTBEAT] running=[] | gpu0:free=15.0GiB util=73% | remaining: gemma_3_12b_it=2842, mistral_7b_instruct_v03=336, qwen3_8b=0
[SCHEDULER_HEARTBEAT] running=[] | gpu0:free=14.9GiB util=75% | remaining: gemma_3_12b_it=2842, mistral_7b_instruct_v03=336, qwen3_8b=0
[SCHEDULER_HEARTBEAT] running=[] | gpu0:free=15.0GiB util=73% | remaining: gemma_3_12b_it=2842, mistral_7b_instruct_v03=336, qwen3_8b=0
[SCHEDULER_HEARTBEAT] running=[] | gpu0:free=15.0GiB util=69% | remaining: gemma_3_12b_it=2842, mistral_7b_instruct_v03=335, qwen3_8b=0
[SCHEDULER_HEARTBEAT] running=[] | gpu0:free=14.9GiB util=76% | remaining: gemma_3_12b_it=2842, mistral_7b_instruct_v03=335, qwen3_8b=0
[SCHEDULER_HEARTBEAT] running=[] | gpu0:free=15.0GiB util=74% | remaining: gemma_3_12b_it=2842, mistral_7b_instruct_v03=335, qwen3_8b=0
[SCHEDULER_HEARTBEAT] running=[] | gpu0:free=14.9GiB util=71% | remaining: gemma_3_12b_it=2842, mistral_7b_instruct_v03=335, qwen3_8b=0
[SCHEDULER_HEARTBEAT] running=[] | gpu0:free=15.1GiB util=70% | remaining: gemma_3_12b_it=2842, mistral_7b_instruct_v03=334, qwen3_8b=0
[SCHEDULER_HEARTBEAT] running=[] | gpu0:free=15.2GiB util=71% | remaining: gemma_3_12b_it=2842, mistral_7b_instruct_v03=334, qwen3_8b=0
[SCHEDULER_HEARTBEAT] running=[] | gpu0:free=15.0GiB util=71% | remaining: gemma_3_12b_it=2842, mistral_7b_instruct_v03=334, qwen3_8b=0
[SCHEDULER_HEARTBEAT] running=[] | gpu0:free=15.1GiB util=70% | remaining: gemma_3_12b_it=2842, mistral_7b_instruct_v03=333, qwen3_8b=0
[SCHEDULER_HEARTBEAT] running=[] | gpu0:free=15.1GiB util=73% | remaining: gemma_3_12b_it=2842, mistral_7b_instruct_v03=333, qwen3_8b=0
[SCHEDULER_HEARTBEAT] running=[] | gpu0:free=14.9GiB util=70% | remaining: gemma_3_12b_it=2842, mistral_7b_instruct_v03=333, qwen3_8b=0
[SCHEDULER_HEARTBEAT] running=[] | gpu0:free=15.1GiB util=69% | remaining: gemma_3_12b_it=2842, mistral_7b_instruct_v03=333, qwen3_8b=0
[SCHEDULER_HEARTBEAT] running=[] | gpu0:free=15.1GiB util=71% | remaining: gemma_3_12b_it=2842, mistral_7b_instruct_v03=332, qwen3_8b=0
[SCHEDULER_HEARTBEAT] running=[] | gpu0:free=14.9GiB util=70% | remaining: gemma_3_12b_it=2842, mistral_7b_instruct_v03=332, qwen3_8b=0
[SCHEDULER_HEARTBEAT] running=[] | gpu0:free=15.0GiB util=71% | remaining: gemma_3_12b_it=2842, mistral_7b_instruct_v03=332, qwen3_8b=0
[SCHEDULER_HEARTBEAT] running=[] | gpu0:free=15.0GiB util=70% | remaining: gemma_3_12b_it=2842, mistral_7b_instruct_v03=331, qwen3_8b=0
[SCHEDULER_HEARTBEAT] running=[] | gpu0:free=14.9GiB util=75% | remaining: gemma_3_12b_it=2842, mistral_7b_instruct_v03=331, qwen3_8b=0
[SCHEDULER_HEARTBEAT] running=[] | gpu0:free=15.0GiB util=72% | remaining: gemma_3_12b_it=2842, mistral_7b_instruct_v03=331, qwen3_8b=0
[SCHEDULER_HEARTBEAT] running=[] | gpu0:free=14.9GiB util=71% | remaining: gemma_3_12b_it=2842, mistral_7b_instruct_v03=331, qwen3_8b=0
[SCHEDULER_HEARTBEAT] running=[] | gpu0:free=15.1GiB util=70% | remaining: gemma_3_12b_it=2842, mistral_7b_instruct_v03=330, qwen3_8b=0
[SCHEDULER_HEARTBEAT] running=[] | gpu0:free=14.9GiB util=71% | remaining: gemma_3_12b_it=2842, mistral_7b_instruct_v03=330, qwen3_8b=0
[SCHEDULER_HEARTBEAT] running=[] | gpu0:free=26.0GiB util=46% | remaining: gemma_3_12b_it=2842, mistral_7b_instruct_v03=330, qwen3_8b=0
[SCHEDULER_HEARTBEAT] running=[] | gpu0:free=16.4GiB util=74% | remaining: gemma_3_12b_it=2842, mistral_7b_instruct_v03=330, qwen3_8b=0
[SCHEDULER_HEARTBEAT] running=[] | gpu0:free=15.5GiB util=74% | remaining: gemma_3_12b_it=2842, mistral_7b_instruct_v03=329, qwen3_8b=0
[SCHEDULER_HEARTBEAT] running=[] | gpu0:free=15.5GiB util=72% | remaining: gemma_3_12b_it=2842, mistral_7b_instruct_v03=329, qwen3_8b=0
[SCHEDULER_HEARTBEAT] running=[] | gpu0:free=15.3GiB util=70% | remaining: gemma_3_12b_it=2842, mistral_7b_instruct_v03=328, qwen3_8b=0
[SCHEDULER_HEARTBEAT] running=[] | gpu0:free=15.3GiB util=74% | remaining: gemma_3_12b_it=2842, mistral_7b_instruct_v03=327, qwen3_8b=0
[SCHEDULER_HEARTBEAT] running=[] | gpu0:free=15.5GiB util=71% | remaining: gemma_3_12b_it=2842, mistral_7b_instruct_v03=326, qwen3_8b=0
[SCHEDULER_HEARTBEAT] running=[] | gpu0:free=15.5GiB util=72% | remaining: gemma_3_12b_it=2842, mistral_7b_instruct_v03=326, qwen3_8b=0
[SCHEDULER_HEARTBEAT] running=[] | gpu0:free=15.3GiB util=75% | remaining: gemma_3_12b_it=2842, mistral_7b_instruct_v03=325, qwen3_8b=0
[SCHEDULER_HEARTBEAT] running=[] | gpu0:free=15.3GiB util=71% | remaining: gemma_3_12b_it=2842, mistral_7b_instruct_v03=325, qwen3_8b=0
[SCHEDULER_HEARTBEAT] running=[] | gpu0:free=15.4GiB util=73% | remaining: gemma_3_12b_it=2842, mistral_7b_instruct_v03=325, qwen3_8b=0
[SCHEDULER_HEARTBEAT] running=[] | gpu0:free=15.4GiB util=77% | remaining: gemma_3_12b_it=2842, mistral_7b_instruct_v03=325, qwen3_8b=0
[SCHEDULER_HEARTBEAT] running=[] | gpu0:free=15.3GiB util=73% | remaining: gemma_3_12b_it=2842, mistral_7b_instruct_v03=324, qwen3_8b=0
[SCHEDULER_HEARTBEAT] running=[] | gpu0:free=15.3GiB util=100% | remaining: gemma_3_12b_it=2842, mistral_7b_instruct_v03=324, qwen3_8b=0
[SCHEDULER_HEARTBEAT] running=[] | gpu0:free=15.3GiB util=71% | remaining: gemma_3_12b_it=2842, mistral_7b_instruct_v03=324, qwen3_8b=0
[SCHEDULER_HEARTBEAT] running=[] | gpu0:free=15.5GiB util=72% | remaining: gemma_3_12b_it=2842, mistral_7b_instruct_v03=324, qwen3_8b=0
[SCHEDULER_HEARTBEAT] running=[] | gpu0:free=15.3GiB util=74% | remaining: gemma_3_12b_it=2842, mistral_7b_instruct_v03=323, qwen3_8b=0
[SCHEDULER_HEARTBEAT] running=[] | gpu0:free=15.5GiB util=75% | remaining: gemma_3_12b_it=2842, mistral_7b_instruct_v03=323, qwen3_8b=0
[SCHEDULER_HEARTBEAT] running=[] | gpu0:free=15.4GiB util=71% | remaining: gemma_3_12b_it=2842, mistral_7b_instruct_v03=323, qwen3_8b=0
[SCHEDULER_HEARTBEAT] running=[] | gpu0:free=15.5GiB util=77% | remaining: gemma_3_12b_it=2842, mistral_7b_instruct_v03=322, qwen3_8b=0
[SCHEDULER_HEARTBEAT] running=[] | gpu0:free=15.3GiB util=72% | remaining: gemma_3_12b_it=2842, mistral_7b_instruct_v03=322, qwen3_8b=0
[SCHEDULER_HEARTBEAT] running=[] | gpu0:free=15.5GiB util=71% | remaining: gemma_3_12b_it=2842, mistral_7b_instruct_v03=322, qwen3_8b=0
[SCHEDULER_HEARTBEAT] running=[] | gpu0:free=15.3GiB util=76% | remaining: gemma_3_12b_it=2842, mistral_7b_instruct_v03=322, qwen3_8b=0
[SCHEDULER_HEARTBEAT] running=[] | gpu0:free=15.4GiB util=70% | remaining: gemma_3_12b_it=2842, mistral_7b_instruct_v03=322, qwen3_8b=0
[SCHEDULER_HEARTBEAT] running=[] | gpu0:free=15.5GiB util=72% | remaining: gemma_3_12b_it=2842, mistral_7b_instruct_v03=321, qwen3_8b=0
[SCHEDULER_HEARTBEAT] running=[] | gpu0:free=15.3GiB util=69% | remaining: gemma_3_12b_it=2842, mistral_7b_instruct_v03=320, qwen3_8b=0
[SCHEDULER_HEARTBEAT] running=[] | gpu0:free=15.3GiB util=71% | remaining: gemma_3_12b_it=2842, mistral_7b_instruct_v03=320, qwen3_8b=0
[SCHEDULER_HEARTBEAT] running=[] | gpu0:free=15.1GiB util=93% | remaining: gemma_3_12b_it=2842, mistral_7b_instruct_v03=320, qwen3_8b=0
[SCHEDULER_HEARTBEAT] running=[] | gpu0:free=15.0GiB util=71% | remaining: gemma_3_12b_it=2842, mistral_7b_instruct_v03=320, qwen3_8b=0
[SCHEDULER_HEARTBEAT] running=[] | gpu0:free=15.0GiB util=76% | remaining: gemma_3_12b_it=2842, mistral_7b_instruct_v03=319, qwen3_8b=0
[SCHEDULER_HEARTBEAT] running=[] | gpu0:free=15.1GiB util=72% | remaining: gemma_3_12b_it=2842, mistral_7b_instruct_v03=319, qwen3_8b=0
[SCHEDULER_HEARTBEAT] running=[] | gpu0:free=14.9GiB util=76% | remaining: gemma_3_12b_it=2842, mistral_7b_instruct_v03=318, qwen3_8b=0
[SCHEDULER_HEARTBEAT] running=[] | gpu0:free=14.9GiB util=71% | remaining: gemma_3_12b_it=2842, mistral_7b_instruct_v03=318, qwen3_8b=0
[SCHEDULER_HEARTBEAT] running=[] | gpu0:free=15.1GiB util=70% | remaining: gemma_3_12b_it=2842, mistral_7b_instruct_v03=318, qwen3_8b=0
[SCHEDULER_HEARTBEAT] running=[] | gpu0:free=15.0GiB util=69% | remaining: gemma_3_12b_it=2842, mistral_7b_instruct_v03=318, qwen3_8b=0
[SCHEDULER_HEARTBEAT] running=[] | gpu0:free=15.0GiB util=71% | remaining: gemma_3_12b_it=2842, mistral_7b_instruct_v03=318, qwen3_8b=0
[SCHEDULER_HEARTBEAT] running=[] | gpu0:free=15.1GiB util=70% | remaining: gemma_3_12b_it=2842, mistral_7b_instruct_v03=317, qwen3_8b=0
[SCHEDULER_HEARTBEAT] running=[] | gpu0:free=15.1GiB util=74% | remaining: gemma_3_12b_it=2842, mistral_7b_instruct_v03=317, qwen3_8b=0
[SCHEDULER_HEARTBEAT] running=[] | gpu0:free=14.9GiB util=75% | remaining: gemma_3_12b_it=2842, mistral_7b_instruct_v03=317, qwen3_8b=0
[SCHEDULER_HEARTBEAT] running=[] | gpu0:free=15.0GiB util=73% | remaining: gemma_3_12b_it=2842, mistral_7b_instruct_v03=317, qwen3_8b=0
[SCHEDULER_HEARTBEAT] running=[] | gpu0:free=14.9GiB util=73% | remaining: gemma_3_12b_it=2842, mistral_7b_instruct_v03=316, qwen3_8b=0
[SCHEDULER_HEARTBEAT] running=[] | gpu0:free=14.9GiB util=70% | remaining: gemma_3_12b_it=2842, mistral_7b_instruct_v03=316, qwen3_8b=0
[SCHEDULER_HEARTBEAT] running=[] | gpu0:free=14.9GiB util=70% | remaining: gemma_3_12b_it=2842, mistral_7b_instruct_v03=314, qwen3_8b=0
[SCHEDULER_HEARTBEAT] running=[] | gpu0:free=15.0GiB util=76% | remaining: gemma_3_12b_it=2842, mistral_7b_instruct_v03=314, qwen3_8b=0
[SCHEDULER_HEARTBEAT] running=[] | gpu0:free=14.9GiB util=71% | remaining: gemma_3_12b_it=2842, mistral_7b_instruct_v03=314, qwen3_8b=0
[SCHEDULER_HEARTBEAT] running=[] | gpu0:free=15.0GiB util=71% | remaining: gemma_3_12b_it=2842, mistral_7b_instruct_v03=314, qwen3_8b=0
[SCHEDULER_HEARTBEAT] running=[] | gpu0:free=15.1GiB util=69% | remaining: gemma_3_12b_it=2842, mistral_7b_instruct_v03=314, qwen3_8b=0
[SCHEDULER_HEARTBEAT] running=[] | gpu0:free=15.1GiB util=70% | remaining: gemma_3_12b_it=2842, mistral_7b_instruct_v03=313, qwen3_8b=0
[SCHEDULER_HEARTBEAT] running=[] | gpu0:free=15.1GiB util=74% | remaining: gemma_3_12b_it=2842, mistral_7b_instruct_v03=313, qwen3_8b=0
[SCHEDULER_HEARTBEAT] running=[] | gpu0:free=14.9GiB util=70% | remaining: gemma_3_12b_it=2842, mistral_7b_instruct_v03=313, qwen3_8b=0
[SCHEDULER_HEARTBEAT] running=[] | gpu0:free=15.1GiB util=69% | remaining: gemma_3_12b_it=2842, mistral_7b_instruct_v03=312, qwen3_8b=0
[SCHEDULER_HEARTBEAT] running=[] | gpu0:free=15.1GiB util=74% | remaining: gemma_3_12b_it=2842, mistral_7b_instruct_v03=312, qwen3_8b=0
[SCHEDULER_HEARTBEAT] running=[] | gpu0:free=15.1GiB util=70% | remaining: gemma_3_12b_it=2842, mistral_7b_instruct_v03=311, qwen3_8b=0
[SCHEDULER_HEARTBEAT] running=[] | gpu0:free=14.9GiB util=70% | remaining: gemma_3_12b_it=2842, mistral_7b_instruct_v03=311, qwen3_8b=0
[SCHEDULER_HEARTBEAT] running=[] | gpu0:free=15.0GiB util=69% | remaining: gemma_3_12b_it=2842, mistral_7b_instruct_v03=311, qwen3_8b=0
[SCHEDULER_HEARTBEAT] running=[] | gpu0:free=15.0GiB util=71% | remaining: gemma_3_12b_it=2842, mistral_7b_instruct_v03=311, qwen3_8b=0
[SCHEDULER_HEARTBEAT] running=[] | gpu0:free=15.1GiB util=69% | remaining: gemma_3_12b_it=2842, mistral_7b_instruct_v03=310, qwen3_8b=0
[SCHEDULER_HEARTBEAT] running=[] | gpu0:free=15.1GiB util=70% | remaining: gemma_3_12b_it=2842, mistral_7b_instruct_v03=310, qwen3_8b=0
[SCHEDULER_HEARTBEAT] running=[] | gpu0:free=15.0GiB util=70% | remaining: gemma_3_12b_it=2842, mistral_7b_instruct_v03=310, qwen3_8b=0
[SCHEDULER_HEARTBEAT] running=[] | gpu0:free=15.0GiB util=70% | remaining: gemma_3_12b_it=2842, mistral_7b_instruct_v03=310, qwen3_8b=0
[SCHEDULER_HEARTBEAT] running=[] | gpu0:free=14.9GiB util=91% | remaining: gemma_3_12b_it=2842, mistral_7b_instruct_v03=310, qwen3_8b=0
[SCHEDULER_HEARTBEAT] running=[] | gpu0:free=15.1GiB util=75% | remaining: gemma_3_12b_it=2842, mistral_7b_instruct_v03=309, qwen3_8b=0
[SCHEDULER_HEARTBEAT] running=[] | gpu0:free=14.9GiB util=71% | remaining: gemma_3_12b_it=2842, mistral_7b_instruct_v03=309, qwen3_8b=0
[SCHEDULER_HEARTBEAT] running=[] | gpu0:free=15.1GiB util=70% | remaining: gemma_3_12b_it=2842, mistral_7b_instruct_v03=308, qwen3_8b=0
[SCHEDULER_HEARTBEAT] running=[] | gpu0:free=15.0GiB util=71% | remaining: gemma_3_12b_it=2842, mistral_7b_instruct_v03=308, qwen3_8b=0
[SCHEDULER_HEARTBEAT] running=[] | gpu0:free=15.0GiB util=70% | remaining: gemma_3_12b_it=2842, mistral_7b_instruct_v03=308, qwen3_8b=0
[SCHEDULER_HEARTBEAT] running=[] | gpu0:free=15.0GiB util=71% | remaining: gemma_3_12b_it=2842, mistral_7b_instruct_v03=308, qwen3_8b=0
[SCHEDULER_HEARTBEAT] running=[] | gpu0:free=15.1GiB util=70% | remaining: gemma_3_12b_it=2842, mistral_7b_instruct_v03=307, qwen3_8b=0
[SCHEDULER_HEARTBEAT] running=[] | gpu0:free=15.0GiB util=75% | remaining: gemma_3_12b_it=2842, mistral_7b_instruct_v03=307, qwen3_8b=0
[SCHEDULER_HEARTBEAT] running=[] | gpu0:free=14.9GiB util=71% | remaining: gemma_3_12b_it=2842, mistral_7b_instruct_v03=306, qwen3_8b=0
[SCHEDULER_HEARTBEAT] running=[] | gpu0:free=15.0GiB util=70% | remaining: gemma_3_12b_it=2842, mistral_7b_instruct_v03=306, qwen3_8b=0
[SCHEDULER_HEARTBEAT] running=[] | gpu0:free=15.2GiB util=74% | remaining: gemma_3_12b_it=2842, mistral_7b_instruct_v03=305, qwen3_8b=0
[SCHEDULER_HEARTBEAT] running=[] | gpu0:free=15.0GiB util=70% | remaining: gemma_3_12b_it=2842, mistral_7b_instruct_v03=305, qwen3_8b=0
[SCHEDULER_HEARTBEAT] running=[] | gpu0:free=15.1GiB util=70% | remaining: gemma_3_12b_it=2842, mistral_7b_instruct_v03=304, qwen3_8b=0
[SCHEDULER_HEARTBEAT] running=[] | gpu0:free=15.1GiB util=71% | remaining: gemma_3_12b_it=2842, mistral_7b_instruct_v03=304, qwen3_8b=0
[SCHEDULER_HEARTBEAT] running=[] | gpu0:free=15.1GiB util=72% | remaining: gemma_3_12b_it=2842, mistral_7b_instruct_v03=303, qwen3_8b=0
[SCHEDULER_HEARTBEAT] running=[] | gpu0:free=14.9GiB util=71% | remaining: gemma_3_12b_it=2842, mistral_7b_instruct_v03=303, qwen3_8b=0
[SCHEDULER_HEARTBEAT] running=[] | gpu0:free=15.1GiB util=71% | remaining: gemma_3_12b_it=2842, mistral_7b_instruct_v03=303, qwen3_8b=0
[SCHEDULER_HEARTBEAT] running=[] | gpu0:free=15.1GiB util=70% | remaining: gemma_3_12b_it=2842, mistral_7b_instruct_v03=302, qwen3_8b=0
[SCHEDULER_HEARTBEAT] running=[] | gpu0:free=15.0GiB util=74% | remaining: gemma_3_12b_it=2842, mistral_7b_instruct_v03=302, qwen3_8b=0
[SCHEDULER_HEARTBEAT] running=[] | gpu0:free=15.0GiB util=76% | remaining: gemma_3_12b_it=2842, mistral_7b_instruct_v03=302, qwen3_8b=0
[SCHEDULER_HEARTBEAT] running=[] | gpu0:free=15.0GiB util=72% | remaining: gemma_3_12b_it=2842, mistral_7b_instruct_v03=302, qwen3_8b=0
[SCHEDULER_HEARTBEAT] running=[] | gpu0:free=15.0GiB util=72% | remaining: gemma_3_12b_it=2842, mistral_7b_instruct_v03=302, qwen3_8b=0
[SCHEDULER_HEARTBEAT] running=[] | gpu0:free=15.1GiB util=71% | remaining: gemma_3_12b_it=2842, mistral_7b_instruct_v03=301, qwen3_8b=0
[SCHEDULER_HEARTBEAT] running=[] | gpu0:free=15.0GiB util=72% | remaining: gemma_3_12b_it=2842, mistral_7b_instruct_v03=301, qwen3_8b=0
[SCHEDULER_HEARTBEAT] running=[] | gpu0:free=14.9GiB util=74% | remaining: gemma_3_12b_it=2842, mistral_7b_instruct_v03=301, qwen3_8b=0
[SCHEDULER_HEARTBEAT] running=[] | gpu0:free=15.1GiB util=74% | remaining: gemma_3_12b_it=2842, mistral_7b_instruct_v03=301, qwen3_8b=0
[SCHEDULER_HEARTBEAT] running=[] | gpu0:free=14.9GiB util=71% | remaining: gemma_3_12b_it=2842, mistral_7b_instruct_v03=300, qwen3_8b=0
[SCHEDULER_HEARTBEAT] running=[] | gpu0:free=15.0GiB util=72% | remaining: gemma_3_12b_it=2842, mistral_7b_instruct_v03=300, qwen3_8b=0
[SCHEDULER_HEARTBEAT] running=[] | gpu0:free=26.0GiB util=46% | remaining: gemma_3_12b_it=2842, mistral_7b_instruct_v03=299, qwen3_8b=0
[SCHEDULER_HEARTBEAT] running=[] | gpu0:free=16.0GiB util=67% | remaining: gemma_3_12b_it=2842, mistral_7b_instruct_v03=299, qwen3_8b=0
[SCHEDULER_HEARTBEAT] running=[] | gpu0:free=15.3GiB util=73% | remaining: gemma_3_12b_it=2842, mistral_7b_instruct_v03=298, qwen3_8b=0
[SCHEDULER_HEARTBEAT] running=[] | gpu0:free=15.4GiB util=69% | remaining: gemma_3_12b_it=2842, mistral_7b_instruct_v03=297, qwen3_8b=0
[SCHEDULER_HEARTBEAT] running=[] | gpu0:free=15.3GiB util=75% | remaining: gemma_3_12b_it=2842, mistral_7b_instruct_v03=296, qwen3_8b=0
[SCHEDULER_HEARTBEAT] running=[] | gpu0:free=15.4GiB util=72% | remaining: gemma_3_12b_it=2842, mistral_7b_instruct_v03=296, qwen3_8b=0
[SCHEDULER_HEARTBEAT] running=[] | gpu0:free=15.4GiB util=71% | remaining: gemma_3_12b_it=2842, mistral_7b_instruct_v03=296, qwen3_8b=0
[SCHEDULER_HEARTBEAT] running=[] | gpu0:free=15.4GiB util=70% | remaining: gemma_3_12b_it=2842, mistral_7b_instruct_v03=295, qwen3_8b=0
[SCHEDULER_HEARTBEAT] running=[] | gpu0:free=15.3GiB util=71% | remaining: gemma_3_12b_it=2842, mistral_7b_instruct_v03=294, qwen3_8b=0
[SCHEDULER_HEARTBEAT] running=[] | gpu0:free=15.5GiB util=72% | remaining: gemma_3_12b_it=2842, mistral_7b_instruct_v03=294, qwen3_8b=0
[SCHEDULER_HEARTBEAT] running=[] | gpu0:free=15.4GiB util=71% | remaining: gemma_3_12b_it=2842, mistral_7b_instruct_v03=294, qwen3_8b=0
[SCHEDULER_HEARTBEAT] running=[] | gpu0:free=15.2GiB util=75% | remaining: gemma_3_12b_it=2842, mistral_7b_instruct_v03=294, qwen3_8b=0
[SCHEDULER_HEARTBEAT] running=[] | gpu0:free=15.2GiB util=70% | remaining: gemma_3_12b_it=2842, mistral_7b_instruct_v03=294, qwen3_8b=0
[SCHEDULER_HEARTBEAT] running=[] | gpu0:free=15.5GiB util=72% | remaining: gemma_3_12b_it=2842, mistral_7b_instruct_v03=293, qwen3_8b=0
[SCHEDULER_HEARTBEAT] running=[] | gpu0:free=15.4GiB util=72% | remaining: gemma_3_12b_it=2842, mistral_7b_instruct_v03=293, qwen3_8b=0
[SCHEDULER_HEARTBEAT] running=[] | gpu0:free=15.4GiB util=75% | remaining: gemma_3_12b_it=2842, mistral_7b_instruct_v03=293, qwen3_8b=0
[SCHEDULER_HEARTBEAT] running=[] | gpu0:free=15.4GiB util=70% | remaining: gemma_3_12b_it=2842, mistral_7b_instruct_v03=293, qwen3_8b=0
[SCHEDULER_HEARTBEAT] running=[] | gpu0:free=15.5GiB util=70% | remaining: gemma_3_12b_it=2842, mistral_7b_instruct_v03=292, qwen3_8b=0
[SCHEDULER_HEARTBEAT] running=[] | gpu0:free=15.4GiB util=72% | remaining: gemma_3_12b_it=2842, mistral_7b_instruct_v03=292, qwen3_8b=0
[SCHEDULER_HEARTBEAT] running=[] | gpu0:free=15.3GiB util=72% | remaining: gemma_3_12b_it=2842, mistral_7b_instruct_v03=292, qwen3_8b=0
[SCHEDULER_HEARTBEAT] running=[] | gpu0:free=15.4GiB util=76% | remaining: gemma_3_12b_it=2842, mistral_7b_instruct_v03=292, qwen3_8b=0
[SCHEDULER_HEARTBEAT] running=[] | gpu0:free=15.4GiB util=75% | remaining: gemma_3_12b_it=2842, mistral_7b_instruct_v03=292, qwen3_8b=0
[SCHEDULER_HEARTBEAT] running=[] | gpu0:free=15.3GiB util=70% | remaining: gemma_3_12b_it=2842, mistral_7b_instruct_v03=291, qwen3_8b=0
[SCHEDULER_HEARTBEAT] running=[] | gpu0:free=15.3GiB util=73% | remaining: gemma_3_12b_it=2842, mistral_7b_instruct_v03=291, qwen3_8b=0
[SCHEDULER_HEARTBEAT] running=[] | gpu0:free=15.4GiB util=79% | remaining: gemma_3_12b_it=2842, mistral_7b_instruct_v03=291, qwen3_8b=0
[SCHEDULER_HEARTBEAT] running=[] | gpu0:free=15.2GiB util=73% | remaining: gemma_3_12b_it=2842, mistral_7b_instruct_v03=291, qwen3_8b=0
[SCHEDULER_HEARTBEAT] running=[] | gpu0:free=15.4GiB util=70% | remaining: gemma_3_12b_it=2842, mistral_7b_instruct_v03=290, qwen3_8b=0
[SCHEDULER_HEARTBEAT] running=[] | gpu0:free=15.5GiB util=73% | remaining: gemma_3_12b_it=2842, mistral_7b_instruct_v03=290, qwen3_8b=0
[SCHEDULER_HEARTBEAT] running=[] | gpu0:free=15.0GiB util=96% | remaining: gemma_3_12b_it=2842, mistral_7b_instruct_v03=290, qwen3_8b=0
[SCHEDULER_HEARTBEAT] running=[] | gpu0:free=14.8GiB util=70% | remaining: gemma_3_12b_it=2842, mistral_7b_instruct_v03=290, qwen3_8b=0
[SCHEDULER_HEARTBEAT] running=[] | gpu0:free=14.8GiB util=73% | remaining: gemma_3_12b_it=2842, mistral_7b_instruct_v03=290, qwen3_8b=0
[SCHEDULER_HEARTBEAT] running=[] | gpu0:free=14.9GiB util=70% | remaining: gemma_3_12b_it=2842, mistral_7b_instruct_v03=289, qwen3_8b=0
[SCHEDULER_HEARTBEAT] running=[] | gpu0:free=15.2GiB util=73% | remaining: gemma_3_12b_it=2842, mistral_7b_instruct_v03=288, qwen3_8b=0
[SCHEDULER_HEARTBEAT] running=[] | gpu0:free=14.9GiB util=72% | remaining: gemma_3_12b_it=2842, mistral_7b_instruct_v03=288, qwen3_8b=0
[SCHEDULER_HEARTBEAT] running=[] | gpu0:free=14.9GiB util=70% | remaining: gemma_3_12b_it=2842, mistral_7b_instruct_v03=288, qwen3_8b=0
[SCHEDULER_HEARTBEAT] running=[] | gpu0:free=14.8GiB util=71% | remaining: gemma_3_12b_it=2842, mistral_7b_instruct_v03=288, qwen3_8b=0
[SCHEDULER_HEARTBEAT] running=[] | gpu0:free=15.0GiB util=70% | remaining: gemma_3_12b_it=2842, mistral_7b_instruct_v03=287, qwen3_8b=0
[SCHEDULER_HEARTBEAT] running=[] | gpu0:free=15.0GiB util=76% | remaining: gemma_3_12b_it=2842, mistral_7b_instruct_v03=287, qwen3_8b=0
[SCHEDULER_HEARTBEAT] running=[] | gpu0:free=15.0GiB util=100% | remaining: gemma_3_12b_it=2842, mistral_7b_instruct_v03=287, qwen3_8b=0
[SCHEDULER_HEARTBEAT] running=[] | gpu0:free=15.0GiB util=71% | remaining: gemma_3_12b_it=2842, mistral_7b_instruct_v03=287, qwen3_8b=0
[SCHEDULER_HEARTBEAT] running=[] | gpu0:free=15.0GiB util=72% | remaining: gemma_3_12b_it=2842, mistral_7b_instruct_v03=286, qwen3_8b=0
[SCHEDULER_HEARTBEAT] running=[] | gpu0:free=15.1GiB util=72% | remaining: gemma_3_12b_it=2842, mistral_7b_instruct_v03=286, qwen3_8b=0
[SCHEDULER_HEARTBEAT] running=[] | gpu0:free=15.1GiB util=69% | remaining: gemma_3_12b_it=2842, mistral_7b_instruct_v03=285, qwen3_8b=0
[SCHEDULER_HEARTBEAT] running=[] | gpu0:free=15.0GiB util=71% | remaining: gemma_3_12b_it=2842, mistral_7b_instruct_v03=285, qwen3_8b=0
[SCHEDULER_HEARTBEAT] running=[] | gpu0:free=15.1GiB util=76% | remaining: gemma_3_12b_it=2842, mistral_7b_instruct_v03=285, qwen3_8b=0
[SCHEDULER_HEARTBEAT] running=[] | gpu0:free=15.0GiB util=70% | remaining: gemma_3_12b_it=2842, mistral_7b_instruct_v03=285, qwen3_8b=0
[SCHEDULER_HEARTBEAT] running=[] | gpu0:free=14.9GiB util=71% | remaining: gemma_3_12b_it=2842, mistral_7b_instruct_v03=284, qwen3_8b=0
[SCHEDULER_HEARTBEAT] running=[] | gpu0:free=15.0GiB util=69% | remaining: gemma_3_12b_it=2842, mistral_7b_instruct_v03=284, qwen3_8b=0
[SCHEDULER_HEARTBEAT] running=[] | gpu0:free=15.1GiB util=70% | remaining: gemma_3_12b_it=2842, mistral_7b_instruct_v03=284, qwen3_8b=0
[SCHEDULER_HEARTBEAT] running=[] | gpu0:free=15.0GiB util=71% | remaining: gemma_3_12b_it=2842, mistral_7b_instruct_v03=284, qwen3_8b=0
[SCHEDULER_HEARTBEAT] running=[] | gpu0:free=14.8GiB util=70% | remaining: gemma_3_12b_it=2842, mistral_7b_instruct_v03=284, qwen3_8b=0
[SCHEDULER_HEARTBEAT] running=[] | gpu0:free=15.0GiB util=73% | remaining: gemma_3_12b_it=2842, mistral_7b_instruct_v03=283, qwen3_8b=0
[SCHEDULER_HEARTBEAT] running=[] | gpu0:free=14.9GiB util=74% | remaining: gemma_3_12b_it=2842, mistral_7b_instruct_v03=282, qwen3_8b=0
[SCHEDULER_HEARTBEAT] running=[] | gpu0:free=14.9GiB util=70% | remaining: gemma_3_12b_it=2842, mistral_7b_instruct_v03=282, qwen3_8b=0
[SCHEDULER_HEARTBEAT] running=[] | gpu0:free=15.0GiB util=74% | remaining: gemma_3_12b_it=2842, mistral_7b_instruct_v03=282, qwen3_8b=0
[SCHEDULER_HEARTBEAT] running=[] | gpu0:free=15.0GiB util=68% | remaining: gemma_3_12b_it=2842, mistral_7b_instruct_v03=281, qwen3_8b=0
[SCHEDULER_HEARTBEAT] running=[] | gpu0:free=14.9GiB util=72% | remaining: gemma_3_12b_it=2842, mistral_7b_instruct_v03=281, qwen3_8b=0
[SCHEDULER_HEARTBEAT] running=[] | gpu0:free=15.0GiB util=76% | remaining: gemma_3_12b_it=2842, mistral_7b_instruct_v03=280, qwen3_8b=0
[SCHEDULER_HEARTBEAT] running=[] | gpu0:free=14.9GiB util=74% | remaining: gemma_3_12b_it=2842, mistral_7b_instruct_v03=280, qwen3_8b=0
[SCHEDULER_HEARTBEAT] running=[] | gpu0:free=14.9GiB util=82% | remaining: gemma_3_12b_it=2842, mistral_7b_instruct_v03=280, qwen3_8b=0
[SCHEDULER_HEARTBEAT] running=[] | gpu0:free=15.0GiB util=75% | remaining: gemma_3_12b_it=2842, mistral_7b_instruct_v03=280, qwen3_8b=0
[SCHEDULER_HEARTBEAT] running=[] | gpu0:free=15.2GiB util=72% | remaining: gemma_3_12b_it=2842, mistral_7b_instruct_v03=279, qwen3_8b=0
[SCHEDULER_HEARTBEAT] running=[] | gpu0:free=14.9GiB util=73% | remaining: gemma_3_12b_it=2842, mistral_7b_instruct_v03=279, qwen3_8b=0
[SCHEDULER_HEARTBEAT] running=[] | gpu0:free=15.0GiB util=70% | remaining: gemma_3_12b_it=2842, mistral_7b_instruct_v03=279, qwen3_8b=0
[SCHEDULER_HEARTBEAT] running=[] | gpu0:free=15.1GiB util=76% | remaining: gemma_3_12b_it=2842, mistral_7b_instruct_v03=278, qwen3_8b=0
[SCHEDULER_HEARTBEAT] running=[] | gpu0:free=14.9GiB util=69% | remaining: gemma_3_12b_it=2842, mistral_7b_instruct_v03=278, qwen3_8b=0
[SCHEDULER_HEARTBEAT] running=[] | gpu0:free=14.9GiB util=74% | remaining: gemma_3_12b_it=2842, mistral_7b_instruct_v03=277, qwen3_8b=0
[SCHEDULER_HEARTBEAT] running=[] | gpu0:free=14.9GiB util=70% | remaining: gemma_3_12b_it=2842, mistral_7b_instruct_v03=276, qwen3_8b=0
[SCHEDULER_HEARTBEAT] running=[] | gpu0:free=15.0GiB util=75% | remaining: gemma_3_12b_it=2842, mistral_7b_instruct_v03=276, qwen3_8b=0
[SCHEDULER_HEARTBEAT] running=[] | gpu0:free=15.1GiB util=72% | remaining: gemma_3_12b_it=2842, mistral_7b_instruct_v03=275, qwen3_8b=0
[SCHEDULER_HEARTBEAT] running=[] | gpu0:free=15.0GiB util=74% | remaining: gemma_3_12b_it=2842, mistral_7b_instruct_v03=275, qwen3_8b=0
[SCHEDULER_HEARTBEAT] running=[] | gpu0:free=15.1GiB util=72% | remaining: gemma_3_12b_it=2842, mistral_7b_instruct_v03=275, qwen3_8b=0
[SCHEDULER_HEARTBEAT] running=[] | gpu0:free=15.0GiB util=71% | remaining: gemma_3_12b_it=2842, mistral_7b_instruct_v03=275, qwen3_8b=0
[SCHEDULER_HEARTBEAT] running=[] | gpu0:free=15.1GiB util=71% | remaining: gemma_3_12b_it=2842, mistral_7b_instruct_v03=274, qwen3_8b=0
[SCHEDULER_HEARTBEAT] running=[] | gpu0:free=14.9GiB util=73% | remaining: gemma_3_12b_it=2842, mistral_7b_instruct_v03=273, qwen3_8b=0
[SCHEDULER_HEARTBEAT] running=[] | gpu0:free=15.0GiB util=70% | remaining: gemma_3_12b_it=2842, mistral_7b_instruct_v03=273, qwen3_8b=0
[SCHEDULER_HEARTBEAT] running=[] | gpu0:free=15.0GiB util=71% | remaining: gemma_3_12b_it=2842, mistral_7b_instruct_v03=272, qwen3_8b=0
[SCHEDULER_HEARTBEAT] running=[] | gpu0:free=14.9GiB util=70% | remaining: gemma_3_12b_it=2842, mistral_7b_instruct_v03=272, qwen3_8b=0
[SCHEDULER_HEARTBEAT] running=[] | gpu0:free=15.0GiB util=70% | remaining: gemma_3_12b_it=2842, mistral_7b_instruct_v03=271, qwen3_8b=0
[SCHEDULER_HEARTBEAT] running=[] | gpu0:free=14.9GiB util=76% | remaining: gemma_3_12b_it=2842, mistral_7b_instruct_v03=271, qwen3_8b=0
[SCHEDULER_HEARTBEAT] running=[] | gpu0:free=14.9GiB util=83% | remaining: gemma_3_12b_it=2842, mistral_7b_instruct_v03=271, qwen3_8b=0
[SCHEDULER_HEARTBEAT] running=[] | gpu0:free=14.8GiB util=72% | remaining: gemma_3_12b_it=2842, mistral_7b_instruct_v03=271, qwen3_8b=0
[SCHEDULER_HEARTBEAT] running=[] | gpu0:free=14.9GiB util=100% | remaining: gemma_3_12b_it=2842, mistral_7b_instruct_v03=270, qwen3_8b=0
[SCHEDULER_HEARTBEAT] running=[] | gpu0:free=15.0GiB util=75% | remaining: gemma_3_12b_it=2842, mistral_7b_instruct_v03=270, qwen3_8b=0
[SCHEDULER_HEARTBEAT] running=[] | gpu0:free=26.1GiB util=47% | remaining: gemma_3_12b_it=2842, mistral_7b_instruct_v03=270, qwen3_8b=0
[SCHEDULER_HEARTBEAT] running=[] | gpu0:free=16.5GiB util=74% | remaining: gemma_3_12b_it=2842, mistral_7b_instruct_v03=269, qwen3_8b=0
[SCHEDULER_HEARTBEAT] running=[] | gpu0:free=15.7GiB util=72% | remaining: gemma_3_12b_it=2842, mistral_7b_instruct_v03=269, qwen3_8b=0
[SCHEDULER_HEARTBEAT] running=[] | gpu0:free=15.8GiB util=75% | remaining: gemma_3_12b_it=2842, mistral_7b_instruct_v03=268, qwen3_8b=0
[SCHEDULER_HEARTBEAT] running=[] | gpu0:free=15.7GiB util=70% | remaining: gemma_3_12b_it=2842, mistral_7b_instruct_v03=267, qwen3_8b=0
[SCHEDULER_HEARTBEAT] running=[] | gpu0:free=15.7GiB util=72% | remaining: gemma_3_12b_it=2842, mistral_7b_instruct_v03=266, qwen3_8b=0
[SCHEDULER_HEARTBEAT] running=[] | gpu0:free=15.5GiB util=71% | remaining: gemma_3_12b_it=2842, mistral_7b_instruct_v03=266, qwen3_8b=0
[SCHEDULER_HEARTBEAT] running=[] | gpu0:free=15.6GiB util=71% | remaining: gemma_3_12b_it=2842, mistral_7b_instruct_v03=265, qwen3_8b=0
[SCHEDULER_HEARTBEAT] running=[] | gpu0:free=15.7GiB util=71% | remaining: gemma_3_12b_it=2842, mistral_7b_instruct_v03=264, qwen3_8b=0
[SCHEDULER_HEARTBEAT] running=[] | gpu0:free=15.8GiB util=76% | remaining: gemma_3_12b_it=2842, mistral_7b_instruct_v03=264, qwen3_8b=0
[SCHEDULER_HEARTBEAT] running=[] | gpu0:free=15.5GiB util=70% | remaining: gemma_3_12b_it=2842, mistral_7b_instruct_v03=264, qwen3_8b=0
[SCHEDULER_HEARTBEAT] running=[] | gpu0:free=15.6GiB util=72% | remaining: gemma_3_12b_it=2842, mistral_7b_instruct_v03=264, qwen3_8b=0
[SCHEDULER_HEARTBEAT] running=[] | gpu0:free=15.5GiB util=71% | remaining: gemma_3_12b_it=2842, mistral_7b_instruct_v03=264, qwen3_8b=0
[SCHEDULER_HEARTBEAT] running=[] | gpu0:free=15.8GiB util=71% | remaining: gemma_3_12b_it=2842, mistral_7b_instruct_v03=263, qwen3_8b=0
[SCHEDULER_HEARTBEAT] running=[] | gpu0:free=15.5GiB util=71% | remaining: gemma_3_12b_it=2842, mistral_7b_instruct_v03=263, qwen3_8b=0
[SCHEDULER_HEARTBEAT] running=[] | gpu0:free=15.6GiB util=78% | remaining: gemma_3_12b_it=2842, mistral_7b_instruct_v03=263, qwen3_8b=0
[SCHEDULER_HEARTBEAT] running=[] | gpu0:free=15.5GiB util=76% | remaining: gemma_3_12b_it=2842, mistral_7b_instruct_v03=263, qwen3_8b=0
[SCHEDULER_HEARTBEAT] running=[] | gpu0:free=15.8GiB util=72% | remaining: gemma_3_12b_it=2842, mistral_7b_instruct_v03=262, qwen3_8b=0
[SCHEDULER_HEARTBEAT] running=[] | gpu0:free=15.7GiB util=71% | remaining: gemma_3_12b_it=2842, mistral_7b_instruct_v03=262, qwen3_8b=0
[SCHEDULER_HEARTBEAT] running=[] | gpu0:free=15.5GiB util=71% | remaining: gemma_3_12b_it=2842, mistral_7b_instruct_v03=261, qwen3_8b=0
[SCHEDULER_HEARTBEAT] running=[] | gpu0:free=15.7GiB util=83% | remaining: gemma_3_12b_it=2842, mistral_7b_instruct_v03=261, qwen3_8b=0
[SCHEDULER_HEARTBEAT] running=[] | gpu0:free=15.6GiB util=72% | remaining: gemma_3_12b_it=2842, mistral_7b_instruct_v03=261, qwen3_8b=0
[SCHEDULER_HEARTBEAT] running=[] | gpu0:free=15.6GiB util=72% | remaining: gemma_3_12b_it=2842, mistral_7b_instruct_v03=261, qwen3_8b=0
[SCHEDULER_HEARTBEAT] running=[] | gpu0:free=15.7GiB util=73% | remaining: gemma_3_12b_it=2842, mistral_7b_instruct_v03=260, qwen3_8b=0
[SCHEDULER_HEARTBEAT] running=[] | gpu0:free=15.7GiB util=72% | remaining: gemma_3_12b_it=2842, mistral_7b_instruct_v03=259, qwen3_8b=0
[SCHEDULER_HEARTBEAT] running=[] | gpu0:free=15.1GiB util=68% | remaining: gemma_3_12b_it=2842, mistral_7b_instruct_v03=259, qwen3_8b=0
[SCHEDULER_HEARTBEAT] running=[] | gpu0:free=14.7GiB util=73% | remaining: gemma_3_12b_it=2842, mistral_7b_instruct_v03=258, qwen3_8b=0
[SCHEDULER_HEARTBEAT] running=[] | gpu0:free=14.7GiB util=69% | remaining: gemma_3_12b_it=2842, mistral_7b_instruct_v03=258, qwen3_8b=0
[SCHEDULER_HEARTBEAT] running=[] | gpu0:free=14.8GiB util=73% | remaining: gemma_3_12b_it=2842, mistral_7b_instruct_v03=258, qwen3_8b=0
[SCHEDULER_HEARTBEAT] running=[] | gpu0:free=14.8GiB util=71% | remaining: gemma_3_12b_it=2842, mistral_7b_instruct_v03=258, qwen3_8b=0
[SCHEDULER_HEARTBEAT] running=[] | gpu0:free=14.9GiB util=71% | remaining: gemma_3_12b_it=2842, mistral_7b_instruct_v03=257, qwen3_8b=0
[SCHEDULER_HEARTBEAT] running=[] | gpu0:free=14.9GiB util=70% | remaining: gemma_3_12b_it=2842, mistral_7b_instruct_v03=257, qwen3_8b=0
[SCHEDULER_HEARTBEAT] running=[] | gpu0:free=14.9GiB util=71% | remaining: gemma_3_12b_it=2842, mistral_7b_instruct_v03=257, qwen3_8b=0
[SCHEDULER_HEARTBEAT] running=[] | gpu0:free=15.0GiB util=75% | remaining: gemma_3_12b_it=2842, mistral_7b_instruct_v03=256, qwen3_8b=0
[SCHEDULER_HEARTBEAT] running=[] | gpu0:free=14.8GiB util=72% | remaining: gemma_3_12b_it=2842, mistral_7b_instruct_v03=255, qwen3_8b=0
[SCHEDULER_HEARTBEAT] running=[] | gpu0:free=14.7GiB util=75% | remaining: gemma_3_12b_it=2842, mistral_7b_instruct_v03=255, qwen3_8b=0
[SCHEDULER_HEARTBEAT] running=[] | gpu0:free=14.7GiB util=71% | remaining: gemma_3_12b_it=2842, mistral_7b_instruct_v03=255, qwen3_8b=0
[SCHEDULER_HEARTBEAT] running=[] | gpu0:free=14.9GiB util=71% | remaining: gemma_3_12b_it=2842, mistral_7b_instruct_v03=255, qwen3_8b=0
[SCHEDULER_HEARTBEAT] running=[] | gpu0:free=14.9GiB util=74% | remaining: gemma_3_12b_it=2842, mistral_7b_instruct_v03=254, qwen3_8b=0
[SCHEDULER_HEARTBEAT] running=[] | gpu0:free=14.9GiB util=73% | remaining: gemma_3_12b_it=2842, mistral_7b_instruct_v03=254, qwen3_8b=0
[SCHEDULER_HEARTBEAT] running=[] | gpu0:free=14.7GiB util=72% | remaining: gemma_3_12b_it=2842, mistral_7b_instruct_v03=254, qwen3_8b=0
[SCHEDULER_HEARTBEAT] running=[] | gpu0:free=14.9GiB util=73% | remaining: gemma_3_12b_it=2842, mistral_7b_instruct_v03=254, qwen3_8b=0
[SCHEDULER_HEARTBEAT] running=[] | gpu0:free=14.9GiB util=72% | remaining: gemma_3_12b_it=2842, mistral_7b_instruct_v03=253, qwen3_8b=0
[SCHEDULER_HEARTBEAT] running=[] | gpu0:free=15.0GiB util=72% | remaining: gemma_3_12b_it=2842, mistral_7b_instruct_v03=253, qwen3_8b=0
[SCHEDULER_HEARTBEAT] running=[] | gpu0:free=14.7GiB util=82% | remaining: gemma_3_12b_it=2842, mistral_7b_instruct_v03=253, qwen3_8b=0
[SCHEDULER_HEARTBEAT] running=[] | gpu0:free=14.9GiB util=71% | remaining: gemma_3_12b_it=2842, mistral_7b_instruct_v03=252, qwen3_8b=0
[SCHEDULER_HEARTBEAT] running=[] | gpu0:free=14.7GiB util=71% | remaining: gemma_3_12b_it=2842, mistral_7b_instruct_v03=252, qwen3_8b=0
[SCHEDULER_HEARTBEAT] running=[] | gpu0:free=14.8GiB util=73% | remaining: gemma_3_12b_it=2842, mistral_7b_instruct_v03=251, qwen3_8b=0
[SCHEDULER_HEARTBEAT] running=[] | gpu0:free=14.7GiB util=70% | remaining: gemma_3_12b_it=2842, mistral_7b_instruct_v03=251, qwen3_8b=0
[SCHEDULER_HEARTBEAT] running=[] | gpu0:free=14.7GiB util=74% | remaining: gemma_3_12b_it=2842, mistral_7b_instruct_v03=250, qwen3_8b=0
[SCHEDULER_HEARTBEAT] running=[] | gpu0:free=14.9GiB util=74% | remaining: gemma_3_12b_it=2842, mistral_7b_instruct_v03=250, qwen3_8b=0
[SCHEDULER_HEARTBEAT] running=[] | gpu0:free=14.9GiB util=70% | remaining: gemma_3_12b_it=2842, mistral_7b_instruct_v03=249, qwen3_8b=0
[SCHEDULER_HEARTBEAT] running=[] | gpu0:free=14.9GiB util=71% | remaining: gemma_3_12b_it=2842, mistral_7b_instruct_v03=248, qwen3_8b=0
[SCHEDULER_HEARTBEAT] running=[] | gpu0:free=14.9GiB util=76% | remaining: gemma_3_12b_it=2842, mistral_7b_instruct_v03=248, qwen3_8b=0
[SCHEDULER_HEARTBEAT] running=[] | gpu0:free=14.7GiB util=75% | remaining: gemma_3_12b_it=2842, mistral_7b_instruct_v03=247, qwen3_8b=0
[SCHEDULER_HEARTBEAT] running=[] | gpu0:free=14.7GiB util=82% | remaining: gemma_3_12b_it=2842, mistral_7b_instruct_v03=246, qwen3_8b=0
[SCHEDULER_HEARTBEAT] running=[] | gpu0:free=14.7GiB util=71% | remaining: gemma_3_12b_it=2842, mistral_7b_instruct_v03=246, qwen3_8b=0
[SCHEDULER_HEARTBEAT] running=[] | gpu0:free=14.9GiB util=71% | remaining: gemma_3_12b_it=2842, mistral_7b_instruct_v03=245, qwen3_8b=0
[SCHEDULER_HEARTBEAT] running=[] | gpu0:free=14.9GiB util=71% | remaining: gemma_3_12b_it=2842, mistral_7b_instruct_v03=245, qwen3_8b=0
[SCHEDULER_HEARTBEAT] running=[] | gpu0:free=15.0GiB util=74% | remaining: gemma_3_12b_it=2842, mistral_7b_instruct_v03=244, qwen3_8b=0
[SCHEDULER_HEARTBEAT] running=[] | gpu0:free=14.9GiB util=70% | remaining: gemma_3_12b_it=2842, mistral_7b_instruct_v03=243, qwen3_8b=0
[SCHEDULER_HEARTBEAT] running=[] | gpu0:free=14.9GiB util=74% | remaining: gemma_3_12b_it=2842, mistral_7b_instruct_v03=243, qwen3_8b=0
[SCHEDULER_HEARTBEAT] running=[] | gpu0:free=14.7GiB util=76% | remaining: gemma_3_12b_it=2842, mistral_7b_instruct_v03=243, qwen3_8b=0
[SCHEDULER_HEARTBEAT] running=[] | gpu0:free=14.8GiB util=73% | remaining: gemma_3_12b_it=2842, mistral_7b_instruct_v03=243, qwen3_8b=0
[SCHEDULER_HEARTBEAT] running=[] | gpu0:free=15.0GiB util=75% | remaining: gemma_3_12b_it=2842, mistral_7b_instruct_v03=242, qwen3_8b=0
[SCHEDULER_HEARTBEAT] running=[] | gpu0:free=14.9GiB util=71% | remaining: gemma_3_12b_it=2842, mistral_7b_instruct_v03=242, qwen3_8b=0
[SCHEDULER_HEARTBEAT] running=[] | gpu0:free=14.7GiB util=75% | remaining: gemma_3_12b_it=2842, mistral_7b_instruct_v03=242, qwen3_8b=0
[SCHEDULER_HEARTBEAT] running=[] | gpu0:free=14.7GiB util=71% | remaining: gemma_3_12b_it=2842, mistral_7b_instruct_v03=241, qwen3_8b=0
[SCHEDULER_HEARTBEAT] running=[] | gpu0:free=14.7GiB util=70% | remaining: gemma_3_12b_it=2842, mistral_7b_instruct_v03=241, qwen3_8b=0
[SCHEDULER_HEARTBEAT] running=[] | gpu0:free=14.9GiB util=69% | remaining: gemma_3_12b_it=2842, mistral_7b_instruct_v03=240, qwen3_8b=0
[SCHEDULER_HEARTBEAT] running=[] | gpu0:free=14.7GiB util=72% | remaining: gemma_3_12b_it=2842, mistral_7b_instruct_v03=240, qwen3_8b=0
[SCHEDULER_HEARTBEAT] running=[] | gpu0:free=14.9GiB util=71% | remaining: gemma_3_12b_it=2842, mistral_7b_instruct_v03=240, qwen3_8b=0
[SCHEDULER_HEARTBEAT] running=[] | gpu0:free=14.8GiB util=73% | remaining: gemma_3_12b_it=2842, mistral_7b_instruct_v03=240, qwen3_8b=0
[SCHEDULER_HEARTBEAT] running=[] | gpu0:free=14.8GiB util=76% | remaining: gemma_3_12b_it=2842, mistral_7b_instruct_v03=239, qwen3_8b=0
[SCHEDULER_HEARTBEAT] running=[] | gpu0:free=14.9GiB util=71% | remaining: gemma_3_12b_it=2842, mistral_7b_instruct_v03=239, qwen3_8b=0
[SCHEDULER_HEARTBEAT] running=[] | gpu0:free=15.0GiB util=74% | remaining: gemma_3_12b_it=2842, mistral_7b_instruct_v03=238, qwen3_8b=0
[SCHEDULER_HEARTBEAT] running=[] | gpu0:free=14.9GiB util=71% | remaining: gemma_3_12b_it=2842, mistral_7b_instruct_v03=237, qwen3_8b=0
[SCHEDULER_HEARTBEAT] running=[] | gpu0:free=15.0GiB util=75% | remaining: gemma_3_12b_it=2842, mistral_7b_instruct_v03=237, qwen3_8b=0
[SCHEDULER_HEARTBEAT] running=[] | gpu0:free=14.7GiB util=97% | remaining: gemma_3_12b_it=2842, mistral_7b_instruct_v03=236, qwen3_8b=0
[SCHEDULER_HEARTBEAT] running=[] | gpu0:free=14.9GiB util=76% | remaining: gemma_3_12b_it=2842, mistral_7b_instruct_v03=236, qwen3_8b=0
[SCHEDULER_HEARTBEAT] running=[] | gpu0:free=15.0GiB util=80% | remaining: gemma_3_12b_it=2842, mistral_7b_instruct_v03=235, qwen3_8b=0
[SCHEDULER_HEARTBEAT] running=[] | gpu0:free=14.9GiB util=73% | remaining: gemma_3_12b_it=2842, mistral_7b_instruct_v03=235, qwen3_8b=0
[SCHEDULER_HEARTBEAT] running=[] | gpu0:free=14.7GiB util=72% | remaining: gemma_3_12b_it=2842, mistral_7b_instruct_v03=235, qwen3_8b=0
[SCHEDULER_HEARTBEAT] running=[] | gpu0:free=14.7GiB util=72% | remaining: gemma_3_12b_it=2842, mistral_7b_instruct_v03=235, qwen3_8b=0
[SCHEDULER_HEARTBEAT] running=[] | gpu0:free=26.0GiB util=47% | remaining: gemma_3_12b_it=2842, mistral_7b_instruct_v03=235, qwen3_8b=0
[SCHEDULER_HEARTBEAT] running=[] | gpu0:free=25.9GiB util=50% | remaining: gemma_3_12b_it=2842, mistral_7b_instruct_v03=234, qwen3_8b=0
[SCHEDULER_HEARTBEAT] running=[] | gpu0:free=25.9GiB util=45% | remaining: gemma_3_12b_it=2842, mistral_7b_instruct_v03=234, qwen3_8b=0
[SCHEDULER_HEARTBEAT] running=[] | gpu0:free=26.0GiB util=48% | remaining: gemma_3_12b_it=2842, mistral_7b_instruct_v03=233, qwen3_8b=0
[SCHEDULER_HEARTBEAT] running=[] | gpu0:free=25.9GiB util=46% | remaining: gemma_3_12b_it=2842, mistral_7b_instruct_v03=232, qwen3_8b=0
[SCHEDULER_HEARTBEAT] running=[] | gpu0:free=25.9GiB util=47% | remaining: gemma_3_12b_it=2842, mistral_7b_instruct_v03=232, qwen3_8b=0
[SCHEDULER_HEARTBEAT] running=[] | gpu0:free=25.9GiB util=50% | remaining: gemma_3_12b_it=2842, mistral_7b_instruct_v03=232, qwen3_8b=0
[SCHEDULER_HEARTBEAT] running=[] | gpu0:free=26.0GiB util=47% | remaining: gemma_3_12b_it=2842, mistral_7b_instruct_v03=231, qwen3_8b=0
[SCHEDULER_HEARTBEAT] running=[] | gpu0:free=25.9GiB util=47% | remaining: gemma_3_12b_it=2842, mistral_7b_instruct_v03=231, qwen3_8b=0
[SCHEDULER_HEARTBEAT] running=[] | gpu0:free=26.1GiB util=46% | remaining: gemma_3_12b_it=2842, mistral_7b_instruct_v03=230, qwen3_8b=0
[SCHEDULER_HEARTBEAT] running=[] | gpu0:free=26.0GiB util=44% | remaining: gemma_3_12b_it=2842, mistral_7b_instruct_v03=230, qwen3_8b=0
[SCHEDULER_HEARTBEAT] running=[] | gpu0:free=26.0GiB util=47% | remaining: gemma_3_12b_it=2842, mistral_7b_instruct_v03=230, qwen3_8b=0
[SCHEDULER_HEARTBEAT] running=[] | gpu0:free=26.1GiB util=45% | remaining: gemma_3_12b_it=2842, mistral_7b_instruct_v03=229, qwen3_8b=0
[SCHEDULER_HEARTBEAT] running=[] | gpu0:free=26.0GiB util=45% | remaining: gemma_3_12b_it=2842, mistral_7b_instruct_v03=228, qwen3_8b=0
[SCHEDULER_HEARTBEAT] running=[] | gpu0:free=25.9GiB util=44% | remaining: gemma_3_12b_it=2842, mistral_7b_instruct_v03=228, qwen3_8b=0
[SCHEDULER_HEARTBEAT] running=[] | gpu0:free=25.9GiB util=45% | remaining: gemma_3_12b_it=2842, mistral_7b_instruct_v03=228, qwen3_8b=0
[SCHEDULER_HEARTBEAT] running=[] | gpu0:free=25.9GiB util=46% | remaining: gemma_3_12b_it=2842, mistral_7b_instruct_v03=227, qwen3_8b=0
[SCHEDULER_HEARTBEAT] running=[] | gpu0:free=25.9GiB util=44% | remaining: gemma_3_12b_it=2842, mistral_7b_instruct_v03=227, qwen3_8b=0
[SCHEDULER_HEARTBEAT] running=[] | gpu0:free=25.9GiB util=44% | remaining: gemma_3_12b_it=2842, mistral_7b_instruct_v03=227, qwen3_8b=0
[SCHEDULER_HEARTBEAT] running=[] | gpu0:free=26.0GiB util=46% | remaining: gemma_3_12b_it=2842, mistral_7b_instruct_v03=227, qwen3_8b=0
[SCHEDULER_HEARTBEAT] running=[] | gpu0:free=25.8GiB util=48% | remaining: gemma_3_12b_it=2842, mistral_7b_instruct_v03=227, qwen3_8b=0
[SCHEDULER_HEARTBEAT] running=[] | gpu0:free=26.0GiB util=45% | remaining: gemma_3_12b_it=2842, mistral_7b_instruct_v03=226, qwen3_8b=0
[SCHEDULER_HEARTBEAT] running=[] | gpu0:free=25.9GiB util=46% | remaining: gemma_3_12b_it=2842, mistral_7b_instruct_v03=226, qwen3_8b=0
[SCHEDULER_HEARTBEAT] running=[] | gpu0:free=26.1GiB util=44% | remaining: gemma_3_12b_it=2842, mistral_7b_instruct_v03=225, qwen3_8b=0
[SCHEDULER_HEARTBEAT] running=[] | gpu0:free=26.0GiB util=45% | remaining: gemma_3_12b_it=2842, mistral_7b_instruct_v03=225, qwen3_8b=0
[SCHEDULER_HEARTBEAT] running=[] | gpu0:free=25.9GiB util=44% | remaining: gemma_3_12b_it=2842, mistral_7b_instruct_v03=225, qwen3_8b=0
[SCHEDULER_HEARTBEAT] running=[] | gpu0:free=26.0GiB util=44% | remaining: gemma_3_12b_it=2842, mistral_7b_instruct_v03=225, qwen3_8b=0
[SCHEDULER_HEARTBEAT] running=[] | gpu0:free=26.0GiB util=45% | remaining: gemma_3_12b_it=2842, mistral_7b_instruct_v03=224, qwen3_8b=0
[SCHEDULER_HEARTBEAT] running=[] | gpu0:free=25.9GiB util=44% | remaining: gemma_3_12b_it=2842, mistral_7b_instruct_v03=224, qwen3_8b=0
[SCHEDULER_HEARTBEAT] running=[] | gpu0:free=26.0GiB util=45% | remaining: gemma_3_12b_it=2842, mistral_7b_instruct_v03=223, qwen3_8b=0
[SCHEDULER_HEARTBEAT] running=[] | gpu0:free=26.0GiB util=47% | remaining: gemma_3_12b_it=2842, mistral_7b_instruct_v03=223, qwen3_8b=0
[SCHEDULER_HEARTBEAT] running=[] | gpu0:free=25.9GiB util=47% | remaining: gemma_3_12b_it=2842, mistral_7b_instruct_v03=222, qwen3_8b=0
[SCHEDULER_HEARTBEAT] running=[] | gpu0:free=26.1GiB util=47% | remaining: gemma_3_12b_it=2842, mistral_7b_instruct_v03=222, qwen3_8b=0
[SCHEDULER_HEARTBEAT] running=[] | gpu0:free=25.9GiB util=45% | remaining: gemma_3_12b_it=2842, mistral_7b_instruct_v03=222, qwen3_8b=0
[SCHEDULER_HEARTBEAT] running=[] | gpu0:free=25.8GiB util=46% | remaining: gemma_3_12b_it=2842, mistral_7b_instruct_v03=222, qwen3_8b=0
[SCHEDULER_HEARTBEAT] running=[] | gpu0:free=26.1GiB util=45% | remaining: gemma_3_12b_it=2842, mistral_7b_instruct_v03=221, qwen3_8b=0
[SCHEDULER_HEARTBEAT] running=[] | gpu0:free=25.9GiB util=47% | remaining: gemma_3_12b_it=2842, mistral_7b_instruct_v03=221, qwen3_8b=0
[SCHEDULER_HEARTBEAT] running=[] | gpu0:free=25.9GiB util=47% | remaining: gemma_3_12b_it=2842, mistral_7b_instruct_v03=220, qwen3_8b=0
[SCHEDULER_HEARTBEAT] running=[] | gpu0:free=26.0GiB util=46% | remaining: gemma_3_12b_it=2842, mistral_7b_instruct_v03=220, qwen3_8b=0
[SCHEDULER_HEARTBEAT] running=[] | gpu0:free=25.8GiB util=48% | remaining: gemma_3_12b_it=2842, mistral_7b_instruct_v03=220, qwen3_8b=0
[SCHEDULER_HEARTBEAT] running=[] | gpu0:free=26.0GiB util=48% | remaining: gemma_3_12b_it=2842, mistral_7b_instruct_v03=220, qwen3_8b=0
[SCHEDULER_HEARTBEAT] running=[] | gpu0:free=26.0GiB util=48% | remaining: gemma_3_12b_it=2842, mistral_7b_instruct_v03=219, qwen3_8b=0
[SCHEDULER_HEARTBEAT] running=[] | gpu0:free=25.9GiB util=47% | remaining: gemma_3_12b_it=2842, mistral_7b_instruct_v03=219, qwen3_8b=0
[SCHEDULER_HEARTBEAT] running=[] | gpu0:free=26.0GiB util=47% | remaining: gemma_3_12b_it=2842, mistral_7b_instruct_v03=219, qwen3_8b=0
[SCHEDULER_HEARTBEAT] running=[] | gpu0:free=25.8GiB util=47% | remaining: gemma_3_12b_it=2842, mistral_7b_instruct_v03=219, qwen3_8b=0
[SCHEDULER_HEARTBEAT] running=[] | gpu0:free=26.0GiB util=46% | remaining: gemma_3_12b_it=2842, mistral_7b_instruct_v03=218, qwen3_8b=0
[SCHEDULER_HEARTBEAT] running=[] | gpu0:free=26.0GiB util=45% | remaining: gemma_3_12b_it=2842, mistral_7b_instruct_v03=218, qwen3_8b=0
[SCHEDULER_HEARTBEAT] running=[] | gpu0:free=26.0GiB util=46% | remaining: gemma_3_12b_it=2842, mistral_7b_instruct_v03=218, qwen3_8b=0
[SCHEDULER_HEARTBEAT] running=[] | gpu0:free=25.8GiB util=48% | remaining: gemma_3_12b_it=2842, mistral_7b_instruct_v03=218, qwen3_8b=0
[SCHEDULER_HEARTBEAT] running=[] | gpu0:free=26.0GiB util=46% | remaining: gemma_3_12b_it=2842, mistral_7b_instruct_v03=218, qwen3_8b=0
[SCHEDULER_HEARTBEAT] running=[] | gpu0:free=25.9GiB util=46% | remaining: gemma_3_12b_it=2842, mistral_7b_instruct_v03=217, qwen3_8b=0
[SCHEDULER_HEARTBEAT] running=[] | gpu0:free=25.9GiB util=49% | remaining: gemma_3_12b_it=2842, mistral_7b_instruct_v03=217, qwen3_8b=0
[SCHEDULER_HEARTBEAT] running=[] | gpu0:free=26.0GiB util=47% | remaining: gemma_3_12b_it=2842, mistral_7b_instruct_v03=216, qwen3_8b=0
[SCHEDULER_HEARTBEAT] running=[] | gpu0:free=26.0GiB util=49% | remaining: gemma_3_12b_it=2842, mistral_7b_instruct_v03=216, qwen3_8b=0
[SCHEDULER_HEARTBEAT] running=[] | gpu0:free=26.1GiB util=44% | remaining: gemma_3_12b_it=2842, mistral_7b_instruct_v03=215, qwen3_8b=0
[SCHEDULER_HEARTBEAT] running=[] | gpu0:free=26.0GiB util=45% | remaining: gemma_3_12b_it=2842, mistral_7b_instruct_v03=215, qwen3_8b=0
[SCHEDULER_HEARTBEAT] running=[] | gpu0:free=25.9GiB util=44% | remaining: gemma_3_12b_it=2842, mistral_7b_instruct_v03=215, qwen3_8b=0
[SCHEDULER_HEARTBEAT] running=[] | gpu0:free=26.0GiB util=45% | remaining: gemma_3_12b_it=2842, mistral_7b_instruct_v03=215, qwen3_8b=0
[SCHEDULER_HEARTBEAT] running=[] | gpu0:free=26.0GiB util=48% | remaining: gemma_3_12b_it=2842, mistral_7b_instruct_v03=215, qwen3_8b=0
[SCHEDULER_HEARTBEAT] running=[] | gpu0:free=25.9GiB util=45% | remaining: gemma_3_12b_it=2842, mistral_7b_instruct_v03=214, qwen3_8b=0
[SCHEDULER_HEARTBEAT] running=[] | gpu0:free=25.9GiB util=44% | remaining: gemma_3_12b_it=2842, mistral_7b_instruct_v03=214, qwen3_8b=0
[SCHEDULER_HEARTBEAT] running=[] | gpu0:free=25.9GiB util=44% | remaining: gemma_3_12b_it=2842, mistral_7b_instruct_v03=213, qwen3_8b=0
[SCHEDULER_HEARTBEAT] running=[] | gpu0:free=25.9GiB util=44% | remaining: gemma_3_12b_it=2842, mistral_7b_instruct_v03=213, qwen3_8b=0
[SCHEDULER_HEARTBEAT] running=[] | gpu0:free=25.9GiB util=45% | remaining: gemma_3_12b_it=2842, mistral_7b_instruct_v03=213, qwen3_8b=0
[SCHEDULER_HEARTBEAT] running=[] | gpu0:free=26.0GiB util=46% | remaining: gemma_3_12b_it=2842, mistral_7b_instruct_v03=213, qwen3_8b=0
[SCHEDULER_HEARTBEAT] running=[] | gpu0:free=25.8GiB util=45% | remaining: gemma_3_12b_it=2842, mistral_7b_instruct_v03=213, qwen3_8b=0
[SCHEDULER_HEARTBEAT] running=[] | gpu0:free=26.1GiB util=45% | remaining: gemma_3_12b_it=2842, mistral_7b_instruct_v03=212, qwen3_8b=0
[SCHEDULER_HEARTBEAT] running=[] | gpu0:free=26.0GiB util=45% | remaining: gemma_3_12b_it=2842, mistral_7b_instruct_v03=212, qwen3_8b=0
[SCHEDULER_HEARTBEAT] running=[] | gpu0:free=25.9GiB util=45% | remaining: gemma_3_12b_it=2842, mistral_7b_instruct_v03=212, qwen3_8b=0
[SCHEDULER_HEARTBEAT] running=[] | gpu0:free=26.0GiB util=44% | remaining: gemma_3_12b_it=2842, mistral_7b_instruct_v03=212, qwen3_8b=0
[SCHEDULER_HEARTBEAT] running=[] | gpu0:free=26.0GiB util=44% | remaining: gemma_3_12b_it=2842, mistral_7b_instruct_v03=212, qwen3_8b=0
[SCHEDULER_HEARTBEAT] running=[] | gpu0:free=25.9GiB util=44% | remaining: gemma_3_12b_it=2842, mistral_7b_instruct_v03=211, qwen3_8b=0
[SCHEDULER_HEARTBEAT] running=[] | gpu0:free=25.9GiB util=46% | remaining: gemma_3_12b_it=2842, mistral_7b_instruct_v03=210, qwen3_8b=0
[SCHEDULER_HEARTBEAT] running=[] | gpu0:free=26.1GiB util=47% | remaining: gemma_3_12b_it=2842, mistral_7b_instruct_v03=209, qwen3_8b=0
[SCHEDULER_HEARTBEAT] running=[] | gpu0:free=26.0GiB util=45% | remaining: gemma_3_12b_it=2842, mistral_7b_instruct_v03=209, qwen3_8b=0
[SCHEDULER_HEARTBEAT] running=[] | gpu0:free=25.9GiB util=46% | remaining: gemma_3_12b_it=2842, mistral_7b_instruct_v03=208, qwen3_8b=0
[SCHEDULER_HEARTBEAT] running=[] | gpu0:free=26.1GiB util=45% | remaining: gemma_3_12b_it=2842, mistral_7b_instruct_v03=208, qwen3_8b=0
[SCHEDULER_HEARTBEAT] running=[] | gpu0:free=26.0GiB util=46% | remaining: gemma_3_12b_it=2842, mistral_7b_instruct_v03=208, qwen3_8b=0
[SCHEDULER_HEARTBEAT] running=[] | gpu0:free=25.8GiB util=45% | remaining: gemma_3_12b_it=2842, mistral_7b_instruct_v03=208, qwen3_8b=0
[SCHEDULER_HEARTBEAT] running=[] | gpu0:free=25.9GiB util=46% | remaining: gemma_3_12b_it=2842, mistral_7b_instruct_v03=207, qwen3_8b=0
[SCHEDULER_HEARTBEAT] running=[] | gpu0:free=25.9GiB util=45% | remaining: gemma_3_12b_it=2842, mistral_7b_instruct_v03=207, qwen3_8b=0
[SCHEDULER_HEARTBEAT] running=[] | gpu0:free=26.1GiB util=47% | remaining: gemma_3_12b_it=2842, mistral_7b_instruct_v03=207, qwen3_8b=0
[SCHEDULER_HEARTBEAT] running=[] | gpu0:free=25.8GiB util=47% | remaining: gemma_3_12b_it=2842, mistral_7b_instruct_v03=207, qwen3_8b=0
[SCHEDULER_HEARTBEAT] running=[] | gpu0:free=25.9GiB util=46% | remaining: gemma_3_12b_it=2842, mistral_7b_instruct_v03=206, qwen3_8b=0
[SCHEDULER_HEARTBEAT] running=[] | gpu0:free=26.0GiB util=46% | remaining: gemma_3_12b_it=2842, mistral_7b_instruct_v03=206, qwen3_8b=0
[SCHEDULER_HEARTBEAT] running=[] | gpu0:free=26.1GiB util=43% | remaining: gemma_3_12b_it=2842, mistral_7b_instruct_v03=205, qwen3_8b=0
[SCHEDULER_HEARTBEAT] running=[] | gpu0:free=26.0GiB util=44% | remaining: gemma_3_12b_it=2842, mistral_7b_instruct_v03=205, qwen3_8b=0
[SCHEDULER_HEARTBEAT] running=[] | gpu0:free=26.1GiB util=45% | remaining: gemma_3_12b_it=2842, mistral_7b_instruct_v03=205, qwen3_8b=0
[SCHEDULER_HEARTBEAT] running=[] | gpu0:free=26.0GiB util=44% | remaining: gemma_3_12b_it=2842, mistral_7b_instruct_v03=204, qwen3_8b=0
[SCHEDULER_HEARTBEAT] running=[] | gpu0:free=26.1GiB util=47% | remaining: gemma_3_12b_it=2842, mistral_7b_instruct_v03=204, qwen3_8b=0
[SCHEDULER_HEARTBEAT] running=[] | gpu0:free=25.9GiB util=46% | remaining: gemma_3_12b_it=2842, mistral_7b_instruct_v03=203, qwen3_8b=0
[SCHEDULER_HEARTBEAT] running=[] | gpu0:free=26.0GiB util=45% | remaining: gemma_3_12b_it=2842, mistral_7b_instruct_v03=203, qwen3_8b=0
[SCHEDULER_HEARTBEAT] running=[] | gpu0:free=26.0GiB util=46% | remaining: gemma_3_12b_it=2842, mistral_7b_instruct_v03=203, qwen3_8b=0
[SCHEDULER_HEARTBEAT] running=[] | gpu0:free=25.8GiB util=46% | remaining: gemma_3_12b_it=2842, mistral_7b_instruct_v03=203, qwen3_8b=0
[SCHEDULER_HEARTBEAT] running=[] | gpu0:free=26.0GiB util=46% | remaining: gemma_3_12b_it=2842, mistral_7b_instruct_v03=202, qwen3_8b=0
[SCHEDULER_HEARTBEAT] running=[] | gpu0:free=26.1GiB util=45% | remaining: gemma_3_12b_it=2842, mistral_7b_instruct_v03=202, qwen3_8b=0
[SCHEDULER_HEARTBEAT] running=[] | gpu0:free=26.0GiB util=47% | remaining: gemma_3_12b_it=2842, mistral_7b_instruct_v03=202, qwen3_8b=0
[SCHEDULER_HEARTBEAT] running=[] | gpu0:free=25.8GiB util=45% | remaining: gemma_3_12b_it=2842, mistral_7b_instruct_v03=201, qwen3_8b=0
[SCHEDULER_HEARTBEAT] running=[] | gpu0:free=26.0GiB util=44% | remaining: gemma_3_12b_it=2842, mistral_7b_instruct_v03=201, qwen3_8b=0
[SCHEDULER_HEARTBEAT] running=[] | gpu0:free=26.1GiB util=45% | remaining: gemma_3_12b_it=2842, mistral_7b_instruct_v03=201, qwen3_8b=0
[SCHEDULER_HEARTBEAT] running=[] | gpu0:free=26.0GiB util=47% | remaining: gemma_3_12b_it=2842, mistral_7b_instruct_v03=200, qwen3_8b=0
[SCHEDULER_HEARTBEAT] running=[] | gpu0:free=25.9GiB util=47% | remaining: gemma_3_12b_it=2842, mistral_7b_instruct_v03=200, qwen3_8b=0
[SCHEDULER_HEARTBEAT] running=[] | gpu0:free=26.1GiB util=46% | remaining: gemma_3_12b_it=2842, mistral_7b_instruct_v03=199, qwen3_8b=0
[SCHEDULER_HEARTBEAT] running=[] | gpu0:free=26.0GiB util=44% | remaining: gemma_3_12b_it=2842, mistral_7b_instruct_v03=199, qwen3_8b=0
[SCHEDULER_HEARTBEAT] running=[] | gpu0:free=26.0GiB util=49% | remaining: gemma_3_12b_it=2842, mistral_7b_instruct_v03=199, qwen3_8b=0
[SCHEDULER_HEARTBEAT] running=[] | gpu0:free=26.0GiB util=45% | remaining: gemma_3_12b_it=2842, mistral_7b_instruct_v03=199, qwen3_8b=0
[SCHEDULER_HEARTBEAT] running=[] | gpu0:free=25.9GiB util=46% | remaining: gemma_3_12b_it=2842, mistral_7b_instruct_v03=198, qwen3_8b=0
[SCHEDULER_HEARTBEAT] running=[] | gpu0:free=25.9GiB util=46% | remaining: gemma_3_12b_it=2842, mistral_7b_instruct_v03=198, qwen3_8b=0
[SCHEDULER_HEARTBEAT] running=[] | gpu0:free=26.1GiB util=47% | remaining: gemma_3_12b_it=2842, mistral_7b_instruct_v03=198, qwen3_8b=0
[SCHEDULER_HEARTBEAT] running=[] | gpu0:free=25.9GiB util=48% | remaining: gemma_3_12b_it=2842, mistral_7b_instruct_v03=197, qwen3_8b=0
[SCHEDULER_HEARTBEAT] running=[] | gpu0:free=26.0GiB util=50% | remaining: gemma_3_12b_it=2842, mistral_7b_instruct_v03=197, qwen3_8b=0
[SCHEDULER_HEARTBEAT] running=[] | gpu0:free=25.9GiB util=47% | remaining: gemma_3_12b_it=2842, mistral_7b_instruct_v03=197, qwen3_8b=0
[SCHEDULER_HEARTBEAT] running=[] | gpu0:free=25.8GiB util=46% | remaining: gemma_3_12b_it=2842, mistral_7b_instruct_v03=197, qwen3_8b=0
[SCHEDULER_HEARTBEAT] running=[] | gpu0:free=25.9GiB util=46% | remaining: gemma_3_12b_it=2842, mistral_7b_instruct_v03=196, qwen3_8b=0
[SCHEDULER_HEARTBEAT] running=[] | gpu0:free=25.9GiB util=47% | remaining: gemma_3_12b_it=2842, mistral_7b_instruct_v03=196, qwen3_8b=0
[SCHEDULER_HEARTBEAT] running=[] | gpu0:free=26.0GiB util=46% | remaining: gemma_3_12b_it=2842, mistral_7b_instruct_v03=195, qwen3_8b=0
[SCHEDULER_HEARTBEAT] running=[] | gpu0:free=26.0GiB util=46% | remaining: gemma_3_12b_it=2842, mistral_7b_instruct_v03=195, qwen3_8b=0
[SCHEDULER_HEARTBEAT] running=[] | gpu0:free=26.0GiB util=44% | remaining: gemma_3_12b_it=2842, mistral_7b_instruct_v03=195, qwen3_8b=0
[SCHEDULER_HEARTBEAT] running=[] | gpu0:free=25.9GiB util=46% | remaining: gemma_3_12b_it=2842, mistral_7b_instruct_v03=194, qwen3_8b=0
[SCHEDULER_HEARTBEAT] running=[] | gpu0:free=26.1GiB util=46% | remaining: gemma_3_12b_it=2842, mistral_7b_instruct_v03=194, qwen3_8b=0
[SCHEDULER_HEARTBEAT] running=[] | gpu0:free=26.0GiB util=47% | remaining: gemma_3_12b_it=2842, mistral_7b_instruct_v03=194, qwen3_8b=0
[SCHEDULER_HEARTBEAT] running=[] | gpu0:free=26.0GiB util=46% | remaining: gemma_3_12b_it=2842, mistral_7b_instruct_v03=193, qwen3_8b=0
[SCHEDULER_HEARTBEAT] running=[] | gpu0:free=26.0GiB util=46% | remaining: gemma_3_12b_it=2842, mistral_7b_instruct_v03=193, qwen3_8b=0
[SCHEDULER_HEARTBEAT] running=[] | gpu0:free=26.1GiB util=46% | remaining: gemma_3_12b_it=2842, mistral_7b_instruct_v03=192, qwen3_8b=0
[SCHEDULER_HEARTBEAT] running=[] | gpu0:free=26.0GiB util=46% | remaining: gemma_3_12b_it=2842, mistral_7b_instruct_v03=192, qwen3_8b=0
[SCHEDULER_HEARTBEAT] running=[] | gpu0:free=25.8GiB util=50% | remaining: gemma_3_12b_it=2842, mistral_7b_instruct_v03=192, qwen3_8b=0
[SCHEDULER_HEARTBEAT] running=[] | gpu0:free=25.9GiB util=48% | remaining: gemma_3_12b_it=2842, mistral_7b_instruct_v03=191, qwen3_8b=0
[SCHEDULER_HEARTBEAT] running=[] | gpu0:free=25.9GiB util=46% | remaining: gemma_3_12b_it=2842, mistral_7b_instruct_v03=191, qwen3_8b=0
[SCHEDULER_HEARTBEAT] running=[] | gpu0:free=26.0GiB util=49% | remaining: gemma_3_12b_it=2842, mistral_7b_instruct_v03=191, qwen3_8b=0
[SCHEDULER_HEARTBEAT] running=[] | gpu0:free=25.8GiB util=47% | remaining: gemma_3_12b_it=2842, mistral_7b_instruct_v03=191, qwen3_8b=0
[SCHEDULER_HEARTBEAT] running=[] | gpu0:free=26.0GiB util=49% | remaining: gemma_3_12b_it=2842, mistral_7b_instruct_v03=191, qwen3_8b=0
[SCHEDULER_HEARTBEAT] running=[] | gpu0:free=26.0GiB util=48% | remaining: gemma_3_12b_it=2842, mistral_7b_instruct_v03=190, qwen3_8b=0
[SCHEDULER_HEARTBEAT] running=[] | gpu0:free=26.1GiB util=47% | remaining: gemma_3_12b_it=2842, mistral_7b_instruct_v03=190, qwen3_8b=0
[SCHEDULER_HEARTBEAT] running=[] | gpu0:free=26.0GiB util=45% | remaining: gemma_3_12b_it=2842, mistral_7b_instruct_v03=190, qwen3_8b=0
[SCHEDULER_HEARTBEAT] running=[] | gpu0:free=26.0GiB util=45% | remaining: gemma_3_12b_it=2842, mistral_7b_instruct_v03=190, qwen3_8b=0
[SCHEDULER_HEARTBEAT] running=[] | gpu0:free=26.1GiB util=46% | remaining: gemma_3_12b_it=2842, mistral_7b_instruct_v03=189, qwen3_8b=0
[SCHEDULER_HEARTBEAT] running=[] | gpu0:free=26.1GiB util=46% | remaining: gemma_3_12b_it=2842, mistral_7b_instruct_v03=189, qwen3_8b=0
[SCHEDULER_HEARTBEAT] running=[] | gpu0:free=26.0GiB util=47% | remaining: gemma_3_12b_it=2842, mistral_7b_instruct_v03=189, qwen3_8b=0
[SCHEDULER_HEARTBEAT] running=[] | gpu0:free=26.1GiB util=47% | remaining: gemma_3_12b_it=2842, mistral_7b_instruct_v03=189, qwen3_8b=0
[SCHEDULER_HEARTBEAT] running=[] | gpu0:free=26.0GiB util=47% | remaining: gemma_3_12b_it=2842, mistral_7b_instruct_v03=188, qwen3_8b=0
[SCHEDULER_HEARTBEAT] running=[] | gpu0:free=25.9GiB util=48% | remaining: gemma_3_12b_it=2842, mistral_7b_instruct_v03=188, qwen3_8b=0
[SCHEDULER_HEARTBEAT] running=[] | gpu0:free=26.1GiB util=47% | remaining: gemma_3_12b_it=2842, mistral_7b_instruct_v03=187, qwen3_8b=0
[SCHEDULER_HEARTBEAT] running=[] | gpu0:free=26.0GiB util=49% | remaining: gemma_3_12b_it=2842, mistral_7b_instruct_v03=187, qwen3_8b=0
[SCHEDULER_HEARTBEAT] running=[] | gpu0:free=26.0GiB util=49% | remaining: gemma_3_12b_it=2842, mistral_7b_instruct_v03=187, qwen3_8b=0
[SCHEDULER_HEARTBEAT] running=[] | gpu0:free=26.0GiB util=47% | remaining: gemma_3_12b_it=2842, mistral_7b_instruct_v03=186, qwen3_8b=0
[SCHEDULER_HEARTBEAT] running=[] | gpu0:free=25.9GiB util=46% | remaining: gemma_3_12b_it=2842, mistral_7b_instruct_v03=186, qwen3_8b=0
[SCHEDULER_HEARTBEAT] running=[] | gpu0:free=26.0GiB util=47% | remaining: gemma_3_12b_it=2842, mistral_7b_instruct_v03=186, qwen3_8b=0
[SCHEDULER_HEARTBEAT] running=[] | gpu0:free=26.1GiB util=49% | remaining: gemma_3_12b_it=2842, mistral_7b_instruct_v03=185, qwen3_8b=0
[SCHEDULER_HEARTBEAT] running=[] | gpu0:free=26.0GiB util=45% | remaining: gemma_3_12b_it=2842, mistral_7b_instruct_v03=185, qwen3_8b=0
[SCHEDULER_HEARTBEAT] running=[] | gpu0:free=25.8GiB util=46% | remaining: gemma_3_12b_it=2842, mistral_7b_instruct_v03=185, qwen3_8b=0
[SCHEDULER_HEARTBEAT] running=[] | gpu0:free=26.0GiB util=49% | remaining: gemma_3_12b_it=2842, mistral_7b_instruct_v03=185, qwen3_8b=0
[SCHEDULER_HEARTBEAT] running=[] | gpu0:free=25.9GiB util=47% | remaining: gemma_3_12b_it=2842, mistral_7b_instruct_v03=185, qwen3_8b=0
[SCHEDULER_HEARTBEAT] running=[] | gpu0:free=25.9GiB util=48% | remaining: gemma_3_12b_it=2842, mistral_7b_instruct_v03=184, qwen3_8b=0
[SCHEDULER_HEARTBEAT] running=[] | gpu0:free=25.9GiB util=48% | remaining: gemma_3_12b_it=2842, mistral_7b_instruct_v03=184, qwen3_8b=0
[SCHEDULER_HEARTBEAT] running=[] | gpu0:free=26.0GiB util=48% | remaining: gemma_3_12b_it=2842, mistral_7b_instruct_v03=184, qwen3_8b=0
[SCHEDULER_HEARTBEAT] running=[] | gpu0:free=25.9GiB util=48% | remaining: gemma_3_12b_it=2842, mistral_7b_instruct_v03=184, qwen3_8b=0
[SCHEDULER_HEARTBEAT] running=[] | gpu0:free=26.0GiB util=49% | remaining: gemma_3_12b_it=2842, mistral_7b_instruct_v03=183, qwen3_8b=0
[SCHEDULER_HEARTBEAT] running=[] | gpu0:free=25.9GiB util=47% | remaining: gemma_3_12b_it=2842, mistral_7b_instruct_v03=183, qwen3_8b=0
[SCHEDULER_HEARTBEAT] running=[] | gpu0:free=25.9GiB util=46% | remaining: gemma_3_12b_it=2842, mistral_7b_instruct_v03=182, qwen3_8b=0
[SCHEDULER_HEARTBEAT] running=[] | gpu0:free=26.0GiB util=49% | remaining: gemma_3_12b_it=2842, mistral_7b_instruct_v03=182, qwen3_8b=0
[SCHEDULER_HEARTBEAT] running=[] | gpu0:free=25.8GiB util=49% | remaining: gemma_3_12b_it=2842, mistral_7b_instruct_v03=182, qwen3_8b=0
[SCHEDULER_HEARTBEAT] running=[] | gpu0:free=25.8GiB util=47% | remaining: gemma_3_12b_it=2842, mistral_7b_instruct_v03=182, qwen3_8b=0
[SCHEDULER_HEARTBEAT] running=[] | gpu0:free=25.9GiB util=47% | remaining: gemma_3_12b_it=2842, mistral_7b_instruct_v03=181, qwen3_8b=0
[SCHEDULER_HEARTBEAT] running=[] | gpu0:free=25.9GiB util=46% | remaining: gemma_3_12b_it=2842, mistral_7b_instruct_v03=181, qwen3_8b=0
[SCHEDULER_HEARTBEAT] running=[] | gpu0:free=26.1GiB util=47% | remaining: gemma_3_12b_it=2842, mistral_7b_instruct_v03=181, qwen3_8b=0
[SCHEDULER_HEARTBEAT] running=[] | gpu0:free=26.0GiB util=48% | remaining: gemma_3_12b_it=2842, mistral_7b_instruct_v03=181, qwen3_8b=0
[SCHEDULER_HEARTBEAT] running=[] | gpu0:free=25.9GiB util=49% | remaining: gemma_3_12b_it=2842, mistral_7b_instruct_v03=181, qwen3_8b=0
[SCHEDULER_HEARTBEAT] running=[] | gpu0:free=26.0GiB util=48% | remaining: gemma_3_12b_it=2842, mistral_7b_instruct_v03=180, qwen3_8b=0
[SCHEDULER_HEARTBEAT] running=[] | gpu0:free=25.9GiB util=48% | remaining: gemma_3_12b_it=2842, mistral_7b_instruct_v03=180, qwen3_8b=0
[SCHEDULER_HEARTBEAT] running=[] | gpu0:free=25.9GiB util=46% | remaining: gemma_3_12b_it=2842, mistral_7b_instruct_v03=179, qwen3_8b=0
[SCHEDULER_HEARTBEAT] running=[] | gpu0:free=25.8GiB util=46% | remaining: gemma_3_12b_it=2842, mistral_7b_instruct_v03=179, qwen3_8b=0
[SCHEDULER_HEARTBEAT] running=[] | gpu0:free=25.8GiB util=47% | remaining: gemma_3_12b_it=2842, mistral_7b_instruct_v03=179, qwen3_8b=0
[SCHEDULER_HEARTBEAT] running=[] | gpu0:free=25.9GiB util=48% | remaining: gemma_3_12b_it=2842, mistral_7b_instruct_v03=179, qwen3_8b=0
[SCHEDULER_HEARTBEAT] running=[] | gpu0:free=26.0GiB util=49% | remaining: gemma_3_12b_it=2842, mistral_7b_instruct_v03=178, qwen3_8b=0
[SCHEDULER_HEARTBEAT] running=[] | gpu0:free=26.0GiB util=46% | remaining: gemma_3_12b_it=2842, mistral_7b_instruct_v03=178, qwen3_8b=0
[SCHEDULER_HEARTBEAT] running=[] | gpu0:free=25.8GiB util=46% | remaining: gemma_3_12b_it=2842, mistral_7b_instruct_v03=178, qwen3_8b=0
[SCHEDULER_HEARTBEAT] running=[] | gpu0:free=25.9GiB util=47% | remaining: gemma_3_12b_it=2842, mistral_7b_instruct_v03=178, qwen3_8b=0
[SCHEDULER_HEARTBEAT] running=[] | gpu0:free=25.9GiB util=45% | remaining: gemma_3_12b_it=2842, mistral_7b_instruct_v03=177, qwen3_8b=0
[SCHEDULER_HEARTBEAT] running=[] | gpu0:free=26.0GiB util=48% | remaining: gemma_3_12b_it=2842, mistral_7b_instruct_v03=177, qwen3_8b=0
[SCHEDULER_HEARTBEAT] running=[] | gpu0:free=26.0GiB util=48% | remaining: gemma_3_12b_it=2842, mistral_7b_instruct_v03=177, qwen3_8b=0
[SCHEDULER_HEARTBEAT] running=[] | gpu0:free=25.9GiB util=47% | remaining: gemma_3_12b_it=2842, mistral_7b_instruct_v03=177, qwen3_8b=0
[SCHEDULER_HEARTBEAT] running=[] | gpu0:free=26.0GiB util=48% | remaining: gemma_3_12b_it=2842, mistral_7b_instruct_v03=176, qwen3_8b=0
[SCHEDULER_HEARTBEAT] running=[] | gpu0:free=26.0GiB util=48% | remaining: gemma_3_12b_it=2842, mistral_7b_instruct_v03=176, qwen3_8b=0
[SCHEDULER_HEARTBEAT] running=[] | gpu0:free=25.9GiB util=49% | remaining: gemma_3_12b_it=2842, mistral_7b_instruct_v03=176, qwen3_8b=0
[SCHEDULER_HEARTBEAT] running=[] | gpu0:free=25.8GiB util=50% | remaining: gemma_3_12b_it=2842, mistral_7b_instruct_v03=175, qwen3_8b=0
[SCHEDULER_HEARTBEAT] running=[] | gpu0:free=25.8GiB util=46% | remaining: gemma_3_12b_it=2842, mistral_7b_instruct_v03=175, qwen3_8b=0
[SCHEDULER_HEARTBEAT] running=[] | gpu0:free=25.8GiB util=47% | remaining: gemma_3_12b_it=2842, mistral_7b_instruct_v03=174, qwen3_8b=0
[SCHEDULER_HEARTBEAT] running=[] | gpu0:free=25.9GiB util=46% | remaining: gemma_3_12b_it=2842, mistral_7b_instruct_v03=174, qwen3_8b=0
[SCHEDULER_HEARTBEAT] running=[] | gpu0:free=25.8GiB util=48% | remaining: gemma_3_12b_it=2842, mistral_7b_instruct_v03=173, qwen3_8b=0
[SCHEDULER_HEARTBEAT] running=[] | gpu0:free=25.9GiB util=46% | remaining: gemma_3_12b_it=2842, mistral_7b_instruct_v03=173, qwen3_8b=0
[SCHEDULER_HEARTBEAT] running=[] | gpu0:free=25.7GiB util=45% | remaining: gemma_3_12b_it=2842, mistral_7b_instruct_v03=173, qwen3_8b=0
[SCHEDULER_HEARTBEAT] running=[] | gpu0:free=25.7GiB util=47% | remaining: gemma_3_12b_it=2842, mistral_7b_instruct_v03=173, qwen3_8b=0
[SCHEDULER_HEARTBEAT] running=[] | gpu0:free=25.8GiB util=48% | remaining: gemma_3_12b_it=2842, mistral_7b_instruct_v03=172, qwen3_8b=0
[SCHEDULER_HEARTBEAT] running=[] | gpu0:free=26.0GiB util=47% | remaining: gemma_3_12b_it=2842, mistral_7b_instruct_v03=172, qwen3_8b=0
[SCHEDULER_HEARTBEAT] running=[] | gpu0:free=25.8GiB util=46% | remaining: gemma_3_12b_it=2842, mistral_7b_instruct_v03=171, qwen3_8b=0
[SCHEDULER_HEARTBEAT] running=[] | gpu0:free=25.8GiB util=47% | remaining: gemma_3_12b_it=2842, mistral_7b_instruct_v03=170, qwen3_8b=0
[SCHEDULER_HEARTBEAT] running=[] | gpu0:free=25.8GiB util=49% | remaining: gemma_3_12b_it=2842, mistral_7b_instruct_v03=170, qwen3_8b=0
[SCHEDULER_HEARTBEAT] running=[] | gpu0:free=25.9GiB util=50% | remaining: gemma_3_12b_it=2842, mistral_7b_instruct_v03=170, qwen3_8b=0
[SCHEDULER_HEARTBEAT] running=[] | gpu0:free=25.9GiB util=48% | remaining: gemma_3_12b_it=2842, mistral_7b_instruct_v03=169, qwen3_8b=0
[SCHEDULER_HEARTBEAT] running=[] | gpu0:free=25.9GiB util=46% | remaining: gemma_3_12b_it=2842, mistral_7b_instruct_v03=169, qwen3_8b=0
[SCHEDULER_HEARTBEAT] running=[] | gpu0:free=25.8GiB util=49% | remaining: gemma_3_12b_it=2842, mistral_7b_instruct_v03=169, qwen3_8b=0
[SCHEDULER_HEARTBEAT] running=[] | gpu0:free=25.8GiB util=47% | remaining: gemma_3_12b_it=2842, mistral_7b_instruct_v03=169, qwen3_8b=0
[SCHEDULER_HEARTBEAT] running=[] | gpu0:free=25.7GiB util=47% | remaining: gemma_3_12b_it=2842, mistral_7b_instruct_v03=169, qwen3_8b=0
[SCHEDULER_HEARTBEAT] running=[] | gpu0:free=25.8GiB util=47% | remaining: gemma_3_12b_it=2842, mistral_7b_instruct_v03=169, qwen3_8b=0
[SCHEDULER_HEARTBEAT] running=[] | gpu0:free=25.6GiB util=52% | remaining: gemma_3_12b_it=2842, mistral_7b_instruct_v03=169, qwen3_8b=0
[SCHEDULER_HEARTBEAT] running=[] | gpu0:free=25.7GiB util=50% | remaining: gemma_3_12b_it=2842, mistral_7b_instruct_v03=169, qwen3_8b=0
[SCHEDULER_HEARTBEAT] running=[] | gpu0:free=25.7GiB util=50% | remaining: gemma_3_12b_it=2842, mistral_7b_instruct_v03=169, qwen3_8b=0
[SCHEDULER_HEARTBEAT] running=[] | gpu0:free=25.7GiB util=47% | remaining: gemma_3_12b_it=2842, mistral_7b_instruct_v03=169, qwen3_8b=0
[SCHEDULER_HEARTBEAT] running=[] | gpu0:free=25.6GiB util=47% | remaining: gemma_3_12b_it=2842, mistral_7b_instruct_v03=169, qwen3_8b=0
[SCHEDULER_HEARTBEAT] running=[] | gpu0:free=25.8GiB util=44% | remaining: gemma_3_12b_it=2842, mistral_7b_instruct_v03=168, qwen3_8b=0
[SCHEDULER_HEARTBEAT] running=[] | gpu0:free=25.9GiB util=46% | remaining: gemma_3_12b_it=2842, mistral_7b_instruct_v03=168, qwen3_8b=0
[SCHEDULER_HEARTBEAT] running=[] | gpu0:free=25.9GiB util=45% | remaining: gemma_3_12b_it=2842, mistral_7b_instruct_v03=168, qwen3_8b=0
[SCHEDULER_HEARTBEAT] running=[] | gpu0:free=25.7GiB util=48% | remaining: gemma_3_12b_it=2842, mistral_7b_instruct_v03=167, qwen3_8b=0
[SCHEDULER_HEARTBEAT] running=[] | gpu0:free=25.9GiB util=45% | remaining: gemma_3_12b_it=2842, mistral_7b_instruct_v03=167, qwen3_8b=0
[SCHEDULER_HEARTBEAT] running=[] | gpu0:free=25.7GiB util=47% | remaining: gemma_3_12b_it=2842, mistral_7b_instruct_v03=167, qwen3_8b=0
[SCHEDULER_HEARTBEAT] running=[] | gpu0:free=25.9GiB util=48% | remaining: gemma_3_12b_it=2842, mistral_7b_instruct_v03=167, qwen3_8b=0
[SCHEDULER_HEARTBEAT] running=[] | gpu0:free=25.7GiB util=46% | remaining: gemma_3_12b_it=2842, mistral_7b_instruct_v03=167, qwen3_8b=0
[SCHEDULER_HEARTBEAT] running=[] | gpu0:free=25.9GiB util=49% | remaining: gemma_3_12b_it=2842, mistral_7b_instruct_v03=166, qwen3_8b=0
[SCHEDULER_HEARTBEAT] running=[] | gpu0:free=25.7GiB util=48% | remaining: gemma_3_12b_it=2842, mistral_7b_instruct_v03=166, qwen3_8b=0
[SCHEDULER_HEARTBEAT] running=[] | gpu0:free=26.0GiB util=47% | remaining: gemma_3_12b_it=2842, mistral_7b_instruct_v03=165, qwen3_8b=0
[SCHEDULER_HEARTBEAT] running=[] | gpu0:free=25.7GiB util=49% | remaining: gemma_3_12b_it=2842, mistral_7b_instruct_v03=165, qwen3_8b=0
[SCHEDULER_HEARTBEAT] running=[] | gpu0:free=25.7GiB util=49% | remaining: gemma_3_12b_it=2842, mistral_7b_instruct_v03=165, qwen3_8b=0
[SCHEDULER_HEARTBEAT] running=[] | gpu0:free=25.7GiB util=48% | remaining: gemma_3_12b_it=2842, mistral_7b_instruct_v03=165, qwen3_8b=0
[SCHEDULER_HEARTBEAT] running=[] | gpu0:free=25.8GiB util=48% | remaining: gemma_3_12b_it=2842, mistral_7b_instruct_v03=165, qwen3_8b=0
[SCHEDULER_HEARTBEAT] running=[] | gpu0:free=25.6GiB util=47% | remaining: gemma_3_12b_it=2842, mistral_7b_instruct_v03=165, qwen3_8b=0
[SCHEDULER_HEARTBEAT] running=[] | gpu0:free=25.9GiB util=47% | remaining: gemma_3_12b_it=2842, mistral_7b_instruct_v03=164, qwen3_8b=0
[SCHEDULER_HEARTBEAT] running=[] | gpu0:free=25.9GiB util=47% | remaining: gemma_3_12b_it=2842, mistral_7b_instruct_v03=163, qwen3_8b=0
[SCHEDULER_HEARTBEAT] running=[] | gpu0:free=25.7GiB util=47% | remaining: gemma_3_12b_it=2842, mistral_7b_instruct_v03=163, qwen3_8b=0
[SCHEDULER_HEARTBEAT] running=[] | gpu0:free=25.9GiB util=47% | remaining: gemma_3_12b_it=2842, mistral_7b_instruct_v03=163, qwen3_8b=0
[SCHEDULER_HEARTBEAT] running=[] | gpu0:free=25.9GiB util=46% | remaining: gemma_3_12b_it=2842, mistral_7b_instruct_v03=162, qwen3_8b=0
[SCHEDULER_HEARTBEAT] running=[] | gpu0:free=25.7GiB util=46% | remaining: gemma_3_12b_it=2842, mistral_7b_instruct_v03=162, qwen3_8b=0
[SCHEDULER_HEARTBEAT] running=[] | gpu0:free=26.0GiB util=47% | remaining: gemma_3_12b_it=2842, mistral_7b_instruct_v03=161, qwen3_8b=0
[SCHEDULER_HEARTBEAT] running=[] | gpu0:free=25.9GiB util=48% | remaining: gemma_3_12b_it=2842, mistral_7b_instruct_v03=161, qwen3_8b=0
[SCHEDULER_HEARTBEAT] running=[] | gpu0:free=25.7GiB util=48% | remaining: gemma_3_12b_it=2842, mistral_7b_instruct_v03=161, qwen3_8b=0
[SCHEDULER_HEARTBEAT] running=[] | gpu0:free=25.9GiB util=48% | remaining: gemma_3_12b_it=2842, mistral_7b_instruct_v03=161, qwen3_8b=0
[SCHEDULER_HEARTBEAT] running=[] | gpu0:free=25.6GiB util=48% | remaining: gemma_3_12b_it=2842, mistral_7b_instruct_v03=161, qwen3_8b=0
[SCHEDULER_HEARTBEAT] running=[] | gpu0:free=25.7GiB util=46% | remaining: gemma_3_12b_it=2842, mistral_7b_instruct_v03=161, qwen3_8b=0
[SCHEDULER_HEARTBEAT] running=[] | gpu0:free=25.6GiB util=46% | remaining: gemma_3_12b_it=2842, mistral_7b_instruct_v03=161, qwen3_8b=0
[SCHEDULER_HEARTBEAT] running=[] | gpu0:free=25.9GiB util=46% | remaining: gemma_3_12b_it=2842, mistral_7b_instruct_v03=160, qwen3_8b=0
[SCHEDULER_HEARTBEAT] running=[] | gpu0:free=25.8GiB util=48% | remaining: gemma_3_12b_it=2842, mistral_7b_instruct_v03=160, qwen3_8b=0
[SCHEDULER_HEARTBEAT] running=[] | gpu0:free=25.7GiB util=45% | remaining: gemma_3_12b_it=2842, mistral_7b_instruct_v03=160, qwen3_8b=0
[SCHEDULER_HEARTBEAT] running=[] | gpu0:free=25.9GiB util=46% | remaining: gemma_3_12b_it=2842, mistral_7b_instruct_v03=160, qwen3_8b=0
[SCHEDULER_HEARTBEAT] running=[] | gpu0:free=25.9GiB util=47% | remaining: gemma_3_12b_it=2842, mistral_7b_instruct_v03=160, qwen3_8b=0
[SCHEDULER_HEARTBEAT] running=[] | gpu0:free=25.6GiB util=46% | remaining: gemma_3_12b_it=2842, mistral_7b_instruct_v03=160, qwen3_8b=0
[SCHEDULER_HEARTBEAT] running=[] | gpu0:free=25.6GiB util=48% | remaining: gemma_3_12b_it=2842, mistral_7b_instruct_v03=160, qwen3_8b=0
[SCHEDULER_HEARTBEAT] running=[] | gpu0:free=25.9GiB util=46% | remaining: gemma_3_12b_it=2842, mistral_7b_instruct_v03=159, qwen3_8b=0
[SCHEDULER_HEARTBEAT] running=[] | gpu0:free=25.8GiB util=43% | remaining: gemma_3_12b_it=2842, mistral_7b_instruct_v03=159, qwen3_8b=0
[SCHEDULER_HEARTBEAT] running=[] | gpu0:free=25.9GiB util=45% | remaining: gemma_3_12b_it=2842, mistral_7b_instruct_v03=159, qwen3_8b=0
[SCHEDULER_HEARTBEAT] running=[] | gpu0:free=25.8GiB util=46% | remaining: gemma_3_12b_it=2842, mistral_7b_instruct_v03=159, qwen3_8b=0
[SCHEDULER_HEARTBEAT] running=[] | gpu0:free=25.6GiB util=48% | remaining: gemma_3_12b_it=2842, mistral_7b_instruct_v03=159, qwen3_8b=0
[SCHEDULER_HEARTBEAT] running=[] | gpu0:free=25.7GiB util=48% | remaining: gemma_3_12b_it=2842, mistral_7b_instruct_v03=159, qwen3_8b=0
[SCHEDULER_HEARTBEAT] running=[] | gpu0:free=25.8GiB util=45% | remaining: gemma_3_12b_it=2842, mistral_7b_instruct_v03=159, qwen3_8b=0
[SCHEDULER_HEARTBEAT] running=[] | gpu0:free=25.7GiB util=47% | remaining: gemma_3_12b_it=2842, mistral_7b_instruct_v03=159, qwen3_8b=0
[SCHEDULER_HEARTBEAT] running=[] | gpu0:free=25.7GiB util=48% | remaining: gemma_3_12b_it=2842, mistral_7b_instruct_v03=159, qwen3_8b=0
[SCHEDULER_HEARTBEAT] running=[] | gpu0:free=25.9GiB util=47% | remaining: gemma_3_12b_it=2842, mistral_7b_instruct_v03=158, qwen3_8b=0
[SCHEDULER_HEARTBEAT] running=[] | gpu0:free=25.9GiB util=47% | remaining: gemma_3_12b_it=2842, mistral_7b_instruct_v03=158, qwen3_8b=0
[SCHEDULER_HEARTBEAT] running=[] | gpu0:free=25.9GiB util=48% | remaining: gemma_3_12b_it=2842, mistral_7b_instruct_v03=158, qwen3_8b=0
[SCHEDULER_HEARTBEAT] running=[] | gpu0:free=25.8GiB util=50% | remaining: gemma_3_12b_it=2842, mistral_7b_instruct_v03=158, qwen3_8b=0
[SCHEDULER_HEARTBEAT] running=[] | gpu0:free=25.7GiB util=47% | remaining: gemma_3_12b_it=2842, mistral_7b_instruct_v03=157, qwen3_8b=0
[SCHEDULER_HEARTBEAT] running=[] | gpu0:free=25.7GiB util=46% | remaining: gemma_3_12b_it=2842, mistral_7b_instruct_v03=157, qwen3_8b=0
[SCHEDULER_HEARTBEAT] running=[] | gpu0:free=25.9GiB util=47% | remaining: gemma_3_12b_it=2842, mistral_7b_instruct_v03=157, qwen3_8b=0
[SCHEDULER_HEARTBEAT] running=[] | gpu0:free=25.6GiB util=47% | remaining: gemma_3_12b_it=2842, mistral_7b_instruct_v03=157, qwen3_8b=0
[SCHEDULER_HEARTBEAT] running=[] | gpu0:free=25.8GiB util=47% | remaining: gemma_3_12b_it=2842, mistral_7b_instruct_v03=157, qwen3_8b=0
[SCHEDULER_HEARTBEAT] running=[] | gpu0:free=25.8GiB util=47% | remaining: gemma_3_12b_it=2842, mistral_7b_instruct_v03=157, qwen3_8b=0
[SCHEDULER_HEARTBEAT] running=[] | gpu0:free=25.6GiB util=48% | remaining: gemma_3_12b_it=2842, mistral_7b_instruct_v03=157, qwen3_8b=0
[SCHEDULER_HEARTBEAT] running=[] | gpu0:free=25.7GiB util=47% | remaining: gemma_3_12b_it=2842, mistral_7b_instruct_v03=157, qwen3_8b=0
[SCHEDULER_HEARTBEAT] running=[] | gpu0:free=25.8GiB util=46% | remaining: gemma_3_12b_it=2842, mistral_7b_instruct_v03=156, qwen3_8b=0
[SCHEDULER_HEARTBEAT] running=[] | gpu0:free=25.9GiB util=49% | remaining: gemma_3_12b_it=2842, mistral_7b_instruct_v03=156, qwen3_8b=0
[SCHEDULER_HEARTBEAT] running=[] | gpu0:free=25.8GiB util=46% | remaining: gemma_3_12b_it=2842, mistral_7b_instruct_v03=156, qwen3_8b=0
[SCHEDULER_HEARTBEAT] running=[] | gpu0:free=25.8GiB util=42% | remaining: gemma_3_12b_it=2842, mistral_7b_instruct_v03=156, qwen3_8b=0
[SCHEDULER_HEARTBEAT] running=[] | gpu0:free=25.8GiB util=46% | remaining: gemma_3_12b_it=2842, mistral_7b_instruct_v03=156, qwen3_8b=0
[SCHEDULER_HEARTBEAT] running=[] | gpu0:free=25.9GiB util=47% | remaining: gemma_3_12b_it=2842, mistral_7b_instruct_v03=155, qwen3_8b=0
[SCHEDULER_HEARTBEAT] running=[] | gpu0:free=25.9GiB util=50% | remaining: gemma_3_12b_it=2842, mistral_7b_instruct_v03=155, qwen3_8b=0
[SCHEDULER_HEARTBEAT] running=[] | gpu0:free=25.8GiB util=48% | remaining: gemma_3_12b_it=2842, mistral_7b_instruct_v03=155, qwen3_8b=0
[SCHEDULER_HEARTBEAT] running=[] | gpu0:free=25.8GiB util=47% | remaining: gemma_3_12b_it=2842, mistral_7b_instruct_v03=155, qwen3_8b=0
[SCHEDULER_HEARTBEAT] running=[] | gpu0:free=25.6GiB util=49% | remaining: gemma_3_12b_it=2842, mistral_7b_instruct_v03=155, qwen3_8b=0
[SCHEDULER_HEARTBEAT] running=[] | gpu0:free=25.8GiB util=48% | remaining: gemma_3_12b_it=2842, mistral_7b_instruct_v03=154, qwen3_8b=0
[SCHEDULER_HEARTBEAT] running=[] | gpu0:free=25.8GiB util=45% | remaining: gemma_3_12b_it=2842, mistral_7b_instruct_v03=154, qwen3_8b=0
[SCHEDULER_HEARTBEAT] running=[] | gpu0:free=25.8GiB util=48% | remaining: gemma_3_12b_it=2842, mistral_7b_instruct_v03=154, qwen3_8b=0
[SCHEDULER_HEARTBEAT] running=[] | gpu0:free=25.6GiB util=46% | remaining: gemma_3_12b_it=2842, mistral_7b_instruct_v03=154, qwen3_8b=0
[SCHEDULER_HEARTBEAT] running=[] | gpu0:free=25.8GiB util=49% | remaining: gemma_3_12b_it=2842, mistral_7b_instruct_v03=154, qwen3_8b=0
[SCHEDULER_HEARTBEAT] running=[] | gpu0:free=25.6GiB util=47% | remaining: gemma_3_12b_it=2842, mistral_7b_instruct_v03=154, qwen3_8b=0
[SCHEDULER_HEARTBEAT] running=[] | gpu0:free=25.5GiB util=47% | remaining: gemma_3_12b_it=2842, mistral_7b_instruct_v03=154, qwen3_8b=0
[SCHEDULER_HEARTBEAT] running=[] | gpu0:free=25.5GiB util=47% | remaining: gemma_3_12b_it=2842, mistral_7b_instruct_v03=154, qwen3_8b=0
[SCHEDULER_HEARTBEAT] running=[] | gpu0:free=25.8GiB util=48% | remaining: gemma_3_12b_it=2842, mistral_7b_instruct_v03=153, qwen3_8b=0
[SCHEDULER_HEARTBEAT] running=[] | gpu0:free=25.8GiB util=48% | remaining: gemma_3_12b_it=2842, mistral_7b_instruct_v03=153, qwen3_8b=0
[SCHEDULER_HEARTBEAT] running=[] | gpu0:free=25.8GiB util=49% | remaining: gemma_3_12b_it=2842, mistral_7b_instruct_v03=153, qwen3_8b=0
[SCHEDULER_HEARTBEAT] running=[] | gpu0:free=25.7GiB util=50% | remaining: gemma_3_12b_it=2842, mistral_7b_instruct_v03=152, qwen3_8b=0
[SCHEDULER_HEARTBEAT] running=[] | gpu0:free=25.7GiB util=46% | remaining: gemma_3_12b_it=2842, mistral_7b_instruct_v03=152, qwen3_8b=0
[SCHEDULER_HEARTBEAT] running=[] | gpu0:free=25.6GiB util=47% | remaining: gemma_3_12b_it=2842, mistral_7b_instruct_v03=152, qwen3_8b=0
[SCHEDULER_HEARTBEAT] running=[] | gpu0:free=25.7GiB util=48% | remaining: gemma_3_12b_it=2842, mistral_7b_instruct_v03=152, qwen3_8b=0
[SCHEDULER_HEARTBEAT] running=[] | gpu0:free=25.6GiB util=48% | remaining: gemma_3_12b_it=2842, mistral_7b_instruct_v03=152, qwen3_8b=0
[SCHEDULER_HEARTBEAT] running=[] | gpu0:free=25.7GiB util=48% | remaining: gemma_3_12b_it=2842, mistral_7b_instruct_v03=152, qwen3_8b=0
[SCHEDULER_HEARTBEAT] running=[] | gpu0:free=25.5GiB util=49% | remaining: gemma_3_12b_it=2842, mistral_7b_instruct_v03=152, qwen3_8b=0
[SCHEDULER_HEARTBEAT] running=[] | gpu0:free=25.6GiB util=49% | remaining: gemma_3_12b_it=2842, mistral_7b_instruct_v03=152, qwen3_8b=0
[SCHEDULER_HEARTBEAT] running=[] | gpu0:free=25.8GiB util=49% | remaining: gemma_3_12b_it=2842, mistral_7b_instruct_v03=151, qwen3_8b=0
[SCHEDULER_HEARTBEAT] running=[] | gpu0:free=25.9GiB util=46% | remaining: gemma_3_12b_it=2842, mistral_7b_instruct_v03=151, qwen3_8b=0
[SCHEDULER_HEARTBEAT] running=[] | gpu0:free=25.6GiB util=47% | remaining: gemma_3_12b_it=2842, mistral_7b_instruct_v03=151, qwen3_8b=0
[SCHEDULER_HEARTBEAT] running=[] | gpu0:free=25.8GiB util=49% | remaining: gemma_3_12b_it=2842, mistral_7b_instruct_v03=151, qwen3_8b=0
[SCHEDULER_HEARTBEAT] running=[] | gpu0:free=25.7GiB util=50% | remaining: gemma_3_12b_it=2842, mistral_7b_instruct_v03=150, qwen3_8b=0
[SCHEDULER_HEARTBEAT] running=[] | gpu0:free=25.6GiB util=48% | remaining: gemma_3_12b_it=2842, mistral_7b_instruct_v03=150, qwen3_8b=0
[SCHEDULER_HEARTBEAT] running=[] | gpu0:free=25.8GiB util=50% | remaining: gemma_3_12b_it=2842, mistral_7b_instruct_v03=150, qwen3_8b=0
[SCHEDULER_HEARTBEAT] running=[] | gpu0:free=25.7GiB util=46% | remaining: gemma_3_12b_it=2842, mistral_7b_instruct_v03=150, qwen3_8b=0
[SCHEDULER_HEARTBEAT] running=[] | gpu0:free=25.6GiB util=46% | remaining: gemma_3_12b_it=2842, mistral_7b_instruct_v03=150, qwen3_8b=0
[SCHEDULER_HEARTBEAT] running=[] | gpu0:free=25.7GiB util=49% | remaining: gemma_3_12b_it=2842, mistral_7b_instruct_v03=150, qwen3_8b=0
[SCHEDULER_HEARTBEAT] running=[] | gpu0:free=25.7GiB util=50% | remaining: gemma_3_12b_it=2842, mistral_7b_instruct_v03=150, qwen3_8b=0
[SCHEDULER_HEARTBEAT] running=[] | gpu0:free=25.7GiB util=47% | remaining: gemma_3_12b_it=2842, mistral_7b_instruct_v03=150, qwen3_8b=0
[SCHEDULER_HEARTBEAT] running=[] | gpu0:free=25.5GiB util=47% | remaining: gemma_3_12b_it=2842, mistral_7b_instruct_v03=150, qwen3_8b=0
[SCHEDULER_HEARTBEAT] running=[] | gpu0:free=25.4GiB util=47% | remaining: gemma_3_12b_it=2842, mistral_7b_instruct_v03=150, qwen3_8b=0
[SCHEDULER_HEARTBEAT] running=[] | gpu0:free=25.6GiB util=47% | remaining: gemma_3_12b_it=2842, mistral_7b_instruct_v03=150, qwen3_8b=0
[SCHEDULER_HEARTBEAT] running=[] | gpu0:free=25.5GiB util=49% | remaining: gemma_3_12b_it=2842, mistral_7b_instruct_v03=150, qwen3_8b=0
[SCHEDULER_HEARTBEAT] running=[] | gpu0:free=25.8GiB util=46% | remaining: gemma_3_12b_it=2842, mistral_7b_instruct_v03=149, qwen3_8b=0
[SCHEDULER_HEARTBEAT] running=[] | gpu0:free=25.8GiB util=47% | remaining: gemma_3_12b_it=2842, mistral_7b_instruct_v03=149, qwen3_8b=0
[SCHEDULER_HEARTBEAT] running=[] | gpu0:free=25.7GiB util=47% | remaining: gemma_3_12b_it=2842, mistral_7b_instruct_v03=149, qwen3_8b=0
[SCHEDULER_HEARTBEAT] running=[] | gpu0:free=25.9GiB util=50% | remaining: gemma_3_12b_it=2842, mistral_7b_instruct_v03=148, qwen3_8b=0
[SCHEDULER_HEARTBEAT] running=[] | gpu0:free=25.6GiB util=48% | remaining: gemma_3_12b_it=2842, mistral_7b_instruct_v03=148, qwen3_8b=0
[SCHEDULER_HEARTBEAT] running=[] | gpu0:free=25.8GiB util=45% | remaining: gemma_3_12b_it=2842, mistral_7b_instruct_v03=148, qwen3_8b=0
[SCHEDULER_HEARTBEAT] running=[] | gpu0:free=25.7GiB util=49% | remaining: gemma_3_12b_it=2842, mistral_7b_instruct_v03=148, qwen3_8b=0
[SCHEDULER_HEARTBEAT] running=[] | gpu0:free=25.6GiB util=48% | remaining: gemma_3_12b_it=2842, mistral_7b_instruct_v03=148, qwen3_8b=0
[SCHEDULER_HEARTBEAT] running=[] | gpu0:free=25.5GiB util=46% | remaining: gemma_3_12b_it=2842, mistral_7b_instruct_v03=148, qwen3_8b=0
[SCHEDULER_HEARTBEAT] running=[] | gpu0:free=25.8GiB util=45% | remaining: gemma_3_12b_it=2842, mistral_7b_instruct_v03=147, qwen3_8b=0
[SCHEDULER_HEARTBEAT] running=[] | gpu0:free=25.8GiB util=46% | remaining: gemma_3_12b_it=2842, mistral_7b_instruct_v03=147, qwen3_8b=0
[SCHEDULER_HEARTBEAT] running=[] | gpu0:free=25.8GiB util=46% | remaining: gemma_3_12b_it=2842, mistral_7b_instruct_v03=147, qwen3_8b=0
[SCHEDULER_HEARTBEAT] running=[] | gpu0:free=25.6GiB util=46% | remaining: gemma_3_12b_it=2842, mistral_7b_instruct_v03=147, qwen3_8b=0
[SCHEDULER_HEARTBEAT] running=[] | gpu0:free=25.6GiB util=46% | remaining: gemma_3_12b_it=2842, mistral_7b_instruct_v03=147, qwen3_8b=0
[SCHEDULER_HEARTBEAT] running=[] | gpu0:free=25.8GiB util=47% | remaining: gemma_3_12b_it=2842, mistral_7b_instruct_v03=146, qwen3_8b=0
[SCHEDULER_HEARTBEAT] running=[] | gpu0:free=25.9GiB util=44% | remaining: gemma_3_12b_it=2842, mistral_7b_instruct_v03=146, qwen3_8b=0
[SCHEDULER_HEARTBEAT] running=[] | gpu0:free=25.7GiB util=47% | remaining: gemma_3_12b_it=2842, mistral_7b_instruct_v03=146, qwen3_8b=0
[SCHEDULER_HEARTBEAT] running=[] | gpu0:free=25.7GiB util=48% | remaining: gemma_3_12b_it=2842, mistral_7b_instruct_v03=146, qwen3_8b=0
[SCHEDULER_HEARTBEAT] running=[] | gpu0:free=25.7GiB util=45% | remaining: gemma_3_12b_it=2842, mistral_7b_instruct_v03=146, qwen3_8b=0
[SCHEDULER_HEARTBEAT] running=[] | gpu0:free=25.8GiB util=45% | remaining: gemma_3_12b_it=2842, mistral_7b_instruct_v03=145, qwen3_8b=0
[SCHEDULER_HEARTBEAT] running=[] | gpu0:free=25.8GiB util=46% | remaining: gemma_3_12b_it=2842, mistral_7b_instruct_v03=145, qwen3_8b=0
[SCHEDULER_HEARTBEAT] running=[] | gpu0:free=25.7GiB util=49% | remaining: gemma_3_12b_it=2842, mistral_7b_instruct_v03=145, qwen3_8b=0
[SCHEDULER_HEARTBEAT] running=[] | gpu0:free=25.8GiB util=47% | remaining: gemma_3_12b_it=2842, mistral_7b_instruct_v03=145, qwen3_8b=0
[SCHEDULER_HEARTBEAT] running=[] | gpu0:free=25.8GiB util=45% | remaining: gemma_3_12b_it=2842, mistral_7b_instruct_v03=145, qwen3_8b=0
[SCHEDULER_HEARTBEAT] running=[] | gpu0:free=25.7GiB util=47% | remaining: gemma_3_12b_it=2842, mistral_7b_instruct_v03=145, qwen3_8b=0
[SCHEDULER_HEARTBEAT] running=[] | gpu0:free=25.7GiB util=46% | remaining: gemma_3_12b_it=2842, mistral_7b_instruct_v03=144, qwen3_8b=0
[SCHEDULER_HEARTBEAT] running=[] | gpu0:free=25.8GiB util=46% | remaining: gemma_3_12b_it=2842, mistral_7b_instruct_v03=144, qwen3_8b=0
[SCHEDULER_HEARTBEAT] running=[] | gpu0:free=25.7GiB util=51% | remaining: gemma_3_12b_it=2842, mistral_7b_instruct_v03=144, qwen3_8b=0
[SCHEDULER_HEARTBEAT] running=[] | gpu0:free=25.9GiB util=47% | remaining: gemma_3_12b_it=2842, mistral_7b_instruct_v03=143, qwen3_8b=0
[SCHEDULER_HEARTBEAT] running=[] | gpu0:free=25.8GiB util=48% | remaining: gemma_3_12b_it=2842, mistral_7b_instruct_v03=143, qwen3_8b=0
[SCHEDULER_HEARTBEAT] running=[] | gpu0:free=25.8GiB util=47% | remaining: gemma_3_12b_it=2842, mistral_7b_instruct_v03=143, qwen3_8b=0
[SCHEDULER_HEARTBEAT] running=[] | gpu0:free=25.9GiB util=48% | remaining: gemma_3_12b_it=2842, mistral_7b_instruct_v03=142, qwen3_8b=0
[SCHEDULER_HEARTBEAT] running=[] | gpu0:free=25.6GiB util=46% | remaining: gemma_3_12b_it=2842, mistral_7b_instruct_v03=142, qwen3_8b=0
[SCHEDULER_HEARTBEAT] running=[] | gpu0:free=25.8GiB util=48% | remaining: gemma_3_12b_it=2842, mistral_7b_instruct_v03=142, qwen3_8b=0
[SCHEDULER_HEARTBEAT] running=[] | gpu0:free=25.7GiB util=47% | remaining: gemma_3_12b_it=2842, mistral_7b_instruct_v03=142, qwen3_8b=0
[SCHEDULER_HEARTBEAT] running=[] | gpu0:free=25.8GiB util=46% | remaining: gemma_3_12b_it=2842, mistral_7b_instruct_v03=142, qwen3_8b=0
[SCHEDULER_HEARTBEAT] running=[] | gpu0:free=25.7GiB util=50% | remaining: gemma_3_12b_it=2842, mistral_7b_instruct_v03=142, qwen3_8b=0
[SCHEDULER_HEARTBEAT] running=[] | gpu0:free=25.6GiB util=48% | remaining: gemma_3_12b_it=2842, mistral_7b_instruct_v03=142, qwen3_8b=0
[SCHEDULER_HEARTBEAT] running=[] | gpu0:free=25.6GiB util=47% | remaining: gemma_3_12b_it=2842, mistral_7b_instruct_v03=142, qwen3_8b=0
[SCHEDULER_HEARTBEAT] running=[] | gpu0:free=25.6GiB util=49% | remaining: gemma_3_12b_it=2842, mistral_7b_instruct_v03=142, qwen3_8b=0
[SCHEDULER_HEARTBEAT] running=[] | gpu0:free=25.7GiB util=46% | remaining: gemma_3_12b_it=2842, mistral_7b_instruct_v03=141, qwen3_8b=0
[SCHEDULER_HEARTBEAT] running=[] | gpu0:free=25.8GiB util=47% | remaining: gemma_3_12b_it=2842, mistral_7b_instruct_v03=141, qwen3_8b=0
[SCHEDULER_HEARTBEAT] running=[] | gpu0:free=25.8GiB util=47% | remaining: gemma_3_12b_it=2842, mistral_7b_instruct_v03=141, qwen3_8b=0
[SCHEDULER_HEARTBEAT] running=[] | gpu0:free=25.6GiB util=49% | remaining: gemma_3_12b_it=2842, mistral_7b_instruct_v03=141, qwen3_8b=0
[SCHEDULER_HEARTBEAT] running=[] | gpu0:free=25.8GiB util=47% | remaining: gemma_3_12b_it=2842, mistral_7b_instruct_v03=140, qwen3_8b=0
[SCHEDULER_HEARTBEAT] running=[] | gpu0:free=25.8GiB util=47% | remaining: gemma_3_12b_it=2842, mistral_7b_instruct_v03=140, qwen3_8b=0
[SCHEDULER_HEARTBEAT] running=[] | gpu0:free=25.7GiB util=48% | remaining: gemma_3_12b_it=2842, mistral_7b_instruct_v03=140, qwen3_8b=0
[SCHEDULER_HEARTBEAT] running=[] | gpu0:free=25.8GiB util=49% | remaining: gemma_3_12b_it=2842, mistral_7b_instruct_v03=139, qwen3_8b=0
[SCHEDULER_HEARTBEAT] running=[] | gpu0:free=25.8GiB util=45% | remaining: gemma_3_12b_it=2842, mistral_7b_instruct_v03=139, qwen3_8b=0
[SCHEDULER_HEARTBEAT] running=[] | gpu0:free=25.9GiB util=46% | remaining: gemma_3_12b_it=2842, mistral_7b_instruct_v03=139, qwen3_8b=0
[SCHEDULER_HEARTBEAT] running=[] | gpu0:free=25.7GiB util=48% | remaining: gemma_3_12b_it=2842, mistral_7b_instruct_v03=139, qwen3_8b=0
[SCHEDULER_HEARTBEAT] running=[] | gpu0:free=25.6GiB util=47% | remaining: gemma_3_12b_it=2842, mistral_7b_instruct_v03=139, qwen3_8b=0
[SCHEDULER_HEARTBEAT] running=[] | gpu0:free=25.6GiB util=46% | remaining: gemma_3_12b_it=2842, mistral_7b_instruct_v03=138, qwen3_8b=0
[SCHEDULER_HEARTBEAT] running=[] | gpu0:free=25.9GiB util=48% | remaining: gemma_3_12b_it=2842, mistral_7b_instruct_v03=138, qwen3_8b=0
[SCHEDULER_HEARTBEAT] running=[] | gpu0:free=25.8GiB util=46% | remaining: gemma_3_12b_it=2842, mistral_7b_instruct_v03=137, qwen3_8b=0
[SCHEDULER_HEARTBEAT] running=[] | gpu0:free=25.8GiB util=45% | remaining: gemma_3_12b_it=2842, mistral_7b_instruct_v03=137, qwen3_8b=0
[SCHEDULER_HEARTBEAT] running=[] | gpu0:free=25.8GiB util=46% | remaining: gemma_3_12b_it=2842, mistral_7b_instruct_v03=137, qwen3_8b=0
[SCHEDULER_HEARTBEAT] running=[] | gpu0:free=25.8GiB util=45% | remaining: gemma_3_12b_it=2842, mistral_7b_instruct_v03=136, qwen3_8b=0
[SCHEDULER_HEARTBEAT] running=[] | gpu0:free=25.6GiB util=47% | remaining: gemma_3_12b_it=2842, mistral_7b_instruct_v03=136, qwen3_8b=0
[SCHEDULER_HEARTBEAT] running=[] | gpu0:free=25.6GiB util=49% | remaining: gemma_3_12b_it=2842, mistral_7b_instruct_v03=136, qwen3_8b=0
[SCHEDULER_HEARTBEAT] running=[] | gpu0:free=25.7GiB util=46% | remaining: gemma_3_12b_it=2842, mistral_7b_instruct_v03=136, qwen3_8b=0
[SCHEDULER_HEARTBEAT] running=[] | gpu0:free=25.5GiB util=47% | remaining: gemma_3_12b_it=2842, mistral_7b_instruct_v03=136, qwen3_8b=0
[SCHEDULER_HEARTBEAT] running=[] | gpu0:free=25.8GiB util=47% | remaining: gemma_3_12b_it=2842, mistral_7b_instruct_v03=136, qwen3_8b=0
[SCHEDULER_HEARTBEAT] running=[] | gpu0:free=25.7GiB util=50% | remaining: gemma_3_12b_it=2842, mistral_7b_instruct_v03=136, qwen3_8b=0
[SCHEDULER_HEARTBEAT] running=[] | gpu0:free=25.6GiB util=48% | remaining: gemma_3_12b_it=2842, mistral_7b_instruct_v03=136, qwen3_8b=0
[SCHEDULER_HEARTBEAT] running=[] | gpu0:free=25.4GiB util=46% | remaining: gemma_3_12b_it=2842, mistral_7b_instruct_v03=136, qwen3_8b=0
[SCHEDULER_HEARTBEAT] running=[] | gpu0:free=25.6GiB util=46% | remaining: gemma_3_12b_it=2842, mistral_7b_instruct_v03=135, qwen3_8b=0
[SCHEDULER_HEARTBEAT] running=[] | gpu0:free=25.6GiB util=46% | remaining: gemma_3_12b_it=2842, mistral_7b_instruct_v03=135, qwen3_8b=0
[SCHEDULER_HEARTBEAT] running=[] | gpu0:free=25.7GiB util=48% | remaining: gemma_3_12b_it=2842, mistral_7b_instruct_v03=135, qwen3_8b=0
[SCHEDULER_HEARTBEAT] running=[] | gpu0:free=25.6GiB util=46% | remaining: gemma_3_12b_it=2842, mistral_7b_instruct_v03=135, qwen3_8b=0
[SCHEDULER_HEARTBEAT] running=[] | gpu0:free=25.6GiB util=47% | remaining: gemma_3_12b_it=2842, mistral_7b_instruct_v03=135, qwen3_8b=0
[SCHEDULER_HEARTBEAT] running=[] | gpu0:free=25.7GiB util=47% | remaining: gemma_3_12b_it=2842, mistral_7b_instruct_v03=135, qwen3_8b=0
[SCHEDULER_HEARTBEAT] running=[] | gpu0:free=25.7GiB util=49% | remaining: gemma_3_12b_it=2842, mistral_7b_instruct_v03=135, qwen3_8b=0
[SCHEDULER_HEARTBEAT] running=[] | gpu0:free=25.6GiB util=50% | remaining: gemma_3_12b_it=2842, mistral_7b_instruct_v03=135, qwen3_8b=0
[SCHEDULER_HEARTBEAT] running=[] | gpu0:free=25.6GiB util=47% | remaining: gemma_3_12b_it=2842, mistral_7b_instruct_v03=134, qwen3_8b=0
[SCHEDULER_HEARTBEAT] running=[] | gpu0:free=25.6GiB util=48% | remaining: gemma_3_12b_it=2842, mistral_7b_instruct_v03=134, qwen3_8b=0
[SCHEDULER_HEARTBEAT] running=[] | gpu0:free=25.7GiB util=48% | remaining: gemma_3_12b_it=2842, mistral_7b_instruct_v03=134, qwen3_8b=0
[SCHEDULER_HEARTBEAT] running=[] | gpu0:free=25.8GiB util=48% | remaining: gemma_3_12b_it=2842, mistral_7b_instruct_v03=133, qwen3_8b=0
[SCHEDULER_HEARTBEAT] running=[] | gpu0:free=25.8GiB util=47% | remaining: gemma_3_12b_it=2842, mistral_7b_instruct_v03=133, qwen3_8b=0
[SCHEDULER_HEARTBEAT] running=[] | gpu0:free=25.7GiB util=47% | remaining: gemma_3_12b_it=2842, mistral_7b_instruct_v03=133, qwen3_8b=0
[SCHEDULER_HEARTBEAT] running=[] | gpu0:free=25.8GiB util=48% | remaining: gemma_3_12b_it=2842, mistral_7b_instruct_v03=133, qwen3_8b=0
[SCHEDULER_HEARTBEAT] running=[] | gpu0:free=25.5GiB util=48% | remaining: gemma_3_12b_it=2842, mistral_7b_instruct_v03=133, qwen3_8b=0
[SCHEDULER_HEARTBEAT] running=[] | gpu0:free=25.8GiB util=51% | remaining: gemma_3_12b_it=2842, mistral_7b_instruct_v03=132, qwen3_8b=0
[SCHEDULER_HEARTBEAT] running=[] | gpu0:free=25.7GiB util=46% | remaining: gemma_3_12b_it=2842, mistral_7b_instruct_v03=132, qwen3_8b=0
[SCHEDULER_HEARTBEAT] running=[] | gpu0:free=25.7GiB util=48% | remaining: gemma_3_12b_it=2842, mistral_7b_instruct_v03=132, qwen3_8b=0
[SCHEDULER_HEARTBEAT] running=[] | gpu0:free=25.5GiB util=51% | remaining: gemma_3_12b_it=2842, mistral_7b_instruct_v03=132, qwen3_8b=0
[SCHEDULER_HEARTBEAT] running=[] | gpu0:free=25.7GiB util=48% | remaining: gemma_3_12b_it=2842, mistral_7b_instruct_v03=132, qwen3_8b=0
[SCHEDULER_HEARTBEAT] running=[] | gpu0:free=25.6GiB util=47% | remaining: gemma_3_12b_it=2842, mistral_7b_instruct_v03=132, qwen3_8b=0
[SCHEDULER_HEARTBEAT] running=[] | gpu0:free=25.6GiB util=47% | remaining: gemma_3_12b_it=2842, mistral_7b_instruct_v03=132, qwen3_8b=0
[SCHEDULER_HEARTBEAT] running=[] | gpu0:free=25.4GiB util=48% | remaining: gemma_3_12b_it=2842, mistral_7b_instruct_v03=132, qwen3_8b=0
[SCHEDULER_HEARTBEAT] running=[] | gpu0:free=25.8GiB util=47% | remaining: gemma_3_12b_it=2842, mistral_7b_instruct_v03=131, qwen3_8b=0
[SCHEDULER_HEARTBEAT] running=[] | gpu0:free=25.8GiB util=51% | remaining: gemma_3_12b_it=2842, mistral_7b_instruct_v03=131, qwen3_8b=0
[SCHEDULER_HEARTBEAT] running=[] | gpu0:free=25.7GiB util=47% | remaining: gemma_3_12b_it=2842, mistral_7b_instruct_v03=131, qwen3_8b=0
[SCHEDULER_HEARTBEAT] running=[] | gpu0:free=25.6GiB util=49% | remaining: gemma_3_12b_it=2842, mistral_7b_instruct_v03=131, qwen3_8b=0
[SCHEDULER_HEARTBEAT] running=[] | gpu0:free=25.7GiB util=46% | remaining: gemma_3_12b_it=2842, mistral_7b_instruct_v03=131, qwen3_8b=0
[SCHEDULER_HEARTBEAT] running=[] | gpu0:free=25.5GiB util=48% | remaining: gemma_3_12b_it=2842, mistral_7b_instruct_v03=131, qwen3_8b=0
[SCHEDULER_HEARTBEAT] running=[] | gpu0:free=25.7GiB util=50% | remaining: gemma_3_12b_it=2842, mistral_7b_instruct_v03=131, qwen3_8b=0
[SCHEDULER_HEARTBEAT] running=[] | gpu0:free=25.9GiB util=49% | remaining: gemma_3_12b_it=2842, mistral_7b_instruct_v03=130, qwen3_8b=0
[SCHEDULER_HEARTBEAT] running=[] | gpu0:free=25.8GiB util=50% | remaining: gemma_3_12b_it=2842, mistral_7b_instruct_v03=130, qwen3_8b=0
[SCHEDULER_HEARTBEAT] running=[] | gpu0:free=25.7GiB util=48% | remaining: gemma_3_12b_it=2842, mistral_7b_instruct_v03=130, qwen3_8b=0
[SCHEDULER_HEARTBEAT] running=[] | gpu0:free=25.6GiB util=48% | remaining: gemma_3_12b_it=2842, mistral_7b_instruct_v03=130, qwen3_8b=0
[SCHEDULER_HEARTBEAT] running=[] | gpu0:free=25.5GiB util=48% | remaining: gemma_3_12b_it=2842, mistral_7b_instruct_v03=130, qwen3_8b=0
[SCHEDULER_HEARTBEAT] running=[] | gpu0:free=25.5GiB util=48% | remaining: gemma_3_12b_it=2842, mistral_7b_instruct_v03=130, qwen3_8b=0
[SCHEDULER_HEARTBEAT] running=[] | gpu0:free=25.6GiB util=49% | remaining: gemma_3_12b_it=2842, mistral_7b_instruct_v03=129, qwen3_8b=0
[SCHEDULER_HEARTBEAT] running=[] | gpu0:free=25.6GiB util=49% | remaining: gemma_3_12b_it=2842, mistral_7b_instruct_v03=129, qwen3_8b=0
[SCHEDULER_HEARTBEAT] running=[] | gpu0:free=25.8GiB util=47% | remaining: gemma_3_12b_it=2842, mistral_7b_instruct_v03=129, qwen3_8b=0
[SCHEDULER_HEARTBEAT] running=[] | gpu0:free=25.9GiB util=48% | remaining: gemma_3_12b_it=2842, mistral_7b_instruct_v03=128, qwen3_8b=0
[SCHEDULER_HEARTBEAT] running=[] | gpu0:free=25.6GiB util=45% | remaining: gemma_3_12b_it=2842, mistral_7b_instruct_v03=128, qwen3_8b=0
[SCHEDULER_HEARTBEAT] running=[] | gpu0:free=25.6GiB util=48% | remaining: gemma_3_12b_it=2842, mistral_7b_instruct_v03=128, qwen3_8b=0
[SCHEDULER_HEARTBEAT] running=[] | gpu0:free=25.7GiB util=48% | remaining: gemma_3_12b_it=2842, mistral_7b_instruct_v03=128, qwen3_8b=0
[SCHEDULER_HEARTBEAT] running=[] | gpu0:free=25.8GiB util=47% | remaining: gemma_3_12b_it=2842, mistral_7b_instruct_v03=127, qwen3_8b=0
[SCHEDULER_HEARTBEAT] running=[] | gpu0:free=25.6GiB util=48% | remaining: gemma_3_12b_it=2842, mistral_7b_instruct_v03=127, qwen3_8b=0
[SCHEDULER_HEARTBEAT] running=[] | gpu0:free=25.7GiB util=49% | remaining: gemma_3_12b_it=2842, mistral_7b_instruct_v03=127, qwen3_8b=0
[SCHEDULER_HEARTBEAT] running=[] | gpu0:free=25.7GiB util=47% | remaining: gemma_3_12b_it=2842, mistral_7b_instruct_v03=127, qwen3_8b=0
[SCHEDULER_HEARTBEAT] running=[] | gpu0:free=25.6GiB util=47% | remaining: gemma_3_12b_it=2842, mistral_7b_instruct_v03=126, qwen3_8b=0
[SCHEDULER_HEARTBEAT] running=[] | gpu0:free=25.6GiB util=51% | remaining: gemma_3_12b_it=2842, mistral_7b_instruct_v03=126, qwen3_8b=0
[SCHEDULER_HEARTBEAT] running=[] | gpu0:free=25.8GiB util=48% | remaining: gemma_3_12b_it=2842, mistral_7b_instruct_v03=126, qwen3_8b=0
[SCHEDULER_HEARTBEAT] running=[] | gpu0:free=25.7GiB util=49% | remaining: gemma_3_12b_it=2842, mistral_7b_instruct_v03=126, qwen3_8b=0
[SCHEDULER_HEARTBEAT] running=[] | gpu0:free=25.7GiB util=47% | remaining: gemma_3_12b_it=2842, mistral_7b_instruct_v03=126, qwen3_8b=0
[SCHEDULER_HEARTBEAT] running=[] | gpu0:free=25.7GiB util=47% | remaining: gemma_3_12b_it=2842, mistral_7b_instruct_v03=126, qwen3_8b=0
[SCHEDULER_HEARTBEAT] running=[] | gpu0:free=25.6GiB util=45% | remaining: gemma_3_12b_it=2842, mistral_7b_instruct_v03=126, qwen3_8b=0
[SCHEDULER_HEARTBEAT] running=[] | gpu0:free=25.5GiB util=47% | remaining: gemma_3_12b_it=2842, mistral_7b_instruct_v03=126, qwen3_8b=0
[SCHEDULER_HEARTBEAT] running=[] | gpu0:free=25.6GiB util=48% | remaining: gemma_3_12b_it=2842, mistral_7b_instruct_v03=126, qwen3_8b=0
[SCHEDULER_HEARTBEAT] running=[] | gpu0:free=25.6GiB util=47% | remaining: gemma_3_12b_it=2842, mistral_7b_instruct_v03=126, qwen3_8b=0
[SCHEDULER_HEARTBEAT] running=[] | gpu0:free=25.5GiB util=48% | remaining: gemma_3_12b_it=2842, mistral_7b_instruct_v03=126, qwen3_8b=0
[SCHEDULER_HEARTBEAT] running=[] | gpu0:free=25.4GiB util=50% | remaining: gemma_3_12b_it=2842, mistral_7b_instruct_v03=126, qwen3_8b=0
[SCHEDULER_HEARTBEAT] running=[] | gpu0:free=25.9GiB util=47% | remaining: gemma_3_12b_it=2842, mistral_7b_instruct_v03=125, qwen3_8b=0
[SCHEDULER_HEARTBEAT] running=[] | gpu0:free=25.6GiB util=49% | remaining: gemma_3_12b_it=2842, mistral_7b_instruct_v03=125, qwen3_8b=0
[SCHEDULER_HEARTBEAT] running=[] | gpu0:free=25.6GiB util=48% | remaining: gemma_3_12b_it=2842, mistral_7b_instruct_v03=125, qwen3_8b=0
[SCHEDULER_HEARTBEAT] running=[] | gpu0:free=25.7GiB util=49% | remaining: gemma_3_12b_it=2842, mistral_7b_instruct_v03=125, qwen3_8b=0
[SCHEDULER_HEARTBEAT] running=[] | gpu0:free=25.8GiB util=47% | remaining: gemma_3_12b_it=2842, mistral_7b_instruct_v03=125, qwen3_8b=0
[SCHEDULER_HEARTBEAT] running=[] | gpu0:free=25.6GiB util=50% | remaining: gemma_3_12b_it=2842, mistral_7b_instruct_v03=125, qwen3_8b=0
[SCHEDULER_HEARTBEAT] running=[] | gpu0:free=25.6GiB util=50% | remaining: gemma_3_12b_it=2842, mistral_7b_instruct_v03=124, qwen3_8b=0
[SCHEDULER_HEARTBEAT] running=[] | gpu0:free=25.9GiB util=47% | remaining: gemma_3_12b_it=2842, mistral_7b_instruct_v03=124, qwen3_8b=0
[SCHEDULER_HEARTBEAT] running=[] | gpu0:free=25.6GiB util=45% | remaining: gemma_3_12b_it=2842, mistral_7b_instruct_v03=124, qwen3_8b=0
[SCHEDULER_HEARTBEAT] running=[] | gpu0:free=25.7GiB util=46% | remaining: gemma_3_12b_it=2842, mistral_7b_instruct_v03=124, qwen3_8b=0
[SCHEDULER_HEARTBEAT] running=[] | gpu0:free=25.7GiB util=47% | remaining: gemma_3_12b_it=2842, mistral_7b_instruct_v03=124, qwen3_8b=0
[SCHEDULER_HEARTBEAT] running=[] | gpu0:free=25.6GiB util=46% | remaining: gemma_3_12b_it=2842, mistral_7b_instruct_v03=124, qwen3_8b=0
[SCHEDULER_HEARTBEAT] running=[] | gpu0:free=25.6GiB util=47% | remaining: gemma_3_12b_it=2842, mistral_7b_instruct_v03=124, qwen3_8b=0
[SCHEDULER_HEARTBEAT] running=[] | gpu0:free=25.6GiB util=48% | remaining: gemma_3_12b_it=2842, mistral_7b_instruct_v03=124, qwen3_8b=0
[SCHEDULER_HEARTBEAT] running=[] | gpu0:free=25.6GiB util=48% | remaining: gemma_3_12b_it=2842, mistral_7b_instruct_v03=124, qwen3_8b=0
[SCHEDULER_HEARTBEAT] running=[] | gpu0:free=25.6GiB util=48% | remaining: gemma_3_12b_it=2842, mistral_7b_instruct_v03=124, qwen3_8b=0
[SCHEDULER_HEARTBEAT] running=[] | gpu0:free=25.8GiB util=49% | remaining: gemma_3_12b_it=2842, mistral_7b_instruct_v03=123, qwen3_8b=0
[SCHEDULER_HEARTBEAT] running=[] | gpu0:free=25.6GiB util=47% | remaining: gemma_3_12b_it=2842, mistral_7b_instruct_v03=123, qwen3_8b=0
[SCHEDULER_HEARTBEAT] running=[] | gpu0:free=25.8GiB util=46% | remaining: gemma_3_12b_it=2842, mistral_7b_instruct_v03=123, qwen3_8b=0
[SCHEDULER_HEARTBEAT] running=[] | gpu0:free=25.7GiB util=48% | remaining: gemma_3_12b_it=2842, mistral_7b_instruct_v03=123, qwen3_8b=0
[SCHEDULER_HEARTBEAT] running=[] | gpu0:free=25.8GiB util=49% | remaining: gemma_3_12b_it=2842, mistral_7b_instruct_v03=122, qwen3_8b=0
[SCHEDULER_HEARTBEAT] running=[] | gpu0:free=25.6GiB util=49% | remaining: gemma_3_12b_it=2842, mistral_7b_instruct_v03=122, qwen3_8b=0
[SCHEDULER_HEARTBEAT] running=[] | gpu0:free=25.6GiB util=47% | remaining: gemma_3_12b_it=2842, mistral_7b_instruct_v03=122, qwen3_8b=0
[SCHEDULER_HEARTBEAT] running=[] | gpu0:free=25.5GiB util=49% | remaining: gemma_3_12b_it=2842, mistral_7b_instruct_v03=122, qwen3_8b=0
[SCHEDULER_HEARTBEAT] running=[] | gpu0:free=25.7GiB util=50% | remaining: gemma_3_12b_it=2842, mistral_7b_instruct_v03=122, qwen3_8b=0
[SCHEDULER_HEARTBEAT] running=[] | gpu0:free=25.5GiB util=47% | remaining: gemma_3_12b_it=2842, mistral_7b_instruct_v03=122, qwen3_8b=0
[SCHEDULER_HEARTBEAT] running=[] | gpu0:free=25.6GiB util=47% | remaining: gemma_3_12b_it=2842, mistral_7b_instruct_v03=122, qwen3_8b=0
[SCHEDULER_HEARTBEAT] running=[] | gpu0:free=25.6GiB util=48% | remaining: gemma_3_12b_it=2842, mistral_7b_instruct_v03=121, qwen3_8b=0
[SCHEDULER_HEARTBEAT] running=[] | gpu0:free=25.7GiB util=47% | remaining: gemma_3_12b_it=2842, mistral_7b_instruct_v03=121, qwen3_8b=0
[SCHEDULER_HEARTBEAT] running=[] | gpu0:free=25.7GiB util=48% | remaining: gemma_3_12b_it=2842, mistral_7b_instruct_v03=121, qwen3_8b=0
[SCHEDULER_HEARTBEAT] running=[] | gpu0:free=25.5GiB util=48% | remaining: gemma_3_12b_it=2842, mistral_7b_instruct_v03=121, qwen3_8b=0
[SCHEDULER_HEARTBEAT] running=[] | gpu0:free=25.6GiB util=47% | remaining: gemma_3_12b_it=2842, mistral_7b_instruct_v03=121, qwen3_8b=0
[SCHEDULER_HEARTBEAT] running=[] | gpu0:free=25.6GiB util=48% | remaining: gemma_3_12b_it=2842, mistral_7b_instruct_v03=121, qwen3_8b=0
[SCHEDULER_HEARTBEAT] running=[] | gpu0:free=25.6GiB util=50% | remaining: gemma_3_12b_it=2842, mistral_7b_instruct_v03=120, qwen3_8b=0
[SCHEDULER_HEARTBEAT] running=[] | gpu0:free=25.8GiB util=47% | remaining: gemma_3_12b_it=2842, mistral_7b_instruct_v03=120, qwen3_8b=0
[SCHEDULER_HEARTBEAT] running=[] | gpu0:free=25.7GiB util=46% | remaining: gemma_3_12b_it=2842, mistral_7b_instruct_v03=120, qwen3_8b=0
[SCHEDULER_HEARTBEAT] running=[] | gpu0:free=25.5GiB util=49% | remaining: gemma_3_12b_it=2842, mistral_7b_instruct_v03=120, qwen3_8b=0
[SCHEDULER_HEARTBEAT] running=[] | gpu0:free=25.6GiB util=50% | remaining: gemma_3_12b_it=2842, mistral_7b_instruct_v03=120, qwen3_8b=0
[SCHEDULER_HEARTBEAT] running=[] | gpu0:free=25.5GiB util=48% | remaining: gemma_3_12b_it=2842, mistral_7b_instruct_v03=120, qwen3_8b=0
[SCHEDULER_HEARTBEAT] running=[] | gpu0:free=25.6GiB util=48% | remaining: gemma_3_12b_it=2842, mistral_7b_instruct_v03=120, qwen3_8b=0
[SCHEDULER_HEARTBEAT] running=[] | gpu0:free=25.4GiB util=48% | remaining: gemma_3_12b_it=2842, mistral_7b_instruct_v03=120, qwen3_8b=0
[SCHEDULER_HEARTBEAT] running=[] | gpu0:free=25.4GiB util=50% | remaining: gemma_3_12b_it=2842, mistral_7b_instruct_v03=120, qwen3_8b=0
[SCHEDULER_HEARTBEAT] running=[] | gpu0:free=25.6GiB util=48% | remaining: gemma_3_12b_it=2842, mistral_7b_instruct_v03=120, qwen3_8b=0
[SCHEDULER_HEARTBEAT] running=[] | gpu0:free=25.5GiB util=46% | remaining: gemma_3_12b_it=2842, mistral_7b_instruct_v03=120, qwen3_8b=0
[SCHEDULER_HEARTBEAT] running=[] | gpu0:free=25.6GiB util=47% | remaining: gemma_3_12b_it=2842, mistral_7b_instruct_v03=120, qwen3_8b=0
[SCHEDULER_HEARTBEAT] running=[] | gpu0:free=25.8GiB util=47% | remaining: gemma_3_12b_it=2842, mistral_7b_instruct_v03=119, qwen3_8b=0
[SCHEDULER_HEARTBEAT] running=[] | gpu0:free=25.7GiB util=47% | remaining: gemma_3_12b_it=2842, mistral_7b_instruct_v03=119, qwen3_8b=0
[SCHEDULER_HEARTBEAT] running=[] | gpu0:free=25.7GiB util=46% | remaining: gemma_3_12b_it=2842, mistral_7b_instruct_v03=119, qwen3_8b=0
[SCHEDULER_HEARTBEAT] running=[] | gpu0:free=25.8GiB util=48% | remaining: gemma_3_12b_it=2842, mistral_7b_instruct_v03=118, qwen3_8b=0
[SCHEDULER_HEARTBEAT] running=[] | gpu0:free=25.7GiB util=47% | remaining: gemma_3_12b_it=2842, mistral_7b_instruct_v03=118, qwen3_8b=0
[SCHEDULER_HEARTBEAT] running=[] | gpu0:free=25.5GiB util=48% | remaining: gemma_3_12b_it=2842, mistral_7b_instruct_v03=118, qwen3_8b=0
[SCHEDULER_HEARTBEAT] running=[] | gpu0:free=25.7GiB util=48% | remaining: gemma_3_12b_it=2842, mistral_7b_instruct_v03=118, qwen3_8b=0
[SCHEDULER_HEARTBEAT] running=[] | gpu0:free=25.5GiB util=46% | remaining: gemma_3_12b_it=2842, mistral_7b_instruct_v03=118, qwen3_8b=0
[SCHEDULER_HEARTBEAT] running=[] | gpu0:free=25.6GiB util=48% | remaining: gemma_3_12b_it=2842, mistral_7b_instruct_v03=118, qwen3_8b=0
[SCHEDULER_HEARTBEAT] running=[] | gpu0:free=25.6GiB util=47% | remaining: gemma_3_12b_it=2842, mistral_7b_instruct_v03=118, qwen3_8b=0
[SCHEDULER_HEARTBEAT] running=[] | gpu0:free=25.8GiB util=50% | remaining: gemma_3_12b_it=2842, mistral_7b_instruct_v03=117, qwen3_8b=0
[SCHEDULER_HEARTBEAT] running=[] | gpu0:free=25.6GiB util=47% | remaining: gemma_3_12b_it=2842, mistral_7b_instruct_v03=117, qwen3_8b=0
[SCHEDULER_HEARTBEAT] running=[] | gpu0:free=25.8GiB util=48% | remaining: gemma_3_12b_it=2842, mistral_7b_instruct_v03=117, qwen3_8b=0
[SCHEDULER_HEARTBEAT] running=[] | gpu0:free=25.8GiB util=49% | remaining: gemma_3_12b_it=2842, mistral_7b_instruct_v03=117, qwen3_8b=0
[SCHEDULER_HEARTBEAT] running=[] | gpu0:free=25.7GiB util=47% | remaining: gemma_3_12b_it=2842, mistral_7b_instruct_v03=117, qwen3_8b=0
[SCHEDULER_HEARTBEAT] running=[] | gpu0:free=25.7GiB util=48% | remaining: gemma_3_12b_it=2842, mistral_7b_instruct_v03=117, qwen3_8b=0
[SCHEDULER_HEARTBEAT] running=[] | gpu0:free=25.8GiB util=48% | remaining: gemma_3_12b_it=2842, mistral_7b_instruct_v03=116, qwen3_8b=0
[SCHEDULER_HEARTBEAT] running=[] | gpu0:free=25.7GiB util=47% | remaining: gemma_3_12b_it=2842, mistral_7b_instruct_v03=116, qwen3_8b=0
[SCHEDULER_HEARTBEAT] running=[] | gpu0:free=25.7GiB util=48% | remaining: gemma_3_12b_it=2842, mistral_7b_instruct_v03=116, qwen3_8b=0
[SCHEDULER_HEARTBEAT] running=[] | gpu0:free=25.7GiB util=47% | remaining: gemma_3_12b_it=2842, mistral_7b_instruct_v03=116, qwen3_8b=0
[SCHEDULER_HEARTBEAT] running=[] | gpu0:free=25.5GiB util=50% | remaining: gemma_3_12b_it=2842, mistral_7b_instruct_v03=116, qwen3_8b=0
[SCHEDULER_HEARTBEAT] running=[] | gpu0:free=25.6GiB util=50% | remaining: gemma_3_12b_it=2842, mistral_7b_instruct_v03=116, qwen3_8b=0
[SCHEDULER_HEARTBEAT] running=[] | gpu0:free=25.6GiB util=49% | remaining: gemma_3_12b_it=2842, mistral_7b_instruct_v03=116, qwen3_8b=0
[SCHEDULER_HEARTBEAT] running=[] | gpu0:free=25.6GiB util=50% | remaining: gemma_3_12b_it=2842, mistral_7b_instruct_v03=116, qwen3_8b=0
[SCHEDULER_HEARTBEAT] running=[] | gpu0:free=25.8GiB util=48% | remaining: gemma_3_12b_it=2842, mistral_7b_instruct_v03=115, qwen3_8b=0
[SCHEDULER_HEARTBEAT] running=[] | gpu0:free=25.8GiB util=47% | remaining: gemma_3_12b_it=2842, mistral_7b_instruct_v03=115, qwen3_8b=0
[SCHEDULER_HEARTBEAT] running=[] | gpu0:free=25.6GiB util=46% | remaining: gemma_3_12b_it=2842, mistral_7b_instruct_v03=115, qwen3_8b=0
[SCHEDULER_HEARTBEAT] running=[] | gpu0:free=25.5GiB util=46% | remaining: gemma_3_12b_it=2842, mistral_7b_instruct_v03=115, qwen3_8b=0
[SCHEDULER_HEARTBEAT] running=[] | gpu0:free=25.6GiB util=48% | remaining: gemma_3_12b_it=2842, mistral_7b_instruct_v03=115, qwen3_8b=0
[SCHEDULER_HEARTBEAT] running=[] | gpu0:free=25.8GiB util=46% | remaining: gemma_3_12b_it=2842, mistral_7b_instruct_v03=114, qwen3_8b=0
[SCHEDULER_HEARTBEAT] running=[] | gpu0:free=25.6GiB util=46% | remaining: gemma_3_12b_it=2842, mistral_7b_instruct_v03=114, qwen3_8b=0
[SCHEDULER_HEARTBEAT] running=[] | gpu0:free=25.7GiB util=48% | remaining: gemma_3_12b_it=2842, mistral_7b_instruct_v03=114, qwen3_8b=0
[SCHEDULER_HEARTBEAT] running=[] | gpu0:free=25.5GiB util=49% | remaining: gemma_3_12b_it=2842, mistral_7b_instruct_v03=114, qwen3_8b=0
[SCHEDULER_HEARTBEAT] running=[] | gpu0:free=25.6GiB util=45% | remaining: gemma_3_12b_it=2842, mistral_7b_instruct_v03=114, qwen3_8b=0
[SCHEDULER_HEARTBEAT] running=[] | gpu0:free=25.9GiB util=46% | remaining: gemma_3_12b_it=2842, mistral_7b_instruct_v03=113, qwen3_8b=0
[SCHEDULER_HEARTBEAT] running=[] | gpu0:free=25.7GiB util=46% | remaining: gemma_3_12b_it=2842, mistral_7b_instruct_v03=113, qwen3_8b=0
[SCHEDULER_HEARTBEAT] running=[] | gpu0:free=25.7GiB util=46% | remaining: gemma_3_12b_it=2842, mistral_7b_instruct_v03=113, qwen3_8b=0
[SCHEDULER_HEARTBEAT] running=[] | gpu0:free=25.5GiB util=46% | remaining: gemma_3_12b_it=2842, mistral_7b_instruct_v03=113, qwen3_8b=0
[SCHEDULER_HEARTBEAT] running=[] | gpu0:free=25.6GiB util=47% | remaining: gemma_3_12b_it=2842, mistral_7b_instruct_v03=113, qwen3_8b=0
[SCHEDULER_HEARTBEAT] running=[] | gpu0:free=25.5GiB util=48% | remaining: gemma_3_12b_it=2842, mistral_7b_instruct_v03=113, qwen3_8b=0
[SCHEDULER_HEARTBEAT] running=[] | gpu0:free=25.7GiB util=49% | remaining: gemma_3_12b_it=2842, mistral_7b_instruct_v03=113, qwen3_8b=0
[SCHEDULER_HEARTBEAT] running=[] | gpu0:free=25.4GiB util=46% | remaining: gemma_3_12b_it=2842, mistral_7b_instruct_v03=113, qwen3_8b=0
[SCHEDULER_HEARTBEAT] running=[] | gpu0:free=25.4GiB util=46% | remaining: gemma_3_12b_it=2842, mistral_7b_instruct_v03=113, qwen3_8b=0
[SCHEDULER_HEARTBEAT] running=[] | gpu0:free=25.3GiB util=45% | remaining: gemma_3_12b_it=2842, mistral_7b_instruct_v03=113, qwen3_8b=0
[SCHEDULER_HEARTBEAT] running=[] | gpu0:free=25.3GiB util=45% | remaining: gemma_3_12b_it=2842, mistral_7b_instruct_v03=113, qwen3_8b=0
[SCHEDULER_HEARTBEAT] running=[] | gpu0:free=25.7GiB util=50% | remaining: gemma_3_12b_it=2842, mistral_7b_instruct_v03=112, qwen3_8b=0
[SCHEDULER_HEARTBEAT] running=[] | gpu0:free=25.8GiB util=48% | remaining: gemma_3_12b_it=2842, mistral_7b_instruct_v03=112, qwen3_8b=0
[SCHEDULER_HEARTBEAT] running=[] | gpu0:free=25.7GiB util=49% | remaining: gemma_3_12b_it=2842, mistral_7b_instruct_v03=112, qwen3_8b=0
[SCHEDULER_HEARTBEAT] running=[] | gpu0:free=25.8GiB util=46% | remaining: gemma_3_12b_it=2842, mistral_7b_instruct_v03=112, qwen3_8b=0
[SCHEDULER_HEARTBEAT] running=[] | gpu0:free=25.5GiB util=47% | remaining: gemma_3_12b_it=2842, mistral_7b_instruct_v03=112, qwen3_8b=0
[SCHEDULER_HEARTBEAT] running=[] | gpu0:free=25.5GiB util=50% | remaining: gemma_3_12b_it=2842, mistral_7b_instruct_v03=112, qwen3_8b=0
[SCHEDULER_HEARTBEAT] running=[] | gpu0:free=25.6GiB util=46% | remaining: gemma_3_12b_it=2842, mistral_7b_instruct_v03=112, qwen3_8b=0
[SCHEDULER_HEARTBEAT] running=[] | gpu0:free=25.5GiB util=48% | remaining: gemma_3_12b_it=2842, mistral_7b_instruct_v03=112, qwen3_8b=0
[SCHEDULER_HEARTBEAT] running=[] | gpu0:free=25.5GiB util=47% | remaining: gemma_3_12b_it=2842, mistral_7b_instruct_v03=112, qwen3_8b=0
[SCHEDULER_HEARTBEAT] running=[] | gpu0:free=25.5GiB util=49% | remaining: gemma_3_12b_it=2842, mistral_7b_instruct_v03=112, qwen3_8b=0
[SCHEDULER_HEARTBEAT] running=[] | gpu0:free=25.5GiB util=48% | remaining: gemma_3_12b_it=2842, mistral_7b_instruct_v03=112, qwen3_8b=0
[SCHEDULER_HEARTBEAT] running=[] | gpu0:free=25.3GiB util=42% | remaining: gemma_3_12b_it=2842, mistral_7b_instruct_v03=112, qwen3_8b=0
[SCHEDULER_HEARTBEAT] running=[] | gpu0:free=25.8GiB util=48% | remaining: gemma_3_12b_it=2842, mistral_7b_instruct_v03=111, qwen3_8b=0
[SCHEDULER_HEARTBEAT] running=[] | gpu0:free=25.7GiB util=47% | remaining: gemma_3_12b_it=2842, mistral_7b_instruct_v03=111, qwen3_8b=0
[SCHEDULER_HEARTBEAT] running=[] | gpu0:free=25.7GiB util=51% | remaining: gemma_3_12b_it=2842, mistral_7b_instruct_v03=111, qwen3_8b=0
[SCHEDULER_HEARTBEAT] running=[] | gpu0:free=25.7GiB util=49% | remaining: gemma_3_12b_it=2842, mistral_7b_instruct_v03=111, qwen3_8b=0
[SCHEDULER_HEARTBEAT] running=[] | gpu0:free=25.6GiB util=47% | remaining: gemma_3_12b_it=2842, mistral_7b_instruct_v03=111, qwen3_8b=0
[SCHEDULER_HEARTBEAT] running=[] | gpu0:free=25.6GiB util=48% | remaining: gemma_3_12b_it=2842, mistral_7b_instruct_v03=111, qwen3_8b=0
[SCHEDULER_HEARTBEAT] running=[] | gpu0:free=25.5GiB util=49% | remaining: gemma_3_12b_it=2842, mistral_7b_instruct_v03=111, qwen3_8b=0
[SCHEDULER_HEARTBEAT] running=[] | gpu0:free=25.4GiB util=47% | remaining: gemma_3_12b_it=2842, mistral_7b_instruct_v03=111, qwen3_8b=0
[SCHEDULER_HEARTBEAT] running=[] | gpu0:free=25.8GiB util=49% | remaining: gemma_3_12b_it=2842, mistral_7b_instruct_v03=110, qwen3_8b=0
[SCHEDULER_HEARTBEAT] running=[] | gpu0:free=25.7GiB util=47% | remaining: gemma_3_12b_it=2842, mistral_7b_instruct_v03=110, qwen3_8b=0
[SCHEDULER_HEARTBEAT] running=[] | gpu0:free=25.5GiB util=47% | remaining: gemma_3_12b_it=2842, mistral_7b_instruct_v03=110, qwen3_8b=0
[SCHEDULER_HEARTBEAT] running=[] | gpu0:free=25.7GiB util=47% | remaining: gemma_3_12b_it=2842, mistral_7b_instruct_v03=110, qwen3_8b=0
[SCHEDULER_HEARTBEAT] running=[] | gpu0:free=25.7GiB util=48% | remaining: gemma_3_12b_it=2842, mistral_7b_instruct_v03=109, qwen3_8b=0
[SCHEDULER_HEARTBEAT] running=[] | gpu0:free=25.8GiB util=47% | remaining: gemma_3_12b_it=2842, mistral_7b_instruct_v03=109, qwen3_8b=0
[SCHEDULER_HEARTBEAT] running=[] | gpu0:free=25.5GiB util=49% | remaining: gemma_3_12b_it=2842, mistral_7b_instruct_v03=109, qwen3_8b=0
[SCHEDULER_HEARTBEAT] running=[] | gpu0:free=25.5GiB util=47% | remaining: gemma_3_12b_it=2842, mistral_7b_instruct_v03=109, qwen3_8b=0
[SCHEDULER_HEARTBEAT] running=[] | gpu0:free=25.5GiB util=47% | remaining: gemma_3_12b_it=2842, mistral_7b_instruct_v03=109, qwen3_8b=0
[SCHEDULER_HEARTBEAT] running=[] | gpu0:free=25.4GiB util=48% | remaining: gemma_3_12b_it=2842, mistral_7b_instruct_v03=109, qwen3_8b=0
[SCHEDULER_HEARTBEAT] running=[] | gpu0:free=25.6GiB util=48% | remaining: gemma_3_12b_it=2842, mistral_7b_instruct_v03=109, qwen3_8b=0
[SCHEDULER_HEARTBEAT] running=[] | gpu0:free=25.4GiB util=49% | remaining: gemma_3_12b_it=2842, mistral_7b_instruct_v03=109, qwen3_8b=0
[SCHEDULER_HEARTBEAT] running=[] | gpu0:free=25.3GiB util=48% | remaining: gemma_3_12b_it=2842, mistral_7b_instruct_v03=109, qwen3_8b=0
[SCHEDULER_HEARTBEAT] running=[] | gpu0:free=25.3GiB util=48% | remaining: gemma_3_12b_it=2842, mistral_7b_instruct_v03=109, qwen3_8b=0
[SCHEDULER_HEARTBEAT] running=[] | gpu0:free=25.5GiB util=46% | remaining: gemma_3_12b_it=2842, mistral_7b_instruct_v03=109, qwen3_8b=0
[SCHEDULER_HEARTBEAT] running=[] | gpu0:free=25.8GiB util=48% | remaining: gemma_3_12b_it=2842, mistral_7b_instruct_v03=108, qwen3_8b=0
[SCHEDULER_HEARTBEAT] running=[] | gpu0:free=25.7GiB util=50% | remaining: gemma_3_12b_it=2842, mistral_7b_instruct_v03=108, qwen3_8b=0
[SCHEDULER_HEARTBEAT] running=[] | gpu0:free=25.7GiB util=46% | remaining: gemma_3_12b_it=2842, mistral_7b_instruct_v03=108, qwen3_8b=0
[SCHEDULER_HEARTBEAT] running=[] | gpu0:free=25.7GiB util=47% | remaining: gemma_3_12b_it=2842, mistral_7b_instruct_v03=108, qwen3_8b=0
[SCHEDULER_HEARTBEAT] running=[] | gpu0:free=25.7GiB util=51% | remaining: gemma_3_12b_it=2842, mistral_7b_instruct_v03=107, qwen3_8b=0
[SCHEDULER_HEARTBEAT] running=[] | gpu0:free=25.5GiB util=48% | remaining: gemma_3_12b_it=2842, mistral_7b_instruct_v03=107, qwen3_8b=0
[SCHEDULER_HEARTBEAT] running=[] | gpu0:free=25.6GiB util=45% | remaining: gemma_3_12b_it=2842, mistral_7b_instruct_v03=106, qwen3_8b=0
[SCHEDULER_HEARTBEAT] running=[] | gpu0:free=25.6GiB util=50% | remaining: gemma_3_12b_it=2842, mistral_7b_instruct_v03=106, qwen3_8b=0
[SCHEDULER_HEARTBEAT] running=[] | gpu0:free=25.8GiB util=49% | remaining: gemma_3_12b_it=2842, mistral_7b_instruct_v03=106, qwen3_8b=0
[SCHEDULER_HEARTBEAT] running=[] | gpu0:free=25.7GiB util=47% | remaining: gemma_3_12b_it=2842, mistral_7b_instruct_v03=106, qwen3_8b=0
[SCHEDULER_HEARTBEAT] running=[] | gpu0:free=25.6GiB util=47% | remaining: gemma_3_12b_it=2842, mistral_7b_instruct_v03=106, qwen3_8b=0
[SCHEDULER_HEARTBEAT] running=[] | gpu0:free=25.6GiB util=46% | remaining: gemma_3_12b_it=2842, mistral_7b_instruct_v03=106, qwen3_8b=0
[SCHEDULER_HEARTBEAT] running=[] | gpu0:free=25.4GiB util=46% | remaining: gemma_3_12b_it=2842, mistral_7b_instruct_v03=106, qwen3_8b=0
[SCHEDULER_HEARTBEAT] running=[] | gpu0:free=25.6GiB util=48% | remaining: gemma_3_12b_it=2842, mistral_7b_instruct_v03=105, qwen3_8b=0
[SCHEDULER_HEARTBEAT] running=[] | gpu0:free=25.7GiB util=46% | remaining: gemma_3_12b_it=2842, mistral_7b_instruct_v03=104, qwen3_8b=0
[SCHEDULER_HEARTBEAT] running=[] | gpu0:free=25.7GiB util=48% | remaining: gemma_3_12b_it=2842, mistral_7b_instruct_v03=104, qwen3_8b=0
[SCHEDULER_HEARTBEAT] running=[] | gpu0:free=25.5GiB util=48% | remaining: gemma_3_12b_it=2842, mistral_7b_instruct_v03=104, qwen3_8b=0
[SCHEDULER_HEARTBEAT] running=[] | gpu0:free=25.5GiB util=46% | remaining: gemma_3_12b_it=2842, mistral_7b_instruct_v03=104, qwen3_8b=0
[SCHEDULER_HEARTBEAT] running=[] | gpu0:free=25.6GiB util=49% | remaining: gemma_3_12b_it=2842, mistral_7b_instruct_v03=104, qwen3_8b=0
[SCHEDULER_HEARTBEAT] running=[] | gpu0:free=25.6GiB util=48% | remaining: gemma_3_12b_it=2842, mistral_7b_instruct_v03=104, qwen3_8b=0
[SCHEDULER_HEARTBEAT] running=[] | gpu0:free=25.6GiB util=47% | remaining: gemma_3_12b_it=2842, mistral_7b_instruct_v03=104, qwen3_8b=0
[SCHEDULER_HEARTBEAT] running=[] | gpu0:free=25.8GiB util=49% | remaining: gemma_3_12b_it=2842, mistral_7b_instruct_v03=103, qwen3_8b=0
[SCHEDULER_HEARTBEAT] running=[] | gpu0:free=25.7GiB util=46% | remaining: gemma_3_12b_it=2842, mistral_7b_instruct_v03=103, qwen3_8b=0
[SCHEDULER_HEARTBEAT] running=[] | gpu0:free=25.5GiB util=48% | remaining: gemma_3_12b_it=2842, mistral_7b_instruct_v03=103, qwen3_8b=0
[SCHEDULER_HEARTBEAT] running=[] | gpu0:free=25.7GiB util=47% | remaining: gemma_3_12b_it=2842, mistral_7b_instruct_v03=103, qwen3_8b=0
[SCHEDULER_HEARTBEAT] running=[] | gpu0:free=25.5GiB util=49% | remaining: gemma_3_12b_it=2842, mistral_7b_instruct_v03=103, qwen3_8b=0
[SCHEDULER_HEARTBEAT] running=[] | gpu0:free=25.4GiB util=49% | remaining: gemma_3_12b_it=2842, mistral_7b_instruct_v03=103, qwen3_8b=0
[SCHEDULER_HEARTBEAT] running=[] | gpu0:free=25.6GiB util=47% | remaining: gemma_3_12b_it=2842, mistral_7b_instruct_v03=103, qwen3_8b=0
[SCHEDULER_HEARTBEAT] running=[] | gpu0:free=25.4GiB util=46% | remaining: gemma_3_12b_it=2842, mistral_7b_instruct_v03=103, qwen3_8b=0
[SCHEDULER_HEARTBEAT] running=[] | gpu0:free=25.5GiB util=47% | remaining: gemma_3_12b_it=2842, mistral_7b_instruct_v03=103, qwen3_8b=0
[SCHEDULER_HEARTBEAT] running=[] | gpu0:free=25.3GiB util=47% | remaining: gemma_3_12b_it=2842, mistral_7b_instruct_v03=103, qwen3_8b=0
[SCHEDULER_HEARTBEAT] running=[] | gpu0:free=25.8GiB util=49% | remaining: gemma_3_12b_it=2842, mistral_7b_instruct_v03=102, qwen3_8b=0
[SCHEDULER_HEARTBEAT] running=[] | gpu0:free=25.6GiB util=42% | remaining: gemma_3_12b_it=2842, mistral_7b_instruct_v03=102, qwen3_8b=0
[SCHEDULER_HEARTBEAT] running=[] | gpu0:free=25.6GiB util=47% | remaining: gemma_3_12b_it=2842, mistral_7b_instruct_v03=102, qwen3_8b=0
[SCHEDULER_HEARTBEAT] running=[] | gpu0:free=25.7GiB util=47% | remaining: gemma_3_12b_it=2842, mistral_7b_instruct_v03=101, qwen3_8b=0
[SCHEDULER_HEARTBEAT] running=[] | gpu0:free=25.8GiB util=49% | remaining: gemma_3_12b_it=2842, mistral_7b_instruct_v03=101, qwen3_8b=0
[SCHEDULER_HEARTBEAT] running=[] | gpu0:free=25.5GiB util=49% | remaining: gemma_3_12b_it=2842, mistral_7b_instruct_v03=101, qwen3_8b=0
[SCHEDULER_HEARTBEAT] running=[] | gpu0:free=25.5GiB util=47% | remaining: gemma_3_12b_it=2842, mistral_7b_instruct_v03=101, qwen3_8b=0
[SCHEDULER_HEARTBEAT] running=[] | gpu0:free=25.7GiB util=48% | remaining: gemma_3_12b_it=2842, mistral_7b_instruct_v03=101, qwen3_8b=0
[SCHEDULER_HEARTBEAT] running=[] | gpu0:free=25.6GiB util=48% | remaining: gemma_3_12b_it=2842, mistral_7b_instruct_v03=101, qwen3_8b=0
[SCHEDULER_HEARTBEAT] running=[] | gpu0:free=25.6GiB util=50% | remaining: gemma_3_12b_it=2842, mistral_7b_instruct_v03=101, qwen3_8b=0
[SCHEDULER_HEARTBEAT] running=[] | gpu0:free=25.5GiB util=50% | remaining: gemma_3_12b_it=2842, mistral_7b_instruct_v03=101, qwen3_8b=0
[SCHEDULER_HEARTBEAT] running=[] | gpu0:free=25.5GiB util=45% | remaining: gemma_3_12b_it=2842, mistral_7b_instruct_v03=100, qwen3_8b=0
[SCHEDULER_HEARTBEAT] running=[] | gpu0:free=25.5GiB util=47% | remaining: gemma_3_12b_it=2842, mistral_7b_instruct_v03=100, qwen3_8b=0
[SCHEDULER_HEARTBEAT] running=[] | gpu0:free=25.6GiB util=46% | remaining: gemma_3_12b_it=2842, mistral_7b_instruct_v03=100, qwen3_8b=0
[SCHEDULER_HEARTBEAT] running=[] | gpu0:free=25.6GiB util=47% | remaining: gemma_3_12b_it=2842, mistral_7b_instruct_v03=100, qwen3_8b=0
[SCHEDULER_HEARTBEAT] running=[] | gpu0:free=25.6GiB util=49% | remaining: gemma_3_12b_it=2842, mistral_7b_instruct_v03=100, qwen3_8b=0
[SCHEDULER_HEARTBEAT] running=[] | gpu0:free=25.5GiB util=47% | remaining: gemma_3_12b_it=2842, mistral_7b_instruct_v03=100, qwen3_8b=0
[SCHEDULER_HEARTBEAT] running=[] | gpu0:free=25.6GiB util=45% | remaining: gemma_3_12b_it=2842, mistral_7b_instruct_v03=100, qwen3_8b=0
[SCHEDULER_HEARTBEAT] running=[] | gpu0:free=25.3GiB util=47% | remaining: gemma_3_12b_it=2842, mistral_7b_instruct_v03=100, qwen3_8b=0
[SCHEDULER_HEARTBEAT] running=[] | gpu0:free=25.6GiB util=46% | remaining: gemma_3_12b_it=2842, mistral_7b_instruct_v03=100, qwen3_8b=0
[SCHEDULER_HEARTBEAT] running=[] | gpu0:free=25.5GiB util=47% | remaining: gemma_3_12b_it=2842, mistral_7b_instruct_v03=100, qwen3_8b=0
[SCHEDULER_HEARTBEAT] running=[] | gpu0:free=25.8GiB util=48% | remaining: gemma_3_12b_it=2842, mistral_7b_instruct_v03=99, qwen3_8b=0
[SCHEDULER_HEARTBEAT] running=[] | gpu0:free=25.5GiB util=48% | remaining: gemma_3_12b_it=2842, mistral_7b_instruct_v03=99, qwen3_8b=0
[SCHEDULER_HEARTBEAT] running=[] | gpu0:free=25.7GiB util=50% | remaining: gemma_3_12b_it=2842, mistral_7b_instruct_v03=99, qwen3_8b=0
[SCHEDULER_HEARTBEAT] running=[] | gpu0:free=25.6GiB util=48% | remaining: gemma_3_12b_it=2842, mistral_7b_instruct_v03=99, qwen3_8b=0
[SCHEDULER_HEARTBEAT] running=[] | gpu0:free=25.6GiB util=47% | remaining: gemma_3_12b_it=2842, mistral_7b_instruct_v03=99, qwen3_8b=0
[SCHEDULER_HEARTBEAT] running=[] | gpu0:free=25.4GiB util=48% | remaining: gemma_3_12b_it=2842, mistral_7b_instruct_v03=99, qwen3_8b=0
[SCHEDULER_HEARTBEAT] running=[] | gpu0:free=25.5GiB util=47% | remaining: gemma_3_12b_it=2842, mistral_7b_instruct_v03=99, qwen3_8b=0
[SCHEDULER_HEARTBEAT] running=[] | gpu0:free=25.3GiB util=50% | remaining: gemma_3_12b_it=2842, mistral_7b_instruct_v03=99, qwen3_8b=0
[SCHEDULER_HEARTBEAT] running=[] | gpu0:free=25.6GiB util=49% | remaining: gemma_3_12b_it=2842, mistral_7b_instruct_v03=99, qwen3_8b=0
[SCHEDULER_HEARTBEAT] running=[] | gpu0:free=25.3GiB util=52% | remaining: gemma_3_12b_it=2842, mistral_7b_instruct_v03=99, qwen3_8b=0
[SCHEDULER_HEARTBEAT] running=[] | gpu0:free=25.5GiB util=49% | remaining: gemma_3_12b_it=2842, mistral_7b_instruct_v03=99, qwen3_8b=0
[SCHEDULER_HEARTBEAT] running=[] | gpu0:free=25.7GiB util=51% | remaining: gemma_3_12b_it=2842, mistral_7b_instruct_v03=98, qwen3_8b=0
[SCHEDULER_HEARTBEAT] running=[] | gpu0:free=25.7GiB util=49% | remaining: gemma_3_12b_it=2842, mistral_7b_instruct_v03=98, qwen3_8b=0
[SCHEDULER_HEARTBEAT] running=[] | gpu0:free=25.6GiB util=51% | remaining: gemma_3_12b_it=2842, mistral_7b_instruct_v03=98, qwen3_8b=0
[SCHEDULER_HEARTBEAT] running=[] | gpu0:free=25.6GiB util=49% | remaining: gemma_3_12b_it=2842, mistral_7b_instruct_v03=98, qwen3_8b=0
[SCHEDULER_HEARTBEAT] running=[] | gpu0:free=25.6GiB util=48% | remaining: gemma_3_12b_it=2842, mistral_7b_instruct_v03=98, qwen3_8b=0
[SCHEDULER_HEARTBEAT] running=[] | gpu0:free=25.5GiB util=49% | remaining: gemma_3_12b_it=2842, mistral_7b_instruct_v03=98, qwen3_8b=0
[SCHEDULER_HEARTBEAT] running=[] | gpu0:free=25.7GiB util=49% | remaining: gemma_3_12b_it=2842, mistral_7b_instruct_v03=97, qwen3_8b=0
[SCHEDULER_HEARTBEAT] running=[] | gpu0:free=25.5GiB util=37% | remaining: gemma_3_12b_it=2842, mistral_7b_instruct_v03=97, qwen3_8b=0
[SCHEDULER_HEARTBEAT] running=[] | gpu0:free=25.6GiB util=46% | remaining: gemma_3_12b_it=2842, mistral_7b_instruct_v03=97, qwen3_8b=0
[SCHEDULER_HEARTBEAT] running=[] | gpu0:free=25.5GiB util=48% | remaining: gemma_3_12b_it=2842, mistral_7b_instruct_v03=97, qwen3_8b=0
[SCHEDULER_HEARTBEAT] running=[] | gpu0:free=25.6GiB util=49% | remaining: gemma_3_12b_it=2842, mistral_7b_instruct_v03=97, qwen3_8b=0
[SCHEDULER_HEARTBEAT] running=[] | gpu0:free=25.7GiB util=51% | remaining: gemma_3_12b_it=2842, mistral_7b_instruct_v03=97, qwen3_8b=0
[SCHEDULER_HEARTBEAT] running=[] | gpu0:free=25.4GiB util=47% | remaining: gemma_3_12b_it=2842, mistral_7b_instruct_v03=97, qwen3_8b=0
[SCHEDULER_HEARTBEAT] running=[] | gpu0:free=25.3GiB util=50% | remaining: gemma_3_12b_it=2842, mistral_7b_instruct_v03=97, qwen3_8b=0
[SCHEDULER_HEARTBEAT] running=[] | gpu0:free=25.6GiB util=48% | remaining: gemma_3_12b_it=2842, mistral_7b_instruct_v03=96, qwen3_8b=0
[SCHEDULER_HEARTBEAT] running=[] | gpu0:free=25.5GiB util=48% | remaining: gemma_3_12b_it=2842, mistral_7b_instruct_v03=96, qwen3_8b=0
[SCHEDULER_HEARTBEAT] running=[] | gpu0:free=25.7GiB util=48% | remaining: gemma_3_12b_it=2842, mistral_7b_instruct_v03=95, qwen3_8b=0
[SCHEDULER_HEARTBEAT] running=[] | gpu0:free=25.6GiB util=50% | remaining: gemma_3_12b_it=2842, mistral_7b_instruct_v03=95, qwen3_8b=0
[SCHEDULER_HEARTBEAT] running=[] | gpu0:free=25.5GiB util=51% | remaining: gemma_3_12b_it=2842, mistral_7b_instruct_v03=95, qwen3_8b=0
[SCHEDULER_HEARTBEAT] running=[] | gpu0:free=25.4GiB util=49% | remaining: gemma_3_12b_it=2842, mistral_7b_instruct_v03=95, qwen3_8b=0
[SCHEDULER_HEARTBEAT] running=[] | gpu0:free=25.5GiB util=49% | remaining: gemma_3_12b_it=2842, mistral_7b_instruct_v03=95, qwen3_8b=0
[SCHEDULER_HEARTBEAT] running=[] | gpu0:free=25.3GiB util=50% | remaining: gemma_3_12b_it=2842, mistral_7b_instruct_v03=95, qwen3_8b=0
[SCHEDULER_HEARTBEAT] running=[] | gpu0:free=25.4GiB util=48% | remaining: gemma_3_12b_it=2842, mistral_7b_instruct_v03=95, qwen3_8b=0
[SCHEDULER_HEARTBEAT] running=[] | gpu0:free=25.4GiB util=47% | remaining: gemma_3_12b_it=2842, mistral_7b_instruct_v03=95, qwen3_8b=0
[SCHEDULER_HEARTBEAT] running=[] | gpu0:free=25.4GiB util=50% | remaining: gemma_3_12b_it=2842, mistral_7b_instruct_v03=95, qwen3_8b=0
[SCHEDULER_HEARTBEAT] running=[] | gpu0:free=25.3GiB util=47% | remaining: gemma_3_12b_it=2842, mistral_7b_instruct_v03=95, qwen3_8b=0
[SCHEDULER_HEARTBEAT] running=[] | gpu0:free=25.5GiB util=52% | remaining: gemma_3_12b_it=2842, mistral_7b_instruct_v03=95, qwen3_8b=0
[SCHEDULER_HEARTBEAT] running=[] | gpu0:free=25.7GiB util=49% | remaining: gemma_3_12b_it=2842, mistral_7b_instruct_v03=94, qwen3_8b=0
[SCHEDULER_HEARTBEAT] running=[] | gpu0:free=25.7GiB util=47% | remaining: gemma_3_12b_it=2842, mistral_7b_instruct_v03=94, qwen3_8b=0
[SCHEDULER_HEARTBEAT] running=[] | gpu0:free=25.5GiB util=48% | remaining: gemma_3_12b_it=2842, mistral_7b_instruct_v03=92, qwen3_8b=0
[SCHEDULER_HEARTBEAT] running=[] | gpu0:free=25.5GiB util=50% | remaining: gemma_3_12b_it=2842, mistral_7b_instruct_v03=92, qwen3_8b=0
[SCHEDULER_HEARTBEAT] running=[] | gpu0:free=25.6GiB util=49% | remaining: gemma_3_12b_it=2842, mistral_7b_instruct_v03=92, qwen3_8b=0
[SCHEDULER_HEARTBEAT] running=[] | gpu0:free=25.6GiB util=48% | remaining: gemma_3_12b_it=2842, mistral_7b_instruct_v03=92, qwen3_8b=0
[SCHEDULER_HEARTBEAT] running=[] | gpu0:free=25.4GiB util=47% | remaining: gemma_3_12b_it=2842, mistral_7b_instruct_v03=92, qwen3_8b=0
[SCHEDULER_HEARTBEAT] running=[] | gpu0:free=25.5GiB util=48% | remaining: gemma_3_12b_it=2842, mistral_7b_instruct_v03=92, qwen3_8b=0
[SCHEDULER_HEARTBEAT] running=[] | gpu0:free=25.3GiB util=48% | remaining: gemma_3_12b_it=2842, mistral_7b_instruct_v03=92, qwen3_8b=0
[SCHEDULER_HEARTBEAT] running=[] | gpu0:free=25.7GiB util=47% | remaining: gemma_3_12b_it=2842, mistral_7b_instruct_v03=91, qwen3_8b=0
[SCHEDULER_HEARTBEAT] running=[] | gpu0:free=25.7GiB util=48% | remaining: gemma_3_12b_it=2842, mistral_7b_instruct_v03=91, qwen3_8b=0
[SCHEDULER_HEARTBEAT] running=[] | gpu0:free=25.7GiB util=48% | remaining: gemma_3_12b_it=2842, mistral_7b_instruct_v03=91, qwen3_8b=0
[SCHEDULER_HEARTBEAT] running=[] | gpu0:free=25.6GiB util=47% | remaining: gemma_3_12b_it=2842, mistral_7b_instruct_v03=91, qwen3_8b=0
[SCHEDULER_HEARTBEAT] running=[] | gpu0:free=25.7GiB util=49% | remaining: gemma_3_12b_it=2842, mistral_7b_instruct_v03=90, qwen3_8b=0
[SCHEDULER_HEARTBEAT] running=[] | gpu0:free=25.8GiB util=49% | remaining: gemma_3_12b_it=2842, mistral_7b_instruct_v03=90, qwen3_8b=0
[SCHEDULER_HEARTBEAT] running=[] | gpu0:free=25.5GiB util=48% | remaining: gemma_3_12b_it=2842, mistral_7b_instruct_v03=90, qwen3_8b=0
[SCHEDULER_HEARTBEAT] running=[] | gpu0:free=25.6GiB util=48% | remaining: gemma_3_12b_it=2842, mistral_7b_instruct_v03=90, qwen3_8b=0
[SCHEDULER_HEARTBEAT] running=[] | gpu0:free=25.5GiB util=49% | remaining: gemma_3_12b_it=2842, mistral_7b_instruct_v03=90, qwen3_8b=0
[SCHEDULER_HEARTBEAT] running=[] | gpu0:free=25.6GiB util=47% | remaining: gemma_3_12b_it=2842, mistral_7b_instruct_v03=89, qwen3_8b=0
[SCHEDULER_HEARTBEAT] running=[] | gpu0:free=25.8GiB util=50% | remaining: gemma_3_12b_it=2842, mistral_7b_instruct_v03=89, qwen3_8b=0
[SCHEDULER_HEARTBEAT] running=[] | gpu0:free=25.5GiB util=48% | remaining: gemma_3_12b_it=2842, mistral_7b_instruct_v03=89, qwen3_8b=0
[SCHEDULER_HEARTBEAT] running=[] | gpu0:free=25.7GiB util=48% | remaining: gemma_3_12b_it=2842, mistral_7b_instruct_v03=89, qwen3_8b=0
[SCHEDULER_HEARTBEAT] running=[] | gpu0:free=25.8GiB util=48% | remaining: gemma_3_12b_it=2842, mistral_7b_instruct_v03=88, qwen3_8b=0
[SCHEDULER_HEARTBEAT] running=[] | gpu0:free=25.6GiB util=49% | remaining: gemma_3_12b_it=2842, mistral_7b_instruct_v03=88, qwen3_8b=0
[SCHEDULER_HEARTBEAT] running=[] | gpu0:free=25.7GiB util=48% | remaining: gemma_3_12b_it=2842, mistral_7b_instruct_v03=88, qwen3_8b=0
[SCHEDULER_HEARTBEAT] running=[] | gpu0:free=25.6GiB util=48% | remaining: gemma_3_12b_it=2842, mistral_7b_instruct_v03=88, qwen3_8b=0
[SCHEDULER_HEARTBEAT] running=[] | gpu0:free=25.4GiB util=48% | remaining: gemma_3_12b_it=2842, mistral_7b_instruct_v03=88, qwen3_8b=0
[SCHEDULER_HEARTBEAT] running=[] | gpu0:free=25.5GiB util=50% | remaining: gemma_3_12b_it=2842, mistral_7b_instruct_v03=88, qwen3_8b=0
[SCHEDULER_HEARTBEAT] running=[] | gpu0:free=25.5GiB util=49% | remaining: gemma_3_12b_it=2842, mistral_7b_instruct_v03=88, qwen3_8b=0
[SCHEDULER_HEARTBEAT] running=[] | gpu0:free=25.5GiB util=51% | remaining: gemma_3_12b_it=2842, mistral_7b_instruct_v03=88, qwen3_8b=0
[SCHEDULER_HEARTBEAT] running=[] | gpu0:free=25.4GiB util=47% | remaining: gemma_3_12b_it=2842, mistral_7b_instruct_v03=88, qwen3_8b=0
[SCHEDULER_HEARTBEAT] running=[] | gpu0:free=25.5GiB util=47% | remaining: gemma_3_12b_it=2842, mistral_7b_instruct_v03=87, qwen3_8b=0
[SCHEDULER_HEARTBEAT] running=[] | gpu0:free=25.7GiB util=49% | remaining: gemma_3_12b_it=2842, mistral_7b_instruct_v03=87, qwen3_8b=0
[SCHEDULER_HEARTBEAT] running=[] | gpu0:free=25.5GiB util=47% | remaining: gemma_3_12b_it=2842, mistral_7b_instruct_v03=86, qwen3_8b=0
[SCHEDULER_HEARTBEAT] running=[] | gpu0:free=25.5GiB util=50% | remaining: gemma_3_12b_it=2842, mistral_7b_instruct_v03=86, qwen3_8b=0
[SCHEDULER_HEARTBEAT] running=[] | gpu0:free=25.5GiB util=50% | remaining: gemma_3_12b_it=2842, mistral_7b_instruct_v03=86, qwen3_8b=0
[SCHEDULER_HEARTBEAT] running=[] | gpu0:free=25.6GiB util=49% | remaining: gemma_3_12b_it=2842, mistral_7b_instruct_v03=86, qwen3_8b=0
[SCHEDULER_HEARTBEAT] running=[] | gpu0:free=25.5GiB util=49% | remaining: gemma_3_12b_it=2842, mistral_7b_instruct_v03=86, qwen3_8b=0
[SCHEDULER_HEARTBEAT] running=[] | gpu0:free=25.4GiB util=50% | remaining: gemma_3_12b_it=2842, mistral_7b_instruct_v03=86, qwen3_8b=0
[SCHEDULER_HEARTBEAT] running=[] | gpu0:free=25.4GiB util=51% | remaining: gemma_3_12b_it=2842, mistral_7b_instruct_v03=86, qwen3_8b=0
[SCHEDULER_HEARTBEAT] running=[] | gpu0:free=25.5GiB util=49% | remaining: gemma_3_12b_it=2842, mistral_7b_instruct_v03=85, qwen3_8b=0
[SCHEDULER_HEARTBEAT] running=[] | gpu0:free=25.6GiB util=49% | remaining: gemma_3_12b_it=2842, mistral_7b_instruct_v03=85, qwen3_8b=0
[SCHEDULER_HEARTBEAT] running=[] | gpu0:free=25.6GiB util=49% | remaining: gemma_3_12b_it=2842, mistral_7b_instruct_v03=85, qwen3_8b=0
[SCHEDULER_HEARTBEAT] running=[] | gpu0:free=25.5GiB util=48% | remaining: gemma_3_12b_it=2842, mistral_7b_instruct_v03=84, qwen3_8b=0
[SCHEDULER_HEARTBEAT] running=[] | gpu0:free=25.5GiB util=49% | remaining: gemma_3_12b_it=2842, mistral_7b_instruct_v03=84, qwen3_8b=0
[SCHEDULER_HEARTBEAT] running=[] | gpu0:free=25.4GiB util=49% | remaining: gemma_3_12b_it=2842, mistral_7b_instruct_v03=84, qwen3_8b=0
[SCHEDULER_HEARTBEAT] running=[] | gpu0:free=25.4GiB util=50% | remaining: gemma_3_12b_it=2842, mistral_7b_instruct_v03=84, qwen3_8b=0
[SCHEDULER_HEARTBEAT] running=[] | gpu0:free=25.7GiB util=48% | remaining: gemma_3_12b_it=2842, mistral_7b_instruct_v03=83, qwen3_8b=0
[SCHEDULER_HEARTBEAT] running=[] | gpu0:free=25.6GiB util=48% | remaining: gemma_3_12b_it=2842, mistral_7b_instruct_v03=83, qwen3_8b=0
[SCHEDULER_HEARTBEAT] running=[] | gpu0:free=25.6GiB util=49% | remaining: gemma_3_12b_it=2842, mistral_7b_instruct_v03=83, qwen3_8b=0
[SCHEDULER_HEARTBEAT] running=[] | gpu0:free=25.4GiB util=48% | remaining: gemma_3_12b_it=2842, mistral_7b_instruct_v03=83, qwen3_8b=0
[SCHEDULER_HEARTBEAT] running=[] | gpu0:free=25.7GiB util=49% | remaining: gemma_3_12b_it=2842, mistral_7b_instruct_v03=82, qwen3_8b=0
[SCHEDULER_HEARTBEAT] running=[] | gpu0:free=25.5GiB util=49% | remaining: gemma_3_12b_it=2842, mistral_7b_instruct_v03=81, qwen3_8b=0
[SCHEDULER_HEARTBEAT] running=[] | gpu0:free=25.6GiB util=49% | remaining: gemma_3_12b_it=2842, mistral_7b_instruct_v03=81, qwen3_8b=0
[SCHEDULER_HEARTBEAT] running=[] | gpu0:free=25.4GiB util=49% | remaining: gemma_3_12b_it=2842, mistral_7b_instruct_v03=81, qwen3_8b=0
[SCHEDULER_HEARTBEAT] running=[] | gpu0:free=25.5GiB util=49% | remaining: gemma_3_12b_it=2842, mistral_7b_instruct_v03=81, qwen3_8b=0
[SCHEDULER_HEARTBEAT] running=[] | gpu0:free=25.6GiB util=48% | remaining: gemma_3_12b_it=2842, mistral_7b_instruct_v03=81, qwen3_8b=0
[SCHEDULER_HEARTBEAT] running=[] | gpu0:free=25.3GiB util=49% | remaining: gemma_3_12b_it=2842, mistral_7b_instruct_v03=81, qwen3_8b=0
[SCHEDULER_HEARTBEAT] running=[] | gpu0:free=25.6GiB util=49% | remaining: gemma_3_12b_it=2842, mistral_7b_instruct_v03=81, qwen3_8b=0
[SCHEDULER_HEARTBEAT] running=[] | gpu0:free=25.3GiB util=47% | remaining: gemma_3_12b_it=2842, mistral_7b_instruct_v03=81, qwen3_8b=0
[SCHEDULER_HEARTBEAT] running=[] | gpu0:free=25.4GiB util=48% | remaining: gemma_3_12b_it=2842, mistral_7b_instruct_v03=81, qwen3_8b=0
[SCHEDULER_HEARTBEAT] running=[] | gpu0:free=25.7GiB util=51% | remaining: gemma_3_12b_it=2842, mistral_7b_instruct_v03=80, qwen3_8b=0
[SCHEDULER_HEARTBEAT] running=[] | gpu0:free=25.6GiB util=47% | remaining: gemma_3_12b_it=2842, mistral_7b_instruct_v03=80, qwen3_8b=0
[SCHEDULER_HEARTBEAT] running=[] | gpu0:free=25.5GiB util=48% | remaining: gemma_3_12b_it=2842, mistral_7b_instruct_v03=79, qwen3_8b=0
[SCHEDULER_HEARTBEAT] running=[] | gpu0:free=25.7GiB util=49% | remaining: gemma_3_12b_it=2842, mistral_7b_instruct_v03=78, qwen3_8b=0
[SCHEDULER_HEARTBEAT] running=[] | gpu0:free=25.5GiB util=60% | remaining: gemma_3_12b_it=2842, mistral_7b_instruct_v03=77, qwen3_8b=0
[SCHEDULER_HEARTBEAT] running=[] | gpu0:free=25.5GiB util=46% | remaining: gemma_3_12b_it=2842, mistral_7b_instruct_v03=77, qwen3_8b=0
[SCHEDULER_HEARTBEAT] running=[] | gpu0:free=25.5GiB util=49% | remaining: gemma_3_12b_it=2842, mistral_7b_instruct_v03=77, qwen3_8b=0
[SCHEDULER_HEARTBEAT] running=[] | gpu0:free=25.5GiB util=49% | remaining: gemma_3_12b_it=2842, mistral_7b_instruct_v03=77, qwen3_8b=0
[SCHEDULER_HEARTBEAT] running=[] | gpu0:free=25.5GiB util=48% | remaining: gemma_3_12b_it=2842, mistral_7b_instruct_v03=77, qwen3_8b=0
[SCHEDULER_HEARTBEAT] running=[] | gpu0:free=25.6GiB util=48% | remaining: gemma_3_12b_it=2842, mistral_7b_instruct_v03=76, qwen3_8b=0
[SCHEDULER_HEARTBEAT] running=[] | gpu0:free=25.7GiB util=47% | remaining: gemma_3_12b_it=2842, mistral_7b_instruct_v03=76, qwen3_8b=0
[SCHEDULER_HEARTBEAT] running=[] | gpu0:free=25.5GiB util=50% | remaining: gemma_3_12b_it=2842, mistral_7b_instruct_v03=76, qwen3_8b=0
[SCHEDULER_HEARTBEAT] running=[] | gpu0:free=25.5GiB util=49% | remaining: gemma_3_12b_it=2842, mistral_7b_instruct_v03=76, qwen3_8b=0
[SCHEDULER_HEARTBEAT] running=[] | gpu0:free=25.5GiB util=46% | remaining: gemma_3_12b_it=2842, mistral_7b_instruct_v03=76, qwen3_8b=0
[SCHEDULER_HEARTBEAT] running=[] | gpu0:free=25.3GiB util=46% | remaining: gemma_3_12b_it=2842, mistral_7b_instruct_v03=76, qwen3_8b=0
[SCHEDULER_HEARTBEAT] running=[] | gpu0:free=25.5GiB util=47% | remaining: gemma_3_12b_it=2842, mistral_7b_instruct_v03=76, qwen3_8b=0
[SCHEDULER_HEARTBEAT] running=[] | gpu0:free=25.3GiB util=51% | remaining: gemma_3_12b_it=2842, mistral_7b_instruct_v03=76, qwen3_8b=0
[SCHEDULER_HEARTBEAT] running=[] | gpu0:free=25.7GiB util=49% | remaining: gemma_3_12b_it=2842, mistral_7b_instruct_v03=75, qwen3_8b=0
[SCHEDULER_HEARTBEAT] running=[] | gpu0:free=25.4GiB util=48% | remaining: gemma_3_12b_it=2842, mistral_7b_instruct_v03=75, qwen3_8b=0
[SCHEDULER_HEARTBEAT] running=[] | gpu0:free=25.6GiB util=48% | remaining: gemma_3_12b_it=2842, mistral_7b_instruct_v03=75, qwen3_8b=0
[SCHEDULER_HEARTBEAT] running=[] | gpu0:free=25.5GiB util=50% | remaining: gemma_3_12b_it=2842, mistral_7b_instruct_v03=75, qwen3_8b=0
[SCHEDULER_HEARTBEAT] running=[] | gpu0:free=25.4GiB util=48% | remaining: gemma_3_12b_it=2842, mistral_7b_instruct_v03=75, qwen3_8b=0
[SCHEDULER_HEARTBEAT] running=[] | gpu0:free=25.6GiB util=47% | remaining: gemma_3_12b_it=2842, mistral_7b_instruct_v03=74, qwen3_8b=0
[SCHEDULER_HEARTBEAT] running=[] | gpu0:free=25.6GiB util=48% | remaining: gemma_3_12b_it=2842, mistral_7b_instruct_v03=74, qwen3_8b=0
[SCHEDULER_HEARTBEAT] running=[] | gpu0:free=25.5GiB util=48% | remaining: gemma_3_12b_it=2842, mistral_7b_instruct_v03=73, qwen3_8b=0
[SCHEDULER_HEARTBEAT] running=[] | gpu0:free=25.6GiB util=48% | remaining: gemma_3_12b_it=2842, mistral_7b_instruct_v03=73, qwen3_8b=0
[SCHEDULER_HEARTBEAT] running=[] | gpu0:free=25.4GiB util=49% | remaining: gemma_3_12b_it=2842, mistral_7b_instruct_v03=73, qwen3_8b=0
[SCHEDULER_HEARTBEAT] running=[] | gpu0:free=25.6GiB util=49% | remaining: gemma_3_12b_it=2842, mistral_7b_instruct_v03=72, qwen3_8b=0
[SCHEDULER_HEARTBEAT] running=[] | gpu0:free=25.7GiB util=49% | remaining: gemma_3_12b_it=2842, mistral_7b_instruct_v03=72, qwen3_8b=0
[SCHEDULER_HEARTBEAT] running=[] | gpu0:free=25.6GiB util=48% | remaining: gemma_3_12b_it=2842, mistral_7b_instruct_v03=72, qwen3_8b=0
[SCHEDULER_HEARTBEAT] running=[] | gpu0:free=25.5GiB util=48% | remaining: gemma_3_12b_it=2842, mistral_7b_instruct_v03=72, qwen3_8b=0
[SCHEDULER_HEARTBEAT] running=[] | gpu0:free=25.6GiB util=46% | remaining: gemma_3_12b_it=2842, mistral_7b_instruct_v03=72, qwen3_8b=0
[SCHEDULER_HEARTBEAT] running=[] | gpu0:free=25.5GiB util=47% | remaining: gemma_3_12b_it=2842, mistral_7b_instruct_v03=72, qwen3_8b=0
[SCHEDULER_HEARTBEAT] running=[] | gpu0:free=25.3GiB util=47% | remaining: gemma_3_12b_it=2842, mistral_7b_instruct_v03=72, qwen3_8b=0
[SCHEDULER_HEARTBEAT] running=[] | gpu0:free=25.4GiB util=48% | remaining: gemma_3_12b_it=2842, mistral_7b_instruct_v03=71, qwen3_8b=0
[SCHEDULER_HEARTBEAT] running=[] | gpu0:free=25.5GiB util=47% | remaining: gemma_3_12b_it=2842, mistral_7b_instruct_v03=71, qwen3_8b=0
[SCHEDULER_HEARTBEAT] running=[] | gpu0:free=25.4GiB util=48% | remaining: gemma_3_12b_it=2842, mistral_7b_instruct_v03=71, qwen3_8b=0
[SCHEDULER_HEARTBEAT] running=[] | gpu0:free=25.3GiB util=47% | remaining: gemma_3_12b_it=2842, mistral_7b_instruct_v03=71, qwen3_8b=0
[SCHEDULER_HEARTBEAT] running=[] | gpu0:free=25.7GiB util=46% | remaining: gemma_3_12b_it=2842, mistral_7b_instruct_v03=70, qwen3_8b=0
[SCHEDULER_HEARTBEAT] running=[] | gpu0:free=25.5GiB util=49% | remaining: gemma_3_12b_it=2842, mistral_7b_instruct_v03=69, qwen3_8b=0
[SCHEDULER_HEARTBEAT] running=[] | gpu0:free=25.5GiB util=51% | remaining: gemma_3_12b_it=2842, mistral_7b_instruct_v03=69, qwen3_8b=0
[SCHEDULER_HEARTBEAT] running=[] | gpu0:free=25.6GiB util=49% | remaining: gemma_3_12b_it=2842, mistral_7b_instruct_v03=68, qwen3_8b=0
[SCHEDULER_HEARTBEAT] running=[] | gpu0:free=25.6GiB util=48% | remaining: gemma_3_12b_it=2842, mistral_7b_instruct_v03=68, qwen3_8b=0
[SCHEDULER_HEARTBEAT] running=[] | gpu0:free=25.5GiB util=49% | remaining: gemma_3_12b_it=2842, mistral_7b_instruct_v03=68, qwen3_8b=0
[SCHEDULER_HEARTBEAT] running=[] | gpu0:free=25.5GiB util=52% | remaining: gemma_3_12b_it=2842, mistral_7b_instruct_v03=68, qwen3_8b=0
[SCHEDULER_HEARTBEAT] running=[] | gpu0:free=25.3GiB util=50% | remaining: gemma_3_12b_it=2842, mistral_7b_instruct_v03=68, qwen3_8b=0
[SCHEDULER_HEARTBEAT] running=[] | gpu0:free=25.3GiB util=49% | remaining: gemma_3_12b_it=2842, mistral_7b_instruct_v03=68, qwen3_8b=0
[SCHEDULER_HEARTBEAT] running=[] | gpu0:free=25.4GiB util=52% | remaining: gemma_3_12b_it=2842, mistral_7b_instruct_v03=68, qwen3_8b=0
[SCHEDULER_HEARTBEAT] running=[] | gpu0:free=25.5GiB util=49% | remaining: gemma_3_12b_it=2842, mistral_7b_instruct_v03=68, qwen3_8b=0
[SCHEDULER_HEARTBEAT] running=[] | gpu0:free=25.6GiB util=49% | remaining: gemma_3_12b_it=2842, mistral_7b_instruct_v03=67, qwen3_8b=0
[SCHEDULER_HEARTBEAT] running=[] | gpu0:free=25.4GiB util=48% | remaining: gemma_3_12b_it=2842, mistral_7b_instruct_v03=67, qwen3_8b=0
[SCHEDULER_HEARTBEAT] running=[] | gpu0:free=25.3GiB util=48% | remaining: gemma_3_12b_it=2842, mistral_7b_instruct_v03=67, qwen3_8b=0
[SCHEDULER_HEARTBEAT] running=[] | gpu0:free=25.3GiB util=48% | remaining: gemma_3_12b_it=2842, mistral_7b_instruct_v03=67, qwen3_8b=0
[SCHEDULER_HEARTBEAT] running=[] | gpu0:free=25.6GiB util=49% | remaining: gemma_3_12b_it=2842, mistral_7b_instruct_v03=66, qwen3_8b=0
[SCHEDULER_HEARTBEAT] running=[] | gpu0:free=25.5GiB util=46% | remaining: gemma_3_12b_it=2842, mistral_7b_instruct_v03=66, qwen3_8b=0
[SCHEDULER_HEARTBEAT] running=[] | gpu0:free=25.5GiB util=49% | remaining: gemma_3_12b_it=2842, mistral_7b_instruct_v03=65, qwen3_8b=0
[SCHEDULER_HEARTBEAT] running=[] | gpu0:free=25.5GiB util=48% | remaining: gemma_3_12b_it=2842, mistral_7b_instruct_v03=65, qwen3_8b=0
[SCHEDULER_HEARTBEAT] running=[] | gpu0:free=25.4GiB util=49% | remaining: gemma_3_12b_it=2842, mistral_7b_instruct_v03=64, qwen3_8b=0
[SCHEDULER_HEARTBEAT] running=[] | gpu0:free=25.4GiB util=46% | remaining: gemma_3_12b_it=2842, mistral_7b_instruct_v03=64, qwen3_8b=0
[SCHEDULER_HEARTBEAT] running=[] | gpu0:free=25.6GiB util=44% | remaining: gemma_3_12b_it=2842, mistral_7b_instruct_v03=63, qwen3_8b=0
[SCHEDULER_HEARTBEAT] running=[] | gpu0:free=25.5GiB util=46% | remaining: gemma_3_12b_it=2842, mistral_7b_instruct_v03=63, qwen3_8b=0
[SCHEDULER_HEARTBEAT] running=[] | gpu0:free=25.7GiB util=44% | remaining: gemma_3_12b_it=2842, mistral_7b_instruct_v03=62, qwen3_8b=0
[SCHEDULER_HEARTBEAT] running=[] | gpu0:free=25.3GiB util=45% | remaining: gemma_3_12b_it=2842, mistral_7b_instruct_v03=62, qwen3_8b=0
[SCHEDULER_HEARTBEAT] running=[] | gpu0:free=25.5GiB util=47% | remaining: gemma_3_12b_it=2842, mistral_7b_instruct_v03=62, qwen3_8b=0
[SCHEDULER_HEARTBEAT] running=[] | gpu0:free=25.5GiB util=46% | remaining: gemma_3_12b_it=2842, mistral_7b_instruct_v03=62, qwen3_8b=0
[SCHEDULER_HEARTBEAT] running=[] | gpu0:free=25.3GiB util=46% | remaining: gemma_3_12b_it=2842, mistral_7b_instruct_v03=62, qwen3_8b=0
[SCHEDULER_HEARTBEAT] running=[] | gpu0:free=25.6GiB util=45% | remaining: gemma_3_12b_it=2842, mistral_7b_instruct_v03=61, qwen3_8b=0
[SCHEDULER_HEARTBEAT] running=[] | gpu0:free=25.4GiB util=48% | remaining: gemma_3_12b_it=2842, mistral_7b_instruct_v03=61, qwen3_8b=0
[SCHEDULER_HEARTBEAT] running=[] | gpu0:free=25.6GiB util=48% | remaining: gemma_3_12b_it=2842, mistral_7b_instruct_v03=61, qwen3_8b=0
[SCHEDULER_HEARTBEAT] running=[] | gpu0:free=25.5GiB util=49% | remaining: gemma_3_12b_it=2842, mistral_7b_instruct_v03=61, qwen3_8b=0
[SCHEDULER_HEARTBEAT] running=[] | gpu0:free=25.4GiB util=50% | remaining: gemma_3_12b_it=2842, mistral_7b_instruct_v03=61, qwen3_8b=0
[SCHEDULER_HEARTBEAT] running=[] | gpu0:free=25.5GiB util=49% | remaining: gemma_3_12b_it=2842, mistral_7b_instruct_v03=60, qwen3_8b=0
[SCHEDULER_HEARTBEAT] running=[] | gpu0:free=25.6GiB util=48% | remaining: gemma_3_12b_it=2842, mistral_7b_instruct_v03=59, qwen3_8b=0
[SCHEDULER_HEARTBEAT] running=[] | gpu0:free=25.5GiB util=48% | remaining: gemma_3_12b_it=2842, mistral_7b_instruct_v03=59, qwen3_8b=0
[SCHEDULER_HEARTBEAT] running=[] | gpu0:free=25.5GiB util=49% | remaining: gemma_3_12b_it=2842, mistral_7b_instruct_v03=58, qwen3_8b=0
[SCHEDULER_HEARTBEAT] running=[] | gpu0:free=25.6GiB util=51% | remaining: gemma_3_12b_it=2842, mistral_7b_instruct_v03=58, qwen3_8b=0
[SCHEDULER_HEARTBEAT] running=[] | gpu0:free=25.4GiB util=48% | remaining: gemma_3_12b_it=2842, mistral_7b_instruct_v03=58, qwen3_8b=0
[SCHEDULER_HEARTBEAT] running=[] | gpu0:free=25.6GiB util=48% | remaining: gemma_3_12b_it=2842, mistral_7b_instruct_v03=58, qwen3_8b=0
[SCHEDULER_HEARTBEAT] running=[] | gpu0:free=25.4GiB util=47% | remaining: gemma_3_12b_it=2842, mistral_7b_instruct_v03=58, qwen3_8b=0
[SCHEDULER_HEARTBEAT] running=[] | gpu0:free=25.3GiB util=48% | remaining: gemma_3_12b_it=2842, mistral_7b_instruct_v03=58, qwen3_8b=0
[SCHEDULER_HEARTBEAT] running=[] | gpu0:free=25.4GiB util=49% | remaining: gemma_3_12b_it=2842, mistral_7b_instruct_v03=58, qwen3_8b=0
[SCHEDULER_HEARTBEAT] running=[] | gpu0:free=25.3GiB util=50% | remaining: gemma_3_12b_it=2842, mistral_7b_instruct_v03=58, qwen3_8b=0
[SCHEDULER_HEARTBEAT] running=[] | gpu0:free=25.4GiB util=47% | remaining: gemma_3_12b_it=2842, mistral_7b_instruct_v03=57, qwen3_8b=0
[SCHEDULER_HEARTBEAT] running=[] | gpu0:free=25.3GiB util=49% | remaining: gemma_3_12b_it=2842, mistral_7b_instruct_v03=57, qwen3_8b=0
[SCHEDULER_HEARTBEAT] running=[] | gpu0:free=25.3GiB util=48% | remaining: gemma_3_12b_it=2842, mistral_7b_instruct_v03=57, qwen3_8b=0
[SCHEDULER_HEARTBEAT] running=[] | gpu0:free=25.5GiB util=48% | remaining: gemma_3_12b_it=2842, mistral_7b_instruct_v03=56, qwen3_8b=0
[SCHEDULER_HEARTBEAT] running=[] | gpu0:free=25.6GiB util=48% | remaining: gemma_3_12b_it=2842, mistral_7b_instruct_v03=56, qwen3_8b=0
[SCHEDULER_HEARTBEAT] running=[] | gpu0:free=25.5GiB util=48% | remaining: gemma_3_12b_it=2842, mistral_7b_instruct_v03=55, qwen3_8b=0
[SCHEDULER_HEARTBEAT] running=[] | gpu0:free=25.4GiB util=49% | remaining: gemma_3_12b_it=2842, mistral_7b_instruct_v03=54, qwen3_8b=0
[SCHEDULER_HEARTBEAT] running=[] | gpu0:free=25.5GiB util=51% | remaining: gemma_3_12b_it=2842, mistral_7b_instruct_v03=53, qwen3_8b=0
[SCHEDULER_HEARTBEAT] running=[] | gpu0:free=25.3GiB util=50% | remaining: gemma_3_12b_it=2842, mistral_7b_instruct_v03=53, qwen3_8b=0
[SCHEDULER_HEARTBEAT] running=[] | gpu0:free=25.5GiB util=49% | remaining: gemma_3_12b_it=2842, mistral_7b_instruct_v03=53, qwen3_8b=0
[SCHEDULER_HEARTBEAT] running=[] | gpu0:free=25.3GiB util=51% | remaining: gemma_3_12b_it=2842, mistral_7b_instruct_v03=53, qwen3_8b=0
[SCHEDULER_HEARTBEAT] running=[] | gpu0:free=25.4GiB util=46% | remaining: gemma_3_12b_it=2842, mistral_7b_instruct_v03=52, qwen3_8b=0
[SCHEDULER_HEARTBEAT] running=[] | gpu0:free=25.5GiB util=53% | remaining: gemma_3_12b_it=2842, mistral_7b_instruct_v03=52, qwen3_8b=0
[SCHEDULER_HEARTBEAT] running=[] | gpu0:free=25.4GiB util=49% | remaining: gemma_3_12b_it=2842, mistral_7b_instruct_v03=52, qwen3_8b=0
[SCHEDULER_HEARTBEAT] running=[] | gpu0:free=25.5GiB util=51% | remaining: gemma_3_12b_it=2842, mistral_7b_instruct_v03=51, qwen3_8b=0
[SCHEDULER_HEARTBEAT] running=[] | gpu0:free=25.5GiB util=48% | remaining: gemma_3_12b_it=2842, mistral_7b_instruct_v03=51, qwen3_8b=0
[SCHEDULER_HEARTBEAT] running=[] | gpu0:free=25.6GiB util=48% | remaining: gemma_3_12b_it=2842, mistral_7b_instruct_v03=50, qwen3_8b=0
[SCHEDULER_HEARTBEAT] running=[] | gpu0:free=25.5GiB util=49% | remaining: gemma_3_12b_it=2842, mistral_7b_instruct_v03=48, qwen3_8b=0
[SCHEDULER_HEARTBEAT] running=[] | gpu0:free=25.3GiB util=50% | remaining: gemma_3_12b_it=2842, mistral_7b_instruct_v03=47, qwen3_8b=0
[SCHEDULER_HEARTBEAT] running=[] | gpu0:free=25.5GiB util=48% | remaining: gemma_3_12b_it=2842, mistral_7b_instruct_v03=46, qwen3_8b=0
[SCHEDULER_HEARTBEAT] running=[] | gpu0:free=25.3GiB util=48% | remaining: gemma_3_12b_it=2842, mistral_7b_instruct_v03=46, qwen3_8b=0
[SCHEDULER_HEARTBEAT] running=[] | gpu0:free=25.4GiB util=48% | remaining: gemma_3_12b_it=2842, mistral_7b_instruct_v03=46, qwen3_8b=0
[SCHEDULER_HEARTBEAT] running=[] | gpu0:free=25.4GiB util=49% | remaining: gemma_3_12b_it=2842, mistral_7b_instruct_v03=46, qwen3_8b=0
[SCHEDULER_HEARTBEAT] running=[] | gpu0:free=25.2GiB util=49% | remaining: gemma_3_12b_it=2842, mistral_7b_instruct_v03=46, qwen3_8b=0
[SCHEDULER_HEARTBEAT] running=[] | gpu0:free=25.2GiB util=49% | remaining: gemma_3_12b_it=2842, mistral_7b_instruct_v03=46, qwen3_8b=0
[SCHEDULER_HEARTBEAT] running=[] | gpu0:free=25.2GiB util=49% | remaining: gemma_3_12b_it=2842, mistral_7b_instruct_v03=44, qwen3_8b=0
[SCHEDULER_HEARTBEAT] running=[] | gpu0:free=25.4GiB util=48% | remaining: gemma_3_12b_it=2842, mistral_7b_instruct_v03=44, qwen3_8b=0
[SCHEDULER_HEARTBEAT] running=[] | gpu0:free=25.2GiB util=48% | remaining: gemma_3_12b_it=2842, mistral_7b_instruct_v03=44, qwen3_8b=0
[SCHEDULER_HEARTBEAT] running=[] | gpu0:free=25.2GiB util=51% | remaining: gemma_3_12b_it=2842, mistral_7b_instruct_v03=44, qwen3_8b=0
[SCHEDULER_HEARTBEAT] running=[] | gpu0:free=25.2GiB util=48% | remaining: gemma_3_12b_it=2842, mistral_7b_instruct_v03=44, qwen3_8b=0
[SCHEDULER_HEARTBEAT] running=[] | gpu0:free=25.5GiB util=47% | remaining: gemma_3_12b_it=2842, mistral_7b_instruct_v03=43, qwen3_8b=0
[SCHEDULER_HEARTBEAT] running=[] | gpu0:free=25.2GiB util=48% | remaining: gemma_3_12b_it=2842, mistral_7b_instruct_v03=43, qwen3_8b=0
[SCHEDULER_HEARTBEAT] running=[] | gpu0:free=25.4GiB util=47% | remaining: gemma_3_12b_it=2842, mistral_7b_instruct_v03=43, qwen3_8b=0
[SCHEDULER_HEARTBEAT] running=[] | gpu0:free=25.3GiB util=47% | remaining: gemma_3_12b_it=2842, mistral_7b_instruct_v03=43, qwen3_8b=0
[SCHEDULER_HEARTBEAT] running=[] | gpu0:free=25.2GiB util=49% | remaining: gemma_3_12b_it=2842, mistral_7b_instruct_v03=43, qwen3_8b=0
[SCHEDULER_HEARTBEAT] running=[] | gpu0:free=25.3GiB util=52% | remaining: gemma_3_12b_it=2842, mistral_7b_instruct_v03=43, qwen3_8b=0
[SCHEDULER_HEARTBEAT] running=[] | gpu0:free=25.2GiB util=48% | remaining: gemma_3_12b_it=2842, mistral_7b_instruct_v03=43, qwen3_8b=0
[SCHEDULER_HEARTBEAT] running=[] | gpu0:free=25.2GiB util=49% | remaining: gemma_3_12b_it=2842, mistral_7b_instruct_v03=43, qwen3_8b=0
[SCHEDULER_HEARTBEAT] running=[] | gpu0:free=25.3GiB util=49% | remaining: gemma_3_12b_it=2842, mistral_7b_instruct_v03=43, qwen3_8b=0
[SCHEDULER_HEARTBEAT] running=[] | gpu0:free=25.0GiB util=49% | remaining: gemma_3_12b_it=2842, mistral_7b_instruct_v03=43, qwen3_8b=0
[SCHEDULER_HEARTBEAT] running=[] | gpu0:free=25.1GiB util=48% | remaining: gemma_3_12b_it=2842, mistral_7b_instruct_v03=43, qwen3_8b=0
[SCHEDULER_HEARTBEAT] running=[] | gpu0:free=25.1GiB util=50% | remaining: gemma_3_12b_it=2842, mistral_7b_instruct_v03=43, qwen3_8b=0
[SCHEDULER_HEARTBEAT] running=[] | gpu0:free=25.4GiB util=48% | remaining: gemma_3_12b_it=2842, mistral_7b_instruct_v03=42, qwen3_8b=0
[SCHEDULER_HEARTBEAT] running=[] | gpu0:free=25.4GiB util=47% | remaining: gemma_3_12b_it=2842, mistral_7b_instruct_v03=42, qwen3_8b=0
[SCHEDULER_HEARTBEAT] running=[] | gpu0:free=25.3GiB util=50% | remaining: gemma_3_12b_it=2842, mistral_7b_instruct_v03=42, qwen3_8b=0
[SCHEDULER_HEARTBEAT] running=[] | gpu0:free=25.2GiB util=50% | remaining: gemma_3_12b_it=2842, mistral_7b_instruct_v03=42, qwen3_8b=0
[SCHEDULER_HEARTBEAT] running=[] | gpu0:free=25.4GiB util=49% | remaining: gemma_3_12b_it=2842, mistral_7b_instruct_v03=42, qwen3_8b=0
[SCHEDULER_HEARTBEAT] running=[] | gpu0:free=25.1GiB util=47% | remaining: gemma_3_12b_it=2842, mistral_7b_instruct_v03=42, qwen3_8b=0
[SCHEDULER_HEARTBEAT] running=[] | gpu0:free=25.3GiB util=49% | remaining: gemma_3_12b_it=2842, mistral_7b_instruct_v03=42, qwen3_8b=0
[SCHEDULER_HEARTBEAT] running=[] | gpu0:free=25.2GiB util=50% | remaining: gemma_3_12b_it=2842, mistral_7b_instruct_v03=42, qwen3_8b=0
[SCHEDULER_HEARTBEAT] running=[] | gpu0:free=25.2GiB util=47% | remaining: gemma_3_12b_it=2842, mistral_7b_instruct_v03=42, qwen3_8b=0
[SCHEDULER_HEARTBEAT] running=[] | gpu0:free=25.0GiB util=48% | remaining: gemma_3_12b_it=2842, mistral_7b_instruct_v03=42, qwen3_8b=0
[SCHEDULER_HEARTBEAT] running=[] | gpu0:free=25.2GiB util=47% | remaining: gemma_3_12b_it=2842, mistral_7b_instruct_v03=42, qwen3_8b=0
[SCHEDULER_HEARTBEAT] running=[] | gpu0:free=24.7GiB util=100% | remaining: gemma_3_12b_it=2842, mistral_7b_instruct_v03=41, qwen3_8b=0
[SCHEDULER_HEARTBEAT] running=[] | gpu0:free=25.2GiB util=47% | remaining: gemma_3_12b_it=2842, mistral_7b_instruct_v03=41, qwen3_8b=0
[SCHEDULER_HEARTBEAT] running=[] | gpu0:free=25.3GiB util=49% | remaining: gemma_3_12b_it=2842, mistral_7b_instruct_v03=41, qwen3_8b=0
[SCHEDULER_HEARTBEAT] running=[] | gpu0:free=25.2GiB util=51% | remaining: gemma_3_12b_it=2842, mistral_7b_instruct_v03=41, qwen3_8b=0
[SCHEDULER_HEARTBEAT] running=[] | gpu0:free=25.4GiB util=49% | remaining: gemma_3_12b_it=2842, mistral_7b_instruct_v03=41, qwen3_8b=0
[SCHEDULER_HEARTBEAT] running=[] | gpu0:free=25.3GiB util=49% | remaining: gemma_3_12b_it=2842, mistral_7b_instruct_v03=41, qwen3_8b=0
[SCHEDULER_HEARTBEAT] running=[] | gpu0:free=25.1GiB util=48% | remaining: gemma_3_12b_it=2842, mistral_7b_instruct_v03=41, qwen3_8b=0
[SCHEDULER_HEARTBEAT] running=[] | gpu0:free=25.1GiB util=47% | remaining: gemma_3_12b_it=2842, mistral_7b_instruct_v03=41, qwen3_8b=0
[SCHEDULER_HEARTBEAT] running=[] | gpu0:free=25.2GiB util=51% | remaining: gemma_3_12b_it=2842, mistral_7b_instruct_v03=40, qwen3_8b=0
[SCHEDULER_HEARTBEAT] running=[] | gpu0:free=25.5GiB util=49% | remaining: gemma_3_12b_it=2842, mistral_7b_instruct_v03=40, qwen3_8b=0
[SCHEDULER_HEARTBEAT] running=[] | gpu0:free=25.3GiB util=49% | remaining: gemma_3_12b_it=2842, mistral_7b_instruct_v03=40, qwen3_8b=0
[SCHEDULER_HEARTBEAT] running=[] | gpu0:free=25.2GiB util=49% | remaining: gemma_3_12b_it=2842, mistral_7b_instruct_v03=40, qwen3_8b=0
[SCHEDULER_HEARTBEAT] running=[] | gpu0:free=24.9GiB util=100% | remaining: gemma_3_12b_it=2842, mistral_7b_instruct_v03=39, qwen3_8b=0
[SCHEDULER_HEARTBEAT] running=[] | gpu0:free=25.2GiB util=48% | remaining: gemma_3_12b_it=2842, mistral_7b_instruct_v03=39, qwen3_8b=0
[SCHEDULER_HEARTBEAT] running=[] | gpu0:free=25.1GiB util=46% | remaining: gemma_3_12b_it=2842, mistral_7b_instruct_v03=39, qwen3_8b=0
[SCHEDULER_HEARTBEAT] running=[] | gpu0:free=25.2GiB util=47% | remaining: gemma_3_12b_it=2842, mistral_7b_instruct_v03=39, qwen3_8b=0
[SCHEDULER_HEARTBEAT] running=[] | gpu0:free=25.2GiB util=51% | remaining: gemma_3_12b_it=2842, mistral_7b_instruct_v03=39, qwen3_8b=0
[SCHEDULER_HEARTBEAT] running=[] | gpu0:free=25.2GiB util=49% | remaining: gemma_3_12b_it=2842, mistral_7b_instruct_v03=39, qwen3_8b=0
[SCHEDULER_HEARTBEAT] running=[] | gpu0:free=25.2GiB util=52% | remaining: gemma_3_12b_it=2842, mistral_7b_instruct_v03=39, qwen3_8b=0
[SCHEDULER_HEARTBEAT] running=[] | gpu0:free=25.1GiB util=51% | remaining: gemma_3_12b_it=2842, mistral_7b_instruct_v03=39, qwen3_8b=0
[SCHEDULER_HEARTBEAT] running=[] | gpu0:free=25.0GiB util=48% | remaining: gemma_3_12b_it=2842, mistral_7b_instruct_v03=39, qwen3_8b=0
[SCHEDULER_HEARTBEAT] running=[] | gpu0:free=25.4GiB util=48% | remaining: gemma_3_12b_it=2842, mistral_7b_instruct_v03=38, qwen3_8b=0
[SCHEDULER_HEARTBEAT] running=[] | gpu0:free=25.4GiB util=47% | remaining: gemma_3_12b_it=2842, mistral_7b_instruct_v03=38, qwen3_8b=0
[SCHEDULER_HEARTBEAT] running=[] | gpu0:free=25.2GiB util=48% | remaining: gemma_3_12b_it=2842, mistral_7b_instruct_v03=37, qwen3_8b=0
[SCHEDULER_HEARTBEAT] running=[] | gpu0:free=25.4GiB util=46% | remaining: gemma_3_12b_it=2842, mistral_7b_instruct_v03=37, qwen3_8b=0
[SCHEDULER_HEARTBEAT] running=[] | gpu0:free=25.2GiB util=50% | remaining: gemma_3_12b_it=2842, mistral_7b_instruct_v03=37, qwen3_8b=0
[SCHEDULER_HEARTBEAT] running=[] | gpu0:free=24.8GiB util=56% | remaining: gemma_3_12b_it=2842, mistral_7b_instruct_v03=36, qwen3_8b=0
[SCHEDULER_HEARTBEAT] running=[] | gpu0:free=25.4GiB util=48% | remaining: gemma_3_12b_it=2842, mistral_7b_instruct_v03=36, qwen3_8b=0
[SCHEDULER_HEARTBEAT] running=[] | gpu0:free=25.4GiB util=47% | remaining: gemma_3_12b_it=2842, mistral_7b_instruct_v03=36, qwen3_8b=0
[SCHEDULER_HEARTBEAT] running=[] | gpu0:free=25.4GiB util=51% | remaining: gemma_3_12b_it=2842, mistral_7b_instruct_v03=36, qwen3_8b=0
[SCHEDULER_HEARTBEAT] running=[] | gpu0:free=25.4GiB util=47% | remaining: gemma_3_12b_it=2842, mistral_7b_instruct_v03=35, qwen3_8b=0
[SCHEDULER_HEARTBEAT] running=[] | gpu0:free=25.3GiB util=49% | remaining: gemma_3_12b_it=2842, mistral_7b_instruct_v03=35, qwen3_8b=0
[SCHEDULER_HEARTBEAT] running=[] | gpu0:free=25.3GiB util=48% | remaining: gemma_3_12b_it=2842, mistral_7b_instruct_v03=35, qwen3_8b=0
[SCHEDULER_HEARTBEAT] running=[] | gpu0:free=25.4GiB util=49% | remaining: gemma_3_12b_it=2842, mistral_7b_instruct_v03=34, qwen3_8b=0
[SCHEDULER_HEARTBEAT] running=[] | gpu0:free=25.3GiB util=49% | remaining: gemma_3_12b_it=2842, mistral_7b_instruct_v03=34, qwen3_8b=0
[SCHEDULER_HEARTBEAT] running=[] | gpu0:free=25.2GiB util=47% | remaining: gemma_3_12b_it=2842, mistral_7b_instruct_v03=34, qwen3_8b=0
[SCHEDULER_HEARTBEAT] running=[] | gpu0:free=25.2GiB util=50% | remaining: gemma_3_12b_it=2842, mistral_7b_instruct_v03=33, qwen3_8b=0
[SCHEDULER_HEARTBEAT] running=[] | gpu0:free=25.4GiB util=48% | remaining: gemma_3_12b_it=2842, mistral_7b_instruct_v03=33, qwen3_8b=0
[SCHEDULER_HEARTBEAT] running=[] | gpu0:free=25.2GiB util=51% | remaining: gemma_3_12b_it=2842, mistral_7b_instruct_v03=33, qwen3_8b=0
[SCHEDULER_HEARTBEAT] running=[] | gpu0:free=25.4GiB util=47% | remaining: gemma_3_12b_it=2842, mistral_7b_instruct_v03=32, qwen3_8b=0
[SCHEDULER_HEARTBEAT] running=[] | gpu0:free=25.2GiB util=47% | remaining: gemma_3_12b_it=2842, mistral_7b_instruct_v03=31, qwen3_8b=0
[SCHEDULER_HEARTBEAT] running=[] | gpu0:free=25.2GiB util=48% | remaining: gemma_3_12b_it=2842, mistral_7b_instruct_v03=31, qwen3_8b=0
[SCHEDULER_HEARTBEAT] running=[] | gpu0:free=25.3GiB util=48% | remaining: gemma_3_12b_it=2842, mistral_7b_instruct_v03=30, qwen3_8b=0
[SCHEDULER_HEARTBEAT] running=[] | gpu0:free=25.2GiB util=51% | remaining: gemma_3_12b_it=2842, mistral_7b_instruct_v03=30, qwen3_8b=0
[SCHEDULER_HEARTBEAT] running=[] | gpu0:free=25.1GiB util=48% | remaining: gemma_3_12b_it=2842, mistral_7b_instruct_v03=30, qwen3_8b=0
[SCHEDULER_HEARTBEAT] running=[] | gpu0:free=25.1GiB util=51% | remaining: gemma_3_12b_it=2842, mistral_7b_instruct_v03=30, qwen3_8b=0
[SCHEDULER_HEARTBEAT] running=[] | gpu0:free=25.3GiB util=49% | remaining: gemma_3_12b_it=2842, mistral_7b_instruct_v03=30, qwen3_8b=0
[SCHEDULER_HEARTBEAT] running=[] | gpu0:free=25.2GiB util=52% | remaining: gemma_3_12b_it=2842, mistral_7b_instruct_v03=30, qwen3_8b=0
[SCHEDULER_HEARTBEAT] running=[] | gpu0:free=25.2GiB util=48% | remaining: gemma_3_12b_it=2842, mistral_7b_instruct_v03=30, qwen3_8b=0
[SCHEDULER_HEARTBEAT] running=[] | gpu0:free=25.0GiB util=48% | remaining: gemma_3_12b_it=2842, mistral_7b_instruct_v03=30, qwen3_8b=0
[SCHEDULER_HEARTBEAT] running=[] | gpu0:free=25.1GiB util=51% | remaining: gemma_3_12b_it=2842, mistral_7b_instruct_v03=30, qwen3_8b=0
[SCHEDULER_HEARTBEAT] running=[] | gpu0:free=25.0GiB util=48% | remaining: gemma_3_12b_it=2842, mistral_7b_instruct_v03=30, qwen3_8b=0
[SCHEDULER_HEARTBEAT] running=[] | gpu0:free=25.1GiB util=49% | remaining: gemma_3_12b_it=2842, mistral_7b_instruct_v03=30, qwen3_8b=0
[SCHEDULER_HEARTBEAT] running=[] | gpu0:free=25.0GiB util=47% | remaining: gemma_3_12b_it=2842, mistral_7b_instruct_v03=30, qwen3_8b=0
[SCHEDULER_HEARTBEAT] running=[] | gpu0:free=25.2GiB util=49% | remaining: gemma_3_12b_it=2842, mistral_7b_instruct_v03=29, qwen3_8b=0
[SCHEDULER_HEARTBEAT] running=[] | gpu0:free=25.3GiB util=48% | remaining: gemma_3_12b_it=2842, mistral_7b_instruct_v03=29, qwen3_8b=0
[SCHEDULER_HEARTBEAT] running=[] | gpu0:free=25.3GiB util=46% | remaining: gemma_3_12b_it=2842, mistral_7b_instruct_v03=29, qwen3_8b=0
[SCHEDULER_HEARTBEAT] running=[] | gpu0:free=25.4GiB util=46% | remaining: gemma_3_12b_it=2842, mistral_7b_instruct_v03=28, qwen3_8b=0
[SCHEDULER_HEARTBEAT] running=[] | gpu0:free=25.2GiB util=46% | remaining: gemma_3_12b_it=2842, mistral_7b_instruct_v03=28, qwen3_8b=0
[SCHEDULER_HEARTBEAT] running=[] | gpu0:free=25.2GiB util=47% | remaining: gemma_3_12b_it=2842, mistral_7b_instruct_v03=27, qwen3_8b=0
[SCHEDULER_HEARTBEAT] running=[] | gpu0:free=25.3GiB util=47% | remaining: gemma_3_12b_it=2842, mistral_7b_instruct_v03=27, qwen3_8b=0
[SCHEDULER_HEARTBEAT] running=[] | gpu0:free=25.2GiB util=46% | remaining: gemma_3_12b_it=2842, mistral_7b_instruct_v03=26, qwen3_8b=0
[SCHEDULER_HEARTBEAT] running=[] | gpu0:free=25.2GiB util=47% | remaining: gemma_3_12b_it=2842, mistral_7b_instruct_v03=26, qwen3_8b=0
[SCHEDULER_HEARTBEAT] running=[] | gpu0:free=25.2GiB util=46% | remaining: gemma_3_12b_it=2842, mistral_7b_instruct_v03=26, qwen3_8b=0
[SCHEDULER_HEARTBEAT] running=[] | gpu0:free=25.1GiB util=46% | remaining: gemma_3_12b_it=2842, mistral_7b_instruct_v03=26, qwen3_8b=0
[SCHEDULER_HEARTBEAT] running=[] | gpu0:free=25.0GiB util=48% | remaining: gemma_3_12b_it=2842, mistral_7b_instruct_v03=26, qwen3_8b=0
[SCHEDULER_HEARTBEAT] running=[] | gpu0:free=25.2GiB util=46% | remaining: gemma_3_12b_it=2842, mistral_7b_instruct_v03=26, qwen3_8b=0
[SCHEDULER_HEARTBEAT] running=[] | gpu0:free=25.3GiB util=47% | remaining: gemma_3_12b_it=2842, mistral_7b_instruct_v03=26, qwen3_8b=0
[SCHEDULER_HEARTBEAT] running=[] | gpu0:free=25.2GiB util=47% | remaining: gemma_3_12b_it=2842, mistral_7b_instruct_v03=26, qwen3_8b=0
[SCHEDULER_HEARTBEAT] running=[] | gpu0:free=25.3GiB util=47% | remaining: gemma_3_12b_it=2842, mistral_7b_instruct_v03=26, qwen3_8b=0
[SCHEDULER_HEARTBEAT] running=[] | gpu0:free=25.2GiB util=47% | remaining: gemma_3_12b_it=2842, mistral_7b_instruct_v03=26, qwen3_8b=0
[SCHEDULER_HEARTBEAT] running=[] | gpu0:free=25.2GiB util=45% | remaining: gemma_3_12b_it=2842, mistral_7b_instruct_v03=26, qwen3_8b=0
[SCHEDULER_HEARTBEAT] running=[] | gpu0:free=25.1GiB util=45% | remaining: gemma_3_12b_it=2842, mistral_7b_instruct_v03=26, qwen3_8b=0
[SCHEDULER_HEARTBEAT] running=[] | gpu0:free=25.2GiB util=46% | remaining: gemma_3_12b_it=2842, mistral_7b_instruct_v03=25, qwen3_8b=0
[SCHEDULER_HEARTBEAT] running=[] | gpu0:free=25.2GiB util=47% | remaining: gemma_3_12b_it=2842, mistral_7b_instruct_v03=25, qwen3_8b=0
[SCHEDULER_HEARTBEAT] running=[] | gpu0:free=25.3GiB util=47% | remaining: gemma_3_12b_it=2842, mistral_7b_instruct_v03=25, qwen3_8b=0
[SCHEDULER_HEARTBEAT] running=[] | gpu0:free=25.3GiB util=47% | remaining: gemma_3_12b_it=2842, mistral_7b_instruct_v03=25, qwen3_8b=0
[SCHEDULER_HEARTBEAT] running=[] | gpu0:free=25.2GiB util=50% | remaining: gemma_3_12b_it=2842, mistral_7b_instruct_v03=25, qwen3_8b=0
[SCHEDULER_HEARTBEAT] running=[] | gpu0:free=25.2GiB util=47% | remaining: gemma_3_12b_it=2842, mistral_7b_instruct_v03=25, qwen3_8b=0
[SCHEDULER_HEARTBEAT] running=[] | gpu0:free=25.2GiB util=47% | remaining: gemma_3_12b_it=2842, mistral_7b_instruct_v03=25, qwen3_8b=0
[SCHEDULER_HEARTBEAT] running=[] | gpu0:free=25.0GiB util=49% | remaining: gemma_3_12b_it=2842, mistral_7b_instruct_v03=25, qwen3_8b=0
[SCHEDULER_HEARTBEAT] running=[] | gpu0:free=25.1GiB util=46% | remaining: gemma_3_12b_it=2842, mistral_7b_instruct_v03=25, qwen3_8b=0
[SCHEDULER_HEARTBEAT] running=[] | gpu0:free=25.3GiB util=45% | remaining: gemma_3_12b_it=2842, mistral_7b_instruct_v03=24, qwen3_8b=0
[SCHEDULER_HEARTBEAT] running=[] | gpu0:free=25.3GiB util=47% | remaining: gemma_3_12b_it=2842, mistral_7b_instruct_v03=24, qwen3_8b=0
[SCHEDULER_HEARTBEAT] running=[] | gpu0:free=25.4GiB util=47% | remaining: gemma_3_12b_it=2842, mistral_7b_instruct_v03=24, qwen3_8b=0
[SCHEDULER_HEARTBEAT] running=[] | gpu0:free=25.1GiB util=48% | remaining: gemma_3_12b_it=2842, mistral_7b_instruct_v03=24, qwen3_8b=0
[SCHEDULER_HEARTBEAT] running=[] | gpu0:free=25.2GiB util=45% | remaining: gemma_3_12b_it=2842, mistral_7b_instruct_v03=24, qwen3_8b=0
[SCHEDULER_HEARTBEAT] running=[] | gpu0:free=25.2GiB util=47% | remaining: gemma_3_12b_it=2842, mistral_7b_instruct_v03=24, qwen3_8b=0
[SCHEDULER_HEARTBEAT] running=[] | gpu0:free=25.2GiB util=48% | remaining: gemma_3_12b_it=2842, mistral_7b_instruct_v03=24, qwen3_8b=0
[SCHEDULER_HEARTBEAT] running=[] | gpu0:free=25.2GiB util=46% | remaining: gemma_3_12b_it=2842, mistral_7b_instruct_v03=24, qwen3_8b=0
[SCHEDULER_HEARTBEAT] running=[] | gpu0:free=25.2GiB util=47% | remaining: gemma_3_12b_it=2842, mistral_7b_instruct_v03=24, qwen3_8b=0
[SCHEDULER_HEARTBEAT] running=[] | gpu0:free=25.2GiB util=47% | remaining: gemma_3_12b_it=2842, mistral_7b_instruct_v03=24, qwen3_8b=0
[SCHEDULER_HEARTBEAT] running=[] | gpu0:free=25.0GiB util=47% | remaining: gemma_3_12b_it=2842, mistral_7b_instruct_v03=24, qwen3_8b=0
[SCHEDULER_HEARTBEAT] running=[] | gpu0:free=25.1GiB util=48% | remaining: gemma_3_12b_it=2842, mistral_7b_instruct_v03=24, qwen3_8b=0
[SCHEDULER_HEARTBEAT] running=[] | gpu0:free=25.0GiB util=48% | remaining: gemma_3_12b_it=2842, mistral_7b_instruct_v03=24, qwen3_8b=0
[SCHEDULER_HEARTBEAT] running=[] | gpu0:free=25.3GiB util=47% | remaining: gemma_3_12b_it=2842, mistral_7b_instruct_v03=23, qwen3_8b=0
[SCHEDULER_HEARTBEAT] running=[] | gpu0:free=24.8GiB util=48% | remaining: gemma_3_12b_it=2842, mistral_7b_instruct_v03=22, qwen3_8b=0
[SCHEDULER_HEARTBEAT] running=[] | gpu0:free=25.1GiB util=46% | remaining: gemma_3_12b_it=2842, mistral_7b_instruct_v03=22, qwen3_8b=0
[SCHEDULER_HEARTBEAT] running=[] | gpu0:free=24.9GiB util=47% | remaining: gemma_3_12b_it=2842, mistral_7b_instruct_v03=22, qwen3_8b=0
[SCHEDULER_HEARTBEAT] running=[] | gpu0:free=24.9GiB util=48% | remaining: gemma_3_12b_it=2842, mistral_7b_instruct_v03=22, qwen3_8b=0
[SCHEDULER_HEARTBEAT] running=[] | gpu0:free=25.0GiB util=47% | remaining: gemma_3_12b_it=2842, mistral_7b_instruct_v03=22, qwen3_8b=0
[SCHEDULER_HEARTBEAT] running=[] | gpu0:free=24.8GiB util=45% | remaining: gemma_3_12b_it=2842, mistral_7b_instruct_v03=21, qwen3_8b=0
[SCHEDULER_HEARTBEAT] running=[] | gpu0:free=24.9GiB util=47% | remaining: gemma_3_12b_it=2842, mistral_7b_instruct_v03=21, qwen3_8b=0
[SCHEDULER_HEARTBEAT] running=[] | gpu0:free=24.9GiB util=46% | remaining: gemma_3_12b_it=2842, mistral_7b_instruct_v03=21, qwen3_8b=0
[SCHEDULER_HEARTBEAT] running=[] | gpu0:free=24.8GiB util=49% | remaining: gemma_3_12b_it=2842, mistral_7b_instruct_v03=21, qwen3_8b=0
[SCHEDULER_HEARTBEAT] running=[] | gpu0:free=24.8GiB util=46% | remaining: gemma_3_12b_it=2842, mistral_7b_instruct_v03=20, qwen3_8b=0
[SCHEDULER_HEARTBEAT] running=[] | gpu0:free=25.0GiB util=48% | remaining: gemma_3_12b_it=2842, mistral_7b_instruct_v03=20, qwen3_8b=0
[SCHEDULER_HEARTBEAT] running=[] | gpu0:free=24.7GiB util=48% | remaining: gemma_3_12b_it=2842, mistral_7b_instruct_v03=20, qwen3_8b=0
[SCHEDULER_HEARTBEAT] running=[] | gpu0:free=24.7GiB util=50% | remaining: gemma_3_12b_it=2842, mistral_7b_instruct_v03=20, qwen3_8b=0
[SCHEDULER_HEARTBEAT] running=[] | gpu0:free=24.9GiB util=50% | remaining: gemma_3_12b_it=2842, mistral_7b_instruct_v03=19, qwen3_8b=0
[SCHEDULER_HEARTBEAT] running=[] | gpu0:free=24.8GiB util=46% | remaining: gemma_3_12b_it=2842, mistral_7b_instruct_v03=19, qwen3_8b=0
[SCHEDULER_HEARTBEAT] running=[] | gpu0:free=24.7GiB util=48% | remaining: gemma_3_12b_it=2842, mistral_7b_instruct_v03=19, qwen3_8b=0
[SCHEDULER_HEARTBEAT] running=[] | gpu0:free=24.9GiB util=48% | remaining: gemma_3_12b_it=2842, mistral_7b_instruct_v03=19, qwen3_8b=0
[SCHEDULER_HEARTBEAT] running=[] | gpu0:free=24.7GiB util=47% | remaining: gemma_3_12b_it=2842, mistral_7b_instruct_v03=19, qwen3_8b=0
[SCHEDULER_HEARTBEAT] running=[] | gpu0:free=24.8GiB util=46% | remaining: gemma_3_12b_it=2842, mistral_7b_instruct_v03=18, qwen3_8b=0
[SCHEDULER_HEARTBEAT] running=[] | gpu0:free=25.0GiB util=46% | remaining: gemma_3_12b_it=2842, mistral_7b_instruct_v03=18, qwen3_8b=0
[SCHEDULER_HEARTBEAT] running=[] | gpu0:free=25.0GiB util=47% | remaining: gemma_3_12b_it=2842, mistral_7b_instruct_v03=18, qwen3_8b=0
[SCHEDULER_HEARTBEAT] running=[] | gpu0:free=24.8GiB util=50% | remaining: gemma_3_12b_it=2842, mistral_7b_instruct_v03=18, qwen3_8b=0
[SCHEDULER_HEARTBEAT] running=[] | gpu0:free=24.6GiB util=49% | remaining: gemma_3_12b_it=2842, mistral_7b_instruct_v03=18, qwen3_8b=0
[SCHEDULER_HEARTBEAT] running=[] | gpu0:free=25.0GiB util=49% | remaining: gemma_3_12b_it=2842, mistral_7b_instruct_v03=17, qwen3_8b=0
[SCHEDULER_HEARTBEAT] running=[] | gpu0:free=24.9GiB util=47% | remaining: gemma_3_12b_it=2842, mistral_7b_instruct_v03=17, qwen3_8b=0
[SCHEDULER_HEARTBEAT] running=[] | gpu0:free=24.9GiB util=47% | remaining: gemma_3_12b_it=2842, mistral_7b_instruct_v03=17, qwen3_8b=0
[SCHEDULER_HEARTBEAT] running=[] | gpu0:free=24.8GiB util=47% | remaining: gemma_3_12b_it=2842, mistral_7b_instruct_v03=16, qwen3_8b=0
[SCHEDULER_HEARTBEAT] running=[] | gpu0:free=24.8GiB util=51% | remaining: gemma_3_12b_it=2842, mistral_7b_instruct_v03=16, qwen3_8b=0
[SCHEDULER_HEARTBEAT] running=[] | gpu0:free=24.9GiB util=46% | remaining: gemma_3_12b_it=2842, mistral_7b_instruct_v03=15, qwen3_8b=0
[SCHEDULER_HEARTBEAT] running=[] | gpu0:free=25.0GiB util=48% | remaining: gemma_3_12b_it=2842, mistral_7b_instruct_v03=15, qwen3_8b=0
[SCHEDULER_HEARTBEAT] running=[] | gpu0:free=24.7GiB util=48% | remaining: gemma_3_12b_it=2842, mistral_7b_instruct_v03=15, qwen3_8b=0
[SCHEDULER_HEARTBEAT] running=[] | gpu0:free=24.7GiB util=48% | remaining: gemma_3_12b_it=2842, mistral_7b_instruct_v03=14, qwen3_8b=0
[SCHEDULER_HEARTBEAT] running=[] | gpu0:free=24.8GiB util=49% | remaining: gemma_3_12b_it=2842, mistral_7b_instruct_v03=14, qwen3_8b=0
[SCHEDULER_HEARTBEAT] running=[] | gpu0:free=24.8GiB util=48% | remaining: gemma_3_12b_it=2842, mistral_7b_instruct_v03=14, qwen3_8b=0
[SCHEDULER_HEARTBEAT] running=[] | gpu0:free=24.8GiB util=48% | remaining: gemma_3_12b_it=2842, mistral_7b_instruct_v03=13, qwen3_8b=0
[SCHEDULER_HEARTBEAT] running=[] | gpu0:free=24.8GiB util=48% | remaining: gemma_3_12b_it=2842, mistral_7b_instruct_v03=13, qwen3_8b=0
[SCHEDULER_HEARTBEAT] running=[] | gpu0:free=24.9GiB util=49% | remaining: gemma_3_12b_it=2842, mistral_7b_instruct_v03=13, qwen3_8b=0
[SCHEDULER_HEARTBEAT] running=[] | gpu0:free=24.7GiB util=49% | remaining: gemma_3_12b_it=2842, mistral_7b_instruct_v03=13, qwen3_8b=0
[SCHEDULER_HEARTBEAT] running=[] | gpu0:free=24.8GiB util=49% | remaining: gemma_3_12b_it=2842, mistral_7b_instruct_v03=12, qwen3_8b=0
[SCHEDULER_HEARTBEAT] running=[] | gpu0:free=24.9GiB util=49% | remaining: gemma_3_12b_it=2842, mistral_7b_instruct_v03=12, qwen3_8b=0
[SCHEDULER_HEARTBEAT] running=[] | gpu0:free=24.9GiB util=48% | remaining: gemma_3_12b_it=2842, mistral_7b_instruct_v03=12, qwen3_8b=0
[SCHEDULER_HEARTBEAT] running=[] | gpu0:free=24.8GiB util=48% | remaining: gemma_3_12b_it=2842, mistral_7b_instruct_v03=12, qwen3_8b=0
[SCHEDULER_HEARTBEAT] running=[] | gpu0:free=24.9GiB util=47% | remaining: gemma_3_12b_it=2842, mistral_7b_instruct_v03=11, qwen3_8b=0
[SCHEDULER_HEARTBEAT] running=[] | gpu0:free=24.7GiB util=49% | remaining: gemma_3_12b_it=2842, mistral_7b_instruct_v03=11, qwen3_8b=0
[SCHEDULER_HEARTBEAT] running=[] | gpu0:free=24.9GiB util=48% | remaining: gemma_3_12b_it=2842, mistral_7b_instruct_v03=11, qwen3_8b=0
[SCHEDULER_HEARTBEAT] running=[] | gpu0:free=24.7GiB util=46% | remaining: gemma_3_12b_it=2842, mistral_7b_instruct_v03=11, qwen3_8b=0
[SCHEDULER_HEARTBEAT] running=[] | gpu0:free=24.7GiB util=48% | remaining: gemma_3_12b_it=2842, mistral_7b_instruct_v03=11, qwen3_8b=0
[SCHEDULER_HEARTBEAT] running=[] | gpu0:free=24.6GiB util=49% | remaining: gemma_3_12b_it=2842, mistral_7b_instruct_v03=11, qwen3_8b=0
[SCHEDULER_HEARTBEAT] running=[] | gpu0:free=24.6GiB util=47% | remaining: gemma_3_12b_it=2842, mistral_7b_instruct_v03=11, qwen3_8b=0
[SCHEDULER_HEARTBEAT] running=[] | gpu0:free=24.8GiB util=50% | remaining: gemma_3_12b_it=2842, mistral_7b_instruct_v03=11, qwen3_8b=0
[SCHEDULER_HEARTBEAT] running=[] | gpu0:free=24.8GiB util=47% | remaining: gemma_3_12b_it=2842, mistral_7b_instruct_v03=11, qwen3_8b=0
[SCHEDULER_HEARTBEAT] running=[] | gpu0:free=24.7GiB util=48% | remaining: gemma_3_12b_it=2842, mistral_7b_instruct_v03=11, qwen3_8b=0
[SCHEDULER_HEARTBEAT] running=[] | gpu0:free=24.7GiB util=48% | remaining: gemma_3_12b_it=2842, mistral_7b_instruct_v03=11, qwen3_8b=0
[SCHEDULER_HEARTBEAT] running=[] | gpu0:free=24.8GiB util=49% | remaining: gemma_3_12b_it=2842, mistral_7b_instruct_v03=11, qwen3_8b=0
[SCHEDULER_HEARTBEAT] running=[] | gpu0:free=24.7GiB util=50% | remaining: gemma_3_12b_it=2842, mistral_7b_instruct_v03=10, qwen3_8b=0
[SCHEDULER_HEARTBEAT] running=[] | gpu0:free=24.7GiB util=48% | remaining: gemma_3_12b_it=2842, mistral_7b_instruct_v03=10, qwen3_8b=0
[SCHEDULER_HEARTBEAT] running=[] | gpu0:free=25.0GiB util=47% | remaining: gemma_3_12b_it=2842, mistral_7b_instruct_v03=10, qwen3_8b=0
[SCHEDULER_HEARTBEAT] running=[] | gpu0:free=24.8GiB util=49% | remaining: gemma_3_12b_it=2842, mistral_7b_instruct_v03=10, qwen3_8b=0
[SCHEDULER_HEARTBEAT] running=[] | gpu0:free=24.8GiB util=52% | remaining: gemma_3_12b_it=2842, mistral_7b_instruct_v03=10, qwen3_8b=0
[SCHEDULER_HEARTBEAT] running=[] | gpu0:free=24.7GiB util=49% | remaining: gemma_3_12b_it=2842, mistral_7b_instruct_v03=10, qwen3_8b=0
[SCHEDULER_HEARTBEAT] running=[] | gpu0:free=24.8GiB util=51% | remaining: gemma_3_12b_it=2842, mistral_7b_instruct_v03=10, qwen3_8b=0
[SCHEDULER_HEARTBEAT] running=[] | gpu0:free=24.6GiB util=49% | remaining: gemma_3_12b_it=2842, mistral_7b_instruct_v03=10, qwen3_8b=0
[SCHEDULER_HEARTBEAT] running=[] | gpu0:free=24.6GiB util=52% | remaining: gemma_3_12b_it=2842, mistral_7b_instruct_v03=10, qwen3_8b=0
[SCHEDULER_HEARTBEAT] running=[] | gpu0:free=24.8GiB util=49% | remaining: gemma_3_12b_it=2842, mistral_7b_instruct_v03=10, qwen3_8b=0
[SCHEDULER_HEARTBEAT] running=[] | gpu0:free=24.9GiB util=48% | remaining: gemma_3_12b_it=2842, mistral_7b_instruct_v03=10, qwen3_8b=0
[SCHEDULER_HEARTBEAT] running=[] | gpu0:free=24.5GiB util=47% | remaining: gemma_3_12b_it=2842, mistral_7b_instruct_v03=10, qwen3_8b=0
[SCHEDULER_HEARTBEAT] running=[] | gpu0:free=24.7GiB util=49% | remaining: gemma_3_12b_it=2842, mistral_7b_instruct_v03=9, qwen3_8b=0
[SCHEDULER_HEARTBEAT] running=[] | gpu0:free=24.9GiB util=47% | remaining: gemma_3_12b_it=2842, mistral_7b_instruct_v03=9, qwen3_8b=0
[SCHEDULER_HEARTBEAT] running=[] | gpu0:free=24.8GiB util=50% | remaining: gemma_3_12b_it=2842, mistral_7b_instruct_v03=9, qwen3_8b=0
[SCHEDULER_HEARTBEAT] running=[] | gpu0:free=24.8GiB util=48% | remaining: gemma_3_12b_it=2842, mistral_7b_instruct_v03=9, qwen3_8b=0
[SCHEDULER_HEARTBEAT] running=[] | gpu0:free=24.8GiB util=52% | remaining: gemma_3_12b_it=2842, mistral_7b_instruct_v03=9, qwen3_8b=0
[SCHEDULER_HEARTBEAT] running=[] | gpu0:free=24.8GiB util=48% | remaining: gemma_3_12b_it=2842, mistral_7b_instruct_v03=9, qwen3_8b=0
[SCHEDULER_HEARTBEAT] running=[] | gpu0:free=24.7GiB util=49% | remaining: gemma_3_12b_it=2842, mistral_7b_instruct_v03=9, qwen3_8b=0
[SCHEDULER_HEARTBEAT] running=[] | gpu0:free=24.8GiB util=49% | remaining: gemma_3_12b_it=2842, mistral_7b_instruct_v03=9, qwen3_8b=0
[SCHEDULER_HEARTBEAT] running=[] | gpu0:free=24.8GiB util=49% | remaining: gemma_3_12b_it=2842, mistral_7b_instruct_v03=9, qwen3_8b=0
[SCHEDULER_HEARTBEAT] running=[] | gpu0:free=24.7GiB util=49% | remaining: gemma_3_12b_it=2842, mistral_7b_instruct_v03=9, qwen3_8b=0
[SCHEDULER_HEARTBEAT] running=[] | gpu0:free=24.8GiB util=49% | remaining: gemma_3_12b_it=2842, mistral_7b_instruct_v03=9, qwen3_8b=0
[SCHEDULER_HEARTBEAT] running=[] | gpu0:free=24.6GiB util=49% | remaining: gemma_3_12b_it=2842, mistral_7b_instruct_v03=9, qwen3_8b=0
[SCHEDULER_HEARTBEAT] running=[] | gpu0:free=24.8GiB util=49% | remaining: gemma_3_12b_it=2842, mistral_7b_instruct_v03=8, qwen3_8b=0
[SCHEDULER_HEARTBEAT] running=[] | gpu0:free=24.9GiB util=51% | remaining: gemma_3_12b_it=2842, mistral_7b_instruct_v03=8, qwen3_8b=0
[SCHEDULER_HEARTBEAT] running=[] | gpu0:free=24.8GiB util=49% | remaining: gemma_3_12b_it=2842, mistral_7b_instruct_v03=8, qwen3_8b=0
[SCHEDULER_HEARTBEAT] running=[] | gpu0:free=24.8GiB util=48% | remaining: gemma_3_12b_it=2842, mistral_7b_instruct_v03=8, qwen3_8b=0
[SCHEDULER_HEARTBEAT] running=[] | gpu0:free=24.9GiB util=49% | remaining: gemma_3_12b_it=2842, mistral_7b_instruct_v03=8, qwen3_8b=0
[SCHEDULER_HEARTBEAT] running=[] | gpu0:free=24.7GiB util=48% | remaining: gemma_3_12b_it=2842, mistral_7b_instruct_v03=8, qwen3_8b=0
[SCHEDULER_HEARTBEAT] running=[] | gpu0:free=24.8GiB util=47% | remaining: gemma_3_12b_it=2842, mistral_7b_instruct_v03=8, qwen3_8b=0
[SCHEDULER_HEARTBEAT] running=[] | gpu0:free=24.6GiB util=50% | remaining: gemma_3_12b_it=2842, mistral_7b_instruct_v03=8, qwen3_8b=0
[SCHEDULER_HEARTBEAT] running=[] | gpu0:free=24.7GiB util=51% | remaining: gemma_3_12b_it=2842, mistral_7b_instruct_v03=8, qwen3_8b=0
[SCHEDULER_HEARTBEAT] running=[] | gpu0:free=24.7GiB util=48% | remaining: gemma_3_12b_it=2842, mistral_7b_instruct_v03=8, qwen3_8b=0
[SCHEDULER_HEARTBEAT] running=[] | gpu0:free=24.8GiB util=48% | remaining: gemma_3_12b_it=2842, mistral_7b_instruct_v03=8, qwen3_8b=0
[SCHEDULER_HEARTBEAT] running=[] | gpu0:free=24.9GiB util=49% | remaining: gemma_3_12b_it=2842, mistral_7b_instruct_v03=7, qwen3_8b=0
[SCHEDULER_HEARTBEAT] running=[] | gpu0:free=24.9GiB util=49% | remaining: gemma_3_12b_it=2842, mistral_7b_instruct_v03=7, qwen3_8b=0
[SCHEDULER_HEARTBEAT] running=[] | gpu0:free=24.6GiB util=50% | remaining: gemma_3_12b_it=2842, mistral_7b_instruct_v03=7, qwen3_8b=0
[SCHEDULER_HEARTBEAT] running=[] | gpu0:free=24.7GiB util=48% | remaining: gemma_3_12b_it=2842, mistral_7b_instruct_v03=7, qwen3_8b=0
[SCHEDULER_HEARTBEAT] running=[] | gpu0:free=24.8GiB util=50% | remaining: gemma_3_12b_it=2842, mistral_7b_instruct_v03=7, qwen3_8b=0
[SCHEDULER_HEARTBEAT] running=[] | gpu0:free=24.9GiB util=49% | remaining: gemma_3_12b_it=2842, mistral_7b_instruct_v03=7, qwen3_8b=0
[SCHEDULER_HEARTBEAT] running=[] | gpu0:free=24.7GiB util=48% | remaining: gemma_3_12b_it=2842, mistral_7b_instruct_v03=7, qwen3_8b=0
[SCHEDULER_HEARTBEAT] running=[] | gpu0:free=24.6GiB util=49% | remaining: gemma_3_12b_it=2842, mistral_7b_instruct_v03=7, qwen3_8b=0
[SCHEDULER_HEARTBEAT] running=[] | gpu0:free=24.7GiB util=48% | remaining: gemma_3_12b_it=2842, mistral_7b_instruct_v03=7, qwen3_8b=0
[SCHEDULER_HEARTBEAT] running=[] | gpu0:free=24.6GiB util=48% | remaining: gemma_3_12b_it=2842, mistral_7b_instruct_v03=7, qwen3_8b=0
[SCHEDULER_HEARTBEAT] running=[] | gpu0:free=24.8GiB util=51% | remaining: gemma_3_12b_it=2842, mistral_7b_instruct_v03=7, qwen3_8b=0
[SCHEDULER_HEARTBEAT] running=[] | gpu0:free=24.9GiB util=50% | remaining: gemma_3_12b_it=2842, mistral_7b_instruct_v03=6, qwen3_8b=0
[SCHEDULER_HEARTBEAT] running=[] | gpu0:free=24.7GiB util=48% | remaining: gemma_3_12b_it=2842, mistral_7b_instruct_v03=6, qwen3_8b=0
[SCHEDULER_HEARTBEAT] running=[] | gpu0:free=24.7GiB util=49% | remaining: gemma_3_12b_it=2842, mistral_7b_instruct_v03=6, qwen3_8b=0
[SCHEDULER_HEARTBEAT] running=[] | gpu0:free=24.8GiB util=50% | remaining: gemma_3_12b_it=2842, mistral_7b_instruct_v03=6, qwen3_8b=0
[SCHEDULER_HEARTBEAT] running=[] | gpu0:free=24.8GiB util=49% | remaining: gemma_3_12b_it=2842, mistral_7b_instruct_v03=6, qwen3_8b=0
[SCHEDULER_HEARTBEAT] running=[] | gpu0:free=24.6GiB util=50% | remaining: gemma_3_12b_it=2842, mistral_7b_instruct_v03=6, qwen3_8b=0
[SCHEDULER_HEARTBEAT] running=[] | gpu0:free=24.8GiB util=50% | remaining: gemma_3_12b_it=2842, mistral_7b_instruct_v03=6, qwen3_8b=0
[SCHEDULER_HEARTBEAT] running=[] | gpu0:free=24.5GiB util=50% | remaining: gemma_3_12b_it=2842, mistral_7b_instruct_v03=6, qwen3_8b=0
[SCHEDULER_HEARTBEAT] running=[] | gpu0:free=24.6GiB util=50% | remaining: gemma_3_12b_it=2842, mistral_7b_instruct_v03=6, qwen3_8b=0
[SCHEDULER_HEARTBEAT] running=[] | gpu0:free=24.7GiB util=47% | remaining: gemma_3_12b_it=2842, mistral_7b_instruct_v03=6, qwen3_8b=0
[SCHEDULER_HEARTBEAT] running=[] | gpu0:free=24.5GiB util=49% | remaining: gemma_3_12b_it=2842, mistral_7b_instruct_v03=6, qwen3_8b=0
[SCHEDULER_HEARTBEAT] running=[] | gpu0:free=24.5GiB util=52% | remaining: gemma_3_12b_it=2842, mistral_7b_instruct_v03=6, qwen3_8b=0
[SCHEDULER_HEARTBEAT] running=[] | gpu0:free=24.8GiB util=48% | remaining: gemma_3_12b_it=2842, mistral_7b_instruct_v03=5, qwen3_8b=0
[SCHEDULER_HEARTBEAT] running=[] | gpu0:free=24.8GiB util=49% | remaining: gemma_3_12b_it=2842, mistral_7b_instruct_v03=5, qwen3_8b=0
[SCHEDULER_HEARTBEAT] running=[] | gpu0:free=24.9GiB util=48% | remaining: gemma_3_12b_it=2842, mistral_7b_instruct_v03=5, qwen3_8b=0
[SCHEDULER_HEARTBEAT] running=[] | gpu0:free=24.9GiB util=48% | remaining: gemma_3_12b_it=2842, mistral_7b_instruct_v03=5, qwen3_8b=0
[SCHEDULER_HEARTBEAT] running=[] | gpu0:free=24.8GiB util=48% | remaining: gemma_3_12b_it=2842, mistral_7b_instruct_v03=5, qwen3_8b=0
[SCHEDULER_HEARTBEAT] running=[] | gpu0:free=24.6GiB util=47% | remaining: gemma_3_12b_it=2842, mistral_7b_instruct_v03=5, qwen3_8b=0
[SCHEDULER_HEARTBEAT] running=[] | gpu0:free=24.7GiB util=50% | remaining: gemma_3_12b_it=2842, mistral_7b_instruct_v03=5, qwen3_8b=0
[SCHEDULER_HEARTBEAT] running=[] | gpu0:free=24.6GiB util=49% | remaining: gemma_3_12b_it=2842, mistral_7b_instruct_v03=5, qwen3_8b=0
[SCHEDULER_HEARTBEAT] running=[] | gpu0:free=24.8GiB util=50% | remaining: gemma_3_12b_it=2842, mistral_7b_instruct_v03=5, qwen3_8b=0
[SCHEDULER_HEARTBEAT] running=[] | gpu0:free=24.5GiB util=49% | remaining: gemma_3_12b_it=2842, mistral_7b_instruct_v03=5, qwen3_8b=0
[SCHEDULER_HEARTBEAT] running=[] | gpu0:free=24.7GiB util=49% | remaining: gemma_3_12b_it=2842, mistral_7b_instruct_v03=5, qwen3_8b=0
[SCHEDULER_HEARTBEAT] running=[] | gpu0:free=24.6GiB util=46% | remaining: gemma_3_12b_it=2842, mistral_7b_instruct_v03=4, qwen3_8b=0
[SCHEDULER_HEARTBEAT] running=[] | gpu0:free=24.8GiB util=49% | remaining: gemma_3_12b_it=2842, mistral_7b_instruct_v03=4, qwen3_8b=0
[SCHEDULER_HEARTBEAT] running=[] | gpu0:free=24.8GiB util=50% | remaining: gemma_3_12b_it=2842, mistral_7b_instruct_v03=4, qwen3_8b=0
[SCHEDULER_HEARTBEAT] running=[] | gpu0:free=24.8GiB util=51% | remaining: gemma_3_12b_it=2842, mistral_7b_instruct_v03=4, qwen3_8b=0
[SCHEDULER_HEARTBEAT] running=[] | gpu0:free=24.9GiB util=47% | remaining: gemma_3_12b_it=2842, mistral_7b_instruct_v03=4, qwen3_8b=0
[SCHEDULER_HEARTBEAT] running=[] | gpu0:free=24.8GiB util=47% | remaining: gemma_3_12b_it=2842, mistral_7b_instruct_v03=4, qwen3_8b=0
[SCHEDULER_HEARTBEAT] running=[] | gpu0:free=24.6GiB util=49% | remaining: gemma_3_12b_it=2842, mistral_7b_instruct_v03=4, qwen3_8b=0
[SCHEDULER_HEARTBEAT] running=[] | gpu0:free=24.8GiB util=47% | remaining: gemma_3_12b_it=2842, mistral_7b_instruct_v03=4, qwen3_8b=0
[SCHEDULER_HEARTBEAT] running=[] | gpu0:free=24.7GiB util=48% | remaining: gemma_3_12b_it=2842, mistral_7b_instruct_v03=4, qwen3_8b=0
[SCHEDULER_HEARTBEAT] running=[] | gpu0:free=24.6GiB util=48% | remaining: gemma_3_12b_it=2842, mistral_7b_instruct_v03=4, qwen3_8b=0
[SCHEDULER_HEARTBEAT] running=[] | gpu0:free=24.6GiB util=51% | remaining: gemma_3_12b_it=2842, mistral_7b_instruct_v03=4, qwen3_8b=0
[SCHEDULER_HEARTBEAT] running=[] | gpu0:free=24.5GiB util=46% | remaining: gemma_3_12b_it=2842, mistral_7b_instruct_v03=4, qwen3_8b=0
[SCHEDULER_HEARTBEAT] running=[] | gpu0:free=24.8GiB util=47% | remaining: gemma_3_12b_it=2842, mistral_7b_instruct_v03=3, qwen3_8b=0
[SCHEDULER_HEARTBEAT] running=[] | gpu0:free=24.8GiB util=48% | remaining: gemma_3_12b_it=2842, mistral_7b_instruct_v03=3, qwen3_8b=0
[SCHEDULER_HEARTBEAT] running=[] | gpu0:free=24.7GiB util=48% | remaining: gemma_3_12b_it=2842, mistral_7b_instruct_v03=3, qwen3_8b=0
[SCHEDULER_HEARTBEAT] running=[] | gpu0:free=24.6GiB util=49% | remaining: gemma_3_12b_it=2842, mistral_7b_instruct_v03=3, qwen3_8b=0
[SCHEDULER_HEARTBEAT] running=[] | gpu0:free=24.8GiB util=48% | remaining: gemma_3_12b_it=2842, mistral_7b_instruct_v03=3, qwen3_8b=0
[SCHEDULER_HEARTBEAT] running=[] | gpu0:free=24.6GiB util=48% | remaining: gemma_3_12b_it=2842, mistral_7b_instruct_v03=3, qwen3_8b=0
[SCHEDULER_HEARTBEAT] running=[] | gpu0:free=24.8GiB util=49% | remaining: gemma_3_12b_it=2842, mistral_7b_instruct_v03=3, qwen3_8b=0
[SCHEDULER_HEARTBEAT] running=[] | gpu0:free=24.7GiB util=48% | remaining: gemma_3_12b_it=2842, mistral_7b_instruct_v03=3, qwen3_8b=0
[SCHEDULER_HEARTBEAT] running=[] | gpu0:free=24.8GiB util=51% | remaining: gemma_3_12b_it=2842, mistral_7b_instruct_v03=3, qwen3_8b=0
[SCHEDULER_HEARTBEAT] running=[] | gpu0:free=24.7GiB util=48% | remaining: gemma_3_12b_it=2842, mistral_7b_instruct_v03=3, qwen3_8b=0
[SCHEDULER_HEARTBEAT] running=[] | gpu0:free=24.5GiB util=49% | remaining: gemma_3_12b_it=2842, mistral_7b_instruct_v03=3, qwen3_8b=0
[SCHEDULER_HEARTBEAT] running=[] | gpu0:free=24.6GiB util=49% | remaining: gemma_3_12b_it=2842, mistral_7b_instruct_v03=3, qwen3_8b=0
[SCHEDULER_HEARTBEAT] running=[] | gpu0:free=24.6GiB util=48% | remaining: gemma_3_12b_it=2842, mistral_7b_instruct_v03=2, qwen3_8b=0
[SCHEDULER_HEARTBEAT] running=[] | gpu0:free=24.8GiB util=49% | remaining: gemma_3_12b_it=2842, mistral_7b_instruct_v03=2, qwen3_8b=0
[SCHEDULER_HEARTBEAT] running=[] | gpu0:free=24.6GiB util=49% | remaining: gemma_3_12b_it=2842, mistral_7b_instruct_v03=2, qwen3_8b=0
[SCHEDULER_HEARTBEAT] running=[] | gpu0:free=24.9GiB util=49% | remaining: gemma_3_12b_it=2842, mistral_7b_instruct_v03=2, qwen3_8b=0
[SCHEDULER_HEARTBEAT] running=[] | gpu0:free=24.6GiB util=49% | remaining: gemma_3_12b_it=2842, mistral_7b_instruct_v03=2, qwen3_8b=0
[SCHEDULER_HEARTBEAT] running=[] | gpu0:free=24.7GiB util=50% | remaining: gemma_3_12b_it=2842, mistral_7b_instruct_v03=2, qwen3_8b=0
[SCHEDULER_HEARTBEAT] running=[] | gpu0:free=24.8GiB util=49% | remaining: gemma_3_12b_it=2842, mistral_7b_instruct_v03=2, qwen3_8b=0
[SCHEDULER_HEARTBEAT] running=[] | gpu0:free=24.6GiB util=49% | remaining: gemma_3_12b_it=2842, mistral_7b_instruct_v03=2, qwen3_8b=0
[SCHEDULER_HEARTBEAT] running=[] | gpu0:free=24.7GiB util=49% | remaining: gemma_3_12b_it=2842, mistral_7b_instruct_v03=2, qwen3_8b=0
[SCHEDULER_HEARTBEAT] running=[] | gpu0:free=24.6GiB util=49% | remaining: gemma_3_12b_it=2842, mistral_7b_instruct_v03=2, qwen3_8b=0
[SCHEDULER_HEARTBEAT] running=[] | gpu0:free=24.5GiB util=50% | remaining: gemma_3_12b_it=2842, mistral_7b_instruct_v03=2, qwen3_8b=0
[SCHEDULER_HEARTBEAT] running=[] | gpu0:free=24.6GiB util=49% | remaining: gemma_3_12b_it=2842, mistral_7b_instruct_v03=2, qwen3_8b=0
[SCHEDULER_HEARTBEAT] running=[] | gpu0:free=24.8GiB util=48% | remaining: gemma_3_12b_it=2842, mistral_7b_instruct_v03=1, qwen3_8b=0
[SCHEDULER_HEARTBEAT] running=[] | gpu0:free=24.6GiB util=48% | remaining: gemma_3_12b_it=2842, mistral_7b_instruct_v03=1, qwen3_8b=0
[SCHEDULER_HEARTBEAT] running=[] | gpu0:free=24.8GiB util=52% | remaining: gemma_3_12b_it=2842, mistral_7b_instruct_v03=1, qwen3_8b=0
[SCHEDULER_HEARTBEAT] running=[] | gpu0:free=24.6GiB util=49% | remaining: gemma_3_12b_it=2842, mistral_7b_instruct_v03=1, qwen3_8b=0
[SCHEDULER_HEARTBEAT] running=[] | gpu0:free=24.7GiB util=54% | remaining: gemma_3_12b_it=2842, mistral_7b_instruct_v03=1, qwen3_8b=0
[SCHEDULER_HEARTBEAT] running=[] | gpu0:free=24.8GiB util=49% | remaining: gemma_3_12b_it=2842, mistral_7b_instruct_v03=1, qwen3_8b=0
[SCHEDULER_HEARTBEAT] running=[] | gpu0:free=24.5GiB util=48% | remaining: gemma_3_12b_it=2842, mistral_7b_instruct_v03=1, qwen3_8b=0
[SCHEDULER_HEARTBEAT] running=[] | gpu0:free=24.7GiB util=50% | remaining: gemma_3_12b_it=2842, mistral_7b_instruct_v03=1, qwen3_8b=0
[SCHEDULER_HEARTBEAT] running=[] | gpu0:free=24.8GiB util=48% | remaining: gemma_3_12b_it=2842, mistral_7b_instruct_v03=1, qwen3_8b=0
[SCHEDULER_HEARTBEAT] running=[] | gpu0:free=24.7GiB util=49% | remaining: gemma_3_12b_it=2842, mistral_7b_instruct_v03=1, qwen3_8b=0
[SCHEDULER_HEARTBEAT] running=[] | gpu0:free=24.6GiB util=50% | remaining: gemma_3_12b_it=2842, mistral_7b_instruct_v03=1, qwen3_8b=0
[SCHEDULER_HEARTBEAT] running=[] | gpu0:free=24.5GiB util=50% | remaining: gemma_3_12b_it=2842, mistral_7b_instruct_v03=1, qwen3_8b=0
[SCHEDULER_HEARTBEAT] running=[] | gpu0:free=2.2GiB util=29% | remaining: gemma_3_12b_it=2842, mistral_7b_instruct_v03=0, qwen3_8b=0
[SCHEDULER_HEARTBEAT] running=[] | gpu0:free=15.8GiB util=62% | remaining: gemma_3_12b_it=2842, mistral_7b_instruct_v03=0, qwen3_8b=0
[SCHEDULER_HEARTBEAT] running=[] | gpu0:free=15.3GiB util=69% | remaining: gemma_3_12b_it=2842, mistral_7b_instruct_v03=0, qwen3_8b=0
[SCHEDULER_HEARTBEAT] running=[] | gpu0:free=15.2GiB util=63% | remaining: gemma_3_12b_it=2840, mistral_7b_instruct_v03=0, qwen3_8b=0
[SCHEDULER_HEARTBEAT] running=[] | gpu0:free=15.2GiB util=60% | remaining: gemma_3_12b_it=2838, mistral_7b_instruct_v03=0, qwen3_8b=0
[SCHEDULER_HEARTBEAT] running=[] | gpu0:free=15.2GiB util=63% | remaining: gemma_3_12b_it=2838, mistral_7b_instruct_v03=0, qwen3_8b=0
[SCHEDULER_HEARTBEAT] running=[] | gpu0:free=15.2GiB util=56% | remaining: gemma_3_12b_it=2836, mistral_7b_instruct_v03=0, qwen3_8b=0
[SCHEDULER_HEARTBEAT] running=[] | gpu0:free=15.2GiB util=64% | remaining: gemma_3_12b_it=2836, mistral_7b_instruct_v03=0, qwen3_8b=0
[WORKER_STARTED] model=gemma_3_12b_it gpu=0 free_gib=39.37 required_gib=37 remaining=2834
[SCHEDULER_HEARTBEAT] running=['gemma_3_12b_it'] | gpu0:free=39.4GiB util=0% | remaining: gemma_3_12b_it=2834, mistral_7b_instruct_v03=0, qwen3_8b=0
[gemma_3_12b_it|gpu0] === MODEL EXPERIMENT WORKER ===
[gemma_3_12b_it|gpu0] [MODEL_ID] gemma_3_12b_it
[gemma_3_12b_it|gpu0] [MODEL_PATH] /home/tahiti/RIFT/models/Gemma-3-12B-it
[gemma_3_12b_it|gpu0] [GPU_PHYSICAL_ID] 0
[gemma_3_12b_it|gpu0] [PYTHON] /home/tahiti/Forensics/.venv_forensics/bin/python
[gemma_3_12b_it|gpu0] [TORCH] 2.6.0+cu124
[gemma_3_12b_it|gpu0] [TRANSFORMERS] 5.12.0
[gemma_3_12b_it|gpu0] [TOTAL_JOBS] 2842
[gemma_3_12b_it|gpu0] [ALREADY_SUCCESSFUL] 8
[gemma_3_12b_it|gpu0] [SKIPPED_ERRORS] 0
[gemma_3_12b_it|gpu0] [PENDING] 2834
[gemma_3_12b_it|gpu0] [GPU_BEFORE_LOAD] {"cuda_available": true, "device": "NVIDIA A100-PCIE-40GB", "free_gib": 38.955, "total_gib": 39.381, "allocated_gib": 0.0, "reserved_gib": 0.0, "max_allocated_gib": 0.0}
[gemma_3_12b_it|gpu0] [LOAD_TOKENIZER]
[gemma_3_12b_it|gpu0] [TOKENIZER_OK] 2.257s
[gemma_3_12b_it|gpu0] [LOAD_MODEL]
[gemma_3_12b_it|gpu0] [DEVICE_MAP] auto
[gemma_3_12b_it|gpu0] 
[gemma_3_12b_it|gpu0] Loading weights:   0%|          | 0/1065 [00:00<?, ?it/s]
[gemma_3_12b_it|gpu0] Loading weights:   0%|          | 1/1065 [00:00<03:26,  5.15it/s]
[gemma_3_12b_it|gpu0] Loading weights:   2%|▏         | 17/1065 [00:00<00:15, 65.51it/s]
[gemma_3_12b_it|gpu0] Loading weights:   3%|▎         | 36/1065 [00:00<00:09, 109.80it/s]
[gemma_3_12b_it|gpu0] Loading weights:   5%|▌         | 55/1065 [00:00<00:07, 130.36it/s]
[gemma_3_12b_it|gpu0] Loading weights:   7%|▋         | 70/1065 [00:00<00:07, 128.72it/s]
[gemma_3_12b_it|gpu0] Loading weights:   9%|▉         | 94/1065 [00:00<00:06, 155.54it/s]
[gemma_3_12b_it|gpu0] Loading weights:  10%|█         | 111/1065 [00:00<00:06, 150.71it/s]
[gemma_3_12b_it|gpu0] Loading weights:  12%|█▏        | 133/1065 [00:00<00:05, 162.68it/s]
[gemma_3_12b_it|gpu0] Loading weights:  14%|█▍        | 150/1065 [00:01<00:06, 150.98it/s]
[gemma_3_12b_it|gpu0] Loading weights:  16%|█▌        | 169/1065 [00:01<00:05, 159.34it/s]
[gemma_3_12b_it|gpu0] Loading weights:  17%|█▋        | 186/1065 [00:01<00:05, 150.11it/s]
[gemma_3_12b_it|gpu0] Loading weights:  19%|█▉        | 206/1065 [00:01<00:05, 161.20it/s]
[gemma_3_12b_it|gpu0] Loading weights:  21%|██        | 224/1065 [00:01<00:05, 159.44it/s]
[gemma_3_12b_it|gpu0] Loading weights:  23%|██▎       | 241/1065 [00:01<00:05, 150.92it/s]
[gemma_3_12b_it|gpu0] Loading weights:  25%|██▍       | 262/1065 [00:01<00:04, 166.52it/s]
[gemma_3_12b_it|gpu0] Loading weights:  26%|██▋       | 280/1065 [00:01<00:05, 150.90it/s]
[gemma_3_12b_it|gpu0] Loading weights:  28%|██▊       | 302/1065 [00:02<00:04, 161.12it/s]
[gemma_3_12b_it|gpu0] Loading weights:  30%|██▉       | 319/1065 [00:02<00:04, 151.40it/s]
[gemma_3_12b_it|gpu0] Loading weights:  32%|███▏      | 341/1065 [00:02<00:04, 163.80it/s]
[gemma_3_12b_it|gpu0] Loading weights:  34%|███▎      | 358/1065 [00:02<00:04, 154.44it/s]
[gemma_3_12b_it|gpu0] Loading weights:  36%|███▌      | 380/1065 [00:02<00:04, 164.01it/s]
[gemma_3_12b_it|gpu0] Loading weights:  37%|███▋      | 397/1065 [00:02<00:04, 158.65it/s]
[gemma_3_12b_it|gpu0] Loading weights:  39%|███▉      | 417/1065 [00:02<00:03, 168.61it/s]
[gemma_3_12b_it|gpu0] Loading weights:  41%|████      | 435/1065 [00:02<00:04, 154.00it/s]
[gemma_3_12b_it|gpu0] Loading weights:  43%|████▎     | 456/1065 [00:03<00:03, 167.22it/s]
[gemma_3_12b_it|gpu0] Loading weights:  45%|████▍     | 474/1065 [00:03<00:04, 147.41it/s]
[gemma_3_12b_it|gpu0] Loading weights:  47%|████▋     | 497/1065 [00:03<00:03, 160.95it/s]
[gemma_3_12b_it|gpu0] Loading weights:  48%|████▊     | 514/1065 [00:03<00:03, 156.28it/s]
[gemma_3_12b_it|gpu0] Loading weights:  50%|█████     | 536/1065 [00:03<00:03, 164.48it/s]
[gemma_3_12b_it|gpu0] Loading weights:  52%|█████▏    | 553/1065 [00:03<00:03, 156.49it/s]
[gemma_3_12b_it|gpu0] Loading weights:  54%|█████▍    | 575/1065 [00:03<00:02, 166.26it/s]
[gemma_3_12b_it|gpu0] Loading weights:  56%|█████▌    | 592/1065 [00:03<00:03, 152.83it/s]
[gemma_3_12b_it|gpu0] Loading weights:  57%|█████▋    | 608/1065 [00:04<00:02, 154.51it/s]
[gemma_3_12b_it|gpu0] Loading weights:  61%|██████▏   | 653/1065 [00:04<00:01, 233.01it/s]
[gemma_3_12b_it|gpu0] Loading weights:  83%|████████▎ | 880/1065 [00:04<00:00, 794.70it/s]
[gemma_3_12b_it|gpu0] Loading weights: 100%|██████████| 1065/1065 [00:04<00:00, 247.58it/s]
[gemma_3_12b_it|gpu0] [MODEL_OK] 5.937s
[gemma_3_12b_it|gpu0] [GPU_AFTER_LOAD] {"cuda_available": true, "device": "NVIDIA A100-PCIE-40GB", "free_gib": 16.162, "total_gib": 39.381, "allocated_gib": 22.701, "reserved_gib": 22.719, "max_allocated_gib": 22.701}
[gemma_3_12b_it|gpu0] [MAX_BATCH_SIZE] 2
[gemma_3_12b_it|gpu0] [TOKEN_BUDGET] 7000
[gemma_3_12b_it|gpu0] [MODEL_CONTEXT] 1024
[gemma_3_12b_it|gpu0] [PREPARATION_ERRORS] 2834
[gemma_3_12b_it|gpu0] [BATCHES] 0
[gemma_3_12b_it|gpu0] === MODEL WORKER FINISHED ===
[gemma_3_12b_it|gpu0] [FINAL_SUCCESSFUL_OR_INVALID] 8/2842
[gemma_3_12b_it|gpu0] [FINAL_ERRORS] 2834
[gemma_3_12b_it|gpu0] [GPU_AFTER_CLEANUP] {"cuda_available": true, "device": "NVIDIA A100-PCIE-40GB", "free_gib": 38.881, "total_gib": 39.381, "allocated_gib": 0.0, "reserved_gib": 0.0, "max_allocated_gib": 22.701}
[WORKER_FINISHED] model=gemma_3_12b_it gpu=0 code=1 progress={"total": 2842, "predictions": 8, "errors": 2834, "remaining": 2834}
=== SCHEDULER STOPPED WITH FAILED MODELS ===
[FAILED_MODELS] ['gemma_3_12b_it']
{
  "qwen3_8b": {
    "total": 2842,
    "predictions": 2842,
    "errors": 0,
    "remaining": 0
  },
  "mistral_7b_instruct_v03": {
    "total": 2842,
    "predictions": 2842,
    "errors": 0,
    "remaining": 0
  },
  "gemma_3_12b_it": {
    "total": 2842,
    "predictions": 8,
    "errors": 2834,
    "remaining": 2834
  }
}
