model_id,dataset,record_id,condition,partial_f1
Gemma-3-12B-IT,EBM-NLP,11229858,P1,0.8235294117647058
Gemma-3-12B-IT,EBM-NLP,2678230,P1,0.5384615384615384
Gemma-3-12B-IT,EBM-NLP,11229858,P2,0.8235294117647058
Gemma-3-12B-IT,EBM-NLP,8916620,P1,0.3157894736842105
Gemma-3-12B-IT,EBM-NLP,11381289,P1,0.4761904761904762
Gemma-3-12B-IT,EBM-NLP,4919024,P1,0.2352941176470588
Gemma-3-12B-IT,EBM-NLP,3067745,P1,0.5833333333333334
Gemma-3-12B-IT,EBM-NLP,19708562,P1,0.5833333333333334
Gemma-3-12B-IT,SciERC,P86-1011,P1,0.1818181818181818
Gemma-3-12B-IT,EBM-NLP,21914768,P1,0.5454545454545454
Gemma-3-12B-IT,EBM-NLP,23849147,P1,0.4615384615384615
Gemma-3-12B-IT,EBM-NLP,15358868,P1,0.5714285714285715
Gemma-3-12B-IT,EBM-NLP,2678230,P2,0.5925925925925927
Gemma-3-12B-IT,EBM-NLP,6938020,P1,0.7407407407407408
Gemma-3-12B-IT,EBM-NLP,19096921,P1,0.5
Gemma-3-12B-IT,EBM-NLP,7844976,P1,0.3571428571428571
Gemma-3-12B-IT,SciERC,ECCV_2016_110_abs,P1,0.3333333333333333
Gemma-3-12B-IT,EBM-NLP,384815,P1,0.5
Gemma-3-12B-IT,EBM-NLP,10934569,P1,0.3999999999999999
Gemma-3-12B-IT,EBM-NLP,22271197,P1,0.2857142857142857
Gemma-3-12B-IT,SciERC,P06-3007,P1,0.5882352941176471
Gemma-3-12B-IT,EBM-NLP,24803369,P1,0.3478260869565218
Gemma-3-12B-IT,EBM-NLP,8779382,P1,0.2307692307692307
Gemma-3-12B-IT,SciERC,E95-1033,P1,0.0
Gemma-3-12B-IT,EBM-NLP,11229858,P3,0.8235294117647058
Gemma-3-12B-IT,SciERC,C88-1044,P1,0.3529411764705882
Gemma-3-12B-IT,SciERC,I05-5004,P1,0.5
Gemma-3-12B-IT,SciERC,P06-1018,P1,0.0
Gemma-3-12B-IT,SciERC,E99-1015,P1,0.5263157894736842
Gemma-3-12B-IT,EBM-NLP,22416755,P1,0.6428571428571429
Gemma-3-12B-IT,SciERC,P06-2012,P1,0.8148148148148148
Gemma-3-12B-IT,EBM-NLP,8916620,P2,0.3157894736842105
Gemma-3-12B-IT,EBM-NLP,1459268,P1,0.2222222222222222
Gemma-3-12B-IT,SciERC,P05-1039,P1,0.6363636363636365
Gemma-3-12B-IT,EBM-NLP,1968178,P1,0.6086956521739131
Gemma-3-12B-IT,EBM-NLP,11891832,P1,0.5714285714285714
Gemma-3-12B-IT,EBM-NLP,1780092,P1,0.1481481481481481
Gemma-3-12B-IT,SciERC,P06-1053,P1,0.1818181818181818
Gemma-3-12B-IT,EBM-NLP,25931290,P1,0.48
Gemma-3-12B-IT,SciERC,P05-2013,P1,0.2
Gemma-3-12B-IT,EBM-NLP,1131298,P1,0.5
Gemma-3-12B-IT,EBM-NLP,20509069,P1,0.6363636363636364
Gemma-3-12B-IT,EBM-NLP,7017018,P1,0.4
Gemma-3-12B-IT,EBM-NLP,11381289,P2,0.4761904761904762
Gemma-3-12B-IT,SciERC,C86-1081,P1,0.1428571428571428
Gemma-3-12B-IT,SciERC,P06-1013,P1,0.6666666666666667
Gemma-3-12B-IT,EBM-NLP,15854186,P1,0.5333333333333333
Gemma-3-12B-IT,SciERC,P06-4007,P1,0.1176470588235294
Gemma-3-12B-IT,EBM-NLP,4919024,P2,0.2666666666666666
Gemma-3-12B-IT,EBM-NLP,11750293,P1,0.2962962962962963
Gemma-3-12B-IT,EBM-NLP,3067745,P2,0.5833333333333334
Gemma-3-12B-IT,EBM-NLP,6951573,P1,0.4137931034482758
Gemma-3-12B-IT,SciERC,P83-1004,P1,0.1052631578947368
Gemma-3-12B-IT,EBM-NLP,9229602,P1,0.5714285714285714
Gemma-3-12B-IT,EBM-NLP,19708562,P2,0.5833333333333334
Gemma-3-12B-IT,SciERC,C04-1011,P1,0.2
Gemma-3-12B-IT,SciERC,P86-1011,P2,0.1818181818181818
Gemma-3-12B-IT,SciERC,E06-1022,P1,0.48
Gemma-3-12B-IT,EBM-NLP,21914768,P2,0.4444444444444444
Gemma-3-12B-IT,EBM-NLP,20618920,P1,0.3333333333333333
Gemma-3-12B-IT,SciERC,CVPR_2003_30_abs,P1,0.4827586206896552
Gemma-3-12B-IT,SciERC,CVPR_2004_18_abs,P1,0.6428571428571429
Gemma-3-12B-IT,EBM-NLP,23849147,P2,0.4347826086956521
Gemma-3-12B-IT,EBM-NLP,3081600,P1,0.3333333333333333
Gemma-3-12B-IT,EBM-NLP,24660757,P1,0.2352941176470588
Gemma-3-12B-IT,SciERC,H05-1095,P1,0.5599999999999999
Gemma-3-12B-IT,EBM-NLP,15358868,P2,0.6956521739130435
Gemma-3-12B-IT,SciERC,P03-1070,P1,0.6060606060606061
Gemma-3-12B-IT,EBM-NLP,6938020,P2,0.7142857142857142
Gemma-3-12B-IT,SciERC,C08-2010,P1,0.1481481481481481
Gemma-3-12B-IT,SciERC,C04-1128,P1,0.48
Gemma-3-12B-IT,EBM-NLP,19096921,P2,0.5
Gemma-3-12B-IT,SciERC,INTERSPEECH_2007_40_abs,P1,0.5454545454545454
Gemma-3-12B-IT,EBM-NLP,7844976,P2,0.0952380952380952
Gemma-3-12B-IT,SciERC,ECCV_2016_110_abs,P2,0.3333333333333333
Gemma-3-12B-IT,SciERC,N06-1037,P1,0.6666666666666666
Gemma-3-12B-IT,SciERC,C04-1036,P1,0.3448275862068965
Gemma-3-12B-IT,EBM-NLP,23838728,P1,0.2222222222222222
Gemma-3-12B-IT,EBM-NLP,384815,P2,0.5
Gemma-3-12B-IT,EBM-NLP,2678230,P3,0.5384615384615384
Gemma-3-12B-IT,EBM-NLP,10934569,P2,0.3999999999999999
Gemma-3-12B-IT,EBM-NLP,22271197,P2,0.2222222222222222
Gemma-3-12B-IT,EBM-NLP,7827398,P1,0.4761904761904762
Gemma-3-12B-IT,SciERC,P06-3007,P2,0.5882352941176471
Gemma-3-12B-IT,SciERC,CVPR_2011_10_abs,P1,0.6486486486486486
Gemma-3-12B-IT,EBM-NLP,23021296,P1,0.5555555555555556
Gemma-3-12B-IT,SciERC,NIPS_2016_80_abs,P1,0.2307692307692307
Gemma-3-12B-IT,EBM-NLP,24803369,P2,0.3636363636363636
Gemma-3-12B-IT,SciERC,CVPR_1999_15_abs,P1,0.1481481481481481
Gemma-3-12B-IT,EBM-NLP,8779382,P2,0.3636363636363636
Gemma-3-12B-IT,EBM-NLP,16427787,P1,0.6153846153846154
Gemma-3-12B-IT,SciERC,C96-1062,P1,0.5161290322580646
Gemma-3-12B-IT,SciERC,J82-3002,P1,0.1818181818181818
Gemma-3-12B-IT,SciERC,E95-1033,P2,0.1176470588235294
Gemma-3-12B-IT,SciERC,ICCV_2013_25_abs,P1,0.5714285714285714
Gemma-3-12B-IT,EBM-NLP,3919804,P1,0.5625
Gemma-3-12B-IT,SciERC,N04-1022,P1,0.5625000000000001
Gemma-3-12B-IT,SciERC,C88-1044,P2,0.3529411764705882
Gemma-3-12B-IT,EBM-NLP,18229990,P1,0.6470588235294118
Gemma-3-12B-IT,SciERC,C90-3063,P1,0.3846153846153846
Gemma-3-12B-IT,SciERC,CVPR_2004_30_abs,P1,0.3428571428571428
Gemma-3-12B-IT,EBM-NLP,11229858,P4,0.888888888888889
Gemma-3-12B-IT,EBM-NLP,2223363,P1,0.6363636363636364
Gemma-3-12B-IT,SciERC,P06-1018,P2,0.0
Gemma-3-12B-IT,SciERC,I05-5004,P2,0.5263157894736842
Gemma-3-12B-IT,EBM-NLP,22416755,P2,0.6428571428571429
Gemma-3-12B-IT,SciERC,I05-4010,P1,0.2608695652173913
Gemma-3-12B-IT,SciERC,NIPS_2002_18_abs,P1,0.2758620689655172
Gemma-3-12B-IT,EBM-NLP,1459268,P2,0.0909090909090909
Gemma-3-12B-IT,SciERC,E99-1015,P2,0.625
Gemma-3-12B-IT,SciERC,P06-2012,P2,0.7199999999999999
Gemma-3-12B-IT,SciERC,P05-1039,P2,0.6363636363636365
Gemma-3-12B-IT,EBM-NLP,10752495,P1,0.5641025641025642
Gemma-3-12B-IT,SciERC,P01-1056,P1,0.4000000000000001
Gemma-3-12B-IT,EBM-NLP,18773733,P1,0.24
Gemma-3-12B-IT,SciERC,INTERSPEECH_2013_21_abs,P1,0.4864864864864864
Gemma-3-12B-IT,EBM-NLP,1968178,P2,0.6086956521739131
Gemma-3-12B-IT,SciERC,A97-1020,P1,0.0
Gemma-3-12B-IT,EBM-NLP,15193668,P1,0.3870967741935484
Gemma-3-12B-IT,EBM-NLP,1780092,P2,0.1481481481481481
Gemma-3-12B-IT,SciERC,P06-1053,P2,0.4347826086956521
Gemma-3-12B-IT,SciERC,P08-1105,P1,0.5
Gemma-3-12B-IT,EBM-NLP,11891832,P2,0.5714285714285714
Gemma-3-12B-IT,EBM-NLP,25931290,P2,0.3478260869565217
Gemma-3-12B-IT,SciERC,P05-2013,P2,0.2
Gemma-3-12B-IT,SciERC,C00-2123,P1,0.0
Gemma-3-12B-IT,EBM-NLP,2224060,P1,0.411764705882353
Gemma-3-12B-IT,EBM-NLP,1131298,P2,0.4347826086956521
Gemma-3-12B-IT,EBM-NLP,6421395,P1,0.717948717948718
Gemma-3-12B-IT,EBM-NLP,22744141,P1,0.5517241379310345
Gemma-3-12B-IT,SciERC,NIPS_2001_11_abs,P1,0.0
Gemma-3-12B-IT,SciERC,CVPR_2009_18_abs,P1,0.0
Gemma-3-12B-IT,SciERC,ECCV_2012_30_abs,P1,0.4242424242424242
Gemma-3-12B-IT,EBM-NLP,20509069,P2,0.5
Gemma-3-12B-IT,EBM-NLP,8916620,P3,0.2857142857142856
Gemma-3-12B-IT,EBM-NLP,17293018,P1,0.4827586206896551
Gemma-3-12B-IT,EBM-NLP,7017018,P2,0.4210526315789474
Gemma-3-12B-IT,SciERC,NIPS_2002_11_abs,P1,0.5263157894736842
Gemma-3-12B-IT,SciERC,ICML_1995_38_abs,P1,0.0
Gemma-3-12B-IT,EBM-NLP,11642083,P1,0.2608695652173913
Gemma-3-12B-IT,SciERC,C86-1081,P2,0.1428571428571428
Gemma-3-12B-IT,SciERC,C04-1035,P1,0.5405405405405405
Gemma-3-12B-IT,SciERC,P06-1013,P2,0.6666666666666667
Gemma-3-12B-IT,EBM-NLP,15854186,P2,0.5714285714285714
Gemma-3-12B-IT,SciERC,P06-4007,P2,0.1428571428571428
Gemma-3-12B-IT,EBM-NLP,11750293,P2,0.2307692307692307
Gemma-3-12B-IT,SciERC,I05-5003,P1,0.0
Gemma-3-12B-IT,EBM-NLP,6951573,P2,0.5
Gemma-3-12B-IT,SciERC,P83-1004,P2,0.1052631578947368
Gemma-3-12B-IT,SciERC,H01-1049,P1,0.0
Gemma-3-12B-IT,SciERC,P85-1019,P1,0.125
Gemma-3-12B-IT,SciERC,C90-3045,P1,0.2666666666666666
Gemma-3-12B-IT,EBM-NLP,11381289,P3,0.380952380952381
Gemma-3-12B-IT,EBM-NLP,9481998,P1,0.3333333333333333
Gemma-3-12B-IT,SciERC,N03-1033,P1,0.5714285714285715
Gemma-3-12B-IT,SciERC,C04-1106,P1,0.2
Gemma-3-12B-IT,EBM-NLP,9229602,P2,0.5714285714285714
Gemma-3-12B-IT,SciERC,C04-1011,P2,0.2105263157894737
Gemma-3-12B-IT,SciERC,E06-1022,P2,0.5
Gemma-3-12B-IT,EBM-NLP,20618920,P2,0.5714285714285714
Gemma-3-12B-IT,SciERC,CVPR_2003_30_abs,P2,0.5
Gemma-3-12B-IT,EBM-NLP,16055807,P1,0.1538461538461538
Gemma-3-12B-IT,SciERC,P04-2005,P1,0.5365853658536585
Gemma-3-12B-IT,EBM-NLP,2088233,P1,0.56
Gemma-3-12B-IT,SciERC,CVPR_2004_18_abs,P2,0.6428571428571429
Gemma-3-12B-IT,EBM-NLP,3067745,P3,0.4761904761904762
Gemma-3-12B-IT,EBM-NLP,2188766,P1,0.5142857142857143
Gemma-3-12B-IT,SciERC,ICCV_2001_47_abs,P1,0.0
Gemma-3-12B-IT,EBM-NLP,3081600,P2,0.372093023255814
Gemma-3-12B-IT,EBM-NLP,4919024,P3,0.25
Gemma-3-12B-IT,EBM-NLP,24660757,P2,0.4
Gemma-3-12B-IT,EBM-NLP,19159999,P1,0.2702702702702702
Gemma-3-12B-IT,SciERC,ICCV_2003_161_abs,P1,0.3902439024390244
Gemma-3-12B-IT,SciERC,C04-1103,P1,0.0
Gemma-3-12B-IT,SciERC,N03-1026,P1,0.0
Gemma-3-12B-IT,EBM-NLP,19708562,P3,0.4545454545454545
Gemma-3-12B-IT,SciERC,H05-1095,P2,0.64
Gemma-3-12B-IT,EBM-NLP,20804366,P1,0.5999999999999999
Gemma-3-12B-IT,EBM-NLP,12477021,P1,0.56
Gemma-3-12B-IT,EBM-NLP,23357440,P1,0.6857142857142857
Gemma-3-12B-IT,SciERC,P03-1070,P2,0.5882352941176471
Gemma-3-12B-IT,EBM-NLP,21914768,P3,0.4444444444444444
Gemma-3-12B-IT,SciERC,P86-1011,P3,0.1818181818181818
Gemma-3-12B-IT,SciERC,INTERSPEECH_2014_40_abs,P1,0.0
Gemma-3-12B-IT,EBM-NLP,2066441,P1,0.3888888888888889
Gemma-3-12B-IT,EBM-NLP,17616069,P1,0.5714285714285714
Gemma-3-12B-IT,SciERC,E89-1016,P1,0.0
Gemma-3-12B-IT,EBM-NLP,23849147,P3,0.5333333333333333
Gemma-3-12B-IT,SciERC,CVPR_2008_258_abs,P1,0.074074074074074
Gemma-3-12B-IT,SciERC,ICASSP_2016_11_abs,P1,0.0
Gemma-3-12B-IT,SciERC,ICML_2016_10_abs,P1,0.3157894736842105
Gemma-3-12B-IT,SciERC,P05-1076,P1,0.0
Gemma-3-12B-IT,SciERC,C08-2010,P2,0.2962962962962963
Gemma-3-12B-IT,SciERC,C04-1128,P2,0.4347826086956521
Gemma-3-12B-IT,EBM-NLP,25068497,P1,0.3333333333333333
Gemma-3-12B-IT,SciERC,J05-4003,P1,0.0
Gemma-3-12B-IT,SciERC,INTERSPEECH_2007_40_abs,P2,0.5454545454545454
Gemma-3-12B-IT,SciERC,C04-1036,P2,0.5
Gemma-3-12B-IT,SciERC,N06-1037,P2,0.5925925925925927
Gemma-3-12B-IT,SciERC,P05-1046,P1,0.0
Gemma-3-12B-IT,EBM-NLP,15358868,P3,0.6666666666666667
Gemma-3-12B-IT,EBM-NLP,23838728,P2,0.25
Gemma-3-12B-IT,EBM-NLP,6938020,P3,0.689655172413793
Gemma-3-12B-IT,SciERC,CVPR_2011_10_abs,P2,0.6857142857142857
Gemma-3-12B-IT,SciERC,NIPS_2016_80_abs,P2,0.4444444444444445
Gemma-3-12B-IT,EBM-NLP,23021296,P2,0.4516129032258064
Gemma-3-12B-IT,SciERC,CVPR_1999_15_abs,P2,0.1481481481481481
Gemma-3-12B-IT,EBM-NLP,7827398,P2,0.4
Gemma-3-12B-IT,SciERC,INTERSPEECH_2006_21_abs,P1,0.0
Gemma-3-12B-IT,EBM-NLP,16427787,P2,0.3749999999999999
Gemma-3-12B-IT,SciERC,C96-1062,P2,0.5
Gemma-3-12B-IT,SciERC,J82-3002,P2,0.1212121212121212
Gemma-3-12B-IT,SciERC,CVPR_1993_10_abs,P1,0.0
Gemma-3-12B-IT,EBM-NLP,2678230,P4,0.588235294117647
Gemma-3-12B-IT,EBM-NLP,21170734,P1,0.5185185185185185
Gemma-3-12B-IT,EBM-NLP,23417625,P1,0.5789473684210527
Gemma-3-12B-IT,EBM-NLP,19096921,P3,0.5
Gemma-3-12B-IT,SciERC,ICCV_2013_25_abs,P2,0.5882352941176471
Gemma-3-12B-IT,SciERC,N04-1022,P2,0.5
Gemma-3-12B-IT,EBM-NLP,25369243,P1,0.2564102564102564
Gemma-3-12B-IT,EBM-NLP,7844976,P3,0.3478260869565217
Gemma-3-12B-IT,EBM-NLP,3919804,P2,0.5294117647058824
Gemma-3-12B-IT,SciERC,ECCV_2016_110_abs,P3,0.3333333333333333
Gemma-3-12B-IT,SciERC,CVPR_2006_10_abs,P1,0.5
Gemma-3-12B-IT,EBM-NLP,18229990,P2,0.5
Gemma-3-12B-IT,SciERC,CVPR_2016_413_abs,P1,0.4571428571428572
Gemma-3-12B-IT,SciERC,C90-3063,P2,0.3846153846153846
Gemma-3-12B-IT,EBM-NLP,384815,P3,0.5
Gemma-3-12B-IT,EBM-NLP,10934569,P3,0.3999999999999999
Gemma-3-12B-IT,SciERC,CVPR_2004_30_abs,P2,0.3428571428571428
Gemma-3-12B-IT,EBM-NLP,2223363,P2,0.6666666666666666
Gemma-3-12B-IT,EBM-NLP,22271197,P3,0.32
Gemma-3-12B-IT,EBM-NLP,11495215,P1,0.4999999999999999
Gemma-3-12B-IT,SciERC,NIPS_2002_18_abs,P2,0.2857142857142857
Gemma-3-12B-IT,SciERC,P06-3007,P3,0.5882352941176471
Gemma-3-12B-IT,EBM-NLP,24803369,P3,0.3636363636363636
Gemma-3-12B-IT,SciERC,I05-4010,P2,0.4347826086956521
Gemma-3-12B-IT,SciERC,NIPS_2015_18_abs,P1,0.0
Gemma-3-12B-IT,EBM-NLP,18503531,P1,0.5714285714285715
Gemma-3-12B-IT,EBM-NLP,8779382,P3,0.2307692307692307
Gemma-3-12B-IT,SciERC,E95-1033,P3,0.1176470588235294
Gemma-3-12B-IT,EBM-NLP,10752495,P2,0.5
Gemma-3-12B-IT,SciERC,P01-1056,P2,0.0
Gemma-3-12B-IT,SciERC,INTERSPEECH_2013_21_abs,P2,0.0
Gemma-3-12B-IT,EBM-NLP,15193668,P2,0.3571428571428571
Gemma-3-12B-IT,SciERC,A97-1020,P2,0.0
Gemma-3-12B-IT,EBM-NLP,18773733,P2,0.1666666666666666
Gemma-3-12B-IT,SciERC,INTERSPEECH_2008_20_abs,P1,0.0
Gemma-3-12B-IT,SciERC,P08-1105,P2,0.4374999999999999
Gemma-3-12B-IT,SciERC,C88-1044,P3,0.375
Gemma-3-12B-IT,EBM-NLP,6421395,P2,0.717948717948718
Gemma-3-12B-IT,EBM-NLP,2224060,P2,0.3703703703703703
Gemma-3-12B-IT,SciERC,C00-2123,P2,0.0
Gemma-3-12B-IT,EBM-NLP,22744141,P2,0.4285714285714285
Gemma-3-12B-IT,EBM-NLP,24075141,P1,0.625
Gemma-3-12B-IT,SciERC,NIPS_2001_11_abs,P2,0.4705882352941176
Gemma-3-12B-IT,EBM-NLP,361799,P1,0.787878787878788
Gemma-3-12B-IT,SciERC,NIPS_2016_560_abs,P1,0.0
Gemma-3-12B-IT,EBM-NLP,10578479,P1,0.3111111111111111
Gemma-3-12B-IT,EBM-NLP,7831628,P1,0.4800000000000001
Gemma-3-12B-IT,SciERC,ECCV_2012_30_abs,P2,0.4242424242424242
Gemma-3-12B-IT,SciERC,I05-5004,P3,0.5263157894736842
Gemma-3-12B-IT,EBM-NLP,18958161,P1,0.3703703703703703
Gemma-3-12B-IT,SciERC,P06-1018,P3,0.303030303030303
Gemma-3-12B-IT,EBM-NLP,6418441,P1,0.6
Gemma-3-12B-IT,SciERC,CVPR_2009_18_abs,P2,0.5
Gemma-3-12B-IT,EBM-NLP,1459268,P3,0.2857142857142857
Gemma-3-12B-IT,EBM-NLP,22416755,P3,0.6428571428571429
Gemma-3-12B-IT,SciERC,E99-1015,P3,0.5263157894736842
Gemma-3-12B-IT,EBM-NLP,17293018,P2,0.4444444444444444
Gemma-3-12B-IT,SciERC,P06-2012,P3,0.7199999999999999
Gemma-3-12B-IT,SciERC,P05-1039,P3,0.5
Gemma-3-12B-IT,EBM-NLP,10390665,P1,0.1935483870967741
Gemma-3-12B-IT,SciERC,ICML_1995_38_abs,P2,0.0
Gemma-3-12B-IT,SciERC,NIPS_2002_11_abs,P2,0.5263157894736842
Gemma-3-12B-IT,EBM-NLP,7853069,P1,0.3870967741935484
Gemma-3-12B-IT,EBM-NLP,11642083,P2,0.3829787234042554
Gemma-3-12B-IT,SciERC,E91-1012,P1,0.2424242424242424
Gemma-3-12B-IT,EBM-NLP,12139812,P1,0.6153846153846154
Gemma-3-12B-IT,SciERC,C04-1035,P2,0.4571428571428571
Gemma-3-12B-IT,EBM-NLP,1968178,P3,0.6086956521739131
Gemma-3-12B-IT,EBM-NLP,1780092,P3,0.1538461538461538
Gemma-3-12B-IT,EBM-NLP,8916620,P4,0.1538461538461538
Gemma-3-12B-IT,EBM-NLP,11891832,P3,0.5925925925925927
Gemma-3-12B-IT,SciERC,P06-1053,P3,0.1818181818181818
Gemma-3-12B-IT,EBM-NLP,25931290,P3,0.4
Gemma-3-12B-IT,SciERC,P05-2013,P3,0.2
Gemma-3-12B-IT,SciERC,CVPR_2010_30_abs,P1,0.0
Gemma-3-12B-IT,SciERC,I05-5003,P2,0.0
Gemma-3-12B-IT,EBM-NLP,1131298,P3,0.6666666666666665
Gemma-3-12B-IT,EBM-NLP,20509069,P3,0.5
Gemma-3-12B-IT,SciERC,P85-1019,P2,0.064516129032258
Gemma-3-12B-IT,SciERC,H01-1049,P2,0.0689655172413793
Gemma-3-12B-IT,SciERC,J86-4002,P1,0.0
Gemma-3-12B-IT,SciERC,N03-1033,P2,0.6086956521739131
Gemma-3-12B-IT,SciERC,C04-1106,P2,0.1666666666666666
Gemma-3-12B-IT,EBM-NLP,7017018,P3,0.4
Gemma-3-12B-IT,SciERC,C90-3045,P2,0.1935483870967742
Gemma-3-12B-IT,EBM-NLP,9481998,P2,0.3333333333333333
Gemma-3-12B-IT,EBM-NLP,22646975,P1,0.3888888888888889
Gemma-3-12B-IT,SciERC,CVPR_2011_11_abs,P1,0.0
Gemma-3-12B-IT,SciERC,C86-1081,P3,0.0
Gemma-3-12B-IT,SciERC,ICML_2016_18_abs,P1,0.5116279069767442
Gemma-3-12B-IT,EBM-NLP,16167234,P1,0.0
Gemma-3-12B-IT,EBM-NLP,15854186,P3,0.5
Gemma-3-12B-IT,EBM-NLP,16055807,P2,0.1052631578947368
Gemma-3-12B-IT,SciERC,P06-1013,P3,0.6666666666666667
Gemma-3-12B-IT,EBM-NLP,22435114,P1,0.0
Gemma-3-12B-IT,SciERC,P06-4007,P3,0.125
Gemma-3-12B-IT,SciERC,P04-2005,P2,0.0
Gemma-3-12B-IT,SciERC,ICML_2006_119_abs,P1,0.0
Gemma-3-12B-IT,EBM-NLP,2088233,P2,0.4545454545454545
Gemma-3-12B-IT,EBM-NLP,11381289,P4,0.2105263157894737
Gemma-3-12B-IT,EBM-NLP,2188766,P2,0.5142857142857143
Gemma-3-12B-IT,EBM-NLP,11750293,P3,0.3333333333333333
Gemma-3-12B-IT,SciERC,ICCV_2001_47_abs,P2,0.0
Gemma-3-12B-IT,EBM-NLP,6951573,P3,0.4666666666666667
Gemma-3-12B-IT,EBM-NLP,18783504,P1,0.4166666666666666
Gemma-3-12B-IT,EBM-NLP,1286547,P1,0.6249999999999999
Gemma-3-12B-IT,SciERC,P83-1004,P3,0.1052631578947368
Gemma-3-12B-IT,EBM-NLP,24451919,P1,0.3448275862068966
Gemma-3-12B-IT,SciERC,E93-1066,P1,0.0
Gemma-3-12B-IT,SciERC,ICCV_2003_161_abs,P2,0.4651162790697674
Gemma-3-12B-IT,SciERC,C94-1091,P1,0.0
Gemma-3-12B-IT,EBM-NLP,19159999,P2,0.3636363636363636
Gemma-3-12B-IT,SciERC,N03-1026,P2,0.0
Gemma-3-12B-IT,SciERC,P05-1056,P1,0.0
Gemma-3-12B-IT,SciERC,C04-1103,P2,0.4516129032258064
Gemma-3-12B-IT,EBM-NLP,9229602,P3,0.5714285714285714
Gemma-3-12B-IT,EBM-NLP,4919024,P4,0.2666666666666666
Gemma-3-12B-IT,EBM-NLP,3067745,P4,0.5833333333333334
Gemma-3-12B-IT,EBM-NLP,23357440,P2,0.6285714285714286
Gemma-3-12B-IT,EBM-NLP,20804366,P2,0.2580645161290323
Gemma-3-12B-IT,SciERC,C04-1011,P3,0.2
Gemma-3-12B-IT,EBM-NLP,12477021,P2,0.6153846153846153
Gemma-3-12B-IT,SciERC,INTERSPEECH_2014_40_abs,P2,0.0
Gemma-3-12B-IT,SciERC,E06-1022,P3,0.5
Gemma-3-12B-IT,EBM-NLP,20618920,P3,0.3529411764705882
Gemma-3-12B-IT,EBM-NLP,20560622,P1,0.5625000000000001
Gemma-3-12B-IT,SciERC,CVPR_2003_30_abs,P3,0.4827586206896552
Gemma-3-12B-IT,SciERC,E89-1016,P2,0.2777777777777777
Gemma-3-12B-IT,EBM-NLP,17616069,P2,0.5294117647058824
Gemma-3-12B-IT,EBM-NLP,1669598,P1,0.55
Gemma-3-12B-IT,EBM-NLP,2066441,P2,0.3333333333333333
Gemma-3-12B-IT,SciERC,ICASSP_1997_706_abs,P1,0.0
Gemma-3-12B-IT,SciERC,CVPR_2004_18_abs,P3,0.6428571428571429
Gemma-3-12B-IT,EBM-NLP,19708562,P4,0.5
Gemma-3-12B-IT,SciERC,ICASSP_2016_11_abs,P2,0.2758620689655172
Gemma-3-12B-IT,EBM-NLP,17321989,P1,0.4545454545454545
Gemma-3-12B-IT,SciERC,CVPR_2008_258_abs,P2,0.2857142857142857
Gemma-3-12B-IT,EBM-NLP,21106663,P1,0.4166666666666666
Gemma-3-12B-IT,EBM-NLP,3081600,P3,0.4444444444444444
Gemma-3-12B-IT,EBM-NLP,21914768,P4,0.5
Gemma-3-12B-IT,SciERC,P05-1076,P2,0.0
Gemma-3-12B-IT,SciERC,ICML_2016_10_abs,P2,0.32
Gemma-3-12B-IT,EBM-NLP,24660757,P3,0.0
Gemma-3-12B-IT,EBM-NLP,25068497,P2,0.4166666666666667
Gemma-3-12B-IT,SciERC,J05-4003,P2,0.0
Gemma-3-12B-IT,EBM-NLP,23849147,P4,0.2
Gemma-3-12B-IT,EBM-NLP,9695300,P1,0.5365853658536585
Gemma-3-12B-IT,SciERC,CVPR_2009_10_abs,P1,0.0
Gemma-3-12B-IT,SciERC,H05-1095,P3,0.5599999999999999
Gemma-3-12B-IT,SciERC,P03-1070,P3,0.3999999999999999
Gemma-3-12B-IT,SciERC,P05-1046,P2,0.0
Gemma-3-12B-IT,EBM-NLP,9730996,P1,0.0
Gemma-3-12B-IT,EBM-NLP,22420121,P1,0.4444444444444444
Gemma-3-12B-IT,EBM-NLP,11829043,P1,0.6666666666666667
Gemma-3-12B-IT,EBM-NLP,16295154,P1,0.4848484848484848
Gemma-3-12B-IT,SciERC,INTERSPEECH_2006_21_abs,P2,0.3333333333333333
Gemma-3-12B-IT,SciERC,C08-2010,P3,0.2962962962962963
Gemma-3-12B-IT,EBM-NLP,15358868,P4,0.6923076923076923
Gemma-3-12B-IT,SciERC,CVPR_1993_10_abs,P2,0.0
Gemma-3-12B-IT,EBM-NLP,21170734,P2,0.3478260869565218
Gemma-3-12B-IT,EBM-NLP,10763172,P1,0.3902439024390244
Gemma-3-12B-IT,SciERC,C04-1128,P3,0.3333333333333333
Gemma-3-12B-IT,EBM-NLP,23417625,P2,0.4705882352941177
Gemma-3-12B-IT,EBM-NLP,6938020,P4,0.7142857142857142
Gemma-3-12B-IT,EBM-NLP,25369243,P2,0.3888888888888889
Gemma-3-12B-IT,SciERC,INTERSPEECH_2007_40_abs,P3,0.5454545454545454
Gemma-3-12B-IT,SciERC,C04-1036,P3,0.3571428571428571
Gemma-3-12B-IT,SciERC,N06-1037,P3,0.5384615384615384
Gemma-3-12B-IT,SciERC,CVPR_2006_10_abs,P2,0.4347826086956521
Gemma-3-12B-IT,SciERC,CVPR_2016_413_abs,P2,0.5714285714285715
Gemma-3-12B-IT,EBM-NLP,15133359,P1,0.3846153846153846
Gemma-3-12B-IT,EBM-NLP,23838728,P3,0.2608695652173913
Gemma-3-12B-IT,EBM-NLP,19096921,P4,0.4516129032258064
Gemma-3-12B-IT,EBM-NLP,7844976,P4,0.3333333333333333
Gemma-3-12B-IT,EBM-NLP,11495215,P2,0.56
Gemma-3-12B-IT,EBM-NLP,23021296,P3,0.5714285714285715
Gemma-3-12B-IT,EBM-NLP,7827398,P3,0.4761904761904762
Gemma-3-12B-IT,SciERC,CVPR_1999_15_abs,P3,0.1481481481481481
Gemma-3-12B-IT,SciERC,CVPR_2011_10_abs,P3,0.6486486486486486
Gemma-3-12B-IT,SciERC,NIPS_2016_80_abs,P3,0.4137931034482759
Gemma-3-12B-IT,EBM-NLP,17897478,P1,0.4727272727272728
Gemma-3-12B-IT,SciERC,NIPS_2015_18_abs,P2,0.2222222222222222
Gemma-3-12B-IT,EBM-NLP,16427787,P3,0.3749999999999999
Gemma-3-12B-IT,EBM-NLP,18503531,P2,0.5714285714285715
Gemma-3-12B-IT,EBM-NLP,24080592,P1,0.717948717948718
Gemma-3-12B-IT,SciERC,C96-1062,P3,0.5
Gemma-3-12B-IT,SciERC,J82-3002,P3,0.2
Gemma-3-12B-IT,EBM-NLP,384815,P4,0.5599999999999999
Gemma-3-12B-IT,EBM-NLP,18975051,P1,0.3571428571428571
Gemma-3-12B-IT,EBM-NLP,10934569,P4,0.4516129032258064
Gemma-3-12B-IT,EBM-NLP,22271197,P4,0.0
Gemma-3-12B-IT,SciERC,ICCV_2013_25_abs,P3,0.5714285714285714
Gemma-3-12B-IT,SciERC,INTERSPEECH_2008_20_abs,P2,0.0
Gemma-3-12B-IT,EBM-NLP,24803369,P4,0.6
Gemma-3-12B-IT,SciERC,ICML_2016_11_abs,P1,0.0
Gemma-3-12B-IT,EBM-NLP,3919804,P3,0.5161290322580646
Gemma-3-12B-IT,SciERC,N04-1022,P3,0.5
Gemma-3-12B-IT,EBM-NLP,24317958,P1,0.2564102564102564
Gemma-3-12B-IT,EBM-NLP,8779382,P4,0.2727272727272727
Gemma-3-12B-IT,EBM-NLP,19727232,P1,0.4999999999999999
Gemma-3-12B-IT,EBM-NLP,18229990,P3,0.5
Gemma-3-12B-IT,SciERC,C90-3063,P3,0.3571428571428571
Gemma-3-12B-IT,SciERC,NIPS_2016_560_abs,P2,0.0
Gemma-3-12B-IT,EBM-NLP,7831628,P2,0.2608695652173912
Gemma-3-12B-IT,EBM-NLP,10578479,P2,0.4782608695652173
Gemma-3-12B-IT,EBM-NLP,361799,P2,0.6206896551724138
Gemma-3-12B-IT,SciERC,ICCV_2013_47_abs,P1,0.0
Gemma-3-12B-IT,EBM-NLP,24075141,P2,0.6666666666666666
Gemma-3-12B-IT,EBM-NLP,8726604,P1,0.3684210526315788
Gemma-3-12B-IT,EBM-NLP,18958161,P2,0.16
Gemma-3-12B-IT,EBM-NLP,2223363,P3,0.5263157894736842
Gemma-3-12B-IT,EBM-NLP,6418441,P2,0.631578947368421
Gemma-3-12B-IT,SciERC,CVPR_2004_30_abs,P3,0.3428571428571428
Gemma-3-12B-IT,SciERC,CVPR_1994_10_abs,P1,0.1951219512195122
Gemma-3-12B-IT,SciERC,ECCV_2016_204_abs,P1,0.0
Gemma-3-12B-IT,SciERC,I05-4010,P3,0.5217391304347827
Gemma-3-12B-IT,SciERC,NIPS_2002_18_abs,P3,0.3448275862068966
Gemma-3-12B-IT,EBM-NLP,10390665,P2,0.2222222222222222
Gemma-3-12B-IT,EBM-NLP,10764172,P1,0.3902439024390244
Gemma-3-12B-IT,EBM-NLP,10752495,P3,0.4324324324324324
Gemma-3-12B-IT,EBM-NLP,7853069,P2,0.4
Gemma-3-12B-IT,SciERC,P01-1056,P3,0.5161290322580646
Gemma-3-12B-IT,SciERC,INTERSPEECH_2013_21_abs,P3,0.0
Gemma-3-12B-IT,SciERC,A97-1020,P3,0.0
Gemma-3-12B-IT,EBM-NLP,12139812,P2,0.5217391304347826
Gemma-3-12B-IT,EBM-NLP,15193668,P3,0.4242424242424242
Gemma-3-12B-IT,EBM-NLP,18773733,P3,0.1904761904761904
Gemma-3-12B-IT,SciERC,E91-1012,P2,0.1818181818181818
Gemma-3-12B-IT,EBM-NLP,21393467,P1,0.0
Gemma-3-12B-IT,EBM-NLP,1459268,P4,0.2962962962962963
Gemma-3-12B-IT,SciERC,P08-1105,P3,0.375
Gemma-3-12B-IT,EBM-NLP,22416755,P4,0.5833333333333334
Gemma-3-12B-IT,SciERC,CVPR_2010_30_abs,P2,0.0
Gemma-3-12B-IT,EBM-NLP,2224060,P3,0.3870967741935484
Gemma-3-12B-IT,EBM-NLP,6421395,P3,0.7692307692307693
Gemma-3-12B-IT,EBM-NLP,19376304,P1,0.3846153846153846
Gemma-3-12B-IT,EBM-NLP,15858959,P1,0.4150943396226415
Gemma-3-12B-IT,SciERC,C00-2123,P3,0.0
Gemma-3-12B-IT,SciERC,ECCV_2016_99_abs,P1,0.0
Gemma-3-12B-IT,EBM-NLP,22744141,P3,0.6153846153846154
Gemma-3-12B-IT,SciERC,NIPS_2001_11_abs,P3,0.4848484848484848
Gemma-3-12B-IT,EBM-NLP,15848261,P1,0.8000000000000002
Gemma-3-12B-IT,EBM-NLP,1968178,P4,0.5217391304347825
Gemma-3-12B-IT,EBM-NLP,1780092,P4,0.3478260869565218
Gemma-3-12B-IT,SciERC,ECCV_2012_30_abs,P3,0.3636363636363636
Gemma-3-12B-IT,EBM-NLP,25931290,P4,0.4
Gemma-3-12B-IT,SciERC,CVPR_2009_18_abs,P3,0.5
Gemma-3-12B-IT,EBM-NLP,11891832,P4,0.8749999999999999
Gemma-3-12B-IT,EBM-NLP,3074300,P1,0.5454545454545455
Gemma-3-12B-IT,EBM-NLP,17293018,P3,0.4444444444444444
Gemma-3-12B-IT,SciERC,J86-4002,P2,0.1739130434782608
Gemma-3-12B-IT,SciERC,CVPR_2008_256_abs,P1,0.0
Gemma-3-12B-IT,EBM-NLP,1131298,P4,0.5384615384615385
Gemma-3-12B-IT,SciERC,H01-1042,P1,0.0
Gemma-3-12B-IT,EBM-NLP,22646975,P2,0.3846153846153846
Gemma-3-12B-IT,EBM-NLP,8989009,P1,0.3773584905660378
Gemma-3-12B-IT,EBM-NLP,11642083,P3,0.4
Gemma-3-12B-IT,SciERC,ICML_1995_38_abs,P3,0.0
Gemma-3-12B-IT,SciERC,NIPS_2002_11_abs,P3,0.5263157894736842
Gemma-3-12B-IT,EBM-NLP,20509069,P4,0.3157894736842105
Gemma-3-12B-IT,SciERC,CVPR_2011_11_abs,P2,0.1111111111111111
Gemma-3-12B-IT,SciERC,C04-1035,P3,0.4848484848484848
Gemma-3-12B-IT,EBM-NLP,8911223,P1,0.625
Gemma-3-12B-IT,SciERC,ICML_2016_18_abs,P2,0.0
Gemma-3-12B-IT,EBM-NLP,18544974,P1,0.5283018867924528
Gemma-3-12B-IT,EBM-NLP,16167234,P2,0.6153846153846153
Gemma-3-12B-IT,EBM-NLP,22435114,P2,0.6875000000000001
Gemma-3-12B-IT,SciERC,ICML_2006_119_abs,P2,0.0
Gemma-3-12B-IT,EBM-NLP,10070173,P1,0.3157894736842105
Gemma-3-12B-IT,EBM-NLP,22865017,P1,0.2222222222222222
Gemma-3-12B-IT,SciERC,ICCV_2003_151_abs,P1,0.0
Gemma-3-12B-IT,EBM-NLP,7017018,P4,0.380952380952381
Gemma-3-12B-IT,SciERC,I05-5003,P3,0.0
Gemma-3-12B-IT,EBM-NLP,18783504,P2,0.3999999999999999
Gemma-3-12B-IT,EBM-NLP,1286547,P2,0.6249999999999999
Gemma-3-12B-IT,EBM-NLP,15854186,P4,0.5
Gemma-3-12B-IT,EBM-NLP,24451919,P2,0.3571428571428571
Gemma-3-12B-IT,SciERC,E93-1066,P2,0.0
Gemma-3-12B-IT,SciERC,H01-1049,P3,0.2142857142857142
Gemma-3-12B-IT,SciERC,P85-1019,P3,0.0625
Gemma-3-12B-IT,SciERC,C94-1091,P2,0.2857142857142857
Gemma-3-12B-IT,EBM-NLP,23356250,P1,0.4705882352941176
Gemma-3-12B-IT,SciERC,C90-3045,P3,0.1212121212121212
Gemma-3-12B-IT,EBM-NLP,9481998,P3,0.1739130434782608
Gemma-3-12B-IT,EBM-NLP,21718094,P1,0.5365853658536586
Gemma-3-12B-IT,SciERC,C04-1106,P3,0.3076923076923077
Gemma-3-12B-IT,SciERC,N03-1033,P3,0.5714285714285715
Gemma-3-12B-IT,EBM-NLP,11750293,P4,0.2962962962962963
Gemma-3-12B-IT,SciERC,P05-1056,P2,0.2790697674418604
Gemma-3-12B-IT,EBM-NLP,6951573,P4,0.4
Gemma-3-12B-IT,EBM-NLP,20560622,P2,0.5161290322580646
Gemma-3-12B-IT,EBM-NLP,16055807,P3,0.074074074074074
Gemma-3-12B-IT,EBM-NLP,1669598,P2,0.4186046511627907
Gemma-3-12B-IT,EBM-NLP,2088233,P3,0.4827586206896552
Gemma-3-12B-IT,EBM-NLP,9229602,P4,0.4
Gemma-3-12B-IT,SciERC,P04-2005,P3,0.6153846153846154
Gemma-3-12B-IT,SciERC,ICASSP_1997_706_abs,P2,0.0
Gemma-3-12B-IT,EBM-NLP,22881991,P1,0.5116279069767442
Gemma-3-12B-IT,EBM-NLP,21106663,P2,0.3809523809523809
Gemma-3-12B-IT,SciERC,ICCV_2001_47_abs,P3,0.0
Gemma-3-12B-IT,EBM-NLP,2188766,P3,0.4864864864864865
Gemma-3-12B-IT,EBM-NLP,17321989,P2,0.4571428571428572
Gemma-3-12B-IT,EBM-NLP,20618920,P4,0.5882352941176471
Gemma-3-12B-IT,EBM-NLP,1963383,P1,0.3157894736842105
Gemma-3-12B-IT,SciERC,X96-1059,P1,0.0
Gemma-3-12B-IT,EBM-NLP,19159999,P3,0.2941176470588235
Gemma-3-12B-IT,SciERC,ICCV_2003_161_abs,P3,0.4186046511627907
Gemma-3-12B-IT,SciERC,N03-1026,P3,0.0
Gemma-3-12B-IT,SciERC,INTERSPEECH_2008_28_abs,P1,0.0
Gemma-3-12B-IT,SciERC,CVPR_2009_10_abs,P2,0.0
Gemma-3-12B-IT,EBM-NLP,9695300,P2,0.4444444444444444
Gemma-3-12B-IT,SciERC,C04-1103,P3,0.5185185185185186
Gemma-3-12B-IT,EBM-NLP,3081600,P4,0.3555555555555555
Gemma-3-12B-IT,EBM-NLP,26278470,P1,0.2564102564102564
Gemma-3-12B-IT,EBM-NLP,24660757,P4,0.5333333333333333
Gemma-3-12B-IT,EBM-NLP,12960652,P1,0.3157894736842105
Gemma-3-12B-IT,EBM-NLP,23357440,P3,0.6060606060606061
Gemma-3-12B-IT,EBM-NLP,12477021,P3,0.64
Gemma-3-12B-IT,EBM-NLP,20804366,P3,0.5999999999999999
Gemma-3-12B-IT,SciERC,INTERSPEECH_2014_40_abs,P3,0.4444444444444445
Gemma-3-12B-IT,EBM-NLP,9730996,P2,0.6222222222222223
Gemma-3-12B-IT,EBM-NLP,16295154,P2,0.4827586206896552
Gemma-3-12B-IT,EBM-NLP,17616069,P3,0.5454545454545454
Gemma-3-12B-IT,EBM-NLP,2066441,P3,0.4736842105263158
Gemma-3-12B-IT,SciERC,E89-1016,P3,0.0
Gemma-3-12B-IT,EBM-NLP,22420121,P2,0.5161290322580646
Gemma-3-12B-IT,EBM-NLP,11829043,P2,0.4242424242424242
Gemma-3-12B-IT,SciERC,CVPR_2008_258_abs,P3,0.3448275862068965
Gemma-3-12B-IT,EBM-NLP,2908133,P1,0.4666666666666666
Gemma-3-12B-IT,SciERC,ICASSP_2016_11_abs,P3,0.3125
Gemma-3-12B-IT,EBM-NLP,20147856,P1,0.6470588235294118
Gemma-3-12B-IT,SciERC,ICML_2016_10_abs,P3,0.3076923076923076
Gemma-3-12B-IT,EBM-NLP,7598243,P1,0.4782608695652173
Gemma-3-12B-IT,SciERC,P05-1076,P3,0.0
Gemma-3-12B-IT,EBM-NLP,25068497,P3,0.1739130434782609
Gemma-3-12B-IT,EBM-NLP,11737955,P1,0.5405405405405405
Gemma-3-12B-IT,EBM-NLP,10763172,P2,0.358974358974359
Gemma-3-12B-IT,SciERC,J05-4003,P3,0.0
Gemma-3-12B-IT,EBM-NLP,7814711,P1,0.5625
Gemma-3-12B-IT,EBM-NLP,15133359,P2,0.3846153846153846
Gemma-3-12B-IT,SciERC,P05-1046,P3,0.0
Gemma-3-12B-IT,EBM-NLP,25784723,P1,0.45
Gemma-3-12B-IT,EBM-NLP,8771302,P1,0.1621621621621621
Gemma-3-12B-IT,EBM-NLP,17897478,P2,0.5
Gemma-3-12B-IT,EBM-NLP,26210844,P1,0.2173913043478261
Gemma-3-12B-IT,SciERC,INTERSPEECH_2006_21_abs,P3,0.4
Gemma-3-12B-IT,EBM-NLP,24080592,P2,0.4666666666666666
Gemma-3-12B-IT,EBM-NLP,23838728,P4,0.2307692307692307
Gemma-3-12B-IT,SciERC,CVPR_1993_10_abs,P3,0.0
Gemma-3-12B-IT,EBM-NLP,18975051,P2,0.2857142857142857
Gemma-3-12B-IT,EBM-NLP,21170734,P3,0.2285714285714285
Gemma-3-12B-IT,EBM-NLP,24960665,P1,0.4651162790697674
Gemma-3-12B-IT,EBM-NLP,23417625,P3,0.5405405405405405
Gemma-3-12B-IT,EBM-NLP,25369243,P3,0.303030303030303
Gemma-3-12B-IT,EBM-NLP,23021296,P4,0.4444444444444445
Gemma-3-12B-IT,EBM-NLP,24317958,P2,0.25
Gemma-3-12B-IT,EBM-NLP,9394106,P1,0.7142857142857143
Gemma-3-12B-IT,EBM-NLP,2803397,P1,0.2499999999999999
Gemma-3-12B-IT,EBM-NLP,7827398,P4,0.4
Gemma-3-12B-IT,SciERC,ICML_2016_11_abs,P2,0.2790697674418604
Gemma-3-12B-IT,EBM-NLP,16427787,P4,0.4
Gemma-3-12B-IT,EBM-NLP,19727232,P2,0.4210526315789474
Gemma-3-12B-IT,SciERC,CVPR_2016_413_abs,P3,0.4848484848484849
Gemma-3-12B-IT,SciERC,CVPR_2006_10_abs,P3,0.4347826086956521
Gemma-3-12B-IT,EBM-NLP,20226474,P1,0.6229508196721311
Gemma-3-12B-IT,EBM-NLP,14763035,P1,0.5098039215686274
Gemma-3-12B-IT,EBM-NLP,8726604,P2,0.3684210526315788
Gemma-3-12B-IT,SciERC,ICCV_2013_47_abs,P2,0.0
Gemma-3-12B-IT,EBM-NLP,11317090,P1,0.5
Gemma-3-12B-IT,EBM-NLP,3919804,P4,0.6666666666666667
Gemma-3-12B-IT,SciERC,ECCV_2016_204_abs,P2,0.0
Gemma-3-12B-IT,SciERC,CVPR_1994_10_abs,P2,0.1538461538461538
Gemma-3-12B-IT,SciERC,ECCV_2006_13_abs,P1,0.0
Gemma-3-12B-IT,EBM-NLP,11495215,P3,0.4782608695652174
Gemma-3-12B-IT,EBM-NLP,18229990,P4,0.5
Gemma-3-12B-IT,EBM-NLP,10764172,P2,0.5294117647058824
Gemma-3-12B-IT,EBM-NLP,18503531,P3,0.5
Gemma-3-12B-IT,EBM-NLP,3534803,P1,0.2352941176470588
Gemma-3-12B-IT,SciERC,NIPS_2015_18_abs,P3,0.2222222222222222
Gemma-3-12B-IT,EBM-NLP,14739125,P1,0.5625000000000001
Gemma-3-12B-IT,EBM-NLP,7808649,P1,0.2222222222222222
Gemma-3-12B-IT,EBM-NLP,2223363,P4,0.631578947368421
Gemma-3-12B-IT,EBM-NLP,21393467,P2,0.1
Gemma-3-12B-IT,SciERC,INTERSPEECH_2008_20_abs,P3,0.0
Gemma-3-12B-IT,EBM-NLP,19376304,P2,0.3636363636363637
Gemma-3-12B-IT,EBM-NLP,15858959,P2,0.2424242424242424
Gemma-3-12B-IT,EBM-NLP,10752495,P4,0.4210526315789473
Gemma-3-12B-IT,EBM-NLP,7831628,P3,0.1904761904761904
Gemma-3-12B-IT,EBM-NLP,361799,P3,0.6428571428571429
Gemma-3-12B-IT,EBM-NLP,24075141,P3,0.6060606060606061
Gemma-3-12B-IT,EBM-NLP,18773733,P4,0.2307692307692307
Gemma-3-12B-IT,SciERC,ECCV_2016_99_abs,P2,0.0
Gemma-3-12B-IT,EBM-NLP,15193668,P4,0.3529411764705882
Gemma-3-12B-IT,SciERC,NIPS_2016_560_abs,P3,0.0
Gemma-3-12B-IT,EBM-NLP,23103798,P1,0.7317073170731707
Gemma-3-12B-IT,EBM-NLP,15848261,P2,0.6
Gemma-3-12B-IT,EBM-NLP,10578479,P3,0.3555555555555555
Gemma-3-12B-IT,EBM-NLP,8913901,P1,0.4761904761904762
Gemma-3-12B-IT,EBM-NLP,6418441,P3,0.6
Gemma-3-12B-IT,EBM-NLP,18958161,P3,0.25
Gemma-3-12B-IT,EBM-NLP,3074300,P2,0.4516129032258064
Gemma-3-12B-IT,EBM-NLP,10390665,P3,0.2222222222222222
Gemma-3-12B-IT,EBM-NLP,2224060,P4,0.3703703703703703
Gemma-3-12B-IT,SciERC,CVPR_2008_256_abs,P2,0.2608695652173913
Gemma-3-12B-IT,EBM-NLP,6421395,P4,0.5945945945945946
Gemma-3-12B-IT,SciERC,H01-1042,P2,0.0
Gemma-3-12B-IT,EBM-NLP,7853069,P3,0.4444444444444445
Gemma-3-12B-IT,EBM-NLP,8989009,P2,0.2790697674418604
Gemma-3-12B-IT,EBM-NLP,22744141,P4,0.6666666666666667
Gemma-3-12B-IT,SciERC,E91-1012,P3,0.1874999999999999
Gemma-3-12B-IT,EBM-NLP,18544974,P2,0.5283018867924528
Gemma-3-12B-IT,EBM-NLP,8911223,P2,0.4285714285714285
Gemma-3-12B-IT,EBM-NLP,25898782,P1,0.3673469387755102
Gemma-3-12B-IT,EBM-NLP,12139812,P3,0.48
Gemma-3-12B-IT,EBM-NLP,17293018,P4,0.4285714285714285
Gemma-3-12B-IT,EBM-NLP,10070173,P2,0.3243243243243243
Gemma-3-12B-IT,EBM-NLP,22865017,P2,0.2857142857142857
Gemma-3-12B-IT,SciERC,ICCV_2003_151_abs,P2,0.0
Gemma-3-12B-IT,SciERC,CVPR_2010_30_abs,P3,0.0
Gemma-3-12B-IT,EBM-NLP,21896676,P1,0.3111111111111111
Gemma-3-12B-IT,EBM-NLP,11642083,P4,0.5116279069767442
Gemma-3-12B-IT,EBM-NLP,11229858,P5,0.888888888888889
Gemma-3-12B-IT,SciERC,J86-4002,P3,0.0
Gemma-3-12B-IT,EBM-NLP,23356250,P2,0.5
Gemma-3-12B-IT,EBM-NLP,21718094,P2,0.4864864864864865
Gemma-3-12B-IT,EBM-NLP,22646975,P3,0.3846153846153846
Gemma-3-12B-IT,SciERC,ECCV_2016_212_abs,P1,0.0
Gemma-3-12B-IT,EBM-NLP,21924760,P1,0.2222222222222222
Gemma-3-12B-IT,SciERC,ICML_2016_18_abs,P3,0.5116279069767442
Gemma-3-12B-IT,SciERC,CVPR_2011_11_abs,P3,0.1764705882352941
Gemma-3-12B-IT,EBM-NLP,16167234,P3,0.4864864864864865
Gemma-3-12B-IT,EBM-NLP,22435114,P3,0.5714285714285714
Gemma-3-12B-IT,EBM-NLP,10912743,P1,0.4615384615384615
Gemma-3-12B-IT,EBM-NLP,10589810,P1,0.3684210526315788
Gemma-3-12B-IT,EBM-NLP,23392542,P1,0.5283018867924529
Gemma-3-12B-IT,EBM-NLP,24515505,P1,0.3
Gemma-3-12B-IT,EBM-NLP,9481998,P4,0.4666666666666667
Gemma-3-12B-IT,EBM-NLP,25950425,P1,0.2105263157894736
Gemma-3-12B-IT,EBM-NLP,21982657,P1,0.5217391304347826
Gemma-3-12B-IT,SciERC,ICML_2006_119_abs,P3,0.0
Gemma-3-12B-IT,EBM-NLP,24726342,P1,0.2916666666666667
Gemma-3-12B-IT,EBM-NLP,22881991,P2,0.3783783783783784
Gemma-3-12B-IT,EBM-NLP,1963383,P2,0.303030303030303
Gemma-3-12B-IT,EBM-NLP,16055807,P4,0.1739130434782608
Gemma-3-12B-IT,EBM-NLP,18783504,P3,0.425531914893617
Gemma-3-12B-IT,EBM-NLP,1286547,P3,0.588235294117647
Gemma-3-12B-IT,SciERC,C94-1091,P3,0.3225806451612903
Gemma-3-12B-IT,SciERC,X96-1059,P2,0.0
Gemma-3-12B-IT,EBM-NLP,2088233,P4,0.3809523809523809
Gemma-3-12B-IT,SciERC,E93-1066,P3,0.3111111111111111
Gemma-3-12B-IT,EBM-NLP,24451919,P3,0.3571428571428571
Gemma-3-12B-IT,SciERC,INTERSPEECH_2008_28_abs,P2,0.0
Gemma-3-12B-IT,SciERC,P05-1056,P3,0.3255813953488372
Gemma-3-12B-IT,EBM-NLP,2188766,P4,0.6486486486486486
Gemma-3-12B-IT,EBM-NLP,12960652,P2,0.3243243243243243
Gemma-3-12B-IT,EBM-NLP,26278470,P2,0.3243243243243243
Gemma-3-12B-IT,EBM-NLP,20560622,P3,0.6250000000000001
Gemma-3-12B-IT,EBM-NLP,19159999,P4,0.3870967741935483
Gemma-3-12B-IT,EBM-NLP,21669557,P1,0.380952380952381
Gemma-3-12B-IT,EBM-NLP,19301724,P1,0.4827586206896552
Gemma-3-12B-IT,EBM-NLP,1669598,P3,0.4102564102564102
Gemma-3-12B-IT,SciERC,ICASSP_1997_706_abs,P3,0.0
Gemma-3-12B-IT,EBM-NLP,12576806,P1,0.3529411764705882
Gemma-3-12B-IT,EBM-NLP,20804366,P4,0.3846153846153846
Gemma-3-12B-IT,EBM-NLP,21106663,P3,0.4545454545454545
Gemma-3-12B-IT,EBM-NLP,23357440,P4,0.4516129032258064
Gemma-3-12B-IT,EBM-NLP,2908133,P2,0.4285714285714285
Gemma-3-12B-IT,EBM-NLP,17321989,P3,0.4545454545454545
Gemma-3-12B-IT,EBM-NLP,20147856,P2,0.6470588235294118
Gemma-3-12B-IT,EBM-NLP,12477021,P4,0.48
Gemma-3-12B-IT,EBM-NLP,7598243,P2,0.3043478260869565
Gemma-3-12B-IT,EBM-NLP,2066441,P4,0.4374999999999999
Gemma-3-12B-IT,EBM-NLP,11737955,P2,0.5142857142857143
Gemma-3-12B-IT,EBM-NLP,17616069,P4,0.4516129032258065
Gemma-3-12B-IT,SciERC,W02-1602,P1,0.0
Gemma-3-12B-IT,EBM-NLP,22956006,P1,0.0
Gemma-3-12B-IT,SciERC,CVPR_2009_10_abs,P3,0.0
Gemma-3-12B-IT,EBM-NLP,9695300,P3,0.5641025641025642
Gemma-3-12B-IT,EBM-NLP,7814711,P2,0.3448275862068966
Gemma-3-12B-IT,EBM-NLP,25068497,P4,0.48
Gemma-3-12B-IT,EBM-NLP,9730996,P3,0.4888888888888889
Gemma-3-12B-IT,EBM-NLP,16295154,P3,0.4571428571428572
Gemma-3-12B-IT,EBM-NLP,25784723,P2,0.4864864864864865
Gemma-3-12B-IT,EBM-NLP,20943715,P1,0.8076923076923077
Gemma-3-12B-IT,EBM-NLP,11829043,P3,0.3684210526315789
Gemma-3-12B-IT,EBM-NLP,22420121,P3,0.4705882352941176
Gemma-3-12B-IT,EBM-NLP,8771302,P2,0.1666666666666666
Gemma-3-12B-IT,EBM-NLP,22897461,P1,0.3076923076923076
Gemma-3-12B-IT,EBM-NLP,26210844,P2,0.0588235294117647
Gemma-3-12B-IT,EBM-NLP,10763172,P3,0.358974358974359
Gemma-3-12B-IT,EBM-NLP,21491990,P1,0.3333333333333333
Gemma-3-12B-IT,EBM-NLP,24960665,P2,0.4242424242424242
Gemma-3-12B-IT,EBM-NLP,9394106,P2,0.65
Gemma-3-12B-IT,EBM-NLP,2803397,P2,0.0
Gemma-3-12B-IT,EBM-NLP,14763035,P2,0.6046511627906976
Gemma-3-12B-IT,EBM-NLP,21170734,P4,0.3199999999999999
Gemma-3-12B-IT,EBM-NLP,15133359,P3,0.3846153846153846
Gemma-3-12B-IT,EBM-NLP,23417625,P4,0.4864864864864865
Gemma-3-12B-IT,EBM-NLP,20226474,P2,0.6037735849056604
Gemma-3-12B-IT,EBM-NLP,11317090,P2,0.4347826086956522
Gemma-3-12B-IT,EBM-NLP,25369243,P4,0.3888888888888889
Gemma-3-12B-IT,SciERC,J86-3001,P1,0.0
Gemma-3-12B-IT,EBM-NLP,17897478,P3,0.4782608695652173
Gemma-3-12B-IT,SciERC,ECCV_2006_13_abs,P2,0.0
Gemma-3-12B-IT,EBM-NLP,3534803,P2,0.1875
Gemma-3-12B-IT,EBM-NLP,14739125,P2,0.4999999999999999
Gemma-3-12B-IT,EBM-NLP,24080592,P3,0.4827586206896551
Gemma-3-12B-IT,EBM-NLP,7808649,P2,0.1111111111111111
Gemma-3-12B-IT,EBM-NLP,24989854,P1,0.44
Gemma-3-12B-IT,EBM-NLP,18975051,P3,0.0
Gemma-3-12B-IT,EBM-NLP,22341427,P1,0.25
Gemma-3-12B-IT,EBM-NLP,24317958,P3,0.3
Gemma-3-12B-IT,SciERC,ICML_2016_11_abs,P3,0.0
Gemma-3-12B-IT,EBM-NLP,11495215,P4,0.52
Gemma-3-12B-IT,EBM-NLP,10475150,P1,0.2916666666666666
Gemma-3-12B-IT,EBM-NLP,18503531,P4,0.5517241379310345
Gemma-3-12B-IT,EBM-NLP,22154769,P1,0.3255813953488372
Gemma-3-12B-IT,EBM-NLP,19727232,P3,0.3999999999999999
Gemma-3-12B-IT,EBM-NLP,8726604,P3,0.3684210526315788
Gemma-3-12B-IT,SciERC,ICCV_2013_47_abs,P3,0.0
Gemma-3-12B-IT,EBM-NLP,23103798,P2,0.5882352941176471
Gemma-3-12B-IT,EBM-NLP,8913901,P2,0.5
Gemma-3-12B-IT,SciERC,ECCV_2016_204_abs,P3,0.0
Gemma-3-12B-IT,SciERC,CVPR_1994_10_abs,P3,0.1951219512195122
Gemma-3-12B-IT,EBM-NLP,10764172,P3,0.4090909090909091
Gemma-3-12B-IT,EBM-NLP,9573502,P1,0.5714285714285714
Gemma-3-12B-IT,EBM-NLP,361799,P4,0.64
Gemma-3-12B-IT,EBM-NLP,7831628,P4,0.0833333333333333
Gemma-3-12B-IT,EBM-NLP,10578479,P4,0.425531914893617
Gemma-3-12B-IT,EBM-NLP,2678230,P5,0.625
Gemma-3-12B-IT,EBM-NLP,24075141,P4,0.7499999999999999
Gemma-3-12B-IT,EBM-NLP,25898782,P2,0.3999999999999999
Gemma-3-12B-IT,EBM-NLP,21393467,P3,0.1904761904761905
Gemma-3-12B-IT,EBM-NLP,25479285,P1,0.3703703703703704
Gemma-3-12B-IT,EBM-NLP,6418441,P4,0.5405405405405405
Gemma-3-12B-IT,EBM-NLP,18958161,P4,0.2758620689655172
Gemma-3-12B-IT,EBM-NLP,6989377,P1,0.6071428571428571
Gemma-3-12B-IT,EBM-NLP,10390665,P4,0.3225806451612903
Gemma-3-12B-IT,EBM-NLP,11454878,P1,0.4444444444444445
Gemma-3-12B-IT,EBM-NLP,12595499,P1,0.5454545454545454
Gemma-3-12B-IT,EBM-NLP,7853069,P4,0.3846153846153846
Gemma-3-12B-IT,EBM-NLP,15858959,P3,0.1904761904761904
Gemma-3-12B-IT,EBM-NLP,19376304,P3,0.3333333333333333
Gemma-3-12B-IT,EBM-NLP,21896676,P2,0.4864864864864864
Gemma-3-12B-IT,EBM-NLP,12139812,P4,0.4827586206896552
Gemma-3-12B-IT,EBM-NLP,12586799,P1,0.6122448979591837
Gemma-3-12B-IT,SciERC,ECCV_2016_99_abs,P3,0.6666666666666666
Gemma-3-12B-IT,EBM-NLP,15848261,P3,0.7027027027027027
Gemma-3-12B-IT,EBM-NLP,18189160,P1,0.0
Gemma-3-12B-IT,EBM-NLP,18845996,P1,0.6122448979591836
Gemma-3-12B-IT,EBM-NLP,3074300,P3,0.5161290322580646
Gemma-3-12B-IT,SciERC,CVPR_2008_256_abs,P3,0.0
Gemma-3-12B-IT,EBM-NLP,8989009,P3,0.4081632653061224
Gemma-3-12B-IT,SciERC,H01-1042,P3,0.0
Gemma-3-12B-IT,EBM-NLP,8911223,P3,0.5116279069767441
Gemma-3-12B-IT,EBM-NLP,18544974,P3,0.5531914893617021
Gemma-3-12B-IT,SciERC,ECCV_2016_212_abs,P2,0.0
Gemma-3-12B-IT,EBM-NLP,21924760,P2,0.2285714285714286
Gemma-3-12B-IT,EBM-NLP,10912743,P2,0.5
Gemma-3-12B-IT,EBM-NLP,15014018,P1,0.619047619047619
Gemma-3-12B-IT,EBM-NLP,10589810,P2,0.3888888888888888
Gemma-3-12B-IT,EBM-NLP,21982657,P2,0.4390243902439024
Gemma-3-12B-IT,EBM-NLP,23392542,P2,0.4999999999999999
Gemma-3-12B-IT,EBM-NLP,24726342,P2,0.1578947368421052
Gemma-3-12B-IT,EBM-NLP,10070173,P3,0.3157894736842105
Gemma-3-12B-IT,EBM-NLP,25950425,P2,0.2068965517241379
Gemma-3-12B-IT,SciERC,ICCV_2003_151_abs,P3,0.0
Gemma-3-12B-IT,EBM-NLP,24515505,P2,0.3333333333333333
Gemma-3-12B-IT,EBM-NLP,22865017,P3,0.2285714285714286
Gemma-3-12B-IT,EBM-NLP,22646975,P4,0.4571428571428572
Gemma-3-12B-IT,EBM-NLP,6920252,P1,0.375
Gemma-3-12B-IT,EBM-NLP,16167234,P4,0.4782608695652174
Gemma-3-12B-IT,EBM-NLP,22435114,P4,0.5555555555555556
Gemma-3-12B-IT,EBM-NLP,16505427,P1,0.6382978723404256
Gemma-3-12B-IT,EBM-NLP,23356250,P3,0.5
Gemma-3-12B-IT,EBM-NLP,21718094,P3,0.5714285714285713
Gemma-3-12B-IT,EBM-NLP,7707420,P1,0.391304347826087
Gemma-3-12B-IT,EBM-NLP,18783504,P4,0.3255813953488372
Gemma-3-12B-IT,EBM-NLP,1286547,P4,0.6249999999999999
Gemma-3-12B-IT,EBM-NLP,24451919,P4,0.2307692307692307
Gemma-3-12B-IT,EBM-NLP,19301724,P2,0.3673469387755102
Gemma-3-12B-IT,EBM-NLP,8916620,P5,0.1428571428571428
Gemma-3-12B-IT,EBM-NLP,21669557,P2,0.4571428571428572
Gemma-3-12B-IT,EBM-NLP,22881991,P3,0.3999999999999999
Gemma-3-12B-IT,EBM-NLP,8911222,P1,0.4888888888888888
Gemma-3-12B-IT,EBM-NLP,12576806,P2,0.4
Gemma-3-12B-IT,EBM-NLP,20560622,P4,0.7878787878787877
Gemma-3-12B-IT,EBM-NLP,11401641,P1,0.6415094339622641
Gemma-3-12B-IT,EBM-NLP,1963383,P3,0.358974358974359
Gemma-3-12B-IT,SciERC,W02-1602,P2,0.0
Gemma-3-12B-IT,EBM-NLP,1669598,P4,0.4736842105263157
Gemma-3-12B-IT,SciERC,X96-1059,P3,0.0
Gemma-3-12B-IT,EBM-NLP,22956006,P2,0.0
Gemma-3-12B-IT,EBM-NLP,8519720,P1,0.3555555555555555
Gemma-3-12B-IT,EBM-NLP,17321989,P4,0.2926829268292683
Gemma-3-12B-IT,EBM-NLP,21106663,P4,0.2222222222222222
Gemma-3-12B-IT,SciERC,INTERSPEECH_2008_28_abs,P3,0.0
Gemma-3-12B-IT,EBM-NLP,26278470,P3,0.2702702702702703
Gemma-3-12B-IT,EBM-NLP,12960652,P3,0.4102564102564102
Gemma-3-12B-IT,EBM-NLP,12709693,P1,0.3928571428571428
Gemma-3-12B-IT,EBM-NLP,20943715,P2,0.7843137254901961
Gemma-3-12B-IT,EBM-NLP,9695300,P4,0.3703703703703703
Gemma-3-12B-IT,EBM-NLP,11381289,P5,0.4
Gemma-3-12B-IT,EBM-NLP,2908133,P3,0.5
Gemma-3-12B-IT,EBM-NLP,22897461,P2,0.3333333333333333
Gemma-3-12B-IT,EBM-NLP,20147856,P3,0.5454545454545454
Gemma-3-12B-IT,EBM-NLP,7598243,P3,0.3829787234042554
Gemma-3-12B-IT,EBM-NLP,22420121,P4,0.409090909090909
Gemma-3-12B-IT,EBM-NLP,23114870,P1,0.6551724137931035
Gemma-3-12B-IT,EBM-NLP,11829043,P4,0.5185185185185186
Gemma-3-12B-IT,EBM-NLP,16295154,P4,0.3636363636363636
Gemma-3-12B-IT,EBM-NLP,11737955,P3,0.5128205128205129
Gemma-3-12B-IT,EBM-NLP,21491990,P2,0.2
Gemma-3-12B-IT,EBM-NLP,9730996,P4,0.5454545454545454
Gemma-3-12B-IT,EBM-NLP,4919024,P5,0.3076923076923076
Gemma-3-12B-IT,EBM-NLP,3067745,P5,0.4761904761904762
Gemma-3-12B-IT,EBM-NLP,14679127,P1,0.5
Gemma-3-12B-IT,EBM-NLP,7814711,P3,0.2399999999999999
Gemma-3-12B-IT,EBM-NLP,10763172,P4,0.2857142857142857
Gemma-3-12B-IT,EBM-NLP,25784723,P3,0.4375
Gemma-3-12B-IT,EBM-NLP,8771302,P3,0.2777777777777778
Gemma-3-12B-IT,SciERC,J86-3001,P2,0.0
Gemma-3-12B-IT,EBM-NLP,19708562,P5,0.5
Gemma-3-12B-IT,EBM-NLP,26210844,P3,0.1578947368421052
Gemma-3-12B-IT,EBM-NLP,15133359,P4,0.3703703703703703
Gemma-3-12B-IT,EBM-NLP,21914768,P5,0.5925925925925926
Gemma-3-12B-IT,EBM-NLP,24989854,P2,0.56
Gemma-3-12B-IT,EBM-NLP,22341427,P2,0.25
Gemma-3-12B-IT,EBM-NLP,24960665,P3,0.3684210526315789
Gemma-3-12B-IT,EBM-NLP,2803397,P3,0.2127659574468085
Gemma-3-12B-IT,EBM-NLP,9394106,P3,0.6842105263157894
Gemma-3-12B-IT,EBM-NLP,17897478,P4,0.4090909090909091
Gemma-3-12B-IT,EBM-NLP,23849147,P5,0.0
Gemma-3-12B-IT,EBM-NLP,10475150,P2,0.4705882352941176
Gemma-3-12B-IT,EBM-NLP,22154769,P2,0.35
Gemma-3-12B-IT,EBM-NLP,24080592,P4,0.5
Gemma-3-12B-IT,EBM-NLP,11317090,P3,0.4897959183673469
Gemma-3-12B-IT,EBM-NLP,14763035,P3,0.4888888888888889
Gemma-3-12B-IT,EBM-NLP,20226474,P3,0.5555555555555555
Gemma-3-12B-IT,EBM-NLP,18975051,P4,0.3
Gemma-3-12B-IT,EBM-NLP,24317958,P4,0.358974358974359
Gemma-3-12B-IT,SciERC,ECCV_2006_13_abs,P3,0.0
Gemma-3-12B-IT,EBM-NLP,18077611,P1,0.4782608695652174
Gemma-3-12B-IT,EBM-NLP,14739125,P3,0.2857142857142857
Gemma-3-12B-IT,EBM-NLP,3534803,P3,0.1875
Gemma-3-12B-IT,EBM-NLP,19727232,P4,0.2162162162162162
Gemma-3-12B-IT,EBM-NLP,9573502,P2,0.5714285714285714
Gemma-3-12B-IT,EBM-NLP,15358868,P5,0.7199999999999999
Gemma-3-12B-IT,EBM-NLP,8726604,P4,0.2962962962962963
Gemma-3-12B-IT,EBM-NLP,7808649,P3,0.1578947368421052
Gemma-3-12B-IT,EBM-NLP,25479285,P2,0.4375
Gemma-3-12B-IT,EBM-NLP,6938020,P5,0.5
Gemma-3-12B-IT,EBM-NLP,6989377,P2,0.5818181818181818
Gemma-3-12B-IT,EBM-NLP,10764172,P4,0.4390243902439024
Gemma-3-12B-IT,EBM-NLP,11454878,P2,0.3809523809523809
Gemma-3-12B-IT,EBM-NLP,12595499,P2,0.4848484848484848
Gemma-3-12B-IT,EBM-NLP,21393467,P4,0.25
Gemma-3-12B-IT,EBM-NLP,23103798,P3,0.8372093023255814
Gemma-3-12B-IT,EBM-NLP,18189160,P2,0.0
Gemma-3-12B-IT,EBM-NLP,12586799,P2,0.52
Gemma-3-12B-IT,EBM-NLP,19096921,P5,0.3448275862068965
Gemma-3-12B-IT,EBM-NLP,8913901,P3,0.5263157894736842
Gemma-3-12B-IT,EBM-NLP,7844976,P5,0.1052631578947368
Gemma-3-12B-IT,EBM-NLP,18845996,P2,0.6
Gemma-3-12B-IT,EBM-NLP,19376304,P4,0.4
Gemma-3-12B-IT,EBM-NLP,15858959,P4,0.1714285714285714
Gemma-3-12B-IT,EBM-NLP,384815,P5,0.5
Gemma-3-12B-IT,EBM-NLP,15848261,P4,0.6250000000000001
Gemma-3-12B-IT,EBM-NLP,22271197,P5,0.0
Gemma-3-12B-IT,EBM-NLP,25898782,P3,0.3243243243243243
Gemma-3-12B-IT,EBM-NLP,10934569,P5,0.4516129032258064
Gemma-3-12B-IT,EBM-NLP,3074300,P4,0.5833333333333334
Gemma-3-12B-IT,EBM-NLP,24803369,P5,0.5384615384615385
Gemma-3-12B-IT,EBM-NLP,15014018,P2,0.5128205128205129
Gemma-3-12B-IT,EBM-NLP,8779382,P5,0.1739130434782608
Gemma-3-12B-IT,EBM-NLP,21896676,P3,0.3999999999999999
Gemma-3-12B-IT,EBM-NLP,8989009,P4,0.3255813953488372
Gemma-3-12B-IT,EBM-NLP,8911223,P4,0.358974358974359
Gemma-3-12B-IT,EBM-NLP,6920252,P2,0.4
Gemma-3-12B-IT,EBM-NLP,18544974,P4,0.6363636363636364
Gemma-3-12B-IT,EBM-NLP,10070173,P4,0.4878048780487804
Gemma-3-12B-IT,EBM-NLP,16505427,P2,0.6363636363636364
Gemma-3-12B-IT,EBM-NLP,22865017,P4,0.35
Gemma-3-12B-IT,EBM-NLP,7707420,P2,0.3414634146341463
Gemma-3-12B-IT,SciERC,ECCV_2016_212_abs,P3,0.0
Gemma-3-12B-IT,EBM-NLP,21924760,P3,0.2424242424242424
Gemma-3-12B-IT,EBM-NLP,10912743,P3,0.4324324324324324
Gemma-3-12B-IT,EBM-NLP,1459268,P5,0.380952380952381
Gemma-3-12B-IT,EBM-NLP,23356250,P4,0.5
Gemma-3-12B-IT,EBM-NLP,22416755,P5,0.4
Gemma-3-12B-IT,EBM-NLP,10589810,P3,0.3888888888888888
Gemma-3-12B-IT,EBM-NLP,24515505,P3,0.3555555555555555
Gemma-3-12B-IT,EBM-NLP,25950425,P3,0.1363636363636363
Gemma-3-12B-IT,EBM-NLP,8911222,P2,0.4651162790697674
Gemma-3-12B-IT,EBM-NLP,21982657,P3,0.6222222222222222
Gemma-3-12B-IT,EBM-NLP,24726342,P3,0.2380952380952381
Gemma-3-12B-IT,EBM-NLP,21718094,P4,0.4242424242424242
Gemma-3-12B-IT,EBM-NLP,23392542,P3,0.5185185185185185
Gemma-3-12B-IT,EBM-NLP,1968178,P5,0.5833333333333334
Gemma-3-12B-IT,EBM-NLP,11401641,P2,0.3
Gemma-3-12B-IT,EBM-NLP,25931290,P5,0.3703703703703704
Gemma-3-12B-IT,EBM-NLP,1780092,P5,0.3571428571428571
Gemma-3-12B-IT,EBM-NLP,11891832,P5,0.8000000000000002
Gemma-3-12B-IT,EBM-NLP,22881991,P4,0.3870967741935484
Gemma-3-12B-IT,EBM-NLP,8519720,P2,0.3478260869565218
Gemma-3-12B-IT,EBM-NLP,1131298,P5,0.5384615384615385
Gemma-3-12B-IT,EBM-NLP,1963383,P4,0.2424242424242424
Gemma-3-12B-IT,EBM-NLP,12709693,P2,0.1538461538461538
Gemma-3-12B-IT,EBM-NLP,20509069,P5,0.3157894736842105
Gemma-3-12B-IT,EBM-NLP,21669557,P3,0.5000000000000001
Gemma-3-12B-IT,EBM-NLP,19301724,P3,0.4
Gemma-3-12B-IT,EBM-NLP,7017018,P5,0.4210526315789474
Gemma-3-12B-IT,EBM-NLP,26278470,P4,0.3888888888888889
Gemma-3-12B-IT,EBM-NLP,12960652,P4,0.4390243902439024
Gemma-3-12B-IT,EBM-NLP,12576806,P3,0.4
Gemma-3-12B-IT,SciERC,W02-1602,P3,0.2380952380952381
Gemma-3-12B-IT,EBM-NLP,23114870,P2,0.4444444444444444
Gemma-3-12B-IT,EBM-NLP,15854186,P5,0.5217391304347826
Gemma-3-12B-IT,EBM-NLP,22956006,P3,0.4406779661016949
Gemma-3-12B-IT,EBM-NLP,11750293,P5,0.3157894736842105
Gemma-3-12B-IT,EBM-NLP,20147856,P4,0.6666666666666666
Gemma-3-12B-IT,EBM-NLP,2908133,P4,0.3333333333333333
Gemma-3-12B-IT,EBM-NLP,14679127,P2,0.2777777777777778
Gemma-3-12B-IT,EBM-NLP,21975269,P1,0.4117647058823529
Gemma-3-12B-IT,EBM-NLP,7598243,P4,0.2666666666666666
Gemma-3-12B-IT,EBM-NLP,6951573,P5,0.2608695652173913
Gemma-3-12B-IT,EBM-NLP,11737955,P4,0.4705882352941176
Gemma-3-12B-IT,EBM-NLP,20943715,P3,0.7450980392156863
Gemma-3-12B-IT,EBM-NLP,9229602,P5,0.4
Gemma-3-12B-IT,EBM-NLP,18337284,P1,0.5
Gemma-3-12B-IT,EBM-NLP,22897461,P3,0.4
Gemma-3-12B-IT,EBM-NLP,7814711,P4,0.2962962962962963
Gemma-3-12B-IT,EBM-NLP,20618920,P5,0.5333333333333333
Gemma-3-12B-IT,EBM-NLP,21491990,P3,0.2758620689655173
Gemma-3-12B-IT,EBM-NLP,25784723,P4,0.5714285714285714
Gemma-3-12B-IT,EBM-NLP,8771302,P4,0.3888888888888888
Gemma-3-12B-IT,EBM-NLP,20189026,P1,0.6511627906976744
Gemma-3-12B-IT,EBM-NLP,3081600,P5,0.52
Gemma-3-12B-IT,EBM-NLP,26210844,P4,0.1578947368421052
Gemma-3-12B-IT,EBM-NLP,24660757,P5,0.375
Gemma-3-12B-IT,SciERC,P86-1011,P4,0.1818181818181818
Gemma-3-12B-IT,EBM-NLP,24960665,P4,0.3428571428571429
Gemma-3-12B-IT,EBM-NLP,9394106,P4,0.5714285714285715
Gemma-3-12B-IT,SciERC,J86-3001,P3,0.0
Gemma-3-12B-IT,EBM-NLP,2803397,P4,0.2439024390243902
Gemma-3-12B-IT,EBM-NLP,18077611,P2,0.5
Gemma-3-12B-IT,EBM-NLP,19802506,P1,0.0
Gemma-3-12B-IT,EBM-NLP,11317090,P4,0.380952380952381
Gemma-3-12B-IT,EBM-NLP,14763035,P4,0.4117647058823529
Gemma-3-12B-IT,EBM-NLP,20226474,P4,0.5106382978723404
Gemma-3-12B-IT,EBM-NLP,24989854,P3,0.4444444444444444
Gemma-3-12B-IT,EBM-NLP,22341427,P3,0.25
Gemma-3-12B-IT,EBM-NLP,10475150,P3,0.2553191489361702
Gemma-3-12B-IT,EBM-NLP,22154769,P3,0.3255813953488372
Gemma-3-12B-IT,EBM-NLP,3534803,P4,0.2424242424242424
Gemma-3-12B-IT,EBM-NLP,14739125,P4,0.3076923076923076
Gemma-3-12B-IT,EBM-NLP,7808649,P4,0.125
Gemma-3-12B-IT,EBM-NLP,9573502,P3,0.4727272727272728
Gemma-3-12B-IT,EBM-NLP,23103798,P4,0.5957446808510639
Gemma-3-12B-IT,EBM-NLP,23838728,P5,0.2962962962962963
Gemma-3-12B-IT,EBM-NLP,24350813,P1,0.5245901639344263
Gemma-3-12B-IT,EBM-NLP,8913901,P4,0.5333333333333333
Gemma-3-12B-IT,EBM-NLP,25479285,P3,0.3225806451612903
Gemma-3-12B-IT,EBM-NLP,7827398,P5,0.3636363636363637
Gemma-3-12B-IT,EBM-NLP,6989377,P3,0.6181818181818182
Gemma-3-12B-IT,SciERC,ECCV_2016_110_abs,P4,0.4705882352941176
Gemma-3-12B-IT,EBM-NLP,23021296,P5,0.4117647058823529
Gemma-3-12B-IT,EBM-NLP,11454878,P3,0.3809523809523809
Gemma-3-12B-IT,EBM-NLP,12595499,P3,0.4848484848484848
Gemma-3-12B-IT,EBM-NLP,16427787,P5,0.1481481481481481
Gemma-3-12B-IT,EBM-NLP,18189160,P3,0.0
Gemma-3-12B-IT,EBM-NLP,12586799,P3,0.5098039215686275
Gemma-3-12B-IT,EBM-NLP,25898782,P4,0.3404255319148936
Gemma-3-12B-IT,EBM-NLP,18845996,P3,0.5365853658536586
Gemma-3-12B-IT,EBM-NLP,3919804,P5,0.6153846153846153
Gemma-3-12B-IT,EBM-NLP,22538329,P1,0.303030303030303
Gemma-3-12B-IT,SciERC,P06-3007,P4,0.5333333333333333
Gemma-3-12B-IT,SciERC,E95-1033,P4,0.3529411764705882
Gemma-3-12B-IT,EBM-NLP,18229990,P5,0.4848484848484849
Gemma-3-12B-IT,EBM-NLP,21896676,P4,0.4137931034482758
Gemma-3-12B-IT,EBM-NLP,2223363,P5,0.6
Gemma-3-12B-IT,SciERC,C88-1044,P4,0.5333333333333333
Gemma-3-12B-IT,EBM-NLP,11229858,P6,0.7777777777777777
Gemma-3-12B-IT,EBM-NLP,15014018,P3,0.5454545454545454
Gemma-3-12B-IT,EBM-NLP,10752495,P5,0.5714285714285714
Gemma-3-12B-IT,EBM-NLP,23549581,P1,0.5357142857142857
Gemma-3-12B-IT,EBM-NLP,21924760,P4,0.2941176470588235
Gemma-3-12B-IT,SciERC,I05-5004,P4,0.7777777777777778
Gemma-3-12B-IT,SciERC,P06-1018,P4,0.25
Gemma-3-12B-IT,EBM-NLP,15193668,P5,0.4
Gemma-3-12B-IT,EBM-NLP,18773733,P5,0.25
Gemma-3-12B-IT,EBM-NLP,6920252,P3,0.409090909090909
Gemma-3-12B-IT,SciERC,P06-2012,P4,0.6428571428571429
Gemma-3-12B-IT,SciERC,E99-1015,P4,0.5333333333333333
Gemma-3-12B-IT,EBM-NLP,10912743,P4,0.3888888888888889
Gemma-3-12B-IT,EBM-NLP,10589810,P4,0.2790697674418604
Gemma-3-12B-IT,EBM-NLP,16505427,P3,0.7317073170731707
Gemma-3-12B-IT,SciERC,P05-1039,P4,0.5714285714285715
Gemma-3-12B-IT,EBM-NLP,21982657,P4,0.6086956521739131
Gemma-3-12B-IT,EBM-NLP,23392542,P4,0.4999999999999999
Gemma-3-12B-IT,EBM-NLP,25950425,P4,0.3703703703703703
Gemma-3-12B-IT,EBM-NLP,24726342,P4,0.2352941176470588
Gemma-3-12B-IT,EBM-NLP,24515505,P4,0.2352941176470588
Gemma-3-12B-IT,EBM-NLP,2224060,P5,0.3999999999999999
Gemma-3-12B-IT,EBM-NLP,6421395,P5,0.6666666666666667
Gemma-3-12B-IT,EBM-NLP,22744141,P5,0.5833333333333334
Gemma-3-12B-IT,EBM-NLP,7707420,P3,0.3414634146341463
Gemma-3-12B-IT,SciERC,P06-1053,P4,0.380952380952381
Gemma-3-12B-IT,SciERC,P05-2013,P4,0.2105263157894737
Gemma-3-12B-IT,EBM-NLP,17293018,P5,0.4999999999999999
Gemma-3-12B-IT,EBM-NLP,8911222,P3,0.3809523809523809
Gemma-3-12B-IT,EBM-NLP,11642083,P5,0.4615384615384615
Gemma-3-12B-IT,EBM-NLP,11401641,P3,0.3414634146341463
Gemma-3-12B-IT,EBM-NLP,19301724,P4,0.4193548387096774
Gemma-3-12B-IT,EBM-NLP,21669557,P4,0.3999999999999999
Gemma-3-12B-IT,EBM-NLP,8519720,P3,0.3555555555555555
Gemma-3-12B-IT,EBM-NLP,12576806,P4,0.2962962962962963
Gemma-3-12B-IT,EBM-NLP,21975269,P2,0.1379310344827586
Gemma-3-12B-IT,SciERC,C86-1081,P4,0.1538461538461538
Gemma-3-12B-IT,EBM-NLP,12709693,P3,0.3461538461538461
Gemma-3-12B-IT,SciERC,P06-1013,P4,0.6666666666666667
Gemma-3-12B-IT,EBM-NLP,22956006,P4,0.4
Gemma-3-12B-IT,SciERC,P06-4007,P4,0.3529411764705882
Gemma-3-12B-IT,EBM-NLP,18337284,P2,0.4313725490196078
Gemma-3-12B-IT,EBM-NLP,9481998,P5,0.6000000000000001
Gemma-3-12B-IT,SciERC,P83-1004,P4,0.2857142857142856
Gemma-3-12B-IT,EBM-NLP,16055807,P5,0.1739130434782608
Gemma-3-12B-IT,EBM-NLP,23114870,P3,0.5531914893617021
Gemma-3-12B-IT,EBM-NLP,20943715,P4,0.5777777777777778
Gemma-3-12B-IT,EBM-NLP,2088233,P5,0.4
Gemma-3-12B-IT,EBM-NLP,22897461,P4,0.4347826086956521
Gemma-3-12B-IT,SciERC,C04-1011,P4,0.2
Gemma-3-12B-IT,EBM-NLP,2188766,P5,0.6111111111111112
Gemma-3-12B-IT,EBM-NLP,14679127,P3,0.4390243902439025
Gemma-3-12B-IT,EBM-NLP,20189026,P2,0.4761904761904762
Gemma-3-12B-IT,SciERC,E06-1022,P4,0.1739130434782609
Gemma-3-12B-IT,SciERC,CVPR_2003_30_abs,P4,0.4516129032258064
Gemma-3-12B-IT,EBM-NLP,11099086,P1,0.25
Gemma-3-12B-IT,EBM-NLP,21491990,P4,0.3870967741935483
Gemma-3-12B-IT,SciERC,CVPR_2004_18_abs,P4,0.2222222222222222
Gemma-3-12B-IT,EBM-NLP,19159999,P5,0.4571428571428571
Gemma-3-12B-IT,EBM-NLP,19802506,P2,0.0
Gemma-3-12B-IT,EBM-NLP,12477021,P5,0.4761904761904761
Gemma-3-12B-IT,EBM-NLP,20804366,P5,0.5333333333333333
Gemma-3-12B-IT,EBM-NLP,23357440,P5,0.7317073170731706
Gemma-3-12B-IT,EBM-NLP,17616069,P5,0.4666666666666667
Gemma-3-12B-IT,EBM-NLP,2066441,P5,0.4390243902439025
Gemma-3-12B-IT,SciERC,H05-1095,P4,0.5217391304347826
Gemma-3-12B-IT,SciERC,P03-1070,P4,0.8125
Gemma-3-12B-IT,EBM-NLP,22341427,P4,0.1935483870967741
Gemma-3-12B-IT,EBM-NLP,25068497,P5,0.3846153846153846
Gemma-3-12B-IT,EBM-NLP,24989854,P4,0.4545454545454545
Gemma-3-12B-IT,EBM-NLP,18077611,P3,0.5
Gemma-3-12B-IT,EBM-NLP,22154769,P4,0.2105263157894736
Gemma-3-12B-IT,EBM-NLP,10475150,P4,0.2916666666666666
Gemma-3-12B-IT,EBM-NLP,9816035,P1,0.5098039215686274
Gemma-3-12B-IT,SciERC,C08-2010,P4,0.1666666666666666
Gemma-3-12B-IT,EBM-NLP,24350813,P2,0.5172413793103449
Gemma-3-12B-IT,SciERC,C04-1128,P4,0.5
Gemma-3-12B-IT,SciERC,INTERSPEECH_2007_40_abs,P4,0.5454545454545454
Gemma-3-12B-IT,SciERC,N06-1037,P4,0.5599999999999999
Gemma-3-12B-IT,SciERC,C04-1036,P4,0.2962962962962963
Gemma-3-12B-IT,EBM-NLP,9573502,P4,0.4615384615384615
Gemma-3-12B-IT,EBM-NLP,25885649,P1,0.2727272727272727
Gemma-3-12B-IT,EBM-NLP,21170734,P5,0.3199999999999999
Gemma-3-12B-IT,EBM-NLP,25479285,P4,0.4324324324324324
Gemma-3-12B-IT,EBM-NLP,2678230,P6,0.8235294117647058
Gemma-3-12B-IT,EBM-NLP,23417625,P5,0.5365853658536586
Gemma-3-12B-IT,EBM-NLP,25369243,P5,0.3333333333333333
Gemma-3-12B-IT,SciERC,NIPS_2016_80_abs,P4,0.5454545454545454
Gemma-3-12B-IT,EBM-NLP,22538329,P2,0.1666666666666666
Gemma-3-12B-IT,SciERC,CVPR_1999_15_abs,P4,0.1379310344827586
Gemma-3-12B-IT,EBM-NLP,6989377,P4,0.4615384615384615
Gemma-3-12B-IT,SciERC,CVPR_2011_10_abs,P4,0.5
Gemma-3-12B-IT,EBM-NLP,12595499,P4,0.4
Gemma-3-12B-IT,EBM-NLP,11454878,P4,0.6440677966101696
Gemma-3-12B-IT,SciERC,C96-1062,P4,0.3448275862068966
Gemma-3-12B-IT,SciERC,J82-3002,P4,0.3870967741935484
Gemma-3-12B-IT,EBM-NLP,18189160,P4,0.44
Gemma-3-12B-IT,SciERC,ICCV_2013_25_abs,P4,0.4242424242424242
Gemma-3-12B-IT,EBM-NLP,12586799,P4,0.4489795918367347
Gemma-3-12B-IT,SciERC,N04-1022,P4,0.4516129032258064
Gemma-3-12B-IT,EBM-NLP,18845996,P4,0.56
Gemma-3-12B-IT,EBM-NLP,11495215,P5,0.509090909090909
Gemma-3-12B-IT,EBM-NLP,18503531,P5,0.6206896551724137
Gemma-3-12B-IT,EBM-NLP,23549581,P2,0.4150943396226415
Gemma-3-12B-IT,SciERC,C90-3063,P4,0.4444444444444444
Gemma-3-12B-IT,SciERC,CVPR_2004_30_abs,P4,0.1666666666666666
Gemma-3-12B-IT,SciERC,I05-4010,P4,0.5714285714285714
Gemma-3-12B-IT,EBM-NLP,15014018,P4,0.5128205128205129
Gemma-3-12B-IT,SciERC,NIPS_2002_18_abs,P4,0.32
Gemma-3-12B-IT,SciERC,P01-1056,P4,0.4848484848484848
Gemma-3-12B-IT,SciERC,A97-1020,P4,0.3636363636363636
Gemma-3-12B-IT,EBM-NLP,7831628,P5,0.1538461538461538
Gemma-3-12B-IT,SciERC,INTERSPEECH_2013_21_abs,P4,0.4571428571428572
Gemma-3-12B-IT,EBM-NLP,24075141,P5,0.6060606060606061
Gemma-3-12B-IT,EBM-NLP,361799,P5,0.5714285714285715
Gemma-3-12B-IT,EBM-NLP,10578479,P5,0.375
Gemma-3-12B-IT,EBM-NLP,6920252,P4,0.425531914893617
Gemma-3-12B-IT,EBM-NLP,18958161,P5,0.2307692307692307
Gemma-3-12B-IT,SciERC,P08-1105,P4,0.5161290322580646
Gemma-3-12B-IT,EBM-NLP,6418441,P5,0.6111111111111112
Gemma-3-12B-IT,EBM-NLP,16505427,P4,0.6382978723404256
Gemma-3-12B-IT,SciERC,C00-2123,P4,0.4210526315789474
Gemma-3-12B-IT,EBM-NLP,10390665,P5,0.3124999999999999
Gemma-3-12B-IT,EBM-NLP,7853069,P5,0.4444444444444445
Gemma-3-12B-IT,EBM-NLP,7707420,P4,0.4186046511627906
Gemma-3-12B-IT,SciERC,NIPS_2001_11_abs,P4,0.4705882352941176
Gemma-3-12B-IT,EBM-NLP,21211686,P1,0.6176470588235294
Gemma-3-12B-IT,SciERC,CVPR_2009_18_abs,P4,0.5238095238095238
Gemma-3-12B-IT,EBM-NLP,12139812,P5,0.4166666666666666
Gemma-3-12B-IT,SciERC,ECCV_2012_30_abs,P4,0.4516129032258064
Gemma-3-12B-IT,EBM-NLP,8916620,P6,0.1538461538461538
Gemma-3-12B-IT,EBM-NLP,8911222,P4,0.6122448979591837
Gemma-3-12B-IT,SciERC,NIPS_2002_11_abs,P4,0.5
Gemma-3-12B-IT,SciERC,ICML_1995_38_abs,P4,0.0625
Gemma-3-12B-IT,EBM-NLP,11401641,P4,0.4186046511627906
Gemma-3-12B-IT,SciERC,C04-1035,P4,0.4571428571428571
Gemma-3-12B-IT,EBM-NLP,8519720,P4,0.2666666666666666
Gemma-3-12B-IT,SciERC,I05-5003,P4,0.5945945945945945
Gemma-3-12B-IT,EBM-NLP,22646975,P5,0.3529411764705882
Gemma-3-12B-IT,EBM-NLP,12709693,P4,0.3673469387755102
Gemma-3-12B-IT,EBM-NLP,16167234,P5,0.6153846153846153
Gemma-3-12B-IT,SciERC,H01-1049,P4,0.25
Gemma-3-12B-IT,EBM-NLP,22435114,P5,0.5405405405405405
Gemma-3-12B-IT,SciERC,P85-1019,P4,0.4
Gemma-3-12B-IT,SciERC,N03-1033,P4,0.4166666666666667
Gemma-3-12B-IT,SciERC,C04-1106,P4,0.1818181818181818
Gemma-3-12B-IT,SciERC,C90-3045,P4,0.5
Gemma-3-12B-IT,EBM-NLP,11381289,P6,0.4
Gemma-3-12B-IT,EBM-NLP,21975269,P3,0.2666666666666666
Gemma-3-12B-IT,EBM-NLP,18783504,P5,0.3076923076923076
Gemma-3-12B-IT,EBM-NLP,11099086,P2,0.4528301886792453
Gemma-3-12B-IT,EBM-NLP,1286547,P5,0.6060606060606061
Gemma-3-12B-IT,EBM-NLP,23114870,P4,0.4210526315789474
Gemma-3-12B-IT,EBM-NLP,24451919,P5,0.4375
Gemma-3-12B-IT,SciERC,P04-2005,P4,0.5641025641025641
Gemma-3-12B-IT,EBM-NLP,14679127,P4,0.5333333333333333
Gemma-3-12B-IT,SciERC,ICCV_2001_47_abs,P4,0.4651162790697674
Gemma-3-12B-IT,EBM-NLP,18337284,P3,0.2439024390243902
Gemma-3-12B-IT,EBM-NLP,3067745,P6,0.3529411764705882
Gemma-3-12B-IT,EBM-NLP,23985254,P1,0.2903225806451613
Gemma-3-12B-IT,EBM-NLP,4919024,P6,0.2666666666666666
Gemma-3-12B-IT,EBM-NLP,20560622,P5,0.6857142857142857
Gemma-3-12B-IT,EBM-NLP,1669598,P5,0.6486486486486486
Gemma-3-12B-IT,SciERC,ICCV_2003_161_abs,P4,0.3157894736842105
Gemma-3-12B-IT,EBM-NLP,25886492,P1,0.3255813953488372
Gemma-3-12B-IT,SciERC,N03-1026,P4,0.5263157894736842
Gemma-3-12B-IT,SciERC,C04-1103,P4,0.5185185185185186
Gemma-3-12B-IT,EBM-NLP,20189026,P3,0.5365853658536585
Gemma-3-12B-IT,EBM-NLP,21106663,P5,0.2222222222222222
Gemma-3-12B-IT,EBM-NLP,19708562,P6,0.5
Gemma-3-12B-IT,EBM-NLP,17321989,P5,0.1714285714285714
Gemma-3-12B-IT,SciERC,INTERSPEECH_2014_40_abs,P4,0.5
Gemma-3-12B-IT,SciERC,E89-1016,P4,0.5
Gemma-3-12B-IT,EBM-NLP,21914768,P6,0.56
Gemma-3-12B-IT,SciERC,ICASSP_2016_11_abs,P4,0.303030303030303
Gemma-3-12B-IT,EBM-NLP,9695300,P5,0.3076923076923077
Gemma-3-12B-IT,EBM-NLP,23849147,P6,0.2105263157894736
Gemma-3-12B-IT,SciERC,CVPR_2008_258_abs,P4,0.4516129032258064
Gemma-3-12B-IT,EBM-NLP,9816035,P2,0.4615384615384615
Gemma-3-12B-IT,SciERC,P05-1076,P4,0.3888888888888888
Gemma-3-12B-IT,EBM-NLP,19802506,P3,0.75
Gemma-3-12B-IT,SciERC,ICML_2016_10_abs,P4,0.3703703703703704
Gemma-3-12B-IT,EBM-NLP,16295154,P5,0.5925925925925926
Gemma-3-12B-IT,EBM-NLP,22420121,P5,0.4848484848484848
Gemma-3-12B-IT,SciERC,J05-4003,P4,0.3636363636363636
Gemma-3-12B-IT,EBM-NLP,11829043,P5,0.5625000000000001
Gemma-3-12B-IT,EBM-NLP,9730996,P5,0.5909090909090909
Gemma-3-12B-IT,EBM-NLP,18077611,P4,0.5116279069767441
Gemma-3-12B-IT,EBM-NLP,25885649,P2,0.1639344262295081
Gemma-3-12B-IT,SciERC,P05-1046,P4,0.6857142857142857
Gemma-3-12B-IT,EBM-NLP,15358868,P6,0.6896551724137931
Gemma-3-12B-IT,EBM-NLP,10763172,P5,0.2857142857142857
Gemma-3-12B-IT,SciERC,INTERSPEECH_2006_21_abs,P4,0.4848484848484848
Gemma-3-12B-IT,EBM-NLP,6938020,P6,0.5
Gemma-3-12B-IT,SciERC,CVPR_1993_10_abs,P4,0.4736842105263158
Gemma-3-12B-IT,EBM-NLP,15133359,P5,0.3703703703703703
Gemma-3-12B-IT,EBM-NLP,24350813,P3,0.5172413793103449
Gemma-3-12B-IT,EBM-NLP,19096921,P6,0.3448275862068965
Gemma-3-12B-IT,EBM-NLP,7844976,P6,0.0952380952380952
Gemma-3-12B-IT,EBM-NLP,17897478,P5,0.4444444444444444
Gemma-3-12B-IT,SciERC,CVPR_2006_10_abs,P4,0.6086956521739131
Gemma-3-12B-IT,SciERC,CVPR_2016_413_abs,P4,0.5454545454545455
Gemma-3-12B-IT,EBM-NLP,24080592,P5,0.7272727272727273
Gemma-3-12B-IT,EBM-NLP,384815,P6,0.6363636363636364
Gemma-3-12B-IT,EBM-NLP,18975051,P5,0.4
Gemma-3-12B-IT,EBM-NLP,24317958,P5,0.3333333333333333
Gemma-3-12B-IT,EBM-NLP,22538329,P3,0.3225806451612903
Gemma-3-12B-IT,EBM-NLP,22271197,P6,0.1666666666666666
Gemma-3-12B-IT,EBM-NLP,10934569,P6,0.4516129032258064
Gemma-3-12B-IT,SciERC,NIPS_2015_18_abs,P4,0.4102564102564102
Gemma-3-12B-IT,EBM-NLP,24803369,P6,0.4615384615384615
Gemma-3-12B-IT,EBM-NLP,19727232,P5,0.3684210526315789
Gemma-3-12B-IT,EBM-NLP,8779382,P6,0.2608695652173913
Gemma-3-12B-IT,EBM-NLP,8726604,P5,0.2962962962962963
Gemma-3-12B-IT,SciERC,INTERSPEECH_2008_20_abs,P4,0.1666666666666666
Gemma-3-12B-IT,EBM-NLP,10764172,P5,0.4117647058823528
Gemma-3-12B-IT,EBM-NLP,23549581,P3,0.4313725490196078
Gemma-3-12B-IT,EBM-NLP,21211686,P2,0.0
Gemma-3-12B-IT,SciERC,NIPS_2016_560_abs,P4,0.2068965517241379
Gemma-3-12B-IT,EBM-NLP,21393467,P5,0.2857142857142857
Gemma-3-12B-IT,EBM-NLP,1459268,P6,0.380952380952381
Gemma-3-12B-IT,EBM-NLP,19108790,P1,0.40625
Gemma-3-12B-IT,EBM-NLP,22416755,P6,0.3846153846153846
Gemma-3-12B-IT,EBM-NLP,15858959,P5,0.25
Gemma-3-12B-IT,EBM-NLP,19376304,P5,0.380952380952381
Gemma-3-12B-IT,SciERC,E91-1012,P4,0.3125
Gemma-3-12B-IT,EBM-NLP,15848261,P5,0.7
Gemma-3-12B-IT,EBM-NLP,1968178,P6,0.4761904761904761
Gemma-3-12B-IT,EBM-NLP,11891832,P6,0.5925925925925927
Gemma-3-12B-IT,SciERC,CVPR_2010_30_abs,P4,0.5882352941176471
Gemma-3-12B-IT,EBM-NLP,1780092,P6,0.3478260869565218
Gemma-3-12B-IT,EBM-NLP,3074300,P5,0.5384615384615384
Gemma-3-12B-IT,EBM-NLP,25931290,P6,0.32
Gemma-3-12B-IT,EBM-NLP,8989009,P5,0.2564102564102564
Gemma-3-12B-IT,EBM-NLP,1131298,P6,0.5384615384615385
Gemma-3-12B-IT,EBM-NLP,8911223,P5,0.4102564102564102
Gemma-3-12B-IT,EBM-NLP,18544974,P5,0.5909090909090908
Gemma-3-12B-IT,EBM-NLP,20509069,P6,0.4761904761904761
Gemma-3-12B-IT,SciERC,J86-4002,P4,0.2222222222222222
Gemma-3-12B-IT,EBM-NLP,10070173,P5,0.35
Gemma-3-12B-IT,EBM-NLP,22865017,P5,0.4
Gemma-3-12B-IT,EBM-NLP,7017018,P6,0.4444444444444444
Gemma-3-12B-IT,SciERC,CVPR_2011_11_abs,P4,0.2222222222222222
Gemma-3-12B-IT,SciERC,ICML_2016_18_abs,P4,0.5238095238095238
Gemma-3-12B-IT,EBM-NLP,15854186,P6,0.5217391304347826
Gemma-3-12B-IT,SciERC,ICML_2006_119_abs,P4,0.4347826086956521
Gemma-3-12B-IT,EBM-NLP,23356250,P5,0.5945945945945946
Gemma-3-12B-IT,EBM-NLP,21718094,P5,0.4736842105263157
Gemma-3-12B-IT,EBM-NLP,21975269,P4,0.1999999999999999
Gemma-3-12B-IT,EBM-NLP,11750293,P6,0.3157894736842105
Gemma-3-12B-IT,EBM-NLP,23985254,P2,0.3076923076923077
Gemma-3-12B-IT,EBM-NLP,6951573,P6,0.0
Gemma-3-12B-IT,SciERC,E93-1066,P4,0.2857142857142857
Gemma-3-12B-IT,SciERC,C94-1091,P4,0.2580645161290323
Gemma-3-12B-IT,EBM-NLP,18337284,P4,0.5
Gemma-3-12B-IT,EBM-NLP,22881991,P5,0.3999999999999999
Gemma-3-12B-IT,SciERC,P05-1056,P4,0.4782608695652174
Gemma-3-12B-IT,EBM-NLP,25886492,P2,0.1764705882352941
Gemma-3-12B-IT,EBM-NLP,9229602,P6,0.4
Gemma-3-12B-IT,EBM-NLP,1963383,P5,0.2777777777777778
Gemma-3-12B-IT,EBM-NLP,20618920,P6,0.375
Gemma-3-12B-IT,EBM-NLP,11099086,P3,0.1578947368421052
Gemma-3-12B-IT,SciERC,ICASSP_1997_706_abs,P4,0.6046511627906976
Gemma-3-12B-IT,EBM-NLP,20189026,P4,0.4210526315789473
Gemma-3-12B-IT,EBM-NLP,26278470,P5,0.3783783783783783
Gemma-3-12B-IT,EBM-NLP,12960652,P5,0.1875
Gemma-3-12B-IT,EBM-NLP,3081600,P6,0.2857142857142857
Gemma-3-12B-IT,EBM-NLP,24660757,P6,0.4705882352941176
Gemma-3-12B-IT,SciERC,CVPR_2009_10_abs,P4,0.5384615384615384
Gemma-3-12B-IT,EBM-NLP,20147856,P5,0.588235294117647
Gemma-3-12B-IT,EBM-NLP,2908133,P5,0.3333333333333333
Gemma-3-12B-IT,EBM-NLP,19802506,P4,0.6769230769230768
Gemma-3-12B-IT,EBM-NLP,7598243,P5,0.6909090909090909
Gemma-3-12B-IT,EBM-NLP,11737955,P5,0.4705882352941176
Gemma-3-12B-IT,EBM-NLP,7814711,P5,0.2758620689655172
Gemma-3-12B-IT,EBM-NLP,9816035,P3,0.4390243902439024
Gemma-3-12B-IT,EBM-NLP,8771302,P5,0.3125
Gemma-3-12B-IT,EBM-NLP,25784723,P5,0.5714285714285714
Gemma-3-12B-IT,EBM-NLP,26210844,P5,0.1666666666666666
Gemma-3-12B-IT,EBM-NLP,25885649,P3,0.2
Gemma-3-12B-IT,EBM-NLP,21866656,P1,0.5454545454545454
Gemma-3-12B-IT,EBM-NLP,24350813,P4,0.5000000000000001
Gemma-3-12B-IT,EBM-NLP,23838728,P6,0.2307692307692307
Gemma-3-12B-IT,EBM-NLP,24960665,P5,0.5555555555555556
Gemma-3-12B-IT,EBM-NLP,9394106,P5,0.4864864864864864
Gemma-3-12B-IT,EBM-NLP,2803397,P5,0.2926829268292683
Gemma-3-12B-IT,EBM-NLP,7827398,P6,0.380952380952381
Gemma-3-12B-IT,EBM-NLP,23021296,P6,0.4444444444444445
Gemma-3-12B-IT,EBM-NLP,16427787,P6,0.4
Gemma-3-12B-IT,EBM-NLP,11317090,P5,0.4761904761904761
Gemma-3-12B-IT,EBM-NLP,14763035,P5,0.65
Gemma-3-12B-IT,EBM-NLP,20226474,P5,0.4255319148936169
Gemma-3-12B-IT,SciERC,ICML_2016_11_abs,P4,0.3809523809523809
Gemma-3-12B-IT,EBM-NLP,22538329,P4,0.16
Gemma-3-12B-IT,EBM-NLP,3919804,P6,0.6153846153846153
Gemma-3-12B-IT,EBM-NLP,14739125,P5,0.3076923076923076
Gemma-3-12B-IT,EBM-NLP,3534803,P5,0.1935483870967742
Gemma-3-12B-IT,SciERC,ICCV_2013_47_abs,P4,0.392156862745098
Gemma-3-12B-IT,EBM-NLP,18229990,P6,0.4848484848484849
Gemma-3-12B-IT,EBM-NLP,7808649,P5,0.25
Gemma-3-12B-IT,SciERC,ECCV_2016_204_abs,P4,0.4583333333333333
Gemma-3-12B-IT,SciERC,CVPR_1994_10_abs,P4,0.380952380952381
Gemma-3-12B-IT,EBM-NLP,2223363,P6,0.5263157894736842
Gemma-3-12B-IT,EBM-NLP,19108790,P2,0.5866666666666667
Gemma-3-12B-IT,EBM-NLP,23549581,P4,0.375
Gemma-3-12B-IT,EBM-NLP,10752495,P6,0.5
Gemma-3-12B-IT,EBM-NLP,23103798,P5,0.6511627906976744
Gemma-3-12B-IT,EBM-NLP,15193668,P6,0.2962962962962963
Gemma-3-12B-IT,EBM-NLP,18773733,P6,0.1666666666666666
Gemma-3-12B-IT,EBM-NLP,8913901,P5,0.5714285714285714
Gemma-3-12B-IT,EBM-NLP,21211686,P3,0.4137931034482758
Gemma-3-12B-IT,EBM-NLP,6421395,P6,0.6666666666666667
Gemma-3-12B-IT,EBM-NLP,2224060,P6,0.3125
Gemma-3-12B-IT,SciERC,ECCV_2016_99_abs,P4,0.6111111111111112
Gemma-3-12B-IT,EBM-NLP,25898782,P5,0.2790697674418604
Gemma-3-12B-IT,EBM-NLP,22744141,P6,0.5454545454545455
Gemma-3-12B-IT,SciERC,CVPR_2008_256_abs,P4,0.6037735849056604
Gemma-3-12B-IT,EBM-NLP,17293018,P6,0.4999999999999999
Gemma-3-12B-IT,EBM-NLP,21896676,P5,0.3448275862068966
Gemma-3-12B-IT,SciERC,H01-1042,P4,0.3529411764705882
Gemma-3-12B-IT,EBM-NLP,10940525,P1,0.1967213114754098
Gemma-3-12B-IT,EBM-NLP,11642083,P6,0.1818181818181818
Gemma-3-12B-IT,SciERC,ICCV_2003_151_abs,P4,0.3548387096774193
Gemma-3-12B-IT,EBM-NLP,21924760,P5,0.2068965517241379
Gemma-3-12B-IT,EBM-NLP,10912743,P5,0.358974358974359
Gemma-3-12B-IT,EBM-NLP,10589810,P5,0.238095238095238
Gemma-3-12B-IT,EBM-NLP,25950425,P5,0.2264150943396226
Gemma-3-12B-IT,EBM-NLP,24726342,P5,0.2352941176470588
Gemma-3-12B-IT,EBM-NLP,23392542,P5,0.5217391304347826
Gemma-3-12B-IT,EBM-NLP,24515505,P5,0.3255813953488372
Gemma-3-12B-IT,EBM-NLP,21982657,P5,0.5499999999999999
Gemma-3-12B-IT,EBM-NLP,9481998,P6,0.2105263157894736
Gemma-3-12B-IT,EBM-NLP,16055807,P6,0.0909090909090909
Gemma-3-12B-IT,EBM-NLP,2088233,P6,0.4
Gemma-3-12B-IT,EBM-NLP,2188766,P6,0.6111111111111112
Gemma-3-12B-IT,EBM-NLP,23985254,P3,0.3225806451612903
Gemma-3-12B-IT,EBM-NLP,11099086,P4,0.3636363636363636
Gemma-3-12B-IT,EBM-NLP,19301724,P5,0.3255813953488372
Gemma-3-12B-IT,EBM-NLP,21669557,P5,0.3636363636363636
Gemma-3-12B-IT,SciERC,X96-1059,P4,0.4166666666666666
Gemma-3-12B-IT,EBM-NLP,25886492,P3,0.1818181818181818
Gemma-3-12B-IT,EBM-NLP,19159999,P6,0.4
Gemma-3-12B-IT,SciERC,INTERSPEECH_2008_28_abs,P4,0.3404255319148936
Gemma-3-12B-IT,EBM-NLP,12576806,P5,0.2758620689655172
Gemma-3-12B-IT,EBM-NLP,20739054,P1,0.1818181818181818
Gemma-3-12B-IT,EBM-NLP,23357440,P6,0.5333333333333333
Gemma-3-12B-IT,EBM-NLP,12477021,P6,0.4761904761904761
Gemma-3-12B-IT,EBM-NLP,20804366,P6,0.4827586206896552
Gemma-3-12B-IT,EBM-NLP,22956006,P5,0.5098039215686274
Gemma-3-12B-IT,EBM-NLP,17616069,P6,0.4666666666666667
Gemma-3-12B-IT,EBM-NLP,2066441,P6,0.4615384615384615
Gemma-3-12B-IT,EBM-NLP,25068497,P6,0.4285714285714285
Gemma-3-12B-IT,EBM-NLP,20943715,P5,0.5909090909090909
Gemma-3-12B-IT,EBM-NLP,22897461,P5,0.3333333333333333
Gemma-3-12B-IT,EBM-NLP,21866656,P2,0.6538461538461539
Gemma-3-12B-IT,EBM-NLP,9816035,P4,0.4390243902439024
Gemma-3-12B-IT,EBM-NLP,21491990,P5,0.3448275862068966
Gemma-3-12B-IT,EBM-NLP,25885649,P4,0.3380281690140845
Gemma-3-12B-IT,EBM-NLP,23417625,P6,0.6486486486486486
Gemma-3-12B-IT,EBM-NLP,21170734,P6,0.3076923076923076
Gemma-3-12B-IT,EBM-NLP,25369243,P6,0.2962962962962963
Gemma-3-12B-IT,EBM-NLP,22341427,P5,0.2040816326530612
Gemma-3-12B-IT,EBM-NLP,24989854,P5,0.425531914893617
Gemma-3-12B-IT,SciERC,ECCV_2006_13_abs,P4,0.3999999999999999
Gemma-3-12B-IT,EBM-NLP,11495215,P6,0.4489795918367347
Gemma-3-12B-IT,EBM-NLP,10475150,P5,0.2978723404255319
Gemma-3-12B-IT,EBM-NLP,22154769,P5,0.1538461538461538
Gemma-3-12B-IT,EBM-NLP,18503531,P6,0.6206896551724137
Gemma-3-12B-IT,EBM-NLP,9573502,P5,0.3636363636363636
Gemma-3-12B-IT,EBM-NLP,361799,P6,0.5714285714285715
Gemma-3-12B-IT,EBM-NLP,25479285,P5,0.3333333333333333
Gemma-3-12B-IT,EBM-NLP,7831628,P6,0.1739130434782608
Gemma-3-12B-IT,EBM-NLP,10578479,P6,0.3846153846153846
Gemma-3-12B-IT,EBM-NLP,24075141,P6,0.6060606060606061
Gemma-3-12B-IT,EBM-NLP,6989377,P5,0.3181818181818182
Gemma-3-12B-IT,EBM-NLP,6418441,P6,0.6111111111111112
Gemma-3-12B-IT,EBM-NLP,18958161,P6,0.1538461538461538
Gemma-3-12B-IT,EBM-NLP,12595499,P5,0.5
Gemma-3-12B-IT,EBM-NLP,19108790,P3,0.3333333333333333
Gemma-3-12B-IT,EBM-NLP,11454878,P5,0.3720930232558139
Gemma-3-12B-IT,EBM-NLP,21211686,P4,0.3571428571428571
Gemma-3-12B-IT,EBM-NLP,10940525,P2,0.2033898305084745
Gemma-3-12B-IT,EBM-NLP,10390665,P6,0.4571428571428571
Gemma-3-12B-IT,EBM-NLP,18189160,P5,0.326530612244898
Gemma-3-12B-IT,EBM-NLP,7853069,P6,0.4137931034482759
Gemma-3-12B-IT,EBM-NLP,12586799,P5,0.4090909090909091
Gemma-3-12B-IT,EBM-NLP,12139812,P6,0.380952380952381
Gemma-3-12B-IT,EBM-NLP,18845996,P5,0.4285714285714285
Gemma-3-12B-IT,EBM-NLP,15014018,P5,0.6046511627906976
Gemma-3-12B-IT,SciERC,ECCV_2016_212_abs,P4,0.5423728813559322
Gemma-3-12B-IT,EBM-NLP,22646975,P6,0.2857142857142857
Gemma-3-12B-IT,EBM-NLP,6920252,P5,0.3
Gemma-3-12B-IT,EBM-NLP,16167234,P6,0.5641025641025642
Gemma-3-12B-IT,EBM-NLP,16505427,P5,0.6341463414634146
Gemma-3-12B-IT,EBM-NLP,22435114,P6,0.5555555555555556
Gemma-3-12B-IT,EBM-NLP,7707420,P5,0.4186046511627906
Gemma-3-12B-IT,EBM-NLP,1286547,P6,0.5625
Gemma-3-12B-IT,EBM-NLP,18783504,P6,0.3076923076923076
Gemma-3-12B-IT,EBM-NLP,24451919,P6,0.3870967741935484
Gemma-3-12B-IT,EBM-NLP,8911222,P5,0.5384615384615384
Gemma-3-12B-IT,EBM-NLP,23985254,P4,0.3137254901960784
Gemma-3-12B-IT,EBM-NLP,11401641,P5,0.5217391304347827
Gemma-3-12B-IT,EBM-NLP,20739054,P2,0.1818181818181818
Gemma-3-12B-IT,EBM-NLP,20560622,P6,0.7428571428571428
Gemma-3-12B-IT,EBM-NLP,8519720,P5,0.2272727272727273
Gemma-3-12B-IT,EBM-NLP,25886492,P4,0.2
Gemma-3-12B-IT,EBM-NLP,1669598,P6,0.4210526315789474
Gemma-3-12B-IT,EBM-NLP,12709693,P5,0.2222222222222222
Gemma-3-12B-IT,EBM-NLP,21106663,P6,0.2222222222222222
Gemma-3-12B-IT,EBM-NLP,17321989,P6,0.1874999999999999
Gemma-3-12B-IT,SciERC,W02-1602,P4,0.2926829268292683
Gemma-3-12B-IT,EBM-NLP,9695300,P6,0.3076923076923077
Gemma-3-12B-IT,EBM-NLP,23114870,P5,0.5714285714285715
Gemma-3-12B-IT,EBM-NLP,22420121,P6,0.4848484848484848
Gemma-3-12B-IT,EBM-NLP,9730996,P6,0.5238095238095238
Gemma-3-12B-IT,EBM-NLP,16295154,P6,0.5925925925925926
Gemma-3-12B-IT,EBM-NLP,11829043,P6,0.4827586206896552
Gemma-3-12B-IT,EBM-NLP,14679127,P5,0.1875
Gemma-3-12B-IT,EBM-NLP,10763172,P6,0.2857142857142857
Gemma-3-12B-IT,EBM-NLP,21866656,P3,0.5777777777777777
Gemma-3-12B-IT,EBM-NLP,15133359,P6,0.3703703703703703
Gemma-3-12B-IT,SciERC,J86-3001,P4,0.2666666666666666
Gemma-3-12B-IT,EBM-NLP,17897478,P6,0.3902439024390244
Gemma-3-12B-IT,EBM-NLP,24080592,P6,0.4827586206896551
Gemma-3-12B-IT,EBM-NLP,18975051,P6,0.3529411764705882
Gemma-3-12B-IT,EBM-NLP,24317958,P6,0.2580645161290322
Gemma-3-12B-IT,EBM-NLP,18077611,P5,0.6
Gemma-3-12B-IT,EBM-NLP,19727232,P6,0.3783783783783784
Gemma-3-12B-IT,EBM-NLP,8726604,P6,0.2857142857142857
Gemma-3-12B-IT,EBM-NLP,10764172,P6,0.4324324324324324
Gemma-3-12B-IT,EBM-NLP,21393467,P6,0.3478260869565218
Gemma-3-12B-IT,EBM-NLP,19108790,P4,0.40625
Gemma-3-12B-IT,EBM-NLP,15858959,P6,0.2051282051282051
Gemma-3-12B-IT,EBM-NLP,19376304,P6,0.3636363636363637
Gemma-3-12B-IT,EBM-NLP,15848261,P6,0.7
Gemma-3-12B-IT,EBM-NLP,3074300,P6,0.5384615384615384
Gemma-3-12B-IT,EBM-NLP,10940525,P3,0.3333333333333333
Gemma-3-12B-IT,EBM-NLP,8989009,P6,0.2702702702702703
Gemma-3-12B-IT,EBM-NLP,18544974,P6,0.4545454545454545
Gemma-3-12B-IT,EBM-NLP,8911223,P6,0.4102564102564102
Gemma-3-12B-IT,EBM-NLP,10070173,P6,0.35
Gemma-3-12B-IT,EBM-NLP,22865017,P6,0.35
Gemma-3-12B-IT,EBM-NLP,23356250,P6,0.4375
Gemma-3-12B-IT,EBM-NLP,21718094,P6,0.2068965517241379
Gemma-3-12B-IT,EBM-NLP,22881991,P6,0.3749999999999999
Gemma-3-12B-IT,EBM-NLP,1963383,P6,0.2941176470588235
Gemma-3-12B-IT,EBM-NLP,20739054,P3,0.2758620689655172
Gemma-3-12B-IT,EBM-NLP,12960652,P6,0.2352941176470588
Gemma-3-12B-IT,EBM-NLP,26278470,P6,0.3428571428571428
Gemma-3-12B-IT,EBM-NLP,21975269,P5,0.4324324324324324
Gemma-3-12B-IT,EBM-NLP,20147856,P6,0.611111111111111
Gemma-3-12B-IT,EBM-NLP,2908133,P6,0.4166666666666667
Gemma-3-12B-IT,EBM-NLP,7598243,P6,0.679245283018868
Gemma-3-12B-IT,EBM-NLP,11737955,P6,0.5294117647058824
Gemma-3-12B-IT,EBM-NLP,18337284,P5,0.2439024390243902
Gemma-3-12B-IT,EBM-NLP,7814711,P6,0.2758620689655172
Gemma-3-12B-IT,EBM-NLP,8771302,P6,0.16
Gemma-3-12B-IT,EBM-NLP,25784723,P6,0.4864864864864865
Gemma-3-12B-IT,EBM-NLP,21029638,P1,0.2439024390243902
Gemma-3-12B-IT,EBM-NLP,21866656,P4,0.4444444444444445
Gemma-3-12B-IT,EBM-NLP,20189026,P5,0.3428571428571429
Gemma-3-12B-IT,EBM-NLP,26210844,P6,0.1764705882352941
Gemma-3-12B-IT,EBM-NLP,24960665,P6,0.375
Gemma-3-12B-IT,EBM-NLP,2803397,P6,0.1999999999999999
Gemma-3-12B-IT,EBM-NLP,9394106,P6,0.4571428571428572
Gemma-3-12B-IT,EBM-NLP,19802506,P5,0.5753424657534247
Gemma-3-12B-IT,EBM-NLP,14763035,P6,0.4571428571428571
Gemma-3-12B-IT,EBM-NLP,11317090,P6,0.125
Gemma-3-12B-IT,EBM-NLP,20226474,P6,0.3913043478260868
Gemma-3-12B-IT,EBM-NLP,3534803,P6,0.1935483870967742
Gemma-3-12B-IT,EBM-NLP,14739125,P6,0.3076923076923076
Gemma-3-12B-IT,EBM-NLP,7808649,P6,0.064516129032258
Gemma-3-12B-IT,EBM-NLP,24350813,P5,0.3555555555555555
Gemma-3-12B-IT,EBM-NLP,23103798,P6,0.4878048780487805
Gemma-3-12B-IT,EBM-NLP,8913901,P6,0.5714285714285714
Gemma-3-12B-IT,EBM-NLP,22538329,P5,0.25
Gemma-3-12B-IT,EBM-NLP,25898782,P6,0.1621621621621621
Gemma-3-12B-IT,EBM-NLP,10940525,P4,0.3235294117647058
Gemma-3-12B-IT,EBM-NLP,21896676,P6,0.2608695652173912
Gemma-3-12B-IT,EBM-NLP,23549581,P5,0.3555555555555555
Gemma-3-12B-IT,EBM-NLP,21924760,P6,0.2068965517241379
Gemma-3-12B-IT,EBM-NLP,10912743,P6,0.411764705882353
Gemma-3-12B-IT,EBM-NLP,10589810,P6,0.3428571428571428
Gemma-3-12B-IT,EBM-NLP,25950425,P6,0.1999999999999999
Gemma-3-12B-IT,EBM-NLP,21982657,P6,0.5641025641025641
Gemma-3-12B-IT,EBM-NLP,23392542,P6,0.391304347826087
Gemma-3-12B-IT,EBM-NLP,24726342,P6,0.2
Gemma-3-12B-IT,EBM-NLP,24515505,P6,0.3684210526315789
Gemma-3-12B-IT,EBM-NLP,21669557,P6,0.3636363636363636
Gemma-3-12B-IT,EBM-NLP,19301724,P6,0.3043478260869565
Gemma-3-12B-IT,EBM-NLP,12576806,P6,0.2068965517241379
Gemma-3-12B-IT,EBM-NLP,20739054,P4,0.2799999999999999
Gemma-3-12B-IT,EBM-NLP,22956006,P6,0.3829787234042554
Gemma-3-12B-IT,EBM-NLP,20943715,P6,0.3902439024390244
Gemma-3-12B-IT,EBM-NLP,21029638,P2,0.2068965517241379
Gemma-3-12B-IT,EBM-NLP,22897461,P6,0.3333333333333333
Gemma-3-12B-IT,EBM-NLP,11099086,P5,0.1904761904761905
Gemma-3-12B-IT,EBM-NLP,21491990,P6,0.1666666666666666
Gemma-3-12B-IT,EBM-NLP,24989854,P6,0.3829787234042554
Gemma-3-12B-IT,EBM-NLP,22341427,P6,0.2222222222222222
Gemma-3-12B-IT,EBM-NLP,22154769,P6,0.2105263157894736
Gemma-3-12B-IT,EBM-NLP,10475150,P6,0.1860465116279069
Gemma-3-12B-IT,EBM-NLP,9816035,P5,0.4324324324324324
Gemma-3-12B-IT,EBM-NLP,25885649,P5,0.2666666666666666
Gemma-3-12B-IT,EBM-NLP,9573502,P6,0.2790697674418604
Gemma-3-12B-IT,EBM-NLP,25479285,P6,0.4
Gemma-3-12B-IT,EBM-NLP,6989377,P6,0.4255319148936171
Gemma-3-12B-IT,EBM-NLP,11454878,P6,0.3333333333333333
Gemma-3-12B-IT,EBM-NLP,12595499,P6,0.4324324324324324
Gemma-3-12B-IT,EBM-NLP,12586799,P6,0.4090909090909091
Gemma-3-12B-IT,EBM-NLP,18189160,P6,0.2790697674418604
Gemma-3-12B-IT,EBM-NLP,18845996,P6,0.3902439024390243
Gemma-3-12B-IT,EBM-NLP,15014018,P6,0.4571428571428572
Gemma-3-12B-IT,EBM-NLP,6920252,P6,0.391304347826087
Gemma-3-12B-IT,EBM-NLP,16505427,P6,0.6666666666666666
Gemma-3-12B-IT,EBM-NLP,21211686,P5,0.4615384615384615
Gemma-3-12B-IT,EBM-NLP,7707420,P6,0.3157894736842105
Gemma-3-12B-IT,EBM-NLP,8911222,P6,0.5
Gemma-3-12B-IT,EBM-NLP,11401641,P6,0.5217391304347827
Gemma-3-12B-IT,EBM-NLP,8519720,P6,0.391304347826087
Gemma-3-12B-IT,EBM-NLP,12709693,P6,0.0833333333333333
Gemma-3-12B-IT,EBM-NLP,23114870,P6,0.45
Gemma-3-12B-IT,EBM-NLP,14679127,P6,0.4878048780487806
Gemma-3-12B-IT,EBM-NLP,23985254,P5,0.2040816326530612
Gemma-3-12B-IT,EBM-NLP,25886492,P5,0.3125
Gemma-3-12B-IT,EBM-NLP,21029638,P3,0.2
Gemma-3-12B-IT,EBM-NLP,18077611,P6,0.5641025641025641
Gemma-3-12B-IT,EBM-NLP,19108790,P5,0.2181818181818182
Gemma-3-12B-IT,EBM-NLP,21975269,P6,0.3999999999999999
Gemma-3-12B-IT,EBM-NLP,18337284,P6,0.25
Gemma-3-12B-IT,EBM-NLP,21029638,P4,0.2758620689655172
Gemma-3-12B-IT,EBM-NLP,20189026,P6,0.3888888888888889
Gemma-3-12B-IT,EBM-NLP,19802506,P6,0.5625
Gemma-3-12B-IT,EBM-NLP,21866656,P5,0.4878048780487805
Gemma-3-12B-IT,EBM-NLP,24350813,P6,0.3555555555555555
Gemma-3-12B-IT,EBM-NLP,22538329,P6,0.25
Gemma-3-12B-IT,EBM-NLP,23549581,P6,0.3478260869565218
Gemma-3-12B-IT,EBM-NLP,10940525,P5,0.34375
Gemma-3-12B-IT,EBM-NLP,11099086,P6,0.1578947368421052
Gemma-3-12B-IT,EBM-NLP,20739054,P5,0.2068965517241379
Gemma-3-12B-IT,EBM-NLP,9816035,P6,0.4736842105263157
Gemma-3-12B-IT,EBM-NLP,25885649,P6,0.2413793103448275
Gemma-3-12B-IT,EBM-NLP,21211686,P6,0.64
Gemma-3-12B-IT,SciERC,P86-1011,P5,0.1666666666666666
Gemma-3-12B-IT,SciERC,ECCV_2016_110_abs,P5,0.4444444444444444
Gemma-3-12B-IT,EBM-NLP,23985254,P6,0.217391304347826
Gemma-3-12B-IT,EBM-NLP,25886492,P6,0.2580645161290322
Gemma-3-12B-IT,SciERC,P06-3007,P5,0.5555555555555556
Gemma-3-12B-IT,SciERC,E95-1033,P5,0.2666666666666666
Gemma-3-12B-IT,SciERC,C88-1044,P5,0.6666666666666666
Gemma-3-12B-IT,SciERC,P06-1018,P5,0.3225806451612903
Gemma-3-12B-IT,SciERC,I05-5004,P5,0.7777777777777778
Gemma-3-12B-IT,SciERC,E99-1015,P5,0.5
Gemma-3-12B-IT,SciERC,P06-2012,P5,0.8
Gemma-3-12B-IT,SciERC,P05-1039,P5,0.5714285714285715
Gemma-3-12B-IT,SciERC,P06-1053,P5,0.6363636363636364
Gemma-3-12B-IT,SciERC,P05-2013,P5,0.2105263157894737
Gemma-3-12B-IT,SciERC,C86-1081,P5,0.1818181818181818
Gemma-3-12B-IT,SciERC,P06-1013,P5,0.6666666666666667
Gemma-3-12B-IT,SciERC,P06-4007,P5,0.3529411764705882
Gemma-3-12B-IT,SciERC,P83-1004,P5,0.3
Gemma-3-12B-IT,SciERC,C04-1011,P5,0.2
Gemma-3-12B-IT,SciERC,E06-1022,P5,0.4347826086956521
Gemma-3-12B-IT,SciERC,CVPR_2003_30_abs,P5,0.4375
Gemma-3-12B-IT,EBM-NLP,19108790,P6,0.2181818181818182
Gemma-3-12B-IT,SciERC,CVPR_2004_18_abs,P5,0.5384615384615384
Gemma-3-12B-IT,SciERC,H05-1095,P5,0.608695652173913
Gemma-3-12B-IT,SciERC,P03-1070,P5,0.9375
Gemma-3-12B-IT,SciERC,C08-2010,P5,0.1666666666666666
Gemma-3-12B-IT,SciERC,C04-1128,P5,0.5833333333333334
Gemma-3-12B-IT,SciERC,INTERSPEECH_2007_40_abs,P5,0.5454545454545454
Gemma-3-12B-IT,SciERC,N06-1037,P5,0.7692307692307693
Gemma-3-12B-IT,SciERC,C04-1036,P5,0.3846153846153846
Gemma-3-12B-IT,SciERC,CVPR_1999_15_abs,P5,0.2142857142857142
Gemma-3-12B-IT,SciERC,CVPR_2011_10_abs,P5,0.5714285714285714
Gemma-3-12B-IT,SciERC,NIPS_2016_80_abs,P5,0.32
Gemma-3-12B-IT,SciERC,J82-3002,P5,0.3870967741935484
Gemma-3-12B-IT,SciERC,C96-1062,P5,0.3846153846153846
Gemma-3-12B-IT,SciERC,ICCV_2013_25_abs,P5,0.6285714285714286
Gemma-3-12B-IT,SciERC,N04-1022,P5,0.4516129032258064
Gemma-3-12B-IT,SciERC,C90-3063,P5,0.56
Gemma-3-12B-IT,SciERC,CVPR_2004_30_abs,P5,0.1764705882352941
Gemma-3-12B-IT,SciERC,NIPS_2002_18_abs,P5,0.3076923076923077
Gemma-3-12B-IT,SciERC,I05-4010,P5,0.5454545454545454
Gemma-3-12B-IT,SciERC,P01-1056,P5,0.4666666666666667
Gemma-3-12B-IT,SciERC,INTERSPEECH_2013_21_abs,P5,0.3333333333333332
Gemma-3-12B-IT,SciERC,A97-1020,P5,0.4117647058823529
Gemma-3-12B-IT,SciERC,P08-1105,P5,0.6060606060606061
Gemma-3-12B-IT,SciERC,C00-2123,P5,0.4545454545454545
Gemma-3-12B-IT,SciERC,NIPS_2001_11_abs,P5,0.6470588235294118
Gemma-3-12B-IT,EBM-NLP,21029638,P5,0.3125
Gemma-3-12B-IT,SciERC,CVPR_2009_18_abs,P5,0.5454545454545454
Gemma-3-12B-IT,SciERC,ECCV_2012_30_abs,P5,0.5454545454545454
Gemma-3-12B-IT,EBM-NLP,21866656,P6,0.4878048780487805
Gemma-3-12B-IT,SciERC,NIPS_2002_11_abs,P5,0.5
Gemma-3-12B-IT,SciERC,ICML_1995_38_abs,P5,0.0769230769230769
Gemma-3-12B-IT,SciERC,C04-1035,P5,0.5714285714285714
Gemma-3-12B-IT,SciERC,I05-5003,P5,0.631578947368421
Gemma-3-12B-IT,SciERC,H01-1049,P5,0.3571428571428571
Gemma-3-12B-IT,SciERC,P85-1019,P5,0.2758620689655172
Gemma-3-12B-IT,SciERC,C90-3045,P5,0.5384615384615385
Gemma-3-12B-IT,SciERC,C04-1106,P5,0.2105263157894736
Gemma-3-12B-IT,SciERC,N03-1033,P5,0.4347826086956521
Gemma-3-12B-IT,SciERC,P04-2005,P5,0.6486486486486486
Gemma-3-12B-IT,SciERC,ICCV_2001_47_abs,P5,0.5238095238095238
Gemma-3-12B-IT,SciERC,ICCV_2003_161_abs,P5,0.3684210526315788
Gemma-3-12B-IT,SciERC,N03-1026,P5,0.6
Gemma-3-12B-IT,SciERC,C04-1103,P5,0.5925925925925927
Gemma-3-12B-IT,SciERC,INTERSPEECH_2014_40_abs,P5,0.4242424242424242
Gemma-3-12B-IT,SciERC,E89-1016,P5,0.4375
Gemma-3-12B-IT,EBM-NLP,10940525,P6,0.25
Gemma-3-12B-IT,SciERC,ICASSP_2016_11_abs,P5,0.5294117647058824
Gemma-3-12B-IT,SciERC,CVPR_2008_258_abs,P5,0.6
Gemma-3-12B-IT,SciERC,ICML_2016_10_abs,P5,0.3703703703703704
Gemma-3-12B-IT,SciERC,P05-1076,P5,0.4864864864864864
Gemma-3-12B-IT,SciERC,J05-4003,P5,0.6153846153846153
Gemma-3-12B-IT,SciERC,P05-1046,P5,0.6470588235294118
Gemma-3-12B-IT,SciERC,INTERSPEECH_2006_21_abs,P5,0.4705882352941176
Gemma-3-12B-IT,SciERC,CVPR_1993_10_abs,P5,0.4848484848484848
Gemma-3-12B-IT,SciERC,CVPR_2006_10_abs,P5,0.6666666666666667
Gemma-3-12B-IT,SciERC,CVPR_2016_413_abs,P5,0.5454545454545455
Gemma-3-12B-IT,EBM-NLP,20739054,P6,0.3880597014925373
Gemma-3-12B-IT,SciERC,NIPS_2015_18_abs,P5,0.5789473684210527
Gemma-3-12B-IT,SciERC,INTERSPEECH_2008_20_abs,P5,0.1666666666666666
Gemma-3-12B-IT,SciERC,NIPS_2016_560_abs,P5,0.3571428571428571
Gemma-3-12B-IT,SciERC,E91-1012,P5,0.303030303030303
Gemma-3-12B-IT,SciERC,CVPR_2010_30_abs,P5,0.5625
Gemma-3-12B-IT,SciERC,J86-4002,P5,0.2222222222222222
Gemma-3-12B-IT,SciERC,ICML_2016_18_abs,P5,0.5454545454545455
Gemma-3-12B-IT,SciERC,CVPR_2011_11_abs,P5,0.3157894736842105
Gemma-3-12B-IT,SciERC,ICML_2006_119_abs,P5,0.5652173913043479
Gemma-3-12B-IT,SciERC,E93-1066,P5,0.4878048780487805
Gemma-3-12B-IT,SciERC,C94-1091,P5,0.3125
Gemma-3-12B-IT,SciERC,P05-1056,P5,0.4888888888888889
Gemma-3-12B-IT,SciERC,ICASSP_1997_706_abs,P5,0.5
Gemma-3-12B-IT,SciERC,P86-1011,P6,0.1666666666666666
Gemma-3-12B-IT,SciERC,CVPR_2009_10_abs,P5,0.6428571428571429
Gemma-3-12B-IT,SciERC,ECCV_2016_110_abs,P6,0.4444444444444444
Gemma-3-12B-IT,SciERC,ICML_2016_11_abs,P5,0.3043478260869565
Gemma-3-12B-IT,SciERC,P06-3007,P6,0.4444444444444444
Gemma-3-12B-IT,SciERC,E95-1033,P6,0.2666666666666666
Gemma-3-12B-IT,SciERC,ICCV_2013_47_abs,P5,0.6122448979591837
Gemma-3-12B-IT,SciERC,ECCV_2016_204_abs,P5,0.4583333333333333
Gemma-3-12B-IT,SciERC,CVPR_1994_10_abs,P5,0.380952380952381
Gemma-3-12B-IT,SciERC,C88-1044,P6,0.6250000000000001
Gemma-3-12B-IT,SciERC,I05-5004,P6,0.7777777777777778
Gemma-3-12B-IT,SciERC,P06-1018,P6,0.3225806451612903
Gemma-3-12B-IT,SciERC,P06-2012,P6,0.7199999999999999
Gemma-3-12B-IT,SciERC,E99-1015,P6,0.5
Gemma-3-12B-IT,SciERC,P05-1039,P6,0.5714285714285715
Gemma-3-12B-IT,SciERC,ECCV_2016_99_abs,P5,0.7
Gemma-3-12B-IT,SciERC,P06-1053,P6,0.5714285714285713
Gemma-3-12B-IT,SciERC,P05-2013,P6,0.2105263157894737
Gemma-3-12B-IT,SciERC,CVPR_2008_256_abs,P5,0.5925925925925926
Gemma-3-12B-IT,SciERC,H01-1042,P5,0.45
Gemma-3-12B-IT,SciERC,ICCV_2003_151_abs,P5,0.523076923076923
Gemma-3-12B-IT,SciERC,C86-1081,P6,0.1818181818181818
Gemma-3-12B-IT,SciERC,P06-1013,P6,0.6666666666666667
Gemma-3-12B-IT,SciERC,P06-4007,P6,0.3529411764705882
Gemma-3-12B-IT,SciERC,P83-1004,P6,0.2857142857142856
Gemma-3-12B-IT,SciERC,C04-1011,P6,0.2
Gemma-3-12B-IT,SciERC,E06-1022,P6,0.4347826086956521
Gemma-3-12B-IT,SciERC,CVPR_2003_30_abs,P6,0.4375
Gemma-3-12B-IT,SciERC,X96-1059,P5,0.3636363636363636
Gemma-3-12B-IT,SciERC,INTERSPEECH_2008_28_abs,P5,0.4782608695652174
Gemma-3-12B-IT,SciERC,CVPR_2004_18_abs,P6,0.4615384615384615
Gemma-3-12B-IT,SciERC,H05-1095,P6,0.5714285714285714
Gemma-3-12B-IT,SciERC,P03-1070,P6,0.9375
Gemma-3-12B-IT,SciERC,C08-2010,P6,0.1666666666666666
Gemma-3-12B-IT,SciERC,C04-1128,P6,0.5833333333333334
Gemma-3-12B-IT,SciERC,INTERSPEECH_2007_40_abs,P6,0.4999999999999999
Gemma-3-12B-IT,SciERC,C04-1036,P6,0.4615384615384615
Gemma-3-12B-IT,SciERC,N06-1037,P6,0.7692307692307693
Gemma-3-12B-IT,SciERC,CVPR_1999_15_abs,P6,0.2142857142857142
Gemma-3-12B-IT,SciERC,NIPS_2016_80_abs,P6,0.3333333333333333
Gemma-3-12B-IT,SciERC,CVPR_2011_10_abs,P6,0.5714285714285714
Gemma-3-12B-IT,SciERC,C96-1062,P6,0.3846153846153846
Gemma-3-12B-IT,SciERC,J82-3002,P6,0.3870967741935484
Gemma-3-12B-IT,SciERC,ICCV_2013_25_abs,P6,0.5142857142857142
Gemma-3-12B-IT,SciERC,N04-1022,P6,0.3333333333333333
Gemma-3-12B-IT,SciERC,ECCV_2006_13_abs,P5,0.3999999999999999
Gemma-3-12B-IT,SciERC,C90-3063,P6,0.5217391304347826
Gemma-3-12B-IT,SciERC,CVPR_2004_30_abs,P6,0.1714285714285714
Gemma-3-12B-IT,SciERC,NIPS_2002_18_abs,P6,0.24
Gemma-3-12B-IT,SciERC,I05-4010,P6,0.5454545454545454
Gemma-3-12B-IT,SciERC,P01-1056,P6,0.4666666666666667
Gemma-3-12B-IT,SciERC,INTERSPEECH_2013_21_abs,P6,0.3783783783783783
Gemma-3-12B-IT,SciERC,A97-1020,P6,0.3999999999999999
Gemma-3-12B-IT,SciERC,P08-1105,P6,0.5161290322580646
Gemma-3-12B-IT,SciERC,C00-2123,P6,0.3999999999999999
Gemma-3-12B-IT,SciERC,NIPS_2001_11_abs,P6,0.6470588235294118
Gemma-3-12B-IT,SciERC,CVPR_2009_18_abs,P6,0.5365853658536585
Gemma-3-12B-IT,EBM-NLP,21029638,P6,0.2666666666666666
Gemma-3-12B-IT,SciERC,ECCV_2012_30_abs,P6,0.5454545454545454
Gemma-3-12B-IT,SciERC,NIPS_2002_11_abs,P6,0.5
Gemma-3-12B-IT,SciERC,ICML_1995_38_abs,P6,0.0666666666666666
Gemma-3-12B-IT,SciERC,C04-1035,P6,0.5714285714285714
Gemma-3-12B-IT,SciERC,I05-5003,P6,0.5789473684210527
Gemma-3-12B-IT,SciERC,ECCV_2016_212_abs,P5,0.5862068965517242
Gemma-3-12B-IT,SciERC,H01-1049,P6,0.3448275862068966
Gemma-3-12B-IT,SciERC,P85-1019,P6,0.3333333333333332
Gemma-3-12B-IT,SciERC,C04-1106,P6,0.2222222222222222
Gemma-3-12B-IT,SciERC,N03-1033,P6,0.5217391304347826
Gemma-3-12B-IT,SciERC,C90-3045,P6,0.5384615384615385
Gemma-3-12B-IT,SciERC,P04-2005,P6,0.6486486486486486
Gemma-3-12B-IT,SciERC,ICCV_2001_47_abs,P6,0.4651162790697674
Gemma-3-12B-IT,SciERC,ICCV_2003_161_abs,P6,0.3783783783783783
Gemma-3-12B-IT,SciERC,N03-1026,P6,0.6
Gemma-3-12B-IT,SciERC,C04-1103,P6,0.5925925925925927
Gemma-3-12B-IT,SciERC,INTERSPEECH_2014_40_abs,P6,0.4242424242424242
Gemma-3-12B-IT,SciERC,W02-1602,P5,0.2051282051282051
Gemma-3-12B-IT,SciERC,E89-1016,P6,0.4666666666666667
Gemma-3-12B-IT,SciERC,ICASSP_2016_11_abs,P6,0.375
Gemma-3-12B-IT,SciERC,CVPR_2008_258_abs,P6,0.6
Gemma-3-12B-IT,SciERC,P05-1076,P6,0.4705882352941176
Gemma-3-12B-IT,SciERC,ICML_2016_10_abs,P6,0.3571428571428571
Gemma-3-12B-IT,SciERC,J05-4003,P6,0.6666666666666666
Gemma-3-12B-IT,SciERC,P05-1046,P6,0.6470588235294118
Gemma-3-12B-IT,SciERC,INTERSPEECH_2006_21_abs,P6,0.4242424242424242
Gemma-3-12B-IT,SciERC,CVPR_1993_10_abs,P6,0.4848484848484848
Gemma-3-12B-IT,SciERC,J86-3001,P5,0.2622950819672131
Gemma-3-12B-IT,SciERC,CVPR_2016_413_abs,P6,0.5
Gemma-3-12B-IT,SciERC,CVPR_2006_10_abs,P6,0.5454545454545454
Gemma-3-12B-IT,SciERC,NIPS_2015_18_abs,P6,0.5238095238095238
Gemma-3-12B-IT,SciERC,INTERSPEECH_2008_20_abs,P6,0.25
Gemma-3-12B-IT,SciERC,NIPS_2016_560_abs,P6,0.2142857142857142
Gemma-3-12B-IT,SciERC,E91-1012,P6,0.303030303030303
Gemma-3-12B-IT,SciERC,CVPR_2010_30_abs,P6,0.5625
Gemma-3-12B-IT,SciERC,J86-4002,P6,0.2222222222222222
Gemma-3-12B-IT,SciERC,ICML_2016_18_abs,P6,0.4761904761904762
Gemma-3-12B-IT,SciERC,CVPR_2011_11_abs,P6,0.1538461538461538
Gemma-3-12B-IT,SciERC,ICML_2006_119_abs,P6,0.5652173913043479
Gemma-3-12B-IT,SciERC,E93-1066,P6,0.380952380952381
Gemma-3-12B-IT,SciERC,C94-1091,P6,0.3333333333333333
Gemma-3-12B-IT,SciERC,P05-1056,P6,0.4651162790697674
Gemma-3-12B-IT,SciERC,ICASSP_1997_706_abs,P6,0.3999999999999999
Gemma-3-12B-IT,SciERC,CVPR_2009_10_abs,P6,0.5964912280701755
Gemma-3-12B-IT,SciERC,ICML_2016_11_abs,P6,0.3720930232558139
Gemma-3-12B-IT,SciERC,ICCV_2013_47_abs,P6,0.6274509803921569
Gemma-3-12B-IT,SciERC,ECCV_2016_204_abs,P6,0.4897959183673469
Gemma-3-12B-IT,SciERC,CVPR_1994_10_abs,P6,0.380952380952381
Gemma-3-12B-IT,SciERC,ECCV_2016_99_abs,P6,0.7
Gemma-3-12B-IT,SciERC,CVPR_2008_256_abs,P6,0.5384615384615384
Gemma-3-12B-IT,SciERC,H01-1042,P6,0.45
Gemma-3-12B-IT,SciERC,ICCV_2003_151_abs,P6,0.5079365079365079
Gemma-3-12B-IT,SciERC,X96-1059,P6,0.3636363636363636
Gemma-3-12B-IT,SciERC,INTERSPEECH_2008_28_abs,P6,0.3999999999999999
Gemma-3-12B-IT,SciERC,ECCV_2006_13_abs,P6,0.36
Gemma-3-12B-IT,SciERC,ECCV_2016_212_abs,P6,0.5614035087719298
Gemma-3-12B-IT,SciERC,W02-1602,P6,0.2926829268292683
Gemma-3-12B-IT,SciERC,J86-3001,P6,0.2461538461538461
Gemma-3-12B-IT,SciER,ICLR2024-AI4Material,P1,0.0952380952380952
Gemma-3-12B-IT,SciER,ICLR2024-AI4Material,P2,0.1467889908256881
Gemma-3-12B-IT,SciER,ICLR2024-AI4Material,P3,0.0952380952380952
Gemma-3-12B-IT,SciER,ICLR2024-AI4Material,P4,0.1132075471698113
Gemma-3-12B-IT,SciER,ICLR2024-AI4Material,P5,0.1308411214953271
Gemma-3-12B-IT,SciER,160009536,P1,0.2616033755274262
Gemma-3-12B-IT,SciER,160009536,P2,0.2317596566523604
Gemma-3-12B-IT,SciER,ICLR2024-AI4Material,P6,0.1296296296296296
Gemma-3-12B-IT,SciER,160009536,P3,0.0
Gemma-3-12B-IT,SciER,160009536,P4,0.3174603174603174
Gemma-3-12B-IT,SciER,192546007,P1,0.1841004184100418
Gemma-3-12B-IT,SciER,244256,P1,0.2222222222222222
Gemma-3-12B-IT,SciER,192546007,P2,0.2295081967213115
Gemma-3-12B-IT,SciER,244256,P2,0.238095238095238
Gemma-3-12B-IT,SciER,192546007,P3,0.1841004184100418
Gemma-3-12B-IT,SciER,244256,P3,0.0
Gemma-3-12B-IT,SciER,192546007,P4,0.2677165354330709
Gemma-3-12B-IT,SciER,202719492,P1,0.1192660550458715
Gemma-3-12B-IT,SciER,244256,P4,0.1853658536585366
Gemma-3-12B-IT,SciER,160009536,P5,0.332046332046332
Gemma-3-12B-IT,SciER,202719492,P2,0.1192660550458715
Gemma-3-12B-IT,SciER,202719492,P3,0.1363636363636363
Gemma-3-12B-IT,SciER,160009536,P6,0.2834008097165992
Gemma-3-12B-IT,SciER,202719492,P4,0.148471615720524
Gemma-3-12B-IT,SciER,210157153,P1,0.1546391752577319
Gemma-3-12B-IT,SciER,210157153,P2,0.1538461538461538
Gemma-3-12B-IT,SciER,192546007,P5,0.1612903225806451
Gemma-3-12B-IT,SciER,NeurIPS2023-AI4Science,P1,0.0
Gemma-3-12B-IT,SciER,244256,P5,0.2347417840375587
Gemma-3-12B-IT,SciER,3627225,P1,0.1962616822429906
Gemma-3-12B-IT,SciER,210157153,P3,0.0
Gemma-3-12B-IT,SciER,NeurIPS2023-AI4Science,P2,0.2403846153846154
Gemma-3-12B-IT,SciER,3627225,P2,0.1531100478468899
Gemma-3-12B-IT,SciER,NeurIPS2023-AI4Science,P3,0.0
Gemma-3-12B-IT,SciER,210157153,P4,0.1846153846153846
Gemma-3-12B-IT,SciER,AAAI2024,P1,0.2234042553191489
Gemma-3-12B-IT,SciER,3627225,P3,0.0
Gemma-3-12B-IT,SciER,192546007,P6,0.0
Gemma-3-12B-IT,SciER,NeurIPS2023-AI4Science,P4,0.0
Gemma-3-12B-IT,SciER,AAAI2024,P2,0.0
Gemma-3-12B-IT,SciER,244256,P6,0.2180094786729857
Gemma-3-12B-IT,SciER,202719492,P5,0.1826086956521739
Gemma-3-12B-IT,SciER,3627225,P4,0.1153846153846153
Gemma-3-12B-IT,SciER,AAAI2024,P3,0.174863387978142
Gemma-3-12B-IT,SciER,AAAI2024,P4,0.1639344262295081
Gemma-3-12B-IT,SciER,202719492,P6,0.1769911504424778
Gemma-3-12B-IT,SciER,210157153,P5,0.0967741935483871
Gemma-3-12B-IT,SciER,NeurIPS2023-AI4Science,P5,0.2592592592592592
Gemma-3-12B-IT,SciER,3627225,P5,0.2181818181818182
Gemma-3-12B-IT,SciER,210157153,P6,0.0967741935483871
Gemma-3-12B-IT,SciER,AAAI2024,P5,0.1639344262295081
Gemma-3-12B-IT,SciER,NeurIPS2023-AI4Science,P6,0.2285714285714285
Gemma-3-12B-IT,SciER,EMNLP2023,P1,0.1256038647342995
Gemma-3-12B-IT,SciER,3627225,P6,0.2181818181818182
Gemma-3-12B-IT,SciER,EMNLP2023,P2,0.1256038647342995
Gemma-3-12B-IT,SciER,EMNLP2023,P3,0.1067961165048543
Gemma-3-12B-IT,SciER,AAAI2024,P6,0.1639344262295081
Gemma-3-12B-IT,SciER,ICLR2024-AI4Science-Protein,P1,0.1374570446735395
Gemma-3-12B-IT,SciER,EMNLP2023,P4,0.0
Gemma-3-12B-IT,SciER,ICLR2024-AI4Science-Protein,P2,0.1310344827586207
Gemma-3-12B-IT,SciER,ICLR2024-AI4Science-Protein,P3,0.0
Gemma-3-12B-IT,SciER,ICLR2024-AI4Science-Protein,P4,0.1228668941979522
Gemma-3-12B-IT,SciER,EMNLP2023,P5,0.2222222222222222
Gemma-3-12B-IT,SciER,202888938,P1,0.1353383458646616
Gemma-3-12B-IT,SciER,EMNLP2023,P6,0.2040816326530612
Gemma-3-12B-IT,SciER,ICLR2024-AI4Science-Protein,P5,0.1266666666666666
Gemma-3-12B-IT,SciER,202888938,P2,0.1544117647058823
Gemma-3-12B-IT,SciER,202888938,P3,0.1623616236162361
Gemma-3-12B-IT,SciER,202888938,P4,0.2020905923344947
Gemma-3-12B-IT,SciER,ICLR2024-AI4Science-Protein,P6,0.1152542372881355
Gemma-3-12B-IT,SciER,202888938,P5,0.1914893617021276
Gemma-3-12B-IT,SciER,202888938,P6,0.1254612546125461
Gemma-3-12B-IT,SciER,53109398,P1,0.1613832853025936
Gemma-3-12B-IT,SciER,CVPR2023,P1,0.1209302325581395
Gemma-3-12B-IT,SciER,53109398,P2,0.1014925373134328
Gemma-3-12B-IT,SciER,CVPR2023,P2,0.0807600950118764
Gemma-3-12B-IT,SciER,53109398,P3,0.1206896551724137
Gemma-3-12B-IT,SciER,CVPR2023,P3,0.0988235294117647
Gemma-3-12B-IT,SciER,53109398,P4,0.1228070175438596
Gemma-3-12B-IT,SciER,CVPR2023,P4,0.0
Gemma-3-12B-IT,SciER,53109398,P5,0.1863013698630136
Gemma-3-12B-IT,SciER,CVPR2023,P5,0.0578313253012048
Gemma-3-12B-IT,SciER,53109398,P6,0.16
Gemma-3-12B-IT,SciER,CVPR2023,P6,0.0717703349282296
Gemma-3-12B-IT,SciER,52169846,P1,0.0760456273764258
Gemma-3-12B-IT,SciER,52169846,P2,0.0499999999999999
Gemma-3-12B-IT,SciER,52169846,P3,0.1156716417910447
Gemma-3-12B-IT,SciER,52169846,P4,0.0966542750929367
Gemma-3-12B-IT,SciER,52169846,P5,0.0
Gemma-3-12B-IT,SciER,210702798,P1,0.0
Gemma-3-12B-IT,SciER,210702798,P2,0.0
Gemma-3-12B-IT,SciER,52169846,P6,0.1438848920863309
Gemma-3-12B-IT,SciER,210702798,P3,0.0
Gemma-3-12B-IT,SciER,210702798,P4,0.151238591916558
Gemma-3-12B-IT,SciER,210702798,P5,0.1813537675606641
Gemma-3-12B-IT,SciER,210702798,P6,0.0468965517241379
Mistral-7B-Instruct-v0.3,EBM-NLP,11229858,P1,0.8235294117647058
Mistral-7B-Instruct-v0.3,EBM-NLP,11229858,P2,0.7499999999999999
Mistral-7B-Instruct-v0.3,EBM-NLP,2678230,P1,0.5263157894736842
Mistral-7B-Instruct-v0.3,EBM-NLP,8916620,P1,0.3749999999999999
Mistral-7B-Instruct-v0.3,SciERC,P86-1011,P1,0.2
Mistral-7B-Instruct-v0.3,EBM-NLP,4919024,P1,0.0
Mistral-7B-Instruct-v0.3,EBM-NLP,3067745,P1,0.3157894736842105
Mistral-7B-Instruct-v0.3,EBM-NLP,21914768,P1,0.4
Mistral-7B-Instruct-v0.3,EBM-NLP,11381289,P1,0.2222222222222222
Mistral-7B-Instruct-v0.3,SciERC,ECCV_2016_110_abs,P1,0.5263157894736842
Mistral-7B-Instruct-v0.3,EBM-NLP,7844976,P1,0.3636363636363636
Mistral-7B-Instruct-v0.3,SciERC,P06-3007,P1,0.2666666666666666
Mistral-7B-Instruct-v0.3,EBM-NLP,15358868,P1,0.4761904761904762
Mistral-7B-Instruct-v0.3,EBM-NLP,23849147,P1,0.4545454545454545
Mistral-7B-Instruct-v0.3,SciERC,E95-1033,P1,0.4285714285714285
Mistral-7B-Instruct-v0.3,SciERC,C88-1044,P1,0.3529411764705882
Mistral-7B-Instruct-v0.3,EBM-NLP,384815,P1,0.2608695652173913
Mistral-7B-Instruct-v0.3,EBM-NLP,19708562,P1,0.5555555555555556
Mistral-7B-Instruct-v0.3,EBM-NLP,22416755,P1,0.5263157894736842
Mistral-7B-Instruct-v0.3,EBM-NLP,19096921,P1,0.4285714285714285
Mistral-7B-Instruct-v0.3,SciERC,E99-1015,P1,0.1111111111111111
Mistral-7B-Instruct-v0.3,EBM-NLP,6938020,P1,0.689655172413793
Mistral-7B-Instruct-v0.3,EBM-NLP,11229858,P3,0.7499999999999999
Mistral-7B-Instruct-v0.3,EBM-NLP,2678230,P2,0.5263157894736842
Mistral-7B-Instruct-v0.3,SciERC,P06-1018,P1,0.2758620689655172
Mistral-7B-Instruct-v0.3,EBM-NLP,8916620,P2,0.3749999999999999
Mistral-7B-Instruct-v0.3,SciERC,P05-1039,P1,0.4210526315789474
Mistral-7B-Instruct-v0.3,SciERC,P06-1053,P1,0.3157894736842105
Mistral-7B-Instruct-v0.3,SciERC,P05-2013,P1,0.0
Mistral-7B-Instruct-v0.3,EBM-NLP,24803369,P1,0.32
Mistral-7B-Instruct-v0.3,EBM-NLP,10934569,P1,0.3999999999999999
Mistral-7B-Instruct-v0.3,EBM-NLP,6951573,P1,0.1818181818181818
Mistral-7B-Instruct-v0.3,SciERC,I05-5004,P1,0.588235294117647
Mistral-7B-Instruct-v0.3,SciERC,C86-1081,P1,0.0
Mistral-7B-Instruct-v0.3,EBM-NLP,22271197,P1,0.0
Mistral-7B-Instruct-v0.3,SciERC,P06-4007,P1,0.125
Mistral-7B-Instruct-v0.3,EBM-NLP,1968178,P1,0.3999999999999999
Mistral-7B-Instruct-v0.3,SciERC,P06-1013,P1,0.3999999999999999
Mistral-7B-Instruct-v0.3,EBM-NLP,8779382,P1,0.0833333333333333
Mistral-7B-Instruct-v0.3,SciERC,P06-2012,P1,0.4761904761904762
Mistral-7B-Instruct-v0.3,SciERC,P86-1011,P2,0.2
Mistral-7B-Instruct-v0.3,SciERC,E06-1022,P1,0.5
Mistral-7B-Instruct-v0.3,EBM-NLP,24660757,P1,0.1333333333333333
Mistral-7B-Instruct-v0.3,SciERC,CVPR_2003_30_abs,P1,0.4347826086956521
Mistral-7B-Instruct-v0.3,EBM-NLP,4919024,P2,0.0
Mistral-7B-Instruct-v0.3,SciERC,P83-1004,P1,0.3
Mistral-7B-Instruct-v0.3,EBM-NLP,1780092,P1,0.2307692307692307
Mistral-7B-Instruct-v0.3,SciERC,CVPR_2004_18_abs,P1,0.2962962962962963
Mistral-7B-Instruct-v0.3,EBM-NLP,15854186,P1,0.4615384615384615
Mistral-7B-Instruct-v0.3,EBM-NLP,3067745,P2,0.3157894736842105
Mistral-7B-Instruct-v0.3,EBM-NLP,11891832,P1,0.2142857142857142
Mistral-7B-Instruct-v0.3,EBM-NLP,21914768,P2,0.56
Mistral-7B-Instruct-v0.3,SciERC,C04-1011,P1,0.1176470588235294
Mistral-7B-Instruct-v0.3,SciERC,H05-1095,P1,0.4761904761904762
Mistral-7B-Instruct-v0.3,EBM-NLP,11381289,P2,0.2222222222222222
Mistral-7B-Instruct-v0.3,SciERC,C08-2010,P1,0.0
Mistral-7B-Instruct-v0.3,EBM-NLP,25931290,P1,0.4210526315789473
Mistral-7B-Instruct-v0.3,SciERC,ECCV_2016_110_abs,P2,0.4705882352941176
Mistral-7B-Instruct-v0.3,EBM-NLP,7844976,P2,0.4444444444444445
Mistral-7B-Instruct-v0.3,SciERC,C04-1128,P1,0.0
Mistral-7B-Instruct-v0.3,EBM-NLP,1131298,P1,0.4827586206896552
Mistral-7B-Instruct-v0.3,SciERC,P06-3007,P2,0.4
Mistral-7B-Instruct-v0.3,SciERC,P03-1070,P1,0.5925925925925926
Mistral-7B-Instruct-v0.3,EBM-NLP,15358868,P2,0.4
Mistral-7B-Instruct-v0.3,EBM-NLP,23849147,P2,0.4545454545454545
Mistral-7B-Instruct-v0.3,SciERC,E95-1033,P2,0.2857142857142857
Mistral-7B-Instruct-v0.3,EBM-NLP,20509069,P1,0.4210526315789474
Mistral-7B-Instruct-v0.3,SciERC,C88-1044,P2,0.2222222222222222
Mistral-7B-Instruct-v0.3,EBM-NLP,9229602,P1,0.5263157894736842
Mistral-7B-Instruct-v0.3,SciERC,CVPR_2011_10_abs,P1,0.0
Mistral-7B-Instruct-v0.3,EBM-NLP,11750293,P1,0.3
Mistral-7B-Instruct-v0.3,EBM-NLP,384815,P2,0.3333333333333333
Mistral-7B-Instruct-v0.3,SciERC,NIPS_2016_80_abs,P1,0.1818181818181818
Mistral-7B-Instruct-v0.3,SciERC,J82-3002,P1,0.2142857142857142
Mistral-7B-Instruct-v0.3,SciERC,N04-1022,P1,0.3636363636363636
Mistral-7B-Instruct-v0.3,SciERC,C04-1036,P1,0.3478260869565217
Mistral-7B-Instruct-v0.3,SciERC,N06-1037,P1,0.380952380952381
Mistral-7B-Instruct-v0.3,EBM-NLP,20618920,P1,0.1666666666666666
Mistral-7B-Instruct-v0.3,EBM-NLP,19708562,P2,0.5882352941176471
Mistral-7B-Instruct-v0.3,SciERC,C96-1062,P1,0.3478260869565217
Mistral-7B-Instruct-v0.3,SciERC,CVPR_1999_15_abs,P1,0.4799999999999999
Mistral-7B-Instruct-v0.3,SciERC,INTERSPEECH_2007_40_abs,P1,0.2499999999999999
Mistral-7B-Instruct-v0.3,EBM-NLP,23838728,P1,0.2857142857142856
Mistral-7B-Instruct-v0.3,SciERC,ICCV_2013_25_abs,P1,0.7272727272727273
Mistral-7B-Instruct-v0.3,EBM-NLP,22416755,P2,0.25
Mistral-7B-Instruct-v0.3,EBM-NLP,19096921,P2,0.4285714285714285
Mistral-7B-Instruct-v0.3,EBM-NLP,23021296,P1,0.24
Mistral-7B-Instruct-v0.3,SciERC,C00-2123,P1,0.2857142857142856
Mistral-7B-Instruct-v0.3,SciERC,E99-1015,P2,0.3333333333333332
Mistral-7B-Instruct-v0.3,SciERC,CVPR_2004_30_abs,P1,0.0
Mistral-7B-Instruct-v0.3,EBM-NLP,6938020,P2,0.689655172413793
Mistral-7B-Instruct-v0.3,SciERC,C90-3063,P1,0.0
Mistral-7B-Instruct-v0.3,SciERC,P06-1018,P2,0.5384615384615384
Mistral-7B-Instruct-v0.3,SciERC,I05-4010,P1,0.0
Mistral-7B-Instruct-v0.3,EBM-NLP,2223363,P1,0.3333333333333333
Mistral-7B-Instruct-v0.3,EBM-NLP,18229990,P1,0.1538461538461538
Mistral-7B-Instruct-v0.3,EBM-NLP,7017018,P1,0.3571428571428571
Mistral-7B-Instruct-v0.3,SciERC,P08-1105,P1,0.0
Mistral-7B-Instruct-v0.3,SciERC,P05-2013,P2,0.0
Mistral-7B-Instruct-v0.3,SciERC,P01-1056,P1,0.5
Mistral-7B-Instruct-v0.3,SciERC,P06-1053,P2,0.4444444444444444
Mistral-7B-Instruct-v0.3,SciERC,P05-1039,P2,0.4210526315789474
Mistral-7B-Instruct-v0.3,SciERC,NIPS_2002_18_abs,P1,0.2499999999999999
Mistral-7B-Instruct-v0.3,SciERC,ICML_1995_38_abs,P1,0.25
Mistral-7B-Instruct-v0.3,EBM-NLP,24803369,P2,0.48
Mistral-7B-Instruct-v0.3,EBM-NLP,10934569,P2,0.3870967741935484
Mistral-7B-Instruct-v0.3,EBM-NLP,6951573,P2,0.2105263157894736
Mistral-7B-Instruct-v0.3,SciERC,INTERSPEECH_2013_21_abs,P1,0.3333333333333333
Mistral-7B-Instruct-v0.3,EBM-NLP,2678230,P3,0.4705882352941176
Mistral-7B-Instruct-v0.3,SciERC,I05-5004,P2,0.4444444444444444
Mistral-7B-Instruct-v0.3,SciERC,CVPR_2009_18_abs,P1,0.0
Mistral-7B-Instruct-v0.3,EBM-NLP,3081600,P1,0.2
Mistral-7B-Instruct-v0.3,SciERC,C86-1081,P2,0.0
Mistral-7B-Instruct-v0.3,SciERC,P06-4007,P2,0.1538461538461538
Mistral-7B-Instruct-v0.3,SciERC,NIPS_2001_11_abs,P1,0.0
Mistral-7B-Instruct-v0.3,EBM-NLP,22271197,P2,0.0
Mistral-7B-Instruct-v0.3,SciERC,A97-1020,P1,0.0
Mistral-7B-Instruct-v0.3,EBM-NLP,1968178,P2,0.3846153846153846
Mistral-7B-Instruct-v0.3,EBM-NLP,8916620,P3,0.3749999999999999
Mistral-7B-Instruct-v0.3,EBM-NLP,7827398,P1,0.4
Mistral-7B-Instruct-v0.3,SciERC,P06-1013,P2,0.3
Mistral-7B-Instruct-v0.3,SciERC,ECCV_2012_30_abs,P1,0.0
Mistral-7B-Instruct-v0.3,EBM-NLP,8779382,P2,0.0909090909090909
Mistral-7B-Instruct-v0.3,EBM-NLP,1459268,P1,0.3333333333333333
Mistral-7B-Instruct-v0.3,EBM-NLP,11229858,P4,0.5714285714285715
Mistral-7B-Instruct-v0.3,SciERC,H01-1049,P1,0.0
Mistral-7B-Instruct-v0.3,SciERC,C04-1106,P1,0.1333333333333333
Mistral-7B-Instruct-v0.3,SciERC,I05-5003,P1,0.3749999999999999
Mistral-7B-Instruct-v0.3,SciERC,ICCV_2003_161_abs,P1,0.0
Mistral-7B-Instruct-v0.3,SciERC,N03-1033,P1,0.2727272727272727
Mistral-7B-Instruct-v0.3,SciERC,P06-2012,P2,0.6
Mistral-7B-Instruct-v0.3,SciERC,C04-1035,P1,0.0
Mistral-7B-Instruct-v0.3,SciERC,NIPS_2002_11_abs,P1,0.4
Mistral-7B-Instruct-v0.3,SciERC,P85-1019,P1,0.1874999999999999
Mistral-7B-Instruct-v0.3,EBM-NLP,24660757,P2,0.2666666666666666
Mistral-7B-Instruct-v0.3,SciERC,E06-1022,P2,0.3478260869565218
Mistral-7B-Instruct-v0.3,SciERC,CVPR_2003_30_abs,P2,0.4516129032258064
Mistral-7B-Instruct-v0.3,SciERC,E89-1016,P1,0.3703703703703703
Mistral-7B-Instruct-v0.3,SciERC,P83-1004,P2,0.1052631578947368
Mistral-7B-Instruct-v0.3,EBM-NLP,1780092,P2,0.3
Mistral-7B-Instruct-v0.3,EBM-NLP,18773733,P1,0.25
Mistral-7B-Instruct-v0.3,SciERC,P04-2005,P1,0.2424242424242424
Mistral-7B-Instruct-v0.3,SciERC,C90-3045,P1,0.3333333333333333
Mistral-7B-Instruct-v0.3,SciERC,ICCV_2001_47_abs,P1,0.4705882352941176
Mistral-7B-Instruct-v0.3,SciERC,CVPR_2004_18_abs,P2,0.2962962962962963
Mistral-7B-Instruct-v0.3,EBM-NLP,16427787,P1,0.2307692307692307
Mistral-7B-Instruct-v0.3,EBM-NLP,15854186,P2,0.4347826086956522
Mistral-7B-Instruct-v0.3,SciERC,C04-1103,P1,0.4799999999999999
Mistral-7B-Instruct-v0.3,SciERC,C04-1011,P2,0.1111111111111111
Mistral-7B-Instruct-v0.3,SciERC,INTERSPEECH_2014_40_abs,P1,0.1428571428571428
Mistral-7B-Instruct-v0.3,EBM-NLP,11891832,P2,0.2222222222222222
Mistral-7B-Instruct-v0.3,SciERC,H05-1095,P2,0.4210526315789473
Mistral-7B-Instruct-v0.3,EBM-NLP,15193668,P1,0.4615384615384615
Mistral-7B-Instruct-v0.3,EBM-NLP,2224060,P1,0.0
Mistral-7B-Instruct-v0.3,EBM-NLP,22744141,P1,0.2499999999999999
Mistral-7B-Instruct-v0.3,SciERC,P86-1011,P3,0.0
Mistral-7B-Instruct-v0.3,SciERC,C08-2010,P2,0.0769230769230769
Mistral-7B-Instruct-v0.3,SciERC,ICASSP_2016_11_abs,P1,0.2857142857142857
Mistral-7B-Instruct-v0.3,SciERC,J05-4003,P1,0.074074074074074
Mistral-7B-Instruct-v0.3,EBM-NLP,12477021,P1,0.5454545454545455
Mistral-7B-Instruct-v0.3,EBM-NLP,4919024,P3,0.0
Mistral-7B-Instruct-v0.3,EBM-NLP,25931290,P2,0.4444444444444444
Mistral-7B-Instruct-v0.3,SciERC,N03-1026,P1,0.4374999999999999
Mistral-7B-Instruct-v0.3,EBM-NLP,10752495,P1,0.3888888888888889
Mistral-7B-Instruct-v0.3,SciERC,C04-1128,P2,0.2727272727272727
Mistral-7B-Instruct-v0.3,SciERC,ICML_2016_10_abs,P1,0.0
Mistral-7B-Instruct-v0.3,EBM-NLP,1131298,P2,0.4285714285714285
Mistral-7B-Instruct-v0.3,EBM-NLP,3067745,P3,0.3157894736842105
Mistral-7B-Instruct-v0.3,SciERC,P03-1070,P2,0.4800000000000001
Mistral-7B-Instruct-v0.3,EBM-NLP,21914768,P3,0.4
Mistral-7B-Instruct-v0.3,SciERC,P05-1076,P1,0.5
Mistral-7B-Instruct-v0.3,SciERC,CVPR_2008_258_abs,P1,0.0
Mistral-7B-Instruct-v0.3,EBM-NLP,19159999,P1,0.2666666666666666
Mistral-7B-Instruct-v0.3,EBM-NLP,11381289,P3,0.2222222222222222
Mistral-7B-Instruct-v0.3,SciERC,INTERSPEECH_2006_21_abs,P1,0.2608695652173913
Mistral-7B-Instruct-v0.3,EBM-NLP,20509069,P2,0.4210526315789474
Mistral-7B-Instruct-v0.3,EBM-NLP,17293018,P1,0.1935483870967741
Mistral-7B-Instruct-v0.3,SciERC,CVPR_2006_10_abs,P1,0.0
Mistral-7B-Instruct-v0.3,SciERC,CVPR_2011_10_abs,P2,0.4137931034482758
Mistral-7B-Instruct-v0.3,EBM-NLP,9229602,P2,0.5263157894736842
Mistral-7B-Instruct-v0.3,EBM-NLP,11750293,P2,0.3
Mistral-7B-Instruct-v0.3,SciERC,NIPS_2016_80_abs,P2,0.1818181818181818
Mistral-7B-Instruct-v0.3,EBM-NLP,9481998,P1,0.16
Mistral-7B-Instruct-v0.3,EBM-NLP,16055807,P1,0.5
Mistral-7B-Instruct-v0.3,SciERC,ECCV_2016_110_abs,P3,0.7058823529411765
Mistral-7B-Instruct-v0.3,SciERC,C04-1036,P2,0.3478260869565217
Mistral-7B-Instruct-v0.3,SciERC,N04-1022,P2,0.2727272727272727
Mistral-7B-Instruct-v0.3,EBM-NLP,7844976,P3,0.4444444444444445
Mistral-7B-Instruct-v0.3,SciERC,J82-3002,P2,0.1481481481481481
Mistral-7B-Instruct-v0.3,SciERC,N06-1037,P2,0.3
Mistral-7B-Instruct-v0.3,EBM-NLP,6421395,P1,0.4848484848484848
Mistral-7B-Instruct-v0.3,EBM-NLP,20618920,P2,0.1666666666666666
Mistral-7B-Instruct-v0.3,SciERC,P06-3007,P3,0.1538461538461538
Mistral-7B-Instruct-v0.3,SciERC,CVPR_2016_413_abs,P1,0.3749999999999999
Mistral-7B-Instruct-v0.3,SciERC,CVPR_1999_15_abs,P2,0.0
Mistral-7B-Instruct-v0.3,SciERC,P05-1046,P1,0.3448275862068966
Mistral-7B-Instruct-v0.3,SciERC,C96-1062,P2,0.2608695652173912
Mistral-7B-Instruct-v0.3,SciERC,INTERSPEECH_2007_40_abs,P2,0.3636363636363636
Mistral-7B-Instruct-v0.3,EBM-NLP,23849147,P3,0.4545454545454545
Mistral-7B-Instruct-v0.3,EBM-NLP,15358868,P3,0.4
Mistral-7B-Instruct-v0.3,EBM-NLP,23021296,P2,0.24
Mistral-7B-Instruct-v0.3,SciERC,ICCV_2013_25_abs,P2,0.625
Mistral-7B-Instruct-v0.3,EBM-NLP,23838728,P2,0.3529411764705882
Mistral-7B-Instruct-v0.3,SciERC,E95-1033,P3,0.2857142857142857
Mistral-7B-Instruct-v0.3,SciERC,C00-2123,P2,0.1052631578947368
Mistral-7B-Instruct-v0.3,SciERC,CVPR_2004_30_abs,P2,0.0
Mistral-7B-Instruct-v0.3,SciERC,CVPR_1993_10_abs,P1,0.0
Mistral-7B-Instruct-v0.3,SciERC,C88-1044,P3,0.2857142857142857
Mistral-7B-Instruct-v0.3,SciERC,C90-3063,P2,0.0952380952380952
Mistral-7B-Instruct-v0.3,EBM-NLP,384815,P3,0.3333333333333333
Mistral-7B-Instruct-v0.3,SciERC,I05-4010,P2,0.1111111111111111
Mistral-7B-Instruct-v0.3,EBM-NLP,2188766,P1,0.3846153846153846
Mistral-7B-Instruct-v0.3,SciERC,INTERSPEECH_2008_20_abs,P1,0.125
Mistral-7B-Instruct-v0.3,SciERC,NIPS_2016_560_abs,P1,0.0
Mistral-7B-Instruct-v0.3,EBM-NLP,2223363,P2,0.3846153846153846
Mistral-7B-Instruct-v0.3,EBM-NLP,19708562,P3,0.4705882352941176
Mistral-7B-Instruct-v0.3,EBM-NLP,23357440,P1,0.4444444444444445
Mistral-7B-Instruct-v0.3,EBM-NLP,7017018,P2,0.6
Mistral-7B-Instruct-v0.3,EBM-NLP,18229990,P2,0.1538461538461538
Mistral-7B-Instruct-v0.3,SciERC,P01-1056,P2,0.5
Mistral-7B-Instruct-v0.3,EBM-NLP,3919804,P1,0.5384615384615384
Mistral-7B-Instruct-v0.3,SciERC,P08-1105,P2,0.2857142857142857
Mistral-7B-Instruct-v0.3,SciERC,ICML_1995_38_abs,P2,0.0
Mistral-7B-Instruct-v0.3,EBM-NLP,22416755,P3,0.25
Mistral-7B-Instruct-v0.3,SciERC,NIPS_2002_18_abs,P2,0.2857142857142857
Mistral-7B-Instruct-v0.3,EBM-NLP,19096921,P3,0.4285714285714285
Mistral-7B-Instruct-v0.3,EBM-NLP,2066441,P1,0.4374999999999999
Mistral-7B-Instruct-v0.3,EBM-NLP,23417625,P1,0.4375
Mistral-7B-Instruct-v0.3,SciERC,E99-1015,P3,0.1176470588235294
Mistral-7B-Instruct-v0.3,EBM-NLP,6938020,P3,0.6206896551724138
Mistral-7B-Instruct-v0.3,EBM-NLP,11642083,P1,0.2564102564102564
Mistral-7B-Instruct-v0.3,EBM-NLP,18503531,P1,0.4285714285714285
Mistral-7B-Instruct-v0.3,SciERC,INTERSPEECH_2013_21_abs,P2,0.2758620689655173
Mistral-7B-Instruct-v0.3,SciERC,ICML_2006_119_abs,P1,0.0
Mistral-7B-Instruct-v0.3,SciERC,P06-1018,P3,0.6000000000000001
Mistral-7B-Instruct-v0.3,SciERC,CVPR_2009_18_abs,P2,0.0
Mistral-7B-Instruct-v0.3,EBM-NLP,25068497,P1,0.4166666666666667
Mistral-7B-Instruct-v0.3,EBM-NLP,3081600,P2,0.2631578947368421
Mistral-7B-Instruct-v0.3,SciERC,A97-1020,P2,0.0
Mistral-7B-Instruct-v0.3,SciERC,NIPS_2001_11_abs,P2,0.4827586206896552
Mistral-7B-Instruct-v0.3,EBM-NLP,361799,P1,0.56
Mistral-7B-Instruct-v0.3,EBM-NLP,7827398,P2,0.2727272727272727
Mistral-7B-Instruct-v0.3,SciERC,NIPS_2015_18_abs,P1,0.0
Mistral-7B-Instruct-v0.3,SciERC,P05-2013,P3,0.0
Mistral-7B-Instruct-v0.3,SciERC,CVPR_2010_30_abs,P1,0.3225806451612903
Mistral-7B-Instruct-v0.3,SciERC,P05-1039,P3,0.4210526315789474
Mistral-7B-Instruct-v0.3,SciERC,P06-1053,P3,0.4444444444444444
Mistral-7B-Instruct-v0.3,EBM-NLP,1459268,P2,0.3157894736842105
Mistral-7B-Instruct-v0.3,SciERC,ECCV_2012_30_abs,P2,0.0
Mistral-7B-Instruct-v0.3,EBM-NLP,24803369,P3,0.32
Mistral-7B-Instruct-v0.3,EBM-NLP,10934569,P3,0.24
Mistral-7B-Instruct-v0.3,SciERC,H01-1049,P2,0.0
Mistral-7B-Instruct-v0.3,SciERC,E91-1012,P1,0.1428571428571428
Mistral-7B-Instruct-v0.3,SciERC,C04-1106,P2,0.1176470588235294
Mistral-7B-Instruct-v0.3,SciERC,CVPR_2011_11_abs,P1,0.0
Mistral-7B-Instruct-v0.3,SciERC,N03-1033,P2,0.2727272727272727
Mistral-7B-Instruct-v0.3,SciERC,C04-1035,P2,0.0714285714285714
Mistral-7B-Instruct-v0.3,SciERC,I05-5003,P2,0.0
Mistral-7B-Instruct-v0.3,SciERC,ICCV_2003_161_abs,P2,0.0
Mistral-7B-Instruct-v0.3,EBM-NLP,6951573,P3,0.2608695652173913
Mistral-7B-Instruct-v0.3,SciERC,I05-5004,P3,0.4444444444444444
Mistral-7B-Instruct-v0.3,EBM-NLP,22271197,P3,0.2352941176470588
Mistral-7B-Instruct-v0.3,SciERC,NIPS_2002_11_abs,P2,0.0
Mistral-7B-Instruct-v0.3,SciERC,C86-1081,P3,0.0
Mistral-7B-Instruct-v0.3,SciERC,J86-4002,P1,0.0
Mistral-7B-Instruct-v0.3,SciERC,P85-1019,P2,0.2580645161290322
Mistral-7B-Instruct-v0.3,SciERC,P06-4007,P3,0.0
Mistral-7B-Instruct-v0.3,EBM-NLP,2088233,P1,0.2758620689655172
Mistral-7B-Instruct-v0.3,SciERC,E89-1016,P2,0.2399999999999999
Mistral-7B-Instruct-v0.3,SciERC,ICML_2016_18_abs,P1,0.0
Mistral-7B-Instruct-v0.3,EBM-NLP,1968178,P3,0.3999999999999999
Mistral-7B-Instruct-v0.3,EBM-NLP,18773733,P2,0.1052631578947368
Mistral-7B-Instruct-v0.3,SciERC,P04-2005,P2,0.2758620689655173
Mistral-7B-Instruct-v0.3,SciERC,ICCV_2001_47_abs,P2,0.4705882352941176
Mistral-7B-Instruct-v0.3,SciERC,C90-3045,P2,0.25
Mistral-7B-Instruct-v0.3,SciERC,P06-1013,P3,0.3
Mistral-7B-Instruct-v0.3,EBM-NLP,16427787,P2,0.3076923076923076
Mistral-7B-Instruct-v0.3,EBM-NLP,8779382,P3,0.08
Mistral-7B-Instruct-v0.3,SciERC,P05-1056,P1,0.2564102564102564
Mistral-7B-Instruct-v0.3,EBM-NLP,2678230,P4,0.4615384615384615
Mistral-7B-Instruct-v0.3,SciERC,C04-1103,P2,0.4
Mistral-7B-Instruct-v0.3,SciERC,INTERSPEECH_2014_40_abs,P2,0.1428571428571428
Mistral-7B-Instruct-v0.3,EBM-NLP,20804366,P1,0.2580645161290323
Mistral-7B-Instruct-v0.3,EBM-NLP,15193668,P2,0.4242424242424242
Mistral-7B-Instruct-v0.3,SciERC,P06-2012,P3,0.5
Mistral-7B-Instruct-v0.3,EBM-NLP,2224060,P2,0.2727272727272727
Mistral-7B-Instruct-v0.3,EBM-NLP,22744141,P2,0.375
Mistral-7B-Instruct-v0.3,EBM-NLP,25369243,P1,0.24
Mistral-7B-Instruct-v0.3,EBM-NLP,8916620,P4,0.4
Mistral-7B-Instruct-v0.3,EBM-NLP,18958161,P1,0.3333333333333333
Mistral-7B-Instruct-v0.3,SciERC,ICASSP_2016_11_abs,P2,0.0
Mistral-7B-Instruct-v0.3,SciERC,CVPR_2003_30_abs,P3,0.0
Mistral-7B-Instruct-v0.3,EBM-NLP,24660757,P3,0.1176470588235294
Mistral-7B-Instruct-v0.3,SciERC,E06-1022,P3,0.3636363636363636
Mistral-7B-Instruct-v0.3,EBM-NLP,12477021,P2,0.3333333333333333
Mistral-7B-Instruct-v0.3,EBM-NLP,7853069,P1,0.3
Mistral-7B-Instruct-v0.3,SciERC,J05-4003,P2,0.0
Mistral-7B-Instruct-v0.3,SciERC,P83-1004,P3,0.1052631578947368
Mistral-7B-Instruct-v0.3,SciERC,N03-1026,P2,0.0
Mistral-7B-Instruct-v0.3,EBM-NLP,1780092,P3,0.3157894736842105
Mistral-7B-Instruct-v0.3,EBM-NLP,7831628,P1,0.0909090909090909
Mistral-7B-Instruct-v0.3,EBM-NLP,15854186,P3,0.4545454545454545
Mistral-7B-Instruct-v0.3,EBM-NLP,24075141,P1,0.2222222222222222
Mistral-7B-Instruct-v0.3,SciERC,CVPR_2004_18_abs,P3,0.2962962962962963
Mistral-7B-Instruct-v0.3,SciERC,C94-1091,P1,0.2857142857142857
Mistral-7B-Instruct-v0.3,SciERC,ICML_2016_10_abs,P2,0.0
Mistral-7B-Instruct-v0.3,EBM-NLP,10752495,P2,0.3124999999999999
Mistral-7B-Instruct-v0.3,SciERC,E93-1066,P1,0.0
Mistral-7B-Instruct-v0.3,SciERC,ICASSP_1997_706_abs,P1,0.0
Mistral-7B-Instruct-v0.3,SciERC,C04-1011,P3,0.125
Mistral-7B-Instruct-v0.3,EBM-NLP,11891832,P3,0.2857142857142857
Mistral-7B-Instruct-v0.3,SciERC,CVPR_2008_258_abs,P2,0.0
Mistral-7B-Instruct-v0.3,SciERC,H05-1095,P3,0.5
Mistral-7B-Instruct-v0.3,SciERC,P05-1076,P2,0.0
Mistral-7B-Instruct-v0.3,EBM-NLP,19159999,P2,0.2962962962962963
Mistral-7B-Instruct-v0.3,EBM-NLP,17616069,P1,0.3870967741935484
Mistral-7B-Instruct-v0.3,SciERC,INTERSPEECH_2006_21_abs,P2,0.0
Mistral-7B-Instruct-v0.3,EBM-NLP,10390665,P1,0.0
Mistral-7B-Instruct-v0.3,EBM-NLP,17293018,P2,0.0869565217391304
Mistral-7B-Instruct-v0.3,SciERC,C08-2010,P3,0.0833333333333333
Mistral-7B-Instruct-v0.3,EBM-NLP,11829043,P1,0.2068965517241379
Mistral-7B-Instruct-v0.3,SciERC,CVPR_2006_10_abs,P2,0.0
Mistral-7B-Instruct-v0.3,EBM-NLP,25931290,P3,0.4444444444444444
Mistral-7B-Instruct-v0.3,EBM-NLP,16055807,P2,0.3333333333333333
Mistral-7B-Instruct-v0.3,EBM-NLP,9481998,P2,0.25
Mistral-7B-Instruct-v0.3,SciERC,CVPR_2009_10_abs,P1,0.0
Mistral-7B-Instruct-v0.3,SciERC,C04-1128,P3,0.0
Mistral-7B-Instruct-v0.3,EBM-NLP,21170734,P1,0.1666666666666666
Mistral-7B-Instruct-v0.3,EBM-NLP,6421395,P2,0.4375
Mistral-7B-Instruct-v0.3,SciERC,P03-1070,P3,0.4800000000000001
Mistral-7B-Instruct-v0.3,EBM-NLP,1131298,P3,0.3846153846153846
Mistral-7B-Instruct-v0.3,SciERC,P05-1046,P2,0.0
Mistral-7B-Instruct-v0.3,SciERC,CVPR_2016_413_abs,P2,0.0
Mistral-7B-Instruct-v0.3,EBM-NLP,11495215,P1,0.2222222222222222
Mistral-7B-Instruct-v0.3,EBM-NLP,22646975,P1,0.3478260869565218
Mistral-7B-Instruct-v0.3,EBM-NLP,6418441,P1,0.4117647058823529
Mistral-7B-Instruct-v0.3,EBM-NLP,20509069,P3,0.4210526315789474
Mistral-7B-Instruct-v0.3,SciERC,CVPR_1993_10_abs,P2,0.0
Mistral-7B-Instruct-v0.3,EBM-NLP,4919024,P4,0.2
Mistral-7B-Instruct-v0.3,EBM-NLP,9229602,P3,0.5555555555555556
Mistral-7B-Instruct-v0.3,EBM-NLP,16295154,P1,0.3333333333333333
Mistral-7B-Instruct-v0.3,SciERC,CVPR_2011_10_abs,P3,0.4375
Mistral-7B-Instruct-v0.3,EBM-NLP,11750293,P3,0.3
Mistral-7B-Instruct-v0.3,SciERC,ICML_2016_11_abs,P1,0.2380952380952381
Mistral-7B-Instruct-v0.3,SciERC,NIPS_2016_80_abs,P3,0.0
Mistral-7B-Instruct-v0.3,EBM-NLP,12139812,P1,0.2727272727272727
Mistral-7B-Instruct-v0.3,SciERC,C04-1036,P3,0.32
Mistral-7B-Instruct-v0.3,EBM-NLP,3067745,P4,0.2222222222222222
Mistral-7B-Instruct-v0.3,SciERC,CVPR_1994_10_abs,P1,0.0
Mistral-7B-Instruct-v0.3,SciERC,J82-3002,P3,0.1538461538461538
Mistral-7B-Instruct-v0.3,SciERC,N04-1022,P3,0.4615384615384615
Mistral-7B-Instruct-v0.3,SciERC,N06-1037,P3,0.3
Mistral-7B-Instruct-v0.3,EBM-NLP,21914768,P4,0.3333333333333333
Mistral-7B-Instruct-v0.3,SciERC,NIPS_2016_560_abs,P2,0.0
Mistral-7B-Instruct-v0.3,SciERC,INTERSPEECH_2008_20_abs,P2,0.25
Mistral-7B-Instruct-v0.3,EBM-NLP,2188766,P2,0.5
Mistral-7B-Instruct-v0.3,EBM-NLP,23357440,P2,0.32
Mistral-7B-Instruct-v0.3,EBM-NLP,20618920,P3,0.1666666666666666
Mistral-7B-Instruct-v0.3,SciERC,CVPR_1999_15_abs,P3,0.2399999999999999
Mistral-7B-Instruct-v0.3,SciERC,C96-1062,P3,0.3333333333333333
Mistral-7B-Instruct-v0.3,EBM-NLP,3919804,P2,0.5217391304347826
Mistral-7B-Instruct-v0.3,SciERC,INTERSPEECH_2007_40_abs,P3,0.0
Mistral-7B-Instruct-v0.3,EBM-NLP,11381289,P4,0.1111111111111111
Mistral-7B-Instruct-v0.3,EBM-NLP,2066441,P2,0.4615384615384615
Mistral-7B-Instruct-v0.3,EBM-NLP,23417625,P2,0.3571428571428571
Mistral-7B-Instruct-v0.3,SciERC,ICCV_2013_25_abs,P3,0.625
Mistral-7B-Instruct-v0.3,EBM-NLP,23838728,P3,0.2857142857142856
Mistral-7B-Instruct-v0.3,EBM-NLP,23021296,P3,0.1739130434782609
Mistral-7B-Instruct-v0.3,SciERC,C00-2123,P3,0.2499999999999999
Mistral-7B-Instruct-v0.3,EBM-NLP,22435114,P1,0.4615384615384615
Mistral-7B-Instruct-v0.3,SciERC,CVPR_2004_30_abs,P3,0.0
Mistral-7B-Instruct-v0.3,EBM-NLP,11642083,P2,0.2068965517241379
Mistral-7B-Instruct-v0.3,EBM-NLP,7844976,P4,0.2222222222222222
Mistral-7B-Instruct-v0.3,EBM-NLP,18503531,P2,0.4285714285714285
Mistral-7B-Instruct-v0.3,EBM-NLP,22420121,P1,0.3
Mistral-7B-Instruct-v0.3,SciERC,C90-3063,P3,0.0
Mistral-7B-Instruct-v0.3,SciERC,ICML_2006_119_abs,P2,0.0
Mistral-7B-Instruct-v0.3,SciERC,I05-4010,P3,0.0
Mistral-7B-Instruct-v0.3,EBM-NLP,25068497,P2,0.4166666666666667
Mistral-7B-Instruct-v0.3,EBM-NLP,361799,P2,0.2105263157894736
Mistral-7B-Instruct-v0.3,EBM-NLP,23849147,P4,0.2352941176470588
Mistral-7B-Instruct-v0.3,EBM-NLP,2223363,P3,0.3333333333333333
Mistral-7B-Instruct-v0.3,EBM-NLP,15358868,P4,0.2352941176470588
Mistral-7B-Instruct-v0.3,EBM-NLP,18229990,P3,0.0833333333333333
Mistral-7B-Instruct-v0.3,EBM-NLP,7017018,P3,0.5555555555555556
Mistral-7B-Instruct-v0.3,SciERC,NIPS_2015_18_abs,P2,0.0
Mistral-7B-Instruct-v0.3,SciERC,P01-1056,P3,0.0
Mistral-7B-Instruct-v0.3,SciERC,P08-1105,P3,0.0
Mistral-7B-Instruct-v0.3,SciERC,ECCV_2016_204_abs,P1,0.0
Mistral-7B-Instruct-v0.3,SciERC,CVPR_2010_30_abs,P2,0.1999999999999999
Mistral-7B-Instruct-v0.3,SciERC,NIPS_2002_18_abs,P3,0.0
Mistral-7B-Instruct-v0.3,SciERC,ICML_1995_38_abs,P3,0.0833333333333333
Mistral-7B-Instruct-v0.3,EBM-NLP,9695300,P1,0.2222222222222222
Mistral-7B-Instruct-v0.3,SciERC,H01-1042,P1,0.0
Mistral-7B-Instruct-v0.3,SciERC,CVPR_2011_11_abs,P2,0.0
Mistral-7B-Instruct-v0.3,EBM-NLP,384815,P4,0.375
Mistral-7B-Instruct-v0.3,SciERC,E91-1012,P2,0.0
Mistral-7B-Instruct-v0.3,EBM-NLP,1286547,P1,0.4137931034482759
Mistral-7B-Instruct-v0.3,SciERC,INTERSPEECH_2013_21_abs,P3,0.074074074074074
Mistral-7B-Instruct-v0.3,EBM-NLP,16167234,P1,0.3870967741935484
Mistral-7B-Instruct-v0.3,EBM-NLP,21393467,P1,0.0952380952380952
Mistral-7B-Instruct-v0.3,SciERC,ECCV_2016_99_abs,P1,0.0
Mistral-7B-Instruct-v0.3,EBM-NLP,3081600,P3,0.2631578947368421
Mistral-7B-Instruct-v0.3,EBM-NLP,19708562,P4,0.5882352941176471
Mistral-7B-Instruct-v0.3,SciERC,CVPR_2009_18_abs,P3,0.0
Mistral-7B-Instruct-v0.3,SciERC,J86-4002,P2,0.0
Mistral-7B-Instruct-v0.3,SciERC,NIPS_2001_11_abs,P3,0.4242424242424242
Mistral-7B-Instruct-v0.3,SciERC,CVPR_2008_256_abs,P1,0.2272727272727272
Mistral-7B-Instruct-v0.3,SciERC,A97-1020,P3,0.0
Mistral-7B-Instruct-v0.3,EBM-NLP,2088233,P2,0.2105263157894736
Mistral-7B-Instruct-v0.3,SciERC,ICML_2016_18_abs,P2,0.0
Mistral-7B-Instruct-v0.3,EBM-NLP,22416755,P4,0.4
Mistral-7B-Instruct-v0.3,EBM-NLP,19096921,P4,0.3333333333333333
Mistral-7B-Instruct-v0.3,EBM-NLP,7827398,P3,0.2727272727272727
Mistral-7B-Instruct-v0.3,SciERC,ICCV_2013_47_abs,P1,0.35
Mistral-7B-Instruct-v0.3,SciERC,ECCV_2012_30_abs,P3,0.0
Mistral-7B-Instruct-v0.3,EBM-NLP,6938020,P4,0.5217391304347827
Mistral-7B-Instruct-v0.3,EBM-NLP,1459268,P3,0.25
Mistral-7B-Instruct-v0.3,SciERC,ICCV_2003_151_abs,P1,0.0
Mistral-7B-Instruct-v0.3,SciERC,P05-1056,P2,0.2564102564102564
Mistral-7B-Instruct-v0.3,SciERC,H01-1049,P3,0.0
Mistral-7B-Instruct-v0.3,EBM-NLP,20804366,P2,0.1935483870967742
Mistral-7B-Instruct-v0.3,SciERC,C04-1106,P3,0.0
Mistral-7B-Instruct-v0.3,EBM-NLP,19727232,P1,0.1481481481481481
Mistral-7B-Instruct-v0.3,EBM-NLP,10578479,P1,0.25
Mistral-7B-Instruct-v0.3,SciERC,N03-1033,P3,0.2727272727272727
Mistral-7B-Instruct-v0.3,SciERC,ICCV_2003_161_abs,P3,0.0
Mistral-7B-Instruct-v0.3,SciERC,C04-1035,P3,0.0714285714285714
Mistral-7B-Instruct-v0.3,SciERC,I05-5003,P3,0.3225806451612903
Mistral-7B-Instruct-v0.3,EBM-NLP,24451919,P1,0.3448275862068966
Mistral-7B-Instruct-v0.3,EBM-NLP,25369243,P2,0.24
Mistral-7B-Instruct-v0.3,EBM-NLP,18958161,P2,0.1052631578947368
Mistral-7B-Instruct-v0.3,SciERC,NIPS_2002_11_abs,P3,0.0
Mistral-7B-Instruct-v0.3,SciERC,P85-1019,P3,0.2580645161290322
Mistral-7B-Instruct-v0.3,SciERC,X96-1059,P1,0.238095238095238
Mistral-7B-Instruct-v0.3,SciERC,E89-1016,P3,0.2399999999999999
Mistral-7B-Instruct-v0.3,EBM-NLP,24803369,P4,0.4761904761904761
Mistral-7B-Instruct-v0.3,EBM-NLP,7853069,P2,0.3157894736842105
Mistral-7B-Instruct-v0.3,EBM-NLP,15848261,P1,0.6874999999999999
Mistral-7B-Instruct-v0.3,EBM-NLP,18773733,P3,0.1052631578947368
Mistral-7B-Instruct-v0.3,SciERC,P04-2005,P3,0.3636363636363637
Mistral-7B-Instruct-v0.3,EBM-NLP,17321989,P1,0.3870967741935484
Mistral-7B-Instruct-v0.3,SciERC,ICCV_2001_47_abs,P3,0.5142857142857142
Mistral-7B-Instruct-v0.3,EBM-NLP,10934569,P4,0.25
Mistral-7B-Instruct-v0.3,SciERC,C90-3045,P3,0.1739130434782609
Mistral-7B-Instruct-v0.3,EBM-NLP,7831628,P2,0.0952380952380952
Mistral-7B-Instruct-v0.3,EBM-NLP,16427787,P3,0.3076923076923076
Mistral-7B-Instruct-v0.3,EBM-NLP,10763172,P1,0.1951219512195122
Mistral-7B-Instruct-v0.3,SciERC,C94-1091,P2,0.0
Mistral-7B-Instruct-v0.3,EBM-NLP,24075141,P2,0.3703703703703703
Mistral-7B-Instruct-v0.3,EBM-NLP,1669598,P1,0.2580645161290322
Mistral-7B-Instruct-v0.3,EBM-NLP,20560622,P1,0.3478260869565218
Mistral-7B-Instruct-v0.3,EBM-NLP,6951573,P4,0.32
Mistral-7B-Instruct-v0.3,SciERC,E93-1066,P2,0.0
Mistral-7B-Instruct-v0.3,SciERC,C04-1103,P3,0.3846153846153846
Mistral-7B-Instruct-v0.3,SciERC,ICASSP_1997_706_abs,P2,0.0
Mistral-7B-Instruct-v0.3,SciERC,INTERSPEECH_2014_40_abs,P3,0.0666666666666666
Mistral-7B-Instruct-v0.3,EBM-NLP,15193668,P3,0.2307692307692307
Mistral-7B-Instruct-v0.3,EBM-NLP,17616069,P2,0.4827586206896551
Mistral-7B-Instruct-v0.3,EBM-NLP,22271197,P4,0.0
Mistral-7B-Instruct-v0.3,EBM-NLP,22744141,P3,0.375
Mistral-7B-Instruct-v0.3,EBM-NLP,2224060,P3,0.2857142857142857
Mistral-7B-Instruct-v0.3,EBM-NLP,10390665,P2,0.0
Mistral-7B-Instruct-v0.3,EBM-NLP,20147856,P1,0.1176470588235294
Mistral-7B-Instruct-v0.3,SciERC,ICASSP_2016_11_abs,P3,0.2962962962962963
Mistral-7B-Instruct-v0.3,EBM-NLP,1968178,P4,0.3809523809523809
Mistral-7B-Instruct-v0.3,EBM-NLP,11829043,P2,0.1714285714285714
Mistral-7B-Instruct-v0.3,SciERC,J05-4003,P3,0.0
Mistral-7B-Instruct-v0.3,SciERC,CVPR_2009_10_abs,P2,0.0
Mistral-7B-Instruct-v0.3,EBM-NLP,12477021,P3,0.3333333333333333
Mistral-7B-Instruct-v0.3,EBM-NLP,8779382,P4,0.4
Mistral-7B-Instruct-v0.3,SciERC,N03-1026,P3,0.0
Mistral-7B-Instruct-v0.3,SciERC,INTERSPEECH_2008_28_abs,P1,0.0
Mistral-7B-Instruct-v0.3,EBM-NLP,18783504,P1,0.2702702702702703
Mistral-7B-Instruct-v0.3,EBM-NLP,21170734,P2,0.1111111111111111
Mistral-7B-Instruct-v0.3,EBM-NLP,10752495,P3,0.3571428571428571
Mistral-7B-Instruct-v0.3,SciERC,ICML_2016_10_abs,P3,0.0
Mistral-7B-Instruct-v0.3,EBM-NLP,9730996,P1,0.1176470588235294
Mistral-7B-Instruct-v0.3,EBM-NLP,11495215,P2,0.0625
Mistral-7B-Instruct-v0.3,EBM-NLP,22646975,P2,0.32
Mistral-7B-Instruct-v0.3,SciERC,P05-1076,P3,0.5
Mistral-7B-Instruct-v0.3,EBM-NLP,6418441,P2,0.4375
Mistral-7B-Instruct-v0.3,EBM-NLP,21106663,P1,0.3
Mistral-7B-Instruct-v0.3,SciERC,CVPR_2008_258_abs,P3,0.0
Mistral-7B-Instruct-v0.3,EBM-NLP,19159999,P3,0.2962962962962963
Mistral-7B-Instruct-v0.3,SciERC,INTERSPEECH_2006_21_abs,P3,0.0
Mistral-7B-Instruct-v0.3,EBM-NLP,24660757,P4,0.2352941176470588
Mistral-7B-Instruct-v0.3,EBM-NLP,17293018,P3,0.0869565217391304
Mistral-7B-Instruct-v0.3,EBM-NLP,22881991,P1,0.25
Mistral-7B-Instruct-v0.3,EBM-NLP,16295154,P2,0.4545454545454545
Mistral-7B-Instruct-v0.3,EBM-NLP,1963383,P1,0.2631578947368421
Mistral-7B-Instruct-v0.3,SciERC,CVPR_2006_10_abs,P3,0.0
Mistral-7B-Instruct-v0.3,EBM-NLP,19376304,P1,0.2105263157894736
Mistral-7B-Instruct-v0.3,EBM-NLP,1780092,P4,0.3333333333333333
Mistral-7B-Instruct-v0.3,SciERC,ICML_2016_11_abs,P2,0.1621621621621621
Mistral-7B-Instruct-v0.3,EBM-NLP,15854186,P4,0.4615384615384615
Mistral-7B-Instruct-v0.3,EBM-NLP,12139812,P2,0.3157894736842105
Mistral-7B-Instruct-v0.3,EBM-NLP,16055807,P3,0.3333333333333333
Mistral-7B-Instruct-v0.3,EBM-NLP,9481998,P3,0.25
Mistral-7B-Instruct-v0.3,EBM-NLP,8726604,P1,0.2
Mistral-7B-Instruct-v0.3,EBM-NLP,22865017,P1,0.1875
Mistral-7B-Instruct-v0.3,SciERC,CVPR_1994_10_abs,P2,0.0
Mistral-7B-Instruct-v0.3,EBM-NLP,11891832,P4,0.3809523809523809
Mistral-7B-Instruct-v0.3,EBM-NLP,6421395,P3,0.4375
Mistral-7B-Instruct-v0.3,EBM-NLP,2908133,P1,0.3333333333333333
Mistral-7B-Instruct-v0.3,SciERC,CVPR_2016_413_abs,P3,0.0
Mistral-7B-Instruct-v0.3,SciERC,P05-1046,P3,0.0
Mistral-7B-Instruct-v0.3,EBM-NLP,10764172,P1,0.3529411764705882
Mistral-7B-Instruct-v0.3,EBM-NLP,18544974,P1,0.2790697674418604
Mistral-7B-Instruct-v0.3,EBM-NLP,15133359,P1,0.0
Mistral-7B-Instruct-v0.3,EBM-NLP,22435114,P2,0.4615384615384615
Mistral-7B-Instruct-v0.3,SciERC,CVPR_1993_10_abs,P3,0.0
Mistral-7B-Instruct-v0.3,EBM-NLP,25931290,P4,0.2222222222222222
Mistral-7B-Instruct-v0.3,EBM-NLP,24080592,P1,0.3571428571428571
Mistral-7B-Instruct-v0.3,EBM-NLP,18975051,P1,0.0909090909090909
Mistral-7B-Instruct-v0.3,EBM-NLP,24317958,P1,0.3448275862068966
Mistral-7B-Instruct-v0.3,EBM-NLP,22420121,P2,0.3
Mistral-7B-Instruct-v0.3,EBM-NLP,1131298,P4,0.2857142857142857
Mistral-7B-Instruct-v0.3,SciERC,ECCV_2006_13_abs,P1,0.0
Mistral-7B-Instruct-v0.3,EBM-NLP,3074300,P1,0.3870967741935484
Mistral-7B-Instruct-v0.3,EBM-NLP,2188766,P3,0.48
Mistral-7B-Instruct-v0.3,SciERC,INTERSPEECH_2008_20_abs,P3,0.0
Mistral-7B-Instruct-v0.3,SciERC,NIPS_2016_560_abs,P3,0.16
Mistral-7B-Instruct-v0.3,EBM-NLP,23357440,P3,0.32
Mistral-7B-Instruct-v0.3,EBM-NLP,3919804,P3,0.48
Mistral-7B-Instruct-v0.3,EBM-NLP,23356250,P1,0.25
Mistral-7B-Instruct-v0.3,EBM-NLP,20509069,P4,0.2352941176470588
Mistral-7B-Instruct-v0.3,SciERC,ECCV_2016_204_abs,P2,0.0
Mistral-7B-Instruct-v0.3,EBM-NLP,9695300,P2,0.0833333333333333
Mistral-7B-Instruct-v0.3,EBM-NLP,23417625,P3,0.4137931034482758
Mistral-7B-Instruct-v0.3,EBM-NLP,2066441,P3,0.4615384615384615
Mistral-7B-Instruct-v0.3,EBM-NLP,15858959,P1,0.1951219512195122
Mistral-7B-Instruct-v0.3,EBM-NLP,9229602,P4,0.4705882352941176
Mistral-7B-Instruct-v0.3,SciERC,H01-1042,P2,0.3571428571428571
Mistral-7B-Instruct-v0.3,EBM-NLP,11750293,P4,0.4
Mistral-7B-Instruct-v0.3,EBM-NLP,1286547,P2,0.3571428571428571
Mistral-7B-Instruct-v0.3,EBM-NLP,11642083,P3,0.2068965517241379
Mistral-7B-Instruct-v0.3,EBM-NLP,16167234,P2,0.3870967741935484
Mistral-7B-Instruct-v0.3,EBM-NLP,18503531,P3,0.4444444444444444
Mistral-7B-Instruct-v0.3,SciERC,ICML_2006_119_abs,P3,0.0
Mistral-7B-Instruct-v0.3,EBM-NLP,21393467,P2,0.3636363636363636
Mistral-7B-Instruct-v0.3,EBM-NLP,10070173,P1,0.0
Mistral-7B-Instruct-v0.3,SciERC,ECCV_2016_99_abs,P2,0.0
Mistral-7B-Instruct-v0.3,EBM-NLP,8911223,P1,0.3243243243243243
Mistral-7B-Instruct-v0.3,EBM-NLP,20618920,P4,0.1666666666666666
Mistral-7B-Instruct-v0.3,EBM-NLP,25068497,P3,0.4166666666666667
Mistral-7B-Instruct-v0.3,SciERC,CVPR_2008_256_abs,P2,0.0
Mistral-7B-Instruct-v0.3,EBM-NLP,361799,P3,0.3157894736842105
Mistral-7B-Instruct-v0.3,EBM-NLP,26278470,P1,0.1666666666666666
Mistral-7B-Instruct-v0.3,EBM-NLP,23838728,P4,0.2666666666666666
Mistral-7B-Instruct-v0.3,SciERC,NIPS_2015_18_abs,P3,0.0
Mistral-7B-Instruct-v0.3,EBM-NLP,23021296,P4,0.2499999999999999
Mistral-7B-Instruct-v0.3,SciERC,ICCV_2013_47_abs,P2,0.0
Mistral-7B-Instruct-v0.3,SciERC,CVPR_2010_30_abs,P3,0.0714285714285714
Mistral-7B-Instruct-v0.3,SciERC,ICCV_2003_151_abs,P2,0.0
Mistral-7B-Instruct-v0.3,EBM-NLP,10578479,P2,0.24
Mistral-7B-Instruct-v0.3,SciERC,CVPR_2011_11_abs,P3,0.0
Mistral-7B-Instruct-v0.3,EBM-NLP,19727232,P2,0.1481481481481481
Mistral-7B-Instruct-v0.3,SciERC,E91-1012,P3,0.0
Mistral-7B-Instruct-v0.3,EBM-NLP,24451919,P2,0.0833333333333333
Mistral-7B-Instruct-v0.3,EBM-NLP,21718094,P1,0.1212121212121212
Mistral-7B-Instruct-v0.3,EBM-NLP,25784723,P1,0.0689655172413793
Mistral-7B-Instruct-v0.3,EBM-NLP,2223363,P4,0.5555555555555556
Mistral-7B-Instruct-v0.3,EBM-NLP,18229990,P4,0.0833333333333333
Mistral-7B-Instruct-v0.3,SciERC,J86-4002,P3,0.0
Mistral-7B-Instruct-v0.3,SciERC,X96-1059,P2,0.0
Mistral-7B-Instruct-v0.3,EBM-NLP,7017018,P4,0.1333333333333333
Mistral-7B-Instruct-v0.3,EBM-NLP,2088233,P3,0.2105263157894736
Mistral-7B-Instruct-v0.3,SciERC,ICML_2016_18_abs,P3,0.0
Mistral-7B-Instruct-v0.3,EBM-NLP,15848261,P2,0.6451612903225806
Mistral-7B-Instruct-v0.3,EBM-NLP,8989009,P1,0.2631578947368421
Mistral-7B-Instruct-v0.3,EBM-NLP,17321989,P2,0.3999999999999999
Mistral-7B-Instruct-v0.3,EBM-NLP,1669598,P2,0.2666666666666666
Mistral-7B-Instruct-v0.3,EBM-NLP,10763172,P2,0.1875
Mistral-7B-Instruct-v0.3,EBM-NLP,20560622,P2,0.5806451612903226
Mistral-7B-Instruct-v0.3,SciERC,P05-1056,P3,0.0
Mistral-7B-Instruct-v0.3,EBM-NLP,21924760,P1,0.303030303030303
Mistral-7B-Instruct-v0.3,EBM-NLP,20804366,P3,0.3809523809523809
Mistral-7B-Instruct-v0.3,SciERC,ECCV_2016_212_abs,P1,0.0
Mistral-7B-Instruct-v0.3,EBM-NLP,12960652,P1,0.4242424242424242
Mistral-7B-Instruct-v0.3,EBM-NLP,3081600,P4,0.1999999999999999
Mistral-7B-Instruct-v0.3,EBM-NLP,9394106,P1,0.2222222222222222
Mistral-7B-Instruct-v0.3,EBM-NLP,7808649,P1,0.2857142857142857
Mistral-7B-Instruct-v0.3,EBM-NLP,25369243,P3,0.24
Mistral-7B-Instruct-v0.3,EBM-NLP,7814711,P1,0.2068965517241379
Mistral-7B-Instruct-v0.3,EBM-NLP,18958161,P3,0.2105263157894736
Mistral-7B-Instruct-v0.3,EBM-NLP,20147856,P2,0.1290322580645161
Mistral-7B-Instruct-v0.3,EBM-NLP,7827398,P4,0.2962962962962963
Mistral-7B-Instruct-v0.3,EBM-NLP,17897478,P1,0.4102564102564102
Mistral-7B-Instruct-v0.3,SciERC,W02-1602,P1,0.0
Mistral-7B-Instruct-v0.3,EBM-NLP,1459268,P4,0.5217391304347826
Mistral-7B-Instruct-v0.3,EBM-NLP,10589810,P1,0.2068965517241379
Mistral-7B-Instruct-v0.3,EBM-NLP,7853069,P3,0.3157894736842105
Mistral-7B-Instruct-v0.3,EBM-NLP,18783504,P2,0.3243243243243243
Mistral-7B-Instruct-v0.3,EBM-NLP,26210844,P1,0.2702702702702702
Mistral-7B-Instruct-v0.3,SciERC,INTERSPEECH_2008_28_abs,P2,0.0
Mistral-7B-Instruct-v0.3,EBM-NLP,7598243,P1,0.1052631578947368
Mistral-7B-Instruct-v0.3,EBM-NLP,7831628,P3,0.0869565217391304
Mistral-7B-Instruct-v0.3,EBM-NLP,11737955,P1,0.4736842105263158
Mistral-7B-Instruct-v0.3,SciERC,C94-1091,P3,0.2857142857142857
Mistral-7B-Instruct-v0.3,EBM-NLP,24075141,P3,0.4444444444444444
Mistral-7B-Instruct-v0.3,EBM-NLP,9730996,P2,0.1176470588235294
Mistral-7B-Instruct-v0.3,SciERC,E93-1066,P3,0.0
Mistral-7B-Instruct-v0.3,SciERC,ICASSP_1997_706_abs,P3,0.0
Mistral-7B-Instruct-v0.3,EBM-NLP,21106663,P2,0.3333333333333333
Mistral-7B-Instruct-v0.3,EBM-NLP,17616069,P3,0.4827586206896551
Mistral-7B-Instruct-v0.3,EBM-NLP,10390665,P3,0.0
Mistral-7B-Instruct-v0.3,EBM-NLP,22881991,P2,0.303030303030303
Mistral-7B-Instruct-v0.3,EBM-NLP,20226474,P1,0.1333333333333333
Mistral-7B-Instruct-v0.3,EBM-NLP,11829043,P3,0.6086956521739131
Mistral-7B-Instruct-v0.3,EBM-NLP,18773733,P4,0.1111111111111111
Mistral-7B-Instruct-v0.3,EBM-NLP,1963383,P2,0.2222222222222222
Mistral-7B-Instruct-v0.3,EBM-NLP,19376304,P2,0.25
Mistral-7B-Instruct-v0.3,EBM-NLP,21896676,P1,0.3478260869565217
Mistral-7B-Instruct-v0.3,SciERC,CVPR_2009_10_abs,P3,0.0
Mistral-7B-Instruct-v0.3,EBM-NLP,8913901,P1,0.5714285714285714
Mistral-7B-Instruct-v0.3,EBM-NLP,16427787,P4,0.2666666666666666
Mistral-7B-Instruct-v0.3,EBM-NLP,22865017,P2,0.1212121212121212
Mistral-7B-Instruct-v0.3,EBM-NLP,8726604,P2,0.3414634146341463
Mistral-7B-Instruct-v0.3,EBM-NLP,21170734,P3,0.2222222222222222
Mistral-7B-Instruct-v0.3,EBM-NLP,24515505,P1,0.2777777777777778
Mistral-7B-Instruct-v0.3,EBM-NLP,15193668,P4,0.2
Mistral-7B-Instruct-v0.3,EBM-NLP,22744141,P4,0.375
Mistral-7B-Instruct-v0.3,EBM-NLP,11495215,P3,0.0625
Mistral-7B-Instruct-v0.3,EBM-NLP,2224060,P4,0.2608695652173912
Mistral-7B-Instruct-v0.3,EBM-NLP,18544974,P2,0.1935483870967741
Mistral-7B-Instruct-v0.3,EBM-NLP,2908133,P2,0.3076923076923076
Mistral-7B-Instruct-v0.3,EBM-NLP,10764172,P2,0.3225806451612903
Mistral-7B-Instruct-v0.3,EBM-NLP,6418441,P3,0.4375
Mistral-7B-Instruct-v0.3,EBM-NLP,22646975,P3,0.2727272727272727
Mistral-7B-Instruct-v0.3,EBM-NLP,15133359,P2,0.1874999999999999
Mistral-7B-Instruct-v0.3,EBM-NLP,12477021,P4,0.5714285714285715
Mistral-7B-Instruct-v0.3,EBM-NLP,11317090,P1,0.368421052631579
Mistral-7B-Instruct-v0.3,EBM-NLP,24080592,P2,0.3571428571428571
Mistral-7B-Instruct-v0.3,EBM-NLP,16295154,P3,0.4545454545454545
Mistral-7B-Instruct-v0.3,EBM-NLP,18975051,P2,0.0952380952380952
Mistral-7B-Instruct-v0.3,EBM-NLP,24317958,P2,0.3448275862068966
Mistral-7B-Instruct-v0.3,EBM-NLP,12139812,P3,0.2222222222222222
Mistral-7B-Instruct-v0.3,EBM-NLP,10752495,P4,0.0833333333333333
Mistral-7B-Instruct-v0.3,SciERC,ICML_2016_11_abs,P3,0.1578947368421052
Mistral-7B-Instruct-v0.3,EBM-NLP,8771302,P1,0.3571428571428571
Mistral-7B-Instruct-v0.3,SciERC,ECCV_2006_13_abs,P2,0.0
Mistral-7B-Instruct-v0.3,SciERC,CVPR_1994_10_abs,P3,0.0
Mistral-7B-Instruct-v0.3,EBM-NLP,3534803,P1,0.0833333333333333
Mistral-7B-Instruct-v0.3,EBM-NLP,3074300,P2,0.3333333333333333
Mistral-7B-Instruct-v0.3,EBM-NLP,23103798,P1,0.4375
Mistral-7B-Instruct-v0.3,EBM-NLP,19159999,P4,0.0
Mistral-7B-Instruct-v0.3,EBM-NLP,23356250,P2,0.3428571428571428
Mistral-7B-Instruct-v0.3,EBM-NLP,14763035,P1,0.2222222222222222
Mistral-7B-Instruct-v0.3,EBM-NLP,17293018,P4,0.16
Mistral-7B-Instruct-v0.3,EBM-NLP,24960665,P1,0.1714285714285714
Mistral-7B-Instruct-v0.3,EBM-NLP,15858959,P2,0.1875
Mistral-7B-Instruct-v0.3,EBM-NLP,9481998,P4,0.1052631578947368
Mistral-7B-Instruct-v0.3,EBM-NLP,25898782,P1,0.2857142857142857
Mistral-7B-Instruct-v0.3,EBM-NLP,11229858,P5,0.6666666666666666
Mistral-7B-Instruct-v0.3,EBM-NLP,16055807,P4,0.25
Mistral-7B-Instruct-v0.3,EBM-NLP,22435114,P3,0.2857142857142857
Mistral-7B-Instruct-v0.3,EBM-NLP,22420121,P3,0.3
Mistral-7B-Instruct-v0.3,EBM-NLP,10070173,P2,0.3414634146341463
Mistral-7B-Instruct-v0.3,EBM-NLP,6421395,P4,0.4848484848484848
Mistral-7B-Instruct-v0.3,EBM-NLP,8911223,P2,0.3243243243243243
Mistral-7B-Instruct-v0.3,EBM-NLP,24726342,P1,0.1538461538461538
Mistral-7B-Instruct-v0.3,EBM-NLP,14739125,P1,0.55
Mistral-7B-Instruct-v0.3,EBM-NLP,12576806,P1,0.2962962962962963
Mistral-7B-Instruct-v0.3,EBM-NLP,26278470,P2,0.1666666666666666
Mistral-7B-Instruct-v0.3,SciERC,ECCV_2016_204_abs,P3,0.0
Mistral-7B-Instruct-v0.3,EBM-NLP,9695300,P3,0.0833333333333333
Mistral-7B-Instruct-v0.3,SciERC,H01-1042,P3,0.3225806451612903
Mistral-7B-Instruct-v0.3,EBM-NLP,21669557,P1,0.1999999999999999
Mistral-7B-Instruct-v0.3,EBM-NLP,1286547,P3,0.3749999999999999
Mistral-7B-Instruct-v0.3,SciERC,J86-3001,P1,0.0
Mistral-7B-Instruct-v0.3,EBM-NLP,16167234,P3,0.3870967741935484
Mistral-7B-Instruct-v0.3,EBM-NLP,21718094,P2,0.2857142857142857
Mistral-7B-Instruct-v0.3,EBM-NLP,21393467,P3,0.1538461538461538
Mistral-7B-Instruct-v0.3,SciERC,ECCV_2016_99_abs,P3,0.0
Mistral-7B-Instruct-v0.3,EBM-NLP,2188766,P4,0.2857142857142857
Mistral-7B-Instruct-v0.3,EBM-NLP,25784723,P2,0.0689655172413793
Mistral-7B-Instruct-v0.3,EBM-NLP,23357440,P4,0.32
Mistral-7B-Instruct-v0.3,SciERC,CVPR_2008_256_abs,P3,0.0
Mistral-7B-Instruct-v0.3,EBM-NLP,3919804,P4,0.56
Mistral-7B-Instruct-v0.3,EBM-NLP,2066441,P4,0.2727272727272727
Mistral-7B-Instruct-v0.3,EBM-NLP,8989009,P2,0.1538461538461538
Mistral-7B-Instruct-v0.3,EBM-NLP,23417625,P4,0.2857142857142857
Mistral-7B-Instruct-v0.3,SciERC,ICCV_2013_47_abs,P3,0.0
Mistral-7B-Instruct-v0.3,SciERC,ICCV_2003_151_abs,P3,0.0
Mistral-7B-Instruct-v0.3,EBM-NLP,21491990,P1,0.2068965517241379
Mistral-7B-Instruct-v0.3,EBM-NLP,18503531,P4,0.1999999999999999
Mistral-7B-Instruct-v0.3,EBM-NLP,11642083,P4,0.1538461538461538
Mistral-7B-Instruct-v0.3,EBM-NLP,21924760,P2,0.2222222222222221
Mistral-7B-Instruct-v0.3,EBM-NLP,10578479,P3,0.24
Mistral-7B-Instruct-v0.3,SciERC,ECCV_2016_212_abs,P2,0.0
Mistral-7B-Instruct-v0.3,EBM-NLP,19727232,P3,0.1481481481481481
Mistral-7B-Instruct-v0.3,EBM-NLP,9394106,P2,0.2142857142857142
Mistral-7B-Instruct-v0.3,EBM-NLP,12960652,P2,0.3870967741935484
Mistral-7B-Instruct-v0.3,EBM-NLP,24451919,P3,0.0869565217391304
Mistral-7B-Instruct-v0.3,EBM-NLP,25068497,P4,0.3
Mistral-7B-Instruct-v0.3,EBM-NLP,7808649,P2,0.1875
Mistral-7B-Instruct-v0.3,EBM-NLP,24989854,P1,0.2564102564102564
Mistral-7B-Instruct-v0.3,EBM-NLP,10912743,P1,0.2222222222222221
Mistral-7B-Instruct-v0.3,EBM-NLP,361799,P4,0.2105263157894736
Mistral-7B-Instruct-v0.3,SciERC,X96-1059,P3,0.0
Mistral-7B-Instruct-v0.3,EBM-NLP,25479285,P1,0.2857142857142857
Mistral-7B-Instruct-v0.3,EBM-NLP,7814711,P2,0.1818181818181818
Mistral-7B-Instruct-v0.3,EBM-NLP,17897478,P2,0.4102564102564102
Mistral-7B-Instruct-v0.3,EBM-NLP,15848261,P3,0.2962962962962963
Mistral-7B-Instruct-v0.3,EBM-NLP,10589810,P2,0.2857142857142857
Mistral-7B-Instruct-v0.3,SciERC,W02-1602,P2,0.0
Mistral-7B-Instruct-v0.3,EBM-NLP,7598243,P2,0.1052631578947368
Mistral-7B-Instruct-v0.3,EBM-NLP,17321989,P3,0.3999999999999999
Mistral-7B-Instruct-v0.3,EBM-NLP,26210844,P2,0.0
Mistral-7B-Instruct-v0.3,EBM-NLP,20560622,P3,0.4166666666666667
Mistral-7B-Instruct-v0.3,EBM-NLP,1669598,P3,0.1935483870967742
Mistral-7B-Instruct-v0.3,EBM-NLP,10763172,P3,0.1875
Mistral-7B-Instruct-v0.3,EBM-NLP,11737955,P2,0.3870967741935483
Mistral-7B-Instruct-v0.3,EBM-NLP,21982657,P1,0.25
Mistral-7B-Instruct-v0.3,EBM-NLP,2088233,P4,0.3157894736842105
Mistral-7B-Instruct-v0.3,EBM-NLP,20226474,P2,0.1363636363636363
Mistral-7B-Instruct-v0.3,EBM-NLP,20147856,P3,0.16
Mistral-7B-Instruct-v0.3,EBM-NLP,19301724,P1,0.2439024390243902
Mistral-7B-Instruct-v0.3,EBM-NLP,21896676,P2,0.3
Mistral-7B-Instruct-v0.3,EBM-NLP,8913901,P2,0.4615384615384615
Mistral-7B-Instruct-v0.3,EBM-NLP,18783504,P3,0.3783783783783784
Mistral-7B-Instruct-v0.3,SciERC,INTERSPEECH_2008_28_abs,P3,0.0
Mistral-7B-Instruct-v0.3,EBM-NLP,12586799,P1,0.2162162162162162
Mistral-7B-Instruct-v0.3,EBM-NLP,20804366,P4,0.3
Mistral-7B-Instruct-v0.3,EBM-NLP,24515505,P2,0.2285714285714286
Mistral-7B-Instruct-v0.3,EBM-NLP,9730996,P3,0.1818181818181818
Mistral-7B-Instruct-v0.3,EBM-NLP,22956006,P1,0.2424242424242424
Mistral-7B-Instruct-v0.3,EBM-NLP,25369243,P4,0.2608695652173913
Mistral-7B-Instruct-v0.3,EBM-NLP,21106663,P3,0.3333333333333333
Mistral-7B-Instruct-v0.3,EBM-NLP,18958161,P4,0.0
Mistral-7B-Instruct-v0.3,EBM-NLP,23392542,P1,0.3333333333333333
Mistral-7B-Instruct-v0.3,EBM-NLP,7707420,P1,0.3157894736842105
Mistral-7B-Instruct-v0.3,EBM-NLP,11317090,P2,0.125
Mistral-7B-Instruct-v0.3,EBM-NLP,22881991,P3,0.08
Mistral-7B-Instruct-v0.3,EBM-NLP,7853069,P4,0.2105263157894736
Mistral-7B-Instruct-v0.3,EBM-NLP,18845996,P1,0.1111111111111111
Mistral-7B-Instruct-v0.3,EBM-NLP,19376304,P3,0.0952380952380952
Mistral-7B-Instruct-v0.3,EBM-NLP,1963383,P3,0.3076923076923077
Mistral-7B-Instruct-v0.3,EBM-NLP,24075141,P4,0.1739130434782609
Mistral-7B-Instruct-v0.3,EBM-NLP,7831628,P4,0.0
Mistral-7B-Instruct-v0.3,EBM-NLP,8771302,P2,0.2068965517241379
Mistral-7B-Instruct-v0.3,EBM-NLP,8726604,P3,0.2162162162162162
Mistral-7B-Instruct-v0.3,EBM-NLP,22865017,P3,0.1212121212121212
Mistral-7B-Instruct-v0.3,EBM-NLP,25950425,P1,0.1860465116279069
Mistral-7B-Instruct-v0.3,EBM-NLP,23103798,P2,0.3571428571428571
Mistral-7B-Instruct-v0.3,EBM-NLP,3534803,P2,0.0
Mistral-7B-Instruct-v0.3,EBM-NLP,11454878,P1,0.2745098039215686
Mistral-7B-Instruct-v0.3,EBM-NLP,10764172,P3,0.3529411764705882
Mistral-7B-Instruct-v0.3,EBM-NLP,18544974,P3,0.1935483870967741
Mistral-7B-Instruct-v0.3,EBM-NLP,2908133,P3,0.3076923076923076
Mistral-7B-Instruct-v0.3,EBM-NLP,17616069,P4,0.0909090909090909
Mistral-7B-Instruct-v0.3,EBM-NLP,14763035,P2,0.2424242424242424
Mistral-7B-Instruct-v0.3,EBM-NLP,10390665,P4,0.32
Mistral-7B-Instruct-v0.3,EBM-NLP,16505427,P1,0.25
Mistral-7B-Instruct-v0.3,EBM-NLP,15133359,P3,0.2142857142857142
Mistral-7B-Instruct-v0.3,EBM-NLP,12595499,P1,0.375
Mistral-7B-Instruct-v0.3,EBM-NLP,11829043,P4,0.6086956521739131
Mistral-7B-Instruct-v0.3,EBM-NLP,24960665,P2,0.1764705882352941
Mistral-7B-Instruct-v0.3,EBM-NLP,25898782,P2,0.3243243243243243
Mistral-7B-Instruct-v0.3,EBM-NLP,24080592,P3,0.2962962962962963
Mistral-7B-Instruct-v0.3,EBM-NLP,24317958,P3,0.3448275862068966
Mistral-7B-Instruct-v0.3,EBM-NLP,22154769,P1,0.2631578947368421
Mistral-7B-Instruct-v0.3,EBM-NLP,18975051,P3,0.0
Mistral-7B-Instruct-v0.3,EBM-NLP,18189160,P1,0.2608695652173913
Mistral-7B-Instruct-v0.3,EBM-NLP,21170734,P4,0.2
Mistral-7B-Instruct-v0.3,EBM-NLP,22897461,P1,0.2272727272727272
Mistral-7B-Instruct-v0.3,SciERC,ECCV_2006_13_abs,P3,0.0
Mistral-7B-Instruct-v0.3,EBM-NLP,20943715,P1,0.4
Mistral-7B-Instruct-v0.3,EBM-NLP,3074300,P3,0.3448275862068966
Mistral-7B-Instruct-v0.3,EBM-NLP,11495215,P4,0.125
Mistral-7B-Instruct-v0.3,EBM-NLP,24726342,P2,0.1538461538461538
Mistral-7B-Instruct-v0.3,EBM-NLP,12576806,P2,0.2962962962962963
Mistral-7B-Instruct-v0.3,EBM-NLP,22646975,P4,0.3157894736842105
Mistral-7B-Instruct-v0.3,EBM-NLP,6418441,P4,0.4848484848484849
Mistral-7B-Instruct-v0.3,EBM-NLP,14739125,P2,0.6451612903225806
Mistral-7B-Instruct-v0.3,EBM-NLP,23356250,P3,0.3888888888888889
Mistral-7B-Instruct-v0.3,EBM-NLP,15858959,P3,0.1818181818181818
Mistral-7B-Instruct-v0.3,EBM-NLP,16295154,P4,0.3809523809523809
Mistral-7B-Instruct-v0.3,EBM-NLP,8519720,P1,0.0434782608695652
Mistral-7B-Instruct-v0.3,EBM-NLP,21669557,P2,0.3076923076923077
Mistral-7B-Instruct-v0.3,EBM-NLP,12139812,P4,0.375
Mistral-7B-Instruct-v0.3,EBM-NLP,2803397,P1,0.1951219512195122
Mistral-7B-Instruct-v0.3,SciERC,J86-3001,P2,0.375
Mistral-7B-Instruct-v0.3,EBM-NLP,10070173,P3,0.0
Mistral-7B-Instruct-v0.3,EBM-NLP,2678230,P5,0.5333333333333333
Mistral-7B-Instruct-v0.3,EBM-NLP,8911223,P3,0.358974358974359
Mistral-7B-Instruct-v0.3,EBM-NLP,26278470,P3,0.2222222222222222
Mistral-7B-Instruct-v0.3,EBM-NLP,8916620,P5,0.1428571428571428
Mistral-7B-Instruct-v0.3,EBM-NLP,15014018,P1,0.1764705882352941
Mistral-7B-Instruct-v0.3,EBM-NLP,22341427,P1,0.048780487804878
Mistral-7B-Instruct-v0.3,EBM-NLP,21491990,P2,0.2499999999999999
Mistral-7B-Instruct-v0.3,EBM-NLP,22435114,P4,0.4615384615384615
Mistral-7B-Instruct-v0.3,EBM-NLP,23114870,P1,0.5333333333333333
Mistral-7B-Instruct-v0.3,EBM-NLP,22420121,P4,0.3636363636363636
Mistral-7B-Instruct-v0.3,EBM-NLP,9573502,P1,0.2916666666666667
Mistral-7B-Instruct-v0.3,EBM-NLP,24989854,P2,0.1578947368421052
Mistral-7B-Instruct-v0.3,EBM-NLP,21718094,P3,0.2424242424242424
Mistral-7B-Instruct-v0.3,EBM-NLP,25784723,P3,0.1538461538461538
Mistral-7B-Instruct-v0.3,EBM-NLP,10912743,P2,0.2222222222222221
Mistral-7B-Instruct-v0.3,EBM-NLP,25479285,P2,0.2857142857142857
Mistral-7B-Instruct-v0.3,EBM-NLP,18077611,P1,0.2424242424242424
Mistral-7B-Instruct-v0.3,EBM-NLP,8989009,P3,0.1538461538461538
Mistral-7B-Instruct-v0.3,EBM-NLP,9695300,P4,0.24
Mistral-7B-Instruct-v0.3,EBM-NLP,10475150,P1,0.2666666666666666
Mistral-7B-Instruct-v0.3,EBM-NLP,21982657,P2,0.2068965517241379
Mistral-7B-Instruct-v0.3,EBM-NLP,16167234,P4,0.3076923076923077
Mistral-7B-Instruct-v0.3,EBM-NLP,1286547,P4,0.1666666666666666
Mistral-7B-Instruct-v0.3,EBM-NLP,21924760,P3,0.24
Mistral-7B-Instruct-v0.3,SciERC,ECCV_2016_212_abs,P3,0.0
Mistral-7B-Instruct-v0.3,EBM-NLP,21393467,P4,0.1818181818181818
Mistral-7B-Instruct-v0.3,EBM-NLP,11401641,P1,0.1951219512195122
Mistral-7B-Instruct-v0.3,EBM-NLP,9394106,P3,0.2222222222222222
Mistral-7B-Instruct-v0.3,EBM-NLP,12960652,P3,0.375
Mistral-7B-Instruct-v0.3,EBM-NLP,7808649,P3,0.1875
Mistral-7B-Instruct-v0.3,EBM-NLP,14679127,P1,0.0588235294117647
Mistral-7B-Instruct-v0.3,EBM-NLP,19301724,P2,0.1951219512195122
Mistral-7B-Instruct-v0.3,EBM-NLP,7814711,P3,0.1818181818181818
Mistral-7B-Instruct-v0.3,EBM-NLP,17897478,P3,0.4102564102564102
Mistral-7B-Instruct-v0.3,SciERC,W02-1602,P3,0.0
Mistral-7B-Instruct-v0.3,EBM-NLP,10589810,P3,0.32
Mistral-7B-Instruct-v0.3,EBM-NLP,4919024,P5,0.2
Mistral-7B-Instruct-v0.3,EBM-NLP,26210844,P3,0.1935483870967742
Mistral-7B-Instruct-v0.3,EBM-NLP,7598243,P3,0.1052631578947368
Mistral-7B-Instruct-v0.3,EBM-NLP,12586799,P2,0.2222222222222222
Mistral-7B-Instruct-v0.3,EBM-NLP,10578479,P4,0.2608695652173913
Mistral-7B-Instruct-v0.3,EBM-NLP,11737955,P3,0.16
Mistral-7B-Instruct-v0.3,EBM-NLP,19727232,P4,0.1379310344827586
Mistral-7B-Instruct-v0.3,EBM-NLP,24451919,P4,0.0869565217391304
Mistral-7B-Instruct-v0.3,EBM-NLP,3067745,P5,0.2105263157894736
Mistral-7B-Instruct-v0.3,EBM-NLP,22956006,P2,0.125
Mistral-7B-Instruct-v0.3,EBM-NLP,21914768,P5,0.4285714285714285
Mistral-7B-Instruct-v0.3,EBM-NLP,12709693,P1,0.1702127659574468
Mistral-7B-Instruct-v0.3,EBM-NLP,23392542,P2,0.2941176470588235
Mistral-7B-Instruct-v0.3,EBM-NLP,11381289,P5,0.1111111111111111
Mistral-7B-Instruct-v0.3,EBM-NLP,7707420,P2,0.1714285714285714
Mistral-7B-Instruct-v0.3,EBM-NLP,20226474,P3,0.1363636363636363
Mistral-7B-Instruct-v0.3,EBM-NLP,15848261,P4,0.1739130434782609
Mistral-7B-Instruct-v0.3,EBM-NLP,17321989,P4,0.2307692307692307
Mistral-7B-Instruct-v0.3,EBM-NLP,18845996,P2,0.0714285714285714
Mistral-7B-Instruct-v0.3,EBM-NLP,20560622,P4,0.0
Mistral-7B-Instruct-v0.3,EBM-NLP,21896676,P3,0.3
Mistral-7B-Instruct-v0.3,EBM-NLP,8913901,P3,0.4615384615384615
Mistral-7B-Instruct-v0.3,EBM-NLP,1669598,P4,0.24
Mistral-7B-Instruct-v0.3,EBM-NLP,10763172,P4,0.1333333333333333
Mistral-7B-Instruct-v0.3,EBM-NLP,25950425,P2,0.1904761904761904
Mistral-7B-Instruct-v0.3,EBM-NLP,7844976,P5,0.2352941176470588
Mistral-7B-Instruct-v0.3,EBM-NLP,8911222,P1,0.2553191489361702
Mistral-7B-Instruct-v0.3,EBM-NLP,6989377,P1,0.3529411764705882
Mistral-7B-Instruct-v0.3,EBM-NLP,11454878,P2,0.2790697674418604
Mistral-7B-Instruct-v0.3,EBM-NLP,24515505,P3,0.2285714285714286
Mistral-7B-Instruct-v0.3,EBM-NLP,23849147,P5,0.2
Mistral-7B-Instruct-v0.3,EBM-NLP,15358868,P5,0.2352941176470588
Mistral-7B-Instruct-v0.3,EBM-NLP,12595499,P2,0.3571428571428571
Mistral-7B-Instruct-v0.3,EBM-NLP,20147856,P4,0.1666666666666666
Mistral-7B-Instruct-v0.3,EBM-NLP,16505427,P2,0.25
Mistral-7B-Instruct-v0.3,EBM-NLP,11317090,P3,0.125
Mistral-7B-Instruct-v0.3,EBM-NLP,22154769,P2,0.125
Mistral-7B-Instruct-v0.3,EBM-NLP,18783504,P4,0.0606060606060606
Mistral-7B-Instruct-v0.3,EBM-NLP,18189160,P2,0.4081632653061224
Mistral-7B-Instruct-v0.3,EBM-NLP,384815,P5,0.25
Mistral-7B-Instruct-v0.3,EBM-NLP,8771302,P3,0.2222222222222222
Mistral-7B-Instruct-v0.3,EBM-NLP,22897461,P2,0.2
Mistral-7B-Instruct-v0.3,EBM-NLP,20943715,P2,0.4
Mistral-7B-Instruct-v0.3,EBM-NLP,9730996,P4,0.24
Mistral-7B-Instruct-v0.3,EBM-NLP,3534803,P3,0.0
Mistral-7B-Instruct-v0.3,EBM-NLP,23103798,P3,0.3571428571428571
Mistral-7B-Instruct-v0.3,EBM-NLP,21106663,P4,0.3157894736842105
Mistral-7B-Instruct-v0.3,EBM-NLP,6920252,P1,0.4651162790697674
Mistral-7B-Instruct-v0.3,EBM-NLP,19708562,P5,0.3157894736842105
Mistral-7B-Instruct-v0.3,EBM-NLP,14763035,P3,0.1818181818181818
Mistral-7B-Instruct-v0.3,EBM-NLP,19096921,P5,0.4444444444444445
Mistral-7B-Instruct-v0.3,EBM-NLP,22881991,P4,0.3870967741935484
Mistral-7B-Instruct-v0.3,EBM-NLP,22416755,P5,0.25
Mistral-7B-Instruct-v0.3,EBM-NLP,19376304,P4,0.3
Mistral-7B-Instruct-v0.3,EBM-NLP,8519720,P2,0.0434782608695652
Mistral-7B-Instruct-v0.3,EBM-NLP,24960665,P3,0.3888888888888889
Mistral-7B-Instruct-v0.3,EBM-NLP,1963383,P4,0.0869565217391304
Mistral-7B-Instruct-v0.3,EBM-NLP,2803397,P2,0.1379310344827586
Mistral-7B-Instruct-v0.3,EBM-NLP,25898782,P3,0.3157894736842105
Mistral-7B-Instruct-v0.3,EBM-NLP,6938020,P5,0.4545454545454545
Mistral-7B-Instruct-v0.3,EBM-NLP,22865017,P4,0.2222222222222222
Mistral-7B-Instruct-v0.3,EBM-NLP,8726604,P4,0.25
Mistral-7B-Instruct-v0.3,EBM-NLP,2908133,P4,0.1904761904761905
Mistral-7B-Instruct-v0.3,EBM-NLP,10764172,P4,0.074074074074074
Mistral-7B-Instruct-v0.3,EBM-NLP,18544974,P4,0.1818181818181818
Mistral-7B-Instruct-v0.3,EBM-NLP,24726342,P3,0.1538461538461538
Mistral-7B-Instruct-v0.3,EBM-NLP,14739125,P3,0.6060606060606061
Mistral-7B-Instruct-v0.3,EBM-NLP,12576806,P3,0.3571428571428571
Mistral-7B-Instruct-v0.3,EBM-NLP,15133359,P4,0.2222222222222222
Mistral-7B-Instruct-v0.3,EBM-NLP,22341427,P2,0.054054054054054
Mistral-7B-Instruct-v0.3,EBM-NLP,15014018,P2,0.2142857142857142
Mistral-7B-Instruct-v0.3,EBM-NLP,24803369,P5,0.0
Mistral-7B-Instruct-v0.3,EBM-NLP,24080592,P4,0.1666666666666666
Mistral-7B-Instruct-v0.3,EBM-NLP,24317958,P4,0.4615384615384615
Mistral-7B-Instruct-v0.3,EBM-NLP,18975051,P4,0.0
Mistral-7B-Instruct-v0.3,EBM-NLP,10934569,P5,0.32
Mistral-7B-Instruct-v0.3,EBM-NLP,23114870,P2,0.1764705882352941
Mistral-7B-Instruct-v0.3,EBM-NLP,21669557,P3,0.3076923076923077
Mistral-7B-Instruct-v0.3,EBM-NLP,6951573,P5,0.25
Mistral-7B-Instruct-v0.3,SciERC,J86-3001,P3,0.0
Mistral-7B-Instruct-v0.3,EBM-NLP,9573502,P2,0.2222222222222222
Mistral-7B-Instruct-v0.3,EBM-NLP,3074300,P4,0.3
Mistral-7B-Instruct-v0.3,EBM-NLP,22271197,P5,0.0
Mistral-7B-Instruct-v0.3,EBM-NLP,23356250,P4,0.2307692307692307
Mistral-7B-Instruct-v0.3,EBM-NLP,1968178,P5,0.3809523809523809
Mistral-7B-Instruct-v0.3,EBM-NLP,18077611,P2,0.2424242424242424
Mistral-7B-Instruct-v0.3,EBM-NLP,15858959,P4,0.1333333333333333
Mistral-7B-Instruct-v0.3,EBM-NLP,10475150,P2,0.2666666666666666
Mistral-7B-Instruct-v0.3,EBM-NLP,8779382,P5,0.2222222222222222
Mistral-7B-Instruct-v0.3,EBM-NLP,21491990,P3,0.1333333333333333
Mistral-7B-Instruct-v0.3,SciERC,P86-1011,P4,0.0
Mistral-7B-Instruct-v0.3,EBM-NLP,11401641,P2,0.1621621621621621
Mistral-7B-Instruct-v0.3,EBM-NLP,10070173,P4,0.0606060606060606
Mistral-7B-Instruct-v0.3,EBM-NLP,8911223,P4,0.125
Mistral-7B-Instruct-v0.3,EBM-NLP,19802506,P1,0.2857142857142857
Mistral-7B-Instruct-v0.3,EBM-NLP,24989854,P3,0.1578947368421052
Mistral-7B-Instruct-v0.3,EBM-NLP,10912743,P3,0.1428571428571428
Mistral-7B-Instruct-v0.3,EBM-NLP,26278470,P4,0.2580645161290322
Mistral-7B-Instruct-v0.3,EBM-NLP,14679127,P2,0.125
Mistral-7B-Instruct-v0.3,EBM-NLP,25479285,P3,0.1904761904761905
Mistral-7B-Instruct-v0.3,EBM-NLP,24660757,P5,0.1333333333333333
Mistral-7B-Instruct-v0.3,EBM-NLP,21975269,P1,0.2222222222222221
Mistral-7B-Instruct-v0.3,EBM-NLP,1780092,P5,0.3333333333333333
Mistral-7B-Instruct-v0.3,EBM-NLP,21982657,P3,0.2068965517241379
Mistral-7B-Instruct-v0.3,EBM-NLP,15854186,P5,0.56
Mistral-7B-Instruct-v0.3,EBM-NLP,11891832,P5,0.1
Mistral-7B-Instruct-v0.3,EBM-NLP,21718094,P4,0.24
Mistral-7B-Instruct-v0.3,EBM-NLP,25784723,P4,0.1538461538461538
Mistral-7B-Instruct-v0.3,EBM-NLP,12709693,P2,0.1538461538461538
Mistral-7B-Instruct-v0.3,SciERC,ECCV_2016_110_abs,P4,0.0
Mistral-7B-Instruct-v0.3,EBM-NLP,19301724,P3,0.2439024390243902
Mistral-7B-Instruct-v0.3,EBM-NLP,8989009,P4,0.125
Mistral-7B-Instruct-v0.3,EBM-NLP,24350813,P1,0.4313725490196078
Mistral-7B-Instruct-v0.3,SciERC,P06-3007,P4,0.5
Mistral-7B-Instruct-v0.3,EBM-NLP,25931290,P5,0.4761904761904762
Mistral-7B-Instruct-v0.3,EBM-NLP,12586799,P3,0.1666666666666666
Mistral-7B-Instruct-v0.3,EBM-NLP,21924760,P4,0.2857142857142857
Mistral-7B-Instruct-v0.3,EBM-NLP,8911222,P2,0.2727272727272727
Mistral-7B-Instruct-v0.3,EBM-NLP,6989377,P2,0.3529411764705882
Mistral-7B-Instruct-v0.3,EBM-NLP,9394106,P4,0.1481481481481481
Mistral-7B-Instruct-v0.3,SciERC,E95-1033,P4,0.1538461538461538
Mistral-7B-Instruct-v0.3,EBM-NLP,12960652,P4,0.2142857142857142
Mistral-7B-Instruct-v0.3,EBM-NLP,1131298,P5,0.3333333333333333
Mistral-7B-Instruct-v0.3,SciERC,C88-1044,P4,0.0
Mistral-7B-Instruct-v0.3,EBM-NLP,7808649,P4,0.1290322580645161
Mistral-7B-Instruct-v0.3,EBM-NLP,22956006,P3,0.1875
Mistral-7B-Instruct-v0.3,EBM-NLP,7814711,P4,0.1818181818181818
Mistral-7B-Instruct-v0.3,EBM-NLP,7707420,P3,0.1739130434782608
Mistral-7B-Instruct-v0.3,EBM-NLP,23392542,P3,0.2941176470588235
Mistral-7B-Instruct-v0.3,EBM-NLP,20509069,P5,0.2352941176470588
Mistral-7B-Instruct-v0.3,EBM-NLP,17897478,P4,0.3684210526315789
Mistral-7B-Instruct-v0.3,EBM-NLP,10589810,P4,0.16
Mistral-7B-Instruct-v0.3,EBM-NLP,7598243,P4,0.2162162162162162
Mistral-7B-Instruct-v0.3,EBM-NLP,9229602,P5,0.3529411764705882
Mistral-7B-Instruct-v0.3,EBM-NLP,18845996,P3,0.0714285714285714
Mistral-7B-Instruct-v0.3,EBM-NLP,26210844,P4,0.0
Mistral-7B-Instruct-v0.3,EBM-NLP,11737955,P4,0.4
Mistral-7B-Instruct-v0.3,EBM-NLP,11750293,P5,0.2105263157894737
Mistral-7B-Instruct-v0.3,EBM-NLP,18337284,P1,0.1025641025641025
Mistral-7B-Instruct-v0.3,EBM-NLP,25950425,P3,0.1860465116279069
Mistral-7B-Instruct-v0.3,EBM-NLP,20189026,P1,0.1333333333333333
Mistral-7B-Instruct-v0.3,EBM-NLP,20618920,P5,0.1666666666666666
Mistral-7B-Instruct-v0.3,EBM-NLP,6920252,P2,0.4
Mistral-7B-Instruct-v0.3,EBM-NLP,11454878,P3,0.3255813953488372
Mistral-7B-Instruct-v0.3,SciERC,E99-1015,P4,0.3076923076923077
Mistral-7B-Instruct-v0.3,EBM-NLP,16505427,P3,0.2857142857142857
Mistral-7B-Instruct-v0.3,EBM-NLP,23021296,P5,0.1739130434782609
Mistral-7B-Instruct-v0.3,EBM-NLP,20226474,P4,0.1578947368421052
Mistral-7B-Instruct-v0.3,EBM-NLP,12595499,P3,0.3571428571428571
Mistral-7B-Instruct-v0.3,EBM-NLP,23838728,P5,0.25
Mistral-7B-Instruct-v0.3,SciERC,P06-1018,P4,0.4347826086956521
Mistral-7B-Instruct-v0.3,EBM-NLP,8913901,P4,0.0
Mistral-7B-Instruct-v0.3,EBM-NLP,21896676,P4,0.0
Mistral-7B-Instruct-v0.3,EBM-NLP,18189160,P3,0.3043478260869565
Mistral-7B-Instruct-v0.3,EBM-NLP,22154769,P3,0.1818181818181818
Mistral-7B-Instruct-v0.3,EBM-NLP,11229858,P6,0.5
Mistral-7B-Instruct-v0.3,EBM-NLP,22897461,P3,0.2
Mistral-7B-Instruct-v0.3,EBM-NLP,24515505,P4,0.4324324324324324
Mistral-7B-Instruct-v0.3,EBM-NLP,20943715,P3,0.2162162162162162
Mistral-7B-Instruct-v0.3,SciERC,P05-2013,P4,0.25
Mistral-7B-Instruct-v0.3,SciERC,P06-1053,P4,0.5555555555555556
Mistral-7B-Instruct-v0.3,SciERC,P05-1039,P4,0.5263157894736842
Mistral-7B-Instruct-v0.3,EBM-NLP,2223363,P5,0.5882352941176471
Mistral-7B-Instruct-v0.3,EBM-NLP,18229990,P5,0.1666666666666666
Mistral-7B-Instruct-v0.3,EBM-NLP,7017018,P5,0.1333333333333333
Mistral-7B-Instruct-v0.3,EBM-NLP,11317090,P4,0.1875
Mistral-7B-Instruct-v0.3,SciERC,I05-5004,P4,0.4705882352941176
Mistral-7B-Instruct-v0.3,EBM-NLP,8519720,P3,0.0434782608695652
Mistral-7B-Instruct-v0.3,SciERC,C86-1081,P4,0.0
Mistral-7B-Instruct-v0.3,EBM-NLP,2803397,P3,0.1818181818181818
Mistral-7B-Instruct-v0.3,SciERC,P06-4007,P4,0.1428571428571428
Mistral-7B-Instruct-v0.3,EBM-NLP,8771302,P4,0.0
Mistral-7B-Instruct-v0.3,EBM-NLP,23103798,P4,0.1666666666666666
Mistral-7B-Instruct-v0.3,EBM-NLP,3534803,P4,0.1739130434782609
Mistral-7B-Instruct-v0.3,SciERC,P06-1013,P4,0.4210526315789474
Mistral-7B-Instruct-v0.3,EBM-NLP,3081600,P5,0.0689655172413793
Mistral-7B-Instruct-v0.3,EBM-NLP,22538329,P1,0.2222222222222221
Mistral-7B-Instruct-v0.3,EBM-NLP,14763035,P4,0.3888888888888889
Mistral-7B-Instruct-v0.3,EBM-NLP,7827398,P5,0.2222222222222222
Mistral-7B-Instruct-v0.3,EBM-NLP,22341427,P3,0.1428571428571428
Mistral-7B-Instruct-v0.3,EBM-NLP,24960665,P4,0.0
Mistral-7B-Instruct-v0.3,SciERC,P06-2012,P4,0.380952380952381
Mistral-7B-Instruct-v0.3,EBM-NLP,15014018,P3,0.2142857142857142
Mistral-7B-Instruct-v0.3,EBM-NLP,25898782,P4,0.3333333333333333
Mistral-7B-Instruct-v0.3,EBM-NLP,1459268,P5,0.25
Mistral-7B-Instruct-v0.3,EBM-NLP,23114870,P3,0.4390243902439024
Mistral-7B-Instruct-v0.3,EBM-NLP,9573502,P3,0.2222222222222222
Mistral-7B-Instruct-v0.3,EBM-NLP,19802506,P2,0.2857142857142857
Mistral-7B-Instruct-v0.3,SciERC,CVPR_2003_30_abs,P4,0.0
Mistral-7B-Instruct-v0.3,SciERC,E06-1022,P4,0.5454545454545455
Mistral-7B-Instruct-v0.3,EBM-NLP,24726342,P4,0.064516129032258
Mistral-7B-Instruct-v0.3,SciERC,P83-1004,P4,0.125
Mistral-7B-Instruct-v0.3,EBM-NLP,12576806,P4,0.1666666666666666
Mistral-7B-Instruct-v0.3,EBM-NLP,14739125,P4,0.1739130434782609
Mistral-7B-Instruct-v0.3,SciERC,CVPR_2004_18_abs,P4,0.4166666666666666
Mistral-7B-Instruct-v0.3,EBM-NLP,21975269,P2,0.1538461538461538
Mistral-7B-Instruct-v0.3,SciERC,C04-1011,P4,0.3749999999999999
Mistral-7B-Instruct-v0.3,EBM-NLP,18077611,P3,0.2424242424242424
Mistral-7B-Instruct-v0.3,EBM-NLP,18773733,P5,0.1111111111111111
Mistral-7B-Instruct-v0.3,SciERC,H05-1095,P4,0.5263157894736842
Mistral-7B-Instruct-v0.3,EBM-NLP,10475150,P3,0.2666666666666666
Mistral-7B-Instruct-v0.3,EBM-NLP,16427787,P5,0.1739130434782609
Mistral-7B-Instruct-v0.3,EBM-NLP,21669557,P4,0.08
Mistral-7B-Instruct-v0.3,EBM-NLP,11401641,P3,0.1621621621621621
Mistral-7B-Instruct-v0.3,SciERC,C08-2010,P4,0.1666666666666666
Mistral-7B-Instruct-v0.3,EBM-NLP,15193668,P5,0.2105263157894736
Mistral-7B-Instruct-v0.3,EBM-NLP,22744141,P5,0.2666666666666667
Mistral-7B-Instruct-v0.3,EBM-NLP,2224060,P5,0.3
Mistral-7B-Instruct-v0.3,EBM-NLP,14679127,P3,0.125
Mistral-7B-Instruct-v0.3,EBM-NLP,24350813,P2,0.4615384615384615
Mistral-7B-Instruct-v0.3,SciERC,C04-1128,P4,0.3636363636363636
Mistral-7B-Instruct-v0.3,SciERC,P03-1070,P4,0.7692307692307693
Mistral-7B-Instruct-v0.3,EBM-NLP,12477021,P5,0.2222222222222222
Mistral-7B-Instruct-v0.3,EBM-NLP,21491990,P4,0.0869565217391304
Mistral-7B-Instruct-v0.3,EBM-NLP,10752495,P5,0.1666666666666666
Mistral-7B-Instruct-v0.3,EBM-NLP,23549581,P1,0.1025641025641025
Mistral-7B-Instruct-v0.3,EBM-NLP,24989854,P4,0.1176470588235294
Mistral-7B-Instruct-v0.3,SciERC,CVPR_2011_10_abs,P4,0.0
Mistral-7B-Instruct-v0.3,EBM-NLP,12709693,P3,0.1538461538461538
Mistral-7B-Instruct-v0.3,EBM-NLP,10912743,P4,0.1538461538461538
Mistral-7B-Instruct-v0.3,EBM-NLP,19159999,P5,0.0
Mistral-7B-Instruct-v0.3,SciERC,NIPS_2016_80_abs,P4,0.0
Mistral-7B-Instruct-v0.3,EBM-NLP,25479285,P4,0.1904761904761905
Mistral-7B-Instruct-v0.3,SciERC,J82-3002,P4,0.3076923076923076
Mistral-7B-Instruct-v0.3,SciERC,N04-1022,P4,0.0
Mistral-7B-Instruct-v0.3,SciERC,C04-1036,P4,0.2857142857142857
Mistral-7B-Instruct-v0.3,SciERC,N06-1037,P4,0.4
Mistral-7B-Instruct-v0.3,EBM-NLP,17293018,P5,0.0833333333333333
Mistral-7B-Instruct-v0.3,EBM-NLP,16055807,P5,0.25
Mistral-7B-Instruct-v0.3,EBM-NLP,21982657,P4,0.1481481481481481
Mistral-7B-Instruct-v0.3,SciERC,CVPR_1999_15_abs,P4,0.5454545454545454
Mistral-7B-Instruct-v0.3,SciERC,C96-1062,P4,0.0
Mistral-7B-Instruct-v0.3,EBM-NLP,9481998,P5,0.3999999999999999
Mistral-7B-Instruct-v0.3,SciERC,INTERSPEECH_2007_40_abs,P4,0.380952380952381
Mistral-7B-Instruct-v0.3,EBM-NLP,18337284,P2,0.1025641025641025
Mistral-7B-Instruct-v0.3,EBM-NLP,6421395,P5,0.4375
Mistral-7B-Instruct-v0.3,SciERC,ICCV_2013_25_abs,P4,0.4242424242424242
Mistral-7B-Instruct-v0.3,EBM-NLP,8911222,P3,0.2553191489361702
Mistral-7B-Instruct-v0.3,EBM-NLP,20189026,P2,0.1379310344827586
Mistral-7B-Instruct-v0.3,EBM-NLP,6989377,P3,0.375
Mistral-7B-Instruct-v0.3,SciERC,C00-2123,P4,0.1176470588235294
Mistral-7B-Instruct-v0.3,SciERC,CVPR_2004_30_abs,P4,0.0
Mistral-7B-Instruct-v0.3,EBM-NLP,19301724,P4,0.1212121212121212
Mistral-7B-Instruct-v0.3,SciERC,C90-3063,P4,0.3157894736842105
Mistral-7B-Instruct-v0.3,SciERC,I05-4010,P4,0.1052631578947368
Mistral-7B-Instruct-v0.3,EBM-NLP,12586799,P4,0.2631578947368421
Mistral-7B-Instruct-v0.3,SciERC,P08-1105,P4,0.2727272727272727
Mistral-7B-Instruct-v0.3,SciERC,P01-1056,P4,0.4444444444444445
Mistral-7B-Instruct-v0.3,EBM-NLP,2188766,P5,0.0999999999999999
Mistral-7B-Instruct-v0.3,SciERC,NIPS_2002_18_abs,P4,0.2727272727272727
Mistral-7B-Instruct-v0.3,SciERC,ICML_1995_38_abs,P4,0.2962962962962963
Mistral-7B-Instruct-v0.3,EBM-NLP,22956006,P4,0.1875
Mistral-7B-Instruct-v0.3,EBM-NLP,6920252,P3,0.3809523809523809
Mistral-7B-Instruct-v0.3,EBM-NLP,23357440,P5,0.25
Mistral-7B-Instruct-v0.3,EBM-NLP,23392542,P4,0.125
Mistral-7B-Instruct-v0.3,SciERC,INTERSPEECH_2013_21_abs,P4,0.4516129032258064
Mistral-7B-Instruct-v0.3,EBM-NLP,3919804,P5,0.2
Mistral-7B-Instruct-v0.3,EBM-NLP,7707420,P4,0.1290322580645161
Mistral-7B-Instruct-v0.3,EBM-NLP,23417625,P5,0.3703703703703703
Mistral-7B-Instruct-v0.3,EBM-NLP,2066441,P5,0.4347826086956522
Mistral-7B-Instruct-v0.3,SciERC,CVPR_2009_18_abs,P4,0.4705882352941176
Mistral-7B-Instruct-v0.3,EBM-NLP,18845996,P4,0.0714285714285714
Mistral-7B-Instruct-v0.3,SciERC,NIPS_2001_11_abs,P4,0.5454545454545455
Mistral-7B-Instruct-v0.3,SciERC,A97-1020,P4,0.0714285714285714
Mistral-7B-Instruct-v0.3,EBM-NLP,18503531,P5,0.0999999999999999
Mistral-7B-Instruct-v0.3,EBM-NLP,11642083,P5,0.0769230769230769
Mistral-7B-Instruct-v0.3,EBM-NLP,25950425,P4,0.1951219512195122
Mistral-7B-Instruct-v0.3,EBM-NLP,2678230,P6,0.4615384615384615
Mistral-7B-Instruct-v0.3,EBM-NLP,9816035,P1,0.2352941176470588
Mistral-7B-Instruct-v0.3,EBM-NLP,25068497,P5,0.2
Mistral-7B-Instruct-v0.3,EBM-NLP,11454878,P4,0.1621621621621622
Mistral-7B-Instruct-v0.3,EBM-NLP,22538329,P2,0.3333333333333333
Mistral-7B-Instruct-v0.3,SciERC,ECCV_2012_30_abs,P4,0.3846153846153846
Mistral-7B-Instruct-v0.3,EBM-NLP,361799,P5,0.1111111111111111
Mistral-7B-Instruct-v0.3,SciERC,H01-1049,P4,0.2499999999999999
Mistral-7B-Instruct-v0.3,EBM-NLP,12595499,P4,0.1538461538461538
Mistral-7B-Instruct-v0.3,EBM-NLP,16505427,P4,0.1538461538461538
Mistral-7B-Instruct-v0.3,SciERC,C04-1106,P4,0.0
Mistral-7B-Instruct-v0.3,SciERC,ICCV_2003_161_abs,P4,0.3749999999999999
Mistral-7B-Instruct-v0.3,EBM-NLP,8916620,P6,0.1538461538461538
Mistral-7B-Instruct-v0.3,SciERC,N03-1033,P4,0.4444444444444444
Mistral-7B-Instruct-v0.3,SciERC,I05-5003,P4,0.3636363636363636
Mistral-7B-Instruct-v0.3,SciERC,C04-1035,P4,0.2307692307692307
Mistral-7B-Instruct-v0.3,EBM-NLP,22154769,P4,0.1999999999999999
Mistral-7B-Instruct-v0.3,EBM-NLP,18189160,P4,0.2173913043478261
Mistral-7B-Instruct-v0.3,SciERC,P85-1019,P4,0.2666666666666666
Mistral-7B-Instruct-v0.3,SciERC,NIPS_2002_11_abs,P4,0.3478260869565217
Mistral-7B-Instruct-v0.3,EBM-NLP,22897461,P4,0.1764705882352941
Mistral-7B-Instruct-v0.3,EBM-NLP,25885649,P1,0.2068965517241379
Mistral-7B-Instruct-v0.3,EBM-NLP,20943715,P4,0.1818181818181818
Mistral-7B-Instruct-v0.3,SciERC,E89-1016,P4,0.0
Mistral-7B-Instruct-v0.3,SciERC,C90-3045,P4,0.5
Mistral-7B-Instruct-v0.3,SciERC,ICCV_2001_47_abs,P4,0.4705882352941176
Mistral-7B-Instruct-v0.3,SciERC,P04-2005,P4,0.3448275862068966
Mistral-7B-Instruct-v0.3,EBM-NLP,2088233,P5,0.3157894736842105
Mistral-7B-Instruct-v0.3,SciERC,INTERSPEECH_2014_40_abs,P4,0.3448275862068966
Mistral-7B-Instruct-v0.3,SciERC,C04-1103,P4,0.4761904761904762
Mistral-7B-Instruct-v0.3,EBM-NLP,8519720,P4,0.1538461538461538
Mistral-7B-Instruct-v0.3,EBM-NLP,2803397,P4,0.0769230769230769
Mistral-7B-Instruct-v0.3,EBM-NLP,20804366,P5,0.2580645161290323
Mistral-7B-Instruct-v0.3,SciERC,ICASSP_2016_11_abs,P4,0.3846153846153846
Mistral-7B-Instruct-v0.3,EBM-NLP,19802506,P3,0.32
Mistral-7B-Instruct-v0.3,SciERC,J05-4003,P4,0.3703703703703704
Mistral-7B-Instruct-v0.3,SciERC,N03-1026,P4,0.2424242424242424
Mistral-7B-Instruct-v0.3,EBM-NLP,25369243,P5,0.2608695652173913
Mistral-7B-Instruct-v0.3,SciERC,ICML_2016_10_abs,P4,0.4516129032258064
Mistral-7B-Instruct-v0.3,EBM-NLP,18958161,P5,0.0
Mistral-7B-Instruct-v0.3,EBM-NLP,15014018,P4,0.1481481481481481
Mistral-7B-Instruct-v0.3,EBM-NLP,21975269,P3,0.1538461538461538
Mistral-7B-Instruct-v0.3,EBM-NLP,22341427,P4,0.1481481481481481
Mistral-7B-Instruct-v0.3,EBM-NLP,7853069,P5,0.3809523809523809
Mistral-7B-Instruct-v0.3,EBM-NLP,4919024,P6,0.1538461538461538
Mistral-7B-Instruct-v0.3,SciERC,P05-1076,P4,0.3333333333333333
Mistral-7B-Instruct-v0.3,EBM-NLP,23114870,P4,0.1764705882352941
Mistral-7B-Instruct-v0.3,EBM-NLP,25886492,P1,0.303030303030303
Mistral-7B-Instruct-v0.3,SciERC,CVPR_2008_258_abs,P4,0.0
Mistral-7B-Instruct-v0.3,EBM-NLP,23549581,P2,0.1025641025641025
Mistral-7B-Instruct-v0.3,EBM-NLP,7831628,P5,0.3
Mistral-7B-Instruct-v0.3,EBM-NLP,24075141,P5,0.2608695652173913
Mistral-7B-Instruct-v0.3,EBM-NLP,9573502,P4,0.0526315789473684
Mistral-7B-Instruct-v0.3,SciERC,INTERSPEECH_2006_21_abs,P4,0.0
Mistral-7B-Instruct-v0.3,EBM-NLP,3067745,P6,0.1176470588235294
Mistral-7B-Instruct-v0.3,EBM-NLP,21914768,P6,0.1739130434782609
Mistral-7B-Instruct-v0.3,SciERC,CVPR_2006_10_abs,P4,0.5
Mistral-7B-Instruct-v0.3,EBM-NLP,17616069,P5,0.0909090909090909
Mistral-7B-Instruct-v0.3,EBM-NLP,10390665,P5,0.074074074074074
Mistral-7B-Instruct-v0.3,EBM-NLP,11381289,P6,0.1111111111111111
Mistral-7B-Instruct-v0.3,EBM-NLP,24350813,P3,0.1714285714285714
Mistral-7B-Instruct-v0.3,EBM-NLP,18077611,P4,0.1764705882352941
Mistral-7B-Instruct-v0.3,EBM-NLP,11829043,P5,0.4761904761904762
Mistral-7B-Instruct-v0.3,EBM-NLP,10475150,P4,0.1463414634146341
Mistral-7B-Instruct-v0.3,SciERC,P05-1046,P4,0.7142857142857143
Mistral-7B-Instruct-v0.3,SciERC,CVPR_2016_413_abs,P4,0.4666666666666667
Mistral-7B-Instruct-v0.3,EBM-NLP,7844976,P6,0.2352941176470588
Mistral-7B-Instruct-v0.3,EBM-NLP,21170734,P5,0.3636363636363636
Mistral-7B-Instruct-v0.3,EBM-NLP,11401641,P4,0.2162162162162162
Mistral-7B-Instruct-v0.3,SciERC,CVPR_1993_10_abs,P4,0.3571428571428571
Mistral-7B-Instruct-v0.3,EBM-NLP,11495215,P5,0.0625
Mistral-7B-Instruct-v0.3,EBM-NLP,22646975,P5,0.2222222222222222
Mistral-7B-Instruct-v0.3,EBM-NLP,6418441,P5,0.0606060606060606
Mistral-7B-Instruct-v0.3,EBM-NLP,14679127,P4,0.1875
Mistral-7B-Instruct-v0.3,EBM-NLP,23849147,P6,0.3
Mistral-7B-Instruct-v0.3,EBM-NLP,15358868,P6,0.2352941176470588
Mistral-7B-Instruct-v0.3,SciERC,NIPS_2016_560_abs,P4,0.0
Mistral-7B-Instruct-v0.3,SciERC,INTERSPEECH_2008_20_abs,P4,0.2666666666666666
Mistral-7B-Instruct-v0.3,EBM-NLP,16295154,P5,0.2727272727272727
Mistral-7B-Instruct-v0.3,EBM-NLP,12139812,P5,0.4444444444444444
Mistral-7B-Instruct-v0.3,EBM-NLP,18337284,P3,0.1025641025641025
Mistral-7B-Instruct-v0.3,EBM-NLP,384815,P6,0.25
Mistral-7B-Instruct-v0.3,EBM-NLP,20189026,P3,0.1379310344827586
Mistral-7B-Instruct-v0.3,EBM-NLP,12709693,P4,0.1176470588235294
Mistral-7B-Instruct-v0.3,EBM-NLP,19708562,P6,0.5882352941176471
Mistral-7B-Instruct-v0.3,SciERC,ICML_2006_119_abs,P4,0.3703703703703704
Mistral-7B-Instruct-v0.3,EBM-NLP,22416755,P6,0.25
Mistral-7B-Instruct-v0.3,EBM-NLP,19096921,P6,0.4444444444444445
Mistral-7B-Instruct-v0.3,EBM-NLP,22435114,P5,0.3636363636363636
Mistral-7B-Instruct-v0.3,EBM-NLP,22420121,P5,0.2105263157894736
Mistral-7B-Instruct-v0.3,EBM-NLP,6938020,P6,0.4545454545454545
Mistral-7B-Instruct-v0.3,SciERC,NIPS_2015_18_abs,P4,0.3076923076923076
Mistral-7B-Instruct-v0.3,EBM-NLP,8911222,P4,0.1333333333333333
Mistral-7B-Instruct-v0.3,EBM-NLP,6989377,P4,0.1999999999999999
Mistral-7B-Instruct-v0.3,EBM-NLP,9816035,P2,0.1935483870967742
Mistral-7B-Instruct-v0.3,SciERC,CVPR_2010_30_abs,P4,0.2962962962962963
Mistral-7B-Instruct-v0.3,EBM-NLP,11099086,P1,0.1818181818181818
Mistral-7B-Instruct-v0.3,EBM-NLP,23985254,P1,0.1860465116279069
Mistral-7B-Instruct-v0.3,SciERC,CVPR_2011_11_abs,P4,0.1818181818181818
Mistral-7B-Instruct-v0.3,SciERC,E91-1012,P4,0.2666666666666666
Mistral-7B-Instruct-v0.3,EBM-NLP,9695300,P5,0.24
Mistral-7B-Instruct-v0.3,EBM-NLP,24803369,P6,0.3809523809523809
Mistral-7B-Instruct-v0.3,SciERC,J86-4002,P4,0.2857142857142857
Mistral-7B-Instruct-v0.3,EBM-NLP,10934569,P6,0.3157894736842105
Mistral-7B-Instruct-v0.3,EBM-NLP,25885649,P2,0.2142857142857142
Mistral-7B-Instruct-v0.3,EBM-NLP,16167234,P5,0.1666666666666666
Mistral-7B-Instruct-v0.3,EBM-NLP,1286547,P5,0.1666666666666666
Mistral-7B-Instruct-v0.3,SciERC,ICML_2016_18_abs,P4,0.3076923076923077
Mistral-7B-Instruct-v0.3,EBM-NLP,21393467,P5,0.0
Mistral-7B-Instruct-v0.3,EBM-NLP,6951573,P6,0.32
Mistral-7B-Instruct-v0.3,EBM-NLP,6920252,P4,0.2857142857142857
Mistral-7B-Instruct-v0.3,EBM-NLP,22538329,P3,0.3333333333333333
Mistral-7B-Instruct-v0.3,SciERC,P05-1056,P4,0.2580645161290322
Mistral-7B-Instruct-v0.3,EBM-NLP,22271197,P6,0.125
Mistral-7B-Instruct-v0.3,EBM-NLP,1968178,P6,0.3157894736842105
Mistral-7B-Instruct-v0.3,EBM-NLP,8779382,P6,0.1333333333333333
Mistral-7B-Instruct-v0.3,EBM-NLP,10578479,P5,0.08
Mistral-7B-Instruct-v0.3,EBM-NLP,19727232,P5,0.3125
Mistral-7B-Instruct-v0.3,EBM-NLP,24451919,P5,0.0869565217391304
Mistral-7B-Instruct-v0.3,SciERC,C94-1091,P4,0.2399999999999999
Mistral-7B-Instruct-v0.3,SciERC,E93-1066,P4,0.3846153846153846
Mistral-7B-Instruct-v0.3,EBM-NLP,15848261,P5,0.2499999999999999
Mistral-7B-Instruct-v0.3,SciERC,ICASSP_1997_706_abs,P4,0.4210526315789474
Mistral-7B-Instruct-v0.3,EBM-NLP,24660757,P6,0.1818181818181818
Mistral-7B-Instruct-v0.3,EBM-NLP,19108790,P1,0.1090909090909091
Mistral-7B-Instruct-v0.3,EBM-NLP,17321989,P5,0.08
Mistral-7B-Instruct-v0.3,EBM-NLP,25886492,P2,0.2380952380952381
Mistral-7B-Instruct-v0.3,EBM-NLP,1669598,P5,0.08
Mistral-7B-Instruct-v0.3,EBM-NLP,1780092,P6,0.3333333333333333
Mistral-7B-Instruct-v0.3,EBM-NLP,10763172,P5,0.0689655172413793
Mistral-7B-Instruct-v0.3,EBM-NLP,20560622,P5,0.5925925925925926
Mistral-7B-Instruct-v0.3,EBM-NLP,15854186,P6,0.3636363636363636
Mistral-7B-Instruct-v0.3,EBM-NLP,11891832,P6,0.2
Mistral-7B-Instruct-v0.3,SciERC,CVPR_2009_10_abs,P4,0.3
Mistral-7B-Instruct-v0.3,EBM-NLP,20147856,P5,0.1666666666666666
Mistral-7B-Instruct-v0.3,EBM-NLP,25931290,P6,0.3529411764705882
Mistral-7B-Instruct-v0.3,EBM-NLP,18783504,P5,0.358974358974359
Mistral-7B-Instruct-v0.3,EBM-NLP,23549581,P3,0.1025641025641025
Mistral-7B-Instruct-v0.3,EBM-NLP,19802506,P4,0.25
Mistral-7B-Instruct-v0.3,EBM-NLP,9730996,P5,0.24
Mistral-7B-Instruct-v0.3,EBM-NLP,1131298,P6,0.3333333333333333
Mistral-7B-Instruct-v0.3,EBM-NLP,21106663,P5,0.1176470588235294
Mistral-7B-Instruct-v0.3,EBM-NLP,10940525,P1,0.135593220338983
Mistral-7B-Instruct-v0.3,SciERC,ICML_2016_11_abs,P4,0.35
Mistral-7B-Instruct-v0.3,EBM-NLP,21975269,P4,0.1538461538461538
Mistral-7B-Instruct-v0.3,SciERC,CVPR_1994_10_abs,P4,0.0
Mistral-7B-Instruct-v0.3,EBM-NLP,22881991,P5,0.0833333333333333
Mistral-7B-Instruct-v0.3,EBM-NLP,20509069,P6,0.2222222222222222
Mistral-7B-Instruct-v0.3,EBM-NLP,1963383,P5,0.1081081081081081
Mistral-7B-Instruct-v0.3,EBM-NLP,19376304,P5,0.1818181818181818
Mistral-7B-Instruct-v0.3,EBM-NLP,9229602,P6,0.25
Mistral-7B-Instruct-v0.3,EBM-NLP,21211686,P1,0.4482758620689656
Mistral-7B-Instruct-v0.3,EBM-NLP,22865017,P5,0.1875
Mistral-7B-Instruct-v0.3,EBM-NLP,8726604,P5,0.25
Mistral-7B-Instruct-v0.3,EBM-NLP,11750293,P6,0.1111111111111111
Mistral-7B-Instruct-v0.3,EBM-NLP,20618920,P6,0.1666666666666666
Mistral-7B-Instruct-v0.3,EBM-NLP,18544974,P5,0.2564102564102564
Mistral-7B-Instruct-v0.3,EBM-NLP,10764172,P5,0.25
Mistral-7B-Instruct-v0.3,EBM-NLP,2908133,P5,0.0952380952380952
Mistral-7B-Instruct-v0.3,EBM-NLP,15133359,P5,0.0833333333333333
Mistral-7B-Instruct-v0.3,EBM-NLP,24350813,P4,0.1176470588235294
Mistral-7B-Instruct-v0.3,EBM-NLP,23838728,P6,0.125
Mistral-7B-Instruct-v0.3,EBM-NLP,23021296,P6,0.0909090909090909
Mistral-7B-Instruct-v0.3,EBM-NLP,21866656,P1,0.3428571428571428
Mistral-7B-Instruct-v0.3,EBM-NLP,24080592,P5,0.1666666666666666
Mistral-7B-Instruct-v0.3,EBM-NLP,18975051,P5,0.1333333333333333
Mistral-7B-Instruct-v0.3,EBM-NLP,24317958,P5,0.4444444444444444
Mistral-7B-Instruct-v0.3,SciERC,ECCV_2016_204_abs,P4,0.3404255319148936
Mistral-7B-Instruct-v0.3,EBM-NLP,23985254,P2,0.1395348837209302
Mistral-7B-Instruct-v0.3,EBM-NLP,3074300,P5,0.3
Mistral-7B-Instruct-v0.3,EBM-NLP,11099086,P2,0.125
Mistral-7B-Instruct-v0.3,SciERC,H01-1042,P4,0.24
Mistral-7B-Instruct-v0.3,EBM-NLP,2223363,P6,0.5882352941176471
Mistral-7B-Instruct-v0.3,EBM-NLP,23356250,P5,0.16
Mistral-7B-Instruct-v0.3,EBM-NLP,7017018,P6,0.1333333333333333
Mistral-7B-Instruct-v0.3,EBM-NLP,18229990,P6,0.1666666666666666
Mistral-7B-Instruct-v0.3,SciERC,ECCV_2016_99_abs,P4,0.4705882352941176
Mistral-7B-Instruct-v0.3,EBM-NLP,15858959,P5,0.1333333333333333
Mistral-7B-Instruct-v0.3,SciERC,CVPR_2008_256_abs,P4,0.5416666666666666
Mistral-7B-Instruct-v0.3,EBM-NLP,18337284,P4,0.15
Mistral-7B-Instruct-v0.3,EBM-NLP,10070173,P5,0.0606060606060606
Mistral-7B-Instruct-v0.3,EBM-NLP,20189026,P4,0.2068965517241379
Mistral-7B-Instruct-v0.3,EBM-NLP,8911223,P5,0.125
Mistral-7B-Instruct-v0.3,SciERC,ICCV_2013_47_abs,P4,0.3636363636363636
Mistral-7B-Instruct-v0.3,EBM-NLP,9816035,P3,0.1935483870967742
Mistral-7B-Instruct-v0.3,SciERC,ICCV_2003_151_abs,P4,0.0
Mistral-7B-Instruct-v0.3,EBM-NLP,3081600,P6,0.2068965517241379
Mistral-7B-Instruct-v0.3,EBM-NLP,26278470,P5,0.1999999999999999
Mistral-7B-Instruct-v0.3,EBM-NLP,7827398,P6,0.2222222222222222
Mistral-7B-Instruct-v0.3,EBM-NLP,1459268,P6,0.1333333333333333
Mistral-7B-Instruct-v0.3,SciERC,X96-1059,P4,0.3636363636363636
Mistral-7B-Instruct-v0.3,EBM-NLP,25885649,P3,0.2413793103448275
Mistral-7B-Instruct-v0.3,EBM-NLP,21718094,P5,0.08
Mistral-7B-Instruct-v0.3,EBM-NLP,25784723,P5,0.08
Mistral-7B-Instruct-v0.3,EBM-NLP,8989009,P5,0.064516129032258
Mistral-7B-Instruct-v0.3,EBM-NLP,19108790,P2,0.1034482758620689
Mistral-7B-Instruct-v0.3,EBM-NLP,18773733,P6,0.1111111111111111
Mistral-7B-Instruct-v0.3,EBM-NLP,16427787,P6,0.1739130434782609
Mistral-7B-Instruct-v0.3,EBM-NLP,21924760,P5,0.16
Mistral-7B-Instruct-v0.3,EBM-NLP,12960652,P5,0.2142857142857142
Mistral-7B-Instruct-v0.3,EBM-NLP,9394106,P5,0.1481481481481481
Mistral-7B-Instruct-v0.3,EBM-NLP,15193668,P6,0.2105263157894736
Mistral-7B-Instruct-v0.3,EBM-NLP,7808649,P5,0.1081081081081081
Mistral-7B-Instruct-v0.3,EBM-NLP,22538329,P4,0.1818181818181818
Mistral-7B-Instruct-v0.3,SciERC,INTERSPEECH_2008_28_abs,P4,0.0
Mistral-7B-Instruct-v0.3,EBM-NLP,2224060,P6,0.3
Mistral-7B-Instruct-v0.3,EBM-NLP,22744141,P6,0.2666666666666667
Mistral-7B-Instruct-v0.3,EBM-NLP,7814711,P5,0.1818181818181818
Mistral-7B-Instruct-v0.3,EBM-NLP,17897478,P5,0.1818181818181818
Mistral-7B-Instruct-v0.3,EBM-NLP,10589810,P5,0.1481481481481481
Mistral-7B-Instruct-v0.3,EBM-NLP,25886492,P3,0.074074074074074
Mistral-7B-Instruct-v0.3,EBM-NLP,26210844,P5,0.0
Mistral-7B-Instruct-v0.3,EBM-NLP,7598243,P5,0.1212121212121212
Mistral-7B-Instruct-v0.3,EBM-NLP,12477021,P6,0.1111111111111111
Mistral-7B-Instruct-v0.3,EBM-NLP,11737955,P5,0.4
Mistral-7B-Instruct-v0.3,EBM-NLP,10752495,P6,0.0833333333333333
Mistral-7B-Instruct-v0.3,EBM-NLP,10940525,P2,0.037037037037037
Mistral-7B-Instruct-v0.3,EBM-NLP,19159999,P6,0.2222222222222221
Mistral-7B-Instruct-v0.3,EBM-NLP,20226474,P5,0.2051282051282051
Mistral-7B-Instruct-v0.3,EBM-NLP,17293018,P6,0.0909090909090909
Mistral-7B-Instruct-v0.3,EBM-NLP,8913901,P5,0.1818181818181818
Mistral-7B-Instruct-v0.3,EBM-NLP,21211686,P2,0.3749999999999999
Mistral-7B-Instruct-v0.3,EBM-NLP,21896676,P5,0.1111111111111111
Mistral-7B-Instruct-v0.3,EBM-NLP,16055807,P6,0.25
Mistral-7B-Instruct-v0.3,EBM-NLP,9481998,P6,0.2105263157894736
Mistral-7B-Instruct-v0.3,EBM-NLP,24515505,P5,0.3157894736842105
Mistral-7B-Instruct-v0.3,EBM-NLP,6421395,P6,0.4375
Mistral-7B-Instruct-v0.3,SciERC,ECCV_2006_13_abs,P4,0.4255319148936171
Mistral-7B-Instruct-v0.3,EBM-NLP,21866656,P2,0.3243243243243243
Mistral-7B-Instruct-v0.3,EBM-NLP,11317090,P5,0.125
Mistral-7B-Instruct-v0.3,EBM-NLP,8771302,P5,0.1666666666666666
Mistral-7B-Instruct-v0.3,EBM-NLP,23549581,P4,0.1025641025641025
Mistral-7B-Instruct-v0.3,EBM-NLP,23103798,P5,0.1666666666666666
Mistral-7B-Instruct-v0.3,EBM-NLP,3534803,P5,0.1999999999999999
Mistral-7B-Instruct-v0.3,EBM-NLP,2188766,P6,0.3333333333333333
Mistral-7B-Instruct-v0.3,EBM-NLP,23357440,P6,0.25
Mistral-7B-Instruct-v0.3,EBM-NLP,14763035,P5,0.4117647058823529
Mistral-7B-Instruct-v0.3,EBM-NLP,3919804,P6,0.2
Mistral-7B-Instruct-v0.3,EBM-NLP,24960665,P5,0.0
Mistral-7B-Instruct-v0.3,EBM-NLP,2066441,P6,0.3478260869565218
Mistral-7B-Instruct-v0.3,EBM-NLP,23417625,P6,0.2962962962962963
Mistral-7B-Instruct-v0.3,EBM-NLP,20739054,P1,0.1886792452830188
Mistral-7B-Instruct-v0.3,EBM-NLP,25898782,P5,0.0769230769230769
Mistral-7B-Instruct-v0.3,EBM-NLP,11642083,P6,0.1538461538461538
Mistral-7B-Instruct-v0.3,EBM-NLP,18503531,P6,0.0999999999999999
Mistral-7B-Instruct-v0.3,EBM-NLP,24726342,P5,0.1290322580645161
Mistral-7B-Instruct-v0.3,EBM-NLP,25068497,P6,0.2
Mistral-7B-Instruct-v0.3,EBM-NLP,23985254,P3,0.1904761904761905
Mistral-7B-Instruct-v0.3,EBM-NLP,11099086,P3,0.1764705882352941
Mistral-7B-Instruct-v0.3,EBM-NLP,12576806,P5,0.0869565217391304
Mistral-7B-Instruct-v0.3,EBM-NLP,14739125,P5,0.1739130434782609
Mistral-7B-Instruct-v0.3,EBM-NLP,361799,P6,0.1111111111111111
Mistral-7B-Instruct-v0.3,EBM-NLP,21669557,P5,0.0833333333333333
Mistral-7B-Instruct-v0.3,EBM-NLP,2088233,P6,0.3157894736842105
Mistral-7B-Instruct-v0.3,SciERC,ECCV_2016_212_abs,P4,0.0
Mistral-7B-Instruct-v0.3,EBM-NLP,21491990,P5,0.0869565217391304
Mistral-7B-Instruct-v0.3,EBM-NLP,20804366,P6,0.2580645161290323
Mistral-7B-Instruct-v0.3,EBM-NLP,9816035,P4,0.1379310344827586
Mistral-7B-Instruct-v0.3,EBM-NLP,24989854,P5,0.2285714285714286
Mistral-7B-Instruct-v0.3,SciERC,W02-1602,P4,0.3
Mistral-7B-Instruct-v0.3,EBM-NLP,10912743,P5,0.1538461538461538
Mistral-7B-Instruct-v0.3,EBM-NLP,25479285,P5,0.1999999999999999
Mistral-7B-Instruct-v0.3,EBM-NLP,25369243,P6,0.2608695652173913
Mistral-7B-Instruct-v0.3,EBM-NLP,18958161,P6,0.0
Mistral-7B-Instruct-v0.3,EBM-NLP,7853069,P6,0.1176470588235294
Mistral-7B-Instruct-v0.3,EBM-NLP,19108790,P3,0.1090909090909091
Mistral-7B-Instruct-v0.3,EBM-NLP,21982657,P5,0.1481481481481481
Mistral-7B-Instruct-v0.3,EBM-NLP,7831628,P6,0.1904761904761904
Mistral-7B-Instruct-v0.3,EBM-NLP,25885649,P4,0.0784313725490196
Mistral-7B-Instruct-v0.3,EBM-NLP,24075141,P6,0.2608695652173913
Mistral-7B-Instruct-v0.3,EBM-NLP,17616069,P6,0.1904761904761905
Mistral-7B-Instruct-v0.3,EBM-NLP,10390665,P6,0.074074074074074
Mistral-7B-Instruct-v0.3,EBM-NLP,19301724,P5,0.1818181818181818
Mistral-7B-Instruct-v0.3,EBM-NLP,21029638,P1,0.1290322580645161
Mistral-7B-Instruct-v0.3,EBM-NLP,11829043,P6,0.4761904761904762
Mistral-7B-Instruct-v0.3,EBM-NLP,12586799,P5,0.1142857142857142
Mistral-7B-Instruct-v0.3,EBM-NLP,21170734,P6,0.1052631578947368
Mistral-7B-Instruct-v0.3,EBM-NLP,22956006,P5,0.1875
Mistral-7B-Instruct-v0.3,EBM-NLP,11495215,P6,0.0625
Mistral-7B-Instruct-v0.3,EBM-NLP,6418441,P6,0.0606060606060606
Mistral-7B-Instruct-v0.3,EBM-NLP,22646975,P6,0.1111111111111111
Mistral-7B-Instruct-v0.3,EBM-NLP,10940525,P3,0.037037037037037
Mistral-7B-Instruct-v0.3,EBM-NLP,23392542,P5,0.2285714285714286
Mistral-7B-Instruct-v0.3,EBM-NLP,7707420,P5,0.25
Mistral-7B-Instruct-v0.3,EBM-NLP,25886492,P4,0.074074074074074
Mistral-7B-Instruct-v0.3,EBM-NLP,18845996,P5,0.0714285714285714
Mistral-7B-Instruct-v0.3,EBM-NLP,16295154,P6,0.3157894736842105
Mistral-7B-Instruct-v0.3,EBM-NLP,21211686,P3,0.3859649122807017
Mistral-7B-Instruct-v0.3,EBM-NLP,12139812,P6,0.1052631578947368
Mistral-7B-Instruct-v0.3,EBM-NLP,25950425,P5,0.1951219512195122
Mistral-7B-Instruct-v0.3,EBM-NLP,11454878,P5,0.1621621621621622
Mistral-7B-Instruct-v0.3,EBM-NLP,12595499,P5,0.2222222222222221
Mistral-7B-Instruct-v0.3,EBM-NLP,16505427,P5,0.1333333333333333
Mistral-7B-Instruct-v0.3,EBM-NLP,21866656,P3,0.3428571428571428
Mistral-7B-Instruct-v0.3,EBM-NLP,20739054,P2,0.1538461538461538
Mistral-7B-Instruct-v0.3,EBM-NLP,22154769,P5,0.0689655172413793
Mistral-7B-Instruct-v0.3,EBM-NLP,22435114,P6,0.3636363636363636
Mistral-7B-Instruct-v0.3,EBM-NLP,18189160,P5,0.2272727272727272
Mistral-7B-Instruct-v0.3,EBM-NLP,22897461,P5,0.1818181818181818
Mistral-7B-Instruct-v0.3,EBM-NLP,22420121,P6,0.2105263157894736
Mistral-7B-Instruct-v0.3,EBM-NLP,20943715,P5,0.125
Mistral-7B-Instruct-v0.3,SciERC,J86-3001,P4,0.2978723404255319
Mistral-7B-Instruct-v0.3,EBM-NLP,8519720,P5,0.1538461538461538
Mistral-7B-Instruct-v0.3,EBM-NLP,9695300,P6,0.24
Mistral-7B-Instruct-v0.3,EBM-NLP,2803397,P5,0.0625
Mistral-7B-Instruct-v0.3,EBM-NLP,1286547,P6,0.1666666666666666
Mistral-7B-Instruct-v0.3,EBM-NLP,16167234,P6,0.1666666666666666
Mistral-7B-Instruct-v0.3,EBM-NLP,21393467,P6,0.0
Mistral-7B-Instruct-v0.3,EBM-NLP,22341427,P5,0.1428571428571428
Mistral-7B-Instruct-v0.3,EBM-NLP,15014018,P5,0.0769230769230769
Mistral-7B-Instruct-v0.3,EBM-NLP,23114870,P5,0.0606060606060606
Mistral-7B-Instruct-v0.3,EBM-NLP,10578479,P6,0.32
Mistral-7B-Instruct-v0.3,EBM-NLP,19727232,P6,0.1481481481481481
Mistral-7B-Instruct-v0.3,EBM-NLP,9573502,P5,0.0526315789473684
Mistral-7B-Instruct-v0.3,EBM-NLP,11099086,P4,0.1875
Mistral-7B-Instruct-v0.3,EBM-NLP,23985254,P4,0.097560975609756
Mistral-7B-Instruct-v0.3,EBM-NLP,24451919,P6,0.2222222222222221
Mistral-7B-Instruct-v0.3,EBM-NLP,18077611,P5,0.1212121212121212
Mistral-7B-Instruct-v0.3,EBM-NLP,15848261,P6,0.0909090909090909
Mistral-7B-Instruct-v0.3,EBM-NLP,10475150,P5,0.1463414634146341
Mistral-7B-Instruct-v0.3,EBM-NLP,17321989,P6,0.08
Mistral-7B-Instruct-v0.3,EBM-NLP,1669598,P6,0.08
Mistral-7B-Instruct-v0.3,EBM-NLP,20560622,P6,0.2857142857142857
Mistral-7B-Instruct-v0.3,EBM-NLP,10763172,P6,0.0689655172413793
Mistral-7B-Instruct-v0.3,EBM-NLP,11401641,P5,0.1666666666666666
Mistral-7B-Instruct-v0.3,EBM-NLP,14679127,P5,0.064516129032258
Mistral-7B-Instruct-v0.3,EBM-NLP,21029638,P2,0.1379310344827586
Mistral-7B-Instruct-v0.3,EBM-NLP,20147856,P6,0.1666666666666666
Mistral-7B-Instruct-v0.3,EBM-NLP,18783504,P6,0.3157894736842105
Mistral-7B-Instruct-v0.3,EBM-NLP,9730996,P6,0.1666666666666666
Mistral-7B-Instruct-v0.3,EBM-NLP,12709693,P5,0.2777777777777778
Mistral-7B-Instruct-v0.3,EBM-NLP,21106663,P6,0.1176470588235294
Mistral-7B-Instruct-v0.3,EBM-NLP,22881991,P6,0.1666666666666666
Mistral-7B-Instruct-v0.3,EBM-NLP,19108790,P4,0.074074074074074
Mistral-7B-Instruct-v0.3,EBM-NLP,19376304,P6,0.380952380952381
Mistral-7B-Instruct-v0.3,EBM-NLP,1963383,P6,0.1052631578947368
Mistral-7B-Instruct-v0.3,EBM-NLP,8911222,P5,0.1333333333333333
Mistral-7B-Instruct-v0.3,EBM-NLP,22865017,P6,0.2222222222222222
Mistral-7B-Instruct-v0.3,EBM-NLP,6989377,P5,0.1999999999999999
Mistral-7B-Instruct-v0.3,EBM-NLP,8726604,P6,0.25
Mistral-7B-Instruct-v0.3,EBM-NLP,10764172,P6,0.25
Mistral-7B-Instruct-v0.3,EBM-NLP,18544974,P6,0.1818181818181818
Mistral-7B-Instruct-v0.3,EBM-NLP,2908133,P6,0.1904761904761905
Mistral-7B-Instruct-v0.3,EBM-NLP,15133359,P6,0.1212121212121212
Mistral-7B-Instruct-v0.3,EBM-NLP,24080592,P6,0.1666666666666666
Mistral-7B-Instruct-v0.3,EBM-NLP,18975051,P6,0.0
Mistral-7B-Instruct-v0.3,EBM-NLP,24317958,P6,0.4444444444444444
Mistral-7B-Instruct-v0.3,EBM-NLP,3074300,P6,0.2
Mistral-7B-Instruct-v0.3,EBM-NLP,6920252,P5,0.4186046511627907
Mistral-7B-Instruct-v0.3,EBM-NLP,10940525,P4,0.1052631578947368
Mistral-7B-Instruct-v0.3,EBM-NLP,23356250,P6,0.2307692307692307
Mistral-7B-Instruct-v0.3,EBM-NLP,20739054,P3,0.0888888888888888
Mistral-7B-Instruct-v0.3,EBM-NLP,15858959,P6,0.1333333333333333
Mistral-7B-Instruct-v0.3,EBM-NLP,21211686,P4,0.1276595744680851
Mistral-7B-Instruct-v0.3,EBM-NLP,10070173,P6,0.0606060606060606
Mistral-7B-Instruct-v0.3,EBM-NLP,8911223,P6,0.125
Mistral-7B-Instruct-v0.3,EBM-NLP,26278470,P6,0.1999999999999999
Mistral-7B-Instruct-v0.3,EBM-NLP,21866656,P4,0.3783783783783784
Mistral-7B-Instruct-v0.3,EBM-NLP,21718094,P6,0.16
Mistral-7B-Instruct-v0.3,EBM-NLP,25784723,P6,0.2307692307692307
Mistral-7B-Instruct-v0.3,EBM-NLP,8989009,P6,0.0625
Mistral-7B-Instruct-v0.3,EBM-NLP,21924760,P6,0.16
Mistral-7B-Instruct-v0.3,EBM-NLP,19802506,P5,0.1333333333333333
Mistral-7B-Instruct-v0.3,EBM-NLP,12960652,P6,0.2142857142857142
Mistral-7B-Instruct-v0.3,EBM-NLP,9394106,P6,0.1481481481481481
Mistral-7B-Instruct-v0.3,EBM-NLP,7808649,P6,0.0714285714285714
Mistral-7B-Instruct-v0.3,EBM-NLP,7814711,P6,0.1818181818181818
Mistral-7B-Instruct-v0.3,EBM-NLP,21975269,P5,0.24
Mistral-7B-Instruct-v0.3,EBM-NLP,17897478,P6,0.1818181818181818
Mistral-7B-Instruct-v0.3,EBM-NLP,10589810,P6,0.1538461538461538
Mistral-7B-Instruct-v0.3,EBM-NLP,7598243,P6,0.1212121212121212
Mistral-7B-Instruct-v0.3,EBM-NLP,26210844,P6,0.0
Mistral-7B-Instruct-v0.3,EBM-NLP,11737955,P6,0.3846153846153846
Mistral-7B-Instruct-v0.3,EBM-NLP,24350813,P5,0.1176470588235294
Mistral-7B-Instruct-v0.3,EBM-NLP,21029638,P3,0.1538461538461538
Mistral-7B-Instruct-v0.3,EBM-NLP,20226474,P6,0.1578947368421052
Mistral-7B-Instruct-v0.3,EBM-NLP,21896676,P6,0.1111111111111111
Mistral-7B-Instruct-v0.3,EBM-NLP,8913901,P6,0.1818181818181818
Mistral-7B-Instruct-v0.3,EBM-NLP,24515505,P6,0.1818181818181818
Mistral-7B-Instruct-v0.3,EBM-NLP,11317090,P6,0.125
Mistral-7B-Instruct-v0.3,EBM-NLP,8771302,P6,0.0909090909090909
Mistral-7B-Instruct-v0.3,EBM-NLP,18337284,P5,0.0526315789473684
Mistral-7B-Instruct-v0.3,EBM-NLP,20189026,P5,0.2068965517241379
Mistral-7B-Instruct-v0.3,EBM-NLP,3534803,P6,0.24
Mistral-7B-Instruct-v0.3,EBM-NLP,23103798,P6,0.1666666666666666
Mistral-7B-Instruct-v0.3,EBM-NLP,14763035,P6,0.3999999999999999
Mistral-7B-Instruct-v0.3,EBM-NLP,24960665,P6,0.0
Mistral-7B-Instruct-v0.3,EBM-NLP,25898782,P6,0.0769230769230769
Mistral-7B-Instruct-v0.3,EBM-NLP,24726342,P6,0.1290322580645161
Mistral-7B-Instruct-v0.3,EBM-NLP,14739125,P6,0.0909090909090909
Mistral-7B-Instruct-v0.3,EBM-NLP,12576806,P6,0.0869565217391304
Mistral-7B-Instruct-v0.3,EBM-NLP,21669557,P6,0.08
Mistral-7B-Instruct-v0.3,EBM-NLP,22538329,P5,0.1818181818181818
Mistral-7B-Instruct-v0.3,EBM-NLP,20739054,P4,0.0888888888888888
Mistral-7B-Instruct-v0.3,EBM-NLP,21491990,P6,0.0869565217391304
Mistral-7B-Instruct-v0.3,EBM-NLP,24989854,P6,0.2285714285714286
Mistral-7B-Instruct-v0.3,EBM-NLP,10912743,P6,0.1538461538461538
Mistral-7B-Instruct-v0.3,EBM-NLP,25479285,P6,0.1818181818181818
Mistral-7B-Instruct-v0.3,EBM-NLP,21982657,P6,0.1481481481481481
Mistral-7B-Instruct-v0.3,EBM-NLP,19301724,P6,0.1818181818181818
Mistral-7B-Instruct-v0.3,EBM-NLP,12586799,P6,0.1142857142857142
Mistral-7B-Instruct-v0.3,EBM-NLP,23549581,P5,0.1025641025641025
Mistral-7B-Instruct-v0.3,EBM-NLP,22956006,P6,0.1875
Mistral-7B-Instruct-v0.3,EBM-NLP,7707420,P6,0.0666666666666666
Mistral-7B-Instruct-v0.3,EBM-NLP,23392542,P6,0.1818181818181818
Mistral-7B-Instruct-v0.3,EBM-NLP,18845996,P6,0.0714285714285714
Mistral-7B-Instruct-v0.3,EBM-NLP,25950425,P6,0.1666666666666666
Mistral-7B-Instruct-v0.3,EBM-NLP,11454878,P6,0.2105263157894736
Mistral-7B-Instruct-v0.3,EBM-NLP,16505427,P6,0.2051282051282051
Mistral-7B-Instruct-v0.3,EBM-NLP,21029638,P4,0.1538461538461538
Mistral-7B-Instruct-v0.3,EBM-NLP,12595499,P6,0.16
Mistral-7B-Instruct-v0.3,EBM-NLP,18189160,P6,0.1739130434782609
Mistral-7B-Instruct-v0.3,EBM-NLP,22154769,P6,0.1379310344827586
Mistral-7B-Instruct-v0.3,EBM-NLP,22897461,P6,0.2
Mistral-7B-Instruct-v0.3,EBM-NLP,20943715,P6,0.3243243243243243
Mistral-7B-Instruct-v0.3,EBM-NLP,8519720,P6,0.1538461538461538
Mistral-7B-Instruct-v0.3,EBM-NLP,2803397,P6,0.0
Mistral-7B-Instruct-v0.3,EBM-NLP,9816035,P5,0.0714285714285714
Mistral-7B-Instruct-v0.3,EBM-NLP,22341427,P6,0.0769230769230769
Mistral-7B-Instruct-v0.3,EBM-NLP,15014018,P6,0.0769230769230769
Mistral-7B-Instruct-v0.3,EBM-NLP,23114870,P6,0.1212121212121212
Mistral-7B-Instruct-v0.3,EBM-NLP,25885649,P5,0.0769230769230769
Mistral-7B-Instruct-v0.3,EBM-NLP,9573502,P6,0.0526315789473684
Mistral-7B-Instruct-v0.3,EBM-NLP,18077611,P6,0.0666666666666666
Mistral-7B-Instruct-v0.3,EBM-NLP,10475150,P6,0.1463414634146341
Mistral-7B-Instruct-v0.3,EBM-NLP,11401641,P6,0.1666666666666666
Mistral-7B-Instruct-v0.3,EBM-NLP,14679127,P6,0.064516129032258
Mistral-7B-Instruct-v0.3,EBM-NLP,25886492,P5,0.074074074074074
Mistral-7B-Instruct-v0.3,EBM-NLP,12709693,P6,0.2777777777777778
Mistral-7B-Instruct-v0.3,EBM-NLP,8911222,P6,0.1333333333333333
Mistral-7B-Instruct-v0.3,EBM-NLP,6989377,P6,0.1999999999999999
Mistral-7B-Instruct-v0.3,EBM-NLP,6920252,P6,0.3809523809523809
Mistral-7B-Instruct-v0.3,EBM-NLP,23985254,P5,0.097560975609756
Mistral-7B-Instruct-v0.3,EBM-NLP,11099086,P5,0.1875
Mistral-7B-Instruct-v0.3,EBM-NLP,19802506,P6,0.1333333333333333
Mistral-7B-Instruct-v0.3,EBM-NLP,21975269,P6,0.24
Mistral-7B-Instruct-v0.3,EBM-NLP,19108790,P5,0.0769230769230769
Mistral-7B-Instruct-v0.3,EBM-NLP,24350813,P6,0.1176470588235294
Mistral-7B-Instruct-v0.3,EBM-NLP,10940525,P5,0.0784313725490196
Mistral-7B-Instruct-v0.3,EBM-NLP,21211686,P5,0.0851063829787234
Mistral-7B-Instruct-v0.3,EBM-NLP,18337284,P6,0.0526315789473684
Mistral-7B-Instruct-v0.3,EBM-NLP,20189026,P6,0.2068965517241379
Mistral-7B-Instruct-v0.3,EBM-NLP,21866656,P5,0.0666666666666666
Mistral-7B-Instruct-v0.3,EBM-NLP,22538329,P6,0.1818181818181818
Mistral-7B-Instruct-v0.3,EBM-NLP,23549581,P6,0.1538461538461538
Mistral-7B-Instruct-v0.3,EBM-NLP,20739054,P5,0.0909090909090909
Mistral-7B-Instruct-v0.3,EBM-NLP,9816035,P6,0.2580645161290322
Mistral-7B-Instruct-v0.3,EBM-NLP,25885649,P6,0.1176470588235294
Mistral-7B-Instruct-v0.3,SciERC,P86-1011,P5,0.0
Mistral-7B-Instruct-v0.3,EBM-NLP,25886492,P6,0.074074074074074
Mistral-7B-Instruct-v0.3,SciERC,ECCV_2016_110_abs,P5,0.5
Mistral-7B-Instruct-v0.3,SciERC,P06-3007,P5,0.4615384615384615
Mistral-7B-Instruct-v0.3,SciERC,E95-1033,P5,0.3999999999999999
Mistral-7B-Instruct-v0.3,SciERC,C88-1044,P5,0.7142857142857143
Mistral-7B-Instruct-v0.3,EBM-NLP,21029638,P5,0.08
Mistral-7B-Instruct-v0.3,SciERC,E99-1015,P5,0.3076923076923077
Mistral-7B-Instruct-v0.3,SciERC,P06-1018,P5,0.5333333333333333
Mistral-7B-Instruct-v0.3,SciERC,P06-1053,P5,0.4210526315789474
Mistral-7B-Instruct-v0.3,SciERC,P05-2013,P5,0.25
Mistral-7B-Instruct-v0.3,SciERC,P05-1039,P5,0.5555555555555556
Mistral-7B-Instruct-v0.3,SciERC,I05-5004,P5,0.6666666666666665
Mistral-7B-Instruct-v0.3,SciERC,P06-4007,P5,0.3076923076923076
Mistral-7B-Instruct-v0.3,EBM-NLP,11099086,P6,0.1875
Mistral-7B-Instruct-v0.3,SciERC,C86-1081,P5,0.4444444444444445
Mistral-7B-Instruct-v0.3,EBM-NLP,23985254,P6,0.097560975609756
Mistral-7B-Instruct-v0.3,SciERC,P06-1013,P5,0.631578947368421
Mistral-7B-Instruct-v0.3,SciERC,P06-2012,P5,0.380952380952381
Mistral-7B-Instruct-v0.3,SciERC,CVPR_2003_30_abs,P5,0.4
Mistral-7B-Instruct-v0.3,SciERC,E06-1022,P5,0.5833333333333334
Mistral-7B-Instruct-v0.3,SciERC,P83-1004,P5,0.2105263157894737
Mistral-7B-Instruct-v0.3,SciERC,CVPR_2004_18_abs,P5,0.5
Mistral-7B-Instruct-v0.3,SciERC,C04-1011,P5,0.3749999999999999
Mistral-7B-Instruct-v0.3,SciERC,H05-1095,P5,0.5
Mistral-7B-Instruct-v0.3,SciERC,C08-2010,P5,0.1904761904761905
Mistral-7B-Instruct-v0.3,EBM-NLP,19108790,P6,0.1851851851851852
Mistral-7B-Instruct-v0.3,SciERC,C04-1128,P5,0.3636363636363636
Mistral-7B-Instruct-v0.3,SciERC,P03-1070,P5,0.6923076923076923
Mistral-7B-Instruct-v0.3,SciERC,CVPR_2011_10_abs,P5,0.1428571428571428
Mistral-7B-Instruct-v0.3,SciERC,NIPS_2016_80_abs,P5,0.2727272727272727
Mistral-7B-Instruct-v0.3,SciERC,C04-1036,P5,0.2857142857142857
Mistral-7B-Instruct-v0.3,SciERC,J82-3002,P5,0.0
Mistral-7B-Instruct-v0.3,SciERC,N04-1022,P5,0.3846153846153846
Mistral-7B-Instruct-v0.3,SciERC,N06-1037,P5,0.4
Mistral-7B-Instruct-v0.3,SciERC,CVPR_1999_15_abs,P5,0.3809523809523809
Mistral-7B-Instruct-v0.3,SciERC,C96-1062,P5,0.5833333333333334
Mistral-7B-Instruct-v0.3,SciERC,INTERSPEECH_2007_40_abs,P5,0.2857142857142856
Mistral-7B-Instruct-v0.3,EBM-NLP,10940525,P6,0.0784313725490196
Mistral-7B-Instruct-v0.3,SciERC,ICCV_2013_25_abs,P5,0.303030303030303
Mistral-7B-Instruct-v0.3,SciERC,C00-2123,P5,0.2352941176470588
Mistral-7B-Instruct-v0.3,SciERC,CVPR_2004_30_abs,P5,0.2666666666666666
Mistral-7B-Instruct-v0.3,EBM-NLP,21211686,P6,0.0851063829787234
Mistral-7B-Instruct-v0.3,SciERC,C90-3063,P5,0.4444444444444444
Mistral-7B-Instruct-v0.3,SciERC,I05-4010,P5,0.125
Mistral-7B-Instruct-v0.3,SciERC,P08-1105,P5,0.3199999999999999
Mistral-7B-Instruct-v0.3,SciERC,P01-1056,P5,0.2857142857142857
Mistral-7B-Instruct-v0.3,SciERC,NIPS_2002_18_abs,P5,0.2608695652173913
Mistral-7B-Instruct-v0.3,SciERC,ICML_1995_38_abs,P5,0.1666666666666666
Mistral-7B-Instruct-v0.3,EBM-NLP,21866656,P6,0.0666666666666666
Mistral-7B-Instruct-v0.3,SciERC,INTERSPEECH_2013_21_abs,P5,0.4375
Mistral-7B-Instruct-v0.3,SciERC,CVPR_2009_18_abs,P5,0.5
Mistral-7B-Instruct-v0.3,SciERC,NIPS_2001_11_abs,P5,0.4571428571428571
Mistral-7B-Instruct-v0.3,SciERC,A97-1020,P5,0.4242424242424242
Mistral-7B-Instruct-v0.3,SciERC,ECCV_2012_30_abs,P5,0.3846153846153846
Mistral-7B-Instruct-v0.3,SciERC,H01-1049,P5,0.1666666666666666
Mistral-7B-Instruct-v0.3,SciERC,C04-1106,P5,0.1538461538461538
Mistral-7B-Instruct-v0.3,SciERC,I05-5003,P5,0.3225806451612903
Mistral-7B-Instruct-v0.3,SciERC,ICCV_2003_161_abs,P5,0.3749999999999999
Mistral-7B-Instruct-v0.3,SciERC,N03-1033,P5,0.4
Mistral-7B-Instruct-v0.3,SciERC,C04-1035,P5,0.2857142857142857
Mistral-7B-Instruct-v0.3,SciERC,P85-1019,P5,0.3225806451612903
Mistral-7B-Instruct-v0.3,SciERC,NIPS_2002_11_abs,P5,0.32
Mistral-7B-Instruct-v0.3,SciERC,E89-1016,P5,0.0
Mistral-7B-Instruct-v0.3,SciERC,C90-3045,P5,0.6153846153846153
Mistral-7B-Instruct-v0.3,SciERC,ICCV_2001_47_abs,P5,0.0
Mistral-7B-Instruct-v0.3,SciERC,P04-2005,P5,0.3870967741935483
Mistral-7B-Instruct-v0.3,SciERC,C04-1103,P5,0.4761904761904762
Mistral-7B-Instruct-v0.3,SciERC,INTERSPEECH_2014_40_abs,P5,0.3571428571428571
Mistral-7B-Instruct-v0.3,SciERC,ICASSP_2016_11_abs,P5,0.3076923076923077
Mistral-7B-Instruct-v0.3,SciERC,J05-4003,P5,0.32
Mistral-7B-Instruct-v0.3,SciERC,N03-1026,P5,0.5517241379310345
Mistral-7B-Instruct-v0.3,SciERC,ICML_2016_10_abs,P5,0.4705882352941176
Mistral-7B-Instruct-v0.3,SciERC,CVPR_2008_258_abs,P5,0.4285714285714285
Mistral-7B-Instruct-v0.3,SciERC,P05-1076,P5,0.0
Mistral-7B-Instruct-v0.3,SciERC,INTERSPEECH_2006_21_abs,P5,0.0
Mistral-7B-Instruct-v0.3,SciERC,CVPR_2006_10_abs,P5,0.5555555555555556
Mistral-7B-Instruct-v0.3,SciERC,P05-1046,P5,0.0
Mistral-7B-Instruct-v0.3,SciERC,CVPR_2016_413_abs,P5,0.6451612903225806
Mistral-7B-Instruct-v0.3,SciERC,CVPR_1993_10_abs,P5,0.3333333333333333
Mistral-7B-Instruct-v0.3,SciERC,NIPS_2016_560_abs,P5,0.0
Mistral-7B-Instruct-v0.3,SciERC,INTERSPEECH_2008_20_abs,P5,0.25
Mistral-7B-Instruct-v0.3,SciERC,ICML_2006_119_abs,P5,0.3703703703703704
Mistral-7B-Instruct-v0.3,SciERC,NIPS_2015_18_abs,P5,0.0
Mistral-7B-Instruct-v0.3,SciERC,CVPR_2010_30_abs,P5,0.3571428571428571
Mistral-7B-Instruct-v0.3,EBM-NLP,20739054,P6,0.0909090909090909
Mistral-7B-Instruct-v0.3,SciERC,E91-1012,P5,0.0
Mistral-7B-Instruct-v0.3,SciERC,CVPR_2011_11_abs,P5,0.0
Mistral-7B-Instruct-v0.3,SciERC,J86-4002,P5,0.2
Mistral-7B-Instruct-v0.3,SciERC,ICML_2016_18_abs,P5,0.3076923076923077
Mistral-7B-Instruct-v0.3,SciERC,P05-1056,P5,0.0
Mistral-7B-Instruct-v0.3,SciERC,P86-1011,P6,0.0
Mistral-7B-Instruct-v0.3,SciERC,C94-1091,P5,0.25
Mistral-7B-Instruct-v0.3,SciERC,E93-1066,P5,0.5333333333333333
Mistral-7B-Instruct-v0.3,SciERC,ICASSP_1997_706_abs,P5,0.3888888888888889
Mistral-7B-Instruct-v0.3,SciERC,CVPR_2009_10_abs,P5,0.4761904761904761
Mistral-7B-Instruct-v0.3,SciERC,ECCV_2016_110_abs,P6,0.5
Mistral-7B-Instruct-v0.3,SciERC,P06-3007,P6,0.3333333333333333
Mistral-7B-Instruct-v0.3,SciERC,E95-1033,P6,0.3999999999999999
Mistral-7B-Instruct-v0.3,SciERC,C88-1044,P6,0.5333333333333333
Mistral-7B-Instruct-v0.3,EBM-NLP,21029638,P6,0.08
Mistral-7B-Instruct-v0.3,SciERC,ICML_2016_11_abs,P5,0.2051282051282051
Mistral-7B-Instruct-v0.3,SciERC,CVPR_1994_10_abs,P5,0.2631578947368421
Mistral-7B-Instruct-v0.3,SciERC,E99-1015,P6,0.3333333333333333
Mistral-7B-Instruct-v0.3,SciERC,P06-1018,P6,0.5333333333333333
Mistral-7B-Instruct-v0.3,SciERC,ECCV_2016_204_abs,P5,0.4166666666666666
Mistral-7B-Instruct-v0.3,SciERC,P05-2013,P6,0.25
Mistral-7B-Instruct-v0.3,SciERC,P06-1053,P6,0.4210526315789474
Mistral-7B-Instruct-v0.3,SciERC,P05-1039,P6,0.5555555555555556
Mistral-7B-Instruct-v0.3,SciERC,H01-1042,P5,0.24
Mistral-7B-Instruct-v0.3,SciERC,ECCV_2016_99_abs,P5,0.6111111111111112
Mistral-7B-Instruct-v0.3,SciERC,I05-5004,P6,0.7999999999999999
Mistral-7B-Instruct-v0.3,SciERC,CVPR_2008_256_abs,P5,0.3913043478260869
Mistral-7B-Instruct-v0.3,SciERC,P06-4007,P6,0.2
Mistral-7B-Instruct-v0.3,SciERC,C86-1081,P6,0.25
Mistral-7B-Instruct-v0.3,SciERC,ICCV_2013_47_abs,P5,0.0
Mistral-7B-Instruct-v0.3,SciERC,ICCV_2003_151_abs,P5,0.4827586206896552
Mistral-7B-Instruct-v0.3,SciERC,P06-1013,P6,0.631578947368421
Mistral-7B-Instruct-v0.3,SciERC,P06-2012,P6,0.380952380952381
Mistral-7B-Instruct-v0.3,SciERC,X96-1059,P5,0.2631578947368421
Mistral-7B-Instruct-v0.3,SciERC,E06-1022,P6,0.5833333333333334
Mistral-7B-Instruct-v0.3,SciERC,CVPR_2003_30_abs,P6,0.32
Mistral-7B-Instruct-v0.3,SciERC,P83-1004,P6,0.2727272727272727
Mistral-7B-Instruct-v0.3,SciERC,CVPR_2004_18_abs,P6,0.5
Mistral-7B-Instruct-v0.3,SciERC,C04-1011,P6,0.4
Mistral-7B-Instruct-v0.3,SciERC,H05-1095,P6,0.5263157894736842
Mistral-7B-Instruct-v0.3,SciERC,C08-2010,P6,0.1904761904761905
Mistral-7B-Instruct-v0.3,SciERC,INTERSPEECH_2008_28_abs,P5,0.4761904761904762
Mistral-7B-Instruct-v0.3,SciERC,C04-1128,P6,0.3636363636363636
Mistral-7B-Instruct-v0.3,SciERC,P03-1070,P6,0.56
Mistral-7B-Instruct-v0.3,SciERC,CVPR_2011_10_abs,P6,0.1428571428571428
Mistral-7B-Instruct-v0.3,SciERC,NIPS_2016_80_abs,P6,0.0
Mistral-7B-Instruct-v0.3,SciERC,J82-3002,P6,0.0
Mistral-7B-Instruct-v0.3,SciERC,N04-1022,P6,0.4
Mistral-7B-Instruct-v0.3,SciERC,C04-1036,P6,0.4
Mistral-7B-Instruct-v0.3,SciERC,N06-1037,P6,0.4
Mistral-7B-Instruct-v0.3,SciERC,C96-1062,P6,0.3636363636363636
Mistral-7B-Instruct-v0.3,SciERC,CVPR_1999_15_abs,P6,0.2727272727272727
Mistral-7B-Instruct-v0.3,SciERC,INTERSPEECH_2007_40_abs,P6,0.3
Mistral-7B-Instruct-v0.3,SciERC,ICCV_2013_25_abs,P6,0.303030303030303
Mistral-7B-Instruct-v0.3,SciERC,C00-2123,P6,0.2352941176470588
Mistral-7B-Instruct-v0.3,SciERC,CVPR_2004_30_abs,P6,0.2666666666666666
Mistral-7B-Instruct-v0.3,SciERC,C90-3063,P6,0.4705882352941176
Mistral-7B-Instruct-v0.3,SciERC,ECCV_2006_13_abs,P5,0.2272727272727272
Mistral-7B-Instruct-v0.3,SciERC,I05-4010,P6,0.125
Mistral-7B-Instruct-v0.3,SciERC,P01-1056,P6,0.3846153846153846
Mistral-7B-Instruct-v0.3,SciERC,P08-1105,P6,0.1818181818181818
Mistral-7B-Instruct-v0.3,SciERC,ICML_1995_38_abs,P6,0.1666666666666666
Mistral-7B-Instruct-v0.3,SciERC,NIPS_2002_18_abs,P6,0.2608695652173913
Mistral-7B-Instruct-v0.3,SciERC,INTERSPEECH_2013_21_abs,P6,0.5161290322580645
Mistral-7B-Instruct-v0.3,SciERC,CVPR_2009_18_abs,P6,0.5
Mistral-7B-Instruct-v0.3,SciERC,NIPS_2001_11_abs,P6,0.3703703703703703
Mistral-7B-Instruct-v0.3,SciERC,A97-1020,P6,0.4242424242424242
Mistral-7B-Instruct-v0.3,SciERC,ECCV_2012_30_abs,P6,0.3846153846153846
Mistral-7B-Instruct-v0.3,SciERC,H01-1049,P6,0.1666666666666666
Mistral-7B-Instruct-v0.3,SciERC,C04-1106,P6,0.1538461538461538
Mistral-7B-Instruct-v0.3,SciERC,N03-1033,P6,0.4444444444444444
Mistral-7B-Instruct-v0.3,SciERC,I05-5003,P6,0.4666666666666667
Mistral-7B-Instruct-v0.3,SciERC,ICCV_2003_161_abs,P6,0.3749999999999999
Mistral-7B-Instruct-v0.3,SciERC,C04-1035,P6,0.2857142857142857
Mistral-7B-Instruct-v0.3,SciERC,P85-1019,P6,0.3448275862068965
Mistral-7B-Instruct-v0.3,SciERC,NIPS_2002_11_abs,P6,0.32
Mistral-7B-Instruct-v0.3,SciERC,E89-1016,P6,0.0
Mistral-7B-Instruct-v0.3,SciERC,C90-3045,P6,0.0
Mistral-7B-Instruct-v0.3,SciERC,P04-2005,P6,0.4285714285714285
Mistral-7B-Instruct-v0.3,SciERC,ICCV_2001_47_abs,P6,0.4444444444444444
Mistral-7B-Instruct-v0.3,SciERC,ECCV_2016_212_abs,P5,0.0
Mistral-7B-Instruct-v0.3,SciERC,INTERSPEECH_2014_40_abs,P6,0.3571428571428571
Mistral-7B-Instruct-v0.3,SciERC,C04-1103,P6,0.4761904761904762
Mistral-7B-Instruct-v0.3,SciERC,ICASSP_2016_11_abs,P6,0.2307692307692307
Mistral-7B-Instruct-v0.3,SciERC,W02-1602,P5,0.0
Mistral-7B-Instruct-v0.3,SciERC,J05-4003,P6,0.3076923076923076
Mistral-7B-Instruct-v0.3,SciERC,N03-1026,P6,0.5517241379310345
Mistral-7B-Instruct-v0.3,SciERC,ICML_2016_10_abs,P6,0.3870967741935484
Mistral-7B-Instruct-v0.3,SciERC,CVPR_2008_258_abs,P6,0.4444444444444445
Mistral-7B-Instruct-v0.3,SciERC,P05-1076,P6,0.4375
Mistral-7B-Instruct-v0.3,SciERC,INTERSPEECH_2006_21_abs,P6,0.24
Mistral-7B-Instruct-v0.3,SciERC,CVPR_2006_10_abs,P6,0.5555555555555556
Mistral-7B-Instruct-v0.3,SciERC,P05-1046,P6,0.6896551724137931
Mistral-7B-Instruct-v0.3,SciERC,CVPR_2016_413_abs,P6,0.6451612903225806
Mistral-7B-Instruct-v0.3,SciERC,CVPR_1993_10_abs,P6,0.2758620689655172
Mistral-7B-Instruct-v0.3,SciERC,NIPS_2016_560_abs,P6,0.0
Mistral-7B-Instruct-v0.3,SciERC,INTERSPEECH_2008_20_abs,P6,0.2666666666666666
Mistral-7B-Instruct-v0.3,SciERC,ICML_2006_119_abs,P6,0.2307692307692307
Mistral-7B-Instruct-v0.3,SciERC,NIPS_2015_18_abs,P6,0.0
Mistral-7B-Instruct-v0.3,SciERC,CVPR_2010_30_abs,P6,0.2857142857142857
Mistral-7B-Instruct-v0.3,SciERC,E91-1012,P6,0.2580645161290323
Mistral-7B-Instruct-v0.3,SciERC,CVPR_2011_11_abs,P6,0.25
Mistral-7B-Instruct-v0.3,SciERC,J86-3001,P5,0.0
Mistral-7B-Instruct-v0.3,SciERC,J86-4002,P6,0.2
Mistral-7B-Instruct-v0.3,SciERC,ICML_2016_18_abs,P6,0.3243243243243243
Mistral-7B-Instruct-v0.3,SciERC,P05-1056,P6,0.3125
Mistral-7B-Instruct-v0.3,SciERC,C94-1091,P6,0.3846153846153846
Mistral-7B-Instruct-v0.3,SciERC,E93-1066,P6,0.5333333333333333
Mistral-7B-Instruct-v0.3,SciERC,ICASSP_1997_706_abs,P6,0.3888888888888889
Mistral-7B-Instruct-v0.3,SciERC,CVPR_2009_10_abs,P6,0.4761904761904761
Mistral-7B-Instruct-v0.3,SciERC,ICML_2016_11_abs,P6,0.2051282051282051
Mistral-7B-Instruct-v0.3,SciERC,CVPR_1994_10_abs,P6,0.2631578947368421
Mistral-7B-Instruct-v0.3,SciERC,ECCV_2016_204_abs,P6,0.0
Mistral-7B-Instruct-v0.3,SciERC,H01-1042,P6,0.2307692307692307
Mistral-7B-Instruct-v0.3,SciERC,ECCV_2016_99_abs,P6,0.5882352941176471
Mistral-7B-Instruct-v0.3,SciERC,CVPR_2008_256_abs,P6,0.425531914893617
Mistral-7B-Instruct-v0.3,SciERC,ICCV_2013_47_abs,P6,0.0
Mistral-7B-Instruct-v0.3,SciERC,ICCV_2003_151_abs,P6,0.456140350877193
Mistral-7B-Instruct-v0.3,SciERC,X96-1059,P6,0.35
Mistral-7B-Instruct-v0.3,SciERC,INTERSPEECH_2008_28_abs,P6,0.0
Mistral-7B-Instruct-v0.3,SciERC,ECCV_2006_13_abs,P6,0.2272727272727272
Mistral-7B-Instruct-v0.3,SciERC,ECCV_2016_212_abs,P6,0.0
Mistral-7B-Instruct-v0.3,SciERC,W02-1602,P6,0.0
Mistral-7B-Instruct-v0.3,SciERC,J86-3001,P6,0.0
Mistral-7B-Instruct-v0.3,SciER,ICLR2024-AI4Material,P1,0.058252427184466
Mistral-7B-Instruct-v0.3,SciER,ICLR2024-AI4Material,P2,0.058252427184466
Mistral-7B-Instruct-v0.3,SciER,ICLR2024-AI4Material,P3,0.058252427184466
Mistral-7B-Instruct-v0.3,SciER,ICLR2024-AI4Material,P4,0.0576923076923076
Mistral-7B-Instruct-v0.3,SciER,160009536,P1,0.0
Mistral-7B-Instruct-v0.3,SciER,ICLR2024-AI4Material,P5,0.0761904761904762
Mistral-7B-Instruct-v0.3,SciER,160009536,P2,0.109090909090909
Mistral-7B-Instruct-v0.3,SciER,160009536,P3,0.0999999999999999
Mistral-7B-Instruct-v0.3,SciER,160009536,P4,0.0568720379146919
Mistral-7B-Instruct-v0.3,SciER,ICLR2024-AI4Material,P6,0.0761904761904762
Mistral-7B-Instruct-v0.3,SciER,244256,P1,0.1782178217821782
Mistral-7B-Instruct-v0.3,SciER,244256,P2,0.0833333333333333
Mistral-7B-Instruct-v0.3,SciER,244256,P3,0.187192118226601
Mistral-7B-Instruct-v0.3,SciER,192546007,P1,0.063063063063063
Mistral-7B-Instruct-v0.3,SciER,244256,P4,0.1881188118811881
Mistral-7B-Instruct-v0.3,SciER,192546007,P2,0.0633484162895927
Mistral-7B-Instruct-v0.3,SciER,160009536,P5,0.0
Mistral-7B-Instruct-v0.3,SciER,192546007,P3,0.0714285714285714
Mistral-7B-Instruct-v0.3,SciER,202719492,P1,0.1018518518518518
Mistral-7B-Instruct-v0.3,SciER,192546007,P4,0.0884955752212389
Mistral-7B-Instruct-v0.3,SciER,202719492,P2,0.0473933649289099
Mistral-7B-Instruct-v0.3,SciER,160009536,P6,0.0934579439252336
Mistral-7B-Instruct-v0.3,SciER,210157153,P1,0.0760869565217391
Mistral-7B-Instruct-v0.3,SciER,202719492,P3,0.0476190476190476
Mistral-7B-Instruct-v0.3,SciER,210157153,P2,0.0760869565217391
Mistral-7B-Instruct-v0.3,SciER,244256,P5,0.1951219512195122
Mistral-7B-Instruct-v0.3,SciER,3627225,P1,0.0408163265306122
Mistral-7B-Instruct-v0.3,SciER,202719492,P4,0.1013824884792626
Mistral-7B-Instruct-v0.3,SciER,210157153,P3,0.1846153846153846
Mistral-7B-Instruct-v0.3,SciER,3627225,P2,0.0408163265306122
Mistral-7B-Instruct-v0.3,SciER,210157153,P4,0.0
Mistral-7B-Instruct-v0.3,SciER,3627225,P3,0.0891089108910891
Mistral-7B-Instruct-v0.3,SciER,192546007,P5,0.1338912133891213
Mistral-7B-Instruct-v0.3,SciER,244256,P6,0.2019230769230769
Mistral-7B-Instruct-v0.3,SciER,NeurIPS2023-AI4Science,P1,0.0837696335078534
Mistral-7B-Instruct-v0.3,SciER,3627225,P4,0.173076923076923
Mistral-7B-Instruct-v0.3,SciER,NeurIPS2023-AI4Science,P2,0.1170731707317073
Mistral-7B-Instruct-v0.3,SciER,NeurIPS2023-AI4Science,P3,0.0
Mistral-7B-Instruct-v0.3,SciER,192546007,P6,0.1367521367521367
Mistral-7B-Instruct-v0.3,SciER,202719492,P5,0.0
Mistral-7B-Instruct-v0.3,SciER,NeurIPS2023-AI4Science,P4,0.0217391304347826
Mistral-7B-Instruct-v0.3,SciER,AAAI2024,P1,0.144578313253012
Mistral-7B-Instruct-v0.3,SciER,210157153,P5,0.075268817204301
Mistral-7B-Instruct-v0.3,SciER,AAAI2024,P2,0.2651933701657458
Mistral-7B-Instruct-v0.3,SciER,202719492,P6,0.1272727272727273
Mistral-7B-Instruct-v0.3,SciER,AAAI2024,P3,0.2045454545454545
Mistral-7B-Instruct-v0.3,SciER,3627225,P5,0.0
Mistral-7B-Instruct-v0.3,SciER,AAAI2024,P4,0.050314465408805
Mistral-7B-Instruct-v0.3,SciER,210157153,P6,0.075268817204301
Mistral-7B-Instruct-v0.3,SciER,3627225,P6,0.0
Mistral-7B-Instruct-v0.3,SciER,NeurIPS2023-AI4Science,P5,0.101010101010101
Mistral-7B-Instruct-v0.3,SciER,EMNLP2023,P1,0.0891089108910891
Mistral-7B-Instruct-v0.3,SciER,EMNLP2023,P2,0.0693069306930693
Mistral-7B-Instruct-v0.3,SciER,EMNLP2023,P3,0.0406091370558375
Mistral-7B-Instruct-v0.3,SciER,NeurIPS2023-AI4Science,P6,0.0217391304347826
Mistral-7B-Instruct-v0.3,SciER,AAAI2024,P5,0.050632911392405
Mistral-7B-Instruct-v0.3,SciER,EMNLP2023,P4,0.0886699507389162
Mistral-7B-Instruct-v0.3,SciER,ICLR2024-AI4Science-Protein,P1,0.0218978102189781
Mistral-7B-Instruct-v0.3,SciER,ICLR2024-AI4Science-Protein,P2,0.0433212996389891
Mistral-7B-Instruct-v0.3,SciER,AAAI2024,P6,0.0
Mistral-7B-Instruct-v0.3,SciER,ICLR2024-AI4Science-Protein,P3,0.0569395017793594
Mistral-7B-Instruct-v0.3,SciER,ICLR2024-AI4Science-Protein,P4,0.0433212996389891
Mistral-7B-Instruct-v0.3,SciER,EMNLP2023,P5,0.0
Mistral-7B-Instruct-v0.3,SciER,202888938,P1,0.0622568093385214
Mistral-7B-Instruct-v0.3,SciER,EMNLP2023,P6,0.0
Mistral-7B-Instruct-v0.3,SciER,202888938,P2,0.1407407407407407
Mistral-7B-Instruct-v0.3,SciER,202888938,P3,0.0697674418604651
Mistral-7B-Instruct-v0.3,SciER,ICLR2024-AI4Science-Protein,P5,0.0
Mistral-7B-Instruct-v0.3,SciER,202888938,P4,0.0
Mistral-7B-Instruct-v0.3,SciER,ICLR2024-AI4Science-Protein,P6,0.0219780219780219
Mistral-7B-Instruct-v0.3,SciER,202888938,P5,0.0
Mistral-7B-Instruct-v0.3,SciER,202888938,P6,0.0
Mistral-7B-Instruct-v0.3,SciER,CVPR2023,P1,0.0340632603406326
Mistral-7B-Instruct-v0.3,SciER,53109398,P1,0.0
Mistral-7B-Instruct-v0.3,SciER,CVPR2023,P2,0.0
Mistral-7B-Instruct-v0.3,SciER,53109398,P2,0.0895522388059701
Mistral-7B-Instruct-v0.3,SciER,CVPR2023,P3,0.0292682926829268
Mistral-7B-Instruct-v0.3,SciER,53109398,P3,0.1068249258160237
Mistral-7B-Instruct-v0.3,SciER,CVPR2023,P4,0.0
Mistral-7B-Instruct-v0.3,SciER,53109398,P4,0.0432098765432098
Mistral-7B-Instruct-v0.3,SciER,CVPR2023,P5,0.0
Mistral-7B-Instruct-v0.3,SciER,53109398,P5,0.0371517027863777
Mistral-7B-Instruct-v0.3,SciER,CVPR2023,P6,0.0
Mistral-7B-Instruct-v0.3,SciER,53109398,P6,0.0371517027863777
Mistral-7B-Instruct-v0.3,SciER,52169846,P1,0.0350877192982456
Mistral-7B-Instruct-v0.3,SciER,52169846,P2,0.0350877192982456
Mistral-7B-Instruct-v0.3,SciER,52169846,P3,0.0350877192982456
Mistral-7B-Instruct-v0.3,SciER,52169846,P4,0.0387596899224806
Mistral-7B-Instruct-v0.3,SciER,52169846,P5,0.0350877192982456
Mistral-7B-Instruct-v0.3,SciER,52169846,P6,0.03125
Mistral-7B-Instruct-v0.3,SciER,210702798,P1,0.0
Mistral-7B-Instruct-v0.3,SciER,210702798,P2,0.0
Mistral-7B-Instruct-v0.3,SciER,210702798,P3,0.0
Mistral-7B-Instruct-v0.3,SciER,210702798,P4,0.075880758807588
Mistral-7B-Instruct-v0.3,SciER,210702798,P5,0.0
Mistral-7B-Instruct-v0.3,SciER,210702798,P6,0.0
Qwen3-8B,EBM-NLP,11229858,P1,0.7499999999999999
Qwen3-8B,EBM-NLP,11229858,P2,0.7499999999999999
Qwen3-8B,EBM-NLP,2678230,P1,0.6666666666666665
Qwen3-8B,EBM-NLP,8916620,P1,0.1538461538461538
Qwen3-8B,SciERC,P86-1011,P1,0.0
Qwen3-8B,EBM-NLP,11381289,P1,0.2105263157894737
Qwen3-8B,EBM-NLP,4919024,P1,0.5
Qwen3-8B,SciERC,ECCV_2016_110_abs,P1,0.3529411764705882
Qwen3-8B,EBM-NLP,19708562,P1,0.6
Qwen3-8B,EBM-NLP,21914768,P1,0.5384615384615385
Qwen3-8B,SciERC,E95-1033,P1,0.4615384615384615
Qwen3-8B,EBM-NLP,3067745,P1,0.5263157894736842
Qwen3-8B,SciERC,P06-3007,P1,0.4
Qwen3-8B,EBM-NLP,23849147,P1,0.5
Qwen3-8B,EBM-NLP,15358868,P1,0.4
Qwen3-8B,EBM-NLP,7844976,P1,0.4761904761904762
Qwen3-8B,SciERC,C88-1044,P1,0.588235294117647
Qwen3-8B,EBM-NLP,11229858,P3,0.7499999999999999
Qwen3-8B,EBM-NLP,384815,P1,0.631578947368421
Qwen3-8B,EBM-NLP,2678230,P2,0.7058823529411764
Qwen3-8B,SciERC,P05-1039,P1,0.6086956521739131
Qwen3-8B,SciERC,I05-5004,P1,0.7058823529411764
Qwen3-8B,SciERC,E99-1015,P1,0.5333333333333333
Qwen3-8B,SciERC,P06-1018,P1,0.5333333333333333
Qwen3-8B,EBM-NLP,19096921,P1,0.4285714285714285
Qwen3-8B,EBM-NLP,8916620,P2,0.1538461538461538
Qwen3-8B,EBM-NLP,22416755,P1,0.5
Qwen3-8B,EBM-NLP,24803369,P1,0.2857142857142857
Qwen3-8B,EBM-NLP,10934569,P1,0.2608695652173912
Qwen3-8B,EBM-NLP,6938020,P1,0.6666666666666666
Qwen3-8B,EBM-NLP,22271197,P1,0.1739130434782608
Qwen3-8B,SciERC,P06-1053,P1,0.5000000000000001
Qwen3-8B,SciERC,P05-2013,P1,0.4210526315789474
Qwen3-8B,SciERC,P06-4007,P1,0.3999999999999999
Qwen3-8B,SciERC,C86-1081,P1,0.1538461538461538
Qwen3-8B,EBM-NLP,1780092,P1,0.1739130434782609
Qwen3-8B,SciERC,P06-1013,P1,0.3157894736842105
Qwen3-8B,SciERC,P86-1011,P2,0.0
Qwen3-8B,SciERC,P06-2012,P1,0.4
Qwen3-8B,EBM-NLP,1968178,P1,0.4761904761904761
Qwen3-8B,SciERC,CVPR_2003_30_abs,P1,0.4827586206896552
Qwen3-8B,EBM-NLP,25931290,P1,0.5
Qwen3-8B,SciERC,CVPR_2004_18_abs,P1,0.2962962962962963
Qwen3-8B,SciERC,P83-1004,P1,0.1111111111111111
Qwen3-8B,SciERC,E06-1022,P1,0.2608695652173913
Qwen3-8B,EBM-NLP,11381289,P2,0.2105263157894737
Qwen3-8B,SciERC,C04-1011,P1,0.25
Qwen3-8B,EBM-NLP,4919024,P2,0.2
Qwen3-8B,EBM-NLP,1131298,P1,0.4516129032258064
Qwen3-8B,EBM-NLP,6951573,P1,0.1111111111111111
Qwen3-8B,EBM-NLP,8779382,P1,0.1
Qwen3-8B,EBM-NLP,11750293,P1,0.3157894736842105
Qwen3-8B,SciERC,H05-1095,P1,0.5714285714285714
Qwen3-8B,EBM-NLP,11891832,P1,0.4
Qwen3-8B,EBM-NLP,19708562,P2,0.5263157894736842
Qwen3-8B,EBM-NLP,1459268,P1,0.4000000000000001
Qwen3-8B,SciERC,ECCV_2016_110_abs,P2,0.5
Qwen3-8B,EBM-NLP,21914768,P2,0.5384615384615385
Qwen3-8B,SciERC,E95-1033,P2,0.1333333333333333
Qwen3-8B,EBM-NLP,3067745,P2,0.4
Qwen3-8B,SciERC,P06-3007,P2,0.1538461538461538
Qwen3-8B,SciERC,P03-1070,P1,0.5714285714285715
Qwen3-8B,SciERC,C08-2010,P1,0.1666666666666666
Qwen3-8B,SciERC,C04-1128,P1,0.5
Qwen3-8B,EBM-NLP,20509069,P1,0.5454545454545455
Qwen3-8B,EBM-NLP,23849147,P2,0.5217391304347826
Qwen3-8B,EBM-NLP,15854186,P1,0.5384615384615384
Qwen3-8B,EBM-NLP,15358868,P2,0.375
Qwen3-8B,EBM-NLP,9229602,P1,0.4761904761904762
Qwen3-8B,SciERC,C04-1036,P1,0.4347826086956521
Qwen3-8B,EBM-NLP,7844976,P2,0.4761904761904762
Qwen3-8B,EBM-NLP,24660757,P1,0.3999999999999999
Qwen3-8B,SciERC,C88-1044,P2,0.6250000000000001
Qwen3-8B,SciERC,N06-1037,P1,0.4545454545454546
Qwen3-8B,SciERC,NIPS_2016_80_abs,P1,0.32
Qwen3-8B,SciERC,INTERSPEECH_2007_40_abs,P1,0.4444444444444444
Qwen3-8B,SciERC,P05-1039,P2,0.631578947368421
Qwen3-8B,SciERC,C96-1062,P1,0.5
Qwen3-8B,EBM-NLP,384815,P2,0.631578947368421
Qwen3-8B,SciERC,CVPR_2011_10_abs,P1,0.4444444444444444
Qwen3-8B,SciERC,N04-1022,P1,0.6
Qwen3-8B,SciERC,CVPR_1999_15_abs,P1,0.4
Qwen3-8B,EBM-NLP,19096921,P2,0.4285714285714285
Qwen3-8B,SciERC,I05-5004,P2,0.7058823529411764
Qwen3-8B,SciERC,E99-1015,P2,0.5
Qwen3-8B,EBM-NLP,20618920,P1,0.4615384615384615
Qwen3-8B,SciERC,P06-1018,P2,0.5333333333333333
Qwen3-8B,EBM-NLP,24803369,P2,0.2857142857142857
Qwen3-8B,EBM-NLP,22416755,P2,0.6363636363636364
Qwen3-8B,SciERC,CVPR_2004_30_abs,P1,0.3636363636363636
Qwen3-8B,EBM-NLP,10934569,P2,0.2608695652173912
Qwen3-8B,SciERC,J82-3002,P1,0.3333333333333333
Qwen3-8B,SciERC,P01-1056,P1,0.5714285714285715
Qwen3-8B,SciERC,ICCV_2013_25_abs,P1,0.0
Qwen3-8B,EBM-NLP,7017018,P1,0.4705882352941176
Qwen3-8B,SciERC,NIPS_2001_11_abs,P1,0.0
Qwen3-8B,EBM-NLP,6938020,P2,0.6666666666666666
Qwen3-8B,EBM-NLP,11229858,P4,0.7499999999999999
Qwen3-8B,SciERC,I05-4010,P1,0.2105263157894737
Qwen3-8B,SciERC,C00-2123,P1,0.2499999999999999
Qwen3-8B,EBM-NLP,22271197,P2,0.1904761904761905
Qwen3-8B,SciERC,P06-1053,P2,0.3999999999999999
Qwen3-8B,EBM-NLP,2678230,P3,0.6666666666666665
Qwen3-8B,SciERC,P05-2013,P2,0.3157894736842105
Qwen3-8B,SciERC,NIPS_2002_18_abs,P1,0.4615384615384615
Qwen3-8B,SciERC,P08-1105,P1,0.25
Qwen3-8B,SciERC,A97-1020,P1,0.0
Qwen3-8B,SciERC,C90-3063,P1,0.4761904761904762
Qwen3-8B,EBM-NLP,23021296,P1,0.4
Qwen3-8B,EBM-NLP,23838728,P1,0.2352941176470588
Qwen3-8B,SciERC,CVPR_2009_18_abs,P1,0.0
Qwen3-8B,EBM-NLP,3081600,P1,0.3589743589743589
Qwen3-8B,SciERC,P06-4007,P2,0.4615384615384615
Qwen3-8B,EBM-NLP,8916620,P3,0.2857142857142857
Qwen3-8B,SciERC,INTERSPEECH_2013_21_abs,P1,0.0
Qwen3-8B,SciERC,C86-1081,P2,0.1666666666666666
Qwen3-8B,SciERC,P06-1013,P2,0.3157894736842105
Qwen3-8B,SciERC,P06-2012,P2,0.5599999999999999
Qwen3-8B,EBM-NLP,1780092,P2,0.1739130434782609
Qwen3-8B,SciERC,ICML_1995_38_abs,P1,0.1818181818181818
Qwen3-8B,EBM-NLP,18229990,P1,0.3076923076923077
Qwen3-8B,SciERC,C04-1035,P1,0.3703703703703703
Qwen3-8B,SciERC,NIPS_2002_11_abs,P1,0.5714285714285713
Qwen3-8B,EBM-NLP,16427787,P1,0.2222222222222222
Qwen3-8B,EBM-NLP,15193668,P1,0.3636363636363636
Qwen3-8B,EBM-NLP,2223363,P1,0.631578947368421
Qwen3-8B,SciERC,CVPR_2003_30_abs,P2,0.4827586206896552
Qwen3-8B,EBM-NLP,18773733,P1,0.4347826086956521
Qwen3-8B,SciERC,ECCV_2012_30_abs,P1,0.6470588235294118
Qwen3-8B,EBM-NLP,1968178,P2,0.4761904761904761
Qwen3-8B,EBM-NLP,25931290,P2,0.5
Qwen3-8B,SciERC,P83-1004,P2,0.1111111111111111
Qwen3-8B,SciERC,E06-1022,P2,0.1739130434782609
Qwen3-8B,SciERC,C04-1011,P2,0.125
Qwen3-8B,SciERC,CVPR_2004_18_abs,P2,0.4444444444444445
Qwen3-8B,SciERC,H01-1049,P1,0.2727272727272727
Qwen3-8B,SciERC,N03-1033,P1,0.4761904761904762
Qwen3-8B,SciERC,I05-5003,P1,0.6285714285714286
Qwen3-8B,SciERC,C90-3045,P1,0.2727272727272727
Qwen3-8B,EBM-NLP,7827398,P1,0.125
Qwen3-8B,EBM-NLP,6951573,P2,0.1111111111111111
Qwen3-8B,EBM-NLP,1131298,P2,0.32
Qwen3-8B,EBM-NLP,8779382,P2,0.0909090909090909
Qwen3-8B,SciERC,P86-1011,P3,0.0
Qwen3-8B,SciERC,H05-1095,P2,0.5714285714285714
Qwen3-8B,EBM-NLP,11750293,P2,0.3157894736842105
Qwen3-8B,SciERC,C04-1106,P1,0.1428571428571428
Qwen3-8B,SciERC,P85-1019,P1,0.303030303030303
Qwen3-8B,SciERC,INTERSPEECH_2014_40_abs,P1,0.4705882352941176
Qwen3-8B,SciERC,C04-1103,P1,0.4
Qwen3-8B,EBM-NLP,10752495,P1,0.2222222222222222
Qwen3-8B,EBM-NLP,1459268,P2,0.2105263157894736
Qwen3-8B,EBM-NLP,11891832,P2,0.4
Qwen3-8B,EBM-NLP,22744141,P1,0.5454545454545455
Qwen3-8B,SciERC,P04-2005,P1,0.5454545454545455
Qwen3-8B,SciERC,ICCV_2001_47_abs,P1,0.3428571428571428
Qwen3-8B,EBM-NLP,11381289,P3,0.2105263157894737
Qwen3-8B,SciERC,C04-1128,P2,0.5
Qwen3-8B,SciERC,P03-1070,P2,0.4285714285714285
Qwen3-8B,EBM-NLP,20509069,P2,0.5454545454545455
Qwen3-8B,EBM-NLP,4919024,P3,0.2
Qwen3-8B,SciERC,C08-2010,P2,0.1739130434782608
Qwen3-8B,SciERC,N03-1026,P1,0.0
Qwen3-8B,SciERC,ICCV_2003_161_abs,P1,0.5128205128205129
Qwen3-8B,EBM-NLP,15854186,P2,0.5384615384615384
Qwen3-8B,EBM-NLP,9229602,P2,0.4761904761904762
Qwen3-8B,SciERC,E89-1016,P1,0.3448275862068966
Qwen3-8B,EBM-NLP,2224060,P1,0.3809523809523809
Qwen3-8B,EBM-NLP,17293018,P1,0.16
Qwen3-8B,SciERC,ICASSP_2016_11_abs,P1,0.2758620689655172
Qwen3-8B,SciERC,C04-1036,P2,0.4347826086956521
Qwen3-8B,SciERC,J05-4003,P1,0.4516129032258064
Qwen3-8B,EBM-NLP,24660757,P2,0.5454545454545455
Qwen3-8B,SciERC,N06-1037,P2,0.380952380952381
Qwen3-8B,EBM-NLP,3919804,P1,0.6666666666666667
Qwen3-8B,SciERC,NIPS_2016_80_abs,P2,0.3076923076923076
Qwen3-8B,EBM-NLP,21914768,P3,0.5384615384615385
Qwen3-8B,SciERC,INTERSPEECH_2007_40_abs,P2,0.631578947368421
Qwen3-8B,SciERC,P05-1076,P1,0.4
Qwen3-8B,EBM-NLP,19708562,P3,0.5
Qwen3-8B,SciERC,ECCV_2016_110_abs,P3,0.5
Qwen3-8B,SciERC,C96-1062,P2,0.5925925925925926
Qwen3-8B,SciERC,E95-1033,P3,0.4615384615384615
Qwen3-8B,SciERC,N04-1022,P2,0.3333333333333333
Qwen3-8B,SciERC,ICML_2016_10_abs,P1,0.0
Qwen3-8B,SciERC,CVPR_2011_10_abs,P2,0.3999999999999999
Qwen3-8B,EBM-NLP,12477021,P1,0.5714285714285715
Qwen3-8B,EBM-NLP,16055807,P1,0.2105263157894736
Qwen3-8B,SciERC,P06-3007,P3,0.2666666666666666
Qwen3-8B,SciERC,CVPR_1999_15_abs,P2,0.3333333333333333
Qwen3-8B,EBM-NLP,3067745,P3,0.4545454545454545
Qwen3-8B,EBM-NLP,20618920,P2,0.6153846153846153
Qwen3-8B,EBM-NLP,6421395,P1,0.5
Qwen3-8B,EBM-NLP,23849147,P3,0.6086956521739131
Qwen3-8B,EBM-NLP,9481998,P1,0.2
Qwen3-8B,EBM-NLP,15358868,P3,0.375
Qwen3-8B,SciERC,INTERSPEECH_2006_21_abs,P1,0.0
Qwen3-8B,SciERC,P01-1056,P2,0.6285714285714287
Qwen3-8B,SciERC,CVPR_2008_258_abs,P1,0.5185185185185186
Qwen3-8B,SciERC,J82-3002,P2,0.3199999999999999
Qwen3-8B,SciERC,ICCV_2013_25_abs,P2,0.0
Qwen3-8B,SciERC,CVPR_2004_30_abs,P2,0.3636363636363636
Qwen3-8B,EBM-NLP,7017018,P2,0.4705882352941176
Qwen3-8B,EBM-NLP,7844976,P3,0.2352941176470588
Qwen3-8B,SciERC,I05-4010,P2,0.1111111111111111
Qwen3-8B,SciERC,C88-1044,P3,0.6250000000000001
Qwen3-8B,EBM-NLP,20804366,P1,0.1818181818181818
Qwen3-8B,SciERC,NIPS_2001_11_abs,P2,0.0
Qwen3-8B,SciERC,C00-2123,P2,0.3333333333333333
Qwen3-8B,SciERC,CVPR_2016_413_abs,P1,0.3888888888888888
Qwen3-8B,SciERC,NIPS_2002_18_abs,P2,0.3846153846153846
Qwen3-8B,SciERC,P05-1039,P3,0.6
Qwen3-8B,EBM-NLP,384815,P3,0.631578947368421
Qwen3-8B,SciERC,P08-1105,P2,0.25
Qwen3-8B,SciERC,CVPR_2006_10_abs,P1,0.4799999999999999
Qwen3-8B,EBM-NLP,23021296,P2,0.4
Qwen3-8B,SciERC,A97-1020,P2,0.0
Qwen3-8B,EBM-NLP,23838728,P2,0.3157894736842105
Qwen3-8B,SciERC,C90-3063,P2,0.5
Qwen3-8B,EBM-NLP,19096921,P3,0.4285714285714285
Qwen3-8B,SciERC,P06-1018,P3,0.5333333333333333
Qwen3-8B,SciERC,P05-1046,P1,0.606060606060606
Qwen3-8B,SciERC,E99-1015,P3,0.5333333333333333
Qwen3-8B,SciERC,I05-5004,P3,0.6250000000000001
Qwen3-8B,EBM-NLP,3081600,P2,0.35
Qwen3-8B,SciERC,CVPR_2009_18_abs,P2,0.4324324324324324
Qwen3-8B,EBM-NLP,23357440,P1,0.5
Qwen3-8B,EBM-NLP,2066441,P1,0.4615384615384615
Qwen3-8B,SciERC,INTERSPEECH_2013_21_abs,P2,0.2702702702702702
Qwen3-8B,SciERC,CVPR_1993_10_abs,P1,0.0
Qwen3-8B,EBM-NLP,22416755,P3,0.5555555555555556
Qwen3-8B,EBM-NLP,24803369,P3,0.2857142857142857
Qwen3-8B,EBM-NLP,10934569,P3,0.2608695652173912
Qwen3-8B,EBM-NLP,19159999,P1,0.5161290322580645
Qwen3-8B,SciERC,ICML_1995_38_abs,P2,0.2580645161290323
Qwen3-8B,EBM-NLP,2188766,P1,0.4444444444444444
Qwen3-8B,EBM-NLP,18229990,P2,0.3076923076923077
Qwen3-8B,EBM-NLP,23417625,P1,0.3448275862068965
Qwen3-8B,SciERC,NIPS_2002_11_abs,P2,0.4761904761904761
Qwen3-8B,SciERC,C04-1035,P2,0.3448275862068966
Qwen3-8B,EBM-NLP,16427787,P2,0.32
Qwen3-8B,EBM-NLP,6938020,P3,0.6666666666666666
Qwen3-8B,EBM-NLP,22271197,P3,0.25
Qwen3-8B,EBM-NLP,18503531,P1,0.2727272727272727
Qwen3-8B,EBM-NLP,2223363,P2,0.7058823529411764
Qwen3-8B,SciERC,NIPS_2015_18_abs,P1,0.6206896551724137
Qwen3-8B,EBM-NLP,15193668,P2,0.3636363636363636
Qwen3-8B,EBM-NLP,25369243,P1,0.2962962962962963
Qwen3-8B,EBM-NLP,11642083,P1,0.2702702702702702
Qwen3-8B,SciERC,P06-1053,P3,0.3999999999999999
Qwen3-8B,EBM-NLP,25068497,P1,0.4347826086956522
Qwen3-8B,SciERC,INTERSPEECH_2008_20_abs,P1,0.3636363636363636
Qwen3-8B,SciERC,NIPS_2016_560_abs,P1,0.3571428571428571
Qwen3-8B,EBM-NLP,2678230,P4,0.5333333333333333
Qwen3-8B,SciERC,P05-2013,P3,0.4210526315789474
Qwen3-8B,SciERC,E91-1012,P1,0.3870967741935484
Qwen3-8B,SciERC,CVPR_2010_30_abs,P1,0.3999999999999999
Qwen3-8B,SciERC,ECCV_2012_30_abs,P2,0.6470588235294118
Qwen3-8B,EBM-NLP,18773733,P2,0.3809523809523809
Qwen3-8B,SciERC,P06-4007,P3,0.4615384615384615
Qwen3-8B,SciERC,H01-1049,P2,0.2727272727272727
Qwen3-8B,EBM-NLP,8916620,P4,0.3076923076923076
Qwen3-8B,SciERC,I05-5003,P2,0.6285714285714286
Qwen3-8B,SciERC,N03-1033,P2,0.4761904761904762
Qwen3-8B,EBM-NLP,7827398,P2,0.125
Qwen3-8B,SciERC,C90-3045,P2,0.2727272727272727
Qwen3-8B,SciERC,C86-1081,P3,0.1538461538461538
Qwen3-8B,EBM-NLP,2088233,P1,0.16
Qwen3-8B,SciERC,P06-1013,P3,0.3157894736842105
Qwen3-8B,EBM-NLP,1780092,P3,0.4
Qwen3-8B,SciERC,P06-2012,P3,0.3333333333333333
Qwen3-8B,SciERC,CVPR_2011_11_abs,P1,0.1818181818181818
Qwen3-8B,SciERC,C04-1106,P2,0.1428571428571428
Qwen3-8B,EBM-NLP,17616069,P1,0.3571428571428571
Qwen3-8B,SciERC,P85-1019,P2,0.1290322580645161
Qwen3-8B,SciERC,C04-1103,P2,0.4
Qwen3-8B,SciERC,INTERSPEECH_2014_40_abs,P2,0.4117647058823529
Qwen3-8B,EBM-NLP,10752495,P2,0.5
Qwen3-8B,EBM-NLP,22744141,P2,0.5555555555555556
Qwen3-8B,EBM-NLP,24075141,P1,0.4827586206896551
Qwen3-8B,EBM-NLP,1968178,P3,0.4761904761904761
Qwen3-8B,EBM-NLP,10390665,P1,0.24
Qwen3-8B,SciERC,ICML_2016_18_abs,P1,0.0
Qwen3-8B,SciERC,ICML_2006_119_abs,P1,0.0
Qwen3-8B,SciERC,CVPR_2003_30_abs,P3,0.0
Qwen3-8B,EBM-NLP,25931290,P3,0.5
Qwen3-8B,SciERC,ICCV_2001_47_abs,P2,0.303030303030303
Qwen3-8B,SciERC,P04-2005,P2,0.5454545454545455
Qwen3-8B,SciERC,CVPR_2004_18_abs,P3,0.25
Qwen3-8B,SciERC,P83-1004,P3,0.1176470588235294
Qwen3-8B,SciERC,E06-1022,P3,0.25
Qwen3-8B,SciERC,ICCV_2003_161_abs,P2,0.4117647058823529
Qwen3-8B,SciERC,C04-1011,P3,0.125
Qwen3-8B,SciERC,J86-4002,P1,0.1
Qwen3-8B,SciERC,N03-1026,P2,0.5
Qwen3-8B,EBM-NLP,6951573,P3,0.2222222222222222
Qwen3-8B,EBM-NLP,2224060,P2,0.2857142857142857
Qwen3-8B,EBM-NLP,17293018,P2,0.3076923076923076
Qwen3-8B,EBM-NLP,8779382,P3,0.1
Qwen3-8B,EBM-NLP,21170734,P1,0.4347826086956522
Qwen3-8B,SciERC,E89-1016,P2,0.3571428571428571
Qwen3-8B,EBM-NLP,1131298,P3,0.5
Qwen3-8B,EBM-NLP,11495215,P1,0.358974358974359
Qwen3-8B,EBM-NLP,18958161,P1,0.3999999999999999
Qwen3-8B,SciERC,ICASSP_2016_11_abs,P2,0.2142857142857142
Qwen3-8B,SciERC,H05-1095,P3,0.5714285714285714
Qwen3-8B,SciERC,J05-4003,P2,0.4516129032258064
Qwen3-8B,EBM-NLP,11750293,P3,0.3157894736842105
Qwen3-8B,SciERC,C94-1091,P1,0.3448275862068965
Qwen3-8B,EBM-NLP,3919804,P2,0.6666666666666667
Qwen3-8B,EBM-NLP,361799,P1,0.1904761904761904
Qwen3-8B,SciERC,P05-1076,P2,0.5142857142857143
Qwen3-8B,EBM-NLP,7853069,P1,0.1904761904761904
Qwen3-8B,EBM-NLP,1459268,P3,0.2105263157894736
Qwen3-8B,EBM-NLP,11891832,P3,0.4
Qwen3-8B,SciERC,ICML_2016_10_abs,P2,0.0
Qwen3-8B,SciERC,ICASSP_1997_706_abs,P1,0.0
Qwen3-8B,EBM-NLP,7831628,P1,0.0952380952380952
Qwen3-8B,EBM-NLP,12139812,P1,0.4
Qwen3-8B,EBM-NLP,12477021,P2,0.5714285714285715
Qwen3-8B,EBM-NLP,16055807,P2,0.2222222222222222
Qwen3-8B,SciERC,P05-1056,P1,0.2285714285714286
Qwen3-8B,SciERC,C08-2010,P3,0.1538461538461538
Qwen3-8B,EBM-NLP,6421395,P2,0.5
Qwen3-8B,EBM-NLP,4919024,P4,0.2
Qwen3-8B,EBM-NLP,22646975,P1,0.3636363636363636
Qwen3-8B,EBM-NLP,20509069,P3,0.4545454545454545
Qwen3-8B,SciERC,P03-1070,P3,0.4285714285714285
Qwen3-8B,SciERC,C04-1128,P3,0.5
Qwen3-8B,EBM-NLP,11381289,P4,0.3
Qwen3-8B,EBM-NLP,9481998,P2,0.2
Qwen3-8B,EBM-NLP,15854186,P3,0.5384615384615384
Qwen3-8B,EBM-NLP,9229602,P3,0.4705882352941176
Qwen3-8B,SciERC,INTERSPEECH_2006_21_abs,P2,0.0
Qwen3-8B,SciERC,C04-1036,P3,0.4347826086956521
Qwen3-8B,SciERC,E93-1066,P1,0.0
Qwen3-8B,SciERC,CVPR_2008_258_abs,P2,0.5185185185185186
Qwen3-8B,EBM-NLP,20804366,P2,0.3199999999999999
Qwen3-8B,SciERC,N06-1037,P3,0.5
Qwen3-8B,EBM-NLP,24660757,P3,0.5217391304347826
Qwen3-8B,EBM-NLP,24451919,P1,0.3703703703703703
Qwen3-8B,SciERC,NIPS_2016_80_abs,P3,0.3076923076923076
Qwen3-8B,EBM-NLP,21914768,P4,0.5384615384615385
Qwen3-8B,SciERC,CVPR_2016_413_abs,P2,0.3783783783783783
Qwen3-8B,EBM-NLP,19708562,P4,0.6666666666666666
Qwen3-8B,SciERC,INTERSPEECH_2007_40_abs,P3,0.631578947368421
Qwen3-8B,SciERC,C96-1062,P3,0.5185185185185185
Qwen3-8B,SciERC,CVPR_2011_10_abs,P3,0.3888888888888889
Qwen3-8B,SciERC,N04-1022,P3,0.6
Qwen3-8B,EBM-NLP,22435114,P1,0.5185185185185185
Qwen3-8B,EBM-NLP,10578479,P1,0.2307692307692307
Qwen3-8B,EBM-NLP,6418441,P1,0.5625000000000001
Qwen3-8B,SciERC,CVPR_2006_10_abs,P2,0.4999999999999999
Qwen3-8B,SciERC,CVPR_1999_15_abs,P3,0.4166666666666666
Qwen3-8B,EBM-NLP,3067745,P4,0.3333333333333333
Qwen3-8B,SciERC,P05-1046,P2,0.5806451612903226
Qwen3-8B,EBM-NLP,23849147,P4,0.1666666666666666
Qwen3-8B,EBM-NLP,20618920,P3,0.5
Qwen3-8B,SciERC,CVPR_2009_10_abs,P1,0.0
Qwen3-8B,EBM-NLP,23357440,P2,0.32
Qwen3-8B,EBM-NLP,2066441,P2,0.4615384615384615
Qwen3-8B,SciERC,CVPR_1993_10_abs,P2,0.0
Qwen3-8B,EBM-NLP,15358868,P4,0.375
Qwen3-8B,SciERC,P01-1056,P3,0.4285714285714285
Qwen3-8B,EBM-NLP,19159999,P2,0.5161290322580645
Qwen3-8B,SciERC,ICCV_2013_25_abs,P3,0.4571428571428571
Qwen3-8B,SciERC,J82-3002,P3,0.3199999999999999
Qwen3-8B,SciERC,CVPR_2004_30_abs,P3,0.3636363636363636
Qwen3-8B,EBM-NLP,7017018,P3,0.5
Qwen3-8B,EBM-NLP,23417625,P2,0.3703703703703703
Qwen3-8B,EBM-NLP,2188766,P2,0.4615384615384615
Qwen3-8B,EBM-NLP,7844976,P4,0.2352941176470588
Qwen3-8B,SciERC,NIPS_2001_11_abs,P3,0.0
Qwen3-8B,EBM-NLP,1286547,P1,0.2142857142857142
Qwen3-8B,SciERC,I05-4010,P3,0.1818181818181818
Qwen3-8B,EBM-NLP,11642083,P2,0.2702702702702702
Qwen3-8B,EBM-NLP,18503531,P2,0.2727272727272727
Qwen3-8B,EBM-NLP,25369243,P2,0.3571428571428571
Qwen3-8B,SciERC,NIPS_2015_18_abs,P2,0.5517241379310345
Qwen3-8B,SciERC,C00-2123,P3,0.1818181818181818
Qwen3-8B,EBM-NLP,25068497,P2,0.4545454545454545
Qwen3-8B,EBM-NLP,16167234,P1,0.3076923076923077
Qwen3-8B,SciERC,NIPS_2016_560_abs,P2,0.3571428571428571
Qwen3-8B,SciERC,NIPS_2002_18_abs,P3,0.2068965517241379
Qwen3-8B,EBM-NLP,384815,P4,0.631578947368421
Qwen3-8B,SciERC,INTERSPEECH_2008_20_abs,P2,0.0
Qwen3-8B,SciERC,E91-1012,P2,0.3999999999999999
Qwen3-8B,EBM-NLP,16295154,P1,0.5454545454545455
Qwen3-8B,SciERC,P08-1105,P3,0.3199999999999999
Qwen3-8B,SciERC,CVPR_2010_30_abs,P2,0.5454545454545454
Qwen3-8B,SciERC,ICML_2016_11_abs,P1,0.2631578947368421
Qwen3-8B,EBM-NLP,23021296,P3,0.4
Qwen3-8B,SciERC,A97-1020,P3,0.0
Qwen3-8B,EBM-NLP,20560622,P1,0.6451612903225806
Qwen3-8B,SciERC,C90-3063,P3,0.380952380952381
Qwen3-8B,EBM-NLP,23838728,P3,0.3157894736842105
Qwen3-8B,SciERC,CVPR_2009_18_abs,P3,0.0
Qwen3-8B,EBM-NLP,11829043,P1,0.6666666666666666
Qwen3-8B,EBM-NLP,19096921,P4,0.4516129032258064
Qwen3-8B,EBM-NLP,3081600,P3,0.35
Qwen3-8B,EBM-NLP,24803369,P4,0.3
Qwen3-8B,EBM-NLP,2088233,P2,0.16
Qwen3-8B,EBM-NLP,22416755,P4,0.375
Qwen3-8B,SciERC,INTERSPEECH_2013_21_abs,P3,0.0
Qwen3-8B,EBM-NLP,10934569,P4,0.1818181818181818
Qwen3-8B,EBM-NLP,18229990,P3,0.3076923076923077
Qwen3-8B,SciERC,CVPR_2011_11_abs,P2,0.1212121212121212
Qwen3-8B,SciERC,ICML_1995_38_abs,P3,0.4516129032258064
Qwen3-8B,SciERC,C04-1035,P3,0.4848484848484848
Qwen3-8B,EBM-NLP,17616069,P2,0.3076923076923077
Qwen3-8B,EBM-NLP,9695300,P1,0.2857142857142857
Qwen3-8B,SciERC,NIPS_2002_11_abs,P3,0.5
Qwen3-8B,SciERC,ECCV_2016_204_abs,P1,0.0
Qwen3-8B,EBM-NLP,6938020,P4,0.6666666666666666
Qwen3-8B,EBM-NLP,16427787,P3,0.32
Qwen3-8B,EBM-NLP,15193668,P3,0.3636363636363636
Qwen3-8B,EBM-NLP,2223363,P3,0.6666666666666665
Qwen3-8B,EBM-NLP,22271197,P4,0.25
Qwen3-8B,SciERC,ECCV_2016_99_abs,P1,0.0
Qwen3-8B,EBM-NLP,21106663,P1,0.2
Qwen3-8B,EBM-NLP,22420121,P1,0.3846153846153846
Qwen3-8B,EBM-NLP,24075141,P2,0.4999999999999999
Qwen3-8B,SciERC,CVPR_1994_10_abs,P1,0.2702702702702702
Qwen3-8B,SciERC,ICML_2016_18_abs,P2,0.0
Qwen3-8B,EBM-NLP,10390665,P2,0.24
Qwen3-8B,EBM-NLP,18773733,P3,0.3809523809523809
Qwen3-8B,SciERC,ICML_2006_119_abs,P2,0.0
Qwen3-8B,SciERC,ECCV_2012_30_abs,P3,0.6285714285714287
Qwen3-8B,EBM-NLP,10763172,P1,0.25
Qwen3-8B,SciERC,J86-4002,P2,0.1
Qwen3-8B,SciERC,ICCV_2013_47_abs,P1,0.0
Qwen3-8B,SciERC,N03-1033,P3,0.4761904761904762
Qwen3-8B,SciERC,CVPR_2008_256_abs,P1,0.0
Qwen3-8B,SciERC,I05-5003,P3,0.5806451612903226
Qwen3-8B,SciERC,H01-1049,P3,0.2857142857142856
Qwen3-8B,SciERC,C90-3045,P3,0.2727272727272727
Qwen3-8B,EBM-NLP,7827398,P3,0.125
Qwen3-8B,EBM-NLP,21170734,P2,0.4347826086956522
Qwen3-8B,EBM-NLP,1780092,P4,0.2608695652173913
Qwen3-8B,EBM-NLP,18958161,P2,0.1666666666666666
Qwen3-8B,EBM-NLP,11495215,P2,0.2702702702702703
Qwen3-8B,EBM-NLP,19727232,P1,0.1290322580645161
Qwen3-8B,SciERC,C94-1091,P2,0.2666666666666666
Qwen3-8B,EBM-NLP,18783504,P1,0.3157894736842105
Qwen3-8B,SciERC,ICCV_2003_151_abs,P1,0.0
Qwen3-8B,SciERC,C04-1106,P3,0.1538461538461538
Qwen3-8B,SciERC,P85-1019,P3,0.3333333333333332
Qwen3-8B,SciERC,C04-1103,P3,0.4
Qwen3-8B,EBM-NLP,361799,P2,0.2727272727272727
Qwen3-8B,SciERC,INTERSPEECH_2014_40_abs,P3,0.2142857142857142
Qwen3-8B,EBM-NLP,7853069,P2,0.2
Qwen3-8B,SciERC,H01-1042,P1,0.2580645161290323
Qwen3-8B,EBM-NLP,10752495,P3,0.3703703703703703
Qwen3-8B,EBM-NLP,1669598,P1,0.5
Qwen3-8B,EBM-NLP,22744141,P3,0.4444444444444444
Qwen3-8B,EBM-NLP,8911223,P1,0.3243243243243243
Qwen3-8B,SciERC,ICASSP_1997_706_abs,P2,0.4864864864864865
Qwen3-8B,EBM-NLP,1968178,P4,0.5217391304347825
Qwen3-8B,SciERC,P04-2005,P3,0.5454545454545455
Qwen3-8B,EBM-NLP,12139812,P2,0.4444444444444444
Qwen3-8B,EBM-NLP,7831628,P2,0.0952380952380952
Qwen3-8B,EBM-NLP,25931290,P4,0.4210526315789473
Qwen3-8B,SciERC,ICCV_2001_47_abs,P3,0.3529411764705882
Qwen3-8B,EBM-NLP,17321989,P1,0.2424242424242424
Qwen3-8B,SciERC,ICCV_2003_161_abs,P3,0.5
Qwen3-8B,SciERC,N03-1026,P3,0.0
Qwen3-8B,EBM-NLP,22646975,P2,0.3636363636363636
Qwen3-8B,SciERC,P05-1056,P2,0.2285714285714286
Qwen3-8B,SciERC,E89-1016,P3,0.2857142857142857
Qwen3-8B,EBM-NLP,6951573,P4,0.2
Qwen3-8B,EBM-NLP,1131298,P4,0.56
Qwen3-8B,EBM-NLP,17293018,P3,0.32
Qwen3-8B,EBM-NLP,2224060,P3,0.2727272727272727
Qwen3-8B,EBM-NLP,8779382,P4,0.25
Qwen3-8B,SciERC,E93-1066,P2,0.2666666666666666
Qwen3-8B,SciERC,ICASSP_2016_11_abs,P3,0.2857142857142857
Qwen3-8B,EBM-NLP,24451919,P2,0.3703703703703703
Qwen3-8B,SciERC,J05-4003,P3,0.4285714285714285
Qwen3-8B,EBM-NLP,11750293,P4,0.2222222222222222
Qwen3-8B,EBM-NLP,21393467,P1,0.4285714285714285
Qwen3-8B,EBM-NLP,3919804,P3,0.6666666666666667
Qwen3-8B,EBM-NLP,15133359,P1,0.4666666666666667
Qwen3-8B,EBM-NLP,11891832,P4,0.4
Qwen3-8B,EBM-NLP,1459268,P4,0.2352941176470588
Qwen3-8B,SciERC,P05-1076,P3,0.4571428571428572
Qwen3-8B,EBM-NLP,9730996,P1,0.3428571428571428
Qwen3-8B,SciERC,INTERSPEECH_2008_28_abs,P1,0.0
Qwen3-8B,SciERC,ICML_2016_10_abs,P3,0.0
Qwen3-8B,EBM-NLP,16055807,P3,0.2352941176470588
Qwen3-8B,EBM-NLP,12477021,P3,0.5714285714285715
Qwen3-8B,EBM-NLP,3074300,P1,0.3448275862068966
Qwen3-8B,EBM-NLP,10578479,P2,0.1935483870967741
Qwen3-8B,EBM-NLP,15848261,P1,0.5517241379310346
Qwen3-8B,EBM-NLP,22435114,P2,0.3636363636363636
Qwen3-8B,EBM-NLP,6418441,P2,0.5625000000000001
Qwen3-8B,EBM-NLP,10764172,P1,0.4444444444444445
Qwen3-8B,SciERC,CVPR_2009_10_abs,P2,0.0
Qwen3-8B,EBM-NLP,22865017,P1,0.1818181818181818
Qwen3-8B,EBM-NLP,6421395,P3,0.4848484848484848
Qwen3-8B,EBM-NLP,20509069,P4,0.3333333333333333
Qwen3-8B,SciERC,X96-1059,P1,0.0
Qwen3-8B,EBM-NLP,9481998,P3,0.2
Qwen3-8B,EBM-NLP,15854186,P4,0.48
Qwen3-8B,SciERC,INTERSPEECH_2006_21_abs,P3,0.2
Qwen3-8B,EBM-NLP,18975051,P1,0.0
Qwen3-8B,EBM-NLP,9229602,P4,0.5
Qwen3-8B,EBM-NLP,8726604,P1,0.2105263157894736
Qwen3-8B,SciERC,CVPR_2008_258_abs,P3,0.5
Qwen3-8B,EBM-NLP,22881991,P1,0.2857142857142857
Qwen3-8B,EBM-NLP,20804366,P3,0.3199999999999999
Qwen3-8B,EBM-NLP,24660757,P4,0.5454545454545455
Qwen3-8B,EBM-NLP,1286547,P2,0.3076923076923077
Qwen3-8B,EBM-NLP,24080592,P1,0.3448275862068965
Qwen3-8B,SciERC,CVPR_2016_413_abs,P3,0.0
Qwen3-8B,EBM-NLP,16167234,P2,0.3076923076923077
Qwen3-8B,EBM-NLP,24317958,P1,0.4444444444444444
Qwen3-8B,EBM-NLP,19376304,P1,0.3478260869565217
Qwen3-8B,EBM-NLP,16295154,P2,0.5454545454545455
Qwen3-8B,SciERC,ICML_2016_11_abs,P2,0.0555555555555555
Qwen3-8B,EBM-NLP,20147856,P1,0.4285714285714285
Qwen3-8B,EBM-NLP,20560622,P2,0.6666666666666667
Qwen3-8B,SciERC,CVPR_2006_10_abs,P3,0.4615384615384615
Qwen3-8B,EBM-NLP,20618920,P4,0.3333333333333333
Qwen3-8B,SciERC,P05-1046,P3,0.606060606060606
Qwen3-8B,EBM-NLP,11829043,P2,0.6666666666666666
Qwen3-8B,EBM-NLP,1963383,P1,0.4285714285714285
Qwen3-8B,EBM-NLP,2066441,P3,0.3333333333333333
Qwen3-8B,EBM-NLP,23357440,P3,0.32
Qwen3-8B,SciERC,CVPR_1993_10_abs,P3,0.0
Qwen3-8B,EBM-NLP,19159999,P3,0.2962962962962963
Qwen3-8B,EBM-NLP,21718094,P1,0.3333333333333332
Qwen3-8B,EBM-NLP,2188766,P3,0.4615384615384615
Qwen3-8B,EBM-NLP,23417625,P3,0.3703703703703703
Qwen3-8B,EBM-NLP,7017018,P4,0.25
Qwen3-8B,EBM-NLP,17897478,P1,0.3255813953488372
Qwen3-8B,EBM-NLP,2908133,P1,0.3478260869565218
Qwen3-8B,SciERC,ECCV_2016_204_abs,P2,0.0
Qwen3-8B,EBM-NLP,18544974,P1,0.3999999999999999
Qwen3-8B,EBM-NLP,9695300,P2,0.3571428571428571
Qwen3-8B,EBM-NLP,25369243,P3,0.2962962962962963
Qwen3-8B,EBM-NLP,18503531,P3,0.2727272727272727
Qwen3-8B,SciERC,NIPS_2015_18_abs,P3,0.2068965517241379
Qwen3-8B,EBM-NLP,11642083,P3,0.2666666666666666
Qwen3-8B,EBM-NLP,21106663,P2,0.1052631578947368
Qwen3-8B,EBM-NLP,22420121,P2,0.3
Qwen3-8B,EBM-NLP,8989009,P1,0.2222222222222222
Qwen3-8B,SciERC,ECCV_2016_99_abs,P2,0.0
Qwen3-8B,EBM-NLP,25068497,P3,0.3636363636363636
Qwen3-8B,SciERC,CVPR_1994_10_abs,P2,0.3684210526315788
Qwen3-8B,SciERC,NIPS_2016_560_abs,P3,0.3448275862068966
Qwen3-8B,EBM-NLP,12960652,P1,0.2666666666666666
Qwen3-8B,SciERC,INTERSPEECH_2008_20_abs,P3,0.0
Qwen3-8B,SciERC,E91-1012,P3,0.3870967741935484
Qwen3-8B,EBM-NLP,26210844,P1,0.0
Qwen3-8B,SciERC,CVPR_2010_30_abs,P3,0.5161290322580646
Qwen3-8B,EBM-NLP,10763172,P2,0.2424242424242424
Qwen3-8B,EBM-NLP,26278470,P1,0.2352941176470588
Qwen3-8B,EBM-NLP,23838728,P4,0.25
Qwen3-8B,EBM-NLP,10070173,P1,0.3157894736842105
Qwen3-8B,EBM-NLP,23356250,P1,0.4137931034482758
Qwen3-8B,EBM-NLP,23021296,P4,0.2608695652173913
Qwen3-8B,EBM-NLP,3081600,P4,0.2857142857142857
Qwen3-8B,SciERC,ICCV_2013_47_abs,P2,0.0
Qwen3-8B,SciERC,CVPR_2008_256_abs,P2,0.0
Qwen3-8B,EBM-NLP,2088233,P3,0.16
Qwen3-8B,SciERC,ECCV_2006_13_abs,P1,0.0
Qwen3-8B,SciERC,CVPR_2011_11_abs,P3,0.0
Qwen3-8B,EBM-NLP,18229990,P4,0.6060606060606061
Qwen3-8B,EBM-NLP,18783504,P2,0.3809523809523809
Qwen3-8B,EBM-NLP,17616069,P3,0.3076923076923077
Qwen3-8B,SciERC,ICCV_2003_151_abs,P2,0.0
Qwen3-8B,EBM-NLP,16427787,P4,0.2857142857142857
Qwen3-8B,EBM-NLP,19727232,P2,0.1481481481481481
Qwen3-8B,EBM-NLP,2223363,P4,0.7058823529411764
Qwen3-8B,EBM-NLP,25784723,P1,0.2222222222222221
Qwen3-8B,EBM-NLP,15193668,P4,0.2307692307692307
Qwen3-8B,EBM-NLP,1669598,P2,0.5454545454545455
Qwen3-8B,SciERC,H01-1042,P2,0.2666666666666666
Qwen3-8B,EBM-NLP,24075141,P3,0.4285714285714285
Qwen3-8B,EBM-NLP,8911223,P2,0.3783783783783783
Qwen3-8B,EBM-NLP,15858959,P1,0.2352941176470588
Qwen3-8B,SciERC,ICML_2006_119_abs,P3,0.4444444444444444
Qwen3-8B,EBM-NLP,18773733,P4,0.1904761904761904
Qwen3-8B,EBM-NLP,10390665,P3,0.24
Qwen3-8B,SciERC,ICML_2016_18_abs,P3,0.0
Qwen3-8B,EBM-NLP,11229858,P5,0.5714285714285715
Qwen3-8B,EBM-NLP,11737955,P1,0.4
Qwen3-8B,EBM-NLP,17321989,P2,0.2307692307692307
Qwen3-8B,SciERC,J86-4002,P3,0.1
Qwen3-8B,EBM-NLP,21170734,P3,0.4347826086956522
Qwen3-8B,EBM-NLP,7827398,P4,0.2222222222222222
Qwen3-8B,EBM-NLP,9394106,P1,0.4516129032258064
Qwen3-8B,EBM-NLP,18958161,P3,0.3478260869565217
Qwen3-8B,EBM-NLP,11495215,P3,0.2702702702702703
Qwen3-8B,EBM-NLP,7598243,P1,0.2564102564102564
Qwen3-8B,EBM-NLP,7808649,P1,0.1875
Qwen3-8B,SciERC,C94-1091,P3,0.3225806451612903
Qwen3-8B,EBM-NLP,21393467,P2,0.4285714285714285
Qwen3-8B,EBM-NLP,361799,P3,0.2105263157894736
Qwen3-8B,EBM-NLP,15133359,P2,0.4666666666666667
Qwen3-8B,EBM-NLP,9730996,P2,0.3529411764705882
Qwen3-8B,EBM-NLP,10752495,P4,0.25
Qwen3-8B,EBM-NLP,7853069,P3,0.1904761904761904
Qwen3-8B,EBM-NLP,22744141,P4,0.375
Qwen3-8B,SciERC,INTERSPEECH_2008_28_abs,P2,0.2926829268292683
Qwen3-8B,EBM-NLP,11317090,P1,0.4102564102564103
Qwen3-8B,SciERC,ICASSP_1997_706_abs,P3,0.4878048780487805
Qwen3-8B,EBM-NLP,15848261,P2,0.5714285714285715
Qwen3-8B,EBM-NLP,3074300,P2,0.4545454545454545
Qwen3-8B,EBM-NLP,7831628,P3,0.2307692307692307
Qwen3-8B,EBM-NLP,12139812,P3,0.4705882352941176
Qwen3-8B,SciERC,X96-1059,P2,0.3478260869565217
Qwen3-8B,EBM-NLP,10764172,P2,0.4374999999999999
Qwen3-8B,EBM-NLP,22865017,P2,0.2424242424242424
Qwen3-8B,SciERC,P05-1056,P3,0.2424242424242424
Qwen3-8B,EBM-NLP,22646975,P3,0.3636363636363636
Qwen3-8B,EBM-NLP,20226474,P1,0.4482758620689655
Qwen3-8B,EBM-NLP,2224060,P4,0.3333333333333333
Qwen3-8B,EBM-NLP,17293018,P4,0.0869565217391304
Qwen3-8B,EBM-NLP,18975051,P2,0.0833333333333333
Qwen3-8B,SciERC,E93-1066,P3,0.0
Qwen3-8B,EBM-NLP,8726604,P2,0.2105263157894736
Qwen3-8B,EBM-NLP,22881991,P2,0.2307692307692307
Qwen3-8B,EBM-NLP,24451919,P3,0.3703703703703703
Qwen3-8B,SciERC,ECCV_2016_212_abs,P1,0.0
Qwen3-8B,EBM-NLP,24080592,P2,0.4
Qwen3-8B,EBM-NLP,3919804,P4,0.6060606060606061
Qwen3-8B,EBM-NLP,24317958,P2,0.4444444444444444
Qwen3-8B,EBM-NLP,19376304,P2,0.3
Qwen3-8B,EBM-NLP,24515505,P1,0.4285714285714286
Qwen3-8B,EBM-NLP,20147856,P2,0.3703703703703703
Qwen3-8B,EBM-NLP,7814711,P1,0.3571428571428571
Qwen3-8B,EBM-NLP,6418441,P3,0.5625000000000001
Qwen3-8B,EBM-NLP,12477021,P4,0.25
Qwen3-8B,EBM-NLP,22435114,P3,0.3636363636363636
Qwen3-8B,EBM-NLP,14763035,P1,0.5
Qwen3-8B,EBM-NLP,8771302,P1,0.1481481481481481
Qwen3-8B,EBM-NLP,10578479,P3,0.1935483870967741
Qwen3-8B,EBM-NLP,16055807,P4,0.2352941176470588
Qwen3-8B,SciERC,CVPR_2009_10_abs,P3,0.0
Qwen3-8B,EBM-NLP,6421395,P4,0.2962962962962963
Qwen3-8B,EBM-NLP,9481998,P4,0.1904761904761904
Qwen3-8B,EBM-NLP,1963383,P2,0.4285714285714285
Qwen3-8B,EBM-NLP,24960665,P1,0.3636363636363636
Qwen3-8B,SciERC,W02-1602,P1,0.0
Qwen3-8B,EBM-NLP,21718094,P2,0.2962962962962963
Qwen3-8B,EBM-NLP,2908133,P2,0.3478260869565218
Qwen3-8B,EBM-NLP,17897478,P2,0.2857142857142857
Qwen3-8B,EBM-NLP,8913901,P1,0.4705882352941176
Qwen3-8B,EBM-NLP,1286547,P3,0.4374999999999999
Qwen3-8B,EBM-NLP,18544974,P2,0.3428571428571428
Qwen3-8B,EBM-NLP,20804366,P4,0.1578947368421052
Qwen3-8B,EBM-NLP,14739125,P1,0.5517241379310346
Qwen3-8B,EBM-NLP,8989009,P2,0.2222222222222222
Qwen3-8B,EBM-NLP,16167234,P3,0.3076923076923077
Qwen3-8B,EBM-NLP,12960652,P2,0.2666666666666666
Qwen3-8B,EBM-NLP,26210844,P2,0.0
Qwen3-8B,EBM-NLP,16295154,P3,0.5454545454545455
Qwen3-8B,EBM-NLP,24726342,P1,0.1538461538461538
Qwen3-8B,EBM-NLP,21924760,P1,0.2307692307692307
Qwen3-8B,SciERC,ICML_2016_11_abs,P3,0.15
Qwen3-8B,EBM-NLP,26278470,P2,0.2352941176470588
Qwen3-8B,EBM-NLP,23356250,P2,0.4
Qwen3-8B,EBM-NLP,20560622,P3,0.6666666666666667
Qwen3-8B,EBM-NLP,10070173,P2,0.2285714285714286
Qwen3-8B,EBM-NLP,11829043,P3,0.4444444444444445
Qwen3-8B,EBM-NLP,25898782,P1,0.3111111111111111
Qwen3-8B,EBM-NLP,2066441,P4,0.3636363636363636
Qwen3-8B,EBM-NLP,23357440,P4,0.4516129032258064
Qwen3-8B,EBM-NLP,19159999,P4,0.2222222222222221
Qwen3-8B,SciERC,ECCV_2006_13_abs,P2,0.0
Qwen3-8B,EBM-NLP,23417625,P4,0.3703703703703703
Qwen3-8B,EBM-NLP,2188766,P4,0.4444444444444444
Qwen3-8B,EBM-NLP,3534803,P1,0.2142857142857142
Qwen3-8B,EBM-NLP,9695300,P3,0.3448275862068965
Qwen3-8B,EBM-NLP,21896676,P1,0.3478260869565217
Qwen3-8B,SciERC,ECCV_2016_204_abs,P3,0.0
Qwen3-8B,EBM-NLP,25369243,P4,0.2758620689655172
Qwen3-8B,EBM-NLP,11642083,P4,0.2666666666666666
Qwen3-8B,EBM-NLP,18503531,P4,0.2727272727272727
Qwen3-8B,EBM-NLP,25784723,P2,0.2307692307692307
Qwen3-8B,EBM-NLP,23392542,P1,0.2941176470588235
Qwen3-8B,EBM-NLP,22420121,P3,0.3
Qwen3-8B,EBM-NLP,21106663,P3,0.2222222222222222
Qwen3-8B,EBM-NLP,25068497,P4,0.4347826086956522
Qwen3-8B,SciERC,ECCV_2016_99_abs,P3,0.4848484848484848
Qwen3-8B,SciERC,CVPR_1994_10_abs,P3,0.358974358974359
Qwen3-8B,EBM-NLP,15858959,P2,0.303030303030303
Qwen3-8B,EBM-NLP,23103798,P1,0.3999999999999999
Qwen3-8B,EBM-NLP,10763172,P3,0.2424242424242424
Qwen3-8B,EBM-NLP,21669557,P1,0.4285714285714285
Qwen3-8B,SciERC,ICCV_2013_47_abs,P3,0.0
Qwen3-8B,EBM-NLP,12576806,P1,0.2962962962962963
Qwen3-8B,EBM-NLP,11737955,P2,0.3076923076923077
Qwen3-8B,SciERC,J86-3001,P1,0.0
Qwen3-8B,SciERC,CVPR_2008_256_abs,P3,0.0
Qwen3-8B,EBM-NLP,2088233,P4,0.3157894736842105
Qwen3-8B,EBM-NLP,21982657,P1,0.3888888888888889
Qwen3-8B,EBM-NLP,9394106,P2,0.4
Qwen3-8B,EBM-NLP,7598243,P2,0.2564102564102564
Qwen3-8B,EBM-NLP,7808649,P2,0.25
Qwen3-8B,SciERC,ICCV_2003_151_abs,P3,0.0
Qwen3-8B,EBM-NLP,17616069,P4,0.25
Qwen3-8B,EBM-NLP,19727232,P3,0.1481481481481481
Qwen3-8B,EBM-NLP,18783504,P3,0.4
Qwen3-8B,EBM-NLP,10589810,P1,0.24
Qwen3-8B,SciERC,H01-1042,P3,0.2666666666666666
Qwen3-8B,EBM-NLP,19301724,P1,0.217391304347826
Qwen3-8B,EBM-NLP,2803397,P1,0.1111111111111111
Qwen3-8B,EBM-NLP,1669598,P3,0.5405405405405405
Qwen3-8B,EBM-NLP,24075141,P4,0.4516129032258064
Qwen3-8B,EBM-NLP,11317090,P2,0.4210526315789473
Qwen3-8B,EBM-NLP,8911223,P3,0.3783783783783783
Qwen3-8B,EBM-NLP,10390665,P4,0.24
Qwen3-8B,EBM-NLP,17321989,P3,0.2307692307692307
Qwen3-8B,EBM-NLP,20226474,P2,0.2439024390243902
Qwen3-8B,EBM-NLP,2678230,P5,0.3076923076923076
Qwen3-8B,EBM-NLP,21170734,P4,0.4166666666666667
Qwen3-8B,EBM-NLP,18958161,P4,0.1818181818181818
Qwen3-8B,EBM-NLP,25479285,P1,0.32
Qwen3-8B,EBM-NLP,11495215,P4,0.2702702702702703
Qwen3-8B,EBM-NLP,8916620,P5,0.2666666666666666
Qwen3-8B,EBM-NLP,20943715,P1,0.3333333333333333
Qwen3-8B,EBM-NLP,15133359,P3,0.4666666666666667
Qwen3-8B,SciERC,ECCV_2016_212_abs,P2,0.0
Qwen3-8B,EBM-NLP,361799,P4,0.3157894736842105
Qwen3-8B,EBM-NLP,21393467,P3,0.2857142857142857
Qwen3-8B,EBM-NLP,9730996,P3,0.2222222222222221
Qwen3-8B,EBM-NLP,21491990,P1,0.24
Qwen3-8B,EBM-NLP,7853069,P4,0.2352941176470588
Qwen3-8B,EBM-NLP,10912743,P1,0.2758620689655172
Qwen3-8B,EBM-NLP,11454878,P1,0.409090909090909
Qwen3-8B,EBM-NLP,24515505,P2,0.3902439024390244
Qwen3-8B,SciERC,INTERSPEECH_2008_28_abs,P3,0.0
Qwen3-8B,EBM-NLP,25950425,P1,0.1666666666666666
Qwen3-8B,EBM-NLP,7831628,P4,0.0
Qwen3-8B,EBM-NLP,12139812,P4,0.631578947368421
Qwen3-8B,EBM-NLP,8771302,P2,0.1538461538461538
Qwen3-8B,EBM-NLP,3074300,P3,0.4545454545454545
Qwen3-8B,EBM-NLP,7814711,P2,0.1666666666666666
Qwen3-8B,EBM-NLP,15848261,P3,0.5714285714285715
Qwen3-8B,EBM-NLP,14763035,P2,0.2666666666666666
Qwen3-8B,SciERC,X96-1059,P3,0.0
Qwen3-8B,EBM-NLP,10764172,P3,0.4374999999999999
Qwen3-8B,EBM-NLP,22646975,P4,0.3157894736842105
Qwen3-8B,EBM-NLP,22865017,P3,0.2424242424242424
Qwen3-8B,EBM-NLP,22956006,P1,0.2564102564102564
Qwen3-8B,EBM-NLP,18975051,P3,0.0869565217391304
Qwen3-8B,EBM-NLP,24960665,P2,0.2424242424242424
Qwen3-8B,EBM-NLP,24989854,P1,0.3076923076923076
Qwen3-8B,SciERC,W02-1602,P2,0.0
Qwen3-8B,EBM-NLP,8726604,P3,0.2051282051282051
Qwen3-8B,EBM-NLP,22881991,P3,0.2307692307692307
Qwen3-8B,EBM-NLP,12586799,P1,0.2162162162162162
Qwen3-8B,EBM-NLP,8913901,P2,0.5333333333333333
Qwen3-8B,EBM-NLP,24451919,P4,0.3571428571428571
Qwen3-8B,EBM-NLP,14739125,P2,0.625
Qwen3-8B,EBM-NLP,24080592,P3,0.4
Qwen3-8B,EBM-NLP,22897461,P1,0.3555555555555555
Qwen3-8B,EBM-NLP,24317958,P3,0.0
Qwen3-8B,EBM-NLP,19376304,P3,0.3
Qwen3-8B,EBM-NLP,24726342,P2,0.1538461538461538
Qwen3-8B,EBM-NLP,20147856,P3,0.4444444444444445
Qwen3-8B,EBM-NLP,21924760,P2,0.2222222222222221
Qwen3-8B,EBM-NLP,22435114,P4,0.4444444444444444
Qwen3-8B,EBM-NLP,10578479,P4,0.16
Qwen3-8B,EBM-NLP,22341427,P1,0.3076923076923076
Qwen3-8B,EBM-NLP,6418441,P4,0.4516129032258064
Qwen3-8B,EBM-NLP,22154769,P1,0.1428571428571428
Qwen3-8B,EBM-NLP,25898782,P2,0.2666666666666666
Qwen3-8B,EBM-NLP,18845996,P1,0.2941176470588235
Qwen3-8B,EBM-NLP,1963383,P3,0.3703703703703703
Qwen3-8B,EBM-NLP,21718094,P3,0.2962962962962963
Qwen3-8B,EBM-NLP,2908133,P3,0.3333333333333333
Qwen3-8B,EBM-NLP,3534803,P2,0.2222222222222222
Qwen3-8B,EBM-NLP,17897478,P3,0.2857142857142857
Qwen3-8B,EBM-NLP,9573502,P1,0.2553191489361702
Qwen3-8B,EBM-NLP,21896676,P2,0.3478260869565217
Qwen3-8B,EBM-NLP,11381289,P5,0.6153846153846154
Qwen3-8B,EBM-NLP,1286547,P4,0.5333333333333333
Qwen3-8B,EBM-NLP,18544974,P3,0.3829787234042553
Qwen3-8B,EBM-NLP,4919024,P5,0.2
Qwen3-8B,EBM-NLP,8989009,P3,0.2222222222222222
Qwen3-8B,EBM-NLP,16167234,P4,0.3076923076923077
Qwen3-8B,EBM-NLP,23392542,P2,0.1818181818181818
Qwen3-8B,EBM-NLP,7707420,P1,0.1818181818181818
Qwen3-8B,EBM-NLP,12960652,P3,0.2666666666666666
Qwen3-8B,EBM-NLP,12595499,P1,0.4516129032258065
Qwen3-8B,EBM-NLP,16295154,P4,0.4
Qwen3-8B,EBM-NLP,26210844,P3,0.0
Qwen3-8B,EBM-NLP,26278470,P3,0.2352941176470588
Qwen3-8B,EBM-NLP,10070173,P3,0.3076923076923076
Qwen3-8B,EBM-NLP,23103798,P2,0.3999999999999999
Qwen3-8B,EBM-NLP,20560622,P4,0.5517241379310345
Qwen3-8B,EBM-NLP,23356250,P3,0.4137931034482758
Qwen3-8B,EBM-NLP,12576806,P2,0.2962962962962963
Qwen3-8B,EBM-NLP,21669557,P2,0.4285714285714285
Qwen3-8B,EBM-NLP,11829043,P4,0.4444444444444445
Qwen3-8B,SciERC,J86-3001,P2,0.0
Qwen3-8B,EBM-NLP,21914768,P5,0.3636363636363636
Qwen3-8B,EBM-NLP,19708562,P5,0.6666666666666666
Qwen3-8B,EBM-NLP,18189160,P1,0.3111111111111111
Qwen3-8B,EBM-NLP,6989377,P1,0.3255813953488372
Qwen3-8B,SciERC,ECCV_2006_13_abs,P3,0.0
Qwen3-8B,EBM-NLP,21982657,P2,0.3888888888888889
Qwen3-8B,EBM-NLP,3067745,P5,0.3157894736842105
Qwen3-8B,EBM-NLP,23849147,P5,0.25
Qwen3-8B,EBM-NLP,9695300,P4,0.4285714285714285
Qwen3-8B,EBM-NLP,25784723,P3,0.2307692307692307
Qwen3-8B,EBM-NLP,19301724,P2,0.2727272727272727
Qwen3-8B,EBM-NLP,10589810,P2,0.24
Qwen3-8B,EBM-NLP,21106663,P4,0.1111111111111111
Qwen3-8B,EBM-NLP,15358868,P5,0.2666666666666667
Qwen3-8B,EBM-NLP,2803397,P2,0.0571428571428571
Qwen3-8B,EBM-NLP,22420121,P4,0.2
Qwen3-8B,EBM-NLP,15014018,P1,0.3125
Qwen3-8B,EBM-NLP,7844976,P5,0.1176470588235294
Qwen3-8B,EBM-NLP,15858959,P3,0.303030303030303
Qwen3-8B,EBM-NLP,10763172,P4,0.1333333333333333
Qwen3-8B,EBM-NLP,10475150,P1,0.2666666666666666
Qwen3-8B,EBM-NLP,11737955,P3,0.3076923076923077
Qwen3-8B,EBM-NLP,384815,P5,0.631578947368421
Qwen3-8B,EBM-NLP,16505427,P1,0.3529411764705882
Qwen3-8B,EBM-NLP,25479285,P2,0.32
Qwen3-8B,EBM-NLP,9394106,P3,0.4
Qwen3-8B,EBM-NLP,7808649,P3,0.25
Qwen3-8B,EBM-NLP,7598243,P3,0.2564102564102564
Qwen3-8B,EBM-NLP,19727232,P4,0.1481481481481481
Qwen3-8B,EBM-NLP,19096921,P5,0.4285714285714285
Qwen3-8B,EBM-NLP,18783504,P4,0.3157894736842105
Qwen3-8B,EBM-NLP,20943715,P2,0.3333333333333333
Qwen3-8B,EBM-NLP,1669598,P4,0.5454545454545455
Qwen3-8B,EBM-NLP,10912743,P2,0.1538461538461538
Qwen3-8B,EBM-NLP,22416755,P5,0.375
Qwen3-8B,EBM-NLP,24803369,P5,0.1
Qwen3-8B,EBM-NLP,11454878,P2,0.409090909090909
Qwen3-8B,EBM-NLP,21491990,P2,0.24
Qwen3-8B,EBM-NLP,23114870,P1,0.4210526315789474
Qwen3-8B,EBM-NLP,8519720,P1,0.3111111111111111
Qwen3-8B,EBM-NLP,8911222,P1,0.1764705882352941
Qwen3-8B,EBM-NLP,10934569,P5,0.3333333333333333
Qwen3-8B,EBM-NLP,8911223,P4,0.3783783783783783
Qwen3-8B,EBM-NLP,11317090,P3,0.4210526315789473
Qwen3-8B,EBM-NLP,25950425,P2,0.1739130434782608
Qwen3-8B,EBM-NLP,6938020,P5,0.5384615384615385
Qwen3-8B,EBM-NLP,22271197,P5,0.25
Qwen3-8B,EBM-NLP,17321989,P4,0.1481481481481481
Qwen3-8B,EBM-NLP,22956006,P2,0.2352941176470588
Qwen3-8B,EBM-NLP,20226474,P3,0.2051282051282051
Qwen3-8B,EBM-NLP,24989854,P2,0.3684210526315789
Qwen3-8B,EBM-NLP,12586799,P2,0.2162162162162162
Qwen3-8B,EBM-NLP,18077611,P1,0.4878048780487805
Qwen3-8B,EBM-NLP,15133359,P4,0.3571428571428571
Qwen3-8B,SciERC,ECCV_2016_212_abs,P3,0.0
Qwen3-8B,EBM-NLP,22897461,P2,0.3555555555555555
Qwen3-8B,EBM-NLP,21393467,P4,0.3333333333333333
Qwen3-8B,EBM-NLP,9730996,P4,0.24
Qwen3-8B,EBM-NLP,1780092,P5,0.3157894736842105
Qwen3-8B,EBM-NLP,24515505,P3,0.3902439024390244
Qwen3-8B,EBM-NLP,12709693,P1,0.2105263157894736
Qwen3-8B,EBM-NLP,14679127,P1,0.2424242424242424
Qwen3-8B,EBM-NLP,15848261,P4,0.3333333333333333
Qwen3-8B,EBM-NLP,8771302,P3,0.0769230769230769
Qwen3-8B,EBM-NLP,14763035,P3,0.4117647058823529
Qwen3-8B,EBM-NLP,22341427,P2,0.3076923076923076
Qwen3-8B,EBM-NLP,3074300,P4,0.3333333333333333
Qwen3-8B,EBM-NLP,7814711,P3,0.25
Qwen3-8B,EBM-NLP,22154769,P2,0.0952380952380952
Qwen3-8B,EBM-NLP,10764172,P4,0.25
Qwen3-8B,EBM-NLP,22865017,P4,0.3414634146341463
Qwen3-8B,EBM-NLP,18845996,P2,0.2580645161290322
Qwen3-8B,EBM-NLP,6920252,P1,0.45
Qwen3-8B,EBM-NLP,18975051,P4,0.0
Qwen3-8B,EBM-NLP,24960665,P3,0.2105263157894736
Qwen3-8B,EBM-NLP,1968178,P5,0.4
Qwen3-8B,SciERC,W02-1602,P3,0.0
Qwen3-8B,EBM-NLP,8726604,P4,0.24
Qwen3-8B,EBM-NLP,22881991,P4,0.16
Qwen3-8B,EBM-NLP,25931290,P5,0.4210526315789473
Qwen3-8B,EBM-NLP,8913901,P3,0.5
Qwen3-8B,EBM-NLP,9573502,P2,0.1538461538461538
Qwen3-8B,EBM-NLP,14739125,P3,0.6451612903225806
Qwen3-8B,EBM-NLP,24080592,P4,0.3448275862068965
Qwen3-8B,EBM-NLP,11401641,P1,0.1621621621621621
Qwen3-8B,EBM-NLP,8779382,P5,0.2666666666666666
Qwen3-8B,EBM-NLP,1131298,P5,0.3157894736842105
Qwen3-8B,EBM-NLP,6951573,P5,0.2352941176470588
Qwen3-8B,EBM-NLP,24317958,P4,0.1739130434782609
Qwen3-8B,EBM-NLP,7707420,P2,0.1818181818181818
Qwen3-8B,EBM-NLP,19376304,P4,0.3
Qwen3-8B,EBM-NLP,20147856,P4,0.5
Qwen3-8B,EBM-NLP,24726342,P3,0.1538461538461538
Qwen3-8B,EBM-NLP,12595499,P2,0.4571428571428571
Qwen3-8B,EBM-NLP,21924760,P3,0.2307692307692307
Qwen3-8B,EBM-NLP,11750293,P5,0.3157894736842105
Qwen3-8B,EBM-NLP,25898782,P3,0.3414634146341463
Qwen3-8B,EBM-NLP,11891832,P5,0.4615384615384615
Qwen3-8B,EBM-NLP,1963383,P4,0.4242424242424242
Qwen3-8B,EBM-NLP,1459268,P5,0.2352941176470588
Qwen3-8B,EBM-NLP,18189160,P2,0.3111111111111111
Qwen3-8B,EBM-NLP,6989377,P2,0.2325581395348837
Qwen3-8B,EBM-NLP,21718094,P4,0.2857142857142857
Qwen3-8B,EBM-NLP,2908133,P4,0.4166666666666667
Qwen3-8B,EBM-NLP,17897478,P4,0.3076923076923076
Qwen3-8B,EBM-NLP,3534803,P3,0.2068965517241379
Qwen3-8B,EBM-NLP,18544974,P4,0.2941176470588235
Qwen3-8B,EBM-NLP,20509069,P5,0.4210526315789474
Qwen3-8B,EBM-NLP,21896676,P3,0.3478260869565217
Qwen3-8B,EBM-NLP,15854186,P5,0.5384615384615384
Qwen3-8B,EBM-NLP,23392542,P3,0.1818181818181818
Qwen3-8B,EBM-NLP,9229602,P5,0.375
Qwen3-8B,EBM-NLP,8989009,P4,0.3076923076923076
Qwen3-8B,EBM-NLP,12960652,P4,0.0714285714285714
Qwen3-8B,EBM-NLP,15014018,P2,0.3125
Qwen3-8B,SciERC,P86-1011,P4,0.2
Qwen3-8B,EBM-NLP,26210844,P4,0.0689655172413793
Qwen3-8B,EBM-NLP,24660757,P5,0.3636363636363636
Qwen3-8B,EBM-NLP,23356250,P4,0.3448275862068966
Qwen3-8B,EBM-NLP,10070173,P4,0.2222222222222222
Qwen3-8B,EBM-NLP,26278470,P4,0.2352941176470588
Qwen3-8B,EBM-NLP,23103798,P3,0.3448275862068965
Qwen3-8B,EBM-NLP,12576806,P3,0.32
Qwen3-8B,EBM-NLP,21669557,P3,0.24
Qwen3-8B,EBM-NLP,10475150,P2,0.2666666666666666
Qwen3-8B,SciERC,J86-3001,P3,0.0
Qwen3-8B,EBM-NLP,16505427,P2,0.4444444444444444
Qwen3-8B,EBM-NLP,11229858,P6,0.5714285714285715
Qwen3-8B,EBM-NLP,21982657,P3,0.3888888888888889
Qwen3-8B,EBM-NLP,20618920,P5,0.5
Qwen3-8B,EBM-NLP,21975269,P1,0.2222222222222221
Qwen3-8B,EBM-NLP,25784723,P4,0.2307692307692307
Qwen3-8B,EBM-NLP,19301724,P3,0.217391304347826
Qwen3-8B,EBM-NLP,10589810,P3,0.24
Qwen3-8B,EBM-NLP,2803397,P3,0.0571428571428571
Qwen3-8B,EBM-NLP,8911222,P2,0.2941176470588235
Qwen3-8B,EBM-NLP,8519720,P2,0.2727272727272727
Qwen3-8B,EBM-NLP,23114870,P2,0.4210526315789474
Qwen3-8B,EBM-NLP,15858959,P4,0.1290322580645161
Qwen3-8B,EBM-NLP,7017018,P5,0.2666666666666666
Qwen3-8B,EBM-NLP,11737955,P4,0.32
Qwen3-8B,SciERC,ECCV_2016_110_abs,P4,0.25
Qwen3-8B,SciERC,E95-1033,P4,0.3076923076923077
Qwen3-8B,EBM-NLP,9394106,P4,0.2222222222222222
Qwen3-8B,EBM-NLP,25479285,P3,0.3478260869565218
Qwen3-8B,EBM-NLP,7598243,P4,0.2926829268292683
Qwen3-8B,EBM-NLP,18077611,P2,0.3157894736842105
Qwen3-8B,EBM-NLP,7808649,P4,0.1333333333333333
Qwen3-8B,EBM-NLP,23838728,P5,0.2666666666666666
Qwen3-8B,EBM-NLP,23021296,P5,0.1739130434782609
Qwen3-8B,EBM-NLP,3081600,P5,0.2051282051282051
Qwen3-8B,SciERC,P06-3007,P4,0.2857142857142857
Qwen3-8B,EBM-NLP,20943715,P3,0.3333333333333333
Qwen3-8B,EBM-NLP,11454878,P3,0.3333333333333333
Qwen3-8B,EBM-NLP,10912743,P3,0.1538461538461538
Qwen3-8B,EBM-NLP,21491990,P3,0.1538461538461538
Qwen3-8B,EBM-NLP,12709693,P2,0.0
Qwen3-8B,EBM-NLP,25950425,P3,0.1951219512195122
Qwen3-8B,EBM-NLP,14679127,P2,0.2424242424242424
Qwen3-8B,EBM-NLP,18229990,P5,0.3076923076923077
Qwen3-8B,EBM-NLP,11317090,P4,0.1875
Qwen3-8B,EBM-NLP,16427787,P5,0.2499999999999999
Qwen3-8B,EBM-NLP,2223363,P5,0.5882352941176471
Qwen3-8B,SciERC,C88-1044,P4,0.7999999999999999
Qwen3-8B,EBM-NLP,15193668,P5,0.1904761904761904
Qwen3-8B,EBM-NLP,22956006,P3,0.2352941176470588
Qwen3-8B,EBM-NLP,6920252,P2,0.5128205128205128
Qwen3-8B,EBM-NLP,20226474,P4,0.2051282051282051
Qwen3-8B,EBM-NLP,24989854,P3,0.2631578947368421
Qwen3-8B,SciERC,P05-1039,P4,0.5263157894736842
Qwen3-8B,EBM-NLP,18773733,P5,0.0
Qwen3-8B,EBM-NLP,12586799,P3,0.2162162162162162
Qwen3-8B,SciERC,P06-1018,P4,0.5333333333333333
Qwen3-8B,EBM-NLP,22897461,P3,0.3913043478260869
Qwen3-8B,SciERC,I05-5004,P4,0.6666666666666665
Qwen3-8B,SciERC,E99-1015,P4,0.5714285714285715
Qwen3-8B,EBM-NLP,7827398,P5,0.2352941176470588
Qwen3-8B,EBM-NLP,11401641,P2,0.2162162162162162
Qwen3-8B,EBM-NLP,24515505,P4,0.3684210526315789
Qwen3-8B,EBM-NLP,7814711,P4,0.1666666666666666
Qwen3-8B,EBM-NLP,24350813,P1,0.4313725490196078
Qwen3-8B,EBM-NLP,14763035,P4,0.3999999999999999
Qwen3-8B,EBM-NLP,8771302,P4,0.1481481481481481
Qwen3-8B,EBM-NLP,22341427,P3,0.3076923076923076
Qwen3-8B,EBM-NLP,22154769,P3,0.1052631578947368
Qwen3-8B,EBM-NLP,10752495,P5,0.1666666666666666
Qwen3-8B,EBM-NLP,18845996,P3,0.2580645161290322
Qwen3-8B,EBM-NLP,22744141,P5,0.375
Qwen3-8B,SciERC,P06-1053,P4,0.4761904761904761
Qwen3-8B,EBM-NLP,24960665,P4,0.2580645161290322
Qwen3-8B,EBM-NLP,20189026,P1,0.303030303030303
Qwen3-8B,SciERC,P05-2013,P4,0.5
Qwen3-8B,EBM-NLP,23549581,P1,0.4705882352941176
Qwen3-8B,EBM-NLP,14739125,P4,0.1739130434782609
Qwen3-8B,EBM-NLP,9573502,P3,0.2127659574468085
Qwen3-8B,EBM-NLP,8913901,P4,0.3636363636363637
Qwen3-8B,SciERC,P06-4007,P4,0.3999999999999999
Qwen3-8B,EBM-NLP,17293018,P5,0.2608695652173913
Qwen3-8B,EBM-NLP,2224060,P5,0.3
Qwen3-8B,SciERC,C86-1081,P4,0.1666666666666666
Qwen3-8B,EBM-NLP,7707420,P3,0.1818181818181818
Qwen3-8B,EBM-NLP,21924760,P4,0.2222222222222221
Qwen3-8B,SciERC,P06-1013,P4,0.2857142857142856
Qwen3-8B,EBM-NLP,24726342,P4,0.1578947368421052
Qwen3-8B,SciERC,P06-2012,P4,0.6666666666666667
Qwen3-8B,EBM-NLP,12595499,P3,0.5
Qwen3-8B,EBM-NLP,19802506,P1,0.32
Qwen3-8B,EBM-NLP,25898782,P4,0.2564102564102564
Qwen3-8B,EBM-NLP,3919804,P5,0.6470588235294118
Qwen3-8B,EBM-NLP,18337284,P1,0.0999999999999999
Qwen3-8B,EBM-NLP,6989377,P3,0.3703703703703704
Qwen3-8B,EBM-NLP,18189160,P3,0.3111111111111111
Qwen3-8B,EBM-NLP,12477021,P5,0.2222222222222222
Qwen3-8B,SciERC,CVPR_2003_30_abs,P4,0.3999999999999999
Qwen3-8B,EBM-NLP,3534803,P4,0.08
Qwen3-8B,EBM-NLP,16055807,P5,0.3529411764705882
Qwen3-8B,EBM-NLP,6421395,P5,0.2307692307692307
Qwen3-8B,EBM-NLP,21896676,P4,0.3478260869565217
Qwen3-8B,SciERC,E06-1022,P4,0.64
Qwen3-8B,EBM-NLP,21975269,P2,0.2222222222222221
Qwen3-8B,SciERC,C04-1011,P4,0.25
Qwen3-8B,EBM-NLP,9481998,P5,0.2105263157894736
Qwen3-8B,SciERC,CVPR_2004_18_abs,P4,0.0833333333333333
Qwen3-8B,SciERC,P83-1004,P4,0.125
Qwen3-8B,EBM-NLP,23392542,P4,0.1818181818181818
Qwen3-8B,EBM-NLP,15014018,P3,0.4
Qwen3-8B,EBM-NLP,20804366,P5,0.3199999999999999
Qwen3-8B,EBM-NLP,23103798,P4,0.4137931034482758
Qwen3-8B,EBM-NLP,21669557,P4,0.16
Qwen3-8B,EBM-NLP,10475150,P3,0.0
Qwen3-8B,EBM-NLP,12576806,P4,0.24
Qwen3-8B,SciERC,H05-1095,P4,0.5714285714285714
Qwen3-8B,EBM-NLP,16505427,P3,0.3428571428571428
Qwen3-8B,EBM-NLP,21982657,P4,0.3243243243243243
Qwen3-8B,EBM-NLP,22538329,P1,0.3225806451612903
Qwen3-8B,EBM-NLP,2678230,P6,0.3076923076923076
Qwen3-8B,SciERC,C08-2010,P4,0.2142857142857142
Qwen3-8B,SciERC,C04-1128,P4,0.5454545454545454
Qwen3-8B,SciERC,P03-1070,P4,0.8275862068965517
Qwen3-8B,EBM-NLP,23357440,P5,0.32
Qwen3-8B,EBM-NLP,2066441,P5,0.2
Qwen3-8B,EBM-NLP,2803397,P4,0.3555555555555555
Qwen3-8B,EBM-NLP,10589810,P4,0.3076923076923076
Qwen3-8B,EBM-NLP,19301724,P4,0.3396226415094339
Qwen3-8B,EBM-NLP,19159999,P5,0.3448275862068966
Qwen3-8B,EBM-NLP,23114870,P3,0.2352941176470588
Qwen3-8B,EBM-NLP,8911222,P3,0.2857142857142857
Qwen3-8B,EBM-NLP,8519720,P3,0.1860465116279069
Qwen3-8B,EBM-NLP,23417625,P5,0.3703703703703703
Qwen3-8B,SciERC,C04-1036,P4,0.5217391304347826
Qwen3-8B,EBM-NLP,2188766,P5,0.3703703703703704
Qwen3-8B,EBM-NLP,8916620,P6,0.1428571428571428
Qwen3-8B,EBM-NLP,18503531,P5,0.2727272727272727
Qwen3-8B,EBM-NLP,25369243,P5,0.2608695652173913
Qwen3-8B,EBM-NLP,11642083,P5,0.2068965517241379
Qwen3-8B,SciERC,N06-1037,P4,0.64
Qwen3-8B,SciERC,NIPS_2016_80_abs,P4,0.4347826086956521
Qwen3-8B,EBM-NLP,25068497,P5,0.2857142857142857
Qwen3-8B,SciERC,INTERSPEECH_2007_40_abs,P4,0.761904761904762
Qwen3-8B,EBM-NLP,25479285,P4,0.2857142857142857
Qwen3-8B,SciERC,C96-1062,P4,0.7142857142857143
Qwen3-8B,EBM-NLP,18077611,P3,0.2702702702702703
Qwen3-8B,SciERC,CVPR_2011_10_abs,P4,0.4117647058823529
Qwen3-8B,SciERC,N04-1022,P4,0.5333333333333333
Qwen3-8B,SciERC,CVPR_1999_15_abs,P4,0.3333333333333333
Qwen3-8B,EBM-NLP,20943715,P4,0.2352941176470588
Qwen3-8B,EBM-NLP,11454878,P4,0.2564102564102564
Qwen3-8B,EBM-NLP,21491990,P4,0.1666666666666666
Qwen3-8B,EBM-NLP,2088233,P5,0.3809523809523809
Qwen3-8B,EBM-NLP,10912743,P4,0.1538461538461538
Qwen3-8B,EBM-NLP,12709693,P3,0.0571428571428571
Qwen3-8B,SciERC,J82-3002,P4,0.3076923076923076
Qwen3-8B,EBM-NLP,25950425,P4,0.2666666666666666
Qwen3-8B,SciERC,ICCV_2013_25_abs,P4,0.4705882352941176
Qwen3-8B,SciERC,CVPR_2004_30_abs,P4,0.5
Qwen3-8B,SciERC,P01-1056,P4,0.4000000000000001
Qwen3-8B,EBM-NLP,14679127,P3,0.2424242424242424
Qwen3-8B,EBM-NLP,17616069,P5,0.0909090909090909
Qwen3-8B,EBM-NLP,24350813,P2,0.4489795918367347
Qwen3-8B,SciERC,I05-4010,P4,0.1111111111111111
Qwen3-8B,SciERC,NIPS_2001_11_abs,P4,0.4705882352941176
Qwen3-8B,EBM-NLP,22956006,P4,0.2424242424242424
Qwen3-8B,SciERC,C00-2123,P4,0.1176470588235294
Qwen3-8B,EBM-NLP,6920252,P3,0.1935483870967741
Qwen3-8B,EBM-NLP,20189026,P2,0.2580645161290322
Qwen3-8B,EBM-NLP,24075141,P5,0.0909090909090909
Qwen3-8B,EBM-NLP,24989854,P4,0.358974358974359
Qwen3-8B,EBM-NLP,10390665,P5,0.24
Qwen3-8B,SciERC,NIPS_2002_18_abs,P4,0.3636363636363637
Qwen3-8B,EBM-NLP,12586799,P4,0.1578947368421052
Qwen3-8B,SciERC,P08-1105,P4,0.3846153846153846
Qwen3-8B,EBM-NLP,23549581,P2,0.2790697674418604
Qwen3-8B,SciERC,A97-1020,P4,0.125
Qwen3-8B,SciERC,C90-3063,P4,0.6086956521739131
Qwen3-8B,EBM-NLP,22897461,P4,0.2857142857142857
Qwen3-8B,SciERC,CVPR_2009_18_abs,P4,0.6500000000000001
Qwen3-8B,EBM-NLP,21170734,P5,0.3636363636363636
Qwen3-8B,EBM-NLP,11401641,P3,0.2162162162162162
Qwen3-8B,EBM-NLP,18958161,P5,0.1052631578947368
Qwen3-8B,SciERC,INTERSPEECH_2013_21_abs,P4,0.4516129032258064
Qwen3-8B,EBM-NLP,11495215,P5,0.2222222222222222
Qwen3-8B,EBM-NLP,11381289,P6,0.6153846153846154
Qwen3-8B,EBM-NLP,4919024,P6,0.1666666666666666
Qwen3-8B,SciERC,ICML_1995_38_abs,P4,0.2857142857142857
Qwen3-8B,EBM-NLP,22341427,P4,0.1379310344827586
Qwen3-8B,EBM-NLP,19802506,P2,0.2857142857142857
Qwen3-8B,EBM-NLP,22154769,P4,0.125
Qwen3-8B,SciERC,NIPS_2002_11_abs,P4,0.7000000000000001
Qwen3-8B,SciERC,C04-1035,P4,0.5142857142857142
Qwen3-8B,EBM-NLP,361799,P5,0.3157894736842105
Qwen3-8B,EBM-NLP,7853069,P5,0.1176470588235294
Qwen3-8B,EBM-NLP,18337284,P2,0.0512820512820512
Qwen3-8B,EBM-NLP,18845996,P4,0.303030303030303
Qwen3-8B,EBM-NLP,7831628,P5,0.1
Qwen3-8B,EBM-NLP,12139812,P5,0.4705882352941176
Qwen3-8B,SciERC,ECCV_2012_30_abs,P4,0.4285714285714285
Qwen3-8B,EBM-NLP,22646975,P5,0.3809523809523809
Qwen3-8B,EBM-NLP,21914768,P6,0.3636363636363636
Qwen3-8B,EBM-NLP,19708562,P6,0.6666666666666666
Qwen3-8B,EBM-NLP,9573502,P4,0.097560975609756
Qwen3-8B,SciERC,N03-1033,P4,0.3636363636363636
Qwen3-8B,SciERC,I05-5003,P4,0.6486486486486486
Qwen3-8B,SciERC,H01-1049,P4,0.3478260869565217
Qwen3-8B,EBM-NLP,3067745,P6,0.3157894736842105
Qwen3-8B,EBM-NLP,7707420,P4,0.1875
Qwen3-8B,SciERC,C90-3045,P4,0.6956521739130436
Qwen3-8B,EBM-NLP,23849147,P6,0.25
Qwen3-8B,EBM-NLP,25885649,P1,0.3174603174603174
Qwen3-8B,EBM-NLP,12595499,P4,0.5
Qwen3-8B,EBM-NLP,24451919,P5,0.2727272727272727
Qwen3-8B,EBM-NLP,15358868,P6,0.3333333333333333
Qwen3-8B,SciERC,C04-1106,P4,0.1333333333333333
Qwen3-8B,SciERC,P85-1019,P4,0.4374999999999999
Qwen3-8B,SciERC,C04-1103,P4,0.5
Qwen3-8B,SciERC,INTERSPEECH_2014_40_abs,P4,0.3749999999999999
Qwen3-8B,EBM-NLP,18189160,P4,0.1860465116279069
Qwen3-8B,EBM-NLP,7844976,P6,0.4
Qwen3-8B,EBM-NLP,6989377,P4,0.0
Qwen3-8B,EBM-NLP,6418441,P5,0.5161290322580644
Qwen3-8B,EBM-NLP,10578479,P5,0.1935483870967741
Qwen3-8B,EBM-NLP,22435114,P5,0.2857142857142857
Qwen3-8B,SciERC,ICCV_2001_47_abs,P4,0.4571428571428572
Qwen3-8B,EBM-NLP,22538329,P2,0.2222222222222221
Qwen3-8B,SciERC,P04-2005,P4,0.5625000000000001
Qwen3-8B,EBM-NLP,21975269,P3,0.0
Qwen3-8B,EBM-NLP,384815,P6,0.631578947368421
Qwen3-8B,SciERC,ICCV_2003_161_abs,P4,0.3749999999999999
Qwen3-8B,SciERC,N03-1026,P4,0.4571428571428571
Qwen3-8B,SciERC,E89-1016,P4,0.3870967741935484
Qwen3-8B,EBM-NLP,15014018,P4,0.3157894736842105
Qwen3-8B,EBM-NLP,19096921,P6,0.3703703703703704
Qwen3-8B,SciERC,ICASSP_2016_11_abs,P4,0.3571428571428571
Qwen3-8B,EBM-NLP,1286547,P5,0.25
Qwen3-8B,EBM-NLP,22416755,P6,0.375
Qwen3-8B,EBM-NLP,24803369,P6,0.1
Qwen3-8B,EBM-NLP,10475150,P4,0.2272727272727272
Qwen3-8B,SciERC,J05-4003,P4,0.5217391304347826
Qwen3-8B,EBM-NLP,16167234,P5,0.3076923076923077
Qwen3-8B,EBM-NLP,10934569,P6,0.1818181818181818
Qwen3-8B,SciERC,P05-1076,P4,0.5142857142857143
Qwen3-8B,EBM-NLP,16505427,P4,0.4186046511627906
Qwen3-8B,EBM-NLP,6938020,P6,0.4615384615384615
Qwen3-8B,EBM-NLP,16295154,P5,0.4
Qwen3-8B,SciERC,ICML_2016_10_abs,P4,0.3333333333333333
Qwen3-8B,EBM-NLP,20560622,P5,0.1904761904761905
Qwen3-8B,EBM-NLP,22271197,P6,0.25
Qwen3-8B,EBM-NLP,11829043,P5,0.4444444444444445
Qwen3-8B,SciERC,INTERSPEECH_2006_21_abs,P4,0.3225806451612903
Qwen3-8B,EBM-NLP,8519720,P4,0.1463414634146341
Qwen3-8B,EBM-NLP,9816035,P1,0.3243243243243243
Qwen3-8B,EBM-NLP,8911222,P4,0.1818181818181818
Qwen3-8B,EBM-NLP,23114870,P4,0.1212121212121212
Qwen3-8B,SciERC,CVPR_2008_258_abs,P4,0.5384615384615385
Qwen3-8B,EBM-NLP,9695300,P5,0.24
Qwen3-8B,EBM-NLP,11099086,P1,0.2777777777777778
Qwen3-8B,EBM-NLP,21106663,P5,0.2352941176470588
Qwen3-8B,EBM-NLP,22420121,P5,0.3
Qwen3-8B,EBM-NLP,1780092,P6,0.2105263157894737
Qwen3-8B,SciERC,CVPR_2016_413_abs,P4,0.4615384615384615
Qwen3-8B,EBM-NLP,10763172,P5,0.1764705882352941
Qwen3-8B,EBM-NLP,18077611,P4,0.2857142857142857
Qwen3-8B,SciERC,CVPR_2006_10_abs,P4,0.56
Qwen3-8B,SciERC,P05-1046,P4,0.5333333333333333
Qwen3-8B,EBM-NLP,1968178,P6,0.4
Qwen3-8B,SciERC,CVPR_1993_10_abs,P4,0.1935483870967742
Qwen3-8B,EBM-NLP,25931290,P6,0.4210526315789473
Qwen3-8B,EBM-NLP,12709693,P4,0.1621621621621621
Qwen3-8B,EBM-NLP,14679127,P4,0.2424242424242424
Qwen3-8B,EBM-NLP,18783504,P5,0.1290322580645161
Qwen3-8B,EBM-NLP,19727232,P5,0.1481481481481481
Qwen3-8B,EBM-NLP,24350813,P3,0.1714285714285714
Qwen3-8B,EBM-NLP,6951573,P6,0.2222222222222222
Qwen3-8B,EBM-NLP,8779382,P6,0.2666666666666666
Qwen3-8B,EBM-NLP,1131298,P6,0.3157894736842105
Qwen3-8B,SciERC,NIPS_2015_18_abs,P4,0.6875000000000001
Qwen3-8B,EBM-NLP,1669598,P5,0.3870967741935484
Qwen3-8B,EBM-NLP,6920252,P4,0.45
Qwen3-8B,EBM-NLP,20189026,P3,0.2580645161290322
Qwen3-8B,EBM-NLP,8911223,P5,0.3783783783783783
Qwen3-8B,SciERC,INTERSPEECH_2008_20_abs,P4,0.4444444444444444
Qwen3-8B,EBM-NLP,11750293,P6,0.3157894736842105
Qwen3-8B,SciERC,E91-1012,P4,0.2758620689655172
Qwen3-8B,SciERC,NIPS_2016_560_abs,P4,0.1935483870967742
Qwen3-8B,EBM-NLP,25886492,P1,0.2564102564102564
Qwen3-8B,EBM-NLP,23549581,P3,0.1951219512195121
Qwen3-8B,SciERC,CVPR_2010_30_abs,P4,0.5517241379310345
Qwen3-8B,EBM-NLP,17321989,P5,0.2307692307692307
Qwen3-8B,EBM-NLP,11891832,P6,0.4615384615384615
Qwen3-8B,EBM-NLP,1459268,P6,0.2222222222222222
Qwen3-8B,EBM-NLP,11401641,P4,0.1666666666666666
Qwen3-8B,EBM-NLP,25885649,P2,0.2807017543859649
Qwen3-8B,EBM-NLP,20509069,P6,0.4210526315789474
Qwen3-8B,EBM-NLP,15854186,P6,0.5384615384615384
Qwen3-8B,SciERC,CVPR_2011_11_abs,P4,0.1935483870967742
Qwen3-8B,EBM-NLP,9229602,P6,0.375
Qwen3-8B,EBM-NLP,15133359,P5,0.1739130434782609
Qwen3-8B,EBM-NLP,21393467,P5,0.5454545454545454
Qwen3-8B,EBM-NLP,19802506,P3,0.2857142857142857
Qwen3-8B,EBM-NLP,21211686,P1,0.3928571428571429
Qwen3-8B,EBM-NLP,18337284,P3,0.1538461538461538
Qwen3-8B,EBM-NLP,9730996,P5,0.24
Qwen3-8B,EBM-NLP,24660757,P6,0.3636363636363636
Qwen3-8B,EBM-NLP,3074300,P5,0.3333333333333333
Qwen3-8B,SciERC,ICML_2016_18_abs,P4,0.4761904761904762
Qwen3-8B,SciERC,ICML_2006_119_abs,P4,0.4571428571428571
Qwen3-8B,EBM-NLP,15848261,P5,0.4999999999999999
Qwen3-8B,EBM-NLP,10764172,P5,0.25
Qwen3-8B,EBM-NLP,22865017,P5,0.2424242424242424
Qwen3-8B,SciERC,J86-4002,P4,0.1333333333333333
Qwen3-8B,EBM-NLP,18975051,P5,0.0
Qwen3-8B,EBM-NLP,23985254,P1,0.3018867924528302
Qwen3-8B,EBM-NLP,8726604,P5,0.2857142857142857
Qwen3-8B,EBM-NLP,22881991,P5,0.3076923076923077
Qwen3-8B,EBM-NLP,20618920,P6,0.5
Qwen3-8B,EBM-NLP,24080592,P5,0.3703703703703703
Qwen3-8B,SciERC,C94-1091,P4,0.3846153846153846
Qwen3-8B,EBM-NLP,24317958,P5,0.0869565217391304
Qwen3-8B,EBM-NLP,19376304,P5,0.3
Qwen3-8B,EBM-NLP,7017018,P6,0.375
Qwen3-8B,EBM-NLP,20147856,P5,0.4444444444444445
Qwen3-8B,SciERC,ICASSP_1997_706_abs,P4,0.5641025641025641
Qwen3-8B,EBM-NLP,22538329,P3,0.1818181818181818
Qwen3-8B,EBM-NLP,21975269,P4,0.3076923076923077
Qwen3-8B,SciERC,P05-1056,P4,0.2857142857142857
Qwen3-8B,EBM-NLP,1963383,P5,0.3076923076923077
Qwen3-8B,EBM-NLP,9816035,P2,0.1764705882352941
Qwen3-8B,EBM-NLP,23838728,P6,0.2666666666666666
Qwen3-8B,EBM-NLP,21718094,P5,0.3076923076923077
Qwen3-8B,EBM-NLP,23021296,P6,0.1739130434782609
Qwen3-8B,SciERC,E93-1066,P4,0.2857142857142857
Qwen3-8B,EBM-NLP,2908133,P5,0.1904761904761905
Qwen3-8B,EBM-NLP,17897478,P5,0.2352941176470588
Qwen3-8B,EBM-NLP,3081600,P6,0.2051282051282051
Qwen3-8B,EBM-NLP,11099086,P2,0.2857142857142857
Qwen3-8B,EBM-NLP,18544974,P5,0.1935483870967741
Qwen3-8B,EBM-NLP,8989009,P5,0.1176470588235294
Qwen3-8B,EBM-NLP,12960652,P5,0.2142857142857142
Qwen3-8B,EBM-NLP,18229990,P6,0.3076923076923077
Qwen3-8B,EBM-NLP,26210844,P5,0.0
Qwen3-8B,EBM-NLP,16427787,P6,0.2499999999999999
Qwen3-8B,EBM-NLP,2223363,P6,0.5882352941176471
Qwen3-8B,EBM-NLP,26278470,P5,0.2352941176470588
Qwen3-8B,EBM-NLP,10070173,P5,0.2926829268292683
Qwen3-8B,EBM-NLP,23356250,P5,0.4137931034482758
Qwen3-8B,EBM-NLP,15193668,P6,0.1904761904761904
Qwen3-8B,SciERC,CVPR_2009_10_abs,P4,0.5384615384615384
Qwen3-8B,EBM-NLP,18773733,P6,0.5625
Qwen3-8B,EBM-NLP,19108790,P1,0.2181818181818182
Qwen3-8B,EBM-NLP,7827398,P6,0.2352941176470588
Qwen3-8B,EBM-NLP,25784723,P5,0.2307692307692307
Qwen3-8B,EBM-NLP,15858959,P5,0.1290322580645161
Qwen3-8B,SciERC,ICML_2016_11_abs,P4,0.1621621621621621
Qwen3-8B,EBM-NLP,25886492,P2,0.303030303030303
Qwen3-8B,EBM-NLP,10752495,P6,0.2857142857142857
Qwen3-8B,EBM-NLP,11737955,P5,0.25
Qwen3-8B,EBM-NLP,22744141,P6,0.375
Qwen3-8B,EBM-NLP,9394106,P5,0.1481481481481481
Qwen3-8B,EBM-NLP,7808649,P5,0.1999999999999999
Qwen3-8B,EBM-NLP,7598243,P5,0.358974358974359
Qwen3-8B,EBM-NLP,24350813,P4,0.2222222222222222
Qwen3-8B,EBM-NLP,17293018,P6,0.2608695652173913
Qwen3-8B,EBM-NLP,2224060,P6,0.3
Qwen3-8B,SciERC,ECCV_2016_204_abs,P4,0.375
Qwen3-8B,EBM-NLP,21211686,P2,0.4918032786885246
Qwen3-8B,SciERC,ECCV_2016_99_abs,P4,0.4864864864864865
Qwen3-8B,EBM-NLP,20189026,P4,0.2068965517241379
Qwen3-8B,EBM-NLP,11317090,P5,0.1875
Qwen3-8B,SciERC,CVPR_1994_10_abs,P4,0.2702702702702702
Qwen3-8B,EBM-NLP,3919804,P6,0.6285714285714287
Qwen3-8B,EBM-NLP,23549581,P4,0.1538461538461538
Qwen3-8B,EBM-NLP,20226474,P5,0.2051282051282051
Qwen3-8B,SciERC,ICCV_2013_47_abs,P4,0.6666666666666666
Qwen3-8B,SciERC,CVPR_2008_256_abs,P4,0.5217391304347827
Qwen3-8B,EBM-NLP,23985254,P2,0.3137254901960784
Qwen3-8B,EBM-NLP,16055807,P6,0.3529411764705882
Qwen3-8B,EBM-NLP,12477021,P6,0.2222222222222222
Qwen3-8B,EBM-NLP,6421395,P6,0.2307692307692307
Qwen3-8B,EBM-NLP,25885649,P3,0.2807017543859649
Qwen3-8B,EBM-NLP,9481998,P6,0.2105263157894736
Qwen3-8B,EBM-NLP,19802506,P4,0.1739130434782608
Qwen3-8B,SciERC,ICCV_2003_151_abs,P4,0.3809523809523809
Qwen3-8B,EBM-NLP,18337284,P4,0.1538461538461538
Qwen3-8B,SciERC,H01-1042,P4,0.3333333333333333
Qwen3-8B,EBM-NLP,24515505,P5,0.1333333333333333
Qwen3-8B,EBM-NLP,20804366,P6,0.3199999999999999
Qwen3-8B,EBM-NLP,7814711,P5,0.1739130434782608
Qwen3-8B,EBM-NLP,14763035,P5,0.1935483870967741
Qwen3-8B,EBM-NLP,8771302,P5,0.0869565217391304
Qwen3-8B,EBM-NLP,24960665,P5,0.1290322580645161
Qwen3-8B,EBM-NLP,8913901,P5,0.3529411764705882
Qwen3-8B,EBM-NLP,2066441,P6,0.2
Qwen3-8B,EBM-NLP,23357440,P6,0.32
Qwen3-8B,EBM-NLP,14739125,P5,0.2608695652173913
Qwen3-8B,EBM-NLP,21866656,P1,0.3428571428571428
Qwen3-8B,EBM-NLP,19159999,P6,0.2962962962962963
Qwen3-8B,EBM-NLP,2188766,P6,0.375
Qwen3-8B,EBM-NLP,23417625,P6,0.3703703703703703
Qwen3-8B,EBM-NLP,21924760,P5,0.16
Qwen3-8B,SciERC,INTERSPEECH_2008_28_abs,P4,0.3181818181818182
Qwen3-8B,EBM-NLP,24726342,P5,0.2777777777777778
Qwen3-8B,EBM-NLP,11642083,P6,0.2758620689655172
Qwen3-8B,EBM-NLP,18503531,P6,0.2727272727272727
Qwen3-8B,EBM-NLP,25369243,P6,0.2
Qwen3-8B,EBM-NLP,25068497,P6,0.2857142857142857
Qwen3-8B,EBM-NLP,22538329,P4,0.1818181818181818
Qwen3-8B,EBM-NLP,25898782,P5,0.2564102564102564
Qwen3-8B,SciERC,X96-1059,P4,0.4878048780487805
Qwen3-8B,EBM-NLP,19108790,P2,0.2181818181818182
Qwen3-8B,EBM-NLP,9816035,P3,0.3888888888888889
Qwen3-8B,EBM-NLP,3534803,P5,0.16
Qwen3-8B,EBM-NLP,21896676,P5,0.3478260869565217
Qwen3-8B,EBM-NLP,11099086,P3,0.2777777777777778
Qwen3-8B,EBM-NLP,10940525,P1,0.0
Qwen3-8B,EBM-NLP,2088233,P6,0.3157894736842105
Qwen3-8B,EBM-NLP,23392542,P5,0.1818181818181818
Qwen3-8B,EBM-NLP,17616069,P6,0.0909090909090909
Qwen3-8B,EBM-NLP,23103798,P5,0.1666666666666666
Qwen3-8B,EBM-NLP,21669557,P5,0.16
Qwen3-8B,EBM-NLP,12576806,P5,0.3076923076923077
Qwen3-8B,EBM-NLP,24075141,P6,0.16
Qwen3-8B,EBM-NLP,10390665,P6,0.24
Qwen3-8B,EBM-NLP,21982657,P5,0.3428571428571428
Qwen3-8B,EBM-NLP,21170734,P6,0.3636363636363636
Qwen3-8B,EBM-NLP,2803397,P5,0.2142857142857142
Qwen3-8B,EBM-NLP,10589810,P5,0.3076923076923076
Qwen3-8B,EBM-NLP,11495215,P6,0.2222222222222222
Qwen3-8B,EBM-NLP,19301724,P5,0.2162162162162162
Qwen3-8B,EBM-NLP,18958161,P6,0.25
Qwen3-8B,EBM-NLP,25886492,P3,0.2580645161290322
Qwen3-8B,EBM-NLP,361799,P6,0.3157894736842105
Qwen3-8B,EBM-NLP,7853069,P6,0.1176470588235294
Qwen3-8B,EBM-NLP,7831628,P6,0.0
Qwen3-8B,EBM-NLP,12139812,P6,0.4705882352941176
Qwen3-8B,EBM-NLP,25479285,P5,0.2857142857142857
Qwen3-8B,EBM-NLP,22646975,P6,0.3809523809523809
Qwen3-8B,SciERC,ECCV_2006_13_abs,P4,0.0
Qwen3-8B,EBM-NLP,20943715,P5,0.2857142857142857
Qwen3-8B,EBM-NLP,21491990,P5,0.0909090909090909
Qwen3-8B,EBM-NLP,21211686,P3,0.4482758620689656
Qwen3-8B,EBM-NLP,10912743,P5,0.1538461538461538
Qwen3-8B,EBM-NLP,11454878,P5,0.1621621621621622
Qwen3-8B,EBM-NLP,24451919,P6,0.2727272727272727
Qwen3-8B,EBM-NLP,25950425,P5,0.1702127659574468
Qwen3-8B,EBM-NLP,22956006,P5,0.2424242424242424
Qwen3-8B,EBM-NLP,24989854,P5,0.2631578947368421
Qwen3-8B,EBM-NLP,23985254,P3,0.097560975609756
Qwen3-8B,EBM-NLP,10578479,P6,0.1935483870967741
Qwen3-8B,EBM-NLP,22435114,P6,0.4
Qwen3-8B,EBM-NLP,6418441,P6,0.5161290322580644
Qwen3-8B,EBM-NLP,12586799,P5,0.2162162162162162
Qwen3-8B,EBM-NLP,25885649,P4,0.08
Qwen3-8B,EBM-NLP,21866656,P2,0.3428571428571428
Qwen3-8B,EBM-NLP,22897461,P5,0.2857142857142857
Qwen3-8B,EBM-NLP,1286547,P6,0.1481481481481481
Qwen3-8B,EBM-NLP,22341427,P5,0.1379310344827586
Qwen3-8B,EBM-NLP,16167234,P6,0.3076923076923077
Qwen3-8B,EBM-NLP,22154769,P5,0.1999999999999999
Qwen3-8B,EBM-NLP,18845996,P5,0.2068965517241379
Qwen3-8B,EBM-NLP,16295154,P6,0.4
Qwen3-8B,EBM-NLP,20560622,P6,0.5
Qwen3-8B,EBM-NLP,11829043,P6,0.4
Qwen3-8B,EBM-NLP,9573502,P5,0.1538461538461538
Qwen3-8B,EBM-NLP,10940525,P2,0.1754385964912281
Qwen3-8B,SciERC,ECCV_2016_212_abs,P4,0.5333333333333333
Qwen3-8B,EBM-NLP,7707420,P5,0.25
Qwen3-8B,EBM-NLP,12595499,P5,0.2307692307692307
Qwen3-8B,EBM-NLP,9695300,P6,0.4
Qwen3-8B,EBM-NLP,22420121,P6,0.3
Qwen3-8B,EBM-NLP,21106663,P6,0.2352941176470588
Qwen3-8B,EBM-NLP,18189160,P5,0.2790697674418604
Qwen3-8B,EBM-NLP,6989377,P5,0.1025641025641025
Qwen3-8B,EBM-NLP,19108790,P3,0.1090909090909091
Qwen3-8B,EBM-NLP,10763172,P6,0.1764705882352941
Qwen3-8B,EBM-NLP,9816035,P4,0.1935483870967742
Qwen3-8B,SciERC,W02-1602,P4,0.2499999999999999
Qwen3-8B,EBM-NLP,11099086,P4,0.2162162162162162
Qwen3-8B,EBM-NLP,15014018,P5,0.2142857142857142
Qwen3-8B,EBM-NLP,18783504,P6,0.1290322580645161
Qwen3-8B,EBM-NLP,19727232,P6,0.1481481481481481
Qwen3-8B,EBM-NLP,1669598,P6,0.5000000000000001
Qwen3-8B,EBM-NLP,10475150,P5,0.2272727272727272
Qwen3-8B,EBM-NLP,8911223,P6,0.3783783783783783
Qwen3-8B,EBM-NLP,16505427,P5,0.2758620689655173
Qwen3-8B,EBM-NLP,17321989,P6,0.2307692307692307
Qwen3-8B,EBM-NLP,23114870,P5,0.1764705882352941
Qwen3-8B,EBM-NLP,8911222,P5,0.1714285714285714
Qwen3-8B,EBM-NLP,20739054,P1,0.2264150943396226
Qwen3-8B,EBM-NLP,8519720,P5,0.15
Qwen3-8B,EBM-NLP,25886492,P4,0.303030303030303
Qwen3-8B,EBM-NLP,21393467,P6,0.5454545454545454
Qwen3-8B,EBM-NLP,15133359,P6,0.1739130434782609
Qwen3-8B,EBM-NLP,9730996,P6,0.24
Qwen3-8B,SciERC,J86-3001,P4,0.2545454545454545
Qwen3-8B,EBM-NLP,3074300,P6,0.3333333333333333
Qwen3-8B,EBM-NLP,15848261,P6,0.6451612903225806
Qwen3-8B,EBM-NLP,18077611,P5,0.2941176470588235
Qwen3-8B,EBM-NLP,22865017,P6,0.2424242424242424
Qwen3-8B,EBM-NLP,10764172,P6,0.3846153846153846
Qwen3-8B,EBM-NLP,18975051,P6,0.0
Qwen3-8B,EBM-NLP,8726604,P6,0.2777777777777778
Qwen3-8B,EBM-NLP,21211686,P4,0.2040816326530612
Qwen3-8B,EBM-NLP,22881991,P6,0.2307692307692307
Qwen3-8B,EBM-NLP,12709693,P5,0.0571428571428571
Qwen3-8B,EBM-NLP,14679127,P5,0.2424242424242424
Qwen3-8B,EBM-NLP,24080592,P6,0.3703703703703703
Qwen3-8B,EBM-NLP,24317958,P6,0.1739130434782609
Qwen3-8B,EBM-NLP,6920252,P5,0.3783783783783783
Qwen3-8B,EBM-NLP,19376304,P6,0.3
Qwen3-8B,EBM-NLP,20147856,P6,0.4444444444444445
Qwen3-8B,EBM-NLP,23985254,P4,0.097560975609756
Qwen3-8B,EBM-NLP,1963383,P6,0.3870967741935483
Qwen3-8B,EBM-NLP,21866656,P3,0.3428571428571428
Qwen3-8B,EBM-NLP,11401641,P5,0.1666666666666666
Qwen3-8B,EBM-NLP,21718094,P6,0.3076923076923077
Qwen3-8B,EBM-NLP,17897478,P6,0.2352941176470588
Qwen3-8B,EBM-NLP,2908133,P6,0.2727272727272727
Qwen3-8B,EBM-NLP,18544974,P6,0.3902439024390244
Qwen3-8B,EBM-NLP,8989009,P6,0.1081081081081081
Qwen3-8B,EBM-NLP,12960652,P6,0.2142857142857142
Qwen3-8B,EBM-NLP,26210844,P6,0.0
Qwen3-8B,EBM-NLP,10070173,P6,0.3902439024390244
Qwen3-8B,EBM-NLP,23356250,P6,0.4137931034482758
Qwen3-8B,EBM-NLP,26278470,P6,0.2352941176470588
Qwen3-8B,EBM-NLP,10940525,P3,0.1754385964912281
Qwen3-8B,EBM-NLP,25784723,P6,0.2307692307692307
Qwen3-8B,EBM-NLP,15858959,P6,0.25
Qwen3-8B,EBM-NLP,19108790,P4,0.1851851851851852
Qwen3-8B,EBM-NLP,11737955,P6,0.25
Qwen3-8B,EBM-NLP,21975269,P5,0.2307692307692307
Qwen3-8B,EBM-NLP,9394106,P6,0.1481481481481481
Qwen3-8B,EBM-NLP,7598243,P6,0.35
Qwen3-8B,EBM-NLP,7808649,P6,0.1333333333333333
Qwen3-8B,EBM-NLP,20739054,P2,0.1568627450980392
Qwen3-8B,EBM-NLP,11317090,P6,0.1875
Qwen3-8B,EBM-NLP,20226474,P6,0.2051282051282051
Qwen3-8B,EBM-NLP,24515505,P6,0.3902439024390244
Qwen3-8B,EBM-NLP,14763035,P6,0.1935483870967741
Qwen3-8B,EBM-NLP,7814711,P6,0.1666666666666666
Qwen3-8B,EBM-NLP,8771302,P6,0.0869565217391304
Qwen3-8B,EBM-NLP,24960665,P6,0.1290322580645161
Qwen3-8B,EBM-NLP,21029638,P1,0.2
Qwen3-8B,EBM-NLP,8913901,P6,0.3529411764705882
Qwen3-8B,EBM-NLP,14739125,P6,0.2608695652173913
Qwen3-8B,EBM-NLP,24350813,P5,0.1714285714285714
Qwen3-8B,EBM-NLP,21924760,P6,0.1538461538461538
Qwen3-8B,EBM-NLP,24726342,P6,0.1666666666666666
Qwen3-8B,EBM-NLP,20189026,P5,0.2068965517241379
Qwen3-8B,EBM-NLP,23549581,P5,0.1951219512195121
Qwen3-8B,EBM-NLP,25898782,P6,0.2564102564102564
Qwen3-8B,EBM-NLP,21866656,P4,0.3428571428571428
Qwen3-8B,EBM-NLP,3534803,P6,0.16
Qwen3-8B,EBM-NLP,21896676,P6,0.3478260869565217
Qwen3-8B,EBM-NLP,19802506,P5,0.1739130434782608
Qwen3-8B,EBM-NLP,23392542,P6,0.125
Qwen3-8B,EBM-NLP,18337284,P5,0.1025641025641025
Qwen3-8B,EBM-NLP,23103798,P6,0.1666666666666666
Qwen3-8B,EBM-NLP,21669557,P6,0.16
Qwen3-8B,EBM-NLP,12576806,P6,0.2307692307692307
Qwen3-8B,EBM-NLP,10940525,P4,0.3157894736842105
Qwen3-8B,EBM-NLP,21982657,P6,0.3333333333333333
Qwen3-8B,EBM-NLP,10589810,P6,0.3333333333333333
Qwen3-8B,EBM-NLP,2803397,P6,0.3333333333333333
Qwen3-8B,EBM-NLP,19301724,P6,0.2857142857142857
Qwen3-8B,EBM-NLP,22538329,P5,0.1818181818181818
Qwen3-8B,EBM-NLP,25479285,P6,0.2857142857142857
Qwen3-8B,EBM-NLP,20739054,P3,0.1886792452830188
Qwen3-8B,EBM-NLP,20943715,P6,0.1818181818181818
Qwen3-8B,EBM-NLP,21491990,P6,0.0909090909090909
Qwen3-8B,EBM-NLP,10912743,P6,0.1538461538461538
Qwen3-8B,EBM-NLP,11454878,P6,0.3333333333333333
Qwen3-8B,EBM-NLP,25950425,P6,0.1702127659574468
Qwen3-8B,EBM-NLP,22956006,P6,0.1764705882352941
Qwen3-8B,EBM-NLP,24989854,P6,0.2631578947368421
Qwen3-8B,EBM-NLP,21029638,P2,0.2
Qwen3-8B,EBM-NLP,12586799,P6,0.2162162162162162
Qwen3-8B,EBM-NLP,22897461,P6,0.2857142857142857
Qwen3-8B,EBM-NLP,22341427,P6,0.1379310344827586
Qwen3-8B,EBM-NLP,22154769,P6,0.125
Qwen3-8B,EBM-NLP,18845996,P6,0.1379310344827586
Qwen3-8B,EBM-NLP,9573502,P6,0.1538461538461538
Qwen3-8B,EBM-NLP,7707420,P6,0.25
Qwen3-8B,EBM-NLP,12595499,P6,0.5945945945945946
Qwen3-8B,EBM-NLP,6989377,P6,0.1025641025641025
Qwen3-8B,EBM-NLP,18189160,P6,0.2790697674418604
Qwen3-8B,EBM-NLP,25885649,P5,0.08
Qwen3-8B,EBM-NLP,15014018,P6,0.2142857142857142
Qwen3-8B,EBM-NLP,10475150,P6,0.2272727272727272
Qwen3-8B,EBM-NLP,16505427,P6,0.2758620689655173
Qwen3-8B,EBM-NLP,8911222,P6,0.1818181818181818
Qwen3-8B,EBM-NLP,23114870,P6,0.1764705882352941
Qwen3-8B,EBM-NLP,8519720,P6,0.1999999999999999
Qwen3-8B,EBM-NLP,9816035,P5,0.1999999999999999
Qwen3-8B,EBM-NLP,20739054,P4,0.0888888888888888
Qwen3-8B,EBM-NLP,18077611,P6,0.4285714285714286
Qwen3-8B,EBM-NLP,11099086,P5,0.1875
Qwen3-8B,EBM-NLP,12709693,P6,0.0571428571428571
Qwen3-8B,EBM-NLP,14679127,P6,0.2424242424242424
Qwen3-8B,EBM-NLP,6920252,P6,0.1333333333333333
Qwen3-8B,EBM-NLP,21029638,P3,0.2
Qwen3-8B,EBM-NLP,11401641,P6,0.1666666666666666
Qwen3-8B,EBM-NLP,25886492,P5,0.0
Qwen3-8B,EBM-NLP,21211686,P5,0.2040816326530612
Qwen3-8B,EBM-NLP,23985254,P5,0.1463414634146341
Qwen3-8B,EBM-NLP,21975269,P6,0.2962962962962963
Qwen3-8B,EBM-NLP,19108790,P5,0.0769230769230769
Qwen3-8B,EBM-NLP,24350813,P6,0.1714285714285714
Qwen3-8B,EBM-NLP,20189026,P6,0.2068965517241379
Qwen3-8B,EBM-NLP,21029638,P4,0.2222222222222221
Qwen3-8B,EBM-NLP,23549581,P6,0.1951219512195121
Qwen3-8B,EBM-NLP,19802506,P6,0.1739130434782608
Qwen3-8B,EBM-NLP,18337284,P6,0.1538461538461538
Qwen3-8B,EBM-NLP,22538329,P6,0.1818181818181818
Qwen3-8B,EBM-NLP,21866656,P5,0.3428571428571428
Qwen3-8B,EBM-NLP,10940525,P5,0.0784313725490196
Qwen3-8B,EBM-NLP,25885649,P6,0.08
Qwen3-8B,SciERC,P86-1011,P5,0.1818181818181818
Qwen3-8B,EBM-NLP,9816035,P6,0.1935483870967742
Qwen3-8B,EBM-NLP,11099086,P6,0.3888888888888889
Qwen3-8B,SciERC,ECCV_2016_110_abs,P5,0.6666666666666666
Qwen3-8B,SciERC,E95-1033,P5,0.2857142857142857
Qwen3-8B,SciERC,P06-3007,P5,0.2666666666666666
Qwen3-8B,SciERC,C88-1044,P5,0.7142857142857143
Qwen3-8B,SciERC,P05-1039,P5,0.5263157894736842
Qwen3-8B,EBM-NLP,25886492,P6,0.0
Qwen3-8B,SciERC,E99-1015,P5,0.5333333333333333
Qwen3-8B,SciERC,I05-5004,P5,0.7058823529411764
Qwen3-8B,SciERC,P06-1018,P5,0.0
Qwen3-8B,EBM-NLP,20739054,P5,0.0909090909090909
Qwen3-8B,SciERC,P06-1053,P5,0.4545454545454545
Qwen3-8B,EBM-NLP,21211686,P6,0.2040816326530612
Qwen3-8B,SciERC,P05-2013,P5,0.25
Qwen3-8B,SciERC,P06-4007,P5,0.3999999999999999
Qwen3-8B,SciERC,C86-1081,P5,0.3636363636363636
Qwen3-8B,EBM-NLP,23985254,P6,0.097560975609756
Qwen3-8B,SciERC,P06-1013,P5,0.6086956521739131
Qwen3-8B,SciERC,P06-2012,P5,0.6666666666666667
Qwen3-8B,SciERC,CVPR_2003_30_abs,P5,0.4666666666666667
Qwen3-8B,SciERC,CVPR_2004_18_abs,P5,0.16
Qwen3-8B,SciERC,C04-1011,P5,0.2
Qwen3-8B,SciERC,P83-1004,P5,0.3529411764705882
Qwen3-8B,SciERC,E06-1022,P5,0.7586206896551724
Qwen3-8B,SciERC,H05-1095,P5,0.5714285714285714
Qwen3-8B,SciERC,C04-1128,P5,0.6956521739130435
Qwen3-8B,SciERC,C08-2010,P5,0.1290322580645161
Qwen3-8B,SciERC,P03-1070,P5,0.7857142857142857
Qwen3-8B,EBM-NLP,19108790,P6,0.1851851851851852
Qwen3-8B,SciERC,C04-1036,P5,0.3076923076923076
Qwen3-8B,SciERC,N06-1037,P5,0.64
Qwen3-8B,SciERC,NIPS_2016_80_abs,P5,0.3076923076923076
Qwen3-8B,SciERC,INTERSPEECH_2007_40_abs,P5,0.761904761904762
Qwen3-8B,SciERC,C96-1062,P5,0.6666666666666666
Qwen3-8B,SciERC,CVPR_2011_10_abs,P5,0.3999999999999999
Qwen3-8B,SciERC,N04-1022,P5,0.5294117647058824
Qwen3-8B,SciERC,CVPR_1999_15_abs,P5,0.3703703703703704
Qwen3-8B,SciERC,ICCV_2013_25_abs,P5,0.4571428571428571
Qwen3-8B,SciERC,P01-1056,P5,0.5161290322580646
Qwen3-8B,SciERC,CVPR_2004_30_abs,P5,0.4571428571428571
Qwen3-8B,SciERC,J82-3002,P5,0.3571428571428571
Qwen3-8B,SciERC,I05-4010,P5,0.1904761904761905
Qwen3-8B,SciERC,NIPS_2001_11_abs,P5,0.3684210526315788
Qwen3-8B,SciERC,C00-2123,P5,0.1111111111111111
Qwen3-8B,SciERC,NIPS_2002_18_abs,P5,0.2857142857142857
Qwen3-8B,SciERC,P08-1105,P5,0.4615384615384615
Qwen3-8B,SciERC,C90-3063,P5,0.6363636363636364
Qwen3-8B,SciERC,A97-1020,P5,0.125
Qwen3-8B,SciERC,CVPR_2009_18_abs,P5,0.5263157894736842
Qwen3-8B,SciERC,INTERSPEECH_2013_21_abs,P5,0.4736842105263158
Qwen3-8B,SciERC,ICML_1995_38_abs,P5,0.2758620689655172
Qwen3-8B,SciERC,NIPS_2002_11_abs,P5,0.4999999999999999
Qwen3-8B,SciERC,C04-1035,P5,0.5789473684210527
Qwen3-8B,SciERC,ECCV_2012_30_abs,P5,0.6153846153846153
Qwen3-8B,SciERC,N03-1033,P5,0.5
Qwen3-8B,SciERC,H01-1049,P5,0.32
Qwen3-8B,SciERC,I05-5003,P5,0.5142857142857142
Qwen3-8B,SciERC,C90-3045,P5,0.4615384615384615
Qwen3-8B,EBM-NLP,21029638,P5,0.1379310344827586
Qwen3-8B,SciERC,C04-1106,P5,0.125
Qwen3-8B,SciERC,P85-1019,P5,0.3529411764705882
Qwen3-8B,SciERC,INTERSPEECH_2014_40_abs,P5,0.4571428571428572
Qwen3-8B,EBM-NLP,21866656,P6,0.3428571428571428
Qwen3-8B,SciERC,C04-1103,P5,0.4799999999999999
Qwen3-8B,SciERC,P04-2005,P5,0.6111111111111112
Qwen3-8B,SciERC,ICCV_2001_47_abs,P5,0.4
Qwen3-8B,SciERC,N03-1026,P5,0.4
Qwen3-8B,SciERC,ICCV_2003_161_abs,P5,0.4444444444444445
Qwen3-8B,SciERC,E89-1016,P5,0.5454545454545454
Qwen3-8B,SciERC,ICASSP_2016_11_abs,P5,0.1999999999999999
Qwen3-8B,SciERC,J05-4003,P5,0.4444444444444445
Qwen3-8B,EBM-NLP,10940525,P6,0.0784313725490196
Qwen3-8B,SciERC,P05-1076,P5,0.4117647058823529
Qwen3-8B,SciERC,ICML_2016_10_abs,P5,0.4324324324324324
Qwen3-8B,SciERC,INTERSPEECH_2006_21_abs,P5,0.2580645161290323
Qwen3-8B,SciERC,CVPR_2008_258_abs,P5,0.5185185185185186
Qwen3-8B,SciERC,CVPR_2016_413_abs,P5,0.6153846153846154
Qwen3-8B,SciERC,CVPR_2006_10_abs,P5,0.5185185185185185
Qwen3-8B,SciERC,P05-1046,P5,0.55
Qwen3-8B,SciERC,CVPR_1993_10_abs,P5,0.0
Qwen3-8B,SciERC,NIPS_2015_18_abs,P5,0.5806451612903226
Qwen3-8B,SciERC,E91-1012,P5,0.4117647058823529
Qwen3-8B,SciERC,NIPS_2016_560_abs,P5,0.2580645161290323
Qwen3-8B,SciERC,INTERSPEECH_2008_20_abs,P5,0.3636363636363636
Qwen3-8B,SciERC,CVPR_2010_30_abs,P5,0.5161290322580646
Qwen3-8B,SciERC,CVPR_2011_11_abs,P5,0.1904761904761905
Qwen3-8B,SciERC,P86-1011,P6,0.1818181818181818
Qwen3-8B,SciERC,ICML_2006_119_abs,P5,0.380952380952381
Qwen3-8B,SciERC,ICML_2016_18_abs,P5,0.3902439024390244
Qwen3-8B,SciERC,J86-4002,P5,0.1212121212121212
Qwen3-8B,SciERC,C94-1091,P5,0.2142857142857142
Qwen3-8B,SciERC,ICASSP_1997_706_abs,P5,0.3414634146341463
Qwen3-8B,SciERC,ECCV_2016_110_abs,P6,0.375
Qwen3-8B,SciERC,P05-1056,P5,0.2857142857142857
Qwen3-8B,SciERC,E95-1033,P6,0.2857142857142857
Qwen3-8B,SciERC,E93-1066,P5,0.0
Qwen3-8B,SciERC,P06-3007,P6,0.4705882352941177
Qwen3-8B,SciERC,C88-1044,P6,0.6153846153846153
Qwen3-8B,SciERC,CVPR_2009_10_abs,P5,0.0
Qwen3-8B,SciERC,P05-1039,P6,0.5263157894736842
Qwen3-8B,SciERC,I05-5004,P6,0.7058823529411764
Qwen3-8B,SciERC,P06-1018,P6,0.0
Qwen3-8B,SciERC,E99-1015,P6,0.5333333333333333
Qwen3-8B,EBM-NLP,20739054,P6,0.0888888888888888
Qwen3-8B,SciERC,ICML_2016_11_abs,P5,0.3333333333333333
Qwen3-8B,SciERC,P06-1053,P6,0.4545454545454545
Qwen3-8B,SciERC,P05-2013,P6,0.25
Qwen3-8B,SciERC,P06-4007,P6,0.3999999999999999
Qwen3-8B,SciERC,ECCV_2016_204_abs,P5,0.0
Qwen3-8B,SciERC,C86-1081,P6,0.3333333333333333
Qwen3-8B,SciERC,P06-1013,P6,0.5217391304347826
Qwen3-8B,SciERC,P06-2012,P6,0.5833333333333334
Qwen3-8B,SciERC,ECCV_2016_99_abs,P5,0.4864864864864865
Qwen3-8B,SciERC,CVPR_1994_10_abs,P5,0.3076923076923077
Qwen3-8B,SciERC,ICCV_2013_47_abs,P5,0.0
Qwen3-8B,SciERC,CVPR_2008_256_abs,P5,0.5714285714285714
Qwen3-8B,SciERC,CVPR_2003_30_abs,P6,0.4666666666666667
Qwen3-8B,SciERC,E06-1022,P6,0.7586206896551724
Qwen3-8B,SciERC,P83-1004,P6,0.2352941176470588
Qwen3-8B,SciERC,C04-1011,P6,0.2
Qwen3-8B,SciERC,CVPR_2004_18_abs,P6,0.16
Qwen3-8B,SciERC,ICCV_2003_151_abs,P5,0.0
Qwen3-8B,SciERC,H01-1042,P5,0.2702702702702702
Qwen3-8B,SciERC,H05-1095,P6,0.5714285714285714
Qwen3-8B,SciERC,C04-1128,P6,0.5714285714285715
Qwen3-8B,SciERC,C08-2010,P6,0.1290322580645161
Qwen3-8B,SciERC,P03-1070,P6,0.7857142857142857
Qwen3-8B,SciERC,C04-1036,P6,0.4444444444444445
Qwen3-8B,SciERC,INTERSPEECH_2008_28_abs,P5,0.0
Qwen3-8B,SciERC,N06-1037,P6,0.64
Qwen3-8B,SciERC,NIPS_2016_80_abs,P6,0.3076923076923076
Qwen3-8B,SciERC,INTERSPEECH_2007_40_abs,P6,0.6666666666666666
Qwen3-8B,SciERC,X96-1059,P5,0.5116279069767442
Qwen3-8B,SciERC,C96-1062,P6,0.6666666666666666
Qwen3-8B,SciERC,CVPR_2011_10_abs,P6,0.4242424242424242
Qwen3-8B,SciERC,N04-1022,P6,0.5882352941176471
Qwen3-8B,SciERC,CVPR_1999_15_abs,P6,0.3703703703703704
Qwen3-8B,SciERC,CVPR_2004_30_abs,P6,0.4571428571428571
Qwen3-8B,SciERC,P01-1056,P6,0.5
Qwen3-8B,SciERC,ICCV_2013_25_abs,P6,0.4571428571428571
Qwen3-8B,SciERC,J82-3002,P6,0.24
Qwen3-8B,SciERC,I05-4010,P6,0.1904761904761905
Qwen3-8B,SciERC,NIPS_2001_11_abs,P6,0.3684210526315788
Qwen3-8B,SciERC,C00-2123,P6,0.1111111111111111
Qwen3-8B,SciERC,NIPS_2002_18_abs,P6,0.2857142857142857
Qwen3-8B,SciERC,P08-1105,P6,0.2962962962962963
Qwen3-8B,SciERC,A97-1020,P6,0.1875
Qwen3-8B,SciERC,C90-3063,P6,0.5454545454545455
Qwen3-8B,SciERC,CVPR_2009_18_abs,P6,0.5263157894736842
Qwen3-8B,SciERC,INTERSPEECH_2013_21_abs,P6,0.4736842105263158
Qwen3-8B,SciERC,ICML_1995_38_abs,P6,0.2758620689655172
Qwen3-8B,SciERC,NIPS_2002_11_abs,P6,0.1538461538461538
Qwen3-8B,SciERC,C04-1035,P6,0.5789473684210527
Qwen3-8B,SciERC,ECCV_2012_30_abs,P6,0.631578947368421
Qwen3-8B,SciERC,ECCV_2006_13_abs,P5,0.6101694915254237
Qwen3-8B,SciERC,I05-5003,P6,0.5142857142857142
Qwen3-8B,SciERC,H01-1049,P6,0.32
Qwen3-8B,SciERC,N03-1033,P6,0.5
Qwen3-8B,SciERC,C90-3045,P6,0.6666666666666667
Qwen3-8B,EBM-NLP,21029638,P6,0.1379310344827586
Qwen3-8B,SciERC,C04-1106,P6,0.2352941176470588
Qwen3-8B,SciERC,P85-1019,P6,0.4
Qwen3-8B,SciERC,C04-1103,P6,0.4799999999999999
Qwen3-8B,SciERC,INTERSPEECH_2014_40_abs,P6,0.4571428571428572
Qwen3-8B,SciERC,ICCV_2001_47_abs,P6,0.4
Qwen3-8B,SciERC,P04-2005,P6,0.6111111111111112
Qwen3-8B,SciERC,N03-1026,P6,0.4
Qwen3-8B,SciERC,ICCV_2003_161_abs,P6,0.3428571428571428
Qwen3-8B,SciERC,E89-1016,P6,0.5454545454545454
Qwen3-8B,SciERC,ICASSP_2016_11_abs,P6,0.0
Qwen3-8B,SciERC,J05-4003,P6,0.5185185185185186
Qwen3-8B,SciERC,P05-1076,P6,0.4117647058823529
Qwen3-8B,SciERC,ICML_2016_10_abs,P6,0.4102564102564102
Qwen3-8B,SciERC,INTERSPEECH_2006_21_abs,P6,0.3125
Qwen3-8B,SciERC,ECCV_2016_212_abs,P5,0.0
Qwen3-8B,SciERC,CVPR_2008_258_abs,P6,0.5925925925925926
Qwen3-8B,SciERC,CVPR_2016_413_abs,P6,0.6153846153846154
Qwen3-8B,SciERC,CVPR_2006_10_abs,P6,0.5925925925925926
Qwen3-8B,SciERC,W02-1602,P5,0.0
Qwen3-8B,SciERC,P05-1046,P6,0.55
Qwen3-8B,SciERC,CVPR_1993_10_abs,P6,0.0
Qwen3-8B,SciERC,NIPS_2015_18_abs,P6,0.6250000000000001
Qwen3-8B,SciERC,INTERSPEECH_2008_20_abs,P6,0.3636363636363636
Qwen3-8B,SciERC,E91-1012,P6,0.2580645161290323
Qwen3-8B,SciERC,NIPS_2016_560_abs,P6,0.1333333333333333
Qwen3-8B,SciERC,CVPR_2010_30_abs,P6,0.625
Qwen3-8B,SciERC,CVPR_2011_11_abs,P6,0.2325581395348837
Qwen3-8B,SciERC,J86-3001,P5,0.2
Qwen3-8B,SciERC,ICML_2016_18_abs,P6,0.3902439024390244
Qwen3-8B,SciERC,ICML_2006_119_abs,P6,0.380952380952381
Qwen3-8B,SciERC,J86-4002,P6,0.1212121212121212
Qwen3-8B,SciERC,C94-1091,P6,0.3125
Qwen3-8B,SciERC,ICASSP_1997_706_abs,P6,0.3414634146341463
Qwen3-8B,SciERC,P05-1056,P6,0.1764705882352941
Qwen3-8B,SciERC,E93-1066,P6,0.0
Qwen3-8B,SciERC,CVPR_2009_10_abs,P6,0.5
Qwen3-8B,SciERC,ICML_2016_11_abs,P6,0.35
Qwen3-8B,SciERC,ECCV_2016_204_abs,P6,0.4230769230769231
Qwen3-8B,SciERC,ECCV_2016_99_abs,P6,0.5
Qwen3-8B,SciERC,CVPR_1994_10_abs,P6,0.3076923076923077
Qwen3-8B,SciERC,ICCV_2013_47_abs,P6,0.0
Qwen3-8B,SciERC,CVPR_2008_256_abs,P6,0.4897959183673469
Qwen3-8B,SciERC,ICCV_2003_151_abs,P6,0.4838709677419354
Qwen3-8B,SciERC,H01-1042,P6,0.2702702702702702
Qwen3-8B,SciERC,INTERSPEECH_2008_28_abs,P6,0.0
Qwen3-8B,SciERC,X96-1059,P6,0.5116279069767442
Qwen3-8B,SciERC,ECCV_2006_13_abs,P6,0.5999999999999999
Qwen3-8B,SciERC,ECCV_2016_212_abs,P6,0.0
Qwen3-8B,SciERC,W02-1602,P6,0.0
Qwen3-8B,SciERC,J86-3001,P6,0.2545454545454545
Qwen3-8B,SciER,ICLR2024-AI4Material,P1,0.2033898305084746
Qwen3-8B,SciER,ICLR2024-AI4Material,P2,0.1481481481481481
Qwen3-8B,SciER,ICLR2024-AI4Material,P3,0.2479338842975206
Qwen3-8B,SciER,ICLR2024-AI4Material,P4,0.0
Qwen3-8B,SciER,ICLR2024-AI4Material,P5,0.0
Qwen3-8B,SciER,160009536,P1,0.0
Qwen3-8B,SciER,160009536,P2,0.0
Qwen3-8B,SciER,ICLR2024-AI4Material,P6,0.0
Qwen3-8B,SciER,160009536,P3,0.0
Qwen3-8B,SciER,160009536,P4,0.3293172690763052
Qwen3-8B,SciER,244256,P1,0.0
Qwen3-8B,SciER,192546007,P1,0.0
Qwen3-8B,SciER,244256,P2,0.0
Qwen3-8B,SciER,192546007,P2,0.0
Qwen3-8B,SciER,244256,P3,0.0
Qwen3-8B,SciER,192546007,P3,0.0
Qwen3-8B,SciER,244256,P4,0.0
Qwen3-8B,SciER,160009536,P5,0.0
Qwen3-8B,SciER,192546007,P4,0.0
Qwen3-8B,SciER,202719492,P1,0.0
Qwen3-8B,SciER,202719492,P2,0.0
Qwen3-8B,SciER,160009536,P6,0.0
Qwen3-8B,SciER,202719492,P3,0.0
Qwen3-8B,SciER,210157153,P1,0.0
Qwen3-8B,SciER,202719492,P4,0.0
Qwen3-8B,SciER,210157153,P2,0.15625
Qwen3-8B,SciER,NeurIPS2023-AI4Science,P1,0.0
Qwen3-8B,SciER,244256,P5,0.0
Qwen3-8B,SciER,210157153,P3,0.1368421052631578
Qwen3-8B,SciER,NeurIPS2023-AI4Science,P2,0.0
Qwen3-8B,SciER,192546007,P5,0.0
Qwen3-8B,SciER,3627225,P1,0.0
Qwen3-8B,SciER,3627225,P2,0.0
Qwen3-8B,SciER,210157153,P4,0.0
Qwen3-8B,SciER,NeurIPS2023-AI4Science,P3,0.0
Qwen3-8B,SciER,3627225,P3,0.0
Qwen3-8B,SciER,244256,P6,0.0
Qwen3-8B,SciER,NeurIPS2023-AI4Science,P4,0.0
Qwen3-8B,SciER,192546007,P6,0.0
Qwen3-8B,SciER,3627225,P4,0.0
Qwen3-8B,SciER,AAAI2024,P1,0.0
Qwen3-8B,SciER,202719492,P5,0.0
Qwen3-8B,SciER,AAAI2024,P2,0.1871345029239766
Qwen3-8B,SciER,AAAI2024,P3,0.1647058823529411
Qwen3-8B,SciER,210157153,P5,0.0
Qwen3-8B,SciER,AAAI2024,P4,0.0
Qwen3-8B,SciER,202719492,P6,0.0
Qwen3-8B,SciER,NeurIPS2023-AI4Science,P5,0.0
Qwen3-8B,SciER,3627225,P5,0.0
Qwen3-8B,SciER,210157153,P6,0.0
Qwen3-8B,SciER,NeurIPS2023-AI4Science,P6,0.0
Qwen3-8B,SciER,EMNLP2023,P1,0.1320754716981132
Qwen3-8B,SciER,3627225,P6,0.3544303797468354
Qwen3-8B,SciER,AAAI2024,P5,0.0
Qwen3-8B,SciER,EMNLP2023,P2,0.1442307692307692
Qwen3-8B,SciER,EMNLP2023,P3,0.0
Qwen3-8B,SciER,EMNLP2023,P4,0.0
Qwen3-8B,SciER,AAAI2024,P6,0.0
Qwen3-8B,SciER,ICLR2024-AI4Science-Protein,P1,0.1346801346801346
Qwen3-8B,SciER,ICLR2024-AI4Science-Protein,P2,0.0
Qwen3-8B,SciER,ICLR2024-AI4Science-Protein,P3,0.1548821548821548
Qwen3-8B,SciER,ICLR2024-AI4Science-Protein,P4,0.0
Qwen3-8B,SciER,EMNLP2023,P5,0.1256038647342995
Qwen3-8B,SciER,EMNLP2023,P6,0.0
Qwen3-8B,SciER,ICLR2024-AI4Science-Protein,P5,0.0
Qwen3-8B,SciER,202888938,P1,0.0996168582375478
Qwen3-8B,SciER,202888938,P2,0.1136363636363636
Qwen3-8B,SciER,ICLR2024-AI4Science-Protein,P6,0.0
Qwen3-8B,SciER,202888938,P3,0.0923076923076923
Qwen3-8B,SciER,202888938,P4,0.0
Qwen3-8B,SciER,202888938,P5,0.1064638783269962
Qwen3-8B,SciER,202888938,P6,0.0
Qwen3-8B,SciER,CVPR2023,P1,0.0
Qwen3-8B,SciER,CVPR2023,P2,0.0
Qwen3-8B,SciER,53109398,P1,0.072289156626506
Qwen3-8B,SciER,53109398,P2,0.0
Qwen3-8B,SciER,CVPR2023,P3,0.0
Qwen3-8B,SciER,53109398,P3,0.0
Qwen3-8B,SciER,CVPR2023,P4,0.0
Qwen3-8B,SciER,53109398,P4,0.0
Qwen3-8B,SciER,CVPR2023,P5,0.0
Qwen3-8B,SciER,53109398,P5,0.0898203592814371
Qwen3-8B,SciER,CVPR2023,P6,0.0
Qwen3-8B,SciER,53109398,P6,0.0955223880597015
Qwen3-8B,SciER,52169846,P1,0.0
Qwen3-8B,SciER,52169846,P2,0.0
Qwen3-8B,SciER,52169846,P3,0.0
Qwen3-8B,SciER,52169846,P4,0.0
Qwen3-8B,SciER,52169846,P5,0.0
Qwen3-8B,SciER,210702798,P1,0.0
Qwen3-8B,SciER,52169846,P6,0.0
Qwen3-8B,SciER,210702798,P2,0.0
Qwen3-8B,SciER,210702798,P3,0.0
Qwen3-8B,SciER,210702798,P4,0.0
Qwen3-8B,SciER,210702798,P5,0.0
Qwen3-8B,SciER,210702798,P6,0.0
