model_id,dataset,record_id,from_condition,to_condition,transition,self_mean_logprob_from,self_mean_logprob_to,cross_mean_logprob_from_prompt_to_response,cross_mean_logprob_to_prompt_from_response,posix_term_response_from,posix_term_response_to,adjacent_posix
Gemma-3-12B-IT,EBM-NLP,11229858,P1,P2,P1->P2,-0.0306576811117569,-0.0004362004057404,-0.0306576811117569,-0.0004362004057404,0.0302214807060165,0.0302214807060165,0.0302214807060165
Gemma-3-12B-IT,EBM-NLP,11229858,P2,P3,P2->P3,-0.0004362004057404,-0.0038272111999745,-0.0383365835462297,-0.0122093174058168,0.011773117000076399,0.0345093723462552,0.0231412446731658
Gemma-3-12B-IT,EBM-NLP,11229858,P3,P4,P3->P4,-0.0038272111999745,-0.0072531354427337,-0.3560067749023437,-0.0651320243368343,0.061304813136859794,0.34875363945961,0.20502922629823492
Gemma-3-12B-IT,EBM-NLP,11229858,P4,P5,P4->P5,-0.0072531354427337,-0.0450088276582605,-0.2684975231395048,-0.2897466659545898,0.2824935305118561,0.2234886954812443,0.2529911129965502
Gemma-3-12B-IT,EBM-NLP,11229858,P5,P6,P5->P6,-0.0450088276582605,-0.0199021161204636,-0.0301925533949726,-0.0606380163454541,0.015629188687193596,0.010290437274509002,0.012959812980851299
Gemma-3-12B-IT,EBM-NLP,2678230,P1,P2,P1->P2,-0.0052993007089899,-0.0134627632472826,-0.0063050342642742,-0.0140823693111025,0.008783068602112601,0.0071577289830084,0.0079703987925605
Gemma-3-12B-IT,EBM-NLP,2678230,P2,P3,P2->P3,-0.0134627632472826,-0.0046020907917241,-0.0140823693111025,-0.0200233894845713,0.006560626237288699,0.0094802785193784,0.00802045237833355
Gemma-3-12B-IT,EBM-NLP,2678230,P3,P4,P3->P4,-0.0046020907917241,-0.0607850526508532,-0.5051156294973274,-0.0631527955504669,0.05855070475874281,0.44433057684647415,0.2514406408026085
Gemma-3-12B-IT,EBM-NLP,2678230,P4,P5,P4->P5,-0.0607850526508532,-0.0504554547761616,-0.1804678665964227,-0.1061627438193873,0.0453776911685341,0.1300124118202611,0.0876950514943976
Gemma-3-12B-IT,EBM-NLP,2678230,P5,P6,P5->P6,-0.0504554547761616,-0.0042369082570075,-0.0316559720039367,-0.0760433598568565,0.025587905080694896,0.027419063746929203,0.026503484413812048
Gemma-3-12B-IT,EBM-NLP,8916620,P1,P2,P1->P2,-0.0117352423880264,-0.0084683209778326,-0.0117352423880264,-0.0084683209778326,0.0032669214101938016,0.0032669214101938016,0.0032669214101938016
Gemma-3-12B-IT,EBM-NLP,8916620,P2,P3,P2->P3,-0.0084683209778326,-0.0216332915666941,-0.0266226787824888,-0.0330115561543205,0.024543235176487897,0.0049893872157946995,0.014766311196141298
Gemma-3-12B-IT,EBM-NLP,8916620,P3,P4,P3->P4,-0.0216332915666941,-0.0272946966455337,-1.1367107959503824,-0.1149164406028953,0.09328314903620119,1.1094160993048487,0.601349624170525
Gemma-3-12B-IT,EBM-NLP,8916620,P4,P5,P4->P5,-0.0272946966455337,-0.0721044450435998,-0.12076147547308,-0.1357456268148219,0.10845093016928821,0.048657030429480205,0.07855398029938421
Gemma-3-12B-IT,EBM-NLP,8916620,P5,P6,P5->P6,-0.0721044450435998,-0.0164796925605611,-0.1002040721000509,-0.0463956347051656,0.025708810338434196,0.0837243795394898,0.054716594938962
Gemma-3-12B-IT,EBM-NLP,11381289,P1,P2,P1->P2,-0.0061216285661592,-0.0047385603275354,-0.0061216285661592,-0.0047385603275354,0.0013830682386237999,0.0013830682386237999,0.0013830682386237999
Gemma-3-12B-IT,EBM-NLP,11381289,P2,P3,P2->P3,-0.0047385603275354,-0.0048452601835957,-0.0049788937971821,-0.004002160228982,0.0007364000985533997,0.00013363361358639976,0.00043501685606989974
Gemma-3-12B-IT,EBM-NLP,11381289,P3,P4,P3->P4,-0.0048452601835957,-0.0071110401153564,-0.3703807678222656,-0.0505626222482575,0.0457173620646618,0.3632697277069092,0.2044935448857855
Gemma-3-12B-IT,EBM-NLP,11381289,P4,P5,P4->P5,-0.0071110401153564,-0.0019561376641778,-0.0563067969153909,-0.1773790435791015,0.1702680034637451,0.0543506592512131,0.1123093313574791
Gemma-3-12B-IT,EBM-NLP,11381289,P5,P6,P5->P6,-0.0019561376641778,-0.0054742089024296,-0.0149972668400517,-0.005580884130562,0.0036247464663842,0.0095230579376221,0.00657390220200315
Gemma-3-12B-IT,EBM-NLP,4919024,P1,P2,P1->P2,-0.0036342916907844,-0.0079150982032534,-0.0226675460780907,-0.0037474186865838,0.00011312699579939982,0.0147524478748373,0.00743278743531835
Gemma-3-12B-IT,EBM-NLP,4919024,P2,P3,P2->P3,-0.0079150982032534,-0.0009804130196571,-0.0146181049346923,-0.0081303880225479,0.00021528981929449902,0.0136376919150352,0.00692649086716485
Gemma-3-12B-IT,EBM-NLP,4919024,P3,P4,P3->P4,-0.0009804130196571,-0.0568347651549059,-0.5249600651288273,-0.0964589462280273,0.0954785332083702,0.4681252999739214,0.2818019165911458
Gemma-3-12B-IT,EBM-NLP,4919024,P4,P5,P4->P5,-0.0568347651549059,-0.0452434313602936,-0.2703864268767528,-0.1825953782206834,0.1257606130657775,0.2251429955164592,0.17545180429111834
Gemma-3-12B-IT,EBM-NLP,4919024,P5,P6,P5->P6,-0.0452434313602936,-0.0382886208020723,-0.069474642093365,-0.0423235587584666,0.002919872601827002,0.0311860212912927,0.01705294694655985
Gemma-3-12B-IT,EBM-NLP,3067745,P1,P2,P1->P2,-0.016215350991288,-0.0156643636086407,-0.0101023561814252,-0.025064970037751,0.008849619046463,0.005562007427215502,0.007205813236839251
Gemma-3-12B-IT,EBM-NLP,3067745,P2,P3,P2->P3,-0.0156643636086407,-0.0056472136147657,-0.0142301315039246,-0.0181727304178125,0.0025083668091718005,0.0085829178891589,0.00554564234916535
Gemma-3-12B-IT,EBM-NLP,3067745,P3,P4,P3->P4,-0.0056472136147657,-0.0049843960557102,-0.3938403484249903,-0.0684559644766189,0.06280875086185321,0.3888559523692801,0.22583235161556667
Gemma-3-12B-IT,EBM-NLP,3067745,P4,P5,P4->P5,-0.0049843960557102,-0.0134534107314215,-0.0446529282463921,-0.0407420820441127,0.035757685988402496,0.031199517514970604,0.03347860175168655
Gemma-3-12B-IT,EBM-NLP,3067745,P5,P6,P5->P6,-0.0134534107314215,-0.0032778537273406,-0.0096219885349273,-0.0265141089757283,0.013060698244306798,0.0063441348075867,0.00970241652594675
Gemma-3-12B-IT,EBM-NLP,19708562,P1,P2,P1->P2,-0.0070175398355242,-0.0060588731007142,-0.0141032703898169,-0.015254302956592,0.0082367631210678,0.0080443972891027,0.008140580205085249
Gemma-3-12B-IT,EBM-NLP,19708562,P2,P3,P2->P3,-0.0060588731007142,-0.0096485465764999,-0.0089664856592814,-0.0294849899682131,0.0234261168674989,0.0006820609172185008,0.0120540888923587
Gemma-3-12B-IT,EBM-NLP,19708562,P3,P4,P3->P4,-0.0096485465764999,-0.0062992269029984,-0.390849810380202,-0.075229975912306,0.0655814293358061,0.3845505834772036,0.22506600640650487
Gemma-3-12B-IT,EBM-NLP,19708562,P4,P5,P4->P5,-0.0062992269029984,-0.0091992610922226,-0.0062992269029984,-0.0091992610922226,0.0029000341892242,0.0029000341892242,0.0029000341892242
Gemma-3-12B-IT,EBM-NLP,19708562,P5,P6,P5->P6,-0.0091992610922226,-0.009109381872874,-0.0091992610922226,-0.009109381872874,8.987921934859935e-05,8.987921934859935e-05,8.987921934859935e-05
Gemma-3-12B-IT,SciERC,P86-1011,P1,P2,P1->P2,-0.005027023061362,-0.0069159982747552,-0.005027023061362,-0.0069159982747552,0.0018889752133932,0.0018889752133932,0.0018889752133932
Gemma-3-12B-IT,SciERC,P86-1011,P2,P3,P2->P3,-0.0069159982747552,-0.0076373792523122,-0.0069159982747552,-0.0076373792523122,0.0007213809775570004,0.0007213809775570004,0.0007213809775570004
Gemma-3-12B-IT,SciERC,P86-1011,P3,P4,P3->P4,-0.0076373792523122,-0.0099720884771908,-0.593017642237559,-0.1364700582496908,0.1288326789973786,0.5830455537603683,0.35593911637887343
Gemma-3-12B-IT,SciERC,P86-1011,P4,P5,P4->P5,-0.0099720884771908,-0.0260978376164155,-0.1909717672011431,-0.1528923611681,0.1429202726909092,0.16487392958472757,0.1538971011378184
Gemma-3-12B-IT,SciERC,P86-1011,P5,P6,P5->P6,-0.0260978376164155,-0.0223761737675956,-0.0224979463861792,-0.0266665991614846,0.0005687615450690985,0.00012177261858360017,0.0003452670818263493
Gemma-3-12B-IT,EBM-NLP,21914768,P1,P2,P1->P2,-0.0143103624127574,-0.0118156077971518,-0.0286989212036132,-0.0337882336881971,0.0194778712754397,0.016883313406461403,0.01818059234095055
Gemma-3-12B-IT,EBM-NLP,21914768,P2,P3,P2->P3,-0.0118156077971518,-0.0253570209487212,-0.0075007213209463,-0.0557684080371298,0.043952800239977996,0.0178562996277749,0.03090454993387645
Gemma-3-12B-IT,EBM-NLP,21914768,P3,P4,P3->P4,-0.0253570209487212,-0.050172506059919,-1.030692400251116,-0.1043078769699799,0.0789508560212587,0.980519894191197,0.5297353751062278
Gemma-3-12B-IT,EBM-NLP,21914768,P4,P5,P4->P5,-0.050172506059919,-0.0246724851669803,-0.0825391277190177,-0.1421829087393624,0.09201040267944341,0.0578666425520374,0.07493852261574041
Gemma-3-12B-IT,EBM-NLP,21914768,P5,P6,P5->P6,-0.0246724851669803,-0.0218065020802256,-0.0451854506691733,-0.0717087868721254,0.0470363017051451,0.023378948588947703,0.0352076251470464
Gemma-3-12B-IT,EBM-NLP,23849147,P1,P2,P1->P2,-0.023471379505723,-0.0090013047059377,-0.0073906118671099,-0.0422100825264626,0.0187387030207396,0.0016106928388278001,0.0101746979297837
Gemma-3-12B-IT,EBM-NLP,23849147,P2,P3,P2->P3,-0.0090013047059377,-0.0238021343167773,-0.049847564334824,-0.0141687661409378,0.0051674614350001,0.026045430018046697,0.015606445726523399
Gemma-3-12B-IT,EBM-NLP,23849147,P3,P4,P3->P4,-0.0238021343167773,-0.0693778546651204,-0.6965409342447917,-0.0712779808497485,0.0474758465329712,0.6271630795796713,0.33731946305632127
Gemma-3-12B-IT,EBM-NLP,23849147,P4,P5,P4->P5,-0.0693778546651204,-0.0448469638824462,-0.7590024130684989,-0.2419745890299479,0.17259673436482748,0.7141554491860527,0.4433760917754401
Gemma-3-12B-IT,EBM-NLP,23849147,P5,P6,P5->P6,-0.0448469638824462,-0.0567369945347309,-0.0720765441656112,-0.139894608088902,0.0950476442064558,0.0153395496308803,0.05519359691866805
Gemma-3-12B-IT,EBM-NLP,15358868,P1,P2,P1->P2,-0.016763890782992,-0.0177215101120623,-0.0223577477958764,-0.0411524002750714,0.0243885094920794,0.0046362376838141005,0.01451237358794675
Gemma-3-12B-IT,EBM-NLP,15358868,P2,P3,P2->P3,-0.0177215101120623,-0.0176178882861959,-0.0347054645932953,-0.0308879180793905,0.013166407967328202,0.0170875763070994,0.015126992137213802
Gemma-3-12B-IT,EBM-NLP,15358868,P3,P4,P3->P4,-0.0176178882861959,-0.0776142603914502,-0.5769446467010069,-0.1129845849398909,0.095366696653695,0.4993303863095567,0.2973485414816258
Gemma-3-12B-IT,EBM-NLP,15358868,P4,P5,P4->P5,-0.0776142603914502,-0.0510954062143961,-0.0932624556801535,-0.1421291727415272,0.064514912350077,0.042167049465757396,0.053340980907917196
Gemma-3-12B-IT,EBM-NLP,15358868,P5,P6,P5->P6,-0.0510954062143961,-0.0724411679987321,-0.081601215384857,-0.0620581959233139,0.0109627897089178,0.0091600473861249,0.01006141854752135
Gemma-3-12B-IT,EBM-NLP,6938020,P1,P2,P1->P2,-0.0117345358196057,-0.0068081192348314,-0.0053481074347012,-0.0118117804866826,7.724466707689955e-05,0.0014600118001301997,0.0007686282336035496
Gemma-3-12B-IT,EBM-NLP,6938020,P2,P3,P2->P3,-0.0068081192348314,-0.0115637341061153,-0.0216755763904468,-0.0221332895583,0.015325170323468602,0.010111842284331499,0.01271850630390005
Gemma-3-12B-IT,EBM-NLP,6938020,P3,P4,P3->P4,-0.0115637341061153,-0.020060184714082,-0.2921824764895749,-0.0539685996803077,0.0424048655741924,0.2721222917754929,0.15726357867484264
Gemma-3-12B-IT,EBM-NLP,6938020,P4,P5,P4->P5,-0.020060184714082,-0.0327535765511649,-0.0754915192013695,-0.0585875944657759,0.0385274097516939,0.0427379426502046,0.04063267620094925
Gemma-3-12B-IT,EBM-NLP,6938020,P5,P6,P5->P6,-0.0327535765511649,-0.0509705314269432,-0.0471837520599365,-0.0656260853721981,0.03287250882103321,0.0037867793670067,0.018329644094019954
Gemma-3-12B-IT,EBM-NLP,19096921,P1,P2,P1->P2,-0.0018363151407461,-0.0056930511228499,-0.0018363151407461,-0.0056930511228499,0.0038567359821038,0.0038567359821038,0.0038567359821038
Gemma-3-12B-IT,EBM-NLP,19096921,P2,P3,P2->P3,-0.0056930511228499,-0.0012135941037384,-0.0056930511228499,-0.0012135941037384,0.0044794570191115,0.0044794570191115,0.0044794570191115
Gemma-3-12B-IT,EBM-NLP,19096921,P3,P4,P3->P4,-0.0012135941037384,-0.012382208968008,-0.3582184434603046,-0.0618479460615166,0.0606343519577782,0.3458362344922966,0.20323529322503742
Gemma-3-12B-IT,EBM-NLP,19096921,P4,P5,P4->P5,-0.012382208968008,-0.0056263622858666,-0.0582823532306595,-0.0488959211210964,0.0365137121530884,0.0526559909447929,0.04458485154894065
Gemma-3-12B-IT,EBM-NLP,19096921,P5,P6,P5->P6,-0.0056263622858666,-0.0074975968975769,-0.0055124504785788,-0.0077232201367814,0.0020968578509148,0.0019851464189981002,0.00204100213495645
Gemma-3-12B-IT,EBM-NLP,7844976,P1,P2,P1->P2,-0.0142368091477288,-0.0137657967019588,-0.0852847505123057,-0.0338540024227566,0.019617193275027804,0.0715189538103469,0.045568073542687354
Gemma-3-12B-IT,EBM-NLP,7844976,P2,P3,P2->P3,-0.0137657967019588,-0.0047370385722953,-0.0132051786454785,-0.0628493998913054,0.049083603189346604,0.0084681400731832,0.028775871631264903
Gemma-3-12B-IT,EBM-NLP,7844976,P3,P4,P3->P4,-0.0047370385722953,-0.0175839257896493,-0.6963757156232081,-0.0936010665252429,0.0888640279529476,0.6787917898335588,0.3838279088932532
Gemma-3-12B-IT,EBM-NLP,7844976,P4,P5,P4->P5,-0.0175839257896493,-0.0207376460234324,-0.0586283127466837,-0.2045731850720326,0.1869892592823833,0.0378906667232513,0.1124399630028173
Gemma-3-12B-IT,EBM-NLP,7844976,P5,P6,P5->P6,-0.0207376460234324,-0.0835258227128249,-0.0695190613086407,-0.0706671714782714,0.049929525454838995,0.014006761404184193,0.0319681434295116
Gemma-3-12B-IT,SciERC,ECCV_2016_110_abs,P1,P2,P1->P2,-0.0102409443246974,-0.0052223745196935,-0.0102409443246974,-0.0052223745196935,0.005018569805003899,0.005018569805003899,0.005018569805003899
Gemma-3-12B-IT,SciERC,ECCV_2016_110_abs,P2,P3,P2->P3,-0.0052223745196935,-0.0055668913588231,-0.0135767758761481,-0.0079727928334302,0.002750418313736699,0.008009884517325,0.00538015141553085
Gemma-3-12B-IT,SciERC,ECCV_2016_110_abs,P3,P4,P3->P4,-0.0055668913588231,-0.0174407897456999,-0.7487518802765877,-0.1290968514044848,0.12352996004566169,0.7313110905308878,0.4274205252882748
Gemma-3-12B-IT,SciERC,ECCV_2016_110_abs,P4,P5,P4->P5,-0.0174407897456999,-0.022954246037686,-0.08094491570244,-0.1049179323257938,0.0874771425800939,0.057990669664754,0.07273390612242395
Gemma-3-12B-IT,SciERC,ECCV_2016_110_abs,P5,P6,P5->P6,-0.022954246037686,-0.0167940623080568,-0.022954246037686,-0.0167940623080568,0.0061601837296292004,0.0061601837296292004,0.0061601837296292004
Gemma-3-12B-IT,EBM-NLP,384815,P1,P2,P1->P2,-0.0218189906100837,-0.0036744855496348,-0.0218189906100837,-0.0036744855496348,0.018144505060448898,0.018144505060448898,0.018144505060448898
Gemma-3-12B-IT,EBM-NLP,384815,P2,P3,P2->P3,-0.0036744855496348,-0.0099270708706914,-0.0036744855496348,-0.0099270708706914,0.006252585321056601,0.006252585321056601,0.006252585321056601
Gemma-3-12B-IT,EBM-NLP,384815,P3,P4,P3->P4,-0.0099270708706914,-0.0048550528691227,-0.4338652531903489,-0.085434611962766,0.0755075410920746,0.4290102003212262,0.25225887070665043
Gemma-3-12B-IT,EBM-NLP,384815,P4,P5,P4->P5,-0.0048550528691227,-0.023786640715325,-0.0966909123563218,-0.3090374308421199,0.3041823779729972,0.0729042716409968,0.18854332480699698
Gemma-3-12B-IT,EBM-NLP,384815,P5,P6,P5->P6,-0.023786640715325,-0.0574467856928987,-0.0730263062243191,-0.0349050993206857,0.011118458605360704,0.015579520531420407,0.013348989568390555
Gemma-3-12B-IT,EBM-NLP,10934569,P1,P2,P1->P2,-0.0016759034183065,-0.0018819768802594,-0.0016759034183065,-0.0018819768802594,0.00020607346195289995,0.00020607346195289995,0.00020607346195289995
Gemma-3-12B-IT,EBM-NLP,10934569,P2,P3,P2->P3,-0.0018819768802594,-0.0052780514046297,-0.0018819768802594,-0.0052780514046297,0.0033960745243703004,0.0033960745243703004,0.0033960745243703004
Gemma-3-12B-IT,EBM-NLP,10934569,P3,P4,P3->P4,-0.0052780514046297,-0.0110030699960933,-0.3224016746378833,-0.1212410765179133,0.1159630251132836,0.31139860464179,0.2136808148775368
Gemma-3-12B-IT,EBM-NLP,10934569,P4,P5,P4->P5,-0.0110030699960933,-0.0141143399084399,-0.038399990447267,-0.0462877320947114,0.035284662098618094,0.024285650538827103,0.029785156318722597
Gemma-3-12B-IT,EBM-NLP,10934569,P5,P6,P5->P6,-0.0141143399084399,-0.0182442550887604,-0.0141143399084399,-0.0182442550887604,0.0041299151803204995,0.0041299151803204995,0.0041299151803204995
Gemma-3-12B-IT,EBM-NLP,22271197,P1,P2,P1->P2,-0.0125149128929017,-0.0203381254201632,-0.0260413888532316,-0.0325729935257523,0.020058080632850597,0.005703263433068397,0.012880672032959497
Gemma-3-12B-IT,EBM-NLP,22271197,P2,P3,P2->P3,-0.0203381254201632,-0.0162951793426122,-0.0270722034649971,-0.0254401012956242,0.005101975875460997,0.0107770241223849,0.007939499998922949
Gemma-3-12B-IT,EBM-NLP,22271197,P3,P4,P3->P4,-0.0162951793426122,-0.0535187813543504,-0.476660648469002,-0.087049954976791,0.0707547756341788,0.4231418671146516,0.24694832137441522
Gemma-3-12B-IT,EBM-NLP,22271197,P4,P5,P4->P5,-0.0535187813543504,-0.008490868533651,-0.1303905347983042,-0.2066179829259072,0.1530992015715568,0.1218996662646532,0.13749943391810499
Gemma-3-12B-IT,EBM-NLP,22271197,P5,P6,P5->P6,-0.008490868533651,-0.0683925727318073,-0.1095344444801067,-0.0190169811248779,0.010526112591226898,0.041141871748299405,0.02583399216976315
Gemma-3-12B-IT,SciERC,P06-3007,P1,P2,P1->P2,-0.0029985270762847,-0.0035271053597078,-0.0029985270762847,-0.0035271053597078,0.0005285782834231001,0.0005285782834231001,0.0005285782834231001
Gemma-3-12B-IT,SciERC,P06-3007,P2,P3,P2->P3,-0.0035271053597078,-0.0090812480196039,-0.0147551577141944,-0.0081614033650543,0.0046342980053465,0.005673909694590499,0.0051541038499685
Gemma-3-12B-IT,SciERC,P06-3007,P3,P4,P3->P4,-0.0090812480196039,-0.0070624968388697,-0.5086614435369318,-0.1072548156088971,0.0981735675892932,0.501598946698062,0.2998862571436776
Gemma-3-12B-IT,SciERC,P06-3007,P4,P5,P4->P5,-0.0070624968388697,-0.0160841592030175,-0.1649623414264222,-0.0511505487081887,0.044088051869319,0.14887818222340468,0.09648311704636184
Gemma-3-12B-IT,SciERC,P06-3007,P5,P6,P5->P6,-0.0160841592030175,-0.0351437260668565,-0.045520697122418,-0.0244375011635563,0.008353341960538802,0.010376971055561499,0.00936515650805015
Gemma-3-12B-IT,EBM-NLP,24803369,P1,P2,P1->P2,-0.0084969969682915,-0.0024020682210507,-0.0070279655249222,-0.0168528427449307,0.0083558457766392,0.0046258973038714995,0.00649087154025535
Gemma-3-12B-IT,EBM-NLP,24803369,P2,P3,P2->P3,-0.0024020682210507,-0.007951371566109,-0.0024020682210507,-0.007951371566109,0.0055493033450583,0.0055493033450583,0.0055493033450583
Gemma-3-12B-IT,EBM-NLP,24803369,P3,P4,P3->P4,-0.007951371566109,-0.0167477541191633,-0.2830656539562136,-0.0808352594790251,0.0728838879129161,0.2663178998370503,0.1696008938749832
Gemma-3-12B-IT,EBM-NLP,24803369,P4,P5,P4->P5,-0.0167477541191633,-0.0398694254869332,-0.0495807378569995,-0.0737681810245957,0.0570204269054324,0.009711312370066297,0.033365869637749346
Gemma-3-12B-IT,EBM-NLP,24803369,P5,P6,P5->P6,-0.0398694254869332,-0.035579246633193,-0.036297181073357,-0.0579693917116504,0.0180999662247172,0.0007179344401639989,0.009408950332440599
Gemma-3-12B-IT,EBM-NLP,8779382,P1,P2,P1->P2,-0.0085688276063225,-0.0147391402994403,-0.0348411297980155,-0.0134494020072471,0.0048805744009245994,0.0201019894985752,0.0124912819497499
Gemma-3-12B-IT,EBM-NLP,8779382,P2,P3,P2->P3,-0.0147391402994403,-0.0018546451624255,-0.0134494020072471,-0.0390548196457724,0.024315679346332098,0.0115947568448216,0.017955218095576847
Gemma-3-12B-IT,EBM-NLP,8779382,P3,P4,P3->P4,-0.0018546451624255,-0.0192026597148967,-0.6227027605164726,-0.0654666708382118,0.06361202567578629,0.6035001008015759,0.3335560632386811
Gemma-3-12B-IT,EBM-NLP,8779382,P4,P5,P4->P5,-0.0192026597148967,-0.0866901554278473,-0.1219312753250349,-0.0715841527255076,0.052381493010610895,0.03524111989718759,0.043811306453899246
Gemma-3-12B-IT,EBM-NLP,8779382,P5,P6,P5->P6,-0.0866901554278473,-0.0489120324452718,-0.1094795862833658,-0.0808138064484098,0.005876348979437507,0.06056755383809401,0.03322195140876576
Gemma-3-12B-IT,SciERC,E95-1033,P1,P2,P1->P2,-0.0127213406306441,-0.013609145790018,-0.0205763950142809,-0.0117223278168709,0.0009990128137732004,0.0069672492242629,0.00398313101901805
Gemma-3-12B-IT,SciERC,E95-1033,P2,P3,P2->P3,-0.013609145790018,-0.0215206802532237,-0.0504770381476289,-0.007904726459134,0.0057044193308839995,0.028956357894405198,0.017330388612644597
Gemma-3-12B-IT,SciERC,E95-1033,P3,P4,P3->P4,-0.0215206802532237,-0.0123063625218059,-0.4546871773471916,-0.0876782078896799,0.06615752763645619,0.4423808148253857,0.25426917123092097
Gemma-3-12B-IT,SciERC,E95-1033,P4,P5,P4->P5,-0.0123063625218059,-0.0282836961746215,-0.1612376403808594,-0.0658626556396484,0.0535562931178425,0.13295394420623788,0.09325511866204018
Gemma-3-12B-IT,SciERC,E95-1033,P5,P6,P5->P6,-0.0282836961746215,-0.0342601985466189,-0.0519597681557259,-0.0368490004539489,0.0085653042793274,0.017699569609107,0.0131324369442172
Gemma-3-12B-IT,SciERC,C88-1044,P1,P2,P1->P2,-0.0084565196718488,-0.0076081193805311,-0.0157729153427781,-0.0122665405273437,0.0038100208554948996,0.008164795962247,0.00598740840887095
Gemma-3-12B-IT,SciERC,C88-1044,P2,P3,P2->P3,-0.0076081193805311,-0.005456127706362,-0.0133338121472954,-0.0085984696611833,0.0009903502806522003,0.0078776844409334,0.0044340173607928
Gemma-3-12B-IT,SciERC,C88-1044,P3,P4,P3->P4,-0.005456127706362,-0.0145131330021092,-0.5482093519200393,-0.1428312948104046,0.1373751671040426,0.5336962189179301,0.33553569301098635
Gemma-3-12B-IT,SciERC,C88-1044,P4,P5,P4->P5,-0.0145131330021092,-0.007256581143635,-0.0452721944669397,-0.0647264282560088,0.0502132952538996,0.0380156133233047,0.04411445428860215
Gemma-3-12B-IT,SciERC,C88-1044,P5,P6,P5->P6,-0.007256581143635,-0.0100339437785901,-0.015785611303229,-0.0114512199308814,0.0041946387872464,0.0057516675246388985,0.004973153155942649
Gemma-3-12B-IT,SciERC,I05-5004,P1,P2,P1->P2,-0.0068112613557875,-0.002918124005392,-0.0075341339235181,-0.009358017877124,0.0025467565213365,0.0046160099181261,0.0035813832197313
Gemma-3-12B-IT,SciERC,I05-5004,P2,P3,P2->P3,-0.002918124005392,-0.0051293901273873,-0.0063903000722995,-0.0063071514104867,0.0033890274050946997,0.0012609099449122007,0.00232496867500345
Gemma-3-12B-IT,SciERC,I05-5004,P3,P4,P3->P4,-0.0051293901273873,-0.0096255408393012,-0.3296968248155382,-0.0586254816159443,0.053496091488557,0.32007128397623696,0.18678368773239698
Gemma-3-12B-IT,SciERC,I05-5004,P4,P5,P4->P5,-0.0096255408393012,-0.0206861969302682,-0.0324142189586863,-0.066790771484375,0.0571652306450738,0.011728022028418099,0.034446626336745945
Gemma-3-12B-IT,SciERC,I05-5004,P5,P6,P5->P6,-0.0206861969302682,-0.0212880162631764,-0.0206861969302682,-0.0212880162631764,0.000601819332908201,0.000601819332908201,0.000601819332908201
Gemma-3-12B-IT,SciERC,P06-1018,P1,P2,P1->P2,-0.0046587095906337,-0.0103567863504091,-0.0087665636092424,-0.0100887492299079,0.005430039639274199,0.0015902227411667014,0.00351013119022045
Gemma-3-12B-IT,SciERC,P06-1018,P2,P3,P2->P3,-0.0103567863504091,-0.005553973263874,-0.01565256167021,-0.0120573205252488,0.0017005341748396983,0.010098588406336002,0.00589956129058785
Gemma-3-12B-IT,SciERC,P06-1018,P3,P4,P3->P4,-0.005553973263874,-0.0097821840171605,-0.2961055776460574,-0.0597072556288206,0.0541532823649466,0.28632339362889686,0.17023833799692173
Gemma-3-12B-IT,SciERC,P06-1018,P4,P5,P4->P5,-0.0097821840171605,-0.0105835389219438,-0.0675290160017287,-0.0275029041728035,0.017720720155643,0.056945477079784895,0.037333098617713945
Gemma-3-12B-IT,SciERC,P06-1018,P5,P6,P5->P6,-0.0105835389219438,-0.0100090553492852,-0.0105835389219438,-0.0100090553492852,0.0005744835726586,0.0005744835726586,0.0005744835726586
Gemma-3-12B-IT,SciERC,E99-1015,P1,P2,P1->P2,-0.0040162536333192,-0.0080496259564348,-0.0265730398672598,-0.0065636481878892,0.00254739455457,0.018523413910824998,0.010535404232697498
Gemma-3-12B-IT,SciERC,E99-1015,P2,P3,P2->P3,-0.0080496259564348,-0.0116504689921503,-0.0216216149537459,-0.0022739970106684,0.005775628945766401,0.009971145961595599,0.007873387453681
Gemma-3-12B-IT,SciERC,E99-1015,P3,P4,P3->P4,-0.0116504689921503,-0.016661883958804,-0.5584906783758425,-0.1668563842773437,0.1552059152851934,0.5418287944170386,0.348517354851116
Gemma-3-12B-IT,SciERC,E99-1015,P4,P5,P4->P5,-0.016661883958804,-0.0326564788818359,-0.0562144470214843,-0.0899333766862457,0.0732714927274417,0.023557968139648403,0.04841473043354505
Gemma-3-12B-IT,SciERC,E99-1015,P5,P6,P5->P6,-0.0326564788818359,-0.023054763674736,-0.0356548845767974,-0.0336820139203752,0.0010255350385393047,0.0126001209020614,0.006812827970300353
Gemma-3-12B-IT,EBM-NLP,22416755,P1,P2,P1->P2,-0.0060370464372754,-0.0091913009347174,-0.0060370464372754,-0.0091913009347174,0.0031542544974420004,0.0031542544974420004,0.0031542544974420004
Gemma-3-12B-IT,EBM-NLP,22416755,P2,P3,P2->P3,-0.0091913009347174,-0.0128394112442478,-0.0206772245541967,-0.0231547009078482,0.0139633999731308,0.0078378133099489,0.01090060664153985
Gemma-3-12B-IT,EBM-NLP,22416755,P3,P4,P3->P4,-0.0128394112442478,-0.0193179936120004,-0.3868013150764234,-0.1039347407793757,0.0910953295351279,0.367483321464423,0.22928932549977543
Gemma-3-12B-IT,EBM-NLP,22416755,P4,P5,P4->P5,-0.0193179936120004,-0.0617126933598922,-0.1147936481540485,-0.0951668999411843,0.0758489063291839,0.053080954794156296,0.0644649305616701
Gemma-3-12B-IT,EBM-NLP,22416755,P5,P6,P5->P6,-0.0617126933598922,-0.0498711243271827,-0.0490561090409755,-0.0876684108022916,0.025955717442399398,0.0008150152862071991,0.013385366364303299
Gemma-3-12B-IT,SciERC,P06-2012,P1,P2,P1->P2,-0.0057611399357861,-0.0108963800216347,-0.0191280801996126,-0.0127054516631777,0.0069443117273916,0.0082317001779779,0.00758800595268475
Gemma-3-12B-IT,SciERC,P06-2012,P2,P3,P2->P3,-0.0108963800216347,-0.0078250047415139,-0.0108963800216347,-0.0078250047415139,0.0030713752801207993,0.0030713752801207993,0.0030713752801207993
Gemma-3-12B-IT,SciERC,P06-2012,P3,P4,P3->P4,-0.0078250047415139,-0.0220431418874155,-0.5307113800815602,-0.0881801687163214,0.08035516397480749,0.5086682381941446,0.29451170108447605
Gemma-3-12B-IT,SciERC,P06-2012,P4,P5,P4->P5,-0.0220431418874155,-0.0127023624708927,-0.0354475272129256,-0.1459100905375265,0.12386694865011098,0.0227451647420329,0.07330605669607194
Gemma-3-12B-IT,SciERC,P06-2012,P5,P6,P5->P6,-0.0127023624708927,-0.0139025033689012,-0.0183162913602941,-0.0112884225123432,0.0014139399585494997,0.004413787991392899,0.0029138639749711993
Gemma-3-12B-IT,EBM-NLP,1459268,P1,P2,P1->P2,-0.0216733306966802,-0.0365422553541254,-0.0707909358487584,-0.0349326774638186,0.013259346767138396,0.034248680494633,0.023754013630885695
Gemma-3-12B-IT,EBM-NLP,1459268,P2,P3,P2->P3,-0.0365422553541254,-0.0181116691002478,-0.0391089107116423,-0.0470822678562021,0.010540012502076701,0.020997241611394497,0.0157686270567356
Gemma-3-12B-IT,EBM-NLP,1459268,P3,P4,P3->P4,-0.0181116691002478,-0.0362329006195068,-0.3331896887885199,-0.186867934006911,0.1687562649066632,0.2969567881690131,0.23285652653783817
Gemma-3-12B-IT,EBM-NLP,1459268,P4,P5,P4->P5,-0.0362329006195068,-0.0254152137621314,-0.194978376405429,-0.2293981764051649,0.19316527578565812,0.1695631626432976,0.18136421921447787
Gemma-3-12B-IT,EBM-NLP,1459268,P5,P6,P5->P6,-0.0254152137621314,-0.0385119514127748,-0.0254152137621314,-0.0385119514127748,0.013096737650643404,0.013096737650643404,0.013096737650643404
Gemma-3-12B-IT,SciERC,P05-1039,P1,P2,P1->P2,-0.0110704844511007,-0.0099151363855675,-0.0208636706388449,-0.0107884877844701,0.00028199666663060105,0.010948534253277402,0.0056152654599540015
Gemma-3-12B-IT,SciERC,P05-1039,P2,P3,P2->P3,-0.0099151363855675,-0.0118529328889253,-0.0107211108413039,-0.0319446491289742,0.0220295127434067,0.0011318220476213992,0.011580667395514048
Gemma-3-12B-IT,SciERC,P05-1039,P3,P4,P3->P4,-0.0118529328889253,-0.0358171541612226,-0.6053119701343578,-0.1182032133403577,0.1063502804514324,0.5694948159731352,0.3379225482122838
Gemma-3-12B-IT,SciERC,P05-1039,P4,P5,P4->P5,-0.0358171541612226,-0.0142693345986523,-0.1465261700083908,-0.1731683919717977,0.1373512378105751,0.1322568354097385,0.1348040366101568
Gemma-3-12B-IT,SciERC,P05-1039,P5,P6,P5->P6,-0.0142693345986523,-0.0136101245880126,-0.0142693345986523,-0.0136101245880126,0.0006592100106396995,0.0006592100106396995,0.0006592100106396995
Gemma-3-12B-IT,EBM-NLP,1968178,P1,P2,P1->P2,-0.01615985585194,-0.0066919020078714,-0.0196989022412346,-0.0588070832046807,0.0426472273527407,0.013007000233363198,0.02782711379305195
Gemma-3-12B-IT,EBM-NLP,1968178,P2,P3,P2->P3,-0.0066919020078714,-0.0066870213712303,-0.0066919020078714,-0.0066870213712303,4.880636641099723e-06,4.880636641099723e-06,4.880636641099723e-06
Gemma-3-12B-IT,EBM-NLP,1968178,P3,P4,P3->P4,-0.0066870213712303,-0.0356585396660698,-0.4974424997965495,-0.1160633957501754,0.1093763743789451,0.4617839601304797,0.28558016725471236
Gemma-3-12B-IT,EBM-NLP,1968178,P4,P5,P4->P5,-0.0356585396660698,-0.0400238414802173,-0.0336549305679774,-0.0247833887736002,0.010875150892469598,0.0063689109122399,0.00862203090235475
Gemma-3-12B-IT,EBM-NLP,1968178,P5,P6,P5->P6,-0.0400238414802173,-0.0151418552679174,-0.0307271690929637,-0.0342952072030246,0.005728634277192703,0.015585313825046302,0.010656974051119502
Gemma-3-12B-IT,EBM-NLP,11891832,P1,P2,P1->P2,-0.0031662253538767,-0.0040195743242899,-0.0031662253538767,-0.0040195743242899,0.0008533489704132002,0.0008533489704132002,0.0008533489704132002
Gemma-3-12B-IT,EBM-NLP,11891832,P2,P3,P2->P3,-0.0040195743242899,-0.0151577415047111,-0.0191333302648076,-0.0060335048039754,0.0020139304796854994,0.0039755887600965,0.0029947596198909997
Gemma-3-12B-IT,EBM-NLP,11891832,P3,P4,P3->P4,-0.0151577415047111,-0.0159596766548595,-0.401385954056663,-0.0919577350546588,0.07679999354994771,0.3854262774018035,0.23111313547587561
Gemma-3-12B-IT,EBM-NLP,11891832,P4,P5,P4->P5,-0.0159596766548595,-0.0384422425300844,-0.2088492362729964,-0.2276195219193381,0.2116598452644786,0.170406993742912,0.1910334195036953
Gemma-3-12B-IT,EBM-NLP,11891832,P5,P6,P5->P6,-0.0384422425300844,-0.0101842832565307,-0.0292879047393798,-0.0496247753020255,0.011182532771941096,0.019103621482849102,0.0151430771273951
Gemma-3-12B-IT,EBM-NLP,1780092,P1,P2,P1->P2,-0.0103470545548659,-0.008195376319021,-0.0131834564085531,-0.0337175375375992,0.023370482982733302,0.004988080089532101,0.014179281536132703
Gemma-3-12B-IT,EBM-NLP,1780092,P2,P3,P2->P3,-0.008195376319021,-0.0144674769734841,-0.0476988096138185,-0.0275650579952499,0.0193696816762289,0.0332313326403344,0.02630050715828165
Gemma-3-12B-IT,EBM-NLP,1780092,P3,P4,P3->P4,-0.0144674769734841,-0.0538221791259243,-0.6041667318751669,-0.1178986572476819,0.1034311802741978,0.5503445527492425,0.3268878665117202
Gemma-3-12B-IT,EBM-NLP,1780092,P4,P5,P4->P5,-0.0538221791259243,-0.0096060755830373,-0.0913781705109969,-0.216855725671491,0.1630335465455667,0.0817720949279596,0.12240282073676315
Gemma-3-12B-IT,EBM-NLP,1780092,P5,P6,P5->P6,-0.0096060755830373,-0.0287857075368077,-0.0433825264292315,-0.009749438451684,0.00014336286864670075,0.014596818892423803,0.007370090880535252
Gemma-3-12B-IT,SciERC,P06-1053,P1,P2,P1->P2,-0.005079606452522,-0.0101061553097842,-0.0152971632025215,-0.0162931872952368,0.011213580842714801,0.0051910078927373,0.00820229436772605
Gemma-3-12B-IT,SciERC,P06-1053,P2,P3,P2->P3,-0.0101061553097842,-0.0098769829779649,-0.0166135847141748,-0.0187568450241946,0.008650689714410398,0.0067366017362099,0.0076936457253101494
Gemma-3-12B-IT,SciERC,P06-1053,P3,P4,P3->P4,-0.0098769829779649,-0.0377722640535724,-0.574579495102612,-0.0933927932047331,0.0835158102267682,0.5368072310490396,0.3101615206379039
Gemma-3-12B-IT,SciERC,P06-1053,P4,P5,P4->P5,-0.0377722640535724,-0.0149844742606206,-0.2409217112348894,-0.1659067068526994,0.128134442799127,0.2259372369742688,0.1770358398866979
Gemma-3-12B-IT,SciERC,P06-1053,P5,P6,P5->P6,-0.0149844742606206,-0.0245332542909394,-0.0225839221149409,-0.0328385172557438,0.0178540429951232,0.0019493321759984986,0.009901687585560849
Gemma-3-12B-IT,EBM-NLP,25931290,P1,P2,P1->P2,-0.016808695763162,-0.009524654297933,-0.0209391952431114,-0.0092091597850967,0.007599535978065302,0.0114145409451784,0.00950703846162185
Gemma-3-12B-IT,EBM-NLP,25931290,P2,P3,P2->P3,-0.009524654297933,-0.0132870543691524,-0.0308107561615825,-0.0087956694790916,0.0007289848188413994,0.0175237017924301,0.00912634330563575
Gemma-3-12B-IT,EBM-NLP,25931290,P3,P4,P3->P4,-0.0132870543691524,-0.0525554374412254,-0.4386166325321904,-0.1064813028352963,0.09319424846614391,0.38606119509096504,0.23962772177855446
Gemma-3-12B-IT,EBM-NLP,25931290,P4,P5,P4->P5,-0.0525554374412254,-0.0348207398158747,-0.1099673945729325,-0.1618956671820746,0.1093402297408492,0.07514665475705781,0.0922434422489535
Gemma-3-12B-IT,EBM-NLP,25931290,P5,P6,P5->P6,-0.0348207398158747,-0.0418646616094252,-0.0766103267669677,-0.0291651283822408,0.0056556114336338975,0.0347456651575425,0.0202006382955882
Gemma-3-12B-IT,SciERC,P05-2013,P1,P2,P1->P2,-0.0096156501405325,-0.0086487541513994,-0.0124278846851065,-0.0136275665254027,0.004011916384870199,0.0037791305337070997,0.0038955234592886493
Gemma-3-12B-IT,SciERC,P05-2013,P2,P3,P2->P3,-0.0086487541513994,-0.0086024577223409,-0.0168246647191485,-0.0119028997815344,0.0032541456301349997,0.008222206996807601,0.0057381763134713
Gemma-3-12B-IT,SciERC,P05-2013,P3,P4,P3->P4,-0.0086024577223409,-0.0087624488596143,-0.5529989317142764,-0.1857116979563955,0.1771092402340546,0.5442364828546621,0.36067286154435835
Gemma-3-12B-IT,SciERC,P05-2013,P4,P5,P4->P5,-0.0087624488596143,-0.0028033416036149,-0.0359474571657852,-0.0841662710605386,0.0754038222009243,0.0331441155621703,0.0542739688815473
Gemma-3-12B-IT,SciERC,P05-2013,P5,P6,P5->P6,-0.0028033416036149,-0.0038403779128347,-0.0028033416036149,-0.0038403779128347,0.0010370363092198002,0.0010370363092198002,0.0010370363092198002
Gemma-3-12B-IT,EBM-NLP,1131298,P1,P2,P1->P2,-0.0142166989464913,-0.0058762350597897,-0.0193799379709604,-0.0057257524421138,0.0084909465043775,0.013503702911170699,0.010997324707774099
Gemma-3-12B-IT,EBM-NLP,1131298,P2,P3,P2->P3,-0.0058762350597897,-0.0065304792039446,-0.0158607847638264,-0.0098991995459204,0.0040229644861307,0.009330305559881801,0.006676635023006251
Gemma-3-12B-IT,EBM-NLP,1131298,P3,P4,P3->P4,-0.0065304792039446,-0.0189251661300659,-0.4174733088566706,-0.0737347139460166,0.067204234742072,0.3985481427266047,0.23287618873433835
Gemma-3-12B-IT,EBM-NLP,1131298,P4,P5,P4->P5,-0.0189251661300659,-0.0140737019368072,-0.0932358343209793,-0.0659216660719651,0.04699649994189921,0.07916213238417211,0.06307931616303566
Gemma-3-12B-IT,EBM-NLP,1131298,P5,P6,P5->P6,-0.0140737019368072,-0.0222116851094943,-0.0140737019368072,-0.0222116851094943,0.0081379831726871,0.0081379831726871,0.0081379831726871
Gemma-3-12B-IT,EBM-NLP,20509069,P1,P2,P1->P2,-0.0155476663530487,-0.0045012468141866,-0.042722242098328,-0.0397879634935831,0.0242402971405344,0.0382209952841414,0.031230646212337898
Gemma-3-12B-IT,EBM-NLP,20509069,P2,P3,P2->P3,-0.0045012468141866,-0.0006594465556719,-0.0045012468141866,-0.0006594465556719,0.0038418002585146995,0.0038418002585146995,0.0038418002585146995
Gemma-3-12B-IT,EBM-NLP,20509069,P3,P4,P3->P4,-0.0006594465556719,-0.0193568261464436,-0.662808837890625,-0.1033509234164623,0.1026914768607904,0.6434520117441813,0.37307174430248585
Gemma-3-12B-IT,EBM-NLP,20509069,P4,P5,P4->P5,-0.0193568261464436,-0.0205451713667975,-0.2363260233843768,-0.0416427675882975,0.022285941441853897,0.2157808520175793,0.11903339672971659
Gemma-3-12B-IT,EBM-NLP,20509069,P5,P6,P5->P6,-0.0205451713667975,-0.0455052819970535,-0.1055099147639862,-0.0221313988720929,0.0015862275052954018,0.06000463276693271,0.030795430136114056
Gemma-3-12B-IT,EBM-NLP,7017018,P1,P2,P1->P2,-0.0323526276970788,-0.0028416023900111,-0.0429283082485199,-0.0464516389205159,0.014099011223437104,0.0400867058585088,0.02709285854097295
Gemma-3-12B-IT,EBM-NLP,7017018,P2,P3,P2->P3,-0.0028416023900111,-0.024090628757655,-0.0346463751570086,-0.0198810348908106,0.0170394325007995,0.0105557463993536,0.01379758945007655
Gemma-3-12B-IT,EBM-NLP,7017018,P3,P4,P3->P4,-0.024090628757655,-0.0294550763498438,-0.7190425608417775,-0.1290385255189699,0.10494789676131491,0.6895874844919337,0.3972676906266243
Gemma-3-12B-IT,EBM-NLP,7017018,P4,P5,P4->P5,-0.0294550763498438,-0.0043863780796527,-0.1523698806762695,-0.2988137537890141,0.2693586774391703,0.1479835025966168,0.20867109001789355
Gemma-3-12B-IT,EBM-NLP,7017018,P5,P6,P5->P6,-0.0043863780796527,-0.0269548708284404,-0.035846364330238,-0.0347459644079208,0.030359586328268098,0.008891493501797604,0.019625539915032852
Gemma-3-12B-IT,SciERC,C86-1081,P1,P2,P1->P2,-0.0076541916689888,-0.010558811823527,-0.0111229578653971,-0.039661812059807,0.0320076203908182,0.0005641460418701009,0.01628588321634415
Gemma-3-12B-IT,SciERC,C86-1081,P2,P3,P2->P3,-0.010558811823527,-0.0260143227820848,-0.0361480712890625,-0.0081688534129749,0.0023899584105521003,0.0101337485069777,0.006261853458764901
Gemma-3-12B-IT,SciERC,C86-1081,P3,P4,P3->P4,-0.0260143227820848,-0.0343377855088975,-0.6402831077575684,-0.1481976474288606,0.12218332464677581,0.6059453222486708,0.3640643234477233
Gemma-3-12B-IT,SciERC,C86-1081,P4,P5,P4->P5,-0.0343377855088975,-0.0216615237588957,-0.1177320255069282,-0.1402264833450317,0.10588869783613421,0.0960705017480325,0.10097959979208335
Gemma-3-12B-IT,SciERC,C86-1081,P5,P6,P5->P6,-0.0216615237588957,-0.0127395391464233,-0.0249606140198246,-0.0314427886422224,0.009781264883326698,0.0122210748734013,0.011001169878363998
Gemma-3-12B-IT,SciERC,P06-1013,P1,P2,P1->P2,-0.0076193894355746,-0.0070426442906869,-0.0075647242327566,-0.007740562072428,0.0001211726368534,0.0005220799420697,0.00032162628946155
Gemma-3-12B-IT,SciERC,P06-1013,P2,P3,P2->P3,-0.0070426442906869,-0.0098774759488414,-0.016000236395194,-0.0172068424800784,0.010164198189391502,0.0061227604463526,0.00814347931787205
Gemma-3-12B-IT,SciERC,P06-1013,P3,P4,P3->P4,-0.0098774759488414,-0.0221345723808491,-0.4688255687176955,-0.0518003434736012,0.0419228675247598,0.4466909963368464,0.2443069319308031
Gemma-3-12B-IT,SciERC,P06-1013,P4,P5,P4->P5,-0.0221345723808491,-0.0066917033559347,-0.0820473437328415,-0.07257045992427,0.0504358875434209,0.0753556403769068,0.06289576396016384
Gemma-3-12B-IT,SciERC,P06-1013,P5,P6,P5->P6,-0.0066917033559347,-0.0150480890805836,-0.0177775989234669,-0.0152999943039982,0.0086082909480635,0.0027295098428832994,0.0056689003954734
Gemma-3-12B-IT,EBM-NLP,15854186,P1,P2,P1->P2,-0.0105662858247073,-0.0018912647480151,-0.0238873615711429,-0.0309168561481814,0.0203505703234741,0.021996096823127798,0.02117333357330095
Gemma-3-12B-IT,EBM-NLP,15854186,P2,P3,P2->P3,-0.0018912647480151,-0.0090024720137368,-0.0410547995005392,-0.0052095117377596,0.0033182469897445,0.0320523274868024,0.01768528723827345
Gemma-3-12B-IT,EBM-NLP,15854186,P3,P4,P3->P4,-0.0090024720137368,-0.0474625934254039,-0.7005030025135387,-0.1797918711447153,0.1707893991309785,0.6530404090881348,0.4119149041095566
Gemma-3-12B-IT,EBM-NLP,15854186,P4,P5,P4->P5,-0.0474625934254039,-0.0211440026760101,-0.2214733097288343,-0.110523679039695,0.0630610856142911,0.2003293070528242,0.13169519633355764
Gemma-3-12B-IT,EBM-NLP,15854186,P5,P6,P5->P6,-0.0211440026760101,-0.023283216688368,-0.0211440026760101,-0.023283216688368,0.0021392140123579,0.0021392140123579,0.0021392140123579
Gemma-3-12B-IT,SciERC,P06-4007,P1,P2,P1->P2,-0.0178130751564389,-0.0073866862587947,-0.0287825867936417,-0.0271324827557518,0.0093194075993129,0.021395900534847,0.01535765406707995
Gemma-3-12B-IT,SciERC,P06-4007,P2,P3,P2->P3,-0.0073866862587947,-0.0228561136220068,-0.0194712219751469,-0.0139263900550636,0.0065397037962689,0.0033848916468599,0.0049622977215643994
Gemma-3-12B-IT,SciERC,P06-4007,P3,P4,P3->P4,-0.0228561136220068,-0.0345890773990289,-0.6950949071868648,-0.1827561930156074,0.1599000793936006,0.6605058297878359,0.41020295459071826
Gemma-3-12B-IT,SciERC,P06-4007,P4,P5,P4->P5,-0.0345890773990289,-0.0208909570874266,-0.0353325421537332,-0.0322078030283858,0.002381274370643102,0.014441585066306602,0.008411429718474852
Gemma-3-12B-IT,SciERC,P06-4007,P5,P6,P5->P6,-0.0208909570874266,-0.0305265857462297,-0.0410424282676295,-0.0307496483646222,0.009858691277195603,0.0105158425213998,0.010187266899297701
Gemma-3-12B-IT,EBM-NLP,11750293,P1,P2,P1->P2,-0.0176442943552814,-0.0497477021203989,-0.050079035825756,-0.0395278779287186,0.0218835835734372,0.0003313337053571022,0.01110745863939715
Gemma-3-12B-IT,EBM-NLP,11750293,P2,P3,P2->P3,-0.0497477021203989,-0.0334113593240386,-0.0794599156549447,-0.0765238850056624,0.026776182885263504,0.0460485563309061,0.036412369608084805
Gemma-3-12B-IT,EBM-NLP,11750293,P3,P4,P3->P4,-0.0334113593240386,-0.0598285372664288,-0.2990926416908822,-0.1445023620012894,0.1110910026772508,0.2392641044244534,0.1751775535508521
Gemma-3-12B-IT,EBM-NLP,11750293,P4,P5,P4->P5,-0.0598285372664288,-0.0335088580487722,-0.0805746446172875,-0.1718040675651736,0.11197553029874481,0.0470657865685153,0.07952065843363006
Gemma-3-12B-IT,EBM-NLP,11750293,P5,P6,P5->P6,-0.0335088580487722,-0.0620533127382577,-0.0500448640570583,-0.058084499405091,0.024575641356318803,0.0120084486811994,0.018292045018759102
Gemma-3-12B-IT,EBM-NLP,6951573,P1,P2,P1->P2,-0.0264420082147704,-0.0269248695571187,-0.0372118332225424,-0.0695680844581733,0.043126076243402894,0.010286963665423702,0.026706519954413296
Gemma-3-12B-IT,EBM-NLP,6951573,P2,P3,P2->P3,-0.0269248695571187,-0.009849897572692,-0.026509318553226,-0.0506097763931195,0.0236849068360008,0.016659420980534002,0.0201721639082674
Gemma-3-12B-IT,EBM-NLP,6951573,P3,P4,P3->P4,-0.009849897572692,-0.0810296861387842,-0.4059183134449471,-0.1166457413507739,0.10679584377808189,0.3248886273061629,0.2158422355421224
Gemma-3-12B-IT,EBM-NLP,6951573,P4,P5,P4->P5,-0.0810296861387842,-0.0863536327115951,-0.1274699395702731,-0.1580598405796847,0.0770301544409005,0.04111630685867801,0.059073230649789255
Gemma-3-12B-IT,EBM-NLP,6951573,P5,P6,P5->P6,-0.0863536327115951,-0.0183094205955664,-0.0848944187164306,-0.0883101263353901,0.0019564936237949915,0.06658499812086419,0.03427074587232959
Gemma-3-12B-IT,SciERC,P83-1004,P1,P2,P1->P2,-0.0096138170373584,-0.0033133420866993,-0.0096138170373584,-0.0033133420866993,0.0063004749506590995,0.0063004749506590995,0.0063004749506590995
Gemma-3-12B-IT,SciERC,P83-1004,P2,P3,P2->P3,-0.0033133420866993,-0.0037599751031568,-0.0046805772179255,-0.0036213692383244,0.00030802715162509984,0.0009206021147686997,0.0006143146331968998
Gemma-3-12B-IT,SciERC,P83-1004,P3,P4,P3->P4,-0.0037599751031568,-0.027805842894459,-0.4121797961467729,-0.0552847448531576,0.051524769750000796,0.38437395325231394,0.21794936150115737
Gemma-3-12B-IT,SciERC,P83-1004,P4,P5,P4->P5,-0.027805842894459,-0.0223385558844848,-0.1319606168282464,-0.0910261685086279,0.06322032561416889,0.10962206094376159,0.08642119327896525
Gemma-3-12B-IT,SciERC,P83-1004,P5,P6,P5->P6,-0.0223385558844848,-0.0449757224635074,-0.0483398303650973,-0.0166864543381132,0.0056521015463716,0.003364107901589898,0.004508104723980749
Gemma-3-12B-IT,EBM-NLP,9229602,P1,P2,P1->P2,-0.0048768432772889,-0.0047837810787728,-0.0028585796433735,-0.0038409753721587,0.0010358679051301997,0.0019252014353993,0.0014805346702647499
Gemma-3-12B-IT,EBM-NLP,9229602,P2,P3,P2->P3,-0.0047837810787728,-0.0032094423848439,-0.0047837810787728,-0.0032094423848439,0.0015743386939288998,0.0015743386939288998,0.0015743386939288998
Gemma-3-12B-IT,EBM-NLP,9229602,P3,P4,P3->P4,-0.0032094423848439,-0.0754190393396326,-0.4410649892446157,-0.0865957058542143,0.0833862634693704,0.3656459499049831,0.22451610668717675
Gemma-3-12B-IT,EBM-NLP,9229602,P4,P5,P4->P5,-0.0754190393396326,-0.0109997601736159,-0.1262555076962425,-0.140341956336219,0.0649229169965864,0.1152557475226266,0.0900893322596065
Gemma-3-12B-IT,EBM-NLP,9229602,P5,P6,P5->P6,-0.0109997601736159,-0.0096071084340413,-0.0109997601736159,-0.0096071084340413,0.0013926517395745994,0.0013926517395745994,0.0013926517395745994
Gemma-3-12B-IT,SciERC,C04-1011,P1,P2,P1->P2,-0.0065740515828615,-0.0075968540938202,-0.0107898996667247,-0.007068879208584,0.0004948276257224996,0.0031930455729045,0.0018439365993134999
Gemma-3-12B-IT,SciERC,C04-1011,P2,P3,P2->P3,-0.0075968540938202,-0.0049230298380012,-0.0121688821533475,-0.0066784526397049,0.0009184014541153002,0.0072458523153463,0.0040821268847308
Gemma-3-12B-IT,SciERC,C04-1011,P3,P4,P3->P4,-0.0049230298380012,-0.0161155847402719,-0.4089146247276893,-0.0687114656104276,0.06378843577242639,0.3927990399874174,0.22829373787992188
Gemma-3-12B-IT,SciERC,C04-1011,P4,P5,P4->P5,-0.0161155847402719,-0.0055035627494424,-0.1142514115673,-0.0569685018979586,0.0408529171576867,0.1087478488178576,0.07480038298777214
Gemma-3-12B-IT,SciERC,C04-1011,P5,P6,P5->P6,-0.0055035627494424,-0.0106591802813631,-0.0126956129248762,-0.0091909723766779,0.0036874096272354996,0.0020364326435131,0.0028619211353743
Gemma-3-12B-IT,SciERC,E06-1022,P1,P2,P1->P2,-0.0207072472412314,-0.0161567509288313,-0.017908078078786,-0.0268736301652537,0.006166382924022298,0.0017513271499546984,0.003958855036988498
Gemma-3-12B-IT,SciERC,E06-1022,P2,P3,P2->P3,-0.0161567509288313,-0.0065841538889107,-0.0143422876570966,-0.0137646038719162,0.002392147056915102,0.0077581337681859,0.005075140412550501
Gemma-3-12B-IT,SciERC,E06-1022,P3,P4,P3->P4,-0.0065841538889107,-0.0686648146620074,-0.463240466071564,-0.0516126999662494,0.0450285460773387,0.3945756514095566,0.21980209874344764
Gemma-3-12B-IT,SciERC,E06-1022,P4,P5,P4->P5,-0.0686648146620074,-0.0108577634977257,-0.0735900816710098,-0.100352537284777,0.0316877226227696,0.0627323181732841,0.04721002039802685
Gemma-3-12B-IT,SciERC,E06-1022,P5,P6,P5->P6,-0.0108577634977257,-0.0098258632680644,-0.0108577634977257,-0.0098258632680644,0.001031900229661301,0.001031900229661301,0.001031900229661301
Gemma-3-12B-IT,EBM-NLP,20618920,P1,P2,P1->P2,-0.003326807659512,-0.0298894099052378,-0.0708513954617329,-0.0403640987327595,0.0370372910732475,0.0409619855564951,0.0389996383148713
Gemma-3-12B-IT,EBM-NLP,20618920,P2,P3,P2->P3,-0.0298894099052378,-0.007034670922064,-0.0187692598263788,-0.0814070354234303,0.05151762551819249,0.011734588904314799,0.03162610721125365
Gemma-3-12B-IT,EBM-NLP,20618920,P3,P4,P3->P4,-0.007034670922064,-0.0778238816694779,-0.5632471604780718,-0.1373466104955717,0.1303119395735077,0.48542327880859387,0.3078676091910508
Gemma-3-12B-IT,EBM-NLP,20618920,P4,P5,P4->P5,-0.0778238816694779,-0.0433746831757681,-0.504878044128418,-0.276896840875799,0.19907295920632112,0.4615033609526499,0.33028816007948547
Gemma-3-12B-IT,EBM-NLP,20618920,P5,P6,P5->P6,-0.0433746831757681,-0.0132406921271818,-0.0245072956544807,-0.0915465411685761,0.04817185799280801,0.0112666035272989,0.029719230760053453
Gemma-3-12B-IT,SciERC,CVPR_2003_30_abs,P1,P2,P1->P2,-0.0118736921928883,-0.011873909619064,-0.0185706445861561,-0.0221486052635255,0.010274913070637198,0.0066967349670921,0.008485824018864649
Gemma-3-12B-IT,SciERC,CVPR_2003_30_abs,P2,P3,P2->P3,-0.011873909619064,-0.0163899645862351,-0.0215102970837596,-0.0165754052884409,0.004701495669376901,0.0051203324975245025,0.004910914083450702
Gemma-3-12B-IT,SciERC,CVPR_2003_30_abs,P3,P4,P3->P4,-0.0163899645862351,-0.0251009021486554,-0.3755236216953823,-0.1196353274037638,0.1032453628175287,0.3504227195467269,0.2268340411821278
Gemma-3-12B-IT,SciERC,CVPR_2003_30_abs,P4,P5,P4->P5,-0.0251009021486554,-0.0190460249781608,-0.0440124660730361,-0.0355369193213326,0.010436017172677201,0.024966441094875298,0.01770122913377625
Gemma-3-12B-IT,SciERC,CVPR_2003_30_abs,P5,P6,P5->P6,-0.0190460249781608,-0.0209396392107009,-0.0190460249781608,-0.0209396392107009,0.0018936142325401,0.0018936142325401,0.0018936142325401
Gemma-3-12B-IT,SciERC,CVPR_2004_18_abs,P1,P2,P1->P2,-0.0157029369684654,-0.0165661428857037,-0.0157029369684654,-0.0165661428857037,0.0008632059172383015,0.0008632059172383015,0.0008632059172383015
Gemma-3-12B-IT,SciERC,CVPR_2004_18_abs,P2,P3,P2->P3,-0.0165661428857037,-0.017556521627638,-0.0146544724702835,-0.0285626959612989,0.0119965530755952,0.0029020491573544995,0.00744930111647485
Gemma-3-12B-IT,SciERC,CVPR_2004_18_abs,P3,P4,P3->P4,-0.017556521627638,-0.0193597944955977,-0.3026227678571428,-0.1057076387935214,0.08815111716588339,0.2832629733615451,0.18570704526371423
Gemma-3-12B-IT,SciERC,CVPR_2004_18_abs,P4,P5,P4->P5,-0.0193597944955977,-0.0154430710751077,-0.1283268306566321,-0.117080325172061,0.0977205306764633,0.11288375958152441,0.10530214512899386
Gemma-3-12B-IT,SciERC,CVPR_2004_18_abs,P5,P6,P5->P6,-0.0154430710751077,-0.0192933110303657,-0.0279464943464412,-0.0198634551919024,0.004420384116794698,0.008653183316075501,0.0065367837164351
Gemma-3-12B-IT,EBM-NLP,3081600,P1,P2,P1->P2,-0.0044863695720974,-0.0026482572294261,-0.0048878916866703,-0.0082572867258561,0.0037709171537586997,0.0022396344572442,0.00300527580550145
Gemma-3-12B-IT,EBM-NLP,3081600,P2,P3,P2->P3,-0.0026482572294261,-0.0095886509926592,-0.0297194093954367,-0.0130009444336912,0.0103526872042651,0.020130758402777497,0.015241722803521299
Gemma-3-12B-IT,EBM-NLP,3081600,P3,P4,P3->P4,-0.0095886509926592,-0.0296563215033952,-0.216737525407658,-0.0651672550889312,0.055578604096272,0.1870812039042628,0.1213299040002674
Gemma-3-12B-IT,EBM-NLP,3081600,P4,P5,P4->P5,-0.0296563215033952,-0.0035689674662525,-0.0476417745135432,-0.0230471455773641,0.006609175926031101,0.0440728070472907,0.0253409914866609
Gemma-3-12B-IT,EBM-NLP,3081600,P5,P6,P5->P6,-0.0035689674662525,-0.0064149714530782,-0.0273295006853468,-0.0089997965245908,0.005430829058338301,0.0209145292322686,0.013172679145303451
Gemma-3-12B-IT,EBM-NLP,24660757,P1,P2,P1->P2,-0.0095223540351504,-0.0074232511404084,-0.0239967703819274,-0.0237471716744559,0.014224817639305498,0.016573519241519,0.01539916844041225
Gemma-3-12B-IT,EBM-NLP,24660757,P2,P3,P2->P3,-0.0074232511404084,-0.0101670437613449,-0.0803408541921841,-0.0456955985325138,0.0382723473921054,0.0701738104308392,0.0542230789114723
Gemma-3-12B-IT,EBM-NLP,24660757,P3,P4,P3->P4,-0.0101670437613449,-0.0240091149871413,-0.8071265349516997,-0.1185436787578345,0.1083766349964896,0.7831174199645584,0.445747027480524
Gemma-3-12B-IT,EBM-NLP,24660757,P4,P5,P4->P5,-0.0240091149871413,-0.0159608925261148,-0.0914096134464915,-0.0537224975792137,0.029713382592072398,0.0754487209203767,0.05258105175622455
Gemma-3-12B-IT,EBM-NLP,24660757,P5,P6,P5->P6,-0.0159608925261148,-0.0405235619380556,-0.0940061876143532,-0.0425085817895284,0.0265476892634136,0.0534826256762976,0.0400151574698556
Gemma-3-12B-IT,SciERC,H05-1095,P1,P2,P1->P2,-0.0090400075295495,-0.0086022212093037,-0.0112245405526985,-0.0090015362018578,3.8471327691700155e-05,0.0026223193433948,0.0013303953355432501
Gemma-3-12B-IT,SciERC,H05-1095,P2,P3,P2->P3,-0.0086022212093037,-0.0066935941163801,-0.0090015362018578,-0.0121491564843887,0.003546935275085001,0.0023079420854777008,0.002927438680281351
Gemma-3-12B-IT,SciERC,H05-1095,P3,P4,P3->P4,-0.0066935941163801,-0.0169425193202552,-0.5498814925052332,-0.0570219819074197,0.050328387791039604,0.5329389731849781,0.29163368048800886
Gemma-3-12B-IT,SciERC,H05-1095,P4,P5,P4->P5,-0.0169425193202552,-0.0188576570017083,-0.1196822442379094,-0.1100341304067219,0.0930916110864667,0.1008245872362011,0.0969580991613339
Gemma-3-12B-IT,SciERC,H05-1095,P5,P6,P5->P6,-0.0188576570017083,-0.0267215699565653,-0.0367588145392281,-0.0265187975113767,0.0076611405096684015,0.0100372445826628,0.008849192546165601
Gemma-3-12B-IT,SciERC,P03-1070,P1,P2,P1->P2,-0.0198236931575818,-0.0217724427059179,-0.017099273077792,-0.027086933007401,0.007263239849819199,0.0046731696281259,0.005968204738972549
Gemma-3-12B-IT,SciERC,P03-1070,P2,P3,P2->P3,-0.0217724427059179,-0.0137387527071911,-0.0127405083697775,-0.0300923526014911,0.0083199098955732,0.000998244337413601,0.0046590771164934
Gemma-3-12B-IT,SciERC,P03-1070,P3,P4,P3->P4,-0.0137387527071911,-0.0096353200219926,-0.3345350992111933,-0.1100373579108196,0.0962986052036285,0.3248997791892007,0.2105991921964146
Gemma-3-12B-IT,SciERC,P03-1070,P4,P5,P4->P5,-0.0096353200219926,-0.0155382262335883,-0.1166571965293278,-0.0475967270987374,0.0379614070767448,0.10111897029573949,0.06954018868624215
Gemma-3-12B-IT,SciERC,P03-1070,P5,P6,P5->P6,-0.0155382262335883,-0.0185444407992892,-0.0155382262335883,-0.0185444407992892,0.0030062145657008994,0.0030062145657008994,0.0030062145657008994
Gemma-3-12B-IT,SciERC,C08-2010,P1,P2,P1->P2,-0.0193849910389293,-0.0224233776590098,-0.0270446545144786,-0.0413115320126872,0.021926540973757895,0.0046212768554688005,0.013273908914613348
Gemma-3-12B-IT,SciERC,C08-2010,P2,P3,P2->P3,-0.0224233776590098,-0.0304453298815338,-0.0279537269604771,-0.0322927392047384,0.009869361545728601,0.002491602921056702,0.006180482233392652
Gemma-3-12B-IT,SciERC,C08-2010,P3,P4,P3->P4,-0.0304453298815338,-0.017494860974104,-0.4716154556700637,-0.0861531708712663,0.0557078409897325,0.45412059469595967,0.25491421784284607
Gemma-3-12B-IT,SciERC,C08-2010,P4,P5,P4->P5,-0.017494860974104,-0.0305089488428594,-0.1049547489519161,-0.0824071468587694,0.06491228588466541,0.0744458001090567,0.06967904299686106
Gemma-3-12B-IT,SciERC,C08-2010,P5,P6,P5->P6,-0.0305089488428594,-0.0340335232570833,-0.0305089488428594,-0.0340335232570833,0.0035245744142239008,0.0035245744142239008,0.0035245744142239008
Gemma-3-12B-IT,SciERC,C04-1128,P1,P2,P1->P2,-0.011535007625081,-0.013861778428999,-0.0206086696204492,-0.0143209464137208,0.0027859387886397993,0.006746891191450199,0.004766414990044999
Gemma-3-12B-IT,SciERC,C04-1128,P2,P3,P2->P3,-0.013861778428999,-0.0129562186413123,-0.0189132182324518,-0.0117287171089043,0.0021330613200946993,0.0059569995911394995,0.004045030455617099
Gemma-3-12B-IT,SciERC,C04-1128,P3,P4,P3->P4,-0.0129562186413123,-0.0089888559520573,-0.4945556472019596,-0.1145266314021876,0.1015704127608753,0.4855667912499023,0.2935686020053888
Gemma-3-12B-IT,SciERC,C04-1128,P4,P5,P4->P5,-0.0089888559520573,-0.0294676650654185,-0.1881254716352983,-0.0479969003582527,0.0390080444061954,0.1586578065698798,0.0988329254880376
Gemma-3-12B-IT,SciERC,C04-1128,P5,P6,P5->P6,-0.0294676650654185,-0.0198999897378389,-0.0208619500769943,-0.0345620675520463,0.005094402486627798,0.0009619603391553995,0.003028181412891599
Gemma-3-12B-IT,SciERC,INTERSPEECH_2007_40_abs,P1,P2,P1->P2,-0.0200087851093661,-0.0123089299584827,-0.0123600237560968,-0.0251022385012718,0.0050934533919057,5.1093797614100087e-05,0.0025722735947599
Gemma-3-12B-IT,SciERC,INTERSPEECH_2007_40_abs,P2,P3,P2->P3,-0.0123089299584827,-0.0113077059279393,-0.0123089299584827,-0.0113077059279393,0.0010012240305433996,0.0010012240305433996,0.0010012240305433996
Gemma-3-12B-IT,SciERC,INTERSPEECH_2007_40_abs,P3,P4,P3->P4,-0.0113077059279393,-0.0268087040778644,-0.5830627526650881,-0.0578430099208859,0.0465353039929466,0.5562540485872237,0.30139467629008515
Gemma-3-12B-IT,SciERC,INTERSPEECH_2007_40_abs,P4,P5,P4->P5,-0.0268087040778644,-0.0162519123887768,-0.0611015379120031,-0.0659712732837186,0.0391625692058542,0.0448496255232263,0.04200609736454025
Gemma-3-12B-IT,SciERC,INTERSPEECH_2007_40_abs,P5,P6,P5->P6,-0.0162519123887768,-0.0101990250980152,-0.0142460346221923,-0.013103714878695,0.0031481975100818,0.0040470095241771,0.00359760351712945
Gemma-3-12B-IT,SciERC,N06-1037,P1,P2,P1->P2,-0.0036382568700081,-0.0136709310736323,-0.0194342010472052,-0.0111921818442702,0.0075539249742621,0.005763269973572899,0.0066585974739174995
Gemma-3-12B-IT,SciERC,N06-1037,P2,P3,P2->P3,-0.0136709310736323,-0.0109784943716866,-0.0147133725030081,-0.0126492022655688,0.001021728808063501,0.0037348781313214993,0.0023783034696925
Gemma-3-12B-IT,SciERC,N06-1037,P3,P4,P3->P4,-0.0109784943716866,-0.005931418193014,-0.3209255954675507,-0.0683114188058035,0.0573329244341169,0.31499417727453666,0.1861635508543268
Gemma-3-12B-IT,SciERC,N06-1037,P4,P5,P4->P5,-0.005931418193014,-0.0095624204665895,-0.027583879137796,-0.0432317298755311,0.0373003116825171,0.018021458671206497,0.0276608851768618
Gemma-3-12B-IT,SciERC,N06-1037,P5,P6,P5->P6,-0.0095624204665895,-0.011735216134325,-0.01897374387542,-0.0167886453961569,0.0072262249295674,0.007238527741095001,0.007232376335331201
Gemma-3-12B-IT,SciERC,C04-1036,P1,P2,P1->P2,-0.0120077825001732,-0.0082399571777149,-0.0128311791997046,-0.0192158471403553,0.007208064640182102,0.004591222021989701,0.005899643331085901
Gemma-3-12B-IT,SciERC,C04-1036,P2,P3,P2->P3,-0.0082399571777149,-0.0223316415382997,-0.0137275135430106,-0.0327429315846437,0.0245029744069288,0.008604127995289099,0.01655355120110895
Gemma-3-12B-IT,SciERC,C04-1036,P3,P4,P3->P4,-0.0223316415382997,-0.0277577548250824,-0.3135389197173962,-0.0697841365842053,0.04745249504590561,0.2857811648923138,0.1666168299691097
Gemma-3-12B-IT,SciERC,C04-1036,P4,P5,P4->P5,-0.0277577548250824,-0.0347748070432428,-0.062437873974181,-0.0987140504031405,0.0709562955780581,0.027663066930938195,0.04930968125449815
Gemma-3-12B-IT,SciERC,C04-1036,P5,P6,P5->P6,-0.0347748070432428,-0.0171366133904374,-0.0178974310007062,-0.0351296843143931,0.0003548772711503001,0.0007608176102688012,0.0005578474407095507
Gemma-3-12B-IT,EBM-NLP,23838728,P1,P2,P1->P2,-0.0118220937169451,-0.0045879710369601,-0.0155483877078168,-0.0252615507976012,0.013439457080656102,0.0109604166708567,0.012199936875756401
Gemma-3-12B-IT,EBM-NLP,23838728,P2,P3,P2->P3,-0.0045879710369601,-0.0172192389706531,-0.0393931032663368,-0.0189990464459176,0.0144110754089575,0.022173864295683698,0.018292469852320598
Gemma-3-12B-IT,EBM-NLP,23838728,P3,P4,P3->P4,-0.0172192389706531,-0.0624635428713079,-0.417888663665593,-0.1251635034400296,0.10794426446937651,0.3554251207942851,0.2316846926318308
Gemma-3-12B-IT,EBM-NLP,23838728,P4,P5,P4->P5,-0.0624635428713079,-0.0391160282280927,-0.0774886855662194,-0.1076316275791815,0.045168084707873604,0.038372657338126705,0.04177037102300016
Gemma-3-12B-IT,EBM-NLP,23838728,P5,P6,P5->P6,-0.0391160282280927,-0.044369229403409,-0.0525048920602509,-0.0681290392015801,0.0290130109734874,0.008135662656841902,0.01857433681516465
Gemma-3-12B-IT,EBM-NLP,7827398,P1,P2,P1->P2,-0.0095685436091291,-0.024430558620355,-0.0355107307434082,-0.0102764269627562,0.0007078833536270993,0.011080172123053199,0.005894027738340149
Gemma-3-12B-IT,EBM-NLP,7827398,P2,P3,P2->P3,-0.024430558620355,-0.0126889445971994,-0.0073286210986929,-0.0483020586845202,0.023871500064165198,0.0053603234985065,0.014615911781335849
Gemma-3-12B-IT,EBM-NLP,7827398,P3,P4,P3->P4,-0.0126889445971994,-0.1244106068330652,-0.679565923354205,-0.1488727336758179,0.1361837890786185,0.5551553165211398,0.34566955279987915
Gemma-3-12B-IT,EBM-NLP,7827398,P4,P5,P4->P5,-0.1244106068330652,-0.0131927033265431,-0.0470652491958053,-0.181581833783318,0.0571712269502528,0.0338725458692622,0.0455218864097575
Gemma-3-12B-IT,EBM-NLP,7827398,P5,P6,P5->P6,-0.0131927033265431,-0.0223460684017259,-0.0258008582251412,-0.0205737573129159,0.0073810539863728,0.003454789823415301,0.00541792190489405
Gemma-3-12B-IT,SciERC,CVPR_2011_10_abs,P1,P2,P1->P2,-0.010751399614953,-0.006566444139802,-0.0132787187447708,-0.0196798564582471,0.008928456843294099,0.006712274604968801,0.00782036572413145
Gemma-3-12B-IT,SciERC,CVPR_2011_10_abs,P2,P3,P2->P3,-0.006566444139802,-0.0072020205951802,-0.0152225112327258,-0.0182150294271747,0.011648585287372698,0.0080204906375456,0.009834537962459148
Gemma-3-12B-IT,SciERC,CVPR_2011_10_abs,P3,P4,P3->P4,-0.0072020205951802,-0.0196979733921537,-0.4198380284661415,-0.1302517977627841,0.12304977716760389,0.4001400550739878,0.26159491612079583
Gemma-3-12B-IT,SciERC,CVPR_2011_10_abs,P4,P5,P4->P5,-0.0196979733921537,-0.0282228936394341,-0.0922597295088733,-0.1273470500971646,0.1076490767050109,0.0640368358694392,0.08584295628722505
Gemma-3-12B-IT,SciERC,CVPR_2011_10_abs,P5,P6,P5->P6,-0.0282228936394341,-0.0219528649442939,-0.0311812636672809,-0.0208292470561514,0.007393646583282697,0.009228398722987002,0.00831102265313485
Gemma-3-12B-IT,EBM-NLP,23021296,P1,P2,P1->P2,-0.0085089402498254,-0.008499175607168,-0.0391516226074624,-0.0210324024808579,0.012523462231032501,0.030652447000294396,0.02158795461566345
Gemma-3-12B-IT,EBM-NLP,23021296,P2,P3,P2->P3,-0.008499175607168,-0.0100220984781668,-0.0222769560098041,-0.0291465873338059,0.0206474117266379,0.0122548575316373,0.0164511346291376
Gemma-3-12B-IT,EBM-NLP,23021296,P3,P4,P3->P4,-0.0100220984781668,-0.0150268760887352,-0.4876192659945101,-0.0941533969558832,0.0841312984777164,0.4725923899057749,0.27836184419174564
Gemma-3-12B-IT,EBM-NLP,23021296,P4,P5,P4->P5,-0.0150268760887352,-0.0720259329851936,-0.1507021960090188,-0.1021477982804582,0.087120922191723,0.0786762630238252,0.0828985926077741
Gemma-3-12B-IT,EBM-NLP,23021296,P5,P6,P5->P6,-0.0720259329851936,-0.0343849228649604,-0.0462567120063595,-0.0933669034172507,0.0213409704320571,0.011871789141399101,0.0166063797867281
Gemma-3-12B-IT,SciERC,NIPS_2016_80_abs,P1,P2,P1->P2,-0.0366611806199005,-0.01651299895034,-0.021174215987737,-0.0379369592503882,0.001275778630487702,0.004661217037397001,0.0029684978339423514
Gemma-3-12B-IT,SciERC,NIPS_2016_80_abs,P2,P3,P2->P3,-0.01651299895034,-0.014474141123827,-0.0241857114552722,-0.0233507985654084,0.006837799615068401,0.0097115703314452,0.0082746849732568
Gemma-3-12B-IT,SciERC,NIPS_2016_80_abs,P3,P4,P3->P4,-0.014474141123827,-0.0244757198152088,-0.6047943115234375,-0.1093681522101072,0.0948940110862802,0.5803185917082287,0.33760630139725445
Gemma-3-12B-IT,SciERC,NIPS_2016_80_abs,P4,P5,P4->P5,-0.0244757198152088,-0.0362834430677922,-0.1724764394968357,-0.2163956415085565,0.1919199216933477,0.13619299642904348,0.1640564590611956
Gemma-3-12B-IT,SciERC,NIPS_2016_80_abs,P5,P6,P5->P6,-0.0362834430677922,-0.0277345345752073,-0.0391397287349889,-0.0574065129309241,0.0211230698631319,0.011405194159781602,0.016264132011456753
Gemma-3-12B-IT,SciERC,CVPR_1999_15_abs,P1,P2,P1->P2,-0.008022530417313,-0.0139464904723002,-0.0179470512871829,-0.0195188096455599,0.011496279228246899,0.0040005608148827015,0.0077484200215648
Gemma-3-12B-IT,SciERC,CVPR_1999_15_abs,P2,P3,P2->P3,-0.0139464904723002,-0.01355677111107,-0.0184834630865799,-0.0119155196211245,0.0020309708511756994,0.004926691975509901,0.0034788314133428
Gemma-3-12B-IT,SciERC,CVPR_1999_15_abs,P3,P4,P3->P4,-0.01355677111107,-0.0182569668306941,-0.2853080571046349,-0.0276760720370108,0.0141193009259408,0.2670510902739408,0.14058519559994082
Gemma-3-12B-IT,SciERC,CVPR_1999_15_abs,P4,P5,P4->P5,-0.0182569668306941,-0.0129952861083543,-0.0442338592308953,-0.0301647688213147,0.011907801990620599,0.031238573122541004,0.021573187556580803
Gemma-3-12B-IT,SciERC,CVPR_1999_15_abs,P5,P6,P5->P6,-0.0129952861083543,-0.0130918421900229,-0.0129952861083543,-0.0130918421900229,9.655608166860008e-05,9.655608166860008e-05,9.655608166860008e-05
Gemma-3-12B-IT,EBM-NLP,16427787,P1,P2,P1->P2,-0.0166305156464272,-0.0188088698465316,-0.0279704359711193,-0.0436463619800324,0.0270158463336052,0.0091615661245877,0.01808870622909645
Gemma-3-12B-IT,EBM-NLP,16427787,P2,P3,P2->P3,-0.0188088698465316,-0.0271228575548588,-0.0289653721234656,-0.0485863107149718,0.029777440868440197,0.001842514568606797,0.015809977718523497
Gemma-3-12B-IT,EBM-NLP,16427787,P3,P4,P3->P4,-0.0271228575548588,-0.0336910749958679,-0.5020311406228395,-0.1125976865654749,0.08547482901061611,0.4683400656269716,0.27690744731879385
Gemma-3-12B-IT,EBM-NLP,16427787,P4,P5,P4->P5,-0.0336910749958679,-0.0996712310404717,-0.2703480780879153,-0.1674059639989802,0.1337148890031123,0.17067684704744357,0.15219586802527793
Gemma-3-12B-IT,EBM-NLP,16427787,P5,P6,P5->P6,-0.0996712310404717,-0.0346261111172762,-0.074165526303378,-0.1031671355042276,0.003495904463755903,0.0395394151861018,0.021517659824928852
Gemma-3-12B-IT,SciERC,C96-1062,P1,P2,P1->P2,-0.0071125472801319,-0.0122203858535285,-0.0151817612782441,-0.0130475666211998,0.0059350193410679,0.0029613754247156,0.0044481973828917505
Gemma-3-12B-IT,SciERC,C96-1062,P2,P3,P2->P3,-0.0122203858535285,-0.01091065572862,-0.0122203858535285,-0.01091065572862,0.0013097301249085005,0.0013097301249085005,0.0013097301249085005
Gemma-3-12B-IT,SciERC,C96-1062,P3,P4,P3->P4,-0.01091065572862,-0.0382208545848089,-0.4713042144181663,-0.120958394672147,0.110047738943527,0.4330833598333574,0.2715655493884422
Gemma-3-12B-IT,SciERC,C96-1062,P4,P5,P4->P5,-0.0382208545848089,-0.022648454323793,-0.0877702175042568,-0.11229118020618,0.07407032562137109,0.0651217631804638,0.06959604440091743
Gemma-3-12B-IT,SciERC,C96-1062,P5,P6,P5->P6,-0.022648454323793,-0.0198571121637722,-0.0229897806721348,-0.0335538350618802,0.010905380738087198,0.0031326685083626,0.007019024623224899
Gemma-3-12B-IT,SciERC,J82-3002,P1,P2,P1->P2,-0.0071121564979761,-0.0071503136255969,-0.0112554145185914,-0.0070452221104356,6.693438754049996e-05,0.004105100892994501,0.0020860176402675004
Gemma-3-12B-IT,SciERC,J82-3002,P2,P3,P2->P3,-0.0071503136255969,-0.0126500330665559,-0.0175910270077058,-0.0106366288172055,0.0034863151916086,0.0049409939411499005,0.00421365456637925
Gemma-3-12B-IT,SciERC,J82-3002,P3,P4,P3->P4,-0.0126500330665559,-0.0191875044832524,-0.4187528996942788,-0.1327667674799075,0.1201167344133516,0.3995653952110264,0.259841064812189
Gemma-3-12B-IT,SciERC,J82-3002,P4,P5,P4->P5,-0.0191875044832524,-0.0150075976441546,-0.0815032342585121,-0.0433660421994133,0.024178537716160898,0.06649563661435749,0.04533708716525919
Gemma-3-12B-IT,SciERC,J82-3002,P5,P6,P5->P6,-0.0150075976441546,-0.0151149119100263,-0.023843357639928,-0.0173541656354578,0.0023465679913031983,0.008728445729901698,0.005537506860602448
Gemma-3-12B-IT,SciERC,ICCV_2013_25_abs,P1,P2,P1->P2,-0.0117577535916218,-0.0074124654134114,-0.0112073069033415,-0.0160108597229364,0.004253106131314601,0.003794841489930101,0.004023973810622351
Gemma-3-12B-IT,SciERC,ICCV_2013_25_abs,P2,P3,P2->P3,-0.0074124654134114,-0.0108455709688189,-0.0206231500575207,-0.0099098509636478,0.0024973855502364002,0.0097775790887018,0.0061374823194691
Gemma-3-12B-IT,SciERC,ICCV_2013_25_abs,P3,P4,P3->P4,-0.0108455709688189,-0.0265179029325159,-0.2851670893227181,-0.0706729490999054,0.0598273781310865,0.25864918639020223,0.15923828226064438
Gemma-3-12B-IT,SciERC,ICCV_2013_25_abs,P4,P5,P4->P5,-0.0265179029325159,-0.0320062146277285,-0.1689464289967606,-0.0971509596196616,0.0706330566871457,0.1369402143690321,0.1037866355280889
Gemma-3-12B-IT,SciERC,ICCV_2013_25_abs,P5,P6,P5->P6,-0.0320062146277285,-0.0205654937487382,-0.0208947589764228,-0.0445893553860465,0.012583140758317998,0.00032926522768459907,0.006456202993001299
Gemma-3-12B-IT,EBM-NLP,3919804,P1,P2,P1->P2,-0.0059942066669464,-0.0104021698302545,-0.0197776764829512,-0.0262255859375,0.0202313792705536,0.009375506652696701,0.014803442961625151
Gemma-3-12B-IT,EBM-NLP,3919804,P2,P3,P2->P3,-0.0104021698302545,-0.0159171498616536,-0.0129029337565104,-0.0180074708689078,0.007605301038653301,0.0030142161051432016,0.005309758571898251
Gemma-3-12B-IT,EBM-NLP,3919804,P3,P4,P3->P4,-0.0159171498616536,-0.0346125836642283,-0.4372525005220617,-0.0738460744222005,0.05792892456054689,0.4026399168578334,0.23028442070919014
Gemma-3-12B-IT,EBM-NLP,3919804,P4,P5,P4->P5,-0.0346125836642283,-0.0352415345672868,-0.0605045832120455,-0.1502662034904432,0.1156536198262149,0.0252630486447587,0.07045833423548681
Gemma-3-12B-IT,EBM-NLP,3919804,P5,P6,P5->P6,-0.0352415345672868,-0.0377492089556832,-0.0352415345672868,-0.0377492089556832,0.0025076743883963998,0.0025076743883963998,0.0025076743883963998
Gemma-3-12B-IT,SciERC,N04-1022,P1,P2,P1->P2,-0.0109166840882043,-0.0050673987451102,-0.0046791313720224,-0.0235111584350933,0.012594474346889,0.00038826737308779967,0.0064913708599884
Gemma-3-12B-IT,SciERC,N04-1022,P2,P3,P2->P3,-0.0050673987451102,-0.0030752556466964,-0.0059391774338034,-0.0090502239020801,0.0039828251569698995,0.002863921787107,0.0034233734720384495
Gemma-3-12B-IT,SciERC,N04-1022,P3,P4,P3->P4,-0.0030752556466964,-0.0186836163202921,-0.3466911951700846,-0.1410692167005409,0.1379939610538445,0.32800757884979254,0.2330007699518185
Gemma-3-12B-IT,SciERC,N04-1022,P4,P5,P4->P5,-0.0186836163202921,-0.0159604274865352,-0.0658752325809363,-0.0845659335454305,0.0658823172251384,0.049914805094401105,0.057898561159769754
Gemma-3-12B-IT,SciERC,N04-1022,P5,P6,P5->P6,-0.0159604274865352,-0.01623311153678,-0.0286493206341005,-0.0228774851018732,0.006917057615338,0.0124162090973205,0.00966663335632925
Gemma-3-12B-IT,EBM-NLP,18229990,P1,P2,P1->P2,-0.0165816961660893,-0.0125643424886875,-0.082434613868673,-0.0284130728456395,0.011831376679550202,0.0698702713799855,0.04085082402976785
Gemma-3-12B-IT,EBM-NLP,18229990,P2,P3,P2->P3,-0.0125643424886875,-0.0059369001439008,-0.0125643424886875,-0.0059369001439008,0.006627442344786699,0.006627442344786699,0.006627442344786699
Gemma-3-12B-IT,EBM-NLP,18229990,P3,P4,P3->P4,-0.0059369001439008,-0.0211824767383528,-0.4961567160523968,-0.116667661717329,0.11073076157342819,0.47497423931404403,0.2928525004437361
Gemma-3-12B-IT,EBM-NLP,18229990,P4,P5,P4->P5,-0.0211824767383528,-0.0531907804084546,-0.4479723265676787,-0.293840879275475,0.27265840253712215,0.3947815461592241,0.33371997434817313
Gemma-3-12B-IT,EBM-NLP,18229990,P5,P6,P5->P6,-0.0531907804084546,-0.0480760480418349,-0.0608736673990885,-0.0638544631726814,0.0106636827642268,0.012797619357253598,0.0117306510607402
Gemma-3-12B-IT,SciERC,C90-3063,P1,P2,P1->P2,-0.0086989599404875,-0.0225819167841085,-0.0286263873261047,-0.0116242280940419,0.0029252681535544,0.006044470541996198,0.004484869347775299
Gemma-3-12B-IT,SciERC,C90-3063,P2,P3,P2->P3,-0.0225819167841085,-0.0154993660377269,-0.023334281211106,-0.0342151654332437,0.011633248649135196,0.007834915173379099,0.009734081911257148
Gemma-3-12B-IT,SciERC,C90-3063,P3,P4,P3->P4,-0.0154993660377269,-0.0170460426569664,-0.3444017372240028,-0.1036673801477227,0.0881680141099958,0.3273556945670364,0.2077618543385161
Gemma-3-12B-IT,SciERC,C90-3063,P4,P5,P4->P5,-0.0170460426569664,-0.0127274567081082,-0.0901869989210559,-0.0433321433868842,0.026286100729917803,0.07745954221294771,0.05187282147143275
Gemma-3-12B-IT,SciERC,C90-3063,P5,P6,P5->P6,-0.0127274567081082,-0.0283691459022491,-0.0434318738492581,-0.0227712169770271,0.010043760268918898,0.015062727947008997,0.012553244107963948
Gemma-3-12B-IT,SciERC,CVPR_2004_30_abs,P1,P2,P1->P2,-0.0099681406021118,-0.014550600809672,-0.0141605751803968,-0.0134913425445556,0.0035232019424438,0.0003900256292752001,0.0019566137858595
Gemma-3-12B-IT,SciERC,CVPR_2004_30_abs,P2,P3,P2->P3,-0.014550600809672,-0.0128486728668212,-0.0134913425445556,-0.0260637160362689,0.011513115226596898,0.0006426696777344001,0.006077892452165649
Gemma-3-12B-IT,SciERC,CVPR_2004_30_abs,P3,P4,P3->P4,-0.0128486728668212,-0.0363730494181315,-0.3532948811848958,-0.0873666687011718,0.07451799583435059,0.3169218317667643,0.19571991380055745
Gemma-3-12B-IT,SciERC,CVPR_2004_30_abs,P4,P5,P4->P5,-0.0363730494181315,-0.0296936582066252,-0.2078811754889813,-0.1458471171061197,0.1094740676879882,0.1781875172823561,0.14383079248517217
Gemma-3-12B-IT,SciERC,CVPR_2004_30_abs,P5,P6,P5->P6,-0.0296936582066252,-0.0365097489155514,-0.0347333558848206,-0.0385587651242492,0.008865106917624002,0.001776393030730801,0.0053207499741774016
Gemma-3-12B-IT,EBM-NLP,2223363,P1,P2,P1->P2,-0.01322130548874,-0.0242168547502204,-0.0138750405453923,-0.0260708668087952,0.012849561320055198,0.010341814204828098,0.011595687762441648
Gemma-3-12B-IT,EBM-NLP,2223363,P2,P3,P2->P3,-0.0242168547502204,-0.0054234990246219,-0.0027430536540131,-0.0478751552638722,0.0236583005136518,0.0026804453706088,0.0131693729421303
Gemma-3-12B-IT,EBM-NLP,2223363,P3,P4,P3->P4,-0.0054234990246219,-0.0140886617203553,-0.7034343083699545,-0.0611859630776322,0.0557624640530103,0.6893456466495992,0.37255405535130476
Gemma-3-12B-IT,EBM-NLP,2223363,P4,P5,P4->P5,-0.0140886617203553,-0.0949067979488732,-0.0614748540914283,-0.1227435072263081,0.1086548455059528,0.033431943857444905,0.07104339468169885
Gemma-3-12B-IT,EBM-NLP,2223363,P5,P6,P5->P6,-0.0949067979488732,-0.0600871633976063,-0.1116358574400556,-0.0686782261110701,0.026228571837803097,0.05154869404244929,0.03888863294012619
Gemma-3-12B-IT,SciERC,I05-4010,P1,P2,P1->P2,-0.0086817962782723,-0.010034089369781,-0.0127399404182376,-0.0228251882961818,0.014143392017909501,0.0027058510484566003,0.00842462153318305
Gemma-3-12B-IT,SciERC,I05-4010,P2,P3,P2->P3,-0.010034089369781,-0.0155330543466024,-0.0214195212433152,-0.0156089794257044,0.0055748900559234,0.005886466896712801,0.005730678476318101
Gemma-3-12B-IT,SciERC,I05-4010,P3,P4,P3->P4,-0.0155330543466024,-0.0121077436979125,-0.2869405941087372,-0.0638645947548734,0.04833154040827099,0.27483285041082467,0.16158219540954782
Gemma-3-12B-IT,SciERC,I05-4010,P4,P5,P4->P5,-0.0121077436979125,-0.019490940703286,-0.0762317048178778,-0.0515957203041128,0.039487976606200306,0.05674076411459181,0.04811437036039606
Gemma-3-12B-IT,SciERC,I05-4010,P5,P6,P5->P6,-0.019490940703286,-0.0193979440245238,-0.0257448820198107,-0.01881981227133,0.0006711284319560022,0.0063469379952868984,0.0035090332136214503
Gemma-3-12B-IT,SciERC,NIPS_2002_18_abs,P1,P2,P1->P2,-0.0128837791207718,-0.0131879655084447,-0.0138358970670934,-0.0139135579540304,0.0010297788332585996,0.0006479315586486994,0.0008388551959536495
Gemma-3-12B-IT,SciERC,NIPS_2002_18_abs,P2,P3,P2->P3,-0.0131879655084447,-0.0064842850728836,-0.0133924856655464,-0.0178963385367438,0.004708373028299099,0.0069082005926628,0.005808286810480949
Gemma-3-12B-IT,SciERC,NIPS_2002_18_abs,P3,P4,P3->P4,-0.0064842850728836,-0.0203354776753068,-0.6866542581133368,-0.1614099058918718,0.1549256208189882,0.66631878043803,0.41062220062850907
Gemma-3-12B-IT,SciERC,NIPS_2002_18_abs,P4,P5,P4->P5,-0.0203354776753068,-0.0223123774384007,-0.1301310712640935,-0.0490598542995362,0.0287243766242294,0.10781869382569281,0.0682715352249611
Gemma-3-12B-IT,SciERC,NIPS_2002_18_abs,P5,P6,P5->P6,-0.0223123774384007,-0.0158070852590161,-0.0168795733488807,-0.0216633569110523,0.0006490205273483977,0.0010724880898646018,0.0008607543086064998
Gemma-3-12B-IT,EBM-NLP,10752495,P1,P2,P1->P2,-0.0245747916682525,-0.0258496444262759,-0.0352416363062034,-0.024936501857698,0.0003617101894454987,0.009391991879927501,0.0048768510346865
Gemma-3-12B-IT,EBM-NLP,10752495,P2,P3,P2->P3,-0.0258496444262759,-0.0149833206991547,-0.0248695855001801,-0.0342012175714782,0.008351573145202296,0.009886264801025398,0.009118918973113847
Gemma-3-12B-IT,EBM-NLP,10752495,P3,P4,P3->P4,-0.0149833206991547,-0.0620489459352444,-0.359705387638305,-0.0834246144711392,0.0684412937719845,0.2976564417030606,0.18304886773752255
Gemma-3-12B-IT,EBM-NLP,10752495,P4,P5,P4->P5,-0.0620489459352444,-0.059780825990619,-0.1633688839999112,-0.1200790598912892,0.0580301139560448,0.1035880580092922,0.0808090859826685
Gemma-3-12B-IT,EBM-NLP,10752495,P5,P6,P5->P6,-0.059780825990619,-0.0630983914730053,-0.0732579715010048,-0.0792425907019412,0.019461764711322202,0.010159580027999493,0.014810672369660847
Gemma-3-12B-IT,SciERC,P01-1056,P1,P2,P1->P2,-0.01068077534219,-0.0140460282564163,-0.0186178684234619,-0.016164327261214,0.005483551919024001,0.0045718401670456,0.0050276960430348005
Gemma-3-12B-IT,SciERC,P01-1056,P2,P3,P2->P3,-0.0140460282564163,-0.0198765406532893,-0.0228260383404121,-0.0226494868596394,0.008603458603223101,0.002949497687122802,0.005776478145172952
Gemma-3-12B-IT,SciERC,P01-1056,P3,P4,P3->P4,-0.0198765406532893,-0.0270501534769854,-0.2585697724750349,-0.0662175334950603,0.046340992841771,0.2315196189980495,0.13893030591991024
Gemma-3-12B-IT,SciERC,P01-1056,P4,P5,P4->P5,-0.0270501534769854,-0.0308683300852428,-0.0926087604667285,-0.0535358418942749,0.0264856884172895,0.0617404303814857,0.0441130593993876
Gemma-3-12B-IT,SciERC,P01-1056,P5,P6,P5->P6,-0.0308683300852428,-0.019025434963945,-0.0328282784724581,-0.0235137160943478,0.007354613990894997,0.013802843508513102,0.01057872874970405
Gemma-3-12B-IT,EBM-NLP,18773733,P1,P2,P1->P2,-0.0023943289681588,-0.0033893215435522,-0.017935989079652,-0.0042464357194069,0.0018521067512481003,0.0145466675360998,0.00819938714367395
Gemma-3-12B-IT,EBM-NLP,18773733,P2,P3,P2->P3,-0.0033893215435522,-0.0289314663087999,-0.0493777668153917,-0.046219335661994,0.042830014118441805,0.020446300506591804,0.031638157312516804
Gemma-3-12B-IT,EBM-NLP,18773733,P3,P4,P3->P4,-0.0289314663087999,-0.039637409407517,-0.3763213322080415,-0.1236515818415461,0.0947201155327462,0.3366839228005245,0.21570201916663534
Gemma-3-12B-IT,EBM-NLP,18773733,P4,P5,P4->P5,-0.039637409407517,-0.0107778782372946,-0.1713581504402579,-0.1344879906753014,0.0948505812677844,0.1605802722029633,0.12771542673537384
Gemma-3-12B-IT,EBM-NLP,18773733,P5,P6,P5->P6,-0.0107778782372946,-0.0298957542706561,-0.1075741655083112,-0.0359638994866675,0.0251860212493729,0.07767841123765509,0.051432216243513997
Gemma-3-12B-IT,SciERC,INTERSPEECH_2013_21_abs,P1,P2,P1->P2,-0.0160612213277371,-0.0156425187985102,-0.0230681399504343,-0.0155660670016891,0.0004951543260479987,0.007425621151924099,0.003960387738986049
Gemma-3-12B-IT,SciERC,INTERSPEECH_2013_21_abs,P2,P3,P2->P3,-0.0156425187985102,-0.0178387934962908,-0.0191459047297636,-0.0171675185362497,0.0015249997377395005,0.0013071112334727998,0.0014160554856061502
Gemma-3-12B-IT,SciERC,INTERSPEECH_2013_21_abs,P3,P4,P3->P4,-0.0178387934962908,-0.040537911492425,-0.2922531334129539,-0.0704340636730194,0.0525952701767286,0.25171522192052886,0.15215524604862873
Gemma-3-12B-IT,SciERC,INTERSPEECH_2013_21_abs,P4,P5,P4->P5,-0.040537911492425,-0.0159846856391016,-0.127270394695294,-0.0934707538501636,0.052932842357738596,0.1112857090561924,0.0821092757069655
Gemma-3-12B-IT,SciERC,INTERSPEECH_2013_21_abs,P5,P6,P5->P6,-0.0159846856391016,-0.023100060826404,-0.0231587319886645,-0.0163369735332693,0.0003522878941677014,5.86711622604999e-05,0.00020547952821410066
Gemma-3-12B-IT,SciERC,A97-1020,P1,P2,P1->P2,-0.0030463351904567,-0.003083341444532,-0.0044039329513907,-0.0077744003375578,0.0047280651471011004,0.0013205915068586998,0.0030243283269799004
Gemma-3-12B-IT,SciERC,A97-1020,P2,P3,P2->P3,-0.003083341444532,-0.0079917547603448,-0.0193845306833585,-0.0032916792357961,0.0002083377912641001,0.0113927759230137,0.0058005568571389
Gemma-3-12B-IT,SciERC,A97-1020,P3,P4,P3->P4,-0.0079917547603448,-0.0144136454783329,-0.3575650169735863,-0.0849986275037129,0.0770068727433681,0.3431513714952534,0.21007912211931073
Gemma-3-12B-IT,SciERC,A97-1020,P4,P5,P4->P5,-0.0144136454783329,-0.0102423466056402,-0.1057411498087315,-0.0747352651998299,0.060321619721496994,0.0954988032030913,0.07791021146229415
Gemma-3-12B-IT,SciERC,A97-1020,P5,P6,P5->P6,-0.0102423466056402,-0.0136956351143973,-0.0144659546443394,-0.0137268516914976,0.0034845050858574,0.0007703195299420991,0.0021274123078997495
Gemma-3-12B-IT,EBM-NLP,15193668,P1,P2,P1->P2,-0.0118160058688847,-0.0020969552201854,-0.0246273889979709,-0.0141823109418744,0.0023663050729897,0.0225304337777855,0.012448369425387601
Gemma-3-12B-IT,EBM-NLP,15193668,P2,P3,P2->P3,-0.0020969552201854,-0.0242786454565731,-0.0268233216839072,-0.0171612968714414,0.015064341651256,0.0025446762273340987,0.00880450893929505
Gemma-3-12B-IT,EBM-NLP,15193668,P3,P4,P3->P4,-0.0242786454565731,-0.0354437125356573,-0.4534426237407483,-0.0734303132987316,0.049151667842158506,0.417998911205091,0.23357528952362475
Gemma-3-12B-IT,EBM-NLP,15193668,P4,P5,P4->P5,-0.0354437125356573,-0.0239284597594162,-0.1220102507492591,-0.1179941478528474,0.0825504353171901,0.0980817909898429,0.09031611315351651
Gemma-3-12B-IT,EBM-NLP,15193668,P5,P6,P5->P6,-0.0239284597594162,-0.0480117468998349,-0.0516055567511196,-0.055333058587436,0.0314045988280198,0.003593809851284699,0.017499204339652248
Gemma-3-12B-IT,SciERC,P08-1105,P1,P2,P1->P2,-0.0217597101703185,-0.0133734291250055,-0.0110757174816998,-0.0381287897807544,0.0163690796104359,0.0022977116433056995,0.0093333956268708
Gemma-3-12B-IT,SciERC,P08-1105,P2,P3,P2->P3,-0.0133734291250055,-0.0091092646121978,-0.0196928113698959,-0.0205795466899871,0.007206117564981599,0.0105835467576981,0.00889483216133985
Gemma-3-12B-IT,SciERC,P08-1105,P3,P4,P3->P4,-0.0091092646121978,-0.0145934266864128,-0.4983185966059846,-0.0747577667236328,0.065648502111435,0.4837251699195718,0.2746868360155034
Gemma-3-12B-IT,SciERC,P08-1105,P4,P5,P4->P5,-0.0145934266864128,-0.0247176871902641,-0.1608315829573006,-0.1218573372319059,0.1072639105454931,0.1361138957670365,0.1216889031562648
Gemma-3-12B-IT,SciERC,P08-1105,P5,P6,P5->P6,-0.0247176871902641,-0.0154068297759661,-0.0175627973143138,-0.028332852769172,0.0036151655789078974,0.002155967538347698,0.0028855665586277977
Gemma-3-12B-IT,SciERC,C00-2123,P1,P2,P1->P2,-0.0196583522811551,-0.0275941019256909,-0.0300094534953435,-0.0332248095894108,0.0135664573082557,0.0024153515696526025,0.007990904438954151
Gemma-3-12B-IT,SciERC,C00-2123,P2,P3,P2->P3,-0.0275941019256909,-0.0115038164280539,-0.0231244138197917,-0.0246330847342809,0.0029610171914099988,0.0116205973917378,0.007290807291573899
Gemma-3-12B-IT,SciERC,C00-2123,P3,P4,P3->P4,-0.0115038164280539,-0.0124961856888373,-0.5933259662828947,-0.0896748986673168,0.0781710822392629,0.5808297805940574,0.3295004314166602
Gemma-3-12B-IT,SciERC,C00-2123,P4,P5,P4->P5,-0.0124961856888373,-0.0221303145556855,-0.1013888138130613,-0.0420510064252475,0.0295548207364102,0.0792584992573758,0.054406659996892995
Gemma-3-12B-IT,SciERC,C00-2123,P5,P6,P5->P6,-0.0221303145556855,-0.0197682215107811,-0.0207017345560921,-0.0214288577306305,0.0007014568250549996,0.0009335130453109984,0.000817484935182999
Gemma-3-12B-IT,EBM-NLP,2224060,P1,P2,P1->P2,-0.012875497469338,-0.0245605023701985,-0.0359701983133951,-0.0180887058217038,0.005213208352365798,0.011409695943196605,0.008311452147781201
Gemma-3-12B-IT,EBM-NLP,2224060,P2,P3,P2->P3,-0.0245605023701985,-0.0106897776639914,-0.0308394806294501,-0.0345057010650634,0.0099451986948649,0.020149702965458698,0.015047450830161799
Gemma-3-12B-IT,EBM-NLP,2224060,P3,P4,P3->P4,-0.0106897776639914,-0.0667934064511899,-0.5858745433666088,-0.057317434383344,0.0466276567193526,0.5190811369154189,0.2828543968173858
Gemma-3-12B-IT,EBM-NLP,2224060,P4,P5,P4->P5,-0.0667934064511899,-0.0259364014964992,-0.1339214130983514,-0.0263133896721733,0.04048001677901661,0.1079850116018522,0.0742325141904344
Gemma-3-12B-IT,EBM-NLP,2224060,P5,P6,P5->P6,-0.0259364014964992,-0.0273554446333545,-0.0588331330293989,-0.0441935830197091,0.018257181523209896,0.0314776883960444,0.02486743495962715
Gemma-3-12B-IT,EBM-NLP,6421395,P1,P2,P1->P2,-0.0072219617698224,-0.0138779986988414,-0.0186863335696133,-0.0219444309114875,0.014722469141665102,0.0048083348707719,0.0097654020062185
Gemma-3-12B-IT,EBM-NLP,6421395,P2,P3,P2->P3,-0.0138779986988414,-0.0176064629024929,-0.0265905253092447,-0.0130283745852383,0.0008496241136031011,0.0089840624067518,0.0049168432601774505
Gemma-3-12B-IT,EBM-NLP,6421395,P3,P4,P3->P4,-0.0176064629024929,-0.014067225117501,-0.241400150653443,-0.070803468492296,0.0531970055898031,0.227332925535942,0.14026496556287255
Gemma-3-12B-IT,EBM-NLP,6421395,P4,P5,P4->P5,-0.014067225117501,-0.0236658813929793,-0.0665365492943489,-0.0323190845426965,0.0182518594251955,0.042870667901369605,0.030561263663282552
Gemma-3-12B-IT,EBM-NLP,6421395,P5,P6,P5->P6,-0.0236658813929793,-0.0172832342657712,-0.0236658813929793,-0.0172832342657712,0.0063826471272081,0.0063826471272081,0.0063826471272081
Gemma-3-12B-IT,EBM-NLP,22744141,P1,P2,P1->P2,-0.0179311081215187,-0.0123418042117067,-0.0341751654739575,-0.0287537773450215,0.0108226692235028,0.0218333612622508,0.0163280152428768
Gemma-3-12B-IT,EBM-NLP,22744141,P2,P3,P2->P3,-0.0123418042117067,-0.0099525095022946,-0.0318630250206944,-0.0450563308832895,0.032714526671582804,0.0219105155183998,0.027312521094991302
Gemma-3-12B-IT,EBM-NLP,22744141,P3,P4,P3->P4,-0.0099525095022946,-0.0188539146531558,-0.4745573219678081,-0.1009333813949965,0.0909808718927019,0.4557034073146523,0.2733421396036771
Gemma-3-12B-IT,EBM-NLP,22744141,P4,P5,P4->P5,-0.0188539146531558,-0.0455267984573155,-0.2010254794604157,-0.0687154675206394,0.049861552867483595,0.15549868100310021,0.1026801169352919
Gemma-3-12B-IT,EBM-NLP,22744141,P5,P6,P5->P6,-0.0455267984573155,-0.0318160891532897,-0.0338088790575663,-0.0665109843423921,0.020984185885076598,0.0019927899042766,0.011488487894676599
Gemma-3-12B-IT,SciERC,NIPS_2001_11_abs,P1,P2,P1->P2,-0.0114766135811805,-0.0123885993957519,-0.0174198404947916,-0.018489621579647,0.007013007998466499,0.005031241099039699,0.006022124548753099
Gemma-3-12B-IT,SciERC,NIPS_2001_11_abs,P2,P3,P2->P3,-0.0123885993957519,-0.0139710717572423,-0.0245177484082128,-0.0195883687337239,0.007199769337971999,0.0105466766509705,0.008873222994471248
Gemma-3-12B-IT,SciERC,NIPS_2001_11_abs,P3,P4,P3->P4,-0.0139710717572423,-0.0230592748393183,-0.3024620387865149,-0.1468733066094373,0.132902234852195,0.2794027639471966,0.2061524993996958
Gemma-3-12B-IT,SciERC,NIPS_2001_11_abs,P4,P5,P4->P5,-0.0230592748393183,-0.0192789611928274,-0.1115634616169412,-0.1162258853083071,0.0931666104689888,0.09228450042411379,0.0927255554465513
Gemma-3-12B-IT,SciERC,NIPS_2001_11_abs,P5,P6,P5->P6,-0.0192789611928274,-0.0230048506840233,-0.0192789611928274,-0.0230048506840233,0.0037258894911958995,0.0037258894911958995,0.0037258894911958995
Gemma-3-12B-IT,SciERC,CVPR_2009_18_abs,P1,P2,P1->P2,-0.0105600245296955,-0.0086628712703771,-0.0148424841214881,-0.0138070695102214,0.0032470449805258993,0.006179612851111,0.00471332891581845
Gemma-3-12B-IT,SciERC,CVPR_2009_18_abs,P2,P3,P2->P3,-0.0086628712703771,-0.0080688199517447,-0.010355551149592,-0.01050590163716,0.0018430303667829,0.0022867311978472995,0.0020648807823150997
Gemma-3-12B-IT,SciERC,CVPR_2009_18_abs,P3,P4,P3->P4,-0.0080688199517447,-0.0280669869728458,-0.3345205806991429,-0.0731807793984866,0.0651119594467419,0.3064535937262971,0.1857827765865195
Gemma-3-12B-IT,SciERC,CVPR_2009_18_abs,P4,P5,P4->P5,-0.0280669869728458,-0.0265731769603687,-0.0804579766242058,-0.1336279316627477,0.1055609446899019,0.053884799663837094,0.07972287217686949
Gemma-3-12B-IT,SciERC,CVPR_2009_18_abs,P5,P6,P5->P6,-0.0265731769603687,-0.0249577078708382,-0.0403651747592659,-0.0292928129762083,0.002719636015839598,0.015407466888427698,0.009063551452133648
Gemma-3-12B-IT,SciERC,ECCV_2012_30_abs,P1,P2,P1->P2,-0.0077604771360601,-0.0096456217211346,-0.014147351878558,-0.0106348389220832,0.0028743617860231005,0.0045017301574234,0.00368804597172325
Gemma-3-12B-IT,SciERC,ECCV_2012_30_abs,P2,P3,P2->P3,-0.0096456217211346,-0.0164646975893684,-0.0161952258272215,-0.0235942263935887,0.0139486046724541,0.00026947176214690144,0.0071090382173005
Gemma-3-12B-IT,SciERC,ECCV_2012_30_abs,P3,P4,P3->P4,-0.0164646975893684,-0.0342181976024921,-0.4113719353309044,-0.0871063684710474,0.070641670881679,0.37715373772841226,0.22389770430504563
Gemma-3-12B-IT,SciERC,ECCV_2012_30_abs,P4,P5,P4->P5,-0.0342181976024921,-0.0193568722751487,-0.0923558639668089,-0.1380739358755258,0.10385573827303371,0.07299899169166019,0.08842736498234695
Gemma-3-12B-IT,SciERC,ECCV_2012_30_abs,P5,P6,P5->P6,-0.0193568722751487,-0.0226120904775766,-0.0236724472045898,-0.0207456435212409,0.0013887712460921992,0.001060356727013198,0.0012245639865526986
Gemma-3-12B-IT,EBM-NLP,17293018,P1,P2,P1->P2,-0.0124151583980111,-0.0025451825215266,-0.0073755208183737,-0.0242246073835036,0.011809448985492499,0.004830338296847101,0.0083198936411698
Gemma-3-12B-IT,EBM-NLP,17293018,P2,P3,P2->P3,-0.0025451825215266,-0.00801256087154,-0.0086389746146179,-0.0084568725991572,0.0059116900776306006,0.0006264137430779006,0.0032690519103542506
Gemma-3-12B-IT,EBM-NLP,17293018,P3,P4,P3->P4,-0.00801256087154,-0.0279495813013092,-0.4080028689004541,-0.0672154268382284,0.059202865966688396,0.3800532875991449,0.21962807678291665
Gemma-3-12B-IT,EBM-NLP,17293018,P4,P5,P4->P5,-0.0279495813013092,-0.0142653745153675,-0.0727053932521654,-0.0942446235718765,0.0662950422705673,0.05844001873679791,0.06236753050368261
Gemma-3-12B-IT,EBM-NLP,17293018,P5,P6,P5->P6,-0.0142653745153675,-0.0110865478930266,-0.0142653745153675,-0.0110865478930266,0.0031788266223409,0.0031788266223409,0.0031788266223409
Gemma-3-12B-IT,SciERC,NIPS_2002_11_abs,P1,P2,P1->P2,-0.0099894338183932,-0.0061408899448536,-0.0099894338183932,-0.0061408899448536,0.0038485438735395994,0.0038485438735395994,0.0038485438735395994
Gemma-3-12B-IT,SciERC,NIPS_2002_11_abs,P2,P3,P2->P3,-0.0061408899448536,-0.011410315275748,-0.0221975522163586,-0.0222313139173719,0.0160904239725183,0.0107872369406106,0.013438830456564452
Gemma-3-12B-IT,SciERC,NIPS_2002_11_abs,P3,P4,P3->P4,-0.011410315275748,-0.0302358001086844,-0.4622489699989941,-0.0638692273404492,0.0524589120647012,0.43201316989030975,0.24223604097750548
Gemma-3-12B-IT,SciERC,NIPS_2002_11_abs,P4,P5,P4->P5,-0.0302358001086844,-0.0223309156056996,-0.089824324255591,-0.0513464964510545,0.0211106963423701,0.0674934086498914,0.04430205249613075
Gemma-3-12B-IT,SciERC,NIPS_2002_11_abs,P5,P6,P5->P6,-0.0223309156056996,-0.0323027366815611,-0.0666375049324922,-0.0243402536924894,0.002009338086789797,0.0343347682509311,0.018172053168860447
Gemma-3-12B-IT,SciERC,ICML_1995_38_abs,P1,P2,P1->P2,-0.0105903547637316,-0.0142820386744257,-0.0143871748625342,-0.0218543643043154,0.0112640095405838,0.00010513618810849973,0.00568457286434615
Gemma-3-12B-IT,SciERC,ICML_1995_38_abs,P2,P3,P2->P3,-0.0142820386744257,-0.0126365530849699,-0.0261803311249085,-0.015625708850462,0.0013436701760363018,0.013543778039938602,0.007443724107987452
Gemma-3-12B-IT,SciERC,ICML_1995_38_abs,P3,P4,P3->P4,-0.0126365530849699,-0.0182560702365656,-0.4075541640772964,-0.0702778742863581,0.05764132120138819,0.3892980938407308,0.2234697075210595
Gemma-3-12B-IT,SciERC,ICML_1995_38_abs,P4,P5,P4->P5,-0.0182560702365656,-0.0197226503160264,-0.1073395623101128,-0.085329396154744,0.0670733259181784,0.08761691199408639,0.07734511895613239
Gemma-3-12B-IT,SciERC,ICML_1995_38_abs,P5,P6,P5->P6,-0.0197226503160264,-0.0281272113771366,-0.02356711724647,-0.0319917975531684,0.012269147237142002,0.0045600941306666,0.0084146206839043
Gemma-3-12B-IT,EBM-NLP,11642083,P1,P2,P1->P2,-0.0097900665412514,-0.0199492149416925,-0.0216645220016914,-0.0144894228143207,0.0046993562730693,0.0017153070599988975,0.0032073316665340986
Gemma-3-12B-IT,EBM-NLP,11642083,P2,P3,P2->P3,-0.0199492149416925,-0.0177256613698379,-0.0176262673133058,-0.0195051844994626,0.00044403044222990004,9.93940565321011e-05,0.00027171224938100057
Gemma-3-12B-IT,EBM-NLP,11642083,P3,P4,P3->P4,-0.0177256613698379,-0.0425930796442805,-0.4157786670031848,-0.1040757531893926,0.0863500918195547,0.3731855873589043,0.2297678395892295
Gemma-3-12B-IT,EBM-NLP,11642083,P4,P5,P4->P5,-0.0425930796442805,-0.0389057404502144,-0.1265563432064802,-0.0616659989228119,0.0190729192785314,0.08765060275626581,0.053361761017398604
Gemma-3-12B-IT,EBM-NLP,11642083,P5,P6,P5->P6,-0.0389057404502144,-0.0366155731266942,-0.0458684132016938,-0.0503645262904673,0.011458785840252901,0.009252840074999595,0.010355812957626248
Gemma-3-12B-IT,SciERC,C04-1035,P1,P2,P1->P2,-0.012203933140419,-0.0088891892636556,-0.0166078208935392,-0.0282557476832214,0.0160518145428024,0.0077186316298836,0.011885223086343
Gemma-3-12B-IT,SciERC,C04-1035,P2,P3,P2->P3,-0.0088891892636556,-0.0097137047694279,-0.0221660838407628,-0.0186106559789576,0.009721466715302,0.0124523790713349,0.01108692289331845
Gemma-3-12B-IT,SciERC,C04-1035,P3,P4,P3->P4,-0.0097137047694279,-0.0182670487297905,-0.3547462826683408,-0.0900818060965559,0.080368101327128,0.3364792339385503,0.20842366763283915
Gemma-3-12B-IT,SciERC,C04-1035,P4,P5,P4->P5,-0.0182670487297905,-0.0123407127701233,-0.0731617223436587,-0.0500418224031963,0.0317747736734058,0.060821009573535395,0.0462978916234706
Gemma-3-12B-IT,SciERC,C04-1035,P5,P6,P5->P6,-0.0123407127701233,-0.0126650663050807,-0.015063011377954,-0.0215447951700085,0.009204082399885198,0.0023979450728733014,0.00580101373637925
Gemma-3-12B-IT,SciERC,I05-5003,P1,P2,P1->P2,-0.0087949872172329,-0.0118624207874139,-0.0154692704478899,-0.0089827087432184,0.00018772152598550002,0.003606849660476001,0.0018972855932307504
Gemma-3-12B-IT,SciERC,I05-5003,P2,P3,P2->P3,-0.0118624207874139,-0.0111368333500709,-0.0048940222142106,-0.0204750746488571,0.0086126538614432,0.0062428111358603,0.0074277324986517495
Gemma-3-12B-IT,SciERC,I05-5003,P3,P4,P3->P4,-0.0111368333500709,-0.0195426548997016,-0.2765972398731806,-0.0931189983422628,0.0819821649921919,0.257054584973479,0.16951837498283545
Gemma-3-12B-IT,SciERC,I05-5003,P4,P5,P4->P5,-0.0195426548997016,-0.0211418079021153,-0.1625681947694473,-0.0854746309045243,0.0659319760048227,0.141426386867332,0.10367918143607735
Gemma-3-12B-IT,SciERC,I05-5003,P5,P6,P5->P6,-0.0211418079021153,-0.0267478126160641,-0.0334888341579031,-0.021597680157864,0.0004558722557486995,0.006741021541839004,0.0035984468987938518
Gemma-3-12B-IT,SciERC,H01-1049,P1,P2,P1->P2,-0.0114402024966641,-0.0199851536250614,-0.0300544578712303,-0.017346588542595,0.005906386045930899,0.010069304246168899,0.007987845146049898
Gemma-3-12B-IT,SciERC,H01-1049,P2,P3,P2->P3,-0.0199851536250614,-0.0158156897485961,-0.0264921952797768,-0.025391932134028,0.005406778508966599,0.0106765055311807,0.00804164202007365
Gemma-3-12B-IT,SciERC,H01-1049,P3,P4,P3->P4,-0.0158156897485961,-0.0198494515767911,-0.2818282522806307,-0.1198503993030603,0.1040347095544642,0.2619788007038396,0.1830067551291519
Gemma-3-12B-IT,SciERC,H01-1049,P4,P5,P4->P5,-0.0198494515767911,-0.0359813363794336,-0.1321421332537809,-0.1155603269251381,0.09571087534834699,0.09616079687434731,0.09593583611134715
Gemma-3-12B-IT,SciERC,H01-1049,P5,P6,P5->P6,-0.0359813363794336,-0.0376104881514364,-0.0425242001737528,-0.0459761237078172,0.009994787328383603,0.004913712022316399,0.007454249675350001
Gemma-3-12B-IT,SciERC,P85-1019,P1,P2,P1->P2,-0.0098904004624941,-0.0227893205649952,-0.0270945599777163,-0.0301885185845078,0.0202981181220137,0.004305239412721099,0.0123016787673674
Gemma-3-12B-IT,SciERC,P85-1019,P2,P3,P2->P3,-0.0227893205649952,-0.009160720416713,-0.017230641656589,-0.0296698069844409,0.0068804864194456986,0.008069921239876,0.007475203829660849
Gemma-3-12B-IT,SciERC,P85-1019,P3,P4,P3->P4,-0.009160720416713,-0.019414596321169,-0.4742232708891561,-0.1030675858413617,0.09390686542464871,0.4548086745679871,0.2743577699963179
Gemma-3-12B-IT,SciERC,P85-1019,P4,P5,P4->P5,-0.019414596321169,-0.0191071235908652,-0.0575403312467179,-0.0439738793806596,0.0245592830594906,0.0384332076558527,0.03149624535767165
Gemma-3-12B-IT,SciERC,P85-1019,P5,P6,P5->P6,-0.0191071235908652,-0.019198143257285,-0.0360631312964097,-0.0321448479058607,0.013037724314995502,0.0168649880391247,0.014951356177060102
Gemma-3-12B-IT,SciERC,C90-3045,P1,P2,P1->P2,-0.0082607892788891,-0.0152575314225026,-0.0302557239359599,-0.0127032564795212,0.0044424672006321,0.014998192513457301,0.0097203298570447
Gemma-3-12B-IT,SciERC,C90-3045,P2,P3,P2->P3,-0.0152575314225026,-0.014846082273642,-0.0236788797833909,-0.0223966120232988,0.0071390806007962,0.008832797509748901,0.007985939055272551
Gemma-3-12B-IT,SciERC,C90-3045,P3,P4,P3->P4,-0.014846082273642,-0.0374464901375683,-0.4714305723979796,-0.1383418334294796,0.1234957511558376,0.4339840822604113,0.2787399167081244
Gemma-3-12B-IT,SciERC,C90-3045,P4,P5,P4->P5,-0.0374464901375683,-0.0293073734994662,-0.1107577550209174,-0.1088178236405928,0.07137133350302449,0.0814503815214512,0.07641085751223785
Gemma-3-12B-IT,SciERC,C90-3045,P5,P6,P5->P6,-0.0293073734994662,-0.0266826112046201,-0.0366992828173515,-0.0256248692334708,0.003682504265995399,0.010016671612731398,0.0068495879393633986
Gemma-3-12B-IT,EBM-NLP,9481998,P1,P2,P1->P2,-0.0148233572642008,-0.0068672099602189,-0.0119284698507462,-0.0194760057661268,0.004652648501925998,0.0050612598905273,0.004856954196226649
Gemma-3-12B-IT,EBM-NLP,9481998,P2,P3,P2->P3,-0.0068672099602189,-0.0220726629098256,-0.0323765153686205,-0.0162939140340958,0.009426704073876899,0.010303852458794897,0.009865278266335898
Gemma-3-12B-IT,EBM-NLP,9481998,P3,P4,P3->P4,-0.0220726629098256,-0.0327416702553077,-0.3075276127567998,-0.1640922625859578,0.1420195996761322,0.2747859425014921,0.20840277108881214
Gemma-3-12B-IT,EBM-NLP,9481998,P4,P5,P4->P5,-0.0327416702553077,-0.03033797962721,-0.0719034172767816,-0.1140305554425274,0.08128888518721969,0.041565437649571595,0.061427161418395645
Gemma-3-12B-IT,EBM-NLP,9481998,P5,P6,P5->P6,-0.03033797962721,-0.0261226955213044,-0.2006863209239223,-0.0478658343470373,0.017527854719827297,0.1745636254026179,0.0960457400612226
Gemma-3-12B-IT,SciERC,N03-1033,P1,P2,P1->P2,-0.0126435179864206,-0.028836321101959,-0.0381181333783412,-0.0155130595930161,0.002869541606595501,0.009281812276382199,0.00607567694148885
Gemma-3-12B-IT,SciERC,N03-1033,P2,P3,P2->P3,-0.028836321101959,-0.0209595384268925,-0.0199939711340542,-0.0399732256560346,0.011136904554075604,0.0009655672928382993,0.006051235923456952
Gemma-3-12B-IT,SciERC,N03-1033,P3,P4,P3->P4,-0.0209595384268925,-0.0233714167726334,-0.4351707970716928,-0.0732822483983533,0.0523227099714608,0.41179938029905944,0.23206104513526013
Gemma-3-12B-IT,SciERC,N03-1033,P4,P5,P4->P5,-0.0233714167726334,-0.0211336602970045,-0.1745149884905134,-0.1011848584501987,0.07781344167756529,0.1533813281935089,0.11559738493553709
Gemma-3-12B-IT,SciERC,N03-1033,P5,P6,P5->P6,-0.0211336602970045,-0.030491099379579,-0.0500198223623811,-0.0299657782729791,0.0088321179759746,0.019528722982802102,0.014180420479388351
Gemma-3-12B-IT,SciERC,C04-1106,P1,P2,P1->P2,-0.0171291419771328,-0.0223442847912128,-0.0330132851233849,-0.0274578393186286,0.010328697341495802,0.010669000332172104,0.010498848836833953
Gemma-3-12B-IT,SciERC,C04-1106,P2,P3,P2->P3,-0.0223442847912128,-0.0227896453468662,-0.0253468076134942,-0.0371997173015887,0.0148554325103759,0.002557162266627999,0.00870629738850195
Gemma-3-12B-IT,SciERC,C04-1106,P3,P4,P3->P4,-0.0227896453468662,-0.0489217498373747,-0.4026768072895037,-0.1182616167007737,0.0954719713539075,0.35375505745212904,0.22461351440301827
Gemma-3-12B-IT,SciERC,C04-1106,P4,P5,P4->P5,-0.0489217498373747,-0.0235394360362619,-0.0428066391875778,-0.0720968975181199,0.023175147680745203,0.0192672031513159,0.021221175416030552
Gemma-3-12B-IT,SciERC,C04-1106,P5,P6,P5->P6,-0.0235394360362619,-0.0312520483849753,-0.0305547143372011,-0.0284839713055154,0.004944535269253501,0.0006973340477741986,0.00282093465851385
Gemma-3-12B-IT,EBM-NLP,16055807,P1,P2,P1->P2,-0.012132655615094,-0.0053420434454957,-0.0098523201342828,-0.0313349427848026,0.019202287169708603,0.0045102766887871,0.011856281929247852
Gemma-3-12B-IT,EBM-NLP,16055807,P2,P3,P2->P3,-0.0053420434454957,-0.0283828210440903,-0.0551225054166622,-0.0393233955977205,0.0339813521522248,0.0267396843725719,0.03036051826239835
Gemma-3-12B-IT,EBM-NLP,16055807,P3,P4,P3->P4,-0.0283828210440903,-0.0385006938064307,-0.7022929944490132,-0.1540200755771564,0.12563725453306612,0.6637923006425824,0.39471477758782425
Gemma-3-12B-IT,EBM-NLP,16055807,P4,P5,P4->P5,-0.0385006938064307,-0.0300414311258416,-0.0599661166207832,-0.1161176614594041,0.07761696765297339,0.0299246854949416,0.0537708265739575
Gemma-3-12B-IT,EBM-NLP,16055807,P5,P6,P5->P6,-0.0300414311258416,-0.0282689159356274,-0.0573998516045727,-0.0340691240210282,0.004027692895186598,0.0291309356689453,0.016579314282065948
Gemma-3-12B-IT,SciERC,P04-2005,P1,P2,P1->P2,-0.0066956880102195,-0.0129827633500099,-0.0166967821617921,-0.0175241728224747,0.0108284848122552,0.0037140188117822,0.0072712518120187
Gemma-3-12B-IT,SciERC,P04-2005,P2,P3,P2->P3,-0.0129827633500099,-0.0123175318839618,-0.0120671276202417,-0.0264378935098648,0.0134551301598549,0.0002504042637200988,0.006852767211787499
Gemma-3-12B-IT,SciERC,P04-2005,P3,P4,P3->P4,-0.0123175318839618,-0.0211112804901905,-0.3472958643551905,-0.0653092812118216,0.0529917493278598,0.326184583865,0.1895881665964299
Gemma-3-12B-IT,SciERC,P04-2005,P4,P5,P4->P5,-0.0211112804901905,-0.0106398762062942,-0.0935435611309992,-0.1232631063868856,0.10215182589669511,0.082903684924705,0.09252775541070005
Gemma-3-12B-IT,SciERC,P04-2005,P5,P6,P5->P6,-0.0106398762062942,-0.0107063673396799,-0.0114016940886961,-0.0139307596323028,0.0032908834260085996,0.0006953267490161993,0.0019931050875123995
Gemma-3-12B-IT,EBM-NLP,2088233,P1,P2,P1->P2,-0.0095276746874541,-0.005709559877933,-0.0382639163106844,-0.0207391252704695,0.011211450583015401,0.0325543564327514,0.021882903507883397
Gemma-3-12B-IT,EBM-NLP,2088233,P2,P3,P2->P3,-0.005709559877933,-0.00565620618784,-0.0207763403088742,-0.0205056851740041,0.014796125296071098,0.0151201341210342,0.01495812970855265
Gemma-3-12B-IT,EBM-NLP,2088233,P3,P4,P3->P4,-0.00565620618784,-0.0288608405325147,-0.6959803369310167,-0.0961293786521849,0.0904731724643449,0.667119496398502,0.37879633443142346
Gemma-3-12B-IT,EBM-NLP,2088233,P4,P5,P4->P5,-0.0288608405325147,-0.0194230238596598,-0.1354401747385661,-0.2094644175635444,0.1806035770310297,0.1160171508789063,0.148310363954968
Gemma-3-12B-IT,EBM-NLP,2088233,P5,P6,P5->P6,-0.0194230238596598,-0.0507867105545536,-0.0378904957925119,-0.0417508681615193,0.022327844301859502,0.012896214762041704,0.017612029531950603
Gemma-3-12B-IT,EBM-NLP,2188766,P1,P2,P1->P2,-0.004277774651126,-0.0134141729119118,-0.0314368280132165,-0.0246725859145772,0.020394811263451197,0.0180226551013047,0.019208733182377948
Gemma-3-12B-IT,EBM-NLP,2188766,P2,P3,P2->P3,-0.0134141729119118,-0.020714117393334,-0.0354825422853605,-0.0285175494933396,0.015103376581427802,0.014768424892026497,0.01493590073672715
Gemma-3-12B-IT,EBM-NLP,2188766,P3,P4,P3->P4,-0.020714117393334,-0.0141683827649365,-0.2406272888183593,-0.1343659277241599,0.11365181033082589,0.22645890605342278,0.17005535819212433
Gemma-3-12B-IT,EBM-NLP,2188766,P4,P5,P4->P5,-0.0141683827649365,-0.0262655739514332,-0.0306582585820611,-0.0765456294154261,0.062377246650489604,0.0043926846306279015,0.033384965640558754
Gemma-3-12B-IT,EBM-NLP,2188766,P5,P6,P5->P6,-0.0262655739514332,-0.0304852026813435,-0.0262655739514332,-0.0304852026813435,0.0042196287299102984,0.0042196287299102984,0.0042196287299102984
Gemma-3-12B-IT,SciERC,ICCV_2001_47_abs,P1,P2,P1->P2,-0.0080961330483357,-0.0120588412029957,-0.0193745017517965,-0.0195562976102034,0.011460164561867698,0.007315660548800798,0.009387912555334249
Gemma-3-12B-IT,SciERC,ICCV_2001_47_abs,P2,P3,P2->P3,-0.0120588412029957,-0.0115889733036359,-0.0181277443965276,-0.0162566419996836,0.004197800796687898,0.0065387710928917,0.005368285944789799
Gemma-3-12B-IT,SciERC,ICCV_2001_47_abs,P3,P4,P3->P4,-0.0115889733036359,-0.0080394990906961,-0.1975509493591158,-0.0660898288091023,0.054500855505466406,0.1895114502684197,0.12200615288694305
Gemma-3-12B-IT,SciERC,ICCV_2001_47_abs,P4,P5,P4->P5,-0.0080394990906961,-0.0321385356912782,-0.0964901174297769,-0.0289776377947383,0.0209381387040422,0.0643515817384987,0.04264486022127045
Gemma-3-12B-IT,SciERC,ICCV_2001_47_abs,P5,P6,P5->P6,-0.0321385356912782,-0.0224883689172071,-0.0286255489926123,-0.0292938708045707,0.002844664886707496,0.0061371800754051985,0.004490922481056347
Gemma-3-12B-IT,EBM-NLP,19159999,P1,P2,P1->P2,-0.0145863739412222,-0.0189003461116069,-0.0254992343283988,-0.0253624678844243,0.0107760939432021,0.006598888216791901,0.008687491079997
Gemma-3-12B-IT,EBM-NLP,19159999,P2,P3,P2->P3,-0.0189003461116069,-0.0144642337306483,-0.0091195106506347,-0.0430150869730356,0.0241147408614287,0.005344723080013601,0.014729731970721149
Gemma-3-12B-IT,EBM-NLP,19159999,P3,P4,P3->P4,-0.0144642337306483,-0.0123752296948042,-0.4148653687023725,-0.079755427959087,0.0652911942284387,0.4024901390075683,0.2338906666180035
Gemma-3-12B-IT,EBM-NLP,19159999,P4,P5,P4->P5,-0.0123752296948042,-0.0145006662004449,-0.0349372424436419,-0.054653808718822,0.0422785790240178,0.020436576243197002,0.0313575776336074
Gemma-3-12B-IT,EBM-NLP,19159999,P5,P6,P5->P6,-0.0145006662004449,-0.0377176883173923,-0.0362116776260675,-0.0403406807545865,0.025840014554141602,0.001506010691324798,0.0136730126227332
Gemma-3-12B-IT,SciERC,ICCV_2003_161_abs,P1,P2,P1->P2,-0.0157425776124,-0.0202665211564049,-0.0215245467367315,-0.0312978426615397,0.015555265049139698,0.0012580255803266022,0.00840664531473315
Gemma-3-12B-IT,SciERC,ICCV_2003_161_abs,P2,P3,P2->P3,-0.0202665211564049,-0.0138323508571399,-0.0206955783485035,-0.0263738801802232,0.006107359023818301,0.0068632274913636,0.006485293257590951
Gemma-3-12B-IT,SciERC,ICCV_2003_161_abs,P3,P4,P3->P4,-0.0138323508571399,-0.0291610283426719,-0.3756645882483756,-0.1016247763017718,0.08779242544463191,0.3465035599057037,0.2171479926751678
Gemma-3-12B-IT,SciERC,ICCV_2003_161_abs,P4,P5,P4->P5,-0.0291610283426719,-0.0344248816329914,-0.120653872319161,-0.118408454920199,0.0892474265775271,0.0862289906861696,0.08773820863184835
Gemma-3-12B-IT,SciERC,ICCV_2003_161_abs,P5,P6,P5->P6,-0.0344248816329914,-0.0267502362142779,-0.0269095826291752,-0.0340664288229193,0.00035845281007210184,0.00015934641489729826,0.00025889961248470005
Gemma-3-12B-IT,SciERC,C04-1103,P1,P2,P1->P2,-0.0088596511632204,-0.0079627751993231,-0.012404278950399,-0.0154101165632406,0.006550465400020199,0.0044415037510759005,0.00549598457554805
Gemma-3-12B-IT,SciERC,C04-1103,P2,P3,P2->P3,-0.0079627751993231,-0.0072306494781936,-0.0102926461592964,-0.0124011207590513,0.004438345559728201,0.0030619966811028,0.0037501711204155005
Gemma-3-12B-IT,SciERC,C04-1103,P3,P4,P3->P4,-0.0072306494781936,-0.0126840012768904,-0.3711380163828532,-0.0888890086740687,0.0816583591958751,0.3584540151059628,0.22005618715091896
Gemma-3-12B-IT,SciERC,C04-1103,P4,P5,P4->P5,-0.0126840012768904,-0.0089591374268402,-0.0655689445701805,-0.0813802232344945,0.0686962219576041,0.0566098071433403,0.0626530145504722
Gemma-3-12B-IT,SciERC,C04-1103,P5,P6,P5->P6,-0.0089591374268402,-0.0077246620848372,-0.0089591374268402,-0.0077246620848372,0.0012344753420029993,0.0012344753420029993,0.0012344753420029993
Gemma-3-12B-IT,SciERC,N03-1026,P1,P2,P1->P2,-0.0079077935467163,-0.0114900593956311,-0.0161726077397664,-0.0139373131096363,0.006029519562919999,0.0046825483441353,0.00535603395352765
Gemma-3-12B-IT,SciERC,N03-1026,P2,P3,P2->P3,-0.0114900593956311,-0.0076990301410357,-0.009274107714494,-0.0103425439447164,0.0011475154509146997,0.0015750775734583002,0.0013612965121865
Gemma-3-12B-IT,SciERC,N03-1026,P3,P4,P3->P4,-0.0076990301410357,-0.0188404558584893,-0.2760659587872141,-0.0573410193125406,0.0496419891715049,0.2572255029287248,0.15343374605011487
Gemma-3-12B-IT,SciERC,N03-1026,P4,P5,P4->P5,-0.0188404558584893,-0.0230774810680976,-0.1216338597811185,-0.0405558998276382,0.0217154439691489,0.09855637871302089,0.0601359113410849
Gemma-3-12B-IT,SciERC,N03-1026,P5,P6,P5->P6,-0.0230774810680976,-0.0279613075969375,-0.028336201872781,-0.0301134127836961,0.007035931715598499,0.00037489427584349796,0.0037054129957209987
Gemma-3-12B-IT,EBM-NLP,20804366,P1,P2,P1->P2,-0.0041538866260383,-0.0193343607933966,-0.0228124031653771,-0.03444642175602,0.0302925351299817,0.003478042371980499,0.016885288750981102
Gemma-3-12B-IT,EBM-NLP,20804366,P2,P3,P2->P3,-0.0193343607933966,-0.0074512427366232,-0.03444642175602,-0.0364420728369073,0.0171077120435107,0.0269951790193968,0.022051445531453752
Gemma-3-12B-IT,EBM-NLP,20804366,P3,P4,P3->P4,-0.0074512427366232,-0.0407317922085146,-0.3393094026589695,-0.0612159294418141,0.0537646867051909,0.2985776104504549,0.1761711485778229
Gemma-3-12B-IT,EBM-NLP,20804366,P4,P5,P4->P5,-0.0407317922085146,-0.0235303565499863,-0.1330519782172309,-0.0329781966873362,0.007753595521178394,0.10952162166724459,0.05863760859421149
Gemma-3-12B-IT,EBM-NLP,20804366,P5,P6,P5->P6,-0.0235303565499863,-0.0071722453402489,-0.0237607636402562,-0.0283033582899305,0.004773001739944202,0.0165885183000073,0.010680760019975751
Gemma-3-12B-IT,EBM-NLP,12477021,P1,P2,P1->P2,-0.0106591918841511,-0.0106937989592552,-0.0159596130251884,-0.0210220683999613,0.010362876515810202,0.0052658140659332005,0.007814345290871702
Gemma-3-12B-IT,EBM-NLP,12477021,P2,P3,P2->P3,-0.0106937989592552,-0.0008736276867413,-0.0021392054830737,-0.0304698407649993,0.0197760418057441,0.0012655777963324,0.01052080980103825
Gemma-3-12B-IT,EBM-NLP,12477021,P3,P4,P3->P4,-0.0008736276867413,-0.0178532632621558,-0.3027587839075037,-0.0667051385950159,0.06583151090827459,0.2849055206453479,0.17536851577681126
Gemma-3-12B-IT,EBM-NLP,12477021,P4,P5,P4->P5,-0.0178532632621558,-0.1071300279526483,-0.176388490767706,-0.0438185028127721,0.0259652395506163,0.0692584628150577,0.047611851182837
Gemma-3-12B-IT,EBM-NLP,12477021,P5,P6,P5->P6,-0.1071300279526483,-0.0457247344926856,-0.0797421740389418,-0.0997536295936221,0.00737639835902619,0.0340174395462562,0.020696918952641193
Gemma-3-12B-IT,EBM-NLP,23357440,P1,P2,P1->P2,-0.0118185974830804,-0.0130377587699392,-0.0261527776095636,-0.0115959958512653,0.00022260163181510133,0.0131150188396244,0.006668810235719751
Gemma-3-12B-IT,EBM-NLP,23357440,P2,P3,P2->P3,-0.0130377587699392,-0.0179752155048091,-0.0123682559990301,-0.0231790592402764,0.010141300470337202,0.005606959505779,0.007874129988058101
Gemma-3-12B-IT,EBM-NLP,23357440,P3,P4,P3->P4,-0.0179752155048091,-0.0338952231953162,-0.5173504079571207,-0.0800266149567394,0.062051399451930306,0.48345518476180455,0.27275329210686744
Gemma-3-12B-IT,EBM-NLP,23357440,P4,P5,P4->P5,-0.0338952231953162,-0.0187390052355252,-0.0768157738905686,-0.1704764766547516,0.1365812534594354,0.058076768655043395,0.0973290110572394
Gemma-3-12B-IT,EBM-NLP,23357440,P5,P6,P5->P6,-0.0187390052355252,-0.0270807020591967,-0.0392937443473122,-0.0245542526245117,0.005815247388986502,0.012213042288115497,0.009014144838551
Gemma-3-12B-IT,SciERC,INTERSPEECH_2014_40_abs,P1,P2,P1->P2,-0.012459127853314,-0.0121735756595929,-0.0144214754303296,-0.0141371513406435,0.0016780234873295004,0.0022478997707366995,0.0019629616290331
Gemma-3-12B-IT,SciERC,INTERSPEECH_2014_40_abs,P2,P3,P2->P3,-0.0121735756595929,-0.0145245353094965,-0.0199406026936263,-0.0174777520199616,0.005304176360368701,0.005416067384129801,0.005360121872249251
Gemma-3-12B-IT,SciERC,INTERSPEECH_2014_40_abs,P3,P4,P3->P4,-0.0145245353094965,-0.0164608210733492,-0.291318606023919,-0.1364935044762042,0.1219689691667077,0.27485778495056984,0.19841337705863876
Gemma-3-12B-IT,SciERC,INTERSPEECH_2014_40_abs,P4,P5,P4->P5,-0.0164608210733492,-0.0154192178262829,-0.0504291017176741,-0.0918566560092037,0.0753958349358545,0.035009883891391196,0.05520285941362285
Gemma-3-12B-IT,SciERC,INTERSPEECH_2014_40_abs,P5,P6,P5->P6,-0.0154192178262829,-0.0104409052153765,-0.0154192178262829,-0.0104409052153765,0.0049783126109064005,0.0049783126109064005,0.0049783126109064005
Gemma-3-12B-IT,EBM-NLP,2066441,P1,P2,P1->P2,-0.0158957516983122,-0.0198694074620081,-0.0169635072100761,-0.030653097306347,0.014757345608034801,0.002905900251931999,0.0088316229299834
Gemma-3-12B-IT,EBM-NLP,2066441,P2,P3,P2->P3,-0.0198694074620081,-0.0110983709855513,-0.0187898289073597,-0.042773630365979,0.022904222903970897,0.007691457921808399,0.015297840412889648
Gemma-3-12B-IT,EBM-NLP,2066441,P3,P4,P3->P4,-0.0110983709855513,-0.054696151945326,-0.4142553965250651,-0.0574640794233842,0.0463657084378329,0.3595592445797391,0.202962476508786
Gemma-3-12B-IT,EBM-NLP,2066441,P4,P5,P4->P5,-0.054696151945326,-0.015740693965776,-0.0538078110580691,-0.0558621459537082,0.0011659940083821943,0.0380671170922931,0.019616555550337648
Gemma-3-12B-IT,EBM-NLP,2066441,P5,P6,P5->P6,-0.015740693965776,-0.0180216806585138,-0.016047025160356,-0.0114667731967172,0.0042739207690588015,0.001974655498157802,0.0031242881336083017
Gemma-3-12B-IT,EBM-NLP,17616069,P1,P2,P1->P2,-0.0183184993601291,-0.0222435045242309,-0.0136413264274597,-0.0193341736481568,0.0010156742880277,0.008602178096771199,0.0048089261923994495
Gemma-3-12B-IT,EBM-NLP,17616069,P2,P3,P2->P3,-0.0222435045242309,-0.0201081949837353,-0.0265529034089068,-0.0286387872695922,0.006395282745361303,0.006444708425171499,0.006419995585266401
Gemma-3-12B-IT,EBM-NLP,17616069,P3,P4,P3->P4,-0.0201081949837353,-0.0544394499635043,-0.3639295917667755,-0.0987259125222965,0.0786177175385612,0.30949014180327117,0.19405392967091617
Gemma-3-12B-IT,EBM-NLP,17616069,P4,P5,P4->P5,-0.0544394499635043,-0.0208373738057685,-0.0330039913004094,-0.1615693601843429,0.10712991022083859,0.012166617494640902,0.05964826385773975
Gemma-3-12B-IT,EBM-NLP,17616069,P5,P6,P5->P6,-0.0208373738057685,-0.0154056567134279,-0.0208373738057685,-0.0154056567134279,0.0054317170923405995,0.0054317170923405995,0.0054317170923405995
Gemma-3-12B-IT,SciERC,E89-1016,P1,P2,P1->P2,-0.0172125340753062,-0.0130878914727105,-0.0190583603470413,-0.0154178584524607,0.0017946756228455,0.005970468874330798,0.003882572248588149
Gemma-3-12B-IT,SciERC,E89-1016,P2,P3,P2->P3,-0.0130878914727105,-0.0186969553165361,-0.0188986592995296,-0.0161746639675564,0.0030867724948458984,0.0002017039829935001,0.0016442382389196993
Gemma-3-12B-IT,SciERC,E89-1016,P3,P4,P3->P4,-0.0186969553165361,-0.0135843476941508,-0.3176859209614415,-0.0684454270105473,0.0497484716940112,0.3041015732672907,0.17692502248065095
Gemma-3-12B-IT,SciERC,E89-1016,P4,P5,P4->P5,-0.0135843476941508,-0.0318914784325493,-0.1144053141276041,-0.0270082319936444,0.0134238842994936,0.0825138356950548,0.047968859997274196
Gemma-3-12B-IT,SciERC,E89-1016,P5,P6,P5->P6,-0.0318914784325493,-0.0139893073897929,-0.0242109918422216,-0.0359404318862491,0.004048953453699794,0.010221684452428699,0.007135318953064246
Gemma-3-12B-IT,SciERC,CVPR_2008_258_abs,P1,P2,P1->P2,-0.0294984414731436,-0.0167550690257892,-0.0184667026653838,-0.0355684969437684,0.006070055470624801,0.0017116336395946,0.0038908445551097005
Gemma-3-12B-IT,SciERC,CVPR_2008_258_abs,P2,P3,P2->P3,-0.0167550690257892,-0.0208075804728657,-0.0337431202446363,-0.0231292422967977,0.006374173271008497,0.012935539771770598,0.009654856521389548
Gemma-3-12B-IT,SciERC,CVPR_2008_258_abs,P3,P4,P3->P4,-0.0208075804728657,-0.0185059634121981,-0.3670732264982121,-0.1169446382486043,0.0961370577757386,0.348567263086014,0.2223521604308763
Gemma-3-12B-IT,SciERC,CVPR_2008_258_abs,P4,P5,P4->P5,-0.0185059634121981,-0.0184222403788726,-0.0864991949708669,-0.0774885315132739,0.0589825681010758,0.06807695459199431,0.06352976134653505
Gemma-3-12B-IT,SciERC,CVPR_2008_258_abs,P5,P6,P5->P6,-0.0184222403788726,-0.0123045062679412,-0.0189173976721712,-0.0242057038633615,0.0057834634844888995,0.006612891404229999,0.0061981774443594494
Gemma-3-12B-IT,SciERC,ICASSP_2016_11_abs,P1,P2,P1->P2,-0.0084718924302321,-0.0202679951985677,-0.026356706165132,-0.0217943054756254,0.0133224130453933,0.006088710966564298,0.009705562005978798
Gemma-3-12B-IT,SciERC,ICASSP_2016_11_abs,P2,P3,P2->P3,-0.0202679951985677,-0.0143673413120914,-0.0188542054512439,-0.0251782841152615,0.0049102889166937995,0.004486864139152499,0.004698576527923149
Gemma-3-12B-IT,SciERC,ICASSP_2016_11_abs,P3,P4,P3->P4,-0.0143673413120914,-0.068687827088112,-0.4235923234806504,-0.0742631272805112,0.059895785968419796,0.3549044963925384,0.20740014118047911
Gemma-3-12B-IT,SciERC,ICASSP_2016_11_abs,P4,P5,P4->P5,-0.068687827088112,-0.018665778140227,-0.1362517476081848,-0.1741028275600699,0.1054150004719579,0.11758596946795778,0.11150048496995785
Gemma-3-12B-IT,SciERC,ICASSP_2016_11_abs,P5,P6,P5->P6,-0.018665778140227,-0.0194639687736829,-0.0222241183121999,-0.0237835372487703,0.005117759108543299,0.0027601495385169983,0.003938954323530149
Gemma-3-12B-IT,SciERC,ICML_2016_10_abs,P1,P2,P1->P2,-0.017291637712544,-0.0198044363559215,-0.0304264417004659,-0.0286307020363518,0.0113390643238078,0.0106220053445444,0.0109805348341761
Gemma-3-12B-IT,SciERC,ICML_2016_10_abs,P2,P3,P2->P3,-0.0198044363559215,-0.0242939023084418,-0.0249285781106283,-0.017956255390179,0.0018481809657424977,0.0006346758021865025,0.0012414283839645
Gemma-3-12B-IT,SciERC,ICML_2016_10_abs,P3,P4,P3->P4,-0.0242939023084418,-0.0318217252163176,-0.5498748941624418,-0.1378029113592103,0.1135090090507685,0.5180531689461243,0.31578108899844637
Gemma-3-12B-IT,SciERC,ICML_2016_10_abs,P4,P5,P4->P5,-0.0318217252163176,-0.0530342302824321,-0.0819142826816491,-0.0791129710826468,0.0472912458663292,0.028880052399217003,0.0380856491327731
Gemma-3-12B-IT,SciERC,ICML_2016_10_abs,P5,P6,P5->P6,-0.0530342302824321,-0.0486746808534027,-0.066199477000903,-0.0534725579601979,0.0004383276777657971,0.017524796147500306,0.008981561912633051
Gemma-3-12B-IT,SciERC,P05-1076,P1,P2,P1->P2,-0.0062667331919365,-0.0103571685383186,-0.0106566204085965,-0.0071326271962311,0.0008658940042946001,0.000299451870277901,0.0005826729372862506
Gemma-3-12B-IT,SciERC,P05-1076,P2,P3,P2->P3,-0.0103571685383186,-0.0096212645708504,-0.0071326271962311,-0.0122441250777462,0.0018869565394276002,0.002488637374619301,0.0021877969570234506
Gemma-3-12B-IT,SciERC,P05-1076,P3,P4,P3->P4,-0.0096212645708504,-0.0277984071992357,-0.382947292788099,-0.1139845170440077,0.1043632524731573,0.3551488855888633,0.2297560690310103
Gemma-3-12B-IT,SciERC,P05-1076,P4,P5,P4->P5,-0.0277984071992357,-0.0105489678119295,-0.0687169213989871,-0.1063043118801577,0.078505904680922,0.05816795358705759,0.0683369291339898
Gemma-3-12B-IT,SciERC,P05-1076,P5,P6,P5->P6,-0.0105489678119295,-0.0171108180349999,-0.0338803280840863,-0.0218133279426613,0.0112643601307318,0.016769510049086403,0.014016935089909102
Gemma-3-12B-IT,EBM-NLP,25068497,P1,P2,P1->P2,-0.0144128749767939,-0.0069015726600725,-0.0396140408270137,-0.0357673863569895,0.021354511380195597,0.0327124681669412,0.027033489773568398
Gemma-3-12B-IT,EBM-NLP,25068497,P2,P3,P2->P3,-0.0069015726600725,-0.0318045169986479,-0.0831444221630431,-0.0371187642677543,0.030217191607681805,0.051339905164395204,0.040778548386038505
Gemma-3-12B-IT,EBM-NLP,25068497,P3,P4,P3->P4,-0.0318045169986479,-0.051108723386712,-0.826869999596832,-0.2980854636744449,0.266280946675797,0.77576127621012,0.5210211114429585
Gemma-3-12B-IT,EBM-NLP,25068497,P4,P5,P4->P5,-0.051108723386712,-0.0100778512954711,-0.2422483978271484,-0.2862387140956494,0.2351299907089374,0.23217054653167732,0.23365026862030736
Gemma-3-12B-IT,EBM-NLP,25068497,P5,P6,P5->P6,-0.0100778512954711,-0.0480845118143472,-0.090515119483672,-0.0382019653320312,0.0281241140365601,0.0424306076693248,0.035277360852942447
Gemma-3-12B-IT,SciERC,J05-4003,P1,P2,P1->P2,-0.0127991984287897,-0.0139746137517061,-0.0166141865617137,-0.018049751718839,0.005250553290049302,0.002639572810007599,0.0039450630500284505
Gemma-3-12B-IT,SciERC,J05-4003,P2,P3,P2->P3,-0.0139746137517061,-0.0141135305166244,-0.0136557618776957,-0.0254544527931661,0.01147983904146,0.00045776863892870064,0.005968803840194351
Gemma-3-12B-IT,SciERC,J05-4003,P3,P4,P3->P4,-0.0141135305166244,-0.025447276281932,-0.3552751813616071,-0.1075600683689117,0.0934465378522873,0.3298279050796751,0.21163722146598118
Gemma-3-12B-IT,SciERC,J05-4003,P4,P5,P4->P5,-0.025447276281932,-0.0269745323947284,-0.1104812941291841,-0.1065629504975818,0.0811156742156498,0.0835067617344557,0.08231121797505275
Gemma-3-12B-IT,SciERC,J05-4003,P5,P6,P5->P6,-0.0269745323947284,-0.0151624619206295,-0.0207963492799911,-0.0275177297233038,0.0005431973285753983,0.005633887359361598,0.0030885423439684983
Gemma-3-12B-IT,SciERC,P05-1046,P1,P2,P1->P2,-0.0125807796915372,-0.0119342220326264,-0.0161754041910171,-0.0195228916903336,0.0069421119987964006,0.0042411821583906995,0.00559164707859355
Gemma-3-12B-IT,SciERC,P05-1046,P2,P3,P2->P3,-0.0119342220326264,-0.008549361800154,-0.011989913880825,-0.0131974294781684,0.0012632074455420014,0.003440552080670999,0.0023518797631065
Gemma-3-12B-IT,SciERC,P05-1046,P3,P4,P3->P4,-0.008549361800154,-0.016929153859968,-0.4058556189903846,-0.1130772630373636,0.10452790123720959,0.38892646513041657,0.2467271831838131
Gemma-3-12B-IT,SciERC,P05-1046,P4,P5,P4->P5,-0.016929153859968,-0.0192502964896838,-0.1326354494385442,-0.0520668650519918,0.0351377111920238,0.1133851529488604,0.0742614320704421
Gemma-3-12B-IT,SciERC,P05-1046,P5,P6,P5->P6,-0.0192502964896838,-0.0193797561934668,-0.0180266438698282,-0.0237350490284758,0.004484752538791999,0.0013531123236385986,0.0029189324312152987
Gemma-3-12B-IT,SciERC,INTERSPEECH_2006_21_abs,P1,P2,P1->P2,-0.0128055147272977,-0.0154073551576834,-0.0313441964320778,-0.0149210242280127,0.0021155095007150005,0.015936841274394403,0.009026175387554701
Gemma-3-12B-IT,SciERC,INTERSPEECH_2006_21_abs,P2,P3,P2->P3,-0.0154073551576834,-0.0191603580733987,-0.0222908414747289,-0.0181636490706783,0.0027562939129949,0.0031304834013302016,0.002943388657162551
Gemma-3-12B-IT,SciERC,INTERSPEECH_2006_21_abs,P3,P4,P3->P4,-0.0191603580733987,-0.0281971653805503,-0.2849647425398042,-0.0753144298872864,0.0561540718138877,0.2567675771592539,0.1564608244865708
Gemma-3-12B-IT,SciERC,INTERSPEECH_2006_21_abs,P4,P5,P4->P5,-0.0281971653805503,-0.0305133236931792,-0.1633837477274518,-0.1002452222606803,0.07204805688013001,0.1328704240342726,0.10245924045720131
Gemma-3-12B-IT,SciERC,INTERSPEECH_2006_21_abs,P5,P6,P5->P6,-0.0305133236931792,-0.0309018684909087,-0.0301873955742155,-0.0357993288067644,0.005286005113585197,0.0007144729166932012,0.003000239015139199
Gemma-3-12B-IT,SciERC,CVPR_1993_10_abs,P1,P2,P1->P2,-0.0130134057812149,-0.0116911208349481,-0.0151234619299985,-0.0138545303643138,0.0008411245830988994,0.0034323410950504,0.0021367328390746497
Gemma-3-12B-IT,SciERC,CVPR_1993_10_abs,P2,P3,P2->P3,-0.0116911208349481,-0.0165018464128176,-0.0165878571569919,-0.0240044108258837,0.012313289990935599,8.601074417429952e-05,0.006199650367554949
Gemma-3-12B-IT,SciERC,CVPR_1993_10_abs,P3,P4,P3->P4,-0.0165018464128176,-0.0301283172939134,-0.2325532664423403,-0.0724922021230061,0.0559903557101885,0.2024249491484269,0.1292076524293077
Gemma-3-12B-IT,SciERC,CVPR_1993_10_abs,P4,P5,P4->P5,-0.0301283172939134,-0.022367720877656,-0.1144219136310128,-0.0904033826745074,0.060275065380594,0.0920541927533568,0.07616462906697541
Gemma-3-12B-IT,SciERC,CVPR_1993_10_abs,P5,P6,P5->P6,-0.022367720877656,-0.0351398041601267,-0.030007105939698,-0.030489359737523,0.008121638859867001,0.005132698220428701,0.006627168540147851
Gemma-3-12B-IT,EBM-NLP,21170734,P1,P2,P1->P2,-0.0201529564216123,-0.0105186869458454,-0.0523262396091368,-0.0331626607660661,0.013009704344453803,0.0418075526632914,0.0274086285038726
Gemma-3-12B-IT,EBM-NLP,21170734,P2,P3,P2->P3,-0.0105186869458454,-0.0072045780136016,-0.0257692203254164,-0.0588107318412966,0.0482920448954512,0.018564642311814802,0.033428343603633004
Gemma-3-12B-IT,EBM-NLP,21170734,P3,P4,P3->P4,-0.0072045780136016,-0.0665620688734383,-0.4667508355502424,-0.0674215939814198,0.06021701596781819,0.4001887666768041,0.23020289132231114
Gemma-3-12B-IT,EBM-NLP,21170734,P4,P5,P4->P5,-0.0665620688734383,-0.0277811239573581,-0.0702752988200542,-0.1497086163224845,0.0831465474490462,0.042494174862696105,0.06282036115587115
Gemma-3-12B-IT,EBM-NLP,21170734,P5,P6,P5->P6,-0.0277811239573581,-0.0259056656448929,-0.0636969177811234,-0.0264886923072751,0.0012924316500830015,0.037791252136230497,0.019541841893156747
Gemma-3-12B-IT,EBM-NLP,23417625,P1,P2,P1->P2,-0.0139564431231954,-0.0040495504331852,-0.0045606138297866,-0.0314061911209769,0.0174497479977815,0.0005110633966014001,0.00898040569719145
Gemma-3-12B-IT,EBM-NLP,23417625,P2,P3,P2->P3,-0.0040495504331852,-0.0130402981549843,-0.0266834478268678,-0.0173708641726667,0.0133213137394815,0.013643149671883499,0.0134822317056825
Gemma-3-12B-IT,EBM-NLP,23417625,P3,P4,P3->P4,-0.0130402981549843,-0.017418926085659,-0.2891272923455166,-0.0566432602104099,0.0436029620554256,0.2717083662598576,0.1576556641576416
Gemma-3-12B-IT,EBM-NLP,23417625,P4,P5,P4->P5,-0.017418926085659,-0.0207449570585862,-0.1710949017734601,-0.0434384322046634,0.026019506119004405,0.1503499447148739,0.08818472541693916
Gemma-3-12B-IT,EBM-NLP,23417625,P5,P6,P5->P6,-0.0207449570585862,-0.0463710135601936,-0.0896247498532559,-0.0398211276669299,0.019076170608343698,0.0432537362930623,0.031164953450702998
Gemma-3-12B-IT,EBM-NLP,25369243,P1,P2,P1->P2,-0.0055536554719372,-0.0140588768051423,-0.013004005554936,-0.0063143005167823,0.0007606450448451006,0.001054871250206299,0.0009077581475256998
Gemma-3-12B-IT,EBM-NLP,25369243,P2,P3,P2->P3,-0.0140588768051423,-0.0085227396296358,-0.0223034694277007,-0.0170782231229171,0.0030193463177748004,0.0137807297980649,0.008400038057919852
Gemma-3-12B-IT,EBM-NLP,25369243,P3,P4,P3->P4,-0.0085227396296358,-0.0105508757087419,-0.3242708242164467,-0.1045832052998159,0.0960604656701801,0.3137199485077048,0.20489020708894246
Gemma-3-12B-IT,EBM-NLP,25369243,P4,P5,P4->P5,-0.0105508757087419,-0.0284259226415064,-0.0714255741664341,-0.0491854739638994,0.0386345982551575,0.0429996515249277,0.0408171248900426
Gemma-3-12B-IT,EBM-NLP,25369243,P5,P6,P5->P6,-0.0284259226415064,-0.0156236265459631,-0.0241707655099722,-0.022479003125971,0.005946919515535401,0.008547138964009101,0.007247029239772251
Gemma-3-12B-IT,SciERC,CVPR_2006_10_abs,P1,P2,P1->P2,-0.0107575555642445,-0.0182277160071431,-0.0226036946351912,-0.0181000952919324,0.007342539727687898,0.004375978628048099,0.0058592591778679984
Gemma-3-12B-IT,SciERC,CVPR_2006_10_abs,P2,P3,P2->P3,-0.0182277160071431,-0.0158849536376807,-0.0200027679771113,-0.0277207274578733,0.009493011450730199,0.004117814339430599,0.006805412895080399
Gemma-3-12B-IT,SciERC,CVPR_2006_10_abs,P3,P4,P3->P4,-0.0158849536376807,-0.0182089508816414,-0.4430357747058156,-0.1153518931677916,0.0994669395301109,0.42482682382417425,0.26214688167714256
Gemma-3-12B-IT,SciERC,CVPR_2006_10_abs,P4,P5,P4->P5,-0.0182089508816414,-0.0274388309800144,-0.0594185769776284,-0.0227158059717708,0.004506855090129401,0.031979745997614,0.0182433005438717
Gemma-3-12B-IT,SciERC,CVPR_2006_10_abs,P5,P6,P5->P6,-0.0274388309800144,-0.0403370041031021,-0.0473488902186488,-0.0427188523959764,0.015280021415961999,0.007011886115546699,0.011145953765754349
Gemma-3-12B-IT,SciERC,CVPR_2016_413_abs,P1,P2,P1->P2,-0.0138904108234008,-0.0086200691969635,-0.0131297672961284,-0.017887329077495,0.003996918254094201,0.0045096980991649,0.00425330817662955
Gemma-3-12B-IT,SciERC,CVPR_2016_413_abs,P2,P3,P2->P3,-0.0086200691969635,-0.0081400322399551,-0.0152104758530211,-0.0123724122940999,0.0037523430971363996,0.007070443613066,0.0054113933551012
Gemma-3-12B-IT,SciERC,CVPR_2016_413_abs,P3,P4,P3->P4,-0.0081400322399551,-0.017354411260523,-0.3903614207856332,-0.1247764285519826,0.11663639631202749,0.3730070095251102,0.24482170291856883
Gemma-3-12B-IT,SciERC,CVPR_2016_413_abs,P4,P5,P4->P5,-0.017354411260523,-0.0232972415177138,-0.0883242533757136,-0.0405439811177773,0.023189569857254302,0.0650270118579998,0.044108290857627054
Gemma-3-12B-IT,SciERC,CVPR_2016_413_abs,P5,P6,P5->P6,-0.0232972415177138,-0.0275023299105027,-0.0385712946162504,-0.027533171060202,0.0042359295424882,0.011068964705747697,0.007652447124117948
Gemma-3-12B-IT,EBM-NLP,11495215,P1,P2,P1->P2,-0.0134642074158141,-0.0114829504667822,-0.035404810264929,-0.0267606448460292,0.013296437430215101,0.023921859798146795,0.018609148614180948
Gemma-3-12B-IT,EBM-NLP,11495215,P2,P3,P2->P3,-0.0114829504667822,-0.0156478485389339,-0.0289285717054547,-0.0246585269472492,0.013175576480466999,0.013280723166520798,0.0132281498234939
Gemma-3-12B-IT,EBM-NLP,11495215,P3,P4,P3->P4,-0.0156478485389339,-0.0240821072033473,-0.3453389576503208,-0.068027725395925,0.052379876856991095,0.3212568504469735,0.1868183636519823
Gemma-3-12B-IT,EBM-NLP,11495215,P4,P5,P4->P5,-0.0240821072033473,-0.0505330933831554,-0.09808910594267,-0.0929323094231741,0.0688502022198268,0.047556012559514596,0.058203107389670695
Gemma-3-12B-IT,EBM-NLP,11495215,P5,P6,P5->P6,-0.0505330933831554,-0.0581705612048768,-0.0962958921465957,-0.0471158440137816,0.0034172493693737996,0.0381253309417189,0.02077129015554635
Gemma-3-12B-IT,SciERC,NIPS_2015_18_abs,P1,P2,P1->P2,-0.0078620140751202,-0.0138832785019268,-0.0136577096746488,-0.0158150692780812,0.007953055202961001,0.00022556882727800022,0.004089312015119501
Gemma-3-12B-IT,SciERC,NIPS_2015_18_abs,P2,P3,P2->P3,-0.0138832785019268,-0.002371199744532,-0.0138832785019268,-0.002371199744532,0.0115120787573948,0.0115120787573948,0.0115120787573948
Gemma-3-12B-IT,SciERC,NIPS_2015_18_abs,P3,P4,P3->P4,-0.002371199744532,-0.0170719378364946,-0.2232386716345989,-0.0442369970514254,0.041865797306893396,0.2061667337981043,0.12401626555249884
Gemma-3-12B-IT,SciERC,NIPS_2015_18_abs,P4,P5,P4->P5,-0.0170719378364946,-0.0187620713240153,-0.0552997051247288,-0.0372635906060884,0.0201916527695938,0.0365376338007135,0.028364643285153653
Gemma-3-12B-IT,SciERC,NIPS_2015_18_abs,P5,P6,P5->P6,-0.0187620713240153,-0.0163844173374702,-0.0196469361615029,-0.0259514392844508,0.0071893679604355006,0.003262518824032702,0.005225943392234101
Gemma-3-12B-IT,EBM-NLP,18503531,P1,P2,P1->P2,-0.0193204482396443,-0.0205600808519835,-0.0252885905974501,-0.0151531056121543,0.004167342627490002,0.0047285097454666004,0.004447926186478301
Gemma-3-12B-IT,EBM-NLP,18503531,P2,P3,P2->P3,-0.0205600808519835,-0.0153352837813527,-0.0251349963639911,-0.0188665433761176,0.0016935374758659007,0.009799712582638401,0.005746625029252151
Gemma-3-12B-IT,EBM-NLP,18503531,P3,P4,P3->P4,-0.0153352837813527,-0.042702581649436,-0.6604065859228149,-0.1193073674252158,0.10397208364386311,0.6177040042733789,0.360838043958621
Gemma-3-12B-IT,EBM-NLP,18503531,P4,P5,P4->P5,-0.042702581649436,-0.0113689144738286,-0.0706332021479984,-0.1079781180933902,0.0652755364439542,0.059264287674169795,0.062269912059062
Gemma-3-12B-IT,EBM-NLP,18503531,P5,P6,P5->P6,-0.0113689144738286,-0.0102892728160611,-0.0113689144738286,-0.0102892728160611,0.0010796416577675012,0.0010796416577675012,0.0010796416577675012
Gemma-3-12B-IT,SciERC,INTERSPEECH_2008_20_abs,P1,P2,P1->P2,-0.0097496590266625,-0.01912239442269,-0.0214338128765424,-0.0127739931146303,0.0030243340879677998,0.0023114184538524027,0.0026678762709101012
Gemma-3-12B-IT,SciERC,INTERSPEECH_2008_20_abs,P2,P3,P2->P3,-0.01912239442269,-0.0195196097095807,-0.0321153948704401,-0.0342537239193916,0.015131329496701599,0.0125957851608594,0.0138635573287805
Gemma-3-12B-IT,SciERC,INTERSPEECH_2008_20_abs,P3,P4,P3->P4,-0.0195196097095807,-0.0378483539563046,-0.2797688388368159,-0.1068128148714701,0.0872932051618894,0.24192048488051132,0.16460684502120038
Gemma-3-12B-IT,SciERC,INTERSPEECH_2008_20_abs,P4,P5,P4->P5,-0.0378483539563046,-0.035279261383191,-0.065437333699365,-0.0564992804276315,0.0186509264713269,0.030158072316173998,0.02440449939375045
Gemma-3-12B-IT,SciERC,INTERSPEECH_2008_20_abs,P5,P6,P5->P6,-0.035279261383191,-0.0185209304172127,-0.0238081630776507,-0.0492622946852629,0.013983033302071901,0.005287232660437999,0.00963513298125495
Gemma-3-12B-IT,EBM-NLP,24075141,P1,P2,P1->P2,-0.0122368603768433,-0.0033156589134452,-0.0216687503958895,-0.0214363992566893,0.009199538879846,0.018353091482444298,0.013776315181145148
Gemma-3-12B-IT,EBM-NLP,24075141,P2,P3,P2->P3,-0.0033156589134452,-0.0137963084226155,-0.015009739122338,-0.0111485789321951,0.0078329200187499,0.0012134306997225001,0.0045231753592362
Gemma-3-12B-IT,EBM-NLP,24075141,P3,P4,P3->P4,-0.0137963084226155,-0.0142425648466555,-0.2816428224483649,-0.0729234916729163,0.0591271832503008,0.26740025760170943,0.16326372042600512
Gemma-3-12B-IT,EBM-NLP,24075141,P4,P5,P4->P5,-0.0142425648466555,-0.0081496203017092,-0.0837127148748158,-0.1325441006414904,0.11830153579483489,0.0755630945731066,0.09693231518397075
Gemma-3-12B-IT,EBM-NLP,24075141,P5,P6,P5->P6,-0.0081496203017092,-0.0066905675864801,-0.0163629796446823,-0.011329104086596,0.0031794837848868,0.0096724120582022,0.0064259479215445
Gemma-3-12B-IT,EBM-NLP,361799,P1,P2,P1->P2,-0.012153311921896,-0.0184485850485326,-0.0461157872972296,-0.0165130913663072,0.0043597794444112,0.027667202248697,0.0160134908465541
Gemma-3-12B-IT,EBM-NLP,361799,P2,P3,P2->P3,-0.0184485850485326,-0.0059055687830998,-0.033182384784405,-0.0284056924605575,0.0099571074120249,0.0272768160013052,0.01861696170666505
Gemma-3-12B-IT,EBM-NLP,361799,P3,P4,P3->P4,-0.0059055687830998,-0.0114259891681842,-0.4956630328754047,-0.1087649653508113,0.10285939656771151,0.4842370437072205,0.293548220137466
Gemma-3-12B-IT,EBM-NLP,361799,P4,P5,P4->P5,-0.0114259891681842,-0.0072653315363139,-0.0308754217885706,-0.1600617073677681,0.14863571819958388,0.023610090252256702,0.08612290422592028
Gemma-3-12B-IT,EBM-NLP,361799,P5,P6,P5->P6,-0.0072653315363139,-0.008856689842948,-0.0072653315363139,-0.008856689842948,0.0015913583066341002,0.0015913583066341002,0.0015913583066341002
Gemma-3-12B-IT,SciERC,NIPS_2016_560_abs,P1,P2,P1->P2,-0.0165277292084973,-0.0155616191526254,-0.0211140910784403,-0.0257567663080844,0.009229037099587098,0.0055524719258149,0.007390754512700999
Gemma-3-12B-IT,SciERC,NIPS_2016_560_abs,P2,P3,P2->P3,-0.0155616191526254,-0.0105846395069251,-0.0154257866483444,-0.0258877476056416,0.010326128453016198,0.004841147141419299,0.007583637797217748
Gemma-3-12B-IT,SciERC,NIPS_2016_560_abs,P3,P4,P3->P4,-0.0105846395069251,-0.0432152322622445,-0.2987566434420072,-0.0800466562375698,0.0694620167306447,0.2555414111797627,0.16250171395520369
Gemma-3-12B-IT,SciERC,NIPS_2016_560_abs,P4,P5,P4->P5,-0.0432152322622445,-0.0455002884965043,-0.1339920891655815,-0.1258192913348858,0.08260405907264132,0.08849180066907719,0.08554792987085925
Gemma-3-12B-IT,SciERC,NIPS_2016_560_abs,P5,P6,P5->P6,-0.0455002884965043,-0.0267394600706921,-0.0311623129009846,-0.0471441709959471,0.001643882499442799,0.004422852830292499,0.003033367664867649
Gemma-3-12B-IT,EBM-NLP,10578479,P1,P2,P1->P2,-0.0066064748548923,-0.0051535016114491,-0.0059207259470845,-0.0117081563275559,0.0051016814726635995,0.0007672243356354001,0.0029344529041494998
Gemma-3-12B-IT,EBM-NLP,10578479,P2,P3,P2->P3,-0.0051535016114491,-0.0141333728366427,-0.0155836444430881,-0.00912928686268,0.003975785251230901,0.0014502716064454003,0.0027130284288381505
Gemma-3-12B-IT,EBM-NLP,10578479,P3,P4,P3->P4,-0.0141333728366427,-0.023541630178258,-0.1746214161748471,-0.0562111748589409,0.0420778020222982,0.1510797859965891,0.09657879400944366
Gemma-3-12B-IT,EBM-NLP,10578479,P4,P5,P4->P5,-0.023541630178258,-0.0180656304782319,-0.0605417012439226,-0.0735676032909448,0.050025973112686806,0.042476070765690696,0.04625102193918875
Gemma-3-12B-IT,EBM-NLP,10578479,P5,P6,P5->P6,-0.0180656304782319,-0.0273758862469647,-0.0381735621271906,-0.0266744193680789,0.008608788889846997,0.010797675880225899,0.009703232385036448
Gemma-3-12B-IT,EBM-NLP,7831628,P1,P2,P1->P2,-0.0186413115813952,-0.0231522762257119,-0.0836764833201532,-0.0420959256276363,0.023454614046241103,0.060524207094441305,0.0419894105703412
Gemma-3-12B-IT,EBM-NLP,7831628,P2,P3,P2->P3,-0.0231522762257119,-0.0037597203426223,-0.015665997704156,-0.0560506737750509,0.032898397549339,0.011906277361533699,0.02240233745543635
Gemma-3-12B-IT,EBM-NLP,7831628,P3,P4,P3->P4,-0.0037597203426223,-0.0505151981260718,-0.5574385014975943,-0.1200523376464843,0.116292617303862,0.5069233033715226,0.3116079603376923
Gemma-3-12B-IT,EBM-NLP,7831628,P4,P5,P4->P5,-0.0505151981260718,-0.0850164645186094,-0.1409629304832387,-0.0465676551911889,0.0039475429348829055,0.05594646596462931,0.029947004449756107
Gemma-3-12B-IT,EBM-NLP,7831628,P5,P6,P5->P6,-0.0850164645186094,-0.0475412852143588,-0.0377859416073315,-0.0874342428189571,0.0024177783003477005,0.009755343607027296,0.006086560953687498
Gemma-3-12B-IT,EBM-NLP,18958161,P1,P2,P1->P2,-0.0251083032408757,-0.0239761404490192,-0.0220650810212012,-0.0583027056793668,0.0331944024384911,0.0019110594278179995,0.01755273093315455
Gemma-3-12B-IT,EBM-NLP,18958161,P2,P3,P2->P3,-0.0239761404490192,-0.0171236844189399,-0.0497811832259186,-0.0486593283567911,0.024683187907771898,0.0326574988069787,0.028670343357375297
Gemma-3-12B-IT,EBM-NLP,18958161,P3,P4,P3->P4,-0.0171236844189399,-0.0529203638934449,-0.3624320830274748,-0.1447444848254718,0.1276208004065319,0.3095117191340299,0.2185662597702809
Gemma-3-12B-IT,EBM-NLP,18958161,P4,P5,P4->P5,-0.0529203638934449,-0.0638654904487805,-0.0826448375343257,-0.1339895005194132,0.08106913662596829,0.018779347085545198,0.049924241855756744
Gemma-3-12B-IT,EBM-NLP,18958161,P5,P6,P5->P6,-0.0638654904487805,-0.0557199726934018,-0.1583853680154551,-0.0993353851840027,0.035469894735222204,0.10266539532205331,0.06906764502863776
Gemma-3-12B-IT,EBM-NLP,6418441,P1,P2,P1->P2,-0.0040158949792385,-0.0050588971837063,-0.0097416178683207,-0.0093887418508529,0.005372846871614399,0.0046827206846143995,0.005027783778114399
Gemma-3-12B-IT,EBM-NLP,6418441,P2,P3,P2->P3,-0.0050588971837063,-0.0066285202900568,-0.0093887418508529,-0.0174742325686738,0.012415335384967498,0.002760221560796099,0.007587778472881799
Gemma-3-12B-IT,EBM-NLP,6418441,P3,P4,P3->P4,-0.0066285202900568,-0.0487259298890501,-0.4087861868051382,-0.0913731336593628,0.084744613369306,0.36006025691608806,0.22240243514269703
Gemma-3-12B-IT,EBM-NLP,6418441,P4,P5,P4->P5,-0.0487259298890501,-0.0141809126910041,-0.063831655736913,-0.072405898964012,0.023679969074961907,0.049650743045908906,0.0366653560604354
Gemma-3-12B-IT,EBM-NLP,6418441,P5,P6,P5->P6,-0.0141809126910041,-0.0248714847998185,-0.0660503560846502,-0.0336751733871704,0.019494260696166305,0.04117887128483169,0.030336565990498998
Gemma-3-12B-IT,EBM-NLP,10390665,P1,P2,P1->P2,-0.0146801391344391,-0.0041898737351099,-0.0446296192350841,-0.030701080065095,0.0160209409306559,0.0404397454999742,0.02823034321531505
Gemma-3-12B-IT,EBM-NLP,10390665,P2,P3,P2->P3,-0.0041898737351099,-0.0106931108803976,-0.0170907832327343,-0.0181211559545426,0.013931282219432701,0.006397672352336698,0.0101644772858847
Gemma-3-12B-IT,EBM-NLP,10390665,P3,P4,P3->P4,-0.0106931108803976,-0.0150168457546749,-0.4547185124577703,-0.1881967272077288,0.1775036163273312,0.4397016667030954,0.3086026415152133
Gemma-3-12B-IT,EBM-NLP,10390665,P4,P5,P4->P5,-0.0150168457546749,-0.0347503591174921,-0.1472369107333096,-0.1065467112773173,0.09152986552264239,0.1124865516158175,0.10200820856922994
Gemma-3-12B-IT,EBM-NLP,10390665,P5,P6,P5->P6,-0.0347503591174921,-0.0073535605972888,-0.0249370001499948,-0.0674754686592039,0.032725109541711796,0.017583439552706,0.025154274547208897
Gemma-3-12B-IT,EBM-NLP,7853069,P1,P2,P1->P2,-0.0117358697785271,-0.009924059621858,-0.029628430154214,-0.0485741297403971,0.03683825996187,0.019704370532356,0.028271315247113
Gemma-3-12B-IT,EBM-NLP,7853069,P2,P3,P2->P3,-0.009924059621858,-0.0074786474867461,-0.0190641363579724,-0.0187933908334469,0.008869331211588899,0.0115854888712263,0.010227410041407599
Gemma-3-12B-IT,EBM-NLP,7853069,P3,P4,P3->P4,-0.0074786474867461,-0.0530707797696513,-0.4804198357366746,-0.0562168370368572,0.048738189550111104,0.42734905596702333,0.23804362275856722
Gemma-3-12B-IT,EBM-NLP,7853069,P4,P5,P4->P5,-0.0530707797696513,-0.0186316079106824,-0.0439323491063611,-0.1167140776111233,0.063643297841472,0.025300741195678704,0.04447201951857535
Gemma-3-12B-IT,EBM-NLP,7853069,P5,P6,P5->P6,-0.0186316079106824,-0.0247250631183921,-0.0208180578882822,-0.0340698801237961,0.015438272213113703,0.0039070052301099015,0.009672638721611802
Gemma-3-12B-IT,SciERC,E91-1012,P1,P2,P1->P2,-0.019252792098419,-0.0176218219715551,-0.0370810881002138,-0.0407689095793357,0.021516117480916704,0.0194592661286587,0.020487691804787704
Gemma-3-12B-IT,SciERC,E91-1012,P2,P3,P2->P3,-0.0176218219715551,-0.0192358235843846,-0.0214228301751809,-0.0314005529899063,0.013778731018351201,0.0021870065907963025,0.007982868804573752
Gemma-3-12B-IT,SciERC,E91-1012,P3,P4,P3->P4,-0.0192358235843846,-0.0208893454218485,-0.3892850301351891,-0.1199737298684042,0.1007379062840196,0.3683956847133406,0.2345667954986801
Gemma-3-12B-IT,SciERC,E91-1012,P4,P5,P4->P5,-0.0208893454218485,-0.0255958689430545,-0.0940111854861926,-0.075761088405747,0.05487174298389849,0.0684153165431381,0.06164352976351829
Gemma-3-12B-IT,SciERC,E91-1012,P5,P6,P5->P6,-0.0255958689430545,-0.0172302928971655,-0.016383433047636,-0.0242308936367145,0.0013649753063399994,0.0008468598495295007,0.00110591757793475
Gemma-3-12B-IT,EBM-NLP,12139812,P1,P2,P1->P2,-0.0202955575374507,-0.014182334360869,-0.0356289545694986,-0.0345619169782463,0.0142663594407956,0.0214466202086296,0.0178564898247126
Gemma-3-12B-IT,EBM-NLP,12139812,P2,P3,P2->P3,-0.014182334360869,-0.0184792000570414,-0.0182667867636974,-0.0145817891411159,0.00039945478024690055,0.00021241329334399997,0.00030593403679545026
Gemma-3-12B-IT,EBM-NLP,12139812,P3,P4,P3->P4,-0.0184792000570414,-0.0525586291997119,-0.3616934496947009,-0.0831657809975706,0.0646865809405292,0.309134820494989,0.18691070071775912
Gemma-3-12B-IT,EBM-NLP,12139812,P4,P5,P4->P5,-0.0525586291997119,-0.0374604671720474,-0.1070368857610793,-0.0997039525195805,0.0471453233198686,0.0695764185890319,0.05836087095445025
Gemma-3-12B-IT,EBM-NLP,12139812,P5,P6,P5->P6,-0.0374604671720474,-0.0430834411394478,-0.0779577670711101,-0.0373062519800095,0.00015421519203789869,0.0348743259316623,0.0175142705618501
Gemma-3-12B-IT,SciERC,CVPR_2010_30_abs,P1,P2,P1->P2,-0.0082860652833943,-0.0086332559585571,-0.0133875583608945,-0.0098891382740309,0.001603072990636601,0.004754302402337401,0.0031786876964870012
Gemma-3-12B-IT,SciERC,CVPR_2010_30_abs,P2,P3,P2->P3,-0.0086332559585571,-0.0101925445099671,-0.0141451979676882,-0.0107606450716654,0.002127389113108301,0.003952653457721101,0.003040021285414701
Gemma-3-12B-IT,SciERC,CVPR_2010_30_abs,P3,P4,P3->P4,-0.0101925445099671,-0.0219366127543706,-0.3460408973203526,-0.1130662163098653,0.1028736717998982,0.324104284565982,0.2134889781829401
Gemma-3-12B-IT,SciERC,CVPR_2010_30_abs,P4,P5,P4->P5,-0.0219366127543706,-0.0262954523608942,-0.0611991882324218,-0.0722806533381994,0.0503440405838288,0.0349037358715276,0.042623888227678194
Gemma-3-12B-IT,SciERC,CVPR_2010_30_abs,P5,P6,P5->P6,-0.0262954523608942,-0.0260858677261307,-0.0296823829854631,-0.0297088623046875,0.0034134099437932997,0.003596515259332401,0.0035049626015628502
Gemma-3-12B-IT,SciERC,J86-4002,P1,P2,P1->P2,-0.0140535508592923,-0.0108968016452158,-0.0300795382822439,-0.0318087438742319,0.0177551930149396,0.019182736637028103,0.01846896482598385
Gemma-3-12B-IT,SciERC,J86-4002,P2,P3,P2->P3,-0.0108968016452158,-0.0216108361879984,-0.0264634067813555,-0.0144026819379578,0.003505880292742,0.0048525705933571,0.00417922544304955
Gemma-3-12B-IT,SciERC,J86-4002,P3,P4,P3->P4,-0.0216108361879984,-0.0249399580966031,-0.258148445988333,-0.0674386918544769,0.0458278556664785,0.23320848789172988,0.1395181717791042
Gemma-3-12B-IT,SciERC,J86-4002,P4,P5,P4->P5,-0.0249399580966031,-0.0097184559084334,-0.0298986003084002,-0.050908920254402,0.025968962157798904,0.0201801443999668,0.023074553278882852
Gemma-3-12B-IT,SciERC,J86-4002,P5,P6,P5->P6,-0.0097184559084334,-0.015838471325961,-0.0145267952572215,-0.0115477633926103,0.0018293074841768987,0.0013116760687395014,0.0015704917764582
Gemma-3-12B-IT,EBM-NLP,22646975,P1,P2,P1->P2,-0.0027522910099763,-0.0136443087929173,-0.0238854776348984,-0.0204794040093055,0.0177271129993292,0.0102411688419811,0.013984140920655148
Gemma-3-12B-IT,EBM-NLP,22646975,P2,P3,P2->P3,-0.0136443087929173,-0.0096147210974442,-0.0136443087929173,-0.0096147210974442,0.0040295876954731,0.0040295876954731,0.0040295876954731
Gemma-3-12B-IT,EBM-NLP,22646975,P3,P4,P3->P4,-0.0096147210974442,-0.022550885039981,-0.2272630446028001,-0.0791457929109272,0.069531071813483,0.2047121595628191,0.13712161568815107
Gemma-3-12B-IT,EBM-NLP,22646975,P4,P5,P4->P5,-0.022550885039981,-0.0205211592655555,-0.0461004855586033,-0.0911354216018525,0.06858453656187151,0.0255793262930478,0.04708193142745966
Gemma-3-12B-IT,EBM-NLP,22646975,P5,P6,P5->P6,-0.0205211592655555,-0.0200510454403845,-0.0254920353821668,-0.021741275693856,0.001220116428300503,0.005440989941782302,0.0033305531850414023
Gemma-3-12B-IT,SciERC,CVPR_2011_11_abs,P1,P2,P1->P2,-0.011998027563095,-0.0176618727627179,-0.0256845840555153,-0.0201175212860107,0.0081194937229157,0.0080227112927974,0.008071102507856549
Gemma-3-12B-IT,SciERC,CVPR_2011_11_abs,P2,P3,P2->P3,-0.0176618727627179,-0.0071755261488363,-0.0120691690646426,-0.0248856247655603,0.0072237520028424,0.0048936429158063,0.006058697459324349
Gemma-3-12B-IT,SciERC,CVPR_2011_11_abs,P3,P4,P3->P4,-0.0071755261488363,-0.0148160283764203,-0.2929051915804545,-0.0654395801920286,0.0582640540431923,0.2780891632040342,0.16817660862361325
Gemma-3-12B-IT,SciERC,CVPR_2011_11_abs,P4,P5,P4->P5,-0.0148160283764203,-0.0139505833461694,-0.112619062314307,-0.0636573433876037,0.048841315011183405,0.0986684789681376,0.0737548969896605
Gemma-3-12B-IT,SciERC,CVPR_2011_11_abs,P5,P6,P5->P6,-0.0139505833461694,-0.0220627549253864,-0.0233020488126778,-0.0154994550785816,0.0015488717324122006,0.001239293887291399,0.0013940828098517998
Gemma-3-12B-IT,SciERC,ICML_2016_18_abs,P1,P2,P1->P2,-0.0047271584811275,-0.008958184470733,-0.0235370794932047,-0.0099248762000096,0.0051977177188821,0.014578895022471701,0.0098883063706769
Gemma-3-12B-IT,SciERC,ICML_2016_18_abs,P2,P3,P2->P3,-0.008958184470733,-0.0111298534968127,-0.0099248762000096,-0.022329365213712,0.013371180742979,0.0012049772968031006,0.00728807901989105
Gemma-3-12B-IT,SciERC,ICML_2016_18_abs,P3,P4,P3->P4,-0.0111298534968127,-0.0462427377700805,-0.2715969085693359,-0.070727147141548,0.0595972936447353,0.22535417079925538,0.14247573222199533
Gemma-3-12B-IT,SciERC,ICML_2016_18_abs,P4,P5,P4->P5,-0.0462427377700805,-0.0263130839811552,-0.0710627967064533,-0.0541938018798828,0.0079510641098023,0.044749712725298096,0.026350388417550198
Gemma-3-12B-IT,SciERC,ICML_2016_18_abs,P5,P6,P5->P6,-0.0263130839811552,-0.022014232950473,-0.0332160564737582,-0.0344551156420226,0.008142031660867403,0.0112018235232852,0.009671927592076301
Gemma-3-12B-IT,EBM-NLP,16167234,P1,P2,P1->P2,-0.0056052114571354,-0.0100507888793945,-0.0257052459716796,-0.0183083357449922,0.012703124287856797,0.0156544570922851,0.014178790690070948
Gemma-3-12B-IT,EBM-NLP,16167234,P2,P3,P2->P3,-0.0100507888793945,-0.0056961279649,-0.0064959526062011,-0.0175026880900065,0.0074518992106120015,0.0007998246413011001,0.004125861925956551
Gemma-3-12B-IT,EBM-NLP,16167234,P3,P4,P3->P4,-0.0056961279649,-0.0288211089977319,-0.2226156981095023,-0.0755438829079652,0.0698477549430652,0.1937945891117704,0.13182117202741778
Gemma-3-12B-IT,EBM-NLP,16167234,P4,P5,P4->P5,-0.0288211089977319,-0.0267432423457046,-0.0699989576281214,-0.1125949362049932,0.0837738272072613,0.0432557152824168,0.06351477124483905
Gemma-3-12B-IT,EBM-NLP,16167234,P5,P6,P5->P6,-0.0267432423457046,-0.0094269688840936,-0.0243406395637552,-0.0402208837263423,0.013477641380637697,0.0149136706796616,0.014195656030149648
Gemma-3-12B-IT,EBM-NLP,22435114,P1,P2,P1->P2,-0.0794923947622402,-0.0170135046181238,-0.012949775876547,-0.0927942351937573,0.013301840431517109,0.004063728741576801,0.008682784586546956
Gemma-3-12B-IT,EBM-NLP,22435114,P2,P3,P2->P3,-0.0170135046181238,-0.0302023335507041,-0.0273676269932797,-0.0493978752459671,0.0323843706278433,0.002834706557424401,0.017609538592633853
Gemma-3-12B-IT,EBM-NLP,22435114,P3,P4,P3->P4,-0.0302023335507041,-0.0305407316788383,-0.2474377341892408,-0.0771354742217482,0.046933140671044093,0.2168970025104025,0.1319150715907233
Gemma-3-12B-IT,EBM-NLP,22435114,P4,P5,P4->P5,-0.0305407316788383,-0.0482229789098103,-0.0876230716705322,-0.0448698085287342,0.0143290768498959,0.03940009276072189,0.026864584805308896
Gemma-3-12B-IT,EBM-NLP,22435114,P5,P6,P5->P6,-0.0482229789098103,-0.0446107805820933,-0.0704669617770011,-0.0441399892171223,0.004082989692688006,0.025856181194907797,0.014969585443797902
Gemma-3-12B-IT,SciERC,ICML_2006_119_abs,P1,P2,P1->P2,-0.0145679886142412,-0.009791783367594,-0.016716035703818,-0.0195897246400515,0.005021736025810301,0.0069242523362240006,0.005972994181017151
Gemma-3-12B-IT,SciERC,ICML_2006_119_abs,P2,P3,P2->P3,-0.009791783367594,-0.0152617283165454,-0.0262027929226557,-0.0095823761075735,0.00020940726002049992,0.010941064606110301,0.0055752359330654006
Gemma-3-12B-IT,SciERC,ICML_2006_119_abs,P3,P4,P3->P4,-0.0152617283165454,-0.0303974921393287,-0.3354971162941423,-0.0715287526448567,0.056267024328311294,0.3050996241548136,0.18068332424156247
Gemma-3-12B-IT,SciERC,ICML_2006_119_abs,P4,P5,P4->P5,-0.0303974921393287,-0.0109771612852607,-0.0649497339872801,-0.1256150557855854,0.0952175636462567,0.0539725727020194,0.07459506817413805
Gemma-3-12B-IT,SciERC,ICML_2006_119_abs,P5,P6,P5->P6,-0.0109771612852607,-0.0117924622594628,-0.0110192113391867,-0.0143736985509946,0.0033965372657339,0.0007732509202760997,0.002084894093005
Gemma-3-12B-IT,EBM-NLP,18783504,P1,P2,P1->P2,-0.0292547957286209,-0.0152981009113189,-0.021745614265198,-0.0451972939375508,0.0159424982089299,0.006447513353879098,0.0111950057814045
Gemma-3-12B-IT,EBM-NLP,18783504,P2,P3,P2->P3,-0.0152981009113189,-0.0182788579150883,-0.0220797297930476,-0.0241543190664352,0.0088562181551163,0.0038008718779593,0.0063285450165378
Gemma-3-12B-IT,EBM-NLP,18783504,P3,P4,P3->P4,-0.0182788579150883,-0.0576328358999112,-0.534300083067359,-0.1106152158794981,0.09233635796440981,0.4766672471674478,0.28450180256592883
Gemma-3-12B-IT,EBM-NLP,18783504,P4,P5,P4->P5,-0.0576328358999112,-0.0080478578000455,-0.0546233976209485,-0.144417041685523,0.0867842057856118,0.046575539820903,0.0666798728032574
Gemma-3-12B-IT,EBM-NLP,18783504,P5,P6,P5->P6,-0.0080478578000455,-0.0102975473210618,-0.0080478578000455,-0.0102975473210618,0.0022496895210162987,0.0022496895210162987,0.0022496895210162987
Gemma-3-12B-IT,EBM-NLP,1286547,P1,P2,P1->P2,-0.0206814622267698,-0.0158855725848485,-0.0077548556857638,-0.04544892677894,0.024767464552170205,0.0081307168990847,0.016449090725627454
Gemma-3-12B-IT,EBM-NLP,1286547,P2,P3,P2->P3,-0.0158855725848485,-0.0084517961107818,-0.0203289652669895,-0.0189387715052044,0.003053198920355899,0.011877169156207701,0.0074651840382818
Gemma-3-12B-IT,EBM-NLP,1286547,P3,P4,P3->P4,-0.0084517961107818,-0.0718988330158966,-0.482202593064466,-0.0950888841511816,0.0866370880403998,0.4103037600485694,0.2484704240444846
Gemma-3-12B-IT,EBM-NLP,1286547,P4,P5,P4->P5,-0.0718988330158966,-0.0366525650024414,-0.1310223273511203,-0.0950972639172282,0.0231984309013316,0.09436976234867889,0.05878409662500524
Gemma-3-12B-IT,EBM-NLP,1286547,P5,P6,P5->P6,-0.0366525650024414,-0.0427691014607747,-0.0411952209472656,-0.0527276333023167,0.016075068299875303,0.001573880513509103,0.008824474406692203
Gemma-3-12B-IT,EBM-NLP,24451919,P1,P2,P1->P2,-0.0037293223773731,-0.0111599702101487,-0.0262153177608845,-0.0164054982802447,0.0126761759028716,0.0150553475507358,0.0138657617268037
Gemma-3-12B-IT,EBM-NLP,24451919,P2,P3,P2->P3,-0.0111599702101487,-0.0036964833251829,-0.01130974195837,-0.0209372246313674,0.0097772544212187,0.0076132586331870995,0.0086952565272029
Gemma-3-12B-IT,EBM-NLP,24451919,P3,P4,P3->P4,-0.0036964833251829,-0.0648178356449778,-0.6401423012338033,-0.1470576185521071,0.1433611352269242,0.5753244655888256,0.35934280040787486
Gemma-3-12B-IT,EBM-NLP,24451919,P4,P5,P4->P5,-0.0648178356449778,-0.0327693291430203,-0.1741411820897516,-0.1055156661242973,0.040697830479319505,0.1413718529467313,0.0910348417130254
Gemma-3-12B-IT,EBM-NLP,24451919,P5,P6,P5->P6,-0.0327693291430203,-0.036125531689874,-0.0235806925543423,-0.0520524678740111,0.0192831387309908,0.012544839135531699,0.01591398893326125
Gemma-3-12B-IT,SciERC,E93-1066,P1,P2,P1->P2,-0.0069589571349779,-0.0086125483115514,-0.0080160697301228,-0.0124862476930779,0.005527290558099999,0.0005964785814286007,0.0030618845697643
Gemma-3-12B-IT,SciERC,E93-1066,P2,P3,P2->P3,-0.0086125483115514,-0.0146018330401205,-0.0190662759534694,-0.0142346210777759,0.005622072766224499,0.004464442913348901,0.0050432578397867
Gemma-3-12B-IT,SciERC,E93-1066,P3,P4,P3->P4,-0.0146018330401205,-0.021610473593076,-0.3540896972020467,-0.0924383409641867,0.0778365079240662,0.3324792236089707,0.20515786576651845
Gemma-3-12B-IT,SciERC,E93-1066,P4,P5,P4->P5,-0.021610473593076,-0.0282639991492033,-0.1266752779483795,-0.065842459599177,0.04423198600610101,0.09841127879917619,0.0713216324026386
Gemma-3-12B-IT,SciERC,E93-1066,P5,P6,P5->P6,-0.0282639991492033,-0.0290605586062195,-0.0321100501603977,-0.0308015309274196,0.0025375317782162995,0.0030494915541782047,0.002793511666197252
Gemma-3-12B-IT,SciERC,C94-1091,P1,P2,P1->P2,-0.0134181541134512,-0.0130497471514564,-0.0172180956437729,-0.0194871633895217,0.006069009276070502,0.004168348492316499,0.0051186788841935
Gemma-3-12B-IT,SciERC,C94-1091,P2,P3,P2->P3,-0.0130497471514564,-0.01741930598944,-0.0221059960378727,-0.015947397284653,0.002897650133196601,0.004686690048432699,0.00379217009081465
Gemma-3-12B-IT,SciERC,C94-1091,P3,P4,P3->P4,-0.01741930598944,-0.0213340161248793,-0.3354944514548693,-0.0981926286724251,0.08077332268298511,0.31416043532999,0.19746687900648754
Gemma-3-12B-IT,SciERC,C94-1091,P4,P5,P4->P5,-0.0213340161248793,-0.0144143416839522,-0.1642865389960839,-0.1496811366137869,0.12834712048890762,0.1498721973121317,0.13910965890051966
Gemma-3-12B-IT,SciERC,C94-1091,P5,P6,P5->P6,-0.0144143416839522,-0.0251781772922825,-0.0247779639991554,-0.0173491999244209,0.0029348582404687008,0.00040021329312709894,0.0016675357667978999
Gemma-3-12B-IT,SciERC,P05-1056,P1,P2,P1->P2,-0.0114025721947352,-0.0095752924680709,-0.0087706111371517,-0.0163649742801984,0.0049624020854632,0.0008046813309191998,0.0028835417081912
Gemma-3-12B-IT,SciERC,P05-1056,P2,P3,P2->P3,-0.0095752924680709,-0.0048620487036912,-0.0062946482844974,-0.0201148043076197,0.0105395118395488,0.0014325995808062006,0.005986055710177501
Gemma-3-12B-IT,SciERC,P05-1056,P3,P4,P3->P4,-0.0048620487036912,-0.0126480552429649,-0.2763246166032421,-0.0892356167668881,0.0843735680631969,0.2636765613602772,0.17402506471173704
Gemma-3-12B-IT,SciERC,P05-1056,P4,P5,P4->P5,-0.0126480552429649,-0.0186932074842114,-0.0650672041220108,-0.0443022163259895,0.0316541610830246,0.0463739966377994,0.039014078860412
Gemma-3-12B-IT,SciERC,P05-1056,P5,P6,P5->P6,-0.0186932074842114,-0.0133389010848455,-0.0219560994671529,-0.0274259233232682,0.008732715839056798,0.008617198382307399,0.0086749571106821
Gemma-3-12B-IT,EBM-NLP,20560622,P1,P2,P1->P2,-0.01220334060793,-0.0130361073052705,-0.0112368377286996,-0.0234687153886004,0.0112653747806704,0.0017992695765708996,0.00653232217862065
Gemma-3-12B-IT,EBM-NLP,20560622,P2,P3,P2->P3,-0.0130361073052705,-0.0149137390696484,-0.0348149434379909,-0.0206549658704159,0.0076188585651454,0.0199012043683425,0.013760031466743951
Gemma-3-12B-IT,EBM-NLP,20560622,P3,P4,P3->P4,-0.0149137390696484,-0.0233269875699823,-0.3722681999206543,-0.1068265334419582,0.09191279437230979,0.348941212350672,0.2204270033614909
Gemma-3-12B-IT,EBM-NLP,20560622,P4,P5,P4->P5,-0.0233269875699823,-0.060518739084718,-0.0889572062820353,-0.0912375233390114,0.0679105357690291,0.028438467197317296,0.0481745014831732
Gemma-3-12B-IT,EBM-NLP,20560622,P5,P6,P5->P6,-0.060518739084718,-0.0501015947751349,-0.0622451342837348,-0.0831910945751048,0.022672355490386806,0.0121435395085999,0.017407947499493353
Gemma-3-12B-IT,EBM-NLP,1669598,P1,P2,P1->P2,-0.0414422988891601,-0.012882616524193,-0.025902568974094,-0.0402978897094726,0.0011444091796875,0.013019952449901001,0.007082180814794251
Gemma-3-12B-IT,EBM-NLP,1669598,P2,P3,P2->P3,-0.012882616524193,-0.0114272016160031,-0.0344908247602746,-0.0194555429311899,0.0065729264069968995,0.023063623144271496,0.014818274775634199
Gemma-3-12B-IT,EBM-NLP,1669598,P3,P4,P3->P4,-0.0114272016160031,-0.0406977624604196,-0.2757459368024553,-0.0835591580005402,0.0721319563845371,0.2350481743420357,0.1535900653632864
Gemma-3-12B-IT,EBM-NLP,1669598,P4,P5,P4->P5,-0.0406977624604196,-0.0620496029756507,-0.1231990347103196,-0.0973887670607794,0.0566910046003598,0.06114943173466889,0.058920218167514346
Gemma-3-12B-IT,EBM-NLP,1669598,P5,P6,P5->P6,-0.0620496029756507,-0.0444384996707622,-0.0681085265599764,-0.0933451360585738,0.03129553308292309,0.0236700268892142,0.027482779986068646
Gemma-3-12B-IT,SciERC,ICASSP_1997_706_abs,P1,P2,P1->P2,-0.008581675015963,-0.0192400192221005,-0.0258345007896423,-0.0152008051667095,0.0066191301507464995,0.006594481567541801,0.00660680585914415
Gemma-3-12B-IT,SciERC,ICASSP_1997_706_abs,P2,P3,P2->P3,-0.0192400192221005,-0.0174675956368446,-0.030337835351626,-0.0342982113361358,0.015058192114035304,0.0128702397147814,0.013964215914408351
Gemma-3-12B-IT,SciERC,ICASSP_1997_706_abs,P3,P4,P3->P4,-0.0174675956368446,-0.0270727071512906,-0.3457604632524866,-0.1511700352032979,0.13370243956645328,0.318687756101196,0.22619509783382463
Gemma-3-12B-IT,SciERC,ICASSP_1997_706_abs,P4,P5,P4->P5,-0.0270727071512906,-0.0206586649628723,-0.0851926868464671,-0.0967248386555216,0.069652131504231,0.06453402188359479,0.0670930766939129
Gemma-3-12B-IT,SciERC,ICASSP_1997_706_abs,P5,P6,P5->P6,-0.0206586649628723,-0.0276470392552005,-0.0479313046651115,-0.0279626813875574,0.0073040164246851,0.020284265409911,0.01379414091729805
Gemma-3-12B-IT,EBM-NLP,17321989,P1,P2,P1->P2,-0.0065694291886992,-0.0147261044750474,-0.0153222489030393,-0.015403403414002,0.0088339742253028,0.0005961444279919004,0.00471505932664735
Gemma-3-12B-IT,EBM-NLP,17321989,P2,P3,P2->P3,-0.0147261044750474,-0.0115350127434174,-0.0135334715166896,-0.0524065670901781,0.0376804626151307,0.0019984587732721996,0.01983946069420145
Gemma-3-12B-IT,EBM-NLP,17321989,P3,P4,P3->P4,-0.0115350127434174,-0.029088020324707,-0.3558209036278912,-0.0622257664130876,0.0506907536696702,0.32673288330318423,0.1887118184864272
Gemma-3-12B-IT,EBM-NLP,17321989,P4,P5,P4->P5,-0.029088020324707,-0.0350461572703748,-0.1525116061220074,-0.0798094666848971,0.0507214463601901,0.1174654488516326,0.08409344760591135
Gemma-3-12B-IT,EBM-NLP,17321989,P5,P6,P5->P6,-0.0350461572703748,-0.05356989773837,-0.0918682560776219,-0.0668857876617129,0.031839630391338095,0.0382983583392519,0.035068994365294995
Gemma-3-12B-IT,EBM-NLP,21106663,P1,P2,P1->P2,-0.0093062785188508,-0.0094713792204856,-0.0297194917996724,-0.031949181067173,0.022642902548322203,0.020248112579186798,0.0214455075637545
Gemma-3-12B-IT,EBM-NLP,21106663,P2,P3,P2->P3,-0.0094713792204856,-0.0136263603387877,-0.0140530320101006,-0.0233566785852114,0.013885299364725798,0.00042667167131289936,0.007155985518019349
Gemma-3-12B-IT,EBM-NLP,21106663,P3,P4,P3->P4,-0.0136263603387877,-0.0521918620382036,-0.8986855234418597,-0.1782791847406431,0.1646528244018554,0.8464936614036561,0.5055732429027557
Gemma-3-12B-IT,EBM-NLP,21106663,P4,P5,P4->P5,-0.0521918620382036,-0.0177455452772287,-0.0766352277535658,-0.1073188611439296,0.05512699910572601,0.058889682476337094,0.05700834079103155
Gemma-3-12B-IT,EBM-NLP,21106663,P5,P6,P5->P6,-0.0177455452772287,-0.0248767389700962,-0.0177455452772287,-0.0248767389700962,0.0071311936928675,0.0071311936928675,0.0071311936928675
Gemma-3-12B-IT,EBM-NLP,9695300,P1,P2,P1->P2,-0.0076187523502732,-0.0110355650033224,-0.0169778696195347,-0.0100801539093197,0.002461401559046501,0.005942304616212301,0.0042018530876294004
Gemma-3-12B-IT,EBM-NLP,9695300,P2,P3,P2->P3,-0.0110355650033224,-0.0069713930896275,-0.0108653447513497,-0.0197498867205121,0.008714321717189699,0.0038939516617222,0.006304136689455949
Gemma-3-12B-IT,EBM-NLP,9695300,P3,P4,P3->P4,-0.0069713930896275,-0.0530125816147048,-1.2665652981052151,-0.0523401035492076,0.0453687104595801,1.2135527164905102,0.6294607134750452
Gemma-3-12B-IT,EBM-NLP,9695300,P4,P5,P4->P5,-0.0530125816147048,-0.0178305895432181,-0.1697088531825853,-0.2156297262612875,0.16261714464658272,0.1518782636393672,0.15724770414297495
Gemma-3-12B-IT,EBM-NLP,9695300,P5,P6,P5->P6,-0.0178305895432181,-0.0286203287960438,-0.0286329676595966,-0.0532549567844556,0.0354243672412375,1.2638863552797558e-05,0.017718503052395147
Gemma-3-12B-IT,SciERC,CVPR_2009_10_abs,P1,P2,P1->P2,-0.0108527739842732,-0.0124734992931221,-0.0094116352683095,-0.0188829178611437,0.0080301438768705,0.003061864024812601,0.00554600395084155
Gemma-3-12B-IT,SciERC,CVPR_2009_10_abs,P2,P3,P2->P3,-0.0124734992931221,-0.0084009102235237,-0.0156856775283813,-0.0150965177095853,0.0026230184164632003,0.0072847673048575985,0.004953892860660399
Gemma-3-12B-IT,SciERC,CVPR_2009_10_abs,P3,P4,P3->P4,-0.0084009102235237,-0.0244855584258242,-0.2633277748121087,-0.079084575176239,0.0706836649527153,0.23884221638628447,0.1547629406694999
Gemma-3-12B-IT,SciERC,CVPR_2009_10_abs,P4,P5,P4->P5,-0.0244855584258242,-0.0212847063506858,-0.098789298016092,-0.1166299348874001,0.0921443764615759,0.0775045916654062,0.08482448406349105
Gemma-3-12B-IT,SciERC,CVPR_2009_10_abs,P5,P6,P5->P6,-0.0212847063506858,-0.0225445418522275,-0.0229867639212772,-0.019128049629322,0.002156656721363802,0.00044222206904969905,0.0012994393952067505
Gemma-3-12B-IT,EBM-NLP,9730996,P1,P2,P1->P2,-0.0030426727607846,-0.011915907811959,-0.0168091285986246,-0.0142760773499806,0.011233404589196,0.004893220786665601,0.0080633126879308
Gemma-3-12B-IT,EBM-NLP,9730996,P2,P3,P2->P3,-0.011915907811959,-0.0158456606165353,-0.0220915680188955,-0.0173514886045934,0.0054355807926344014,0.006245907402360199,0.0058407440974973
Gemma-3-12B-IT,EBM-NLP,9730996,P3,P4,P3->P4,-0.0158456606165353,-0.0201289894044861,-0.2188766242921814,-0.0974344700625131,0.0815888094459778,0.1987476348876953,0.14016822216683655
Gemma-3-12B-IT,EBM-NLP,9730996,P4,P5,P4->P5,-0.0201289894044861,-0.0362807446577417,-0.0554865138737235,-0.0616422327913979,0.0415132433869118,0.0192057692159818,0.0303595063014468
Gemma-3-12B-IT,EBM-NLP,9730996,P5,P6,P5->P6,-0.0362807446577417,-0.0145118515212814,-0.0433804565693908,-0.0911776024525559,0.05489685779481421,0.028868605048109404,0.0418827314214618
Gemma-3-12B-IT,EBM-NLP,22420121,P1,P2,P1->P2,-0.0153509122020793,-0.0154936906521913,-0.0205643769925233,-0.0194285662669055,0.004077654064826198,0.005070686340331998,0.004574170202579098
Gemma-3-12B-IT,EBM-NLP,22420121,P2,P3,P2->P3,-0.0154936906521913,-0.0191323945263047,-0.0275861195155552,-0.021868728456043,0.006375037803851699,0.008453724989250497,0.007414381396551098
Gemma-3-12B-IT,EBM-NLP,22420121,P3,P4,P3->P4,-0.0191323945263047,-0.0370598078521441,-0.3080999200994318,-0.0558386357354202,0.0367062412091155,0.27104011224728775,0.1538731767282016
Gemma-3-12B-IT,EBM-NLP,22420121,P4,P5,P4->P5,-0.0370598078521441,-0.0333079669786536,-0.1725500977557638,-0.0737846816968768,0.0367248738447327,0.1392421307771102,0.08798350231092145
Gemma-3-12B-IT,EBM-NLP,22420121,P5,P6,P5->P6,-0.0333079669786536,-0.0345934721139761,-0.0808758211659861,-0.0350375486456829,0.0017295816670293007,0.04628234905201,0.02400596535951965
Gemma-3-12B-IT,EBM-NLP,11829043,P1,P2,P1->P2,-0.0029678599218304,-0.0105155210661011,-0.0210401841242954,-0.0102982788943172,0.007330418972486799,0.0105246630581943,0.008927541015340549
Gemma-3-12B-IT,EBM-NLP,11829043,P2,P3,P2->P3,-0.0105155210661011,-0.0133298066829917,-0.0230509037072231,-0.017677838382684,0.0071623173165829,0.009721097024231401,0.00844170717040715
Gemma-3-12B-IT,EBM-NLP,11829043,P3,P4,P3->P4,-0.0133298066829917,-0.0164597229387775,-0.3114063814751007,-0.117917177227522,0.1045873705445303,0.2949466585363232,0.19976701454042672
Gemma-3-12B-IT,EBM-NLP,11829043,P4,P5,P4->P5,-0.0164597229387775,-0.0199676188387612,-0.0457815680392952,-0.0596547696575428,0.0431950467187653,0.025813949200534002,0.034504497959649646
Gemma-3-12B-IT,EBM-NLP,11829043,P5,P6,P5->P6,-0.0199676188387612,-0.0235226028843929,-0.0362508422450015,-0.0240769866825074,0.0041093678437462006,0.012728239360608597,0.008418803602177399
Gemma-3-12B-IT,EBM-NLP,16295154,P1,P2,P1->P2,-0.0245081978555051,-0.0148691678110087,-0.0259332581371619,-0.0328740244326384,0.0083658265771333,0.0110640903261532,0.00971495845164325
Gemma-3-12B-IT,EBM-NLP,16295154,P2,P3,P2->P3,-0.0148691678110087,-0.0207636749860152,-0.0413210563289309,-0.0181271092558284,0.0032579414448196987,0.0205573813429157,0.011907661393867699
Gemma-3-12B-IT,EBM-NLP,16295154,P3,P4,P3->P4,-0.0207636749860152,-0.0759313560667492,-0.925196329752604,-0.0986772111318643,0.0779135361458491,0.8492649736858549,0.46358925491585196
Gemma-3-12B-IT,EBM-NLP,16295154,P4,P5,P4->P5,-0.0759313560667492,-0.0546359196762365,-0.0943934785807791,-0.3960881914411272,0.320156835374378,0.03975755890454259,0.1799571971394603
Gemma-3-12B-IT,EBM-NLP,16295154,P5,P6,P5->P6,-0.0546359196762365,-0.0440536042663948,-0.0546359196762365,-0.0440536042663948,0.010582315409841704,0.010582315409841704,0.010582315409841704
Gemma-3-12B-IT,EBM-NLP,10763172,P1,P2,P1->P2,-0.015008833501246,-0.0469784776259657,-0.0342696604636237,-0.0435040164303469,0.0284951829291009,0.012708817162341998,0.02060200004572145
Gemma-3-12B-IT,EBM-NLP,10763172,P2,P3,P2->P3,-0.0469784776259657,-0.0135127567497753,-0.0263692089635082,-0.0610639514024898,0.014085473776524096,0.012856452213732899,0.013470962995128496
Gemma-3-12B-IT,EBM-NLP,10763172,P3,P4,P3->P4,-0.0135127567497753,-0.0247123076365544,-0.6017784705528846,-0.1133689663009426,0.09985620955116731,0.5770661629163302,0.33846118623374877
Gemma-3-12B-IT,EBM-NLP,10763172,P4,P5,P4->P5,-0.0247123076365544,-0.0145802532925325,-0.1292842135709875,-0.0560013330899752,0.0312890254534208,0.11470396027845499,0.0729964928659379
Gemma-3-12B-IT,EBM-NLP,10763172,P5,P6,P5->P6,-0.0145802532925325,-0.0274276892344156,-0.0138950815907231,-0.0225950058768777,0.0080147525843452,0.013532607643692499,0.01077368011401885
Gemma-3-12B-IT,EBM-NLP,15133359,P1,P2,P1->P2,-0.0073905865351359,-0.0037140820965622,-0.0073905865351359,-0.0037140820965622,0.0036765044385737,0.0036765044385737,0.0036765044385737
Gemma-3-12B-IT,EBM-NLP,15133359,P2,P3,P2->P3,-0.0037140820965622,-0.0113167827779596,-0.0037140820965622,-0.0113167827779596,0.007602700681397401,0.007602700681397401,0.007602700681397401
Gemma-3-12B-IT,EBM-NLP,15133359,P3,P4,P3->P4,-0.0113167827779596,-0.0189146598180135,-0.6890582060202574,-0.0844739335955995,0.0731571508176399,0.6701435462022438,0.37165034850994183
Gemma-3-12B-IT,EBM-NLP,15133359,P4,P5,P4->P5,-0.0189146598180135,-0.0364437042138515,-0.0189146598180135,-0.0364437042138515,0.017529044395838,0.017529044395838,0.017529044395838
Gemma-3-12B-IT,EBM-NLP,15133359,P5,P6,P5->P6,-0.0364437042138515,-0.012081924921427,-0.0364437042138515,-0.012081924921427,0.0243617792924245,0.0243617792924245,0.0243617792924245
Gemma-3-12B-IT,EBM-NLP,17897478,P1,P2,P1->P2,-0.0083621955428283,-0.0185042394050904,-0.0206532487449864,-0.0217006388789652,0.0133384433361369,0.0021490093398960006,0.00774372633801645
Gemma-3-12B-IT,EBM-NLP,17897478,P2,P3,P2->P3,-0.0185042394050904,-0.0129871077286569,-0.0256593583759508,-0.0214484927759115,0.0029442533708211004,0.012672250647293899,0.0078082520090574994
Gemma-3-12B-IT,EBM-NLP,17897478,P3,P4,P3->P4,-0.0129871077286569,-0.022753849029541,-0.3516523742675781,-0.0610914852744654,0.0481043775458085,0.3288985252380371,0.1885014513919228
Gemma-3-12B-IT,EBM-NLP,17897478,P4,P5,P4->P5,-0.022753849029541,-0.014200977099839,-0.0189154712102746,-0.0492105865478515,0.0264567375183105,0.0047144941104355995,0.015585615814373049
Gemma-3-12B-IT,EBM-NLP,17897478,P5,P6,P5->P6,-0.014200977099839,-0.0122409779449989,-0.0292879762320682,-0.0216435360652144,0.007442558965375401,0.0170469982870693,0.01224477862622235
Gemma-3-12B-IT,EBM-NLP,24080592,P1,P2,P1->P2,-0.0102899239143206,-0.0165489817422533,-0.031191899662926,-0.0314777438222068,0.0211878199078862,0.0146429179206727,0.01791536891427945
Gemma-3-12B-IT,EBM-NLP,24080592,P2,P3,P2->P3,-0.0165489817422533,-0.0102711111052423,-0.0262082071385831,-0.0390765969715421,0.0225276152292888,0.0159370960333408,0.0192323556313148
Gemma-3-12B-IT,EBM-NLP,24080592,P3,P4,P3->P4,-0.0102711111052423,-0.0212219084926586,-0.3031867904279699,-0.098826188307542,0.0885550772022997,0.28196488193531133,0.18525997956880552
Gemma-3-12B-IT,EBM-NLP,24080592,P4,P5,P4->P5,-0.0212219084926586,-0.028540915506749,-0.1030134072333025,-0.1050009128436371,0.08377900435097851,0.0744724917265535,0.07912574803876601
Gemma-3-12B-IT,EBM-NLP,24080592,P5,P6,P5->P6,-0.028540915506749,-0.0264791136202604,-0.0058293057524639,-0.062212195133139,0.033671279626389994,0.0206498078677965,0.027160543747093247
Gemma-3-12B-IT,EBM-NLP,18975051,P1,P2,P1->P2,-0.013523983464361,-0.0151798809607197,-0.0339721582067294,-0.0326299645535187,0.019105981089157703,0.018792277246009702,0.018949129167583702
Gemma-3-12B-IT,EBM-NLP,18975051,P2,P3,P2->P3,-0.0151798809607197,-0.0064101095000902,-0.0148988092939058,-0.038388973145973,0.0232090921852533,0.008488699793815599,0.01584889598953445
Gemma-3-12B-IT,EBM-NLP,18975051,P3,P4,P3->P4,-0.0064101095000902,-0.0769826061320754,-0.7225229515219634,-0.0427218675613403,0.036311758061250095,0.645540345389888,0.34092605172556906
Gemma-3-12B-IT,EBM-NLP,18975051,P4,P5,P4->P5,-0.0769826061320754,-0.0354111032578551,-0.1863363136365575,-0.1875355198698223,0.11055291373774691,0.1509252103787024,0.13073906205822466
Gemma-3-12B-IT,EBM-NLP,18975051,P5,P6,P5->P6,-0.0354111032578551,-0.046844533971838,-0.0792370809091104,-0.0543816159072431,0.018970512649388004,0.0323925469372724,0.0256815297933302
Gemma-3-12B-IT,SciERC,ICML_2016_11_abs,P1,P2,P1->P2,-0.0194826312363147,-0.0291916450590011,-0.0390336087660808,-0.0284585903088251,0.008975959072510399,0.009841963707079699,0.009408961389795049
Gemma-3-12B-IT,SciERC,ICML_2016_11_abs,P2,P3,P2->P3,-0.0291916450590011,-0.0248317072788874,-0.037753403186798,-0.0300846000382922,0.0008929549792910975,0.012921695907910598,0.006907325443600848
Gemma-3-12B-IT,SciERC,ICML_2016_11_abs,P3,P4,P3->P4,-0.0248317072788874,-0.0340692110298093,-0.3157201719678137,-0.0951884686946868,0.07035676141579941,0.2816509609380044,0.17600386117690192
Gemma-3-12B-IT,SciERC,ICML_2016_11_abs,P4,P5,P4->P5,-0.0340692110298093,-0.0192577657301244,-0.1528556973693997,-0.0613436528145446,0.027274441784735294,0.1335979316392753,0.0804361867120053
Gemma-3-12B-IT,SciERC,ICML_2016_11_abs,P5,P6,P5->P6,-0.0192577657301244,-0.0139886162957715,-0.0144325731919994,-0.0287650972970873,0.009507331566962898,0.00044395689622789974,0.004975644231595399
Gemma-3-12B-IT,EBM-NLP,24317958,P1,P2,P1->P2,-0.0115846985368748,-0.0240726920616884,-0.0323042166959091,-0.0207257774305639,0.0091410788936891,0.008231524634220697,0.0086863017639549
Gemma-3-12B-IT,EBM-NLP,24317958,P2,P3,P2->P3,-0.0240726920616884,-0.0141575350508474,-0.0203188201064913,-0.0188065512007018,0.0052661408609866005,0.0061612850556439,0.00571371295831525
Gemma-3-12B-IT,EBM-NLP,24317958,P3,P4,P3->P4,-0.0141575350508474,-0.025211179697955,-0.411115187185782,-0.0822057517900448,0.0680482167391974,0.385904007487827,0.2269761121135122
Gemma-3-12B-IT,EBM-NLP,24317958,P4,P5,P4->P5,-0.025211179697955,-0.0196564510220386,-0.0311969108268862,-0.0313034190071953,0.006092239309240299,0.011540459804847601,0.00881634955704395
Gemma-3-12B-IT,EBM-NLP,24317958,P5,P6,P5->P6,-0.0196564510220386,-0.0321830162635216,-0.062012085547814,-0.0272246227889764,0.0075681717669378,0.029829069284292395,0.0186986205256151
Gemma-3-12B-IT,EBM-NLP,19727232,P1,P2,P1->P2,-0.0081923512381868,-0.0081149368194872,-0.0388636201192317,-0.0134223186080677,0.005229967369880899,0.030748683299744502,0.0179893253348127
Gemma-3-12B-IT,EBM-NLP,19727232,P2,P3,P2->P3,-0.0081149368194872,-0.0059792954697568,-0.0095982918372521,-0.0094701975726625,0.0013552607531753004,0.003618996367495299,0.0024871285603352998
Gemma-3-12B-IT,EBM-NLP,19727232,P3,P4,P3->P4,-0.0059792954697568,-0.028121174706353,-0.3508612314860026,-0.063263428516877,0.0572841330471202,0.3227400567796496,0.19001209491338492
Gemma-3-12B-IT,EBM-NLP,19727232,P4,P5,P4->P5,-0.028121174706353,-0.0220494503560273,-0.0614519274753073,-0.0655620521969265,0.037440877490573496,0.039402477119279994,0.038421677304926745
Gemma-3-12B-IT,EBM-NLP,19727232,P5,P6,P5->P6,-0.0220494503560273,-0.0163323221535518,-0.0440369255241306,-0.0337361641552137,0.011686713799186402,0.027704603370578798,0.0196956585848826
Gemma-3-12B-IT,SciERC,ICCV_2013_47_abs,P1,P2,P1->P2,-0.010080906872948,-0.0150640308856964,-0.025037258863449,-0.0231659635901451,0.013085056717197101,0.009973227977752599,0.01152914234747485
Gemma-3-12B-IT,SciERC,ICCV_2013_47_abs,P2,P3,P2->P3,-0.0150640308856964,-0.0130084082484245,-0.0195022535820802,-0.013797216117382,0.0012668147683144015,0.0064938453336557,0.003880330050985051
Gemma-3-12B-IT,SciERC,ICCV_2013_47_abs,P3,P4,P3->P4,-0.0130084082484245,-0.0264414398909123,-0.3391098640620835,-0.0795271595319112,0.0665187512834867,0.3126684241711712,0.18959358772732893
Gemma-3-12B-IT,SciERC,ICCV_2013_47_abs,P4,P5,P4->P5,-0.0264414398909123,-0.0208459133737941,-0.0859207033877736,-0.0799420159508678,0.05350057605995551,0.0650747900139795,0.059287683036967506
Gemma-3-12B-IT,SciERC,ICCV_2013_47_abs,P5,P6,P5->P6,-0.0208459133737941,-0.0269319937095879,-0.0257955239179465,-0.0231974502832222,0.0023515369094281,0.0011364697916413993,0.0017440033505347497
Gemma-3-12B-IT,EBM-NLP,8726604,P1,P2,P1->P2,-0.0187000204983367,-0.0217257765330136,-0.0187000204983367,-0.0217257765330136,0.003025756034676901,0.003025756034676901,0.003025756034676901
Gemma-3-12B-IT,EBM-NLP,8726604,P2,P3,P2->P3,-0.0217257765330136,-0.0153519835101959,-0.0217257765330136,-0.0153519835101959,0.0063737930228177,0.0063737930228177,0.0063737930228177
Gemma-3-12B-IT,EBM-NLP,8726604,P3,P4,P3->P4,-0.0153519835101959,-0.0296465365091959,-1.0379923502604167,-0.1066501216801334,0.0912981381699375,1.008345813751221,0.5498219759605792
Gemma-3-12B-IT,EBM-NLP,8726604,P4,P5,P4->P5,-0.0296465365091959,-0.04696705069723,-0.1330298170258727,-0.0796505228678385,0.0500039863586426,0.08606276632864268,0.06803337634364265
Gemma-3-12B-IT,EBM-NLP,8726604,P5,P6,P5->P6,-0.04696705069723,-0.0176820246021399,-0.0354161155357789,-0.1154365780987317,0.0684695274015017,0.017734090933638997,0.043101809167570344
Gemma-3-12B-IT,SciERC,CVPR_1994_10_abs,P1,P2,P1->P2,-0.0194589997415488,-0.0290561542176363,-0.0500381335877535,-0.0333604543222545,0.0139014545807057,0.0209819793701172,0.01744171697541145
Gemma-3-12B-IT,SciERC,CVPR_1994_10_abs,P2,P3,P2->P3,-0.0290561542176363,-0.0127087649920128,-0.0359173389460077,-0.0368966119331226,0.007840457715486304,0.023208573953994904,0.015524515834740604
Gemma-3-12B-IT,SciERC,CVPR_1994_10_abs,P3,P4,P3->P4,-0.0127087649920128,-0.0242851978176636,-0.3239824895008069,-0.125096201107202,0.11238743611518918,0.2996972916831433,0.20604236389916625
Gemma-3-12B-IT,SciERC,CVPR_1994_10_abs,P4,P5,P4->P5,-0.0242851978176636,-0.0184971722283463,-0.0246677443350226,-0.0639996909199746,0.039714493102310996,0.006170572106676299,0.022942532604493648
Gemma-3-12B-IT,SciERC,CVPR_1994_10_abs,P5,P6,P5->P6,-0.0184971722283463,-0.015850463939333,-0.018451242018535,-0.0224737953525516,0.003976623124205301,0.0026007780792020006,0.0032887006017036507
Gemma-3-12B-IT,SciERC,ECCV_2016_204_abs,P1,P2,P1->P2,-0.0108722845713297,-0.0144202895462512,-0.0201533747216065,-0.0108454500635465,2.683450778320079e-05,0.005733085175355299,0.0028799598415692497
Gemma-3-12B-IT,SciERC,ECCV_2016_204_abs,P2,P3,P2->P3,-0.0144202895462512,-0.0193608154853185,-0.0279015998045603,-0.0207062723735968,0.006285982827345601,0.008540784319241799,0.0074133835732937
Gemma-3-12B-IT,SciERC,ECCV_2016_204_abs,P3,P4,P3->P4,-0.0193608154853185,-0.0232629370636054,-0.2756943329335325,-0.0947345296541849,0.0753737141688664,0.25243139586992713,0.16390255501939677
Gemma-3-12B-IT,SciERC,ECCV_2016_204_abs,P4,P5,P4->P5,-0.0232629370636054,-0.0297274411466606,-0.1138141837852129,-0.0758395440359777,0.052576606972372306,0.08408674263855229,0.06833167480546229
Gemma-3-12B-IT,SciERC,ECCV_2016_204_abs,P5,P6,P5->P6,-0.0297274411466606,-0.0242981402511769,-0.0290813575796529,-0.0307001691636208,0.0009727280169601997,0.004783217328475999,0.0028779726727180995
Gemma-3-12B-IT,EBM-NLP,10764172,P1,P2,P1->P2,-0.0092349706735826,-0.0097759387579308,-0.0267249159066073,-0.0272963315920722,0.018061360918489602,0.016948977148676502,0.017505169033583054
Gemma-3-12B-IT,EBM-NLP,10764172,P2,P3,P2->P3,-0.0097759387579308,-0.0229959519810501,-0.0207341618362477,-0.0338896096470844,0.0241136708891536,0.002261790144802399,0.013187730516978
Gemma-3-12B-IT,EBM-NLP,10764172,P3,P4,P3->P4,-0.0229959519810501,-0.0817855473222403,-0.4765043587520204,-0.0681572215612915,0.0451612695802414,0.3947188114297801,0.21994004050501076
Gemma-3-12B-IT,EBM-NLP,10764172,P4,P5,P4->P5,-0.0817855473222403,-0.0463592941696579,-0.1371011888658678,-0.1270025516378468,0.04521700431560649,0.09074189469620991,0.0679794495059082
Gemma-3-12B-IT,EBM-NLP,10764172,P5,P6,P5->P6,-0.0463592941696579,-0.0444424687599649,-0.0752032046415367,-0.0571211015855943,0.010761807415936402,0.030760735881571792,0.020761271648754097
Gemma-3-12B-IT,EBM-NLP,21393467,P1,P2,P1->P2,-0.0250581875443458,-0.0134504085932022,-0.0215791800083258,-0.0544632524251937,0.029405064880847903,0.008128771415123599,0.01876691814798575
Gemma-3-12B-IT,EBM-NLP,21393467,P2,P3,P2->P3,-0.0134504085932022,-0.0204973562439875,-0.0288586232199597,-0.0173942584257859,0.003943849832583699,0.008361266975972198,0.006152558404277949
Gemma-3-12B-IT,EBM-NLP,21393467,P3,P4,P3->P4,-0.0204973562439875,-0.0392948309580485,-0.7694777594672308,-0.123288339643336,0.1027909833993485,0.7301829285091823,0.41648695595426544
Gemma-3-12B-IT,EBM-NLP,21393467,P4,P5,P4->P5,-0.0392948309580485,-0.0669830368786323,-0.1084310485095512,-0.1162709342108832,0.07697610325283472,0.04144801163091889,0.059212057441876804
Gemma-3-12B-IT,EBM-NLP,21393467,P5,P6,P5->P6,-0.0669830368786323,-0.0579604854831447,-0.1127781558346438,-0.0709841658429401,0.004001128964307793,0.054817670351499106,0.02940939965790345
Gemma-3-12B-IT,EBM-NLP,19376304,P1,P2,P1->P2,-0.016237071346378,-0.0288253019726465,-0.0401668775649297,-0.0383245832702129,0.0220875119238349,0.011341575592283198,0.01671454375805905
Gemma-3-12B-IT,EBM-NLP,19376304,P2,P3,P2->P3,-0.0288253019726465,-0.0213330727589281,-0.0332637919655329,-0.0284844277397034,0.00034087423294310026,0.011930719206604799,0.006135796719773949
Gemma-3-12B-IT,EBM-NLP,19376304,P3,P4,P3->P4,-0.0213330727589281,-0.0065429197562919,-0.5162767263559195,-0.1135527695281596,0.0922196967692315,0.5097338065996275,0.3009767516844295
Gemma-3-12B-IT,EBM-NLP,19376304,P4,P5,P4->P5,-0.0065429197562919,-0.006003949755714,-0.0762812841506231,-0.1000508318890582,0.0935079121327663,0.0702773343949091,0.0818926232638377
Gemma-3-12B-IT,EBM-NLP,19376304,P5,P6,P5->P6,-0.006003949755714,-0.0273912610031488,-0.0519311859851747,-0.0179535071055094,0.0119495573497954,0.024539924982025903,0.01824474116591065
Gemma-3-12B-IT,EBM-NLP,15858959,P1,P2,P1->P2,-0.0127544388471664,-0.0107730707606753,-0.0844368419131717,-0.0319474236340836,0.0191929847869172,0.07366377115249641,0.04642837796970681
Gemma-3-12B-IT,EBM-NLP,15858959,P2,P3,P2->P3,-0.0107730707606753,-0.0097629046830974,-0.0106447668023448,-0.0490453758755245,0.038272305114849206,0.0008818621192474008,0.019577083617048303
Gemma-3-12B-IT,EBM-NLP,15858959,P3,P4,P3->P4,-0.0097629046830974,-0.0336207053240607,-0.6595334221335019,-0.0761177396513725,0.0663548349682751,0.6259127168094412,0.34613377588885813
Gemma-3-12B-IT,EBM-NLP,15858959,P4,P5,P4->P5,-0.0336207053240607,-0.0617161140167455,-0.0817156798547978,-0.05502690707936,0.021406201755299295,0.019999565838052298,0.020702883796675797
Gemma-3-12B-IT,EBM-NLP,15858959,P5,P6,P5->P6,-0.0617161140167455,-0.0408996045589447,-0.0502928607165813,-0.0594879260166085,0.0022281880001370005,0.0093932561576366,0.005810722078886801
Gemma-3-12B-IT,SciERC,ECCV_2016_99_abs,P1,P2,P1->P2,-0.0109793785035454,-0.0057439754406611,-0.0093469886730114,-0.0150637165995864,0.004084338096041,0.003603013232350301,0.0038436756641956503
Gemma-3-12B-IT,SciERC,ECCV_2016_99_abs,P2,P3,P2->P3,-0.0057439754406611,-0.0126878891694844,-0.0187509320627245,-0.0051820787290732,0.0005618967115878998,0.006063042893240101,0.0033124698024140004
Gemma-3-12B-IT,SciERC,ECCV_2016_99_abs,P3,P4,P3->P4,-0.0126878891694844,-0.0148647453825352,-0.3637161254882812,-0.0531728189139183,0.0404849297444339,0.348851380105746,0.19466815492508996
Gemma-3-12B-IT,SciERC,ECCV_2016_99_abs,P4,P5,P4->P5,-0.0148647453825352,-0.0129198613005887,-0.0515919036594207,-0.0682879949020127,0.05342324951947751,0.038672042358832,0.04604764593915475
Gemma-3-12B-IT,SciERC,ECCV_2016_99_abs,P5,P6,P5->P6,-0.0129198613005887,-0.0154576822489249,-0.0146657398768833,-0.017178775997399,0.004258914696810301,0.000791942372041601,0.002525428534425951
Gemma-3-12B-IT,EBM-NLP,15848261,P1,P2,P1->P2,-0.0136950533553709,-0.0245222036120961,-0.0278901294597144,-0.0298418034427904,0.016146750087419504,0.0033679258476183027,0.009757337967518903
Gemma-3-12B-IT,EBM-NLP,15848261,P2,P3,P2->P3,-0.0245222036120961,-0.0120606401041484,-0.019640315273952,-0.0385304126924681,0.014008209080371998,0.007579675169803599,0.010793942125087799
Gemma-3-12B-IT,EBM-NLP,15848261,P3,P4,P3->P4,-0.0120606401041484,-0.0334902524171512,-0.3260825340444956,-0.0662230803827533,0.05416244027860491,0.2925922816273444,0.17337736095297465
Gemma-3-12B-IT,EBM-NLP,15848261,P4,P5,P4->P5,-0.0334902524171512,-0.0374324396252632,-0.0852529406547546,-0.0455328975515955,0.0120426451344443,0.0478205010294914,0.02993157308196785
Gemma-3-12B-IT,EBM-NLP,15848261,P5,P6,P5->P6,-0.0374324396252632,-0.0375918887910388,-0.0429787446582128,-0.0645581558346748,0.027125716209411593,0.005386855867174002,0.016256286038292798
Gemma-3-12B-IT,EBM-NLP,3074300,P1,P2,P1->P2,-0.0083334305376376,-0.007163420196407,-0.0130890749045968,-0.0173453205036667,0.009011889966029099,0.005925654708189799,0.007468772337109449
Gemma-3-12B-IT,EBM-NLP,3074300,P2,P3,P2->P3,-0.007163420196407,-0.006160117985416,-0.0303119066253743,-0.0272784903029764,0.020115070106569398,0.024151788639958302,0.02213342937326385
Gemma-3-12B-IT,EBM-NLP,3074300,P3,P4,P3->P4,-0.006160117985416,-0.0428853244571895,-0.808504880129636,-0.0865478924707816,0.08038777448536559,0.7656195556724464,0.423003665078906
Gemma-3-12B-IT,EBM-NLP,3074300,P4,P5,P4->P5,-0.0428853244571895,-0.0625474937891556,-0.3650633601819054,-0.1004213291210132,0.057536004663823706,0.3025158663927498,0.18002593552828675
Gemma-3-12B-IT,EBM-NLP,3074300,P5,P6,P5->P6,-0.0625474937891556,-0.022116789775612,-0.017665358771265,-0.1159951323169772,0.0534476385278216,0.004451431004347001,0.0289495347660843
Gemma-3-12B-IT,SciERC,CVPR_2008_256_abs,P1,P2,P1->P2,-0.022184669971466,-0.0119944839053094,-0.0156940412455042,-0.044286181529363,0.022101511557897,0.0036995573401947986,0.0129005344490459
Gemma-3-12B-IT,SciERC,CVPR_2008_256_abs,P2,P3,P2->P3,-0.0119944839053094,-0.0161016521354516,-0.0259308119614919,-0.0281874559850785,0.0161929720797691,0.009829159826040303,0.013011065952904702
Gemma-3-12B-IT,SciERC,CVPR_2008_256_abs,P3,P4,P3->P4,-0.0161016521354516,-0.0192278331180788,-0.3130923936951835,-0.1113897959391276,0.09528814380367599,0.2938645605771047,0.19457635219039035
Gemma-3-12B-IT,SciERC,CVPR_2008_256_abs,P4,P5,P4->P5,-0.0192278331180788,-0.0210965380256558,-0.0677553247522424,-0.1146812798841944,0.0954534467661156,0.046658786726586604,0.0710561167463511
Gemma-3-12B-IT,SciERC,CVPR_2008_256_abs,P5,P6,P5->P6,-0.0210965380256558,-0.0286210395334851,-0.0262671894208611,-0.0300242153214819,0.008927677295826102,0.0023538501126240015,0.0056407637042250516
Gemma-3-12B-IT,SciERC,H01-1042,P1,P2,P1->P2,-0.0166408047080039,-0.0178778891762097,-0.0235054617126782,-0.022880067427953,0.006239262719949099,0.005627572536468499,0.005933417628208799
Gemma-3-12B-IT,SciERC,H01-1042,P2,P3,P2->P3,-0.0178778891762097,-0.0132761462238999,-0.0227870841561658,-0.0395397345225016,0.021661845346291897,0.009510937932265902,0.015586391639278899
Gemma-3-12B-IT,SciERC,H01-1042,P3,P4,P3->P4,-0.0132761462238999,-0.040879411378679,-0.2940241953401148,-0.0880231732799241,0.07474702705602419,0.2531447839614358,0.16394590550873
Gemma-3-12B-IT,SciERC,H01-1042,P4,P5,P4->P5,-0.040879411378679,-0.0301538587690473,-0.1221033732096354,-0.1383710532690994,0.0974916418904204,0.09194951444058809,0.09472057816550425
Gemma-3-12B-IT,SciERC,H01-1042,P5,P6,P5->P6,-0.0301538587690473,-0.0337042004129161,-0.0393178790548573,-0.0343420398127925,0.004188181043745198,0.0056136786419411985,0.004900929842843198
Gemma-3-12B-IT,EBM-NLP,8989009,P1,P2,P1->P2,-0.0205990627408027,-0.0111462287413768,-0.0327350958799704,-0.0566853404045104,0.0360862776637077,0.0215888671385936,0.02883757240115065
Gemma-3-12B-IT,EBM-NLP,8989009,P2,P3,P2->P3,-0.0111462287413768,-0.0108471218094949,-0.0192163708484748,-0.0303403854370117,0.0191941566956349,0.008369249038979901,0.013781702867307401
Gemma-3-12B-IT,EBM-NLP,8989009,P3,P4,P3->P4,-0.0108471218094949,-0.081019537789481,-0.403562273297991,-0.0508461778491846,0.0399990560396897,0.32254273550851,0.18127089577409983
Gemma-3-12B-IT,EBM-NLP,8989009,P4,P5,P4->P5,-0.081019537789481,-0.0361614525318145,-0.4364804923534393,-0.1336459132603236,0.052626375470842604,0.40031903982162476,0.22647270764623367
Gemma-3-12B-IT,EBM-NLP,8989009,P5,P6,P5->P6,-0.0361614525318145,-0.0504720099618501,-0.0380752643692159,-0.0507297739386558,0.014568321406841299,0.0123967455926342,0.013482533499737749
Gemma-3-12B-IT,EBM-NLP,8911223,P1,P2,P1->P2,-0.0128653394415023,-0.0108605088858768,-0.0498786974102725,-0.0336929463325662,0.020827606891063898,0.0390181885243957,0.029922897707729802
Gemma-3-12B-IT,EBM-NLP,8911223,P2,P3,P2->P3,-0.0108605088858768,-0.0123818247380826,-0.014821650335462,-0.0174247388929408,0.0065642300070639995,0.002439825597379401,0.0045020278022217
Gemma-3-12B-IT,EBM-NLP,8911223,P3,P4,P3->P4,-0.0123818247380826,-0.0233870855084172,-0.6790507281268084,-0.0848536310668589,0.07247180632877631,0.6556636426183913,0.3640677244735838
Gemma-3-12B-IT,EBM-NLP,8911223,P4,P5,P4->P5,-0.0233870855084172,-0.0077945595642305,-0.0425510676401966,-0.168661806318495,0.1452747208100778,0.0347565080759661,0.09001561444302195
Gemma-3-12B-IT,EBM-NLP,8911223,P5,P6,P5->P6,-0.0077945595642305,-0.0036395414257949,-0.0077945595642305,-0.0036395414257949,0.0041550181384356006,0.0041550181384356006,0.0041550181384356006
Gemma-3-12B-IT,EBM-NLP,18544974,P1,P2,P1->P2,-0.0071983669051062,-0.0100840512530696,-0.0076549454855587,-0.0099478423871802,0.002749475482073999,0.0024291057675109003,0.0025892906247924497
Gemma-3-12B-IT,EBM-NLP,18544974,P2,P3,P2->P3,-0.0100840512530696,-0.0019163761683599,-0.0055444331350689,-0.0138374517284552,0.0037534004753855994,0.0036280569667090003,0.0036907287210473
Gemma-3-12B-IT,EBM-NLP,18544974,P3,P4,P3->P4,-0.0019163761683599,-0.0155527304165327,-0.3237893569409548,-0.0485493883580148,0.0466330121896549,0.3082366265244221,0.17743481935703848
Gemma-3-12B-IT,EBM-NLP,18544974,P4,P5,P4->P5,-0.0155527304165327,-0.0169231239242933,-0.043144899814283,-0.076536466128862,0.060983735712329304,0.026221775889989703,0.04360275580115951
Gemma-3-12B-IT,EBM-NLP,18544974,P5,P6,P5->P6,-0.0169231239242933,-0.0207456118100649,-0.0229188869525859,-0.040683599253792,0.023760475329498702,0.0021732751425209973,0.01296687523600985
Gemma-3-12B-IT,EBM-NLP,10070173,P1,P2,P1->P2,-0.0174244803351324,-0.0078422740252331,-0.0119280502049609,-0.0438717850693711,0.026447304734238702,0.0040857761797278,0.015266540456983252
Gemma-3-12B-IT,EBM-NLP,10070173,P2,P3,P2->P3,-0.0078422740252331,-0.0147162400759183,-0.0200415434341085,-0.018481175104777,0.010638901079543898,0.0053253033581902014,0.00798210221886705
Gemma-3-12B-IT,EBM-NLP,10070173,P3,P4,P3->P4,-0.0147162400759183,-0.0174833917293418,-0.3919587427256059,-0.0955095247985011,0.08079328472258279,0.37447535099626406,0.22763431785942342
Gemma-3-12B-IT,EBM-NLP,10070173,P4,P5,P4->P5,-0.0174833917293418,-0.0108744309643122,-0.1717437383696788,-0.0712573382319236,0.0537739465025818,0.1608693074053666,0.1073216269539742
Gemma-3-12B-IT,EBM-NLP,10070173,P5,P6,P5->P6,-0.0108744309643122,-0.0193257538352425,-0.0108744309643122,-0.0193257538352425,0.0084513228709303,0.0084513228709303,0.0084513228709303
Gemma-3-12B-IT,EBM-NLP,22865017,P1,P2,P1->P2,-0.0069255667867384,-0.022690514108979,-0.0179666030857571,-0.0163965746520799,0.0094710078653415,0.004723911023221901,0.0070974594442817
Gemma-3-12B-IT,EBM-NLP,22865017,P2,P3,P2->P3,-0.022690514108979,-0.0105986420701189,-0.0121509796235619,-0.0364286317858089,0.013738117676829899,0.0015523375534429989,0.007645227615136449
Gemma-3-12B-IT,EBM-NLP,22865017,P3,P4,P3->P4,-0.0105986420701189,-0.0171571298577319,-0.4088558328562769,-0.0979869191239519,0.087388277053833,0.39169870299854503,0.23954349002618902
Gemma-3-12B-IT,EBM-NLP,22865017,P4,P5,P4->P5,-0.0171571298577319,-0.0161399731690856,-0.0715171550882273,-0.0143351952234903,0.0028219346342416,0.0553771819191417,0.02909955827669165
Gemma-3-12B-IT,EBM-NLP,22865017,P5,P6,P5->P6,-0.0161399731690856,-0.0492513329642159,-0.0825198745727539,-0.0370455884385383,0.0209056152694527,0.033268541608538,0.02708707843899535
Gemma-3-12B-IT,SciERC,ICCV_2003_151_abs,P1,P2,P1->P2,-0.010721327116092,-0.0117537279923756,-0.009168350448211,-0.0143562344213326,0.0036349073052406,0.0025853775441646003,0.0031101424247026
Gemma-3-12B-IT,SciERC,ICCV_2003_151_abs,P2,P3,P2->P3,-0.0117537279923756,-0.0085039225717385,-0.0210246543089548,-0.0119771721462408,0.00022344415386519982,0.012520731737216299,0.006372087945540749
Gemma-3-12B-IT,SciERC,ICCV_2003_151_abs,P3,P4,P3->P4,-0.0085039225717385,-0.0188477274143334,-0.2130189086451674,-0.029761200149854,0.021257277578115498,0.194171181230834,0.10771422940447474
Gemma-3-12B-IT,SciERC,ICCV_2003_151_abs,P4,P5,P4->P5,-0.0188477274143334,-0.0173996521876408,-0.0809481840867262,-0.0759156689499363,0.057067941535602906,0.06354853189908541,0.06030823671734416
Gemma-3-12B-IT,SciERC,ICCV_2003_151_abs,P5,P6,P5->P6,-0.0173996521876408,-0.0220138780001936,-0.023562643263075,-0.0162182752902691,0.0011813768973716991,0.0015487652628814012,0.0013650710801265502
Gemma-3-12B-IT,EBM-NLP,23356250,P1,P2,P1->P2,-0.0109134450077586,-0.0012468997468339,-0.0042788084517134,-0.0434943026070917,0.0325808575993331,0.0030319087048794996,0.017806383152106302
Gemma-3-12B-IT,EBM-NLP,23356250,P2,P3,P2->P3,-0.0012468997468339,-0.0053796362369618,-0.0012468997468339,-0.0053796362369618,0.0041327364901279,0.0041327364901279,0.0041327364901279
Gemma-3-12B-IT,EBM-NLP,23356250,P3,P4,P3->P4,-0.0053796362369618,-0.0345466401841905,-0.4485368054322522,-0.0652777935596222,0.0598981573226604,0.4139901652480617,0.23694416128536105
Gemma-3-12B-IT,EBM-NLP,23356250,P4,P5,P4->P5,-0.0345466401841905,-0.0195027605692545,-0.0753080368041992,-0.0843894650237728,0.0498428248395823,0.0558052762349447,0.0528240505372635
Gemma-3-12B-IT,EBM-NLP,23356250,P5,P6,P5->P6,-0.0195027605692545,-0.0399298343843626,-0.048663759694516,-0.0290348052978515,0.009532044728597002,0.0087339253101534,0.0091329850193752
Gemma-3-12B-IT,EBM-NLP,21718094,P1,P2,P1->P2,-0.007857476719574,-0.0115260691256136,-0.0360752991434983,-0.0239325953175528,0.0160751185979788,0.024549230017884702,0.020312174307931752
Gemma-3-12B-IT,EBM-NLP,21718094,P2,P3,P2->P3,-0.0115260691256136,-0.0060091284069701,-0.014957252210074,-0.0436939923710553,0.032167923245441696,0.008948123803103902,0.0205580235242728
Gemma-3-12B-IT,EBM-NLP,21718094,P3,P4,P3->P4,-0.0060091284069701,-0.0364317629072401,-0.568460191999163,-0.0573167035179416,0.051307575110971504,0.5320284290919228,0.29166800210144717
Gemma-3-12B-IT,EBM-NLP,21718094,P4,P5,P4->P5,-0.0364317629072401,-0.0260805110542141,-0.1224819300126056,-0.1116150447300502,0.07518328182281009,0.0964014189583915,0.08579235039060079
Gemma-3-12B-IT,EBM-NLP,21718094,P5,P6,P5->P6,-0.0260805110542141,-0.0440961447629061,-0.1080350984226573,-0.0378685557112401,0.011788044657026,0.06393895365975119,0.037863499158388596
Gemma-3-12B-IT,EBM-NLP,22881991,P1,P2,P1->P2,-0.0201614050217616,-0.0244669088713574,-0.0196885323339654,-0.0467896032585668,0.0266281982368052,0.004778376537392,0.0157032873870986
Gemma-3-12B-IT,EBM-NLP,22881991,P2,P3,P2->P3,-0.0244669088713574,-0.0054956794490475,-0.0094601952818018,-0.0213039284836722,0.003162980387685199,0.0039645158327543,0.0035637481102197494
Gemma-3-12B-IT,EBM-NLP,22881991,P3,P4,P3->P4,-0.0054956794490475,-0.0398895902541077,-0.6038607995486954,-0.0774864332210382,0.0719907537719907,0.5639712092945878,0.31798098153328924
Gemma-3-12B-IT,EBM-NLP,22881991,P4,P5,P4->P5,-0.0398895902541077,-0.0323240447044372,-0.0820034790039062,-0.2514095861934921,0.21151999593938436,0.049679434299469,0.1305997151194267
Gemma-3-12B-IT,EBM-NLP,22881991,P5,P6,P5->P6,-0.0323240447044372,-0.0486917658748789,-0.0818476962228106,-0.058896050453186,0.026572005748748802,0.0331559303479317,0.02986396804834025
Gemma-3-12B-IT,EBM-NLP,1963383,P1,P2,P1->P2,-0.0034411659568164,-0.0047273080290099,-0.0287653487405659,-0.0201557306772649,0.0167145647204485,0.024038040711555998,0.02037630271600225
Gemma-3-12B-IT,EBM-NLP,1963383,P2,P3,P2->P3,-0.0047273080290099,-0.0070018905108092,-0.0064249463745805,-0.0224296457973527,0.017702337768342798,0.0005769441362286996,0.009139640952285748
Gemma-3-12B-IT,EBM-NLP,1963383,P3,P4,P3->P4,-0.0070018905108092,-0.0340726903620982,-0.2741120357641438,-0.0736876784778032,0.06668578796699401,0.24003934540204558,0.1533625666845198
Gemma-3-12B-IT,EBM-NLP,1963383,P4,P5,P4->P5,-0.0340726903620982,-0.0364778185151313,-0.0581019354648277,-0.0709694343925322,0.036896744030434,0.021624116949696397,0.029260430490065197
Gemma-3-12B-IT,EBM-NLP,1963383,P5,P6,P5->P6,-0.0364778185151313,-0.0093860459175838,-0.0501762104641859,-0.037660197482083,0.001182378966951697,0.0407901645466021,0.0209862717567769
Gemma-3-12B-IT,SciERC,X96-1059,P1,P2,P1->P2,-0.0321123177806536,-0.0239454979697863,-0.0400496795773506,-0.0315597256024678,0.000552592178185797,0.016104181607564303,0.00832838689287505
Gemma-3-12B-IT,SciERC,X96-1059,P2,P3,P2->P3,-0.0239454979697863,-0.0194575140873591,-0.0248647977908452,-0.0250197350978851,0.0010742371280988011,0.005407283703486098,0.0032407604157924496
Gemma-3-12B-IT,SciERC,X96-1059,P3,P4,P3->P4,-0.0194575140873591,-0.0331017605094022,-0.3717578976653343,-0.0828789621591568,0.0634214480717977,0.33865613715593207,0.20103879261386487
Gemma-3-12B-IT,SciERC,X96-1059,P4,P5,P4->P5,-0.0331017605094022,-0.0333013598124186,-0.0941098658243815,-0.1240794070931368,0.09097764658373461,0.060808506011962894,0.07589307629784875
Gemma-3-12B-IT,SciERC,X96-1059,P5,P6,P5->P6,-0.0333013598124186,-0.0221467914197268,-0.0256668865280663,-0.0335367647806803,0.00023540496826170154,0.003520095108339498,0.0018777500383005997
Gemma-3-12B-IT,SciERC,INTERSPEECH_2008_28_abs,P1,P2,P1->P2,-0.0087820423628547,-0.0113877218114661,-0.0180198403349755,-0.0132837258230753,0.004501683460220601,0.0066321185235094,0.005566900991865
Gemma-3-12B-IT,SciERC,INTERSPEECH_2008_28_abs,P2,P3,P2->P3,-0.0113877218114661,-0.0141424970900732,-0.019705613039181,-0.0112919937989236,9.572801254250154e-05,0.0055631159491078,0.0028294219808251506
Gemma-3-12B-IT,SciERC,INTERSPEECH_2008_28_abs,P3,P4,P3->P4,-0.0141424970900732,-0.0249743731516712,-0.2592205407484522,-0.0649381841754166,0.05079568708534339,0.234246167596781,0.1425209273410622
Gemma-3-12B-IT,SciERC,INTERSPEECH_2008_28_abs,P4,P5,P4->P5,-0.0249743731516712,-0.0343548949335662,-0.1142349243164062,-0.0671892130149985,0.0422148398633273,0.07988002938284,0.06104743462308365
Gemma-3-12B-IT,SciERC,INTERSPEECH_2008_28_abs,P5,P6,P5->P6,-0.0343548949335662,-0.0396897274514903,-0.034950978514077,-0.0340725804718447,0.0002823144617215001,0.004738748937413301,0.0025105316995674004
Gemma-3-12B-IT,EBM-NLP,26278470,P1,P2,P1->P2,-0.0117772125545606,-0.0167151721748145,-0.0513065086828695,-0.0140840434738205,0.0023068309192599,0.034591336508055,0.01844908371365745
Gemma-3-12B-IT,EBM-NLP,26278470,P2,P3,P2->P3,-0.0167151721748145,-0.0063974815057524,-0.0126843266453303,-0.0585657777013005,0.04185060552648601,0.0062868451395779006,0.024068725333031955
Gemma-3-12B-IT,EBM-NLP,26278470,P3,P4,P3->P4,-0.0063974815057524,-0.0285989708370632,-0.4101881602453807,-0.1184853492899144,0.112087867784162,0.3815891894083175,0.24683852859623975
Gemma-3-12B-IT,EBM-NLP,26278470,P4,P5,P4->P5,-0.0285989708370632,-0.024551841190883,-0.1929836273193359,-0.1584865025111607,0.1298875316740975,0.16843178612845291,0.1491596589012752
Gemma-3-12B-IT,EBM-NLP,26278470,P5,P6,P5->P6,-0.024551841190883,-0.0335673491160074,-0.0577796936035156,-0.0676537581852504,0.043101916994367405,0.024212344487508197,0.033657130740937805
Gemma-3-12B-IT,EBM-NLP,12960652,P1,P2,P1->P2,-0.0101373392632204,-0.0140331552072536,-0.028573817270665,-0.022864442265611,0.0127271030023906,0.014540662063411399,0.013633882532901
Gemma-3-12B-IT,EBM-NLP,12960652,P2,P3,P2->P3,-0.0140331552072536,-0.0098580271785796,-0.023614089526431,-0.0183401034653552,0.004306948258101599,0.013756062347851402,0.0090315053029765
Gemma-3-12B-IT,EBM-NLP,12960652,P3,P4,P3->P4,-0.0098580271785796,-0.0669111962221106,-0.3131733719183474,-0.0523582029092998,0.0425001757307202,0.24626217569623676,0.14438117571347847
Gemma-3-12B-IT,EBM-NLP,12960652,P4,P5,P4->P5,-0.0669111962221106,-0.0361818554757655,-0.1289003087186265,-0.0893290383475167,0.022417842125406096,0.09271845324286102,0.057568147684133555
Gemma-3-12B-IT,EBM-NLP,12960652,P5,P6,P5->P6,-0.0361818554757655,-0.0680470151721306,-0.0547465468352695,-0.0464147918525783,0.010232936376812794,0.013300468336861104,0.01176670235683695
Gemma-3-12B-IT,EBM-NLP,2908133,P1,P2,P1->P2,-0.014862370261042,-0.009533032831156,-0.0136099446494624,-0.0378566938197881,0.022994323558746102,0.004076911818306399,0.01353561768852625
Gemma-3-12B-IT,EBM-NLP,2908133,P2,P3,P2->P3,-0.009533032831156,-0.0207011816636571,-0.0272277580117279,-0.0131521602846541,0.0036191274534981,0.0065265763480708006,0.00507285190078445
Gemma-3-12B-IT,EBM-NLP,2908133,P3,P4,P3->P4,-0.0207011816636571,-0.0598675542407565,-0.9154722425672744,-0.1417954642817659,0.1210942826181088,0.8556046883265179,0.4883494854723134
Gemma-3-12B-IT,EBM-NLP,2908133,P4,P5,P4->P5,-0.0598675542407565,-0.0250171105066935,-0.4759583536783854,-0.1678377257453071,0.10797017150455059,0.45094124317169193,0.27945570733812125
Gemma-3-12B-IT,EBM-NLP,2908133,P5,P6,P5->P6,-0.0250171105066935,-0.0738330748346116,-0.0536416769027709,-0.0695042292277018,0.0444871187210083,0.0201913979318407,0.0323392583264245
Gemma-3-12B-IT,EBM-NLP,20147856,P1,P2,P1->P2,-0.0167212332448651,-0.0101929674494451,-0.018458282391642,-0.0416460575595978,0.0249248243147327,0.0082653149421969,0.016595069628464798
Gemma-3-12B-IT,EBM-NLP,20147856,P2,P3,P2->P3,-0.0101929674494451,-0.0145901009440422,-0.0133292257785797,-0.035631283577242,0.025438316127796897,0.0012608751654624994,0.013349595646629698
Gemma-3-12B-IT,EBM-NLP,20147856,P3,P4,P3->P4,-0.0145901009440422,-0.0404498714427049,-0.3199681586620071,-0.1163359999656677,0.1017458990216255,0.2795182872193022,0.19063209312046386
Gemma-3-12B-IT,EBM-NLP,20147856,P4,P5,P4->P5,-0.0404498714427049,-0.0308716377515471,-0.1277287408207239,-0.076433800902042,0.03598392945933711,0.09685710306917682,0.06642051626425696
Gemma-3-12B-IT,EBM-NLP,20147856,P5,P6,P5->P6,-0.0308716377515471,-0.0177521420561749,-0.036850763403851,-0.0383249239975147,0.0074532862459676,0.019098621347676103,0.013275953796821852
Gemma-3-12B-IT,EBM-NLP,7598243,P1,P2,P1->P2,-0.0079421354728995,-0.0231450743761481,-0.0570709514371492,-0.0130708877322743,0.0051287522593748,0.0339258770610011,0.01952731466018795
Gemma-3-12B-IT,EBM-NLP,7598243,P2,P3,P2->P3,-0.0231450743761481,-0.0206534912074135,-0.0362212377112126,-0.0222410946237332,0.0009039797524149004,0.0155677465037991,0.008235863128107
Gemma-3-12B-IT,EBM-NLP,7598243,P3,P4,P3->P4,-0.0206534912074135,-0.0264902085968942,-0.3809268835819129,-0.0883429088988975,0.067689417691484,0.3544366749850187,0.21106304633825135
Gemma-3-12B-IT,EBM-NLP,7598243,P4,P5,P4->P5,-0.0264902085968942,-0.0264053719942687,-0.1224075567526895,-0.0507897001324277,0.024299491535533502,0.09600218475842079,0.060150838146977144
Gemma-3-12B-IT,EBM-NLP,7598243,P5,P6,P5->P6,-0.0264053719942687,-0.0249826945364475,-0.0504101812839508,-0.0507650281562179,0.024359656161949204,0.025427486747503298,0.024893571454726253
Gemma-3-12B-IT,EBM-NLP,11737955,P1,P2,P1->P2,-0.023570789481109,-0.0079538138238738,-0.0331939794422794,-0.0260374231158562,0.0024666336347471986,0.0252401656184056,0.013853399626576399
Gemma-3-12B-IT,EBM-NLP,11737955,P2,P3,P2->P3,-0.0079538138238738,-0.014612461338524,-0.0411329670112673,-0.0150627834228024,0.007108969598928601,0.0265205056727433,0.01681473763583595
Gemma-3-12B-IT,EBM-NLP,11737955,P3,P4,P3->P4,-0.014612461338524,-0.0324626335730919,-0.4548849937243339,-0.1028390211217543,0.0882265597832303,0.422422360151242,0.2553244599672362
Gemma-3-12B-IT,EBM-NLP,11737955,P4,P5,P4->P5,-0.0324626335730919,-0.0270031367739041,-0.1176433662573496,-0.0845941030062162,0.0521314694331243,0.0906402294834455,0.0713858494582849
Gemma-3-12B-IT,EBM-NLP,11737955,P5,P6,P5->P6,-0.0270031367739041,-0.0203981571590777,-0.029214264191303,-0.0351270089546839,0.008123872180779802,0.008816107032225302,0.008469989606502552
Gemma-3-12B-IT,EBM-NLP,7814711,P1,P2,P1->P2,-0.0217252272725756,-0.0208106998047093,-0.0556930760756188,-0.0300196663278048,0.0082944390552292,0.034882376270909496,0.021588407663069346
Gemma-3-12B-IT,EBM-NLP,7814711,P2,P3,P2->P3,-0.0208106998047093,-0.0313859256831082,-0.0375672307881441,-0.0496588949661528,0.028848195161443498,0.006181305105035902,0.0175147501332397
Gemma-3-12B-IT,EBM-NLP,7814711,P3,P4,P3->P4,-0.0313859256831082,-0.0331031318022826,-0.6041370284891574,-0.2380670634183016,0.20668113773519342,0.5710338966868748,0.3888575172110341
Gemma-3-12B-IT,EBM-NLP,7814711,P4,P5,P4->P5,-0.0331031318022826,-0.0412530191242694,-0.1360480934381485,-0.147511883316753,0.11440875151447039,0.0947950743138791,0.10460191291417474
Gemma-3-12B-IT,EBM-NLP,7814711,P5,P6,P5->P6,-0.0412530191242694,-0.0475563667714595,-0.0147998668253421,-0.0594335459172725,0.018180526793003096,0.0327564999461174,0.02546851336956025
Gemma-3-12B-IT,EBM-NLP,25784723,P1,P2,P1->P2,-0.0144000767655513,-0.00770263671875,-0.0133760935143579,-0.0149019891199683,0.0005019123544169994,0.0056734567956079,0.00308768457501245
Gemma-3-12B-IT,EBM-NLP,25784723,P2,P3,P2->P3,-0.00770263671875,-0.0089879118479215,-0.0192429579221285,-0.03574225510223,0.028039618383480003,0.010255046074207,0.019147332228843503
Gemma-3-12B-IT,EBM-NLP,25784723,P3,P4,P3->P4,-0.0089879118479215,-0.0098674599226419,-0.3112328764680144,-0.0928771018981933,0.0838891900502718,0.3013654165453725,0.19262730329782216
Gemma-3-12B-IT,EBM-NLP,25784723,P4,P5,P4->P5,-0.0098674599226419,-0.0133299115416291,-0.0098674599226419,-0.0133299115416291,0.0034624516189872,0.0034624516189872,0.0034624516189872
Gemma-3-12B-IT,EBM-NLP,25784723,P5,P6,P5->P6,-0.0133299115416291,-0.0419907250217885,-0.0279901360666285,-0.0534705434526716,0.040140631911042494,0.014000588955160001,0.027070610433101248
Gemma-3-12B-IT,EBM-NLP,8771302,P1,P2,P1->P2,-0.020658713446723,-0.0200623116403255,-0.012576586795303,-0.0341276190016004,0.013468905554877397,0.007485724845022501,0.01047731519994995
Gemma-3-12B-IT,EBM-NLP,8771302,P2,P3,P2->P3,-0.0200623116403255,-0.0246954207630555,-0.0279461646024699,-0.0195662323034034,0.0004960793369221013,0.0032507438394143995,0.0018734115881682504
Gemma-3-12B-IT,EBM-NLP,8771302,P3,P4,P3->P4,-0.0246954207630555,-0.0560247740769749,-0.3243388839179489,-0.0865897070227532,0.0618942862596977,0.26831410984097404,0.16510419805033588
Gemma-3-12B-IT,EBM-NLP,8771302,P4,P5,P4->P5,-0.0560247740769749,-0.0547606883904872,-0.1286619748824682,-0.154474277786797,0.09844950370982211,0.073901286491981,0.08617539510090155
Gemma-3-12B-IT,EBM-NLP,8771302,P5,P6,P5->P6,-0.0547606883904872,-0.0228540849041294,-0.0310920766881994,-0.095933321194771,0.04117263280428381,0.00823799178407,0.024705312294176905
Gemma-3-12B-IT,EBM-NLP,26210844,P1,P2,P1->P2,-0.0244651501273746,-0.0206308686783545,-0.0372634034619552,-0.0386107913457012,0.014145641218326604,0.016632534783600696,0.01538908800096365
Gemma-3-12B-IT,EBM-NLP,26210844,P2,P3,P2->P3,-0.0206308686783545,-0.0109467110223515,-0.032487937180154,-0.0538196161326476,0.0331887474542931,0.021541226157802497,0.0273649868060478
Gemma-3-12B-IT,EBM-NLP,26210844,P3,P4,P3->P4,-0.0109467110223515,-0.0474005216433678,-0.6410927478178048,-0.0917639123933605,0.080817201371009,0.593692226174437,0.337254713772723
Gemma-3-12B-IT,EBM-NLP,26210844,P4,P5,P4->P5,-0.0474005216433678,-0.0679865483637456,-0.1189165582190026,-0.0837992621056827,0.0363987404623149,0.050930009855257,0.04366437515878595
Gemma-3-12B-IT,EBM-NLP,26210844,P5,P6,P5->P6,-0.0679865483637456,-0.0334241815975734,-0.0474559068679809,-0.102130603123378,0.034144054759632406,0.014031725270407504,0.024087890015019955
Gemma-3-12B-IT,EBM-NLP,24960665,P1,P2,P1->P2,-0.0156212594565444,-0.0050078640904342,-0.0142594910504525,-0.0276701807037113,0.0120489212471669,0.0092516269600183,0.010650274103592601
Gemma-3-12B-IT,EBM-NLP,24960665,P2,P3,P2->P3,-0.0050078640904342,-0.0243337550552229,-0.0344110500416366,-0.009489239307872,0.0044813752174378005,0.010077294986413701,0.0072793351019257505
Gemma-3-12B-IT,EBM-NLP,24960665,P3,P4,P3->P4,-0.0243337550552229,-0.0158688151647174,-0.3666640993148561,-0.115558843238116,0.0912250881828931,0.3507952841501387,0.2210101861665159
Gemma-3-12B-IT,EBM-NLP,24960665,P4,P5,P4->P5,-0.0158688151647174,-0.0678542962595194,-0.1404865168723739,-0.0381863457815987,0.022317530616881298,0.0726322206128545,0.0474748756148679
Gemma-3-12B-IT,EBM-NLP,24960665,P5,P6,P5->P6,-0.0678542962595194,-0.023912593915865,-0.020345452543977,-0.1013259246569721,0.0334716283974527,0.0035671413718880024,0.01851938488467035
Gemma-3-12B-IT,EBM-NLP,9394106,P1,P2,P1->P2,-0.0094918210455711,-0.0091168846239883,-0.0166736036966862,-0.013408396091867,0.0039165750462959,0.0075567190726979,0.0057366470594969
Gemma-3-12B-IT,EBM-NLP,9394106,P2,P3,P2->P3,-0.0091168846239883,-0.0054194747760731,-0.0099365083120202,-0.0264784685162265,0.0173615838922382,0.004517033535947099,0.01093930871409265
Gemma-3-12B-IT,EBM-NLP,9394106,P3,P4,P3->P4,-0.0054194747760731,-0.0303272555645247,-0.3759925096554863,-0.1032046759000388,0.0977852011239657,0.3456652540909616,0.22172522760746366
Gemma-3-12B-IT,EBM-NLP,9394106,P4,P5,P4->P5,-0.0303272555645247,-0.0283807271566146,-0.1260471099462264,-0.0985840173592244,0.0682567617946997,0.09766638278961179,0.08296157229215574
Gemma-3-12B-IT,EBM-NLP,9394106,P5,P6,P5->P6,-0.0283807271566146,-0.0229209928370233,-0.0401873944410637,-0.0458380442399245,0.017457317083309897,0.0172664016040404,0.01736185934367515
Gemma-3-12B-IT,EBM-NLP,2803397,P1,P2,P1->P2,-0.0069480547939773,-0.0128130639592806,-0.0114351597925027,-0.0169039190250591,0.009955864231081801,0.0013779041667779015,0.005666884198929851
Gemma-3-12B-IT,EBM-NLP,2803397,P2,P3,P2->P3,-0.0128130639592806,-0.0060713305617823,-0.0197930191502426,-0.0139628772934277,0.0011498133341471001,0.0137216885884603,0.0074357509613037
Gemma-3-12B-IT,EBM-NLP,2803397,P3,P4,P3->P4,-0.0060713305617823,-0.0162311792373657,-0.2408824761708577,-0.0714503201571377,0.0653789895953554,0.224651296933492,0.14501514326442372
Gemma-3-12B-IT,EBM-NLP,2803397,P4,P5,P4->P5,-0.0162311792373657,-0.0239314565853196,-0.0960502468809789,-0.0343719800313313,0.018140800793965604,0.0721187902956593,0.04512979554481245
Gemma-3-12B-IT,EBM-NLP,2803397,P5,P6,P5->P6,-0.0239314565853196,-0.0126632859832362,-0.0345177336743003,-0.0357560294015067,0.011824572816187099,0.021854447691064097,0.016839510253625598
Gemma-3-12B-IT,EBM-NLP,20226474,P1,P2,P1->P2,-0.0116056953209538,-0.0234352074740514,-0.0156991311849837,-0.0379515608696088,0.026345865548655,0.007736076289067698,0.01704097091886135
Gemma-3-12B-IT,EBM-NLP,20226474,P2,P3,P2->P3,-0.0234352074740514,-0.0248131202928947,-0.0747341271602746,-0.0545535489240938,0.031118341450042403,0.049921006867379894,0.04051967415871115
Gemma-3-12B-IT,EBM-NLP,20226474,P3,P4,P3->P4,-0.0248131202928947,-0.010139309697681,-0.3494041495853,-0.1668924196802004,0.1420792993873057,0.33926483988761896,0.24067206963746235
Gemma-3-12B-IT,EBM-NLP,20226474,P4,P5,P4->P5,-0.010139309697681,-0.0175940696743951,-0.0541070716968481,-0.0619086159600151,0.0517693062623341,0.036513002022453,0.04414115414239355
Gemma-3-12B-IT,EBM-NLP,20226474,P5,P6,P5->P6,-0.0175940696743951,-0.0144198273503503,-0.0162021134250847,-0.0301506761191547,0.012556606444759602,0.0017822860747344002,0.007169446259747001
Gemma-3-12B-IT,EBM-NLP,14763035,P1,P2,P1->P2,-0.0068794755736026,-0.0083254354545869,-0.0183995074536426,-0.014356837372465,0.007477361798862401,0.010074071999055701,0.00877571689895905
Gemma-3-12B-IT,EBM-NLP,14763035,P2,P3,P2->P3,-0.0083254354545869,-0.0133655951810964,-0.0284643440988099,-0.0184469820505165,0.010121546595929601,0.015098748917713501,0.012610147756821552
Gemma-3-12B-IT,EBM-NLP,14763035,P3,P4,P3->P4,-0.0133655951810964,-0.0217137012952639,-0.8609753832404996,-0.0767776950646682,0.0634120998835718,0.8392616819452356,0.4513368909144037
Gemma-3-12B-IT,EBM-NLP,14763035,P4,P5,P4->P5,-0.0217137012952639,-0.0399944132024591,-0.0698813896674614,-0.0736448558760278,0.0519311545807639,0.029886976465002296,0.0409090655228831
Gemma-3-12B-IT,EBM-NLP,14763035,P5,P6,P5->P6,-0.0399944132024591,-0.0312761343442476,-0.0561979825680072,-0.0700139937462744,0.030019580543815302,0.024921848223759598,0.02747071438378745
Gemma-3-12B-IT,EBM-NLP,11317090,P1,P2,P1->P2,-0.0184903892993025,-0.010453516039355,-0.0146225053688575,-0.03066740414596,0.012177014846657501,0.0041689893295025,0.00817300208808
Gemma-3-12B-IT,EBM-NLP,11317090,P2,P3,P2->P3,-0.010453516039355,-0.0170258721884559,-0.0285799047526191,-0.0245178177438933,0.014064301704538299,0.011554032564163198,0.012809167134350749
Gemma-3-12B-IT,EBM-NLP,11317090,P3,P4,P3->P4,-0.0170258721884559,-0.072410952320415,-0.439819841753712,-0.0964103937149047,0.0793845215264488,0.367408889433297,0.22339670547987292
Gemma-3-12B-IT,EBM-NLP,11317090,P4,P5,P4->P5,-0.072410952320415,-0.0291050298541199,-0.1401740335950664,-0.0565845320896549,0.0158264202307601,0.11106900374094648,0.06344771198585329
Gemma-3-12B-IT,EBM-NLP,11317090,P5,P6,P5->P6,-0.0291050298541199,-0.062797466913859,-0.1613828114100865,-0.0738295807557947,0.04472455090167479,0.09858534449622751,0.07165494769895114
Gemma-3-12B-IT,SciERC,ECCV_2006_13_abs,P1,P2,P1->P2,-0.0165204741060733,-0.0106653335193792,-0.0175769502917925,-0.023318330446879,0.006797856340805701,0.006911616772413301,0.006854736556609501
Gemma-3-12B-IT,SciERC,ECCV_2006_13_abs,P2,P3,P2->P3,-0.0106653335193792,-0.0236088410019874,-0.0217476387818654,-0.02051526059707,0.009849927077690801,0.0018612022201219998,0.005855564648906401
Gemma-3-12B-IT,SciERC,ECCV_2006_13_abs,P3,P4,P3->P4,-0.0236088410019874,-0.0171109698087477,-0.2423548526901135,-0.0897985796133677,0.06618973861138029,0.2252438828813658,0.14571681074637305
Gemma-3-12B-IT,SciERC,ECCV_2006_13_abs,P4,P5,P4->P5,-0.0171109698087477,-0.0300559327908347,-0.0797433460595821,-0.050613220361211,0.033502250552463295,0.0496874132687474,0.04159483191060535
Gemma-3-12B-IT,SciERC,ECCV_2006_13_abs,P5,P6,P5->P6,-0.0300559327908347,-0.0344483370337981,-0.0322750643954251,-0.037191548012648,0.007135615221813298,0.0021732726383729972,0.004654443930093148
Gemma-3-12B-IT,EBM-NLP,3534803,P1,P2,P1->P2,-0.0088713974081059,-0.0063611532633121,-0.0045913887711671,-0.0222027276151923,0.013331330207086399,0.0017697644921450002,0.0075505473496157
Gemma-3-12B-IT,EBM-NLP,3534803,P2,P3,P2->P3,-0.0063611532633121,-0.0109725687877241,-0.0249527092439582,-0.0178934817130749,0.011532328449762801,0.013980140456234101,0.012756234452998451
Gemma-3-12B-IT,EBM-NLP,3534803,P3,P4,P3->P4,-0.0109725687877241,-0.0100368158849655,-0.2112019569086273,-0.0417398154017436,0.030767246614019503,0.20116514102366181,0.11596619381884066
Gemma-3-12B-IT,EBM-NLP,3534803,P4,P5,P4->P5,-0.0100368158849655,-0.0221348216186216,-0.0398207621358746,-0.0330472618206593,0.023010445935693798,0.017685940517252998,0.020348193226473396
Gemma-3-12B-IT,EBM-NLP,3534803,P5,P6,P5->P6,-0.0221348216186216,-0.0206886320257905,-0.0221348216186216,-0.0206886320257905,0.0014461895928311007,0.0014461895928311007,0.0014461895928311007
Gemma-3-12B-IT,EBM-NLP,14739125,P1,P2,P1->P2,-0.0091090412487737,-0.0143323371504071,-0.035270749221202,-0.0309716082633809,0.021862567014607204,0.020938412070794898,0.021400489542701052
Gemma-3-12B-IT,EBM-NLP,14739125,P2,P3,P2->P3,-0.0143323371504071,-0.0198120982558638,-0.0532221529218885,-0.0170537686243848,0.0027214314739777007,0.0334100546660247,0.0180657430700012
Gemma-3-12B-IT,EBM-NLP,14739125,P3,P4,P3->P4,-0.0198120982558638,-0.0289767046232481,-0.9225008165514148,-0.0850786632961697,0.0652665650403059,0.8935241119281667,0.4793953384842363
Gemma-3-12B-IT,EBM-NLP,14739125,P4,P5,P4->P5,-0.0289767046232481,-0.026372142740198,-0.0289767046232481,-0.026372142740198,0.0026045618830501,0.0026045618830501,0.0026045618830501
Gemma-3-12B-IT,EBM-NLP,14739125,P5,P6,P5->P6,-0.026372142740198,-0.0127068596917229,-0.026372142740198,-0.0127068596917229,0.013665283048475101,0.013665283048475101,0.013665283048475101
Gemma-3-12B-IT,EBM-NLP,7808649,P1,P2,P1->P2,-0.0315884651676301,-0.0078814037074983,-0.0202906995365863,-0.0463443079302387,0.0147558427626086,0.012409295829087999,0.0135825692958483
Gemma-3-12B-IT,EBM-NLP,7808649,P2,P3,P2->P3,-0.0078814037074983,-0.0129844922285813,-0.0554114512908153,-0.0291657226373536,0.0212843189298553,0.042426959062234,0.031855638996044655
Gemma-3-12B-IT,EBM-NLP,7808649,P3,P4,P3->P4,-0.0129844922285813,-0.0166494341996999,-0.5390520095825195,-0.1135608966533954,0.10057640442481411,0.5224025753828196,0.31148948990381686
Gemma-3-12B-IT,EBM-NLP,7808649,P4,P5,P4->P5,-0.0166494341996999,-0.0346085115806343,-0.2156716179601925,-0.1347891092300415,0.1181396750303416,0.1810631063795582,0.1496013907049499
Gemma-3-12B-IT,EBM-NLP,7808649,P5,P6,P5->P6,-0.0346085115806343,-0.0206890909039244,-0.082852908543178,-0.0662066518645925,0.0315981402839582,0.062163817639253605,0.0468809789616059
Gemma-3-12B-IT,EBM-NLP,23103798,P1,P2,P1->P2,-0.0058369960821451,-0.0199809399839678,-0.0177821603656168,-0.0119017613801919,0.0060647652980468005,0.0021987796183510003,0.0041317724581989
Gemma-3-12B-IT,EBM-NLP,23103798,P2,P3,P2->P3,-0.0199809399839678,-0.0081883407220607,-0.0180550684912279,-0.0251337441916989,0.0051528042077311,0.0098667277691672,0.00750976598844915
Gemma-3-12B-IT,EBM-NLP,23103798,P3,P4,P3->P4,-0.0081883407220607,-0.021688372589821,-0.191487410535844,-0.0625554593182607,0.054367118596200005,0.169799037946023,0.1120830782711115
Gemma-3-12B-IT,EBM-NLP,23103798,P4,P5,P4->P5,-0.021688372589821,-0.0280448601867438,-0.0466271597123795,-0.0330031733972289,0.0113148008074079,0.018582299525635698,0.0149485501665218
Gemma-3-12B-IT,EBM-NLP,23103798,P5,P6,P5->P6,-0.0280448601867438,-0.0258299257960254,-0.0449916011068076,-0.0592064133877884,0.0311615532010446,0.019161675310782198,0.0251616142559134
Gemma-3-12B-IT,EBM-NLP,8913901,P1,P2,P1->P2,-0.026520423781095,-0.0110068155559528,-0.019789205937227,-0.0341386416816171,0.007618217900522101,0.0087823903812742,0.008200304140898151
Gemma-3-12B-IT,EBM-NLP,8913901,P2,P3,P2->P3,-0.0110068155559528,-0.014088700612386,-0.0233419354756673,-0.0197401046752929,0.008733289119340099,0.009253234863281298,0.008993261991310699
Gemma-3-12B-IT,EBM-NLP,8913901,P3,P4,P3->P4,-0.014088700612386,-0.0141458411176665,-0.5898820893103335,-0.1565630086263021,0.14247430801391608,0.575736248192667,0.3591052781032915
Gemma-3-12B-IT,EBM-NLP,8913901,P4,P5,P4->P5,-0.0141458411176665,-0.0225103509669401,-0.1083089283534458,-0.009608124484535,0.004537716633131501,0.0857985773865057,0.0451681470098186
Gemma-3-12B-IT,EBM-NLP,8913901,P5,P6,P5->P6,-0.0225103509669401,-0.0515934788450902,-0.0225103509669401,-0.0515934788450902,0.029083127878150098,0.029083127878150098,0.029083127878150098
Gemma-3-12B-IT,EBM-NLP,25898782,P1,P2,P1->P2,-0.0141464822225415,-0.0152429906498919,-0.0167130320946092,-0.0244418331580112,0.010295350935469702,0.0014700414447173012,0.0058826961900935015
Gemma-3-12B-IT,EBM-NLP,25898782,P2,P3,P2->P3,-0.0152429906498919,-0.0142288958088735,-0.0434335269285052,-0.0324782205221916,0.017235229872299695,0.029204631119631702,0.0232199304959657
Gemma-3-12B-IT,EBM-NLP,25898782,P3,P4,P3->P4,-0.0142288958088735,-0.0431272491576179,-0.2857488601926773,-0.0675036505366979,0.053274754727824405,0.24262161103505941,0.1479481828814419
Gemma-3-12B-IT,EBM-NLP,25898782,P4,P5,P4->P5,-0.0431272491576179,-0.0177265074194931,-0.0975687073498237,-0.027410866722228,0.0157163824353899,0.0798421999303306,0.047779291182860256
Gemma-3-12B-IT,EBM-NLP,25898782,P5,P6,P5->P6,-0.0177265074194931,-0.0823809328213543,-0.1164191340056943,-0.0378786366160322,0.0201521291965391,0.034038201184340006,0.02709516519043955
Gemma-3-12B-IT,EBM-NLP,21896676,P1,P2,P1->P2,-0.0049611433284489,-0.0100602461576889,-0.0193342999881217,-0.019250914806456,0.014289771478007099,0.009274053830432798,0.011781912654219948
Gemma-3-12B-IT,EBM-NLP,21896676,P2,P3,P2->P3,-0.0100602461576889,-0.0112206692598303,-0.0184535279565927,-0.0158617783277638,0.0058015321700748985,0.007232858696762401,0.00651719543341865
Gemma-3-12B-IT,EBM-NLP,21896676,P3,P4,P3->P4,-0.0112206692598303,-0.0160223798814162,-0.3610482309378829,-0.1246220491370376,0.1134013798772073,0.3450258510564667,0.229213615466837
Gemma-3-12B-IT,EBM-NLP,21896676,P4,P5,P4->P5,-0.0160223798814162,-0.017351943216506,-0.1237211531134927,-0.0584906409768497,0.0424682610954335,0.1063692098969867,0.0744187354962101
Gemma-3-12B-IT,EBM-NLP,21896676,P5,P6,P5->P6,-0.017351943216506,-0.0214312021759734,-0.054784440446174,-0.0591138426665287,0.041761899450022705,0.0333532382702006,0.03755756886011165
Gemma-3-12B-IT,SciERC,ECCV_2016_212_abs,P1,P2,P1->P2,-0.0153731492658456,-0.0152118590970834,-0.0179669633507728,-0.0173142813146114,0.0019411320487658004,0.002755104253689399,0.0023481181512275996
Gemma-3-12B-IT,SciERC,ECCV_2016_212_abs,P2,P3,P2->P3,-0.0152118590970834,-0.0141637807097553,-0.0125981608145861,-0.0330709914366404,0.017859132339557,0.0015656198951692,0.0097123761173631
Gemma-3-12B-IT,SciERC,ECCV_2016_212_abs,P3,P4,P3->P4,-0.0141637807097553,-0.01257946047672,-0.2103091543034989,-0.0996365105779416,0.0854727298681863,0.19772969382677888,0.1416012118474826
Gemma-3-12B-IT,SciERC,ECCV_2016_212_abs,P4,P5,P4->P5,-0.01257946047672,-0.0137211452020662,-0.0445076701797057,-0.0554690656735915,0.0428896051968715,0.0307865249776395,0.0368380650872555
Gemma-3-12B-IT,SciERC,ECCV_2016_212_abs,P5,P6,P5->P6,-0.0137211452020662,-0.0101072435548319,-0.0103979863123545,-0.0174958148849344,0.003774669682868199,0.0002907427575226003,0.0020327062201953997
Gemma-3-12B-IT,EBM-NLP,21924760,P1,P2,P1->P2,-0.0090054514702786,-0.0210025879551636,-0.0331418968039336,-0.0254897776614414,0.0164843261911628,0.012139308848769997,0.014311817519966399
Gemma-3-12B-IT,EBM-NLP,21924760,P2,P3,P2->P3,-0.0210025879551636,-0.0396751462396094,-0.0447588780634232,-0.0308915682789782,0.009888980323814599,0.005083731823813796,0.007486356073814197
Gemma-3-12B-IT,EBM-NLP,21924760,P3,P4,P3->P4,-0.0396751462396094,-0.0306532644007327,-0.3368669217520386,-0.1345351157334884,0.09485996949387898,0.3062136573513059,0.20053681342259244
Gemma-3-12B-IT,EBM-NLP,21924760,P4,P5,P4->P5,-0.0306532644007327,-0.0666875034929758,-0.6784608680081655,-0.1781892428432938,0.14753597844256108,0.6117733645151897,0.3796546714788754
Gemma-3-12B-IT,EBM-NLP,21924760,P5,P6,P5->P6,-0.0666875034929758,-0.0306040652004289,-0.1182959874471028,-0.1067208439470773,0.04003334045410151,0.08769192224667391,0.06386263135038771
Gemma-3-12B-IT,EBM-NLP,10912743,P1,P2,P1->P2,-0.011742300642676,-0.0137327415565606,-0.0107648439883151,-0.0316818788612917,0.0199395782186157,0.0029678975682455,0.0114537378934306
Gemma-3-12B-IT,EBM-NLP,10912743,P2,P3,P2->P3,-0.0137327415565606,-0.0172175165742879,-0.0256241998490585,-0.0150775454308102,0.0013448038742496001,0.0084066832747706,0.0048757435745101
Gemma-3-12B-IT,EBM-NLP,10912743,P3,P4,P3->P4,-0.0172175165742879,-0.0235813825558393,-0.3653605779012044,-0.0967669162178559,0.079549399643568,0.3417791953453651,0.21066429749446655
Gemma-3-12B-IT,EBM-NLP,10912743,P4,P5,P4->P5,-0.0235813825558393,-0.040286939222734,-0.0616674370818085,-0.0814582995879344,0.05787691703209509,0.021380497859074504,0.0396287074455848
Gemma-3-12B-IT,EBM-NLP,10912743,P5,P6,P5->P6,-0.040286939222734,-0.0566539764404296,-0.1406812114100302,-0.0689579366327642,0.0286709974100302,0.0840272349696006,0.056349116189815404
Gemma-3-12B-IT,EBM-NLP,10589810,P1,P2,P1->P2,-0.0107707366222093,-0.0079481825058019,-0.0076377140554387,-0.0222764716428868,0.0115057350206775,0.00031046845036320023,0.00590810173552035
Gemma-3-12B-IT,EBM-NLP,10589810,P2,P3,P2->P3,-0.0079481825058019,-0.0055295460676421,-0.0079481825058019,-0.0055295460676421,0.0024186364381598,0.0024186364381598,0.0024186364381598
Gemma-3-12B-IT,EBM-NLP,10589810,P3,P4,P3->P4,-0.0055295460676421,-0.0437029890111974,-0.2242675214200406,-0.082890896942353,0.07736135087471091,0.1805645324088432,0.12896294164177707
Gemma-3-12B-IT,EBM-NLP,10589810,P4,P5,P4->P5,-0.0437029890111974,-0.0326449703162824,-0.0824650845057527,-0.0704553320601179,0.026752343048920504,0.0498201141894703,0.0382862286191954
Gemma-3-12B-IT,EBM-NLP,10589810,P5,P6,P5->P6,-0.0326449703162824,-0.0270381283115696,-0.0561229551160657,-0.0777867008262956,0.0451417305100132,0.0290848268044961,0.03711327865725465
Gemma-3-12B-IT,EBM-NLP,23392542,P1,P2,P1->P2,-0.0032330662399143,-0.0027337468959189,-0.0160024005013543,-0.020435340992816,0.0172022747529017,0.013268653605435398,0.015235464179168549
Gemma-3-12B-IT,EBM-NLP,23392542,P2,P3,P2->P3,-0.0027337468959189,-0.0058523489048997,-0.0064542602265308,-0.017423162589202,0.014689415693283098,0.0006019113216311003,0.007645663507457099
Gemma-3-12B-IT,EBM-NLP,23392542,P3,P4,P3->P4,-0.0058523489048997,-0.0073043899646597,-0.1984539989338878,-0.0259338236078271,0.0200814747029274,0.19114960896922809,0.10561554183607774
Gemma-3-12B-IT,EBM-NLP,23392542,P4,P5,P4->P5,-0.0073043899646597,-0.0205859622439822,-0.1247029838414726,-0.0438301830218105,0.0365257930571508,0.10411702159749041,0.0703214073273206
Gemma-3-12B-IT,EBM-NLP,23392542,P5,P6,P5->P6,-0.0205859622439822,-0.0230464977500713,-0.0356567771033903,-0.0408315253533912,0.020245563109409,0.012610279353318998,0.016427921231364
Gemma-3-12B-IT,EBM-NLP,24515505,P1,P2,P1->P2,-0.0193065330386161,-0.006670570555534,-0.0081052862050879,-0.0380349993705749,0.018728466331958796,0.0014347156495538999,0.010081590990756348
Gemma-3-12B-IT,EBM-NLP,24515505,P2,P3,P2->P3,-0.006670570555534,-0.0361415555958304,-0.0621569756747914,-0.0299639228646081,0.023293352309074103,0.026015420078961002,0.024654386194017552
Gemma-3-12B-IT,EBM-NLP,24515505,P3,P4,P3->P4,-0.0361415555958304,-0.0771528005599975,-0.8922641754150391,-0.1233216716048398,0.0871801160090094,0.8151113748550416,0.4511457454320255
Gemma-3-12B-IT,EBM-NLP,24515505,P4,P5,P4->P5,-0.0771528005599975,-0.0702636594603047,-0.1449743869036612,-0.0550486087799072,0.0221041917800903,0.07471072744335651,0.04840745961172341
Gemma-3-12B-IT,EBM-NLP,24515505,P5,P6,P5->P6,-0.0702636594603047,-0.0476975056432908,-0.1061248164023122,-0.0658477805775298,0.004415878882774907,0.0584273107590214,0.03142159482089815
Gemma-3-12B-IT,EBM-NLP,25950425,P1,P2,P1->P2,-0.0117426129376016,-0.0086509762388287,-0.0256376439874822,-0.0235784722537529,0.0118358593161513,0.016986667748653497,0.014411263532402399
Gemma-3-12B-IT,EBM-NLP,25950425,P2,P3,P2->P3,-0.0086509762388287,-0.0150163922991071,-0.025553240094866,-0.0220464157335685,0.013395439494739802,0.010536847795758898,0.011966143645249349
Gemma-3-12B-IT,EBM-NLP,25950425,P3,P4,P3->P4,-0.0150163922991071,-0.0301460346192804,-0.2572777435069776,-0.1001861330062624,0.0851697407071553,0.22713170888769718,0.15615072479742625
Gemma-3-12B-IT,EBM-NLP,25950425,P4,P5,P4->P5,-0.0301460346192804,-0.0382313052813212,-0.0863384087880452,-0.0652071683461429,0.0350611337268625,0.048107103506724,0.04158411861679325
Gemma-3-12B-IT,EBM-NLP,25950425,P5,P6,P5->P6,-0.0382313052813212,-0.0465928251520166,-0.0737672909139999,-0.0419716954231262,0.0037403901418049945,0.027174465761983305,0.01545742795189415
Gemma-3-12B-IT,EBM-NLP,21982657,P1,P2,P1->P2,-0.0154085960327728,-0.0141195576504407,-0.0180703805262349,-0.0285626817996452,0.0131540857668724,0.003950822875794201,0.008552454321333301
Gemma-3-12B-IT,EBM-NLP,21982657,P2,P3,P2->P3,-0.0141195576504407,-0.0256718370649549,-0.0478066338433159,-0.0492206892644266,0.0351011316139859,0.022134796778361,0.028617964196173448
Gemma-3-12B-IT,EBM-NLP,21982657,P3,P4,P3->P4,-0.0256718370649549,-0.0454239029394809,-0.2294328058627168,-0.0647415019847728,0.0390696649198179,0.1840089029232359,0.1115392839215269
Gemma-3-12B-IT,EBM-NLP,21982657,P4,P5,P4->P5,-0.0454239029394809,-0.0273763673722476,-0.0745829252918739,-0.076370558357964,0.0309466554184831,0.047206557919626295,0.0390766066690547
Gemma-3-12B-IT,EBM-NLP,21982657,P5,P6,P5->P6,-0.0273763673722476,-0.0205886016538993,-0.0391336421870706,-0.0289171629422448,0.0015407955699971998,0.018545040533171298,0.010042918051584249
Gemma-3-12B-IT,EBM-NLP,24726342,P1,P2,P1->P2,-0.0088706381932985,-0.008614566989411,-0.0297430314515766,-0.0188658703332659,0.0099952321399674,0.021128464462165597,0.015561848301066498
Gemma-3-12B-IT,EBM-NLP,24726342,P2,P3,P2->P3,-0.008614566989411,-0.0045989388450581,-0.0088212694076293,-0.0132366571211277,0.004622090131716701,0.0042223305625711995,0.00442221034714395
Gemma-3-12B-IT,EBM-NLP,24726342,P3,P4,P3->P4,-0.0045989388450581,-0.0213560727926401,-0.2567869333120492,-0.0789494692960525,0.07435053045099439,0.23543086051940912,0.15489069548520176
Gemma-3-12B-IT,EBM-NLP,24726342,P4,P5,P4->P5,-0.0213560727926401,-0.0509935951986802,-0.1494107906055073,-0.1292508051945613,0.10789473240192121,0.0984171954068271,0.10315596390437415
Gemma-3-12B-IT,EBM-NLP,24726342,P5,P6,P5->P6,-0.0509935951986802,-0.0401812195777893,-0.0716752374873441,-0.0983260233882858,0.047332428189605605,0.0314940179095548,0.0394132230495802
Gemma-3-12B-IT,EBM-NLP,21669557,P1,P2,P1->P2,-0.007867476360946,-0.0299445669991629,-0.0540490123203822,-0.026890817559596,0.01902334119865,0.0241044453212193,0.02156389325993465
Gemma-3-12B-IT,EBM-NLP,21669557,P2,P3,P2->P3,-0.0299445669991629,-0.0120083225383912,-0.0217157759756412,-0.0252158137730189,0.0047287532261440016,0.00970745343725,0.007218103331697001
Gemma-3-12B-IT,EBM-NLP,21669557,P3,P4,P3->P4,-0.0120083225383912,-0.044614135672193,-0.5614828757189829,-0.0955710192574966,0.0835626967191054,0.51686874004679,0.3002157183829477
Gemma-3-12B-IT,EBM-NLP,21669557,P4,P5,P4->P5,-0.044614135672193,-0.0252491860162644,-0.1711650770537707,-0.1346442196347297,0.0900300839625367,0.1459158910375063,0.1179729875000215
Gemma-3-12B-IT,EBM-NLP,21669557,P5,P6,P5->P6,-0.0252491860162644,-0.0221766144239983,-0.051149186633882,-0.0264278188043711,0.0011786327881067003,0.028972572209883703,0.015075602498995202
Gemma-3-12B-IT,EBM-NLP,19301724,P1,P2,P1->P2,-0.0094520148761295,-0.0103434529460844,-0.0205128056104065,-0.012158380813703,0.0027063659375735002,0.010169352664322102,0.006437859300947801
Gemma-3-12B-IT,EBM-NLP,19301724,P2,P3,P2->P3,-0.0103434529460844,-0.0042923161616692,-0.0168609278542654,-0.0328426791019127,0.0224992261558283,0.0125686116925962,0.01753391892421225
Gemma-3-12B-IT,EBM-NLP,19301724,P3,P4,P3->P4,-0.0042923161616692,-0.0126335518160104,-0.1712890936403858,-0.0310983107640193,0.0268059946023501,0.1586555418243754,0.09273076821336276
Gemma-3-12B-IT,EBM-NLP,19301724,P4,P5,P4->P5,-0.0126335518160104,-0.0461668690969777,-0.202022862988849,-0.0457164003194865,0.0330828485034761,0.1558559938918713,0.0944694211976737
Gemma-3-12B-IT,EBM-NLP,19301724,P5,P6,P5->P6,-0.0461668690969777,-0.0300853860144521,-0.0175850040772381,-0.0530924464381018,0.0069255773411240965,0.012500381937214002,0.00971297963916905
Gemma-3-12B-IT,EBM-NLP,12576806,P1,P2,P1->P2,-0.0137452120068429,-0.0073745124194086,-0.0361937153096101,-0.0278453607668821,0.0141001487600392,0.028819202890201505,0.02145967582512035
Gemma-3-12B-IT,EBM-NLP,12576806,P2,P3,P2->P3,-0.0073745124194086,-0.02222626549857,-0.0220691583594497,-0.0210487871753926,0.013674274755984,0.0001571071391202987,0.006915690947552149
Gemma-3-12B-IT,EBM-NLP,12576806,P3,P4,P3->P4,-0.02222626549857,-0.0210173017838421,-0.7975163179285386,-0.1384543282645089,0.1162280627659389,0.7764990161446965,0.4463635394553177
Gemma-3-12B-IT,EBM-NLP,12576806,P4,P5,P4->P5,-0.0210173017838421,-0.0522474527359008,-0.1240522193908691,-0.1185819850248449,0.0975646832410028,0.07180476665496831,0.08468472494798555
Gemma-3-12B-IT,EBM-NLP,12576806,P5,P6,P5->P6,-0.0522474527359008,-0.0291853173870906,-0.0556740849931663,-0.0602190780639648,0.007971625328064003,0.026488767606075696,0.01723019646706985
Gemma-3-12B-IT,SciERC,W02-1602,P1,P2,P1->P2,-0.0270101552208264,-0.0220005552647477,-0.0275957189607185,-0.0394702901442845,0.0124601349234581,0.005595163695970799,0.009027649309714449
Gemma-3-12B-IT,SciERC,W02-1602,P2,P3,P2->P3,-0.0220005552647477,-0.0095148268269329,-0.0190286054843809,-0.0427051529268864,0.020704597662138696,0.009513778657448001,0.015109188159793348
Gemma-3-12B-IT,SciERC,W02-1602,P3,P4,P3->P4,-0.0095148268269329,-0.0339419508633548,-0.2658266250401327,-0.1039412312391327,0.0944264044121998,0.2318846741767779,0.16315553929448884
Gemma-3-12B-IT,SciERC,W02-1602,P4,P5,P4->P5,-0.0339419508633548,-0.0343440188559127,-0.1253673467049706,-0.0783505008645253,0.0444085500011705,0.0910233278490579,0.0677159389251142
Gemma-3-12B-IT,SciERC,W02-1602,P5,P6,P5->P6,-0.0343440188559127,-0.0401212256145214,-0.0484526347851293,-0.0307739467682576,0.003570072087655099,0.0083314091706079,0.0059507406291315
Gemma-3-12B-IT,EBM-NLP,22956006,P1,P2,P1->P2,-0.0116854993005593,-0.0090119869758685,-0.0111554786562919,-0.0172922772665818,0.0056067779660225,0.002143491680423399,0.0038751348232229496
Gemma-3-12B-IT,EBM-NLP,22956006,P2,P3,P2->P3,-0.0090119869758685,-0.014505126373171,-0.0289630814898529,-0.0151661187410354,0.0061541317651669005,0.0144579551166819,0.0103060434409244
Gemma-3-12B-IT,EBM-NLP,22956006,P3,P4,P3->P4,-0.014505126373171,-0.0347736408835963,-0.3699628729569285,-0.0514322033403429,0.0369270769671719,0.3351892320733322,0.18605815452025204
Gemma-3-12B-IT,EBM-NLP,22956006,P4,P5,P4->P5,-0.0347736408835963,-0.0115098173980119,-0.0538137191000615,-0.1837184906005859,0.1489448497169896,0.0423039017020496,0.0956243757095196
Gemma-3-12B-IT,EBM-NLP,22956006,P5,P6,P5->P6,-0.0115098173980119,-0.0389508325696567,-0.0590787694074105,-0.0271039844023114,0.0155941670042995,0.020127936837753796,0.017861051921026647
Gemma-3-12B-IT,EBM-NLP,20943715,P1,P2,P1->P2,-0.0093546342313959,-0.0145567585675161,-0.0123894506163732,-0.0229154911316799,0.013560856900284,0.002167307951142899,0.007864082425713449
Gemma-3-12B-IT,EBM-NLP,20943715,P2,P3,P2->P3,-0.0145567585675161,-0.0088876714769578,-0.0326659063629756,-0.0148537250819118,0.0002969665143957006,0.023778234886017803,0.012037600700206753
Gemma-3-12B-IT,EBM-NLP,20943715,P3,P4,P3->P4,-0.0088876714769578,-0.0375027082584522,-0.3125869609691478,-0.0724217370645889,0.06353406558763111,0.2750842527106956,0.16930915914916334
Gemma-3-12B-IT,EBM-NLP,20943715,P4,P5,P4->P5,-0.0375027082584522,-0.0299202548384101,-0.0328040326376096,-0.0666693316565619,0.0291666233981097,0.0028837777991995023,0.0160252005986546
Gemma-3-12B-IT,EBM-NLP,20943715,P5,P6,P5->P6,-0.0299202548384101,-0.0081069298039853,-0.0229895644717746,-0.0559161308252415,0.025995875986831403,0.014882634667789298,0.02043925532731035
Gemma-3-12B-IT,EBM-NLP,22897461,P1,P2,P1->P2,-0.0137379640756651,-0.0079173302075949,-0.036250378712114,-0.0219692213590755,0.0082312572834104,0.0283330485045191,0.01828215289396475
Gemma-3-12B-IT,EBM-NLP,22897461,P2,P3,P2->P3,-0.0079173302075949,-0.0248401627477728,-0.022150255192471,-0.0230240879288638,0.0151067577212689,0.0026899075553017994,0.00889833263828535
Gemma-3-12B-IT,EBM-NLP,22897461,P3,P4,P3->P4,-0.0248401627477728,-0.0089817773212086,-0.2640484376387162,-0.0483494164131006,0.0235092536653278,0.25506666031750763,0.13928795699141772
Gemma-3-12B-IT,EBM-NLP,22897461,P4,P5,P4->P5,-0.0089817773212086,-0.0222422010662612,-0.0610589427752706,-0.037855711850253,0.028873934529044402,0.0388167417090094,0.0338453381190269
Gemma-3-12B-IT,EBM-NLP,22897461,P5,P6,P5->P6,-0.0222422010662612,-0.0205665554166374,-0.0492804274965294,-0.030815811287421,0.008573610221159798,0.028713872079892004,0.018643741150525903
Gemma-3-12B-IT,EBM-NLP,21491990,P1,P2,P1->P2,-0.0091883185919493,-0.0102887928696487,-0.0637666884243698,-0.0243078313264134,0.015119512734464099,0.05347789555472111,0.0342987041445926
Gemma-3-12B-IT,EBM-NLP,21491990,P2,P3,P2->P3,-0.0102887928696487,-0.0085827821662068,-0.0420906360332782,-0.0517090773835199,0.041420284513871204,0.0335078538670714,0.0374640691904713
Gemma-3-12B-IT,EBM-NLP,21491990,P3,P4,P3->P4,-0.0085827821662068,-0.0162839542161549,-0.3419674753353295,-0.1805218376128779,0.1719390554466711,0.3256835211191746,0.24881128828292284
Gemma-3-12B-IT,EBM-NLP,21491990,P4,P5,P4->P5,-0.0162839542161549,-0.0634170548390534,-0.1508259045875678,-0.071019292667212,0.0547353384510571,0.08740884974851441,0.07107209409978577
Gemma-3-12B-IT,EBM-NLP,21491990,P5,P6,P5->P6,-0.0634170548390534,-0.0331076462256726,-0.0901500198441713,-0.0432471905724477,0.0201698642666057,0.0570423736184987,0.0386061189425522
Gemma-3-12B-IT,SciERC,J86-3001,P1,P2,P1->P2,-0.0206051344672838,-0.0179867918292681,-0.0304140796264012,-0.0384428650140762,0.0178377305467924,0.012427287797133098,0.015132509171962748
Gemma-3-12B-IT,SciERC,J86-3001,P2,P3,P2->P3,-0.0179867918292681,-0.0096472507963577,-0.0143973541756471,-0.021582655608654,0.003595863779385901,0.0047501033792894005,0.004172983579337651
Gemma-3-12B-IT,SciERC,J86-3001,P3,P4,P3->P4,-0.0096472507963577,-0.0378611750293293,-0.259076669093178,-0.0914124846458435,0.08176523384948581,0.22121549406384872,0.15149036395666726
Gemma-3-12B-IT,SciERC,J86-3001,P4,P5,P4->P5,-0.0378611750293293,-0.0419049909263303,-0.1138723045041709,-0.0870397380505147,0.049178563021185395,0.07196731357784059,0.06057293829951299
Gemma-3-12B-IT,SciERC,J86-3001,P5,P6,P5->P6,-0.0419049909263303,-0.0300062383924211,-0.0307348058337257,-0.0369677665906074,0.004937224335722898,0.0007285674413045999,0.002832895888513749
Gemma-3-12B-IT,EBM-NLP,24989854,P1,P2,P1->P2,-0.0185321870525759,-0.0235749929229174,-0.0388802214390417,-0.0454664367425123,0.0269342496899364,0.015305228516124297,0.021119739103030347
Gemma-3-12B-IT,EBM-NLP,24989854,P2,P3,P2->P3,-0.0235749929229174,-0.0192058455219584,-0.0472139548201587,-0.0298680869104428,0.006293093987525398,0.0280081092982003,0.017150601642862848
Gemma-3-12B-IT,EBM-NLP,24989854,P3,P4,P3->P4,-0.0192058455219584,-0.0421740061616244,-0.6186380255712222,-0.2652655754300112,0.24605972990805283,0.5764640194095978,0.4112618746588253
Gemma-3-12B-IT,EBM-NLP,24989854,P4,P5,P4->P5,-0.0421740061616244,-0.0475128306898959,-0.0905619055725807,-0.0548553989358144,0.012681392774189996,0.0430490748826848,0.027865233828437398
Gemma-3-12B-IT,EBM-NLP,24989854,P5,P6,P5->P6,-0.0475128306898959,-0.0266778845536081,-0.0538826323392098,-0.0706236639688181,0.023110833278922195,0.0272047477856017,0.02515779053226195
Gemma-3-12B-IT,EBM-NLP,22341427,P1,P2,P1->P2,-0.0123759939914613,-0.0305730677026463,-0.0157987883710485,-0.0341875083803191,0.0218115143888578,0.014774279331597803,0.0182928968602278
Gemma-3-12B-IT,EBM-NLP,22341427,P2,P3,P2->P3,-0.0305730677026463,-0.0032308073494378,-0.0305730677026463,-0.0032308073494378,0.0273422603532085,0.0273422603532085,0.0273422603532085
Gemma-3-12B-IT,EBM-NLP,22341427,P3,P4,P3->P4,-0.0032308073494378,-0.0175820789604543,-0.4478817520854629,-0.110214713990219,0.1069839066407812,0.4302996731250086,0.2686417898828949
Gemma-3-12B-IT,EBM-NLP,22341427,P4,P5,P4->P5,-0.0175820789604543,-0.0493292685364445,-0.2057654039446278,-0.053572538857148,0.0359904598966937,0.1564361354081833,0.0962132976524385
Gemma-3-12B-IT,EBM-NLP,22341427,P5,P6,P5->P6,-0.0493292685364445,-0.0700251287029635,-0.0740552717639553,-0.0869182502211679,0.0375889816847234,0.004030143060991795,0.0208095623728576
Gemma-3-12B-IT,EBM-NLP,10475150,P1,P2,P1->P2,-0.0068077434033045,-0.0200695180755527,-0.0461956320990746,-0.0318593521399691,0.0250516087366646,0.026126114023521902,0.025588861380093253
Gemma-3-12B-IT,EBM-NLP,10475150,P2,P3,P2->P3,-0.0200695180755527,-0.0114251151680946,-0.0260256696492433,-0.0489620076819867,0.028892489606433997,0.014600554481148699,0.02174652204379135
Gemma-3-12B-IT,EBM-NLP,10475150,P3,P4,P3->P4,-0.0114251151680946,-0.019370464178232,-0.3838170858529898,-0.1066248267889022,0.09519971162080759,0.3644466216747578,0.22982316664778268
Gemma-3-12B-IT,EBM-NLP,10475150,P4,P5,P4->P5,-0.019370464178232,-0.0246642152468363,-0.0320419748624165,-0.062482503744272,0.04311203956604,0.007377759615580199,0.025244899590810096
Gemma-3-12B-IT,EBM-NLP,10475150,P5,P6,P5->P6,-0.0246642152468363,-0.0444453481643919,-0.0888546686323862,-0.0738988717397054,0.049234656492869094,0.0444093204679943,0.046821988480431696
Gemma-3-12B-IT,EBM-NLP,22154769,P1,P2,P1->P2,-0.0095549157408417,-0.0141251632823279,-0.0360321998596191,-0.019783465588679,0.010228549847837302,0.0219070365772912,0.01606779321256425
Gemma-3-12B-IT,EBM-NLP,22154769,P2,P3,P2->P3,-0.0141251632823279,-0.0090856601898257,-0.0094841646501067,-0.0335517214305365,0.0194265581482086,0.000398504460281,0.009912531304244802
Gemma-3-12B-IT,EBM-NLP,22154769,P3,P4,P3->P4,-0.0090856601898257,-0.047587656712794,-0.410278068793999,-0.0656989860136474,0.056613325823821704,0.36269041208120495,0.20965186895251334
Gemma-3-12B-IT,EBM-NLP,22154769,P4,P5,P4->P5,-0.047587656712794,-0.0510707226666537,-0.1730055158788507,-0.1310235327416724,0.08343587602887839,0.12193479321219701,0.1026853346205377
Gemma-3-12B-IT,EBM-NLP,22154769,P5,P6,P5->P6,-0.0510707226666537,-0.034808572778847,-0.0703877434512685,-0.0558984062888405,0.004827683622186794,0.0355791706724215,0.020203427147304148
Gemma-3-12B-IT,EBM-NLP,9573502,P1,P2,P1->P2,-0.0065595949849774,-0.0125502644369981,-0.0061592313599287,-0.0116462092245778,0.0050866142396004,0.006391033077069399,0.005738823658334899
Gemma-3-12B-IT,EBM-NLP,9573502,P2,P3,P2->P3,-0.0125502644369981,-0.0059813185042119,-0.0118279514084774,-0.0354217911449016,0.0228715267079035,0.005846632904265499,0.0143590798060845
Gemma-3-12B-IT,EBM-NLP,9573502,P3,P4,P3->P4,-0.0059813185042119,-0.0215349460966023,-0.3612362655562971,-0.0676650317066694,0.0616837132024575,0.33970131945969484,0.20069251633107618
Gemma-3-12B-IT,EBM-NLP,9573502,P4,P5,P4->P5,-0.0215349460966023,-0.0257250619971233,-0.0650425206059995,-0.065113297658949,0.0435783515623467,0.03931745860887619,0.04144790508561144
Gemma-3-12B-IT,EBM-NLP,9573502,P5,P6,P5->P6,-0.0257250619971233,-0.0514326140565692,-0.0436824222780623,-0.0757327204165251,0.050007658419401795,0.007750191778506901,0.028878925098954348
Gemma-3-12B-IT,EBM-NLP,25479285,P1,P2,P1->P2,-0.0233342208114324,-0.0263425699515595,-0.0623976726053817,-0.0445221882240445,0.021187967412612103,0.036055102653822196,0.028621535033217148
Gemma-3-12B-IT,EBM-NLP,25479285,P2,P3,P2->P3,-0.0263425699515595,-0.0075794486438526,-0.0191609943614286,-0.0414356481398048,0.015093078188245297,0.011581545717576,0.013337311952910649
Gemma-3-12B-IT,EBM-NLP,25479285,P3,P4,P3->P4,-0.0075794486438526,-0.0491061819807548,-0.3292743498008156,-0.0877615648157456,0.080182116171893,0.2801681678200608,0.1801751419959769
Gemma-3-12B-IT,EBM-NLP,25479285,P4,P5,P4->P5,-0.0491061819807548,-0.0798395750765315,-0.1372713785685465,-0.1113248816670825,0.0622186996863277,0.05743180349201499,0.05982525158917135
Gemma-3-12B-IT,EBM-NLP,25479285,P5,P6,P5->P6,-0.0798395750765315,-0.0785900860616605,-0.1612801225218054,-0.0983526264122146,0.018513051335683095,0.0826900364601449,0.050601543897914
Gemma-3-12B-IT,EBM-NLP,6989377,P1,P2,P1->P2,-0.006265175801057,-0.0051548888745682,-0.0134759112383038,-0.0093208202948937,0.0030556444938367004,0.008321022363735602,0.005688333428786151
Gemma-3-12B-IT,EBM-NLP,6989377,P2,P3,P2->P3,-0.0051548888745682,-0.0086180869979087,-0.0064880168799198,-0.007393910851277,0.0022390219767088005,0.0021300701179889003,0.0021845460473488504
Gemma-3-12B-IT,EBM-NLP,6989377,P3,P4,P3->P4,-0.0086180869979087,-0.0171237018822276,-0.2916614295399121,-0.0381393201423413,0.029521233144432602,0.27453772765768447,0.15202948040105854
Gemma-3-12B-IT,EBM-NLP,6989377,P4,P5,P4->P5,-0.0171237018822276,-0.0199167247001941,-0.0872965500904963,-0.1288100635938051,0.11168636171157749,0.06737982539030221,0.08953309355093986
Gemma-3-12B-IT,EBM-NLP,6989377,P5,P6,P5->P6,-0.0199167247001941,-0.0207859967884264,-0.0678975241524832,-0.0106154084205627,0.0093013162796314,0.04711152736405679,0.028206421821844095
Gemma-3-12B-IT,EBM-NLP,11454878,P1,P2,P1->P2,-0.0098997177304448,-0.0039011865322078,-0.0248033361775534,-0.0225592336139163,0.0126595158834715,0.0209021496453456,0.016780832764408553
Gemma-3-12B-IT,EBM-NLP,11454878,P2,P3,P2->P3,-0.0039011865322078,-0.018237708395372,-0.007542898302121,-0.0207374010767255,0.0168362145445177,0.010694810093251,0.01376551231888435
Gemma-3-12B-IT,EBM-NLP,11454878,P3,P4,P3->P4,-0.018237708395372,-0.0361429077813929,-0.1798862445391598,-0.1103673173707696,0.0921296089753976,0.1437433367577669,0.11793647286658225
Gemma-3-12B-IT,EBM-NLP,11454878,P4,P5,P4->P5,-0.0361429077813929,-0.0216502299675574,-0.0473071245046762,-0.1473103104350722,0.1111674026536793,0.025656894537118804,0.06841214859539906
Gemma-3-12B-IT,EBM-NLP,11454878,P5,P6,P5->P6,-0.0216502299675574,-0.0118229995008374,-0.0402550150136478,-0.0098762145409217,0.0117740154266357,0.028432015512810403,0.02010301546972305
Gemma-3-12B-IT,EBM-NLP,12595499,P1,P2,P1->P2,-0.0132800291905172,-0.0129608203930482,-0.0282912803848436,-0.0251583893502955,0.011878360159778301,0.0153304599917954,0.01360441007578685
Gemma-3-12B-IT,EBM-NLP,12595499,P2,P3,P2->P3,-0.0129608203930482,-0.0152819271867603,-0.0129608203930482,-0.0152819271867603,0.002321106793712101,0.002321106793712101,0.002321106793712101
Gemma-3-12B-IT,EBM-NLP,12595499,P3,P4,P3->P4,-0.0152819271867603,-0.0696131587028503,-0.7529202461242676,-0.1988454201850749,0.1835634929983146,0.6833070874214172,0.43343529020986593
Gemma-3-12B-IT,EBM-NLP,12595499,P4,P5,P4->P5,-0.0696131587028503,-0.0254373925703543,-0.1347248642532914,-0.175163984298706,0.1055508255958557,0.10928747168293709,0.10741914863939639
Gemma-3-12B-IT,EBM-NLP,12595499,P5,P6,P5->P6,-0.0254373925703543,-0.0374785417533782,-0.0716763691729809,-0.0570182623686613,0.031580869798307,0.0341978274196027,0.03288934860895485
Gemma-3-12B-IT,EBM-NLP,12586799,P1,P2,P1->P2,-0.017777673469102,-0.0221443503711356,-0.0284566981598031,-0.0087385443616504,0.009039129107451601,0.006312347788667499,0.00767573844805955
Gemma-3-12B-IT,EBM-NLP,12586799,P2,P3,P2->P3,-0.0221443503711356,-0.0169085300885714,-0.0378410486074594,-0.0299719556718425,0.007827605300706898,0.020932518518887996,0.014380061909797447
Gemma-3-12B-IT,EBM-NLP,12586799,P3,P4,P3->P4,-0.0169085300885714,-0.0154272803163106,-0.2644864478997424,-0.0755801127507136,0.05867158266214219,0.2490591675834318,0.153865375122787
Gemma-3-12B-IT,EBM-NLP,12586799,P4,P5,P4->P5,-0.0154272803163106,-0.0219836648489009,-0.1412014602925736,-0.0937397036932211,0.0783124233769105,0.1192177954436727,0.0987651094102916
Gemma-3-12B-IT,EBM-NLP,12586799,P5,P6,P5->P6,-0.0219836648489009,-0.0359714265503635,-0.0219836648489009,-0.0359714265503635,0.013987761701462598,0.013987761701462598,0.013987761701462598
Gemma-3-12B-IT,EBM-NLP,18189160,P1,P2,P1->P2,-0.0098052143116843,-0.0153230898685305,-0.0098052143116843,-0.0153230898685305,0.005517875556846201,0.005517875556846201,0.005517875556846201
Gemma-3-12B-IT,EBM-NLP,18189160,P2,P3,P2->P3,-0.0153230898685305,-0.0074862881253163,-0.0164995578428109,-0.0246750629913091,0.009351973122778598,0.0090132697174946,0.009182621420136598
Gemma-3-12B-IT,EBM-NLP,18189160,P3,P4,P3->P4,-0.0074862881253163,-0.0569513113602348,-0.4467551853345788,-0.045500228802363,0.0380139406770467,0.389803873974344,0.21390890732569537
Gemma-3-12B-IT,EBM-NLP,18189160,P4,P5,P4->P5,-0.0569513113602348,-0.0268496987539962,-0.1373748779296875,-0.0964125757632048,0.03946126440297001,0.1105251791756913,0.07499322178933066
Gemma-3-12B-IT,EBM-NLP,18189160,P5,P6,P5->P6,-0.0268496987539962,-0.0240647128370941,-0.1043622220148805,-0.0410278496129552,0.014178150858958998,0.0802975091777864,0.0472378300183727
Gemma-3-12B-IT,EBM-NLP,18845996,P1,P2,P1->P2,-0.0173756860942871,-0.0067660827336348,-0.010971827018918,-0.0473758591023963,0.0300001730081092,0.004205744285283201,0.017102958646696198
Gemma-3-12B-IT,EBM-NLP,18845996,P2,P3,P2->P3,-0.0067660827336348,-0.0274948956343928,-0.0288735187699642,-0.0183368667842834,0.011570784050648599,0.0013786231355714003,0.0064747035931099995
Gemma-3-12B-IT,EBM-NLP,18845996,P3,P4,P3->P4,-0.0274948956343928,-0.014058518409729,-0.1836075973510742,-0.1084623665645204,0.0809674709301276,0.16954907894134522,0.1252582749357364
Gemma-3-12B-IT,EBM-NLP,18845996,P4,P5,P4->P5,-0.014058518409729,-0.0384882358318203,-0.0746618145508385,-0.1016622606913248,0.08760374228159579,0.036173578719018204,0.061888660500306995
Gemma-3-12B-IT,EBM-NLP,18845996,P5,P6,P5->P6,-0.0384882358318203,-0.0469420963955908,-0.0854251999215981,-0.0286212751003498,0.009866960731470503,0.0384831035260073,0.0241750321287389
Gemma-3-12B-IT,EBM-NLP,15014018,P1,P2,P1->P2,-0.0089179709262806,-0.0108542297825668,-0.0233354616646814,-0.0261056324923633,0.0171876615660827,0.012481231882114599,0.01483444672409865
Gemma-3-12B-IT,EBM-NLP,15014018,P2,P3,P2->P3,-0.0108542297825668,-0.0207059797023007,-0.0298365319681446,-0.0239745294204866,0.013120299637919799,0.009130552265843899,0.011125425951881849
Gemma-3-12B-IT,EBM-NLP,15014018,P3,P4,P3->P4,-0.0207059797023007,-0.0744757791708784,-0.3699363797728778,-0.114557887146115,0.0938519074438143,0.2954606006019994,0.19465625402290687
Gemma-3-12B-IT,EBM-NLP,15014018,P4,P5,P4->P5,-0.0744757791708784,-0.0430309146058325,-0.0722575542973537,-0.125928008765505,0.0514522295946266,0.0292266396915212,0.0403394346430739
Gemma-3-12B-IT,EBM-NLP,15014018,P5,P6,P5->P6,-0.0430309146058325,-0.0356042472115398,-0.0964391945052321,-0.0850489597694546,0.042018045163622106,0.0608349472936923,0.051426496228657206
Gemma-3-12B-IT,EBM-NLP,6920252,P1,P2,P1->P2,-0.0190597620096292,-0.0190526962280273,-0.0157983629327071,-0.0367278090468398,0.017668047037210602,0.0032543332953202005,0.010461190166265401
Gemma-3-12B-IT,EBM-NLP,6920252,P2,P3,P2->P3,-0.0190526962280273,-0.013288837474781,-0.0386240822928292,-0.0189645606593081,8.813556871919981e-05,0.025335244818048202,0.0127116901933837
Gemma-3-12B-IT,EBM-NLP,6920252,P3,P4,P3->P4,-0.013288837474781,-0.0427675247192382,-0.5459704376930414,-0.0850868979653159,0.0717980604905349,0.5032029129738033,0.2875004867321691
Gemma-3-12B-IT,EBM-NLP,6920252,P4,P5,P4->P5,-0.0427675247192382,-0.0283540750478769,-0.1448924324729225,-0.2097560616426689,0.1669885369234307,0.11653835742504559,0.14176344717423817
Gemma-3-12B-IT,EBM-NLP,6920252,P5,P6,P5->P6,-0.0283540750478769,-0.0387918202150533,-0.0658417853163035,-0.0547335798090154,0.0263795047611385,0.027049965101250198,0.026714734931194348
Gemma-3-12B-IT,EBM-NLP,16505427,P1,P2,P1->P2,-0.0194343300752861,-0.0183729645652692,-0.0267687842586446,-0.0268414297769236,0.007407099701637498,0.008395819693375398,0.007901459697506448
Gemma-3-12B-IT,EBM-NLP,16505427,P2,P3,P2->P3,-0.0183729645652692,-0.034500477987043,-0.044133857106478,-0.0333970479162321,0.015024083350962902,0.009633379119435001,0.012328731235198951
Gemma-3-12B-IT,EBM-NLP,16505427,P3,P4,P3->P4,-0.034500477987043,-0.0734062515387014,-0.3784588725626969,-0.0590499211726576,0.024549443185614604,0.3050526210239955,0.16480103210480504
Gemma-3-12B-IT,EBM-NLP,16505427,P4,P5,P4->P5,-0.0734062515387014,-0.0361853403203627,-0.063212563009823,-0.145730058686072,0.0723238071473706,0.027027222689460305,0.04967551491841546
Gemma-3-12B-IT,EBM-NLP,16505427,P5,P6,P5->P6,-0.0361853403203627,-0.0495943469895842,-0.0549809050164828,-0.0534231073716107,0.017237767051248,0.005386558026898601,0.0113121625390733
Gemma-3-12B-IT,EBM-NLP,7707420,P1,P2,P1->P2,-0.0151485928467341,-0.0022706420414309,-0.0115597619922882,-0.0308621802500316,0.0157135874032975,0.0092891199508573,0.0125013536770774
Gemma-3-12B-IT,EBM-NLP,7707420,P2,P3,P2->P3,-0.0022706420414309,-0.00274246347789,-0.0022706420414309,-0.00274246347789,0.00047182143645909964,0.00047182143645909964,0.00047182143645909964
Gemma-3-12B-IT,EBM-NLP,7707420,P3,P4,P3->P4,-0.00274246347789,-0.0320829316681506,-0.274347966013391,-0.0386348631039307,0.035892399626040704,0.2422650343452404,0.13907871698564056
Gemma-3-12B-IT,EBM-NLP,7707420,P4,P5,P4->P5,-0.0320829316681506,-0.0737434784996318,-0.1641477799033098,-0.0699122310463899,0.0378292993782393,0.09040430140367801,0.06411680039095866
Gemma-3-12B-IT,EBM-NLP,7707420,P5,P6,P5->P6,-0.0737434784996318,-0.0479924266499684,-0.0643403189522879,-0.0975635956952916,0.02382011719565981,0.01634789230231949,0.02008400474898965
Gemma-3-12B-IT,EBM-NLP,8911222,P1,P2,P1->P2,-0.012589387404613,-0.0171560333464956,-0.0342550326119824,-0.0173182691264356,0.004728881721822599,0.0170989992654868,0.0109139404936547
Gemma-3-12B-IT,EBM-NLP,8911222,P2,P3,P2->P3,-0.0171560333464956,-0.0221561187091358,-0.0286263425082446,-0.0188551191145998,0.0016990857681041978,0.006470223799108801,0.004084654783606499
Gemma-3-12B-IT,EBM-NLP,8911222,P3,P4,P3->P4,-0.0221561187091358,-0.0377172119763432,-0.2604529244559151,-0.0774735945431306,0.0553174758339948,0.2227357124795719,0.13902659415678337
Gemma-3-12B-IT,EBM-NLP,8911222,P4,P5,P4->P5,-0.0377172119763432,-0.0363694630312115,-0.0932488673635189,-0.0776021918471978,0.0398849798708546,0.05687940433230739,0.048382192101581
Gemma-3-12B-IT,EBM-NLP,8911222,P5,P6,P5->P6,-0.0363694630312115,-0.0280032615139059,-0.0675380306156803,-0.0503772921330026,0.014007829101791096,0.0395347691017744,0.026771299101782747
Gemma-3-12B-IT,EBM-NLP,11401641,P1,P2,P1->P2,-0.0121648217004442,-0.0054308947763944,-0.0524154562699167,-0.0406209627787272,0.028456141078282995,0.0469845614935223,0.03772035128590265
Gemma-3-12B-IT,EBM-NLP,11401641,P2,P3,P2->P3,-0.0054308947763944,-0.0037372028323966,-0.0153102561341764,-0.022636109904239,0.017205215127844602,0.0115730533017798,0.0143891342148122
Gemma-3-12B-IT,EBM-NLP,11401641,P3,P4,P3->P4,-0.0037372028323966,-0.0238240653818303,-0.4877821835604581,-0.0961636288065306,0.09242642597413399,0.4639581181786278,0.2781922720763809
Gemma-3-12B-IT,EBM-NLP,11401641,P4,P5,P4->P5,-0.0238240653818303,-0.0199550133125454,-0.1017564885756548,-0.1243640812960538,0.1005400159142235,0.0818014752631094,0.09117074558866645
Gemma-3-12B-IT,EBM-NLP,11401641,P5,P6,P5->P6,-0.0199550133125454,-0.011430169080759,-0.0254781339075658,-0.0656700944588854,0.04571508114634,0.0140479648268068,0.0298815229865734
Gemma-3-12B-IT,EBM-NLP,8519720,P1,P2,P1->P2,-0.0146329305609878,-0.0058477564769632,-0.0502259976723614,-0.0071486258993343,0.0074843046616535,0.044378241195398196,0.025931272928525848
Gemma-3-12B-IT,EBM-NLP,8519720,P2,P3,P2->P3,-0.0058477564769632,-0.0103536002489985,-0.0071486258993343,-0.01338531953447,0.007537563057506799,0.0032049743496641997,0.005371268703585499
Gemma-3-12B-IT,EBM-NLP,8519720,P3,P4,P3->P4,-0.0103536002489985,-0.0278704166412353,-0.4789483882178945,-0.0900857030128946,0.07973210276389611,0.4510779715766592,0.26540503717027764
Gemma-3-12B-IT,EBM-NLP,8519720,P4,P5,P4->P5,-0.0278704166412353,-0.0033283508935217,-0.0797214184777211,-0.1148761244844799,0.0870057078432446,0.0763930675841994,0.08169938771372201
Gemma-3-12B-IT,EBM-NLP,8519720,P5,P6,P5->P6,-0.0033283508935217,-0.0234155485949178,-0.0674419177798774,-0.0367896354804604,0.0334612845869387,0.0440263691849596,0.03874382688594915
Gemma-3-12B-IT,EBM-NLP,12709693,P1,P2,P1->P2,-0.018662485224163,-0.027365359175564,-0.0363745290698813,-0.0271167156641024,0.008454230439939401,0.009009169894317298,0.00873170016712835
Gemma-3-12B-IT,EBM-NLP,12709693,P2,P3,P2->P3,-0.027365359175564,-0.0126119175276618,-0.0183001420995053,-0.040676005309242,0.013310646133678002,0.005688224571843502,0.009499435352760752
Gemma-3-12B-IT,EBM-NLP,12709693,P3,P4,P3->P4,-0.0126119175276618,-0.0527442750476655,-0.4186574239579458,-0.0513333185622681,0.038721401034606306,0.3659131489102803,0.2023172749724433
Gemma-3-12B-IT,EBM-NLP,12709693,P4,P5,P4->P5,-0.0527442750476655,-0.0242630914857766,-0.0651126460566353,-0.086966491880871,0.0342222168332055,0.040849554570858704,0.037535885702032104
Gemma-3-12B-IT,EBM-NLP,12709693,P5,P6,P5->P6,-0.0242630914857766,-0.0243260432883961,-0.0969907882365774,-0.0412980899656557,0.017034998479879097,0.0726647449481813,0.044849871714030196
Gemma-3-12B-IT,EBM-NLP,23114870,P1,P2,P1->P2,-0.0094233456622348,-0.0210689982188116,-0.0364956659140046,-0.0307630233550339,0.021339677692799097,0.015426667695192998,0.018383172693996048
Gemma-3-12B-IT,EBM-NLP,23114870,P2,P3,P2->P3,-0.0210689982188116,-0.0192404215708201,-0.0321142601244377,-0.0244417706715691,0.003372772452757501,0.012873838553617602,0.008123305503187551
Gemma-3-12B-IT,EBM-NLP,23114870,P3,P4,P3->P4,-0.0192404215708201,-0.062384334894327,-0.5991050280057467,-0.1265247496135862,0.10728432804276611,0.5367206931114197,0.3220025105770929
Gemma-3-12B-IT,EBM-NLP,23114870,P4,P5,P4->P5,-0.062384334894327,-0.0397647537597238,-0.0704110877154624,-0.1253153360806978,0.06293100118637081,0.030646333955738597,0.0467886675710547
Gemma-3-12B-IT,EBM-NLP,23114870,P5,P6,P5->P6,-0.0397647537597238,-0.0329933603604634,-0.046616526444753,-0.0461134845263337,0.006348730766609904,0.013623166084289595,0.00998594842544975
Gemma-3-12B-IT,EBM-NLP,14679127,P1,P2,P1->P2,-0.0094797769759563,-0.0014525173192328,-0.0280588256551864,-0.0198790164704018,0.0103992394944455,0.0266063083359536,0.018502773915199548
Gemma-3-12B-IT,EBM-NLP,14679127,P2,P3,P2->P3,-0.0014525173192328,-0.0106245948422339,-0.0196607405139553,-0.0021978787919308,0.0007453614726979998,0.009036145671721401,0.004890753572209701
Gemma-3-12B-IT,EBM-NLP,14679127,P3,P4,P3->P4,-0.0106245948422339,-0.0339597639952891,-0.3084198765500763,-0.0738266298847813,0.0632020350425474,0.2744601125547872,0.1688310737986673
Gemma-3-12B-IT,EBM-NLP,14679127,P4,P5,P4->P5,-0.0339597639952891,-0.0135103954209221,-0.1374343978034125,-0.1207908088638937,0.0868310448686046,0.12392400238249039,0.1053775236255475
Gemma-3-12B-IT,EBM-NLP,14679127,P5,P6,P5->P6,-0.0135103954209221,-0.024810700453529,-0.058890656907429,-0.0343697521421644,0.0208593567212423,0.034079956453899996,0.027469656587571147
Gemma-3-12B-IT,EBM-NLP,18077611,P1,P2,P1->P2,-0.0062782077541138,-0.0033704975486304,-0.0046850593784187,-0.0118051638833652,0.005526956129251399,0.0013145618297883003,0.0034207589795198497
Gemma-3-12B-IT,EBM-NLP,18077611,P2,P3,P2->P3,-0.0033704975486304,-0.0024337675501022,-0.0033704975486304,-0.0024337675501022,0.0009367299985281997,0.0009367299985281997,0.0009367299985281997
Gemma-3-12B-IT,EBM-NLP,18077611,P3,P4,P3->P4,-0.0024337675501022,-0.0239833231014302,-0.325459551706188,-0.0447674602395874,0.0423336926894852,0.3014762286047578,0.17190496064712152
Gemma-3-12B-IT,EBM-NLP,18077611,P4,P5,P4->P5,-0.0239833231014302,-0.0408609938877885,-0.0641416324082241,-0.1232240987769307,0.0992407756755005,0.023280638520435597,0.06126070709796805
Gemma-3-12B-IT,EBM-NLP,18077611,P5,P6,P5->P6,-0.0408609938877885,-0.0491401381411794,-0.0494225819905599,-0.0517470041910807,0.010886010303292198,0.00028244384938049677,0.005584227076336348
Gemma-3-12B-IT,EBM-NLP,21975269,P1,P2,P1->P2,-0.0285027027130126,-0.0122885469530449,-0.039867166612969,-0.0611055552959442,0.032602852582931593,0.027578619659924097,0.030090736121427847
Gemma-3-12B-IT,EBM-NLP,21975269,P2,P3,P2->P3,-0.0122885469530449,-0.0221840427035377,-0.0297123999822707,-0.0107714712945489,0.0015170756584960005,0.007528357278732998,0.004522716468614499
Gemma-3-12B-IT,EBM-NLP,21975269,P3,P4,P3->P4,-0.0221840427035377,-0.0243465521118857,-0.843837477944114,-0.092068118140811,0.0698840754372733,0.8194909258322283,0.44468750063475077
Gemma-3-12B-IT,EBM-NLP,21975269,P4,P5,P4->P5,-0.0243465521118857,-0.0456699094464701,-0.0941629409790039,-0.1110053929415616,0.0866588408296759,0.04849303153253381,0.06757593618110486
Gemma-3-12B-IT,EBM-NLP,21975269,P5,P6,P5->P6,-0.0456699094464701,-0.0448782001222883,-0.0431139366967337,-0.0624670213268649,0.016797111880394802,0.0017642634255546005,0.009280687652974701
Gemma-3-12B-IT,EBM-NLP,18337284,P1,P2,P1->P2,-0.0176661023164053,-0.0199688135191451,-0.024880977009618,-0.0430005896392712,0.025334487322865896,0.004912163490472899,0.015123325406669398
Gemma-3-12B-IT,EBM-NLP,18337284,P2,P3,P2->P3,-0.0199688135191451,-0.0135143884544164,-0.0250362359760888,-0.043534567189771,0.0235657536706259,0.0115218475216724,0.01754380059614915
Gemma-3-12B-IT,EBM-NLP,18337284,P3,P4,P3->P4,-0.0135143884544164,-0.0302460661956242,-0.4075819764818464,-0.1122278932665215,0.0987135048121051,0.3773359102862222,0.23802470754916366
Gemma-3-12B-IT,EBM-NLP,18337284,P4,P5,P4->P5,-0.0302460661956242,-0.0434340653212174,-0.2353115081787109,-0.146719149180821,0.11647308298519679,0.1918774428574935,0.15417526292134515
Gemma-3-12B-IT,EBM-NLP,18337284,P5,P6,P5->P6,-0.0434340653212174,-0.0127838540960241,-0.0644203880686818,-0.1189659989398458,0.0755319336186284,0.0516365339726577,0.06358423379564304
Gemma-3-12B-IT,EBM-NLP,20189026,P1,P2,P1->P2,-0.0222762004188869,-0.0182936615536449,-0.0312526297624336,-0.0369635208793308,0.014687320460443902,0.0129589682087887,0.0138231443346163
Gemma-3-12B-IT,EBM-NLP,20189026,P2,P3,P2->P3,-0.0182936615536449,-0.0144088595521216,-0.0333399118161669,-0.03193061511456,0.013636953560915103,0.018931052264045296,0.0162840029124802
Gemma-3-12B-IT,EBM-NLP,20189026,P3,P4,P3->P4,-0.0144088595521216,-0.0359887561282596,-0.309189847997717,-0.1001257615930893,0.0857169020409677,0.2732010918694574,0.17945899695521256
Gemma-3-12B-IT,EBM-NLP,20189026,P4,P5,P4->P5,-0.0359887561282596,-0.0721268197764521,-0.1993192755657693,-0.1005292840906091,0.06454052796234949,0.1271924557893172,0.09586649187583335
Gemma-3-12B-IT,EBM-NLP,20189026,P5,P6,P5->P6,-0.0721268197764521,-0.0393116710750201,-0.0469600080533792,-0.1045422512552012,0.03241543147874909,0.007648336978359101,0.020031884228554096
Gemma-3-12B-IT,EBM-NLP,19802506,P1,P2,P1->P2,-0.0041779264186819,-0.0106450381378332,-0.0090010166168212,-0.0148726577560106,0.0106947313373287,0.0016440215210119999,0.00616937642917035
Gemma-3-12B-IT,EBM-NLP,19802506,P2,P3,P2->P3,-0.0106450381378332,-0.011752980141595,-0.0157165144342016,-0.0111047737300395,0.00045973559220629893,0.0039635342926066,0.0022116349424064494
Gemma-3-12B-IT,EBM-NLP,19802506,P3,P4,P3->P4,-0.011752980141595,-0.0428395173987563,-0.2968742526307398,-0.0554127418691693,0.0436597617275743,0.2540347352319835,0.1488472484797789
Gemma-3-12B-IT,EBM-NLP,19802506,P4,P5,P4->P5,-0.0428395173987563,-0.0474428763756385,-0.0580795116913624,-0.0605819741073919,0.0177424567086356,0.010636635315723897,0.014189546012179748
Gemma-3-12B-IT,EBM-NLP,19802506,P5,P6,P5->P6,-0.0474428763756385,-0.0464111478047599,-0.0600135378441956,-0.0468526192200489,0.0005902571555896005,0.013602390039435704,0.007096323597512652
Gemma-3-12B-IT,EBM-NLP,24350813,P1,P2,P1->P2,-0.0150228581031705,-0.0049027072058783,-0.0165716371579801,-0.0158274703917041,0.0008046122885335995,0.011668929952101802,0.006236771120317701
Gemma-3-12B-IT,EBM-NLP,24350813,P2,P3,P2->P3,-0.0049027072058783,-0.0059037128721379,-0.0115354035724425,-0.0077163211468329,0.0028136139409546002,0.005631690700304599,0.0042226523206296
Gemma-3-12B-IT,EBM-NLP,24350813,P3,P4,P3->P4,-0.0059037128721379,-0.0345528638251474,-0.2628838369779497,-0.0444829293400548,0.0385792164679169,0.22833097315280232,0.1334550948103596
Gemma-3-12B-IT,EBM-NLP,24350813,P4,P5,P4->P5,-0.0345528638251474,-0.0166693074362618,-0.2038402433519239,-0.1677753769348715,0.1332225131097241,0.1871709359156621,0.16019672451269312
Gemma-3-12B-IT,EBM-NLP,24350813,P5,P6,P5->P6,-0.0166693074362618,-0.0590468865853768,-0.1160253713160385,-0.0676743024355405,0.0510049949992787,0.0569784847306617,0.053991739864970203
Gemma-3-12B-IT,EBM-NLP,22538329,P1,P2,P1->P2,-0.0143584534928605,-0.0061848217096084,-0.0303250490090785,-0.0207473084733292,0.0063888549804687,0.0241402272994701,0.0152645411399694
Gemma-3-12B-IT,EBM-NLP,22538329,P2,P3,P2->P3,-0.0061848217096084,-0.015107008010622,-0.0633743588886563,-0.028113597478622,0.0219287757690136,0.04826735087803429,0.03509806332352394
Gemma-3-12B-IT,EBM-NLP,22538329,P3,P4,P3->P4,-0.015107008010622,-0.0594272169955941,-0.7785706630972928,-0.1369922456287202,0.1218852376180982,0.7191434461016988,0.4205143418598985
Gemma-3-12B-IT,EBM-NLP,22538329,P4,P5,P4->P5,-0.0594272169955941,-0.0218188717395444,-0.0725276741800429,-0.2673821116602698,0.2079548946646757,0.050708802440498496,0.12933184855258711
Gemma-3-12B-IT,EBM-NLP,22538329,P5,P6,P5->P6,-0.0218188717395444,-0.0177409147870713,-0.02342398788618,-0.0824371893194657,0.060618317579921296,0.005683073099108701,0.033150695339515
Gemma-3-12B-IT,EBM-NLP,23549581,P1,P2,P1->P2,-0.009270833019068,-0.0128894275847763,-0.0211383671858316,-0.0261561263196821,0.0168852933006141,0.008248939601055298,0.0125671164508347
Gemma-3-12B-IT,EBM-NLP,23549581,P2,P3,P2->P3,-0.0128894275847763,-0.0082686955415749,-0.0178735226015501,-0.0241817244093075,0.011292296824531199,0.0096048270599752,0.0104485619422532
Gemma-3-12B-IT,EBM-NLP,23549581,P3,P4,P3->P4,-0.0082686955415749,-0.022685463748761,-0.3291010500779792,-0.0754760307601735,0.06720733521859859,0.30641558632921817,0.18681146077390837
Gemma-3-12B-IT,EBM-NLP,23549581,P4,P5,P4->P5,-0.022685463748761,-0.0373906029595269,-0.0549694873668529,-0.0871017868839093,0.06441632313514829,0.017578884407326002,0.04099760377123715
Gemma-3-12B-IT,EBM-NLP,23549581,P5,P6,P5->P6,-0.0373906029595269,-0.0438914559104225,-0.0553419199856844,-0.0387907513865718,0.0014001484270449033,0.011450464075261901,0.006425306251153402
Gemma-3-12B-IT,EBM-NLP,11099086,P1,P2,P1->P2,-0.0122163312302695,-0.0378306675272019,-0.0509100810135945,-0.0371521015961964,0.024935770365926896,0.013079413486392605,0.01900759192615975
Gemma-3-12B-IT,EBM-NLP,11099086,P2,P3,P2->P3,-0.0378306675272019,-0.0157717638054992,-0.0107159859849592,-0.0589769822929558,0.021146314765753904,0.00505577782054,0.013101046293146953
Gemma-3-12B-IT,EBM-NLP,11099086,P3,P4,P3->P4,-0.0157717638054992,-0.1398969438340928,-0.5621110280354817,-0.1223250495062934,0.1065532857007942,0.42221408420138895,0.26438368495109155
Gemma-3-12B-IT,EBM-NLP,11099086,P4,P5,P4->P5,-0.1398969438340928,-0.0373838941256205,-0.2205419672860039,-0.2437068091498481,0.10380986531575531,0.1831580731603834,0.14348396923806936
Gemma-3-12B-IT,EBM-NLP,11099086,P5,P6,P5->P6,-0.0373838941256205,-0.0565179738131436,-0.0869869232177734,-0.0641014840867784,0.026717589961157903,0.030468949404629804,0.028593269682893854
Gemma-3-12B-IT,EBM-NLP,9816035,P1,P2,P1->P2,-0.0178878640770015,-0.0116803570508269,-0.0234303350750925,-0.0355313724144957,0.0176435083374942,0.011749978024265601,0.014696743180879901
Gemma-3-12B-IT,EBM-NLP,9816035,P2,P3,P2->P3,-0.0116803570508269,-0.0167161289649673,-0.0181236484382725,-0.0135555775777063,0.0018752205268793998,0.0014075194733052,0.0016413700000923
Gemma-3-12B-IT,EBM-NLP,9816035,P3,P4,P3->P4,-0.0167161289649673,-0.0263576227075913,-0.2956691068761489,-0.0775886728793759,0.060872543914408606,0.2693114841685576,0.1650920140414831
Gemma-3-12B-IT,EBM-NLP,9816035,P4,P5,P4->P5,-0.0263576227075913,-0.027572332923092,-0.0614751488415162,-0.075434746461756,0.0490771237541647,0.0339028159184242,0.04148996983629445
Gemma-3-12B-IT,EBM-NLP,9816035,P5,P6,P5->P6,-0.027572332923092,-0.0353023627708698,-0.0342953912143049,-0.055376746761265,0.027804413838173,0.0010069715565649007,0.01440569269736895
Gemma-3-12B-IT,EBM-NLP,25885649,P1,P2,P1->P2,-0.0206283993191189,-0.0163744952227618,-0.0227017222224055,-0.0261894787496525,0.005561079430533598,0.0063272269996436994,0.005944153215088649
Gemma-3-12B-IT,EBM-NLP,25885649,P2,P3,P2->P3,-0.0163744952227618,-0.0109725729442257,-0.0160906909188431,-0.02231492738466,0.005940432161898199,0.005118117974617401,0.0055292750682578
Gemma-3-12B-IT,EBM-NLP,25885649,P3,P4,P3->P4,-0.0109725729442257,-0.0245856403434363,-0.2460617845075844,-0.0650358773917386,0.05406330444751291,0.2214761441641481,0.1377697243058305
Gemma-3-12B-IT,EBM-NLP,25885649,P4,P5,P4->P5,-0.0245856403434363,-0.0351728800661075,-0.1335678574461374,-0.0686077549509758,0.044022114607539506,0.09839497738002989,0.0712085459937847
Gemma-3-12B-IT,EBM-NLP,25885649,P5,P6,P5->P6,-0.0351728800661075,-0.0328347521617,-0.045439626937522,-0.0514805302116441,0.016307650145536604,0.012604874775821999,0.014456262460679301
Gemma-3-12B-IT,EBM-NLP,21211686,P1,P2,P1->P2,-0.014140895327682,-0.01478823274374,-0.0170019517342249,-0.0411887048925243,0.027047809564842297,0.0022137189904849006,0.014630764277663598
Gemma-3-12B-IT,EBM-NLP,21211686,P2,P3,P2->P3,-0.01478823274374,-0.0269812640323433,-0.0259348884705574,-0.0134759520490964,0.0013122806946436003,0.0010463755617859012,0.0011793281282147508
Gemma-3-12B-IT,EBM-NLP,21211686,P3,P4,P3->P4,-0.0269812640323433,-0.0328554870389032,-0.3794779946618046,-0.1497037744009366,0.1227225103685933,0.34662250762290137,0.23467250899574732
Gemma-3-12B-IT,EBM-NLP,21211686,P4,P5,P4->P5,-0.0328554870389032,-0.0207408357901402,-0.1488955220378252,-0.0446521745505907,0.011796687511687498,0.128154686247685,0.06997568687968625
Gemma-3-12B-IT,EBM-NLP,21211686,P5,P6,P5->P6,-0.0207408357901402,-0.0210572183132171,-0.029868093629678,-0.0885950521643893,0.0678542163742491,0.008810875316460898,0.038332545845355
Gemma-3-12B-IT,EBM-NLP,23985254,P1,P2,P1->P2,-0.0093038782959413,-0.0178975139608113,-0.0488215154731181,-0.030855900459987,0.021552022164045698,0.030924001512306804,0.02623801183817625
Gemma-3-12B-IT,EBM-NLP,23985254,P2,P3,P2->P3,-0.0178975139608113,-0.0115131070261044,-0.0273304213679246,-0.0433676751536391,0.025470161192827804,0.015817314341820203,0.020643737767324005
Gemma-3-12B-IT,EBM-NLP,23985254,P3,P4,P3->P4,-0.0115131070261044,-0.0228574601086703,-0.2620459469881924,-0.0636424362570359,0.052129329230931505,0.2391884868795221,0.1456589080552268
Gemma-3-12B-IT,EBM-NLP,23985254,P4,P5,P4->P5,-0.0228574601086703,-0.0979897457620372,-0.2721699424411939,-0.086730111729015,0.0638726516203447,0.1741801966791567,0.1190264241497507
Gemma-3-12B-IT,EBM-NLP,23985254,P5,P6,P5->P6,-0.0979897457620372,-0.0518456646519848,-0.1068344197721562,-0.074516102887582,0.023473642874455206,0.0549887551201714,0.0392311989973133
Gemma-3-12B-IT,EBM-NLP,25886492,P1,P2,P1->P2,-0.012326231709233,-0.0187404672582666,-0.0512807886083642,-0.0247952531885217,0.012469021479288701,0.0325403213500976,0.022504671414693152
Gemma-3-12B-IT,EBM-NLP,25886492,P2,P3,P2->P3,-0.0187404672582666,-0.0096769575503474,-0.0358459935496231,-0.0495673059583543,0.0308268387000877,0.026169035999275697,0.028497937349681698
Gemma-3-12B-IT,EBM-NLP,25886492,P3,P4,P3->P4,-0.0096769575503474,-0.0264453511489065,-0.64443359375,-0.0867069341431858,0.07702997659283839,0.6179882426010935,0.34750910959696596
Gemma-3-12B-IT,EBM-NLP,25886492,P4,P5,P4->P5,-0.0264453511489065,-0.0208990994621725,-0.1256186861951811,-0.0808260917663574,0.05438074061745089,0.1047195867330086,0.07955016367522974
Gemma-3-12B-IT,EBM-NLP,25886492,P5,P6,P5->P6,-0.0208990994621725,-0.0150860680474175,-0.0346886228632043,-0.0296108702651592,0.008711770802986702,0.0196025548157868,0.014157162809386751
Gemma-3-12B-IT,EBM-NLP,19108790,P1,P2,P1->P2,-0.0118256930223445,-0.0165678415542993,-0.0216812562439056,-0.021155551536796,0.009329858514451502,0.005113414689606299,0.007221636602028901
Gemma-3-12B-IT,EBM-NLP,19108790,P2,P3,P2->P3,-0.0165678415542993,-0.0207679181574136,-0.019365048490439,-0.022902848314196,0.006335006759896698,0.0014028696669745981,0.003868938213435648
Gemma-3-12B-IT,EBM-NLP,19108790,P3,P4,P3->P4,-0.0207679181574136,-0.0418191800798688,-0.4428137642996652,-0.1320305263873228,0.11126260822990919,0.4009945842197964,0.2561285962248528
Gemma-3-12B-IT,EBM-NLP,19108790,P4,P5,P4->P5,-0.0418191800798688,-0.0050494751104941,-0.0877260550474509,-0.1961446925571986,0.1543255124773298,0.0826765799369568,0.1185010462071433
Gemma-3-12B-IT,EBM-NLP,19108790,P5,P6,P5->P6,-0.0050494751104941,-0.0498053355094714,-0.1272687178391676,-0.0040414654291593,0.0010080096813348,0.0774633823296962,0.0392356960055155
Gemma-3-12B-IT,EBM-NLP,21866656,P1,P2,P1->P2,-0.0181031536469256,-0.0108833919615435,-0.0215843598518145,-0.0456322791592386,0.027529125512313,0.010700967890270998,0.019115046701292
Gemma-3-12B-IT,EBM-NLP,21866656,P2,P3,P2->P3,-0.0108833919615435,-0.0144485905914609,-0.017232856978005,-0.030855192940616,0.019971800979072498,0.002784266386544101,0.011378033682808299
Gemma-3-12B-IT,EBM-NLP,21866656,P3,P4,P3->P4,-0.0144485905914609,-0.0297630578279495,-0.3027418851852417,-0.0440070150386742,0.0295584244472133,0.2729788273572922,0.15126862590225273
Gemma-3-12B-IT,EBM-NLP,21866656,P4,P5,P4->P5,-0.0297630578279495,-0.0417502098476763,-0.1739312004797237,-0.1123331785202026,0.0825701206922531,0.1321809906320474,0.10737555566215026
Gemma-3-12B-IT,EBM-NLP,21866656,P5,P6,P5->P6,-0.0417502098476763,-0.048262615793759,-0.0417502098476763,-0.048262615793759,0.006512405946082697,0.006512405946082697,0.006512405946082697
Gemma-3-12B-IT,EBM-NLP,10940525,P1,P2,P1->P2,-0.017702561530514,-0.0090752440010941,-0.0365087329941307,-0.0281709201094033,0.010468358578889302,0.027433488993036603,0.018950923785962952
Gemma-3-12B-IT,EBM-NLP,10940525,P2,P3,P2->P3,-0.0090752440010941,-0.0144819672153644,-0.0222913468420122,-0.0230041766326699,0.0139289326315758,0.0078093796266478,0.010869156129111799
Gemma-3-12B-IT,EBM-NLP,10940525,P3,P4,P3->P4,-0.0144819672153644,-0.0071277705105868,-0.2345788435502485,-0.0378433652301927,0.023361398014828304,0.2274510730396617,0.125406235527245
Gemma-3-12B-IT,EBM-NLP,10940525,P4,P5,P4->P5,-0.0071277705105868,-0.0419931711326719,-0.0952883415821335,-0.0498636765913529,0.0427359060807661,0.05329517044946161,0.04801553826511386
Gemma-3-12B-IT,EBM-NLP,10940525,P5,P6,P5->P6,-0.0419931711326719,-0.0202371117758885,-0.0518643438479321,-0.0480988237870301,0.006105652654358203,0.0316272320720436,0.0188664423632009
Gemma-3-12B-IT,EBM-NLP,20739054,P1,P2,P1->P2,-0.0160696583863204,-0.0190875651231452,-0.0408779372030229,-0.0288617744558328,0.012792116069512399,0.0217903720798777,0.01729124407469505
Gemma-3-12B-IT,EBM-NLP,20739054,P2,P3,P2->P3,-0.0190875651231452,-0.0132854710454526,-0.0206820377405138,-0.0211522458204582,0.0020646806973130018,0.0073965666950612,0.004730623696187101
Gemma-3-12B-IT,EBM-NLP,20739054,P3,P4,P3->P4,-0.0132854710454526,-0.0267490035609195,-0.7084368254009046,-0.0779255853183027,0.0646401142728501,0.6816878218399851,0.3731639680564176
Gemma-3-12B-IT,EBM-NLP,20739054,P4,P5,P4->P5,-0.0267490035609195,-0.0665469243736464,-0.2028927580680254,-0.0986911271747789,0.0719421236138594,0.136345833694379,0.1041439786541192
Gemma-3-12B-IT,EBM-NLP,20739054,P5,P6,P5->P6,-0.0665469243736464,-0.0296031751130756,-0.040976527699253,-0.093075035767234,0.0265281113935876,0.011373352586177402,0.0189507319898825
Gemma-3-12B-IT,EBM-NLP,21029638,P1,P2,P1->P2,-0.01987529050879,-0.0097385958621376,-0.0404900779501039,-0.0299358967715089,0.010060606262718898,0.030751482087966298,0.0204060441753426
Gemma-3-12B-IT,EBM-NLP,21029638,P2,P3,P2->P3,-0.0097385958621376,-0.006609924522364,-0.0057384833483628,-0.006857875494929,0.0028807203672086,0.0008714411740011994,0.0018760807706048998
Gemma-3-12B-IT,EBM-NLP,21029638,P3,P4,P3->P4,-0.006609924522364,-0.0413953179404849,-0.6133644467308408,-0.0975148912886498,0.0909049667662858,0.5719691287903559,0.33143704777832084
Gemma-3-12B-IT,EBM-NLP,21029638,P4,P5,P4->P5,-0.0413953179404849,-0.088495045377497,-0.075288688927366,-0.1431564490000406,0.1017611310595557,0.013206356450131004,0.05748374375484335
Gemma-3-12B-IT,EBM-NLP,21029638,P5,P6,P5->P6,-0.088495045377497,-0.0077873443035369,-0.054729421088036,-0.1541679449248732,0.0656728995473762,0.046942076784499104,0.056307488165937655
Gemma-3-12B-IT,SciER,ICLR2024-AI4Material,P1,P2,P1->P2,-0.024348453736641,-0.0151117535737844,-0.0134293330021393,-0.0263194769201144,0.0019710231834733985,0.0016824205716450998,0.0018267218775592491
Gemma-3-12B-IT,SciER,ICLR2024-AI4Material,P2,P3,P2->P3,-0.0151117535737844,-0.0119197203896262,-0.0290224630182439,-0.0390303654548449,0.0239186118810605,0.017102742628617704,0.020510677254839103
Gemma-3-12B-IT,SciER,ICLR2024-AI4Material,P3,P4,P3->P4,-0.0119197203896262,-0.0512462486147256,-0.3318213018447317,-0.0199446418068625,0.0080249214172363,0.2805750532300061,0.1442999873236212
Gemma-3-12B-IT,SciER,ICLR2024-AI4Material,P4,P5,P4->P5,-0.0512462486147256,-0.0453599128255083,-0.0895809805466353,-0.1557125271302867,0.10446627851556109,0.044221067721126994,0.07434367311834404
Gemma-3-12B-IT,SciER,ICLR2024-AI4Material,P5,P6,P5->P6,-0.0453599128255083,-0.0309370258479442,-0.0380790858592801,-0.0364112678481025,0.0089486449774058,0.007142060011335896,0.008045352494370848
Gemma-3-12B-IT,SciER,160009536,P1,P2,P1->P2,-0.0109587221395924,-0.0176028409888496,-0.0245440736108896,-0.0132939553733298,0.0023352332337374,0.006941232622039998,0.004638232927888699
Gemma-3-12B-IT,SciER,160009536,P2,P3,P2->P3,-0.0176028409888496,-0.0085728056728839,-0.0158795733004808,-0.0264884166835998,0.008885575694750198,0.0073067676275969,0.00809617166117355
Gemma-3-12B-IT,SciER,160009536,P3,P4,P3->P4,-0.0085728056728839,-0.0184997377659492,-0.1660693865990921,-0.0241400972008705,0.0155672915279866,0.14756964883314289,0.08156847018056475
Gemma-3-12B-IT,SciER,160009536,P4,P5,P4->P5,-0.0184997377659492,-0.0365757795027744,-0.2863065460581838,-0.0541216160468904,0.0356218782809412,0.24973076655540938,0.1426763224181753
Gemma-3-12B-IT,SciER,160009536,P5,P6,P5->P6,-0.0365757795027744,-0.0319919119287596,-0.0406043985596809,-0.0521610283557279,0.015585248852953495,0.008612486630921297,0.012098867741937396
Gemma-3-12B-IT,SciER,192546007,P1,P2,P1->P2,-0.0197668190788697,-0.0252104218417317,-0.0247143649987247,-0.024214651708325,0.004447832629455299,0.0004960568430069992,0.002471944736231149
Gemma-3-12B-IT,SciER,192546007,P2,P3,P2->P3,-0.0252104218417317,-0.0204001841755963,-0.022470489040283,-0.0223104315839649,0.002899990257766799,0.0020703048646866992,0.002485147561226749
Gemma-3-12B-IT,SciER,192546007,P3,P4,P3->P4,-0.0204001841755963,-0.0406912506603803,-0.5837753974860949,-0.0486225989366151,0.0282224147610188,0.5430841468257146,0.2856532807933667
Gemma-3-12B-IT,SciER,192546007,P4,P5,P4->P5,-0.0406912506603803,-0.0620853195605823,-0.2998922524564711,-0.0752996672511938,0.034608416590813505,0.2378069328958888,0.13620767474335116
Gemma-3-12B-IT,SciER,192546007,P5,P6,P5->P6,-0.0620853195605823,-0.0469407588243484,-0.0607826821506023,-0.0650893901956492,0.0030040706350668994,0.013841923326253898,0.008422996980660399
Gemma-3-12B-IT,SciER,244256,P1,P2,P1->P2,-0.0205579382188938,-0.0227261345921248,-0.0235773462345165,-0.0260363930673611,0.0054784548484673005,0.0008512116423916999,0.0031648332454295
Gemma-3-12B-IT,SciER,244256,P2,P3,P2->P3,-0.0227261345921248,-0.0191392084844283,-0.0343408465249817,-0.0231869566396266,0.0004608220475018007,0.015201638040553397,0.007831230044027599
Gemma-3-12B-IT,SciER,244256,P3,P4,P3->P4,-0.0191392084844283,-0.0292776010878917,-0.429307052224668,-0.0418499630872706,0.022710754602842297,0.4000294511367763,0.21137010286980928
Gemma-3-12B-IT,SciER,244256,P4,P5,P4->P5,-0.0292776010878917,-0.0451509160470086,-0.4048602784018286,-0.1249879039737974,0.09571030288590571,0.35970936235482,0.22770983262036285
Gemma-3-12B-IT,SciER,244256,P5,P6,P5->P6,-0.0451509160470086,-0.0564083186827429,-0.0657533648993813,-0.062433704509958,0.0172827884629494,0.009345046216638397,0.0133139173397939
Gemma-3-12B-IT,SciER,202719492,P1,P2,P1->P2,-0.0254371246796227,-0.0167053169592454,-0.0204328982133585,-0.0266130564359013,0.0011759317562786004,0.0037275812541130993,0.00245175650519585
Gemma-3-12B-IT,SciER,202719492,P2,P3,P2->P3,-0.0167053169592454,-0.0219346437090467,-0.0310451229215656,-0.017459145653561,0.0007538286943155996,0.0091104792125189,0.0049321539534172495
Gemma-3-12B-IT,SciER,202719492,P3,P4,P3->P4,-0.0219346437090467,-0.0729245304511988,-0.3223493959863431,-0.0585979252905394,0.0366632815814927,0.2494248655351443,0.1430440735583185
Gemma-3-12B-IT,SciER,202719492,P4,P5,P4->P5,-0.0729245304511988,-0.0785547227381621,-0.2729962251285062,-0.1164483745709725,0.0435238441197737,0.19444150239034408,0.11898267325505889
Gemma-3-12B-IT,SciER,202719492,P5,P6,P5->P6,-0.0785547227381621,-0.0767307157907836,-0.0945714534487631,-0.0858650623063895,0.007310339568227409,0.0178407376579795,0.012575538613103454
Gemma-3-12B-IT,SciER,210157153,P1,P2,P1->P2,-0.0229273643597031,-0.0192756547840363,-0.0182870042433432,-0.0274512265971251,0.004523862237422002,0.000988650540693102,0.002756256389057552
Gemma-3-12B-IT,SciER,210157153,P2,P3,P2->P3,-0.0192756547840363,-0.0180235257309474,-0.0235184230161516,-0.0284542101238845,0.0091785553398482,0.005494897285204203,0.007336726312526201
Gemma-3-12B-IT,SciER,210157153,P3,P4,P3->P4,-0.0180235257309474,-0.0497016021470983,-0.2678362206567692,-0.051479532477561,0.0334560067466136,0.21813461850967092,0.12579531262814225
Gemma-3-12B-IT,SciER,210157153,P4,P5,P4->P5,-0.0497016021470983,-0.0296205543426878,-0.0509951618088194,-0.1181992639469195,0.0684976617998212,0.0213746074661316,0.044936134632976396
Gemma-3-12B-IT,SciER,210157153,P5,P6,P5->P6,-0.0296205543426878,-0.0460593805080506,-0.0477067156535823,-0.0430766253832326,0.0134560710405448,0.0016473351455317045,0.007551703093038252
Gemma-3-12B-IT,SciER,NeurIPS2023-AI4Science,P1,P2,P1->P2,-0.0276852977823535,-0.0259544120003205,-0.0330636845137256,-0.0367785217941448,0.009093224011791301,0.0071092725134050995,0.0081012482625982
Gemma-3-12B-IT,SciER,NeurIPS2023-AI4Science,P2,P3,P2->P3,-0.0259544120003205,-0.0156136536627398,-0.0269671021133292,-0.0489935989172542,0.023039186916933702,0.0113534484505894,0.01719631768376155
Gemma-3-12B-IT,SciER,NeurIPS2023-AI4Science,P3,P4,P3->P4,-0.0156136536627398,-0.0177892292340402,-0.0452677453358774,-0.0343414421071726,0.0187277884444328,0.0274785161018372,0.023103152273135
Gemma-3-12B-IT,SciER,NeurIPS2023-AI4Science,P4,P5,P4->P5,-0.0177892292340402,-0.0571608916918436,-0.0830465560333401,-0.0182261258451035,0.00043689661106329977,0.0258856643414965,0.0131612804762799
Gemma-3-12B-IT,SciER,NeurIPS2023-AI4Science,P5,P6,P5->P6,-0.0571608916918436,-0.0452498526501476,-0.0552966304291459,-0.0514688947621513,0.0056919969296923,0.010046777778998296,0.007869387354345298
Gemma-3-12B-IT,SciER,3627225,P1,P2,P1->P2,-0.0143622899601433,-0.0183436839796861,-0.0204458693204015,-0.0164213538104992,0.0020590638503558984,0.0021021853407154,0.002080624595535649
Gemma-3-12B-IT,SciER,3627225,P2,P3,P2->P3,-0.0183436839796861,-0.0153599848880873,-0.0279167896901164,-0.0312963000361336,0.012952616056447503,0.012556804802029099,0.0127547104292383
Gemma-3-12B-IT,SciER,3627225,P3,P4,P3->P4,-0.0153599848880873,-0.0314985346286854,-0.300696616603973,-0.0447117601110809,0.0293517752229936,0.2691980819752876,0.1492749285991406
Gemma-3-12B-IT,SciER,3627225,P4,P5,P4->P5,-0.0314985346286854,-0.0210509025255839,-0.2496962514718373,-0.0646891813328925,0.03319064670420711,0.2286453489462534,0.13091799782523025
Gemma-3-12B-IT,SciER,3627225,P5,P6,P5->P6,-0.0210509025255839,-0.0281925899330496,-0.030670669054189,-0.0212719180583953,0.00022101553281140066,0.0024780791211394017,0.0013495473269754012
Gemma-3-12B-IT,SciER,AAAI2024,P1,P2,P1->P2,-0.0136061395514843,-0.0162819657766257,-0.0182897827837527,-0.022092233782132,0.0084860942306477,0.002007817007126999,0.0052469556188873495
Gemma-3-12B-IT,SciER,AAAI2024,P2,P3,P2->P3,-0.0162819657766257,-0.0123740477621031,-0.0210851310740989,-0.0182020166636857,0.0019200508870600014,0.0087110833119958,0.005315567099527901
Gemma-3-12B-IT,SciER,AAAI2024,P3,P4,P3->P4,-0.0123740477621031,-0.0367582574896658,-0.1537628474278541,-0.0247180005935611,0.012343952831458,0.1170045899381883,0.06467427138482315
Gemma-3-12B-IT,SciER,AAAI2024,P4,P5,P4->P5,-0.0367582574896658,-0.0319997365234278,-0.0642662658199605,-0.0843171648767464,0.0475589073870806,0.0322665292965327,0.03991271834180665
Gemma-3-12B-IT,SciER,AAAI2024,P5,P6,P5->P6,-0.0319997365234278,-0.0301627908169333,-0.0323702305508194,-0.0368277709226773,0.0048280343992494965,0.0022074397338860963,0.0035177370665677964
Gemma-3-12B-IT,SciER,EMNLP2023,P1,P2,P1->P2,-0.0195876000209088,-0.0187100137292787,-0.0393831399407716,-0.0113697691643439,0.0082178308565649,0.020673126211492896,0.014445478534028899
Gemma-3-12B-IT,SciER,EMNLP2023,P2,P3,P2->P3,-0.0187100137292787,-0.0149899106915703,-0.0176222903779308,-0.0257122438121713,0.007002230082892601,0.0026323796863605003,0.0048173048846265505
Gemma-3-12B-IT,SciER,EMNLP2023,P3,P4,P3->P4,-0.0149899106915703,-0.0245103176649626,-0.2369586375382569,-0.0491492303451328,0.0341593196535625,0.21244831987329432,0.12330381976342841
Gemma-3-12B-IT,SciER,EMNLP2023,P4,P5,P4->P5,-0.0245103176649626,-0.0459946055622661,-0.2666367279973259,-0.1140364876738539,0.08952617000889129,0.22064212243505982,0.15508414622197556
Gemma-3-12B-IT,SciER,EMNLP2023,P5,P6,P5->P6,-0.0459946055622661,-0.0464602333138098,-0.0612407438457012,-0.0415866844077161,0.00440792115455,0.014780510531891396,0.009594215843220698
Gemma-3-12B-IT,SciER,ICLR2024-AI4Science-Protein,P1,P2,P1->P2,-0.0218470683679204,-0.0289038785629801,-0.036964722209506,-0.0285187247791901,0.0066716564112697,0.0080608436465259,0.0073662500288978
Gemma-3-12B-IT,SciER,ICLR2024-AI4Science-Protein,P2,P3,P2->P3,-0.0289038785629801,-0.0324211531796361,-0.0422891258472032,-0.0318837058875293,0.0029798273245491974,0.009867972667567101,0.006423899996058149
Gemma-3-12B-IT,SciER,ICLR2024-AI4Science-Protein,P3,P4,P3->P4,-0.0324211531796361,-0.0406271054084042,-0.6455563752047987,-0.0923638791296738,0.0599427259500377,0.6049292697963945,0.3324359978732161
Gemma-3-12B-IT,SciER,ICLR2024-AI4Science-Protein,P4,P5,P4->P5,-0.0406271054084042,-0.0396826667438112,-0.3413485174070352,-0.104658254179131,0.0640311487707268,0.301665850663224,0.1828484997169754
Gemma-3-12B-IT,SciER,ICLR2024-AI4Science-Protein,P5,P6,P5->P6,-0.0396826667438112,-0.0318474426476851,-0.0358019242727238,-0.0402598858656246,0.0005772191218134035,0.003954481625038704,0.0022658503734260538
Gemma-3-12B-IT,SciER,202888938,P1,P2,P1->P2,-0.0139637310413917,-0.0303837312520414,-0.0410617019819176,-0.0202693566801757,0.006305625638784,0.010677970729876203,0.008491798184330102
Gemma-3-12B-IT,SciER,202888938,P2,P3,P2->P3,-0.0303837312520414,-0.0222195746650298,-0.0240442543327808,-0.0363800428864901,0.005996311634448699,0.0018246796677509995,0.003910495651099849
Gemma-3-12B-IT,SciER,202888938,P3,P4,P3->P4,-0.0222195746650298,-0.020603147874769,-0.4556698083313926,-0.0615615307241678,0.039341956059138,0.43506666045662357,0.23720430825788077
Gemma-3-12B-IT,SciER,202888938,P4,P5,P4->P5,-0.020603147874769,-0.0284161778821607,-0.0622092871964789,-0.0725788665719629,0.051975718697193904,0.0337931093143182,0.04288441400575605
Gemma-3-12B-IT,SciER,202888938,P5,P6,P5->P6,-0.0284161778821607,-0.0511738790864759,-0.0624140880774923,-0.0303703185160738,0.001954140633913099,0.011240208991016395,0.006597174812464747
Gemma-3-12B-IT,SciER,53109398,P1,P2,P1->P2,-0.0061166681250849,-0.0119272435994871,-0.017013844408196,-0.0105984772799995,0.004481809154914599,0.005086600808708902,0.00478420498181175
Gemma-3-12B-IT,SciER,53109398,P2,P3,P2->P3,-0.0119272435994871,-0.007273031779531,-0.0086862923019156,-0.0169390635321631,0.005011819932676,0.0014132605223846004,0.0032125402275303
Gemma-3-12B-IT,SciER,53109398,P3,P4,P3->P4,-0.007273031779531,-0.0277195782836424,-0.3416136037319078,-0.0254055028744772,0.0181324710949462,0.3138940254482654,0.1660132482716058
Gemma-3-12B-IT,SciER,53109398,P4,P5,P4->P5,-0.0277195782836424,-0.0284349032020916,-0.1654939085130213,-0.085633363362846,0.0579137850792036,0.13705900531092968,0.09748639519506663
Gemma-3-12B-IT,SciER,53109398,P5,P6,P5->P6,-0.0284349032020916,-0.0302792525853898,-0.0394592017013467,-0.0363390317446877,0.0079041285425961,0.009179949115956904,0.008542038829276502
Gemma-3-12B-IT,SciER,CVPR2023,P1,P2,P1->P2,-0.0122482092866284,-0.0145319732031426,-0.0231899072281801,-0.0140340065555633,0.0017857972689349008,0.008657934025037499,0.0052218656469862
Gemma-3-12B-IT,SciER,CVPR2023,P2,P3,P2->P3,-0.0145319732031426,-0.0259719302129412,-0.0304543440188186,-0.0223445886674408,0.007812615464298199,0.004482413805877401,0.0061475146350878
Gemma-3-12B-IT,SciER,CVPR2023,P3,P4,P3->P4,-0.0259719302129412,-0.1008347102573939,-2.308452372648278,-0.056822665655159,0.030850735442217798,2.207617662390884,1.1192341989165508
Gemma-3-12B-IT,SciER,CVPR2023,P4,P5,P4->P5,-0.1008347102573939,-0.0583186573364409,-0.1502071772500922,-0.0180894306727818,0.08274527958461211,0.0918885199136513,0.0873168997491317
Gemma-3-12B-IT,SciER,CVPR2023,P5,P6,P5->P6,-0.0583186573364409,-0.0556142367188285,-0.0747178173711839,-0.0501401604608047,0.008178496875636196,0.019103580652355394,0.013641038763995795
Gemma-3-12B-IT,SciER,52169846,P1,P2,P1->P2,-0.0238989730436394,-0.0203142294913162,-0.0261718993000456,-0.0294401047557884,0.005541131712148997,0.005857669808729402,0.0056994007604392
Gemma-3-12B-IT,SciER,52169846,P2,P3,P2->P3,-0.0203142294913162,-0.0269680269530225,-0.0289492839797349,-0.0229077209419582,0.0025934914506419993,0.0019812570267124,0.0022873742386771995
Gemma-3-12B-IT,SciER,52169846,P3,P4,P3->P4,-0.0269680269530225,-0.0655676477427392,-0.3009310517639051,-0.0824065775082802,0.055438550555257704,0.2353634040211659,0.1454009772882118
Gemma-3-12B-IT,SciER,52169846,P4,P5,P4->P5,-0.0655676477427392,-0.0473689694230149,-0.1622074600157698,-0.1093815421953992,0.04381389445266,0.1148384905927549,0.07932619252270745
Gemma-3-12B-IT,SciER,52169846,P5,P6,P5->P6,-0.0473689694230149,-0.0414261393572973,-0.0495032725406323,-0.0488756046062562,0.0015066351832413033,0.008077133183335,0.004791884183288152
Gemma-3-12B-IT,SciER,210702798,P1,P2,P1->P2,-0.0144116936037903,-0.0119559054373041,-0.0112082694537036,-0.0153838710177751,0.000972177413984799,0.0007476359836004996,0.0008599066987926493
Gemma-3-12B-IT,SciER,210702798,P2,P3,P2->P3,-0.0119559054373041,-0.0111778786753689,-0.0130211774342114,-0.0129672166583816,0.0010113112210774992,0.0018432987588424994,0.0014273049899599993
Gemma-3-12B-IT,SciER,210702798,P3,P4,P3->P4,-0.0111778786753689,-0.0533433774424033,-0.1673102621120919,-0.019143039703124,0.0079651610277551,0.1139668846696886,0.06096602284872185
Gemma-3-12B-IT,SciER,210702798,P4,P5,P4->P5,-0.0533433774424033,-0.0140479325101866,-0.0870770354323978,-0.0969355783761451,0.0435922009337418,0.0730291029222112,0.05831065192797649
Gemma-3-12B-IT,SciER,210702798,P5,P6,P5->P6,-0.0140479325101866,-0.0491655537404031,-0.0563278191156475,-0.0154651157589171,0.0014171832487305004,0.007162265375244399,0.00428972431198745
Mistral-7B-Instruct-v0.3,EBM-NLP,11229858,P1,P2,P1->P2,-0.0212616130629438,-0.0015283563795189,-0.0025611308506793,-0.0497895046159553,0.028527891553011497,0.0010327744711604,0.014780333012085948
Mistral-7B-Instruct-v0.3,EBM-NLP,11229858,P2,P3,P2->P3,-0.0015283563795189,-0.0547762696941693,-0.0455645617511537,-0.0044150390351812,0.0028866826556623,0.009211707943015603,0.0060491952993389515
Mistral-7B-Instruct-v0.3,EBM-NLP,11229858,P3,P4,P3->P4,-0.0547762696941693,-0.0331481645504633,-0.5348770989312066,-0.2519262515836292,0.1971499818894599,0.5017289343807433,0.3494394581351016
Mistral-7B-Instruct-v0.3,EBM-NLP,11229858,P4,P5,P4->P5,-0.0331481645504633,-0.0628727134420068,-0.18872323220606,-0.0668462461895412,0.0336980816390779,0.12585051876405318,0.07977430020156553
Mistral-7B-Instruct-v0.3,EBM-NLP,11229858,P5,P6,P5->P6,-0.0628727134420068,-0.053740382194519,-0.0616895625465794,-0.1055483416299135,0.0426756281879067,0.007949180352060402,0.02531240426998355
Mistral-7B-Instruct-v0.3,EBM-NLP,2678230,P1,P2,P1->P2,-0.0186963189801532,-0.0125201230661736,-0.0224129045123441,-0.0206561218054123,0.0019598028252590972,0.009892781446170498,0.005926292135714798
Mistral-7B-Instruct-v0.3,EBM-NLP,2678230,P2,P3,P2->P3,-0.0125201230661736,-0.0206699358127059,-0.0278863077778123,-0.0213659579813894,0.008845834915215801,0.0072163719651064,0.0080311034401611
Mistral-7B-Instruct-v0.3,EBM-NLP,2678230,P3,P4,P3->P4,-0.0206699358127059,-0.0451840289095614,-0.4230649079334863,-0.1090893555055105,0.08841941969280459,0.37788087902392486,0.23315014935836473
Mistral-7B-Instruct-v0.3,EBM-NLP,2678230,P4,P5,P4->P5,-0.0451840289095614,-0.0560118968670184,-0.1950557741344484,-0.051046313757592,0.0058622848480305995,0.13904387726743,0.0724530810577303
Mistral-7B-Instruct-v0.3,EBM-NLP,2678230,P5,P6,P5->P6,-0.0560118968670184,-0.0514209914124674,-0.0588335990905761,-0.0714083859044262,0.015396489037407805,0.007412607678108703,0.011404548357758254
Mistral-7B-Instruct-v0.3,EBM-NLP,8916620,P1,P2,P1->P2,-0.0264480313705524,-0.0285573075799381,-0.0330528702965394,-0.0399307880102027,0.0134827566396503,0.004495562716601301,0.0089891596781258
Mistral-7B-Instruct-v0.3,EBM-NLP,8916620,P2,P3,P2->P3,-0.0285573075799381,-0.0287914358995815,-0.0285573075799381,-0.0287914358995815,0.00023412831964339867,0.00023412831964339867,0.00023412831964339867
Mistral-7B-Instruct-v0.3,EBM-NLP,8916620,P3,P4,P3->P4,-0.0287914358995815,-0.0953158157921972,-0.4669648011525472,-0.2047698128032174,0.1759783769036359,0.37164898536034996,0.27381368113199295
Mistral-7B-Instruct-v0.3,EBM-NLP,8916620,P4,P5,P4->P5,-0.0953158157921972,-0.0613493041632926,-0.0953116292414599,-0.1993988894280933,0.10408307363589611,0.0339623250781673,0.0690226993570317
Mistral-7B-Instruct-v0.3,EBM-NLP,8916620,P5,P6,P5->P6,-0.0613493041632926,-0.0888974299797644,-0.1485794324141282,-0.0786984462852347,0.0173491421219421,0.05968200243436379,0.03851557227815294
Mistral-7B-Instruct-v0.3,SciERC,P86-1011,P1,P2,P1->P2,-0.0237585313341303,-0.0142568653261858,-0.0257531316666346,-0.0238678891532676,0.00010935781913730055,0.011496266340448801,0.005802812079793051
Mistral-7B-Instruct-v0.3,SciERC,P86-1011,P2,P3,P2->P3,-0.0142568653261858,-0.0330382616727566,-0.0257744608731297,-0.0237487757339194,0.009491910407733601,0.0072638007996269,0.008377855603680252
Mistral-7B-Instruct-v0.3,SciERC,P86-1011,P3,P4,P3->P4,-0.0330382616727566,-0.0721989153257382,-0.4757152772417255,-0.0786228826905499,0.0455846210177933,0.40351636191598733,0.22455049146689032
Mistral-7B-Instruct-v0.3,SciERC,P86-1011,P4,P5,P4->P5,-0.0721989153257382,-0.0346599105428809,-0.0833726428108772,-0.1213057025585299,0.0491067872327917,0.04871273226799629,0.048909759750393994
Mistral-7B-Instruct-v0.3,SciERC,P86-1011,P5,P6,P5->P6,-0.0346599105428809,-0.0216361383289688,-0.0277670504580629,-0.0327917411249736,0.001868169417907302,0.006130912129094102,0.003999540773500702
Mistral-7B-Instruct-v0.3,EBM-NLP,4919024,P1,P2,P1->P2,-0.0072374636955682,-0.0125351594297925,-0.0072374636955682,-0.0125351594297925,0.005297695734224301,0.005297695734224301,0.005297695734224301
Mistral-7B-Instruct-v0.3,EBM-NLP,4919024,P2,P3,P2->P3,-0.0125351594297925,-0.0177990709179343,-0.0125351594297925,-0.0177990709179343,0.005263911488141801,0.005263911488141801,0.005263911488141801
Mistral-7B-Instruct-v0.3,EBM-NLP,4919024,P3,P4,P3->P4,-0.0177990709179343,-0.0449305198810718,-1.1657238713017215,-0.1078400249639268,0.09004095404599251,1.1207933514206496,0.6054171527333211
Mistral-7B-Instruct-v0.3,EBM-NLP,4919024,P4,P5,P4->P5,-0.0449305198810718,-0.0541704717680072,-0.1976403234698248,-0.0685455180980541,0.023614998216982305,0.14346985170181759,0.08354242495939995
Mistral-7B-Instruct-v0.3,EBM-NLP,4919024,P5,P6,P5->P6,-0.0541704717680072,-0.0649229677596894,-0.1037974546451379,-0.0637335565918726,0.009563084823865406,0.03887448688544849,0.02421878585465695
Mistral-7B-Instruct-v0.3,EBM-NLP,3067745,P1,P2,P1->P2,-0.0145721757293104,-0.0091675254719353,-0.0145721757293104,-0.0091675254719353,0.005404650257375101,0.005404650257375101,0.005404650257375101
Mistral-7B-Instruct-v0.3,EBM-NLP,3067745,P2,P3,P2->P3,-0.0091675254719353,-0.0119113929825733,-0.0091675254719353,-0.0119113929825733,0.002743867510638001,0.002743867510638001,0.002743867510638001
Mistral-7B-Instruct-v0.3,EBM-NLP,3067745,P3,P4,P3->P4,-0.0119113929825733,-0.0282957425405239,-0.3988264456562612,-0.0510309684981367,0.0391195755155634,0.37053070311573727,0.20482513931565033
Mistral-7B-Instruct-v0.3,EBM-NLP,3067745,P4,P5,P4->P5,-0.0282957425405239,-0.0687129272163406,-0.1032072487941458,-0.0889028749246707,0.06060713238414679,0.0344943215778052,0.047550726980975996
Mistral-7B-Instruct-v0.3,EBM-NLP,3067745,P5,P6,P5->P6,-0.0687129272163406,-0.1242660331726074,-0.154321346282959,-0.0914109035525932,0.02269797633625259,0.03005531311035159,0.02637664472330209
Mistral-7B-Instruct-v0.3,EBM-NLP,21914768,P1,P2,P1->P2,-0.0218893756505613,-0.0448196337850465,-0.0261703710036598,-0.0278713795694285,0.005982003918867201,0.018649262781386698,0.01231563335012695
Mistral-7B-Instruct-v0.3,EBM-NLP,21914768,P2,P3,P2->P3,-0.0448196337850465,-0.0360001584368885,-0.0278713795694285,-0.0461495088430929,0.0013298750580464022,0.008128778867460003,0.0047293269627532025
Mistral-7B-Instruct-v0.3,EBM-NLP,21914768,P3,P4,P3->P4,-0.0360001584368885,-0.0335575954936375,-0.6788579994272963,-0.10232614433192,0.0663259858950315,0.6453004039336588,0.35581319491434515
Mistral-7B-Instruct-v0.3,EBM-NLP,21914768,P4,P5,P4->P5,-0.0335575954936375,-0.0401448851560845,-0.2047960865037406,-0.1089646147790356,0.0754070192853981,0.1646512013476561,0.1200291103165271
Mistral-7B-Instruct-v0.3,EBM-NLP,21914768,P5,P6,P5->P6,-0.0401448851560845,-0.0487691273494642,-0.0821859933892074,-0.0491170092157143,0.008972124059629799,0.0334168660397432,0.0211944950496865
Mistral-7B-Instruct-v0.3,EBM-NLP,11381289,P1,P2,P1->P2,-0.0024361547589171,-0.0096198539774489,-0.0024361547589171,-0.0096198539774489,0.0071836992185318,0.0071836992185318,0.0071836992185318
Mistral-7B-Instruct-v0.3,EBM-NLP,11381289,P2,P3,P2->P3,-0.0096198539774489,-0.0278546170641978,-0.0096198539774489,-0.0278546170641978,0.0182347630867489,0.0182347630867489,0.0182347630867489
Mistral-7B-Instruct-v0.3,EBM-NLP,11381289,P3,P4,P3->P4,-0.0278546170641978,-0.0207830733557542,-0.2841227201620738,-0.0618122629412825,0.033957645877084705,0.2633396468063196,0.14864864634170216
Mistral-7B-Instruct-v0.3,EBM-NLP,11381289,P4,P5,P4->P5,-0.0207830733557542,-0.0344932457804679,-0.0207830733557542,-0.0344932457804679,0.013710172424713698,0.013710172424713698,0.013710172424713698
Mistral-7B-Instruct-v0.3,EBM-NLP,11381289,P5,P6,P5->P6,-0.0344932457804679,-0.025152608876427,-0.0344932457804679,-0.025152608876427,0.009340636904040897,0.009340636904040897,0.009340636904040897
Mistral-7B-Instruct-v0.3,SciERC,ECCV_2016_110_abs,P1,P2,P1->P2,-0.0295081143417666,-0.0315931870932285,-0.0343001488667384,-0.0309179318888533,0.0014098175470866996,0.002706961773509896,0.0020583896602982977
Mistral-7B-Instruct-v0.3,SciERC,ECCV_2016_110_abs,P2,P3,P2->P3,-0.0315931870932285,-0.0310569059313712,-0.0279529130160186,-0.0415406193576294,0.009947432264400896,0.0031039929153526026,0.006525712589876749
Mistral-7B-Instruct-v0.3,SciERC,ECCV_2016_110_abs,P3,P4,P3->P4,-0.0310569059313712,-0.0911208477131156,-0.3698797835860141,-0.0462051895067935,0.015148283575422295,0.27875893587289846,0.14695360972416038
Mistral-7B-Instruct-v0.3,SciERC,ECCV_2016_110_abs,P4,P5,P4->P5,-0.0911208477131156,-0.0491506042280746,-0.0917953321446923,-0.1377034587915553,0.046582611078439695,0.04264472791661769,0.044613669497528693
Mistral-7B-Instruct-v0.3,SciERC,ECCV_2016_110_abs,P5,P6,P5->P6,-0.0491506042280746,-0.0555204627025558,-0.0625970306166683,-0.046809952920644,0.002340651307430601,0.0070765679141125,0.00470860961077155
Mistral-7B-Instruct-v0.3,EBM-NLP,7844976,P1,P2,P1->P2,-0.0317712241635661,-0.0063578409513806,-0.0347910702713136,-0.067229714353713,0.0354584901901469,0.028433229319932998,0.03194585975503995
Mistral-7B-Instruct-v0.3,EBM-NLP,7844976,P2,P3,P2->P3,-0.0063578409513806,-0.0055163788601634,-0.0063578409513806,-0.0055163788601634,0.0008414620912171999,0.0008414620912171999,0.0008414620912171999
Mistral-7B-Instruct-v0.3,EBM-NLP,7844976,P3,P4,P3->P4,-0.0055163788601634,-0.0578539703465715,-0.6950319024580943,-0.1150793602796105,0.10956298141944709,0.6371779321115228,0.37337045676548497
Mistral-7B-Instruct-v0.3,EBM-NLP,7844976,P4,P5,P4->P5,-0.0578539703465715,-0.0902510091482874,-0.1567924683352551,-0.3942178985740565,0.33636392822748495,0.06654145918696769,0.20145269370722632
Mistral-7B-Instruct-v0.3,EBM-NLP,7844976,P5,P6,P5->P6,-0.0902510091482874,-0.0913447931588414,-0.1031152656279414,-0.1085349450628441,0.018283935914556695,0.011770472469099999,0.015027204191828347
Mistral-7B-Instruct-v0.3,SciERC,P06-3007,P1,P2,P1->P2,-0.0228999867108075,-0.0285764472032694,-0.0306923676795069,-0.0275269280863042,0.004626941375496699,0.002115920476237501,0.0033714309258671
Mistral-7B-Instruct-v0.3,SciERC,P06-3007,P2,P3,P2->P3,-0.0285764472032694,-0.0171909925463323,-0.0196049405898124,-0.0323109069967345,0.0037344597934651017,0.0024139480434801006,0.003074203918472601
Mistral-7B-Instruct-v0.3,SciERC,P06-3007,P3,P4,P3->P4,-0.0171909925463323,-0.0480313102404276,-0.5518331405444022,-0.0716445967831676,0.054453604236835304,0.5038018303039746,0.279127717270405
Mistral-7B-Instruct-v0.3,SciERC,P06-3007,P4,P5,P4->P5,-0.0480313102404276,-0.0356984089517817,-0.1828302777429142,-0.1190984103924188,0.07106710015199119,0.1471318687911325,0.10909948447156184
Mistral-7B-Instruct-v0.3,SciERC,P06-3007,P5,P6,P5->P6,-0.0356984089517817,-0.0498462306274162,-0.0451156562501257,-0.0384900087202099,0.002791599768428195,0.004730574377290499,0.003761087072859347
Mistral-7B-Instruct-v0.3,EBM-NLP,15358868,P1,P2,P1->P2,-0.0420216685200965,-0.0226810200943201,-0.0117962928179881,-0.0758390042914853,0.0338173357713888,0.010884727276332,0.0223510315238604
Mistral-7B-Instruct-v0.3,EBM-NLP,15358868,P2,P3,P2->P3,-0.0226810200943201,-0.0365023197571061,-0.0470322662929319,-0.0317222951995253,0.009041275105205197,0.010529946535825799,0.009785610820515498
Mistral-7B-Instruct-v0.3,EBM-NLP,15358868,P3,P4,P3->P4,-0.0365023197571061,-0.074240523835887,-0.5242734239639147,-0.1314756705794694,0.0949733508223633,0.45003290012802777,0.2725031254751955
Mistral-7B-Instruct-v0.3,EBM-NLP,15358868,P4,P5,P4->P5,-0.074240523835887,-0.0389396846294403,-0.1580609223672321,-0.0650110771690589,0.009229446666828095,0.11912123773779179,0.06417534220230994
Mistral-7B-Instruct-v0.3,EBM-NLP,15358868,P5,P6,P5->P6,-0.0389396846294403,-0.0460833393145298,-0.0650110771690589,-0.0418288145746503,0.0028891299452099978,0.018927737854529107,0.010908433899869553
Mistral-7B-Instruct-v0.3,EBM-NLP,23849147,P1,P2,P1->P2,-0.0102185521539783,-0.0121217643117306,-0.0102185521539783,-0.0121217643117306,0.0019032121577523004,0.0019032121577523004,0.0019032121577523004
Mistral-7B-Instruct-v0.3,EBM-NLP,23849147,P2,P3,P2->P3,-0.0121217643117306,-0.0155316199717661,-0.0121217643117306,-0.0155316199717661,0.0034098556600355,0.0034098556600355,0.0034098556600355
Mistral-7B-Instruct-v0.3,EBM-NLP,23849147,P3,P4,P3->P4,-0.0155316199717661,-0.0565534460133519,-0.7776011105241447,-0.1494447546523984,0.1339131346806323,0.7210476645107928,0.42748039959571255
Mistral-7B-Instruct-v0.3,EBM-NLP,23849147,P4,P5,P4->P5,-0.0565534460133519,-0.0530170202255249,-0.1887091174721717,-0.2291019209500016,0.17254847493664968,0.1356920972466468,0.15412028609164824
Mistral-7B-Instruct-v0.3,EBM-NLP,23849147,P5,P6,P5->P6,-0.0530170202255249,-0.0933962683392386,-0.0951117531866089,-0.0757566951215267,0.022739674896001802,0.0017154848473703022,0.012227579871686052
Mistral-7B-Instruct-v0.3,SciERC,E95-1033,P1,P2,P1->P2,-0.0141405747714922,-0.0413685401685016,-0.0531374657743198,-0.0194725730920731,0.0053319983205809,0.0117689256058182,0.00855046196319955
Mistral-7B-Instruct-v0.3,SciERC,E95-1033,P2,P3,P2->P3,-0.0413685401685016,-0.0393116827794285,-0.0413685401685016,-0.0393116827794285,0.0020568573890730954,0.0020568573890730954,0.0020568573890730954
Mistral-7B-Instruct-v0.3,SciERC,E95-1033,P3,P4,P3->P4,-0.0393116827794285,-0.0371659021709383,-0.3979041088641304,-0.0940346485653589,0.054722965785930396,0.3607382066931921,0.20773058623956125
Mistral-7B-Instruct-v0.3,SciERC,E95-1033,P4,P5,P4->P5,-0.0371659021709383,-0.05133969573132,-0.1619045322678654,-0.0512669091640981,0.014101006993159804,0.11056483653654539,0.0623329217648526
Mistral-7B-Instruct-v0.3,SciERC,E95-1033,P5,P6,P5->P6,-0.05133969573132,-0.0347714274141349,-0.0365498891954583,-0.0558115282211916,0.004471832489871597,0.0017784617813233969,0.0031251471355974968
Mistral-7B-Instruct-v0.3,SciERC,C88-1044,P1,P2,P1->P2,-0.0246449593671099,-0.0366095860432099,-0.0499442381734883,-0.0361655078574507,0.011520548490340801,0.013334652130278402,0.012427600310309601
Mistral-7B-Instruct-v0.3,SciERC,C88-1044,P2,P3,P2->P3,-0.0366095860432099,-0.0225123046648069,-0.032494800080286,-0.0471031028834771,0.010493516840267197,0.009982495415479097,0.010238006127873147
Mistral-7B-Instruct-v0.3,SciERC,C88-1044,P3,P4,P3->P4,-0.0225123046648069,-0.0504622275487231,-0.5015695254663526,-0.102607501155252,0.0800951964904451,0.4511072979176295,0.26560124720403727
Mistral-7B-Instruct-v0.3,SciERC,C88-1044,P4,P5,P4->P5,-0.0504622275487231,-0.0774527964768586,-0.2721936261212384,-0.1718299964839961,0.12136776893527301,0.19474082964437978,0.1580542992898264
Mistral-7B-Instruct-v0.3,SciERC,C88-1044,P5,P6,P5->P6,-0.0774527964768586,-0.0685977137366006,-0.0661120769589446,-0.0778260878574701,0.00037329138061149847,0.0024856367776560084,0.0014294640791337535
Mistral-7B-Instruct-v0.3,EBM-NLP,384815,P1,P2,P1->P2,-0.015867881314726,-0.029101634898356,-0.0203964637007032,-0.0348041139185303,0.0189362326038043,0.008705171197652798,0.013820701900728549
Mistral-7B-Instruct-v0.3,EBM-NLP,384815,P2,P3,P2->P3,-0.029101634898356,-0.0281216933089456,-0.033596188019795,-0.0408328583623681,0.011731223464012102,0.005474494710849397,0.00860285908743075
Mistral-7B-Instruct-v0.3,EBM-NLP,384815,P3,P4,P3->P4,-0.0281216933089456,-0.117310443166959,-0.6980370990300583,-0.1448528227532745,0.1167311294443289,0.5807266558630992,0.3487288926537141
Mistral-7B-Instruct-v0.3,EBM-NLP,384815,P4,P5,P4->P5,-0.117310443166959,-0.0422872349619865,-0.2164555586874485,-0.1736562373274463,0.05634579416048731,0.174168323725462,0.11525705894297467
Mistral-7B-Instruct-v0.3,EBM-NLP,384815,P5,P6,P5->P6,-0.0422872349619865,-0.0650957822799682,-0.0582444369792938,-0.0566855192184448,0.014398284256458303,0.006851345300674404,0.010624814778566354
Mistral-7B-Instruct-v0.3,EBM-NLP,19708562,P1,P2,P1->P2,-0.0387758492148628,-0.0079572676596316,-0.0080912865021012,-0.0216136527376185,0.0171621964772443,0.00013401884246960066,0.00864810765985695
Mistral-7B-Instruct-v0.3,EBM-NLP,19708562,P2,P3,P2->P3,-0.0079572676596316,-0.0065447116360307,-0.0121604368329685,-0.0125176894732496,0.004560421813618,0.0056157251969378,0.0050880735052779
Mistral-7B-Instruct-v0.3,EBM-NLP,19708562,P3,P4,P3->P4,-0.0065447116360307,-0.0166626549234577,-0.3836308367112103,-0.0870215974867662,0.08047688585073551,0.3669681817877526,0.22372253381924406
Mistral-7B-Instruct-v0.3,EBM-NLP,19708562,P4,P5,P4->P5,-0.0166626549234577,-0.0491208243370056,-0.1762527414730617,-0.0533149382647346,0.0366522833412769,0.1271319171360561,0.0818921002386665
Mistral-7B-Instruct-v0.3,EBM-NLP,19708562,P5,P6,P5->P6,-0.0491208243370056,-0.0304920158814638,-0.0344618326053023,-0.1052874817167009,0.0561666573796953,0.0039698167238385006,0.0300682370517669
Mistral-7B-Instruct-v0.3,EBM-NLP,22416755,P1,P2,P1->P2,-0.0223887273725561,-0.0076635213274704,-0.0200963856881124,-0.0516597887444272,0.029271061371871097,0.012432864360642,0.020851962866256547
Mistral-7B-Instruct-v0.3,EBM-NLP,22416755,P2,P3,P2->P3,-0.0076635213274704,-0.0536199921164019,-0.0373066381133835,-0.0110059380531311,0.0033424167256607,0.0163133540030184,0.00982788536433955
Mistral-7B-Instruct-v0.3,EBM-NLP,22416755,P3,P4,P3->P4,-0.0536199921164019,-0.1032949367598179,-0.5507323588094404,-0.2596256774047325,0.20600568528833063,0.44743742204962245,0.32672155366897654
Mistral-7B-Instruct-v0.3,EBM-NLP,22416755,P4,P5,P4->P5,-0.1032949367598179,-0.0585476909746472,-0.2139472729371239,-0.0925983125043492,0.010696624255468704,0.1553995819624767,0.0830481031089727
Mistral-7B-Instruct-v0.3,EBM-NLP,22416755,P5,P6,P5->P6,-0.0585476909746472,-0.0932080565076885,-0.0638471963730725,-0.1140267949707446,0.055479103996097394,0.029360860134616,0.0424199820653567
Mistral-7B-Instruct-v0.3,EBM-NLP,19096921,P1,P2,P1->P2,-0.0218530137656775,-0.0079465467821468,-0.0090370453884177,-0.0401507897093851,0.018297775943707597,0.0010904986062709003,0.009694137274989249
Mistral-7B-Instruct-v0.3,EBM-NLP,19096921,P2,P3,P2->P3,-0.0079465467821468,-0.0092768209194515,-0.0079465467821468,-0.0092768209194515,0.0013302741373047,0.0013302741373047,0.0013302741373047
Mistral-7B-Instruct-v0.3,EBM-NLP,19096921,P3,P4,P3->P4,-0.0092768209194515,-0.0460464437384896,-0.3405933050516014,-0.0961821910970032,0.0869053701775517,0.2945468613131118,0.19072611574533177
Mistral-7B-Instruct-v0.3,EBM-NLP,19096921,P4,P5,P4->P5,-0.0460464437384896,-0.0503516096179768,-0.0907832390844485,-0.1643063685586375,0.11825992482014791,0.040431629466471705,0.07934577714330981
Mistral-7B-Instruct-v0.3,EBM-NLP,19096921,P5,P6,P5->P6,-0.0503516096179768,-0.0751565894332982,-0.0693713689254502,-0.0683374660836774,0.017985856465700598,0.0057852205078479935,0.011885538486774296
Mistral-7B-Instruct-v0.3,SciERC,E99-1015,P1,P2,P1->P2,-0.0232362495735287,-0.0334039882496034,-0.0377668964545331,-0.0298730406904593,0.0066367911169306,0.004362908204929697,0.0054998496609301485
Mistral-7B-Instruct-v0.3,SciERC,E99-1015,P2,P3,P2->P3,-0.0334039882496034,-0.0295415115692923,-0.0295874029397964,-0.030845874297533,0.0025581139520704024,4.5891370504098916e-05,0.0013020026612872507
Mistral-7B-Instruct-v0.3,SciERC,E99-1015,P3,P4,P3->P4,-0.0295415115692923,-0.0397826341482309,-0.4032729169824621,-0.0707084699383666,0.0411669583690743,0.3634902828342312,0.20232862060165274
Mistral-7B-Instruct-v0.3,SciERC,E99-1015,P4,P5,P4->P5,-0.0397826341482309,-0.067844647021333,-0.3119501909933799,-0.0707272684181129,0.030944634269882004,0.2441055439720469,0.13752508912096445
Mistral-7B-Instruct-v0.3,SciERC,E99-1015,P5,P6,P5->P6,-0.067844647021333,-0.0921180484478186,-0.10196946345739,-0.0786471071322102,0.010802460110877196,0.009851415009571401,0.010326937560224299
Mistral-7B-Instruct-v0.3,EBM-NLP,6938020,P1,P2,P1->P2,-0.0088423909770413,-0.0224471846183162,-0.0114355697714609,-0.0224431580161336,0.013600767039092299,0.011011614846855299,0.012306190942973798
Mistral-7B-Instruct-v0.3,EBM-NLP,6938020,P2,P3,P2->P3,-0.0224471846183162,-0.0212240287039737,-0.0179657525964137,-0.0315831649785471,0.009135980360230903,0.00325827610756,0.006197128233895451
Mistral-7B-Instruct-v0.3,EBM-NLP,6938020,P3,P4,P3->P4,-0.0212240287039737,-0.0516907726572889,-0.4560214939723614,-0.0802643546918617,0.059040325987888,0.4043307213150725,0.23168552365148026
Mistral-7B-Instruct-v0.3,EBM-NLP,6938020,P4,P5,P4->P5,-0.0516907726572889,-0.0285150272639717,-0.1039761952527864,-0.1344409811557555,0.08275020849846661,0.07546116798881469,0.07910568824364064
Mistral-7B-Instruct-v0.3,EBM-NLP,6938020,P5,P6,P5->P6,-0.0285150272639717,-0.036356519526384,-0.0285150272639717,-0.036356519526384,0.007841492262412302,0.007841492262412302,0.007841492262412302
Mistral-7B-Instruct-v0.3,SciERC,P06-1018,P1,P2,P1->P2,-0.0235444741651254,-0.014413321002076,-0.0228595787634452,-0.0399664719705961,0.0164219978054707,0.0084462577613692,0.01243412778341995
Mistral-7B-Instruct-v0.3,SciERC,P06-1018,P2,P3,P2->P3,-0.014413321002076,-0.0143842119737234,-0.0184032417462506,-0.0133620909384141,0.0010512300636619006,0.0040190297725272005,0.0025351299180945506
Mistral-7B-Instruct-v0.3,SciERC,P06-1018,P3,P4,P3->P4,-0.0143842119737234,-0.0276380885998016,-0.4012197134970444,-0.0747471232763484,0.060362911302625,0.3735816248972428,0.2169722680999339
Mistral-7B-Instruct-v0.3,SciERC,P06-1018,P4,P5,P4->P5,-0.0276380885998016,-0.0224411073983248,-0.0360942148764582,-0.0340290390358769,0.006390950436075304,0.013653107478133399,0.010022028957104351
Mistral-7B-Instruct-v0.3,SciERC,P06-1018,P5,P6,P5->P6,-0.0224411073983248,-0.0166047144063425,-0.0166956684978834,-0.0243765934440816,0.0019354860457568013,9.095409154090059e-05,0.001013220068648851
Mistral-7B-Instruct-v0.3,SciERC,P05-1039,P1,P2,P1->P2,-0.0508095978809695,-0.0379086072573404,-0.0422533854931414,-0.0583401533770443,0.007530555496074801,0.004344778235800997,0.005937666865937899
Mistral-7B-Instruct-v0.3,SciERC,P05-1039,P2,P3,P2->P3,-0.0379086072573404,-0.0388460025458992,-0.0379086072573404,-0.0388460025458992,0.0009373952885587955,0.0009373952885587955,0.0009373952885587955
Mistral-7B-Instruct-v0.3,SciERC,P05-1039,P3,P4,P3->P4,-0.0388460025458992,-0.0642537954716367,-0.405901777141289,-0.2156021478781086,0.1767561453322094,0.34164798166965227,0.25920206350093083
Mistral-7B-Instruct-v0.3,SciERC,P05-1039,P4,P5,P4->P5,-0.0642537954716367,-0.0216115815145475,-0.061387251089285,-0.1479485766665017,0.08369478119486501,0.0397756695747375,0.06173522538480125
Mistral-7B-Instruct-v0.3,SciERC,P05-1039,P5,P6,P5->P6,-0.0216115815145475,-0.0237164467841655,-0.0216115815145475,-0.0237164467841655,0.002104865269617999,0.002104865269617999,0.002104865269617999
Mistral-7B-Instruct-v0.3,SciERC,P06-1053,P1,P2,P1->P2,-0.0313172813979062,-0.0372831101824597,-0.0402889040392865,-0.0404814690893346,0.009164187691428398,0.0030057938568267967,0.006084990774127597
Mistral-7B-Instruct-v0.3,SciERC,P06-1053,P2,P3,P2->P3,-0.0372831101824597,-0.0322329920680454,-0.0346524128614466,-0.0381996863966204,0.0009165762141606984,0.0024194207934012044,0.0016679985037809514
Mistral-7B-Instruct-v0.3,SciERC,P06-1053,P3,P4,P3->P4,-0.0322329920680454,-0.142731471647296,-0.4878123433966386,-0.1328869335981365,0.1006539415300911,0.3450808717493426,0.22286740663971685
Mistral-7B-Instruct-v0.3,SciERC,P06-1053,P4,P5,P4->P5,-0.142731471647296,-0.0722511975388777,-0.1653813301471241,-0.1750012565077396,0.0322697848604436,0.09313013260824642,0.062699958734345
Mistral-7B-Instruct-v0.3,SciERC,P06-1053,P5,P6,P5->P6,-0.0722511975388777,-0.0440956289587468,-0.0417003833860266,-0.0735324087895845,0.0012812112507068069,0.002395245572720202,0.0018382284117135043
Mistral-7B-Instruct-v0.3,SciERC,P05-2013,P1,P2,P1->P2,-0.0311232716316291,-0.0303766182097403,-0.0350129411920257,-0.041277956806506,0.010154685174876898,0.004636322982285401,0.007395504078581149
Mistral-7B-Instruct-v0.3,SciERC,P05-2013,P2,P3,P2->P3,-0.0303766182097403,-0.0281465781042558,-0.0376201692867923,-0.0309161713265854,0.0005395531168451012,0.0094735911825365,0.0050065721496908005
Mistral-7B-Instruct-v0.3,SciERC,P05-2013,P3,P4,P3->P4,-0.0281465781042558,-0.0304951323013679,-0.6315974067239201,-0.1876343189937769,0.15948774088952108,0.6011022744225522,0.38029500765603663
Mistral-7B-Instruct-v0.3,SciERC,P05-2013,P4,P5,P4->P5,-0.0304951323013679,-0.0336445001176166,-0.0859296878582329,-0.0557860081491906,0.025290875847822702,0.05228518774061631,0.0387880317942195
Mistral-7B-Instruct-v0.3,SciERC,P05-2013,P5,P6,P5->P6,-0.0336445001176166,-0.0326827873433301,-0.0336445001176166,-0.0326827873433301,0.0009617127742864995,0.0009617127742864995,0.0009617127742864995
Mistral-7B-Instruct-v0.3,EBM-NLP,24803369,P1,P2,P1->P2,-0.0232866411912254,-0.0182592956571659,-0.014121993900791,-0.0290558174312481,0.0057691762400227005,0.0041373017563749,0.0049532389981988
Mistral-7B-Instruct-v0.3,EBM-NLP,24803369,P2,P3,P2->P3,-0.0182592956571659,-0.0291511207263153,-0.0264380044818241,-0.0199657298930322,0.0017064342358662984,0.0027131162444911996,0.002209775240178749
Mistral-7B-Instruct-v0.3,EBM-NLP,24803369,P3,P4,P3->P4,-0.0291511207263153,-0.030337411025874,-0.3687081234060603,-0.0572223148729445,0.0280711941466292,0.3383707123801863,0.18322095326340773
Mistral-7B-Instruct-v0.3,EBM-NLP,24803369,P4,P5,P4->P5,-0.030337411025874,-0.0562125094595797,-0.2452024812372321,-0.0750829158283823,0.044745504802508294,0.1889899717776524,0.11686773829008035
Mistral-7B-Instruct-v0.3,EBM-NLP,24803369,P5,P6,P5->P6,-0.0562125094595797,-0.0363421595779953,-0.0584467307777161,-0.0739264654637741,0.017713956004194398,0.0221045711997208,0.0199092636019576
Mistral-7B-Instruct-v0.3,EBM-NLP,10934569,P1,P2,P1->P2,-0.0111418494877095,-0.0102231166845166,-0.0148353964666552,-0.0163738347847941,0.0052319852970846015,0.004612279782138599,0.0049221325396116
Mistral-7B-Instruct-v0.3,EBM-NLP,10934569,P2,P3,P2->P3,-0.0102231166845166,-0.018007569056572,-0.0056662471050943,-0.0162469128306583,0.006023796146141701,0.012341321951477701,0.009182559048809701
Mistral-7B-Instruct-v0.3,EBM-NLP,10934569,P3,P4,P3->P4,-0.018007569056572,-0.0493207371924534,-0.2564221669819729,-0.0511508885923371,0.0331433195357651,0.2071014297895195,0.1201223746626423
Mistral-7B-Instruct-v0.3,EBM-NLP,10934569,P4,P5,P4->P5,-0.0493207371924534,-0.0538991216878245,-0.1301455255737878,-0.075459133494984,0.0261383963025306,0.07624640388596331,0.051192400094246956
Mistral-7B-Instruct-v0.3,EBM-NLP,10934569,P5,P6,P5->P6,-0.0538991216878245,-0.0426750722921119,-0.0784526860938882,-0.0859814689571696,0.0320823472693451,0.0357776138017763,0.0339299805355607
Mistral-7B-Instruct-v0.3,EBM-NLP,6951573,P1,P2,P1->P2,-0.0161879009966339,-0.0849700636194589,-0.102320960507943,-0.0252077868208289,0.009019885824195002,0.017350896888484096,0.01318539135633955
Mistral-7B-Instruct-v0.3,EBM-NLP,6951573,P2,P3,P2->P3,-0.0849700636194589,-0.0510552109281222,-0.0614112923791011,-0.0774434617577264,0.007526601861732499,0.010356081450978896,0.008941341656355697
Mistral-7B-Instruct-v0.3,EBM-NLP,6951573,P3,P4,P3->P4,-0.0510552109281222,-0.0457216962374777,-0.2797401010254283,-0.0973507980505625,0.0462955871224403,0.23401840478795058,0.14015699595519543
Mistral-7B-Instruct-v0.3,EBM-NLP,6951573,P4,P5,P4->P5,-0.0457216962374777,-0.0317400401288812,-0.1296978755430742,-0.0831584157767119,0.0374367195392342,0.09795783541419298,0.06769727747671359
Mistral-7B-Instruct-v0.3,EBM-NLP,6951573,P5,P6,P5->P6,-0.0317400401288812,-0.042097871777289,-0.0473468284265226,-0.0303429235111583,0.001397116617722901,0.0052489566492336034,0.003323036633478252
Mistral-7B-Instruct-v0.3,SciERC,I05-5004,P1,P2,P1->P2,-0.0419718256640818,-0.0500312606949325,-0.0540161946839695,-0.0513425071032777,0.0093706814391959,0.003984933989037001,0.006677807714116451
Mistral-7B-Instruct-v0.3,SciERC,I05-5004,P2,P3,P2->P3,-0.0500312606949325,-0.0315204891317252,-0.0279969008961684,-0.0523100277699461,0.0022787670750136005,0.0035235882355567974,0.002901177655285199
Mistral-7B-Instruct-v0.3,SciERC,I05-5004,P3,P4,P3->P4,-0.0315204891317252,-0.0603906239718752,-0.3999273732692335,-0.0733539666744727,0.04183347754274751,0.3395367492973583,0.1906851134200529
Mistral-7B-Instruct-v0.3,SciERC,I05-5004,P4,P5,P4->P5,-0.0603906239718752,-0.0227543540803637,-0.0532130892430348,-0.1016389942523715,0.04124837028049629,0.0304587351626711,0.03585355272158369
Mistral-7B-Instruct-v0.3,SciERC,I05-5004,P5,P6,P5->P6,-0.0227543540803637,-0.0432058365238822,-0.041885168928849,-0.022279579000001,0.00047477508036269933,0.0013206675950332009,0.0008977213376979501
Mistral-7B-Instruct-v0.3,SciERC,C86-1081,P1,P2,P1->P2,-0.0400800855329391,-0.072968424240515,-0.0757545014280727,-0.0474404297360552,0.007360344203116105,0.0027860771875577034,0.005073210695336904
Mistral-7B-Instruct-v0.3,SciERC,C86-1081,P2,P3,P2->P3,-0.072968424240515,-0.0498410325916081,-0.0503253631014645,-0.0792323565902598,0.006263932349744802,0.00048433050985639825,0.0033741314298006003
Mistral-7B-Instruct-v0.3,SciERC,C86-1081,P3,P4,P3->P4,-0.0498410325916081,-0.1570175718987125,-0.394392204284668,-0.1243672961803953,0.0745262635887872,0.2373746323859555,0.15595044798737134
Mistral-7B-Instruct-v0.3,SciERC,C86-1081,P4,P5,P4->P5,-0.1570175718987125,-0.0318480229803494,-0.0908900478056499,-0.2023726255044169,0.04535505360570441,0.05904202482530049,0.05219853921550245
Mistral-7B-Instruct-v0.3,SciERC,C86-1081,P5,P6,P5->P6,-0.0318480229803494,-0.0300275692526175,-0.0326499309466809,-0.0296051544802529,0.002242868500096501,0.0026223616940634006,0.002432615097079951
Mistral-7B-Instruct-v0.3,EBM-NLP,22271197,P1,P2,P1->P2,-0.0253076018773921,-0.0756084798720845,-0.0588519500012983,-0.057186384104827,0.0318787822274349,0.016756529870786192,0.024317656049110545
Mistral-7B-Instruct-v0.3,EBM-NLP,22271197,P2,P3,P2->P3,-0.0756084798720845,-0.0730312892368861,-0.1369457320561484,-0.1064709613197728,0.0308624814476883,0.06391444281926231,0.047388462133475306
Mistral-7B-Instruct-v0.3,EBM-NLP,22271197,P3,P4,P3->P4,-0.0730312892368861,-0.0380234757407766,-0.6676294295514216,-0.2409170544336712,0.1678857651967851,0.629605953810645,0.39874585950371505
Mistral-7B-Instruct-v0.3,EBM-NLP,22271197,P4,P5,P4->P5,-0.0380234757407766,-0.0441167996944607,-0.2230260742677224,-0.1537500287665695,0.1157265530257929,0.1789092745732617,0.1473179137995273
Mistral-7B-Instruct-v0.3,EBM-NLP,22271197,P5,P6,P5->P6,-0.0441167996944607,-0.0510224817873357,-0.0590494923539214,-0.0830549501083992,0.03893815041393849,0.008027010566585703,0.023482580490262098
Mistral-7B-Instruct-v0.3,SciERC,P06-4007,P1,P2,P1->P2,-0.0354375838053108,-0.0416162263058945,-0.0421646715182325,-0.0437647647196703,0.008327180914359501,0.000548445212337996,0.004437813063348749
Mistral-7B-Instruct-v0.3,SciERC,P06-4007,P2,P3,P2->P3,-0.0416162263058945,-0.0254587719669449,-0.0298109781944145,-0.0472422951398908,0.005626068833996294,0.0043522062274695995,0.0049891375307329466
Mistral-7B-Instruct-v0.3,SciERC,P06-4007,P3,P4,P3->P4,-0.0254587719669449,-0.0629625631882263,-0.4497770360998205,-0.2727803375761388,0.24732156560919388,0.3868144729115942,0.3170680192603941
Mistral-7B-Instruct-v0.3,SciERC,P06-4007,P4,P5,P4->P5,-0.0629625631882263,-0.0714704990386962,-0.2966500190367181,-0.0945012537208763,0.03153869053265,0.2251795199980219,0.12835910526533595
Mistral-7B-Instruct-v0.3,SciERC,P06-4007,P5,P6,P5->P6,-0.0714704990386962,-0.0990661950580729,-0.1157349452487511,-0.0866836668497108,0.015213167811014588,0.01666875019067819,0.01594095900084639
Mistral-7B-Instruct-v0.3,EBM-NLP,1968178,P1,P2,P1->P2,-0.0357936103752901,-0.0466074530246122,-0.0720028141438157,-0.0498643559931165,0.014070745617826397,0.025395361119203493,0.019733053368514945
Mistral-7B-Instruct-v0.3,EBM-NLP,1968178,P2,P3,P2->P3,-0.0466074530246122,-0.0290740620006214,-0.0465763772677893,-0.040103423989044,0.006504029035568203,0.0175023152671679,0.012003172151368051
Mistral-7B-Instruct-v0.3,EBM-NLP,1968178,P3,P4,P3->P4,-0.0290740620006214,-0.041565488796772,-0.5819386389197373,-0.1082929135974408,0.07921885159681939,0.5403731501229653,0.30979600085989234
Mistral-7B-Instruct-v0.3,EBM-NLP,1968178,P4,P5,P4->P5,-0.041565488796772,-0.079437484239277,-0.1929412465346487,-0.2793774259526555,0.23781193715588353,0.1135037622953717,0.17565784972562762
Mistral-7B-Instruct-v0.3,EBM-NLP,1968178,P5,P6,P5->P6,-0.079437484239277,-0.068840461246895,-0.0781945369460366,-0.131070065498352,0.05163258125907501,0.009354075699141609,0.03049332847910831
Mistral-7B-Instruct-v0.3,SciERC,P06-1013,P1,P2,P1->P2,-0.0226038361156287,-0.0297193277922745,-0.0344024736935702,-0.0278118663252546,0.005208030209625899,0.0046831459012956975,0.004945588055460798
Mistral-7B-Instruct-v0.3,SciERC,P06-1013,P2,P3,P2->P3,-0.0297193277922745,-0.0460644071081043,-0.0407096648638227,-0.0364701098762452,0.006750782083970702,0.0053547422442815976,0.00605276216412615
Mistral-7B-Instruct-v0.3,SciERC,P06-1013,P3,P4,P3->P4,-0.0460644071081043,-0.0594141282392351,-0.4177610043729289,-0.1169652208817743,0.07090081377367,0.3583468761336938,0.21462384495368192
Mistral-7B-Instruct-v0.3,SciERC,P06-1013,P4,P5,P4->P5,-0.0594141282392351,-0.0671787944932778,-0.1416924364036983,-0.103698108973128,0.044283980733892905,0.07451364191042051,0.05939881132215671
Mistral-7B-Instruct-v0.3,SciERC,P06-1013,P5,P6,P5->P6,-0.0671787944932778,-0.0683017070922586,-0.0671787944932778,-0.0683017070922586,0.001122912598980813,0.001122912598980813,0.001122912598980813
Mistral-7B-Instruct-v0.3,EBM-NLP,8779382,P1,P2,P1->P2,-0.0190842912798112,-0.0308930075973929,-0.0227267328786718,-0.0270021097151526,0.007917818435341402,0.008166274718721098,0.00804204657703125
Mistral-7B-Instruct-v0.3,EBM-NLP,8779382,P2,P3,P2->P3,-0.0308930075973929,-0.017848228023125,-0.0207787637710292,-0.036792497643653,0.0058994900462601,0.002930535747904202,0.004415012897082151
Mistral-7B-Instruct-v0.3,EBM-NLP,8779382,P3,P4,P3->P4,-0.017848228023125,-0.0465827965345539,-0.8589598858942751,-0.0906836471318306,0.0728354191087056,0.8123770893597212,0.4426062542342134
Mistral-7B-Instruct-v0.3,EBM-NLP,8779382,P4,P5,P4->P5,-0.0465827965345539,-0.0594890424810304,-0.0697228294208737,-0.2234448917576524,0.17686209522309848,0.010233786939843295,0.09354794108147088
Mistral-7B-Instruct-v0.3,EBM-NLP,8779382,P5,P6,P5->P6,-0.0594890424810304,-0.0401906494687243,-0.0787630982515288,-0.0532327714873237,0.0062562709937067015,0.038572448782804504,0.022414359888255603
Mistral-7B-Instruct-v0.3,SciERC,P06-2012,P1,P2,P1->P2,-0.0185743845256932,-0.0227192791398175,-0.0223965574643331,-0.0246587331884461,0.006084348662752901,0.0003227216754843991,0.00320353516911865
Mistral-7B-Instruct-v0.3,SciERC,P06-2012,P2,P3,P2->P3,-0.0227192791398175,-0.0222785321474075,-0.0345729677677154,-0.0277112816384214,0.0049920024986039,0.012294435620307902,0.008643219059455901
Mistral-7B-Instruct-v0.3,SciERC,P06-2012,P3,P4,P3->P4,-0.0222785321474075,-0.0342318389984156,-0.2763747916316355,-0.1292520822286605,0.106973550081253,0.2421429526332199,0.17455825135723646
Mistral-7B-Instruct-v0.3,SciERC,P06-2012,P4,P5,P4->P5,-0.0342318389984156,-0.0261507964820312,-0.0698230103623095,-0.0468764265641471,0.012644587565731502,0.04367221388027831,0.028158400723004906
Mistral-7B-Instruct-v0.3,SciERC,P06-2012,P5,P6,P5->P6,-0.0261507964820312,-0.0241729786498941,-0.0261507964820312,-0.0241729786498941,0.0019778178321370986,0.0019778178321370986,0.0019778178321370986
Mistral-7B-Instruct-v0.3,SciERC,E06-1022,P1,P2,P1->P2,-0.0325446911621838,-0.0284679233461278,-0.02865964267757,-0.0359609746773328,0.003416283515148999,0.0001917193314422,0.0018040014232955995
Mistral-7B-Instruct-v0.3,SciERC,E06-1022,P2,P3,P2->P3,-0.0284679233461278,-0.0362546420025471,-0.0484899934899607,-0.037942234242597,0.009474310896469204,0.012235351487413601,0.010854831191941403
Mistral-7B-Instruct-v0.3,SciERC,E06-1022,P3,P4,P3->P4,-0.0362546420025471,-0.0788887347433676,-0.3369499381776412,-0.1222055219321171,0.08595087992957001,0.2580612034342736,0.1720060416819218
Mistral-7B-Instruct-v0.3,SciERC,E06-1022,P4,P5,P4->P5,-0.0788887347433676,-0.0382669766743977,-0.0574140508568246,-0.1067894970991586,0.02790076235579099,0.0191470741824269,0.023523918269108945
Mistral-7B-Instruct-v0.3,SciERC,E06-1022,P5,P6,P5->P6,-0.0382669766743977,-0.049960446652591,-0.0512298014896918,-0.0465137745796229,0.0082467979052252,0.0012693548371007987,0.004758076371163
Mistral-7B-Instruct-v0.3,EBM-NLP,24660757,P1,P2,P1->P2,-0.0610728972098406,-0.066021302926113,-0.0789943939631137,-0.0798704795977648,0.018797582387924207,0.0129730910370007,0.015885336712462454
Mistral-7B-Instruct-v0.3,EBM-NLP,24660757,P2,P3,P2->P3,-0.066021302926113,-0.0480690019753958,-0.0335757349041982,-0.0682518488352357,0.002230545909122708,0.0144932670711976,0.008361906490160154
Mistral-7B-Instruct-v0.3,EBM-NLP,24660757,P3,P4,P3->P4,-0.0480690019753958,-0.0571623268127441,-0.4482783012390137,-0.2607503150013967,0.21268131302600093,0.3911159744262696,0.3018986437261353
Mistral-7B-Instruct-v0.3,EBM-NLP,24660757,P4,P5,P4->P5,-0.0571623268127441,-0.1657288463748231,-0.4027676679650132,-0.0723246345520019,0.0151623077392578,0.23703882159019007,0.12610056466472394
Mistral-7B-Instruct-v0.3,EBM-NLP,24660757,P5,P6,P5->P6,-0.1657288463748231,-0.0230233718951543,-0.0612881448533799,-0.1571850922642922,0.008543754110530904,0.0382647729582256,0.02340426353437825
Mistral-7B-Instruct-v0.3,SciERC,CVPR_2003_30_abs,P1,P2,P1->P2,-0.0416910275170913,-0.0256637917452912,-0.0261039322224352,-0.0450771036082322,0.003386076091140902,0.000440140477144,0.001913108284142451
Mistral-7B-Instruct-v0.3,SciERC,CVPR_2003_30_abs,P2,P3,P2->P3,-0.0256637917452912,-0.0200616041935669,-0.020138508232776,-0.0317111750213381,0.0060473832760469005,7.690403920910041e-05,0.0030621436576280005
Mistral-7B-Instruct-v0.3,SciERC,CVPR_2003_30_abs,P3,P4,P3->P4,-0.0200616041935669,-0.0701790264359226,-0.2314936695275483,-0.0429787894245237,0.0229171852309568,0.1613146430916257,0.09211591416129124
Mistral-7B-Instruct-v0.3,SciERC,CVPR_2003_30_abs,P4,P5,P4->P5,-0.0701790264359226,-0.0417843951115027,-0.0996184216262145,-0.110158524579472,0.03997949814354941,0.0578340265147118,0.048906762329130604
Mistral-7B-Instruct-v0.3,SciERC,CVPR_2003_30_abs,P5,P6,P5->P6,-0.0417843951115027,-0.0456358641794283,-0.0495158907485334,-0.0404077864498131,0.0013766086616896003,0.003880026569105105,0.0026283176153973527
Mistral-7B-Instruct-v0.3,SciERC,P83-1004,P1,P2,P1->P2,-0.0453060215289613,-0.0281089486876217,-0.0352894289072968,-0.0579164231245496,0.012610401595588301,0.007180480219675097,0.009895440907631699
Mistral-7B-Instruct-v0.3,SciERC,P83-1004,P2,P3,P2->P3,-0.0281089486876217,-0.0313310109904031,-0.0316440076443271,-0.0299212877723736,0.0018123390847518996,0.00031299665392400117,0.0010626678693379504
Mistral-7B-Instruct-v0.3,SciERC,P83-1004,P3,P4,P3->P4,-0.0313310109904031,-0.1337762245148286,-0.4243268945291972,-0.1104190449556802,0.0790880339652771,0.29055067001436863,0.18481935198982286
Mistral-7B-Instruct-v0.3,SciERC,P83-1004,P4,P5,P4->P5,-0.1337762245148286,-0.0702686479862998,-0.0894120527979205,-0.175469845934299,0.04169362141947042,0.019143404811620704,0.03041851311554556
Mistral-7B-Instruct-v0.3,SciERC,P83-1004,P5,P6,P5->P6,-0.0702686479862998,-0.0716966785992172,-0.0720931398601008,-0.0723641049335984,0.00209545694729861,0.00039646126088359324,0.0012459591040911017
Mistral-7B-Instruct-v0.3,EBM-NLP,1780092,P1,P2,P1->P2,-0.0155751392159653,-0.0215991160838432,-0.0881097020666583,-0.0187603995717805,0.003185260355815199,0.0665105859828151,0.03484792316931515
Mistral-7B-Instruct-v0.3,EBM-NLP,1780092,P2,P3,P2->P3,-0.0215991160838432,-0.0216675113418145,-0.0438424840480267,-0.0228760378812652,0.0012769217974220003,0.0221749727062122,0.0117259472518171
Mistral-7B-Instruct-v0.3,EBM-NLP,1780092,P3,P4,P3->P4,-0.0216675113418145,-0.0200028056385873,-0.6219469267746498,-0.1235054072862613,0.10183789594444681,0.6019441211360625,0.3518910085402547
Mistral-7B-Instruct-v0.3,EBM-NLP,1780092,P4,P5,P4->P5,-0.0200028056385873,-0.0271479687814054,-0.0200028056385873,-0.0271479687814054,0.007145163142818101,0.007145163142818101,0.007145163142818101
Mistral-7B-Instruct-v0.3,EBM-NLP,1780092,P5,P6,P5->P6,-0.0271479687814054,-0.0195339270706834,-0.0271479687814054,-0.0195339270706834,0.0076140417107220006,0.0076140417107220006,0.0076140417107220006
Mistral-7B-Instruct-v0.3,SciERC,CVPR_2004_18_abs,P1,P2,P1->P2,-0.0326569399453307,-0.0425495512254251,-0.049150950025991,-0.032288565300405,0.0003683746449257008,0.0066013988005659,0.0034848867227458002
Mistral-7B-Instruct-v0.3,SciERC,CVPR_2004_18_abs,P2,P3,P2->P3,-0.0425495512254251,-0.0335629404228376,-0.0308385506566417,-0.0472412167595383,0.004691665534113203,0.002724389766195899,0.003708027650154551
Mistral-7B-Instruct-v0.3,SciERC,CVPR_2004_18_abs,P3,P4,P3->P4,-0.0335629404228376,-0.044138830740333,-0.2796212781891512,-0.085610520192667,0.052047579769829405,0.23548244744881822,0.1437650136093238
Mistral-7B-Instruct-v0.3,SciERC,CVPR_2004_18_abs,P4,P5,P4->P5,-0.044138830740333,-0.0373935145001078,-0.0639735834543095,-0.0402780277975674,0.003860802942765598,0.026580068954201695,0.015220435948483647
Mistral-7B-Instruct-v0.3,SciERC,CVPR_2004_18_abs,P5,P6,P5->P6,-0.0373935145001078,-0.0333470500372499,-0.0312968384621054,-0.035527936623309,0.0018655778767988004,0.0020502115751444977,0.001957894725971649
Mistral-7B-Instruct-v0.3,EBM-NLP,15854186,P1,P2,P1->P2,-0.0305073948404547,-0.0504092344016001,-0.0323636332598839,-0.0446160731362994,0.014108678295844702,0.018045601141716196,0.01607713971878045
Mistral-7B-Instruct-v0.3,EBM-NLP,15854186,P2,P3,P2->P3,-0.0504092344016001,-0.0120319571419089,-0.0066344879713712,-0.0258363467430212,0.024572887658578898,0.0053974691705377005,0.0149851784145583
Mistral-7B-Instruct-v0.3,EBM-NLP,15854186,P3,P4,P3->P4,-0.0120319571419089,-0.1005492410459718,-0.3382207930504859,-0.0866043380662506,0.07457238092434171,0.23767155200451412,0.1561219664644279
Mistral-7B-Instruct-v0.3,EBM-NLP,15854186,P4,P5,P4->P5,-0.1005492410459718,-0.0549914029639536,-0.1068986184953704,-0.17194599663461,0.0713967555886382,0.0519072155314168,0.0616519855600275
Mistral-7B-Instruct-v0.3,EBM-NLP,15854186,P5,P6,P5->P6,-0.0549914029639536,-0.0484242737293243,-0.0756777917796915,-0.0413144892594945,0.013676913704459101,0.0272535180503672,0.02046521587741315
Mistral-7B-Instruct-v0.3,EBM-NLP,11891832,P1,P2,P1->P2,-0.0222812087760763,-0.0211896015994363,-0.016891689401007,-0.0300325832802023,0.007751374504126,0.004297912198429302,0.006024643351277651
Mistral-7B-Instruct-v0.3,EBM-NLP,11891832,P2,P3,P2->P3,-0.0211896015994363,-0.0028977235086967,-0.0034286067443522,-0.0441252908655301,0.022935689266093795,0.0005308832356555001,0.011733286250874648
Mistral-7B-Instruct-v0.3,EBM-NLP,11891832,P3,P4,P3->P4,-0.0028977235086967,-0.0782448399451471,-0.5132772076514459,-0.0863477654151014,0.0834500419064047,0.43503236770629883,0.25924120480635177
Mistral-7B-Instruct-v0.3,EBM-NLP,11891832,P4,P5,P4->P5,-0.0782448399451471,-0.1132668192668627,-0.3610675155475575,-0.165370229751833,0.0871253898066859,0.2478006962806948,0.16746304304369033
Mistral-7B-Instruct-v0.3,EBM-NLP,11891832,P5,P6,P5->P6,-0.1132668192668627,-0.0813001638109033,-0.1245191530747847,-0.1282903250827584,0.01502350581589569,0.0432189892638814,0.029121247539888546
Mistral-7B-Instruct-v0.3,SciERC,C04-1011,P1,P2,P1->P2,-0.0409511783898371,-0.0345354567985145,-0.0368968281058632,-0.0433264013024286,0.0023752229125914986,0.002361371307348703,0.002368297109970101
Mistral-7B-Instruct-v0.3,SciERC,C04-1011,P2,P3,P2->P3,-0.0345354567985145,-0.0284525479423448,-0.0330747315193324,-0.0388510238151161,0.004315567016601601,0.0046221835769875985,0.0044688752967946
Mistral-7B-Instruct-v0.3,SciERC,C04-1011,P3,P4,P3->P4,-0.0284525479423448,-0.1148142838275466,-0.4339751114926324,-0.0721376574532539,0.0436851095109091,0.3191608276650858,0.18142296858799745
Mistral-7B-Instruct-v0.3,SciERC,C04-1011,P4,P5,P4->P5,-0.1148142838275466,-0.0528550714368564,-0.0995274932905175,-0.1589803570728464,0.04416607324529981,0.04667242185366109,0.04541924754948045
Mistral-7B-Instruct-v0.3,SciERC,C04-1011,P5,P6,P5->P6,-0.0528550714368564,-0.0337075638048576,-0.0325213591257731,-0.0528760228120504,2.095137519399909e-05,0.0011862046790845002,0.0006035780271392496
Mistral-7B-Instruct-v0.3,SciERC,H05-1095,P1,P2,P1->P2,-0.0176324081663108,-0.0184380883735885,-0.0189620976174812,-0.0303836528198668,0.012751244653556,0.0005240092438927001,0.00663762694872435
Mistral-7B-Instruct-v0.3,SciERC,H05-1095,P2,P3,P2->P3,-0.0184380883735885,-0.0211672021578701,-0.0238278373514139,-0.0233010596589068,0.004862971285318301,0.0026606351935438005,0.0037618032394310507
Mistral-7B-Instruct-v0.3,SciERC,H05-1095,P3,P4,P3->P4,-0.0211672021578701,-0.062584027265891,-0.2664379217685797,-0.0387711958989264,0.0176039937410563,0.2038538945026887,0.11072894412187251
Mistral-7B-Instruct-v0.3,SciERC,H05-1095,P4,P5,P4->P5,-0.062584027265891,-0.038574266923617,-0.0852049409526668,-0.059668279865868,0.002915747400023004,0.0466306740290498,0.024773210714536403
Mistral-7B-Instruct-v0.3,SciERC,H05-1095,P5,P6,P5->P6,-0.038574266923617,-0.0393037780605513,-0.0382748598168636,-0.0393989518897174,0.0008246849661004002,0.0010289182436876987,0.0009268016048940494
Mistral-7B-Instruct-v0.3,SciERC,C08-2010,P1,P2,P1->P2,-0.0344424237652371,-0.0462773593614369,-0.0532827440347746,-0.0518115212519963,0.017369097486759195,0.0070053846733377015,0.012187241080048448
Mistral-7B-Instruct-v0.3,SciERC,C08-2010,P2,P3,P2->P3,-0.0462773593614369,-0.0417967250520536,-0.0551036520631478,-0.0517388988801766,0.005461539518739698,0.013306927011094205,0.009384233264916952
Mistral-7B-Instruct-v0.3,SciERC,C08-2010,P3,P4,P3->P4,-0.0417967250520536,-0.0793894333458842,-0.3048853045897864,-0.073011028099307,0.0312143030472534,0.2254958712439022,0.1283550871455778
Mistral-7B-Instruct-v0.3,SciERC,C08-2010,P4,P5,P4->P5,-0.0793894333458842,-0.056965478337728,-0.1224721372127533,-0.11640783095024,0.037018397604355796,0.0655066588750253,0.05126252823969055
Mistral-7B-Instruct-v0.3,SciERC,C08-2010,P5,P6,P5->P6,-0.056965478337728,-0.0549118251721394,-0.0578452462477308,-0.0544729731403864,0.0024925051973416004,0.0029334210755913998,0.0027129631364665
Mistral-7B-Instruct-v0.3,EBM-NLP,25931290,P1,P2,P1->P2,-0.0251490483340851,-0.0025866795217663,-0.0019589332500245,-0.0602810376382271,0.035131989304142,0.0006277462717417998,0.0178798677879419
Mistral-7B-Instruct-v0.3,EBM-NLP,25931290,P2,P3,P2->P3,-0.0025866795217663,-0.0028865142475541,-0.0025866795217663,-0.0028865142475541,0.0002998347257877998,0.0002998347257877998,0.0002998347257877998
Mistral-7B-Instruct-v0.3,EBM-NLP,25931290,P3,P4,P3->P4,-0.0028865142475541,-0.0576585655563448,-0.5395516179090628,-0.0780990229147236,0.07521250866716951,0.481893052352718,0.27855278050994375
Mistral-7B-Instruct-v0.3,EBM-NLP,25931290,P4,P5,P4->P5,-0.0576585655563448,-0.0332485830438309,-0.1215253076043681,-0.1413053208333582,0.0836467552770134,0.0882767245605372,0.0859617399187753
Mistral-7B-Instruct-v0.3,EBM-NLP,25931290,P5,P6,P5->P6,-0.0332485830438309,-0.0428932218118147,-0.0344640733978965,-0.0299973155682285,0.0032512674756024033,0.008429148413918203,0.005840207944760303
Mistral-7B-Instruct-v0.3,SciERC,C04-1128,P1,P2,P1->P2,-0.038902362032483,-0.0408763627264662,-0.0427816023108779,-0.0482602534660448,0.009357891433561805,0.0019052395844117026,0.005631565508986754
Mistral-7B-Instruct-v0.3,SciERC,C04-1128,P2,P3,P2->P3,-0.0408763627264662,-0.0536901640395323,-0.0521428913731748,-0.0433273368838867,0.002450974157420502,0.0015472726663574993,0.0019991234118890006
Mistral-7B-Instruct-v0.3,SciERC,C04-1128,P3,P4,P3->P4,-0.0536901640395323,-0.076036259687736,-0.3284084157245915,-0.1140956104112168,0.0604054463716845,0.2523721560368555,0.15638880120426998
Mistral-7B-Instruct-v0.3,SciERC,C04-1128,P4,P5,P4->P5,-0.076036259687736,-0.0733781198401059,-0.2489380818694385,-0.113139580351135,0.037103320663399,0.1755599620293326,0.1063316413463658
Mistral-7B-Instruct-v0.3,SciERC,C04-1128,P5,P6,P5->P6,-0.0733781198401059,-0.0842908457213757,-0.0831761678059895,-0.0811245522058721,0.0077464323657662065,0.0011146779153861919,0.004430555140576199
Mistral-7B-Instruct-v0.3,EBM-NLP,1131298,P1,P2,P1->P2,-0.0234980402037062,-0.0121987888064746,-0.0133934627431279,-0.0275391367392914,0.004041096535585202,0.0011946739366533003,0.0026178852361192512
Mistral-7B-Instruct-v0.3,EBM-NLP,1131298,P2,P3,P2->P3,-0.0121987888064746,-0.0131909625096937,-0.0103015294111194,-0.0123757982560371,0.00017700944956250061,0.0028894330985743,0.0015332212740684003
Mistral-7B-Instruct-v0.3,EBM-NLP,1131298,P3,P4,P3->P4,-0.0131909625096937,-0.0748549918333689,-0.4253851731618245,-0.0166226357446405,0.0034316732349467995,0.3505301813284556,0.1769809272817012
Mistral-7B-Instruct-v0.3,EBM-NLP,1131298,P4,P5,P4->P5,-0.0748549918333689,-0.0539047230503584,-0.0842250276562626,-0.0825013230244318,0.007646331191062908,0.030320304605904194,0.01898331789848355
Mistral-7B-Instruct-v0.3,EBM-NLP,1131298,P5,P6,P5->P6,-0.0539047230503584,-0.049184688029845,-0.0539047230503584,-0.049184688029845,0.004720035020513401,0.004720035020513401,0.004720035020513401
Mistral-7B-Instruct-v0.3,SciERC,P03-1070,P1,P2,P1->P2,-0.0249295973352381,-0.0269452183218927,-0.0328810526242435,-0.0348364994423063,0.009906902107068204,0.005935834302350798,0.007921368204709501
Mistral-7B-Instruct-v0.3,SciERC,P03-1070,P2,P3,P2->P3,-0.0269452183218927,-0.0333786418165178,-0.0356903287266552,-0.0322332759069933,0.005288057585100599,0.0023116869101374032,0.003799872247619001
Mistral-7B-Instruct-v0.3,SciERC,P03-1070,P3,P4,P3->P4,-0.0333786418165178,-0.05510646879673,-0.3589136680960655,-0.0885006016339359,0.055121959817418104,0.30380719929933553,0.1794645795583768
Mistral-7B-Instruct-v0.3,SciERC,P03-1070,P4,P5,P4->P5,-0.05510646879673,-0.0462119802832603,-0.1197527931495146,-0.1145981714129447,0.059491702616214705,0.0735408128662543,0.0665162577412345
Mistral-7B-Instruct-v0.3,SciERC,P03-1070,P5,P6,P5->P6,-0.0462119802832603,-0.0385930286513434,-0.0382586265051806,-0.0509630699049342,0.0047510896216739,0.0003344021461627947,0.0025427458839183473
Mistral-7B-Instruct-v0.3,EBM-NLP,20509069,P1,P2,P1->P2,-0.0073917582037926,-0.0061314821036325,-0.0178991472496399,-0.0168193694865343,0.0094276112827417,0.0117676651460074,0.01059763821437455
Mistral-7B-Instruct-v0.3,EBM-NLP,20509069,P2,P3,P2->P3,-0.0061314821036325,-0.005988403208672,-0.0061314821036325,-0.005988403208672,0.00014307889496050028,0.00014307889496050028,0.00014307889496050028
Mistral-7B-Instruct-v0.3,EBM-NLP,20509069,P3,P4,P3->P4,-0.005988403208672,-0.1677736759185791,-0.746686782836914,-0.0497578098660423,0.0437694066573703,0.5789131069183349,0.31134125678785257
Mistral-7B-Instruct-v0.3,EBM-NLP,20509069,P4,P5,P4->P5,-0.1677736759185791,-0.0421981163646863,-0.0738701820373535,-0.2174174690246582,0.04964379310607908,0.0316720656726672,0.04065792938937314
Mistral-7B-Instruct-v0.3,EBM-NLP,20509069,P5,P6,P5->P6,-0.0421981163646863,-0.0930280312895774,-0.0805999785661697,-0.0374628953311754,0.0047352210335109,0.012428052723407704,0.008581636878459302
Mistral-7B-Instruct-v0.3,EBM-NLP,9229602,P1,P2,P1->P2,-0.0192351674797769,-0.0351275394879415,-0.0192351674797769,-0.0351275394879415,0.0158923720081646,0.0158923720081646,0.0158923720081646
Mistral-7B-Instruct-v0.3,EBM-NLP,9229602,P2,P3,P2->P3,-0.0351275394879415,-0.0297016441822052,-0.0254666677252812,-0.0342221976326409,0.0009053418553005982,0.004234976456924,0.002570159156112299
Mistral-7B-Instruct-v0.3,EBM-NLP,9229602,P3,P4,P3->P4,-0.0297016441822052,-0.0472485544504942,-0.4883927710262346,-0.1724761616099964,0.1427745174277912,0.4411442165757404,0.2919593670017658
Mistral-7B-Instruct-v0.3,EBM-NLP,9229602,P4,P5,P4->P5,-0.0472485544504942,-0.0428289926570394,-0.1746075956717781,-0.0487604008780585,0.0015118464275643007,0.1317786030147387,0.0666452247211515
Mistral-7B-Instruct-v0.3,EBM-NLP,9229602,P5,P6,P5->P6,-0.0428289926570394,-0.0415596235040071,-0.0267505738380792,-0.0699743239775947,0.027145331320555306,0.014809049665927897,0.0209771904932416
Mistral-7B-Instruct-v0.3,SciERC,CVPR_2011_10_abs,P1,P2,P1->P2,-0.034056919533395,-0.0294115571402895,-0.0335864071501069,-0.0410284011234982,0.006971481590103197,0.004174850009817398,0.005573165799960297
Mistral-7B-Instruct-v0.3,SciERC,CVPR_2011_10_abs,P2,P3,P2->P3,-0.0294115571402895,-0.0312227122534848,-0.0314700239518832,-0.0302162158122841,0.0008046586719945986,0.0002473116983983982,0.0005259851851964984
Mistral-7B-Instruct-v0.3,SciERC,CVPR_2011_10_abs,P3,P4,P3->P4,-0.0312227122534848,-0.0753379029196661,-0.3130112175826912,-0.0843133365777241,0.05309062432423929,0.23767331466302508,0.1453819694936322
Mistral-7B-Instruct-v0.3,SciERC,CVPR_2011_10_abs,P4,P5,P4->P5,-0.0753379029196661,-0.0585234394816101,-0.1127983702987921,-0.1284100535037639,0.05307215058409778,0.054274930817181995,0.053673540700639885
Mistral-7B-Instruct-v0.3,SciERC,CVPR_2011_10_abs,P5,P6,P5->P6,-0.0585234394816101,-0.0617112302389301,-0.0585234394816101,-0.0617112302389301,0.0031877907573199943,0.0031877907573199943,0.0031877907573199943
Mistral-7B-Instruct-v0.3,EBM-NLP,11750293,P1,P2,P1->P2,-0.0070628308015683,-0.0023623924309865,-0.0070628308015683,-0.0023623924309865,0.004700438370581801,0.004700438370581801,0.004700438370581801
Mistral-7B-Instruct-v0.3,EBM-NLP,11750293,P2,P3,P2->P3,-0.0023623924309865,-0.002073694338006,-0.0023623924309865,-0.002073694338006,0.00028869809298050003,0.00028869809298050003,0.00028869809298050003
Mistral-7B-Instruct-v0.3,EBM-NLP,11750293,P3,P4,P3->P4,-0.002073694338006,-0.0316524095833301,-0.5928317904472351,-0.0454875397869224,0.043413845448916404,0.561179380863905,0.30229661315641065
Mistral-7B-Instruct-v0.3,EBM-NLP,11750293,P4,P5,P4->P5,-0.0316524095833301,-0.0266708342970668,-0.0483221693055613,-0.0814836323261261,0.049831222742796,0.021651335008494497,0.03574127887564525
Mistral-7B-Instruct-v0.3,EBM-NLP,11750293,P5,P6,P5->P6,-0.0266708342970668,-0.0448967285694614,-0.0527741697526747,-0.0339836630371067,0.007312828740039898,0.007877441183213305,0.007595134961626601
Mistral-7B-Instruct-v0.3,SciERC,NIPS_2016_80_abs,P1,P2,P1->P2,-0.0336350098009782,-0.0269502599380518,-0.027575971526012,-0.0307696123235264,0.0028653974774518025,0.0006257115879601989,0.0017455545327060007
Mistral-7B-Instruct-v0.3,SciERC,NIPS_2016_80_abs,P2,P3,P2->P3,-0.0269502599380518,-0.0440698063052068,-0.0579511621035635,-0.0308652960352207,0.003915036097168898,0.013881355798356698,0.008898195947762798
Mistral-7B-Instruct-v0.3,SciERC,NIPS_2016_80_abs,P3,P4,P3->P4,-0.0440698063052068,-0.042415451928268,-0.3261817471838147,-0.1278636757753253,0.08379386947011849,0.2837662952555467,0.1837800823628326
Mistral-7B-Instruct-v0.3,SciERC,NIPS_2016_80_abs,P4,P5,P4->P5,-0.042415451928268,-0.0861280953442608,-0.2187349760973895,-0.0538621136818774,0.011446661753609401,0.1326068807531287,0.07202677125336905
Mistral-7B-Instruct-v0.3,SciERC,NIPS_2016_80_abs,P5,P6,P5->P6,-0.0861280953442608,-0.029440994225158,-0.0335439457024895,-0.0976337845678682,0.011505689223607396,0.004102951477331501,0.007804320350469449
Mistral-7B-Instruct-v0.3,SciERC,J82-3002,P1,P2,P1->P2,-0.0363372614450232,-0.0394231567232627,-0.0407530728756912,-0.0511602595958403,0.014822998150817099,0.0013299161524285008,0.0080764571516228
Mistral-7B-Instruct-v0.3,SciERC,J82-3002,P2,P3,P2->P3,-0.0394231567232627,-0.0521590934904743,-0.0672705130852883,-0.0390722813099388,0.0003508754133239034,0.015111419594813998,0.0077311475040689505
Mistral-7B-Instruct-v0.3,SciERC,J82-3002,P3,P4,P3->P4,-0.0521590934904743,-0.062714676280598,-0.4496511120499272,-0.140896564567833,0.08873747107735871,0.3869364357693292,0.23783695342334393
Mistral-7B-Instruct-v0.3,SciERC,J82-3002,P4,P5,P4->P5,-0.062714676280598,-0.0929058892849782,-0.1243856444682114,-0.1192038565764933,0.056489180295895294,0.031479755183233205,0.04398446773956425
Mistral-7B-Instruct-v0.3,SciERC,J82-3002,P5,P6,P5->P6,-0.0929058892849782,-0.0711219387395041,-0.0680529012211731,-0.0987056078593855,0.005799718574407295,0.003069037518331,0.004434378046369147
Mistral-7B-Instruct-v0.3,SciERC,N04-1022,P1,P2,P1->P2,-0.0389816341334826,-0.0455692432198735,-0.0364888783574025,-0.0541207129008149,0.015139078767332302,0.009080364862470998,0.01210972181490165
Mistral-7B-Instruct-v0.3,SciERC,N04-1022,P2,P3,P2->P3,-0.0455692432198735,-0.0417116918940518,-0.0463981136171351,-0.0692291035186669,0.023659860298793405,0.004686421723083298,0.014173141010938351
Mistral-7B-Instruct-v0.3,SciERC,N04-1022,P3,P4,P3->P4,-0.0417116918940518,-0.0451074501215401,-0.3380802914247674,-0.1145632046022363,0.0728515127081845,0.2929728413032273,0.18291217700570592
Mistral-7B-Instruct-v0.3,SciERC,N04-1022,P4,P5,P4->P5,-0.0451074501215401,-0.0371332527928404,-0.1461011562967128,-0.1061096433865822,0.0610021932650421,0.1089679035038724,0.08498504838445725
Mistral-7B-Instruct-v0.3,SciERC,N04-1022,P5,P6,P5->P6,-0.0371332527928404,-0.0447170480025862,-0.0389841914675724,-0.0425221914633947,0.0053889386705542955,0.005732856535013799,0.005560897602784047
Mistral-7B-Instruct-v0.3,SciERC,C04-1036,P1,P2,P1->P2,-0.0413168516193926,-0.0520438766035567,-0.0506247805205,-0.0479409591153509,0.006624107495958299,0.001419096083056702,0.004021601789507501
Mistral-7B-Instruct-v0.3,SciERC,C04-1036,P2,P3,P2->P3,-0.0520438766035567,-0.0280575217460227,-0.0320725756823669,-0.0580261294879542,0.0059822528843975,0.004015053936344198,0.004998653410370849
Mistral-7B-Instruct-v0.3,SciERC,C04-1036,P3,P4,P3->P4,-0.0280575217460227,-0.0410050631246783,-0.2366632886908271,-0.054083138354466,0.0260256166084433,0.19565822556614879,0.11084192108729604
Mistral-7B-Instruct-v0.3,SciERC,C04-1036,P4,P5,P4->P5,-0.0410050631246783,-0.0567548541268941,-0.0705499968577906,-0.0783628550442782,0.037357791919599904,0.013795142730896506,0.025576467325248205
Mistral-7B-Instruct-v0.3,SciERC,C04-1036,P5,P6,P5->P6,-0.0567548541268941,-0.053061762026378,-0.0590415990778378,-0.0604829943876495,0.0037281402607554012,0.0059798370514597965,0.004853988656107599
Mistral-7B-Instruct-v0.3,SciERC,N06-1037,P1,P2,P1->P2,-0.0307315713381049,-0.0329800366564332,-0.0451330892511899,-0.0373111928839029,0.006579621545798001,0.012153052594756707,0.009366337070277354
Mistral-7B-Instruct-v0.3,SciERC,N06-1037,P2,P3,P2->P3,-0.0329800366564332,-0.0307901018285399,-0.0394610055341509,-0.0321504228812435,0.000829613775189697,0.008670903705610997,0.004750258740400347
Mistral-7B-Instruct-v0.3,SciERC,N06-1037,P3,P4,P3->P4,-0.0307901018285399,-0.055494915310738,-0.3179399898513354,-0.1507050957659195,0.1199149939373796,0.2624450745405974,0.1911800342389885
Mistral-7B-Instruct-v0.3,SciERC,N06-1037,P4,P5,P4->P5,-0.055494915310738,-0.0317073469200441,-0.1276116657160943,-0.1120236351656815,0.05652871985494351,0.09590431879605021,0.07621651932549686
Mistral-7B-Instruct-v0.3,SciERC,N06-1037,P5,P6,P5->P6,-0.0317073469200441,-0.0424767732620239,-0.0482732169482172,-0.0328375750011013,0.0011302280810571996,0.005796443686193302,0.0034633358836252508
Mistral-7B-Instruct-v0.3,EBM-NLP,20618920,P1,P2,P1->P2,-0.030797038759504,-0.0127774780892111,-0.0248644942486727,-0.0408463804494766,0.010049341689972603,0.012087016159461601,0.011068178924717103
Mistral-7B-Instruct-v0.3,EBM-NLP,20618920,P2,P3,P2->P3,-0.0127774780892111,-0.0097784197330474,-0.0258111243247985,-0.0139293503016233,0.001151872212412199,0.016032704591751098,0.00859228840208165
Mistral-7B-Instruct-v0.3,EBM-NLP,20618920,P3,P4,P3->P4,-0.0097784197330474,-0.0727415333191553,-0.5459637152842987,-0.0402995052337646,0.030521085500717197,0.4732221819651434,0.2518716337329303
Mistral-7B-Instruct-v0.3,EBM-NLP,20618920,P4,P5,P4->P5,-0.0727415333191553,-0.0710926530166314,-0.0727415333191553,-0.0710926530166314,0.0016488803025239002,0.0016488803025239002,0.0016488803025239002
Mistral-7B-Instruct-v0.3,EBM-NLP,20618920,P5,P6,P5->P6,-0.0710926530166314,-0.0882755569062936,-0.0710926530166314,-0.0882755569062936,0.017182903889662204,0.017182903889662204,0.017182903889662204
Mistral-7B-Instruct-v0.3,SciERC,C96-1062,P1,P2,P1->P2,-0.0500650190145399,-0.0626588017366733,-0.069904352372118,-0.0489853089480831,0.001079710066456796,0.0072455506354447,0.004162630350950748
Mistral-7B-Instruct-v0.3,SciERC,C96-1062,P2,P3,P2->P3,-0.0626588017366733,-0.0511894423747435,-0.0620841565629783,-0.0589732834412349,0.0036855182954384086,0.010894714188234796,0.007290116241836602
Mistral-7B-Instruct-v0.3,SciERC,C96-1062,P3,P4,P3->P4,-0.0511894423747435,-0.0648417315699837,-0.4519614739851518,-0.1482344859233565,0.097045043548613,0.3871197424151681,0.24208239298189055
Mistral-7B-Instruct-v0.3,SciERC,C96-1062,P4,P5,P4->P5,-0.0648417315699837,-0.0617570727440103,-0.0927146428798531,-0.1129747986793518,0.0481330671093681,0.030957570135842806,0.03954531862260545
Mistral-7B-Instruct-v0.3,SciERC,C96-1062,P5,P6,P5->P6,-0.0617570727440103,-0.0435014188846695,-0.047511846105629,-0.0603421412751265,0.001414931468883801,0.004010427220959505,0.002712679344921653
Mistral-7B-Instruct-v0.3,SciERC,CVPR_1999_15_abs,P1,P2,P1->P2,-0.0289476643591553,-0.0255141139884168,-0.0311170991044491,-0.0284917042325667,0.000455960126588599,0.0056029851160323,0.0030294726213104493
Mistral-7B-Instruct-v0.3,SciERC,CVPR_1999_15_abs,P2,P3,P2->P3,-0.0255141139884168,-0.0292931992716693,-0.0324902884757149,-0.0277519496545816,0.0022378356661647975,0.0031970892040455966,0.002717462435105197
Mistral-7B-Instruct-v0.3,SciERC,CVPR_1999_15_abs,P3,P4,P3->P4,-0.0292931992716693,-0.076799599275197,-0.3586798873666215,-0.13785685962558,0.1085636603539107,0.2818802880914245,0.1952219742226676
Mistral-7B-Instruct-v0.3,SciERC,CVPR_1999_15_abs,P4,P5,P4->P5,-0.076799599275197,-0.0426122679695346,-0.0828445597025874,-0.1239506316511598,0.0471510323759628,0.0402322917330528,0.0436916620545078
Mistral-7B-Instruct-v0.3,SciERC,CVPR_1999_15_abs,P5,P6,P5->P6,-0.0426122679695346,-0.0644803976608535,-0.067126101154392,-0.0478557288082616,0.005243460838726996,0.002645703493538501,0.0039445821661327485
Mistral-7B-Instruct-v0.3,SciERC,INTERSPEECH_2007_40_abs,P1,P2,P1->P2,-0.0247689455747604,-0.0474522604548177,-0.050078206162785,-0.0298601984977722,0.0050912529230118,0.0026259457079673004,0.00385859931548955
Mistral-7B-Instruct-v0.3,SciERC,INTERSPEECH_2007_40_abs,P2,P3,P2->P3,-0.0474522604548177,-0.0393522639448444,-0.0470549684638778,-0.0472741092719753,0.00017815118284240233,0.007702704519033397,0.0039404278509379
Mistral-7B-Instruct-v0.3,SciERC,INTERSPEECH_2007_40_abs,P3,P4,P3->P4,-0.0393522639448444,-0.070071212849076,-0.272794544854076,-0.0704559826602538,0.031103718715409394,0.202723332005,0.1169135253602047
Mistral-7B-Instruct-v0.3,SciERC,INTERSPEECH_2007_40_abs,P4,P5,P4->P5,-0.070071212849076,-0.0727461271169709,-0.1184414218111736,-0.1146510031103773,0.04457979026130131,0.04569529469420271,0.04513754247775201
Mistral-7B-Instruct-v0.3,SciERC,INTERSPEECH_2007_40_abs,P5,P6,P5->P6,-0.0727461271169709,-0.0663476396037871,-0.0732010265430772,-0.0786598590089053,0.005913731891934407,0.006853386939290093,0.00638355941561225
Mistral-7B-Instruct-v0.3,EBM-NLP,23838728,P1,P2,P1->P2,-0.0069299237833772,-0.0110260221066029,-0.0167395182663151,-0.0091910020987126,0.0022610783153354007,0.0057134961597122,0.0039872872375238
Mistral-7B-Instruct-v0.3,EBM-NLP,23838728,P2,P3,P2->P3,-0.0110260221066029,-0.0186317066060858,-0.0091910020987126,-0.0157216118755888,0.004695589768985899,0.0094407045073732,0.00706814713817955
Mistral-7B-Instruct-v0.3,EBM-NLP,23838728,P3,P4,P3->P4,-0.0186317066060858,-0.0841489086548487,-0.2858989255295859,-0.0529218044468391,0.034290097840753306,0.2017500168747372,0.11802005735774526
Mistral-7B-Instruct-v0.3,EBM-NLP,23838728,P4,P5,P4->P5,-0.0841489086548487,-0.1027632568954327,-0.285994302242174,-0.1012001091407405,0.0170512004858918,0.18323104534674128,0.10014112291631655
Mistral-7B-Instruct-v0.3,EBM-NLP,23838728,P5,P6,P5->P6,-0.1027632568954327,-0.0598403529628463,-0.088459911553756,-0.1165289069534441,0.013765650058011406,0.0286195585909097,0.021192604324460552
Mistral-7B-Instruct-v0.3,SciERC,ICCV_2013_25_abs,P1,P2,P1->P2,-0.0307151659186423,-0.0259044993089864,-0.0240493136571367,-0.0354271951128709,0.0047120291942286015,0.0018551856518497015,0.0032836074230391515
Mistral-7B-Instruct-v0.3,SciERC,ICCV_2013_25_abs,P2,P3,P2->P3,-0.0259044993089864,-0.0180299461742275,-0.0228116690333536,-0.0253253332213372,0.0005791660876491994,0.004781722859126102,0.002680444473387651
Mistral-7B-Instruct-v0.3,SciERC,ICCV_2013_25_abs,P3,P4,P3->P4,-0.0180299461742275,-0.0331403787930806,-0.2052041257222493,-0.0655341879362601,0.047504241762032606,0.1720637469291687,0.10978399434560066
Mistral-7B-Instruct-v0.3,SciERC,ICCV_2013_25_abs,P4,P5,P4->P5,-0.0331403787930806,-0.0286598279069891,-0.0855528383511598,-0.0514786446889241,0.018338265895843503,0.0568930104441707,0.0376156381700071
Mistral-7B-Instruct-v0.3,SciERC,ICCV_2013_25_abs,P5,P6,P5->P6,-0.0286598279069891,-0.0369043130410742,-0.0345345255476317,-0.0313058825619017,0.0026460546549125982,0.0023697874934425003,0.0025079210741775493
Mistral-7B-Instruct-v0.3,EBM-NLP,23021296,P1,P2,P1->P2,-0.0449241681518145,-0.0529277026709393,-0.0449241681518145,-0.0529277026709393,0.008003534519124798,0.008003534519124798,0.008003534519124798
Mistral-7B-Instruct-v0.3,EBM-NLP,23021296,P2,P3,P2->P3,-0.0529277026709393,-0.0664821511659866,-0.0439849582492795,-0.0945501102762947,0.041622407605355405,0.022497192916707105,0.03205980026103125
Mistral-7B-Instruct-v0.3,EBM-NLP,23021296,P3,P4,P3->P4,-0.0664821511659866,-0.0932360756577867,-0.6885733897233326,-0.1787173136686667,0.11223516250268009,0.5953373140655459,0.353786238284113
Mistral-7B-Instruct-v0.3,EBM-NLP,23021296,P4,P5,P4->P5,-0.0932360756577867,-0.0711661354403629,-0.2015532221749564,-0.1722561527382243,0.07902007708043761,0.13038708673459348,0.10470358190751555
Mistral-7B-Instruct-v0.3,EBM-NLP,23021296,P5,P6,P5->P6,-0.0711661354403629,-0.0630831267775558,-0.0750717273572596,-0.0961542419184034,0.024988106478040492,0.011988600579703801,0.018488353528872147
Mistral-7B-Instruct-v0.3,SciERC,C00-2123,P1,P2,P1->P2,-0.0241493363979414,-0.0423723430518644,-0.0570173091199024,-0.0235755032628823,0.0005738331350590986,0.014644966068038001,0.00760939960154855
Mistral-7B-Instruct-v0.3,SciERC,C00-2123,P2,P3,P2->P3,-0.0423723430518644,-0.0329891043611105,-0.0314695900973242,-0.0532472449612904,0.010874901909425999,0.001519514263786298,0.0061972080866061485
Mistral-7B-Instruct-v0.3,SciERC,C00-2123,P3,P4,P3->P4,-0.0329891043611105,-0.0637737741519835,-0.3422129772938659,-0.1181888964806381,0.0851997921195276,0.2784392031418824,0.181819497630705
Mistral-7B-Instruct-v0.3,SciERC,C00-2123,P4,P5,P4->P5,-0.0637737741519835,-0.0651871175182109,-0.2447619452768442,-0.1412122781713941,0.07743850401941059,0.17957482775863332,0.12850666588902196
Mistral-7B-Instruct-v0.3,SciERC,C00-2123,P5,P6,P5->P6,-0.0651871175182109,-0.0685105792113712,-0.0756211488965957,-0.0594600458534396,0.005727071664771294,0.007110569685224499,0.0064188206749978965
Mistral-7B-Instruct-v0.3,SciERC,CVPR_2004_30_abs,P1,P2,P1->P2,-0.0404426021302026,-0.0415017139942695,-0.03969722512799,-0.0480223657568192,0.007579763626616602,0.0018044888662794994,0.004692126246448051
Mistral-7B-Instruct-v0.3,SciERC,CVPR_2004_30_abs,P2,P3,P2->P3,-0.0415017139942695,-0.0356474635967363,-0.0422989060170948,-0.0420257768128067,0.0005240628185371951,0.006651442420358505,0.0035877526194478503
Mistral-7B-Instruct-v0.3,SciERC,CVPR_2004_30_abs,P3,P4,P3->P4,-0.0356474635967363,-0.0878040086139332,-0.3154987383972514,-0.1114579402298356,0.07581047663309931,0.2276947297833182,0.15175260320820877
Mistral-7B-Instruct-v0.3,SciERC,CVPR_2004_30_abs,P4,P5,P4->P5,-0.0878040086139332,-0.0789858959923105,-0.1329841613769531,-0.0899858447638425,0.0021818361499092997,0.0539982653846426,0.02809005076727595
Mistral-7B-Instruct-v0.3,SciERC,CVPR_2004_30_abs,P5,P6,P5->P6,-0.0789858959923105,-0.0710824363487811,-0.0789858959923105,-0.0710824363487811,0.007903459643529398,0.007903459643529398,0.007903459643529398
Mistral-7B-Instruct-v0.3,SciERC,C90-3063,P1,P2,P1->P2,-0.0318046758118944,-0.0424889344694355,-0.046065798663101,-0.0384542694147749,0.006649593602880498,0.0035768641936654993,0.0051132288982729986
Mistral-7B-Instruct-v0.3,SciERC,C90-3063,P2,P3,P2->P3,-0.0424889344694355,-0.0321824275500451,-0.0401013989855224,-0.0451774259733055,0.0026884915038699955,0.007918971435477304,0.00530373146967365
Mistral-7B-Instruct-v0.3,SciERC,C90-3063,P3,P4,P3->P4,-0.0321824275500451,-0.0717844090475472,-0.3486378996791345,-0.0820953223155811,0.049912894765536,0.2768534906315873,0.16338319269856166
Mistral-7B-Instruct-v0.3,SciERC,C90-3063,P4,P5,P4->P5,-0.0717844090475472,-0.059728407361559,-0.1062647222365388,-0.1215192124204608,0.04973480337291361,0.04653631487497979,0.0481355591239467
Mistral-7B-Instruct-v0.3,SciERC,C90-3063,P5,P6,P5->P6,-0.059728407361559,-0.0485615484854754,-0.0503204329674985,-0.0629768842606352,0.0032484768990762025,0.0017588844820231042,0.0025036806905496534
Mistral-7B-Instruct-v0.3,SciERC,I05-4010,P1,P2,P1->P2,-0.0350537740064469,-0.0258950394014546,-0.0289091047815792,-0.0443296480096048,0.009275874003157901,0.0030140653801245983,0.00614496969164125
Mistral-7B-Instruct-v0.3,SciERC,I05-4010,P2,P3,P2->P3,-0.0258950394014546,-0.02936260876861,-0.0333855537303745,-0.0245101543606995,0.0013848850407550996,0.004022944961764502,0.0027039150012598007
Mistral-7B-Instruct-v0.3,SciERC,I05-4010,P3,P4,P3->P4,-0.02936260876861,-0.0516249721760869,-0.3187044284469902,-0.0623497309518233,0.0329871221832133,0.2670794562709033,0.1500332892270583
Mistral-7B-Instruct-v0.3,SciERC,I05-4010,P4,P5,P4->P5,-0.0516249721760869,-0.0432712137699127,-0.0791175673242475,-0.0697415947582064,0.018116622582119504,0.035846353554334805,0.026981488068227154
Mistral-7B-Instruct-v0.3,SciERC,I05-4010,P5,P6,P5->P6,-0.0432712137699127,-0.0408489561537236,-0.0487727970597846,-0.0415321598287488,0.001739053941163901,0.007923840906060999,0.00483144742361245
Mistral-7B-Instruct-v0.3,EBM-NLP,2223363,P1,P2,P1->P2,-0.0346602237110503,-0.0176256709613356,-0.014993027808216,-0.0376518699541046,0.0029916462430542995,0.002632643153119601,0.00281214469808695
Mistral-7B-Instruct-v0.3,EBM-NLP,2223363,P2,P3,P2->P3,-0.0176256709613356,-0.0257091358852671,-0.0228301124431436,-0.0197989520864504,0.0021732811251147996,0.002879023442123499,0.0025261522836191493
Mistral-7B-Instruct-v0.3,EBM-NLP,2223363,P3,P4,P3->P4,-0.0257091358852671,-0.0432328542653661,-0.3605062587417825,-0.0716035360433319,0.0458944001580648,0.3172734044764164,0.1815839023172406
Mistral-7B-Instruct-v0.3,EBM-NLP,2223363,P4,P5,P4->P5,-0.0432328542653661,-0.0414309238983412,-0.1733534558344695,-0.0895216510678729,0.0462887968025068,0.1319225319361283,0.08910566436931755
Mistral-7B-Instruct-v0.3,EBM-NLP,2223363,P5,P6,P5->P6,-0.0414309238983412,-0.0364561091121445,-0.0526633537732637,-0.051659625465587,0.010228701567245799,0.016207244661119197,0.013217973114182498
Mistral-7B-Instruct-v0.3,EBM-NLP,18229990,P1,P2,P1->P2,-0.0223387969506753,-0.0329311537870111,-0.0484518207968237,-0.0337937541910119,0.011454957240336603,0.015520667009812597,0.0134878121250746
Mistral-7B-Instruct-v0.3,EBM-NLP,18229990,P2,P3,P2->P3,-0.0329311537870111,-0.0265847241230932,-0.0195132364597615,-0.0774168534712358,0.044485699684224694,0.0070714876633317,0.025778593673778195
Mistral-7B-Instruct-v0.3,EBM-NLP,18229990,P3,P4,P3->P4,-0.0265847241230932,-0.1129858923740074,-0.3357458036453997,-0.1000585731609212,0.073473849037828,0.22275991127139227,0.14811688015461014
Mistral-7B-Instruct-v0.3,EBM-NLP,18229990,P4,P5,P4->P5,-0.1129858923740074,-0.0364563343199816,-0.091381747420732,-0.1027289896063465,0.010256902767660905,0.05492541310075041,0.03259115793420565
Mistral-7B-Instruct-v0.3,EBM-NLP,18229990,P5,P6,P5->P6,-0.0364563343199816,-0.0595261479740018,-0.0364563343199816,-0.0595261479740018,0.0230698136540202,0.0230698136540202,0.0230698136540202
Mistral-7B-Instruct-v0.3,EBM-NLP,7017018,P1,P2,P1->P2,-0.0239643626846373,-0.0414069352050622,-0.0625718437135219,-0.0303748955218387,0.0064105328372013985,0.021164908508459694,0.013787720672830546
Mistral-7B-Instruct-v0.3,EBM-NLP,7017018,P2,P3,P2->P3,-0.0414069352050622,-0.0254485677647334,-0.02026258296864,-0.0404741667211055,0.0009327684839567016,0.005185984796093401,0.003059376640025051
Mistral-7B-Instruct-v0.3,EBM-NLP,7017018,P3,P4,P3->P4,-0.0254485677647334,-0.0609539283786789,-0.308100145373304,-0.0613110949916224,0.035862527226889,0.24714621699462508,0.14150437211075703
Mistral-7B-Instruct-v0.3,EBM-NLP,7017018,P4,P5,P4->P5,-0.0609539283786789,-0.0481960240999857,-0.1236100808779398,-0.0779353491330551,0.016981420754376197,0.0754140567779541,0.04619773876616515
Mistral-7B-Instruct-v0.3,EBM-NLP,7017018,P5,P6,P5->P6,-0.0481960240999857,-0.0645842159771033,-0.0629952723110044,-0.0673021475722392,0.019106123472253496,0.0015889436660989076,0.010347533569176202
Mistral-7B-Instruct-v0.3,SciERC,P08-1105,P1,P2,P1->P2,-0.0379576318276425,-0.0395367282520358,-0.0384496860206127,-0.0440542786770189,0.0060966468493764,0.0010870422314230993,0.0035918445403997495
Mistral-7B-Instruct-v0.3,SciERC,P08-1105,P2,P3,P2->P3,-0.0395367282520358,-0.0310180508919681,-0.0305069833993911,-0.0425922214053571,0.0030554931533212995,0.000511067492576997,0.0017832803229491483
Mistral-7B-Instruct-v0.3,SciERC,P08-1105,P3,P4,P3->P4,-0.0310180508919681,-0.0336671026926192,-0.3243294569550368,-0.0744548572304969,0.0434368063385288,0.2906623542624176,0.1670495803004732
Mistral-7B-Instruct-v0.3,SciERC,P08-1105,P4,P5,P4->P5,-0.0336671026926192,-0.0364857737475366,-0.0803610629110194,-0.0530514616184133,0.0193843589257941,0.043875289163482795,0.03162982404463845
Mistral-7B-Instruct-v0.3,SciERC,P08-1105,P5,P6,P5->P6,-0.0364857737475366,-0.0282377121638666,-0.0334764729979579,-0.0414801158789378,0.004994342131401201,0.005238760834091298,0.00511655148274625
Mistral-7B-Instruct-v0.3,SciERC,P01-1056,P1,P2,P1->P2,-0.0334146975911868,-0.0261825861044217,-0.0248922907861785,-0.0373997523878653,0.003985054796678496,0.0012902953182431995,0.0026376750574608476
Mistral-7B-Instruct-v0.3,SciERC,P01-1056,P2,P3,P2->P3,-0.0261825861044217,-0.0269844021325601,-0.0298469176838504,-0.0250541942526217,0.0011283918518000015,0.002862515551290301,0.0019954537015451513
Mistral-7B-Instruct-v0.3,SciERC,P01-1056,P3,P4,P3->P4,-0.0269844021325601,-0.0529141121810966,-0.3832529474805285,-0.0730091793648171,0.046024777232257,0.3303388352994319,0.18818180626584446
Mistral-7B-Instruct-v0.3,SciERC,P01-1056,P4,P5,P4->P5,-0.0529141121810966,-0.034842348431211,-0.080835225572624,-0.0858895020051436,0.032975389824047,0.045992877141413,0.03948413348273
Mistral-7B-Instruct-v0.3,SciERC,P01-1056,P5,P6,P5->P6,-0.034842348431211,-0.0626470695371213,-0.070702852891839,-0.0344598984338372,0.0003824499973738016,0.008055783354717697,0.004219116676045749
Mistral-7B-Instruct-v0.3,SciERC,NIPS_2002_18_abs,P1,P2,P1->P2,-0.0319171869181757,-0.02543663227652,-0.0328798007777356,-0.0398154163886921,0.007898229470516396,0.0074431685012156,0.007670698985865998
Mistral-7B-Instruct-v0.3,SciERC,NIPS_2002_18_abs,P2,P3,P2->P3,-0.02543663227652,-0.0213052055235796,-0.0276197477457268,-0.0303869097251591,0.004950277448639101,0.006314542222147199,0.00563240983539315
Mistral-7B-Instruct-v0.3,SciERC,NIPS_2002_18_abs,P3,P4,P3->P4,-0.0213052055235796,-0.0452195767581314,-0.3451605682855208,-0.1122333149736126,0.09092810945003299,0.2999409915273894,0.1954345504887112
Mistral-7B-Instruct-v0.3,SciERC,NIPS_2002_18_abs,P4,P5,P4->P5,-0.0452195767581314,-0.0308140416940053,-0.049081341439975,-0.0832107345072122,0.037991157749080795,0.0182672997459697,0.02812922874752525
Mistral-7B-Instruct-v0.3,SciERC,NIPS_2002_18_abs,P5,P6,P5->P6,-0.0308140416940053,-0.0374184645885644,-0.0390277568684067,-0.0299398857326323,0.000874155961373,0.0016092922798423004,0.0012417241206076502
Mistral-7B-Instruct-v0.3,SciERC,ICML_1995_38_abs,P1,P2,P1->P2,-0.02846349470631,-0.0298264174295278,-0.0377858230300868,-0.0345611676119293,0.006097672905619304,0.007959405600558998,0.007028539253089151
Mistral-7B-Instruct-v0.3,SciERC,ICML_1995_38_abs,P2,P3,P2->P3,-0.0298264174295278,-0.0416069447452999,-0.0427900683106005,-0.0384655244997702,0.008639107070242399,0.0011831235653005992,0.004911115317771499
Mistral-7B-Instruct-v0.3,SciERC,ICML_1995_38_abs,P3,P4,P3->P4,-0.0416069447452999,-0.047274924973224,-0.2851755581003554,-0.0886146871263659,0.047007742381066,0.2379006331271314,0.14245418775409868
Mistral-7B-Instruct-v0.3,SciERC,ICML_1995_38_abs,P4,P5,P4->P5,-0.047274924973224,-0.0548847194701906,-0.1567611978167579,-0.0807237333439766,0.033448808370752606,0.1018764783465673,0.06766264335865996
Mistral-7B-Instruct-v0.3,SciERC,ICML_1995_38_abs,P5,P6,P5->P6,-0.0548847194701906,-0.0515644047409296,-0.0535733257420361,-0.0581996455079033,0.003314926037712697,0.0020089210011065006,0.0026619235194095987
Mistral-7B-Instruct-v0.3,SciERC,INTERSPEECH_2013_21_abs,P1,P2,P1->P2,-0.0439845457544244,-0.0353508191908191,-0.0501219143648585,-0.0501275863015342,0.006143040547109804,0.014771095174039399,0.010457067860574602
Mistral-7B-Instruct-v0.3,SciERC,INTERSPEECH_2013_21_abs,P2,P3,P2->P3,-0.0353508191908191,-0.0334623540740415,-0.0365898200546402,-0.044221548501127,0.008870729310307898,0.0031274659805986954,0.005999097645453297
Mistral-7B-Instruct-v0.3,SciERC,INTERSPEECH_2013_21_abs,P3,P4,P3->P4,-0.0334623540740415,-0.057886357866438,-0.2982703076917573,-0.1831311714218323,0.1496688173477908,0.24038394982531927,0.19502638358655505
Mistral-7B-Instruct-v0.3,SciERC,INTERSPEECH_2013_21_abs,P4,P5,P4->P5,-0.057886357866438,-0.0464238965813117,-0.1096662100357345,-0.0549623171488444,0.0029240407175935984,0.0632423134544228,0.0330831770860082
Mistral-7B-Instruct-v0.3,SciERC,INTERSPEECH_2013_21_abs,P5,P6,P5->P6,-0.0464238965813117,-0.0438591754889186,-0.0472497802369202,-0.0540983650503279,0.007674468469016198,0.0033906047480015966,0.005532536608508897
Mistral-7B-Instruct-v0.3,SciERC,CVPR_2009_18_abs,P1,P2,P1->P2,-0.0260129571882619,-0.0172652122710132,-0.014578926328492,-0.0309439202489253,0.004930963060663401,0.0026862859425212,0.0038086245015923007
Mistral-7B-Instruct-v0.3,SciERC,CVPR_2009_18_abs,P2,P3,P2->P3,-0.0172652122710132,-0.0197383063544596,-0.0266361140917676,-0.0179824245957812,0.000717212324767999,0.006897807737307998,0.0038075100310379986
Mistral-7B-Instruct-v0.3,SciERC,CVPR_2009_18_abs,P3,P4,P3->P4,-0.0197383063544596,-0.0455468969688193,-0.1774401527097402,-0.0700608739619686,0.050322567607509,0.1318932557409209,0.09110791167421495
Mistral-7B-Instruct-v0.3,SciERC,CVPR_2009_18_abs,P4,P5,P4->P5,-0.0455468969688193,-0.0488265721255509,-0.0676095618142022,-0.0622243742811782,0.0166774773123589,0.018782989688651303,0.0177302335005051
Mistral-7B-Instruct-v0.3,SciERC,CVPR_2009_18_abs,P5,P6,P5->P6,-0.0488265721255509,-0.0405431783118215,-0.0442585821459893,-0.0486888804553467,0.00013769167020419998,0.0037154038341678033,0.0019265477521860017
Mistral-7B-Instruct-v0.3,EBM-NLP,3081600,P1,P2,P1->P2,-0.0140684685718558,-0.0050696883446482,-0.0091618120030034,-0.0190006621717871,0.0049321935999313005,0.0040921236583552,0.00451215862914325
Mistral-7B-Instruct-v0.3,EBM-NLP,3081600,P2,P3,P2->P3,-0.0050696883446482,-0.0043894634677973,-0.0050696883446482,-0.0043894634677973,0.0006802248768509002,0.0006802248768509002,0.0006802248768509002
Mistral-7B-Instruct-v0.3,EBM-NLP,3081600,P3,P4,P3->P4,-0.0043894634677973,-0.0336683502420783,-0.6735658466815948,-0.0341726965787957,0.0297832331109984,0.6398974964395165,0.33484036477525747
Mistral-7B-Instruct-v0.3,EBM-NLP,3081600,P4,P5,P4->P5,-0.0336683502420783,-0.0750577270168147,-0.2746173943558784,-0.3395602598786354,0.3058919096365571,0.19955966733906372,0.2527257884878104
Mistral-7B-Instruct-v0.3,EBM-NLP,3081600,P5,P6,P5->P6,-0.0750577270168147,-0.031479184116636,-0.0862319128853934,-0.0660189237088373,0.009038803307977392,0.054752728768757405,0.0318957660383674
Mistral-7B-Instruct-v0.3,SciERC,NIPS_2001_11_abs,P1,P2,P1->P2,-0.0241820397835302,-0.031059757043662,-0.0272127905274251,-0.0286748201324371,0.004492780348906898,0.0038469665162369007,0.0041698734325718995
Mistral-7B-Instruct-v0.3,SciERC,NIPS_2001_11_abs,P2,P3,P2->P3,-0.031059757043662,-0.0210679127524296,-0.0261409588856622,-0.0297188417996412,0.0013409152440208016,0.0050730461332326,0.0032069806886267007
Mistral-7B-Instruct-v0.3,SciERC,NIPS_2001_11_abs,P3,P4,P3->P4,-0.0210679127524296,-0.0403081245188202,-0.2246753685176372,-0.1022157738606135,0.08114786110818391,0.184367243998817,0.13275755255350044
Mistral-7B-Instruct-v0.3,SciERC,NIPS_2001_11_abs,P4,P5,P4->P5,-0.0403081245188202,-0.0622390563671405,-0.0805405259132385,-0.0628798194229602,0.022571694904139995,0.018301469546098,0.020436582225118998
Mistral-7B-Instruct-v0.3,SciERC,NIPS_2001_11_abs,P5,P6,P5->P6,-0.0622390563671405,-0.0565655090538739,-0.0565998257674607,-0.0628492543330559,0.0006101979659153961,3.4316713586800274e-05,0.0003222573397510982
Mistral-7B-Instruct-v0.3,SciERC,A97-1020,P1,P2,P1->P2,-0.0260133382127302,-0.0170603052335233,-0.0195697230131675,-0.0342200787052509,0.008206740492520702,0.0025094177796442,0.005358079136082451
Mistral-7B-Instruct-v0.3,SciERC,A97-1020,P2,P3,P2->P3,-0.0170603052335233,-0.0295946719901015,-0.0385524435744931,-0.020943670126068,0.0038833648925447016,0.008957771584391597,0.0064205682384681495
Mistral-7B-Instruct-v0.3,SciERC,A97-1020,P3,P4,P3->P4,-0.0295946719901015,-0.0336241614756852,-0.256957854480433,-0.0843509107362479,0.05475623874614639,0.2233336930047478,0.1390449658754471
Mistral-7B-Instruct-v0.3,SciERC,A97-1020,P4,P5,P4->P5,-0.0336241614756852,-0.0448849045740061,-0.0899216439816858,-0.0926771037192387,0.059052942243553494,0.045036739407679695,0.0520448408256166
Mistral-7B-Instruct-v0.3,SciERC,A97-1020,P5,P6,P5->P6,-0.0448849045740061,-0.0470057090262433,-0.0560377472903067,-0.0396941421609936,0.005190762413012501,0.009032038264063402,0.0071114003385379515
Mistral-7B-Instruct-v0.3,EBM-NLP,7827398,P1,P2,P1->P2,-0.0319250272931876,-0.0229129102309812,-0.0436170933339092,-0.0471290037967264,0.015203976503538802,0.020704183102928,0.0179540798032334
Mistral-7B-Instruct-v0.3,EBM-NLP,7827398,P2,P3,P2->P3,-0.0229129102309812,-0.028168034864586,-0.0229129102309812,-0.028168034864586,0.0052551246336048005,0.0052551246336048005,0.0052551246336048005
Mistral-7B-Instruct-v0.3,EBM-NLP,7827398,P3,P4,P3->P4,-0.028168034864586,-0.0368465089226422,-0.3365234373366996,-0.155765510086591,0.127597475222005,0.2996769284140574,0.2136372018180312
Mistral-7B-Instruct-v0.3,EBM-NLP,7827398,P4,P5,P4->P5,-0.0368465089226422,-0.0465262201992241,-0.2159386776589058,-0.1080326842118616,0.0711861752892194,0.1694124574596817,0.12029931637445054
Mistral-7B-Instruct-v0.3,EBM-NLP,7827398,P5,P6,P5->P6,-0.0465262201992241,-0.0346485992393842,-0.0475863083833601,-0.0639240371214377,0.017397816922213594,0.0129377091439759,0.015167763033094746
Mistral-7B-Instruct-v0.3,SciERC,ECCV_2012_30_abs,P1,P2,P1->P2,-0.0313253133790567,-0.0351366567774675,-0.0373665118434776,-0.0342844681581482,0.002959154779091498,0.002229855066010096,0.002594504922550797
Mistral-7B-Instruct-v0.3,SciERC,ECCV_2012_30_abs,P2,P3,P2->P3,-0.0351366567774675,-0.0260243822704069,-0.0325709039461799,-0.0374094942429413,0.002272837465473798,0.006546521675772996,0.004409679570623397
Mistral-7B-Instruct-v0.3,SciERC,ECCV_2012_30_abs,P3,P4,P3->P4,-0.0260243822704069,-0.0578750182984541,-0.2033362223710381,-0.0621847094056041,0.03616032713519719,0.145461204072584,0.09081076560389059
Mistral-7B-Instruct-v0.3,SciERC,ECCV_2012_30_abs,P4,P5,P4->P5,-0.0578750182984541,-0.0658898686737993,-0.1196563868543466,-0.1007116163841929,0.0428365980857388,0.0537665181805473,0.04830155813314305
Mistral-7B-Instruct-v0.3,SciERC,ECCV_2012_30_abs,P5,P6,P5->P6,-0.0658898686737993,-0.055626021443511,-0.0648147999811515,-0.0593386794802403,0.006551189193559001,0.009188778537640496,0.007869983865599749
Mistral-7B-Instruct-v0.3,EBM-NLP,1459268,P1,P2,P1->P2,-0.0236017485149204,-0.0433785794478542,-0.0242743031033929,-0.0407455501457055,0.0171438016307851,0.0191042763444613,0.0181240389876232
Mistral-7B-Instruct-v0.3,EBM-NLP,1459268,P2,P3,P2->P3,-0.0433785794478542,-0.0604413398702962,-0.0449035541828612,-0.050808291952565,0.007429712504710799,0.015537785687435003,0.011483749096072901
Mistral-7B-Instruct-v0.3,EBM-NLP,1459268,P3,P4,P3->P4,-0.0604413398702962,-0.0362722291187806,-0.2993452462283048,-0.1448762059538033,0.08443486608350709,0.2630730171095242,0.17375394159651564
Mistral-7B-Instruct-v0.3,EBM-NLP,1459268,P4,P5,P4->P5,-0.0362722291187806,-0.037927366339642,-0.1370647845060929,-0.0892765142700888,0.0530042851513082,0.09913741816645091,0.07607085165887956
Mistral-7B-Instruct-v0.3,EBM-NLP,1459268,P5,P6,P5->P6,-0.037927366339642,-0.0394745619742424,-0.0463619441776485,-0.0516772674477618,0.0137499011081198,0.006887382203406102,0.01031864165576295
Mistral-7B-Instruct-v0.3,SciERC,H01-1049,P1,P2,P1->P2,-0.0361868508625775,-0.0341007038844937,-0.0474721992846742,-0.0470741877797991,0.010887336917221595,0.013371495400180504,0.01212941615870105
Mistral-7B-Instruct-v0.3,SciERC,H01-1049,P2,P3,P2->P3,-0.0341007038844937,-0.0406824986760815,-0.0379272702460487,-0.0399830489714827,0.0058823450869890034,0.0027552284300327995,0.0043187867585109015
Mistral-7B-Instruct-v0.3,SciERC,H01-1049,P3,P4,P3->P4,-0.0406824986760815,-0.0726456723685534,-0.3504581766308479,-0.1216419061335424,0.08095940745746089,0.2778125042622945,0.17938595585987768
Mistral-7B-Instruct-v0.3,SciERC,H01-1049,P4,P5,P4->P5,-0.0726456723685534,-0.0660584530427088,-0.0964545513415218,-0.0898561757409347,0.017210503372381294,0.030396098298813,0.023803300835597146
Mistral-7B-Instruct-v0.3,SciERC,H01-1049,P5,P6,P5->P6,-0.0660584530427088,-0.064686013079585,-0.067839416539725,-0.0623384792709825,0.0037199737717262954,0.0031534034601399946,0.003436688615933145
Mistral-7B-Instruct-v0.3,SciERC,C04-1106,P1,P2,P1->P2,-0.0387391662922035,-0.0415935295595698,-0.0445044193263739,-0.0503060999674861,0.011566933675282595,0.0029108897668040992,0.007238911721043347
Mistral-7B-Instruct-v0.3,SciERC,C04-1106,P2,P3,P2->P3,-0.0415935295595698,-0.0367937323850734,-0.0387582826563933,-0.0434613876861252,0.001867858126555405,0.0019645502713198995,0.0019162041989376523
Mistral-7B-Instruct-v0.3,SciERC,C04-1106,P3,P4,P3->P4,-0.0367937323850734,-0.0998530549387778,-0.3855133918023878,-0.0886531706588963,0.0518594382738229,0.28566033686361003,0.16875988756871646
Mistral-7B-Instruct-v0.3,SciERC,C04-1106,P4,P5,P4->P5,-0.0998530549387778,-0.046101578099783,-0.1112635939620262,-0.146732227263912,0.046879172325134194,0.06516201586224321,0.0560205940936887
Mistral-7B-Instruct-v0.3,SciERC,C04-1106,P5,P6,P5->P6,-0.046101578099783,-0.0416144132614135,-0.0446861724961887,-0.0516628307658572,0.0055612526660741984,0.0030717592347751996,0.004316505950424699
Mistral-7B-Instruct-v0.3,SciERC,I05-5003,P1,P2,P1->P2,-0.0269264702961356,-0.0263942147188029,-0.037867009369875,-0.0329229338630862,0.0059964635669506015,0.0114727946510721,0.008734629109011351
Mistral-7B-Instruct-v0.3,SciERC,I05-5003,P2,P3,P2->P3,-0.0263942147188029,-0.0547075808530682,-0.0591095355397256,-0.0299824563980058,0.003588241679202901,0.004401954686657404,0.003995098182930153
Mistral-7B-Instruct-v0.3,SciERC,I05-5003,P3,P4,P3->P4,-0.0547075808530682,-0.0477880066742162,-0.3151383978890999,-0.1435534543378556,0.0888458734847874,0.26735039121488374,0.17809813234983557
Mistral-7B-Instruct-v0.3,SciERC,I05-5003,P4,P5,P4->P5,-0.0477880066742162,-0.0631898517039284,-0.0650133188091107,-0.0685405924177045,0.020752585743488296,0.0018234671051822887,0.011288026424335292
Mistral-7B-Instruct-v0.3,SciERC,I05-5003,P5,P6,P5->P6,-0.0631898517039284,-0.0443404728762581,-0.0531593384660876,-0.0633768843181097,0.0001870326141812928,0.0088188655898295,0.004502949102005396
Mistral-7B-Instruct-v0.3,SciERC,ICCV_2003_161_abs,P1,P2,P1->P2,-0.0324686098222931,-0.0405332293982307,-0.0505103610921651,-0.0328315428147713,0.00036293299247820016,0.009977131693934396,0.005170032343206298
Mistral-7B-Instruct-v0.3,SciERC,ICCV_2003_161_abs,P2,P3,P2->P3,-0.0405332293982307,-0.0303208937402814,-0.0307518191402778,-0.0450020681212966,0.004468838723065895,0.00043092539999639926,0.002449882061531147
Mistral-7B-Instruct-v0.3,SciERC,ICCV_2003_161_abs,P3,P4,P3->P4,-0.0303208937402814,-0.0611104000434114,-0.2980882143498524,-0.0769555358371387,0.0466346420968573,0.236977814306441,0.14180622820164915
Mistral-7B-Instruct-v0.3,SciERC,ICCV_2003_161_abs,P4,P5,P4->P5,-0.0611104000434114,-0.0640901444388217,-0.1097654347118225,-0.1085778981149857,0.04746749807157429,0.045675290273000796,0.04657139417228755
Mistral-7B-Instruct-v0.3,SciERC,ICCV_2003_161_abs,P5,P6,P5->P6,-0.0640901444388217,-0.062532364535772,-0.0604302304401246,-0.0663899180481528,0.0022997736093310905,0.0021021340956474052,0.002200953852489248
Mistral-7B-Instruct-v0.3,SciERC,N03-1033,P1,P2,P1->P2,-0.0163258614120094,-0.0279730197566814,-0.0316988410475624,-0.019800538818625,0.0034746774066156012,0.003725821290880997,0.003600249348748299
Mistral-7B-Instruct-v0.3,SciERC,N03-1033,P2,P3,P2->P3,-0.0279730197566814,-0.0447025180031034,-0.0485853453663955,-0.0330413577389401,0.005068337982258697,0.003882827363292096,0.004475582672775397
Mistral-7B-Instruct-v0.3,SciERC,N03-1033,P3,P4,P3->P4,-0.0447025180031034,-0.061349404798009,-0.2910729377101566,-0.1128065079674685,0.06810398996436509,0.2297235329121476,0.14891376143825635
Mistral-7B-Instruct-v0.3,SciERC,N03-1033,P4,P5,P4->P5,-0.061349404798009,-0.0263700209736619,-0.0859816917817886,-0.1078733062348425,0.04652390143683349,0.05961167080812671,0.0530677861224801
Mistral-7B-Instruct-v0.3,SciERC,N03-1033,P5,P6,P5->P6,-0.0263700209736619,-0.0486184025778988,-0.0514724944448713,-0.0264606908729223,9.066989926040034e-05,0.002854091866972497,0.0014723808831164486
Mistral-7B-Instruct-v0.3,SciERC,C04-1035,P1,P2,P1->P2,-0.0387103321417322,-0.0406789934747271,-0.0468281670050187,-0.0388474137153265,0.0001370815735942943,0.006149173530291596,0.0031431275519429452
Mistral-7B-Instruct-v0.3,SciERC,C04-1035,P2,P3,P2->P3,-0.0406789934747271,-0.0380448547174345,-0.0475429420402107,-0.0355866038500328,0.005092389624694299,0.009498087322776204,0.0072952384737352514
Mistral-7B-Instruct-v0.3,SciERC,C04-1035,P3,P4,P3->P4,-0.0380448547174345,-0.0599232978521739,-0.266154741160961,-0.0971095442289933,0.059064689511558806,0.2062314433087871,0.13264806641017296
Mistral-7B-Instruct-v0.3,SciERC,C04-1035,P4,P5,P4->P5,-0.0599232978521739,-0.0382524871980989,-0.0687339526492279,-0.0926658758303014,0.032742577978127504,0.030481465451128995,0.03161202171462825
Mistral-7B-Instruct-v0.3,SciERC,C04-1035,P5,P6,P5->P6,-0.0382524871980989,-0.0381805138743442,-0.0388199237809665,-0.0397113913839513,0.0014589041858524,0.0006394099066222986,0.0010491570462373492
Mistral-7B-Instruct-v0.3,SciERC,NIPS_2002_11_abs,P1,P2,P1->P2,-0.0401234709324929,-0.0258189919295261,-0.0298693800058128,-0.048344239221055,0.008220768288562101,0.004050388076286698,0.006135578182424399
Mistral-7B-Instruct-v0.3,SciERC,NIPS_2002_11_abs,P2,P3,P2->P3,-0.0258189919295261,-0.0322352465979444,-0.0331187432044923,-0.033097556069999,0.0072785641404728985,0.0008834966065478997,0.004081030373510399
Mistral-7B-Instruct-v0.3,SciERC,NIPS_2002_11_abs,P3,P4,P3->P4,-0.0322352465979444,-0.0712859367054921,-0.2794745954466455,-0.0752160740885301,0.042980827490585696,0.2081886587411534,0.12558474311586953
Mistral-7B-Instruct-v0.3,SciERC,NIPS_2002_11_abs,P4,P5,P4->P5,-0.0712859367054921,-0.0462596911981881,-0.1078030815325587,-0.1023232062105779,0.0310372695050858,0.0615433903343706,0.0462903299197282
Mistral-7B-Instruct-v0.3,SciERC,NIPS_2002_11_abs,P5,P6,P5->P6,-0.0462596911981881,-0.0490315879805613,-0.0494983600357831,-0.0460538709738168,0.0002058202243713017,0.0004667720552217966,0.00033629613979654915
Mistral-7B-Instruct-v0.3,SciERC,P85-1019,P1,P2,P1->P2,-0.0317807732839703,-0.0348532664941687,-0.0450748716360613,-0.031322456536438,0.00045831674753230023,0.010221605141892603,0.005339960944712452
Mistral-7B-Instruct-v0.3,SciERC,P85-1019,P2,P3,P2->P3,-0.0348532664941687,-0.0206451249742681,-0.0201877334163547,-0.0392010688245198,0.0043478023303510985,0.00045739155791340094,0.0024025969441322497
Mistral-7B-Instruct-v0.3,SciERC,P85-1019,P3,P4,P3->P4,-0.0206451249742681,-0.0734927327078781,-0.465616828804716,-0.1222948485251781,0.10164972355091,0.3921240960968379,0.24688690982387396
Mistral-7B-Instruct-v0.3,SciERC,P85-1019,P4,P5,P4->P5,-0.0734927327078781,-0.0556201692670583,-0.0794062713781992,-0.1018964234477518,0.0284036907398737,0.02378610211114089,0.026094896425507295
Mistral-7B-Instruct-v0.3,SciERC,P85-1019,P5,P6,P5->P6,-0.0556201692670583,-0.0592591127411263,-0.0590437504111743,-0.0591560192406177,0.0035358499735593935,0.00021536232995199994,0.0018756061517556967
Mistral-7B-Instruct-v0.3,SciERC,E89-1016,P1,P2,P1->P2,-0.0344668050481693,-0.022800204057372,-0.0239167134413558,-0.043157795120959,0.0086909900727897,0.0011165093839837978,0.004903749728386749
Mistral-7B-Instruct-v0.3,SciERC,E89-1016,P2,P3,P2->P3,-0.022800204057372,-0.0521355015890938,-0.0527386293782816,-0.0260056502363655,0.003205446178993498,0.0006031277891878004,0.001904286984090649
Mistral-7B-Instruct-v0.3,SciERC,E89-1016,P3,P4,P3->P4,-0.0521355015890938,-0.0465891639609913,-0.2467921961358178,-0.1235226357912088,0.071387134202115,0.2002030321748265,0.13579508318847075
Mistral-7B-Instruct-v0.3,SciERC,E89-1016,P4,P5,P4->P5,-0.0465891639609913,-0.0674709073236717,-0.1042905151428564,-0.1127550712421591,0.0661659072811678,0.036819607819184696,0.051492757550176245
Mistral-7B-Instruct-v0.3,SciERC,E89-1016,P5,P6,P5->P6,-0.0674709073236717,-0.0758787122101533,-0.077564225272452,-0.0707140618599397,0.0032431545362680003,0.0016855130622987075,0.002464333799283354
Mistral-7B-Instruct-v0.3,EBM-NLP,18773733,P1,P2,P1->P2,-0.0212408872626044,-0.0039203447074844,-0.0042463370527212,-0.043665565834804,0.0224246785721996,0.00032599234523679986,0.0113753354587182
Mistral-7B-Instruct-v0.3,EBM-NLP,18773733,P2,P3,P2->P3,-0.0039203447074844,-0.0039074931723567,-0.0039203447074844,-0.0039074931723567,1.285153512770032e-05,1.285153512770032e-05,1.285153512770032e-05
Mistral-7B-Instruct-v0.3,EBM-NLP,18773733,P3,P4,P3->P4,-0.0039074931723567,-0.119264834966415,-1.5767227564102564,-0.1515118296329791,0.1476043364606224,1.4574579214438415,0.8025311289522319
Mistral-7B-Instruct-v0.3,EBM-NLP,18773733,P4,P5,P4->P5,-0.119264834966415,-0.0860569556554158,-0.5330342292785645,-0.2610799838335086,0.14181514886709362,0.44697727362314865,0.29439621124512116
Mistral-7B-Instruct-v0.3,EBM-NLP,18773733,P5,P6,P5->P6,-0.0860569556554158,-0.1122566417273547,-0.108656673050589,-0.1193849245707194,0.03332796891530361,0.003599968676765694,0.018463968796034652
Mistral-7B-Instruct-v0.3,SciERC,P04-2005,P1,P2,P1->P2,-0.033966811129025,-0.037169987116638,-0.0449297436541852,-0.0294202973587172,0.004546513770307799,0.007759756537547201,0.0061531351539275
Mistral-7B-Instruct-v0.3,SciERC,P04-2005,P2,P3,P2->P3,-0.037169987116638,-0.0374950912351814,-0.0384977137586241,-0.049508087504556,0.012338100387918001,0.0010026225234426936,0.006670361455680347
Mistral-7B-Instruct-v0.3,SciERC,P04-2005,P3,P4,P3->P4,-0.0374950912351814,-0.0549254688178703,-0.3277137226862862,-0.0846462940019299,0.047151202766748494,0.2727882538684159,0.1599697283175822
Mistral-7B-Instruct-v0.3,SciERC,P04-2005,P4,P5,P4->P5,-0.0549254688178703,-0.0569526216837281,-0.1130052538557425,-0.0770900918858284,0.0221646230679581,0.05605263217201441,0.03910862761998625
Mistral-7B-Instruct-v0.3,SciERC,P04-2005,P5,P6,P5->P6,-0.0569526216837281,-0.0664217744286604,-0.0734152868976743,-0.0610601405857661,0.004107518902038004,0.0069935124690139044,0.005550515685525954
Mistral-7B-Instruct-v0.3,SciERC,C90-3045,P1,P2,P1->P2,-0.0288558231536732,-0.0272263192261258,-0.029896301527818,-0.0350272326770414,0.006171409523368202,0.0026699823016922003,0.004420695912530201
Mistral-7B-Instruct-v0.3,SciERC,C90-3045,P2,P3,P2->P3,-0.0272263192261258,-0.0210961602731711,-0.0210423619589871,-0.0309744423462284,0.0037481231201026005,5.3798314183998996e-05,0.0019009607171432998
Mistral-7B-Instruct-v0.3,SciERC,C90-3045,P3,P4,P3->P4,-0.0210961602731711,-0.0312742223324892,-0.3524880500940176,-0.1025796708547406,0.0814835105815695,0.3212138277615284,0.20134866917154895
Mistral-7B-Instruct-v0.3,SciERC,C90-3045,P4,P5,P4->P5,-0.0312742223324892,-0.0662443427716271,-0.1608092065584861,-0.0648886040895135,0.033614381757024296,0.09456486378685901,0.06408962277194165
Mistral-7B-Instruct-v0.3,SciERC,C90-3045,P5,P6,P5->P6,-0.0662443427716271,-0.0502897712919447,-0.0619280423058403,-0.0746747388678081,0.008430396096181,0.011638271013895599,0.0100343335550383
Mistral-7B-Instruct-v0.3,SciERC,ICCV_2001_47_abs,P1,P2,P1->P2,-0.0282854002415249,-0.0331237712937794,-0.0348167333417059,-0.0288143699630046,0.0005289697214796996,0.0016929620479265023,0.001110965884703101
Mistral-7B-Instruct-v0.3,SciERC,ICCV_2001_47_abs,P2,P3,P2->P3,-0.0331237712937794,-0.0232354299463169,-0.0258454322901199,-0.0356891745847932,0.002565403291013797,0.0026100023438029966,0.002587702817408397
Mistral-7B-Instruct-v0.3,SciERC,ICCV_2001_47_abs,P3,P4,P3->P4,-0.0232354299463169,-0.0397302008816517,-0.2743232118671562,-0.0939020076294883,0.0706665776831714,0.2345930109855045,0.15262979433433796
Mistral-7B-Instruct-v0.3,SciERC,ICCV_2001_47_abs,P4,P5,P4->P5,-0.0397302008816517,-0.0431792534393212,-0.1115772096196895,-0.0673090041212465,0.0275788032395948,0.06839795618036831,0.04798837970998156
Mistral-7B-Instruct-v0.3,SciERC,ICCV_2001_47_abs,P5,P6,P5->P6,-0.0431792534393212,-0.0468863047383449,-0.0479790452453825,-0.0456219538886746,0.0024427004493534007,0.0010927405070375942,0.0017677204781954975
Mistral-7B-Instruct-v0.3,EBM-NLP,16427787,P1,P2,P1->P2,-0.047902919248093,-0.048040109914991,-0.0556082995432727,-0.1649256679900856,0.11702274874199259,0.0075681896282817004,0.06229546918513715
Mistral-7B-Instruct-v0.3,EBM-NLP,16427787,P2,P3,P2->P3,-0.048040109914991,-0.0218154097679984,-0.0384921068994052,-0.0544859097110775,0.006445799796086504,0.016676697131406803,0.011561248463746654
Mistral-7B-Instruct-v0.3,EBM-NLP,16427787,P3,P4,P3->P4,-0.0218154097679984,-0.0864944792097541,-0.2820013192049257,-0.1447884343457564,0.122973024577758,0.1955068399951716,0.1592399322864648
Mistral-7B-Instruct-v0.3,EBM-NLP,16427787,P4,P5,P4->P5,-0.0864944792097541,-0.0583231353759765,-0.1405244636535644,-0.1366313733872334,0.05013689417747931,0.08220132827758792,0.0661691112275336
Mistral-7B-Instruct-v0.3,EBM-NLP,16427787,P5,P6,P5->P6,-0.0583231353759765,-0.1231397276495893,-0.1261779489119847,-0.0734718704223632,0.015148735046386697,0.003038221262395391,0.009093478154391044
Mistral-7B-Instruct-v0.3,SciERC,C04-1103,P1,P2,P1->P2,-0.0298367162113604,-0.0325841805681875,-0.0308089747869024,-0.0374548479110404,0.007618131699680002,0.001775205781285101,0.004696668740482551
Mistral-7B-Instruct-v0.3,SciERC,C04-1103,P2,P3,P2->P3,-0.0325841805681875,-0.0389157613231377,-0.0434937928024887,-0.036700801999045,0.004116621430857496,0.004578031479351,0.004347326455104248
Mistral-7B-Instruct-v0.3,SciERC,C04-1103,P3,P4,P3->P4,-0.0389157613231377,-0.0454179102182388,-0.2170649081468582,-0.0751217041421364,0.0362059428189987,0.1716469979286194,0.10392647037380905
Mistral-7B-Instruct-v0.3,SciERC,C04-1103,P4,P5,P4->P5,-0.0454179102182388,-0.0400255796860675,-0.0558003248000631,-0.0668292360194027,0.0214113258011639,0.015774745113995597,0.01859303545757975
Mistral-7B-Instruct-v0.3,SciERC,C04-1103,P5,P6,P5->P6,-0.0400255796860675,-0.0406914517587544,-0.0400255796860675,-0.0406914517587544,0.000665872072686903,0.000665872072686903,0.000665872072686903
Mistral-7B-Instruct-v0.3,SciERC,INTERSPEECH_2014_40_abs,P1,P2,P1->P2,-0.0401290415380245,-0.0366661997316848,-0.0445248081499622,-0.0460081591438024,0.005879117605777903,0.007858608418277402,0.0068688630120276525
Mistral-7B-Instruct-v0.3,SciERC,INTERSPEECH_2014_40_abs,P2,P3,P2->P3,-0.0366661997316848,-0.0375155098003922,-0.0427066070536642,-0.0435458502173423,0.006879650485657501,0.005191097253271999,0.00603537386946475
Mistral-7B-Instruct-v0.3,SciERC,INTERSPEECH_2014_40_abs,P3,P4,P3->P4,-0.0375155098003922,-0.042095714108238,-0.2331213378373471,-0.0740430177742344,0.0365275079738422,0.19102562372910908,0.11377656585147564
Mistral-7B-Instruct-v0.3,SciERC,INTERSPEECH_2014_40_abs,P4,P5,P4->P5,-0.042095714108238,-0.0376540330606837,-0.0559291174245435,-0.055892345625595,0.013796631517357001,0.0182750843638598,0.0160358579406084
Mistral-7B-Instruct-v0.3,SciERC,INTERSPEECH_2014_40_abs,P5,P6,P5->P6,-0.0376540330606837,-0.0384059371073034,-0.0429233942605272,-0.0366422797358313,0.001011753324852399,0.004517457153223797,0.002764605239038098
Mistral-7B-Instruct-v0.3,EBM-NLP,15193668,P1,P2,P1->P2,-0.0212351081912593,-0.0262288073421018,-0.0228800799535668,-0.0401929362015568,0.0189578280102975,0.003348727388535002,0.01115327769941625
Mistral-7B-Instruct-v0.3,EBM-NLP,15193668,P2,P3,P2->P3,-0.0262288073421018,-0.0300434664653165,-0.046643824377743,-0.0353772650409189,0.009148457698817097,0.0166003579124265,0.012874407805621798
Mistral-7B-Instruct-v0.3,EBM-NLP,15193668,P3,P4,P3->P4,-0.0300434664653165,-0.1123371585722892,-1.0919778885379914,-0.0733778300511576,0.0433343635858411,0.9796407299657022,0.5114875467757717
Mistral-7B-Instruct-v0.3,EBM-NLP,15193668,P4,P5,P4->P5,-0.1123371585722892,-0.0392803858066427,-0.1272096387271223,-0.3485782069544638,0.23624104838217458,0.0879292529204796,0.1620851506513271
Mistral-7B-Instruct-v0.3,EBM-NLP,15193668,P5,P6,P5->P6,-0.0392803858066427,-0.0176764829405422,-0.0449671704193641,-0.0377829568139437,0.0014974289926990014,0.0272906874788219,0.01439405823576045
Mistral-7B-Instruct-v0.3,EBM-NLP,2224060,P1,P2,P1->P2,-0.0667291658778562,-0.041841435496525,-0.0737241442084953,-0.0764039898595066,0.009674823981650399,0.0318827087119703,0.02077876634681035
Mistral-7B-Instruct-v0.3,EBM-NLP,2224060,P2,P3,P2->P3,-0.041841435496525,-0.0190891235466771,-0.0401658035764758,-0.0681464133724089,0.0263049778758839,0.0210766800297987,0.0236908289528413
Mistral-7B-Instruct-v0.3,EBM-NLP,2224060,P3,P4,P3->P4,-0.0190891235466771,-0.0684993848256714,-0.4319787392249474,-0.1623123732189204,0.14322324967224329,0.363479354399276,0.2533513020357596
Mistral-7B-Instruct-v0.3,EBM-NLP,2224060,P4,P5,P4->P5,-0.0684993848256714,-0.0362599684641911,-0.0780333668757707,-0.1960226147324889,0.12752322990681747,0.0417733984115796,0.08464831415919853
Mistral-7B-Instruct-v0.3,EBM-NLP,2224060,P5,P6,P5->P6,-0.0362599684641911,-0.0629466961069804,-0.0578016944047881,-0.0475268781949312,0.011266909730740099,0.005145001702192294,0.008205955716466196
Mistral-7B-Instruct-v0.3,EBM-NLP,22744141,P1,P2,P1->P2,-0.0821218294239792,-0.0131451080892687,-0.0375498544389956,-0.089438516188571,0.0073166867645917955,0.024404746349726898,0.015860716557159347
Mistral-7B-Instruct-v0.3,EBM-NLP,22744141,P2,P3,P2->P3,-0.0131451080892687,-0.0201843830774415,-0.0233684283382487,-0.0520438579755408,0.0388987498862721,0.0031840452608071987,0.02104139757353965
Mistral-7B-Instruct-v0.3,EBM-NLP,22744141,P3,P4,P3->P4,-0.0201843830774415,-0.0839692724162134,-0.7898967348296067,-0.1543238320440616,0.1341394489666201,0.7059274624133932,0.42003345569000666
Mistral-7B-Instruct-v0.3,EBM-NLP,22744141,P4,P5,P4->P5,-0.0839692724162134,-0.0636188983917236,-0.1380825837453206,-0.0607673464150264,0.023201926001186993,0.07446368535359699,0.04883280567739199
Mistral-7B-Instruct-v0.3,EBM-NLP,22744141,P5,P6,P5->P6,-0.0636188983917236,-0.0395336151123046,-0.0619173810837116,-0.0880958338578542,0.024476935466130598,0.022383765971407003,0.0234303507187688
Mistral-7B-Instruct-v0.3,SciERC,ICASSP_2016_11_abs,P1,P2,P1->P2,-0.0397027218146983,-0.0400207980225483,-0.0457683775263528,-0.0415136636100587,0.001810941795360399,0.005747579503804501,0.00377926064958245
Mistral-7B-Instruct-v0.3,SciERC,ICASSP_2016_11_abs,P2,P3,P2->P3,-0.0400207980225483,-0.0393688765944765,-0.0481930683586867,-0.0357380994440366,0.004282698578511698,0.008824191764210197,0.006553445171360948
Mistral-7B-Instruct-v0.3,SciERC,ICASSP_2016_11_abs,P3,P4,P3->P4,-0.0393688765944765,-0.0839976196019154,-0.2774237360594407,-0.0981958660809904,0.0588269894865139,0.1934261164575253,0.1261265529720196
Mistral-7B-Instruct-v0.3,SciERC,ICASSP_2016_11_abs,P4,P5,P4->P5,-0.0839976196019154,-0.0381896236382896,-0.0912737557382294,-0.1343042833625145,0.050306663760599085,0.053084132099939806,0.05169539793026945
Mistral-7B-Instruct-v0.3,SciERC,ICASSP_2016_11_abs,P5,P6,P5->P6,-0.0381896236382896,-0.0503368942011701,-0.0546472448818754,-0.0342343470938606,0.0039552765444290025,0.004310350680705295,0.004132813612567149
Mistral-7B-Instruct-v0.3,SciERC,J05-4003,P1,P2,P1->P2,-0.0371756570315674,-0.0308483337644567,-0.0398996811194932,-0.0459004948160758,0.008724837784508395,0.009051347355036498,0.008888092569772446
Mistral-7B-Instruct-v0.3,SciERC,J05-4003,P2,P3,P2->P3,-0.0308483337644567,-0.0292749871136778,-0.0285270638574483,-0.0307530890893908,9.524467506590029e-05,0.000747923256229497,0.00042158396564769864
Mistral-7B-Instruct-v0.3,SciERC,J05-4003,P3,P4,P3->P4,-0.0292749871136778,-0.0908802531577728,-0.3607177603375781,-0.1008910693745207,0.0716160822608429,0.26983750717980526,0.1707267947203241
Mistral-7B-Instruct-v0.3,SciERC,J05-4003,P4,P5,P4->P5,-0.0908802531577728,-0.0731845349441339,-0.1064809128090187,-0.1099666881037282,0.019086434945955397,0.03329637786488479,0.026191406405420094
Mistral-7B-Instruct-v0.3,SciERC,J05-4003,P5,P6,P5->P6,-0.0731845349441339,-0.0662753557857078,-0.0720257430136958,-0.0703648196326361,0.0028197153114978,0.005750387227987999,0.0042850512697429
Mistral-7B-Instruct-v0.3,EBM-NLP,12477021,P1,P2,P1->P2,-0.0209160446783536,-0.0121503098432077,-0.0244277591278793,-0.039950130380926,0.0190340857025724,0.012277449284671602,0.015655767493622
Mistral-7B-Instruct-v0.3,EBM-NLP,12477021,P2,P3,P2->P3,-0.0121503098432077,-0.0144133083864089,-0.0121503098432077,-0.0144133083864089,0.0022629985432011997,0.0022629985432011997,0.0022629985432011997
Mistral-7B-Instruct-v0.3,EBM-NLP,12477021,P3,P4,P3->P4,-0.0144133083864089,-0.056061133949293,-0.3030572334925334,-0.0928213793203371,0.0784080709339282,0.2469960995432404,0.1627020852385843
Mistral-7B-Instruct-v0.3,EBM-NLP,12477021,P4,P5,P4->P5,-0.056061133949293,-0.0401762163461144,-0.2392031034426902,-0.0683188250771275,0.012257691127834501,0.1990268870965758,0.10564228911220515
Mistral-7B-Instruct-v0.3,EBM-NLP,12477021,P5,P6,P5->P6,-0.0401762163461144,-0.0794872336271332,-0.1072068592397178,-0.026305905515467,0.013870310830647402,0.027719625612584606,0.020794968221616004
Mistral-7B-Instruct-v0.3,SciERC,N03-1026,P1,P2,P1->P2,-0.0318215057476242,-0.0243353249194721,-0.0268364750275698,-0.035663894263666,0.0038423885160418017,0.002501150108097698,0.00317176931206975
Mistral-7B-Instruct-v0.3,SciERC,N03-1026,P2,P3,P2->P3,-0.0243353249194721,-0.0317859900339196,-0.030382861305649,-0.0258482304634526,0.001512905543980498,0.0014031287282706036,0.0014580171361255508
Mistral-7B-Instruct-v0.3,SciERC,N03-1026,P3,P4,P3->P4,-0.0317859900339196,-0.0865769717943807,-0.2891521761157633,-0.0689228831324726,0.037136893098553,0.20257520432138262,0.11985604870996781
Mistral-7B-Instruct-v0.3,SciERC,N03-1026,P4,P5,P4->P5,-0.0865769717943807,-0.0361878450509089,-0.0593423425771628,-0.1063176549768169,0.0197406831824362,0.023154497526253905,0.021447590354345052
Mistral-7B-Instruct-v0.3,SciERC,N03-1026,P5,P6,P5->P6,-0.0361878450509089,-0.0367390462167703,-0.0361878450509089,-0.0367390462167703,0.0005512011658614022,0.0005512011658614022,0.0005512011658614022
Mistral-7B-Instruct-v0.3,EBM-NLP,10752495,P1,P2,P1->P2,-0.0602649558058454,-0.0499509700825619,-0.0591658836121678,-0.055935575203462,0.004329380602383401,0.009214913529605899,0.00677214706599465
Mistral-7B-Instruct-v0.3,EBM-NLP,10752495,P2,P3,P2->P3,-0.0499509700825619,-0.047618007765407,-0.0399164124927689,-0.0577829969128526,0.007832026830290703,0.007701595272638098,0.007766811051464401
Mistral-7B-Instruct-v0.3,EBM-NLP,10752495,P3,P4,P3->P4,-0.047618007765407,-0.0355563549030768,-0.5239535946595041,-0.1416342859774564,0.09401627821204939,0.4883972397564273,0.2912067589842383
Mistral-7B-Instruct-v0.3,EBM-NLP,10752495,P4,P5,P4->P5,-0.0355563549030768,-0.0205506031534501,-0.1074207033429827,-0.1014828132955651,0.06592645839248831,0.0868701001895326,0.07639827929101045
Mistral-7B-Instruct-v0.3,EBM-NLP,10752495,P5,P6,P5->P6,-0.0205506031534501,-0.0563273717196205,-0.0494080402863186,-0.0423608379970703,0.0218102348436202,0.006919331433301902,0.01436478313846105
Mistral-7B-Instruct-v0.3,SciERC,ICML_2016_10_abs,P1,P2,P1->P2,-0.0364697194502999,-0.0314004376608257,-0.0362525474047288,-0.0446201210531095,0.008150401602809602,0.004852109743903099,0.006501255673356351
Mistral-7B-Instruct-v0.3,SciERC,ICML_2016_10_abs,P2,P3,P2->P3,-0.0314004376608257,-0.041750413714908,-0.0500625626882538,-0.0338580087991431,0.002457571138317398,0.008312148973345798,0.005384860055831598
Mistral-7B-Instruct-v0.3,SciERC,ICML_2016_10_abs,P3,P4,P3->P4,-0.041750413714908,-0.0759972864174628,-0.1897043029109279,-0.063239372568205,0.021488958853296998,0.11370701649346511,0.06759798767338106
Mistral-7B-Instruct-v0.3,SciERC,ICML_2016_10_abs,P4,P5,P4->P5,-0.0759972864174628,-0.0556430492522942,-0.104288048987841,-0.0947455927147879,0.0187483062973251,0.0486449997355468,0.03369665301643595
Mistral-7B-Instruct-v0.3,SciERC,ICML_2016_10_abs,P5,P6,P5->P6,-0.0556430492522942,-0.0521853116392357,-0.0480265120055777,-0.0635009131727427,0.007857863920448502,0.004158799633657999,0.00600833177705325
Mistral-7B-Instruct-v0.3,SciERC,P05-1076,P1,P2,P1->P2,-0.0288610028973362,-0.0322265192536051,-0.0408646063745565,-0.0444805832179986,0.015619580320662404,0.008638087120951404,0.012128833720806904
Mistral-7B-Instruct-v0.3,SciERC,P05-1076,P2,P3,P2->P3,-0.0322265192536051,-0.0325812773129839,-0.0352369244013236,-0.0320484614512133,0.0001780578023917942,0.0026556470883397007,0.0014168524453657474
Mistral-7B-Instruct-v0.3,SciERC,P05-1076,P3,P4,P3->P4,-0.0325812773129839,-0.0399692900277472,-0.4031114030528713,-0.1210893926480694,0.08850811533508549,0.3631421130251241,0.2258251141801048
Mistral-7B-Instruct-v0.3,SciERC,P05-1076,P4,P5,P4->P5,-0.0399692900277472,-0.0904474231661582,-0.1539620389135516,-0.0743686621253554,0.0343993720976082,0.0635146157473934,0.048956993922500795
Mistral-7B-Instruct-v0.3,SciERC,P05-1076,P5,P6,P5->P6,-0.0904474231661582,-0.0405894462452378,-0.0465719145397807,-0.093505239182589,0.003057816016430806,0.005982468294542902,0.004520142155486854
Mistral-7B-Instruct-v0.3,SciERC,CVPR_2008_258_abs,P1,P2,P1->P2,-0.0234829392672205,-0.033377926111843,-0.0459774595429098,-0.0298674392785566,0.0063845000113361,0.012599533431066796,0.009492016721201448
Mistral-7B-Instruct-v0.3,SciERC,CVPR_2008_258_abs,P2,P3,P2->P3,-0.033377926111843,-0.038654514743636,-0.0367506467737257,-0.0312915212405551,0.002086404871287903,0.0019038679699103014,0.001995136420599102
Mistral-7B-Instruct-v0.3,SciERC,CVPR_2008_258_abs,P3,P4,P3->P4,-0.038654514743636,-0.0871035895504794,-0.2791213150862809,-0.068172065851589,0.029517551107952997,0.19201772553580151,0.11076763832187725
Mistral-7B-Instruct-v0.3,SciERC,CVPR_2008_258_abs,P4,P5,P4->P5,-0.0871035895504794,-0.0499585540872989,-0.1349909541630508,-0.1330064613740522,0.045902871823572805,0.08503240007575188,0.06546763594966235
Mistral-7B-Instruct-v0.3,SciERC,CVPR_2008_258_abs,P5,P6,P5->P6,-0.0499585540872989,-0.0573533737778267,-0.0604402844691989,-0.0529023827892718,0.002943828701972899,0.003086910691372201,0.00301536969667255
Mistral-7B-Instruct-v0.3,EBM-NLP,19159999,P1,P2,P1->P2,-0.0259181575029475,-0.0523442933290158,-0.1115305466432266,-0.0339834773491439,0.008065319846196399,0.059186253314210804,0.0336257865802036
Mistral-7B-Instruct-v0.3,EBM-NLP,19159999,P2,P3,P2->P3,-0.0523442933290158,-0.0582923093153273,-0.0444462439559442,-0.1061469570952741,0.053802663766258293,0.013846065359383097,0.033824364562820695
Mistral-7B-Instruct-v0.3,EBM-NLP,19159999,P3,P4,P3->P4,-0.0582923093153273,-0.0507165670394897,-0.4634296361137839,-0.1745738553650239,0.1162815460496966,0.4127130690742942,0.2644973075619954
Mistral-7B-Instruct-v0.3,EBM-NLP,19159999,P4,P5,P4->P5,-0.0507165670394897,-0.0934875862939017,-0.1064252768244062,-0.0837031168096205,0.0329865497701308,0.01293769053050449,0.022962120150317646
Mistral-7B-Instruct-v0.3,EBM-NLP,19159999,P5,P6,P5->P6,-0.0934875862939017,-0.0232266068458557,-0.0387494872598087,-0.11524641088077,0.0217588245868683,0.015522880413953003,0.01864085250041065
Mistral-7B-Instruct-v0.3,SciERC,INTERSPEECH_2006_21_abs,P1,P2,P1->P2,-0.0393820716988565,-0.0424827116564635,-0.0454367167635722,-0.0456252844886422,0.0062432127897857,0.0029540051071086995,0.0045986089484472
Mistral-7B-Instruct-v0.3,SciERC,INTERSPEECH_2006_21_abs,P2,P3,P2->P3,-0.0424827116564635,-0.0335326181163688,-0.0409725496479865,-0.0389484235873589,0.0035342880691046005,0.007439931531617705,0.005487109800361153
Mistral-7B-Instruct-v0.3,SciERC,INTERSPEECH_2006_21_abs,P3,P4,P3->P4,-0.0335326181163688,-0.0609246631508833,-0.2333580552849671,-0.090859561187192,0.05732694307082321,0.1724333921340838,0.1148801676024535
Mistral-7B-Instruct-v0.3,SciERC,INTERSPEECH_2006_21_abs,P4,P5,P4->P5,-0.0609246631508833,-0.072618451724757,-0.1193528003299359,-0.0876499569934347,0.026725293842551394,0.0467343486051789,0.036729821223865144
Mistral-7B-Instruct-v0.3,SciERC,INTERSPEECH_2006_21_abs,P5,P6,P5->P6,-0.072618451724757,-0.0633243135166512,-0.0728823682461404,-0.0800125262991259,0.0073940745743689,0.009558054729489202,0.00847606465192905
Mistral-7B-Instruct-v0.3,EBM-NLP,17293018,P1,P2,P1->P2,-0.0288362167087582,-0.0371316404903636,-0.0559076140908633,-0.0506902753834988,0.021854058674740603,0.0187759736004997,0.02031501613762015
Mistral-7B-Instruct-v0.3,EBM-NLP,17293018,P2,P3,P2->P3,-0.0371316404903636,-0.022821267562754,-0.0240424533100689,-0.0579005255418665,0.0207688850515029,0.0012211857473149006,0.0109950353994089
Mistral-7B-Instruct-v0.3,EBM-NLP,17293018,P3,P4,P3->P4,-0.022821267562754,-0.1015901077450729,-0.405149880356676,-0.0444595638443441,0.021638296281590103,0.30355977261160305,0.16259903444659657
Mistral-7B-Instruct-v0.3,EBM-NLP,17293018,P4,P5,P4->P5,-0.1015901077450729,-0.0623379735784097,-0.1578594371676445,-0.0838457805903877,0.0177443271546852,0.0955214635892348,0.05663289537196
Mistral-7B-Instruct-v0.3,EBM-NLP,17293018,P5,P6,P5->P6,-0.0623379735784097,-0.0570150141914685,-0.0655350809295972,-0.1027985404838215,0.040460566905411804,0.008520066738128704,0.024490316821770254
Mistral-7B-Instruct-v0.3,SciERC,CVPR_2006_10_abs,P1,P2,P1->P2,-0.021006074345981,-0.0361382738531877,-0.0347661580890417,-0.0229037237392428,0.0018976493932617994,0.0013721157641459966,0.001634882578703898
Mistral-7B-Instruct-v0.3,SciERC,CVPR_2006_10_abs,P2,P3,P2->P3,-0.0361382738531877,-0.0323840690543875,-0.036987757969958,-0.0310154168788964,0.005122856974291299,0.004603688915570496,0.0048632729449308975
Mistral-7B-Instruct-v0.3,SciERC,CVPR_2006_10_abs,P3,P4,P3->P4,-0.0323840690543875,-0.0746055821765143,-0.2349211866000913,-0.0778390076011419,0.0454549385467544,0.16031560442357698,0.10288527148516569
Mistral-7B-Instruct-v0.3,SciERC,CVPR_2006_10_abs,P4,P5,P4->P5,-0.0746055821765143,-0.0384661713915486,-0.0639089211340873,-0.0959168621953928,0.021311280018878498,0.025442749742538705,0.0233770148807086
Mistral-7B-Instruct-v0.3,SciERC,CVPR_2006_10_abs,P5,P6,P5->P6,-0.0384661713915486,-0.0363770821094512,-0.0396967840194702,-0.039895343684381,0.0014291722928324035,0.003319701910018999,0.0023744371014257012
Mistral-7B-Instruct-v0.3,EBM-NLP,9481998,P1,P2,P1->P2,-0.0654707410439316,-0.0107531458443524,-0.023954704221414,-0.1120967326594317,0.0466259916155001,0.0132015583770616,0.02991377499628085
Mistral-7B-Instruct-v0.3,EBM-NLP,9481998,P2,P3,P2->P3,-0.0107531458443524,-0.0182468396516478,-0.0107531458443524,-0.0182468396516478,0.0074936938072954,0.0074936938072954,0.0074936938072954
Mistral-7B-Instruct-v0.3,EBM-NLP,9481998,P3,P4,P3->P4,-0.0182468396516478,-0.0835653932198234,-0.6198486271111862,-0.1443427892972012,0.1260959496455534,0.5362832338913628,0.3311895917684581
Mistral-7B-Instruct-v0.3,EBM-NLP,9481998,P4,P5,P4->P5,-0.0835653932198234,-0.0875002778179588,-0.2110029457225686,-0.2017613027406775,0.1181959095208541,0.12350266790460981,0.12084928871273196
Mistral-7B-Instruct-v0.3,EBM-NLP,9481998,P5,P6,P5->P6,-0.0875002778179588,-0.0792682942222146,-0.0527766438091502,-0.0981560876770388,0.010655809859080004,0.026491650413064394,0.0185737301360722
Mistral-7B-Instruct-v0.3,EBM-NLP,16055807,P1,P2,P1->P2,-0.0119800578227372,-0.0399018825611281,-0.0339884247503225,-0.0219830920601763,0.0100030342374391,0.0059134578108056,0.00795824602412235
Mistral-7B-Instruct-v0.3,EBM-NLP,16055807,P2,P3,P2->P3,-0.0399018825611281,-0.0403746877509261,-0.0253512608716313,-0.0773433634542669,0.0374414808931388,0.0150234268792948,0.026232453886216797
Mistral-7B-Instruct-v0.3,EBM-NLP,16055807,P3,P4,P3->P4,-0.0403746877509261,-0.0440155514704718,-0.8708376626710634,-0.1507165116789453,0.1103418239280192,0.8268221112005917,0.4685819675643054
Mistral-7B-Instruct-v0.3,EBM-NLP,16055807,P4,P5,P4->P5,-0.0440155514704718,-0.0410090014338493,-0.0812448039650917,-0.1273940348544636,0.0833784833839918,0.040235802531242405,0.061807142957617106
Mistral-7B-Instruct-v0.3,EBM-NLP,16055807,P5,P6,P5->P6,-0.0410090014338493,-0.0527798429131507,-0.0497049912810325,-0.0367993749678134,0.004209626466035898,0.0030748516321182015,0.00364223904907705
Mistral-7B-Instruct-v0.3,EBM-NLP,6421395,P1,P2,P1->P2,-0.0072586920703687,-0.0174461512665129,-0.0235024801267857,-0.0071292328633486,0.00012945920702010002,0.006056328860272801,0.0030928940336464503
Mistral-7B-Instruct-v0.3,EBM-NLP,6421395,P2,P3,P2->P3,-0.0174461512665129,-0.0125063916227316,-0.0174461512665129,-0.0125063916227316,0.004939759643781299,0.004939759643781299,0.004939759643781299
Mistral-7B-Instruct-v0.3,EBM-NLP,6421395,P3,P4,P3->P4,-0.0125063916227316,-0.0329244540984271,-0.208068095387951,-0.0257893525814315,0.013282960958699902,0.17514364128952392,0.09421330112411191
Mistral-7B-Instruct-v0.3,EBM-NLP,6421395,P4,P5,P4->P5,-0.0329244540984271,-0.0194483507679115,-0.0607622502753453,-0.0198907246512751,0.013033729447152,0.0413138995074338,0.027173814477292897
Mistral-7B-Instruct-v0.3,EBM-NLP,6421395,P5,P6,P5->P6,-0.0194483507679115,-0.0140991939335876,-0.0194483507679115,-0.0140991939335876,0.005349156834323901,0.005349156834323901,0.005349156834323901
Mistral-7B-Instruct-v0.3,SciERC,CVPR_2016_413_abs,P1,P2,P1->P2,-0.0292029155580789,-0.0199067253459664,-0.0225734572319803,-0.0344981248146735,0.005295209256594602,0.0026667318860138997,0.003980970571304251
Mistral-7B-Instruct-v0.3,SciERC,CVPR_2016_413_abs,P2,P3,P2->P3,-0.0199067253459664,-0.0207434238929194,-0.0232045315303316,-0.0162312227327371,0.0036755026132293013,0.0024611076374122,0.0030683051253207506
Mistral-7B-Instruct-v0.3,SciERC,CVPR_2016_413_abs,P3,P4,P3->P4,-0.0207434238929194,-0.0516089349985122,-0.2788813888412161,-0.0553545797627915,0.034611155869872096,0.2272724538427039,0.13094180485628798
Mistral-7B-Instruct-v0.3,SciERC,CVPR_2016_413_abs,P4,P5,P4->P5,-0.0516089349985122,-0.0337658912977042,-0.0692022727059491,-0.0789275006535127,0.0273185656550005,0.0354363814082449,0.0313774735316227
Mistral-7B-Instruct-v0.3,SciERC,CVPR_2016_413_abs,P5,P6,P5->P6,-0.0337658912977042,-0.0476397690051246,-0.050933313059156,-0.0372497907952766,0.0034838994975723986,0.0032935440540314,0.003388721775801899
Mistral-7B-Instruct-v0.3,SciERC,P05-1046,P1,P2,P1->P2,-0.0329551826753003,-0.0289323126030248,-0.0357680804104662,-0.0344937148219648,0.0015385321466644952,0.006835767807441405,0.00418714997705295
Mistral-7B-Instruct-v0.3,SciERC,P05-1046,P2,P3,P2->P3,-0.0289323126030248,-0.024058235738611,-0.026839641338274,-0.02789302980418,0.0010392827988447984,0.0027814055996630005,0.0019103441992538994
Mistral-7B-Instruct-v0.3,SciERC,P05-1046,P3,P4,P3->P4,-0.024058235738611,-0.0651839934094414,-0.2781106058839728,-0.0735423399825137,0.04948410424390269,0.2129266124745314,0.13120535835921704
Mistral-7B-Instruct-v0.3,SciERC,P05-1046,P4,P5,P4->P5,-0.0651839934094414,-0.1261845426772957,-0.1754334348054667,-0.0761597100352741,0.010975716625832702,0.04924889212817099,0.030112304377001846
Mistral-7B-Instruct-v0.3,SciERC,P05-1046,P5,P6,P5->P6,-0.1261845426772957,-0.0388921164284067,-0.040029515248028,-0.1341723285207701,0.007987785843474399,0.0011373988196212992,0.004562592331547849
Mistral-7B-Instruct-v0.3,SciERC,CVPR_1993_10_abs,P1,P2,P1->P2,-0.0281715672463178,-0.0344236502035831,-0.0378407444804906,-0.0426292469880233,0.014457679741705497,0.0034170942769074994,0.008937387009306498
Mistral-7B-Instruct-v0.3,SciERC,CVPR_1993_10_abs,P2,P3,P2->P3,-0.0344236502035831,-0.0283821730290429,-0.0332448283960797,-0.0332527213419477,0.0011709288616354036,0.004862655367036801,0.003016792114336102
Mistral-7B-Instruct-v0.3,SciERC,CVPR_1993_10_abs,P3,P4,P3->P4,-0.0283821730290429,-0.0668163651957522,-0.2480889853373961,-0.0698551026790984,0.0414729296500555,0.18127262014164391,0.11137277489584971
Mistral-7B-Instruct-v0.3,SciERC,CVPR_1993_10_abs,P4,P5,P4->P5,-0.0668163651957522,-0.0431238601650048,-0.070531776048479,-0.0771659830150648,0.01034961781931261,0.0274079158834742,0.018878766851393405
Mistral-7B-Instruct-v0.3,SciERC,CVPR_1993_10_abs,P5,P6,P5->P6,-0.0431238601650048,-0.0464027421130638,-0.0484257355931239,-0.0435636623412775,0.00043980217627270085,0.0020229934800601035,0.0012313978281664022
Mistral-7B-Instruct-v0.3,EBM-NLP,2188766,P1,P2,P1->P2,-0.0192167621898688,-0.0218498140169965,-0.0225084860334531,-0.0383252262576552,0.0191084640677864,0.000658672016456599,0.0098835680421215
Mistral-7B-Instruct-v0.3,EBM-NLP,2188766,P2,P3,P2->P3,-0.0218498140169965,-0.0212475130172527,-0.0195723326552821,-0.0216563829841713,0.00019343103282520174,0.0016751803619705977,0.0009343056973978997
Mistral-7B-Instruct-v0.3,EBM-NLP,2188766,P3,P4,P3->P4,-0.0212475130172527,-0.1096822842955589,-0.7433053851127625,-0.0827638307343358,0.0615163177170831,0.6336231008172035,0.3475697092671433
Mistral-7B-Instruct-v0.3,EBM-NLP,2188766,P4,P5,P4->P5,-0.1096822842955589,-0.0614449483043742,-0.142066460735393,-0.3004932999610901,0.1908110156655312,0.08062151243101881,0.135716264048275
Mistral-7B-Instruct-v0.3,EBM-NLP,2188766,P5,P6,P5->P6,-0.0614449483043742,-0.0602631707185211,-0.0612688297192559,-0.0894044300295272,0.027959481725152995,0.0010056590007348001,0.014482570362943897
Mistral-7B-Instruct-v0.3,SciERC,INTERSPEECH_2008_20_abs,P1,P2,P1->P2,-0.0437058817502178,-0.043788245023921,-0.049850048339984,-0.0586726992280387,0.014966817477820901,0.006061803316063,0.01051431039694195
Mistral-7B-Instruct-v0.3,SciERC,INTERSPEECH_2008_20_abs,P2,P3,P2->P3,-0.043788245023921,-0.039411550911609,-0.0425871683013004,-0.0446705264255039,0.0008822814015828975,0.0031756173896914028,0.00202894939563715
Mistral-7B-Instruct-v0.3,SciERC,INTERSPEECH_2008_20_abs,P3,P4,P3->P4,-0.039411550911609,-0.0975886689506561,-0.3793371717939492,-0.1080432658006126,0.0686317148890036,0.2817485028432931,0.17519010886614836
Mistral-7B-Instruct-v0.3,SciERC,INTERSPEECH_2008_20_abs,P4,P5,P4->P5,-0.0975886689506561,-0.0691877042222037,-0.1295377841594824,-0.0982948174843421,0.0007061485336860018,0.060350079937278686,0.030528114235482344
Mistral-7B-Instruct-v0.3,SciERC,INTERSPEECH_2008_20_abs,P5,P6,P5->P6,-0.0691877042222037,-0.0711072094232478,-0.0824120596674499,-0.0787598594995636,0.009572155277359898,0.011304850244202094,0.010438502760780996
Mistral-7B-Instruct-v0.3,SciERC,NIPS_2016_560_abs,P1,P2,P1->P2,-0.0409714176009098,-0.0554749660659581,-0.057008801260963,-0.0375412142990777,0.0034302033018320938,0.0015338351950048984,0.002482019248418496
Mistral-7B-Instruct-v0.3,SciERC,NIPS_2016_560_abs,P2,P3,P2->P3,-0.0554749660659581,-0.0468313686126447,-0.0507853124856633,-0.0565191200003027,0.0010441539343446007,0.003953943873018603,0.002499048903681602
Mistral-7B-Instruct-v0.3,SciERC,NIPS_2016_560_abs,P3,P4,P3->P4,-0.0468313686126447,-0.0714797884337464,-0.3351294503229834,-0.1180996168872324,0.0712682482745877,0.263649661889237,0.16745895508191236
Mistral-7B-Instruct-v0.3,SciERC,NIPS_2016_560_abs,P4,P5,P4->P5,-0.0714797884337464,-0.0820214162489305,-0.1101613492097799,-0.0684208807427338,0.003058907691012608,0.028139932960849393,0.015599420325931
Mistral-7B-Instruct-v0.3,SciERC,NIPS_2016_560_abs,P5,P6,P5->P6,-0.0820214162489305,-0.0561239577600084,-0.0677632151196181,-0.0866992506729085,0.004677834423977997,0.011639257359609696,0.008158545891793847
Mistral-7B-Instruct-v0.3,EBM-NLP,23357440,P1,P2,P1->P2,-0.0266280650050977,-0.0050828121028364,-0.0207026068980352,-0.0637633877633148,0.037135322758217106,0.0156197947951988,0.026377558776707954
Mistral-7B-Instruct-v0.3,EBM-NLP,23357440,P2,P3,P2->P3,-0.0050828121028364,-0.0501061928272247,-0.0462054097652435,-0.0070944102909379,0.0020115981881015004,0.003900783061981196,0.002956190625041348
Mistral-7B-Instruct-v0.3,EBM-NLP,23357440,P3,P4,P3->P4,-0.0501061928272247,-0.0274630403146147,-0.533262561747272,-0.1155727322896321,0.0654665394624074,0.5057995214326574,0.2856330304475324
Mistral-7B-Instruct-v0.3,EBM-NLP,23357440,P4,P5,P4->P5,-0.0274630403146147,-0.0260348979632059,-0.0866213920712471,-0.0525347093652401,0.0250716690506254,0.0605864941080412,0.0428290815793333
Mistral-7B-Instruct-v0.3,EBM-NLP,23357440,P5,P6,P5->P6,-0.0260348979632059,-0.0275240337103605,-0.0260348979632059,-0.0275240337103605,0.0014891357471546011,0.0014891357471546011,0.0014891357471546011
Mistral-7B-Instruct-v0.3,EBM-NLP,3919804,P1,P2,P1->P2,-0.0161734885105522,-0.0191486538623489,-0.0126687982160886,-0.0355923442590621,0.019418855748509902,0.006479855646260298,0.0129493556973851
Mistral-7B-Instruct-v0.3,EBM-NLP,3919804,P2,P3,P2->P3,-0.0191486538623489,-0.006855634205794,-0.0052454258248757,-0.0245920415169591,0.0054433876546102,0.0016102083809183005,0.0035267980177642504
Mistral-7B-Instruct-v0.3,EBM-NLP,3919804,P3,P4,P3->P4,-0.006855634205794,-0.0379226030974552,-0.3386171776672889,-0.1129405388587328,0.1060849046529388,0.3006945745698337,0.20338973961138623
Mistral-7B-Instruct-v0.3,EBM-NLP,3919804,P4,P5,P4->P5,-0.0379226030974552,-0.0523032442383144,-0.2067058984784112,-0.0580486684009946,0.0201260653035394,0.1544026542400968,0.0872643597718181
Mistral-7B-Instruct-v0.3,EBM-NLP,3919804,P5,P6,P5->P6,-0.0523032442383144,-0.0404098296449298,-0.0851228833198547,-0.0995851288671079,0.04728188462879349,0.044713053674924896,0.04599746915185919
Mistral-7B-Instruct-v0.3,EBM-NLP,2066441,P1,P2,P1->P2,-0.0056733355301642,-0.0119955772628085,-0.0238768083077889,-0.0179523021818929,0.012278966651728701,0.011881231044980402,0.01208009884835455
Mistral-7B-Instruct-v0.3,EBM-NLP,2066441,P2,P3,P2->P3,-0.0119955772628085,-0.0107987911788502,-0.0119955772628085,-0.0107987911788502,0.0011967860839582987,0.0011967860839582987,0.0011967860839582987
Mistral-7B-Instruct-v0.3,EBM-NLP,2066441,P3,P4,P3->P4,-0.0107987911788502,-0.0519362731217259,-0.2934505339391631,-0.0391995747282047,0.0284007835493545,0.2415142608174372,0.13495752218339585
Mistral-7B-Instruct-v0.3,EBM-NLP,2066441,P4,P5,P4->P5,-0.0519362731217259,-0.0435886590852649,-0.1245321691583056,-0.0553313585428091,0.003395085421083202,0.08094351007304071,0.042169297747061955
Mistral-7B-Instruct-v0.3,EBM-NLP,2066441,P5,P6,P5->P6,-0.0435886590852649,-0.0777321430268111,-0.0819475540408381,-0.0457085178942855,0.002119858809020596,0.004215411014027004,0.0031676349115238
Mistral-7B-Instruct-v0.3,EBM-NLP,23417625,P1,P2,P1->P2,-0.0347923546530252,-0.0089140565612831,-0.0163761237048888,-0.0545543960393451,0.0197620413863199,0.0074620671436056996,0.0136120542649628
Mistral-7B-Instruct-v0.3,EBM-NLP,23417625,P2,P3,P2->P3,-0.0089140565612831,-0.010798874964901,-0.0157370775938034,-0.0147873385398237,0.0058732819785406,0.0049382026289024016,0.005405742303721501
Mistral-7B-Instruct-v0.3,EBM-NLP,23417625,P3,P4,P3->P4,-0.010798874964901,-0.0609046841455885,-0.3139645600121868,-0.0361514907257229,0.0253526157608219,0.2530598758665983,0.1392062458137101
Mistral-7B-Instruct-v0.3,EBM-NLP,23417625,P4,P5,P4->P5,-0.0609046841455885,-0.0753361898310044,-0.1672183926365956,-0.0656559230867496,0.004751238941161098,0.0918822028055912,0.04831672087337615
Mistral-7B-Instruct-v0.3,EBM-NLP,23417625,P5,P6,P5->P6,-0.0753361898310044,-0.048143574889277,-0.0698666018499455,-0.0657083166747534,0.009627873156251007,0.021723026960668503,0.015675450058459755
Mistral-7B-Instruct-v0.3,EBM-NLP,11642083,P1,P2,P1->P2,-0.0198810103200596,-0.0084642438298982,-0.0192595804515092,-0.0416888011512906,0.021807790831231,0.010795336621611,0.016301563726421
Mistral-7B-Instruct-v0.3,EBM-NLP,11642083,P2,P3,P2->P3,-0.0084642438298982,-0.0105980464216807,-0.0084642438298982,-0.0105980464216807,0.0021338025917825004,0.0021338025917825004,0.0021338025917825004
Mistral-7B-Instruct-v0.3,EBM-NLP,11642083,P3,P4,P3->P4,-0.0105980464216807,-0.0258310407888693,-0.7744827270507812,-0.0599917677919501,0.0493937213702694,0.7486516862619119,0.3990227038160907
Mistral-7B-Instruct-v0.3,EBM-NLP,11642083,P4,P5,P4->P5,-0.0258310407888693,-0.0268034823794863,-0.1304306808247495,-0.082197220599065,0.05636617981019569,0.10362719844526322,0.07999668912772945
Mistral-7B-Instruct-v0.3,EBM-NLP,11642083,P5,P6,P5->P6,-0.0268034823794863,-0.0385687155801741,-0.082197220599065,-0.0300567193554519,0.0032532369759655996,0.043628505018890894,0.023440870997428247
Mistral-7B-Instruct-v0.3,EBM-NLP,18503531,P1,P2,P1->P2,-0.0105280934787187,-0.0089006538422691,-0.0067498199148288,-0.0236238941794536,0.0130958007007349,0.0021508339274402995,0.0076233173140876
Mistral-7B-Instruct-v0.3,EBM-NLP,18503531,P2,P3,P2->P3,-0.0089006538422691,-0.0095562502632246,-0.0077979906516916,-0.010011019049496,0.0011103652072269009,0.0017582596115330003,0.0014343124093799506
Mistral-7B-Instruct-v0.3,EBM-NLP,18503531,P3,P4,P3->P4,-0.0095562502632246,-0.0359257346107846,-0.7112878163655599,-0.0520534634809283,0.042497213217703694,0.6753620817547753,0.3589296474862395
Mistral-7B-Instruct-v0.3,EBM-NLP,18503531,P4,P5,P4->P5,-0.0359257346107846,-0.0250254948933919,-0.2702142715454101,-0.2321647462390718,0.1962390116282872,0.24518877665201821,0.2207138941401527
Mistral-7B-Instruct-v0.3,EBM-NLP,18503531,P5,P6,P5->P6,-0.0250254948933919,-0.0193790217240651,-0.0250254948933919,-0.0193790217240651,0.005646473169326802,0.005646473169326802,0.005646473169326802
Mistral-7B-Instruct-v0.3,SciERC,ICML_2006_119_abs,P1,P2,P1->P2,-0.0303701773130645,-0.0329415727852998,-0.0350765403127297,-0.0320232142015205,0.0016530368884560033,0.0021349675274299,0.0018940022079429516
Mistral-7B-Instruct-v0.3,SciERC,ICML_2006_119_abs,P2,P3,P2->P3,-0.0329415727852998,-0.0353742515047391,-0.0388728370890021,-0.0332739346777088,0.00033236189240899716,0.0034985855842629976,0.0019154737383359974
Mistral-7B-Instruct-v0.3,SciERC,ICML_2006_119_abs,P3,P4,P3->P4,-0.0353742515047391,-0.0546818605211914,-0.3479695173560596,-0.0758298194656769,0.040455567960937806,0.2932876568348682,0.166871612397903
Mistral-7B-Instruct-v0.3,SciERC,ICML_2006_119_abs,P4,P5,P4->P5,-0.0546818605211914,-0.056577043365775,-0.0943093533815639,-0.0806223124754233,0.025940451954231898,0.0377323100157889,0.031836380985010404
Mistral-7B-Instruct-v0.3,SciERC,ICML_2006_119_abs,P5,P6,P5->P6,-0.056577043365775,-0.0538719117374163,-0.0611102452727176,-0.0525090980372737,0.004067945328501299,0.007238333535301296,0.0056531394319012974
Mistral-7B-Instruct-v0.3,EBM-NLP,25068497,P1,P2,P1->P2,-0.013447117472354,-0.0084875669115437,-0.013447117472354,-0.0084875669115437,0.004959550560810299,0.004959550560810299,0.004959550560810299
Mistral-7B-Instruct-v0.3,EBM-NLP,25068497,P2,P3,P2->P3,-0.0084875669115437,-0.0077411208230142,-0.0084875669115437,-0.0077411208230142,0.0007464460885295001,0.0007464460885295001,0.0007464460885295001
Mistral-7B-Instruct-v0.3,EBM-NLP,25068497,P3,P4,P3->P4,-0.0077411208230142,-0.0263817787070785,-0.5269168523357411,-0.0896393675357103,0.08189824671269609,0.5005350736286627,0.2912166601706794
Mistral-7B-Instruct-v0.3,EBM-NLP,25068497,P4,P5,P4->P5,-0.0263817787070785,-0.1100946352988383,-0.3436563858509964,-0.3073717814103405,0.280990002703262,0.2335617505521581,0.25727587662771007
Mistral-7B-Instruct-v0.3,EBM-NLP,25068497,P5,P6,P5->P6,-0.1100946352988383,-0.1554643300835988,-0.1100946352988383,-0.1554643300835988,0.04536969478476051,0.04536969478476051,0.04536969478476051
Mistral-7B-Instruct-v0.3,EBM-NLP,361799,P1,P2,P1->P2,-0.0101049240583028,-0.0428299628943204,-0.1191716846823692,-0.0193424626584454,0.0092375386001426,0.0763417217880488,0.0427896301940957
Mistral-7B-Instruct-v0.3,EBM-NLP,361799,P2,P3,P2->P3,-0.0428299628943204,-0.0236323255490749,-0.0359734207233215,-0.0849716301262378,0.0421416672319174,0.0123410951742466,0.027241381203082
Mistral-7B-Instruct-v0.3,EBM-NLP,361799,P3,P4,P3->P4,-0.0236323255490749,-0.0873545540703667,-0.5348582444367586,-0.1273433807048391,0.1037110551557642,0.44750369036639187,0.27560737276107805
Mistral-7B-Instruct-v0.3,EBM-NLP,361799,P4,P5,P4->P5,-0.0873545540703667,-0.0830868122189543,-0.100241927213447,-0.1529612364592375,0.06560668238887081,0.01715511499449271,0.04138089869168176
Mistral-7B-Instruct-v0.3,EBM-NLP,361799,P5,P6,P5->P6,-0.0830868122189543,-0.0507441010586051,-0.0534979576288267,-0.1163467695546704,0.0332599573357161,0.002753856570221598,0.01800690695296885
Mistral-7B-Instruct-v0.3,SciERC,NIPS_2015_18_abs,P1,P2,P1->P2,-0.0301640252886685,-0.028939315841583,-0.0293520618129322,-0.0386022673220697,0.0084382420334012,0.0004127459713491981,0.004425494002375199
Mistral-7B-Instruct-v0.3,SciERC,NIPS_2015_18_abs,P2,P3,P2->P3,-0.028939315841583,-0.0330509884127726,-0.030857400308984,-0.0332129982754228,0.004273682433839802,0.0021935881037885956,0.0032336352688141987
Mistral-7B-Instruct-v0.3,SciERC,NIPS_2015_18_abs,P3,P4,P3->P4,-0.0330509884127726,-0.1229747002573797,-0.2851393469448747,-0.0713643650912369,0.03831337667846431,0.162164646687495,0.10023901168297966
Mistral-7B-Instruct-v0.3,SciERC,NIPS_2015_18_abs,P4,P5,P4->P5,-0.1229747002573797,-0.0793740383527252,-0.120210781894373,-0.1323090461268032,0.0093343458694235,0.04083674354164779,0.025085544705535645
Mistral-7B-Instruct-v0.3,SciERC,NIPS_2015_18_abs,P5,P6,P5->P6,-0.0793740383527252,-0.0891358536970339,-0.0843710961276727,-0.0889517805298392,0.00957774217711399,0.004764757569361205,0.007171249873237598
Mistral-7B-Instruct-v0.3,SciERC,CVPR_2010_30_abs,P1,P2,P1->P2,-0.023602574026409,-0.041712388152315,-0.048933240149226,-0.024970594539221,0.0013680205128119988,0.0072208519969110055,0.004294436254861502
Mistral-7B-Instruct-v0.3,SciERC,CVPR_2010_30_abs,P2,P3,P2->P3,-0.041712388152315,-0.0216036444776747,-0.0216124965304351,-0.0529310482911165,0.011218660138801503,8.85205276040038e-06,0.005613756095780952
Mistral-7B-Instruct-v0.3,SciERC,CVPR_2010_30_abs,P3,P4,P3->P4,-0.0216036444776747,-0.0537889551788509,-0.2364264087264805,-0.0810451062104429,0.05944146173276821,0.18263745354762959,0.1210394576401989
Mistral-7B-Instruct-v0.3,SciERC,CVPR_2010_30_abs,P4,P5,P4->P5,-0.0537889551788509,-0.0455145331016227,-0.0935077889641719,-0.0803888621639409,0.026599906985089995,0.047993255862549204,0.0372965814238196
Mistral-7B-Instruct-v0.3,SciERC,CVPR_2010_30_abs,P5,P6,P5->P6,-0.0455145331016227,-0.0344989791041163,-0.0390162481008654,-0.0453071951198933,0.00020733798172940104,0.004517268996749105,0.002362303489239253
Mistral-7B-Instruct-v0.3,SciERC,E91-1012,P1,P2,P1->P2,-0.0696734039600078,-0.0427567714040873,-0.0449495144198118,-0.0882195563958241,0.018546152435816296,0.002192743015724502,0.010369447725770399
Mistral-7B-Instruct-v0.3,SciERC,E91-1012,P2,P3,P2->P3,-0.0427567714040873,-0.0361771057554406,-0.0412032081850125,-0.0452086272439403,0.0024518558398530024,0.005026102429571903,0.003738979134712453
Mistral-7B-Instruct-v0.3,SciERC,E91-1012,P3,P4,P3->P4,-0.0361771057554406,-0.0497204712582094,-0.2890900480670643,-0.0930478753808973,0.0568707696254567,0.2393695768088549,0.14812017321715581
Mistral-7B-Instruct-v0.3,SciERC,E91-1012,P4,P5,P4->P5,-0.0497204712582094,-0.0889273135194687,-0.1393120597201132,-0.0796169205000364,0.029896449241826994,0.05038474620064451,0.04014059772123575
Mistral-7B-Instruct-v0.3,SciERC,E91-1012,P5,P6,P5->P6,-0.0889273135194687,-0.0437273835259785,-0.0434634432079285,-0.0950380300069087,0.006110716487440007,0.00026394031805000023,0.0031873284027450037
Mistral-7B-Instruct-v0.3,SciERC,CVPR_2011_11_abs,P1,P2,P1->P2,-0.0409979088890039,-0.03385377721861,-0.0369535641463395,-0.054098658691096,0.013100749802092103,0.0030997869277294976,0.0081002683649108
Mistral-7B-Instruct-v0.3,SciERC,CVPR_2011_11_abs,P2,P3,P2->P3,-0.03385377721861,-0.0291906694571177,-0.032689820897455,-0.0372272741709215,0.003373496952311497,0.0034991514403373003,0.0034363241963243987
Mistral-7B-Instruct-v0.3,SciERC,CVPR_2011_11_abs,P3,P4,P3->P4,-0.0291906694571177,-0.1211611050146597,-0.3753755392851653,-0.0904593685021003,0.061268699044982604,0.2542144342705056,0.1577415666577441
Mistral-7B-Instruct-v0.3,SciERC,CVPR_2011_11_abs,P4,P5,P4->P5,-0.1211611050146597,-0.0365141043051456,-0.0651909075289343,-0.1691045349026903,0.04794342988803062,0.028676803223788704,0.03831011655590966
Mistral-7B-Instruct-v0.3,SciERC,CVPR_2011_11_abs,P5,P6,P5->P6,-0.0365141043051456,-0.0429834376615255,-0.0402013382300194,-0.0416518727627893,0.005137768457643702,0.002782099431506098,0.0039599339445749
Mistral-7B-Instruct-v0.3,SciERC,J86-4002,P1,P2,P1->P2,-0.028372215479126,-0.0362815082741682,-0.0372832493621717,-0.0297424024616565,0.0013701869825305003,0.0010017410880035008,0.0011859640352670005
Mistral-7B-Instruct-v0.3,SciERC,J86-4002,P2,P3,P2->P3,-0.0362815082741682,-0.0379792408024433,-0.0455147271861736,-0.0412079282084954,0.0049264199343272,0.0075354863837303054,0.006230953159028753
Mistral-7B-Instruct-v0.3,SciERC,J86-4002,P3,P4,P3->P4,-0.0379792408024433,-0.0514465740448992,-0.2008665126394218,-0.0680861536691492,0.030106912866705908,0.1494199385945226,0.08976342573061426
Mistral-7B-Instruct-v0.3,SciERC,J86-4002,P4,P5,P4->P5,-0.0514465740448992,-0.0414731463900318,-0.0445931337497852,-0.0717141905301053,0.020267616485206107,0.0031199873597533984,0.011693801922479753
Mistral-7B-Instruct-v0.3,SciERC,J86-4002,P5,P6,P5->P6,-0.0414731463900318,-0.0478220730742484,-0.0414424015268045,-0.0483339697122573,0.006860823322225498,0.006379671547443899,0.006620247434834699
Mistral-7B-Instruct-v0.3,EBM-NLP,2088233,P1,P2,P1->P2,-0.0174354233464105,-0.0178036040836764,-0.0180393406941044,-0.0284784280469449,0.0110430047005344,0.0002357366104280001,0.0056393706554812
Mistral-7B-Instruct-v0.3,EBM-NLP,2088233,P2,P3,P2->P3,-0.0178036040836764,-0.0092164069887191,-0.0060608003820691,-0.0271654768336203,0.009361872749943899,0.0031556066066499994,0.006258739678296949
Mistral-7B-Instruct-v0.3,EBM-NLP,2088233,P3,P4,P3->P4,-0.0092164069887191,-0.1185745894908905,-0.7475054264068604,-0.1562766347612653,0.1470602277725462,0.6289308369159698,0.38799553234425804
Mistral-7B-Instruct-v0.3,EBM-NLP,2088233,P4,P5,P4->P5,-0.1185745894908905,-0.0601694524369162,-0.2171597833461735,-0.1490215063095092,0.03044691681861869,0.1569903309092573,0.09371862386393799
Mistral-7B-Instruct-v0.3,EBM-NLP,2088233,P5,P6,P5->P6,-0.0601694524369162,-0.0963324704378679,-0.0878411230925634,-0.109193039815063,0.04902358737814679,0.008491347345304504,0.028757467361725648
Mistral-7B-Instruct-v0.3,SciERC,ICML_2016_18_abs,P1,P2,P1->P2,-0.0259040184513044,-0.0203739402538491,-0.0202353914358285,-0.0266433988775437,0.0007393804262392986,0.0001385488180206014,0.00043896462212995
Mistral-7B-Instruct-v0.3,SciERC,ICML_2016_18_abs,P2,P3,P2->P3,-0.0203739402538491,-0.0220858039725401,-0.0240938644443372,-0.024494156435949,0.004120216182099897,0.002008060471797097,0.003064138326948497
Mistral-7B-Instruct-v0.3,SciERC,ICML_2016_18_abs,P3,P4,P3->P4,-0.0220858039725401,-0.0585706082133739,-0.1941495017633692,-0.0656556274542752,0.04356982348173509,0.1355788935499953,0.0895743585158652
Mistral-7B-Instruct-v0.3,SciERC,ICML_2016_18_abs,P4,P5,P4->P5,-0.0585706082133739,-0.0489781329661239,-0.0707190835707191,-0.0959985757055391,0.037427967492165204,0.021740950604595202,0.029584459048380203
Mistral-7B-Instruct-v0.3,SciERC,ICML_2016_18_abs,P5,P6,P5->P6,-0.0489781329661239,-0.0386500996512335,-0.0360717699334428,-0.0499491149155551,0.000970981949431203,0.002578329717790699,0.001774655833610951
Mistral-7B-Instruct-v0.3,SciERC,P05-1056,P1,P2,P1->P2,-0.0308913427133262,-0.0383637023322644,-0.0341259584060683,-0.0354274180047935,0.004536075291467302,0.004237743926196101,0.004386909608831702
Mistral-7B-Instruct-v0.3,SciERC,P05-1056,P2,P3,P2->P3,-0.0383637023322644,-0.0397066181310667,-0.0446905014092998,-0.0423643431734892,0.004000640841224798,0.004983883278233105,0.004492262059728951
Mistral-7B-Instruct-v0.3,SciERC,P05-1056,P3,P4,P3->P4,-0.0397066181310667,-0.0552386470161811,-0.2930727723177055,-0.0966907635821707,0.056984145451104,0.23783412530152442,0.14740913537631423
Mistral-7B-Instruct-v0.3,SciERC,P05-1056,P4,P5,P4->P5,-0.0552386470161811,-0.0774846185198319,-0.0974730013674291,-0.0880982410105725,0.032859593994391395,0.0199883828475972,0.026423988420994297
Mistral-7B-Instruct-v0.3,SciERC,P05-1056,P5,P6,P5->P6,-0.0774846185198319,-0.0328079536779602,-0.0378912349245441,-0.0881950972610086,0.010710478741176699,0.005083281246583894,0.007896879993880297
Mistral-7B-Instruct-v0.3,EBM-NLP,20804366,P1,P2,P1->P2,-0.0102165898142923,-0.0060505482664333,-0.0038721866779025,-0.0169081213977402,0.0066915315834479,0.0021783615885308002,0.00443494658598935
Mistral-7B-Instruct-v0.3,EBM-NLP,20804366,P2,P3,P2->P3,-0.0060505482664333,-0.013603883056805,-0.025672984945363,-0.0133081459939326,0.0072575977274993,0.012069101888557998,0.009663349808028649
Mistral-7B-Instruct-v0.3,EBM-NLP,20804366,P3,P4,P3->P4,-0.013603883056805,-0.0340713914835228,-0.6765387912966171,-0.0955901367910977,0.08198625373429269,0.6424673998130943,0.3622268267736935
Mistral-7B-Instruct-v0.3,EBM-NLP,20804366,P4,P5,P4->P5,-0.0340713914835228,-0.0219203862590623,-0.0278710801398656,-0.0691412484870766,0.035069857003553806,0.005950693880803302,0.020510275442178552
Mistral-7B-Instruct-v0.3,EBM-NLP,20804366,P5,P6,P5->P6,-0.0219203862590623,-0.0167214488954145,-0.0219203862590623,-0.0167214488954145,0.0051989373636478,0.0051989373636478,0.0051989373636478
Mistral-7B-Instruct-v0.3,EBM-NLP,25369243,P1,P2,P1->P2,-0.0342391834956218,-0.0245752636387562,-0.029300303619264,-0.035362305672537,0.001123122176915202,0.0047250399805078,0.002924081078711501
Mistral-7B-Instruct-v0.3,EBM-NLP,25369243,P2,P3,P2->P3,-0.0245752636387562,-0.0381807380169959,-0.0243732699449338,-0.041557143938653,0.0169818802998968,0.013807468072062096,0.015394674185979448
Mistral-7B-Instruct-v0.3,EBM-NLP,25369243,P3,P4,P3->P4,-0.0381807380169959,-0.0463193612663369,-0.4726961888765034,-0.0662321225170691,0.028051384500073204,0.4263768276101665,0.22721410605511985
Mistral-7B-Instruct-v0.3,EBM-NLP,25369243,P4,P5,P4->P5,-0.0463193612663369,-0.0525871475974282,-0.0327064067452818,-0.1000673107410732,0.053747949474736295,0.019880740852146396,0.03681434516344134
Mistral-7B-Instruct-v0.3,EBM-NLP,25369243,P5,P6,P5->P6,-0.0525871475974282,-0.0326100787516314,-0.0525871475974282,-0.0326100787516314,0.0199770688457968,0.0199770688457968,0.0199770688457968
Mistral-7B-Instruct-v0.3,EBM-NLP,18958161,P1,P2,P1->P2,-0.0288631278429931,-0.0256586856798294,-0.0549837066492903,-0.0473521866000261,0.018489058757033,0.0293250209694609,0.02390703986324695
Mistral-7B-Instruct-v0.3,EBM-NLP,18958161,P2,P3,P2->P3,-0.0256586856798294,-0.0120707401353069,-0.0096001064675486,-0.0696479574255987,0.043989271745769304,0.0024706336677583,0.023229952706763802
Mistral-7B-Instruct-v0.3,EBM-NLP,18958161,P3,P4,P3->P4,-0.0120707401353069,-0.0887481110994933,-0.9209315815909964,-0.1002094827146611,0.0881387425793542,0.8321834704915031,0.46016110653542863
Mistral-7B-Instruct-v0.3,EBM-NLP,18958161,P4,P5,P4->P5,-0.0887481110994933,-0.0797490448248191,-0.0887481110994933,-0.0797490448248191,0.0089990662746742,0.0089990662746742,0.0089990662746742
Mistral-7B-Instruct-v0.3,EBM-NLP,18958161,P5,P6,P5->P6,-0.0797490448248191,-0.0549700171859176,-0.0784503883785671,-0.0865210783286172,0.006772033503798111,0.023480371192649507,0.01512620234822381
Mistral-7B-Instruct-v0.3,EBM-NLP,7853069,P1,P2,P1->P2,-0.0381015119893159,-0.0326729871150923,-0.0797599108844268,-0.0520888862749542,0.013987374285638302,0.0470869237693345,0.0305371490274864
Mistral-7B-Instruct-v0.3,EBM-NLP,7853069,P2,P3,P2->P3,-0.0326729871150923,-0.0442271548800352,-0.0326729871150923,-0.0442271548800352,0.011554167764942905,0.011554167764942905,0.011554167764942905
Mistral-7B-Instruct-v0.3,EBM-NLP,7853069,P3,P4,P3->P4,-0.0442271548800352,-0.0457047856884238,-0.4819967246349947,-0.1192716538179211,0.0750444989378859,0.4362919389465709,0.2556682189422284
Mistral-7B-Instruct-v0.3,EBM-NLP,7853069,P4,P5,P4->P5,-0.0457047856884238,-0.0535363592543043,-0.0398734947582622,-0.1014090379079182,0.055704252219494405,0.0136628644960421,0.03468355835776825
Mistral-7B-Instruct-v0.3,EBM-NLP,7853069,P5,P6,P5->P6,-0.0535363592543043,-0.0384488914694104,-0.0662581324577331,-0.0493908776893272,0.004145481564977099,0.0278092409883227,0.0159773612766499
Mistral-7B-Instruct-v0.3,EBM-NLP,7831628,P1,P2,P1->P2,-0.0156821927179967,-0.0159323490181978,-0.0207880273402563,-0.0277627537433055,0.0120805610253088,0.0048556783220585,0.00846811967368365
Mistral-7B-Instruct-v0.3,EBM-NLP,7831628,P2,P3,P2->P3,-0.0159323490181978,-0.0153722023042064,-0.0157041221018516,-0.0314097705042656,0.015477421486067799,0.0003319197976452016,0.007904670641856501
Mistral-7B-Instruct-v0.3,EBM-NLP,7831628,P3,P4,P3->P4,-0.0153722023042064,-0.0755485062287232,-0.6590943024537274,-0.1502801240276312,0.13490792172342478,0.5835457962250041,0.35922685897421447
Mistral-7B-Instruct-v0.3,EBM-NLP,7831628,P4,P5,P4->P5,-0.0755485062287232,-0.0932617441262349,-0.1784109113240005,-0.1636130408705952,0.088064534641872,0.0851491671977656,0.08660685091981879
Mistral-7B-Instruct-v0.3,EBM-NLP,7831628,P5,P6,P5->P6,-0.0932617441262349,-0.041862051486969,-0.0507556184132893,-0.1246735666057851,0.0314118224795502,0.008893566926320304,0.02015269470293525
Mistral-7B-Instruct-v0.3,EBM-NLP,24075141,P1,P2,P1->P2,-0.0215254837837744,-0.023889523158048,-0.0249788689169477,-0.0449142228870645,0.0233887391032901,0.0010893457588996985,0.0122390424310949
Mistral-7B-Instruct-v0.3,EBM-NLP,24075141,P2,P3,P2->P3,-0.023889523158048,-0.0216918684886533,-0.021971417371841,-0.031235186803214,0.007345663645165999,0.0002795488831876976,0.0038126062641768484
Mistral-7B-Instruct-v0.3,EBM-NLP,24075141,P3,P4,P3->P4,-0.0216918684886533,-0.1050492890990606,-0.4406144831440236,-0.0689339547598061,0.0472420862711528,0.33556519404496304,0.1914036401580579
Mistral-7B-Instruct-v0.3,EBM-NLP,24075141,P4,P5,P4->P5,-0.1050492890990606,-0.0623316608013256,-0.0858301778464331,-0.187398891637821,0.0823496025387604,0.023498517045107498,0.05292405979193395
Mistral-7B-Instruct-v0.3,EBM-NLP,24075141,P5,P6,P5->P6,-0.0623316608013256,-0.0608767036880765,-0.0639582875938642,-0.0744436991192153,0.012112038317889706,0.0030815839057876937,0.0075968111118387
Mistral-7B-Instruct-v0.3,SciERC,C94-1091,P1,P2,P1->P2,-0.0227520675152661,-0.0348577142382661,-0.0338473100758468,-0.0258940872062043,0.0031420196909381984,0.0010104041624192997,0.002076211926678749
Mistral-7B-Instruct-v0.3,SciERC,C94-1091,P2,P3,P2->P3,-0.0348577142382661,-0.0261797182961722,-0.02682349460395,-0.037610003647084,0.002752289408817901,0.0006437763077778019,0.0016980328582978516
Mistral-7B-Instruct-v0.3,SciERC,C94-1091,P3,P4,P3->P4,-0.0261797182961722,-0.0504474063388636,-0.2992258410636193,-0.0470455995148552,0.020865881218683,0.24877843472475572,0.13482215797171937
Mistral-7B-Instruct-v0.3,SciERC,C94-1091,P4,P5,P4->P5,-0.0504474063388636,-0.0501901384378815,-0.1299718690329584,-0.0722343573153344,0.0217869509764708,0.0797817305950769,0.050784340785773846
Mistral-7B-Instruct-v0.3,SciERC,C94-1091,P5,P6,P5->P6,-0.0501901384378815,-0.0521952592337084,-0.0564639827479486,-0.0547944066931861,0.0046042682553046055,0.004268723514240201,0.004436495884772403
Mistral-7B-Instruct-v0.3,SciERC,E93-1066,P1,P2,P1->P2,-0.0401383601435251,-0.0452639437820228,-0.0527111933600584,-0.0518758511260178,0.011737490982492702,0.0074472495780356016,0.009592370280264152
Mistral-7B-Instruct-v0.3,SciERC,E93-1066,P2,P3,P2->P3,-0.0452639437820228,-0.027716837755482,-0.0337679534780666,-0.048544261432653,0.0032803176506302004,0.006051115722584596,0.004665716686607398
Mistral-7B-Instruct-v0.3,SciERC,E93-1066,P3,P4,P3->P4,-0.027716837755482,-0.0303682479300076,-0.2748785408740305,-0.1080777066138883,0.08036086885840629,0.24451029294402293,0.16243558090121463
Mistral-7B-Instruct-v0.3,SciERC,E93-1066,P4,P5,P4->P5,-0.0303682479300076,-0.045870732924121,-0.0672990548368477,-0.0457341184344472,0.015365870504439598,0.0214283219127267,0.01839709620858315
Mistral-7B-Instruct-v0.3,SciERC,E93-1066,P5,P6,P5->P6,-0.045870732924121,-0.0452978192847602,-0.0475107740078653,-0.0473601130946364,0.001489380170515399,0.0022129547231050997,0.0018511674468102493
Mistral-7B-Instruct-v0.3,SciERC,ICASSP_1997_706_abs,P1,P2,P1->P2,-0.0434027957636498,-0.0200215589623743,-0.0281050333384579,-0.0453121418126092,0.0019093460489594052,0.008083474376083599,0.004996410212521502
Mistral-7B-Instruct-v0.3,SciERC,ICASSP_1997_706_abs,P2,P3,P2->P3,-0.0200215589623743,-0.0168930085298294,-0.0224870776291936,-0.0224316210175553,0.0024100620551809997,0.005594069099364201,0.0040020655772726
Mistral-7B-Instruct-v0.3,SciERC,ICASSP_1997_706_abs,P3,P4,P3->P4,-0.0168930085298294,-0.0345809618773409,-0.2091932591594411,-0.1049902832601219,0.0880972747302925,0.1746122972821002,0.13135478600619635
Mistral-7B-Instruct-v0.3,SciERC,ICASSP_1997_706_abs,P4,P5,P4->P5,-0.0345809618773409,-0.0240978971123695,-0.0316000489200033,-0.0421040660545919,0.007523104177251001,0.007502151807633802,0.007512627992442402
Mistral-7B-Instruct-v0.3,SciERC,ICASSP_1997_706_abs,P5,P6,P5->P6,-0.0240978971123695,-0.0296235565534409,-0.0268703997865611,-0.0283224352431006,0.0042245381307310995,0.002753156766879799,0.003488847448805449
Mistral-7B-Instruct-v0.3,EBM-NLP,17616069,P1,P2,P1->P2,-0.0314219158142805,-0.0228014306123576,-0.0286453131308306,-0.0333154543116688,0.0018935384973883043,0.005843882518472999,0.0038687105079306516
Mistral-7B-Instruct-v0.3,EBM-NLP,17616069,P2,P3,P2->P3,-0.0228014306123576,-0.0211259689849259,-0.0228014306123576,-0.0211259689849259,0.0016754616274317,0.0016754616274317,0.0016754616274317
Mistral-7B-Instruct-v0.3,EBM-NLP,17616069,P3,P4,P3->P4,-0.0211259689849259,-0.1511436744972511,-0.7767925262451172,-0.0745444450805436,0.0534184760956177,0.6256488517478661,0.3395336639217419
Mistral-7B-Instruct-v0.3,EBM-NLP,17616069,P4,P5,P4->P5,-0.1511436744972511,-0.034083894070457,-0.1078194847293928,-0.1720178877865826,0.020874213289331506,0.07373559065893581,0.04730490197413366
Mistral-7B-Instruct-v0.3,EBM-NLP,17616069,P5,P6,P5->P6,-0.034083894070457,-0.0631553381681442,-0.0716407969594001,-0.0737036335117676,0.03961973944131061,0.008485458791255895,0.02405259911628325
Mistral-7B-Instruct-v0.3,EBM-NLP,10390665,P1,P2,P1->P2,-0.0134691861026608,-0.0204003446078156,-0.0134691861026608,-0.0204003446078156,0.006931158505154801,0.006931158505154801,0.006931158505154801
Mistral-7B-Instruct-v0.3,EBM-NLP,10390665,P2,P3,P2->P3,-0.0204003446078156,-0.0215192573099601,-0.0335350212709205,-0.0273701338752145,0.006969789267398899,0.0120157639609604,0.00949277661417965
Mistral-7B-Instruct-v0.3,EBM-NLP,10390665,P3,P4,P3->P4,-0.0215192573099601,-0.0905294233155482,-0.710897779001773,-0.0706486012877487,0.049129343977788606,0.6203683556862247,0.33474884983200665
Mistral-7B-Instruct-v0.3,EBM-NLP,10390665,P4,P5,P4->P5,-0.0905294233155482,-0.0605833355629288,-0.1910723651856628,-0.248337217904989,0.1578077945894408,0.130489029622734,0.14414841210608742
Mistral-7B-Instruct-v0.3,EBM-NLP,10390665,P5,P6,P5->P6,-0.0605833355629288,-0.0429406566055197,-0.0330957527223386,-0.0783083555740373,0.017725020011108497,0.0098449038831811,0.013784961947144798
Mistral-7B-Instruct-v0.3,EBM-NLP,11829043,P1,P2,P1->P2,-0.0166110290024595,-0.031950953895646,-0.0296883925235684,-0.0377575597684284,0.0211465307659689,0.0022625613720775976,0.011704546069023249
Mistral-7B-Instruct-v0.3,EBM-NLP,11829043,P2,P3,P2->P3,-0.031950953895646,-0.0159751571061318,-0.0253256620022288,-0.045924370731577,0.013973416835931,0.009350504896096998,0.011661960866013999
Mistral-7B-Instruct-v0.3,EBM-NLP,11829043,P3,P4,P3->P4,-0.0159751571061318,-0.0403625609655979,-0.0714191682040324,-0.0542492222367671,0.0382740651306353,0.031056607238434494,0.03466533618453489
Mistral-7B-Instruct-v0.3,EBM-NLP,11829043,P4,P5,P4->P5,-0.0403625609655979,-0.0395068394286292,-0.0474872116531644,-0.0604866168328693,0.020124055867271402,0.007980372224535202,0.014052214045903302
Mistral-7B-Instruct-v0.3,EBM-NLP,11829043,P5,P6,P5->P6,-0.0395068394286292,-0.0289062172440545,-0.0395068394286292,-0.0289062172440545,0.010600622184574696,0.010600622184574696,0.010600622184574696
Mistral-7B-Instruct-v0.3,SciERC,CVPR_2009_10_abs,P1,P2,P1->P2,-0.0236651708255521,-0.027845844840133,-0.0340147124897236,-0.0333796476091568,0.009714476783604698,0.006168867649590598,0.007941672216597648
Mistral-7B-Instruct-v0.3,SciERC,CVPR_2009_10_abs,P2,P3,P2->P3,-0.027845844840133,-0.0245309910193706,-0.0321994423866272,-0.0254708416614258,0.002375003178707199,0.007668451367256596,0.005021727272981898
Mistral-7B-Instruct-v0.3,SciERC,CVPR_2009_10_abs,P3,P4,P3->P4,-0.0245309910193706,-0.0634618252160156,-0.2883756211947711,-0.0888559414694706,0.06432495045009999,0.22491379597875552,0.14461937321442775
Mistral-7B-Instruct-v0.3,SciERC,CVPR_2009_10_abs,P4,P5,P4->P5,-0.0634618252160156,-0.0351894146735125,-0.0512545962144832,-0.1367712703695729,0.0733094451535573,0.016065181540970704,0.044687313347264
Mistral-7B-Instruct-v0.3,SciERC,CVPR_2009_10_abs,P5,P6,P5->P6,-0.0351894146735125,-0.035984672991878,-0.0342017050045894,-0.0381573584410223,0.0029679437675097994,0.0017829679872886015,0.0023754558773992004
Mistral-7B-Instruct-v0.3,EBM-NLP,21170734,P1,P2,P1->P2,-0.0062760674756848,-0.0152762110332522,-0.0220167200270764,-0.0105157060029693,0.0042396385272844995,0.006740508993824201,0.00549007376055435
Mistral-7B-Instruct-v0.3,EBM-NLP,21170734,P2,P3,P2->P3,-0.0152762110332522,-0.0113202602753861,-0.0092850182582959,-0.0202754685758716,0.004999257542619399,0.0020352420170902004,0.0035172497798547997
Mistral-7B-Instruct-v0.3,EBM-NLP,21170734,P3,P4,P3->P4,-0.0113202602753861,-0.1080681566487659,-0.766686097775219,-0.0196052294558341,0.008284969180448002,0.6586179411264531,0.33345145515345054
Mistral-7B-Instruct-v0.3,EBM-NLP,21170734,P4,P5,P4->P5,-0.1080681566487659,-0.0396626667168579,-0.0691445747292355,-0.0670023102200392,0.041065846428726696,0.029481908012377607,0.035273877220552155
Mistral-7B-Instruct-v0.3,EBM-NLP,21170734,P5,P6,P5->P6,-0.0396626667168579,-0.0482129112618868,-0.0613485828774874,-0.0451404968472687,0.005477830130410803,0.0131356716156006,0.009306750873005702
Mistral-7B-Instruct-v0.3,EBM-NLP,11495215,P1,P2,P1->P2,-0.0449446325560342,-0.0131373765103727,-0.0138314572450156,-0.0608446903348173,0.015900057778783096,0.0006940807346429,0.008297069256712999
Mistral-7B-Instruct-v0.3,EBM-NLP,11495215,P2,P3,P2->P3,-0.0131373765103727,-0.0220052574839547,-0.0131373765103727,-0.0220052574839547,0.008867880973582,0.008867880973582,0.008867880973582
Mistral-7B-Instruct-v0.3,EBM-NLP,11495215,P3,P4,P3->P4,-0.0220052574839547,-0.0481506139039993,-0.3674245843520531,-0.127516742064574,0.1055114845806193,0.31927397044805383,0.21239272751433658
Mistral-7B-Instruct-v0.3,EBM-NLP,11495215,P4,P5,P4->P5,-0.0481506139039993,-0.0460825785994529,-0.175546646118164,-0.107417127642876,0.0592665137388767,0.1294640675187111,0.0943652906287939
Mistral-7B-Instruct-v0.3,EBM-NLP,11495215,P5,P6,P5->P6,-0.0460825785994529,-0.0546279698610305,-0.0534178428351879,-0.0615385510027408,0.015455972403287895,0.0012101270258426042,0.00833304971456525
Mistral-7B-Instruct-v0.3,EBM-NLP,22646975,P1,P2,P1->P2,-0.0194578717017303,-0.0284637653070927,-0.0226077820508633,-0.0262567380483707,0.006798866346640401,0.005855983256229401,0.006327424801434901
Mistral-7B-Instruct-v0.3,EBM-NLP,22646975,P2,P3,P2->P3,-0.0284637653070927,-0.014473862323357,-0.0225521305363872,-0.0335833542892637,0.005119588982170999,0.008078268213030199,0.006598928597600599
Mistral-7B-Instruct-v0.3,EBM-NLP,22646975,P3,P4,P3->P4,-0.014473862323357,-0.0134858874289292,-0.5054857490033331,-0.1318162428587675,0.1173423805354105,0.4919998615744039,0.3046711210549072
Mistral-7B-Instruct-v0.3,EBM-NLP,22646975,P4,P5,P4->P5,-0.0134858874289292,-0.0355990666593872,-0.2456724350245797,-0.1476148165447611,0.1341289291158319,0.2100733683651925,0.1721011487405122
Mistral-7B-Instruct-v0.3,EBM-NLP,22646975,P5,P6,P5->P6,-0.0355990666593872,-0.0416944236739685,-0.0251562482628383,-0.0570966408781924,0.021497574218805195,0.0165381754111302,0.019017874814967698
Mistral-7B-Instruct-v0.3,EBM-NLP,6418441,P1,P2,P1->P2,-0.024936471576741,-0.0158071090689802,-0.0240703271729404,-0.0333071885763183,0.0083707169995773,0.0082632181039602,0.00831696755176875
Mistral-7B-Instruct-v0.3,EBM-NLP,6418441,P2,P3,P2->P3,-0.0158071090689802,-0.0257171563733507,-0.0354439708451187,-0.0213943111070137,0.005587202038033499,0.009726814471768003,0.007657008254900751
Mistral-7B-Instruct-v0.3,EBM-NLP,6418441,P3,P4,P3->P4,-0.0257171563733507,-0.0448032617538621,-0.3090802363016421,-0.077889712221759,0.0521725558484083,0.26427697454778,0.15822476519809414
Mistral-7B-Instruct-v0.3,EBM-NLP,6418441,P4,P5,P4->P5,-0.0448032617538621,-0.0270422219030009,-0.0644533530677725,-0.0656186471901845,0.020815385436322394,0.0374111311647716,0.029113258300546997
Mistral-7B-Instruct-v0.3,EBM-NLP,6418441,P5,P6,P5->P6,-0.0270422219030009,-0.0276679516638685,-0.0270422219030009,-0.0276679516638685,0.0006257297608676,0.0006257297608676,0.0006257297608676
Mistral-7B-Instruct-v0.3,EBM-NLP,16295154,P1,P2,P1->P2,-0.0225463193374731,-0.0251275487933997,-0.0300809233276932,-0.034602415989375,0.012056096651901903,0.004953374534293502,0.008504735593097702
Mistral-7B-Instruct-v0.3,EBM-NLP,16295154,P2,P3,P2->P3,-0.0251275487933997,-0.0293297132187419,-0.0418119625912772,-0.0406638003402838,0.015536251546884101,0.012482249372535302,0.014009250459709702
Mistral-7B-Instruct-v0.3,EBM-NLP,16295154,P3,P4,P3->P4,-0.0293297132187419,-0.148628296238361,-0.3413491107449673,-0.0705361994107564,0.041206486192014495,0.19272081450660633,0.11696365034931042
Mistral-7B-Instruct-v0.3,EBM-NLP,16295154,P4,P5,P4->P5,-0.148628296238361,-0.0448071722124443,-0.129577681015098,-0.1081488852453703,0.0404794109929907,0.08477050880265372,0.06262495989782221
Mistral-7B-Instruct-v0.3,EBM-NLP,16295154,P5,P6,P5->P6,-0.0448071722124443,-0.0421361431970701,-0.0713161059788295,-0.0577652910368038,0.012958118824359502,0.029179962781759397,0.02106904080305945
Mistral-7B-Instruct-v0.3,SciERC,ICML_2016_11_abs,P1,P2,P1->P2,-0.0332490456403548,-0.0454016591787808,-0.0483366950494062,-0.0365076727614409,0.0032586271210860995,0.0029350358706254007,0.00309683149585575
Mistral-7B-Instruct-v0.3,SciERC,ICML_2016_11_abs,P2,P3,P2->P3,-0.0454016591787808,-0.0452084431802476,-0.0441132533383536,-0.0509310976640712,0.005529438485290403,0.0010951898418940023,0.0033123141635922025
Mistral-7B-Instruct-v0.3,SciERC,ICML_2016_11_abs,P3,P4,P3->P4,-0.0452084431802476,-0.1346010738992926,-0.3781185925300485,-0.0960478352083192,0.05083939202807159,0.24351751863075588,0.14717845532941373
Mistral-7B-Instruct-v0.3,SciERC,ICML_2016_11_abs,P4,P5,P4->P5,-0.1346010738992926,-0.070510778035203,-0.0975119969616197,-0.1973249322087893,0.0627238583094967,0.0270012189264167,0.0448625386179567
Mistral-7B-Instruct-v0.3,SciERC,ICML_2016_11_abs,P5,P6,P5->P6,-0.070510778035203,-0.0779893675895586,-0.0844477545725156,-0.0686426613428821,0.001868116692320898,0.006458386982957004,0.004163251837638951
Mistral-7B-Instruct-v0.3,EBM-NLP,12139812,P1,P2,P1->P2,-0.0388510525817435,-0.0365763146390197,-0.0386046216052065,-0.057802377874242,0.018951325292498503,0.0020283069661868047,0.010489816129342654
Mistral-7B-Instruct-v0.3,EBM-NLP,12139812,P2,P3,P2->P3,-0.0365763146390197,-0.0376246869564056,-0.0561681397353546,-0.0467920816072853,0.0102157669682656,0.018543452778949004,0.014379609873607303
Mistral-7B-Instruct-v0.3,EBM-NLP,12139812,P3,P4,P3->P4,-0.0376246869564056,-0.0590479530271936,-0.7596638788942431,-0.2582711207715771,0.22064643381517152,0.7006159258670496,0.46063117984111057
Mistral-7B-Instruct-v0.3,EBM-NLP,12139812,P4,P5,P4->P5,-0.0590479530271936,-0.0528068715798939,-0.131650742486859,-0.2815269407678823,0.22247898774068872,0.07884387090696511,0.15066142932382692
Mistral-7B-Instruct-v0.3,EBM-NLP,12139812,P5,P6,P5->P6,-0.0528068715798939,-0.0817115161869976,-0.0861678558426934,-0.0855980635957514,0.03279119201585749,0.004456339655695807,0.01862376583577665
Mistral-7B-Instruct-v0.3,SciERC,CVPR_1994_10_abs,P1,P2,P1->P2,-0.0305856396250116,-0.028416509546029,-0.0331110321179342,-0.0284002824143196,0.002185357210692001,0.004694522571905203,0.003439939891298602
Mistral-7B-Instruct-v0.3,SciERC,CVPR_1994_10_abs,P2,P3,P2->P3,-0.028416509546029,-0.0338863697252236,-0.0325592644221615,-0.0268888710415922,0.0015276385044367992,0.0013271053030621052,0.0014273719037494522
Mistral-7B-Instruct-v0.3,SciERC,CVPR_1994_10_abs,P3,P4,P3->P4,-0.0338863697252236,-0.0764700951895497,-0.2972745421638241,-0.08957534073852,0.055688971013296396,0.2208044469742744,0.13824670899378538
Mistral-7B-Instruct-v0.3,SciERC,CVPR_1994_10_abs,P4,P5,P4->P5,-0.0764700951895497,-0.0527236103590301,-0.0901009012869305,-0.1291478113402043,0.05267771615065461,0.0373772909279004,0.04502750353927751
Mistral-7B-Instruct-v0.3,SciERC,CVPR_1994_10_abs,P5,P6,P5->P6,-0.0527236103590301,-0.0505069397906003,-0.0518402794961607,-0.0562714325665585,0.0035478222075283963,0.0013333397055603977,0.002440580956544397
Mistral-7B-Instruct-v0.3,EBM-NLP,22435114,P1,P2,P1->P2,-0.005160142020528,-0.0184176093147647,-0.0110285884490416,-0.0170680327288597,0.0119078907083317,0.007389020865723099,0.009648455787027398
Mistral-7B-Instruct-v0.3,EBM-NLP,22435114,P2,P3,P2->P3,-0.0184176093147647,-0.0546285192543101,-0.0705098437371655,-0.0228745122815692,0.004456902966804503,0.015881324482855397,0.01016911372482995
Mistral-7B-Instruct-v0.3,EBM-NLP,22435114,P3,P4,P3->P4,-0.0546285192543101,-0.0253261226941557,-0.2037596435629747,-0.1822271472382768,0.1275986279839667,0.178433520868819,0.15301607442639287
Mistral-7B-Instruct-v0.3,EBM-NLP,22435114,P4,P5,P4->P5,-0.0253261226941557,-0.0393522799015045,-0.0746194648742675,-0.0299757245708914,0.004649601876735698,0.035267184972763,0.01995839342474935
Mistral-7B-Instruct-v0.3,EBM-NLP,22435114,P5,P6,P5->P6,-0.0393522799015045,-0.0725674486160278,-0.0393522799015045,-0.0725674486160278,0.033215168714523305,0.033215168714523305,0.033215168714523305
Mistral-7B-Instruct-v0.3,EBM-NLP,22420121,P1,P2,P1->P2,-0.0284124358936592,-0.0340082987591072,-0.0284124358936592,-0.0340082987591072,0.0055958628654480015,0.0055958628654480015,0.0055958628654480015
Mistral-7B-Instruct-v0.3,EBM-NLP,22420121,P2,P3,P2->P3,-0.0340082987591072,-0.010450874765714,-0.0340082987591072,-0.010450874765714,0.023557423993393202,0.023557423993393202,0.023557423993393202
Mistral-7B-Instruct-v0.3,EBM-NLP,22420121,P3,P4,P3->P4,-0.010450874765714,-0.1002482337466741,-0.3196638398251291,-0.1221154199706183,0.11166454520490429,0.21941560607845498,0.16554007564167963
Mistral-7B-Instruct-v0.3,EBM-NLP,22420121,P4,P5,P4->P5,-0.1002482337466741,-0.0392097339295504,-0.2500683466593424,-0.1404183506965637,0.04017011694988959,0.210858612729792,0.1255143648398408
Mistral-7B-Instruct-v0.3,EBM-NLP,22420121,P5,P6,P5->P6,-0.0392097339295504,-0.058500339244974,-0.0550192841168107,-0.0592552193424157,0.0200454854128653,0.003481055128163296,0.011763270270514298
Mistral-7B-Instruct-v0.3,SciERC,ECCV_2016_204_abs,P1,P2,P1->P2,-0.0363144943257793,-0.0316303855312677,-0.0341700453621645,-0.0436363008338958,0.0073218065081165,0.0025396598308968024,0.004930733169506651
Mistral-7B-Instruct-v0.3,SciERC,ECCV_2016_204_abs,P2,P3,P2->P3,-0.0316303855312677,-0.0323524622945115,-0.0347225411678664,-0.0313114275922998,0.00031895793896789815,0.0023700788733549,0.001344518406161399
Mistral-7B-Instruct-v0.3,SciERC,ECCV_2016_204_abs,P3,P4,P3->P4,-0.0323524622945115,-0.0620569802085336,-0.2962588379280971,-0.096222485260417,0.0638700229659055,0.2342018577195635,0.1490359403427345
Mistral-7B-Instruct-v0.3,SciERC,ECCV_2016_204_abs,P4,P5,P4->P5,-0.0620569802085336,-0.0497143275282356,-0.0753407915560812,-0.0788561732020902,0.016799192993556596,0.025626464027845602,0.0212128285107011
Mistral-7B-Instruct-v0.3,SciERC,ECCV_2016_204_abs,P5,P6,P5->P6,-0.0497143275282356,-0.0620157855252424,-0.0652480223216116,-0.0514373973514256,0.001723069823190003,0.003232236796369199,0.002477653309779601
Mistral-7B-Instruct-v0.3,EBM-NLP,9695300,P1,P2,P1->P2,-0.0257733185321856,-0.0030949458340618,-0.0133750650370232,-0.0628774360968516,0.037104117564666,0.0102801192029614,0.0236921183838137
Mistral-7B-Instruct-v0.3,EBM-NLP,9695300,P2,P3,P2->P3,-0.0030949458340618,-0.004180784258887,-0.0030949458340618,-0.004180784258887,0.0010858384248252002,0.0010858384248252002,0.0010858384248252002
Mistral-7B-Instruct-v0.3,EBM-NLP,9695300,P3,P4,P3->P4,-0.004180784258887,-0.0743130892515182,-0.4502170383930206,-0.1477347400700934,0.14355395581120642,0.3759039491415024,0.2597289524763544
Mistral-7B-Instruct-v0.3,EBM-NLP,9695300,P4,P5,P4->P5,-0.0743130892515182,-0.0239707455039024,-0.0743130892515182,-0.0239707455039024,0.05034234374761579,0.05034234374761579,0.05034234374761579
Mistral-7B-Instruct-v0.3,EBM-NLP,9695300,P5,P6,P5->P6,-0.0239707455039024,-0.0276783971736828,-0.0239707455039024,-0.0276783971736828,0.0037076516697804006,0.0037076516697804006,0.0037076516697804006
Mistral-7B-Instruct-v0.3,SciERC,H01-1042,P1,P2,P1->P2,-0.03956030071519,-0.0284723423463796,-0.0356356402332461,-0.0410582741217998,0.001497973406609801,0.007163297886866499,0.00433063564673815
Mistral-7B-Instruct-v0.3,SciERC,H01-1042,P2,P3,P2->P3,-0.0284723423463796,-0.0402923816500401,-0.0566474168334484,-0.0264473232870083,0.002025019059371299,0.0163550351834083,0.0091900271213898
Mistral-7B-Instruct-v0.3,SciERC,H01-1042,P3,P4,P3->P4,-0.0402923816500401,-0.0616751622744384,-0.3439724598831373,-0.0956265181135971,0.055334136463557,0.28229729760869887,0.16881571703612794
Mistral-7B-Instruct-v0.3,SciERC,H01-1042,P4,P5,P4->P5,-0.0616751622744384,-0.0621478225165171,-0.1139898850257826,-0.1058716947940286,0.044196532519590194,0.0518420625092655,0.04801929751442785
Mistral-7B-Instruct-v0.3,SciERC,H01-1042,P5,P6,P5->P6,-0.0621478225165171,-0.0759405599752433,-0.0758584309001214,-0.0670200573580189,0.004872234841501802,8.212907512189505e-05,0.0024771819583118485
Mistral-7B-Instruct-v0.3,EBM-NLP,1286547,P1,P2,P1->P2,-0.0291672776619048,-0.0257350738457818,-0.0292247499521348,-0.0355633089497481,0.006396031287843301,0.003489676106353,0.0049428536970981506
Mistral-7B-Instruct-v0.3,EBM-NLP,1286547,P2,P3,P2->P3,-0.0257350738457818,-0.0326945813663633,-0.0324136222992743,-0.0290306898661785,0.0032956160203966994,0.0002809590670889983,0.0017882875437428489
Mistral-7B-Instruct-v0.3,EBM-NLP,1286547,P3,P4,P3->P4,-0.0326945813663633,-0.0573942348361015,-0.6048810243606567,-0.0744953227765632,0.041800741410199904,0.5474867895245552,0.2946437654673776
Mistral-7B-Instruct-v0.3,EBM-NLP,1286547,P4,P5,P4->P5,-0.0573942348361015,-0.0361998155713081,-0.2117429718375206,-0.0630487713962793,0.005654536560177802,0.1755431562662125,0.09059884641319516
Mistral-7B-Instruct-v0.3,EBM-NLP,1286547,P5,P6,P5->P6,-0.0361998155713081,-0.0293493836196427,-0.0526538337628866,-0.0512443357147276,0.015044520143419497,0.023304450143243897,0.0191744851433317
Mistral-7B-Instruct-v0.3,EBM-NLP,16167234,P1,P2,P1->P2,-0.0090132992631643,-0.0070551854281913,-0.0144936361242701,-0.0219608428579737,0.0129475435948094,0.0074384506960788,0.0101929971454441
Mistral-7B-Instruct-v0.3,EBM-NLP,16167234,P2,P3,P2->P3,-0.0070551854281913,-0.0085029704150586,-0.0141454275073131,-0.0186967681515748,0.0116415827233835,0.005642457092254499,0.008642019907819
Mistral-7B-Instruct-v0.3,EBM-NLP,16167234,P3,P4,P3->P4,-0.0085029704150586,-0.0267957297324294,-0.4633821414809831,-0.0387044534255782,0.030201483010519597,0.4365864117485537,0.23339394737953667
Mistral-7B-Instruct-v0.3,EBM-NLP,16167234,P4,P5,P4->P5,-0.0267957297324294,-0.0307951515371149,-0.0387832549485293,-0.0885296092486717,0.061733879516242304,0.007988103411414399,0.03486099146382835
Mistral-7B-Instruct-v0.3,EBM-NLP,16167234,P5,P6,P5->P6,-0.0307951515371149,-0.0202357240698554,-0.0307951515371149,-0.0202357240698554,0.010559427467259502,0.010559427467259502,0.010559427467259502
Mistral-7B-Instruct-v0.3,EBM-NLP,21393467,P1,P2,P1->P2,-0.0383764158033224,-0.0196046778559684,-0.1082758426666259,-0.0605388447790966,0.022162428975774202,0.08867116481065751,0.05541679689321585
Mistral-7B-Instruct-v0.3,EBM-NLP,21393467,P2,P3,P2->P3,-0.0196046778559684,-0.0155365268718327,-0.040134891571588,-0.0203190249204635,0.0007143470644950974,0.0245983646997553,0.012656355882125199
Mistral-7B-Instruct-v0.3,EBM-NLP,21393467,P3,P4,P3->P4,-0.0155365268718327,-0.0410668717490302,-0.6640459696451823,-0.1488333140185337,0.13329678714670098,0.622979097896152,0.3781379425214265
Mistral-7B-Instruct-v0.3,EBM-NLP,21393467,P4,P5,P4->P5,-0.0410668717490302,-0.0566504525220287,-0.3296753232699952,-0.1697726073088469,0.1287057355598167,0.2730248707479665,0.20086530315389162
Mistral-7B-Instruct-v0.3,EBM-NLP,21393467,P5,P6,P5->P6,-0.0566504525220287,-0.0782303310146457,-0.0498919989423532,-0.1087403568738539,0.0520899043518252,0.0283383320722925,0.04021411821205885
Mistral-7B-Instruct-v0.3,SciERC,ECCV_2016_99_abs,P1,P2,P1->P2,-0.0401907186023891,-0.0369307213504227,-0.0376430777516751,-0.053308994974941,0.013118276372551904,0.0007123564012524036,0.006915316386902154
Mistral-7B-Instruct-v0.3,SciERC,ECCV_2016_99_abs,P2,P3,P2->P3,-0.0369307213504227,-0.0346625025546624,-0.0420250445895362,-0.0393301761811283,0.0023994548307056038,0.007362542034873805,0.004880998432789704
Mistral-7B-Instruct-v0.3,SciERC,ECCV_2016_99_abs,P3,P4,P3->P4,-0.0346625025546624,-0.047068529350813,-0.2206933232240898,-0.0865570432506501,0.0518945406959877,0.17362479387327678,0.11275966728463224
Mistral-7B-Instruct-v0.3,SciERC,ECCV_2016_99_abs,P4,P5,P4->P5,-0.047068529350813,-0.0527592345263606,-0.080008654169334,-0.0855255903199661,0.03845706096915309,0.0272494196429734,0.03285324030606325
Mistral-7B-Instruct-v0.3,SciERC,ECCV_2016_99_abs,P5,P6,P5->P6,-0.0527592345263606,-0.0484277123697233,-0.049882665961033,-0.0577821592951929,0.0050229247688322945,0.0014549535913097045,0.0032389391800709995
Mistral-7B-Instruct-v0.3,SciERC,CVPR_2008_256_abs,P1,P2,P1->P2,-0.0358905217240727,-0.0449518384896994,-0.0536392100621014,-0.0372739253536103,0.001383403629537601,0.008687371572402,0.0050353876009698005
Mistral-7B-Instruct-v0.3,SciERC,CVPR_2008_256_abs,P2,P3,P2->P3,-0.0449518384896994,-0.0422428669407963,-0.040703847897627,-0.0532950415896872,0.008343203099987803,0.001539019043169297,0.00494111107157855
Mistral-7B-Instruct-v0.3,SciERC,CVPR_2008_256_abs,P3,P4,P3->P4,-0.0422428669407963,-0.0495578593677944,-0.2265634570458922,-0.0975918538557986,0.055348986915002306,0.17700559767809781,0.11617729229655006
Mistral-7B-Instruct-v0.3,SciERC,CVPR_2008_256_abs,P4,P5,P4->P5,-0.0495578593677944,-0.0484262931390881,-0.0832506800929558,-0.0791272022507407,0.029569342882946298,0.034824386953867706,0.032196864918407
Mistral-7B-Instruct-v0.3,SciERC,CVPR_2008_256_abs,P5,P6,P5->P6,-0.0484262931390881,-0.0565966839728873,-0.0578103061099956,-0.050954451860097,0.002528158721008901,0.0012136221371083014,0.0018708904290586012
Mistral-7B-Instruct-v0.3,SciERC,ICCV_2013_47_abs,P1,P2,P1->P2,-0.034123943788065,-0.0264868091132181,-0.0283223578978019,-0.0341577871479618,3.384335989679854e-05,0.0018355487845838,0.0009346960722402993
Mistral-7B-Instruct-v0.3,SciERC,ICCV_2013_47_abs,P2,P3,P2->P3,-0.0264868091132181,-0.0396723895488927,-0.0386898794289057,-0.0275876641098875,0.0011008549966693981,0.0009825101199869984,0.0010416825583281983
Mistral-7B-Instruct-v0.3,SciERC,ICCV_2013_47_abs,P3,P4,P3->P4,-0.0396723895488927,-0.0457917500879162,-0.2360173180838611,-0.1029378875779609,0.0632654980290682,0.1902255679959449,0.12674553301250654
Mistral-7B-Instruct-v0.3,SciERC,ICCV_2013_47_abs,P4,P5,P4->P5,-0.0457917500879162,-0.0569600475331147,-0.1105847967167695,-0.0638413970715531,0.018049646983636904,0.053624749183654806,0.035837198083645855
Mistral-7B-Instruct-v0.3,SciERC,ICCV_2013_47_abs,P5,P6,P5->P6,-0.0569600475331147,-0.0542585871492823,-0.0525305888925989,-0.0590867750967542,0.002126727563639505,0.0017279982566833982,0.0019273629101614516
Mistral-7B-Instruct-v0.3,SciERC,ICCV_2003_151_abs,P1,P2,P1->P2,-0.0217621507569371,-0.0223200406568745,-0.0152218538181235,-0.0249813520737613,0.0032192013168242,0.007098186838750999,0.005158694077787599
Mistral-7B-Instruct-v0.3,SciERC,ICCV_2003_151_abs,P2,P3,P2->P3,-0.0223200406568745,-0.0246599118205873,-0.0321507195088391,-0.0178512761291737,0.0044687645277008,0.007490807688251798,0.005979786107976299
Mistral-7B-Instruct-v0.3,SciERC,ICCV_2003_151_abs,P3,P4,P3->P4,-0.0246599118205873,-0.0588134884989509,-0.1950982992226878,-0.0744775311904959,0.0498176193699086,0.13628481072373688,0.09305121504682273
Mistral-7B-Instruct-v0.3,SciERC,ICCV_2003_151_abs,P4,P5,P4->P5,-0.0588134884989509,-0.0327671373189563,-0.0706887353064766,-0.0991211670140425,0.0403076785150916,0.037921597987520296,0.03911463825130595
Mistral-7B-Instruct-v0.3,SciERC,ICCV_2003_151_abs,P5,P6,P5->P6,-0.0327671373189563,-0.0413998330939614,-0.042455982128048,-0.0330658341394103,0.0002986968204539975,0.0010561490340866009,0.0006774229272702992
Mistral-7B-Instruct-v0.3,EBM-NLP,19727232,P1,P2,P1->P2,-0.0099872875493019,-0.0256088411086238,-0.0099872875493019,-0.0256088411086238,0.015621553559321901,0.015621553559321901,0.015621553559321901
Mistral-7B-Instruct-v0.3,EBM-NLP,19727232,P2,P3,P2->P3,-0.0256088411086238,-0.0305873171324492,-0.0256088411086238,-0.0305873171324492,0.004978476023825399,0.004978476023825399,0.004978476023825399
Mistral-7B-Instruct-v0.3,EBM-NLP,19727232,P3,P4,P3->P4,-0.0305873171324492,-0.0451529903674688,-0.2934728119317002,-0.0470283249393105,0.0164410078068613,0.2483198215642314,0.13238041468554634
Mistral-7B-Instruct-v0.3,EBM-NLP,19727232,P4,P5,P4->P5,-0.0451529903674688,-0.0859956812715816,-0.1787467374059254,-0.0548769672085919,0.009723976841123097,0.0927510561343438,0.05123751648773345
Mistral-7B-Instruct-v0.3,EBM-NLP,19727232,P5,P6,P5->P6,-0.0859956812715816,-0.0586804238886668,-0.0866888658753756,-0.1179605615353156,0.03196488026373401,0.028008441986708793,0.0299866611252214
Mistral-7B-Instruct-v0.3,EBM-NLP,10578479,P1,P2,P1->P2,-0.0072334373769083,-0.0327854701612569,-0.0422379213232028,-0.0132468900620438,0.006013452685135499,0.009452451161945902,0.007732951923540701
Mistral-7B-Instruct-v0.3,EBM-NLP,10578479,P2,P3,P2->P3,-0.0327854701612569,-0.0367082100880296,-0.0327854701612569,-0.0367082100880296,0.003922739926772702,0.003922739926772702,0.003922739926772702
Mistral-7B-Instruct-v0.3,EBM-NLP,10578479,P3,P4,P3->P4,-0.0367082100880296,-0.0358448357417665,-0.5552149147822939,-0.1014145612716674,0.0647063511836378,0.5193700790405273,0.29203821511208256
Mistral-7B-Instruct-v0.3,EBM-NLP,10578479,P4,P5,P4->P5,-0.0358448357417665,-0.0459952895288114,-0.1451885714023201,-0.1604046821594238,0.1245598464176573,0.0991932818735087,0.111876564145583
Mistral-7B-Instruct-v0.3,EBM-NLP,10578479,P5,P6,P5->P6,-0.0459952895288114,-0.0458255539163511,-0.0387217963648121,-0.0720983644326527,0.026103074903841304,0.007103757551538997,0.01660341622769015
Mistral-7B-Instruct-v0.3,EBM-NLP,24451919,P1,P2,P1->P2,-0.0393345798276791,-0.0356124024266845,-0.0543486807792464,-0.0491638847976733,0.0098293049699942,0.0187362783525619,0.01428279166127805
Mistral-7B-Instruct-v0.3,EBM-NLP,24451919,P2,P3,P2->P3,-0.0356124024266845,-0.0271426516194497,-0.0287572251212212,-0.0326360479637157,0.0029763544629688027,0.0016145735017715004,0.0022954639823701516
Mistral-7B-Instruct-v0.3,EBM-NLP,24451919,P3,P4,P3->P4,-0.0271426516194497,-0.0473036387379412,-0.3692431168250388,-0.0982461134272237,0.071103461807774,0.3219394780870976,0.1965214699474358
Mistral-7B-Instruct-v0.3,EBM-NLP,24451919,P4,P5,P4->P5,-0.0473036387379412,-0.0252842106317219,-0.0412182764003151,-0.0770204870020531,0.029716848264111903,0.0159340657685932,0.02282545701635255
Mistral-7B-Instruct-v0.3,EBM-NLP,24451919,P5,P6,P5->P6,-0.0252842106317219,-0.093895234385111,-0.1153905983524818,-0.0319739246838971,0.006689714052175201,0.021495363967370798,0.014092539009773
Mistral-7B-Instruct-v0.3,SciERC,X96-1059,P1,P2,P1->P2,-0.0516437133114168,-0.0514875912728408,-0.0565213571923474,-0.0483766385107215,0.0032670748006953035,0.005033765919506605,0.004150420360100954
Mistral-7B-Instruct-v0.3,SciERC,X96-1059,P2,P3,P2->P3,-0.0514875912728408,-0.0457023726448397,-0.0593758028831133,-0.0513242461408178,0.00016334513202299894,0.013673430238273603,0.006918387685148301
Mistral-7B-Instruct-v0.3,SciERC,X96-1059,P3,P4,P3->P4,-0.0457023726448397,-0.0551016245569501,-0.2457664361020096,-0.1063404251108579,0.060638052466018194,0.1906648115450595,0.12565143200553885
Mistral-7B-Instruct-v0.3,SciERC,X96-1059,P4,P5,P4->P5,-0.0551016245569501,-0.0641071029265972,-0.0877805982102355,-0.0754941486510909,0.0203925240941408,0.023673495283638296,0.02203300968888955
Mistral-7B-Instruct-v0.3,SciERC,X96-1059,P5,P6,P5->P6,-0.0641071029265972,-0.0593702443267988,-0.0636562941514927,-0.0709924178920709,0.0068853149654737045,0.004286049824693897,0.0055856823950838005
Mistral-7B-Instruct-v0.3,EBM-NLP,15848261,P1,P2,P1->P2,-0.0130311176789878,-0.0111826073263657,-0.0072074889928359,-0.023718814982218,0.010687697303230199,0.003975118333529801,0.00733140781838
Mistral-7B-Instruct-v0.3,EBM-NLP,15848261,P2,P3,P2->P3,-0.0111826073263657,-0.0378723640302966,-0.0192434654730421,-0.0122749509398934,0.0010923436135277,0.018628898557254497,0.009860621085391099
Mistral-7B-Instruct-v0.3,EBM-NLP,15848261,P3,P4,P3->P4,-0.0378723640302966,-0.1398214742439944,-0.6157510296828081,-0.0880664331012202,0.0501940690709236,0.47592955543881377,0.2630618122548687
Mistral-7B-Instruct-v0.3,EBM-NLP,15848261,P4,P5,P4->P5,-0.1398214742439944,-0.1078056747263128,-0.1619267612695694,-0.2084423473903111,0.06862087314631668,0.05412108654325659,0.061370979844786636
Mistral-7B-Instruct-v0.3,EBM-NLP,15848261,P5,P6,P5->P6,-0.1078056747263128,-0.0720683841382042,-0.0835800494177866,-0.1142362102188847,0.006430535492571901,0.011511665279582403,0.008971100386077152
Mistral-7B-Instruct-v0.3,EBM-NLP,17321989,P1,P2,P1->P2,-0.0105198100449577,-0.0142977999490604,-0.0063988958534441,-0.0174963046406065,0.006976494595648799,0.0078989040956163,0.007437699345632549
Mistral-7B-Instruct-v0.3,EBM-NLP,17321989,P2,P3,P2->P3,-0.0142977999490604,-0.0136549257134136,-0.0142977999490604,-0.0136549257134136,0.0006428742356467988,0.0006428742356467988,0.0006428742356467988
Mistral-7B-Instruct-v0.3,EBM-NLP,17321989,P3,P4,P3->P4,-0.0136549257134136,-0.0515392298499743,-0.3630064527193705,-0.0310775987934647,0.0174226730800511,0.3114672228693962,0.16444494797472364
Mistral-7B-Instruct-v0.3,EBM-NLP,17321989,P4,P5,P4->P5,-0.0515392298499743,-0.0394205074200685,-0.1528743998757724,-0.0906830703218777,0.0391438404719034,0.11345389245570389,0.07629886646380364
Mistral-7B-Instruct-v0.3,EBM-NLP,17321989,P5,P6,P5->P6,-0.0394205074200685,-0.0552821049745055,-0.0394205074200685,-0.0552821049745055,0.015861597554437,0.015861597554437,0.015861597554437
Mistral-7B-Instruct-v0.3,EBM-NLP,10763172,P1,P2,P1->P2,-0.0184288010649097,-0.0332095616775033,-0.0575222282509529,-0.027378994139384,0.0089501930744743,0.024312666573449597,0.01663142982396195
Mistral-7B-Instruct-v0.3,EBM-NLP,10763172,P2,P3,P2->P3,-0.0332095616775033,-0.0328856400794383,-0.0410228512049969,-0.0288488384316729,0.0043607232458304016,0.008137211125558604,0.0062489671856945025
Mistral-7B-Instruct-v0.3,EBM-NLP,10763172,P3,P4,P3->P4,-0.0328856400794383,-0.0913688166698973,-0.60365763522485,-0.1392492948402285,0.1063636547607902,0.5122888185549528,0.3093262366578715
Mistral-7B-Instruct-v0.3,EBM-NLP,10763172,P4,P5,P4->P5,-0.0913688166698973,-0.0511732011471154,-0.0349813969630115,-0.1094580139233065,0.018089197253409198,0.016191804184103896,0.017140500718756547
Mistral-7B-Instruct-v0.3,EBM-NLP,10763172,P5,P6,P5->P6,-0.0511732011471154,-0.031921811401844,-0.0378600805997848,-0.0576022526003279,0.0064290514532125,0.005938269197940806,0.006183660325576653
Mistral-7B-Instruct-v0.3,EBM-NLP,1669598,P1,P2,P1->P2,-0.0140231146523866,-0.0140995002033824,-0.0118044960496579,-0.0198074873196164,0.005784372667229802,0.0022950041537245,0.004039688410477151
Mistral-7B-Instruct-v0.3,EBM-NLP,1669598,P2,P3,P2->P3,-0.0140995002033824,-0.0166252097166949,-0.0227433202590522,-0.0082994351877334,0.0058000650156489995,0.006118110542357301,0.00595908777900315
Mistral-7B-Instruct-v0.3,EBM-NLP,1669598,P3,P4,P3->P4,-0.0166252097166949,-0.0284735647087194,-0.4123780192161093,-0.0801194252019654,0.0634942154852705,0.38390445450738986,0.22369933499633018
Mistral-7B-Instruct-v0.3,EBM-NLP,1669598,P4,P5,P4->P5,-0.0284735647087194,-0.0261426373969676,-0.1057951849733674,-0.1331123487681758,0.1046387840594564,0.07965254757639981,0.0921456658179281
Mistral-7B-Instruct-v0.3,EBM-NLP,1669598,P5,P6,P5->P6,-0.0261426373969676,-0.0294735388353813,-0.0261426373969676,-0.0294735388353813,0.0033309014384136984,0.0033309014384136984,0.0033309014384136984
Mistral-7B-Instruct-v0.3,EBM-NLP,20560622,P1,P2,P1->P2,-0.0109188333972469,-0.0412943145158455,-0.0183953022464862,-0.0253237410561069,0.014404907658860001,0.0228990122693593,0.01865195996410965
Mistral-7B-Instruct-v0.3,EBM-NLP,20560622,P2,P3,P2->P3,-0.0412943145158455,-0.0218825461426084,-0.0236353274251866,-0.05329660069631,0.012002286180464505,0.0017527812825781988,0.006877533731521352
Mistral-7B-Instruct-v0.3,EBM-NLP,20560622,P3,P4,P3->P4,-0.0218825461426084,-0.1696397203665513,-0.6972804698315296,-0.0723187757456409,0.0504362296030325,0.5276407494649783,0.2890384895340054
Mistral-7B-Instruct-v0.3,EBM-NLP,20560622,P4,P5,P4->P5,-0.1696397203665513,-0.0720711075351724,-0.1230433851758252,-0.1899204810897072,0.020280760723155877,0.050972277640652805,0.03562651918190434
Mistral-7B-Instruct-v0.3,EBM-NLP,20560622,P5,P6,P5->P6,-0.0720711075351724,-0.0987329800923665,-0.0819742043813069,-0.0999684389282519,0.027897331393079497,0.016758775711059604,0.02232805355206955
Mistral-7B-Instruct-v0.3,EBM-NLP,20147856,P1,P2,P1->P2,-0.0324410011467989,-0.0389812376690963,-0.0431005079945555,-0.0382112960270023,0.0057702948802033985,0.004119270325459196,0.004944782602831297
Mistral-7B-Instruct-v0.3,EBM-NLP,20147856,P2,P3,P2->P3,-0.0389812376690963,-0.0393749664469463,-0.0152749906225902,-0.0453502024620865,0.006368964792990199,0.024099975824356096,0.015234470308673148
Mistral-7B-Instruct-v0.3,EBM-NLP,20147856,P3,P4,P3->P4,-0.0393749664469463,-0.1186013798180379,-0.4906293341988011,-0.0700010899000051,0.030626123453058804,0.3720279543807632,0.201327038916911
Mistral-7B-Instruct-v0.3,EBM-NLP,20147856,P4,P5,P4->P5,-0.1186013798180379,-0.0572613659069726,-0.1186013798180379,-0.0572613659069726,0.06134001391106529,0.06134001391106529,0.06134001391106529
Mistral-7B-Instruct-v0.3,EBM-NLP,20147856,P5,P6,P5->P6,-0.0572613659069726,-0.049288253103824,-0.0572613659069726,-0.049288253103824,0.0079731128031486,0.0079731128031486,0.0079731128031486
Mistral-7B-Instruct-v0.3,SciERC,INTERSPEECH_2008_28_abs,P1,P2,P1->P2,-0.0185772451832306,-0.0130660989865039,-0.0138670907763298,-0.0179759026274046,0.000601342555826001,0.0008009917898259,0.0007011671728259505
Mistral-7B-Instruct-v0.3,SciERC,INTERSPEECH_2008_28_abs,P2,P3,P2->P3,-0.0130660989865039,-0.0249945428901507,-0.0252259555466783,-0.0125221007522971,0.0005439982342068002,0.00023141265652759993,0.00038770544536720006
Mistral-7B-Instruct-v0.3,SciERC,INTERSPEECH_2008_28_abs,P3,P4,P3->P4,-0.0249945428901507,-0.0287914231885224,-0.1299193924836193,-0.0764343250775709,0.05143978218742021,0.1011279692950969,0.07628387574125856
Mistral-7B-Instruct-v0.3,SciERC,INTERSPEECH_2008_28_abs,P4,P5,P4->P5,-0.0287914231885224,-0.0408689663936156,-0.0724062862925359,-0.0456014638766646,0.016810040688142198,0.0315373198989203,0.02417368029353125
Mistral-7B-Instruct-v0.3,SciERC,INTERSPEECH_2008_28_abs,P5,P6,P5->P6,-0.0408689663936156,-0.0427114442865105,-0.0440519939345517,-0.0409312410430202,6.227464940460059e-05,0.0013405496480412005,0.0007014121487229005
Mistral-7B-Instruct-v0.3,EBM-NLP,18783504,P1,P2,P1->P2,-0.0335786591247454,-0.0191699392331315,-0.0138434147579048,-0.0393744577696315,0.005795798644886101,0.005326524475226701,0.005561161560056401
Mistral-7B-Instruct-v0.3,EBM-NLP,18783504,P2,P3,P2->P3,-0.0191699392331315,-0.0056534140863651,-0.006109621739847,-0.0399611955231959,0.0207912562900644,0.0004562076534818998,0.01062373197177315
Mistral-7B-Instruct-v0.3,EBM-NLP,18783504,P3,P4,P3->P4,-0.0056534140863651,-0.0703044553866257,-0.3698343779589679,-0.0358296213671565,0.0301762072807914,0.2995299225723422,0.1648530649265668
Mistral-7B-Instruct-v0.3,EBM-NLP,18783504,P4,P5,P4->P5,-0.0703044553866257,-0.0561709662002545,-0.1279947906732559,-0.241392055476034,0.17108760008940832,0.0718238244730014,0.12145571228120486
Mistral-7B-Instruct-v0.3,EBM-NLP,18783504,P5,P6,P5->P6,-0.0561709662002545,-0.0380242269290121,-0.069506939147648,-0.0497047786635381,0.006466187536716406,0.0314827122186359,0.01897444987767615
Mistral-7B-Instruct-v0.3,EBM-NLP,9730996,P1,P2,P1->P2,-0.0158677094261206,-0.0223717251918745,-0.0162228432340108,-0.0243725464630024,0.008504837036881797,0.0061488819578637,0.007326859497372749
Mistral-7B-Instruct-v0.3,EBM-NLP,9730996,P2,P3,P2->P3,-0.0223717251918745,-0.0153486035485332,-0.0161207058933271,-0.0285165334791752,0.006144808287300699,0.0007721023447938985,0.0034584553160472986
Mistral-7B-Instruct-v0.3,EBM-NLP,9730996,P3,P4,P3->P4,-0.0153486035485332,-0.0398305380290531,-0.2085747126355228,-0.0354111662907218,0.0200625627421886,0.1687441746064697,0.09440336867432915
Mistral-7B-Instruct-v0.3,EBM-NLP,9730996,P4,P5,P4->P5,-0.0398305380290531,-0.0295352773596598,-0.0899436112073525,-0.1171945360410644,0.0773639980120113,0.0604083338476927,0.068886165929852
Mistral-7B-Instruct-v0.3,EBM-NLP,9730996,P5,P6,P5->P6,-0.0295352773596598,-0.0446801627123797,-0.1861543832001862,-0.0546021980551583,0.0250669206954985,0.1414742204878065,0.08327057059165249
Mistral-7B-Instruct-v0.3,EBM-NLP,21106663,P1,P2,P1->P2,-0.0294477821638186,-0.0132980091713736,-0.0431758363691853,-0.0497451964765787,0.0202974143127601,0.0298778271978117,0.0250876207552859
Mistral-7B-Instruct-v0.3,EBM-NLP,21106663,P2,P3,P2->P3,-0.0132980091713736,-0.0081091771610605,-0.0132980091713736,-0.0081091771610605,0.0051888320103131,0.0051888320103131,0.0051888320103131
Mistral-7B-Instruct-v0.3,EBM-NLP,21106663,P3,P4,P3->P4,-0.0081091771610605,-0.0335153639316558,-0.5362347623576289,-0.0895212215017265,0.08141204434066601,0.5027193984259731,0.29206572138331954
Mistral-7B-Instruct-v0.3,EBM-NLP,21106663,P4,P5,P4->P5,-0.0335153639316558,-0.062174935019418,-0.099193013116215,-0.0840502329494642,0.050534869017808404,0.037018078096797004,0.0437764735573027
Mistral-7B-Instruct-v0.3,EBM-NLP,21106663,P5,P6,P5->P6,-0.062174935019418,-0.0488947663414344,-0.062174935019418,-0.0488947663414344,0.013280168677983602,0.013280168677983602,0.013280168677983602
Mistral-7B-Instruct-v0.3,EBM-NLP,22881991,P1,P2,P1->P2,-0.0193096353103975,-0.0215097870784146,-0.0224468933578048,-0.0240215297256197,0.004711894415222198,0.0009371062793901985,0.0028245003473061983
Mistral-7B-Instruct-v0.3,EBM-NLP,22881991,P2,P3,P2->P3,-0.0215097870784146,-0.0049206488677915,-0.0143142742508987,-0.0360286114577736,0.014518824379358999,0.0093936253831072,0.011956224881233098
Mistral-7B-Instruct-v0.3,EBM-NLP,22881991,P3,P4,P3->P4,-0.0049206488677915,-0.0671549861944174,-0.4483684708800497,-0.1350664414887158,0.1301457926209243,0.3812134846856323,0.2556796386532783
Mistral-7B-Instruct-v0.3,EBM-NLP,22881991,P4,P5,P4->P5,-0.0671549861944174,-0.0420345896250241,-0.2167607499407483,-0.1096959295152108,0.0425409433207934,0.1747261603157242,0.10863355181825879
Mistral-7B-Instruct-v0.3,EBM-NLP,22881991,P5,P6,P5->P6,-0.0420345896250241,-0.0894125987743509,-0.1288387857634445,-0.0542768243845407,0.0122422347595166,0.039426186989093615,0.025834210874305107
Mistral-7B-Instruct-v0.3,EBM-NLP,1963383,P1,P2,P1->P2,-0.0158266867554967,-0.0208895928599651,-0.0154618488661127,-0.0254303640180527,0.009603677262556,0.005427743993852402,0.0075157106282042006
Mistral-7B-Instruct-v0.3,EBM-NLP,1963383,P2,P3,P2->P3,-0.0208895928599651,-0.0105685739071814,-0.0130671066242259,-0.0328654504509088,0.0119758575909437,0.0024985327170444997,0.0072371951539941
Mistral-7B-Instruct-v0.3,EBM-NLP,1963383,P3,P4,P3->P4,-0.0105685739071814,-0.0300125295166359,-0.3156718154286229,-0.0451219900623782,0.0345534161551968,0.28565928591198697,0.1601063510335919
Mistral-7B-Instruct-v0.3,EBM-NLP,1963383,P4,P5,P4->P5,-0.0300125295166359,-0.0250229414611851,-0.0651617118057737,-0.1383846278280713,0.10837209831143539,0.0401387703445886,0.07425543432801199
Mistral-7B-Instruct-v0.3,EBM-NLP,1963383,P5,P6,P5->P6,-0.0250229414611851,-0.0289683875214358,-0.0259062679225553,-0.0292869147787333,0.0042639733175482,0.0030621195988804993,0.00366304645821435
Mistral-7B-Instruct-v0.3,EBM-NLP,19376304,P1,P2,P1->P2,-0.0141050135766636,-0.009536661510545,-0.0250011285146077,-0.0155149212079413,0.0014099076312777004,0.0154644670040627,0.008437187317670201
Mistral-7B-Instruct-v0.3,EBM-NLP,19376304,P2,P3,P2->P3,-0.009536661510545,-0.0169515106691061,-0.0200979415408886,-0.0221390997975822,0.0126024382870372,0.003146430871782499,0.00787443457940985
Mistral-7B-Instruct-v0.3,EBM-NLP,19376304,P3,P4,P3->P4,-0.0169515106691061,-0.0391910015850474,-0.4160277510965173,-0.0738991392354895,0.056947628566383406,0.3768367495114699,0.21689218903892665
Mistral-7B-Instruct-v0.3,EBM-NLP,19376304,P4,P5,P4->P5,-0.0391910015850474,-0.060944336027592,-0.1572286654906026,-0.0768871769603145,0.037696175375267094,0.0962843294630106,0.06699025241913885
Mistral-7B-Instruct-v0.3,EBM-NLP,19376304,P5,P6,P5->P6,-0.060944336027592,-0.022068700643891,-0.0363595525645676,-0.0798323054680194,0.018887969440427393,0.014290851920676598,0.016589410680551996
Mistral-7B-Instruct-v0.3,EBM-NLP,8726604,P1,P2,P1->P2,-0.0070640859816194,-0.0105511195117115,-0.0100600057489316,-0.0099697096846096,0.0029056237029902003,0.0004911137627799014,0.0016983687328850508
Mistral-7B-Instruct-v0.3,EBM-NLP,8726604,P2,P3,P2->P3,-0.0105511195117115,-0.0056459557080067,-0.0085666962164654,-0.0097273050030301,0.0008238145086813999,0.0029207405084586994,0.0018722775085700497
Mistral-7B-Instruct-v0.3,EBM-NLP,8726604,P3,P4,P3->P4,-0.0056459557080067,-0.1082678029411717,-0.7671731522208766,-0.0401609505346346,0.0345149948266279,0.6589053492797049,0.3467101720531664
Mistral-7B-Instruct-v0.3,EBM-NLP,8726604,P4,P5,P4->P5,-0.1082678029411717,-0.026111052149818,-0.09157533494253,-0.1880765557289123,0.07980875278774059,0.065464282792712,0.0726365177902263
Mistral-7B-Instruct-v0.3,EBM-NLP,8726604,P5,P6,P5->P6,-0.026111052149818,-0.0390338405730232,-0.026111052149818,-0.0390338405730232,0.012922788423205198,0.012922788423205198,0.012922788423205198
Mistral-7B-Instruct-v0.3,EBM-NLP,22865017,P1,P2,P1->P2,-0.0086511955492564,-0.0255082824455928,-0.0253833064232908,-0.0208954574585992,0.0122442619093428,0.0001249760223019994,0.0061846189658224
Mistral-7B-Instruct-v0.3,EBM-NLP,22865017,P2,P3,P2->P3,-0.0255082824455928,-0.0309283776201366,-0.0255082824455928,-0.0309283776201366,0.005420095174543799,0.005420095174543799,0.005420095174543799
Mistral-7B-Instruct-v0.3,EBM-NLP,22865017,P3,P4,P3->P4,-0.0309283776201366,-0.0483584224053149,-0.7830483778467718,-0.0670350561664986,0.036106678546362,0.734689955441457,0.3853983169939095
Mistral-7B-Instruct-v0.3,EBM-NLP,22865017,P4,P5,P4->P5,-0.0483584224053149,-0.0270949270110577,-0.0818609988006452,-0.0819010284711729,0.033542606065857995,0.05476607178958749,0.04415433892772275
Mistral-7B-Instruct-v0.3,EBM-NLP,22865017,P5,P6,P5->P6,-0.0270949270110577,-0.0545947326804107,-0.0819010284711729,-0.0390569658329089,0.0119620388218512,0.027306295790762193,0.019634167306306696
Mistral-7B-Instruct-v0.3,EBM-NLP,2908133,P1,P2,P1->P2,-0.066869001258866,-0.0264265859215859,-0.0218250076502364,-0.098737768548303,0.03186876728943701,0.0046015782713495,0.018235172780393254
Mistral-7B-Instruct-v0.3,EBM-NLP,2908133,P2,P3,P2->P3,-0.0264265859215859,-0.0269369882660985,-0.0264265859215859,-0.0269369882660985,0.0005104023445125991,0.0005104023445125991,0.0005104023445125991
Mistral-7B-Instruct-v0.3,EBM-NLP,2908133,P3,P4,P3->P4,-0.0269369882660985,-0.1420627214822424,-0.6370549489216633,-0.0759438438131319,0.04900685554703341,0.49499222743942084,0.27199954149322714
Mistral-7B-Instruct-v0.3,EBM-NLP,2908133,P4,P5,P4->P5,-0.1420627214822424,-0.0328881429998498,-0.0300582336752038,-0.1958485453961843,0.053785823913941905,0.002829909324646003,0.028307866619293954
Mistral-7B-Instruct-v0.3,EBM-NLP,2908133,P5,P6,P5->P6,-0.0328881429998498,-0.097932164867719,-0.0882206509510676,-0.0385659120584789,0.005677769058629101,0.009711513916651399,0.00769464148764025
Mistral-7B-Instruct-v0.3,EBM-NLP,10764172,P1,P2,P1->P2,-0.0070395631586561,-0.0140941453963331,-0.0114939425105585,-0.0090080425039505,0.0019684793452944003,0.0026002028857746006,0.0022843411155345004
Mistral-7B-Instruct-v0.3,EBM-NLP,10764172,P2,P3,P2->P3,-0.0140941453963331,-0.0083655489627087,-0.0090080425039505,-0.0121485723480348,0.0019455730482983002,0.0006424935412418006,0.0012940332947700504
Mistral-7B-Instruct-v0.3,EBM-NLP,10764172,P3,P4,P3->P4,-0.0083655489627087,-0.0569564145901855,-0.3039980335805401,-0.0343039631981882,0.025938414235479504,0.24704161899035462,0.13649001661291707
Mistral-7B-Instruct-v0.3,EBM-NLP,10764172,P4,P5,P4->P5,-0.0569564145901855,-0.0587463532724688,-0.1269622848879906,-0.1947417652831887,0.1377853506930032,0.06821593161552181,0.10300064115426251
Mistral-7B-Instruct-v0.3,EBM-NLP,10764172,P5,P6,P5->P6,-0.0587463532724688,-0.0590807237932759,-0.0587463532724688,-0.0590807237932759,0.00033437052080709934,0.00033437052080709934,0.00033437052080709934
Mistral-7B-Instruct-v0.3,EBM-NLP,18544974,P1,P2,P1->P2,-0.0175567738918579,-0.0083751541872819,-0.018526970098416,-0.0257529116195097,0.008196137727651799,0.010151815911134102,0.00917397681939295
Mistral-7B-Instruct-v0.3,EBM-NLP,18544974,P2,P3,P2->P3,-0.0083751541872819,-0.0052621858815352,-0.0083751541872819,-0.0052621858815352,0.0031129683057466995,0.0031129683057466995,0.0031129683057466995
Mistral-7B-Instruct-v0.3,EBM-NLP,18544974,P3,P4,P3->P4,-0.0052621858815352,-0.087752231684598,-0.4009958332235163,-0.065740892291069,0.060478706409533796,0.3132436015389183,0.18686115397422604
Mistral-7B-Instruct-v0.3,EBM-NLP,18544974,P4,P5,P4->P5,-0.087752231684598,-0.0498400717497544,-0.0669770469342855,-0.1304686575224905,0.04271642583789251,0.017136975184531097,0.029926700511211803
Mistral-7B-Instruct-v0.3,EBM-NLP,18544974,P5,P6,P5->P6,-0.0498400717497544,-0.0384456209943328,-0.0640561731768326,-0.0475019119483859,0.0023381598013684987,0.025610552182499795,0.013974355991934147
Mistral-7B-Instruct-v0.3,EBM-NLP,15133359,P1,P2,P1->P2,-0.0037335038166892,-0.0039275856447164,-0.0034912646447745,-0.0112857286436154,0.007552224826926201,0.00043632099994190014,0.003994272913434051
Mistral-7B-Instruct-v0.3,EBM-NLP,15133359,P2,P3,P2->P3,-0.0039275856447164,-0.0080924834564535,-0.014929146592557,-0.0184136408008922,0.014486055156175803,0.0068366631361035015,0.010661359146139651
Mistral-7B-Instruct-v0.3,EBM-NLP,15133359,P3,P4,P3->P4,-0.0080924834564535,-0.0586204688194431,-0.3980453527426418,-0.0992930161939175,0.09120053273746401,0.3394248839231987,0.21531270833033134
Mistral-7B-Instruct-v0.3,EBM-NLP,15133359,P4,P5,P4->P5,-0.0586204688194431,-0.1004554972929113,-0.106318730466506,-0.1374562571320352,0.07883578831259208,0.0058632331735947035,0.04234951074309339
Mistral-7B-Instruct-v0.3,EBM-NLP,15133359,P5,P6,P5->P6,-0.1004554972929113,-0.0364414388562107,-0.0400936584986434,-0.0685655278318068,0.03188996946110449,0.0036522196424327025,0.017771094551768597
Mistral-7B-Instruct-v0.3,EBM-NLP,24080592,P1,P2,P1->P2,-0.0144635244881308,-0.0082645081829502,-0.0067252368283194,-0.0163838740467555,0.0019203495586246986,0.0015392713546308005,0.0017298104566277495
Mistral-7B-Instruct-v0.3,EBM-NLP,24080592,P2,P3,P2->P3,-0.0082645081829502,-0.0236817096142058,-0.0187073840739879,-0.0135578146755472,0.005293306492596999,0.0049743255402179,0.005133816016407449
Mistral-7B-Instruct-v0.3,EBM-NLP,24080592,P3,P4,P3->P4,-0.0236817096142058,-0.0925250910641102,-0.6340998531727309,-0.1042843595464178,0.080602649932212,0.5415747621086207,0.31108870602041633
Mistral-7B-Instruct-v0.3,EBM-NLP,24080592,P4,P5,P4->P5,-0.0925250910641102,-0.0845785921110826,-0.2287127042517942,-0.1369427830985423,0.044417692034432105,0.14413411214071162,0.09427590208757186
Mistral-7B-Instruct-v0.3,EBM-NLP,24080592,P5,P6,P5->P6,-0.0845785921110826,-0.090161323545992,-0.0651903390871386,-0.1466775012805181,0.0620989091694355,0.0249709844588534,0.04353494681414445
Mistral-7B-Instruct-v0.3,EBM-NLP,18975051,P1,P2,P1->P2,-0.0073579017179536,-0.0113986247543538,-0.0336417858855108,-0.0183174291336259,0.010959527415672302,0.022243161131157,0.01660134427341465
Mistral-7B-Instruct-v0.3,EBM-NLP,18975051,P2,P3,P2->P3,-0.0113986247543538,-0.0022750212511445,-0.0044976348083676,-0.0273487215568677,0.0159500968025139,0.0022226135572230997,0.0090863551798685
Mistral-7B-Instruct-v0.3,EBM-NLP,18975051,P3,P4,P3->P4,-0.0022750212511445,-0.0167641711554356,-0.3647746642430623,-0.0740494643587754,0.0717744431076309,0.3480104930876267,0.2098924680976288
Mistral-7B-Instruct-v0.3,EBM-NLP,18975051,P4,P5,P4->P5,-0.0167641711554356,-0.0712444582195193,-0.2025562237810205,-0.0707782535325913,0.0540140823771557,0.1313117655615012,0.09266292396932846
Mistral-7B-Instruct-v0.3,EBM-NLP,18975051,P5,P6,P5->P6,-0.0712444582195193,-0.0186365935951471,-0.0233604256063699,-0.0961968599370232,0.024952401717503903,0.004723832011222798,0.01483811686436335
Mistral-7B-Instruct-v0.3,EBM-NLP,24317958,P1,P2,P1->P2,-0.0057009884329851,-0.0065118024823334,-0.0128117669262878,-0.0087273998461155,0.003026411413130401,0.0062999644439544,0.0046631879285424
Mistral-7B-Instruct-v0.3,EBM-NLP,24317958,P2,P3,P2->P3,-0.0065118024823334,-0.0162847338305298,-0.0065118024823334,-0.0162847338305298,0.0097729313481964,0.0097729313481964,0.0097729313481964
Mistral-7B-Instruct-v0.3,EBM-NLP,24317958,P3,P4,P3->P4,-0.0162847338305298,-0.0867457771301269,-0.7782182121276855,-0.0595817988842466,0.0432970650537168,0.6914724349975586,0.3673847500256377
Mistral-7B-Instruct-v0.3,EBM-NLP,24317958,P4,P5,P4->P5,-0.0867457771301269,-0.0313335559786038,-0.0715791591184031,-0.1853720414638519,0.09862626433372498,0.040245603139799295,0.06943593373676214
Mistral-7B-Instruct-v0.3,EBM-NLP,24317958,P5,P6,P5->P6,-0.0313335559786038,-0.0401422055868002,-0.0380237460422974,-0.0449605206783888,0.013626964699785,0.0021184595445028,0.0078727121221439
Mistral-7B-Instruct-v0.3,SciERC,ECCV_2006_13_abs,P1,P2,P1->P2,-0.0208795953935408,-0.0279128268593922,-0.0275598970862726,-0.020740213108187,0.0001393822853538,0.0003529297731196014,0.0002461560292367007
Mistral-7B-Instruct-v0.3,SciERC,ECCV_2006_13_abs,P2,P3,P2->P3,-0.0279128268593922,-0.0296448900735413,-0.0297536315071435,-0.027479765471071,0.00043306138832120006,0.00010874143360219829,0.0002709014109616992
Mistral-7B-Instruct-v0.3,SciERC,ECCV_2006_13_abs,P3,P4,P3->P4,-0.0296448900735413,-0.0371907251338436,-0.2375351759396731,-0.0596743860975645,0.0300294960240232,0.20034445080582952,0.11518697341492636
Mistral-7B-Instruct-v0.3,SciERC,ECCV_2006_13_abs,P4,P5,P4->P5,-0.0371907251338436,-0.0316992592055271,-0.0558844876793576,-0.0607098628124689,0.023519137678625304,0.0241852284738305,0.0238521830762279
Mistral-7B-Instruct-v0.3,SciERC,ECCV_2006_13_abs,P5,P6,P5->P6,-0.0316992592055271,-0.0327891298651335,-0.0316992592055271,-0.0327891298651335,0.001089870659606397,0.001089870659606397,0.001089870659606397
Mistral-7B-Instruct-v0.3,EBM-NLP,3074300,P1,P2,P1->P2,-0.0095509709627648,-0.01760542094739,-0.0272993375756029,-0.0132709914509835,0.003720020488218699,0.009693916628212899,0.006706968558215799
Mistral-7B-Instruct-v0.3,EBM-NLP,3074300,P2,P3,P2->P3,-0.01760542094739,-0.0036545405483307,-0.0054948809365295,-0.024041044157843,0.006435623210453,0.0018403403881988006,0.0041379817993259
Mistral-7B-Instruct-v0.3,EBM-NLP,3074300,P3,P4,P3->P4,-0.0036545405483307,-0.04207281113657,-0.8369560807546162,-0.0662704383086872,0.0626158977603565,0.7948832696180462,0.42874958368920135
Mistral-7B-Instruct-v0.3,EBM-NLP,3074300,P4,P5,P4->P5,-0.04207281113657,-0.0441754747448223,-0.1500170783804995,-0.2382529987131848,0.19618018757661482,0.10584160363567718,0.151010895606146
Mistral-7B-Instruct-v0.3,EBM-NLP,3074300,P5,P6,P5->P6,-0.0441754747448223,-0.0303831516127837,-0.031374599000341,-0.0647598692814686,0.020584394536646296,0.0009914473875573017,0.010787920962101799
Mistral-7B-Instruct-v0.3,EBM-NLP,23356250,P1,P2,P1->P2,-0.0057445622197512,-0.0398904321401185,-0.038589572899455,-0.0188527062591957,0.0131081440394445,0.0013008592406634975,0.007204501640053999
Mistral-7B-Instruct-v0.3,EBM-NLP,23356250,P2,P3,P2->P3,-0.0398904321401185,-0.0119205681511765,-0.0169541602564153,-0.04334654834468,0.003456116204561502,0.005033592105238802,0.004244854154900152
Mistral-7B-Instruct-v0.3,EBM-NLP,23356250,P3,P4,P3->P4,-0.0119205681511765,-0.0731614077532732,-0.6474836843985098,-0.0538667709940667,0.0419462028428902,0.5743222766452366,0.3081342397440634
Mistral-7B-Instruct-v0.3,EBM-NLP,23356250,P4,P5,P4->P5,-0.0731614077532732,-0.0486362413926558,-0.1025068759918212,-0.0575036649350766,0.015657742818196603,0.053870634599165405,0.034764188708681004
Mistral-7B-Instruct-v0.3,EBM-NLP,23356250,P5,P6,P5->P6,-0.0486362413926558,-0.079236219514091,-0.0665128186063946,-0.071527594869787,0.022891353477131206,0.0127234009076964,0.017807377192413803
Mistral-7B-Instruct-v0.3,EBM-NLP,15858959,P1,P2,P1->P2,-0.0263134186253857,-0.0201507324781477,-0.0567782963697097,-0.0377138236676502,0.0114004050422645,0.036627563891562,0.02401398446691325
Mistral-7B-Instruct-v0.3,EBM-NLP,15858959,P2,P3,P2->P3,-0.0201507324781477,-0.0276509830337798,-0.0261157700669265,-0.0216504830579092,0.0014997505797615003,0.0015352129668532999,0.0015174817733074
Mistral-7B-Instruct-v0.3,EBM-NLP,15858959,P3,P4,P3->P4,-0.0276509830337798,-0.080628790753953,-0.8308111150214013,-0.1804200503640546,0.1527690673302748,0.7501823242674482,0.4514756957988615
Mistral-7B-Instruct-v0.3,EBM-NLP,15858959,P4,P5,P4->P5,-0.080628790753953,-0.0337808106807952,-0.080628790753953,-0.0337808106807952,0.046847980073157804,0.046847980073157804,0.046847980073157804
Mistral-7B-Instruct-v0.3,EBM-NLP,15858959,P5,P6,P5->P6,-0.0337808106807952,-0.0255507129303952,-0.0337808106807952,-0.0255507129303952,0.008230097750399998,0.008230097750399998,0.008230097750399998
Mistral-7B-Instruct-v0.3,EBM-NLP,10070173,P1,P2,P1->P2,-0.040997430579886,-0.0216222665220761,-0.0234274317092559,-0.0504471646191326,0.0094497340392466,0.0018051651871798004,0.0056274496132132
Mistral-7B-Instruct-v0.3,EBM-NLP,10070173,P2,P3,P2->P3,-0.0216222665220761,-0.0356714179848923,-0.0385613700515833,-0.0216444506148788,2.2184092802701033e-05,0.002889952066691001,0.001456068079746851
Mistral-7B-Instruct-v0.3,EBM-NLP,10070173,P3,P4,P3->P4,-0.0356714179848923,-0.0266792592532061,-0.5872283105726366,-0.0964293820830453,0.060757964098153004,0.5605490513194304,0.31065350770879174
Mistral-7B-Instruct-v0.3,EBM-NLP,10070173,P4,P5,P4->P5,-0.0266792592532061,-0.0470972801509656,-0.2428157856589869,-0.0883320338733784,0.0616527746201723,0.1957185055080213,0.1286856400640968
Mistral-7B-Instruct-v0.3,EBM-NLP,10070173,P5,P6,P5->P6,-0.0470972801509656,-0.0652168198635703,-0.0470972801509656,-0.0652168198635703,0.018119539712604694,0.018119539712604694,0.018119539712604694
Mistral-7B-Instruct-v0.3,EBM-NLP,8911223,P1,P2,P1->P2,-0.0220646261815776,-0.0199990539413662,-0.0224969771476418,-0.0224061322296965,0.0003415060481188996,0.0024979232062756,0.0014197146271972497
Mistral-7B-Instruct-v0.3,EBM-NLP,8911223,P2,P3,P2->P3,-0.0199990539413662,-0.0203023133124562,-0.0257930596210602,-0.0168207262253537,0.003178327716012501,0.005490746308604001,0.004334537012308251
Mistral-7B-Instruct-v0.3,EBM-NLP,8911223,P3,P4,P3->P4,-0.0203023133124562,-0.0388034436760879,-0.8122740024473609,-0.0962285268781841,0.0759262135657279,0.773470558771273,0.4246983861685005
Mistral-7B-Instruct-v0.3,EBM-NLP,8911223,P4,P5,P4->P5,-0.0388034436760879,-0.0557912985483805,-0.1289399237859816,-0.0630215958851139,0.024218152209025998,0.0731486252376011,0.04868338872331355
Mistral-7B-Instruct-v0.3,EBM-NLP,8911223,P5,P6,P5->P6,-0.0557912985483805,-0.0357132340377231,-0.0605398034149745,-0.0792964129220871,0.0235051143737066,0.024826569377251403,0.024165841875479002
Mistral-7B-Instruct-v0.3,EBM-NLP,26278470,P1,P2,P1->P2,-0.0173304565315102,-0.0376875513512304,-0.0459824188575417,-0.0344460347538878,0.0171155782223776,0.008294867506311303,0.01270522286434445
Mistral-7B-Instruct-v0.3,EBM-NLP,26278470,P2,P3,P2->P3,-0.0376875513512304,-0.0373669202461737,-0.0875749218566883,-0.0573979607826966,0.0197104094314662,0.050208001610514606,0.034959205520990404
Mistral-7B-Instruct-v0.3,EBM-NLP,26278470,P3,P4,P3->P4,-0.0373669202461737,-0.0386407844665827,-0.1402261384492069,-0.0918795373735777,0.054512617127403996,0.1015853539826242,0.07804898555501409
Mistral-7B-Instruct-v0.3,EBM-NLP,26278470,P4,P5,P4->P5,-0.0386407844665827,-0.1175702522540914,-0.3225575151114628,-0.0438415708838764,0.0052007864172936985,0.2049872628573714,0.10509402463733256
Mistral-7B-Instruct-v0.3,EBM-NLP,26278470,P5,P6,P5->P6,-0.1175702522540914,-0.0214939192958074,-0.0251753183260355,-0.1202951628586341,0.0027249106045427046,0.0036813990302280997,0.003203154817385402
Mistral-7B-Instruct-v0.3,EBM-NLP,21718094,P1,P2,P1->P2,-0.0279522236794401,-0.014154728247003,-0.0212081421922646,-0.0308834185539665,0.0029311948745264008,0.0070534139452616,0.004992304409894
Mistral-7B-Instruct-v0.3,EBM-NLP,21718094,P2,P3,P2->P3,-0.014154728247003,-0.0131605735202969,-0.0160732502713366,-0.0214515577518998,0.007296829504896799,0.0029126767510397004,0.00510475312796825
Mistral-7B-Instruct-v0.3,EBM-NLP,21718094,P3,P4,P3->P4,-0.0131605735202969,-0.0642881686857156,-0.4996352837367829,-0.1293958539121546,0.11623528039185771,0.43534711505106727,0.2757911977214625
Mistral-7B-Instruct-v0.3,EBM-NLP,21718094,P4,P5,P4->P5,-0.0642881686857156,-0.0844544130258071,-0.2999909214484386,-0.1275416099098667,0.06325344122415111,0.2155365084226315,0.1393949748233913
Mistral-7B-Instruct-v0.3,EBM-NLP,21718094,P5,P6,P5->P6,-0.0844544130258071,-0.0374758763133849,-0.0481894559056406,-0.0857960651509272,0.0013416521251201075,0.010713579592255704,0.0060276158586879056
Mistral-7B-Instruct-v0.3,EBM-NLP,25784723,P1,P2,P1->P2,-0.0322216049379979,-0.0363078428096795,-0.0248011751256945,-0.0462380790859848,0.014016474147986895,0.011506667683984995,0.012761570915985945
Mistral-7B-Instruct-v0.3,EBM-NLP,25784723,P2,P3,P2->P3,-0.0363078428096795,-0.0146412696922197,-0.0104606384411454,-0.047240757508626,0.0109329146989465,0.004180631251074301,0.0075567729750104
Mistral-7B-Instruct-v0.3,EBM-NLP,25784723,P3,P4,P3->P4,-0.0146412696922197,-0.0492148084999763,-0.4560204074807363,-0.0354813328012824,0.0208400631090627,0.40680559898076,0.21382283104491137
Mistral-7B-Instruct-v0.3,EBM-NLP,25784723,P4,P5,P4->P5,-0.0492148084999763,-0.0356631632204409,-0.4398575182314272,-0.1826120301162543,0.13339722161627798,0.40419435501098633,0.26879578831363216
Mistral-7B-Instruct-v0.3,EBM-NLP,25784723,P5,P6,P5->P6,-0.0356631632204409,-0.0695986571213738,-0.055295842840816,-0.1062903315932662,0.0706271683728253,0.014302814280557796,0.04246499132669155
Mistral-7B-Instruct-v0.3,EBM-NLP,8989009,P1,P2,P1->P2,-0.0241709524817014,-0.0243569340557521,-0.0187705798452952,-0.0328565170646754,0.008685564582973999,0.0055863542104569,0.007135959396715449
Mistral-7B-Instruct-v0.3,EBM-NLP,8989009,P2,P3,P2->P3,-0.0243569340557521,-0.0257011064505522,-0.0243569340557521,-0.0257011064505522,0.0013441723948001,0.0013441723948001,0.0013441723948001
Mistral-7B-Instruct-v0.3,EBM-NLP,8989009,P3,P4,P3->P4,-0.0257011064505522,-0.0224090780131518,-0.6744196474552154,-0.0765235928225923,0.0508224863720401,0.6520105694420636,0.35141652790705186
Mistral-7B-Instruct-v0.3,EBM-NLP,8989009,P4,P5,P4->P5,-0.0224090780131518,-0.031177745589727,-0.2624719776684724,-0.0825094938278198,0.060100415814668004,0.23129423207874542,0.1456973239467067
Mistral-7B-Instruct-v0.3,EBM-NLP,8989009,P5,P6,P5->P6,-0.031177745589727,-0.0598572974021618,-0.0772935736637849,-0.1265841556500785,0.0954064100603515,0.017436276261623106,0.056421343160987306
Mistral-7B-Instruct-v0.3,EBM-NLP,21924760,P1,P2,P1->P2,-0.0334368739626682,-0.0580343805121246,-0.0602920930061114,-0.0487855346848434,0.015348660722175202,0.002257712493986798,0.008803186608081
Mistral-7B-Instruct-v0.3,EBM-NLP,21924760,P2,P3,P2->P3,-0.0580343805121246,-0.0231330197790394,-0.0206359189489613,-0.0667339718553441,0.008699591343219501,0.0024971008300780986,0.0055983460866488
Mistral-7B-Instruct-v0.3,EBM-NLP,21924760,P3,P4,P3->P4,-0.0231330197790394,-0.0372118983003828,-0.3903202304133662,-0.0576368632523909,0.0345038434733515,0.3531083321129834,0.19380608779316746
Mistral-7B-Instruct-v0.3,EBM-NLP,21924760,P4,P5,P4->P5,-0.0372118983003828,-0.0226207196712493,-0.1213819742202758,-0.1061216946001406,0.0689097962997578,0.0987612545490265,0.08383552542439215
Mistral-7B-Instruct-v0.3,EBM-NLP,21924760,P5,P6,P5->P6,-0.0226207196712493,-0.0210984011491139,-0.0226207196712493,-0.0210984011491139,0.001522318522135399,0.001522318522135399,0.001522318522135399
Mistral-7B-Instruct-v0.3,SciERC,ECCV_2016_212_abs,P1,P2,P1->P2,-0.0249284698405366,-0.0305828369845996,-0.0257648423757263,-0.0267893472717635,0.0018608774312268983,0.004817994608873298,0.003339436020050098
Mistral-7B-Instruct-v0.3,SciERC,ECCV_2016_212_abs,P2,P3,P2->P3,-0.0305828369845996,-0.0310063981360144,-0.0389505293011704,-0.029780038530627,0.0008027984539725995,0.007944131165156,0.0043734648095643
Mistral-7B-Instruct-v0.3,SciERC,ECCV_2016_212_abs,P3,P4,P3->P4,-0.0310063981360144,-0.0565996129585926,-0.1874030431672111,-0.0849357992410659,0.0539294011050515,0.1308034302086185,0.09236641565683501
Mistral-7B-Instruct-v0.3,SciERC,ECCV_2016_212_abs,P4,P5,P4->P5,-0.0565996129585926,-0.0640614358708262,-0.1047918897432585,-0.0796644422810193,0.02306482932242669,0.04073045387243229,0.03189764159742949
Mistral-7B-Instruct-v0.3,SciERC,ECCV_2016_212_abs,P5,P6,P5->P6,-0.0640614358708262,-0.0519481071311494,-0.0532423853874206,-0.0628406714337567,0.0012207644370695048,0.0012942782562712016,0.0012575213466703532
Mistral-7B-Instruct-v0.3,EBM-NLP,12960652,P1,P2,P1->P2,-0.0111569204109619,-0.0214320575155278,-0.0191896746607975,-0.0350677156671283,0.023910795256166403,0.002242382854730298,0.01307658905544835
Mistral-7B-Instruct-v0.3,EBM-NLP,12960652,P2,P3,P2->P3,-0.0214320575155278,-0.0432399042755026,-0.0198854130989109,-0.0590938437261974,0.0376617862106696,0.0233544911765917,0.03050813869363065
Mistral-7B-Instruct-v0.3,EBM-NLP,12960652,P3,P4,P3->P4,-0.0432399042755026,-0.1164809620806149,-0.7933684335223266,-0.0651719394055279,0.0219320351300253,0.6768874714417117,0.3494097532858685
Mistral-7B-Instruct-v0.3,EBM-NLP,12960652,P4,P5,P4->P5,-0.1164809620806149,-0.0245209971412283,-0.0544126541888127,-0.145975059124508,0.02949409704389311,0.0298916570475844,0.029692877045738753
Mistral-7B-Instruct-v0.3,EBM-NLP,12960652,P5,P6,P5->P6,-0.0245209971412283,-0.0342492080125652,-0.0245209971412283,-0.0342492080125652,0.009728210871336903,0.009728210871336903,0.009728210871336903
Mistral-7B-Instruct-v0.3,EBM-NLP,9394106,P1,P2,P1->P2,-0.0104494901264415,-0.034890800095782,-0.0361894134080389,-0.0014207929774534,0.0090286971489881,0.001298613312256898,0.005163655230622499
Mistral-7B-Instruct-v0.3,EBM-NLP,9394106,P2,P3,P2->P3,-0.034890800095782,-0.0008190884894015,-0.0014207929774534,-0.0460213717590965,0.0111305716633145,0.0006017044880519,0.0058661380756832
Mistral-7B-Instruct-v0.3,EBM-NLP,9394106,P3,P4,P3->P4,-0.0008190884894015,-0.0257171937974832,-0.7024275569592492,-0.0630807290766753,0.06226164058727379,0.676710363161766,0.3694860018745199
Mistral-7B-Instruct-v0.3,EBM-NLP,9394106,P4,P5,P4->P5,-0.0257171937974832,-0.0204501463786551,-0.1344463427943226,-0.0245070922172675,0.0012101015802157,0.11399619641566751,0.057603148997941604
Mistral-7B-Instruct-v0.3,EBM-NLP,9394106,P5,P6,P5->P6,-0.0204501463786551,-0.0159483400441832,-0.0245070922172675,-0.0429076539830451,0.02245750760439,0.0085587521730843,0.01550812988873715
Mistral-7B-Instruct-v0.3,EBM-NLP,7808649,P1,P2,P1->P2,-0.0158346364262446,-0.0448022034770825,-0.0362848925845403,-0.023707256110665,0.0078726196844204,0.0085173108925422,0.0081949652884813
Mistral-7B-Instruct-v0.3,EBM-NLP,7808649,P2,P3,P2->P3,-0.0448022034770825,-0.0394614892156116,-0.043155817265619,-0.0434085365123393,0.0013936669647431968,0.0036943280500073977,0.0025439975073752973
Mistral-7B-Instruct-v0.3,EBM-NLP,7808649,P3,P4,P3->P4,-0.0394614892156116,-0.0597079792022705,-0.4916557388305664,-0.0755226911562281,0.0360612019406165,0.4319477596282959,0.2340044807844562
Mistral-7B-Instruct-v0.3,EBM-NLP,7808649,P4,P5,P4->P5,-0.0597079792022705,-0.0996701095208703,-0.1205348636049673,-0.1044514083862304,0.044743429183959904,0.020864754084097006,0.032804091634028455
Mistral-7B-Instruct-v0.3,EBM-NLP,7808649,P5,P6,P5->P6,-0.0996701095208703,-0.0534191346383309,-0.04088028271993,-0.1214721810770224,0.021802071556152103,0.0125388519184009,0.0171704617372765
Mistral-7B-Instruct-v0.3,EBM-NLP,7814711,P1,P2,P1->P2,-0.0389840446757098,-0.0164727516341627,-0.0187783061543054,-0.0693053391282958,0.030321294452585995,0.002305554520142701,0.016313424486364348
Mistral-7B-Instruct-v0.3,EBM-NLP,7814711,P2,P3,P2->P3,-0.0164727516341627,-0.0189231142663119,-0.0164727516341627,-0.0189231142663119,0.002450362632149202,0.002450362632149202,0.002450362632149202
Mistral-7B-Instruct-v0.3,EBM-NLP,7814711,P3,P4,P3->P4,-0.0189231142663119,-0.0341777959421499,-0.6277355445521091,-0.1336600571347956,0.11473694286848368,0.5935577486099592,0.35414734573922146
Mistral-7B-Instruct-v0.3,EBM-NLP,7814711,P4,P5,P4->P5,-0.0341777959421499,-0.0257241652527851,-0.0341777959421499,-0.0257241652527851,0.008453630689364798,0.008453630689364798,0.008453630689364798
Mistral-7B-Instruct-v0.3,EBM-NLP,7814711,P5,P6,P5->P6,-0.0257241652527851,-0.030591432171971,-0.0257241652527851,-0.030591432171971,0.004867266919185903,0.004867266919185903,0.004867266919185903
Mistral-7B-Instruct-v0.3,EBM-NLP,17897478,P1,P2,P1->P2,-0.0126549611939849,-0.0202509372278532,-0.0126549611939849,-0.0202509372278532,0.007595976033868301,0.007595976033868301,0.007595976033868301
Mistral-7B-Instruct-v0.3,EBM-NLP,17897478,P2,P3,P2->P3,-0.0202509372278532,-0.0250922187390034,-0.0216793393480037,-0.0254617054651039,0.005210768237250699,0.0034128793909996985,0.004311823814125199
Mistral-7B-Instruct-v0.3,EBM-NLP,17897478,P3,P4,P3->P4,-0.0250922187390034,-0.0587158957098284,-0.0821581671380589,-0.0235610942594118,0.0015311244795916008,0.0234422714282305,0.01248669795391105
Mistral-7B-Instruct-v0.3,EBM-NLP,17897478,P4,P5,P4->P5,-0.0587158957098284,-0.0246799693983278,-0.0386772457234285,-0.0485653958768926,0.010150499832935804,0.013997276325100696,0.01207388807901825
Mistral-7B-Instruct-v0.3,EBM-NLP,17897478,P5,P6,P5->P6,-0.0246799693983278,-0.0313265154851071,-0.0246799693983278,-0.0313265154851071,0.006646546086779299,0.006646546086779299,0.006646546086779299
Mistral-7B-Instruct-v0.3,SciERC,W02-1602,P1,P2,P1->P2,-0.0296132842922816,-0.0277783312509806,-0.0346645772248545,-0.0301373692345805,0.0005240849422989032,0.006886245973873897,0.0037051654580864003
Mistral-7B-Instruct-v0.3,SciERC,W02-1602,P2,P3,P2->P3,-0.0277783312509806,-0.0273068300715491,-0.0341435985620263,-0.0314970395374984,0.0037187082865177967,0.006836768490477197,0.005277738388497497
Mistral-7B-Instruct-v0.3,SciERC,W02-1602,P3,P4,P3->P4,-0.0273068300715491,-0.0463283613842571,-0.2184757606207745,-0.0780582757183439,0.05075144564679479,0.1721473992365174,0.11144942244165609
Mistral-7B-Instruct-v0.3,SciERC,W02-1602,P4,P5,P4->P5,-0.0463283613842571,-0.107737734632672,-0.1577524564334384,-0.0812261465900731,0.034897785205816004,0.05001472180076641,0.04245625350329121
Mistral-7B-Instruct-v0.3,SciERC,W02-1602,P5,P6,P5->P6,-0.107737734632672,-0.1054416848683213,-0.102960705532726,-0.1143926280849384,0.0066548934522664,0.002480979335595296,0.004567936393930848
Mistral-7B-Instruct-v0.3,EBM-NLP,10589810,P1,P2,P1->P2,-0.0732196198953111,-0.0211077071573018,-0.0159712635563234,-0.0709422127799178,0.002277407115393301,0.0051364436009784,0.0037069253581858506
Mistral-7B-Instruct-v0.3,EBM-NLP,10589810,P2,P3,P2->P3,-0.0211077071573018,-0.0261707224789455,-0.0391486554279835,-0.0333458047835424,0.012238097626240597,0.012977932949038002,0.0126080152876393
Mistral-7B-Instruct-v0.3,EBM-NLP,10589810,P3,P4,P3->P4,-0.0261707224789455,-0.0515329983945076,-0.4215623965630165,-0.1594880953342957,0.1333173728553502,0.3700293981685089,0.2516733855119295
Mistral-7B-Instruct-v0.3,EBM-NLP,10589810,P4,P5,P4->P5,-0.0515329983945076,-0.0760125122239104,-0.173678794793323,-0.0424679380196791,0.009065060374828494,0.0976662825694126,0.05336567147212054
Mistral-7B-Instruct-v0.3,EBM-NLP,10589810,P5,P6,P5->P6,-0.0760125122239104,-0.0707058053497874,-0.0602418381139772,-0.0792117255978879,0.003199213373977508,0.010463967235810202,0.006831590304893855
Mistral-7B-Instruct-v0.3,EBM-NLP,26210844,P1,P2,P1->P2,-0.0213344486259957,-0.0103157848119735,-0.0115256265286476,-0.0327299883847391,0.011395539758743405,0.0012098417166741,0.006302690737708752
Mistral-7B-Instruct-v0.3,EBM-NLP,26210844,P2,P3,P2->P3,-0.0103157848119735,-0.0149690556998659,-0.016494119312705,-0.007882818820015,0.0024329659919585,0.001525063612839099,0.0019790148023987996
Mistral-7B-Instruct-v0.3,EBM-NLP,26210844,P3,P4,P3->P4,-0.0149690556998659,-0.059468967977323,-0.3637834548950195,-0.1104860749186539,0.09551701921878801,0.3043144869176965,0.19991575306824227
Mistral-7B-Instruct-v0.3,EBM-NLP,26210844,P4,P5,P4->P5,-0.059468967977323,-0.0193402816306103,-0.0952791407868102,-0.08597340646543,0.026504438488107004,0.0759388591561999,0.05122164882215345
Mistral-7B-Instruct-v0.3,EBM-NLP,26210844,P5,P6,P5->P6,-0.0193402816306103,-0.0316758701107004,-0.0193402816306103,-0.0316758701107004,0.012335588480090101,0.012335588480090101,0.012335588480090101
Mistral-7B-Instruct-v0.3,EBM-NLP,7598243,P1,P2,P1->P2,-0.00871591913026,-0.0160829422136696,-0.00871591913026,-0.0160829422136696,0.007367023083409599,0.007367023083409599,0.007367023083409599
Mistral-7B-Instruct-v0.3,EBM-NLP,7598243,P2,P3,P2->P3,-0.0160829422136696,-0.0089646043493795,-0.0160829422136696,-0.0089646043493795,0.0071183378642900984,0.0071183378642900984,0.0071183378642900984
Mistral-7B-Instruct-v0.3,EBM-NLP,7598243,P3,P4,P3->P4,-0.0089646043493795,-0.0508513844531515,-0.5865157915198285,-0.1328498570014646,0.1238852526520851,0.535664407066677,0.329774829859381
Mistral-7B-Instruct-v0.3,EBM-NLP,7598243,P4,P5,P4->P5,-0.0508513844531515,-0.0211628466305962,-0.0695931480591555,-0.1957086024077042,0.1448572179545527,0.048430301428559294,0.096643759691556
Mistral-7B-Instruct-v0.3,EBM-NLP,7598243,P5,P6,P5->P6,-0.0211628466305962,-0.0346891016261764,-0.0295329119067594,-0.0383833649691688,0.017220518338572598,0.005156189719417004,0.0111883540289948
Mistral-7B-Instruct-v0.3,EBM-NLP,11737955,P1,P2,P1->P2,-0.0248027994022537,-0.0182674932488712,-0.0272539964622922,-0.0353126510693411,0.010509851667087403,0.008986503213421,0.009748177440254201
Mistral-7B-Instruct-v0.3,EBM-NLP,11737955,P2,P3,P2->P3,-0.0182674932488712,-0.017867948027218,-0.0152588457745664,-0.0083500430307639,0.0099174502181073,0.0026091022526515996,0.00626327623537945
Mistral-7B-Instruct-v0.3,EBM-NLP,11737955,P3,P4,P3->P4,-0.017867948027218,-0.0778205315401027,-0.1824166157415934,-0.1114412789835649,0.0935733309563469,0.1045960842014907,0.0990847075789188
Mistral-7B-Instruct-v0.3,EBM-NLP,11737955,P4,P5,P4->P5,-0.0778205315401027,-0.0501813655675843,-0.0700672593227652,-0.0858452366544054,0.0080247051143027,0.0198858937551809,0.013955299434741799
Mistral-7B-Instruct-v0.3,EBM-NLP,11737955,P5,P6,P5->P6,-0.0501813655675843,-0.0459368447462717,-0.0566574354966481,-0.0693681655928146,0.0191868000252303,0.010720590750376395,0.014953695387803348
Mistral-7B-Instruct-v0.3,EBM-NLP,20226474,P1,P2,P1->P2,-0.0077504809842838,-0.0097433889247967,-0.0057368481813586,-0.0117598019879108,0.004009321003627,0.0040065407434380996,0.00400793087353255
Mistral-7B-Instruct-v0.3,EBM-NLP,20226474,P2,P3,P2->P3,-0.0097433889247967,-0.0133078486184801,-0.0097433889247967,-0.0133078486184801,0.0035644596936833996,0.0035644596936833996,0.0035644596936833996
Mistral-7B-Instruct-v0.3,EBM-NLP,20226474,P3,P4,P3->P4,-0.0133078486184801,-0.0659632242590025,-0.753328646101559,-0.0728706846013665,0.059562835982886406,0.6873654218425566,0.37346412891272146
Mistral-7B-Instruct-v0.3,EBM-NLP,20226474,P4,P5,P4->P5,-0.0659632242590025,-0.0909858187297722,-0.171034093026991,-0.045728685303374,0.020234538955628503,0.0800482742972188,0.05014140662642365
Mistral-7B-Instruct-v0.3,EBM-NLP,20226474,P5,P6,P5->P6,-0.0909858187297722,-0.0708517441368083,-0.0547462738458517,-0.1254821829981618,0.034496364268389604,0.016105470290956596,0.0253009172796731
Mistral-7B-Instruct-v0.3,EBM-NLP,21896676,P1,P2,P1->P2,-0.009334853603667,-0.0032346982219888,-0.0138342440127172,-0.0332327645418212,0.023897910938154195,0.0105995457907284,0.017248728364441298
Mistral-7B-Instruct-v0.3,EBM-NLP,21896676,P2,P3,P2->P3,-0.0032346982219888,-0.0415156531686845,-0.0252513661379678,-0.0183645986591727,0.015129900437183898,0.016264287030716702,0.0156970937339503
Mistral-7B-Instruct-v0.3,EBM-NLP,21896676,P3,P4,P3->P4,-0.0415156531686845,-0.0318879894912242,-0.3567564487457275,-0.1894357094919323,0.1479200563232478,0.3248684592545033,0.23639425778887557
Mistral-7B-Instruct-v0.3,EBM-NLP,21896676,P4,P5,P4->P5,-0.0318879894912242,-0.0414148589198508,-0.20162091965086,-0.1573880910873413,0.1255001015961171,0.16020606073100918,0.14285308116356316
Mistral-7B-Instruct-v0.3,EBM-NLP,21896676,P5,P6,P5->P6,-0.0414148589198508,-0.0316753997044129,-0.0314550101757049,-0.0430411153964782,0.0016262564766274037,0.00022038952870800238,0.0009233230026677031
Mistral-7B-Instruct-v0.3,EBM-NLP,8913901,P1,P2,P1->P2,-0.0059507654151982,-0.0109881590583226,-0.021617100219705,-0.0066750778092278,0.0007243123940296001,0.010628941161382402,0.005676626777706001
Mistral-7B-Instruct-v0.3,EBM-NLP,8913901,P2,P3,P2->P3,-0.0109881590583226,-0.009513784153094,-0.0109881590583226,-0.009513784153094,0.0014743749052285992,0.0014743749052285992,0.0014743749052285992
Mistral-7B-Instruct-v0.3,EBM-NLP,8913901,P3,P4,P3->P4,-0.009513784153094,-0.0413422584533691,-0.5805584192276001,-0.0656913391449166,0.056177554991822594,0.539216160774231,0.2976968578830268
Mistral-7B-Instruct-v0.3,EBM-NLP,8913901,P4,P5,P4->P5,-0.0413422584533691,-0.0498940096063129,-0.2285898176290221,-0.1040575355291366,0.0627152770757675,0.1786958080227092,0.12070554254923835
Mistral-7B-Instruct-v0.3,EBM-NLP,8913901,P5,P6,P5->P6,-0.0498940096063129,-0.0477487838874428,-0.0498940096063129,-0.0477487838874428,0.002145225718870096,0.002145225718870096,0.002145225718870096
Mistral-7B-Instruct-v0.3,EBM-NLP,24515505,P1,P2,P1->P2,-0.0055141506087892,-0.0264936414646477,-0.03174231024427,-0.0103127844749188,0.0047986338661296,0.005248668779622302,0.005023651322875951
Mistral-7B-Instruct-v0.3,EBM-NLP,24515505,P2,P3,P2->P3,-0.0264936414646477,-0.0108680949346146,-0.0114358312707813,-0.0307063891254749,0.004212747660827198,0.0005677363361667014,0.0023902419984969496
Mistral-7B-Instruct-v0.3,EBM-NLP,24515505,P3,P4,P3->P4,-0.0108680949346146,-0.0280822341275565,-0.2823017947375774,-0.054687475843622,0.0438193809090074,0.2542195606100209,0.14901947075951413
Mistral-7B-Instruct-v0.3,EBM-NLP,24515505,P4,P5,P4->P5,-0.0280822341275565,-0.0373754248880653,-0.0991529395951212,-0.0274503657265621,0.0006318684009944016,0.0617775147070559,0.031204691554025152
Mistral-7B-Instruct-v0.3,EBM-NLP,24515505,P5,P6,P5->P6,-0.0373754248880653,-0.0534674464850812,-0.0829033593873719,-0.0594155557467032,0.022040130858637902,0.029435912902290695,0.0257380218804643
Mistral-7B-Instruct-v0.3,EBM-NLP,11317090,P1,P2,P1->P2,-0.0135587786133636,-0.0169171337532786,-0.0646352514756464,-0.0310251473363499,0.0174663687229863,0.0477181177223678,0.03259224322267705
Mistral-7B-Instruct-v0.3,EBM-NLP,11317090,P2,P3,P2->P3,-0.0169171337532786,-0.0080703196318253,-0.0150079592414524,-0.0521225982007727,0.0352054644474941,0.0069376396096270995,0.021071552028560602
Mistral-7B-Instruct-v0.3,EBM-NLP,11317090,P3,P4,P3->P4,-0.0080703196318253,-0.0506792508629587,-0.9549344392770414,-0.1585947948953379,0.1505244752635126,0.9042551884140827,0.5273898318387976
Mistral-7B-Instruct-v0.3,EBM-NLP,11317090,P4,P5,P4->P5,-0.0506792508629587,-0.0277297526880699,-0.1715623929398134,-0.1274410137754575,0.0767617629124988,0.1438326402517435,0.11029720158212114
Mistral-7B-Instruct-v0.3,EBM-NLP,11317090,P5,P6,P5->P6,-0.0277297526880699,-0.0264656071867128,-0.0277297526880699,-0.0264656071867128,0.0012641455013570994,0.0012641455013570994,0.0012641455013570994
Mistral-7B-Instruct-v0.3,EBM-NLP,8771302,P1,P2,P1->P2,-0.0369277950060569,-0.0763843464305498,-0.0805328599082462,-0.0602186131275306,0.023290818121473704,0.004148513477696403,0.013719665799585053
Mistral-7B-Instruct-v0.3,EBM-NLP,8771302,P2,P3,P2->P3,-0.0763843464305498,-0.029443224495892,-0.0447488030696886,-0.0721055103351729,0.004278836095376895,0.015305578573796597,0.009792207334586746
Mistral-7B-Instruct-v0.3,EBM-NLP,8771302,P3,P4,P3->P4,-0.029443224495892,-0.0316944425756281,-0.3169669433073564,-0.1598684690656705,0.1304252445697785,0.28527250073172833,0.2078488726507534
Mistral-7B-Instruct-v0.3,EBM-NLP,8771302,P4,P5,P4->P5,-0.0316944425756281,-0.0294526854181677,-0.1084941809739523,-0.1552696336399425,0.12357519106431442,0.0790414955557846,0.10130834331004951
Mistral-7B-Instruct-v0.3,EBM-NLP,8771302,P5,P6,P5->P6,-0.0294526854181677,-0.0252765745952211,-0.0278780282228842,-0.0598763130544647,0.030423627636296996,0.0026014536276630987,0.016512540631980047
Mistral-7B-Instruct-v0.3,EBM-NLP,3534803,P1,P2,P1->P2,-0.0154249372278771,-0.012189742412653,-0.0282457626617706,-0.0123081873466328,0.0031167498812443,0.0160560202491176,0.00958638506518095
Mistral-7B-Instruct-v0.3,EBM-NLP,3534803,P2,P3,P2->P3,-0.012189742412653,-0.0120129440281842,-0.012189742412653,-0.0120129440281842,0.0001767983844687994,0.0001767983844687994,0.0001767983844687994
Mistral-7B-Instruct-v0.3,EBM-NLP,3534803,P3,P4,P3->P4,-0.0120129440281842,-0.0382742488159323,-0.5713007495088397,-0.1804636147645142,0.16845067073633,0.5330265006929074,0.3507385857146187
Mistral-7B-Instruct-v0.3,EBM-NLP,3534803,P4,P5,P4->P5,-0.0382742488159323,-0.0590646497905254,-0.2427254915237426,-0.0690591357788949,0.030784886962962603,0.1836608417332172,0.1072228643480899
Mistral-7B-Instruct-v0.3,EBM-NLP,3534803,P5,P6,P5->P6,-0.0590646497905254,-0.0407596623400847,-0.0462899643679459,-0.0588069673627614,0.00025768242776399997,0.0055303020278612,0.0028939922278126
Mistral-7B-Instruct-v0.3,EBM-NLP,23103798,P1,P2,P1->P2,-0.0371423336830394,-0.0223945261044211,-0.029553740705515,-0.0553511773167494,0.018208843633709997,0.007159214601093897,0.012684029117401947
Mistral-7B-Instruct-v0.3,EBM-NLP,23103798,P2,P3,P2->P3,-0.0223945261044211,-0.0245345956080149,-0.0278461043870894,-0.02508364668939,0.0026891205849688994,0.003311508779074497,0.0030003146820216983
Mistral-7B-Instruct-v0.3,EBM-NLP,23103798,P3,P4,P3->P4,-0.0245345956080149,-0.0224459582863196,-0.2255181448011059,-0.1429917888942166,0.11845719328620169,0.2030721865147863,0.160764689900494
Mistral-7B-Instruct-v0.3,EBM-NLP,23103798,P4,P5,P4->P5,-0.0224459582863196,-0.0422946640423366,-0.1855771371296473,-0.0499796181189993,0.0275336598326797,0.14328247308731068,0.08540806645999519
Mistral-7B-Instruct-v0.3,EBM-NLP,23103798,P5,P6,P5->P6,-0.0422946640423366,-0.032940708507191,-0.0567198059775612,-0.0808245199067252,0.038529855864388604,0.0237790974703702,0.031154476667379402
Mistral-7B-Instruct-v0.3,EBM-NLP,14763035,P1,P2,P1->P2,-0.0316831483082337,-0.0202987801467356,-0.0182801241831929,-0.0368899984115904,0.005206850103356704,0.002018655963542698,0.003612753033449701
Mistral-7B-Instruct-v0.3,EBM-NLP,14763035,P2,P3,P2->P3,-0.0202987801467356,-0.0285184762735919,-0.0370196848380856,-0.0265677994275841,0.006269019280848501,0.008501208564493698,0.0073851139226711
Mistral-7B-Instruct-v0.3,EBM-NLP,14763035,P3,P4,P3->P4,-0.0285184762735919,-0.0324782500080033,-0.1367762874154483,-0.1167799964547157,0.0882615201811238,0.104298037407445,0.0962797787942844
Mistral-7B-Instruct-v0.3,EBM-NLP,14763035,P4,P5,P4->P5,-0.0324782500080033,-0.0540217698210536,-0.0910849742370076,-0.0915618344849231,0.0590835844769198,0.037063204415953996,0.04807339444643689
Mistral-7B-Instruct-v0.3,EBM-NLP,14763035,P5,P6,P5->P6,-0.0540217698210536,-0.0456082478717521,-0.0475594125412128,-0.048752745779434,0.005269024041619601,0.0019511646694607004,0.0036100943555401506
Mistral-7B-Instruct-v0.3,EBM-NLP,24960665,P1,P2,P1->P2,-0.0136377564393334,-0.0112695112460997,-0.0096842790562609,-0.0158705521205436,0.0022327956812101986,0.0015852321898388016,0.0019090139355245
Mistral-7B-Instruct-v0.3,EBM-NLP,24960665,P2,P3,P2->P3,-0.0112695112460997,-0.0288792975045539,-0.0223138118112409,-0.0133517119215755,0.0020822006754757996,0.006565485693313,0.0043238431843944
Mistral-7B-Instruct-v0.3,EBM-NLP,24960665,P3,P4,P3->P4,-0.0288792975045539,-0.0440999711713483,-0.4497817716290874,-0.0579827909534041,0.029103493448850198,0.4056818004577391,0.21739264695329466
Mistral-7B-Instruct-v0.3,EBM-NLP,24960665,P4,P5,P4->P5,-0.0440999711713483,-0.0330938686927159,-0.1214613556861877,-0.0627302988882987,0.018630327716950404,0.0883674869934718,0.0534989073552111
Mistral-7B-Instruct-v0.3,EBM-NLP,24960665,P5,P6,P5->P6,-0.0330938686927159,-0.0286639114220937,-0.0330938686927159,-0.0286639114220937,0.0044299572706221965,0.0044299572706221965,0.0044299572706221965
Mistral-7B-Instruct-v0.3,EBM-NLP,25898782,P1,P2,P1->P2,-0.0175233913223261,-0.0266891593343267,-0.0395600689485048,-0.0212010443649732,0.0036776530426471006,0.0128709096141781,0.0082742813284126
Mistral-7B-Instruct-v0.3,EBM-NLP,25898782,P2,P3,P2->P3,-0.0266891593343267,-0.0266736616008726,-0.0281070992278978,-0.0397686625731488,0.013079503238822104,0.0014334376270252018,0.007256470432923653
Mistral-7B-Instruct-v0.3,EBM-NLP,25898782,P3,P4,P3->P4,-0.0266736616008726,-0.057700032217277,-0.1180613469768452,-0.1192407295543272,0.0925670679534546,0.0603613147595682,0.07646419135651139
Mistral-7B-Instruct-v0.3,EBM-NLP,25898782,P4,P5,P4->P5,-0.057700032217277,-0.0564687898603536,-0.2918831776764433,-0.0415799530748004,0.016120079142476602,0.2354143878160897,0.12576723347928315
Mistral-7B-Instruct-v0.3,EBM-NLP,25898782,P5,P6,P5->P6,-0.0564687898603536,-0.0731268979735293,-0.0564687898603536,-0.0731268979735293,0.016658108113175696,0.016658108113175696,0.016658108113175696
Mistral-7B-Instruct-v0.3,EBM-NLP,24726342,P1,P2,P1->P2,-0.0118779676379102,-0.0098881052427326,-0.0118779676379102,-0.0098881052427326,0.001989862395177599,0.001989862395177599,0.001989862395177599
Mistral-7B-Instruct-v0.3,EBM-NLP,24726342,P2,P3,P2->P3,-0.0098881052427326,-0.0108138561266575,-0.0098881052427326,-0.0108138561266575,0.0009257508839248998,0.0009257508839248998,0.0009257508839248998
Mistral-7B-Instruct-v0.3,EBM-NLP,24726342,P3,P4,P3->P4,-0.0108138561266575,-0.0731138061074649,-0.7472768297382429,-0.0329059403579516,0.0220920842312941,0.6741630236307781,0.34812755393103606
Mistral-7B-Instruct-v0.3,EBM-NLP,24726342,P4,P5,P4->P5,-0.0731138061074649,-0.0379997342824935,-0.1825813055038452,-0.2531027700386795,0.17998896393121458,0.14458157122135168,0.16228526757628314
Mistral-7B-Instruct-v0.3,EBM-NLP,24726342,P5,P6,P5->P6,-0.0379997342824935,-0.0229711383581161,-0.0434560365974903,-0.0529998689889907,0.0150001347064972,0.020484898239374195,0.017742516472935697
Mistral-7B-Instruct-v0.3,EBM-NLP,14739125,P1,P2,P1->P2,-0.022259765885146,-0.0107541502132443,-0.0146922660965939,-0.0356820138361117,0.0134222479509657,0.003938115883349601,0.00868018191715765
Mistral-7B-Instruct-v0.3,EBM-NLP,14739125,P2,P3,P2->P3,-0.0107541502132443,-0.0162756937310883,-0.0165395059083637,-0.0102124414363995,0.0005417087768447987,0.0002638121772754014,0.00040276047706010003
Mistral-7B-Instruct-v0.3,EBM-NLP,14739125,P3,P4,P3->P4,-0.0162756937310883,-0.0369060728457066,-0.5145557143471458,-0.041735683420771,0.0254599896896827,0.4776496415014392,0.2515548155955609
Mistral-7B-Instruct-v0.3,EBM-NLP,14739125,P4,P5,P4->P5,-0.0369060728457066,-0.0333147935378245,-0.1209195745296967,-0.0962865116534295,0.059380438807722896,0.0876047809918722,0.07349260989979756
Mistral-7B-Instruct-v0.3,EBM-NLP,14739125,P5,P6,P5->P6,-0.0333147935378245,-0.0212941122055053,-0.0520825910568237,-0.0648909253187668,0.031576131780942304,0.030788478851318402,0.03118230531613035
Mistral-7B-Instruct-v0.3,EBM-NLP,12576806,P1,P2,P1->P2,-0.0235799251008877,-0.0189882112024104,-0.0235799251008877,-0.0189882112024104,0.0045917138984773,0.0045917138984773,0.0045917138984773
Mistral-7B-Instruct-v0.3,EBM-NLP,12576806,P2,P3,P2->P3,-0.0189882112024104,-0.0287188121602554,-0.0322077899924979,-0.0314323261248326,0.0124441149224222,0.003488977832242498,0.007966546377332349
Mistral-7B-Instruct-v0.3,EBM-NLP,12576806,P3,P4,P3->P4,-0.0287188121602554,-0.0273536770837381,-0.7277184947884667,-0.0956613446070143,0.06694253244675889,0.7003648177047286,0.3836536750757437
Mistral-7B-Instruct-v0.3,EBM-NLP,12576806,P4,P5,P4->P5,-0.0273536770837381,-0.0542281250799855,-0.1043713784986926,-0.1622028270786678,0.1348491499949297,0.0501432534187071,0.0924962017068184
Mistral-7B-Instruct-v0.3,EBM-NLP,12576806,P5,P6,P5->P6,-0.0542281250799855,-0.0429904922362296,-0.0542281250799855,-0.0429904922362296,0.011237632843755903,0.011237632843755903,0.011237632843755903
Mistral-7B-Instruct-v0.3,EBM-NLP,21669557,P1,P2,P1->P2,-0.0451253165351056,-0.0033033387153409,-0.0542020993307232,-0.0926406152491822,0.0475152987140766,0.0508987606153823,0.04920702966472945
Mistral-7B-Instruct-v0.3,EBM-NLP,21669557,P2,P3,P2->P3,-0.0033033387153409,-0.0044313552207313,-0.0033033387153409,-0.0044313552207313,0.0011280165053904,0.0011280165053904,0.0011280165053904
Mistral-7B-Instruct-v0.3,EBM-NLP,21669557,P3,P4,P3->P4,-0.0044313552207313,-0.034318269315091,-0.6415094187955909,-0.1684172749519348,0.1639859197312035,0.6071911494804999,0.3855885346058517
Mistral-7B-Instruct-v0.3,EBM-NLP,21669557,P4,P5,P4->P5,-0.034318269315091,-0.0296913221770641,-0.0627906509474212,-0.0569132675176881,0.022594998202597097,0.0330993287703571,0.0278471634864771
Mistral-7B-Instruct-v0.3,EBM-NLP,21669557,P5,P6,P5->P6,-0.0296913221770641,-0.0523728100039685,-0.0569132675176881,-0.0756372563979205,0.0459459342208564,0.004540457513719599,0.025243195867288
Mistral-7B-Instruct-v0.3,SciERC,J86-3001,P1,P2,P1->P2,-0.0272477469504034,-0.0309702191915661,-0.0332539392729659,-0.0303150817732481,0.0030673348228447,0.002283720081399803,0.0026755274521222516
Mistral-7B-Instruct-v0.3,SciERC,J86-3001,P2,P3,P2->P3,-0.0309702191915661,-0.0304002091873674,-0.0317953587018564,-0.0374984210946484,0.006528201903082297,0.0013951495144890018,0.0039616757087856495
Mistral-7B-Instruct-v0.3,SciERC,J86-3001,P3,P4,P3->P4,-0.0304002091873674,-0.0388816152309072,-0.1317969479717772,-0.0824598416108225,0.0520596324234551,0.09291533274087002,0.07248748258216256
Mistral-7B-Instruct-v0.3,SciERC,J86-3001,P4,P5,P4->P5,-0.0388816152309072,-0.0479364979176656,-0.0910302498450619,-0.0584001670222125,0.0195185517913053,0.043093751927396305,0.0313061518593508
Mistral-7B-Instruct-v0.3,SciERC,J86-3001,P5,P6,P5->P6,-0.0479364979176656,-0.0286073813670858,-0.0300858210539445,-0.0504466634502023,0.002510165532536704,0.0014784396868587,0.001994302609697702
Mistral-7B-Instruct-v0.3,EBM-NLP,21491990,P1,P2,P1->P2,-0.0110581322243153,-0.0168963542453379,-0.0108488093283085,-0.0238245127734956,0.0127663805491803,0.006047544917029402,0.00940696273310485
Mistral-7B-Instruct-v0.3,EBM-NLP,21491990,P2,P3,P2->P3,-0.0168963542453379,-0.0237818322518388,-0.0271075565521393,-0.0121684822919113,0.004727871953426601,0.003325724300300502,0.004026798126863552
Mistral-7B-Instruct-v0.3,EBM-NLP,21491990,P3,P4,P3->P4,-0.0237818322518388,-0.0605418173114905,-0.2866439310352454,-0.0440221267498352,0.020240294497996403,0.22610211372375488,0.12317120411087565
Mistral-7B-Instruct-v0.3,EBM-NLP,21491990,P4,P5,P4->P5,-0.0605418173114905,-0.0703377267147632,-0.1099764501794855,-0.1454436256644431,0.0849018083529526,0.0396387234647223,0.062270265908837455
Mistral-7B-Instruct-v0.3,EBM-NLP,21491990,P5,P6,P5->P6,-0.0703377267147632,-0.0749637916170317,-0.0555426635961422,-0.1067668478539649,0.0364291211392017,0.019421128020889508,0.027925124580045604
Mistral-7B-Instruct-v0.3,EBM-NLP,24989854,P1,P2,P1->P2,-0.0394073824473895,-0.0607932861055339,-0.0670236539733302,-0.0555703885823574,0.0161630061349679,0.006230367867796294,0.011196687001382096
Mistral-7B-Instruct-v0.3,EBM-NLP,24989854,P2,P3,P2->P3,-0.0607932861055339,-0.0558606293891464,-0.0607932861055339,-0.0558606293891464,0.004932656716387505,0.004932656716387505,0.004932656716387505
Mistral-7B-Instruct-v0.3,EBM-NLP,24989854,P3,P4,P3->P4,-0.0558606293891464,-0.0913573351773348,-0.8745553450150924,-0.1079169125170321,0.052056283127885704,0.7831980098377576,0.4176271464828216
Mistral-7B-Instruct-v0.3,EBM-NLP,24989854,P4,P5,P4->P5,-0.0913573351773348,-0.1016642153263092,-0.1549783498048782,-0.3474415865811435,0.2560842514038087,0.053314134478569,0.15469919294118883
Mistral-7B-Instruct-v0.3,EBM-NLP,24989854,P5,P6,P5->P6,-0.1016642153263092,-0.0644075089183292,-0.1016642153263092,-0.0644075089183292,0.03725670640798,0.03725670640798,0.03725670640798
Mistral-7B-Instruct-v0.3,EBM-NLP,10912743,P1,P2,P1->P2,-0.0150603549495624,-0.0292360765539157,-0.0150603549495624,-0.0292360765539157,0.0141757216043533,0.0141757216043533,0.0141757216043533
Mistral-7B-Instruct-v0.3,EBM-NLP,10912743,P2,P3,P2->P3,-0.0292360765539157,-0.0335920871096267,-0.0243265459999099,-0.0437946911830051,0.0145586146290894,0.009265541109716804,0.011912077869403102
Mistral-7B-Instruct-v0.3,EBM-NLP,10912743,P3,P4,P3->P4,-0.0335920871096267,-0.0356642375757664,-0.1401278529270195,-0.1364267247504201,0.10283463764079338,0.10446361535125309,0.10364912649602323
Mistral-7B-Instruct-v0.3,EBM-NLP,10912743,P4,P5,P4->P5,-0.0356642375757664,-0.0545853122751763,-0.2279534821814679,-0.0483294297699575,0.0126651921941911,0.1733681699062916,0.09301668105024136
Mistral-7B-Instruct-v0.3,EBM-NLP,10912743,P5,P6,P5->P6,-0.0545853122751763,-0.0293987085079324,-0.0703045499735865,-0.090453047701653,0.03586773542647669,0.0409058414656541,0.0383867884460654
Mistral-7B-Instruct-v0.3,EBM-NLP,25479285,P1,P2,P1->P2,-0.0259592362812587,-0.0722506951402734,-0.0309416784180535,-0.0486375237149851,0.0226782874337264,0.0413090167222199,0.03199365207797315
Mistral-7B-Instruct-v0.3,EBM-NLP,25479285,P2,P3,P2->P3,-0.0722506951402734,-0.011457370441468,-0.0220798390810606,-0.0454801481079172,0.026770547032356193,0.010622468639592599,0.018696507835974395
Mistral-7B-Instruct-v0.3,EBM-NLP,25479285,P3,P4,P3->P4,-0.011457370441468,-0.0709032644046826,-0.3526074913110626,-0.0415145627787855,0.030057192337317497,0.28170422690638003,0.15588070962184877
Mistral-7B-Instruct-v0.3,EBM-NLP,25479285,P4,P5,P4->P5,-0.0709032644046826,-0.0344233731834255,-0.0587708804072166,-0.051463063513295,0.0194402008913876,0.0243475072237911,0.02189385405758935
Mistral-7B-Instruct-v0.3,EBM-NLP,25479285,P5,P6,P5->P6,-0.0344233731834255,-0.0531376016900894,-0.0775559430426739,-0.0450135007196543,0.010590127536228802,0.024418341352584493,0.017504234444406647
Mistral-7B-Instruct-v0.3,EBM-NLP,21982657,P1,P2,P1->P2,-0.0135167585951941,-0.0122613938231217,-0.010753372782155,-0.0251329435377704,0.011616184942576298,0.0015080210409667005,0.006562102991771499
Mistral-7B-Instruct-v0.3,EBM-NLP,21982657,P2,P3,P2->P3,-0.0122613938231217,-0.0084140930373809,-0.0122613938231217,-0.0084140930373809,0.0038473007857408002,0.0038473007857408002,0.0038473007857408002
Mistral-7B-Instruct-v0.3,EBM-NLP,21982657,P3,P4,P3->P4,-0.0084140930373809,-0.0180740418105289,-0.5093974409432247,-0.0481291475068581,0.0397150544694772,0.4913233991326958,0.26551922680108647
Mistral-7B-Instruct-v0.3,EBM-NLP,21982657,P4,P5,P4->P5,-0.0180740418105289,-0.0259940098907987,-0.0843055531129998,-0.0252486919534617,0.007174650142932799,0.0583115432222011,0.03274309668256695
Mistral-7B-Instruct-v0.3,EBM-NLP,21982657,P5,P6,P5->P6,-0.0259940098907987,-0.0241750622617787,-0.0252486919534617,-0.0482676796993966,0.022273669808597896,0.0010736296916829986,0.011673649750140448
Mistral-7B-Instruct-v0.3,EBM-NLP,19301724,P1,P2,P1->P2,-0.0060148329080891,-0.0037412951784678,-0.0077147914576192,-0.0094970878305249,0.0034822549224358002,0.0039734962791514,0.0037278756007936
Mistral-7B-Instruct-v0.3,EBM-NLP,19301724,P2,P3,P2->P3,-0.0037412951784678,-0.0066926953754301,-0.0094970878305249,-0.0037792663791877,3.797120071990026e-05,0.0028043924550948006,0.0014211818279073504
Mistral-7B-Instruct-v0.3,EBM-NLP,19301724,P3,P4,P3->P4,-0.0066926953754301,-0.0143100460309807,-0.6292625636589236,-0.0494897789678083,0.042797083592378195,0.6149525176279429,0.32887480061016056
Mistral-7B-Instruct-v0.3,EBM-NLP,19301724,P4,P5,P4->P5,-0.0143100460309807,-0.0101072880053761,-0.1215134321740179,-0.0784863921382078,0.0641763461072271,0.11140614416864181,0.08779124513793446
Mistral-7B-Instruct-v0.3,EBM-NLP,19301724,P5,P6,P5->P6,-0.0101072880053761,-0.0168453208876378,-0.0101072880053761,-0.0168453208876378,0.006738032882261701,0.006738032882261701,0.006738032882261701
Mistral-7B-Instruct-v0.3,EBM-NLP,12586799,P1,P2,P1->P2,-0.0194328812649473,-0.0041663285252314,-0.0142979486188425,-0.0289960660156793,0.009563184750732,0.010131620093611099,0.00984740242217155
Mistral-7B-Instruct-v0.3,EBM-NLP,12586799,P2,P3,P2->P3,-0.0041663285252314,-0.0069080397416335,-0.0251450244525343,-0.0156295153263733,0.0114631868011419,0.0182369847109008,0.01485008575602135
Mistral-7B-Instruct-v0.3,EBM-NLP,12586799,P3,P4,P3->P4,-0.0069080397416335,-0.0549371679988476,-0.4255582476974627,-0.0769220847877667,0.0700140450461332,0.37062107969861513,0.22031756237237415
Mistral-7B-Instruct-v0.3,EBM-NLP,12586799,P4,P5,P4->P5,-0.0549371679988476,-0.0202380638527736,-0.0963671554005547,-0.0783386492947919,0.0234014812959443,0.0761290915477811,0.049765286421862696
Mistral-7B-Instruct-v0.3,EBM-NLP,12586799,P5,P6,P5->P6,-0.0202380638527736,-0.0663931083059712,-0.0202380638527736,-0.0663931083059712,0.0461550444531976,0.0461550444531976,0.0461550444531976
Mistral-7B-Instruct-v0.3,EBM-NLP,22956006,P1,P2,P1->P2,-0.0179431714689634,-0.0267021648523186,-0.0440576917984906,-0.0335493944583784,0.015606222989415,0.017355526946172,0.0164808749677935
Mistral-7B-Instruct-v0.3,EBM-NLP,22956006,P2,P3,P2->P3,-0.0267021648523186,-0.0058271228423658,-0.0113740950682253,-0.0427346334737889,0.016032468621470296,0.005546972225859499,0.010789720423664897
Mistral-7B-Instruct-v0.3,EBM-NLP,22956006,P3,P4,P3->P4,-0.0058271228423658,-0.043120852971481,-0.6831762022891287,-0.0315682449430789,0.025741122100713103,0.6400553493176476,0.33289823570918037
Mistral-7B-Instruct-v0.3,EBM-NLP,22956006,P4,P5,P4->P5,-0.043120852971481,-0.036231655823557,-0.0348849003775077,-0.1909271983777062,0.1478063454062252,0.0013467554460492998,0.07457655042613726
Mistral-7B-Instruct-v0.3,EBM-NLP,22956006,P5,P6,P5->P6,-0.036231655823557,-0.0379905826167056,-0.036231655823557,-0.0379905826167056,0.0017589267931485963,0.0017589267931485963,0.0017589267931485963
Mistral-7B-Instruct-v0.3,EBM-NLP,23392542,P1,P2,P1->P2,-0.0041937084821862,-0.0401091077110984,-0.0946450233459472,-0.0094447244352219,0.0052510159530357,0.054535915634848796,0.029893465793942246
Mistral-7B-Instruct-v0.3,EBM-NLP,23392542,P2,P3,P2->P3,-0.0401091077110984,-0.0141921924822258,-0.0401091077110984,-0.0141921924822258,0.0259169152288726,0.0259169152288726,0.0259169152288726
Mistral-7B-Instruct-v0.3,EBM-NLP,23392542,P3,P4,P3->P4,-0.0141921924822258,-0.0595739500071757,-0.5849707310016339,-0.057143754444339,0.0429515619621132,0.5253967809944582,0.2841741714782857
Mistral-7B-Instruct-v0.3,EBM-NLP,23392542,P4,P5,P4->P5,-0.0595739500071757,-0.0624994887224096,-0.1471219537964719,-0.0548855540079948,0.004688395999180896,0.08462246507406229,0.04465543053662159
Mistral-7B-Instruct-v0.3,EBM-NLP,23392542,P5,P6,P5->P6,-0.0624994887224096,-0.0896171944215893,-0.0869222052395343,-0.0927044760978577,0.0302049873754481,0.002694989182055005,0.016449988278751552
Mistral-7B-Instruct-v0.3,EBM-NLP,7707420,P1,P2,P1->P2,-0.0348052921749296,-0.0387198186453876,-0.0498888172132364,-0.0553335923997182,0.020528300224788597,0.011168998567848802,0.0158486493963187
Mistral-7B-Instruct-v0.3,EBM-NLP,7707420,P2,P3,P2->P3,-0.0387198186453876,-0.0437734816658829,-0.0359046817299526,-0.0512621549017932,0.0125423362564056,0.007868799935930301,0.01020556809616795
Mistral-7B-Instruct-v0.3,EBM-NLP,7707420,P3,P4,P3->P4,-0.0437734816658829,-0.0787558853626251,-0.605954647064209,-0.0676605045397318,0.023887022873848897,0.5271987617015839,0.2755428922877164
Mistral-7B-Instruct-v0.3,EBM-NLP,7707420,P4,P5,P4->P5,-0.0787558853626251,-0.0714321038302253,-0.1154672959271599,-0.1017548963427543,0.0229990109801292,0.0440351920969346,0.0335171015385319
Mistral-7B-Instruct-v0.3,EBM-NLP,7707420,P5,P6,P5->P6,-0.0714321038302253,-0.0512383431196212,-0.1032310823599497,-0.1503765863530776,0.0789444825228523,0.051992739240328496,0.0654686108815904
Mistral-7B-Instruct-v0.3,EBM-NLP,18845996,P1,P2,P1->P2,-0.0200757272086108,-0.015838251827464,-0.007176863791729,-0.0371515516255478,0.017075824416937,0.008661388035735,0.012868606226336
Mistral-7B-Instruct-v0.3,EBM-NLP,18845996,P2,P3,P2->P3,-0.015838251827464,-0.018278127980867,-0.015838251827464,-0.018278127980867,0.002439876153402999,0.002439876153402999,0.002439876153402999
Mistral-7B-Instruct-v0.3,EBM-NLP,18845996,P3,P4,P3->P4,-0.018278127980867,-0.0737379284554653,-0.3953209673420766,-0.027962858103873,0.009684730123006,0.3215830388866113,0.16563388450480868
Mistral-7B-Instruct-v0.3,EBM-NLP,18845996,P4,P5,P4->P5,-0.0737379284554653,-0.0182565134398791,-0.0367434067385537,-0.071363353997134,0.002374574458331294,0.018486893298674596,0.010430733878502945
Mistral-7B-Instruct-v0.3,EBM-NLP,18845996,P5,P6,P5->P6,-0.0182565134398791,-0.0974352432757007,-0.0182565134398791,-0.0974352432757007,0.07917872983582161,0.07917872983582161,0.07917872983582161
Mistral-7B-Instruct-v0.3,EBM-NLP,25950425,P1,P2,P1->P2,-0.009958322522228,-0.0082781949675188,-0.0141849823634697,-0.0118338470742983,0.0018755245520702991,0.005906787395950899,0.003891155974010599
Mistral-7B-Instruct-v0.3,EBM-NLP,25950425,P2,P3,P2->P3,-0.0082781949675188,-0.0107030449188205,-0.0085797007688521,-0.0092199098749866,0.0009417149074678003,0.0021233441499684015,0.001532529528718101
Mistral-7B-Instruct-v0.3,EBM-NLP,25950425,P3,P4,P3->P4,-0.0107030449188205,-0.043407046756187,-0.2774736478731229,-0.0209109350305064,0.0102078901116859,0.2340666011169359,0.1221372456143109
Mistral-7B-Instruct-v0.3,EBM-NLP,25950425,P4,P5,P4->P5,-0.043407046756187,-0.0154180720142305,-0.0167766697194478,-0.0333113167676832,0.010095729988503797,0.0013585977052173008,0.005727163846860549
Mistral-7B-Instruct-v0.3,EBM-NLP,25950425,P5,P6,P5->P6,-0.0154180720142305,-0.0641734916486857,-0.0463856664704687,-0.036548391979647,0.021130319965416502,0.017787825178217004,0.019459072571816755
Mistral-7B-Instruct-v0.3,EBM-NLP,11454878,P1,P2,P1->P2,-0.0198786672821195,-0.0159100592116682,-0.0209483454756935,-0.0224365004797356,0.0025578331976160995,0.005038286264025298,0.0037980597308206986
Mistral-7B-Instruct-v0.3,EBM-NLP,11454878,P2,P3,P2->P3,-0.0159100592116682,-0.016262316031142,-0.0184918062813977,-0.0161515356571628,0.00024147644549460043,0.0022294902502556987,0.0012354833478751496
Mistral-7B-Instruct-v0.3,EBM-NLP,11454878,P3,P4,P3->P4,-0.016262316031142,-0.0616115208013334,-0.611475268210136,-0.0458417646937235,0.0295794486625815,0.5498637474088026,0.2897215980356921
Mistral-7B-Instruct-v0.3,EBM-NLP,11454878,P4,P5,P4->P5,-0.0616115208013334,-0.0510458670449569,-0.1008601447856808,-0.0899395517384012,0.028328030937067795,0.049814277740723896,0.039071154338895846
Mistral-7B-Instruct-v0.3,EBM-NLP,11454878,P5,P6,P5->P6,-0.0510458670449569,-0.05693500883439,-0.0600914706786473,-0.0681483253326921,0.017102458287735205,0.0031564618442573023,0.010129460065996253
Mistral-7B-Instruct-v0.3,EBM-NLP,16505427,P1,P2,P1->P2,-0.0236290693283081,-0.0170899723458477,-0.0236290693283081,-0.0170899723458477,0.006539096982460399,0.006539096982460399,0.006539096982460399
Mistral-7B-Instruct-v0.3,EBM-NLP,16505427,P2,P3,P2->P3,-0.0170899723458477,-0.0195363810739874,-0.0237486807306218,-0.0252400742271753,0.008150101881327601,0.004212299656634399,0.006181200768981
Mistral-7B-Instruct-v0.3,EBM-NLP,16505427,P3,P4,P3->P4,-0.0195363810739874,-0.0446630540178782,-0.2206711503107156,-0.0673157476661045,0.047779366592117095,0.1760080962928374,0.11189373144247725
Mistral-7B-Instruct-v0.3,EBM-NLP,16505427,P4,P5,P4->P5,-0.0446630540178782,-0.0569820463657379,-0.1173357168833414,-0.1066615978283668,0.0619985438104886,0.06035367051760351,0.061176107164046055
Mistral-7B-Instruct-v0.3,EBM-NLP,16505427,P5,P6,P5->P6,-0.0569820463657379,-0.0599002263144306,-0.0594862822065318,-0.0726337730884552,0.0156517267227173,0.00041394410789880043,0.00803283541530805
Mistral-7B-Instruct-v0.3,EBM-NLP,12595499,P1,P2,P1->P2,-0.0309307340680477,-0.014605331908232,-0.0229554528710227,-0.0459568761423606,0.015026142074312902,0.0083501209627907,0.011688131518551801
Mistral-7B-Instruct-v0.3,EBM-NLP,12595499,P2,P3,P2->P3,-0.014605331908232,-0.0142353447915623,-0.014605331908232,-0.0142353447915623,0.00036998711666969865,0.00036998711666969865,0.00036998711666969865
Mistral-7B-Instruct-v0.3,EBM-NLP,12595499,P3,P4,P3->P4,-0.0142353447915623,-0.0600931774486194,-1.137658136541193,-0.1038333679894981,0.0895980231979358,1.0775649590925738,0.5835814911452548
Mistral-7B-Instruct-v0.3,EBM-NLP,12595499,P4,P5,P4->P5,-0.0600931774486194,-0.0634133715025136,-0.1795399256155524,-0.2511321674693714,0.19103899002075198,0.11612655411303881,0.15358277206689538
Mistral-7B-Instruct-v0.3,EBM-NLP,12595499,P5,P6,P5->P6,-0.0634133715025136,-0.0601145207881927,-0.1997234106063842,-0.062536225431192,0.0008771460713215967,0.1396088898181915,0.07024301794475654
Mistral-7B-Instruct-v0.3,EBM-NLP,22154769,P1,P2,P1->P2,-0.0173737140441382,-0.0376257059815662,-0.0633479660632563,-0.0362636079252869,0.0188898938811487,0.025722260081690096,0.022306076981419398
Mistral-7B-Instruct-v0.3,EBM-NLP,22154769,P2,P3,P2->P3,-0.0376257059815662,-0.0201224681433076,-0.0173305151943068,-0.0389183238635655,0.0012926178819993028,0.0027919529490007984,0.0020422854155000506
Mistral-7B-Instruct-v0.3,EBM-NLP,22154769,P3,P4,P3->P4,-0.0201224681433076,-0.1319619119167328,-0.5792629718780518,-0.0768503437745938,0.056727875631286194,0.44730105996131897,0.2520144677963026
Mistral-7B-Instruct-v0.3,EBM-NLP,22154769,P4,P5,P4->P5,-0.1319619119167328,-0.0550604984164238,-0.4448436498641968,-0.1370835900306701,0.005121678113937322,0.389783151447773,0.19745241478085515
Mistral-7B-Instruct-v0.3,EBM-NLP,22154769,P5,P6,P5->P6,-0.0550604984164238,-0.0498112190601437,-0.1369498718616574,-0.0550872199237346,2.672150731080486e-05,0.08713865280151371,0.043582687154412256
Mistral-7B-Instruct-v0.3,EBM-NLP,18189160,P1,P2,P1->P2,-0.0136698626126128,-0.0182767381309284,-0.0197418008401056,-0.0236102055767257,0.0099403429641129,0.0014650627091771992,0.00570270283664505
Mistral-7B-Instruct-v0.3,EBM-NLP,18189160,P2,P3,P2->P3,-0.0182767381309284,-0.0100055731119598,-0.0140273185178174,-0.0194174898373093,0.0011407517063809006,0.004021745405857601,0.002581248556119251
Mistral-7B-Instruct-v0.3,EBM-NLP,18189160,P3,P4,P3->P4,-0.0100055731119598,-0.0575038243543462,-0.1888987826248072,-0.0540964207022381,0.0440908475902783,0.131394958270461,0.08774290293036965
Mistral-7B-Instruct-v0.3,EBM-NLP,18189160,P4,P5,P4->P5,-0.0575038243543462,-0.053502990673947,-0.1419042528316539,-0.060118784663805,0.0026149603094587984,0.08840126215770688,0.04550811123358284
Mistral-7B-Instruct-v0.3,EBM-NLP,18189160,P5,P6,P5->P6,-0.053502990673947,-0.0761196177056495,-0.087641507006706,-0.061871963483031,0.008368972809083997,0.011521889301056507,0.009945431055070252
Mistral-7B-Instruct-v0.3,EBM-NLP,22897461,P1,P2,P1->P2,-0.0135333537702621,-0.0131050577733369,-0.0210542341249179,-0.0154030551684404,0.001869701398178299,0.007949176351581001,0.00490943887487965
Mistral-7B-Instruct-v0.3,EBM-NLP,22897461,P2,P3,P2->P3,-0.0131050577733369,-0.0138069192568461,-0.0131050577733369,-0.0138069192568461,0.0007018614835092012,0.0007018614835092012,0.0007018614835092012
Mistral-7B-Instruct-v0.3,EBM-NLP,22897461,P3,P4,P3->P4,-0.0138069192568461,-0.0269744820319689,-0.3383417083666875,-0.0443451683693579,0.030538249112511802,0.3113672263347186,0.1709527377236152
Mistral-7B-Instruct-v0.3,EBM-NLP,22897461,P4,P5,P4->P5,-0.0269744820319689,-0.0528668138715955,-0.298791143629286,-0.0469996161185778,0.0200251340866089,0.2459243297576905,0.1329747319221497
Mistral-7B-Instruct-v0.3,EBM-NLP,22897461,P5,P6,P5->P6,-0.0528668138715955,-0.0362233989723196,-0.0207475603443302,-0.0938097106085883,0.04094289673699279,0.015475838627989395,0.028209367682491094
Mistral-7B-Instruct-v0.3,EBM-NLP,20943715,P1,P2,P1->P2,-0.010167574774766,-0.0066348446691356,-0.0080442026877524,-0.0134830036036231,0.0033154288288570997,0.0014093580186168003,0.00236239342373695
Mistral-7B-Instruct-v0.3,EBM-NLP,20943715,P2,P3,P2->P3,-0.0066348446691356,-0.0304869415128826,-0.022741676087534,-0.0072051415042009,0.0005702968350652995,0.007745265425348601,0.00415778113020695
Mistral-7B-Instruct-v0.3,EBM-NLP,20943715,P3,P4,P3->P4,-0.0304869415128826,-0.0614685975015163,-0.6756308674812317,-0.0786476311450069,0.048160689632124304,0.6141622699797153,0.3311614798059198
Mistral-7B-Instruct-v0.3,EBM-NLP,20943715,P4,P5,P4->P5,-0.0614685975015163,-0.0441689689954121,-0.1498554706573486,-0.1220659911632537,0.0605973936617374,0.10568650166193651,0.08314194766183695
Mistral-7B-Instruct-v0.3,EBM-NLP,20943715,P5,P6,P5->P6,-0.0441689689954121,-0.0633839551845322,-0.0544007619761902,-0.0864503542582194,0.042281385262807294,0.008983193208342004,0.02563228923557465
Mistral-7B-Instruct-v0.3,EBM-NLP,8519720,P1,P2,P1->P2,-0.0063772841201474,-0.0059747215925475,-0.0057425253051385,-0.0099925265033056,0.0036152423831582,0.00023219628740900073,0.0019237193352836003
Mistral-7B-Instruct-v0.3,EBM-NLP,8519720,P2,P3,P2->P3,-0.0059747215925475,-0.0100767413820398,-0.0099925265033056,-0.0067618839191586,0.0007871623266110994,8.421487873419911e-05,0.00043568860267264925
Mistral-7B-Instruct-v0.3,EBM-NLP,8519720,P3,P4,P3->P4,-0.0100767413820398,-0.0302020091865513,-0.5516717627241805,-0.029427709931042,0.0193509685490022,0.5214697535376293,0.27041036104331573
Mistral-7B-Instruct-v0.3,EBM-NLP,8519720,P4,P5,P4->P5,-0.0302020091865513,-0.0227972256976204,-0.0302020091865513,-0.0227972256976204,0.007404783488930901,0.007404783488930901,0.007404783488930901
Mistral-7B-Instruct-v0.3,EBM-NLP,8519720,P5,P6,P5->P6,-0.0227972256976204,-0.0379212618588584,-0.0427916452084502,-0.0233758510518315,0.0005786253542111007,0.004870383349591799,0.00272450435190145
Mistral-7B-Instruct-v0.3,EBM-NLP,2803397,P1,P2,P1->P2,-0.0050996900691724,-0.0234238402472559,-0.0268342127335207,-0.0221678322271778,0.0170681421580054,0.0034103724862647976,0.010239257322135098
Mistral-7B-Instruct-v0.3,EBM-NLP,2803397,P2,P3,P2->P3,-0.0234238402472559,-0.0215476293717661,-0.0261308207146583,-0.0333179951300324,0.009894154882776496,0.004583191342892201,0.007238673112834349
Mistral-7B-Instruct-v0.3,EBM-NLP,2803397,P3,P4,P3->P4,-0.0215476293717661,-0.0433583357424914,-0.7591959525798929,-0.097334491389413,0.0757868620176469,0.7158376168374015,0.3958122394275242
Mistral-7B-Instruct-v0.3,EBM-NLP,2803397,P4,P5,P4->P5,-0.0433583357424914,-0.0297235700348061,-0.1425164508507818,-0.071798195955397,0.028439860212905607,0.11279288081597569,0.07061637051444064
Mistral-7B-Instruct-v0.3,EBM-NLP,2803397,P5,P6,P5->P6,-0.0297235700348061,-0.0274875267692234,-0.0641778811164524,-0.0683843925998196,0.0386608225650135,0.036690354347229,0.03767558845612125
Mistral-7B-Instruct-v0.3,EBM-NLP,15014018,P1,P2,P1->P2,-0.0140964471688751,-0.005634542948638,-0.0053876505639308,-0.0267436895931129,0.0126472424242378,0.00024689238470719955,0.0064470674044725
Mistral-7B-Instruct-v0.3,EBM-NLP,15014018,P2,P3,P2->P3,-0.005634542948638,-0.0106916556555417,-0.0137899247028173,-0.005831359527432,0.0001968165787940004,0.003098269047275599,0.0016475428130347997
Mistral-7B-Instruct-v0.3,EBM-NLP,15014018,P3,P4,P3->P4,-0.0106916556555417,-0.1137057379500506,-0.6552680747149742,-0.0657150473806165,0.0550233917250748,0.5415623367649236,0.2982928642449992
Mistral-7B-Instruct-v0.3,EBM-NLP,15014018,P4,P5,P4->P5,-0.1137057379500506,-0.038431687834295,-0.1157271207587139,-0.1601746319091483,0.0464688939590977,0.0772954329244189,0.0618821634417583
Mistral-7B-Instruct-v0.3,EBM-NLP,15014018,P5,P6,P5->P6,-0.038431687834295,-0.0330437544632602,-0.038431687834295,-0.0330437544632602,0.005387933371034798,0.005387933371034798,0.005387933371034798
Mistral-7B-Instruct-v0.3,EBM-NLP,22341427,P1,P2,P1->P2,-0.0082050468298521,-0.0175040376954995,-0.0240507882514429,-0.0114365148476578,0.003231468017805699,0.006546750555943403,0.004889109286874551
Mistral-7B-Instruct-v0.3,EBM-NLP,22341427,P2,P3,P2->P3,-0.0175040376954995,-0.0213205640187911,-0.0524003275871625,-0.0193819600699011,0.0018779223744016006,0.031079763568371402,0.0164788429713865
Mistral-7B-Instruct-v0.3,EBM-NLP,22341427,P3,P4,P3->P4,-0.0213205640187911,-0.0241065613547529,-0.5505371187084719,-0.074658618510118,0.0533380544913269,0.526430557353719,0.28988430592252296
Mistral-7B-Instruct-v0.3,EBM-NLP,22341427,P4,P5,P4->P5,-0.0241065613547529,-0.0246946309796637,-0.0428349428758439,-0.1449251414911038,0.12081858013635091,0.0181403118961802,0.06947944601626556
Mistral-7B-Instruct-v0.3,EBM-NLP,22341427,P5,P6,P5->P6,-0.0246946309796637,-0.0866851242259144,-0.049138905107975,-0.044942567564754,0.020247936585090304,0.0375462191179394,0.028897077851514852
Mistral-7B-Instruct-v0.3,EBM-NLP,23114870,P1,P2,P1->P2,-0.0103835837786756,-0.0437971066325468,-0.0989217470969578,-0.0208010769132565,0.0104174931345809,0.05512464046441099,0.03277106679949594
Mistral-7B-Instruct-v0.3,EBM-NLP,23114870,P2,P3,P2->P3,-0.0437971066325468,-0.0244720769833405,-0.0272097554395629,-0.081595486186336,0.037798379553789195,0.002737678456222397,0.020268029005005794
Mistral-7B-Instruct-v0.3,EBM-NLP,23114870,P3,P4,P3->P4,-0.0244720769833405,-0.0597327344557818,-0.6357395059922162,-0.0737245960310561,0.049252519047715604,0.5760067715364344,0.31262964529207504
Mistral-7B-Instruct-v0.3,EBM-NLP,23114870,P4,P5,P4->P5,-0.0597327344557818,-0.063689947798011,-0.2235333624850498,-0.1876825505319763,0.1279498160761945,0.15984341468703878,0.14389661538161663
Mistral-7B-Instruct-v0.3,EBM-NLP,23114870,P5,P6,P5->P6,-0.063689947798011,-0.0736633860875689,-0.0434187934512183,-0.1026188523581858,0.038928904560174796,0.03024459263635059,0.03458674859826269
Mistral-7B-Instruct-v0.3,EBM-NLP,9573502,P1,P2,P1->P2,-0.0106819230735197,-0.0125924545598563,-0.0243497362673065,-0.0265708728096592,0.0158889497361395,0.0117572817074502,0.01382311572179485
Mistral-7B-Instruct-v0.3,EBM-NLP,9573502,P2,P3,P2->P3,-0.0125924545598563,-0.0132274720800809,-0.0125924545598563,-0.0132274720800809,0.0006350175202246011,0.0006350175202246011,0.0006350175202246011
Mistral-7B-Instruct-v0.3,EBM-NLP,9573502,P3,P4,P3->P4,-0.0132274720800809,-0.0883501597813197,-0.7842179901745855,-0.0357110789334605,0.022483606853379596,0.6958678303932658,0.3591757186233227
Mistral-7B-Instruct-v0.3,EBM-NLP,9573502,P4,P5,P4->P5,-0.0883501597813197,-0.0285256791271661,-0.1356947971017737,-0.2234127472858039,0.1350625875044842,0.10716911797460761,0.12111585273954589
Mistral-7B-Instruct-v0.3,EBM-NLP,9573502,P5,P6,P5->P6,-0.0285256791271661,-0.0227306738545719,-0.0335398299852386,-0.0290936902165412,0.0005680110893751013,0.0108091561306667,0.005688583610020901
Mistral-7B-Instruct-v0.3,EBM-NLP,18077611,P1,P2,P1->P2,-0.0304981562245673,-0.0531549219548412,-0.0304981562245673,-0.0531549219548412,0.0226567657302739,0.0226567657302739,0.0226567657302739
Mistral-7B-Instruct-v0.3,EBM-NLP,18077611,P2,P3,P2->P3,-0.0531549219548412,-0.0204829105939627,-0.0247045663666527,-0.0509804782267768,0.0021744437280643986,0.00422165577269,0.0031980497503771993
Mistral-7B-Instruct-v0.3,EBM-NLP,18077611,P3,P4,P3->P4,-0.0204829105939627,-0.0531000655431013,-0.3676034670609694,-0.0454469656845404,0.024964055090577704,0.3145034015178681,0.1697337283042229
Mistral-7B-Instruct-v0.3,EBM-NLP,18077611,P4,P5,P4->P5,-0.0531000655431013,-0.0549288069208463,-0.0991038531064987,-0.1609253791662362,0.1078253136231349,0.044175046185652406,0.07600017990439364
Mistral-7B-Instruct-v0.3,EBM-NLP,18077611,P5,P6,P5->P6,-0.0549288069208463,-0.0442383777011524,-0.0595282641324129,-0.0612384254733721,0.006309618552525799,0.015289886431260495,0.010799752491893147
Mistral-7B-Instruct-v0.3,EBM-NLP,10475150,P1,P2,P1->P2,-0.0136154925679428,-0.0132529211818779,-0.0136154925679428,-0.0132529211818779,0.00036257138606489957,0.00036257138606489957,0.00036257138606489957
Mistral-7B-Instruct-v0.3,EBM-NLP,10475150,P2,P3,P2->P3,-0.0132529211818779,-0.0116041670635081,-0.0132529211818779,-0.0116041670635081,0.0016487541183698006,0.0016487541183698006,0.0016487541183698006
Mistral-7B-Instruct-v0.3,EBM-NLP,10475150,P3,P4,P3->P4,-0.0116041670635081,-0.0336730519279104,-0.563837332803695,-0.0408326889339246,0.029228521870416503,0.5301642808757846,0.27969640137310053
Mistral-7B-Instruct-v0.3,EBM-NLP,10475150,P4,P5,P4->P5,-0.0336730519279104,-0.0304546238946132,-0.0336730519279104,-0.0304546238946132,0.003218428033297197,0.003218428033297197,0.003218428033297197
Mistral-7B-Instruct-v0.3,EBM-NLP,10475150,P5,P6,P5->P6,-0.0304546238946132,-0.0183118562229344,-0.0304546238946132,-0.0183118562229344,0.012142767671678798,0.012142767671678798,0.012142767671678798
Mistral-7B-Instruct-v0.3,EBM-NLP,11401641,P1,P2,P1->P2,-0.0276812778578864,-0.0039501864285696,-0.0235153909713502,-0.0491495215843734,0.021468243726486997,0.0195652045427806,0.020516724134633797
Mistral-7B-Instruct-v0.3,EBM-NLP,11401641,P2,P3,P2->P3,-0.0039501864285696,-0.0053150787476509,-0.0039501864285696,-0.0053150787476509,0.0013648923190813008,0.0013648923190813008,0.0013648923190813008
Mistral-7B-Instruct-v0.3,EBM-NLP,11401641,P3,P4,P3->P4,-0.0053150787476509,-0.0323849723145768,-0.6355200844842035,-0.0799484598258185,0.0746333810781676,0.6031351121696267,0.33888424662389716
Mistral-7B-Instruct-v0.3,EBM-NLP,11401641,P4,P5,P4->P5,-0.0323849723145768,-0.0532301910339839,-0.0915334035479833,-0.0712660389977532,0.0388810666831764,0.038303212513999395,0.0385921395985879
Mistral-7B-Instruct-v0.3,EBM-NLP,11401641,P5,P6,P5->P6,-0.0532301910339839,-0.0220289749483908,-0.0376990302916496,-0.0479314857059054,0.005298705328078503,0.015670055343258802,0.010484380335668652
Mistral-7B-Instruct-v0.3,EBM-NLP,14679127,P1,P2,P1->P2,-0.0176703451898853,-0.0124382121088549,-0.0116573512212091,-0.0383436165351436,0.0206732713452583,0.0007808608876458002,0.01072706611645205
Mistral-7B-Instruct-v0.3,EBM-NLP,14679127,P2,P3,P2->P3,-0.0124382121088549,-0.0108862021421456,-0.0124382121088549,-0.0108862021421456,0.0015520099667092994,0.0015520099667092994,0.0015520099667092994
Mistral-7B-Instruct-v0.3,EBM-NLP,14679127,P3,P4,P3->P4,-0.0108862021421456,-0.0252189216118725,-0.4543349768074465,-0.0330313338844789,0.022145131742333304,0.429116055195574,0.22563059346895364
Mistral-7B-Instruct-v0.3,EBM-NLP,14679127,P4,P5,P4->P5,-0.0252189216118725,-0.0280368119951278,-0.11990753809611,-0.0443050218122998,0.019086100200427298,0.09187072610098221,0.05547841315070475
Mistral-7B-Instruct-v0.3,EBM-NLP,14679127,P5,P6,P5->P6,-0.0280368119951278,-0.0487791735028463,-0.0280368119951278,-0.0487791735028463,0.0207423615077185,0.0207423615077185,0.0207423615077185
Mistral-7B-Instruct-v0.3,EBM-NLP,12709693,P1,P2,P1->P2,-0.0163888884405605,-0.0093995060739681,-0.0093641355847219,-0.0233226231237252,0.006933734683164702,3.5370489246198955e-05,0.0034845525862054506
Mistral-7B-Instruct-v0.3,EBM-NLP,12709693,P2,P3,P2->P3,-0.0093995060739681,-0.0288661364200617,-0.0157516944484832,-0.0205329860050903,0.0111334799311222,0.013114441971578503,0.012123960951350352
Mistral-7B-Instruct-v0.3,EBM-NLP,12709693,P3,P4,P3->P4,-0.0288661364200617,-0.0388032698631286,-0.4016503858566284,-0.0288921055885461,2.596916848439726e-05,0.3628471159934998,0.1814365425809921
Mistral-7B-Instruct-v0.3,EBM-NLP,12709693,P4,P5,P4->P5,-0.0388032698631286,-0.0267887896504895,-0.0587010866609113,-0.0552346968650817,0.016431427001953103,0.031912297010421795,0.02417186200618745
Mistral-7B-Instruct-v0.3,EBM-NLP,12709693,P5,P6,P5->P6,-0.0267887896504895,-0.0206079758130587,-0.0244074575921409,-0.0275257902926412,0.0007370006421517014,0.0037994817790821984,0.00226824121061695
Mistral-7B-Instruct-v0.3,EBM-NLP,8911222,P1,P2,P1->P2,-0.0191531726192678,-0.0171286603701684,-0.0181865841840653,-0.0172532532775748,0.0018999193416930002,0.0010579238138969,0.0014789215777949501
Mistral-7B-Instruct-v0.3,EBM-NLP,8911222,P2,P3,P2->P3,-0.0171286603701684,-0.0170516150970278,-0.0214332331240127,-0.019451442856123,0.002322782485954602,0.004381618026984897,0.0033522002564697496
Mistral-7B-Instruct-v0.3,EBM-NLP,8911222,P3,P4,P3->P4,-0.0170516150970278,-0.0501974516136701,-0.796877572702807,-0.0448152313869546,0.027763616289926796,0.746680121089137,0.3872218686895319
Mistral-7B-Instruct-v0.3,EBM-NLP,8911222,P4,P5,P4->P5,-0.0501974516136701,-0.04155278852187,-0.1455722838999277,-0.0694479276967603,0.019250476083090197,0.10401949537805771,0.06163498573057395
Mistral-7B-Instruct-v0.3,EBM-NLP,8911222,P5,P6,P5->P6,-0.04155278852187,-0.0710656700364078,-0.04155278852187,-0.0710656700364078,0.029512881514537806,0.029512881514537806,0.029512881514537806
Mistral-7B-Instruct-v0.3,EBM-NLP,6989377,P1,P2,P1->P2,-0.0142020093197754,-0.0163948275375559,-0.0142020093197754,-0.0163948275375559,0.0021928182177804994,0.0021928182177804994,0.0021928182177804994
Mistral-7B-Instruct-v0.3,EBM-NLP,6989377,P2,P3,P2->P3,-0.0163948275375559,-0.0158982076570748,-0.0239602820011987,-0.0209084137458104,0.0045135862082545004,0.008062074344123902,0.006287830276189201
Mistral-7B-Instruct-v0.3,EBM-NLP,6989377,P3,P4,P3->P4,-0.0158982076570748,-0.1394318672547857,-0.3996186543659991,-0.0603194892691653,0.044421281612090496,0.26018678711121335,0.1523040343616519
Mistral-7B-Instruct-v0.3,EBM-NLP,6989377,P4,P5,P4->P5,-0.1394318672547857,-0.0302597194501798,-0.0829953939130861,-0.1712672911494611,0.03183542389467539,0.05273567446290629,0.04228554917879084
Mistral-7B-Instruct-v0.3,EBM-NLP,6989377,P5,P6,P5->P6,-0.0302597194501798,-0.0338724624773819,-0.0302597194501798,-0.0338724624773819,0.0036127430272020963,0.0036127430272020963,0.0036127430272020963
Mistral-7B-Instruct-v0.3,EBM-NLP,6920252,P1,P2,P1->P2,-0.0273037147930139,-0.0472021091537016,-0.0495238827952476,-0.0246185162876308,0.0026851985053830997,0.002321773641546003,0.0025034860734645514
Mistral-7B-Instruct-v0.3,EBM-NLP,6920252,P2,P3,P2->P3,-0.0472021091537016,-0.0218356873631602,-0.0311024332992159,-0.0348603412369047,0.012341767916796899,0.009266745936055702,0.0108042569264263
Mistral-7B-Instruct-v0.3,EBM-NLP,6920252,P3,P4,P3->P4,-0.0218356873631602,-0.0468130090388541,-0.1764954821894375,-0.0525520538812029,0.030716366518042697,0.1296824731505834,0.08019941983431304
Mistral-7B-Instruct-v0.3,EBM-NLP,6920252,P4,P5,P4->P5,-0.0468130090388541,-0.0419308126110058,-0.0796950435361419,-0.0586443346043905,0.0118313255655364,0.0377642309251361,0.02479777824533625
Mistral-7B-Instruct-v0.3,EBM-NLP,6920252,P5,P6,P5->P6,-0.0419308126110058,-0.0491358359093681,-0.0357299054480866,-0.0483189338448051,0.006388121233799303,0.013405930461281496,0.0098970258475404
Mistral-7B-Instruct-v0.3,EBM-NLP,19802506,P1,P2,P1->P2,-0.0355458533819852,-0.0672388725997136,-0.0355458533819852,-0.0672388725997136,0.0316930192177284,0.0316930192177284,0.0316930192177284
Mistral-7B-Instruct-v0.3,EBM-NLP,19802506,P2,P3,P2->P3,-0.0672388725997136,-0.0246681018344437,-0.0199607852943396,-0.0753186375882144,0.008079764988500798,0.0047073165401041,0.006393540764302449
Mistral-7B-Instruct-v0.3,EBM-NLP,19802506,P3,P4,P3->P4,-0.0246681018344437,-0.0144079684590299,-0.3628290441301134,-0.0458737958067407,0.021205693972296998,0.3484210756710835,0.18481338482169024
Mistral-7B-Instruct-v0.3,EBM-NLP,19802506,P4,P5,P4->P5,-0.0144079684590299,-0.0354746074999793,-0.1495981216430664,-0.0724357148011525,0.058027746342122606,0.11412351414308711,0.08607563024260485
Mistral-7B-Instruct-v0.3,EBM-NLP,19802506,P5,P6,P5->P6,-0.0354746074999793,-0.0319511567131947,-0.0531727095781746,-0.0567434359405,0.0212688284405207,0.021221552864979898,0.0212451906527503
Mistral-7B-Instruct-v0.3,EBM-NLP,21975269,P1,P2,P1->P2,-0.0322585286056928,-0.0176500624229379,-0.0275253935830999,-0.0388321086006649,0.006573579994972094,0.009875331160162,0.008224455577567047
Mistral-7B-Instruct-v0.3,EBM-NLP,21975269,P2,P3,P2->P3,-0.0176500624229379,-0.016070911835851,-0.0176500624229379,-0.016070911835851,0.0015791505870869013,0.0015791505870869013,0.0015791505870869013
Mistral-7B-Instruct-v0.3,EBM-NLP,21975269,P3,P4,P3->P4,-0.016070911835851,-0.0525767143866787,-0.5328333606458691,-0.0661267570563052,0.050055845220454205,0.48025664625919035,0.26515624573982227
Mistral-7B-Instruct-v0.3,EBM-NLP,21975269,P4,P5,P4->P5,-0.0525767143866787,-0.0259006390030064,-0.1048016297381098,-0.2212210708897407,0.16864435650306198,0.0789009907351034,0.12377267361908269
Mistral-7B-Instruct-v0.3,EBM-NLP,21975269,P5,P6,P5->P6,-0.0259006390030064,-0.0497088782807312,-0.0383786944354452,-0.0591588302447301,0.0332581912417237,0.011330183845286002,0.022294187543504852
Mistral-7B-Instruct-v0.3,EBM-NLP,24350813,P1,P2,P1->P2,-0.015413940638384,-0.0188534494509788,-0.0162214499156928,-0.0181077161429306,0.0026937755045466014,0.002631999535285999,0.0026628875199163
Mistral-7B-Instruct-v0.3,EBM-NLP,24350813,P2,P3,P2->P3,-0.0188534494509788,-0.0038238001721245,-0.005789528006599,-0.0279297345964227,0.0090762851454439,0.0019657278344745004,0.0055210064899592
Mistral-7B-Instruct-v0.3,EBM-NLP,24350813,P3,P4,P3->P4,-0.0038238001721245,-0.0199163805606753,-0.7194359357966933,-0.0418516318003336,0.0380278316282091,0.6995195552360179,0.3687736934321135
Mistral-7B-Instruct-v0.3,EBM-NLP,24350813,P4,P5,P4->P5,-0.0199163805606753,-0.0232094734214073,-0.0199163805606753,-0.0232094734214073,0.0032930928607320005,0.0032930928607320005,0.0032930928607320005
Mistral-7B-Instruct-v0.3,EBM-NLP,24350813,P5,P6,P5->P6,-0.0232094734214073,-0.013430587081022,-0.0232094734214073,-0.013430587081022,0.009778886340385299,0.009778886340385299,0.009778886340385299
Mistral-7B-Instruct-v0.3,EBM-NLP,18337284,P1,P2,P1->P2,-0.0069515884418475,-0.0109476639871038,-0.0082512571802967,-0.0060158372076542,0.0009357512341933005,0.0026964068068071004,0.0018160790205002005
Mistral-7B-Instruct-v0.3,EBM-NLP,18337284,P2,P3,P2->P3,-0.0109476639871038,-0.0023350538398659,-0.0060158372076542,-0.0206615593353915,0.0097138953482877,0.0036807833677883,0.0066973393580379995
Mistral-7B-Instruct-v0.3,EBM-NLP,18337284,P3,P4,P3->P4,-0.0023350538398659,-0.0894140681704959,-0.3997237231280353,-0.0358903194829071,0.0335552656430412,0.31030965495753937,0.17193246030029027
Mistral-7B-Instruct-v0.3,EBM-NLP,18337284,P4,P5,P4->P5,-0.0894140681704959,-0.019656441723689,-0.0308097046441756,-0.1011131185669082,0.011699050396412308,0.011153262920486597,0.011426156658449453
Mistral-7B-Instruct-v0.3,EBM-NLP,18337284,P5,P6,P5->P6,-0.019656441723689,-0.0186965114031082,-0.019656441723689,-0.0186965114031082,0.0009599303205808027,0.0009599303205808027,0.0009599303205808027
Mistral-7B-Instruct-v0.3,EBM-NLP,20189026,P1,P2,P1->P2,-0.013648964971772,-0.0175647582037995,-0.0114850505704342,-0.0264542457008861,0.012805280729114101,0.006079707633365301,0.009442494181239701
Mistral-7B-Instruct-v0.3,EBM-NLP,20189026,P2,P3,P2->P3,-0.0175647582037995,-0.0070279768131899,-0.0099185402871984,-0.0235744578346908,0.006009699630891298,0.0028905634740085005,0.0044501315524499
Mistral-7B-Instruct-v0.3,EBM-NLP,20189026,P3,P4,P3->P4,-0.0070279768131899,-0.0158979703509618,-0.644750504266648,-0.0481560324177597,0.0411280556045698,0.6288525339156863,0.33499029476012804
Mistral-7B-Instruct-v0.3,EBM-NLP,20189026,P4,P5,P4->P5,-0.0158979703509618,-0.0355437520950559,-0.0158979703509618,-0.0355437520950559,0.0196457817440941,0.0196457817440941,0.0196457817440941
Mistral-7B-Instruct-v0.3,EBM-NLP,20189026,P5,P6,P5->P6,-0.0355437520950559,-0.0408106115129258,-0.0355437520950559,-0.0408106115129258,0.005266859417869904,0.005266859417869904,0.005266859417869904
Mistral-7B-Instruct-v0.3,EBM-NLP,22538329,P1,P2,P1->P2,-0.0421600323482598,-0.0039861507805212,-0.0300301089425759,-0.0644890959036416,0.0223290635553818,0.0260439581620547,0.02418651085871825
Mistral-7B-Instruct-v0.3,EBM-NLP,22538329,P2,P3,P2->P3,-0.0039861507805212,-0.007566276594905,-0.0039861507805212,-0.007566276594905,0.0035801258143838,0.0035801258143838,0.0035801258143838
Mistral-7B-Instruct-v0.3,EBM-NLP,22538329,P3,P4,P3->P4,-0.007566276594905,-0.0305327763901564,-0.7587164456943776,-0.0644733604112285,0.056907083816323506,0.7281836693042212,0.39254537656027233
Mistral-7B-Instruct-v0.3,EBM-NLP,22538329,P4,P5,P4->P5,-0.0305327763901564,-0.0264208141686112,-0.0906540778409125,-0.2414007113517352,0.2108679349615788,0.06423326367230131,0.13755059931694005
Mistral-7B-Instruct-v0.3,EBM-NLP,22538329,P5,P6,P5->P6,-0.0264208141686112,-0.0770499749617143,-0.0648388602516868,-0.0574640766611661,0.031043262492554898,0.012211114710027504,0.021627188601291203
Mistral-7B-Instruct-v0.3,EBM-NLP,23549581,P1,P2,P1->P2,-0.0084166604484248,-0.0067812020962054,-0.0084166604484248,-0.0067812020962054,0.0016354583522194006,0.0016354583522194006,0.0016354583522194006
Mistral-7B-Instruct-v0.3,EBM-NLP,23549581,P2,P3,P2->P3,-0.0067812020962054,-0.0073277319853122,-0.0067812020962054,-0.0073277319853122,0.0005465298891068008,0.0005465298891068008,0.0005465298891068008
Mistral-7B-Instruct-v0.3,EBM-NLP,23549581,P3,P4,P3->P4,-0.0073277319853122,-0.1058076819870621,-0.5314708443192233,-0.0329783044309697,0.025650572445657497,0.4256631623321612,0.22565686738890936
Mistral-7B-Instruct-v0.3,EBM-NLP,23549581,P4,P5,P4->P5,-0.1058076819870621,-0.0463761452252843,-0.1058076819870621,-0.0463761452252843,0.0594315367617778,0.0594315367617778,0.0594315367617778
Mistral-7B-Instruct-v0.3,EBM-NLP,23549581,P5,P6,P5->P6,-0.0463761452252843,-0.0337469421449254,-0.0299246506612809,-0.0760348442692442,0.029658699043959902,0.0038222914836445014,0.016740495263802203
Mistral-7B-Instruct-v0.3,EBM-NLP,9816035,P1,P2,P1->P2,-0.0183034620898538,-0.0180660259723663,-0.0227393118540445,-0.0510872112407843,0.032783749150930505,0.0046732858816781984,0.018728517516304354
Mistral-7B-Instruct-v0.3,EBM-NLP,9816035,P2,P3,P2->P3,-0.0180660259723663,-0.0250335796674092,-0.0905902144809564,-0.0204833125074704,0.0024172865351040976,0.0655566348135472,0.03398696067432565
Mistral-7B-Instruct-v0.3,EBM-NLP,9816035,P3,P4,P3->P4,-0.0250335796674092,-0.0251777603708464,-0.6258568599306303,-0.0951673613985379,0.0701337817311287,0.6006790995597839,0.3354064406454563
Mistral-7B-Instruct-v0.3,EBM-NLP,9816035,P4,P5,P4->P5,-0.0251777603708464,-0.0226378479311543,-0.1700420841093986,-0.1568968049411116,0.1317190445702652,0.1474042361782443,0.13956164037425475
Mistral-7B-Instruct-v0.3,EBM-NLP,9816035,P5,P6,P5->P6,-0.0226378479311543,-0.1080025020790727,-0.0592770180419871,-0.0343230539752591,0.011685206044104803,0.04872548403708559,0.030205345040595195
Mistral-7B-Instruct-v0.3,EBM-NLP,25885649,P1,P2,P1->P2,-0.018964371296781,-0.0182691855563057,-0.0248224365490454,-0.0227460795958366,0.0037817082990556014,0.0065532509927396995,0.0051674796458976505
Mistral-7B-Instruct-v0.3,EBM-NLP,25885649,P2,P3,P2->P3,-0.0182691855563057,-0.0249167800665617,-0.0233406021788313,-0.0238233628096403,0.0055541772533346,0.0015761778877304011,0.0035651775705325007
Mistral-7B-Instruct-v0.3,EBM-NLP,25885649,P3,P4,P3->P4,-0.0249167800665617,-0.0603935003280639,-0.4496658113267686,-0.0418212766403908,0.0169044965738291,0.3892723109987047,0.20308840378626689
Mistral-7B-Instruct-v0.3,EBM-NLP,25885649,P4,P5,P4->P5,-0.0603935003280639,-0.0482238976754874,-0.158411993044559,-0.0510553042093912,0.009338196118672697,0.11018809536907159,0.05976314574387215
Mistral-7B-Instruct-v0.3,EBM-NLP,25885649,P5,P6,P5->P6,-0.0482238976754874,-0.0268640840127144,-0.033101197378135,-0.0724599138598575,0.02423601618437011,0.0062371133654206025,0.015236564774895356
Mistral-7B-Instruct-v0.3,EBM-NLP,25886492,P1,P2,P1->P2,-0.0331438569589094,-0.0195709601754233,-0.0422170468946061,-0.0437471245635639,0.0106032676046545,0.0226460867191828,0.01662467716191865
Mistral-7B-Instruct-v0.3,EBM-NLP,25886492,P2,P3,P2->P3,-0.0195709601754233,-0.0204378879285073,-0.0293917285429464,-0.0267977013829208,0.0072267412074975,0.008953840614439098,0.008090290910968299
Mistral-7B-Instruct-v0.3,EBM-NLP,25886492,P3,P4,P3->P4,-0.0204378879285073,-0.0618220566387247,-0.7201559478855706,-0.1505659120576875,0.13012802412918018,0.6583338912468459,0.3942309576880131
Mistral-7B-Instruct-v0.3,EBM-NLP,25886492,P4,P5,P4->P5,-0.0618220566387247,-0.019179785098785,-0.1029694813948411,-0.0555609252971961,0.0062611313415286,0.08378969629605611,0.045025413818792354
Mistral-7B-Instruct-v0.3,EBM-NLP,25886492,P5,P6,P5->P6,-0.019179785098785,-0.0488951668525353,-0.019179785098785,-0.0488951668525353,0.029715381753750304,0.029715381753750304,0.029715381753750304
Mistral-7B-Instruct-v0.3,EBM-NLP,11099086,P1,P2,P1->P2,-0.0289412790617975,-0.0406601885090703,-0.0818108206209929,-0.0296582753628559,0.000716996301058398,0.0411506321119226,0.0209338142064905
Mistral-7B-Instruct-v0.3,EBM-NLP,11099086,P2,P3,P2->P3,-0.0406601885090703,-0.0671416190318289,-0.0610554338879668,-0.0379519483317499,0.002708240177320402,0.006086185143862104,0.004397212660591253
Mistral-7B-Instruct-v0.3,EBM-NLP,11099086,P3,P4,P3->P4,-0.0671416190318289,-0.0162912470274674,-0.8071204075144965,-0.1771927072822703,0.1100510882504414,0.7908291604870291,0.45044012436873526
Mistral-7B-Instruct-v0.3,EBM-NLP,11099086,P4,P5,P4->P5,-0.0162912470274674,-0.0128693009896982,-0.0162912470274674,-0.0128693009896982,0.0034219460377692013,0.0034219460377692013,0.0034219460377692013
Mistral-7B-Instruct-v0.3,EBM-NLP,11099086,P5,P6,P5->P6,-0.0128693009896982,-0.0135723687916882,-0.0128693009896982,-0.0135723687916882,0.0007030678019900004,0.0007030678019900004,0.0007030678019900004
Mistral-7B-Instruct-v0.3,EBM-NLP,23985254,P1,P2,P1->P2,-0.0160589494875499,-0.0157223512177114,-0.0189473332814228,-0.0214001597454829,0.005341210257933,0.0032249820637113985,0.004283096160822199
Mistral-7B-Instruct-v0.3,EBM-NLP,23985254,P2,P3,P2->P3,-0.0157223512177114,-0.0297075692920925,-0.0237499664071947,-0.0138323742114467,0.0018899770062646998,0.0059576028848978,0.00392378994558125
Mistral-7B-Instruct-v0.3,EBM-NLP,23985254,P3,P4,P3->P4,-0.0297075692920925,-0.0395506834983825,-0.4848267110188802,-0.1134213646675678,0.0837137953754753,0.4452760275204977,0.26449491144798654
Mistral-7B-Instruct-v0.3,EBM-NLP,23985254,P4,P5,P4->P5,-0.0395506834983825,-0.031965232716921,-0.0748406839676392,-0.0596009763081868,0.020050292809804304,0.0428754512507182,0.031462872030261255
Mistral-7B-Instruct-v0.3,EBM-NLP,23985254,P5,P6,P5->P6,-0.031965232716921,-0.0503793298701445,-0.0596009763081868,-0.0575414688732379,0.0255762361563169,0.009221646438042304,0.0173989412971796
Mistral-7B-Instruct-v0.3,EBM-NLP,19108790,P1,P2,P1->P2,-0.0099044768303685,-0.0503460138563125,-0.045939911168719,-0.0133461051641311,0.0034416283337625996,0.004406102687593505,0.003923865510678052
Mistral-7B-Instruct-v0.3,EBM-NLP,19108790,P2,P3,P2->P3,-0.0503460138563125,-0.0132214968176602,-0.0196390333651648,-0.0491502404686004,0.0011957733877121027,0.006417536547504602,0.0038066549676083524
Mistral-7B-Instruct-v0.3,EBM-NLP,19108790,P3,P4,P3->P4,-0.0132214968176602,-0.0195179638954309,-0.3537447269146259,-0.0661277053977023,0.052906208580042094,0.33422676301919496,0.19356648579961852
Mistral-7B-Instruct-v0.3,EBM-NLP,19108790,P4,P5,P4->P5,-0.0195179638954309,-0.0251854060528179,-0.2021560816963513,-0.0325075663053072,0.012989602409876299,0.1769706756435334,0.09498013902670484
Mistral-7B-Instruct-v0.3,EBM-NLP,19108790,P5,P6,P5->P6,-0.0251854060528179,-0.0241750618866221,-0.0268064258958805,-0.0735542527834574,0.0483688467306395,0.0026313640092584002,0.02550010536994895
Mistral-7B-Instruct-v0.3,EBM-NLP,10940525,P1,P2,P1->P2,-0.0226743252631749,-0.0064077179858593,-0.0102500466049694,-0.027747737372182,0.005073412109007098,0.0038423286191101,0.004457870364058598
Mistral-7B-Instruct-v0.3,EBM-NLP,10940525,P2,P3,P2->P3,-0.0064077179858593,-0.0061217626414256,-0.0064077179858593,-0.0061217626414256,0.0002859553444336995,0.0002859553444336995,0.0002859553444336995
Mistral-7B-Instruct-v0.3,EBM-NLP,10940525,P3,P4,P3->P4,-0.0061217626414256,-0.079343402676466,-0.3556963501906977,-0.0686014017772153,0.062479639135789695,0.2763529475142317,0.16941629332501068
Mistral-7B-Instruct-v0.3,EBM-NLP,10940525,P4,P5,P4->P5,-0.079343402676466,-0.0851273793880253,-0.1380405328045152,-0.1015726670986268,0.022229264422160805,0.0529131534164899,0.037571208919325354
Mistral-7B-Instruct-v0.3,EBM-NLP,10940525,P5,P6,P5->P6,-0.0851273793880253,-0.1151411892616585,-0.0851273793880253,-0.1151411892616585,0.03001380987363321,0.03001380987363321,0.03001380987363321
Mistral-7B-Instruct-v0.3,EBM-NLP,21211686,P1,P2,P1->P2,-0.0068194413303651,-0.0135025137816602,-0.0111636771012363,-0.0121460667102259,0.0053266253798608,0.0023388366804239016,0.0038327310301423507
Mistral-7B-Instruct-v0.3,EBM-NLP,21211686,P2,P3,P2->P3,-0.0135025137816602,-0.018035254565109,-0.018297284079651,-0.0252817374953365,0.011779223713676299,0.0002620295145420032,0.006020626614109151
Mistral-7B-Instruct-v0.3,EBM-NLP,21211686,P3,P4,P3->P4,-0.018035254565109,-0.0333163883064337,-0.5779333279369343,-0.0348588337022165,0.0168235791371075,0.5446169396305006,0.28072025938380407
Mistral-7B-Instruct-v0.3,EBM-NLP,21211686,P4,P5,P4->P5,-0.0333163883064337,-0.0254459454309801,-0.114541491796804,-0.1344402081043826,0.10112381979794889,0.0890955463658239,0.09510968308188639
Mistral-7B-Instruct-v0.3,EBM-NLP,21211686,P5,P6,P5->P6,-0.0254459454309801,-0.0404802790821291,-0.0254459454309801,-0.0404802790821291,0.015034333651149003,0.015034333651149003,0.015034333651149003
Mistral-7B-Instruct-v0.3,EBM-NLP,21866656,P1,P2,P1->P2,-0.0029700360283619,-0.0225406530113837,-0.0317103496184364,-0.0061079904482495,0.0031379544198875996,0.009169696607052698,0.006153825513470148
Mistral-7B-Instruct-v0.3,EBM-NLP,21866656,P2,P3,P2->P3,-0.0225406530113837,-0.01309246850373,-0.0111024923357567,-0.0306777248438745,0.008137071832490801,0.0019899761679732994,0.00506352400023205
Mistral-7B-Instruct-v0.3,EBM-NLP,21866656,P3,P4,P3->P4,-0.01309246850373,-0.0482483204742859,-0.1872447623950309,-0.0756294041754228,0.0625369356716928,0.138996441920745,0.1007666887962189
Mistral-7B-Instruct-v0.3,EBM-NLP,21866656,P4,P5,P4->P5,-0.0482483204742859,-0.0235906371048518,-0.1065095152173723,-0.0600399065116674,0.0117915860373815,0.0829188781125205,0.047355232074951
Mistral-7B-Instruct-v0.3,EBM-NLP,21866656,P5,P6,P5->P6,-0.0235906371048518,-0.0235844020332608,-0.0235906371048518,-0.0235844020332608,6.235071590997288e-06,6.235071590997288e-06,6.235071590997288e-06
Mistral-7B-Instruct-v0.3,EBM-NLP,20739054,P1,P2,P1->P2,-0.0217747590701792,-0.0161686225804685,-0.025532431021552,-0.0361394114414474,0.014364652371268202,0.0093638084410835,0.011864230406175852
Mistral-7B-Instruct-v0.3,EBM-NLP,20739054,P2,P3,P2->P3,-0.0161686225804685,-0.0073507436297156,-0.009193328293887,-0.0239206106941166,0.007751988113648099,0.0018425846641714006,0.0047972863889097495
Mistral-7B-Instruct-v0.3,EBM-NLP,20739054,P3,P4,P3->P4,-0.0073507436297156,-0.0882383700340024,-0.5910100013979019,-0.0825110803950916,0.07516033676537599,0.5027716313638996,0.2889659840646378
Mistral-7B-Instruct-v0.3,EBM-NLP,20739054,P4,P5,P4->P5,-0.0882383700340024,-0.0235285474673697,-0.1234514454477711,-0.1824827963306058,0.0942444262966034,0.09992289798040141,0.0970836621385024
Mistral-7B-Instruct-v0.3,EBM-NLP,20739054,P5,P6,P5->P6,-0.0235285474673697,-0.0458550053207497,-0.0355117757265505,-0.0430667616034808,0.019538214136111103,0.0103432295941992,0.014940721865155151
Mistral-7B-Instruct-v0.3,EBM-NLP,21029638,P1,P2,P1->P2,-0.0874349279627469,-0.0194294307547548,-0.0438000817061858,-0.0973515585396319,0.009916630576884994,0.024370650951431,0.017143640764157995
Mistral-7B-Instruct-v0.3,EBM-NLP,21029638,P2,P3,P2->P3,-0.0194294307547548,-0.0046016782104411,-0.0078701031542269,-0.052283010805053,0.0328535800502982,0.0032684249437858,0.018061002497042
Mistral-7B-Instruct-v0.3,EBM-NLP,21029638,P3,P4,P3->P4,-0.0046016782104411,-0.0926466782887776,-0.5173526763916015,-0.0418438900296933,0.0372422118192522,0.42470599810282395,0.23097410496103807
Mistral-7B-Instruct-v0.3,EBM-NLP,21029638,P4,P5,P4->P5,-0.0926466782887776,-0.0135040402412414,-0.0174334618780348,-0.1112739165623982,0.018627238273620603,0.003929421636793398,0.011278329955207
Mistral-7B-Instruct-v0.3,EBM-NLP,21029638,P5,P6,P5->P6,-0.0135040402412414,-0.0106575522157881,-0.0135040402412414,-0.0106575522157881,0.0028464880254533004,0.0028464880254533004,0.0028464880254533004
Mistral-7B-Instruct-v0.3,SciER,ICLR2024-AI4Material,P1,P2,P1->P2,-0.0615342833574802,-0.0652845258652924,-0.0699511970686265,-0.0868020334414073,0.0252677500839271,0.004666671203334097,0.014967210643630598
Mistral-7B-Instruct-v0.3,SciER,ICLR2024-AI4Material,P2,P3,P2->P3,-0.0652845258652924,-0.0476155146956443,-0.0515746962279081,-0.0684921492668301,0.0032076234015376986,0.003959181532263802,0.00358340246690075
Mistral-7B-Instruct-v0.3,SciER,ICLR2024-AI4Material,P3,P4,P3->P4,-0.0476155146956443,-0.0422934981589578,-0.0676743982545769,-0.0812789276242256,0.033663412928581306,0.0253809000956191,0.029522156512100203
Mistral-7B-Instruct-v0.3,SciER,ICLR2024-AI4Material,P4,P5,P4->P5,-0.0422934981589578,-0.0425016417389824,-0.052965275304658,-0.055121496466477,0.012827998307519205,0.010463633565675597,0.0116458159365974
Mistral-7B-Instruct-v0.3,SciER,ICLR2024-AI4Material,P5,P6,P5->P6,-0.0425016417389824,-0.0395992129753177,-0.0410217130241762,-0.0449907239703905,0.0024890822314080976,0.0014225000488584938,0.0019557911401332957
Mistral-7B-Instruct-v0.3,SciER,160009536,P1,P2,P1->P2,-0.0268086075872986,-0.0236484286347394,-0.0242971526101205,-0.0346688530160577,0.007860245428759103,0.0006487239753811026,0.004254484702070103
Mistral-7B-Instruct-v0.3,SciER,160009536,P2,P3,P2->P3,-0.0236484286347394,-0.0361606179676319,-0.0371585051505942,-0.0259760981875671,0.0023276695528277012,0.000997887182962301,0.001662778367895001
Mistral-7B-Instruct-v0.3,SciER,160009536,P3,P4,P3->P4,-0.0361606179676319,-0.023120986217517,-0.0306837745545583,-0.0456149303646229,0.009454312396991002,0.0075627883370412985,0.00850855036701615
Mistral-7B-Instruct-v0.3,SciER,160009536,P4,P5,P4->P5,-0.023120986217517,-0.0148632378901965,-0.0184827592174272,-0.0276813164139478,0.0045603301964308,0.0036195213272306997,0.00408992576183075
Mistral-7B-Instruct-v0.3,SciER,160009536,P5,P6,P5->P6,-0.0148632378901965,-0.021765958765416,-0.0281666534705813,-0.0158530925343711,0.0009898546441745992,0.0064006947051653,0.0036952746746699494
Mistral-7B-Instruct-v0.3,SciER,244256,P1,P2,P1->P2,-0.0477835581217954,-0.0292018897797105,-0.03298794055864,-0.0527718052994695,0.004988247177674106,0.0037860507789295034,0.004387148978301805
Mistral-7B-Instruct-v0.3,SciER,244256,P2,P3,P2->P3,-0.0292018897797105,-0.0365577985660544,-0.0382687008661176,-0.0284046452898766,0.0007972444898338982,0.0017109023000631968,0.0012540733949485475
Mistral-7B-Instruct-v0.3,SciER,244256,P3,P4,P3->P4,-0.0365577985660544,-0.0302143633427456,-0.057853212140732,-0.0437054625335289,0.007147663967474502,0.027638848797986396,0.017393256382730447
Mistral-7B-Instruct-v0.3,SciER,244256,P4,P5,P4->P5,-0.0302143633427456,-0.0313676172175367,-0.0618338694462211,-0.039260778414338,0.009046415071592397,0.030466252228684404,0.019756333650138402
Mistral-7B-Instruct-v0.3,SciER,244256,P5,P6,P5->P6,-0.0313676172175367,-0.0336414633939024,-0.0338230913809806,-0.0385323984122667,0.007164781194730005,0.0001816279870782006,0.003673204590904103
Mistral-7B-Instruct-v0.3,SciER,192546007,P1,P2,P1->P2,-0.0529995161639757,-0.0233931572345847,-0.0260126667068988,-0.0522990638418771,0.000700452322098595,0.0026195094723141,0.0016599808972063475
Mistral-7B-Instruct-v0.3,SciER,192546007,P2,P3,P2->P3,-0.0233931572345847,-0.020444899128502,-0.0205327677814399,-0.0234170144028735,2.385716828879822e-05,8.786865293789956e-05,5.586291061334889e-05
Mistral-7B-Instruct-v0.3,SciER,192546007,P3,P4,P3->P4,-0.020444899128502,-0.025033718169999,-0.0339673146409423,-0.0449124827329357,0.024467583604433702,0.008933596470943297,0.0167005900376885
Mistral-7B-Instruct-v0.3,SciER,192546007,P4,P5,P4->P5,-0.025033718169999,-0.0288098615795242,-0.0398142776136093,-0.0250056935463383,2.8024623660700965e-05,0.011004416034085099,0.0055162203288729
Mistral-7B-Instruct-v0.3,SciER,192546007,P5,P6,P5->P6,-0.0288098615795242,-0.023405350031005,-0.0245133386451669,-0.0290220157019711,0.00021215412244690243,0.0011079886141619026,0.0006600713683044025
Mistral-7B-Instruct-v0.3,SciER,202719492,P1,P2,P1->P2,-0.0469696109839638,-0.0341056948455498,-0.0443866200101437,-0.0598944018447334,0.0129247908607696,0.010280925164593897,0.011602858012681749
Mistral-7B-Instruct-v0.3,SciER,202719492,P2,P3,P2->P3,-0.0341056948455498,-0.0290540915605259,-0.0349180030682918,-0.0358241582980384,0.0017184634524885986,0.005863911507765898,0.0037911874801272484
Mistral-7B-Instruct-v0.3,SciER,202719492,P3,P4,P3->P4,-0.0290540915605259,-0.0253287413801044,-0.0475573236921661,-0.0592181761243825,0.0301640845638566,0.0222285823120617,0.02619633343795915
Mistral-7B-Instruct-v0.3,SciER,202719492,P4,P5,P4->P5,-0.0253287413801044,-0.029104364801924,-0.0349127501790462,-0.0442868465804051,0.018958105200300696,0.005808385377122201,0.012383245288711448
Mistral-7B-Instruct-v0.3,SciER,202719492,P5,P6,P5->P6,-0.029104364801924,-0.028691535418456,-0.0280993063230294,-0.0291490998180847,4.473501616069839e-05,0.0005922290954266003,0.00031848205579364935
Mistral-7B-Instruct-v0.3,SciER,210157153,P1,P2,P1->P2,-0.0322669635681457,-0.0207980559857863,-0.0232156851160681,-0.0370606790935594,0.004793715525413703,0.0024176291302818002,0.0036056723278477514
Mistral-7B-Instruct-v0.3,SciER,210157153,P2,P3,P2->P3,-0.0207980559857863,-0.0218829598962898,-0.0251527976981682,-0.0174546699339673,0.0033433860518190008,0.0032698378018784016,0.003306611926848701
Mistral-7B-Instruct-v0.3,SciER,210157153,P3,P4,P3->P4,-0.0218829598962898,-0.0389649214193923,-0.0494042883510701,-0.0344628251203701,0.012579865224080299,0.010439366931677803,0.01150961607787905
Mistral-7B-Instruct-v0.3,SciER,210157153,P4,P5,P4->P5,-0.0389649214193923,-0.0334707355559474,-0.0430110467632783,-0.0494904727383982,0.010525551319005899,0.009540311207330898,0.010032931263168399
Mistral-7B-Instruct-v0.3,SciER,210157153,P5,P6,P5->P6,-0.0334707355559474,-0.0196674082689224,-0.022479569361468,-0.0335947125182523,0.0001239769623049003,0.0028121610925456,0.0014680690274252502
Mistral-7B-Instruct-v0.3,SciER,3627225,P1,P2,P1->P2,-0.0517962854209712,-0.0144826838311394,-0.0208605013432716,-0.0568722411096767,0.005075955688705502,0.006377817512132199,0.0057268866004188505
Mistral-7B-Instruct-v0.3,SciER,3627225,P2,P3,P2->P3,-0.0144826838311394,-0.0193166904211707,-0.0200607521044885,-0.018648275748565,0.0041655919174256005,0.0007440616833177989,0.0024548268003716997
Mistral-7B-Instruct-v0.3,SciER,3627225,P3,P4,P3->P4,-0.0193166904211707,-0.0148548858849025,-0.0267327587521157,-0.0443185369872099,0.025001846566039203,0.011877872867213198,0.0184398597166262
Mistral-7B-Instruct-v0.3,SciER,3627225,P4,P5,P4->P5,-0.0148548858849025,-0.030536507576704,-0.057397632241249,-0.0174986169472369,0.0026437310623344014,0.026861124664544996,0.014752427863439698
Mistral-7B-Instruct-v0.3,SciER,3627225,P5,P6,P5->P6,-0.030536507576704,-0.0272842533886432,-0.030536507576704,-0.0272842533886432,0.0032522541880608026,0.0032522541880608026,0.0032522541880608026
Mistral-7B-Instruct-v0.3,SciER,NeurIPS2023-AI4Science,P1,P2,P1->P2,-0.0444419028811484,-0.0396538441165857,-0.042543289115066,-0.0474688795002751,0.003026976619126695,0.0028894449984803033,0.002958210808803499
Mistral-7B-Instruct-v0.3,SciER,NeurIPS2023-AI4Science,P2,P3,P2->P3,-0.0396538441165857,-0.0371980209005187,-0.0374402727205165,-0.0413652765276615,0.0017114324110757972,0.0002422518199977977,0.0009768421155367975
Mistral-7B-Instruct-v0.3,SciER,NeurIPS2023-AI4Science,P3,P4,P3->P4,-0.0371980209005187,-0.0115783964318619,-0.0351550464077802,-0.0383342935243717,0.0011362726238529977,0.023576649975918303,0.01235646129988565
Mistral-7B-Instruct-v0.3,SciER,NeurIPS2023-AI4Science,P4,P5,P4->P5,-0.0115783964318619,-0.0248677653999238,-0.0313161235091936,-0.0112256137138332,0.00035278271802870013,0.006448358109269799,0.0034005704136492497
Mistral-7B-Instruct-v0.3,SciER,NeurIPS2023-AI4Science,P5,P6,P5->P6,-0.0248677653999238,-0.0104594949488749,-0.0105765008137539,-0.0265449687578714,0.0016772033579476008,0.0001170058648789999,0.0008971046114133003
Mistral-7B-Instruct-v0.3,SciER,AAAI2024,P1,P2,P1->P2,-0.0337562612874919,-0.0307765219844221,-0.0328811858483132,-0.0435057502174246,0.009749488929932701,0.0021046638638910972,0.005927076396911899
Mistral-7B-Instruct-v0.3,SciER,AAAI2024,P2,P3,P2->P3,-0.0307765219844221,-0.0248260505982263,-0.0283125977370064,-0.0330484501591813,0.0022719281747591996,0.003486547138780098,0.002879237656769649
Mistral-7B-Instruct-v0.3,SciER,AAAI2024,P3,P4,P3->P4,-0.0248260505982263,-0.0312921539780537,-0.0514725385698402,-0.03810972258383,0.013283671985603696,0.020180384591786504,0.0167320282886951
Mistral-7B-Instruct-v0.3,SciER,AAAI2024,P4,P5,P4->P5,-0.0312921539780537,-0.0495142912448838,-0.1021681206170902,-0.0358132363062754,0.0045210823282217025,0.0526538293722064,0.02858745585021405
Mistral-7B-Instruct-v0.3,SciER,AAAI2024,P5,P6,P5->P6,-0.0495142912448838,-0.0551711026319237,-0.0563916640226231,-0.0493113270332646,0.00020296421161920125,0.0012205613906993984,0.0007117628011592998
Mistral-7B-Instruct-v0.3,SciER,EMNLP2023,P1,P2,P1->P2,-0.0160988439194952,-0.0166939024187577,-0.015783689239388,-0.0181584827988761,0.0020596388793809005,0.0009102131793696996,0.0014849260293753
Mistral-7B-Instruct-v0.3,SciER,EMNLP2023,P2,P3,P2->P3,-0.0166939024187577,-0.0282342144632156,-0.0288988710113509,-0.0151388282824524,0.0015550741363052987,0.0006646565481353006,0.0011098653422202997
Mistral-7B-Instruct-v0.3,SciER,EMNLP2023,P3,P4,P3->P4,-0.0282342144632156,-0.024529509609559,-0.0439451151643424,-0.0588756025782716,0.030641388115056005,0.019415605554783402,0.025028496834919704
Mistral-7B-Instruct-v0.3,SciER,EMNLP2023,P4,P5,P4->P5,-0.024529509609559,-0.0503121187005724,-0.0847011068889073,-0.0330273827258315,0.008497873116272502,0.03438898818833489,0.021443430652303697
Mistral-7B-Instruct-v0.3,SciER,EMNLP2023,P5,P6,P5->P6,-0.0503121187005724,-0.0449099166052682,-0.0463997203963143,-0.0543955302238464,0.004083411523273996,0.0014898037910461015,0.0027866076571600486
Mistral-7B-Instruct-v0.3,SciER,ICLR2024-AI4Science-Protein,P1,P2,P1->P2,-0.0466934535729051,-0.0281453793094708,-0.0296170545541323,-0.0460762652595347,0.0006171883133704037,0.001471675244661498,0.0010444317790159509
Mistral-7B-Instruct-v0.3,SciER,ICLR2024-AI4Science-Protein,P2,P3,P2->P3,-0.0281453793094708,-0.0446320272735343,-0.0461929941404193,-0.0269412299990654,0.0012041493104054009,0.0015609668668850052,0.001382558088645203
Mistral-7B-Instruct-v0.3,SciER,ICLR2024-AI4Science-Protein,P3,P4,P3->P4,-0.0446320272735343,-0.0551074738591322,-0.0576974659460812,-0.0472491925833005,0.0026171653097662034,0.002589992086949003,0.002603578698357603
Mistral-7B-Instruct-v0.3,SciER,ICLR2024-AI4Science-Protein,P4,P5,P4->P5,-0.0551074738591322,-0.0908600566908717,-0.125503683462739,-0.0631735398998401,0.008066066040707906,0.03464362677186729,0.021354846406287598
Mistral-7B-Instruct-v0.3,SciER,ICLR2024-AI4Science-Protein,P5,P6,P5->P6,-0.0908600566908717,-0.086228829338437,-0.0816687402271089,-0.0913089672103524,0.00044891051948070526,0.004560089111328089,0.002504499815404397
Mistral-7B-Instruct-v0.3,SciER,202888938,P1,P2,P1->P2,-0.0241465403731838,-0.0172847542288102,-0.0210289581300052,-0.027122624641498,0.0029760842683141976,0.003744203901195002,0.0033601440847546
Mistral-7B-Instruct-v0.3,SciER,202888938,P2,P3,P2->P3,-0.0172847542288102,-0.0278662486920836,-0.0297704496797149,-0.0180625573853238,0.0007778031565136012,0.0019042009876313014,0.0013410020720724513
Mistral-7B-Instruct-v0.3,SciER,202888938,P3,P4,P3->P4,-0.0278662486920836,-0.1030066787422477,-0.4228425087866845,-0.0493676394520216,0.021501390759938,0.31983583004443683,0.17066861040218742
Mistral-7B-Instruct-v0.3,SciER,202888938,P4,P5,P4->P5,-0.1030066787422477,-0.0432871124961159,-0.1542519742792303,-0.1406759627453692,0.0376692840031215,0.11096486178311439,0.07431707289311795
Mistral-7B-Instruct-v0.3,SciER,202888938,P5,P6,P5->P6,-0.0432871124961159,-0.0492175180336524,-0.0539569032603296,-0.0474220194599845,0.004134906963868597,0.004739385226677197,0.004437146095272897
Mistral-7B-Instruct-v0.3,SciER,CVPR2023,P1,P2,P1->P2,-0.0385604209939619,-0.0468010629847412,-0.0501047014986397,-0.0527583647213648,0.014197943727402906,0.0033036385138984978,0.008750791120650702
Mistral-7B-Instruct-v0.3,SciER,CVPR2023,P2,P3,P2->P3,-0.0468010629847412,-0.046073069453742,-0.0534102994218996,-0.0491486609971616,0.0023475980124203974,0.007337229968157603,0.004842413990289
Mistral-7B-Instruct-v0.3,SciER,CVPR2023,P3,P4,P3->P4,-0.046073069453742,-0.0923407598116498,-0.1996564142867097,-0.0712853812759128,0.025212311822170805,0.10731565447505989,0.06626398314861534
Mistral-7B-Instruct-v0.3,SciER,CVPR2023,P4,P5,P4->P5,-0.0923407598116498,-0.0214923552555887,-0.0241495659199699,-0.1217857401223446,0.0294449803106948,0.0026572106643811995,0.016051095487537997
Mistral-7B-Instruct-v0.3,SciER,CVPR2023,P5,P6,P5->P6,-0.0214923552555887,-0.0195958989480118,-0.0190442282641924,-0.0222575821344435,0.0007652268788547988,0.000551670683819401,0.0006584487813370999
Mistral-7B-Instruct-v0.3,SciER,53109398,P1,P2,P1->P2,-0.0338439672996173,-0.0199106497524892,-0.0222743642147963,-0.0359666341846605,0.0021226668850432007,0.0023637144623071017,0.002243190673675151
Mistral-7B-Instruct-v0.3,SciER,53109398,P2,P3,P2->P3,-0.0199106497524892,-0.0445229521319465,-0.0492810020687699,-0.0209552385932936,0.0010445888408044009,0.004758049936823397,0.002901319388813899
Mistral-7B-Instruct-v0.3,SciER,53109398,P3,P4,P3->P4,-0.0445229521319465,-0.1110593158472309,-0.129488207386032,-0.0524341527255266,0.007911200593580102,0.018428891538801104,0.013170046066190603
Mistral-7B-Instruct-v0.3,SciER,53109398,P4,P5,P4->P5,-0.1110593158472309,-0.0451585971260617,-0.0638566618895667,-0.114795471631744,0.0037361557845130983,0.018698064763504996,0.011217110274009047
Mistral-7B-Instruct-v0.3,SciER,53109398,P5,P6,P5->P6,-0.0451585971260617,-0.0478153574679579,-0.05429557710886,-0.046466100854126,0.0013075037280643048,0.0064802196409021046,0.0038938616844832047
Mistral-7B-Instruct-v0.3,SciER,52169846,P1,P2,P1->P2,-0.0169950038133959,-0.0327090815623026,-0.0379452561554255,-0.0177887350098282,0.0007937311964322999,0.005236174593122901,0.0030149528947776005
Mistral-7B-Instruct-v0.3,SciER,52169846,P2,P3,P2->P3,-0.0327090815623026,-0.0253363193883656,-0.0303980217131189,-0.0304647091283532,0.002244372433949402,0.005061702324753302,0.003653037379351352
Mistral-7B-Instruct-v0.3,SciER,52169846,P3,P4,P3->P4,-0.0253363193883656,-0.0356840142754774,-0.0866508661461808,-0.0483452588605493,0.0230089394721837,0.0509668518707034,0.036987895671443546
Mistral-7B-Instruct-v0.3,SciER,52169846,P4,P5,P4->P5,-0.0356840142754774,-0.0231876061996866,-0.0421493934100295,-0.0501055353464499,0.014421521070972505,0.018961787210342897,0.0166916541406577
Mistral-7B-Instruct-v0.3,SciER,52169846,P5,P6,P5->P6,-0.0231876061996866,-0.0269225292043063,-0.028146104780468,-0.0243667784040864,0.0011791722043997983,0.0012235755761616993,0.0012013738902807488
Mistral-7B-Instruct-v0.3,SciER,210702798,P1,P2,P1->P2,-0.0196194200881905,-0.0303867553679466,-0.0297310065753798,-0.0229150528177228,0.0032956327295323024,0.0006557487925668015,0.001975690761049552
Mistral-7B-Instruct-v0.3,SciER,210702798,P2,P3,P2->P3,-0.0303867553679466,-0.0206872409008838,-0.0207378981914416,-0.0304946793583606,0.0001079239904139967,5.0657290557799134e-05,7.929064048589791e-05
Mistral-7B-Instruct-v0.3,SciER,210702798,P3,P4,P3->P4,-0.0206872409008838,-0.0232095718989052,-0.0364006093284765,-0.0255472261735576,0.004859985272673801,0.013191037429571305,0.009025511351122553
Mistral-7B-Instruct-v0.3,SciER,210702798,P4,P5,P4->P5,-0.0232095718989052,-0.0301726409305799,-0.0307084890716333,-0.0332463066222746,0.010036734723369405,0.0005358481410534001,0.005286291432211402
Mistral-7B-Instruct-v0.3,SciER,210702798,P5,P6,P5->P6,-0.0301726409305799,-0.0202463705728033,-0.0202643630381684,-0.0299508027346141,0.00022183819596579765,1.7992465365098548e-05,0.0001199153306654481
Qwen3-8B,EBM-NLP,11229858,P1,P2,P1->P2,-0.0024429734520189,-0.0034193545979046,-0.0024429734520189,-0.0034193545979046,0.0009763811458856999,0.0009763811458856999,0.0009763811458856999
Qwen3-8B,EBM-NLP,11229858,P2,P3,P2->P3,-0.0034193545979046,-0.0059243394717775,-0.0068923315085713,-0.0042232577555943,0.0008039031576897002,0.0009679920367938006,0.0008859475972417504
Qwen3-8B,EBM-NLP,11229858,P3,P4,P3->P4,-0.0059243394717775,-0.007681740269269,-0.2229178564444388,-0.0574527047023186,0.0515283652305411,0.2152361161751698,0.13338224070285545
Qwen3-8B,EBM-NLP,11229858,P4,P5,P4->P5,-0.007681740269269,-0.0133893174945183,-0.4046867298630048,-0.3139403619586605,0.3062586216893915,0.3912974123684865,0.34877801702893896
Qwen3-8B,EBM-NLP,11229858,P5,P6,P5->P6,-0.0133893174945183,-0.0140159141342594,-0.0133893174945183,-0.0140159141342594,0.0006265966397410987,0.0006265966397410987,0.0006265966397410987
Qwen3-8B,EBM-NLP,2678230,P1,P2,P1->P2,-0.0053224800488887,-0.0029235093270317,-0.0092958096562132,-0.0142651952994175,0.008942715250528801,0.006372300329181501,0.007657507789855151
Qwen3-8B,EBM-NLP,2678230,P2,P3,P2->P3,-0.0029235093270317,-0.0047889260909496,-0.0142651952994175,-0.0137791609191625,0.0108556515921308,0.009476269208467902,0.010165960400299351
Qwen3-8B,EBM-NLP,2678230,P3,P4,P3->P4,-0.0047889260909496,-0.0146774428231375,-0.4702996526445661,-0.0785135006293272,0.07372457453837761,0.4556222098214286,0.2646733921799031
Qwen3-8B,EBM-NLP,2678230,P4,P5,P4->P5,-0.0146774428231375,-0.0381640938093077,-0.2797669104810031,-0.12166445681027,0.10698701398713249,0.24160281667169542,0.17429491532941396
Qwen3-8B,EBM-NLP,2678230,P5,P6,P5->P6,-0.0381640938093077,-0.0388748311159903,-0.0483465152874327,-0.0434447819331906,0.005280688123882903,0.009471684171442403,0.007376186147662653
Qwen3-8B,EBM-NLP,8916620,P1,P2,P1->P2,-0.0084493795507832,-0.0195330452207647,-0.0084493795507832,-0.0195330452207647,0.0110836656699815,0.0110836656699815,0.0110836656699815
Qwen3-8B,EBM-NLP,8916620,P2,P3,P2->P3,-0.0195330452207647,-0.0108078134436051,-0.0123225832448422,-0.0262128411722139,0.0066797959514491995,0.0015147698012371001,0.00409728287634315
Qwen3-8B,EBM-NLP,8916620,P3,P4,P3->P4,-0.0108078134436051,-0.031498175400954,-0.6808258447891626,-0.2187691660760675,0.2079613526324624,0.6493276693882086,0.4286445110103355
Qwen3-8B,EBM-NLP,8916620,P4,P5,P4->P5,-0.031498175400954,-0.0433508471647898,-0.1849658266703287,-0.3547327090532352,0.32323453365228116,0.14161497950553892,0.23242475657891004
Qwen3-8B,EBM-NLP,8916620,P5,P6,P5->P6,-0.0433508471647898,-0.0333033440605042,-0.0511542123461526,-0.0280225825309753,0.015328264633814499,0.0178508682856484,0.016589566459731447
Qwen3-8B,SciERC,P86-1011,P1,P2,P1->P2,-0.0035718617181373,-0.0040072733726499,-0.0035718617181373,-0.0040072733726499,0.00043541165451260007,0.00043541165451260007,0.00043541165451260007
Qwen3-8B,SciERC,P86-1011,P2,P3,P2->P3,-0.0040072733726499,-0.0065840286643881,-0.0141535497417575,-0.0040241180904552,1.6844717805299808e-05,0.007569521077369401,0.0037931828975873503
Qwen3-8B,SciERC,P86-1011,P3,P4,P3->P4,-0.0065840286643881,-0.0034255139606515,-0.5119315865113563,-0.2047383217435134,0.1981542930791253,0.5085060725507048,0.353330182814915
Qwen3-8B,SciERC,P86-1011,P4,P5,P4->P5,-0.0034255139606515,-0.0139098319091967,-0.1219260011400495,-0.0693728284737498,0.0659473145130983,0.1080161692308528,0.08698174187197555
Qwen3-8B,SciERC,P86-1011,P5,P6,P5->P6,-0.0139098319091967,-0.014368714313758,-0.0185042951452104,-0.0164896702127797,0.0025798383035830017,0.0041355808314524,0.0033577095675177008
Qwen3-8B,EBM-NLP,11381289,P1,P2,P1->P2,-9.327465962905242e-05,-7.914659866409474e-05,-9.327465962905242e-05,-7.914659866409474e-05,1.4128060964957676e-05,1.4128060964957676e-05,1.4128060964957676e-05
Qwen3-8B,EBM-NLP,11381289,P2,P3,P2->P3,-7.914659866409474e-05,-0.0010447467910779,-7.914659866409474e-05,-0.0010447467910779,0.0009656001924138053,0.0009656001924138053,0.0009656001924138053
Qwen3-8B,EBM-NLP,11381289,P3,P4,P3->P4,-0.0010447467910779,-0.0095843633595994,-0.3361753622248614,-0.0840186966358292,0.0829739498447513,0.326590998865262,0.20478247435500666
Qwen3-8B,EBM-NLP,11381289,P4,P5,P4->P5,-0.0095843633595994,-0.0180336897279701,-0.0935715810925352,-0.1172581549972297,0.1076737916376303,0.0755378913645651,0.0916058415010977
Qwen3-8B,EBM-NLP,11381289,P5,P6,P5->P6,-0.0180336897279701,-0.0077733267651926,-0.0154550211264355,-0.0361164481032128,0.018082758375242702,0.0076816943612429,0.012882226368242801
Qwen3-8B,EBM-NLP,4919024,P1,P2,P1->P2,-0.0009034523232416,-0.0007510791998356,-0.0324850048404187,-0.0255486396226015,0.0246451872993599,0.0317339256405831,0.028189556469971497
Qwen3-8B,EBM-NLP,4919024,P2,P3,P2->P3,-0.0007510791998356,-0.0021216343156993,-0.0007510791998356,-0.0021216343156993,0.0013705551158637,0.0013705551158637,0.0013705551158637
Qwen3-8B,EBM-NLP,4919024,P3,P4,P3->P4,-0.0021216343156993,-0.0342008289025754,-0.4926064549660196,-0.137328118365258,0.13520648404955868,0.4584056260634442,0.2968060550565014
Qwen3-8B,EBM-NLP,4919024,P4,P5,P4->P5,-0.0342008289025754,-0.0310061348809136,-0.2361561881171332,-0.3168315498196349,0.2826307209170595,0.2051500532362196,0.24389038707663954
Qwen3-8B,EBM-NLP,4919024,P5,P6,P5->P6,-0.0310061348809136,-0.0342003950824985,-0.0476594606003204,-0.0400571346282958,0.009050999747382198,0.013459065517821896,0.011255032632602047
Qwen3-8B,SciERC,ECCV_2016_110_abs,P1,P2,P1->P2,-0.0137888889606684,-0.0120182651693799,-0.0174259011125946,-0.0187641516940234,0.004975262733355001,0.005407635943214702,0.005191449338284851
Qwen3-8B,SciERC,ECCV_2016_110_abs,P2,P3,P2->P3,-0.0120182651693799,-0.0109366087338801,-0.0286534210829526,-0.0299237977439108,0.0179055325745309,0.017716812349072502,0.0178111724618017
Qwen3-8B,SciERC,ECCV_2016_110_abs,P3,P4,P3->P4,-0.0109366087338801,-0.024112114719316,-0.5196692709829293,-0.1133883516460457,0.1024517429121656,0.49555715626361324,0.2990044495878894
Qwen3-8B,SciERC,ECCV_2016_110_abs,P4,P5,P4->P5,-0.024112114719316,-0.0236375638180308,-0.1465346581406063,-0.2078636697694367,0.1837515550501207,0.12289709432257549,0.1533243246863481
Qwen3-8B,SciERC,ECCV_2016_110_abs,P5,P6,P5->P6,-0.0236375638180308,-0.0220458771558416,-0.0316098272400414,-0.0260385851617212,0.0024010213436903988,0.009563950084199798,0.005982485713945098
Qwen3-8B,EBM-NLP,19708562,P1,P2,P1->P2,-0.0057625520592623,-0.0067941342359003,-0.0130331499259109,-0.0181222339249549,0.012359681865692598,0.006239015690010601,0.0092993487778516
Qwen3-8B,EBM-NLP,19708562,P2,P3,P2->P3,-0.0067941342359003,-0.0053692595824243,-0.0288691775714247,-0.026795396986215,0.0200012627503147,0.023499917989000398,0.021750590369657548
Qwen3-8B,EBM-NLP,19708562,P3,P4,P3->P4,-0.0053692595824243,-0.0122384666500234,-0.1818917830355633,-0.059070008203149,0.0537007486207247,0.1696533163855399,0.1116770325031323
Qwen3-8B,EBM-NLP,19708562,P4,P5,P4->P5,-0.0122384666500234,-0.0042176421423603,-0.0122384666500234,-0.0042176421423603,0.008020824507663098,0.008020824507663098,0.008020824507663098
Qwen3-8B,EBM-NLP,19708562,P5,P6,P5->P6,-0.0042176421423603,-0.0040035191783331,-0.0042176421423603,-0.0040035191783331,0.0002141229640272007,0.0002141229640272007,0.0002141229640272007
Qwen3-8B,EBM-NLP,21914768,P1,P2,P1->P2,-0.0038195886290189,-0.0001514876214527,-0.0038195886290189,-0.0001514876214527,0.0036681010075662,0.0036681010075662,0.0036681010075662
Qwen3-8B,EBM-NLP,21914768,P2,P3,P2->P3,-0.0001514876214527,-0.002409181536784,-0.0001514876214527,-0.002409181536784,0.0022576939153312998,0.0022576939153312998,0.0022576939153312998
Qwen3-8B,EBM-NLP,21914768,P3,P4,P3->P4,-0.002409181536784,-0.0282113419473171,-0.1734873790293932,-0.0958110790221051,0.0934018974853211,0.1452760370820761,0.1193389672836986
Qwen3-8B,EBM-NLP,21914768,P4,P5,P4->P5,-0.0282113419473171,-0.0098690280207881,-0.0902762942843967,-0.0740262129902839,0.045814871042966804,0.0804072662636086,0.0631110686532877
Qwen3-8B,EBM-NLP,21914768,P5,P6,P5->P6,-0.0098690280207881,-0.0162703726026746,-0.0098690280207881,-0.0162703726026746,0.006401344581886499,0.006401344581886499,0.006401344581886499
Qwen3-8B,SciERC,E95-1033,P1,P2,P1->P2,-0.012289776641225,-0.0131789151098098,-0.0229676209233544,-0.0194316740546907,0.007141897413465699,0.009788705813544601,0.008465301613505151
Qwen3-8B,SciERC,E95-1033,P2,P3,P2->P3,-0.0131789151098098,-0.0106834493140399,-0.0262957690973469,-0.0334433278589098,0.0202644127491,0.015612319783307002,0.0179383662662035
Qwen3-8B,SciERC,E95-1033,P3,P4,P3->P4,-0.0106834493140399,-0.0081827736465759,-0.4227800930247587,-0.1020890497554639,0.091405600441424,0.41459731937818284,0.25300145990980344
Qwen3-8B,SciERC,E95-1033,P4,P5,P4->P5,-0.0081827736465759,-0.0062866283830768,-0.0488717317475868,-0.0861991089251306,0.0780163352785547,0.04258510336451,0.060300719321532345
Qwen3-8B,SciERC,E95-1033,P5,P6,P5->P6,-0.0062866283830768,-0.0062575594558258,-0.0062866283830768,-0.0062575594558258,2.906892725100009e-05,2.906892725100009e-05,2.906892725100009e-05
Qwen3-8B,EBM-NLP,3067745,P1,P2,P1->P2,-0.0133826954472329,-0.0135246341981525,-0.0222505031962923,-0.0352969711884519,0.021914275741219003,0.0087258689981398,0.015320072369679402
Qwen3-8B,EBM-NLP,3067745,P2,P3,P2->P3,-0.0135246341981525,-0.0113831940031462,-0.0732576010856965,-0.0227803611446038,0.0092557269464513,0.0618744070825503,0.0355650670145008
Qwen3-8B,EBM-NLP,3067745,P3,P4,P3->P4,-0.0113831940031462,-0.0109047764226009,-0.5504665709378427,-0.1067478989143725,0.0953647049112263,0.5395617945152418,0.31746324971323403
Qwen3-8B,EBM-NLP,3067745,P4,P5,P4->P5,-0.0109047764226009,-0.0127144524684319,-0.1365838853212503,-0.2448304494222005,0.2339256729995996,0.12386943285281839,0.17889755292620899
Qwen3-8B,EBM-NLP,3067745,P5,P6,P5->P6,-0.0127144524684319,-0.0254432351692863,-0.0425976974808651,-0.0195966854200258,0.006882232951593901,0.017154462311578803,0.012018347631586351
Qwen3-8B,SciERC,P06-3007,P1,P2,P1->P2,-0.0136390107710802,-0.0144790168314312,-0.0182327072924146,-0.0153522477184478,0.001713236947367601,0.0037536904609833995,0.0027334637041755002
Qwen3-8B,SciERC,P06-3007,P2,P3,P2->P3,-0.0144790168314312,-0.0052068741337213,-0.018688825898927,-0.0335710828120891,0.0190920659806579,0.013481951765205702,0.016287008872931802
Qwen3-8B,SciERC,P06-3007,P3,P4,P3->P4,-0.0052068741337213,-0.0126822730437816,-0.3251671413458961,-0.0690172405139496,0.0638103663802283,0.31248486830211447,0.18814761734117139
Qwen3-8B,SciERC,P06-3007,P4,P5,P4->P5,-0.0126822730437816,-0.0129969208274452,-0.0772292087665815,-0.0174940574299736,0.004811784386191998,0.0642322879391363,0.034522036162664145
Qwen3-8B,SciERC,P06-3007,P5,P6,P5->P6,-0.0129969208274452,-0.0100790966899909,-0.0119950607820942,-0.018537973003051,0.0055410521756058,0.0019159640921032998,0.00372850813385455
Qwen3-8B,EBM-NLP,23849147,P1,P2,P1->P2,-0.0128423395774347,-0.0191480712643985,-0.0328946393992513,-0.0158625122883337,0.003020172710898999,0.013746568134852803,0.008383370422875902
Qwen3-8B,EBM-NLP,23849147,P2,P3,P2->P3,-0.0191480712643985,-0.0095181315353958,-0.0123419852178787,-0.0286009814131436,0.009452910148745101,0.0028238536824828995,0.0061383819156140005
Qwen3-8B,EBM-NLP,23849147,P3,P4,P3->P4,-0.0095181315353958,-0.0250553830057127,-0.2803868758372771,-0.1518706944292393,0.14235256289384352,0.2553314928315644,0.19884202786270397
Qwen3-8B,EBM-NLP,23849147,P4,P5,P4->P5,-0.0250553830057127,-0.0225892586092795,-0.8649575633387412,-0.409542735825237,0.3844873528195243,0.8423683047294617,0.613427828774493
Qwen3-8B,EBM-NLP,23849147,P5,P6,P5->P6,-0.0225892586092795,-0.0359710570304624,-0.0225892586092795,-0.0359710570304624,0.013381798421182898,0.013381798421182898,0.013381798421182898
Qwen3-8B,EBM-NLP,15358868,P1,P2,P1->P2,-0.0091537251654598,-0.0025465529985152,-0.0339105977461888,-0.0298109336261764,0.0206572084607166,0.0313640447476736,0.0260106266041951
Qwen3-8B,EBM-NLP,15358868,P2,P3,P2->P3,-0.0025465529985152,-0.0010243870126895,-0.0025465529985152,-0.0010243870126895,0.0015221659858257,0.0015221659858257,0.0015221659858257
Qwen3-8B,EBM-NLP,15358868,P3,P4,P3->P4,-0.0010243870126895,-0.0067383423447608,-0.5863180160522461,-0.2503479649312794,0.24932357791858992,0.5795796737074853,0.4144516258130376
Qwen3-8B,EBM-NLP,15358868,P4,P5,P4->P5,-0.0067383423447608,-0.0421115954717,-1.0317789713541667,-0.2223336935043335,0.21559535115957268,0.9896673758824668,0.6026313635210198
Qwen3-8B,EBM-NLP,15358868,P5,P6,P5->P6,-0.0421115954717,-0.0227359675649386,-0.0411974930051547,-0.0874118248621622,0.0453002293904622,0.0184615254402161,0.031880877415339154
Qwen3-8B,EBM-NLP,7844976,P1,P2,P1->P2,-0.0133710494147071,-0.0159588497650774,-0.0133710494147071,-0.0159588497650774,0.0025878003503703017,0.0025878003503703017,0.0025878003503703017
Qwen3-8B,EBM-NLP,7844976,P2,P3,P2->P3,-0.0159588497650774,-0.0194334001154512,-0.0197177166874344,-0.0233895016621939,0.007430651897116499,0.0002843165719832001,0.0038574842345498496
Qwen3-8B,EBM-NLP,7844976,P3,P4,P3->P4,-0.0194334001154512,-0.0333510347314783,-0.4810797201620566,-0.1067924310604261,0.08735903094497491,0.44772868543057825,0.2675438581877766
Qwen3-8B,EBM-NLP,7844976,P4,P5,P4->P5,-0.0333510347314783,-0.0334219251360212,-0.2757445289975121,-0.0752384082691089,0.04188737353763059,0.2423226038614909,0.14210498869956076
Qwen3-8B,EBM-NLP,7844976,P5,P6,P5->P6,-0.0334219251360212,-0.0539270750681559,-0.0583556604385376,-0.0608208122707548,0.027398887134733603,0.004428585370381696,0.01591373625255765
Qwen3-8B,SciERC,C88-1044,P1,P2,P1->P2,-0.0130520190294859,-0.0067291309584432,-0.0136755575884634,-0.0252764979677815,0.0122244789382956,0.0069464266300201995,0.0095854527841579
Qwen3-8B,SciERC,C88-1044,P2,P3,P2->P3,-0.0067291309584432,-0.0076633241416803,-0.0067291309584432,-0.0076633241416803,0.0009341931832371007,0.0009341931832371007,0.0009341931832371007
Qwen3-8B,SciERC,C88-1044,P3,P4,P3->P4,-0.0076633241416803,-0.0225965391249346,-0.5102202003524148,-0.0806662700069484,0.07300294586526809,0.4876236612274802,0.2803133035463741
Qwen3-8B,SciERC,C88-1044,P4,P5,P4->P5,-0.0225965391249346,-0.0115268770352763,-0.0618284078977875,-0.1084602006088347,0.0858636614839001,0.0503015308625112,0.06808259617320564
Qwen3-8B,SciERC,C88-1044,P5,P6,P5->P6,-0.0115268770352763,-0.0130004675591071,-0.0214947701274434,-0.0151659224498069,0.0036390454145305996,0.008494302568336299,0.006066673991433449
Qwen3-8B,EBM-NLP,384815,P1,P2,P1->P2,-0.0045829932981481,-0.0006373764602661,-0.0045829932981481,-0.0006373764602661,0.003945616837882,0.003945616837882,0.003945616837882
Qwen3-8B,EBM-NLP,384815,P2,P3,P2->P3,-0.0006373764602661,-0.0006323550959576,-0.0006373764602661,-0.0006323550959576,5.021364308500052e-06,5.021364308500052e-06,5.021364308500052e-06
Qwen3-8B,EBM-NLP,384815,P3,P4,P3->P4,-0.0006323550959576,-0.0088013575061575,-0.3789141766436688,-0.0665400965529746,0.065907741457017,0.37011281913751126,0.21801028029726413
Qwen3-8B,EBM-NLP,384815,P4,P5,P4->P5,-0.0088013575061575,-0.0053116094756436,-0.0439659989886469,-0.031275966724792,0.0224746092186345,0.0386543895130033,0.030564499365818898
Qwen3-8B,EBM-NLP,384815,P5,P6,P5->P6,-0.0053116094756436,-0.0057942215111348,-0.0053116094756436,-0.0057942215111348,0.0004826120354911997,0.0004826120354911997,0.0004826120354911997
Qwen3-8B,SciERC,P05-1039,P1,P2,P1->P2,-0.0115663885543294,-0.0117541233225474,-0.0217481216267933,-0.0184537110619671,0.006887322507637699,0.0099939983042459,0.0084406604059418
Qwen3-8B,SciERC,P05-1039,P2,P3,P2->P3,-0.0117541233225474,-0.0158790410567496,-0.019392761296453,-0.0148794579127478,0.0031253345902003994,0.0035137202397033974,0.0033195274149518984
Qwen3-8B,SciERC,P05-1039,P3,P4,P3->P4,-0.0158790410567496,-0.017740922496918,-0.3692860832826339,-0.1353900516434182,0.11951101058666859,0.3515451607857159,0.23552808568619224
Qwen3-8B,SciERC,P05-1039,P4,P5,P4->P5,-0.017740922496918,-0.0076517677808656,-0.157941693626947,-0.1829127455777663,0.1651718230808483,0.1502899258460814,0.15773087446346484
Qwen3-8B,SciERC,P05-1039,P5,P6,P5->P6,-0.0076517677808656,-0.0116789014201455,-0.0143378736313516,-0.0188539564416632,0.0112021886607976,0.0026589722112061003,0.0069305804360018505
Qwen3-8B,SciERC,I05-5004,P1,P2,P1->P2,-0.0106293912210336,-0.0074482369495211,-0.0138461951535057,-0.0172725204446921,0.006643129223658499,0.0063979582039846,0.006520543713821549
Qwen3-8B,SciERC,I05-5004,P2,P3,P2->P3,-0.0074482369495211,-0.008133028542338,-0.00951360521039,-0.0118443076832484,0.0043960707337273005,0.0013805766680520005,0.0028883237008896505
Qwen3-8B,SciERC,I05-5004,P3,P4,P3->P4,-0.008133028542338,-0.0051429062869993,-0.2223479757745435,-0.0958890240116416,0.0877559954693036,0.2172050694875442,0.1524805324784239
Qwen3-8B,SciERC,I05-5004,P4,P5,P4->P5,-0.0051429062869993,-0.0038676883975596,-0.0583778703218809,-0.065108865525392,0.059965959238392694,0.054510181924321305,0.057238070581357
Qwen3-8B,SciERC,I05-5004,P5,P6,P5->P6,-0.0038676883975596,-0.0048144365584786,-0.0038676883975596,-0.0048144365584786,0.0009467481609190002,0.0009467481609190002,0.0009467481609190002
Qwen3-8B,SciERC,E99-1015,P1,P2,P1->P2,-0.0123648291373803,-0.0066143858000404,-0.0210265643856068,-0.016540244861011,0.0041754157236307005,0.014412178585566402,0.009293797154598552
Qwen3-8B,SciERC,E99-1015,P2,P3,P2->P3,-0.0066143858000404,-0.0162270181188898,-0.0319222820199225,-0.0125264777111883,0.005912091911147901,0.015695263901032697,0.0108036779060903
Qwen3-8B,SciERC,E99-1015,P3,P4,P3->P4,-0.0162270181188898,-0.028448890953783,-0.644333627488878,-0.1528053759050763,0.13657835778618652,0.615884736535095,0.3762315471606408
Qwen3-8B,SciERC,E99-1015,P4,P5,P4->P5,-0.028448890953783,-0.0293404427422604,-0.0655106129780621,-0.1300133864084879,0.10156449545470489,0.0361701702358017,0.06886733284525329
Qwen3-8B,SciERC,E99-1015,P5,P6,P5->P6,-0.0293404427422604,-0.0268954554913749,-0.0293404427422604,-0.0268954554913749,0.002444987250885499,0.002444987250885499,0.002444987250885499
Qwen3-8B,SciERC,P06-1018,P1,P2,P1->P2,-0.013114153859258,-0.0115140617189086,-0.0137673399783038,-0.0176803474395476,0.004566193580289599,0.0022532782593952007,0.0034097359198424
Qwen3-8B,SciERC,P06-1018,P2,P3,P2->P3,-0.0115140617189086,-0.007496972997466,-0.0154414974241324,-0.0156307949935751,0.0041167332746665005,0.0079445244266664,0.00603062885066645
Qwen3-8B,SciERC,P06-1018,P3,P4,P3->P4,-0.007496972997466,-0.0080061891391438,-0.1976839412643682,-0.0655378375635414,0.05804086456607539,0.1896777521252244,0.1238593083456499
Qwen3-8B,SciERC,P06-1018,P4,P5,P4->P5,-0.0080061891391438,-0.0040793330016487,-0.0223838220706274,-0.0341353915483869,0.026129202409243102,0.0183044890689787,0.022216845739110903
Qwen3-8B,SciERC,P06-1018,P5,P6,P5->P6,-0.0040793330016487,-0.0183217479905735,-0.0180659032440925,-0.0040470001403061,3.233286134260004e-05,0.00025584474648100014,0.0001440888039118001
Qwen3-8B,EBM-NLP,19096921,P1,P2,P1->P2,-0.0004640019629632,-1.9431435853556847e-05,-0.0004640019629632,-1.9431435853556847e-05,0.00044457052710964313,0.00044457052710964313,0.00044457052710964313
Qwen3-8B,EBM-NLP,19096921,P2,P3,P2->P3,-1.9431435853556847e-05,-4.1347847946964125e-05,-1.9431435853556847e-05,-4.1347847946964125e-05,2.191641209340728e-05,2.191641209340728e-05,2.191641209340728e-05
Qwen3-8B,EBM-NLP,19096921,P3,P4,P3->P4,-4.1347847946964125e-05,-0.0014888384329849,-0.1494967374597957,-0.0207988707528075,0.020757522904860538,0.1480078990268108,0.08438271096583567
Qwen3-8B,EBM-NLP,19096921,P4,P5,P4->P5,-0.0014888384329849,-0.0068703301507851,-0.1592372527924077,-0.0737485920889137,0.0722597536559288,0.1523669226416226,0.1123133381487757
Qwen3-8B,EBM-NLP,19096921,P5,P6,P5->P6,-0.0068703301507851,-0.0047873318421118,-0.0304946541560418,-0.0212283400818705,0.014358009931085398,0.02570732231393,0.0200326661225077
Qwen3-8B,EBM-NLP,22416755,P1,P2,P1->P2,-0.0092623255708638,-0.0147379187483283,-0.0732585188731473,-0.0454557946353566,0.0361934690644928,0.058520600124819,0.0473570345946559
Qwen3-8B,EBM-NLP,22416755,P2,P3,P2->P3,-0.0147379187483283,-0.0120764730778415,-0.0240329709728207,-0.0125236427364636,0.0022142760118646996,0.0119564978949792,0.00708538695342195
Qwen3-8B,EBM-NLP,22416755,P3,P4,P3->P4,-0.0120764730778415,-0.0306252208020952,-0.485623041788737,-0.2411501639712173,0.22907369089337581,0.4549978209866418,0.3420357559400088
Qwen3-8B,EBM-NLP,22416755,P4,P5,P4->P5,-0.0306252208020952,-0.0218931055731243,-0.0306252208020952,-0.0218931055731243,0.0087321152289709,0.0087321152289709,0.0087321152289709
Qwen3-8B,EBM-NLP,22416755,P5,P6,P5->P6,-0.0218931055731243,-0.0285681221220228,-0.0218931055731243,-0.0285681221220228,0.0066750165488984985,0.0066750165488984985,0.0066750165488984985
Qwen3-8B,EBM-NLP,24803369,P1,P2,P1->P2,-0.0042024720868054,-0.007136196985732,-0.0042024720868054,-0.007136196985732,0.0029337248989266002,0.0029337248989266002,0.0029337248989266002
Qwen3-8B,EBM-NLP,24803369,P2,P3,P2->P3,-0.007136196985732,-0.011060304885363,-0.007136196985732,-0.011060304885363,0.0039241078996309995,0.0039241078996309995,0.0039241078996309995
Qwen3-8B,EBM-NLP,24803369,P3,P4,P3->P4,-0.011060304885363,-0.0242274900277455,-0.3579932530721029,-0.1351572579439104,0.1240969530585474,0.3337657630443574,0.2289313580514524
Qwen3-8B,EBM-NLP,24803369,P4,P5,P4->P5,-0.0242274900277455,-0.0170502202851431,-0.1971466331254868,-0.2727783203125,0.2485508302847545,0.1800964128403437,0.21432362156254908
Qwen3-8B,EBM-NLP,24803369,P5,P6,P5->P6,-0.0170502202851431,-0.0145976492336818,-0.0348671283040727,-0.0331388138589404,0.0160885935737973,0.0202694790703909,0.0181790363220941
Qwen3-8B,EBM-NLP,10934569,P1,P2,P1->P2,-0.0061541061836461,-0.0065501743378356,-0.0061541061836461,-0.0065501743378356,0.0003960681541895,0.0003960681541895,0.0003960681541895
Qwen3-8B,EBM-NLP,10934569,P2,P3,P2->P3,-0.0065501743378356,-0.0049217062859007,-0.0065501743378356,-0.0049217062859007,0.0016284680519349,0.0016284680519349,0.0016284680519349
Qwen3-8B,EBM-NLP,10934569,P3,P4,P3->P4,-0.0049217062859007,-0.0183037670690621,-0.7915443152244857,-0.0479046522806852,0.0429829459947845,0.7732405481554235,0.408111747075104
Qwen3-8B,EBM-NLP,10934569,P4,P5,P4->P5,-0.0183037670690621,-0.014558499525575,-0.0177274069365333,-0.0229682673269243,0.004664500257862202,0.0031689074109583007,0.0039167038344102515
Qwen3-8B,EBM-NLP,10934569,P5,P6,P5->P6,-0.014558499525575,-0.0226830246288384,-0.0229682673269243,-0.0235508394591948,0.008992339933619801,0.00028524269808589964,0.004638791315852851
Qwen3-8B,EBM-NLP,6938020,P1,P2,P1->P2,-0.0023184540537463,-0.0026982199021872,-0.0061890299217212,-0.007126314222345,0.0048078601685987,0.003490810019534,0.00414933509406635
Qwen3-8B,EBM-NLP,6938020,P2,P3,P2->P3,-0.0026982199021872,-0.0020221852237986,-0.0026982199021872,-0.0020221852237986,0.0006760346783885999,0.0006760346783885999,0.0006760346783885999
Qwen3-8B,EBM-NLP,6938020,P3,P4,P3->P4,-0.0020221852237986,-0.0119445665360807,-0.312542560172605,-0.0411432114050101,0.0391210261812115,0.3005979936365243,0.1698595099088679
Qwen3-8B,EBM-NLP,6938020,P4,P5,P4->P5,-0.0119445665360807,-0.0075050545856356,-0.2382517515216022,-0.0572847731636612,0.0453402066275805,0.23074669693596658,0.13804345178177355
Qwen3-8B,EBM-NLP,6938020,P5,P6,P5->P6,-0.0075050545856356,-0.0144698028641987,-0.0591174926215071,-0.0261528841219842,0.0186478295363486,0.0446476897573084,0.0316477596468285
Qwen3-8B,EBM-NLP,22271197,P1,P2,P1->P2,-0.0114649071764315,-0.0131931525599109,-0.0107633697856319,-0.0222278408509256,0.0107629336744941,0.0024297827742790004,0.00659635822438655
Qwen3-8B,EBM-NLP,22271197,P2,P3,P2->P3,-0.0131931525599109,-0.0074992869775016,-0.0105557114659965,-0.0570694182088466,0.0438762656489357,0.003056424488494901,0.0234663450687153
Qwen3-8B,EBM-NLP,22271197,P3,P4,P3->P4,-0.0074992869775016,-0.0064809068720391,-0.4696935694268409,-0.2757802629819164,0.2682809760044148,0.46321266255480176,0.3657468192796083
Qwen3-8B,EBM-NLP,22271197,P4,P5,P4->P5,-0.0064809068720391,-0.0049204093714555,-0.220337172349294,-0.1330649497661184,0.12658404289407932,0.21541676297783852,0.17100040293595892
Qwen3-8B,EBM-NLP,22271197,P5,P6,P5->P6,-0.0049204093714555,-0.011214709530274,-0.0049204093714555,-0.011214709530274,0.0062943001588185,0.0062943001588185,0.0062943001588185
Qwen3-8B,SciERC,P06-1053,P1,P2,P1->P2,-0.0106989141266026,-0.0068390732991234,-0.0126564060851438,-0.0121892503270988,0.0014903362004961996,0.0058173327860204,0.0036538344932583
Qwen3-8B,SciERC,P06-1053,P2,P3,P2->P3,-0.0068390732991234,-0.0080494269305378,-0.0053068469746728,-0.0070656858493924,0.0002266125502689998,0.0027425799558649993,0.0014845962530669996
Qwen3-8B,SciERC,P06-1053,P3,P4,P3->P4,-0.0080494269305378,-0.0098747012556576,-0.2852927719960447,-0.1320696441690527,0.1240202172385149,0.2754180707403871,0.199719143989451
Qwen3-8B,SciERC,P06-1053,P4,P5,P4->P5,-0.0098747012556576,-0.0145488623476301,-0.0610890699427756,-0.0736032421471642,0.06372854089150659,0.0465402075951455,0.05513437424332605
Qwen3-8B,SciERC,P06-1053,P5,P6,P5->P6,-0.0145488623476301,-0.0177025144658235,-0.0145488623476301,-0.0177025144658235,0.003153652118193401,0.003153652118193401,0.003153652118193401
Qwen3-8B,SciERC,P05-2013,P1,P2,P1->P2,-0.014373168725558,-0.0081921107737363,-0.0179791373137527,-0.017279245862455,0.002906077136896999,0.0097870265400164,0.0063465518384567
Qwen3-8B,SciERC,P05-2013,P2,P3,P2->P3,-0.0081921107737363,-0.0070563701259625,-0.0136288756673986,-0.0167888473708369,0.008596736597100599,0.0065725055414361,0.0075846210692683495
Qwen3-8B,SciERC,P05-2013,P3,P4,P3->P4,-0.0070563701259625,-0.0177476483114649,-0.4313919838894619,-0.1311967091126875,0.124140338986725,0.413644335577997,0.268892337282361
Qwen3-8B,SciERC,P05-2013,P4,P5,P4->P5,-0.0177476483114649,-0.0169788669895481,-0.1488203899280445,-0.0679281990179854,0.0501805507065205,0.1318415229384964,0.09101103682250845
Qwen3-8B,SciERC,P05-2013,P5,P6,P5->P6,-0.0169788669895481,-0.0255243490332538,-0.0376599232837991,-0.0227763717238967,0.005797504734348601,0.0121355742505453,0.00896653949244695
Qwen3-8B,SciERC,P06-4007,P1,P2,P1->P2,-0.0330561107527007,-0.0133312882791305,-0.0166588750378838,-0.0381981499635231,0.005142039210822402,0.0033275867587533,0.004234812984787851
Qwen3-8B,SciERC,P06-4007,P2,P3,P2->P3,-0.0133312882791305,-0.0124043447190317,-0.0133312882791305,-0.0124043447190317,0.0009269435600988002,0.0009269435600988002,0.0009269435600988002
Qwen3-8B,SciERC,P06-4007,P3,P4,P3->P4,-0.0124043447190317,-0.0085584581622227,-0.2986169421238455,-0.1951613824943016,0.1827570377752699,0.29005848396162276,0.23640776086844634
Qwen3-8B,SciERC,P06-4007,P4,P5,P4->P5,-0.0085584581622227,-0.0171019794153315,-0.0388961508870124,-0.0276781103388983,0.0191196521766756,0.021794171471680897,0.020456911824178248
Qwen3-8B,SciERC,P06-4007,P5,P6,P5->P6,-0.0171019794153315,-0.020845883658954,-0.0171019794153315,-0.020845883658954,0.0037439042436225,0.0037439042436225,0.0037439042436225
Qwen3-8B,SciERC,C86-1081,P1,P2,P1->P2,-0.0160812166230431,-0.0097886693761929,-0.0229092822025032,-0.0148872524499893,0.0011939641730537992,0.013120612826310302,0.0071572884996820504
Qwen3-8B,SciERC,C86-1081,P2,P3,P2->P3,-0.0097886693761929,-0.0108707606792449,-0.0148872524499893,-0.0236608874030005,0.0138722180268076,0.004016491770744399,0.008944354898776
Qwen3-8B,SciERC,C86-1081,P3,P4,P3->P4,-0.0108707606792449,-0.0170529772837956,-0.4515006860097249,-0.0979257497294195,0.0870549890501746,0.4344477087259293,0.26075134888805196
Qwen3-8B,SciERC,C86-1081,P4,P5,P4->P5,-0.0170529772837956,-0.0293655416239862,-0.080753407271012,-0.1506378094355265,0.1335848321517309,0.0513878656470258,0.09248634889937835
Qwen3-8B,SciERC,C86-1081,P5,P6,P5->P6,-0.0293655416239862,-0.0251144786853961,-0.022898102421397,-0.034643496637759,0.0052779550137728,0.0022163762639990994,0.0037471656388859496
Qwen3-8B,EBM-NLP,1780092,P1,P2,P1->P2,-0.0106727072899354,-0.015259744011782,-0.0106727072899354,-0.015259744011782,0.004587036721846599,0.004587036721846599,0.004587036721846599
Qwen3-8B,EBM-NLP,1780092,P2,P3,P2->P3,-0.015259744011782,-0.0090432780005628,-0.0223209651008626,-0.0437199653469942,0.0284602213352122,0.013277687100299801,0.020868954217756
Qwen3-8B,EBM-NLP,1780092,P3,P4,P3->P4,-0.0090432780005628,-0.0045100963459565,-0.2138556540012359,-0.107079402828447,0.0980361248278842,0.2093455576552794,0.1536908412415818
Qwen3-8B,EBM-NLP,1780092,P4,P5,P4->P5,-0.0045100963459565,-0.0092323120026027,-0.4659188892327103,-0.1222195602380312,0.11770946389207469,0.4566865772301076,0.2871980205610911
Qwen3-8B,EBM-NLP,1780092,P5,P6,P5->P6,-0.0092323120026027,-0.025557121534026,-0.0420526359858137,-0.0301480141340517,0.020915702131449,0.0164955144517877,0.01870560829161835
Qwen3-8B,SciERC,P06-1013,P1,P2,P1->P2,-0.0047677279803952,-0.0052022356000249,-0.0047677279803952,-0.0052022356000249,0.00043450761962969976,0.00043450761962969976,0.00043450761962969976
Qwen3-8B,SciERC,P06-1013,P2,P3,P2->P3,-0.0052022356000249,-0.0114664079840568,-0.0168561798027333,-0.0095780824017372,0.004375846801712301,0.0053897718186765,0.0048828093101944
Qwen3-8B,SciERC,P06-1013,P3,P4,P3->P4,-0.0114664079840568,-0.0091574072027306,-0.2341672411523603,-0.1176068013931131,0.10614039340905629,0.2250098339496297,0.165575113679343
Qwen3-8B,SciERC,P06-1013,P4,P5,P4->P5,-0.0091574072027306,-0.0092415957839662,-0.0764598891821833,-0.0525920079342989,0.043434600731568296,0.0672182933982171,0.055326447064892696
Qwen3-8B,SciERC,P06-1013,P5,P6,P5->P6,-0.0092415957839662,-0.0083059066404424,-0.0117577996617169,-0.0148103363872217,0.0055687406032555,0.003451893021274499,0.0045103168122649995
Qwen3-8B,SciERC,P06-2012,P1,P2,P1->P2,-0.0196528793112631,-0.0154604062638218,-0.0174697881525171,-0.0211871913605672,0.0015343120493040985,0.002009381888695299,0.0017718469689996987
Qwen3-8B,SciERC,P06-2012,P2,P3,P2->P3,-0.0154604062638218,-0.0102172318816372,-0.0162040233804043,-0.0184351318514049,0.0029747255875830977,0.0059867914987671005,0.004480758543175099
Qwen3-8B,SciERC,P06-2012,P3,P4,P3->P4,-0.0102172318816372,-0.0148002133287232,-0.2362977620856515,-0.0779423639096581,0.0677251320280209,0.22149754875692831,0.1446113403924746
Qwen3-8B,SciERC,P06-2012,P4,P5,P4->P5,-0.0148002133287232,-0.0156267854011009,-0.0571993183352545,-0.1279099984415646,0.1131097851128414,0.0415725329341536,0.0773411590234975
Qwen3-8B,SciERC,P06-2012,P5,P6,P5->P6,-0.0156267854011009,-0.0110370180532019,-0.0170560945307385,-0.0192522322669672,0.0036254468658662997,0.006019076477536599,0.004822261671701449
Qwen3-8B,EBM-NLP,1968178,P1,P2,P1->P2,-0.0115691248793154,-0.0110684605897404,-0.0115691248793154,-0.0110684605897404,0.0005006642895750008,0.0005006642895750008,0.0005006642895750008
Qwen3-8B,EBM-NLP,1968178,P2,P3,P2->P3,-0.0110684605897404,-0.0060933376662433,-0.0110684605897404,-0.0060933376662433,0.004975122923497099,0.004975122923497099,0.004975122923497099
Qwen3-8B,EBM-NLP,1968178,P3,P4,P3->P4,-0.0060933376662433,-0.0428337507777743,-0.554002496931288,-0.1921035619452595,0.1860102242790162,0.5111687461535137,0.348589485216265
Qwen3-8B,EBM-NLP,1968178,P4,P5,P4->P5,-0.0428337507777743,-0.0144390528852289,-0.3148755160245028,-0.3282437324523926,0.2854099816746183,0.3004364631392739,0.2929232224069461
Qwen3-8B,EBM-NLP,1968178,P5,P6,P5->P6,-0.0144390528852289,-0.0204301675160725,-0.0438937838115389,-0.0474152565002441,0.0329762036150152,0.023463616295466398,0.028219909955240798
Qwen3-8B,SciERC,CVPR_2003_30_abs,P1,P2,P1->P2,-0.0132260410400248,-0.0084757304262547,-0.0126788773086099,-0.0139584963813488,0.0007324553413240002,0.004203146882355199,0.0024678011118395996
Qwen3-8B,SciERC,CVPR_2003_30_abs,P2,P3,P2->P3,-0.0084757304262547,-0.0124938598295708,-0.0217699979834833,-0.010347815548321,0.0018720851220662988,0.0092761381539125,0.0055741116379894
Qwen3-8B,SciERC,CVPR_2003_30_abs,P3,P4,P3->P4,-0.0124938598295708,-0.0105075941015692,-0.1627902279750389,-0.0520969940140882,0.0396031341845174,0.15228263387346969,0.09594288402899354
Qwen3-8B,SciERC,CVPR_2003_30_abs,P4,P5,P4->P5,-0.0105075941015692,-0.0094054225467156,-0.0510777630729971,-0.050943495587391,0.0404359014858218,0.0416723405262815,0.04105412100605165
Qwen3-8B,SciERC,CVPR_2003_30_abs,P5,P6,P5->P6,-0.0094054225467156,-0.0113876961880151,-0.0131858923980332,-0.0097256625005882,0.00032023995387260064,0.0017981962100181003,0.0010592180819453505
Qwen3-8B,EBM-NLP,25931290,P1,P2,P1->P2,-0.0023745112073102,-0.0040423994840551,-0.0082491563069853,-0.0184195982061135,0.0160450869988033,0.0042067568229302,0.01012592191086675
Qwen3-8B,EBM-NLP,25931290,P2,P3,P2->P3,-0.0040423994840551,-9.4830006054545e-05,-0.0040423994840551,-9.4830006054545e-05,0.0039475694780005555,0.0039475694780005555,0.0039475694780005555
Qwen3-8B,EBM-NLP,25931290,P3,P4,P3->P4,-9.4830006054545e-05,-0.0126314762979745,-0.2211820864118635,-0.0456448958308672,0.045550065824812656,0.20855061011388898,0.1270503379693508
Qwen3-8B,EBM-NLP,25931290,P4,P5,P4->P5,-0.0126314762979745,-0.0076601780080176,-0.0928123190805509,-0.0221968200057744,0.0095653437077999,0.0851521410725333,0.0473587423901666
Qwen3-8B,EBM-NLP,25931290,P5,P6,P5->P6,-0.0076601780080176,-0.0118155591673665,-0.0076601780080176,-0.0118155591673665,0.004155381159348901,0.004155381159348901,0.004155381159348901
Qwen3-8B,SciERC,CVPR_2004_18_abs,P1,P2,P1->P2,-0.0128123559712876,-0.0086007223204449,-0.0139064292112986,-0.0127122094873757,0.00010014648391190074,0.0053057068908537,0.0027029266873828004
Qwen3-8B,SciERC,CVPR_2004_18_abs,P2,P3,P2->P3,-0.0086007223204449,-0.0087515900873214,-0.0198298087778865,-0.0160149034616109,0.007414181141166,0.011078218690565099,0.00924619991586555
Qwen3-8B,SciERC,CVPR_2004_18_abs,P3,P4,P3->P4,-0.0087515900873214,-0.0135563751347631,-0.3569450549942126,-0.0646331064714341,0.05588151638411269,0.3433886798594495,0.1996350981217811
Qwen3-8B,SciERC,CVPR_2004_18_abs,P4,P5,P4->P5,-0.0135563751347631,-0.0061076108825462,-0.0181667455717137,-0.0626915504070494,0.04913517527228631,0.0120591346891675,0.030597154980726904
Qwen3-8B,SciERC,CVPR_2004_18_abs,P5,P6,P5->P6,-0.0061076108825462,-0.0053070241048766,-0.0061076108825462,-0.0053070241048766,0.0008005867776695996,0.0008005867776695996,0.0008005867776695996
Qwen3-8B,SciERC,P83-1004,P1,P2,P1->P2,-0.0188478143637659,-0.0097299144074723,-0.0120694485870567,-0.0220313000894292,0.0031834857256633,0.0023395341795844,0.00276150995262385
Qwen3-8B,SciERC,P83-1004,P2,P3,P2->P3,-0.0097299144074723,-0.0125248257073484,-0.0423907596878133,-0.023110462282155,0.013380547874682699,0.0298659339804649,0.0216232409275738
Qwen3-8B,SciERC,P83-1004,P3,P4,P3->P4,-0.0125248257073484,-0.0638471741354867,-0.3443651842267325,-0.1161277269957684,0.10360290128842,0.28051801009124583,0.1920604556898329
Qwen3-8B,SciERC,P83-1004,P4,P5,P4->P5,-0.0638471741354867,-0.0391297337294559,-0.1895686341881196,-0.134986754213826,0.0711395800783393,0.1504389004586637,0.11078924026850151
Qwen3-8B,SciERC,P83-1004,P5,P6,P5->P6,-0.0391297337294559,-0.0063435219975673,-0.0117070061416842,-0.0472245183131505,0.0080947845836946,0.0053634841441169,0.0067291343639057505
Qwen3-8B,SciERC,E06-1022,P1,P2,P1->P2,-0.0105520224109226,-0.0093696278450976,-0.0124259095877016,-0.0093153200354264,0.0012367023754961994,0.003056281742604,0.0021464920590500997
Qwen3-8B,SciERC,E06-1022,P2,P3,P2->P3,-0.0093696278450976,-0.0126352243725583,-0.0189967942085622,-0.0162888701115385,0.006919242266440901,0.006361569836003899,0.0066404060512224
Qwen3-8B,SciERC,E06-1022,P3,P4,P3->P4,-0.0126352243725583,-0.0110251866588907,-0.3539889075539328,-0.0749709959817073,0.06233577160914899,0.3429637208950421,0.20264974625209556
Qwen3-8B,SciERC,E06-1022,P4,P5,P4->P5,-0.0110251866588907,-0.017754547863171,-0.0808874322765175,-0.0323907878280671,0.0213656011691764,0.0631328844133465,0.04224924279126145
Qwen3-8B,SciERC,E06-1022,P5,P6,P5->P6,-0.017754547863171,-0.0170213606579479,-0.0181695658600691,-0.0175199333278612,0.00023461453530979753,0.001148205202121201,0.0006914098687154993
Qwen3-8B,SciERC,C04-1011,P1,P2,P1->P2,-0.0108321604407014,-0.0069568474588369,-0.0150392768005358,-0.0197672045988666,0.0089350441581652,0.0080824293416989,0.00850873674993205
Qwen3-8B,SciERC,C04-1011,P2,P3,P2->P3,-0.0069568474588369,-0.0090054423019779,-0.0199019666668511,-0.0167854269661394,0.009828579507302499,0.010896524364873199,0.010362551936087849
Qwen3-8B,SciERC,C04-1011,P3,P4,P3->P4,-0.0090054423019779,-0.0972306241717519,-0.3717133863062798,-0.1076594701237818,0.0986540278218039,0.27448276213452794,0.1865683949781659
Qwen3-8B,SciERC,C04-1011,P4,P5,P4->P5,-0.0972306241717519,-0.0307331724887651,-0.0473950678972511,-0.1698195904116087,0.0725889662398568,0.016661895408485998,0.044625430824171405
Qwen3-8B,SciERC,C04-1011,P5,P6,P5->P6,-0.0307331724887651,-0.0416015614065538,-0.0454728590086919,-0.0302840395187017,0.0004491329700634025,0.003871297602138099,0.0021602152861007508
Qwen3-8B,EBM-NLP,1131298,P1,P2,P1->P2,-0.0096836483004235,-0.0161456668378608,-0.0640667243881732,-0.0236970304928371,0.014013382192413599,0.047921057550312396,0.030967219871362996
Qwen3-8B,EBM-NLP,1131298,P2,P3,P2->P3,-0.0161456668378608,-0.0017581381490958,-0.0321432637014045,-0.0440207447401538,0.027875077902293,0.0303851255523087,0.02913010172730085
Qwen3-8B,EBM-NLP,1131298,P3,P4,P3->P4,-0.0017581381490958,-0.015783213689679,-0.2985847133104918,-0.0870696385322239,0.0853115003831281,0.2828014996208128,0.18405650000197044
Qwen3-8B,EBM-NLP,1131298,P4,P5,P4->P5,-0.015783213689679,-0.0111989608982153,-0.4278003625702439,-0.0927018962922643,0.0769186826025853,0.4166014016720286,0.24676004213730696
Qwen3-8B,EBM-NLP,1131298,P5,P6,P5->P6,-0.0111989608982153,-0.0223791515618039,-0.0111989608982153,-0.0223791515618039,0.011180190663588599,0.011180190663588599,0.011180190663588599
Qwen3-8B,EBM-NLP,6951573,P1,P2,P1->P2,-0.0074132104714707,-0.0030748017408229,-0.0074132104714707,-0.0030748017408229,0.0043384087306478,0.0043384087306478,0.0043384087306478
Qwen3-8B,EBM-NLP,6951573,P2,P3,P2->P3,-0.0030748017408229,-0.0065026874989189,-0.0102648077328553,-0.0047967826878582,0.0017219809470353006,0.0037621202339363996,0.00274205059048585
Qwen3-8B,EBM-NLP,6951573,P3,P4,P3->P4,-0.0065026874989189,-0.0089344084262847,-0.3281794929504394,-0.0903121999357793,0.0838095124368604,0.31924508452415473,0.20152729848050757
Qwen3-8B,EBM-NLP,6951573,P4,P5,P4->P5,-0.0089344084262847,-0.026536074551669,-0.4676933969770159,-0.2795529627799988,0.2706185543537141,0.4411573224253469,0.3558879383895305
Qwen3-8B,EBM-NLP,6951573,P5,P6,P5->P6,-0.026536074551669,-0.0320072099566459,-0.0249779044340054,-0.0431894876740195,0.0166534131223505,0.007029305522640503,0.011841359322495502
Qwen3-8B,EBM-NLP,8779382,P1,P2,P1->P2,-0.0103745306515249,-0.0153421657583252,-0.0195971092015698,-0.0177422521938161,0.007367721542291199,0.0042549434432446,0.005811332492767899
Qwen3-8B,EBM-NLP,8779382,P2,P3,P2->P3,-0.0153421657583252,-0.0097614837543395,-0.0582245551403026,-0.0319361021476132,0.016593936389288,0.0484630713859631,0.03252850388762555
Qwen3-8B,EBM-NLP,8779382,P3,P4,P3->P4,-0.0097614837543395,-0.0383039116859436,-0.7533067975725446,-0.2704124618282852,0.2606509780739457,0.715002885886601,0.4878269319802734
Qwen3-8B,EBM-NLP,8779382,P4,P5,P4->P5,-0.0383039116859436,-0.0232636034488677,-0.3769995949485085,-0.2682508059910365,0.2299468943050929,0.3537359914996408,0.29184144290236685
Qwen3-8B,EBM-NLP,8779382,P5,P6,P5->P6,-0.0232636034488677,-0.0349570989608764,-0.066300794813368,-0.0616134730252352,0.0383498695763675,0.031343695852491596,0.03484678271442955
Qwen3-8B,EBM-NLP,11750293,P1,P2,P1->P2,-0.0040512798087937,-0.000240606715706,-0.0040512798087937,-0.000240606715706,0.0038106730930877,0.0038106730930877,0.0038106730930877
Qwen3-8B,EBM-NLP,11750293,P2,P3,P2->P3,-0.000240606715706,-0.0034203916424658,-0.0271870070477811,-0.0062865713634383,0.0060459646477323,0.0237666154053153,0.0149062900265238
Qwen3-8B,EBM-NLP,11750293,P3,P4,P3->P4,-0.0034203916424658,-0.0147263398393988,-0.5064605474472046,-0.0713823626587017,0.0679619710162359,0.4917342076078058,0.2798480893120208
Qwen3-8B,EBM-NLP,11750293,P4,P5,P4->P5,-0.0147263398393988,-0.0153623548732406,-0.0490746099030834,-0.3731913566589355,0.3584650168195367,0.0337122550298428,0.19608863592468975
Qwen3-8B,EBM-NLP,11750293,P5,P6,P5->P6,-0.0153623548732406,-0.0134323799075224,-0.0187882410410123,-0.0224676670014173,0.007105312128176701,0.005355861133489898,0.006230586630833299
Qwen3-8B,SciERC,H05-1095,P1,P2,P1->P2,-0.0106284658238291,-0.0110921162587544,-0.0212038192908959,-0.0113314570655347,0.0007029912417056,0.0101117030321415,0.00540734713692355
Qwen3-8B,SciERC,H05-1095,P2,P3,P2->P3,-0.0110921162587544,-0.0098210141947629,-0.0099927010697441,-0.01101223871527,7.987754348440061e-05,0.0001716868749812011,0.00012578220923280085
Qwen3-8B,SciERC,H05-1095,P3,P4,P3->P4,-0.0098210141947629,-0.0091734922471198,-0.2846287717210485,-0.0679196738993033,0.058098659704540395,0.2754552794739287,0.16677696958923455
Qwen3-8B,SciERC,H05-1095,P4,P5,P4->P5,-0.0091734922471198,-0.0057339233266126,-0.0536962119909114,-0.0220008524174385,0.012827360170318701,0.0479622886642988,0.03039482441730875
Qwen3-8B,SciERC,H05-1095,P5,P6,P5->P6,-0.0057339233266126,-0.0071087682761111,-0.0057339233266126,-0.0071087682761111,0.0013748449494984999,0.0013748449494984999,0.0013748449494984999
Qwen3-8B,EBM-NLP,11891832,P1,P2,P1->P2,-0.0006418995086162,-0.0009523046094549,-0.0006418995086162,-0.0009523046094549,0.00031040510083870005,0.00031040510083870005,0.00031040510083870005
Qwen3-8B,EBM-NLP,11891832,P2,P3,P2->P3,-0.0009523046094549,-0.002528971711558,-0.0009523046094549,-0.002528971711558,0.0015766671021031002,0.0015766671021031002,0.0015766671021031002
Qwen3-8B,EBM-NLP,11891832,P3,P4,P3->P4,-0.002528971711558,-0.0022389316821799,-0.1635163138602294,-0.0411058505060811,0.0385768787945231,0.16127738217804952,0.0999271304862863
Qwen3-8B,EBM-NLP,11891832,P4,P5,P4->P5,-0.0022389316821799,-0.0040375124347411,-0.0624203008867926,-0.0621958976867152,0.059956966004535296,0.058382788452051505,0.0591698772282934
Qwen3-8B,EBM-NLP,11891832,P5,P6,P5->P6,-0.0040375124347411,-0.0038067250181052,-0.0040375124347411,-0.0038067250181052,0.00023078741663589992,0.00023078741663589992,0.00023078741663589992
Qwen3-8B,EBM-NLP,1459268,P1,P2,P1->P2,-0.0146097823048298,-0.010487400521859,-0.0186451553227075,-0.0461996255859767,0.0315898432811469,0.0081577548008485,0.0198737990409977
Qwen3-8B,EBM-NLP,1459268,P2,P3,P2->P3,-0.010487400521859,-0.0070731138104414,-0.010487400521859,-0.0070731138104414,0.003414286711417599,0.003414286711417599,0.003414286711417599
Qwen3-8B,EBM-NLP,1459268,P3,P4,P3->P4,-0.0070731138104414,-0.0198209546009699,-0.4425759119788806,-0.1254717570309545,0.1183986432205131,0.4227549573779107,0.2705768002992119
Qwen3-8B,EBM-NLP,1459268,P4,P5,P4->P5,-0.0198209546009699,-0.019907675252473,-0.2353894257348431,-0.1584160534540812,0.13859509885311128,0.2154817504823701,0.17703842466774067
Qwen3-8B,EBM-NLP,1459268,P5,P6,P5->P6,-0.019907675252473,-0.0190608206917257,-0.0298335257698507,-0.0663106973506202,0.0464030220981472,0.010772705078125,0.0285878635881361
Qwen3-8B,SciERC,P03-1070,P1,P2,P1->P2,-0.0086630199289971,-0.0048422678449012,-0.0076510176391839,-0.012029630884106,0.003366610955108899,0.0028087497942826996,0.0030876803746957993
Qwen3-8B,SciERC,P03-1070,P2,P3,P2->P3,-0.0048422678449012,-0.0052605793754937,-0.0048422678449012,-0.0052605793754937,0.00041831153059249983,0.00041831153059249983,0.00041831153059249983
Qwen3-8B,SciERC,P03-1070,P3,P4,P3->P4,-0.0052605793754937,-0.0076219270642274,-0.1895861439523652,-0.085341459301987,0.08008087992649329,0.1819642168881378,0.13102254840731553
Qwen3-8B,SciERC,P03-1070,P4,P5,P4->P5,-0.0076219270642274,-0.0060730693801268,-0.0448634584322647,-0.0138876987008091,0.0062657716365817,0.0387903890521379,0.0225280803443598
Qwen3-8B,SciERC,P03-1070,P5,P6,P5->P6,-0.0060730693801268,-0.0094662702296605,-0.0060730693801268,-0.0094662702296605,0.0033932008495336993,0.0033932008495336993,0.0033932008495336993
Qwen3-8B,SciERC,C08-2010,P1,P2,P1->P2,-0.0217726254199124,-0.0208608740987256,-0.0313039628253318,-0.019574418946912,0.0021982064730004004,0.010443088726606202,0.006320647599803301
Qwen3-8B,SciERC,C08-2010,P2,P3,P2->P3,-0.0208608740987256,-0.0150422714155144,-0.0256341311865109,-0.024544636302453,0.0036837622037273997,0.010591859770996501,0.0071378109873619505
Qwen3-8B,SciERC,C08-2010,P3,P4,P3->P4,-0.0150422714155144,-0.0163925647906382,-0.3230520770337998,-0.1361022791209484,0.12106000770543401,0.30665951224316157,0.2138597599742978
Qwen3-8B,SciERC,C08-2010,P4,P5,P4->P5,-0.0163925647906382,-0.0118025027289047,-0.0422541189891872,-0.064221548060633,0.0478289832699948,0.030451616260282498,0.03914029976513865
Qwen3-8B,SciERC,C08-2010,P5,P6,P5->P6,-0.0118025027289047,-0.0140874076034423,-0.0127174245281676,-0.0143280195199281,0.0025255167910233998,0.0013699830752746996,0.0019477499331490497
Qwen3-8B,SciERC,C04-1128,P1,P2,P1->P2,-0.0178447928795447,-0.0114631221386102,-0.0194527469690029,-0.0138555436065563,0.0039892492729883995,0.007989624830392698,0.005989437051690549
Qwen3-8B,SciERC,C04-1128,P2,P3,P2->P3,-0.0114631221386102,-0.0124088335954225,-0.0114631221386102,-0.0124088335954225,0.0009457114568122999,0.0009457114568122999,0.0009457114568122999
Qwen3-8B,SciERC,C04-1128,P3,P4,P3->P4,-0.0124088335954225,-0.0256661981001348,-0.3217639202502236,-0.0981201615069921,0.0857113279115696,0.2960977221500888,0.1909045250308292
Qwen3-8B,SciERC,C04-1128,P4,P5,P4->P5,-0.0256661981001348,-0.0184049713092723,-0.0796987980249382,-0.104490097482406,0.07882389938227119,0.061293826715665904,0.07005886304896855
Qwen3-8B,SciERC,C04-1128,P5,P6,P5->P6,-0.0184049713092723,-0.0208824308628731,-0.0256545735800519,-0.02649106287087,0.008086091561597699,0.004772142717178799,0.006429117139388249
Qwen3-8B,EBM-NLP,20509069,P1,P2,P1->P2,-0.0059693690389394,-0.0074769841041415,-0.0059693690389394,-0.0074769841041415,0.0015076150652021001,0.0015076150652021001,0.0015076150652021001
Qwen3-8B,EBM-NLP,20509069,P2,P3,P2->P3,-0.0074769841041415,-0.0089065539773809,-0.0617078821022043,-0.031214453279972,0.0237374691758305,0.052801328124823396,0.03826939865032695
Qwen3-8B,EBM-NLP,20509069,P3,P4,P3->P4,-0.0089065539773809,-0.0446323639637715,-0.569094941422746,-0.1396594187885365,0.13075286481115558,0.5244625774589745,0.32760772113506503
Qwen3-8B,EBM-NLP,20509069,P4,P5,P4->P5,-0.0446323639637715,-0.0227427283922831,-0.4255875746409098,-0.5920700382541966,0.5474376742904251,0.4028448462486267,0.4751412602695259
Qwen3-8B,EBM-NLP,20509069,P5,P6,P5->P6,-0.0227427283922831,-0.0295567313830057,-0.0227427283922831,-0.0295567313830057,0.006814002990722601,0.006814002990722601,0.006814002990722601
Qwen3-8B,EBM-NLP,15854186,P1,P2,P1->P2,-0.0067705729654344,-0.005776827346704,-0.0114025988977985,-0.0142086438969603,0.0074380709315259,0.005625771551094501,0.0065319212413102005
Qwen3-8B,EBM-NLP,15854186,P2,P3,P2->P3,-0.005776827346704,-0.0007559276978078,-0.005776827346704,-0.0007559276978078,0.0050208996488961995,0.0050208996488961995,0.0050208996488961995
Qwen3-8B,EBM-NLP,15854186,P3,P4,P3->P4,-0.0007559276978078,-0.0085176794301895,-0.2180061294918968,-0.0663059557748349,0.0655500280770271,0.2094884500617073,0.1375192390693672
Qwen3-8B,EBM-NLP,15854186,P4,P5,P4->P5,-0.0085176794301895,-0.0052110359334109,-0.0153968420467878,-0.0374263638541812,0.0289086844239917,0.0101858061133769,0.019547245268684302
Qwen3-8B,EBM-NLP,15854186,P5,P6,P5->P6,-0.0052110359334109,-0.0064258889148109,-0.0052110359334109,-0.0064258889148109,0.0012148529814,0.0012148529814,0.0012148529814
Qwen3-8B,EBM-NLP,9229602,P1,P2,P1->P2,-0.0049392895056651,-0.0007947474025571,-0.0049392895056651,-0.0007947474025571,0.004144542103108001,0.004144542103108001,0.004144542103108001
Qwen3-8B,EBM-NLP,9229602,P2,P3,P2->P3,-0.0007947474025571,-0.002940887978184,-0.0548054085645292,-0.012550451583826,0.0117557041812689,0.0518645205863452,0.03181011238380705
Qwen3-8B,EBM-NLP,9229602,P3,P4,P3->P4,-0.002940887978184,-0.0335915449562422,-0.2868052075762267,-0.1549399580274309,0.1519990700492469,0.25321366261998446,0.20260636633461568
Qwen3-8B,EBM-NLP,9229602,P4,P5,P4->P5,-0.0335915449562422,-0.0162734377617929,-0.1579582924936332,-0.1920781135559082,0.158486568599666,0.14168485473184028,0.15008571166575313
Qwen3-8B,EBM-NLP,9229602,P5,P6,P5->P6,-0.0162734377617929,-0.0145536824768664,-0.0162734377617929,-0.0145536824768664,0.0017197552849265007,0.0017197552849265007,0.0017197552849265007
Qwen3-8B,SciERC,C04-1036,P1,P2,P1->P2,-0.0109775349789974,-0.0128615579622633,-0.0176307255511774,-0.0122931878283327,0.0013156528493353005,0.004769167588914099,0.0030424102191247
Qwen3-8B,SciERC,C04-1036,P2,P3,P2->P3,-0.0128615579622633,-0.0075228400893655,-0.0122931878283327,-0.0163310259288432,0.0034694679665799,0.0047703477389672,0.0041199078527735505
Qwen3-8B,SciERC,C04-1036,P3,P4,P3->P4,-0.0075228400893655,-0.0119949396500371,-0.3176819974012335,-0.0484184760454238,0.0408956359560583,0.30568705775119637,0.17329134685362735
Qwen3-8B,SciERC,C04-1036,P4,P5,P4->P5,-0.0119949396500371,-0.019094900900243,-0.106262544236545,-0.2150523122936609,0.2030573726436238,0.087167643336302,0.1451125079899629
Qwen3-8B,SciERC,C04-1036,P5,P6,P5->P6,-0.019094900900243,-0.0160388526223276,-0.0265696432603442,-0.0321546759819501,0.013059775081707099,0.010530790638016603,0.01179528285986185
Qwen3-8B,EBM-NLP,24660757,P1,P2,P1->P2,-0.017926691348354,-0.0093320488494586,-0.0104119763657292,-0.0248687654733657,0.006942074125011698,0.0010799275162706005,0.0040110008206411495
Qwen3-8B,EBM-NLP,24660757,P2,P3,P2->P3,-0.0093320488494586,-0.0178453976879652,-0.0364986354621832,-0.0105843992060788,0.0012523503566201997,0.018653237774218002,0.009952794065419102
Qwen3-8B,EBM-NLP,24660757,P3,P4,P3->P4,-0.0178453976879652,-0.0181407142077049,-0.1442155022255695,-0.135591813949582,0.1177464162616168,0.1260747880178646,0.1219106021397407
Qwen3-8B,EBM-NLP,24660757,P4,P5,P4->P5,-0.0181407142077049,-0.051289099913377,-0.0882785870478703,-0.2484393041499339,0.230298589942229,0.0369894871344933,0.13364403853836115
Qwen3-8B,EBM-NLP,24660757,P5,P6,P5->P6,-0.051289099913377,-0.0457945924538832,-0.051289099913377,-0.0457945924538832,0.0054945074594938,0.0054945074594938,0.0054945074594938
Qwen3-8B,SciERC,N06-1037,P1,P2,P1->P2,-0.0144882577739349,-0.0080770037342822,-0.0148400401720545,-0.0275987753837775,0.013110517609842599,0.006763036437772299,0.00993677702380745
Qwen3-8B,SciERC,N06-1037,P2,P3,P2->P3,-0.0080770037342822,-0.0142997303674387,-0.0304389932820963,-0.0162474364631853,0.0081704327289031,0.0161392629146576,0.01215484782178035
Qwen3-8B,SciERC,N06-1037,P3,P4,P3->P4,-0.0142997303674387,-0.0108427112517149,-0.241067467910656,-0.1473045970118323,0.1330048666443936,0.2302247566589411,0.18161481165166735
Qwen3-8B,SciERC,N06-1037,P4,P5,P4->P5,-0.0108427112517149,-0.0082385369755062,-0.0111118408809604,-0.1144262158352395,0.1035835045835246,0.0028733039054542,0.0532284042444894
Qwen3-8B,SciERC,N06-1037,P5,P6,P5->P6,-0.0082385369755062,-0.0112699987937964,-0.021684641149006,-0.0100501589459117,0.0018116219704055001,0.0104146423552096,0.00611313216280755
Qwen3-8B,SciERC,NIPS_2016_80_abs,P1,P2,P1->P2,-0.0161518850800942,-0.0123155643766532,-0.0180738200662566,-0.0206486707135122,0.004496785633418002,0.005758255689603399,0.0051275206615107
Qwen3-8B,SciERC,NIPS_2016_80_abs,P2,P3,P2->P3,-0.0123155643766532,-0.0125004843999208,-0.0204027722868362,-0.0255277003619636,0.013212135985310399,0.0079022878869154,0.0105572119361129
Qwen3-8B,SciERC,NIPS_2016_80_abs,P3,P4,P3->P4,-0.0125004843999208,-0.0111956559559878,-0.2597348708732455,-0.1210621188705166,0.1085616344705958,0.2485392149172577,0.17855042469392673
Qwen3-8B,SciERC,NIPS_2016_80_abs,P4,P5,P4->P5,-0.0111956559559878,-0.0221699112340023,-0.0422239753760789,-0.0769121140825982,0.0657164581266104,0.0200540641420766,0.042885261134343496
Qwen3-8B,SciERC,NIPS_2016_80_abs,P5,P6,P5->P6,-0.0221699112340023,-0.0191727837559673,-0.0262681853835767,-0.0208718488875188,0.0012980623464835007,0.0070954016276094,0.00419673198704645
Qwen3-8B,SciERC,INTERSPEECH_2007_40_abs,P1,P2,P1->P2,-0.0127211080988248,-0.0146665050692501,-0.0283136295952967,-0.0226683641473452,0.009947256048520398,0.0136471245260466,0.011797190287283498
Qwen3-8B,SciERC,INTERSPEECH_2007_40_abs,P2,P3,P2->P3,-0.0146665050692501,-0.0119597650406991,-0.0229274214190595,-0.0265725013866488,0.011905996317398701,0.0109676563783604,0.01143682634787955
Qwen3-8B,SciERC,INTERSPEECH_2007_40_abs,P3,P4,P3->P4,-0.0119597650406991,-0.017994741083316,-0.301658014643867,-0.1242068017230314,0.11224703668233231,0.283663273560551,0.19795515512144166
Qwen3-8B,SciERC,INTERSPEECH_2007_40_abs,P4,P5,P4->P5,-0.017994741083316,-0.0162300260381147,-0.041110123537938,-0.093161921315598,0.075167180232282,0.024880097499823298,0.05002363886605265
Qwen3-8B,SciERC,INTERSPEECH_2007_40_abs,P5,P6,P5->P6,-0.0162300260381147,-0.0166238939871529,-0.0131643740264894,-0.0220721213395845,0.005842095301469799,0.003459519960663498,0.0046508076310666484
Qwen3-8B,SciERC,C96-1062,P1,P2,P1->P2,-0.0174602381574092,-0.0130915176622646,-0.0188287483662674,-0.0159441289897753,0.0015161091676339014,0.005737230704002802,0.0036266699358183515
Qwen3-8B,SciERC,C96-1062,P2,P3,P2->P3,-0.0130915176622646,-0.015406330588856,-0.0240701051968634,-0.0129238444812519,0.00016767318101269975,0.008663774608007399,0.004415723894510049
Qwen3-8B,SciERC,C96-1062,P3,P4,P3->P4,-0.015406330588856,-0.0069874183890598,-0.1630226572354634,-0.0998753330676384,0.0844690024787824,0.15603523884640358,0.120252120662593
Qwen3-8B,SciERC,C96-1062,P4,P5,P4->P5,-0.0069874183890598,-0.0095310672483545,-0.0665306062932978,-0.0645960864147853,0.0576086680257255,0.056999539044943294,0.0573041035353344
Qwen3-8B,SciERC,C96-1062,P5,P6,P5->P6,-0.0095310672483545,-0.009961721051405,-0.0095310672483545,-0.009961721051405,0.00043065380305049895,0.00043065380305049895,0.00043065380305049895
Qwen3-8B,SciERC,CVPR_2011_10_abs,P1,P2,P1->P2,-0.0131178209951645,-0.0114113086495887,-0.0147040909946416,-0.0124344755698677,0.0006833454252967996,0.0032927823450528988,0.001988063885174849
Qwen3-8B,SciERC,CVPR_2011_10_abs,P2,P3,P2->P3,-0.0114113086495887,-0.0153442164957049,-0.0192214145379907,-0.0126714659008112,0.001260157251222499,0.0038771980422858,0.0025686776467541495
Qwen3-8B,SciERC,CVPR_2011_10_abs,P3,P4,P3->P4,-0.0153442164957049,-0.0587131842597281,-0.2407858016431165,-0.0749932229281988,0.05964900643249389,0.1820726173833884,0.12086081190794115
Qwen3-8B,SciERC,CVPR_2011_10_abs,P4,P5,P4->P5,-0.0587131842597281,-0.0120359652421691,-0.045237795719765,-0.0770899746411358,0.0183767903814077,0.0332018304775959,0.0257893104295018
Qwen3-8B,SciERC,CVPR_2011_10_abs,P5,P6,P5->P6,-0.0120359652421691,-0.0177748174569182,-0.0189240009030614,-0.0149347268054533,0.0028987615632842002,0.0011491834461432003,0.0020239725047137003
Qwen3-8B,SciERC,N04-1022,P1,P2,P1->P2,-0.0187686951681656,-0.0111937219338322,-0.0163179448285784,-0.022612199449467,0.0038435042813014,0.005124222894746202,0.004483863588023801
Qwen3-8B,SciERC,N04-1022,P2,P3,P2->P3,-0.0111937219338322,-0.0153294794343977,-0.0310003882144353,-0.0209023342367325,0.0097086123029003,0.0156709087800376,0.01268976054146895
Qwen3-8B,SciERC,N04-1022,P3,P4,P3->P4,-0.0153294794343977,-0.0085556034387842,-0.1988925661217925,-0.1355444979441316,0.12021501850973389,0.19033696268300832,0.1552759905963711
Qwen3-8B,SciERC,N04-1022,P4,P5,P4->P5,-0.0085556034387842,-0.0125963243772275,-0.050848277111072,-0.066160943042742,0.057605339603957806,0.038251952733844505,0.047928646168901155
Qwen3-8B,SciERC,N04-1022,P5,P6,P5->P6,-0.0125963243772275,-0.0133692634739418,-0.0137600972929109,-0.0117605668201576,0.0008357575570699001,0.0003908338189690993,0.0006132956880194997
Qwen3-8B,SciERC,CVPR_1999_15_abs,P1,P2,P1->P2,-0.023029485632453,-0.0193120694456758,-0.0261206093808801,-0.0296976459130906,0.006668160280637603,0.006808539935204302,0.006738350107920952
Qwen3-8B,SciERC,CVPR_1999_15_abs,P2,P3,P2->P3,-0.0193120694456758,-0.0142979409704343,-0.0169114076643879,-0.0174630250265771,0.0018490444190986978,0.0026134666939535995,0.0022312555565261486
Qwen3-8B,SciERC,CVPR_1999_15_abs,P3,P4,P3->P4,-0.0142979409704343,-0.0585769843580066,-0.2884100303593753,-0.0950753991067046,0.0807774581362703,0.2298330460013687,0.1553052520688195
Qwen3-8B,SciERC,CVPR_1999_15_abs,P4,P5,P4->P5,-0.0585769843580066,-0.0147635745150702,-0.0529481872968142,-0.0901908226635145,0.031613838305507895,0.038184612781743996,0.03489922554362594
Qwen3-8B,SciERC,CVPR_1999_15_abs,P5,P6,P5->P6,-0.0147635745150702,-0.014188334890982,-0.0147635745150702,-0.014188334890982,0.0005752396240881995,0.0005752396240881995,0.0005752396240881995
Qwen3-8B,EBM-NLP,20618920,P1,P2,P1->P2,-0.0069255090895153,-0.0097757135287369,-0.011614983034606,-0.0074805645715622,0.0005550554820468994,0.0018392695058690994,0.0011971624939579994
Qwen3-8B,EBM-NLP,20618920,P2,P3,P2->P3,-0.0097757135287369,-0.0055051363026133,-0.0305700138258405,-0.0166961140561812,0.0069204005274443,0.0250648775232272,0.01599263902533575
Qwen3-8B,EBM-NLP,20618920,P3,P4,P3->P4,-0.0055051363026133,-0.0156402615613715,-0.5945663452148438,-0.1964155278651963,0.19091039156258302,0.5789260836534722,0.3849182376080276
Qwen3-8B,EBM-NLP,20618920,P4,P5,P4->P5,-0.0156402615613715,-0.0133473180061162,-0.8918054270189862,-0.7383212599643442,0.7226809984029726,0.87845810901287,0.8005695537079214
Qwen3-8B,EBM-NLP,20618920,P5,P6,P5->P6,-0.0133473180061162,-0.0151333573252655,-0.0133473180061162,-0.0151333573252655,0.0017860393191493004,0.0017860393191493004,0.0017860393191493004
Qwen3-8B,SciERC,CVPR_2004_30_abs,P1,P2,P1->P2,-0.0106854482547386,-0.0087841387603666,-0.0102046220661043,-0.0134062965016265,0.0027208482468879004,0.001420483305737701,0.0020706657763128007
Qwen3-8B,SciERC,CVPR_2004_30_abs,P2,P3,P2->P3,-0.0087841387603666,-0.0126909548367802,-0.0151956578269731,-0.0134182789629989,0.0046341402026323,0.002504702990192901,0.0035694215964126004
Qwen3-8B,SciERC,CVPR_2004_30_abs,P3,P4,P3->P4,-0.0126909548367802,-0.0185045773377184,-0.2471656564806328,-0.0801823448174471,0.0674913899806669,0.2286610791429144,0.14807623456179064
Qwen3-8B,SciERC,CVPR_2004_30_abs,P4,P5,P4->P5,-0.0185045773377184,-0.0127999027810132,-0.0704912530002097,-0.1186573036381455,0.1001527263004271,0.0576913502191965,0.0789220382598118
Qwen3-8B,SciERC,CVPR_2004_30_abs,P5,P6,P5->P6,-0.0127999027810132,-0.0145747730141457,-0.0127999027810132,-0.0145747730141457,0.001774870233132499,0.001774870233132499,0.001774870233132499
Qwen3-8B,SciERC,J82-3002,P1,P2,P1->P2,-0.0207405524266945,-0.0074539492235464,-0.0135680252138306,-0.022860655199477,0.0021201027727825,0.0061140759902842,0.00411708938153335
Qwen3-8B,SciERC,J82-3002,P2,P3,P2->P3,-0.0074539492235464,-0.0088286274934516,-0.0074539492235464,-0.0088286274934516,0.0013746782699051996,0.0013746782699051996,0.0013746782699051996
Qwen3-8B,SciERC,J82-3002,P3,P4,P3->P4,-0.0088286274934516,-0.0192020003860061,-0.2817854730932562,-0.0819075233796063,0.0730788958861547,0.2625834727072501,0.16783118429670238
Qwen3-8B,SciERC,J82-3002,P4,P5,P4->P5,-0.0192020003860061,-0.0132728506691186,-0.0494612809319508,-0.0723948371302974,0.0531928367442913,0.036188430262832194,0.04469063350356175
Qwen3-8B,SciERC,J82-3002,P5,P6,P5->P6,-0.0132728506691186,-0.0153373215407228,-0.0290037506689819,-0.0203079025889319,0.007035051919813299,0.013666429128259099,0.010350740524036199
Qwen3-8B,SciERC,P01-1056,P1,P2,P1->P2,-0.0162463173253495,-0.0148299827622914,-0.0216607570515147,-0.0224527260483783,0.0062064087230288,0.006830774289223301,0.006518591506126051
Qwen3-8B,SciERC,P01-1056,P2,P3,P2->P3,-0.0148299827622914,-0.011430273681879,-0.0253099910318851,-0.0363739308294108,0.0215439480671194,0.013879717350006099,0.01771183270856275
Qwen3-8B,SciERC,P01-1056,P3,P4,P3->P4,-0.011430273681879,-0.015022163077728,-0.2674139914234069,-0.0871948646306991,0.0757645909488201,0.25239182834567886,0.16407820964724948
Qwen3-8B,SciERC,P01-1056,P4,P5,P4->P5,-0.015022163077728,-0.0101325214723091,-0.0708791786079863,-0.0834809620048581,0.06845879892713011,0.0607466571356772,0.06460272803140366
Qwen3-8B,SciERC,P01-1056,P5,P6,P5->P6,-0.0101325214723091,-0.018796531736093,-0.0246564049936704,-0.0138225531430892,0.0036900316707800997,0.0058598732575773985,0.004774952464178749
Qwen3-8B,SciERC,ICCV_2013_25_abs,P1,P2,P1->P2,-0.0364069156688692,-0.0093228830761897,-0.011831490866219,-0.0440659019986781,0.007658986329808902,0.0025086077900293,0.005083797059919101
Qwen3-8B,SciERC,ICCV_2013_25_abs,P2,P3,P2->P3,-0.0093228830761897,-0.007229287427327,-0.0087307058129629,-0.0103136762045323,0.0009907931283426007,0.0015014183856359,0.0012461057569892503
Qwen3-8B,SciERC,ICCV_2013_25_abs,P3,P4,P3->P4,-0.007229287427327,-0.0086127150465141,-0.2412182253468719,-0.0689805340051839,0.061751246577856904,0.2326055103003578,0.14717837843910736
Qwen3-8B,SciERC,ICCV_2013_25_abs,P4,P5,P4->P5,-0.0086127150465141,-0.0137862062431342,-0.0498951338335282,-0.0483170552461436,0.039704340199629505,0.036108927590394,0.037906633895011754
Qwen3-8B,SciERC,ICCV_2013_25_abs,P5,P6,P5->P6,-0.0137862062431342,-0.0120339793087811,-0.0124655889134125,-0.0186440108602182,0.0048578046170840005,0.00043160960463139997,0.0026447071108577002
Qwen3-8B,EBM-NLP,7017018,P1,P2,P1->P2,-0.0153291903195842,-0.0171347645021254,-0.0153291903195842,-0.0171347645021254,0.0018055741825412,0.0018055741825412,0.0018055741825412
Qwen3-8B,EBM-NLP,7017018,P2,P3,P2->P3,-0.0171347645021254,-0.0148595720529556,-0.0296783685684204,-0.0260096769179067,0.0088749124157813,0.014818796515464801,0.011846854465623051
Qwen3-8B,EBM-NLP,7017018,P3,P4,P3->P4,-0.0148595720529556,-0.046901319026947,-0.8586936187744141,-0.1253778934478759,0.1105183213949203,0.8117922997474671,0.46115531057119374
Qwen3-8B,EBM-NLP,7017018,P4,P5,P4->P5,-0.046901319026947,-0.0107725651896729,-0.5975239812111368,-0.3353979245821635,0.2884966055552165,0.586751416021464,0.43762401078834023
Qwen3-8B,EBM-NLP,7017018,P5,P6,P5->P6,-0.0107725651896729,-0.0214126526363312,-0.0392322653815859,-0.0257164702123525,0.014943905022679598,0.017819612745254697,0.016381758883967146
Qwen3-8B,SciERC,NIPS_2001_11_abs,P1,P2,P1->P2,-0.014400043534503,-0.0317324980375512,-0.0334799424842155,-0.0148392606546015,0.0004392171200984993,0.0017474444466642966,0.001093330783381398
Qwen3-8B,SciERC,NIPS_2001_11_abs,P2,P3,P2->P3,-0.0317324980375512,-0.031182931609995,-0.0332072824336743,-0.0323651576278886,0.0006326595903373977,0.002024350823679303,0.0013285052070083504
Qwen3-8B,SciERC,NIPS_2001_11_abs,P3,P4,P3->P4,-0.031182931609995,-0.0104877108492181,-0.1669631462240423,-0.0704131864573961,0.0392302548474011,0.1564754353748242,0.09785284511111264
Qwen3-8B,SciERC,NIPS_2001_11_abs,P4,P5,P4->P5,-0.0104877108492181,-0.0144759798522418,-0.0465813205479136,-0.0454966566273582,0.035008945778140094,0.0321053406956718,0.03355714323690595
Qwen3-8B,SciERC,NIPS_2001_11_abs,P5,P6,P5->P6,-0.0144759798522418,-0.0173611628183867,-0.0198949195147337,-0.0172126386414593,0.0027366587892175016,0.002533756696346999,0.0026352077427822503
Qwen3-8B,SciERC,I05-4010,P1,P2,P1->P2,-0.0138599100561856,-0.0149929274683413,-0.0182550585140352,-0.0192993719954813,0.005439461939295702,0.0032621310456939015,0.0043507964924948015
Qwen3-8B,SciERC,I05-4010,P2,P3,P2->P3,-0.0149929274683413,-0.006005246364581,-0.0123133588554476,-0.0231735269174627,0.0081805994491214,0.0063081124908666,0.007244355969994
Qwen3-8B,SciERC,I05-4010,P3,P4,P3->P4,-0.006005246364581,-0.0440272731619276,-0.2392926061036363,-0.0426984571254075,0.0366932107608265,0.19526533294170872,0.1159792718512676
Qwen3-8B,SciERC,I05-4010,P4,P5,P4->P5,-0.0440272731619276,-0.0138197393929646,-0.036867259618114,-0.0872596213333815,0.043232348171453897,0.023047520225149398,0.03313993419830165
Qwen3-8B,SciERC,I05-4010,P5,P6,P5->P6,-0.0138197393929646,-0.0172223834960558,-0.0179041444643784,-0.0170165307491141,0.0031967913561494997,0.0006817609683225992,0.0019392761622360494
Qwen3-8B,SciERC,C00-2123,P1,P2,P1->P2,-0.0155225179139399,-0.0150279172185447,-0.0215930836094963,-0.0207757170705887,0.0052531991566488,0.0065651663909516,0.0059091827738002
Qwen3-8B,SciERC,C00-2123,P2,P3,P2->P3,-0.0150279172185447,-0.0173844088672761,-0.0261070325521194,-0.0168480136101284,0.0018200963915837014,0.008722623684843302,0.005271360038213502
Qwen3-8B,SciERC,C00-2123,P3,P4,P3->P4,-0.0173844088672761,-0.0115921122651871,-0.3790653132798761,-0.1442705032582072,0.1268860943909311,0.367473201014689,0.24717964770281003
Qwen3-8B,SciERC,C00-2123,P4,P5,P4->P5,-0.0115921122651871,-0.0639829422308974,-0.0945281606830962,-0.0337702693780922,0.022178157112905102,0.030545218452198805,0.026361687782551955
Qwen3-8B,SciERC,C00-2123,P5,P6,P5->P6,-0.0639829422308974,-0.0142418028439505,-0.0132885458610825,-0.0717363406534064,0.007753398422508995,0.0009532569828680001,0.004353327702688497
Qwen3-8B,SciERC,NIPS_2002_18_abs,P1,P2,P1->P2,-0.0201195080382415,-0.0154285301886709,-0.0204482023881596,-0.0279161278232635,0.007796619785022,0.005019672199488701,0.0064081459922553504
Qwen3-8B,SciERC,NIPS_2002_18_abs,P2,P3,P2->P3,-0.0154285301886709,-0.0133550390669336,-0.0191912539091948,-0.0210668797203387,0.005638349531667799,0.005836214842261201,0.0057372821869645
Qwen3-8B,SciERC,NIPS_2002_18_abs,P3,P4,P3->P4,-0.0133550390669336,-0.0222261085824778,-0.2505844670840089,-0.1085745434809918,0.0952195044140582,0.22835835850153108,0.16178893145779463
Qwen3-8B,SciERC,NIPS_2002_18_abs,P4,P5,P4->P5,-0.0222261085824778,-0.0104523344320355,-0.0307035279180203,-0.0537165800050191,0.0314904714225413,0.0202511934859848,0.02587083245426305
Qwen3-8B,SciERC,NIPS_2002_18_abs,P5,P6,P5->P6,-0.0104523344320355,-0.0115893118375021,-0.0113568208204663,-0.0117215334463838,0.0012691990143483007,0.0002324910170358012,0.0007508450156920509
Qwen3-8B,SciERC,P08-1105,P1,P2,P1->P2,-0.0113321431653247,-0.0082080338879958,-0.0113321431653247,-0.0082080338879958,0.0031241092773288993,0.0031241092773288993,0.0031241092773288993
Qwen3-8B,SciERC,P08-1105,P2,P3,P2->P3,-0.0082080338879958,-0.0145042926420037,-0.0222130378836071,-0.0150800309259175,0.0068719970379217,0.007708745241603398,0.007290371139762549
Qwen3-8B,SciERC,P08-1105,P3,P4,P3->P4,-0.0145042926420037,-0.0614138838267864,-0.2599009508477117,-0.0875697966445894,0.0730655040025857,0.1984870670209253,0.1357762855117555
Qwen3-8B,SciERC,P08-1105,P4,P5,P4->P5,-0.0614138838267864,-0.0233559598270644,-0.0435851246033638,-0.1238025955687788,0.062388711741992404,0.0202291647762994,0.0413089382591459
Qwen3-8B,SciERC,P08-1105,P5,P6,P5->P6,-0.0233559598270644,-0.0387311657490931,-0.0406674835363139,-0.0234399369978836,8.39771708192015e-05,0.0019363177872208023,0.001010147479020002
Qwen3-8B,SciERC,A97-1020,P1,P2,P1->P2,-0.0311510573034562,-0.0066223626486134,-0.0082810950869619,-0.0338271297138514,0.0026760724103951986,0.0016587324383485003,0.0021674024243718494
Qwen3-8B,SciERC,A97-1020,P2,P3,P2->P3,-0.0066223626486134,-0.0055261771461421,-0.0067335204785194,-0.0094083130643412,0.002785950415727801,0.0012073433323772998,0.0019966468740525503
Qwen3-8B,SciERC,A97-1020,P3,P4,P3->P4,-0.0055261771461421,-0.0082675392052285,-0.2023545207039823,-0.0359743820491,0.030448204902957902,0.1940869814987538,0.11226759320085586
Qwen3-8B,SciERC,A97-1020,P4,P5,P4->P5,-0.0082675392052285,-0.0145688832572567,-0.0412673063092416,-0.0268319765155574,0.018564437310328898,0.0266984230519849,0.0226314301811569
Qwen3-8B,SciERC,A97-1020,P5,P6,P5->P6,-0.0145688832572567,-0.0095882384497243,-0.0122528512532805,-0.0133158374126084,0.0012530458446483005,0.0026646128035561992,0.00195882932410225
Qwen3-8B,SciERC,C90-3063,P1,P2,P1->P2,-0.0098570003064379,-0.0126748540555871,-0.0223411707592798,-0.0122101500616856,0.0023531497552477,0.009666316703692699,0.0060097332294701995
Qwen3-8B,SciERC,C90-3063,P2,P3,P2->P3,-0.0126748540555871,-0.0114565681800025,-0.0260406492029889,-0.0327608357709862,0.0200859817153991,0.0145840810229864,0.01733503136919275
Qwen3-8B,SciERC,C90-3063,P3,P4,P3->P4,-0.0114565681800025,-0.0087233791430894,-0.2355264841452152,-0.1685390766339876,0.15708250845398508,0.2268031050021258,0.19194280672805544
Qwen3-8B,SciERC,C90-3063,P4,P5,P4->P5,-0.0087233791430894,-0.0124713333777642,-0.1154407034642596,-0.0509767712385961,0.0422533920955067,0.1029693700864954,0.07261138109100104
Qwen3-8B,SciERC,C90-3063,P5,P6,P5->P6,-0.0124713333777642,-0.0082982346490778,-0.0082666799275562,-0.0170840086655947,0.004612675287830499,3.1554721521600756e-05,0.00232211500467605
Qwen3-8B,EBM-NLP,23021296,P1,P2,P1->P2,-0.0049252732325408,-0.0015078205299579,-0.0049252732325408,-0.0015078205299579,0.0034174527025829,0.0034174527025829,0.0034174527025829
Qwen3-8B,EBM-NLP,23021296,P2,P3,P2->P3,-0.0015078205299579,-0.0017474111232717,-0.0015078205299579,-0.0017474111232717,0.00023959059331380003,0.00023959059331380003,0.00023959059331380003
Qwen3-8B,EBM-NLP,23021296,P3,P4,P3->P4,-0.0017474111232717,-0.0147610129536809,-1.108048928750528,-0.103356832164829,0.10160942104155729,1.0932879157968471,0.5974486684192022
Qwen3-8B,EBM-NLP,23021296,P4,P5,P4->P5,-0.0147610129536809,-0.005432038045511,-0.2436569958198361,-0.378486427100929,0.3637254141472481,0.2382249577743251,0.3009751859607866
Qwen3-8B,EBM-NLP,23021296,P5,P6,P5->P6,-0.005432038045511,-0.0070355636317555,-0.005432038045511,-0.0070355636317555,0.0016035255862445006,0.0016035255862445006,0.0016035255862445006
Qwen3-8B,EBM-NLP,23838728,P1,P2,P1->P2,-0.0121951959786876,-0.0140344792615277,-0.0100037730435043,-0.0167159470819657,0.0045207511032780996,0.0040307062180234,0.00427572866065075
Qwen3-8B,EBM-NLP,23838728,P2,P3,P2->P3,-0.0140344792615277,-0.0061685215681501,-0.0140344792615277,-0.0061685215681501,0.0078659576933776,0.0078659576933776,0.0078659576933776
Qwen3-8B,EBM-NLP,23838728,P3,P4,P3->P4,-0.0061685215681501,-0.0204988194363457,-0.4034023735140051,-0.1087532808302075,0.1025847592620574,0.3829035540776594,0.2427441566698584
Qwen3-8B,EBM-NLP,23838728,P4,P5,P4->P5,-0.0204988194363457,-0.0251507348027722,-0.0232697910275952,-0.0667412921786308,0.0462424727422851,0.001880943775177002,0.02406170825873105
Qwen3-8B,EBM-NLP,23838728,P5,P6,P5->P6,-0.0251507348027722,-0.0178979758558602,-0.0251507348027722,-0.0178979758558602,0.007252758946912002,0.007252758946912002,0.007252758946912002
Qwen3-8B,SciERC,CVPR_2009_18_abs,P1,P2,P1->P2,-0.0117012286403526,-0.010923498171441,-0.0200044745249105,-0.0160066925066833,0.004305463866330699,0.009080976353469498,0.006693220109900098
Qwen3-8B,SciERC,CVPR_2009_18_abs,P2,P3,P2->P3,-0.010923498171441,-0.0077410286370043,-0.0223520488749879,-0.018900966958691,0.00797746878725,0.0146110202379836,0.0112942445126168
Qwen3-8B,SciERC,CVPR_2009_18_abs,P3,P4,P3->P4,-0.0077410286370043,-0.0136730558683915,-0.1748582003322033,-0.0890909081014494,0.08134987946444511,0.16118514446381182,0.12126751196412847
Qwen3-8B,SciERC,CVPR_2009_18_abs,P4,P5,P4->P5,-0.0136730558683915,-0.0149115451723646,-0.0492786380016195,-0.0476923051141883,0.0340192492457968,0.0343670928292549,0.03419317103752585
Qwen3-8B,SciERC,CVPR_2009_18_abs,P5,P6,P5->P6,-0.0149115451723646,-0.0157174479339207,-0.0175377922248358,-0.01917748811823,0.004265942945865402,0.001820344290915099,0.0030431436183902504
Qwen3-8B,EBM-NLP,3081600,P1,P2,P1->P2,-0.0046496905050093,-0.0046074238529347,-0.0090108310467735,-0.0107577114119759,0.0061080209069665995,0.004403407193838801,0.0052557140504027
Qwen3-8B,EBM-NLP,3081600,P2,P3,P2->P3,-0.0046074238529347,-0.0055116502537352,-0.0046074238529347,-0.0055116502537352,0.0009042264008005006,0.0009042264008005006,0.0009042264008005006
Qwen3-8B,EBM-NLP,3081600,P3,P4,P3->P4,-0.0055116502537352,-0.0094932429689578,-0.1516789285436509,-0.0626449652871035,0.057133315033368305,0.1421856855746931,0.0996595003040307
Qwen3-8B,EBM-NLP,3081600,P4,P5,P4->P5,-0.0094932429689578,-0.0044209689863266,-0.0666371077299118,-0.0733303574342576,0.0638371144652998,0.0622161387435852,0.0630266266044425
Qwen3-8B,EBM-NLP,3081600,P5,P6,P5->P6,-0.0044209689863266,-0.0047824284722728,-0.0044209689863266,-0.0047824284722728,0.0003614594859461997,0.0003614594859461997,0.0003614594859461997
Qwen3-8B,SciERC,INTERSPEECH_2013_21_abs,P1,P2,P1->P2,-0.0324666522695527,-0.0118473048260843,-0.0160080328052299,-0.0441979893948882,0.0117313371253355,0.004160727979145599,0.00794603255224055
Qwen3-8B,SciERC,INTERSPEECH_2013_21_abs,P2,P3,P2->P3,-0.0118473048260843,-0.0120521129962677,-0.0184156757507783,-0.0128262765145399,0.0009789716884556002,0.0063635627545105995,0.0036712672214831
Qwen3-8B,SciERC,INTERSPEECH_2013_21_abs,P3,P4,P3->P4,-0.0120521129962677,-0.0159352013939305,-0.3121208109353718,-0.0696155702268394,0.0575634572305717,0.2961856095414413,0.1768745333860065
Qwen3-8B,SciERC,INTERSPEECH_2013_21_abs,P4,P5,P4->P5,-0.0159352013939305,-0.0124508990216516,-0.0414582814523084,-0.139145218228039,0.1232100168341085,0.0290073824306568,0.07610869963238265
Qwen3-8B,SciERC,INTERSPEECH_2013_21_abs,P5,P6,P5->P6,-0.0124508990216516,-0.0135874555575934,-0.012131317357945,-0.0146798337075465,0.0022289346858949,0.0014561381996483994,0.0018425364427716497
Qwen3-8B,SciERC,ICML_1995_38_abs,P1,P2,P1->P2,-0.0204064256516608,-0.0236375489459631,-0.0283720457134917,-0.0336952255073845,0.013288799855723697,0.0047344967675285975,0.009011648311626147
Qwen3-8B,SciERC,ICML_1995_38_abs,P2,P3,P2->P3,-0.0236375489459631,-0.0109880546149019,-0.0144522318481364,-0.0264009104464381,0.0027633615004750006,0.0034641772332345,0.0031137693668547503
Qwen3-8B,SciERC,ICML_1995_38_abs,P3,P4,P3->P4,-0.0109880546149019,-0.013665693756947,-0.2357281583836395,-0.0777156507766773,0.0667275961617754,0.2220624646266925,0.14439503039423396
Qwen3-8B,SciERC,ICML_1995_38_abs,P4,P5,P4->P5,-0.013665693756947,-0.0103124233859556,-0.078550739578469,-0.0348831596215901,0.021217465864643105,0.0682383161925134,0.04472789102857826
Qwen3-8B,SciERC,ICML_1995_38_abs,P5,P6,P5->P6,-0.0103124233859556,-0.0100716084357679,-0.0128147258312282,-0.0131109519097855,0.0027985285238298994,0.0027431173954602997,0.0027708229596450995
Qwen3-8B,EBM-NLP,18229990,P1,P2,P1->P2,-0.0004221003300145,-4.938565923467927e-05,-0.0004221003300145,-4.938565923467927e-05,0.00037271467077982075,0.00037271467077982075,0.00037271467077982075
Qwen3-8B,EBM-NLP,18229990,P2,P3,P2->P3,-4.938565923467927e-05,-3.3805132388015805e-05,-4.938565923467927e-05,-3.3805132388015805e-05,1.5580526846663467e-05,1.5580526846663467e-05,1.5580526846663467e-05
Qwen3-8B,EBM-NLP,18229990,P3,P4,P3->P4,-3.3805132388015805e-05,-0.0272579135894775,-0.3530268096923828,-0.1293120148146282,0.12927820968224019,0.3257688961029053,0.22752355289257276
Qwen3-8B,EBM-NLP,18229990,P4,P5,P4->P5,-0.0272579135894775,-0.0171821552973527,-0.1479175632962813,-0.1518888702392578,0.12463095664978029,0.1307354079989286,0.12768318232435444
Qwen3-8B,EBM-NLP,18229990,P5,P6,P5->P6,-0.0171821552973527,-0.0113318188832356,-0.0171821552973527,-0.0113318188832356,0.005850336414117099,0.005850336414117099,0.005850336414117099
Qwen3-8B,SciERC,C04-1035,P1,P2,P1->P2,-0.0211065525257432,-0.0165056241816259,-0.0208032064321906,-0.0339293027493788,0.012822750223635597,0.004297582250564702,0.00856016623710015
Qwen3-8B,SciERC,C04-1035,P2,P3,P2->P3,-0.0165056241816259,-0.0137424634534771,-0.0277273111139275,-0.0185231447125315,0.0020175205309056025,0.013984847660450401,0.008001184095678002
Qwen3-8B,SciERC,C04-1035,P3,P4,P3->P4,-0.0137424634534771,-0.033278329244123,-0.2032641367962354,-0.0582370956044863,0.0444946321510092,0.1699858075521124,0.10724021985156079
Qwen3-8B,SciERC,C04-1035,P4,P5,P4->P5,-0.033278329244123,-0.0160454938691513,-0.0486627736623,-0.0661959101169753,0.0329175808728523,0.0326172797931487,0.0327674303330005
Qwen3-8B,SciERC,C04-1035,P5,P6,P5->P6,-0.0160454938691513,-0.0290723204583741,-0.0327750765482971,-0.0211694548880089,0.005123961018857599,0.003702756089923001,0.0044133585543903
Qwen3-8B,SciERC,NIPS_2002_11_abs,P1,P2,P1->P2,-0.0165278870978191,-0.0117936736143729,-0.0170242637035926,-0.0176935690438341,0.0011656819460149973,0.005230590089219698,0.0031981360176173475
Qwen3-8B,SciERC,NIPS_2002_11_abs,P2,P3,P2->P3,-0.0117936736143729,-0.0079670996191112,-0.0130886490990835,-0.0143140277280899,0.0025203541137169983,0.005121549479972299,0.003820951796844649
Qwen3-8B,SciERC,NIPS_2002_11_abs,P3,P4,P3->P4,-0.0079670996191112,-0.0587788880586343,-0.3197025743841639,-0.0712051040297638,0.0632380044106526,0.2609236863255296,0.1620808453680911
Qwen3-8B,SciERC,NIPS_2002_11_abs,P4,P5,P4->P5,-0.0587788880586343,-0.0307520476084908,-0.0596269068101932,-0.0722859353939714,0.013507047335337106,0.028874859201702397,0.021190953268519754
Qwen3-8B,SciERC,NIPS_2002_11_abs,P5,P6,P5->P6,-0.0307520476084908,-0.0432968856766819,-0.043200278718648,-0.0343968948517512,0.003644847243260401,9.660695803390129e-05,0.0018707271006471512
Qwen3-8B,EBM-NLP,16427787,P1,P2,P1->P2,-0.0193591228887146,-0.0227568246222831,-0.1270061226578446,-0.0459341306141973,0.0265750077254827,0.10424929803556152,0.0654121528805221
Qwen3-8B,EBM-NLP,16427787,P2,P3,P2->P3,-0.0227568246222831,-0.0175897747546702,-0.0242601568634445,-0.0530438981614671,0.030287073539184004,0.006670382108774301,0.018478727823979153
Qwen3-8B,EBM-NLP,16427787,P3,P4,P3->P4,-0.0175897747546702,-0.024434737364451,-0.4372207721074422,-0.2338096085969392,0.216219833842269,0.4127860347429912,0.3145029342926301
Qwen3-8B,EBM-NLP,16427787,P4,P5,P4->P5,-0.024434737364451,-0.0150339206059773,-0.4294025844997829,-0.1241715722613864,0.09973683489693541,0.4143686638938056,0.2570527493953705
Qwen3-8B,EBM-NLP,16427787,P5,P6,P5->P6,-0.0150339206059773,-0.0263227144877115,-0.0150339206059773,-0.0263227144877115,0.0112887938817342,0.0112887938817342,0.0112887938817342
Qwen3-8B,EBM-NLP,15193668,P1,P2,P1->P2,-0.0016996121924856,-0.0056235782478166,-0.0016996121924856,-0.0056235782478166,0.003923966055331,0.003923966055331,0.003923966055331
Qwen3-8B,EBM-NLP,15193668,P2,P3,P2->P3,-0.0056235782478166,-0.0030115092416172,-0.0056235782478166,-0.0030115092416172,0.0026120690061994002,0.0026120690061994002,0.0026120690061994002
Qwen3-8B,EBM-NLP,15193668,P3,P4,P3->P4,-0.0030115092416172,-0.0259297589461008,-0.399048646291097,-0.1428303884423297,0.1398188792007125,0.3731188873449962,0.25646888327285433
Qwen3-8B,EBM-NLP,15193668,P4,P5,P4->P5,-0.0259297589461008,-0.0129309918143247,-0.1761080352099318,-0.1596761120885026,0.1337463531424018,0.1631770433956071,0.14846169826900446
Qwen3-8B,EBM-NLP,15193668,P5,P6,P5->P6,-0.0129309918143247,-0.0101464516238162,-0.0129309918143247,-0.0101464516238162,0.0027845401905085,0.0027845401905085,0.0027845401905085
Qwen3-8B,EBM-NLP,2223363,P1,P2,P1->P2,-0.0078103980550201,-0.0032871155297918,-0.0429588041891305,-0.0364001642472,0.028589766192179903,0.0396716886593387,0.0341307274257593
Qwen3-8B,EBM-NLP,2223363,P2,P3,P2->P3,-0.0032871155297918,-0.0019754328872872,-0.0209995109979034,-0.0325468709207558,0.029259755390963996,0.0190240781106162,0.024141916750790096
Qwen3-8B,EBM-NLP,2223363,P3,P4,P3->P4,-0.0019754328872872,-0.0109656337987292,-0.2257836330923941,-0.0608122483456277,0.0588368154583405,0.2148179992936649,0.1368274073760027
Qwen3-8B,EBM-NLP,2223363,P4,P5,P4->P5,-0.0109656337987292,-0.0040172686179478,-0.2374331667191452,-0.0844305053159788,0.0734648715172496,0.2334158981011974,0.1534403848092235
Qwen3-8B,EBM-NLP,2223363,P5,P6,P5->P6,-0.0040172686179478,-0.0064280405640602,-0.0040172686179478,-0.0064280405640602,0.0024107719461124,0.0024107719461124,0.0024107719461124
Qwen3-8B,EBM-NLP,18773733,P1,P2,P1->P2,-0.0174491748581697,-0.0029778110210673,-0.0110257953657942,-0.0156443939762718,0.0018047808818979008,0.008047984344726901,0.004926382613312401
Qwen3-8B,EBM-NLP,18773733,P2,P3,P2->P3,-0.0029778110210673,-0.0055086055802086,-0.0029778110210673,-0.0055086055802086,0.0025307945591412995,0.0025307945591412995,0.0025307945591412995
Qwen3-8B,EBM-NLP,18773733,P3,P4,P3->P4,-0.0055086055802086,-0.0291507115730872,-0.6813497236428353,-0.1993392402842893,0.19383063470408068,0.6521990120697481,0.4230148233869144
Qwen3-8B,EBM-NLP,18773733,P4,P5,P4->P5,-0.0291507115730872,-0.007211720536361,-0.0277110796299287,-0.3627975947581804,0.3336468831850932,0.020499359093567697,0.17707312113933046
Qwen3-8B,EBM-NLP,18773733,P5,P6,P5->P6,-0.007211720536361,-0.0138789796414066,-0.0391021651118548,-0.0056827425360097,0.0015289780003513,0.025223185470448196,0.013376081735399748
Qwen3-8B,SciERC,ECCV_2012_30_abs,P1,P2,P1->P2,-0.0129629642846928,-0.0116386128734327,-0.0149082772174086,-0.0157430464146055,0.0027800821299127,0.0032696643439759,0.0030248732369443
Qwen3-8B,SciERC,ECCV_2012_30_abs,P2,P3,P2->P3,-0.0116386128734327,-0.0064362951425855,-0.0096659875510494,-0.0135322562200404,0.0018936433466076995,0.0032296924084639,0.0025616678775357998
Qwen3-8B,SciERC,ECCV_2012_30_abs,P3,P4,P3->P4,-0.0064362951425855,-0.0163897745662638,-0.2222030283644413,-0.0272041150862401,0.0207678199436546,0.2058132537981775,0.11329053687091604
Qwen3-8B,SciERC,ECCV_2012_30_abs,P4,P5,P4->P5,-0.0163897745662638,-0.0130620943598969,-0.0561432257987732,-0.040744122377027,0.0243543478107632,0.0430811314388763,0.03371773962481975
Qwen3-8B,SciERC,ECCV_2012_30_abs,P5,P6,P5->P6,-0.0130620943598969,-0.0117648440821767,-0.0110510265186667,-0.0130287119964032,3.338236349370062e-05,0.0007138175635099994,0.00037359996350185
Qwen3-8B,SciERC,H01-1049,P1,P2,P1->P2,-0.0139982316182388,-0.0178433112832235,-0.0153284885695782,-0.0197564784857624,0.0057582468675236,0.0025148227136453007,0.00413653479058445
Qwen3-8B,SciERC,H01-1049,P2,P3,P2->P3,-0.0178433112832235,-0.0163130912992913,-0.0270887159947621,-0.0234068352568509,0.005563523973627398,0.0107756246954708,0.008169574334549099
Qwen3-8B,SciERC,H01-1049,P3,P4,P3->P4,-0.0163130912992913,-0.0132898964973933,-0.3508186180363683,-0.1343550838656344,0.11804199256634311,0.337528721538975,0.22778535705265907
Qwen3-8B,SciERC,H01-1049,P4,P5,P4->P5,-0.0132898964973933,-0.0112762701208308,-0.0749252322107355,-0.0802251341588357,0.0669352376614424,0.06364896208990471,0.06529209987567355
Qwen3-8B,SciERC,H01-1049,P5,P6,P5->P6,-0.0112762701208308,-0.0129526189245682,-0.0144936903047242,-0.0127755103330635,0.0014992402122327008,0.0015410713801560002,0.0015201557961943505
Qwen3-8B,SciERC,N03-1033,P1,P2,P1->P2,-0.0078129714887462,-0.0084287526126974,-0.0137034194845124,-0.0104471275847379,0.0026341560959916993,0.005274666871815001,0.00395441148390335
Qwen3-8B,SciERC,N03-1033,P2,P3,P2->P3,-0.0084287526126974,-0.0085516682067194,-0.0159072684545791,-0.0114633973204547,0.0030346447077573002,0.007355600247859698,0.005195122477808499
Qwen3-8B,SciERC,N03-1033,P3,P4,P3->P4,-0.0085516682067194,-0.0055735278211227,-0.1885093029231241,-0.0447699103186875,0.0362182421119681,0.1829357751020014,0.10957700860698474
Qwen3-8B,SciERC,N03-1033,P4,P5,P4->P5,-0.0055735278211227,-0.0045235937030162,-0.0554414849241606,-0.0756840397233832,0.07011051190226049,0.0509178912211444,0.060514201561702445
Qwen3-8B,SciERC,N03-1033,P5,P6,P5->P6,-0.0045235937030162,-0.0057155854501676,-0.0045235937030162,-0.0057155854501676,0.0011919917471513997,0.0011919917471513997,0.0011919917471513997
Qwen3-8B,SciERC,I05-5003,P1,P2,P1->P2,-0.0148821939127284,-0.0122155742805526,-0.0199087429551568,-0.0158996192503626,0.001017425337634199,0.007693168674604201,0.0043552970061192
Qwen3-8B,SciERC,I05-5003,P2,P3,P2->P3,-0.0122155742805526,-0.0142284800424586,-0.0259000335181514,-0.0174957138604551,0.005280139579902499,0.011671553475692799,0.008475846527797648
Qwen3-8B,SciERC,I05-5003,P3,P4,P3->P4,-0.0142284800424586,-0.0262094871802552,-0.1707277640948339,-0.0729349997742549,0.058706519731796296,0.1445182769145787,0.1016123983231875
Qwen3-8B,SciERC,I05-5003,P4,P5,P4->P5,-0.0262094871802552,-0.0092761852650437,-0.0526476155407726,-0.0464505447829246,0.020241057602669397,0.0433714302757289,0.03180624393919915
Qwen3-8B,SciERC,I05-5003,P5,P6,P5->P6,-0.0092761852650437,-0.0075290246261751,-0.0087338332625003,-0.008486649710976,0.0007895355540677006,0.001204808636325199,0.0009971720951964498
Qwen3-8B,SciERC,C90-3045,P1,P2,P1->P2,-0.0150779866911832,-0.0057826699918525,-0.01137301915013,-0.0201573179835833,0.005079331292400098,0.0055903491582775,0.005334840225338799
Qwen3-8B,SciERC,C90-3045,P2,P3,P2->P3,-0.0057826699918525,-0.0050511996563321,-0.0057826699918525,-0.0050511996563321,0.0007314703355204002,0.0007314703355204002,0.0007314703355204002
Qwen3-8B,SciERC,C90-3045,P3,P4,P3->P4,-0.0050511996563321,-0.0411479656494404,-0.2716390466583626,-0.0812507557728058,0.0761995561164737,0.23049108100892218,0.15334531856269795
Qwen3-8B,SciERC,C90-3045,P4,P5,P4->P5,-0.0411479656494404,-0.0207621479391032,-0.0556445444703229,-0.0558206840476049,0.014672718398164503,0.0348823965312197,0.024777557464692103
Qwen3-8B,SciERC,C90-3045,P5,P6,P5->P6,-0.0207621479391032,-0.0405475560403028,-0.0424932907551329,-0.0217468529260396,0.0009847049869364,0.0019457347148300955,0.0014652198508832478
Qwen3-8B,EBM-NLP,7827398,P1,P2,P1->P2,-0.028942655067186,-0.0057137985587925,-0.028942655067186,-0.0057137985587925,0.0232288565083935,0.0232288565083935,0.0232288565083935
Qwen3-8B,EBM-NLP,7827398,P2,P3,P2->P3,-0.0057137985587925,-0.0043882099735374,-0.0057137985587925,-0.0043882099735374,0.0013255885852551004,0.0013255885852551004,0.0013255885852551004
Qwen3-8B,EBM-NLP,7827398,P3,P4,P3->P4,-0.0043882099735374,-0.0292148673743532,-0.3906211518404776,-0.469225049824328,0.4648368398507906,0.3614062844661244,0.4131215621584575
Qwen3-8B,EBM-NLP,7827398,P4,P5,P4->P5,-0.0292148673743532,-0.0207533037408869,-0.1699532447977269,-0.1683892367178933,0.1391743693435401,0.14919994105683998,0.14418715520019004
Qwen3-8B,EBM-NLP,7827398,P5,P6,P5->P6,-0.0207533037408869,-0.0108205435123849,-0.0207533037408869,-0.0108205435123849,0.009932760228502,0.009932760228502,0.009932760228502
Qwen3-8B,SciERC,C04-1106,P1,P2,P1->P2,-0.0116559791768717,-0.0130717919554029,-0.0180206931914602,-0.0143542593276059,0.0026982801507342002,0.004948901236057299,0.0038235906933957496
Qwen3-8B,SciERC,C04-1106,P2,P3,P2->P3,-0.0130717919554029,-0.0207818967983035,-0.0394604198362042,-0.0232936743327549,0.010221882377352,0.0186785230379007,0.014450202707626349
Qwen3-8B,SciERC,C04-1106,P3,P4,P3->P4,-0.0207818967983035,-0.0216211874631062,-0.4210168378270087,-0.0944679399551937,0.0736860431568902,0.3993956503639025,0.23654084676039636
Qwen3-8B,SciERC,C04-1106,P4,P5,P4->P5,-0.0216211874631062,-0.0297244815735155,-0.0540849860918008,-0.0623557383660227,0.0407345509029165,0.024360504518285298,0.0325475277106009
Qwen3-8B,SciERC,C04-1106,P5,P6,P5->P6,-0.0297244815735155,-0.0151113567818234,-0.0276957044044314,-0.0375643047419461,0.007839823168430602,0.012584347622607999,0.0102120853955193
Qwen3-8B,SciERC,P85-1019,P1,P2,P1->P2,-0.0125514148033549,-0.0126394340147574,-0.0185215570593393,-0.0128406764077213,0.00028926160436639967,0.0058821230445818985,0.003085692324474149
Qwen3-8B,SciERC,P85-1019,P2,P3,P2->P3,-0.0126394340147574,-0.0071404324650441,-0.0131396647471158,-0.0201363148868724,0.007496880872115001,0.0059992322820717,0.006748056577093351
Qwen3-8B,SciERC,P85-1019,P3,P4,P3->P4,-0.0071404324650441,-0.0096473677610782,-0.2164755040093472,-0.1069029505575645,0.0997625180925204,0.206828136248269,0.1532953271703947
Qwen3-8B,SciERC,P85-1019,P4,P5,P4->P5,-0.0096473677610782,-0.0195567293016375,-0.0521385017893813,-0.0620522068470324,0.052404839085954204,0.0325817724877438,0.042493305786849
Qwen3-8B,SciERC,P85-1019,P5,P6,P5->P6,-0.0195567293016375,-0.0180222733352446,-0.0180133790627758,-0.0195234865797463,3.3242721891202365e-05,8.894272468799869e-06,2.1068497180001117e-05
Qwen3-8B,SciERC,INTERSPEECH_2014_40_abs,P1,P2,P1->P2,-0.0164304365952537,-0.0085792790095393,-0.0124855724039611,-0.0219015853402957,0.005471148745041999,0.003906293394421799,0.004688721069731899
Qwen3-8B,SciERC,INTERSPEECH_2014_40_abs,P2,P3,P2->P3,-0.0085792790095393,-0.0108686291663221,-0.0286151584651735,-0.014035370773994,0.005456091764454699,0.0177465292988514,0.011601310531653048
Qwen3-8B,SciERC,INTERSPEECH_2014_40_abs,P3,P4,P3->P4,-0.0108686291663221,-0.0146218644858949,-0.2161710297019736,-0.0869671472899365,0.0760985181236144,0.2015491652160787,0.13882384166984657
Qwen3-8B,SciERC,INTERSPEECH_2014_40_abs,P4,P5,P4->P5,-0.0146218644858949,-0.012727933520052,-0.044648092346532,-0.0848049390759668,0.07018307459007189,0.03192015882648,0.051051616708275946
Qwen3-8B,SciERC,INTERSPEECH_2014_40_abs,P5,P6,P5->P6,-0.012727933520052,-0.0308612822117854,-0.0309269845295621,-0.0142731800542346,0.0015452465341825993,6.57023177767016e-05,0.0008054744259796505
Qwen3-8B,SciERC,C04-1103,P1,P2,P1->P2,-0.0135402437299489,-0.007802711403004,-0.0066856329030078,-0.0138029547730886,0.00026271104313969895,0.0011170784999962003,0.0006898947715679496
Qwen3-8B,SciERC,C04-1103,P2,P3,P2->P3,-0.007802711403004,-0.0068512403653928,-0.01636762111777,-0.0095672382963047,0.0017645268933006997,0.0095163807523772,0.00564045382283895
Qwen3-8B,SciERC,C04-1103,P3,P4,P3->P4,-0.0068512403653928,-0.0096311648525738,-0.2604593002312892,-0.0719021290873086,0.0650508887219158,0.2508281353787154,0.1579395120503156
Qwen3-8B,SciERC,C04-1103,P4,P5,P4->P5,-0.0096311648525738,-0.0083294860117377,-0.0129518350068059,-0.0582583988639148,0.048627234011340996,0.0046223489950682,0.026624791503204598
Qwen3-8B,SciERC,C04-1103,P5,P6,P5->P6,-0.0083294860117377,-0.0109302807503785,-0.0109716462093455,-0.0113379183195291,0.0030084323077914,4.136545896700136e-05,0.0015248988833792007
Qwen3-8B,EBM-NLP,10752495,P1,P2,P1->P2,-0.0160741036451315,-0.0226216682298915,-0.0345486846026473,-0.0318947687650783,0.015820665119946804,0.011927016372755804,0.013873840746351304
Qwen3-8B,EBM-NLP,10752495,P2,P3,P2->P3,-0.0226216682298915,-0.0081698792901906,-0.02066147723398,-0.0405554588385454,0.017933790608653903,0.0124915979437894,0.015212694276221652
Qwen3-8B,EBM-NLP,10752495,P3,P4,P3->P4,-0.0081698792901906,-0.0102869043516558,-0.4556433211925418,-0.0559885006502166,0.047818621360026,0.445356416840886,0.246587519100456
Qwen3-8B,EBM-NLP,10752495,P4,P5,P4->P5,-0.0102869043516558,-0.0284411533206116,-0.1847522212009804,-0.062931171683378,0.0526442673317222,0.1563110678803688,0.1044776676060455
Qwen3-8B,EBM-NLP,10752495,P5,P6,P5->P6,-0.0284411533206116,-0.0401549031225483,-0.0526901135283909,-0.0417729172052121,0.013331763884600497,0.0125352104058426,0.012933487145221549
Qwen3-8B,EBM-NLP,22744141,P1,P2,P1->P2,-0.0116458025531492,-0.0054594449996948,-0.031241602897644,-0.0364829196734129,0.024837117120263697,0.0257821578979492,0.025309637509106447
Qwen3-8B,EBM-NLP,22744141,P2,P3,P2->P3,-0.0054594449996948,-0.010542945539365,-0.0177134634529958,-0.0115325736999511,0.0060731287002563,0.007170517913630799,0.006621823306943549
Qwen3-8B,EBM-NLP,22744141,P3,P4,P3->P4,-0.010542945539365,-0.0328511993090311,-0.4683279309953962,-0.0876809270655522,0.0771379815261872,0.43547673168636514,0.2563073566062762
Qwen3-8B,EBM-NLP,22744141,P4,P5,P4->P5,-0.0328511993090311,-0.0143927386466493,-0.3154677127269988,-0.1524196238744826,0.1195684245654515,0.3010749740803495,0.2103216993229005
Qwen3-8B,EBM-NLP,22744141,P5,P6,P5->P6,-0.0143927386466493,-0.0158117309860561,-0.0554687095725018,-0.037551869737341,0.023159131090691704,0.0396569785864457,0.031408054838568705
Qwen3-8B,SciERC,P04-2005,P1,P2,P1->P2,-0.0087928814373175,-0.0175744784526697,-0.0263564004242875,-0.009956568974501,0.0011636875371834991,0.008781921971617798,0.004972804754400649
Qwen3-8B,SciERC,P04-2005,P2,P3,P2->P3,-0.0175744784526697,-0.0072539886274859,-0.0146778392585032,-0.0368822604304051,0.0193077819777354,0.007423850631017299,0.01336581630437635
Qwen3-8B,SciERC,P04-2005,P3,P4,P3->P4,-0.0072539886274859,-0.0126517267021911,-0.2982502844159966,-0.0756553585068448,0.0684013698793589,0.2855985577138055,0.1769999637965822
Qwen3-8B,SciERC,P04-2005,P4,P5,P4->P5,-0.0126517267021911,-0.011363955167575,-0.0440263210122843,-0.1253964372028578,0.11274471050066671,0.0326623658447093,0.07270353817268801
Qwen3-8B,SciERC,P04-2005,P5,P6,P5->P6,-0.011363955167575,-0.0131079636085992,-0.0133259585876574,-0.0143433797495337,0.0029794245819587013,0.00021799497905819996,0.0015987097805084506
Qwen3-8B,SciERC,ICCV_2001_47_abs,P1,P2,P1->P2,-0.0144036038522701,-0.0117951188255195,-0.0198895895301397,-0.0130200553017545,0.0013835485505155985,0.008094470704620198,0.0047390096275678984
Qwen3-8B,SciERC,ICCV_2001_47_abs,P2,P3,P2->P3,-0.0117951188255195,-0.0057491586190634,-0.0103734284439931,-0.0246580317242061,0.012862912898686601,0.0046242698249296995,0.008743591361808151
Qwen3-8B,SciERC,ICCV_2001_47_abs,P3,P4,P3->P4,-0.0057491586190634,-0.0118670943193137,-0.2595095191346971,-0.1005416569924201,0.0947924983733567,0.2476424248153834,0.17121746159437004
Qwen3-8B,SciERC,ICCV_2001_47_abs,P4,P5,P4->P5,-0.0118670943193137,-0.01002418998752,-0.0682866397363803,-0.0930244639319808,0.0811573696126671,0.0582624497488603,0.06970990968076371
Qwen3-8B,SciERC,ICCV_2001_47_abs,P5,P6,P5->P6,-0.01002418998752,-0.0113008317637665,-0.01002418998752,-0.0113008317637665,0.0012766417762464996,0.0012766417762464996,0.0012766417762464996
Qwen3-8B,SciERC,N03-1026,P1,P2,P1->P2,-0.006999434956621,-0.0088343887437282,-0.0150250036132621,-0.0104858350114227,0.0034864000548017002,0.0061906148695338985,0.004838507462167799
Qwen3-8B,SciERC,N03-1026,P2,P3,P2->P3,-0.0088343887437282,-0.0255858121024544,-0.0247252221902859,-0.0126339797046309,0.0037995909609026997,0.0008605899121684989,0.0023300904365355993
Qwen3-8B,SciERC,N03-1026,P3,P4,P3->P4,-0.0255858121024544,-0.0092348741857629,-0.1730286268615408,-0.090371339128995,0.06478552702654061,0.1637937526757779,0.11428963985115925
Qwen3-8B,SciERC,N03-1026,P4,P5,P4->P5,-0.0092348741857629,-0.0067706745464223,-0.0230513863995596,-0.0455912621544772,0.0363563879687143,0.0162807118531373,0.0263185499109258
Qwen3-8B,SciERC,N03-1026,P5,P6,P5->P6,-0.0067706745464223,-0.0117145790037958,-0.0080973962327669,-0.0100341317142668,0.0032634571678445004,0.0036171827710289005,0.0034403199694367005
Qwen3-8B,SciERC,ICCV_2003_161_abs,P1,P2,P1->P2,-0.0172208030472199,-0.0118998108546974,-0.0148002179127174,-0.0177473303166528,0.0005265272694328985,0.002900407058020001,0.0017134671637264497
Qwen3-8B,SciERC,ICCV_2003_161_abs,P2,P3,P2->P3,-0.0118998108546974,-0.0094936629812068,-0.0140583015320932,-0.0109851454727424,0.0009146653819549991,0.0045646385508864,0.0027396519664206996
Qwen3-8B,SciERC,ICCV_2003_161_abs,P3,P4,P3->P4,-0.0094936629812068,-0.0235454395413398,-0.326018496354421,-0.0433395662509343,0.0338459032697275,0.3024730568130812,0.16815948004140435
Qwen3-8B,SciERC,ICCV_2003_161_abs,P4,P5,P4->P5,-0.0235454395413398,-0.0119339550731543,-0.0599141741230477,-0.0930830170710881,0.06953757752974829,0.0479802190498934,0.058758898289820845
Qwen3-8B,SciERC,ICCV_2003_161_abs,P5,P6,P5->P6,-0.0119339550731543,-0.0124604108799338,-0.0136099503240518,-0.0137503038063577,0.0018163487332033997,0.0011495394441180008,0.0014829440886607002
Qwen3-8B,SciERC,E89-1016,P1,P2,P1->P2,-0.01576284204323,-0.007742720481609,-0.0155105072996317,-0.0116564085807491,0.004106433462480899,0.0077677868180226995,0.005937110140251799
Qwen3-8B,SciERC,E89-1016,P2,P3,P2->P3,-0.007742720481609,-0.0081250988510966,-0.0116637479354521,-0.0103060867523411,0.0025633662707321,0.0035386490843554996,0.0030510076775438
Qwen3-8B,SciERC,E89-1016,P3,P4,P3->P4,-0.0081250988510966,-0.0442167055258741,-0.2851871093277071,-0.090326497067774,0.08220139821667741,0.240970403801833,0.16158590100925518
Qwen3-8B,SciERC,E89-1016,P4,P5,P4->P5,-0.0442167055258741,-0.0148661041576567,-0.0553321040128672,-0.073568122620221,0.029351417094346896,0.0404659998552105,0.0349087084747787
Qwen3-8B,SciERC,E89-1016,P5,P6,P5->P6,-0.0148661041576567,-0.0123318660402388,-0.0148661041576567,-0.0123318660402388,0.0025342381174178995,0.0025342381174178995,0.0025342381174178995
Qwen3-8B,EBM-NLP,2224060,P1,P2,P1->P2,-0.0101405931405784,-0.0110968524324042,-0.0523750143391745,-0.0202773267572576,0.0101367336166792,0.0412781619067703,0.025707447761724747
Qwen3-8B,EBM-NLP,2224060,P2,P3,P2->P3,-0.0110968524324042,-0.0064129071391147,-0.0779768237169238,-0.0326015491570745,0.0215046967246703,0.0715639165778091,0.0465343066512397
Qwen3-8B,EBM-NLP,2224060,P3,P4,P3->P4,-0.0064129071391147,-0.0380361503529771,-0.440956891140091,-0.2179496353087218,0.2115367281696071,0.40292074078711393,0.3072287344783605
Qwen3-8B,EBM-NLP,2224060,P4,P5,P4->P5,-0.0380361503529771,-0.0129542704671621,-0.6871855854988098,-0.148731561464684,0.1106954111117069,0.6742313150316477,0.3924633630716773
Qwen3-8B,EBM-NLP,2224060,P5,P6,P5->P6,-0.0129542704671621,-0.0344725809991359,-0.0129542704671621,-0.0344725809991359,0.021518310531973804,0.021518310531973804,0.021518310531973804
Qwen3-8B,EBM-NLP,17293018,P1,P2,P1->P2,-0.0194253779825617,-0.0205412244796752,-0.0253416454792022,-0.0528859701312956,0.0334605921487339,0.0048004209995270025,0.01913050657413045
Qwen3-8B,EBM-NLP,17293018,P2,P3,P2->P3,-0.0205412244796752,-0.0098304836838333,-0.0304433469419125,-0.0347603547324736,0.014219130252798404,0.0206128632580792,0.0174159967554388
Qwen3-8B,EBM-NLP,17293018,P3,P4,P3->P4,-0.0098304836838333,-0.030189409590604,-0.447658103809022,-0.1413862581606264,0.1315557744767931,0.417468694218418,0.2745122343476055
Qwen3-8B,EBM-NLP,17293018,P4,P5,P4->P5,-0.030189409590604,-0.0058744926201669,-0.2021151927479526,-0.4388239007247121,0.4086344911341081,0.1962407001277857,0.3024375956309469
Qwen3-8B,EBM-NLP,17293018,P5,P6,P5->P6,-0.0058744926201669,-0.0126892372965812,-0.0876968741416931,-0.0292603551295765,0.0233858625094096,0.0750076368451119,0.04919674967726075
Qwen3-8B,SciERC,ICASSP_2016_11_abs,P1,P2,P1->P2,-0.0111826801905408,-0.0101012757087256,-0.0112016912748979,-0.0132540005724877,0.002071320381946899,0.0011004155661722987,0.001585867974059599
Qwen3-8B,SciERC,ICASSP_2016_11_abs,P2,P3,P2->P3,-0.0101012757087256,-0.0114456517861494,-0.0127497878609349,-0.0128928577373441,0.002791582028618499,0.0013041360747854999,0.0020478590517019994
Qwen3-8B,SciERC,ICASSP_2016_11_abs,P3,P4,P3->P4,-0.0114456517861494,-0.0143859356988308,-0.2437529291004635,-0.0384785759120566,0.027032924125907198,0.22936699340163272,0.12819995876376997
Qwen3-8B,SciERC,ICASSP_2016_11_abs,P4,P5,P4->P5,-0.0143859356988308,-0.0124153618752542,-0.1042666953332998,-0.1291327117400807,0.1147467760412499,0.0918513334580456,0.10329905474964775
Qwen3-8B,SciERC,ICASSP_2016_11_abs,P5,P6,P5->P6,-0.0124153618752542,-0.0283832209097454,-0.0321469500971337,-0.0178819003480452,0.005466538472790999,0.0037637291873882962,0.004615133830089648
Qwen3-8B,SciERC,J05-4003,P1,P2,P1->P2,-0.0205583936360035,-0.0129087739589487,-0.0222102480692813,-0.017019996007367,0.0035383976286365026,0.009301474110332601,0.006419935869484552
Qwen3-8B,SciERC,J05-4003,P2,P3,P2->P3,-0.0129087739589487,-0.0146286032742279,-0.0250089650473675,-0.0227940611950887,0.00988528723614,0.0103803617731396,0.0101328245046398
Qwen3-8B,SciERC,J05-4003,P3,P4,P3->P4,-0.0146286032742279,-0.0226640530427296,-0.2881364228328069,-0.0882130873590092,0.07358448408478131,0.26547236979007727,0.16952842693742928
Qwen3-8B,SciERC,J05-4003,P4,P5,P4->P5,-0.0226640530427296,-0.0075676228274048,-0.0385725573542412,-0.1175764036178588,0.0949123505751292,0.0310049345268364,0.0629586425509828
Qwen3-8B,SciERC,J05-4003,P5,P6,P5->P6,-0.0075676228274048,-0.0277552924735445,-0.0280946360009027,-0.0099695269317391,0.0024019041043343006,0.00033934352735820114,0.0013706238158462509
Qwen3-8B,EBM-NLP,3919804,P1,P2,P1->P2,-0.0063541985245465,-0.0052345038614289,-0.0063541985245465,-0.0052345038614289,0.0011196946631176,0.0011196946631176,0.0011196946631176
Qwen3-8B,EBM-NLP,3919804,P2,P3,P2->P3,-0.0052345038614289,-0.0028280279401576,-0.0052345038614289,-0.0028280279401576,0.0024064759212713,0.0024064759212713,0.0024064759212713
Qwen3-8B,EBM-NLP,3919804,P3,P4,P3->P4,-0.0028280279401576,-0.0138383984601902,-0.2099303538160561,-0.0749985850619948,0.0721705571218372,0.1960919553558659,0.13413125623885155
Qwen3-8B,EBM-NLP,3919804,P4,P5,P4->P5,-0.0138383984601902,-0.0090574256370587,-0.0718227644516116,-0.0834336685902864,0.0695952701300962,0.0627653388145529,0.06618030447232455
Qwen3-8B,EBM-NLP,3919804,P5,P6,P5->P6,-0.0090574256370587,-0.0096512182256368,-0.0155724328392603,-0.0101235421228801,0.0010661164858213994,0.0059212146136235,0.00349366554972245
Qwen3-8B,SciERC,P05-1076,P1,P2,P1->P2,-0.0135525836813233,-0.0087093947118112,-0.0154086542045713,-0.0134630797630905,8.950391823280002e-05,0.006699259492760099,0.0033943817054964496
Qwen3-8B,SciERC,P05-1076,P2,P3,P2->P3,-0.0087093947118112,-0.0070366698990398,-0.0091432894487215,-0.0167165866059452,0.008007191894133998,0.0021066195496817,0.005056905721907849
Qwen3-8B,SciERC,P05-1076,P3,P4,P3->P4,-0.0070366698990398,-0.0103455471905506,-0.1846811956664557,-0.0794440534562322,0.07240738355719241,0.1743356484759051,0.12337151601654875
Qwen3-8B,SciERC,P05-1076,P4,P5,P4->P5,-0.0103455471905506,-0.0095350048986488,-0.0587915724729476,-0.0866611331440082,0.0763155859534576,0.0492565675742988,0.06278607676387819
Qwen3-8B,SciERC,P05-1076,P5,P6,P5->P6,-0.0095350048986488,-0.0150810954890725,-0.0178802632504985,-0.0129640882770563,0.003429083378407501,0.0027991677614260004,0.0031141255699167507
Qwen3-8B,SciERC,ICML_2016_10_abs,P1,P2,P1->P2,-0.0288116961348476,-0.0349648342720077,-0.0340438589822345,-0.0312743271947528,0.002462631059905202,0.0009209752897732029,0.0016918031748392025
Qwen3-8B,SciERC,ICML_2016_10_abs,P2,P3,P2->P3,-0.0349648342720077,-0.0108718371872479,-0.0121006035187747,-0.0343719908851198,0.0005928433868878993,0.0012287663315268,0.0009108048592073497
Qwen3-8B,SciERC,ICML_2016_10_abs,P3,P4,P3->P4,-0.0108718371872479,-0.0185399064523878,-0.2510825486996243,-0.0786845796659084,0.06781274247866051,0.23254264224723653,0.15017769236294853
Qwen3-8B,SciERC,ICML_2016_10_abs,P4,P5,P4->P5,-0.0185399064523878,-0.0171487831732199,-0.0975314019970013,-0.0752651808011815,0.056725274348793694,0.08038261882378141,0.06855394658628755
Qwen3-8B,SciERC,ICML_2016_10_abs,P5,P6,P5->P6,-0.0171487831732199,-0.032373522417233,-0.0409701363966107,-0.020822368314282,0.0036735851410620995,0.0085966139793777,0.0061350995602199
Qwen3-8B,EBM-NLP,12477021,P1,P2,P1->P2,-0.0004372456152101,-0.0008326429368477,-0.0004372456152101,-0.0008326429368477,0.0003953973216376,0.0003953973216376,0.0003953973216376
Qwen3-8B,EBM-NLP,12477021,P2,P3,P2->P3,-0.0008326429368477,-0.0009742715375823,-0.0008326429368477,-0.0009742715375823,0.00014162860073460007,0.00014162860073460007,0.00014162860073460007
Qwen3-8B,EBM-NLP,12477021,P3,P4,P3->P4,-0.0009742715375823,-0.0095188753391669,-0.1808982733788529,-0.0792815233930775,0.0783072518554952,0.171379398039686,0.1248433249475906
Qwen3-8B,EBM-NLP,12477021,P4,P5,P4->P5,-0.0095188753391669,-0.0249081822328789,-0.2973031554111214,-0.1175804835994069,0.10806160826024,0.2723949731782425,0.19022829071924124
Qwen3-8B,EBM-NLP,12477021,P5,P6,P5->P6,-0.0249081822328789,-0.0486729145050048,-0.0249081822328789,-0.0486729145050048,0.0237647322721259,0.0237647322721259,0.0237647322721259
Qwen3-8B,EBM-NLP,16055807,P1,P2,P1->P2,-0.0153749761978785,-0.0109653158952261,-0.0168459069637851,-0.0156953262289365,0.0003203500310580004,0.0058805910685590015,0.003100470549808501
Qwen3-8B,EBM-NLP,16055807,P2,P3,P2->P3,-0.0109653158952261,-0.010487154649015,-0.0334429845475314,-0.0388417753554482,0.027876459460222103,0.022955829898516397,0.02541614467936925
Qwen3-8B,EBM-NLP,16055807,P3,P4,P3->P4,-0.010487154649015,-0.040669725787255,-0.6045735882174584,-0.2075155419215821,0.19702838727256708,0.5639038624302034,0.38046612485138526
Qwen3-8B,EBM-NLP,16055807,P4,P5,P4->P5,-0.040669725787255,-0.0196822330133238,-0.8105314331713007,-0.5710192034321446,0.5303494776448896,0.7908492001579769,0.6605993389014333
Qwen3-8B,EBM-NLP,16055807,P5,P6,P5->P6,-0.0196822330133238,-0.0233623188146403,-0.0249351229466183,-0.0267672827884332,0.0070850497751094,0.001572804131978002,0.004328926953543701
Qwen3-8B,EBM-NLP,6421395,P1,P2,P1->P2,-0.0054451044194612,-0.0055862615902341,-0.0054451044194612,-0.0055862615902341,0.00014115717077289956,0.00014115717077289956,0.00014115717077289956
Qwen3-8B,EBM-NLP,6421395,P2,P3,P2->P3,-0.0055862615902341,-0.0067100771910542,-0.0122146635229939,-0.0065248699031223,0.0009386083128882002,0.0055045863319397,0.0032215973224139502
Qwen3-8B,EBM-NLP,6421395,P3,P4,P3->P4,-0.0067100771910542,-0.0316558377496127,-0.4963386469873889,-0.1045201801382298,0.09781010294717561,0.46468280923777616,0.2812464560924759
Qwen3-8B,EBM-NLP,6421395,P4,P5,P4->P5,-0.0316558377496127,-0.0112494963866013,-0.6769316746638372,-0.2666432610873518,0.23498742333773912,0.6656821782772359,0.4503348008074875
Qwen3-8B,EBM-NLP,6421395,P5,P6,P5->P6,-0.0112494963866013,-0.017463160496132,-0.0377930005391438,-0.0952413265521709,0.08399183016556959,0.0203298400430118,0.0521608351042907
Qwen3-8B,EBM-NLP,9481998,P1,P2,P1->P2,-0.0151254537614803,-0.0123247828298402,-0.0151254537614803,-0.0123247828298402,0.0028006709316401,0.0028006709316401,0.0028006709316401
Qwen3-8B,EBM-NLP,9481998,P2,P3,P2->P3,-0.0123247828298402,-0.007226310887383,-0.0123247828298402,-0.007226310887383,0.005098471942457199,0.005098471942457199,0.005098471942457199
Qwen3-8B,EBM-NLP,9481998,P3,P4,P3->P4,-0.007226310887383,-0.0258477126297197,-0.259918206224316,-0.1245638421438272,0.1173375312564442,0.2340704935945963,0.17570401242552025
Qwen3-8B,EBM-NLP,9481998,P4,P5,P4->P5,-0.0258477126297197,-0.0154527656886042,-0.3141059291606046,-0.2000096440315246,0.17416193140180491,0.2986531634720004,0.23640754743690265
Qwen3-8B,EBM-NLP,9481998,P5,P6,P5->P6,-0.0154527656886042,-0.0289768874645233,-0.0644715428352356,-0.0305596298100997,0.0151068641214955,0.035494655370712294,0.025300759746103896
Qwen3-8B,SciERC,INTERSPEECH_2006_21_abs,P1,P2,P1->P2,-0.0400704740020877,-0.0392704232435789,-0.0376488772938804,-0.0466268419286884,0.006556367926600699,0.0016215459496984955,0.004088956938149597
Qwen3-8B,SciERC,INTERSPEECH_2006_21_abs,P2,P3,P2->P3,-0.0392704232435789,-0.0143793945028459,-0.0195448304059598,-0.0423724433494498,0.0031020201058708993,0.005165435903113899,0.004133728004492399
Qwen3-8B,SciERC,INTERSPEECH_2006_21_abs,P3,P4,P3->P4,-0.0143793945028459,-0.0138105125613295,-0.1535053972391724,-0.0711491128976579,0.056769718394812006,0.13969488467784288,0.09823230153632745
Qwen3-8B,SciERC,INTERSPEECH_2006_21_abs,P4,P5,P4->P5,-0.0138105125613295,-0.0145557821831769,-0.0307025566983681,-0.0409911147431831,0.0271806021818536,0.016146774515191198,0.0216636883485224
Qwen3-8B,SciERC,INTERSPEECH_2006_21_abs,P5,P6,P5->P6,-0.0145557821831769,-0.0148336325065199,-0.0132663740720375,-0.0196372566378524,0.005081474454675501,0.0015672584344824,0.0033243664445789505
Qwen3-8B,SciERC,CVPR_2008_258_abs,P1,P2,P1->P2,-0.0162928899950232,-0.0103184976582897,-0.0117535564663081,-0.0165427275679328,0.000249837572909601,0.0014350588080184,0.0008424481904640005
Qwen3-8B,SciERC,CVPR_2008_258_abs,P2,P3,P2->P3,-0.0103184976582897,-0.0172272592602477,-0.0284812943858239,-0.0185283592586999,0.0082098616004102,0.011254035125576201,0.0097319483629932
Qwen3-8B,SciERC,CVPR_2008_258_abs,P3,P4,P3->P4,-0.0172272592602477,-0.0177600355791556,-0.2161242563353955,-0.0859423062806829,0.06871504702043521,0.1983642207562399,0.13353963388833756
Qwen3-8B,SciERC,CVPR_2008_258_abs,P4,P5,P4->P5,-0.0177600355791556,-0.0152806727629568,-0.0475004855957296,-0.0361594307807184,0.0183993952015628,0.032219812832772796,0.025309604017167798
Qwen3-8B,SciERC,CVPR_2008_258_abs,P5,P6,P5->P6,-0.0152806727629568,-0.0381051968879207,-0.0396431849303423,-0.0199525454805956,0.0046718727176388,0.001537988042421598,0.003104930380030199
Qwen3-8B,EBM-NLP,20804366,P1,P2,P1->P2,-0.0023894733404216,-0.0045649152063978,-0.0131895542144775,-0.0047910405781547,0.0024015672377331004,0.0086246390080797,0.0055131031229064004
Qwen3-8B,EBM-NLP,20804366,P2,P3,P2->P3,-0.0045649152063978,-0.0014658839013291,-0.0060520822821858,-0.0211931245342339,0.0166282093278361,0.0045861983808567,0.0106072038543464
Qwen3-8B,EBM-NLP,20804366,P3,P4,P3->P4,-0.0014658839013291,-0.0034157630818134,-0.0846488432783847,-0.0539472994639078,0.052481415562578695,0.0812330801965713,0.066857247879575
Qwen3-8B,EBM-NLP,20804366,P4,P5,P4->P5,-0.0034157630818134,-0.0052061257393377,-0.1207651378290632,-0.0498894429884072,0.046473679906593804,0.11555901208972551,0.08101634599815966
Qwen3-8B,EBM-NLP,20804366,P5,P6,P5->P6,-0.0052061257393377,-0.0041102045615362,-0.0077810641254479,-0.0097083754248531,0.0045022496855154,0.0036708595639117006,0.004086554624713551
Qwen3-8B,SciERC,CVPR_2016_413_abs,P1,P2,P1->P2,-0.0184427635236219,-0.0169356060738938,-0.0280677168571774,-0.0289145399728798,0.0104717764492579,0.011132110783283602,0.010801943616270751
Qwen3-8B,SciERC,CVPR_2016_413_abs,P2,P3,P2->P3,-0.0169356060738938,-0.0386399641477813,-0.0468699208577163,-0.0226829085953699,0.005747302521476101,0.008229956709935003,0.006988629615705552
Qwen3-8B,SciERC,CVPR_2016_413_abs,P3,P4,P3->P4,-0.0386399641477813,-0.0096333175723961,-0.1656951526548345,-0.1059631903966267,0.0673232262488454,0.1560618350824384,0.1116925306656419
Qwen3-8B,SciERC,CVPR_2016_413_abs,P4,P5,P4->P5,-0.0096333175723961,-0.0112703896867,-0.0483623565161141,-0.0438597234620136,0.0342264058896175,0.0370919668294141,0.0356591863595158
Qwen3-8B,SciERC,CVPR_2016_413_abs,P5,P6,P5->P6,-0.0112703896867,-0.0124820540583068,-0.0110830952110827,-0.0141619122354688,0.0028915225487688,0.0013989588472241004,0.00214524069799645
Qwen3-8B,SciERC,CVPR_2006_10_abs,P1,P2,P1->P2,-0.0194316014041745,-0.0154640682773783,-0.0214666682860754,-0.0220062431281175,0.002574641723943002,0.006002600008697101,0.004288620866320051
Qwen3-8B,SciERC,CVPR_2006_10_abs,P2,P3,P2->P3,-0.0154640682773783,-0.0199604555842529,-0.0273014754300812,-0.021856101994225,0.0063920337168467,0.007341019845828297,0.006866526781337499
Qwen3-8B,SciERC,CVPR_2006_10_abs,P3,P4,P3->P4,-0.0199604555842529,-0.0125030900439993,-0.2099788109900071,-0.1190306377001167,0.0990701821158638,0.1974757209460078,0.14827295153093578
Qwen3-8B,SciERC,CVPR_2006_10_abs,P4,P5,P4->P5,-0.0125030900439993,-0.0208233213014448,-0.0432555774445475,-0.0279661486504189,0.015463058606419599,0.0224322561431027,0.01894765737476115
Qwen3-8B,SciERC,CVPR_2006_10_abs,P5,P6,P5->P6,-0.0208233213014448,-0.0457290751372252,-0.048802191478116,-0.0233327828136532,0.0025094615122084017,0.0030731163408908024,0.002791288926549602
Qwen3-8B,SciERC,P05-1046,P1,P2,P1->P2,-0.0173747560235938,-0.0090423497780332,-0.0153666101533548,-0.0174931757104999,0.000118419686906103,0.0063242603753216,0.0032213400311138516
Qwen3-8B,SciERC,P05-1046,P2,P3,P2->P3,-0.0090423497780332,-0.009217861833518,-0.0151535218114379,-0.0140504788923527,0.0050081291143195,0.005935659977919899,0.0054718945461196995
Qwen3-8B,SciERC,P05-1046,P3,P4,P3->P4,-0.009217861833518,-0.0155369122823079,-0.2604863986634371,-0.078729635887212,0.069511774053694,0.24494948638112918,0.1572306302174116
Qwen3-8B,SciERC,P05-1046,P4,P5,P4->P5,-0.0155369122823079,-0.0136387080621202,-0.0461961265191476,-0.1407575782976652,0.1252206660153573,0.03255741845702739,0.07888904223619235
Qwen3-8B,SciERC,P05-1046,P5,P6,P5->P6,-0.0136387080621202,-0.0143821846726968,-0.0188458131627563,-0.0140233428200114,0.00038463475789119947,0.004463628490059501,0.00242413162397535
Qwen3-8B,EBM-NLP,23357440,P1,P2,P1->P2,-0.0101776160644712,-0.0010601262431865,-0.0083942948384027,-0.0177723826563135,0.0075947665918423,0.0073341685952161995,0.00746446759352925
Qwen3-8B,EBM-NLP,23357440,P2,P3,P2->P3,-0.0010601262431865,-0.0001321439734002,-0.0010601262431865,-0.0001321439734002,0.0009279822697863,0.0009279822697863,0.0009279822697863
Qwen3-8B,EBM-NLP,23357440,P3,P4,P3->P4,-0.0001321439734002,-0.018521582407336,-0.3717514161140688,-0.0758208088056348,0.0756886648322346,0.35322983370673283,0.21445924926948373
Qwen3-8B,EBM-NLP,23357440,P4,P5,P4->P5,-0.018521582407336,-0.0218574231670748,-0.458637329839891,-0.2369807074146886,0.2184591250073526,0.4367799066728162,0.3276195158400844
Qwen3-8B,EBM-NLP,23357440,P5,P6,P5->P6,-0.0218574231670748,-0.0217520363869205,-0.0218574231670748,-0.0217520363869205,0.00010538678015429778,0.00010538678015429778,0.00010538678015429778
Qwen3-8B,EBM-NLP,2066441,P1,P2,P1->P2,-0.0081572202984287,-0.0062523610689273,-0.0081572202984287,-0.0062523610689273,0.0019048592295013997,0.0019048592295013997,0.0019048592295013997
Qwen3-8B,EBM-NLP,2066441,P2,P3,P2->P3,-0.0062523610689273,-0.0060310950502753,-0.0225052577688505,-0.0258596118674176,0.0196072507984903,0.0164741627185752,0.01804070675853275
Qwen3-8B,EBM-NLP,2066441,P3,P4,P3->P4,-0.0060310950502753,-0.0079468358009256,-0.1730039238451636,-0.0754525283425066,0.0694214332922313,0.16505708804423802,0.11723926066823466
Qwen3-8B,EBM-NLP,2066441,P4,P5,P4->P5,-0.0079468358009256,-0.0208354299718683,-0.3600641770796342,-0.0687785154995433,0.06083167969861769,0.33922874710776585,0.20003021340319177
Qwen3-8B,EBM-NLP,2066441,P5,P6,P5->P6,-0.0208354299718683,-0.0200079441070556,-0.0208354299718683,-0.0200079441070556,0.0008274858648127,0.0008274858648127,0.0008274858648127
Qwen3-8B,SciERC,CVPR_1993_10_abs,P1,P2,P1->P2,-0.0366113156874359,-0.0154404257579396,-0.0172520217602141,-0.0403990855736772,0.003787769886241299,0.0018115960022744987,0.002799682944257899
Qwen3-8B,SciERC,CVPR_1993_10_abs,P2,P3,P2->P3,-0.0154404257579396,-0.0371151886759738,-0.0413436637166645,-0.0169794680793226,0.001539042321383001,0.004228475040690703,0.002883758681036852
Qwen3-8B,SciERC,CVPR_1993_10_abs,P3,P4,P3->P4,-0.0371151886759738,-0.0143530106785171,-0.162044229292935,-0.0765390708990404,0.0394238822230666,0.1476912186144179,0.09355755041874225
Qwen3-8B,SciERC,CVPR_1993_10_abs,P4,P5,P4->P5,-0.0143530106785171,-0.0113537391419716,-0.0411449493997982,-0.0446170886685123,0.0302640779899952,0.029791210257826602,0.0300276441239109
Qwen3-8B,SciERC,CVPR_1993_10_abs,P5,P6,P5->P6,-0.0113537391419716,-0.0126832066804733,-0.0124536061509085,-0.0122047846828839,0.000851045540912301,0.00022960052956479994,0.0005403230352385505
Qwen3-8B,EBM-NLP,19159999,P1,P2,P1->P2,-0.0101485926676632,-0.0129065112252929,-0.0101485926676632,-0.0129065112252929,0.002757918557629699,0.002757918557629699,0.002757918557629699
Qwen3-8B,EBM-NLP,19159999,P2,P3,P2->P3,-0.0129065112252929,-0.0055154911496422,-0.0152595509182323,-0.0217865187319079,0.008880007506615,0.0097440597685901,0.009312033637602551
Qwen3-8B,EBM-NLP,19159999,P3,P4,P3->P4,-0.0055154911496422,-0.0285667296378843,-0.4356485182239163,-0.0687280169264836,0.0632125257768414,0.407081788586032,0.2351471571814367
Qwen3-8B,EBM-NLP,19159999,P4,P5,P4->P5,-0.0285667296378843,-0.0288851286235608,-0.2023690775821083,-0.1981763993540118,0.1696096697161275,0.1734839489585475,0.1715468093373375
Qwen3-8B,EBM-NLP,19159999,P5,P6,P5->P6,-0.0288851286235608,-0.0307810653501482,-0.0338075198789141,-0.0578028239701923,0.028917695346631498,0.003026454528765904,0.0159720749376987
Qwen3-8B,EBM-NLP,2188766,P1,P2,P1->P2,-0.0113851044125157,-0.0093970077653085,-0.0282191653405466,-0.0161175459182908,0.004732441505775101,0.0188221575752381,0.0117772995405066
Qwen3-8B,EBM-NLP,2188766,P2,P3,P2->P3,-0.0093970077653085,-0.0013331036253642,-0.0093970077653085,-0.0013331036253642,0.0080639041399443,0.0080639041399443,0.0080639041399443
Qwen3-8B,EBM-NLP,2188766,P3,P4,P3->P4,-0.0013331036253642,-0.0155367383956909,-0.2469693336486816,-0.0991316844699203,0.09779858084455609,0.2314325952529907,0.1646155880487734
Qwen3-8B,EBM-NLP,2188766,P4,P5,P4->P5,-0.0155367383956909,-0.0145563607597175,-0.1664768056396176,-0.2813584213256836,0.2658216829299927,0.15192044487990009,0.2088710639049464
Qwen3-8B,EBM-NLP,2188766,P5,P6,P5->P6,-0.0145563607597175,-0.0160922630438728,-0.0182453829144674,-0.0411140946123529,0.0265577338526354,0.0021531198705945984,0.014355426861614999
Qwen3-8B,EBM-NLP,23417625,P1,P2,P1->P2,-0.0019603844254444,-0.0067006798572098,-0.0735697498582056,-0.0139460664529066,0.0119856820274622,0.06686907000099579,0.03942737601422899
Qwen3-8B,EBM-NLP,23417625,P2,P3,P2->P3,-0.0067006798572098,-0.0029246494272686,-0.0067006798572098,-0.0029246494272686,0.0037760304299412,0.0037760304299412,0.0037760304299412
Qwen3-8B,EBM-NLP,23417625,P3,P4,P3->P4,-0.0029246494272686,-0.0125772039941016,-0.1764063232756675,-0.0876344060463621,0.08470975661909351,0.1638291192815659,0.12426943795032971
Qwen3-8B,EBM-NLP,23417625,P4,P5,P4->P5,-0.0125772039941016,-0.0174358549217383,-0.0165598864356676,-0.1025264786278947,0.0899492746337931,0.0008759684860707023,0.0454126215599319
Qwen3-8B,EBM-NLP,23417625,P5,P6,P5->P6,-0.0174358549217383,-0.0079192271223291,-0.0174358549217383,-0.0079192271223291,0.009516627799409202,0.009516627799409202,0.009516627799409202
Qwen3-8B,EBM-NLP,18503531,P1,P2,P1->P2,-0.0092515113706491,-0.0020258926159265,-0.0092515113706491,-0.0020258926159265,0.0072256187547226,0.0072256187547226,0.0072256187547226
Qwen3-8B,EBM-NLP,18503531,P2,P3,P2->P3,-0.0020258926159265,-0.0063758595865599,-0.0020258926159265,-0.0063758595865599,0.0043499669706334,0.0043499669706334,0.0043499669706334
Qwen3-8B,EBM-NLP,18503531,P3,P4,P3->P4,-0.0063758595865599,-0.0118892940820432,-0.3307766259885302,-0.0702593186680151,0.06388345908145521,0.318887331906487,0.1913853954939711
Qwen3-8B,EBM-NLP,18503531,P4,P5,P4->P5,-0.0118892940820432,-0.0201313270712798,-0.5383202534801556,-0.1189031974942076,0.1070139034121644,0.5181889264088757,0.31260141491052007
Qwen3-8B,EBM-NLP,18503531,P5,P6,P5->P6,-0.0201313270712798,-0.0299252833960191,-0.0201313270712798,-0.0299252833960191,0.009793956324739301,0.009793956324739301,0.009793956324739301
Qwen3-8B,SciERC,NIPS_2015_18_abs,P1,P2,P1->P2,-0.0131449932266077,-0.012220354431804,-0.0150412358853463,-0.0118006210878778,0.0013443721387299008,0.0028208814535423,0.0020826267961361004
Qwen3-8B,SciERC,NIPS_2015_18_abs,P2,P3,P2->P3,-0.012220354431804,-0.0108439153283174,-0.0165875899066193,-0.0205221211741838,0.0083017667423798,0.0057436745783019,0.00702272066034085
Qwen3-8B,SciERC,NIPS_2015_18_abs,P3,P4,P3->P4,-0.0108439153283174,-0.0148765022804339,-0.1889219491481781,-0.058853301914351,0.0480093865860336,0.17404544686774417,0.11102741672688889
Qwen3-8B,SciERC,NIPS_2015_18_abs,P4,P5,P4->P5,-0.0148765022804339,-0.0080271492634589,-0.0346540295363714,-0.049780296271046,0.0349037939906121,0.026626880272912504,0.030765337131762303
Qwen3-8B,SciERC,NIPS_2015_18_abs,P5,P6,P5->P6,-0.0080271492634589,-0.0141326889130214,-0.0176135705813002,-0.0108724021158802,0.0028452528524212997,0.0034808816682788003,0.00316306726035005
Qwen3-8B,EBM-NLP,25369243,P1,P2,P1->P2,-0.0066991265927687,-0.002551843479523,-0.015267055350705,-0.0121853696212607,0.0054862430284920004,0.012715211871181999,0.009100727449837
Qwen3-8B,EBM-NLP,25369243,P2,P3,P2->P3,-0.002551843479523,-0.0020210591182153,-0.005974082665284,-0.0142753508307578,0.0117235073512348,0.0039530235470687,0.00783826544915175
Qwen3-8B,EBM-NLP,25369243,P3,P4,P3->P4,-0.0020210591182153,-0.0150430211185538,-0.1799748765073553,-0.144795102345479,0.1427740432272637,0.1649318553888015,0.15385294930803262
Qwen3-8B,EBM-NLP,25369243,P4,P5,P4->P5,-0.0150430211185538,-0.0234261436096156,-0.2114672919353807,-0.1975314655225642,0.1824884444040104,0.1880411483257651,0.18526479636488774
Qwen3-8B,EBM-NLP,25369243,P5,P6,P5->P6,-0.0234261436096156,-0.0259116746877369,-0.020774956596525,-0.0543214377150478,0.030895294105432198,0.005136718091211901,0.01801600609832205
Qwen3-8B,EBM-NLP,11642083,P1,P2,P1->P2,-0.0069773902808045,-0.0069613824030611,-0.0095881250028201,-0.0176213189525289,0.010643928671724399,0.002626742599759,0.0066353356357417
Qwen3-8B,EBM-NLP,11642083,P2,P3,P2->P3,-0.0069613824030611,-0.0050776877148772,-0.0107339435223355,-0.0160680028962016,0.0091066204931405,0.0056562558074583005,0.0073814381502994
Qwen3-8B,EBM-NLP,11642083,P3,P4,P3->P4,-0.0050776877148772,-0.0189772087536501,-0.2104050014795882,-0.0763870277946972,0.07130934007982,0.1914277927259381,0.13136856640287906
Qwen3-8B,EBM-NLP,11642083,P4,P5,P4->P5,-0.0189772087536501,-0.0193336668113867,-0.3147012740373611,-0.1155959916918465,0.09661878293819641,0.2953676072259744,0.1959931950820854
Qwen3-8B,EBM-NLP,11642083,P5,P6,P5->P6,-0.0193336668113867,-0.0263234056118461,-0.0655108176999622,-0.0379506647586822,0.018616997947295502,0.0391874120881161,0.028902205017705802
Qwen3-8B,EBM-NLP,25068497,P1,P2,P1->P2,-0.0070595227231915,-0.0121078744648009,-0.0238765264589955,-0.0174563915637515,0.010396868840559998,0.0117686519941946,0.0110827604173773
Qwen3-8B,EBM-NLP,25068497,P2,P3,P2->P3,-0.0121078744648009,-0.0033710896909647,-0.0091791810878252,-0.0327063019820085,0.020598427517207602,0.005808091396860501,0.013203259457034051
Qwen3-8B,EBM-NLP,25068497,P3,P4,P3->P4,-0.0033710896909647,-0.0156656351031326,-0.1985366962304929,-0.0756249562600406,0.0722538665690759,0.1828710611273603,0.1275624638482181
Qwen3-8B,EBM-NLP,25068497,P4,P5,P4->P5,-0.0156656351031326,-0.0115316999810082,-0.6299949373517718,-0.4810994518239324,0.46543381672079975,0.6184632373707636,0.5419485270457817
Qwen3-8B,EBM-NLP,25068497,P5,P6,P5->P6,-0.0115316999810082,-0.013058990240097,-0.0115316999810082,-0.013058990240097,0.0015272902590888014,0.0015272902590888014,0.0015272902590888014
Qwen3-8B,SciERC,INTERSPEECH_2008_20_abs,P1,P2,P1->P2,-0.0165986803649045,-0.0083581762107011,-0.0112788840779103,-0.0178755276817594,0.001276847316854901,0.0029207078672091984,0.0020987775920320497
Qwen3-8B,SciERC,INTERSPEECH_2008_20_abs,P2,P3,P2->P3,-0.0083581762107011,-0.0123593440997259,-0.0143370189810715,-0.01108486186907,0.002726685658368899,0.0019776748813455994,0.002352180269857249
Qwen3-8B,SciERC,INTERSPEECH_2008_20_abs,P3,P4,P3->P4,-0.0123593440997259,-0.0200921593598984,-0.2074470949083117,-0.0686607948252155,0.0563014507254896,0.18735493554841331,0.12182819313695145
Qwen3-8B,SciERC,INTERSPEECH_2008_20_abs,P4,P5,P4->P5,-0.0200921593598984,-0.0074549683469755,-0.0220413520195221,-0.0502272169175908,0.0301350575576924,0.0145863836725466,0.022360720615119498
Qwen3-8B,SciERC,INTERSPEECH_2008_20_abs,P5,P6,P5->P6,-0.0074549683469755,-0.0077604777064205,-0.0074549683469755,-0.0077604777064205,0.0003055093594450005,0.0003055093594450005,0.0003055093594450005
Qwen3-8B,SciERC,NIPS_2016_560_abs,P1,P2,P1->P2,-0.0181425765445085,-0.0172851232252315,-0.0192485058338564,-0.0210889257374605,0.002946349192951999,0.0019633826086249,0.0024548659007884496
Qwen3-8B,SciERC,NIPS_2016_560_abs,P2,P3,P2->P3,-0.0172851232252315,-0.0128686076733269,-0.0158771368770637,-0.0179871685508399,0.0007020453256083997,0.0030085292037367994,0.0018552872646725995
Qwen3-8B,SciERC,NIPS_2016_560_abs,P3,P4,P3->P4,-0.0128686076733269,-0.0162318345977283,-0.1781572869481781,-0.0659324851364148,0.0530638774630879,0.16192545235044978,0.10749466490676884
Qwen3-8B,SciERC,NIPS_2016_560_abs,P4,P5,P4->P5,-0.0162318345977283,-0.0193447974501269,-0.0736086415956811,-0.0812146707885649,0.0649828361908366,0.0542638441455542,0.0596233401681954
Qwen3-8B,SciERC,NIPS_2016_560_abs,P5,P6,P5->P6,-0.0193447974501269,-0.0130470066234983,-0.0157164499126925,-0.0256425842347711,0.0062977867846442,0.0026694432891941986,0.004483615036919199
Qwen3-8B,SciERC,E91-1012,P1,P2,P1->P2,-0.0108685683102366,-0.0124859007088334,-0.0178789268258537,-0.0098260886322281,0.0010424796780085007,0.005393026117020302,0.0032177528975144013
Qwen3-8B,SciERC,E91-1012,P2,P3,P2->P3,-0.0124859007088334,-0.0086961513072807,-0.0104151101663369,-0.0133946097647345,0.0009087090559011003,0.0017189588590562008,0.0013138339574786505
Qwen3-8B,SciERC,E91-1012,P3,P4,P3->P4,-0.0086961513072807,-0.0511472666832177,-0.231494349868674,-0.1082992374773598,0.0996030861700791,0.1803470831854563,0.1399750846777677
Qwen3-8B,SciERC,E91-1012,P4,P5,P4->P5,-0.0511472666832177,-0.0200726864476218,-0.0381575899116233,-0.0861585637015339,0.03501129701831619,0.018084903464001503,0.026548100241158848
Qwen3-8B,SciERC,E91-1012,P5,P6,P5->P6,-0.0200726864476218,-0.0126156809016225,-0.0230431979274542,-0.0253180543578897,0.0052453679102679,0.010427517025831702,0.007836442468049801
Qwen3-8B,SciERC,CVPR_2010_30_abs,P1,P2,P1->P2,-0.017544123250366,-0.0103440702508935,-0.0154476787809652,-0.0230245821728002,0.005480458922434199,0.005103608530071699,0.005292033726252949
Qwen3-8B,SciERC,CVPR_2010_30_abs,P2,P3,P2->P3,-0.0103440702508935,-0.0108778116927278,-0.0173062259234269,-0.0121234940677767,0.0017794238168831987,0.006428414230699099,0.004103919023791149
Qwen3-8B,SciERC,CVPR_2010_30_abs,P3,P4,P3->P4,-0.0108778116927278,-0.00938649270571,-0.2843626118905593,-0.0954620344655327,0.08458422277280489,0.27497611918484927,0.1797801709788271
Qwen3-8B,SciERC,CVPR_2010_30_abs,P4,P5,P4->P5,-0.00938649270571,-0.0105191950708296,-0.0596914209570523,-0.0903361519871342,0.0809496592814242,0.0491722258862227,0.06506094258382344
Qwen3-8B,SciERC,CVPR_2010_30_abs,P5,P6,P5->P6,-0.0105191950708296,-0.0186649251364358,-0.0267516263253596,-0.013431854211882,0.0029126591410524004,0.008086701188923802,0.005499680164988101
Qwen3-8B,EBM-NLP,2088233,P1,P2,P1->P2,-0.0027605191963474,-0.0024662118950268,-0.0027605191963474,-0.0024662118950268,0.00029430730132060014,0.00029430730132060014,0.00029430730132060014
Qwen3-8B,EBM-NLP,2088233,P2,P3,P2->P3,-0.0024662118950268,-0.0046760040539793,-0.0024662118950268,-0.0046760040539793,0.0022097921589525004,0.0022097921589525004,0.0022097921589525004
Qwen3-8B,EBM-NLP,2088233,P3,P4,P3->P4,-0.0046760040539793,-0.0137564702467484,-0.3789757381786,-0.0933963692042885,0.08872036515030919,0.36521926793185155,0.22696981654108037
Qwen3-8B,EBM-NLP,2088233,P4,P5,P4->P5,-0.0137564702467484,-0.0310659629024871,-0.415032367387863,-0.1258886727419766,0.1121322024952282,0.3839664044853759,0.24804930349030205
Qwen3-8B,EBM-NLP,2088233,P5,P6,P5->P6,-0.0310659629024871,-0.0196550997594992,-0.0226516649127006,-0.0470597627636504,0.015993799861163296,0.0029965651532014026,0.00949518250718235
Qwen3-8B,SciERC,CVPR_2011_11_abs,P1,P2,P1->P2,-0.0134023099176345,-0.0157329022110282,-0.0253524884775087,-0.0199820745856531,0.006579764668018601,0.0096195862664805,0.00809967546724955
Qwen3-8B,SciERC,CVPR_2011_11_abs,P2,P3,P2->P3,-0.0157329022110282,-0.0151745856855995,-0.0195033708199237,-0.0148759537186973,0.000856948492330898,0.004328785134324201,0.0025928668133275495
Qwen3-8B,SciERC,CVPR_2011_11_abs,P3,P4,P3->P4,-0.0151745856855995,-0.0145786954567052,-0.201980948199152,-0.0818507796308646,0.0666761939452651,0.1874022527424468,0.12703922334385595
Qwen3-8B,SciERC,CVPR_2011_11_abs,P4,P5,P4->P5,-0.0145786954567052,-0.0140940622004785,-0.0569265732558664,-0.0445438995638745,0.0299652041071693,0.0428325110553879,0.0363988575812786
Qwen3-8B,SciERC,CVPR_2011_11_abs,P5,P6,P5->P6,-0.0140940622004785,-0.0266622682547093,-0.025984805555597,-0.0136886533706429,0.000405408829835599,0.000677462699112303,0.000541435764473951
Qwen3-8B,EBM-NLP,17616069,P1,P2,P1->P2,-0.0106160230289148,-0.0078442053743666,-0.0113901542556797,-0.0319585943834321,0.0213425713545173,0.003545948881313099,0.012444260117915199
Qwen3-8B,EBM-NLP,17616069,P2,P3,P2->P3,-0.0078442053743666,-0.0075458933033643,-0.0078442053743666,-0.0075458933033643,0.00029831207100229976,0.00029831207100229976,0.00029831207100229976
Qwen3-8B,EBM-NLP,17616069,P3,P4,P3->P4,-0.0075458933033643,-0.0198360986106998,-0.3888483276324613,-0.0897342273965478,0.08218833409318349,0.3690122290217615,0.2256002815574725
Qwen3-8B,EBM-NLP,17616069,P4,P5,P4->P5,-0.0198360986106998,-0.0081771038196705,-0.12087290375321,-0.3383010843625435,0.31846498575184373,0.1126957999335395,0.21558039284269162
Qwen3-8B,EBM-NLP,17616069,P5,P6,P5->P6,-0.0081771038196705,-0.009349003986076,-0.0081771038196705,-0.009349003986076,0.0011719001664055005,0.0011719001664055005,0.0011719001664055005
Qwen3-8B,EBM-NLP,24075141,P1,P2,P1->P2,-0.0125365920969818,-0.0085542310066152,-0.0149274617249127,-0.0213557600847676,0.0088191679877858,0.0063732307182975,0.00759619935304165
Qwen3-8B,EBM-NLP,24075141,P2,P3,P2->P3,-0.0085542310066152,-0.0130111462123101,-0.0255991770415612,-0.0176425356611535,0.0090883046545383,0.0125880308292511,0.010838167741894701
Qwen3-8B,EBM-NLP,24075141,P3,P4,P3->P4,-0.0130111462123101,-0.0150218217433253,-0.2205306729183921,-0.0853795834106974,0.0723684371983873,0.2055088511750668,0.13893864418672705
Qwen3-8B,EBM-NLP,24075141,P4,P5,P4->P5,-0.0150218217433253,-0.0209247288496597,-0.7420147605564283,-0.1769064900618565,0.16188466831853118,0.7210900317067687,0.44148735001264994
Qwen3-8B,EBM-NLP,24075141,P5,P6,P5->P6,-0.0209247288496597,-0.0465387624852797,-0.0457231142941643,-0.056865526282269,0.0359407974326093,0.0008156481911154034,0.01837822281186235
Qwen3-8B,EBM-NLP,10390665,P1,P2,P1->P2,-0.0090115326555802,-0.0009315351044085,-0.0090115326555802,-0.0009315351044085,0.0080799975511717,0.0080799975511717,0.0080799975511717
Qwen3-8B,EBM-NLP,10390665,P2,P3,P2->P3,-0.0009315351044085,-0.0006231415937555,-0.0009315351044085,-0.0006231415937555,0.00030839351065300004,0.00030839351065300004,0.00030839351065300004
Qwen3-8B,EBM-NLP,10390665,P3,P4,P3->P4,-0.0006231415937555,-0.005444530476915,-0.3462941190029712,-0.0718842359616401,0.07126109436788461,0.3408495885260562,0.2060553414469704
Qwen3-8B,EBM-NLP,10390665,P4,P5,P4->P5,-0.005444530476915,-0.0189670260916364,-0.005444530476915,-0.0189670260916364,0.013522495614721401,0.013522495614721401,0.013522495614721401
Qwen3-8B,EBM-NLP,10390665,P5,P6,P5->P6,-0.0189670260916364,-0.0096729867001797,-0.0189670260916364,-0.0096729867001797,0.0092940393914567,0.0092940393914567,0.0092940393914567
Qwen3-8B,SciERC,ICML_2016_18_abs,P1,P2,P1->P2,-0.0343859414903949,-0.0063381831084067,-0.0098272097335817,-0.0407773150080108,0.0063913735176159,0.0034890266251750004,0.004940200071395451
Qwen3-8B,SciERC,ICML_2016_18_abs,P2,P3,P2->P3,-0.0063381831084067,-0.0067597846536955,-0.0123643935852063,-0.0084763659954963,0.0021381828870895995,0.0056046089315107996,0.0038713959093001995
Qwen3-8B,SciERC,ICML_2016_18_abs,P3,P4,P3->P4,-0.0067597846536955,-0.0293544290981796,-0.1847734482853173,-0.0316494871609999,0.0248897025073044,0.1554190191871377,0.09015436084722106
Qwen3-8B,SciERC,ICML_2016_18_abs,P4,P5,P4->P5,-0.0293544290981796,-0.0055284719810717,-0.0266323341160184,-0.055902490199149,0.0265480611009694,0.0211038621349467,0.023825961617958052
Qwen3-8B,SciERC,ICML_2016_18_abs,P5,P6,P5->P6,-0.0055284719810717,-0.006798906227112,-0.0055284719810717,-0.006798906227112,0.0012704342460403,0.0012704342460403,0.0012704342460403
Qwen3-8B,SciERC,ICML_2006_119_abs,P1,P2,P1->P2,-0.0354783319929011,-0.0279781531899061,-0.0288116607892637,-0.0419257351451078,0.006447403152206696,0.000833507599357599,0.0036404553757821475
Qwen3-8B,SciERC,ICML_2006_119_abs,P2,P3,P2->P3,-0.0279781531899061,-0.0117655239427109,-0.0150664007266849,-0.0296249766167117,0.0016468234268056,0.0033008767839739998,0.0024738501053898
Qwen3-8B,SciERC,ICML_2006_119_abs,P3,P4,P3->P4,-0.0117655239427109,-0.0106965924030015,-0.215290186173381,-0.0560565578757353,0.044291033933024394,0.2045935937703795,0.12444231385170194
Qwen3-8B,SciERC,ICML_2006_119_abs,P4,P5,P4->P5,-0.0106965924030015,-0.0075649632325266,-0.0801666175696331,-0.0514220040473904,0.0407254116443889,0.0726016543371065,0.056663532990747695
Qwen3-8B,SciERC,ICML_2006_119_abs,P5,P6,P5->P6,-0.0075649632325266,-0.0105002784408389,-0.0147327723874386,-0.008110211477341,0.0005452482448143996,0.0042324939465997,0.00238887109570705
Qwen3-8B,SciERC,J86-4002,P1,P2,P1->P2,-0.0249098836521706,-0.0158746851527172,-0.0231811130268971,-0.0248459269289984,6.395672317219964e-05,0.007306427874179899,0.0036851922986760495
Qwen3-8B,SciERC,J86-4002,P2,P3,P2->P3,-0.0158746851527172,-0.01340771578592,-0.0267574326630602,-0.0239789876971185,0.008104302544401299,0.013349716877140202,0.01072700971077075
Qwen3-8B,SciERC,J86-4002,P3,P4,P3->P4,-0.01340771578592,-0.0312241986310363,-0.1580452421255926,-0.1071722784552349,0.0937645626693149,0.1268210434945563,0.1102928030819356
Qwen3-8B,SciERC,J86-4002,P4,P5,P4->P5,-0.0312241986310363,-0.0354370807966805,-0.0678327306821772,-0.0530685174896723,0.021844318858635997,0.032395649885496695,0.027119984372066346
Qwen3-8B,SciERC,J86-4002,P5,P6,P5->P6,-0.0354370807966805,-0.0356217011129448,-0.0354370807966805,-0.0356217011129448,0.00018462031626429593,0.00018462031626429593,0.00018462031626429593
Qwen3-8B,EBM-NLP,21170734,P1,P2,P1->P2,-0.0015946116239924,-0.0047942754417579,-0.0015946116239924,-0.0047942754417579,0.0031996638177655,0.0031996638177655,0.0031996638177655
Qwen3-8B,EBM-NLP,21170734,P2,P3,P2->P3,-0.0047942754417579,-0.0020288084924686,-0.0075128007835398,-0.0205665163656803,0.015772240923922397,0.0054839922910712,0.0106281166074968
Qwen3-8B,EBM-NLP,21170734,P3,P4,P3->P4,-0.0020288084924686,-0.0073813761738564,-0.1165965066539297,-0.0496788762393407,0.047650067746872096,0.10921513048007331,0.0784325991134727
Qwen3-8B,EBM-NLP,21170734,P4,P5,P4->P5,-0.0073813761738564,-0.0045485011909319,-0.0209312401388002,-0.0545179170134256,0.047136540839569196,0.0163827389478683,0.031759639893718744
Qwen3-8B,EBM-NLP,21170734,P5,P6,P5->P6,-0.0045485011909319,-0.0037230008322259,-0.0045485011909319,-0.0037230008322259,0.0008255003587060005,0.0008255003587060005,0.0008255003587060005
Qwen3-8B,EBM-NLP,11495215,P1,P2,P1->P2,-0.021944264743639,-0.0159314770413481,-0.0276287496089935,-0.0348874185396277,0.012943153795988701,0.011697272567645398,0.01232021318181705
Qwen3-8B,EBM-NLP,11495215,P2,P3,P2->P3,-0.0159314770413481,-0.0164601725080738,-0.0159314770413481,-0.0164601725080738,0.0005286954667256989,0.0005286954667256989,0.0005286954667256989
Qwen3-8B,EBM-NLP,11495215,P3,P4,P3->P4,-0.0164601725080738,-0.0268037054273817,-0.2210730518957581,-0.1090413733668949,0.0925812008588211,0.1942693464683764,0.14342527366359875
Qwen3-8B,EBM-NLP,11495215,P4,P5,P4->P5,-0.0268037054273817,-0.0126139283889815,-0.0337756886368706,-0.0228761907177742,0.003927514709607501,0.021161760247889103,0.012544637478748302
Qwen3-8B,EBM-NLP,11495215,P5,P6,P5->P6,-0.0126139283889815,-0.0148471370339393,-0.0126139283889815,-0.0148471370339393,0.002233208644957801,0.002233208644957801,0.002233208644957801
Qwen3-8B,EBM-NLP,18958161,P1,P2,P1->P2,-0.0152015256572444,-0.0120354451451982,-0.0447432681492396,-0.052291763805837,0.0370902381485926,0.0327078230040414,0.034899030576317006
Qwen3-8B,EBM-NLP,18958161,P2,P3,P2->P3,-0.0120354451451982,-0.0061960094853451,-0.0195657698034543,-0.031528308732169,0.019492863586970798,0.0133697603181092,0.01643131195254
Qwen3-8B,EBM-NLP,18958161,P3,P4,P3->P4,-0.0061960094853451,-0.0462320798063931,-0.4438705428005898,-0.0876658213765997,0.0814698118912546,0.3976384629941967,0.23955413744272563
Qwen3-8B,EBM-NLP,18958161,P4,P5,P4->P5,-0.0462320798063931,-0.0392096952388161,-0.4339269336901213,-0.1379669741408465,0.09173489433445339,0.3947172384513052,0.2432260663928793
Qwen3-8B,EBM-NLP,18958161,P5,P6,P5->P6,-0.0392096952388161,-0.0230025697661482,-0.02124585211277,-0.0619177755556608,0.022708080316844702,0.0017567176533782002,0.012232398985111451
Qwen3-8B,SciERC,C94-1091,P1,P2,P1->P2,-0.0204790869066792,-0.0167938422436188,-0.0253776052023137,-0.0283225841602788,0.007843497253599598,0.008583762958694903,0.00821363010614725
Qwen3-8B,SciERC,C94-1091,P2,P3,P2->P3,-0.0167938422436188,-0.0132312779188961,-0.0193270841965804,-0.0187863621640166,0.0019925199203978013,0.0060958062776843,0.0040441630990410505
Qwen3-8B,SciERC,C94-1091,P3,P4,P3->P4,-0.0132312779188961,-0.011343554151062,-0.1952318696319745,-0.1154977628709496,0.1022664849520535,0.1838883154809125,0.143077400216483
Qwen3-8B,SciERC,C94-1091,P4,P5,P4->P5,-0.011343554151062,-0.0165786089499791,-0.0521046602655024,-0.0304006106601955,0.019057056509133502,0.035526051315523305,0.027291553912328403
Qwen3-8B,SciERC,C94-1091,P5,P6,P5->P6,-0.0165786089499791,-0.0162974590670966,-0.0183646363008534,-0.0219961949118546,0.0054175859618754985,0.002067177233756802,0.0037423815978161502
Qwen3-8B,EBM-NLP,361799,P1,P2,P1->P2,-0.0102680171445264,-0.004343336888852,-0.0239548501167588,-0.0369658682305934,0.026697851086066995,0.0196115132279068,0.0231546821569869
Qwen3-8B,EBM-NLP,361799,P2,P3,P2->P3,-0.004343336888852,-0.0124504696100186,-0.0536145277512379,-0.0332210437032102,0.028877706814358195,0.041164058141219304,0.03502088247778875
Qwen3-8B,EBM-NLP,361799,P3,P4,P3->P4,-0.0124504696100186,-0.0076139066900525,-0.4655067988804408,-0.0874573420733213,0.0750068724633027,0.45789289219038826,0.26644988232684547
Qwen3-8B,EBM-NLP,361799,P4,P5,P4->P5,-0.0076139066900525,-0.0205167863104078,-0.2532337771521674,-0.1149868828909737,0.10737297620092119,0.2327169908417596,0.1700449835213404
Qwen3-8B,EBM-NLP,361799,P5,P6,P5->P6,-0.0205167863104078,-0.0393806828392876,-0.0205167863104078,-0.0393806828392876,0.0188638965288798,0.0188638965288798,0.0188638965288798
Qwen3-8B,EBM-NLP,7853069,P1,P2,P1->P2,-0.0042865256649218,-0.0022592853609446,-0.0283218258925786,-0.0250558712154249,0.0207693455505031,0.026062540531634,0.02341594304106855
Qwen3-8B,EBM-NLP,7853069,P2,P3,P2->P3,-0.0022592853609446,-0.0049839282431934,-0.0250558712154249,-0.0156703484872131,0.0134110631262685,0.0200719429722315,0.016741503049249998
Qwen3-8B,EBM-NLP,7853069,P3,P4,P3->P4,-0.0049839282431934,-0.0079150846818598,-0.4102465931962176,-0.0653962518406819,0.0604123235974885,0.4023315085143578,0.23137191605592314
Qwen3-8B,EBM-NLP,7853069,P4,P5,P4->P5,-0.0079150846818598,-0.0323060073635794,-0.6345012838190253,-0.055223656863701,0.0473085721818412,0.6021952764554459,0.3247519243186435
Qwen3-8B,EBM-NLP,7853069,P5,P6,P5->P6,-0.0323060073635794,-0.0128410195195397,-0.0470655629801195,-0.0844008055600253,0.0520947981964459,0.0342245434605798,0.04315967082851285
Qwen3-8B,SciERC,ICASSP_1997_706_abs,P1,P2,P1->P2,-0.015146797891551,-0.0138330661551614,-0.0251050857052338,-0.0226326013653306,0.0074858034737796016,0.0112720195500724,0.009378911511926002
Qwen3-8B,SciERC,ICASSP_1997_706_abs,P2,P3,P2->P3,-0.0138330661551614,-0.0133349411189556,-0.0149896554426249,-0.0187427773148612,0.004909711159699797,0.0016547143236692995,0.0032822127416845485
Qwen3-8B,SciERC,ICASSP_1997_706_abs,P3,P4,P3->P4,-0.0133349411189556,-0.0104023116100188,-0.2695832523953664,-0.1166520317395528,0.1033170906205972,0.2591809407853476,0.1812490157029724
Qwen3-8B,SciERC,ICASSP_1997_706_abs,P4,P5,P4->P5,-0.0104023116100188,-0.0068533394346521,-0.0334954364318045,-0.1033728829029261,0.0929705712929073,0.0266420969971524,0.05980633414502985
Qwen3-8B,SciERC,ICASSP_1997_706_abs,P5,P6,P5->P6,-0.0068533394346521,-0.009390075217214,-0.0068533394346521,-0.009390075217214,0.0025367357825619,0.0025367357825619,0.0025367357825619
Qwen3-8B,EBM-NLP,7831628,P1,P2,P1->P2,-0.0104625789620392,-0.0082284082889765,-0.0104625789620392,-0.0082284082889765,0.0022341706730627,0.0022341706730627,0.0022341706730627
Qwen3-8B,EBM-NLP,7831628,P2,P3,P2->P3,-0.0082284082889765,-0.012931179695242,-0.0165765270238786,-0.0117697571951946,0.0035413489062181003,0.0036453473286366007,0.0035933481174273505
Qwen3-8B,EBM-NLP,7831628,P3,P4,P3->P4,-0.012931179695242,-0.0290879011154174,-1.029748246476457,-0.0693129932317208,0.056381813536478795,1.0006603453610394,0.5285210794487591
Qwen3-8B,EBM-NLP,7831628,P4,P5,P4->P5,-0.0290879011154174,-0.0299629781233227,-0.1901782776998437,-0.3009803359572952,0.27189243484187775,0.16021529957652098,0.21605386720919936
Qwen3-8B,EBM-NLP,7831628,P5,P6,P5->P6,-0.0299629781233227,-0.0484200358390808,-0.0646994531154632,-0.041195445086645,0.0112324669633223,0.0162794172763824,0.01375594211985235
Qwen3-8B,EBM-NLP,12139812,P1,P2,P1->P2,-0.008962834757917,-0.0137510187628651,-0.0196102863258641,-0.0166060065521913,0.0076431717942743,0.005859267562999001,0.0067512196786366505
Qwen3-8B,EBM-NLP,12139812,P2,P3,P2->P3,-0.0137510187628651,-0.0111847517370175,-0.0284101286856066,-0.0435063020234245,0.0297552832605594,0.017225376948589097,0.02349033010457425
Qwen3-8B,EBM-NLP,12139812,P3,P4,P3->P4,-0.0111847517370175,-0.0141030561576769,-0.3196050406081005,-0.0593647009873089,0.0481799492502914,0.30550198445042365,0.17684096685035752
Qwen3-8B,EBM-NLP,12139812,P4,P5,P4->P5,-0.0141030561576769,-0.0165700789334045,-0.1327837306178278,-0.172774697970418,0.1586716418127411,0.1162136516844233,0.1374426467485822
Qwen3-8B,EBM-NLP,12139812,P5,P6,P5->P6,-0.0165700789334045,-0.0084478401889403,-0.0165700789334045,-0.0084478401889403,0.0081222387444642,0.0081222387444642,0.0081222387444642
Qwen3-8B,SciERC,P05-1056,P1,P2,P1->P2,-0.0174202857458073,-0.0123685977295144,-0.0163990837044832,-0.0210278716019314,0.003607585856124102,0.004030485974968799,0.0038190359155464504
Qwen3-8B,SciERC,P05-1056,P2,P3,P2->P3,-0.0123685977295144,-0.0172175053296008,-0.0236741516619327,-0.0223957693872759,0.010027171657761501,0.0064566463323319015,0.0082419089950467
Qwen3-8B,SciERC,P05-1056,P3,P4,P3->P4,-0.0172175053296008,-0.010222441373361,-0.16898096963071,-0.1092519911197206,0.0920344857901198,0.15875852825734899,0.1253965070237344
Qwen3-8B,SciERC,P05-1056,P4,P5,P4->P5,-0.010222441373361,-0.0274336665029908,-0.0513392890578941,-0.0484152140419174,0.0381927726685564,0.023905622554903302,0.031049197611729848
Qwen3-8B,SciERC,P05-1056,P5,P6,P5->P6,-0.0274336665029908,-0.0084077865286927,-0.0120331537087488,-0.0295446448569707,0.0021109783539799004,0.003625367180056101,0.0028681727670180008
Qwen3-8B,EBM-NLP,22646975,P1,P2,P1->P2,-0.003873975236753,-0.006525135768147,-0.0174213741081889,-0.0193753573962327,0.015501382159479698,0.0108962383400419,0.013198810249760799
Qwen3-8B,EBM-NLP,22646975,P2,P3,P2->P3,-0.006525135768147,-0.0048744329574724,-0.0143902328073083,-0.0228122803832536,0.0162871446151066,0.0095157998498359,0.012901472232471251
Qwen3-8B,EBM-NLP,22646975,P3,P4,P3->P4,-0.0048744329574724,-0.011581121706495,-0.4590433158126532,-0.117156454955465,0.1122820219979926,0.4474621941061582,0.2798721080520754
Qwen3-8B,EBM-NLP,22646975,P4,P5,P4->P5,-0.011581121706495,-0.0185454582028529,-0.3189925557988531,-0.2786361843931909,0.2670550626866959,0.3004470975960002,0.28375108014134803
Qwen3-8B,EBM-NLP,22646975,P5,P6,P5->P6,-0.0185454582028529,-0.0183349860941662,-0.0185454582028529,-0.0183349860941662,0.00021047210868669827,0.00021047210868669827,0.00021047210868669827
Qwen3-8B,SciERC,E93-1066,P1,P2,P1->P2,-0.0097486221517707,-0.0120215440998558,-0.019025998800492,-0.0084674893417589,0.0012811328100117998,0.007004454700636202,0.004142793755324001
Qwen3-8B,SciERC,E93-1066,P2,P3,P2->P3,-0.0120215440998558,-0.0382371691424244,-0.0493182653590338,-0.0197172945975756,0.007695750497719801,0.011081096216609403,0.009388423357164602
Qwen3-8B,SciERC,E93-1066,P3,P4,P3->P4,-0.0382371691424244,-0.0110599457071867,-0.1339431465759103,-0.0908259122855573,0.052588743143132895,0.1228832008687236,0.08773597200592825
Qwen3-8B,SciERC,E93-1066,P4,P5,P4->P5,-0.0110599457071867,-0.0353797428242614,-0.0506832523277201,-0.027838450872076,0.0167785051648893,0.015303509503458698,0.016041007334173997
Qwen3-8B,SciERC,E93-1066,P5,P6,P5->P6,-0.0353797428242614,-0.0098533946368964,-0.0097766493502907,-0.0380557770906762,0.0026760342664148007,7.674528660570057e-05,0.0013763897765102506
Qwen3-8B,EBM-NLP,24451919,P1,P2,P1->P2,-0.0007713617609911,-0.0005389731962503,-0.0007713617609911,-0.0005389731962503,0.00023238856474080006,0.00023238856474080006,0.00023238856474080006
Qwen3-8B,EBM-NLP,24451919,P2,P3,P2->P3,-0.0005389731962503,-0.0033054760694013,-0.0005389731962503,-0.0033054760694013,0.002766502873151,0.002766502873151,0.002766502873151
Qwen3-8B,EBM-NLP,24451919,P3,P4,P3->P4,-0.0033054760694013,-0.0156104152401288,-0.1482315604885419,-0.0643355324080115,0.0610300563386102,0.13262114524841312,0.09682560079351166
Qwen3-8B,EBM-NLP,24451919,P4,P5,P4->P5,-0.0156104152401288,-0.0267161615824295,-0.1153770220481743,-0.1886829098065694,0.1730724945664406,0.0886608604657448,0.1308666775160927
Qwen3-8B,EBM-NLP,24451919,P5,P6,P5->P6,-0.0267161615824295,-0.0139873004427143,-0.0217776742635988,-0.0385409007638187,0.0118247391813892,0.007790373820884499,0.00980755650113685
Qwen3-8B,EBM-NLP,22435114,P1,P2,P1->P2,-0.010363510054456,-0.014632211596358,-0.0369576274179944,-0.0278548493099554,0.0174913392554994,0.022325415821636403,0.019908377538567903
Qwen3-8B,EBM-NLP,22435114,P2,P3,P2->P3,-0.014632211596358,-0.021094614384221,-0.014632211596358,-0.021094614384221,0.006462402787863,0.006462402787863,0.006462402787863
Qwen3-8B,EBM-NLP,22435114,P3,P4,P3->P4,-0.021094614384221,-0.022101173034081,-0.185695038901435,-0.1481243301840389,0.1270297157998179,0.163593865867354,0.14531179083358595
Qwen3-8B,EBM-NLP,22435114,P4,P5,P4->P5,-0.022101173034081,-0.0293417210164277,-0.930472415426503,-0.2313157411722036,0.20921456813812261,0.9011306944100753,0.555172631274099
Qwen3-8B,EBM-NLP,22435114,P5,P6,P5->P6,-0.0293417210164277,-0.0149511243014231,-0.0288532802268214,-0.1100336676058561,0.08069194658942841,0.0139021559253983,0.047297051257413354
Qwen3-8B,EBM-NLP,10578479,P1,P2,P1->P2,-0.0165929533284285,-0.0050049212942584,-0.0089816840753292,-0.038760941604088,0.022167988275659502,0.0039767627810708,0.013072375528365151
Qwen3-8B,EBM-NLP,10578479,P2,P3,P2->P3,-0.0050049212942584,-0.003361973905067,-0.0101589297058232,-0.0070677500895892,0.0020628287953308004,0.006796955800756201,0.004429892298043501
Qwen3-8B,EBM-NLP,10578479,P3,P4,P3->P4,-0.003361973905067,-0.0070459437837083,-0.2295884785792195,-0.0267677296345881,0.0234057557295211,0.2225425347955112,0.12297414526251615
Qwen3-8B,EBM-NLP,10578479,P4,P5,P4->P5,-0.0070459437837083,-0.0084520785441232,-0.0323651009347549,-0.0501337117818464,0.0430877679981381,0.0239130223906317,0.0335003951943849
Qwen3-8B,EBM-NLP,10578479,P5,P6,P5->P6,-0.0084520785441232,-0.0061304829581532,-0.0084520785441232,-0.0061304829581532,0.00232159558597,0.00232159558597,0.00232159558597
Qwen3-8B,EBM-NLP,6418441,P1,P2,P1->P2,-0.0049937123725352,-0.0038732973034264,-0.0078129363551613,-0.0086276461923373,0.0036339338198021,0.003939639051734899,0.0037867864357684997
Qwen3-8B,EBM-NLP,6418441,P2,P3,P2->P3,-0.0038732973034264,-0.0058361120964489,-0.0086276461923373,-0.0111263195724516,0.007253022269025201,0.0027915340958883997,0.0050222781824568
Qwen3-8B,EBM-NLP,6418441,P3,P4,P3->P4,-0.0058361120964489,-0.0073667580882708,-0.1865371898437539,-0.0566701320396072,0.050834019943158296,0.17917043175548308,0.11500222584932068
Qwen3-8B,EBM-NLP,6418441,P4,P5,P4->P5,-0.0073667580882708,-0.0123148716631389,-0.0425689920546516,-0.1292252560456593,0.1218584979573885,0.030254120391512703,0.0760563091744506
Qwen3-8B,EBM-NLP,6418441,P5,P6,P5->P6,-0.0123148716631389,-0.0086637344516691,-0.0234728655854209,-0.025491266023545,0.013176394360406102,0.014809131133751798,0.01399276274707895
Qwen3-8B,SciERC,CVPR_2009_10_abs,P1,P2,P1->P2,-0.0325531533162575,-0.0421256386302168,-0.042102741959081,-0.0340879322902765,0.001534778974018998,2.2896671135801128e-05,0.0007788378225773995
Qwen3-8B,SciERC,CVPR_2009_10_abs,P2,P3,P2->P3,-0.0421256386302168,-0.0325937534705523,-0.032815424410925,-0.0447894294553155,0.002663790825098697,0.00022167094037269658,0.0014427308827356967
Qwen3-8B,SciERC,CVPR_2009_10_abs,P3,P4,P3->P4,-0.0325937534705523,-0.0100655630859068,-0.1314234976981741,-0.0909681400378881,0.0583743865673358,0.12135793461226731,0.08986616058980156
Qwen3-8B,SciERC,CVPR_2009_10_abs,P4,P5,P4->P5,-0.0100655630859068,-0.0140219725432568,-0.0408740566053893,-0.0594095107238969,0.0493439476379901,0.0268520840621325,0.0380980158500613
Qwen3-8B,SciERC,CVPR_2009_10_abs,P5,P6,P5->P6,-0.0140219725432568,-0.015460103341447,-0.0152083450709563,-0.0149631314022068,0.0009411588589500006,0.0002517582704907005,0.0005964585647203506
Qwen3-8B,EBM-NLP,1286547,P1,P2,P1->P2,-0.0124424611322978,-0.0201469808816909,-0.1051420383155345,-0.0267022058103211,0.014259744678023302,0.0849950574338436,0.049627401055933454
Qwen3-8B,EBM-NLP,1286547,P2,P3,P2->P3,-0.0201469808816909,-0.0114824901817849,-0.0175152311239529,-0.0334933763369917,0.013346395455300798,0.006032740942168,0.0096895681987344
Qwen3-8B,EBM-NLP,1286547,P3,P4,P3->P4,-0.0114824901817849,-0.0287695078309192,-0.2230209580572076,-0.0982115219933567,0.0867290318115718,0.1942514502262884,0.1404902410189301
Qwen3-8B,EBM-NLP,1286547,P4,P5,P4->P5,-0.0287695078309192,-0.0262208569724604,-0.3633675485287072,-0.206142270287802,0.1773727624568828,0.33714669155624677,0.2572597270065648
Qwen3-8B,EBM-NLP,1286547,P5,P6,P5->P6,-0.0262208569724604,-0.0171285710836711,-0.0336377191961857,-0.1008781936933409,0.0746573367208805,0.016509148112514603,0.04558324241669755
Qwen3-8B,EBM-NLP,16167234,P1,P2,P1->P2,-0.0093999262323084,-0.0029838704264041,-0.0093999262323084,-0.0029838704264041,0.006416055805904299,0.006416055805904299,0.006416055805904299
Qwen3-8B,EBM-NLP,16167234,P2,P3,P2->P3,-0.0029838704264041,-0.0034227910422787,-0.0029838704264041,-0.0034227910422787,0.0004389206158746002,0.0004389206158746002,0.0004389206158746002
Qwen3-8B,EBM-NLP,16167234,P3,P4,P3->P4,-0.0034227910422787,-0.004260888578845,-0.4998631196863511,-0.1447548551734575,0.1413320641311788,0.4956022311075061,0.31846714761934247
Qwen3-8B,EBM-NLP,16167234,P4,P5,P4->P5,-0.004260888578845,-0.0095910898276737,-0.0683633429663521,-0.2982204661649816,0.2939595775861366,0.058772253138678406,0.1763659153624075
Qwen3-8B,EBM-NLP,16167234,P5,P6,P5->P6,-0.0095910898276737,-0.0097779067499297,-0.0095910898276737,-0.0097779067499297,0.0001868169222560001,0.0001868169222560001,0.0001868169222560001
Qwen3-8B,EBM-NLP,16295154,P1,P2,P1->P2,-0.0063743898417891,-0.0101579470469694,-0.0161424299070225,-0.017920952693491,0.011546562851701902,0.005984482860053099,0.0087655228558775
Qwen3-8B,EBM-NLP,16295154,P2,P3,P2->P3,-0.0101579470469694,-0.0059946330882381,-0.0103214930450161,-0.0132690406915227,0.0031110936445533,0.0043268599567779994,0.00371897680066565
Qwen3-8B,EBM-NLP,16295154,P3,P4,P3->P4,-0.0059946330882381,-0.0167028786706142,-0.3830188063324475,-0.0600793287117343,0.0540846956234962,0.3663159276618333,0.21020031164266476
Qwen3-8B,EBM-NLP,16295154,P4,P5,P4->P5,-0.0167028786706142,-0.034458824845611,-0.0167028786706142,-0.034458824845611,0.017755946174996796,0.017755946174996796,0.017755946174996796
Qwen3-8B,EBM-NLP,16295154,P5,P6,P5->P6,-0.034458824845611,-0.0208761281654482,-0.034458824845611,-0.0208761281654482,0.013582696680162796,0.013582696680162796,0.013582696680162796
Qwen3-8B,SciERC,ICML_2016_11_abs,P1,P2,P1->P2,-0.029206083241631,-0.0182120565115286,-0.0315853926195855,-0.0317201347210828,0.002514051479451801,0.013373336108056896,0.007943693793754349
Qwen3-8B,SciERC,ICML_2016_11_abs,P2,P3,P2->P3,-0.0182120565115286,-0.0292246583079503,-0.0410093040505716,-0.0232021639238413,0.0049901074123126984,0.011784645742621298,0.008387376577466998
Qwen3-8B,SciERC,ICML_2016_11_abs,P3,P4,P3->P4,-0.0292246583079503,-0.0496823267169194,-0.2640503140753262,-0.1224106223622629,0.09318596405431259,0.2143679873584068,0.15377697570635968
Qwen3-8B,SciERC,ICML_2016_11_abs,P4,P5,P4->P5,-0.0496823267169194,-0.0202369620545908,-0.0544561579967081,-0.1012277727665966,0.0515454460496772,0.0342191959421173,0.042882320995897255
Qwen3-8B,SciERC,ICML_2016_11_abs,P5,P6,P5->P6,-0.0202369620545908,-0.0082909916385382,-0.010756948138836,-0.0276441885557522,0.0074072265011614,0.0024659565002977998,0.0049365915007296
Qwen3-8B,EBM-NLP,20560622,P1,P2,P1->P2,-0.0056335918605327,-0.0018475289163115,-0.0134108201409243,-0.01367493714132,0.008041345280787301,0.0115632912246128,0.009802318252700051
Qwen3-8B,EBM-NLP,20560622,P2,P3,P2->P3,-0.0018475289163115,-0.0038043501633793,-0.0018475289163115,-0.0038043501633793,0.0019568212470678,0.0019568212470678,0.0019568212470678
Qwen3-8B,EBM-NLP,20560622,P3,P4,P3->P4,-0.0038043501633793,-0.0160025249461869,-0.1621140724903828,-0.0298744060405313,0.026070055877152,0.1461115475441959,0.08609080171067394
Qwen3-8B,EBM-NLP,20560622,P4,P5,P4->P5,-0.0160025249461869,-0.013106739988514,-0.5117696126302084,-0.109384531910355,0.09338200696416811,0.49866287264169434,0.29602243980293125
Qwen3-8B,EBM-NLP,20560622,P5,P6,P5->P6,-0.013106739988514,-0.0164667426884829,-0.0601770858188251,-0.0869109022851083,0.0738041622965943,0.04371034313034221,0.05875725271346825
Qwen3-8B,EBM-NLP,11829043,P1,P2,P1->P2,-0.0072868698371384,-0.0026887434640687,-0.0072868698371384,-0.0026887434640687,0.004598126373069699,0.004598126373069699,0.004598126373069699
Qwen3-8B,EBM-NLP,11829043,P2,P3,P2->P3,-0.0026887434640687,-0.0128926776771275,-0.0916736472116888,-0.0150034988667079,0.0123147554026392,0.0787809695345613,0.04554786246860025
Qwen3-8B,EBM-NLP,11829043,P3,P4,P3->P4,-0.0128926776771275,-0.0176837748172236,-0.4466026904536228,-0.2082625155179005,0.195369837840773,0.42891891563639917,0.3121443767385861
Qwen3-8B,EBM-NLP,11829043,P4,P5,P4->P5,-0.0176837748172236,-0.0244826284738687,-0.3344900057866023,-0.0271815809549069,0.0094978061376833,0.31000737731273365,0.15975259172520848
Qwen3-8B,EBM-NLP,11829043,P5,P6,P5->P6,-0.0244826284738687,-0.0170005746634609,-0.0375668284404708,-0.0560546930019672,0.0315720645280985,0.020566253777009904,0.0260691591525542
Qwen3-8B,EBM-NLP,9695300,P1,P2,P1->P2,-0.0112425480727796,-0.0087253561465995,-0.0090176972953028,-0.0063675543132387,0.0048749937595409,0.00029234114870329946,0.0025836674541220997
Qwen3-8B,EBM-NLP,9695300,P2,P3,P2->P3,-0.0087253561465995,-0.0177731984741475,-0.0573182179673349,-0.0269545435952315,0.018229187448632,0.039545019493187394,0.028887103470909697
Qwen3-8B,EBM-NLP,9695300,P3,P4,P3->P4,-0.0177731984741475,-0.0187336172569881,-0.37034118717367,-0.1638159415255126,0.1460427430513651,0.3516075699166819,0.2488251564840235
Qwen3-8B,EBM-NLP,9695300,P4,P5,P4->P5,-0.0187336172569881,-0.0276816012495655,-0.3205752615201271,-0.2798267521641471,0.261093134907159,0.29289366027056163,0.2769933975888603
Qwen3-8B,EBM-NLP,9695300,P5,P6,P5->P6,-0.0276816012495655,-0.0386251149506404,-0.0377345413997255,-0.0378808692350225,0.010199267985456999,0.0008905735509149026,0.005544920768185951
Qwen3-8B,SciERC,ECCV_2016_204_abs,P1,P2,P1->P2,-0.0444345774209173,-0.0202561446931213,-0.0261813749093562,-0.0470817513385061,0.002647173917588806,0.005925230216234898,0.004286202066911852
Qwen3-8B,SciERC,ECCV_2016_204_abs,P2,P3,P2->P3,-0.0202561446931213,-0.0404520591570568,-0.0475186321418732,-0.0256176322388152,0.005361487545693901,0.007066572984816402,0.006214030265255152
Qwen3-8B,SciERC,ECCV_2016_204_abs,P3,P4,P3->P4,-0.0404520591570568,-0.0208702807021431,-0.1754449067534503,-0.144675107129539,0.10422304797248219,0.15457462605130723,0.1293988370118947
Qwen3-8B,SciERC,ECCV_2016_204_abs,P4,P5,P4->P5,-0.0208702807021431,-0.0165969751542434,-0.0616261766602595,-0.0927657255209708,0.0718954448188277,0.045029201506016095,0.0584623231624219
Qwen3-8B,SciERC,ECCV_2016_204_abs,P5,P6,P5->P6,-0.0165969751542434,-0.0295371186204894,-0.0318912469118916,-0.017770533527558,0.0011735583733145996,0.0023541282914022015,0.0017638433323584005
Qwen3-8B,SciERC,ECCV_2016_99_abs,P1,P2,P1->P2,-0.0162965170505534,-0.012395398497271,-0.0183176623346904,-0.0216436824994161,0.005347165448862698,0.005922263837419398,0.005634714643141048
Qwen3-8B,SciERC,ECCV_2016_99_abs,P2,P3,P2->P3,-0.012395398497271,-0.0144615220740725,-0.0326955259003413,-0.0179948364348092,0.005599437937538199,0.018234003826268795,0.011916720881903497
Qwen3-8B,SciERC,ECCV_2016_99_abs,P3,P4,P3->P4,-0.0144615220740725,-0.0164278158500121,-0.2072471692776068,-0.0746439526705415,0.060182430596468994,0.1908193534275947,0.12550089201203185
Qwen3-8B,SciERC,ECCV_2016_99_abs,P4,P5,P4->P5,-0.0164278158500121,-0.0152427772098574,-0.0331874725530887,-0.0588416886229354,0.0424138727729233,0.0179446953432313,0.0301792840580773
Qwen3-8B,SciERC,ECCV_2016_99_abs,P5,P6,P5->P6,-0.0152427772098574,-0.0151488645360347,-0.0156484847040756,-0.01901688448314,0.003774107273282602,0.0004996201680408999,0.002136863720661751
Qwen3-8B,EBM-NLP,21106663,P1,P2,P1->P2,-0.0226724633987802,-0.0160072060812891,-0.025130063031627,-0.0336448342070309,0.010972370808250698,0.0091228569503379,0.0100476138792943
Qwen3-8B,EBM-NLP,21106663,P2,P3,P2->P3,-0.0160072060812891,-0.0156413762192977,-0.0157512325989572,-0.0344805084498582,0.0184733023685691,0.00010985637965950021,0.0092915793741143
Qwen3-8B,EBM-NLP,21106663,P3,P4,P3->P4,-0.0156413762192977,-0.0234838700761982,-0.3586460562313304,-0.1743622227718955,0.1587208465525978,0.3351621861551322,0.24694151635386502
Qwen3-8B,EBM-NLP,21106663,P4,P5,P4->P5,-0.0234838700761982,-0.0124928989471533,-0.2705055872599284,-0.5514826307109758,0.5279987606347776,0.25801268831277513,0.39300572447377635
Qwen3-8B,EBM-NLP,21106663,P5,P6,P5->P6,-0.0124928989471533,-0.0134824239290677,-0.0124928989471533,-0.0134824239290677,0.000989524981914399,0.000989524981914399,0.000989524981914399
Qwen3-8B,EBM-NLP,22420121,P1,P2,P1->P2,-0.0205635375836316,-0.0064979573642766,-0.039079514550574,-0.0626131484568046,0.042049610873173,0.0325815571862974,0.0373155840297352
Qwen3-8B,EBM-NLP,22420121,P2,P3,P2->P3,-0.0064979573642766,-0.003007265244737,-0.0064979573642766,-0.003007265244737,0.0034906921195395997,0.0034906921195395997,0.0034906921195395997
Qwen3-8B,EBM-NLP,22420121,P3,P4,P3->P4,-0.003007265244737,-0.0060096432765324,-0.4612691970098586,-0.0673634709307441,0.0643562056860071,0.45525955373332616,0.2598078797096666
Qwen3-8B,EBM-NLP,22420121,P4,P5,P4->P5,-0.0060096432765324,-0.0373354635455391,-0.1640814759514548,-0.0387184477987743,0.0327088045222419,0.1267460124059157,0.0797274084640788
Qwen3-8B,EBM-NLP,22420121,P5,P6,P5->P6,-0.0373354635455391,-0.0274848775430159,-0.0373354635455391,-0.0274848775430159,0.009850586002523198,0.009850586002523198,0.009850586002523198
Qwen3-8B,SciERC,CVPR_1994_10_abs,P1,P2,P1->P2,-0.0255958840143766,-0.0168613133331139,-0.0217248464900034,-0.0235735692566247,0.0020223147577519,0.004863533156889501,0.0034429239573207007
Qwen3-8B,SciERC,CVPR_1994_10_abs,P2,P3,P2->P3,-0.0168613133331139,-0.0179034195625142,-0.0246904453434347,-0.0203629570242799,0.003501643691165998,0.0067870257809205005,0.005144334736043249
Qwen3-8B,SciERC,CVPR_1994_10_abs,P3,P4,P3->P4,-0.0179034195625142,-0.0101954363365198,-0.1353737406514142,-0.0844608911785823,0.06655747161606809,0.1251783043148944,0.09586788796548125
Qwen3-8B,SciERC,CVPR_1994_10_abs,P4,P5,P4->P5,-0.0101954363365198,-0.0150296025466723,-0.0652247558851711,-0.0404339278804539,0.0302384915439341,0.0501951533384988,0.04021682244121645
Qwen3-8B,SciERC,CVPR_1994_10_abs,P5,P6,P5->P6,-0.0150296025466723,-0.0175915871008458,-0.0185325935304877,-0.0190028528942436,0.003973250347571299,0.0009410064296418996,0.0024571283886065994
Qwen3-8B,EBM-NLP,10763172,P1,P2,P1->P2,-0.006065927581848,-0.0076443505139998,-0.0319792264497574,-0.0186090453181171,0.0125431177362691,0.0243348759357576,0.018438996836013348
Qwen3-8B,EBM-NLP,10763172,P2,P3,P2->P3,-0.0076443505139998,-0.0045705477212682,-0.0076443505139998,-0.0045705477212682,0.0030738027927315996,0.0030738027927315996,0.0030738027927315996
Qwen3-8B,EBM-NLP,10763172,P3,P4,P3->P4,-0.0045705477212682,-0.0139455866813659,-0.43165771484375,-0.1321283613826021,0.1275578136613339,0.41771212816238407,0.27263497091185895
Qwen3-8B,EBM-NLP,10763172,P4,P5,P4->P5,-0.0139455866813659,-0.0156868961639702,-0.1869509592652321,-0.0770605134963989,0.063114926815033,0.17126406310126188,0.11718949495814744
Qwen3-8B,EBM-NLP,10763172,P5,P6,P5->P6,-0.0156868961639702,-0.0103517035022377,-0.0156868961639702,-0.0103517035022377,0.005335192661732501,0.005335192661732501,0.005335192661732501
Qwen3-8B,SciERC,ICCV_2013_47_abs,P1,P2,P1->P2,-0.0362364125903695,-0.0326565184874515,-0.0313043432720636,-0.042235777771566,0.005999365181196502,0.001352175215387899,0.0036757701982922004
Qwen3-8B,SciERC,ICCV_2013_47_abs,P2,P3,P2->P3,-0.0326565184874515,-0.0392567126330527,-0.0458378268422794,-0.0380104692771817,0.005353950789730201,0.0065811142092266975,0.005967532499478449
Qwen3-8B,SciERC,ICCV_2013_47_abs,P3,P4,P3->P4,-0.0392567126330527,-0.0157414683058134,-0.1563617378922563,-0.0738921831647296,0.034635470531676905,0.1406202695864429,0.08762787005905989
Qwen3-8B,SciERC,ICCV_2013_47_abs,P4,P5,P4->P5,-0.0157414683058134,-0.0148199788527563,-0.0334541108071183,-0.065941453541643,0.05019998523582961,0.018634131954361997,0.034417058595095806
Qwen3-8B,SciERC,ICCV_2013_47_abs,P5,P6,P5->P6,-0.0148199788527563,-0.0189597708716367,-0.0243193838978186,-0.017548841482494,0.002728862629737698,0.0053596130261819,0.004044237827959799
Qwen3-8B,SciERC,CVPR_2008_256_abs,P1,P2,P1->P2,-0.0115414449962069,-0.0077623205667502,-0.0116282757844601,-0.0127717045749401,0.0012302595787332012,0.0038659552177098995,0.0025481073982215503
Qwen3-8B,SciERC,CVPR_2008_256_abs,P2,P3,P2->P3,-0.0077623205667502,-0.0091714888557514,-0.0077623205667502,-0.0094970096890847,0.0017346891223344995,0.0014091682890012003,0.0015719287056678499
Qwen3-8B,SciERC,CVPR_2008_256_abs,P3,P4,P3->P4,-0.0091714888557514,-0.0118927332176559,-0.1554897692696801,-0.0409144200045072,0.0317429311487558,0.1435970360520242,0.08766998360039
Qwen3-8B,SciERC,CVPR_2008_256_abs,P4,P5,P4->P5,-0.0118927332176559,-0.009306692023042,-0.030155868851969,-0.0293701843626197,0.0174774511449638,0.020849176828927,0.0191633139869454
Qwen3-8B,SciERC,CVPR_2008_256_abs,P5,P6,P5->P6,-0.009306692023042,-0.009910436335331,-0.0111569355817605,-0.0118840122906908,0.0025773202676488,0.0012464992464295,0.00191190975703915
Qwen3-8B,EBM-NLP,19727232,P1,P2,P1->P2,-0.0022712950243719,-0.0030574826989322,-0.0151247212042411,-0.0099720385056643,0.0077007434812923995,0.0120672385053089,0.009883990993300649
Qwen3-8B,EBM-NLP,19727232,P2,P3,P2->P3,-0.0030574826989322,-0.0061441001283829,-0.0521434683383244,-0.0128322507875661,0.0097747680886339,0.0459993682099415,0.0278870681492877
Qwen3-8B,EBM-NLP,19727232,P3,P4,P3->P4,-0.0061441001283829,-0.0064302530426245,-0.2210113533414327,-0.0522919424244614,0.046147842296078496,0.2145811002988082,0.13036447129744336
Qwen3-8B,EBM-NLP,19727232,P4,P5,P4->P5,-0.0064302530426245,-0.0164528609468386,-0.0064302530426245,-0.0164528609468386,0.0100226079042141,0.0100226079042141,0.0100226079042141
Qwen3-8B,EBM-NLP,19727232,P5,P6,P5->P6,-0.0164528609468386,-0.0084772249827018,-0.0164528609468386,-0.0084772249827018,0.0079756359641368,0.0079756359641368,0.0079756359641368
Qwen3-8B,EBM-NLP,18783504,P1,P2,P1->P2,-0.0082536585403057,-0.0059252833198761,-0.0176880095132003,-0.0183172827676719,0.010063624227366199,0.011762726193324198,0.010913175210345199
Qwen3-8B,EBM-NLP,18783504,P2,P3,P2->P3,-0.0059252833198761,-0.0043998742220948,-0.0207033977422812,-0.0343043483661476,0.028379065046271496,0.0163035235201864,0.02234129428322895
Qwen3-8B,EBM-NLP,18783504,P3,P4,P3->P4,-0.0043998742220948,-0.0145000726429384,-0.2869554004117624,-0.1419028729608614,0.1375029987387666,0.272455327768824,0.20497916325379528
Qwen3-8B,EBM-NLP,18783504,P4,P5,P4->P5,-0.0145000726429384,-0.0174159943047216,-0.4622322987701933,-0.1467016145809372,0.1322015419379988,0.4448163044654717,0.28850892320173527
Qwen3-8B,EBM-NLP,18783504,P5,P6,P5->P6,-0.0174159943047216,-0.0214346020908679,-0.0522819090697724,-0.060671721474599,0.0432557271698774,0.030847306978904497,0.037051517074390944
Qwen3-8B,SciERC,ICCV_2003_151_abs,P1,P2,P1->P2,-0.0302410605218028,-0.0101976506994105,-0.0186002887009332,-0.0355368490175654,0.005295788495762604,0.008402638001522699,0.0068492132486426514
Qwen3-8B,SciERC,ICCV_2003_151_abs,P2,P3,P2->P3,-0.0101976506994105,-0.0084240908230034,-0.0140889930577638,-0.0139020338829141,0.0037043831835036,0.0056649022347604,0.004684642709132
Qwen3-8B,SciERC,ICCV_2003_151_abs,P3,P4,P3->P4,-0.0084240908230034,-0.0155061896783199,-0.1750212093051389,-0.051706586634585,0.0432824958115816,0.159515019626819,0.10139875771920029
Qwen3-8B,SciERC,ICCV_2003_151_abs,P4,P5,P4->P5,-0.0155061896783199,-0.0167090458465584,-0.0637377817183733,-0.0462644168262859,0.030758227147966003,0.0470287358718149,0.03889348150989045
Qwen3-8B,SciERC,ICCV_2003_151_abs,P5,P6,P5->P6,-0.0167090458465584,-0.0174156064906763,-0.0174683524423806,-0.0165265594114316,0.00018248643512679824,5.2745951704302046e-05,0.00011761619341555014
Qwen3-8B,SciERC,H01-1042,P1,P2,P1->P2,-0.0286779529527998,-0.0209263552318919,-0.0273471360856836,-0.0315177705505605,0.0028398175977607,0.0064207808537917015,0.004630299225776201
Qwen3-8B,SciERC,H01-1042,P2,P3,P2->P3,-0.0209263552318919,-0.0186514096771946,-0.0232192472430872,-0.0280714739181778,0.007145118686285902,0.004567837565892602,0.005856478126089252
Qwen3-8B,SciERC,H01-1042,P3,P4,P3->P4,-0.0186514096771946,-0.0401044634817656,-0.1570770613398263,-0.1062275697836539,0.0875761601064593,0.11697259785806069,0.10227437898226
Qwen3-8B,SciERC,H01-1042,P4,P5,P4->P5,-0.0401044634817656,-0.01838250693295,-0.0935204409483372,-0.0666145929685587,0.026510129486793106,0.0751379340153872,0.050824031751090154
Qwen3-8B,SciERC,H01-1042,P5,P6,P5->P6,-0.01838250693295,-0.014057868626746,-0.0172993892878418,-0.0215140998190977,0.003131592886147703,0.003241520661095801,0.003186556773621752
Qwen3-8B,EBM-NLP,1669598,P1,P2,P1->P2,-0.006494389334381,-0.005947646309459,-0.0160510902839993,-0.0216549775111061,0.0151605881767251,0.0101034439745403,0.012632016075632701
Qwen3-8B,EBM-NLP,1669598,P2,P3,P2->P3,-0.005947646309459,-0.0048429787379178,-0.0105897776680343,-0.0253693571890748,0.0194217108796158,0.0057467989301164995,0.012584254904866149
Qwen3-8B,EBM-NLP,1669598,P3,P4,P3->P4,-0.0048429787379178,-0.0136893405171308,-0.1392168782411083,-0.0255596281054656,0.020716649367547798,0.12552753772397748,0.07312209354576264
Qwen3-8B,EBM-NLP,1669598,P4,P5,P4->P5,-0.0136893405171308,-0.0085787814855575,-0.0673717093467712,-0.0489886981963012,0.035299357679170404,0.0587929278612137,0.04704614277019205
Qwen3-8B,EBM-NLP,1669598,P5,P6,P5->P6,-0.0085787814855575,-0.0041435586154517,-0.0299025314502568,-0.0240444184201104,0.0154656369345529,0.025758972834805098,0.020612304884678998
Qwen3-8B,EBM-NLP,8911223,P1,P2,P1->P2,-0.0023482008723587,-0.0039888668210021,-0.013463888930369,-0.0053666805732773,0.0030184797009186,0.0094750221093669,0.00624675090514275
Qwen3-8B,EBM-NLP,8911223,P2,P3,P2->P3,-0.0039888668210021,-0.0020333718345647,-0.0039888668210021,-0.0020333718345647,0.0019554949864374004,0.0019554949864374004,0.0019554949864374004
Qwen3-8B,EBM-NLP,8911223,P3,P4,P3->P4,-0.0020333718345647,-0.0153878012925018,-0.1853389978684761,-0.1092914569403834,0.1072580851058187,0.1699511965759743,0.1386046408408965
Qwen3-8B,EBM-NLP,8911223,P4,P5,P4->P5,-0.0153878012925018,-0.0095939905178256,-0.1788390275181793,-0.102442878263968,0.0870550769714662,0.16924503700035368,0.12815005698590992
Qwen3-8B,EBM-NLP,8911223,P5,P6,P5->P6,-0.0095939905178256,-0.0061553122430312,-0.0095939905178256,-0.0061553122430312,0.0034386782747944005,0.0034386782747944005,0.0034386782747944005
Qwen3-8B,EBM-NLP,17321989,P1,P2,P1->P2,-0.0161964941274869,-0.0084007633602724,-0.0369945147396188,-0.01451578916057,0.0016807049669168989,0.028593751379346402,0.01513722817313165
Qwen3-8B,EBM-NLP,17321989,P2,P3,P2->P3,-0.0084007633602724,-0.0030445658263906,-0.0084007633602724,-0.0030445658263906,0.005356197533881801,0.005356197533881801,0.005356197533881801
Qwen3-8B,EBM-NLP,17321989,P3,P4,P3->P4,-0.0030445658263906,-0.0216072985104152,-0.2677951574325561,-0.1214349127448765,0.1183903469184859,0.2461878589221409,0.18228910292031342
Qwen3-8B,EBM-NLP,17321989,P4,P5,P4->P5,-0.0216072985104152,-0.0109998485621284,-0.480569379995851,-0.5135498183114188,0.49194251980100356,0.4695695314337226,0.4807560256173631
Qwen3-8B,EBM-NLP,17321989,P5,P6,P5->P6,-0.0109998485621284,-0.0169099807739257,-0.0109998485621284,-0.0169099807739257,0.005910132211797299,0.005910132211797299,0.005910132211797299
Qwen3-8B,EBM-NLP,21393467,P1,P2,P1->P2,-0.0233051720736683,-0.0180306363364924,-0.0264425251794898,-0.027936861242937,0.004631689169268701,0.0084118888429974,0.006521789006133051
Qwen3-8B,EBM-NLP,21393467,P2,P3,P2->P3,-0.0180306363364924,-0.0223380512661404,-0.0348140531116061,-0.0385198865247809,0.020489250188288503,0.012476001845465698,0.0164826260168771
Qwen3-8B,EBM-NLP,21393467,P3,P4,P3->P4,-0.0223380512661404,-0.0161603887875874,-0.4962546825408935,-0.1784375455644394,0.156099494298299,0.4800942937533061,0.31809689402580255
Qwen3-8B,EBM-NLP,21393467,P4,P5,P4->P5,-0.0161603887875874,-0.0117681697010993,-0.1359514474868774,-0.0418112725019454,0.025650883714358,0.1241832777857781,0.07491708075006805
Qwen3-8B,EBM-NLP,21393467,P5,P6,P5->P6,-0.0117681697010993,-0.0238719686865806,-0.0117681697010993,-0.0238719686865806,0.012103798985481298,0.012103798985481298,0.012103798985481298
Qwen3-8B,EBM-NLP,15133359,P1,P2,P1->P2,-0.0084977938507317,-0.0085867471732054,-0.0152485657352881,-0.0197638610689556,0.011266067218223898,0.0066618185620827,0.008963942890153299
Qwen3-8B,EBM-NLP,15133359,P2,P3,P2->P3,-0.0085867471732054,-0.0111351301350018,-0.0085867471732054,-0.0111351301350018,0.0025483829617963995,0.0025483829617963995,0.0025483829617963995
Qwen3-8B,EBM-NLP,15133359,P3,P4,P3->P4,-0.0111351301350018,-0.0167251631485677,-0.2797427878970593,-0.1317619655846621,0.12062683544966031,0.2630176247484916,0.19182223009907595
Qwen3-8B,EBM-NLP,15133359,P4,P5,P4->P5,-0.0167251631485677,-0.0220954784980187,-0.1866697348081148,-0.1108888894055797,0.094163726257012,0.1645742563100961,0.12936899128355406
Qwen3-8B,EBM-NLP,15133359,P5,P6,P5->P6,-0.0220954784980187,-0.0130588618608621,-0.0220954784980187,-0.0130588618608621,0.0090366166371566,0.0090366166371566,0.0090366166371566
Qwen3-8B,EBM-NLP,9730996,P1,P2,P1->P2,-0.0042114671307137,-0.0082978245795425,-0.0088806881834446,-0.0095650707827755,0.005353603652061801,0.0005828636039020996,0.00296823362798195
Qwen3-8B,EBM-NLP,9730996,P2,P3,P2->P3,-0.0082978245795425,-0.0178020091520415,-0.014782636884659,-0.0243914950584625,0.016093670478920002,0.003019372267382501,0.009556521373151251
Qwen3-8B,EBM-NLP,9730996,P3,P4,P3->P4,-0.0178020091520415,-0.0138535621491345,-0.4040681665593927,-0.2600936965336875,0.24229168738164603,0.3902146044102582,0.3162531458959521
Qwen3-8B,EBM-NLP,9730996,P4,P5,P4->P5,-0.0138535621491345,-0.0076007028420766,-0.320418463812934,-0.1321636655113914,0.11831010336225689,0.3128177609708574,0.21556393216655714
Qwen3-8B,EBM-NLP,9730996,P5,P6,P5->P6,-0.0076007028420766,-0.0073511726326412,-0.0076007028420766,-0.0073511726326412,0.0002495302094354,0.0002495302094354,0.0002495302094354
Qwen3-8B,SciERC,INTERSPEECH_2008_28_abs,P1,P2,P1->P2,-0.0348335580300476,-0.0087042871083504,-0.0131489734049716,-0.0420927795857152,0.007259221555667605,0.0044446862966212,0.0058519539261444025
Qwen3-8B,SciERC,INTERSPEECH_2008_28_abs,P2,P3,P2->P3,-0.0087042871083504,-0.0110043177458768,-0.0185065391706302,-0.0170280935425384,0.008323806434188001,0.007502221424753399,0.0079130139294707
Qwen3-8B,SciERC,INTERSPEECH_2008_28_abs,P3,P4,P3->P4,-0.0110043177458768,-0.0107172508730812,-0.1529880993154979,-0.0726719519977147,0.0616676342518379,0.1422708484424167,0.10196924134712729
Qwen3-8B,SciERC,INTERSPEECH_2008_28_abs,P4,P5,P4->P5,-0.0107172508730812,-0.0114340269671326,-0.0389952377421044,-0.0340911541161231,0.0233739032430419,0.0275612107749718,0.025467557009006853
Qwen3-8B,SciERC,INTERSPEECH_2008_28_abs,P5,P6,P5->P6,-0.0114340269671326,-0.0095379915852997,-0.0086030410235101,-0.0143227514854515,0.0028887245183189005,0.0009349505617895996,0.00191183754005425
Qwen3-8B,EBM-NLP,3074300,P1,P2,P1->P2,-0.0014973503936737,-0.0057287016515469,-0.0307574497475739,-0.0087180836331364,0.0072207332394627005,0.025028748096027002,0.01612474066774485
Qwen3-8B,EBM-NLP,3074300,P2,P3,P2->P3,-0.0057287016515469,-0.0067848209592123,-0.0057287016515469,-0.0067848209592123,0.0010561193076654004,0.0010561193076654004,0.0010561193076654004
Qwen3-8B,EBM-NLP,3074300,P3,P4,P3->P4,-0.0067848209592123,-0.0210245712355234,-0.2154731563085031,-0.1436391494447185,0.13685432848550622,0.1944485850729797,0.16565145677924298
Qwen3-8B,EBM-NLP,3074300,P4,P5,P4->P5,-0.0210245712355234,-0.0033047835432714,-0.128552424859616,-0.1616482463986592,0.14062367516313581,0.12524764131634458,0.13293565823974018
Qwen3-8B,EBM-NLP,3074300,P5,P6,P5->P6,-0.0033047835432714,-0.0050764820268077,-0.0033047835432714,-0.0050764820268077,0.0017716984835363003,0.0017716984835363003,0.0017716984835363003
Qwen3-8B,EBM-NLP,15848261,P1,P2,P1->P2,-0.0089289230422527,-0.0053184382655293,-0.0156637163936786,-0.0116076535600186,0.0026787305177659003,0.010345278128149301,0.006512004322957601
Qwen3-8B,EBM-NLP,15848261,P2,P3,P2->P3,-0.0053184382655293,-0.0013929580806323,-0.0053184382655293,-0.0013929580806323,0.003925480184897,0.003925480184897,0.003925480184897
Qwen3-8B,EBM-NLP,15848261,P3,P4,P3->P4,-0.0013929580806323,-0.0275417978946979,-0.4650506973266601,-0.0524202067839917,0.0510272487033594,0.4375088994319622,0.2442680740676608
Qwen3-8B,EBM-NLP,15848261,P4,P5,P4->P5,-0.0275417978946979,-0.0045436040129301,-0.0560231311422474,-0.0422335588015042,0.014691760906806302,0.0514795271293173,0.0330856440180618
Qwen3-8B,EBM-NLP,15848261,P5,P6,P5->P6,-0.0045436040129301,-0.0158283615193399,-0.0863800855720935,-0.0319452406662815,0.0274016366533514,0.0705517240527536,0.0489766803530525
Qwen3-8B,EBM-NLP,10764172,P1,P2,P1->P2,-0.0181009981526464,-0.007772323970751,-0.017334212374881,-0.0360609116704098,0.0179599135177634,0.00956188840413,0.0137609009609467
Qwen3-8B,EBM-NLP,10764172,P2,P3,P2->P3,-0.007772323970751,-0.0055058030790187,-0.0079503772946877,-0.0111871680880828,0.0034148441173318007,0.0024445742156689997,0.0029297091665004002
Qwen3-8B,EBM-NLP,10764172,P3,P4,P3->P4,-0.0055058030790187,-0.0065146633764592,-0.4664394564744902,-0.0755740060675435,0.0700682029885248,0.459924793098031,0.2649964980432779
Qwen3-8B,EBM-NLP,10764172,P4,P5,P4->P5,-0.0065146633764592,-0.0244325598080952,-0.2397587867010207,-0.159716199084026,0.1532015357075668,0.2153262268929255,0.18426388130024615
Qwen3-8B,EBM-NLP,10764172,P5,P6,P5->P6,-0.0244325598080952,-0.0314639620482921,-0.0337358228862285,-0.0342077527727399,0.0097751929646447,0.0022718608379364014,0.00602352690129055
Qwen3-8B,EBM-NLP,22865017,P1,P2,P1->P2,-0.0065346888676837,-0.0050133649510142,-0.0115098535075543,-0.0089834082026669,0.0024487193349832003,0.0064964885565400995,0.00447260394576165
Qwen3-8B,EBM-NLP,22865017,P2,P3,P2->P3,-0.0050133649510142,-0.0050531411301859,-0.0050133649510142,-0.0050531411301859,3.9776179171700093e-05,3.9776179171700093e-05,3.9776179171700093e-05
Qwen3-8B,EBM-NLP,22865017,P3,P4,P3->P4,-0.0050531411301859,-0.0103237953397535,-0.1455913525755687,-0.0403084584089283,0.0352553172787424,0.1352675572358152,0.0852614372572788
Qwen3-8B,EBM-NLP,22865017,P4,P5,P4->P5,-0.0103237953397535,-0.0105000634988149,-0.0769552787144978,-0.0588550424223305,0.048531247082577,0.0664552152156829,0.05749323114912995
Qwen3-8B,EBM-NLP,22865017,P5,P6,P5->P6,-0.0105000634988149,-0.0087261040074129,-0.0105000634988149,-0.0087261040074129,0.0017739594914019993,0.0017739594914019993,0.0017739594914019993
Qwen3-8B,SciERC,X96-1059,P1,P2,P1->P2,-0.0182883578769785,-0.0156841267243214,-0.0231361393141332,-0.0239090865749555,0.005620728697977001,0.0074520125898117975,0.006536370643894399
Qwen3-8B,SciERC,X96-1059,P2,P3,P2->P3,-0.0156841267243214,-0.0122166156264332,-0.015281444134113,-0.023972256392282,0.008288129667960598,0.0030648285076797996,0.005676479087820199
Qwen3-8B,SciERC,X96-1059,P3,P4,P3->P4,-0.0122166156264332,-0.0134826288313457,-0.209560300958784,-0.0755424799766236,0.0633258643501904,0.1960776721274383,0.12970176823881435
Qwen3-8B,SciERC,X96-1059,P4,P5,P4->P5,-0.0134826288313457,-0.0248101838428615,-0.040783579675229,-0.0870727763364189,0.0735901475050732,0.0159733958323675,0.04478177166872035
Qwen3-8B,SciERC,X96-1059,P5,P6,P5->P6,-0.0248101838428615,-0.0292976906035687,-0.0290403154844017,-0.0269384623892177,0.0021282785463562007,0.00025737511916699984,0.0011928268327616003
Qwen3-8B,EBM-NLP,18975051,P1,P2,P1->P2,-0.0105255812520722,-0.02177496603964,-0.0315886347390273,-0.0119025564513443,0.0013769751992720996,0.009813668699387303,0.005595321949329701
Qwen3-8B,EBM-NLP,18975051,P2,P3,P2->P3,-0.02177496603964,-0.0124941932025757,-0.0176194098385624,-0.0251305095413151,0.0033555435016751,0.005125216635986699,0.0042403800688308995
Qwen3-8B,EBM-NLP,18975051,P3,P4,P3->P4,-0.0124941932025757,-0.0303083260854085,-0.5414275725682577,-0.1082992838145052,0.09580509061192949,0.5111192464828492,0.3034621685473894
Qwen3-8B,EBM-NLP,18975051,P4,P5,P4->P5,-0.0303083260854085,-0.0422241886456807,-0.8424850304921468,-0.1951377987861633,0.1648294727007548,0.8002608418464662,0.48254515727361047
Qwen3-8B,EBM-NLP,18975051,P5,P6,P5->P6,-0.0422241886456807,-0.03421987398811,-0.040888760400855,-0.0918349623680114,0.049610773722330706,0.006668886412744997,0.02813983006753785
Qwen3-8B,EBM-NLP,8726604,P1,P2,P1->P2,-0.026131645690838,-0.0267429228054728,-0.026131645690838,-0.0267429228054728,0.0006112771146347985,0.0006112771146347985,0.0006112771146347985
Qwen3-8B,EBM-NLP,8726604,P2,P3,P2->P3,-0.0267429228054728,-0.0318854337744695,-0.0356951928675084,-0.0309720224111818,0.004229099605709,0.003809759093038899,0.00401942934937395
Qwen3-8B,EBM-NLP,8726604,P3,P4,P3->P4,-0.0318854337744695,-0.0102519797828962,-0.5781382794650096,-0.1307639026138991,0.0988784688394296,0.5678862996821135,0.33338238426077155
Qwen3-8B,EBM-NLP,8726604,P4,P5,P4->P5,-0.0102519797828962,-0.0095171123488304,-0.1138835276610085,-0.0927568111779554,0.0825048313950592,0.10436641531217809,0.09343562335361864
Qwen3-8B,EBM-NLP,8726604,P5,P6,P5->P6,-0.0095171123488304,-0.0087760970542061,-0.0199084623155032,-0.0093484044856657,0.00016870786316470002,0.011132365261297102,0.005650536562230901
Qwen3-8B,EBM-NLP,22881991,P1,P2,P1->P2,-0.0241646715005238,-0.0204803620065961,-0.043177368527367,-0.0613698916633923,0.0372052201628685,0.022697006520770897,0.0299511133418197
Qwen3-8B,EBM-NLP,22881991,P2,P3,P2->P3,-0.0204803620065961,-0.0141563155821391,-0.0204803620065961,-0.0141563155821391,0.006324046424457001,0.006324046424457001,0.006324046424457001
Qwen3-8B,EBM-NLP,22881991,P3,P4,P3->P4,-0.0141563155821391,-0.0306425961581143,-0.5117104270241477,-0.1027975513821556,0.0886412358000165,0.4810678308660334,0.28485453333302496
Qwen3-8B,EBM-NLP,22881991,P4,P5,P4->P5,-0.0306425961581143,-0.0273189416953495,-0.0897006903375898,-0.0907360044392672,0.0600934082811529,0.0623817486422403,0.0612375784616966
Qwen3-8B,EBM-NLP,22881991,P5,P6,P5->P6,-0.0273189416953495,-0.0253144858176248,-0.0282030544782939,-0.0325710986341748,0.005252156938825303,0.0028885686606691004,0.004070362799747202
Qwen3-8B,EBM-NLP,24080592,P1,P2,P1->P2,-0.0043967807747554,-0.0028589856873347,-0.0056026246068392,-0.005427694212696,0.0010309134379406,0.0027436389195045,0.00188727617872255
Qwen3-8B,EBM-NLP,24080592,P2,P3,P2->P3,-0.0028589856873347,-0.003677306697517,-0.0156220654438542,-0.0132817263518941,0.0104227406645594,0.0119447587463372,0.0111837497054483
Qwen3-8B,EBM-NLP,24080592,P3,P4,P3->P4,-0.003677306697517,-0.0135618782489099,-0.1960705507581479,-0.0855590420139569,0.08188173531643991,0.182508672509238,0.13219520391283895
Qwen3-8B,EBM-NLP,24080592,P4,P5,P4->P5,-0.0135618782489099,-0.0062189254106259,-0.2097003109314862,-0.1333398952662387,0.1197780170173288,0.2034813855208603,0.16162970126909454
Qwen3-8B,EBM-NLP,24080592,P5,P6,P5->P6,-0.0062189254106259,-0.0092090987691692,-0.0062189254106259,-0.0092090987691692,0.0029901733585432997,0.0029901733585432997,0.0029901733585432997
Qwen3-8B,EBM-NLP,24317958,P1,P2,P1->P2,-0.0062633184943174,-0.0021616472158434,-0.0062633184943174,-0.0021616472158434,0.004101671278474,0.004101671278474,0.004101671278474
Qwen3-8B,EBM-NLP,24317958,P2,P3,P2->P3,-0.0021616472158434,-0.0014801924228668,-0.0911536264419555,-0.0179418941459921,0.0157802469301487,0.0896734340190887,0.0527268404746187
Qwen3-8B,EBM-NLP,24317958,P3,P4,P3->P4,-0.0014801924228668,-0.0374425504265761,-0.8915464819931402,-0.2565832157135009,0.2551030232906341,0.8541039315665642,0.5546034774285992
Qwen3-8B,EBM-NLP,24317958,P4,P5,P4->P5,-0.0374425504265761,-0.0545247211012729,-0.2472773041836051,-0.4837371081840701,0.44629455775749405,0.1927525830823322,0.31952357041991314
Qwen3-8B,EBM-NLP,24317958,P5,P6,P5->P6,-0.0545247211012729,-0.0560702966607135,-0.0690790259319803,-0.0451123409493025,0.0094123801519704,0.013008729271266797,0.011210554711618598
Qwen3-8B,EBM-NLP,19376304,P1,P2,P1->P2,-0.0122175505295,-0.0032570736492557,-0.0140293945154422,-0.0347617429654107,0.0225441924359107,0.0107723208661865,0.0166582566510486
Qwen3-8B,EBM-NLP,19376304,P2,P3,P2->P3,-0.0032570736492557,-0.0037915195482596,-0.0077064239174618,-0.0128371166757866,0.009580043026530899,0.0039149043692021995,0.00674747369786655
Qwen3-8B,EBM-NLP,19376304,P3,P4,P3->P4,-0.0037915195482596,-0.0063675896161132,-0.3022893889496724,-0.0577335549625819,0.053942035414322305,0.29592179933355917,0.17493191737394073
Qwen3-8B,EBM-NLP,19376304,P4,P5,P4->P5,-0.0063675896161132,-0.0167123839426576,-0.0741692238979125,-0.0529741966062121,0.0466066069900989,0.0574568399552549,0.0520317234726769
Qwen3-8B,EBM-NLP,19376304,P5,P6,P5->P6,-0.0167123839426576,-0.0085643491811222,-0.0309061742491192,-0.0345453368813804,0.017832952938722803,0.022341825067997,0.0200873890033599
Qwen3-8B,EBM-NLP,20147856,P1,P2,P1->P2,-0.0103935553795761,-0.0080565284038412,-0.0218002394355576,-0.0159369468470506,0.0055433914674745,0.013743711031716399,0.009643551249595449
Qwen3-8B,EBM-NLP,20147856,P2,P3,P2->P3,-0.0080565284038412,-0.0046723131519301,-0.0078361390930551,-0.0081601689087933,0.00010364050495209956,0.0031638259411250003,0.00163373322303855
Qwen3-8B,EBM-NLP,20147856,P3,P4,P3->P4,-0.0046723131519301,-0.0252132848781697,-0.2093413326231872,-0.0607955450801742,0.0561232319282441,0.18412804774501748,0.1201256398366308
Qwen3-8B,EBM-NLP,20147856,P4,P5,P4->P5,-0.0252132848781697,-0.0056141233721444,-0.1599720474765744,-0.2139550168724621,0.1887417319942924,0.15435792410443,0.1715498280493612
Qwen3-8B,EBM-NLP,20147856,P5,P6,P5->P6,-0.0056141233721444,-0.0083238971094752,-0.0056141233721444,-0.0083238971094752,0.0027097737373308,0.0027097737373308,0.0027097737373308
Qwen3-8B,EBM-NLP,1963383,P1,P2,P1->P2,-0.0086154181086374,-0.0082861566916108,-0.0172305845243986,-0.0174759132731817,0.008860495164544298,0.008944427832787802,0.00890246149866605
Qwen3-8B,EBM-NLP,1963383,P2,P3,P2->P3,-0.0082861566916108,-0.0117344707250595,-0.0429461869528356,-0.0242256325517976,0.015939475860186802,0.031211716227776097,0.023575596043981448
Qwen3-8B,EBM-NLP,1963383,P3,P4,P3->P4,-0.0117344707250595,-0.0162997551262378,-0.1627053532749414,-0.0617306927182027,0.0499962219931432,0.1464055981487036,0.09820091007092341
Qwen3-8B,EBM-NLP,1963383,P4,P5,P4->P5,-0.0162997551262378,-0.0197098393371139,-0.1745232598505158,-0.0673970744013786,0.0510973192751408,0.1548134205134019,0.10295536989427136
Qwen3-8B,EBM-NLP,1963383,P5,P6,P5->P6,-0.0197098393371139,-0.0154759118156711,-0.0574212304867097,-0.090151483166045,0.0704416438289311,0.041945318671038595,0.05619348124998485
Qwen3-8B,EBM-NLP,21718094,P1,P2,P1->P2,-0.0118257314377545,-0.0164665204333508,-0.0433402774840828,-0.0267670282491221,0.0149412968113676,0.026873757050731997,0.0209075269310498
Qwen3-8B,EBM-NLP,21718094,P2,P3,P2->P3,-0.0164665204333508,-0.0097327106632292,-0.0271460535004735,-0.0500368610845776,0.0335703406512268,0.0174133428372443,0.02549184174423555
Qwen3-8B,EBM-NLP,21718094,P3,P4,P3->P4,-0.0097327106632292,-0.0191641942954357,-0.2156080662468333,-0.0819155059289187,0.0721827952656895,0.1964438719513976,0.13431333360854356
Qwen3-8B,EBM-NLP,21718094,P4,P5,P4->P5,-0.0191641942954357,-0.0040014895525845,-0.3388795679265802,-0.2921987757270718,0.2730345814316361,0.3348780783739957,0.3039563299028159
Qwen3-8B,EBM-NLP,21718094,P5,P6,P5->P6,-0.0040014895525845,-0.0043879915367473,-0.0040014895525845,-0.0043879915367473,0.0003865019841627999,0.0003865019841627999,0.0003865019841627999
Qwen3-8B,EBM-NLP,17897478,P1,P2,P1->P2,-0.0066387670510896,-0.0049441629541563,-0.008397593646701,-0.0107263157989173,0.004087548747827701,0.0034534306925447,0.0037704897201862003
Qwen3-8B,EBM-NLP,17897478,P2,P3,P2->P3,-0.0049441629541563,-0.0032108481861671,-0.0049441629541563,-0.0032108481861671,0.0017333147679892001,0.0017333147679892001,0.0017333147679892001
Qwen3-8B,EBM-NLP,17897478,P3,P4,P3->P4,-0.0032108481861671,-0.0125434743087799,-0.2144336231419297,-0.0388970639094103,0.0356862157232432,0.20189014883314982,0.11878818227819651
Qwen3-8B,EBM-NLP,17897478,P4,P5,P4->P5,-0.0125434743087799,-0.0078468490391969,-0.0851929113268852,-0.2264068126678466,0.2138633383590667,0.0773460622876883,0.1456047003233775
Qwen3-8B,EBM-NLP,17897478,P5,P6,P5->P6,-0.0078468490391969,-0.018127404153347,-0.0078468490391969,-0.018127404153347,0.010280555114150101,0.010280555114150101,0.010280555114150101
Qwen3-8B,EBM-NLP,2908133,P1,P2,P1->P2,-0.006551926416799,-0.0055172718682531,-0.018085395506883,-0.0120484602352804,0.0054965338184813995,0.012568123638629901,0.00903232872855565
Qwen3-8B,EBM-NLP,2908133,P2,P3,P2->P3,-0.0055172718682531,-0.009676918261713,-0.0387840536108777,-0.0149847365031808,0.009467464634927699,0.029107135349164703,0.019287299992046203
Qwen3-8B,EBM-NLP,2908133,P3,P4,P3->P4,-0.009676918261713,-0.0288793619941262,-0.3261733017040087,-0.1464630460903688,0.13678612782865582,0.2972939397098825,0.21704003376926917
Qwen3-8B,EBM-NLP,2908133,P4,P5,P4->P5,-0.0288793619941262,-0.0336678981781005,-0.4295362684461805,-0.1405610399430289,0.1116816779489027,0.39586837026807997,0.25377502410849134
Qwen3-8B,EBM-NLP,2908133,P5,P6,P5->P6,-0.0336678981781005,-0.0314647518858617,-0.1442060665208466,-0.0538884745703803,0.020220576392279796,0.11274131463498491,0.06648094551363234
Qwen3-8B,EBM-NLP,18544974,P1,P2,P1->P2,-0.0093701307154908,-0.0132637507544306,-0.0240214881961217,-0.0228387725692761,0.0134686418537853,0.010757737441691098,0.0121131896477382
Qwen3-8B,EBM-NLP,18544974,P2,P3,P2->P3,-0.0132637507544306,-0.0045795907358546,-0.0135090730142789,-0.030819407390977,0.017555656636546402,0.0089294822784243,0.01324256945748535
Qwen3-8B,EBM-NLP,18544974,P3,P4,P3->P4,-0.0045795907358546,-0.0018301026662811,-0.2284101545810699,-0.0754853921604676,0.070905801424613,0.22658005191478878,0.1487429266697009
Qwen3-8B,EBM-NLP,18544974,P4,P5,P4->P5,-0.0018301026662811,-0.0148784439518766,-0.2793473837510595,-0.0484035070985555,0.0465734044322744,0.2644689397991829,0.15552117211572866
Qwen3-8B,EBM-NLP,18544974,P5,P6,P5->P6,-0.0148784439518766,-0.0127765770818366,-0.0676985327663317,-0.0740998151167383,0.0592213711648617,0.054921955684495094,0.0570716634246784
Qwen3-8B,EBM-NLP,8989009,P1,P2,P1->P2,-0.0026318569738498,-0.0012485826610709,-0.0026318569738498,-0.0012485826610709,0.0013832743127788999,0.0013832743127788999,0.0013832743127788999
Qwen3-8B,EBM-NLP,8989009,P2,P3,P2->P3,-0.0012485826610709,-0.0016148326432575,-0.0012485826610709,-0.0016148326432575,0.0003662499821866,0.0003662499821866,0.0003662499821866
Qwen3-8B,EBM-NLP,8989009,P3,P4,P3->P4,-0.0016148326432575,-0.0206899042916661,-0.1814691549209693,-0.0658808161059151,0.0642659834626576,0.1607792506293032,0.1125226170459804
Qwen3-8B,EBM-NLP,8989009,P4,P5,P4->P5,-0.0206899042916661,-0.0103436388351299,-0.1120032101501653,-0.154871265908689,0.1341813616170229,0.1016595713150354,0.11792046646602916
Qwen3-8B,EBM-NLP,8989009,P5,P6,P5->P6,-0.0103436388351299,-0.020904643195016,-0.0429536284518842,-0.020722821170901,0.0103791823357711,0.022048985256868197,0.01621408379631965
Qwen3-8B,EBM-NLP,12960652,P1,P2,P1->P2,-0.0082023403937778,-0.0012656265809651,-0.0082023403937778,-0.0012656265809651,0.0069367138128127,0.0069367138128127,0.0069367138128127
Qwen3-8B,EBM-NLP,12960652,P2,P3,P2->P3,-0.0012656265809651,-0.0008766027467866,-0.0012656265809651,-0.0008766027467866,0.0003890238341785,0.0003890238341785,0.0003890238341785
Qwen3-8B,EBM-NLP,12960652,P3,P4,P3->P4,-0.0008766027467866,-0.0169719904661178,-0.7349776268005371,-0.0813708848530246,0.080494282106238,0.7180056363344194,0.3992499592203287
Qwen3-8B,EBM-NLP,12960652,P4,P5,P4->P5,-0.0169719904661178,-0.0047431610848592,-0.032369940177254,-0.6110012531280518,0.594029262661934,0.027626779092394804,0.31082802087716443
Qwen3-8B,EBM-NLP,12960652,P5,P6,P5->P6,-0.0047431610848592,-0.0037082741441934,-0.0047431610848592,-0.0037082741441934,0.0010348869406657996,0.0010348869406657996,0.0010348869406657996
Qwen3-8B,EBM-NLP,26210844,P1,P2,P1->P2,-0.0077016301777051,-0.0081325329948162,-0.0077016301777051,-0.0081325329948162,0.00043090281711109964,0.00043090281711109964,0.00043090281711109964
Qwen3-8B,EBM-NLP,26210844,P2,P3,P2->P3,-0.0081325329948162,-0.004024298648749,-0.020622727807079,-0.0337242036450492,0.025591670650233003,0.01659842915833,0.0210950499042815
Qwen3-8B,EBM-NLP,26210844,P3,P4,P3->P4,-0.004024298648749,-0.0341243540987055,-0.6487850026881441,-0.1283924485689827,0.12436814992023369,0.6146606485894386,0.36951439925483615
Qwen3-8B,EBM-NLP,26210844,P4,P5,P4->P5,-0.0341243540987055,-0.0115868470754968,-0.166641632745783,-0.3931495585340134,0.3590252044353079,0.1550547856702862,0.25703999505279707
Qwen3-8B,EBM-NLP,26210844,P5,P6,P5->P6,-0.0115868470754968,-0.0115567469094173,-0.0115868470754968,-0.0115567469094173,3.0100166079500765e-05,3.0100166079500765e-05,3.0100166079500765e-05
Qwen3-8B,EBM-NLP,26278470,P1,P2,P1->P2,-0.0068056327895053,-0.0017042639329899,-0.0071261146813942,-0.011430143985953,0.0046245111964477,0.0054218507484043,0.0050231809724259995
Qwen3-8B,EBM-NLP,26278470,P2,P3,P2->P3,-0.0017042639329899,-0.0007261214373553,-0.0017042639329899,-0.0007261214373553,0.0009781424956346002,0.0009781424956346002,0.0009781424956346002
Qwen3-8B,EBM-NLP,26278470,P3,P4,P3->P4,-0.0007261214373553,-0.0054823992024991,-0.2280249141310293,-0.0895100185609562,0.0887838971236009,0.2225425149285302,0.15566320602606554
Qwen3-8B,EBM-NLP,26278470,P4,P5,P4->P5,-0.0054823992024991,-0.004251148206057,-0.0054823992024991,-0.004251148206057,0.0012312509964420995,0.0012312509964420995,0.0012312509964420995
Qwen3-8B,EBM-NLP,26278470,P5,P6,P5->P6,-0.004251148206057,-0.0062312010637263,-0.004251148206057,-0.0062312010637263,0.0019800528576692997,0.0019800528576692997,0.0019800528576692997
Qwen3-8B,EBM-NLP,10070173,P1,P2,P1->P2,-0.0090528649091719,-0.0076330213341861,-0.0246368441730737,-0.0229414471425115,0.0138885822333396,0.0170038228388876,0.0154462025361136
Qwen3-8B,EBM-NLP,10070173,P2,P3,P2->P3,-0.0076330213341861,-0.0059341263425137,-0.0228489842265844,-0.0413509085774421,0.033717887243256,0.0169148578840707,0.02531637256366335
Qwen3-8B,EBM-NLP,10070173,P3,P4,P3->P4,-0.0059341263425137,-0.0091389541824658,-0.26029767592748,-0.0514284404718117,0.045494314129298,0.2511587217450142,0.1483265179371561
Qwen3-8B,EBM-NLP,10070173,P4,P5,P4->P5,-0.0091389541824658,-0.0167370943940783,-0.0656293183565139,-0.1817734892635295,0.1726345350810637,0.048892223962435595,0.11076337952174964
Qwen3-8B,EBM-NLP,10070173,P5,P6,P5->P6,-0.0167370943940783,-0.0139110037548975,-0.0167673485135877,-0.0159079059468288,0.0008291884472494994,0.002856344758690201,0.0018427666029698503
Qwen3-8B,EBM-NLP,23356250,P1,P2,P1->P2,-0.0142268838945531,-0.0112428140497493,-0.0187853439125472,-0.027555634859052,0.0133287509644989,0.0075425298627979,0.0104356404136484
Qwen3-8B,EBM-NLP,23356250,P2,P3,P2->P3,-0.0112428140497493,-0.0082283079391345,-0.0223751779115439,-0.018142493542083,0.006899679492333699,0.014146869972409399,0.010523274732371548
Qwen3-8B,EBM-NLP,23356250,P3,P4,P3->P4,-0.0082283079391345,-0.0023864862889471,-0.2253005997290913,-0.0867473585055257,0.0785190505663912,0.2229141134401442,0.1507165820032677
Qwen3-8B,EBM-NLP,23356250,P4,P5,P4->P5,-0.0023864862889471,-0.024564360919064,-0.1788180980780353,-0.196743819915073,0.1943573336261259,0.1542537371589713,0.17430553539254862
Qwen3-8B,EBM-NLP,23356250,P5,P6,P5->P6,-0.024564360919064,-0.0233764269522258,-0.0304354190826416,-0.0285629646418845,0.003998603722820501,0.0070589921304158,0.0055287979266181505
Qwen3-8B,SciERC,ECCV_2006_13_abs,P1,P2,P1->P2,-0.0397334233954704,-0.0388499576777879,-0.0388988158859623,-0.0398279301001215,9.450670465109556e-05,4.8858208174400175e-05,7.168245641274787e-05
Qwen3-8B,SciERC,ECCV_2006_13_abs,P2,P3,P2->P3,-0.0388499576777879,-0.0123893837856788,-0.0176199155612266,-0.0389074146053947,5.745692760680127e-05,0.0052305317755478,0.0026439943515773005
Qwen3-8B,SciERC,ECCV_2006_13_abs,P3,P4,P3->P4,-0.0123893837856788,-0.0122130651834595,-0.1427982321232169,-0.0527290313071944,0.0403396475215156,0.1305851669397574,0.0854624072306365
Qwen3-8B,SciERC,ECCV_2006_13_abs,P4,P5,P4->P5,-0.0122130651834595,-0.0113756835235471,-0.0475740477724396,-0.0363220849555242,0.0241090197720647,0.0361983642488925,0.0301536920104786
Qwen3-8B,SciERC,ECCV_2006_13_abs,P5,P6,P5->P6,-0.0113756835235471,-0.0098463833473586,-0.0104901620862856,-0.0133997633064779,0.0020240797829308,0.0006437787389269988,0.0013339292609288993
Qwen3-8B,EBM-NLP,25784723,P1,P2,P1->P2,-0.0121867948829537,-0.0003610626157458,-0.0104149441266882,-0.1515474541131222,0.1393606592301685,0.0100538815109424,0.07470727037055544
Qwen3-8B,EBM-NLP,25784723,P2,P3,P2->P3,-0.0003610626157458,-0.001069883719935,-0.0003610626157458,-0.001069883719935,0.0007088211041892001,0.0007088211041892001,0.0007088211041892001
Qwen3-8B,EBM-NLP,25784723,P3,P4,P3->P4,-0.001069883719935,-0.0103772974014282,-0.2735804939270019,-0.0555763569608298,0.0545064732408948,0.2632031965255737,0.15885483488323426
Qwen3-8B,EBM-NLP,25784723,P4,P5,P4->P5,-0.0103772974014282,-0.009813705086708,-0.0103772974014282,-0.009813705086708,0.0005635923147201995,0.0005635923147201995,0.0005635923147201995
Qwen3-8B,EBM-NLP,25784723,P5,P6,P5->P6,-0.009813705086708,-0.0149574363231658,-0.009813705086708,-0.0149574363231658,0.0051437312364578,0.0051437312364578,0.0051437312364578
Qwen3-8B,EBM-NLP,15858959,P1,P2,P1->P2,-0.0039080478985544,-0.0023813724281295,-0.0165817140350266,-0.0257167974880463,0.021808749589491902,0.0142003416068971,0.0180045455981945
Qwen3-8B,EBM-NLP,15858959,P2,P3,P2->P3,-0.0023813724281295,-0.0003387295153169,-0.0023813724281295,-0.0003387295153169,0.0020426429128125997,0.0020426429128125997,0.0020426429128125997
Qwen3-8B,EBM-NLP,15858959,P3,P4,P3->P4,-0.0003387295153169,-0.0259835009879254,-0.5425301409782247,-0.050850851424334,0.0505121219090171,0.5165466399902994,0.28352938094965824
Qwen3-8B,EBM-NLP,15858959,P4,P5,P4->P5,-0.0259835009879254,-0.0157294670740763,-0.2866517504056294,-0.2465963160738032,0.2206128150858778,0.2709222833315531,0.24576754920871546
Qwen3-8B,EBM-NLP,15858959,P5,P6,P5->P6,-0.0157294670740763,-0.0106725225845972,-0.0316021502017974,-0.0396819884578386,0.0239525213837623,0.0209296276172002,0.022441074500481252
Qwen3-8B,EBM-NLP,11737955,P1,P2,P1->P2,-0.009095058789196,-0.0052350278451176,-0.0269355575038381,-0.0121355279296696,0.0030404691404736003,0.021700529658720498,0.01237049939959705
Qwen3-8B,EBM-NLP,11737955,P2,P3,P2->P3,-0.0052350278451176,-0.0036414967588156,-0.0052350278451176,-0.0036414967588156,0.0015935310863019999,0.0015935310863019999,0.0015935310863019999
Qwen3-8B,EBM-NLP,11737955,P3,P4,P3->P4,-0.0036414967588156,-0.0344334713050297,-0.3669491495404924,-0.1349722334176055,0.13133073665878991,0.3325156782354627,0.2319232074471263
Qwen3-8B,EBM-NLP,11737955,P4,P5,P4->P5,-0.0344334713050297,-0.0149052012257459,-0.0446194526625842,-0.0726020421300615,0.03816857082503179,0.0297142514368383,0.033941411130935045
Qwen3-8B,EBM-NLP,11737955,P5,P6,P5->P6,-0.0149052012257459,-0.0186038635896913,-0.026829566467892,-0.0219778171399744,0.007072615914228501,0.008225702878200698,0.007649159396214599
Qwen3-8B,EBM-NLP,9394106,P1,P2,P1->P2,-0.0039774911513306,-0.0102284835021626,-0.0286602930564965,-0.0165055160024115,0.012528024851080899,0.0184318095543339,0.015479917202707399
Qwen3-8B,EBM-NLP,9394106,P2,P3,P2->P3,-0.0102284835021626,-0.0032711887465877,-0.0181012145109174,-0.0291749251410822,0.0189464416389196,0.0148300257643297,0.01688823370162465
Qwen3-8B,EBM-NLP,9394106,P3,P4,P3->P4,-0.0032711887465877,-0.0513221366064889,-0.5303482328142438,-0.1109577049751741,0.1076865162285864,0.47902609620775494,0.29335630621817066
Qwen3-8B,EBM-NLP,9394106,P4,P5,P4->P5,-0.0513221366064889,-0.0213015406362472,-0.5565374435917023,-0.4699897766113281,0.41866764000483925,0.5352359029554551,0.47695177148014717
Qwen3-8B,EBM-NLP,9394106,P5,P6,P5->P6,-0.0213015406362472,-0.0264457925673454,-0.0534740955598892,-0.0640682789587205,0.0427667383224733,0.027028302992543798,0.03489752065750855
Qwen3-8B,EBM-NLP,7598243,P1,P2,P1->P2,-0.0096708868914935,-0.0081070818482561,-0.0272359530183863,-0.0076958921598029,0.0019749947316906004,0.0191288711701302,0.0105519329509104
Qwen3-8B,EBM-NLP,7598243,P2,P3,P2->P3,-0.0081070818482561,-0.0102565926202434,-0.0081070818482561,-0.0102565926202434,0.002149510771987301,0.002149510771987301,0.002149510771987301
Qwen3-8B,EBM-NLP,7598243,P3,P4,P3->P4,-0.0102565926202434,-0.008141520894876,-0.2449179176522904,-0.1658598286040286,0.1556032359837852,0.2367763967574144,0.1961898163705998
Qwen3-8B,EBM-NLP,7598243,P4,P5,P4->P5,-0.008141520894876,-0.0280924942182457,-0.095428064595098,-0.0675688871816426,0.0594273662867666,0.06733557037685231,0.06338146833180945
Qwen3-8B,EBM-NLP,7598243,P5,P6,P5->P6,-0.0280924942182457,-0.0165424786689804,-0.0291046068920352,-0.026657458362372,0.0014350358558736995,0.012562128223054799,0.006998582039464249
Qwen3-8B,EBM-NLP,7808649,P1,P2,P1->P2,-0.0083891720758319,-0.0042903567240996,-0.0121947362779933,-0.0101753523794271,0.0017861803035951994,0.0079043795538937,0.0048452799287444495
Qwen3-8B,EBM-NLP,7808649,P2,P3,P2->P3,-0.0042903567240996,-0.0027706285609918,-0.0042903567240996,-0.0027706285609918,0.0015197281631078,0.0015197281631078,0.0015197281631078
Qwen3-8B,EBM-NLP,7808649,P3,P4,P3->P4,-0.0027706285609918,-0.0190363696370369,-0.2987174490132393,-0.0866687149606286,0.08389808639963679,0.2796810793762024,0.1817895828879196
Qwen3-8B,EBM-NLP,7808649,P4,P5,P4->P5,-0.0190363696370369,-0.0204633165370015,-0.0776191864381818,-0.0220059211819599,0.002969551544923,0.0571558699011803,0.030062710723051653
Qwen3-8B,EBM-NLP,7808649,P5,P6,P5->P6,-0.0204633165370015,-0.0130633725187717,-0.0220059211819599,-0.0979898057001478,0.0775264891631463,0.0089425486631882,0.04323451891316725
Qwen3-8B,EBM-NLP,11317090,P1,P2,P1->P2,-0.0047977689238432,-0.005373138287905,-0.0141292368522651,-0.0091523914275904,0.0043546225037472,0.0087560985643601,0.00655536053405365
Qwen3-8B,EBM-NLP,11317090,P2,P3,P2->P3,-0.005373138287905,-0.0048410139342498,-0.005373138287905,-0.0048410139342498,0.0005321243536551999,0.0005321243536551999,0.0005321243536551999
Qwen3-8B,EBM-NLP,11317090,P3,P4,P3->P4,-0.0048410139342498,-0.0319405655528223,-0.3897100492965343,-0.0637189231787639,0.0588779092445141,0.357769483743712,0.20832369649411303
Qwen3-8B,EBM-NLP,11317090,P4,P5,P4->P5,-0.0319405655528223,-0.018226873307001,-0.414268312000093,-0.2064345381980718,0.17449397264524952,0.396041438693092,0.28526770566917076
Qwen3-8B,EBM-NLP,11317090,P5,P6,P5->P6,-0.018226873307001,-0.0199577481973738,-0.018226873307001,-0.0199577481973738,0.0017308748903728,0.0017308748903728,0.0017308748903728
Qwen3-8B,EBM-NLP,20226474,P1,P2,P1->P2,-0.0132224591195075,-0.0137676603367759,-0.0467534098360273,-0.0383522511872356,0.0251297920677281,0.0329857494992514,0.02905777078348975
Qwen3-8B,EBM-NLP,20226474,P2,P3,P2->P3,-0.0137676603367759,-0.0081405575368918,-0.0141436034703955,-0.0294467076245281,0.0156790472877522,0.0060030459335037,0.01084104661062795
Qwen3-8B,EBM-NLP,20226474,P3,P4,P3->P4,-0.0081405575368918,-0.0118388724776933,-0.6492090045281176,-0.1681305643390206,0.1599900068021288,0.6373701320504243,0.39868006942627654
Qwen3-8B,EBM-NLP,20226474,P4,P5,P4->P5,-0.0118388724776933,-0.0122162363745949,-0.1255393721840598,-0.0176880190957267,0.0058491466180334,0.1133231358094649,0.05958614121374915
Qwen3-8B,EBM-NLP,20226474,P5,P6,P5->P6,-0.0122162363745949,-0.0085892727914846,-0.0176880190957267,-0.0305521791631525,0.018335942788557602,0.0090987463042421,0.013717344546399852
Qwen3-8B,SciERC,ECCV_2016_212_abs,P1,P2,P1->P2,-0.0145488270015068,-0.0451459378236904,-0.0474567809142172,-0.0208387580933046,0.006289931091797799,0.0023108430905268013,0.0043003870911623
Qwen3-8B,SciERC,ECCV_2016_212_abs,P2,P3,P2->P3,-0.0451459378236904,-0.0184103516852095,-0.0286996775345566,-0.0496186135181536,0.0044726756944632046,0.010289325849347102,0.007381000771905153
Qwen3-8B,SciERC,ECCV_2016_212_abs,P3,P4,P3->P4,-0.0184103516852095,-0.0171832035446085,-0.1556564451057681,-0.1124378891191024,0.09402753743389289,0.1384732415611596,0.11625038949752624
Qwen3-8B,SciERC,ECCV_2016_212_abs,P4,P5,P4->P5,-0.0171832035446085,-0.039263452795447,-0.0739533336289139,-0.0478970223071239,0.0307138187625154,0.034689880833466906,0.03270184979799115
Qwen3-8B,SciERC,ECCV_2016_212_abs,P5,P6,P5->P6,-0.039263452795447,-0.0149676682679758,-0.019716343008137,-0.0395929237689235,0.0003294709734765061,0.004748674740161199,0.0025390728568188527
Qwen3-8B,EBM-NLP,24515505,P1,P2,P1->P2,-0.0044058400191,-0.0046554742315221,-0.0116954240424411,-0.0073024822475358,0.0028966422284358003,0.0070399498109190006,0.004968296019677401
Qwen3-8B,EBM-NLP,24515505,P2,P3,P2->P3,-0.0046554742315221,-0.0036238380491165,-0.0046554742315221,-0.0036238380491165,0.0010316361824056,0.0010316361824056,0.0010316361824056
Qwen3-8B,EBM-NLP,24515505,P3,P4,P3->P4,-0.0036238380491165,-0.0083969278722746,-0.2067707338903704,-0.0887107016322468,0.0850868635831303,0.1983738060180958,0.14173033480061303
Qwen3-8B,EBM-NLP,24515505,P4,P5,P4->P5,-0.0083969278722746,-0.0422500865212802,-0.9492677491286704,-0.1254728410997961,0.11707591322752149,0.9070176626073903,0.5120467879174558
Qwen3-8B,EBM-NLP,24515505,P5,P6,P5->P6,-0.0422500865212802,-0.0150463404765509,-0.0352132426275299,-0.0676772430025298,0.025427156481249595,0.020166902150979,0.022797029316114298
Qwen3-8B,EBM-NLP,7814711,P1,P2,P1->P2,-0.0155673213473193,-0.0204709419837364,-0.0492643356323242,-0.0335506146356939,0.0179832932883746,0.0287933936485878,0.023388343468481197
Qwen3-8B,EBM-NLP,7814711,P2,P3,P2->P3,-0.0204709419837364,-0.0070817506674563,-0.0220702940767461,-0.0296258862201984,0.009154944236461997,0.0149885434092898,0.012071743822875899
Qwen3-8B,EBM-NLP,7814711,P3,P4,P3->P4,-0.0070817506674563,-0.0385032038430909,-0.3102739694956186,-0.1286141122832442,0.12153236161578791,0.27177076565252767,0.19665156363415778
Qwen3-8B,EBM-NLP,7814711,P4,P5,P4->P5,-0.0385032038430909,-0.0282354657466595,-0.4121173487259791,-0.2620871743640384,0.22358397052094747,0.3838818829793196,0.3037329267501335
Qwen3-8B,EBM-NLP,7814711,P5,P6,P5->P6,-0.0282354657466595,-0.0373877754358396,-0.0672044117156773,-0.0793982856548749,0.051162819908215404,0.029816636279837702,0.04048972809402655
Qwen3-8B,EBM-NLP,14763035,P1,P2,P1->P2,-0.0144964180041834,-0.0103341578476158,-0.0176368258736272,-0.0336064329159628,0.019110014911779397,0.0073026680260114,0.013206341468895398
Qwen3-8B,EBM-NLP,14763035,P2,P3,P2->P3,-0.0103341578476158,-0.0075707197795597,-0.0101826920948148,-0.00767663220236,0.0026575256452558,0.0026119723152551004,0.0026347489802554503
Qwen3-8B,EBM-NLP,14763035,P3,P4,P3->P4,-0.0075707197795597,-0.0325243907816269,-0.3065852761268616,-0.0770497832253768,0.0694790634458171,0.2740608853452347,0.1717699743955259
Qwen3-8B,EBM-NLP,14763035,P4,P5,P4->P5,-0.0325243907816269,-0.0048211843110202,-0.1932705064837852,-0.2893493091358858,0.2568249183542589,0.188449322172765,0.22263712026351196
Qwen3-8B,EBM-NLP,14763035,P5,P6,P5->P6,-0.0048211843110202,-0.0229265060064927,-0.0718811997827493,-0.0156217666154497,0.0108005823044295,0.0489546937762566,0.02987763804034305
Qwen3-8B,EBM-NLP,8771302,P1,P2,P1->P2,-0.0297114381735975,-0.0178678661165103,-0.0283609645467408,-0.043728424066847,0.014016985893249501,0.0104930984302305,0.01225504216174
Qwen3-8B,EBM-NLP,8771302,P2,P3,P2->P3,-0.0178678661165103,-0.0226946297920111,-0.0616699023680253,-0.0215526854907962,0.0036848193742859,0.0389752725760142,0.02133004597515005
Qwen3-8B,EBM-NLP,8771302,P3,P4,P3->P4,-0.0226946297920111,-0.0234351088391973,-0.3008402585983276,-0.1832590695583459,0.1605644397663348,0.2774051497591303,0.21898479476273253
Qwen3-8B,EBM-NLP,8771302,P4,P5,P4->P5,-0.0234351088391973,-0.023312216517569,-0.2151782567473663,-0.3859474050237777,0.3625122961845804,0.19186604022979728,0.27718916820718886
Qwen3-8B,EBM-NLP,8771302,P5,P6,P5->P6,-0.023312216517569,-0.0244029204050699,-0.0689446608225504,-0.0382617931256349,0.014949576608065899,0.04454174041748049,0.029745658512773193
Qwen3-8B,EBM-NLP,24960665,P1,P2,P1->P2,-0.0175243592955808,-0.007809498690209,-0.0277349674674473,-0.058799993933981,0.0412756346384002,0.0199254687772383,0.03060055170781925
Qwen3-8B,EBM-NLP,24960665,P2,P3,P2->P3,-0.007809498690209,-0.0054499994800964,-0.0112048915209155,-0.0148133346336753,0.007003835943466301,0.0057548920408191,0.0063793639921427
Qwen3-8B,EBM-NLP,24960665,P3,P4,P3->P4,-0.0054499994800964,-0.0225084932787077,-0.5450895577669144,-0.0737108115349678,0.06826081205487139,0.5225810644882066,0.29542093827153904
Qwen3-8B,EBM-NLP,24960665,P4,P5,P4->P5,-0.0225084932787077,-0.0333233227703108,-0.3278786235336047,-0.3634545186800616,0.34094602540135394,0.2945553007632939,0.3177506630823239
Qwen3-8B,EBM-NLP,24960665,P5,P6,P5->P6,-0.0333233227703108,-0.0400029907920467,-0.0333233227703108,-0.0400029907920467,0.0066796680217359045,0.0066796680217359045,0.0066796680217359045
Qwen3-8B,SciERC,W02-1602,P1,P2,P1->P2,-0.0188299632573034,-0.0376648862438742,-0.0394935552612878,-0.0265342263592174,0.007704263101914001,0.0018286690174135964,0.004766466059663799
Qwen3-8B,SciERC,W02-1602,P2,P3,P2->P3,-0.0376648862438742,-0.0082065177739423,-0.0178614938837805,-0.052303770945097,0.0146388847012228,0.009654976109838198,0.012146930405530498
Qwen3-8B,SciERC,W02-1602,P3,P4,P3->P4,-0.0082065177739423,-0.0089097545952258,-0.1324253812385577,-0.0394321699956587,0.031225652221716395,0.1235156266433319,0.07737063943252415
Qwen3-8B,SciERC,W02-1602,P4,P5,P4->P5,-0.0089097545952258,-0.0085984327257998,-0.0303806034692873,-0.0331525094923928,0.024242754897167,0.021782170743487497,0.023012462820327248
Qwen3-8B,SciERC,W02-1602,P5,P6,P5->P6,-0.0085984327257998,-0.008216479376036,-0.0086165006941882,-0.0090065166684022,0.0004080839426024007,0.00040002131815219943,0.00040405263037730007
Qwen3-8B,EBM-NLP,8913901,P1,P2,P1->P2,-0.0114974161701886,-0.0068924882345729,-0.014909036733486,-0.0244739433508282,0.012976527180639602,0.0080165484989131,0.010496537839776351
Qwen3-8B,EBM-NLP,8913901,P2,P3,P2->P3,-0.0068924882345729,-0.0052679896204914,-0.0159240688510875,-0.0334611420094231,0.026568653774850202,0.010656079230596098,0.01861236650272315
Qwen3-8B,EBM-NLP,8913901,P3,P4,P3->P4,-0.0052679896204914,-0.0237315075337579,-0.1601858947656511,-0.0753864093342018,0.07011841971371041,0.13645438723189318,0.1032864034728018
Qwen3-8B,EBM-NLP,8913901,P4,P5,P4->P5,-0.0237315075337579,-0.0272385321281574,-0.055814853310585,-0.0969870725704222,0.0732555650366643,0.0285763211824276,0.050915943109545954
Qwen3-8B,EBM-NLP,8913901,P5,P6,P5->P6,-0.0272385321281574,-0.020089791064531,-0.0234362583764841,-0.0382270316282908,0.010988499500133402,0.0033464673119530976,0.00716748340604325
Qwen3-8B,EBM-NLP,14739125,P1,P2,P1->P2,-0.0159396838467076,-0.0116474963035367,-0.0274453486016672,-0.0334176759253133,0.0174779920786057,0.0157978522981305,0.0166379221883681
Qwen3-8B,EBM-NLP,14739125,P2,P3,P2->P3,-0.0116474963035367,-0.0023693135844951,-0.0130432741752883,-0.0319271509851655,0.0202796546816288,0.0106739605907932,0.015476807636211
Qwen3-8B,EBM-NLP,14739125,P3,P4,P3->P4,-0.0023693135844951,-0.0345686623390684,-0.4796048833968792,-0.0659791122307069,0.0636097986462118,0.44503622105781077,0.2543230098520113
Qwen3-8B,EBM-NLP,14739125,P4,P5,P4->P5,-0.0345686623390684,-0.007519147992134,-0.2036556053161621,-0.2592180536148395,0.2246493912757711,0.19613645732402812,0.21039292429989961
Qwen3-8B,EBM-NLP,14739125,P5,P6,P5->P6,-0.007519147992134,-0.0119491803646087,-0.007519147992134,-0.0119491803646087,0.004430032372474699,0.004430032372474699,0.004430032372474699
Qwen3-8B,EBM-NLP,24726342,P1,P2,P1->P2,-0.0047925141561462,-0.0040368020415781,-0.021752228151517,-0.01072190366835,0.0059293895122038,0.017715426109938898,0.011822407811071349
Qwen3-8B,EBM-NLP,24726342,P2,P3,P2->P3,-0.0040368020415781,-0.0027143647411904,-0.0040368020415781,-0.0027143647411904,0.0013224373003877,0.0013224373003877,0.0013224373003877
Qwen3-8B,EBM-NLP,24726342,P3,P4,P3->P4,-0.0027143647411904,-0.0244467059771219,-0.2995043553804096,-0.0273135435800865,0.024599178838896098,0.2750576494032877,0.1498284141210919
Qwen3-8B,EBM-NLP,24726342,P4,P5,P4->P5,-0.0244467059771219,-0.0221532493356674,-0.2159623702367147,-0.0297878413346775,0.0053411353575556,0.1938091209010473,0.09957512812930144
Qwen3-8B,EBM-NLP,24726342,P5,P6,P5->P6,-0.0221532493356674,-0.0196060749391714,-0.0327163036757459,-0.0408047456589956,0.018651496323328198,0.013110228736574497,0.01588086252995135
Qwen3-8B,EBM-NLP,21924760,P1,P2,P1->P2,-0.0149933556529963,-0.0161268424618151,-0.0364282260569491,-0.0350774693711895,0.020084113718193203,0.020301383595134,0.020192748656663602
Qwen3-8B,EBM-NLP,21924760,P2,P3,P2->P3,-0.0161268424618151,-0.0125923293216206,-0.0350774693711895,-0.0377231217169946,0.021596279255179502,0.022485140049568905,0.022040709652374202
Qwen3-8B,EBM-NLP,21924760,P3,P4,P3->P4,-0.0125923293216206,-0.0113223166884602,-0.2684607956860516,-0.1662813851209444,0.1536890557993238,0.2571384789975914,0.2054137673984576
Qwen3-8B,EBM-NLP,21924760,P4,P5,P4->P5,-0.0113223166884602,-0.0129019591543409,-0.7130121866861979,-0.1906159930937999,0.1792936764053397,0.700110227531857,0.43970195196859835
Qwen3-8B,EBM-NLP,21924760,P5,P6,P5->P6,-0.0129019591543409,-0.0129025991146381,-0.0244925228449014,-0.027990796830919,0.015088837676578098,0.011589923730263301,0.0133393807034207
Qwen3-8B,EBM-NLP,25898782,P1,P2,P1->P2,-0.0063776935072764,-0.0114192562859232,-0.0126374466571866,-0.017927886787474,0.0115501932801976,0.0012181903712634012,0.0063841918257305005
Qwen3-8B,EBM-NLP,25898782,P2,P3,P2->P3,-0.0114192562859232,-0.0143434185958659,-0.024224376959893,-0.0113971709175323,2.2085368390899196e-05,0.0098809583640271,0.004951521866209
Qwen3-8B,EBM-NLP,25898782,P3,P4,P3->P4,-0.0143434185958659,-0.0038016644589926,-0.1692975629930911,-0.0696887327741479,0.055345314178282,0.1654958985340985,0.11042060635619025
Qwen3-8B,EBM-NLP,25898782,P4,P5,P4->P5,-0.0038016644589926,-0.0069529996676878,-0.0643155970187349,-0.0607514668094075,0.056949802350414906,0.0573625973510471,0.057156199850731004
Qwen3-8B,EBM-NLP,25898782,P5,P6,P5->P6,-0.0069529996676878,-0.0050115159458734,-0.0069529996676878,-0.0050115159458734,0.0019414837218143998,0.0019414837218143998,0.0019414837218143998
Qwen3-8B,EBM-NLP,3534803,P1,P2,P1->P2,-0.0056121199707161,-0.0070181040763827,-0.0310303275584519,-0.0147844602904197,0.0091723403197036,0.0240122234820692,0.0165922819008864
Qwen3-8B,EBM-NLP,3534803,P2,P3,P2->P3,-0.0070181040763827,-0.0051458102982881,-0.0095767185549767,-0.0133740494251196,0.0063559453487369,0.0044309082566886,0.00539342680271275
Qwen3-8B,EBM-NLP,3534803,P3,P4,P3->P4,-0.0051458102982881,-0.016430959701538,-0.143152901649475,-0.0447243055122443,0.039578495213956205,0.126721941947937,0.08315021858094661
Qwen3-8B,EBM-NLP,3534803,P4,P5,P4->P5,-0.016430959701538,-0.0238824347616173,-0.0766001892559774,-0.1628537864685058,0.1464228267669678,0.0527177544943601,0.09957029063066394
Qwen3-8B,EBM-NLP,3534803,P5,P6,P5->P6,-0.0238824347616173,-0.0060625664497676,-0.0151749682661734,-0.0400380184142513,0.016155583652634,0.0091124018164058,0.0126339927345199
Qwen3-8B,EBM-NLP,21896676,P1,P2,P1->P2,-0.0070951611680143,-0.0037920410321517,-0.0079788613048466,-0.0098459889783578,0.002750827810343499,0.0041868202726949,0.0034688240415191992
Qwen3-8B,EBM-NLP,21896676,P2,P3,P2->P3,-0.0037920410321517,-0.0030505251358122,-0.0037920410321517,-0.0030505251358122,0.0007415158963394999,0.0007415158963394999,0.0007415158963394999
Qwen3-8B,EBM-NLP,21896676,P3,P4,P3->P4,-0.0030505251358122,-0.0156525056395265,-0.1968128111627367,-0.0594845346372687,0.0564340095014565,0.1811603055232102,0.11879715751233334
Qwen3-8B,EBM-NLP,21896676,P4,P5,P4->P5,-0.0156525056395265,-0.007976965897757,-0.0355666031979996,-0.0162149858143594,0.0005624801748329022,0.0275896373002426,0.01407605873753775
Qwen3-8B,EBM-NLP,21896676,P5,P6,P5->P6,-0.007976965897757,-0.0127387208783108,-0.007976965897757,-0.0127387208783108,0.0047617549805538,0.0047617549805538,0.0047617549805538
Qwen3-8B,EBM-NLP,23392542,P1,P2,P1->P2,-0.0089602595816055,-0.0079739785223164,-0.0140870090287465,-0.0336787010247159,0.024718441443110403,0.0061130305064300994,0.01541573597477025
Qwen3-8B,EBM-NLP,23392542,P2,P3,P2->P3,-0.0079739785223164,-0.0162634405949451,-0.0385269072829085,-0.0228274304032101,0.0148534518808937,0.0222634666879634,0.01855845928442855
Qwen3-8B,EBM-NLP,23392542,P3,P4,P3->P4,-0.0162634405949451,-0.0182943241349582,-0.3514580891050141,-0.2166370805895444,0.20037363999459928,0.3331637649700559,0.2667687024823276
Qwen3-8B,EBM-NLP,23392542,P4,P5,P4->P5,-0.0182943241349582,-0.0247697887729994,-0.2444950682641584,-0.2736560887303845,0.2553617645954263,0.219725279491159,0.23754352204329265
Qwen3-8B,EBM-NLP,23392542,P5,P6,P5->P6,-0.0247697887729994,-0.019976622202027,-0.0612278859800016,-0.0507425531933579,0.0259727644203585,0.041251263777974605,0.03361201409916655
Qwen3-8B,EBM-NLP,23103798,P1,P2,P1->P2,-0.006588998801854,-0.0051763183342254,-0.006588998801854,-0.0051763183342254,0.0014126804676286003,0.0014126804676286003,0.0014126804676286003
Qwen3-8B,EBM-NLP,23103798,P2,P3,P2->P3,-0.0051763183342254,-0.010728980061309,-0.0068830812200047,-0.0077375505803798,0.0025612322461544,0.0038458988413043,0.00320356554372935
Qwen3-8B,EBM-NLP,23103798,P3,P4,P3->P4,-0.010728980061309,-0.0190032148602032,-0.1565352079242166,-0.0680149099521938,0.057285929890884796,0.1375319930640134,0.0974089614774491
Qwen3-8B,EBM-NLP,23103798,P4,P5,P4->P5,-0.0190032148602032,-0.0127997245899466,-0.4955753947413245,-0.2164951960245768,0.1974919811643736,0.4827756701513779,0.34013382565787575
Qwen3-8B,EBM-NLP,23103798,P5,P6,P5->P6,-0.0127997245899466,-0.0156785887341166,-0.0127997245899466,-0.0156785887341166,0.0028788641441700007,0.0028788641441700007,0.0028788641441700007
Qwen3-8B,EBM-NLP,21669557,P1,P2,P1->P2,-0.0036451737171617,-0.0054491290758396,-0.0036451737171617,-0.0054491290758396,0.0018039553586778998,0.0018039553586778998,0.0018039553586778998
Qwen3-8B,EBM-NLP,21669557,P2,P3,P2->P3,-0.0054491290758396,-0.0056237708299587,-0.0334427658325204,-0.0274503263420072,0.022001197266167602,0.0278189950025617,0.02491009613436465
Qwen3-8B,EBM-NLP,21669557,P3,P4,P3->P4,-0.0056237708299587,-0.0115924015641212,-0.5860176086425781,-0.2396674007177353,0.23404362988777658,0.5744252070784569,0.40423441848311675
Qwen3-8B,EBM-NLP,21669557,P4,P5,P4->P5,-0.0115924015641212,-0.0256700572513398,-0.3848104022798084,-0.282373833656311,0.2707814320921898,0.3591403450284686,0.3149608885603292
Qwen3-8B,EBM-NLP,21669557,P5,P6,P5->P6,-0.0256700572513398,-0.0348587137587527,-0.0451430716413132,-0.0298563715011354,0.004186314249795601,0.010284357882560498,0.007235336066178049
Qwen3-8B,EBM-NLP,12576806,P1,P2,P1->P2,-0.0091249644756317,-0.0082213495534362,-0.0091249644756317,-0.0082213495534362,0.0009036149221954993,0.0009036149221954993,0.0009036149221954993
Qwen3-8B,EBM-NLP,12576806,P2,P3,P2->P3,-0.0082213495534362,-0.0115281023930028,-0.0302901323308649,-0.0405289768538576,0.032307627300421395,0.0187620299378621,0.025534828619141747
Qwen3-8B,EBM-NLP,12576806,P3,P4,P3->P4,-0.0115281023930028,-0.0279439091682434,-0.5587590932846069,-0.134563686614184,0.1230355842211812,0.5308151841163635,0.32692538416877237
Qwen3-8B,EBM-NLP,12576806,P4,P5,P4->P5,-0.0279439091682434,-0.043703122217147,-0.2144283232141713,-0.3304553429285685,0.3025114337603251,0.1707252009970243,0.23661831737867467
Qwen3-8B,EBM-NLP,12576806,P5,P6,P5->P6,-0.043703122217147,-0.03458222001791,-0.0327427051961422,-0.0687814696890408,0.025078347471893796,0.0018395148217678,0.013458931146830798
Qwen3-8B,SciERC,J86-3001,P1,P2,P1->P2,-0.0145187843396949,-0.0160491473264604,-0.0201762744842805,-0.0161969856611297,0.0016782013214347996,0.0041271271578200985,0.002902664239627449
Qwen3-8B,SciERC,J86-3001,P2,P3,P2->P3,-0.0160491473264604,-0.0375382730611211,-0.0726505010873855,-0.0342623937904136,0.018213246463953198,0.035112228026264396,0.026662737245108797
Qwen3-8B,SciERC,J86-3001,P3,P4,P3->P4,-0.0375382730611211,-0.0227275470161382,-0.2457163701602799,-0.1521576213029523,0.1146193482418312,0.2229888231441417,0.16880408569298644
Qwen3-8B,SciERC,J86-3001,P4,P5,P4->P5,-0.0227275470161382,-0.0128217335643409,-0.0382807384484721,-0.1064272442647136,0.0836996972485754,0.0254590048841312,0.054579351066353296
Qwen3-8B,SciERC,J86-3001,P5,P6,P5->P6,-0.0128217335643409,-0.0137045240592,-0.0113005284864291,-0.0155779138443354,0.0027561802799945002,0.002403995572770899,0.0025800879263826997
Qwen3-8B,EBM-NLP,21982657,P1,P2,P1->P2,-0.0036589542827451,-0.0059904169630837,-0.0036589542827451,-0.0059904169630837,0.0023314626803385996,0.0023314626803385996,0.0023314626803385996
Qwen3-8B,EBM-NLP,21982657,P2,P3,P2->P3,-0.0059904169630837,-0.0029339530279974,-0.0059904169630837,-0.0029339530279974,0.0030564639350862998,0.0030564639350862998,0.0030564639350862998
Qwen3-8B,EBM-NLP,21982657,P3,P4,P3->P4,-0.0029339530279974,-0.0114006638856223,-0.1252456751976224,-0.0507266560034819,0.0477927029754845,0.11384501131200009,0.08081885714374229
Qwen3-8B,EBM-NLP,21982657,P4,P5,P4->P5,-0.0114006638856223,-0.0148900471800981,-0.0235332401339397,-0.0389874022639258,0.027586738378303503,0.0086431929538416,0.01811496566607255
Qwen3-8B,EBM-NLP,21982657,P5,P6,P5->P6,-0.0148900471800981,-0.0153695200825785,-0.0155571111283459,-0.0243528097174888,0.009462762537390701,0.0001875910457673994,0.00482517679157905
Qwen3-8B,EBM-NLP,10589810,P1,P2,P1->P2,-0.005367674337801,-0.0016636728316314,-0.005367674337801,-0.0016636728316314,0.0037040015061696003,0.0037040015061696003,0.0037040015061696003
Qwen3-8B,EBM-NLP,10589810,P2,P3,P2->P3,-0.0016636728316314,-0.0074868227622305,-0.0016636728316314,-0.0074868227622305,0.0058231499305991,0.0058231499305991,0.0058231499305991
Qwen3-8B,EBM-NLP,10589810,P3,P4,P3->P4,-0.0074868227622305,-0.0095602481261543,-0.2239570954571599,-0.2366266989892767,0.2291398762270462,0.21439684733100559,0.2217683617790259
Qwen3-8B,EBM-NLP,10589810,P4,P5,P4->P5,-0.0095602481261543,-0.0124690027340598,-0.0095602481261543,-0.0124690027340598,0.0029087546079055015,0.0029087546079055015,0.0029087546079055015
Qwen3-8B,EBM-NLP,10589810,P5,P6,P5->P6,-0.0124690027340598,-0.0168106045041765,-0.02583404571291,-0.0406612637250319,0.0281922609909721,0.0090234412087335,0.0186078510998528
Qwen3-8B,EBM-NLP,19301724,P1,P2,P1->P2,-0.0057104195695884,-0.0074345250122295,-0.0172639583578761,-0.0054500853151227,0.00026033425446570033,0.0098294333456466,0.00504488380005615
Qwen3-8B,EBM-NLP,19301724,P2,P3,P2->P3,-0.0074345250122295,-0.0036791585990144,-0.0054500853151227,-0.0246682334344209,0.0172337084221914,0.0017709267161083002,0.00950231756914985
Qwen3-8B,EBM-NLP,19301724,P3,P4,P3->P4,-0.0036791585990144,-0.005497498682567,-0.1112132133649928,-0.0315560275930054,0.027876868993991003,0.1057157146824258,0.0667962918382084
Qwen3-8B,EBM-NLP,19301724,P4,P5,P4->P5,-0.005497498682567,-0.0136948502377459,-0.1558247650401634,-0.045086713454553,0.039589214771986,0.1421299148024175,0.09085956478720175
Qwen3-8B,EBM-NLP,19301724,P5,P6,P5->P6,-0.0136948502377459,-0.0233410796219552,-0.0307290024227566,-0.0150978237129094,0.001402973475163499,0.007387922800801399,0.004395448137982449
Qwen3-8B,EBM-NLP,2803397,P1,P2,P1->P2,-0.0071262779440459,-0.002479608885455,-0.0039589936624783,-0.0059620121392162,0.0011642658048296997,0.0014793847770232997,0.0013218252909264997
Qwen3-8B,EBM-NLP,2803397,P2,P3,P2->P3,-0.002479608885455,-0.0025828156494114,-0.002479608885455,-0.0025828156494114,0.0001032067639564001,0.0001032067639564001,0.0001032067639564001
Qwen3-8B,EBM-NLP,2803397,P3,P4,P3->P4,-0.0025828156494114,-0.0124867372088255,-0.1189312652989412,-0.0983569432891457,0.0957741276397343,0.1064445280901157,0.10110932786492499
Qwen3-8B,EBM-NLP,2803397,P4,P5,P4->P5,-0.0124867372088255,-0.0159883837950857,-0.1738049935353429,-0.0463754652722041,0.0338887280633786,0.15781660974025719,0.0958526689018179
Qwen3-8B,EBM-NLP,2803397,P5,P6,P5->P6,-0.0159883837950857,-0.0144423083617137,-0.0178704037689245,-0.0238793636623181,0.0078909798672324,0.0034280954072108006,0.0056595376372216
Qwen3-8B,EBM-NLP,25479285,P1,P2,P1->P2,-0.0053523063468627,-0.0071967502071219,-0.0170238105354795,-0.0229170439191735,0.0175647375723108,0.0098270603283576,0.0136958989503342
Qwen3-8B,EBM-NLP,25479285,P2,P3,P2->P3,-0.0071967502071219,-0.0181984053603534,-0.0218942192672141,-0.0322327709691539,0.025036020762031996,0.0036958139068607003,0.014365917334446348
Qwen3-8B,EBM-NLP,25479285,P3,P4,P3->P4,-0.0181984053603534,-0.0382145862830312,-0.6205938740780479,-0.2229307026698671,0.2047322973095137,0.5823792877950167,0.3935557925522652
Qwen3-8B,EBM-NLP,25479285,P4,P5,P4->P5,-0.0382145862830312,-0.0358443312022997,-0.2686185214830481,-0.4781877618086965,0.4399731755256653,0.23277419028074842,0.33637368290320685
Qwen3-8B,EBM-NLP,25479285,P5,P6,P5->P6,-0.0358443312022997,-0.0258187509718395,-0.0300091164452689,-0.0581235574639361,0.0222792262616364,0.004190365473429401,0.0132347958675329
Qwen3-8B,EBM-NLP,20943715,P1,P2,P1->P2,-0.0043497880047652,-0.0008674334792885,-0.0043497880047652,-0.0008674334792885,0.0034823545254767,0.0034823545254767,0.0034823545254767
Qwen3-8B,EBM-NLP,20943715,P2,P3,P2->P3,-0.0008674334792885,-0.0028337980184005,-0.0008674334792885,-0.0028337980184005,0.0019663645391120002,0.0019663645391120002,0.0019663645391120002
Qwen3-8B,EBM-NLP,20943715,P3,P4,P3->P4,-0.0028337980184005,-0.0189956231550736,-0.3360198281028054,-0.0320552949036937,0.0292214968852932,0.3170242049477318,0.1731228509165125
Qwen3-8B,EBM-NLP,20943715,P4,P5,P4->P5,-0.0189956231550736,-0.011413515898688,-0.1774464681230742,-0.2313926176591353,0.2123969945040617,0.16603295222438622,0.18921497336422394
Qwen3-8B,EBM-NLP,20943715,P5,P6,P5->P6,-0.011413515898688,-0.0285683237776464,-0.0463165652995206,-0.0184925727803131,0.007079056881625101,0.0177482415218742,0.01241364920174965
Qwen3-8B,EBM-NLP,21491990,P1,P2,P1->P2,-0.0092169841400523,-0.0081463936153504,-0.0253382949091547,-0.0173206035236733,0.008103619383620999,0.017191901293804303,0.012647760338712651
Qwen3-8B,EBM-NLP,21491990,P2,P3,P2->P3,-0.0081463936153504,-0.0063741105738319,-0.0178546748725296,-0.0108999992392474,0.002753605623897001,0.0114805642986977,0.007117084961297351
Qwen3-8B,EBM-NLP,21491990,P3,P4,P3->P4,-0.0063741105738319,-0.0205175738894578,-0.3333952230486003,-0.1642155820810342,0.15784147150720232,0.3128776491591425,0.2353595603331724
Qwen3-8B,EBM-NLP,21491990,P4,P5,P4->P5,-0.0205175738894578,-0.0317570765813191,-0.3693021668328179,-0.1720245996433677,0.1515070257539099,0.3375450902514988,0.24452605800270436
Qwen3-8B,EBM-NLP,21491990,P5,P6,P5->P6,-0.0317570765813191,-0.0280120372772216,-0.0317570765813191,-0.0280120372772216,0.0037450393040974993,0.0037450393040974993,0.0037450393040974993
Qwen3-8B,EBM-NLP,10912743,P1,P2,P1->P2,-0.0094521353470868,-0.0069335794743196,-0.0532062068397616,-0.0231421086025938,0.013689973255506999,0.046272627365442,0.0299813003104745
Qwen3-8B,EBM-NLP,10912743,P2,P3,P2->P3,-0.0069335794743196,-0.001802153977347,-0.0069335794743196,-0.001802153977347,0.0051314254969726,0.0051314254969726,0.0051314254969726
Qwen3-8B,EBM-NLP,10912743,P3,P4,P3->P4,-0.001802153977347,-0.0061111633073199,-0.3752444874156605,-0.1009986483388477,0.0991964943615007,0.3691333241083406,0.23416490923492064
Qwen3-8B,EBM-NLP,10912743,P4,P5,P4->P5,-0.0061111633073199,-0.0138711495832963,-0.0061111633073199,-0.0138711495832963,0.0077599862759764,0.0077599862759764,0.0077599862759764
Qwen3-8B,EBM-NLP,10912743,P5,P6,P5->P6,-0.0138711495832963,-0.0104931789365681,-0.0138711495832963,-0.0104931789365681,0.0033779706467281997,0.0033779706467281997,0.0033779706467281997
Qwen3-8B,EBM-NLP,11454878,P1,P2,P1->P2,-0.0081263860328155,-0.0056499503552913,-0.0081263860328155,-0.0056499503552913,0.0024764356775242,0.0024764356775242,0.0024764356775242
Qwen3-8B,EBM-NLP,11454878,P2,P3,P2->P3,-0.0056499503552913,-0.0038755560514106,-0.0085774457422635,-0.0302420766664701,0.0245921263111788,0.0047018896908529,0.01464700800101585
Qwen3-8B,EBM-NLP,11454878,P3,P4,P3->P4,-0.0038755560514106,-0.011112517162935,-0.326166098186774,-0.0648999124444941,0.0610243563930835,0.315053581023839,0.18803896870846126
Qwen3-8B,EBM-NLP,11454878,P4,P5,P4->P5,-0.011112517162935,-0.0216574625057332,-0.3061395572388873,-0.0835418551048236,0.0724293379418886,0.2844820947331541,0.17845571633752136
Qwen3-8B,EBM-NLP,11454878,P5,P6,P5->P6,-0.0216574625057332,-0.0172362296745694,-0.0282793014213956,-0.0661832418511895,0.0445257793454563,0.0110430717468262,0.02778442554614125
Qwen3-8B,EBM-NLP,25950425,P1,P2,P1->P2,-0.0031158275485178,-0.0017291465235594,-0.0068818401979488,-0.0095746370431189,0.006458809494601099,0.0051526936743894,0.0058057515844952496
Qwen3-8B,EBM-NLP,25950425,P2,P3,P2->P3,-0.0017291465235594,-0.0025706050726951,-0.0075017214790561,-0.0086464973831728,0.0069173508596134005,0.004931116406361,0.0059242336329872
Qwen3-8B,EBM-NLP,25950425,P3,P4,P3->P4,-0.0025706050726951,-0.0103583822272858,-0.1718322761216253,-0.035742469494434,0.0331718644217389,0.1614738938943395,0.0973228791580392
Qwen3-8B,EBM-NLP,25950425,P4,P5,P4->P5,-0.0103583822272858,-0.0135764681141484,-0.0436715903607281,-0.0425897336231087,0.0322313513958229,0.030095122246579703,0.031163236821201302
Qwen3-8B,EBM-NLP,25950425,P5,P6,P5->P6,-0.0135764681141484,-0.0099629553204233,-0.0135764681141484,-0.0099629553204233,0.0036135127937251005,0.0036135127937251005,0.0036135127937251005
Qwen3-8B,EBM-NLP,22956006,P1,P2,P1->P2,-0.0102964306419545,-0.0037698733412529,-0.0232409179703263,-0.0270931084724989,0.0167966778305444,0.019471044629073397,0.0181338612298089
Qwen3-8B,EBM-NLP,22956006,P2,P3,P2->P3,-0.0037698733412529,-0.0108496512263274,-0.0269641331897294,-0.0095100913904915,0.0057402180492386,0.016114481963402,0.0109273500063203
Qwen3-8B,EBM-NLP,22956006,P3,P4,P3->P4,-0.0108496512263274,-0.0048219859600067,-0.4571156501770019,-0.0802956770274264,0.069446025801099,0.4522936642169952,0.2608698450090471
Qwen3-8B,EBM-NLP,22956006,P4,P5,P4->P5,-0.0048219859600067,-0.0294562669900747,-0.0048219859600067,-0.0294562669900747,0.024634281030068,0.024634281030068,0.024634281030068
Qwen3-8B,EBM-NLP,22956006,P5,P6,P5->P6,-0.0294562669900747,-0.0168811778227488,-0.0246808018003191,-0.0354980276181147,0.006041760628039999,0.007799623977570301,0.00692069230280515
Qwen3-8B,EBM-NLP,24989854,P1,P2,P1->P2,-0.0141446699698766,-0.0095952290706105,-0.0328941887811474,-0.0314702656533983,0.017325595683521697,0.0232989597105369,0.0203122776970293
Qwen3-8B,EBM-NLP,24989854,P2,P3,P2->P3,-0.0095952290706105,-0.0326985648644515,-0.0678370733276691,-0.012625008364503,0.0030297792938925004,0.035138508463217595,0.019084143878555046
Qwen3-8B,EBM-NLP,24989854,P3,P4,P3->P4,-0.0326985648644515,-0.0316388507684071,-0.2625670582056045,-0.2085520605635799,0.1758534956991284,0.23092820743719739,0.2033908515681629
Qwen3-8B,EBM-NLP,24989854,P4,P5,P4->P5,-0.0316388507684071,-0.0179036397200364,-0.7484771851654891,-0.2105400909980138,0.17890124022960668,0.7305735454454527,0.4547373928375297
Qwen3-8B,EBM-NLP,24989854,P5,P6,P5->P6,-0.0179036397200364,-0.0406714304462893,-0.0275213076518132,-0.0406739842760693,0.0227703445560329,0.0131501227944761,0.0179602336752545
Qwen3-8B,EBM-NLP,12586799,P1,P2,P1->P2,-0.002117384847284,-0.0014007863442426,-0.002117384847284,-0.0014007863442426,0.0007165985030413999,0.0007165985030413999,0.0007165985030413999
Qwen3-8B,EBM-NLP,12586799,P2,P3,P2->P3,-0.0014007863442426,-0.0083412080416702,-0.020990014758409,-0.0069627722715849,0.0055619859273423,0.0126488067167388,0.00910539632204055
Qwen3-8B,EBM-NLP,12586799,P3,P4,P3->P4,-0.0083412080416702,-0.0055622987841304,-0.4128452466898842,-0.1286175652886881,0.12027635724701789,0.4072829479057538,0.26377965257638586
Qwen3-8B,EBM-NLP,12586799,P4,P5,P4->P5,-0.0055622987841304,-0.0215822395223837,-0.0382730502348679,-0.0836030699704822,0.0780407711863518,0.0166908107124842,0.047365790949418
Qwen3-8B,EBM-NLP,12586799,P5,P6,P5->P6,-0.0215822395223837,-0.0085198363432517,-0.0215822395223837,-0.0085198363432517,0.013062403179131998,0.013062403179131998,0.013062403179131998
Qwen3-8B,EBM-NLP,22897461,P1,P2,P1->P2,-0.0074503506821487,-0.0076910026020404,-0.0074503506821487,-0.0076910026020404,0.00024065191989169985,0.00024065191989169985,0.00024065191989169985
Qwen3-8B,EBM-NLP,22897461,P2,P3,P2->P3,-0.0076910026020404,-0.0084346432261532,-0.0071947516078447,-0.0136157338999952,0.0059247312979548,0.0012398916183085007,0.00358231145813165
Qwen3-8B,EBM-NLP,22897461,P3,P4,P3->P4,-0.0084346432261532,-0.0090022209572465,-0.265895179689747,-0.0643125064671039,0.055877863240950704,0.2568929587325005,0.1563854109867256
Qwen3-8B,EBM-NLP,22897461,P4,P5,P4->P5,-0.0090022209572465,-0.0057950306095575,-0.2426270817063356,-0.1289469083286311,0.1199446873713846,0.2368320510967781,0.17838836923408136
Qwen3-8B,EBM-NLP,22897461,P5,P6,P5->P6,-0.0057950306095575,-0.0119240966282392,-0.0057950306095575,-0.0119240966282392,0.006129066018681701,0.006129066018681701,0.006129066018681701
Qwen3-8B,EBM-NLP,22341427,P1,P2,P1->P2,-0.0013587704915814,-0.0027002789001578,-0.0013587704915814,-0.0027002789001578,0.0013415084085763999,0.0013415084085763999,0.0013415084085763999
Qwen3-8B,EBM-NLP,22341427,P2,P3,P2->P3,-0.0027002789001578,-0.0041929762627675,-0.0027002789001578,-0.0041929762627675,0.0014926973626097,0.0014926973626097,0.0014926973626097
Qwen3-8B,EBM-NLP,22341427,P3,P4,P3->P4,-0.0041929762627675,-0.0084177273642885,-0.2077377130697061,-0.0390826884255257,0.0348897121627582,0.1993199857054176,0.1171048489340879
Qwen3-8B,EBM-NLP,22341427,P4,P5,P4->P5,-0.0084177273642885,-0.0029443880686393,-0.4957727449280875,-0.2056136910731975,0.197195963708909,0.4928283568594482,0.3450121602841786
Qwen3-8B,EBM-NLP,22341427,P5,P6,P5->P6,-0.0029443880686393,-0.0029815289672914,-0.0029443880686393,-0.0029815289672914,3.714089865209996e-05,3.714089865209996e-05,3.714089865209996e-05
Qwen3-8B,EBM-NLP,22154769,P1,P2,P1->P2,-0.013446442318427,-0.0123624324489751,-0.0375860010326835,-0.0175515316910557,0.0041050893726287015,0.025223568583708403,0.014664328978168552
Qwen3-8B,EBM-NLP,22154769,P2,P3,P2->P3,-0.0123624324489751,-0.0156147067893062,-0.0382684276442323,-0.0254426210964281,0.013080188647453,0.0226537208549261,0.017866954751189552
Qwen3-8B,EBM-NLP,22154769,P3,P4,P3->P4,-0.0156147067893062,-0.015970196042742,-0.2763487195211743,-0.0567166817070233,0.041101974917717096,0.26037852347843227,0.1507402491980747
Qwen3-8B,EBM-NLP,22154769,P4,P5,P4->P5,-0.015970196042742,-0.0119596648216247,-0.5030521392822266,-0.1487919489542643,0.13282175291152232,0.4910924744606019,0.3119571136860621
Qwen3-8B,EBM-NLP,22154769,P5,P6,P5->P6,-0.0119596648216247,-0.0116385789144606,-0.0333077680496942,-0.0346519756317138,0.0226923108100891,0.0216691891352336,0.02218074997266135
Qwen3-8B,EBM-NLP,18845996,P1,P2,P1->P2,-0.0093125932348462,-0.002189163605707,-0.0254136119068502,-0.0658751566482421,0.056562563413395904,0.023224448301143202,0.03989350585726956
Qwen3-8B,EBM-NLP,18845996,P2,P3,P2->P3,-0.002189163605707,-0.0012771301706762,-0.002189163605707,-0.0012771301706762,0.0009120334350307998,0.0009120334350307998,0.0009120334350307998
Qwen3-8B,EBM-NLP,18845996,P3,P4,P3->P4,-0.0012771301706762,-0.0155554331985174,-0.3437018300972733,-0.0507021997320024,0.0494250695613262,0.3281463968987559,0.18878573323004105
Qwen3-8B,EBM-NLP,18845996,P4,P5,P4->P5,-0.0155554331985174,-0.0198347233235836,-0.1060718786385324,-0.3229975232891008,0.30744209009058343,0.0862371553149488,0.19683962270276611
Qwen3-8B,EBM-NLP,18845996,P5,P6,P5->P6,-0.0198347233235836,-0.0264732923110326,-0.035948582291603,-0.0224638792375723,0.0026291559139887018,0.009475289980570397,0.006052222947279549
Qwen3-8B,EBM-NLP,9573502,P1,P2,P1->P2,-0.0047321477618352,-0.022664813233597,-0.0441072201452304,-0.0035744685249832,0.0011576792368519998,0.0214424069116334,0.011300043074242701
Qwen3-8B,EBM-NLP,9573502,P2,P3,P2->P3,-0.022664813233597,-0.0015466768355939,-0.0060611188541664,-0.0544129071718792,0.03174809393828221,0.0045144420185725,0.018131267978427353
Qwen3-8B,EBM-NLP,9573502,P3,P4,P3->P4,-0.0015466768355939,-0.0208554064685648,-0.4291969895588629,-0.0257849162227885,0.0242382393871946,0.40834158309029805,0.21628991123874633
Qwen3-8B,EBM-NLP,9573502,P4,P5,P4->P5,-0.0208554064685648,-0.0100213035208279,-0.3348583784259734,-0.4539097445932301,0.43305433812466526,0.32483707490514546,0.37894570651490533
Qwen3-8B,EBM-NLP,9573502,P5,P6,P5->P6,-0.0100213035208279,-0.0160190951628763,-0.0100213035208279,-0.0160190951628763,0.005997791642048399,0.005997791642048399,0.005997791642048399
Qwen3-8B,EBM-NLP,7707420,P1,P2,P1->P2,-0.0055203935352422,-0.0058952450625977,-0.0055203935352422,-0.0058952450625977,0.00037485152735550024,0.00037485152735550024,0.00037485152735550024
Qwen3-8B,EBM-NLP,7707420,P2,P3,P2->P3,-0.0058952450625977,-0.0134360404014587,-0.014841794013977,-0.0335844914286823,0.0276892463660846,0.0014057536125183009,0.014547499989301452
Qwen3-8B,EBM-NLP,7707420,P3,P4,P3->P4,-0.0134360404014587,-0.0217037562813077,-0.5991783823285785,-0.1651016731262207,0.151665632724762,0.5774746260472707,0.36457012938601635
Qwen3-8B,EBM-NLP,7707420,P4,P5,P4->P5,-0.0217037562813077,-0.0195285142478296,-0.2117037045753608,-0.4460823195321219,0.4243785632508142,0.19217519032753122,0.3082768767891727
Qwen3-8B,EBM-NLP,7707420,P5,P6,P5->P6,-0.0195285142478296,-0.0148243267657393,-0.0195285142478296,-0.0148243267657393,0.0047041874820903,0.0047041874820903,0.0047041874820903
Qwen3-8B,EBM-NLP,12595499,P1,P2,P1->P2,-0.0189100041818083,-0.0125675330705502,-0.0362910263459472,-0.0408560533202096,0.0219460491384013,0.023723493275397,0.022834771206899147
Qwen3-8B,EBM-NLP,12595499,P2,P3,P2->P3,-0.0125675330705502,-0.0105817851424216,-0.0352291983366012,-0.0411473416230257,0.028579808552475498,0.024647413194179603,0.026613610873327552
Qwen3-8B,EBM-NLP,12595499,P3,P4,P3->P4,-0.0105817851424216,-0.012161473336729,-0.2237739632430586,-0.040593374967575,0.030011589825153402,0.21161248990632958,0.12081203986574149
Qwen3-8B,EBM-NLP,12595499,P4,P5,P4->P5,-0.012161473336729,-0.031630577185215,-0.6732855087671524,-0.130796599735334,0.118635126398605,0.6416549315819374,0.3801450289902712
Qwen3-8B,EBM-NLP,12595499,P5,P6,P5->P6,-0.031630577185215,-0.0326182914502692,-0.0423978848890824,-0.095852894660754,0.064222317475539,0.009779593438813204,0.037000955457176105
Qwen3-8B,EBM-NLP,18189160,P1,P2,P1->P2,-0.0066968910657522,-0.0067681796538333,-0.0066968910657522,-0.0067681796538333,7.128858808110039e-05,7.128858808110039e-05,7.128858808110039e-05
Qwen3-8B,EBM-NLP,18189160,P2,P3,P2->P3,-0.0067681796538333,-0.0035658198947969,-0.0067681796538333,-0.0035658198947969,0.0032023597590364002,0.0032023597590364002,0.0032023597590364002
Qwen3-8B,EBM-NLP,18189160,P3,P4,P3->P4,-0.0035658198947969,-0.0299113010987639,-0.2891641482710838,-0.0516971042935262,0.048131284398729296,0.2592528471723199,0.15369206578552458
Qwen3-8B,EBM-NLP,18189160,P4,P5,P4->P5,-0.0299113010987639,-0.0122782519708077,-0.342610343462891,-0.2623269185423851,0.23241561744362121,0.3303320914920833,0.28137385446785224
Qwen3-8B,EBM-NLP,18189160,P5,P6,P5->P6,-0.0122782519708077,-0.0112259725315703,-0.0122782519708077,-0.0112259725315703,0.0010522794392373996,0.0010522794392373996,0.0010522794392373996
Qwen3-8B,EBM-NLP,6989377,P1,P2,P1->P2,-0.0092898151505063,-0.0104228523840387,-0.0363810859530805,-0.0156277806786765,0.006337965528170201,0.025958233569041797,0.016148099548606
Qwen3-8B,EBM-NLP,6989377,P2,P3,P2->P3,-0.0104228523840387,-0.0052011587418789,-0.0072891333248726,-0.0139092946627053,0.0034864422786665995,0.0020879745829936996,0.0027872084308301496
Qwen3-8B,EBM-NLP,6989377,P3,P4,P3->P4,-0.0052011587418789,-0.0100273842544993,-0.0733967613778077,-0.0583968354865562,0.053195676744677296,0.06336937712330841,0.058282526933992856
Qwen3-8B,EBM-NLP,6989377,P4,P5,P4->P5,-0.0100273842544993,-0.0221220646053552,-0.1004034802317619,-0.0369425933458842,0.0269152090913849,0.0782814156264067,0.052598312358895796
Qwen3-8B,EBM-NLP,6989377,P5,P6,P5->P6,-0.0221220646053552,-0.0223633684217929,-0.0221220646053552,-0.0223633684217929,0.00024130381643770044,0.00024130381643770044,0.00024130381643770044
Qwen3-8B,EBM-NLP,15014018,P1,P2,P1->P2,-0.0079701883655986,-0.006221052421854,-0.0079701883655986,-0.006221052421854,0.0017491359437445996,0.0017491359437445996,0.0017491359437445996
Qwen3-8B,EBM-NLP,15014018,P2,P3,P2->P3,-0.006221052421854,-0.0133298307589096,-0.0122775352537268,-0.0142140536096713,0.0079930011878173,0.0010522955051827983,0.004522648346500049
Qwen3-8B,EBM-NLP,15014018,P3,P4,P3->P4,-0.0133298307589096,-0.026496593202098,-0.2296206388580665,-0.1092836285640326,0.095953797805123,0.2031240456559685,0.14953892173054575
Qwen3-8B,EBM-NLP,15014018,P4,P5,P4->P5,-0.026496593202098,-0.0150308854122092,-0.0585305472646934,-0.0905360833982403,0.0640394901961423,0.0434996618524842,0.05376957602431325
Qwen3-8B,EBM-NLP,15014018,P5,P6,P5->P6,-0.0150308854122092,-0.0118140910846599,-0.0150308854122092,-0.0118140910846599,0.0032167943275493004,0.0032167943275493004,0.0032167943275493004
Qwen3-8B,EBM-NLP,10475150,P1,P2,P1->P2,-0.0013283677280518,-0.0001956873506998,-0.0013283677280518,-0.0001956873506998,0.001132680377352,0.001132680377352,0.001132680377352
Qwen3-8B,EBM-NLP,10475150,P2,P3,P2->P3,-0.0001956873506998,-0.0149944853491899,-0.2246761234795175,-0.0153830191446764,0.0151873317939766,0.20968163813032759,0.1124344849621521
Qwen3-8B,EBM-NLP,10475150,P3,P4,P3->P4,-0.0149944853491899,-0.0030199670365878,-0.2451781033405236,-0.3723068121002941,0.3573123267511042,0.2421581363039358,0.29973523152752
Qwen3-8B,EBM-NLP,10475150,P4,P5,P4->P5,-0.0030199670365878,-0.0040210358798503,-0.0030199670365878,-0.0040210358798503,0.0010010688432625001,0.0010010688432625001,0.0010010688432625001
Qwen3-8B,EBM-NLP,10475150,P5,P6,P5->P6,-0.0040210358798503,-0.0067737303674221,-0.0040210358798503,-0.0067737303674221,0.0027526944875717997,0.0027526944875717997,0.0027526944875717997
Qwen3-8B,EBM-NLP,16505427,P1,P2,P1->P2,-0.0100255127255924,-0.0071313950931653,-0.0116154939435156,-0.0113568844225926,0.0013313716970001985,0.0044840988503503,0.0029077352736752494
Qwen3-8B,EBM-NLP,16505427,P2,P3,P2->P3,-0.0071313950931653,-0.0124750233820227,-0.0199085740280933,-0.0145241617624248,0.0073927666692595,0.0074335506460706,0.0074131586576650504
Qwen3-8B,EBM-NLP,16505427,P3,P4,P3->P4,-0.0124750233820227,-0.0082102503299256,-0.1823937816409772,-0.1315959910938485,0.11912096771182581,0.1741835313110516,0.1466522495114387
Qwen3-8B,EBM-NLP,16505427,P4,P5,P4->P5,-0.0082102503299256,-0.0271126146499927,-0.3156039531414325,-0.1016385829311677,0.0934283326012421,0.2884913384914398,0.19095983554634097
Qwen3-8B,EBM-NLP,16505427,P5,P6,P5->P6,-0.0271126146499927,-0.0254266995650071,-0.0271126146499927,-0.0254266995650071,0.001685915084985598,0.001685915084985598,0.001685915084985598
Qwen3-8B,EBM-NLP,23114870,P1,P2,P1->P2,-0.0121093355308327,-0.0093804835973672,-0.0226781978903701,-0.01664109028838,0.004531754757547302,0.013297714293002902,0.008914734525275102
Qwen3-8B,EBM-NLP,23114870,P2,P3,P2->P3,-0.0093804835973672,-0.0055160603995593,-0.0266869585469083,-0.0191400495905372,0.009759565993170002,0.021170898147349,0.015465232070259502
Qwen3-8B,EBM-NLP,23114870,P3,P4,P3->P4,-0.0055160603995593,-0.0190701219770643,-0.6267918480767144,-0.3714887049962889,0.36597264459672957,0.6077217260996501,0.4868471853481898
Qwen3-8B,EBM-NLP,23114870,P4,P5,P4->P5,-0.0190701219770643,-0.0073835263817997,-0.2387326450671179,-0.0557690037621392,0.036698881785074904,0.23134911868531818,0.13402400023519653
Qwen3-8B,EBM-NLP,23114870,P5,P6,P5->P6,-0.0073835263817997,-0.012096657591351,-0.0073835263817997,-0.012096657591351,0.0047131312095513,0.0047131312095513,0.0047131312095513
Qwen3-8B,EBM-NLP,8519720,P1,P2,P1->P2,-0.0061490530032801,-0.0073465855552278,-0.0111889872286051,-0.0149175093940874,0.0087684563908073,0.0038424016733772997,0.006305429032092301
Qwen3-8B,EBM-NLP,8519720,P2,P3,P2->P3,-0.0073465855552278,-0.0041243030080139,-0.007927819991268,-0.0223818082417386,0.0150352226865108,0.0038035169832541012,0.009419369834882452
Qwen3-8B,EBM-NLP,8519720,P3,P4,P3->P4,-0.0041243030080139,-0.022288598797538,-0.2735324494250409,-0.109021965891921,0.10489766288390709,0.2512438506275029,0.178070756755705
Qwen3-8B,EBM-NLP,8519720,P4,P5,P4->P5,-0.022288598797538,-0.0191338525518127,-0.0504645161006761,-0.1083842500463708,0.0860956512488328,0.0313306635488634,0.058713157398848095
Qwen3-8B,EBM-NLP,8519720,P5,P6,P5->P6,-0.0191338525518127,-0.0166225034524412,-0.0385659779695903,-0.0445433181265126,0.025409465574699898,0.0219434745171491,0.0236764700459245
Qwen3-8B,EBM-NLP,8911222,P1,P2,P1->P2,-0.0216876696398917,-0.016478075899861,-0.0271133570508523,-0.0478482926990969,0.0261606230592052,0.0106352811509913,0.01839795210509825
Qwen3-8B,EBM-NLP,8911222,P2,P3,P2->P3,-0.016478075899861,-0.0165356493475449,-0.0146833574352551,-0.047179639339447,0.030701563439586,0.0018522919122897982,0.0162769276759379
Qwen3-8B,EBM-NLP,8911222,P3,P4,P3->P4,-0.0165356493475449,-0.031507997743545,-0.3111484281478389,-0.0700085486598949,0.05347289931235001,0.27964043040429387,0.16655666485832193
Qwen3-8B,EBM-NLP,8911222,P4,P5,P4->P5,-0.031507997743545,-0.0249776174855786,-0.3011462632999864,-0.0519890939035723,0.0204810961600273,0.2761686458144078,0.14832487098721756
Qwen3-8B,EBM-NLP,8911222,P5,P6,P5->P6,-0.0249776174855786,-0.0420326959519159,-0.0265669992991856,-0.0436297828374907,0.018652165351912102,0.015465696652730301,0.0170589310023212
Qwen3-8B,EBM-NLP,18077611,P1,P2,P1->P2,-0.0105955495151231,-0.0076111495665968,-0.0131366146010981,-0.0101972664566149,0.0003982830585081993,0.0055254650345013,0.0029618740465047495
Qwen3-8B,EBM-NLP,18077611,P2,P3,P2->P3,-0.0076111495665968,-0.0097363940445334,-0.0250134738162159,-0.0203131023833903,0.012701952816793502,0.015277079771682498,0.013989516294237999
Qwen3-8B,EBM-NLP,18077611,P3,P4,P3->P4,-0.0097363940445334,-0.0224566114525641,-0.2036822766065597,-0.0572986671697735,0.0475622731252401,0.18122566515399557,0.11439396913961783
Qwen3-8B,EBM-NLP,18077611,P4,P5,P4->P5,-0.0224566114525641,-0.0132100269442699,-0.1579804361843672,-0.0770747361644621,0.054618124711898,0.1447704092400973,0.09969426697599765
Qwen3-8B,EBM-NLP,18077611,P5,P6,P5->P6,-0.0132100269442699,-0.0172829031944274,-0.0221426460108531,-0.0303969735004862,0.017186946556216297,0.004859742816425702,0.011023344686321
Qwen3-8B,EBM-NLP,12709693,P1,P2,P1->P2,-0.0107348657509671,-0.0099635523299432,-0.0360136186196045,-0.017634676410211,0.006899810659243898,0.0260500662896613,0.016474938474452597
Qwen3-8B,EBM-NLP,12709693,P2,P3,P2->P3,-0.0099635523299432,-0.0072721067546927,-0.0219698370271489,-0.0420098565103465,0.0320463041804033,0.014697730272456199,0.023372017226429752
Qwen3-8B,EBM-NLP,12709693,P3,P4,P3->P4,-0.0072721067546927,-0.01624161555063,-0.2443461930191756,-0.0325793114871224,0.025307204732429697,0.2281045774685456,0.12670589110048763
Qwen3-8B,EBM-NLP,12709693,P4,P5,P4->P5,-0.01624161555063,-0.0156647109577798,-0.1399134864919206,-0.0821113434413935,0.0658697278907635,0.12424877553414079,0.09505925171245214
Qwen3-8B,EBM-NLP,12709693,P5,P6,P5->P6,-0.0156647109577798,-0.0102548264938852,-0.0158675136773482,-0.0128717948483605,0.0027929161094192977,0.005612687183463002,0.00420280164644115
Qwen3-8B,EBM-NLP,14679127,P1,P2,P1->P2,-0.0169194942712783,-0.0041693631932139,-0.0169194942712783,-0.0041693631932139,0.012750131078064398,0.012750131078064398,0.012750131078064398
Qwen3-8B,EBM-NLP,14679127,P2,P3,P2->P3,-0.0041693631932139,-0.0044930901192128,-0.0041693631932139,-0.0044930901192128,0.00032372692599889983,0.00032372692599889983,0.00032372692599889983
Qwen3-8B,EBM-NLP,14679127,P3,P4,P3->P4,-0.0044930901192128,-0.0064406541158568,-0.3098965051039209,-0.0686183831840753,0.0641252930648625,0.3034558509880641,0.18379057202646332
Qwen3-8B,EBM-NLP,14679127,P4,P5,P4->P5,-0.0064406541158568,-0.0092623233795166,-0.3449702086272063,-0.3567882753768057,0.35034762126094887,0.3357078852476897,0.3430277532543193
Qwen3-8B,EBM-NLP,14679127,P5,P6,P5->P6,-0.0092623233795166,-0.0055202146371205,-0.0092623233795166,-0.0055202146371205,0.0037421087423960995,0.0037421087423960995,0.0037421087423960995
Qwen3-8B,EBM-NLP,6920252,P1,P2,P1->P2,-0.0081318413456321,-0.0077859269117815,-0.0162522495491526,-0.0208678634799206,0.0127360221342885,0.008466322637371102,0.010601172385829801
Qwen3-8B,EBM-NLP,6920252,P2,P3,P2->P3,-0.0077859269117815,-0.0161863392591476,-0.0625824511051178,-0.0250982449195064,0.0173123180077249,0.0463961118459702,0.03185421492684755
Qwen3-8B,EBM-NLP,6920252,P3,P4,P3->P4,-0.0161863392591476,-0.0170016853266922,-0.2529362610408238,-0.1229202150925993,0.1067338758334517,0.2359345757141316,0.17133422577379165
Qwen3-8B,EBM-NLP,6920252,P4,P5,P4->P5,-0.0170016853266922,-0.0146339274746806,-0.183861608724845,-0.1606738264598543,0.14367214113316212,0.1692276812501644,0.15644991119166327
Qwen3-8B,EBM-NLP,6920252,P5,P6,P5->P6,-0.0146339274746806,-0.0143150779936048,-0.0338807344436645,-0.0152070133897819,0.0005730859151012995,0.0195656564500597,0.0100693711825805
Qwen3-8B,EBM-NLP,11401641,P1,P2,P1->P2,-0.0029865057028905,-0.0080908046086925,-0.0316619667985023,-0.0176894225255407,0.014702916822650201,0.0235711621898098,0.01913703950623
Qwen3-8B,EBM-NLP,11401641,P2,P3,P2->P3,-0.0080908046086925,-0.0015528302445697,-0.0385343531418281,-0.0246374953112035,0.016546690702511,0.036981522897258395,0.026764106799884696
Qwen3-8B,EBM-NLP,11401641,P3,P4,P3->P4,-0.0015528302445697,-0.0139366600248548,-0.6785171508789063,-0.0961650184821337,0.094612188237564,0.6645804908540515,0.37959633954580774
Qwen3-8B,EBM-NLP,11401641,P4,P5,P4->P5,-0.0139366600248548,-0.0076336799835672,-0.0424767805605518,-0.4844755384657118,0.470538878440857,0.0348431005769846,0.2526909895089208
Qwen3-8B,EBM-NLP,11401641,P5,P6,P5->P6,-0.0076336799835672,-0.0144667893039936,-0.0076336799835672,-0.0144667893039936,0.0068331093204264,0.0068331093204264,0.0068331093204264
Qwen3-8B,EBM-NLP,21975269,P1,P2,P1->P2,-0.0058447920224245,-0.0040087704272831,-0.0058447920224245,-0.0040087704272831,0.0018360215951414008,0.0018360215951414008,0.0018360215951414008
Qwen3-8B,EBM-NLP,21975269,P2,P3,P2->P3,-0.0040087704272831,-0.0241026532123607,-0.1029919106041307,-0.0222566738849928,0.0182479034577097,0.07888925739177,0.04856858042473985
Qwen3-8B,EBM-NLP,21975269,P3,P4,P3->P4,-0.0241026532123607,-0.014145439131218,-0.4358161457797937,-0.3118898419008867,0.287787188688526,0.4216707066485757,0.35472894766855084
Qwen3-8B,EBM-NLP,21975269,P4,P5,P4->P5,-0.014145439131218,-0.0326397158205509,-0.1262251287698745,-0.0394917329152425,0.025346293784024504,0.0935854129493236,0.05946585336667405
Qwen3-8B,EBM-NLP,21975269,P5,P6,P5->P6,-0.0326397158205509,-0.0383404580752054,-0.0495497314135233,-0.0410158932209014,0.008376177400350501,0.0112092733383179,0.0097927253693342
Qwen3-8B,EBM-NLP,24350813,P1,P2,P1->P2,-0.0037918558052768,-0.0069295190836403,-0.0215885937617382,-0.0049772072079026,0.0011853514026257997,0.0146590746780979,0.00792221304036185
Qwen3-8B,EBM-NLP,24350813,P2,P3,P2->P3,-0.0069295190836403,-0.0118512118734964,-0.0374507337081723,-0.0208949211565124,0.0139654020728721,0.025599521834675898,0.019782461953774
Qwen3-8B,EBM-NLP,24350813,P3,P4,P3->P4,-0.0118512118734964,-0.0152216880929236,-0.3754761639763327,-0.1115168623807953,0.0996656505072989,0.3602544758834091,0.229960063195354
Qwen3-8B,EBM-NLP,24350813,P4,P5,P4->P5,-0.0152216880929236,-0.0182549276135184,-0.4050685709173029,-0.0980496874042585,0.0828279993113349,0.38681364330378454,0.2348208213075597
Qwen3-8B,EBM-NLP,24350813,P5,P6,P5->P6,-0.0182549276135184,-0.0221075311951015,-0.07526027119678,-0.0734922289848327,0.055237301371314294,0.053152740001678495,0.0541950206864964
Qwen3-8B,EBM-NLP,20189026,P1,P2,P1->P2,-0.0103788991943437,-0.0117380637531132,-0.0499992084133532,-0.0591857806283828,0.0488068814340391,0.03826114466024,0.04353401304713955
Qwen3-8B,EBM-NLP,20189026,P2,P3,P2->P3,-0.0117380637531132,-0.0200521188188892,-0.0117380637531132,-0.0200521188188892,0.008314055065776,0.008314055065776,0.008314055065776
Qwen3-8B,EBM-NLP,20189026,P3,P4,P3->P4,-0.0200521188188892,-0.0178661685098301,-0.4808809107000177,-0.1026860253755436,0.0826339065566544,0.4630147421901876,0.272824324373421
Qwen3-8B,EBM-NLP,20189026,P4,P5,P4->P5,-0.0178661685098301,-0.0181375534638114,-0.1096761330314304,-0.0355053435672413,0.017639175057411197,0.09153857956761899,0.05458887731251509
Qwen3-8B,EBM-NLP,20189026,P5,P6,P5->P6,-0.0181375534638114,-0.0304709302054511,-0.0797620932261149,-0.0572727866794752,0.0391352332156638,0.049291163020663796,0.04421319811816379
Qwen3-8B,EBM-NLP,23549581,P1,P2,P1->P2,-0.0072414684823126,-0.0068889361985536,-0.0178080338128605,-0.0236910808643664,0.0164496123820538,0.0109190976143069,0.01368435499818035
Qwen3-8B,EBM-NLP,23549581,P2,P3,P2->P3,-0.0068889361985536,-0.0010689105196245,-0.0115218334510151,-0.044026881965421,0.037137945766867395,0.0104529229313906,0.023795434349128997
Qwen3-8B,EBM-NLP,23549581,P3,P4,P3->P4,-0.0010689105196245,-0.0360362589359283,-0.7320372581481933,-0.0363457448266703,0.0352768343070458,0.696000999212265,0.3656389167596554
Qwen3-8B,EBM-NLP,23549581,P4,P5,P4->P5,-0.0360362589359283,-0.0112140764624385,-0.046314542576418,-0.5031807899475098,0.4671445310115815,0.035100466113979496,0.2511224985627805
Qwen3-8B,EBM-NLP,23549581,P5,P6,P5->P6,-0.0112140764624385,-0.0072893692275225,-0.0112140764624385,-0.0072893692275225,0.003924707234916,0.003924707234916,0.003924707234916
Qwen3-8B,EBM-NLP,19802506,P1,P2,P1->P2,-0.0064982388189042,-0.0049946013255976,-0.0287442609085701,-0.0100188505334349,0.0035206117145307,0.0237496595829725,0.0136351356487516
Qwen3-8B,EBM-NLP,19802506,P2,P3,P2->P3,-0.0049946013255976,-0.0048561816103756,-0.0049946013255976,-0.0048561816103756,0.00013841971522199955,0.00013841971522199955,0.00013841971522199955
Qwen3-8B,EBM-NLP,19802506,P3,P4,P3->P4,-0.0048561816103756,-0.0059907066822052,-0.3914007568359375,-0.0277457925956696,0.022889610985293997,0.3854100501537323,0.20414983056951316
Qwen3-8B,EBM-NLP,19802506,P4,P5,P4->P5,-0.0059907066822052,-0.0113539695739746,-0.6435859821460865,-0.2884396171569824,0.2824489104747772,0.6322320125721119,0.45734046152344454
Qwen3-8B,EBM-NLP,19802506,P5,P6,P5->P6,-0.0113539695739746,-0.0106226340779718,-0.0501334892128998,-0.0363644670557092,0.025010497481734596,0.039510855134928,0.03226067630833129
Qwen3-8B,EBM-NLP,18337284,P1,P2,P1->P2,-0.0071719644919912,-0.0023775831635656,-0.0146654768493668,-0.0196120641468201,0.012440099654828899,0.0122878936858012,0.012363996670315049
Qwen3-8B,EBM-NLP,18337284,P2,P3,P2->P3,-0.0023775831635656,-0.0005269902259377,-0.027198233641684,-0.0395567919737819,0.0371792088102163,0.0266712434157463,0.0319252261129813
Qwen3-8B,EBM-NLP,18337284,P3,P4,P3->P4,-0.0005269902259377,-0.00355703185002,-0.2918375146389007,-0.1617830185485737,0.161256028322636,0.2882804827888807,0.22476825555575836
Qwen3-8B,EBM-NLP,18337284,P4,P5,P4->P5,-0.00355703185002,-0.0078598482664241,-0.1350118656491124,-0.1257797767718633,0.1222227449218433,0.1271520173826883,0.1246873811522658
Qwen3-8B,EBM-NLP,18337284,P5,P6,P5->P6,-0.0078598482664241,-0.0094281795777772,-0.0165085161202832,-0.0183061302401298,0.010446281973705698,0.0070803365425060015,0.00876330925810585
Qwen3-8B,EBM-NLP,22538329,P1,P2,P1->P2,-0.0128120649807719,-0.0199610340979791,-0.0247543758602552,-0.0242367111388526,0.011424646158080701,0.0047933417622760995,0.0081089939601784
Qwen3-8B,EBM-NLP,22538329,P2,P3,P2->P3,-0.0199610340979791,-0.0201592920456341,-0.0317898343187258,-0.035725301311862,0.015764267213882903,0.0116305422730917,0.013697404743487301
Qwen3-8B,EBM-NLP,22538329,P3,P4,P3->P4,-0.0201592920456341,-0.0353436114940237,-0.5911448458407788,-0.1153806114006181,0.095221319354984,0.5558012343467551,0.32551127685086956
Qwen3-8B,EBM-NLP,22538329,P4,P5,P4->P5,-0.0353436114940237,-0.0316435834194751,-0.0353436114940237,-0.0316435834194751,0.0037000280745485975,0.0037000280745485975,0.0037000280745485975
Qwen3-8B,EBM-NLP,22538329,P5,P6,P5->P6,-0.0316435834194751,-0.0165152625834688,-0.0316435834194751,-0.0165152625834688,0.015128320836006303,0.015128320836006303,0.015128320836006303
Qwen3-8B,EBM-NLP,25885649,P1,P2,P1->P2,-0.0108895489847427,-0.0021385784720408,-0.0099836703455817,-0.0213221511427406,0.010432602157997902,0.007845091873540901,0.009138847015769402
Qwen3-8B,EBM-NLP,25885649,P2,P3,P2->P3,-0.0021385784720408,-0.0038687677374542,-0.0021385784720408,-0.0038687677374542,0.0017301892654134,0.0017301892654134,0.0017301892654134
Qwen3-8B,EBM-NLP,25885649,P3,P4,P3->P4,-0.0038687677374542,-0.0107371601320448,-0.5791445686703637,-0.0526707060089071,0.048801938271452905,0.5684074085383188,0.30860467340488584
Qwen3-8B,EBM-NLP,25885649,P4,P5,P4->P5,-0.0107371601320448,-0.0122646938922793,-0.3786489353623501,-0.1938476108369373,0.1831104507048925,0.3663842414700708,0.27474734608748164
Qwen3-8B,EBM-NLP,25885649,P5,P6,P5->P6,-0.0122646938922793,-0.009598666845366,-0.0122646938922793,-0.009598666845366,0.0026660270469132993,0.0026660270469132993,0.0026660270469132993
Qwen3-8B,EBM-NLP,9816035,P1,P2,P1->P2,-0.0061306115806441,-0.0146496645387658,-0.0237775980518551,-0.0141618434311432,0.0080312318504991,0.0091279335130893,0.0085795826817942
Qwen3-8B,EBM-NLP,9816035,P2,P3,P2->P3,-0.0146496645387658,-0.0060333750274465,-0.0268847840143506,-0.0344447377066926,0.0197950731679268,0.0208514089869041,0.020323241077415448
Qwen3-8B,EBM-NLP,9816035,P3,P4,P3->P4,-0.0060333750274465,-0.0177202576496562,-0.4233953444684138,-0.0248236001800205,0.018790225152574,0.40567508681875764,0.21223265598566582
Qwen3-8B,EBM-NLP,9816035,P4,P5,P4->P5,-0.0177202576496562,-0.0130745521436134,-0.1445490618546804,-0.2081013663870389,0.1903811087373827,0.131474509711067,0.16092780922422484
Qwen3-8B,EBM-NLP,9816035,P5,P6,P5->P6,-0.0130745521436134,-0.0116731710121279,-0.031958556566082,-0.0803858348478873,0.0673112827042739,0.0202853855539541,0.043798334129114005
Qwen3-8B,EBM-NLP,11099086,P1,P2,P1->P2,-0.0108501828078067,-0.0084105000115823,-0.0142986648108648,-0.0141289232806725,0.003278740472865801,0.005888164799282499,0.00458345263607415
Qwen3-8B,EBM-NLP,11099086,P2,P3,P2->P3,-0.0084105000115823,-0.0112777798475619,-0.017800255628403,-0.0240412601742191,0.0156307601626368,0.0065224757808411,0.01107661797173895
Qwen3-8B,EBM-NLP,11099086,P3,P4,P3->P4,-0.0112777798475619,-0.0143404456914639,-0.3957030095306097,-0.1342226416764859,0.122944861828924,0.3813625638391458,0.25215371283403487
Qwen3-8B,EBM-NLP,11099086,P4,P5,P4->P5,-0.0143404456914639,-0.0379981386895273,-0.0729703949946983,-0.1061843399908028,0.0918438942993389,0.03497225630517101,0.06340807530225495
Qwen3-8B,EBM-NLP,11099086,P5,P6,P5->P6,-0.0379981386895273,-0.0295976332898409,-0.0568558045153348,-0.1097335628434723,0.071735424153945,0.0272581712254939,0.04949679768971945
Qwen3-8B,EBM-NLP,25886492,P1,P2,P1->P2,-0.0287596859016769,-0.0122425049264854,-0.036560065278383,-0.0820025642938046,0.053242878392127706,0.0243175603518976,0.038780219372012655
Qwen3-8B,EBM-NLP,25886492,P2,P3,P2->P3,-0.0122425049264854,-0.0109880556476254,-0.0068976349396512,-0.015414163331005,0.003171658404519599,0.004090420707974199,0.003631039556246899
Qwen3-8B,EBM-NLP,25886492,P3,P4,P3->P4,-0.0109880556476254,-0.0099231862209059,-0.2237869945439425,-0.0794224788171018,0.0684344231694764,0.21386380832303659,0.1411491157462565
Qwen3-8B,EBM-NLP,25886492,P4,P5,P4->P5,-0.0099231862209059,-0.0185880970496397,-1.193201505220853,-0.1190956408327276,0.10917245461182169,1.1746134081712134,0.6418929313915176
Qwen3-8B,EBM-NLP,25886492,P5,P6,P5->P6,-0.0185880970496397,-0.0289574357179495,-0.0185880970496397,-0.0289574357179495,0.010369338668309799,0.010369338668309799,0.010369338668309799
Qwen3-8B,EBM-NLP,21211686,P1,P2,P1->P2,-0.0096419402398169,-0.0081457149500798,-0.0089926309182456,-0.0273002344347589,0.017658294194941998,0.0008469159681658012,0.0092526050815539
Qwen3-8B,EBM-NLP,21211686,P2,P3,P2->P3,-0.0081457149500798,-0.0043458593600062,-0.009564593527466,-0.0123677874967923,0.0042220725467125,0.0052187341674597995,0.00472040335708615
Qwen3-8B,EBM-NLP,21211686,P3,P4,P3->P4,-0.0043458593600062,-0.0083321522768229,-0.2943984808987134,-0.0393006666648117,0.0349548073048055,0.2860663286218905,0.160510567963348
Qwen3-8B,EBM-NLP,21211686,P4,P5,P4->P5,-0.0083321522768229,-0.0291210010018147,-0.2398396780793096,-0.0591051872462442,0.0507730349694213,0.2107186770774949,0.1307458560234581
Qwen3-8B,EBM-NLP,21211686,P5,P6,P5->P6,-0.0291210010018147,-0.0276065292492718,-0.0291210010018147,-0.0276065292492718,0.0015144717525429029,0.0015144717525429029,0.0015144717525429029
Qwen3-8B,EBM-NLP,23985254,P1,P2,P1->P2,-0.0098980752967117,-0.0045580832127309,-0.0264569248091306,-0.0174209858890813,0.007522910592369602,0.0218988415963997,0.01471087609438465
Qwen3-8B,EBM-NLP,23985254,P2,P3,P2->P3,-0.0045580832127309,-0.0095914632800113,-0.0320432976965444,-0.0340706927590812,0.0295126095463503,0.022451834416533097,0.0259822219814417
Qwen3-8B,EBM-NLP,23985254,P3,P4,P3->P4,-0.0095914632800113,-0.0050043677506239,-0.3695800615393597,-0.051506255764559,0.0419147924845477,0.3645756937887358,0.20324524313664175
Qwen3-8B,EBM-NLP,23985254,P4,P5,P4->P5,-0.0050043677506239,-0.009484658490366,-0.067961918329125,-0.2294532112453295,0.2244488434947056,0.058477259838759,0.1414630516667323
Qwen3-8B,EBM-NLP,23985254,P5,P6,P5->P6,-0.009484658490366,-0.0083096017097604,-0.0339069839181571,-0.0264862084121846,0.0170015499218186,0.0255973822083967,0.02129946606510765
Qwen3-8B,EBM-NLP,19108790,P1,P2,P1->P2,-0.0043865792347607,-0.0049240048908701,-0.0178301179028571,-0.0125053061807283,0.008118726945967599,0.012906113011987002,0.0105124199789773
Qwen3-8B,EBM-NLP,19108790,P2,P3,P2->P3,-0.0049240048908701,-0.005630428062343,-0.0163388011477342,-0.0287780180269627,0.0238540131360926,0.0107083730853912,0.0172811931107419
Qwen3-8B,EBM-NLP,19108790,P3,P4,P3->P4,-0.005630428062343,-0.0124804029862085,-0.488374465060505,-0.1260483491166335,0.12041792105429051,0.4758940620742965,0.2981559915642935
Qwen3-8B,EBM-NLP,19108790,P4,P5,P4->P5,-0.0124804029862085,-0.0206320711544581,-0.6274657930646624,-0.1698861659476251,0.1574057629614166,0.6068337219102043,0.3821197424358105
Qwen3-8B,EBM-NLP,19108790,P5,P6,P5->P6,-0.0206320711544581,-0.010844435600134,-0.0250717250200418,-0.0639670576368059,0.04333498648234779,0.014227289419907802,0.028781137951127796
Qwen3-8B,EBM-NLP,21866656,P1,P2,P1->P2,-0.0059115597477523,-0.0029305767196591,-0.0059115597477523,-0.0029305767196591,0.0029809830280931996,0.0029809830280931996,0.0029809830280931996
Qwen3-8B,EBM-NLP,21866656,P2,P3,P2->P3,-0.0029305767196591,-0.0026823320771537,-0.0029305767196591,-0.0026823320771537,0.0002482446425053999,0.0002482446425053999,0.0002482446425053999
Qwen3-8B,EBM-NLP,21866656,P3,P4,P3->P4,-0.0026823320771537,-0.0040283989878969,-0.1506754112079603,-0.0337904233445403,0.0311080912673866,0.1466470122200634,0.088877551743725
Qwen3-8B,EBM-NLP,21866656,P4,P5,P4->P5,-0.0040283989878969,-0.0040563949917116,-0.0163678170269371,-0.0318639290032036,0.027835530015306705,0.012311422035225502,0.0200734760252661
Qwen3-8B,EBM-NLP,21866656,P5,P6,P5->P6,-0.0040563949917116,-0.001767685652798,-0.0040563949917116,-0.001767685652798,0.0022887093389135993,0.0022887093389135993,0.0022887093389135993
Qwen3-8B,EBM-NLP,10940525,P1,P2,P1->P2,-0.0434866380505021,-0.0033130661362693,-0.0147648585694176,-0.0470167462953221,0.0035301082448200016,0.0114517924331483,0.007490950338984151
Qwen3-8B,EBM-NLP,10940525,P2,P3,P2->P3,-0.0033130661362693,-0.0048894880960385,-0.0033130661362693,-0.0048894880960385,0.0015764219597692,0.0015764219597692,0.0015764219597692
Qwen3-8B,EBM-NLP,10940525,P3,P4,P3->P4,-0.0048894880960385,-0.036406496459721,-0.1619313253101212,-0.0310400801755133,0.0261505920794748,0.1255248288504002,0.0758377104649375
Qwen3-8B,EBM-NLP,10940525,P4,P5,P4->P5,-0.036406496459721,-0.0242117227509964,-0.0933856298757153,-0.133611796640911,0.09720530018119,0.06917390712471891,0.08318960365295446
Qwen3-8B,EBM-NLP,10940525,P5,P6,P5->P6,-0.0242117227509964,-0.0161468713891272,-0.0247166904748654,-0.0322353313135546,0.0080236085625582,0.0085698190857382,0.0082967138241482
Qwen3-8B,EBM-NLP,20739054,P1,P2,P1->P2,-0.0061817696476553,-0.007441348147167,-0.0110847729149945,-0.0150665492876201,0.008884779639964799,0.0036434247678274996,0.006264102203896149
Qwen3-8B,EBM-NLP,20739054,P2,P3,P2->P3,-0.007441348147167,-0.0075603135264827,-0.0119047772614067,-0.0203578945314295,0.012916546384262498,0.004344463734924,0.008630505059593249
Qwen3-8B,EBM-NLP,20739054,P3,P4,P3->P4,-0.0075603135264827,-0.015453741905537,-0.4215677545425739,-0.0673764547332211,0.059816141206738394,0.4061140126370369,0.23296507692188764
Qwen3-8B,EBM-NLP,20739054,P4,P5,P4->P5,-0.015453741905537,-0.0131461096972953,-0.5181366525045256,-0.3028007669651762,0.2873470250596392,0.5049905428072302,0.3961687839334347
Qwen3-8B,EBM-NLP,20739054,P5,P6,P5->P6,-0.0131461096972953,-0.0255203270444683,-0.0552294301051719,-0.0651220170463003,0.051975907349005,0.029709103060703602,0.0408425052048543
Qwen3-8B,EBM-NLP,21029638,P1,P2,P1->P2,-0.004449382999245,-0.0038860460346633,-0.004449382999245,-0.0038860460346633,0.0005633369645816999,0.0005633369645816999,0.0005633369645816999
Qwen3-8B,EBM-NLP,21029638,P2,P3,P2->P3,-0.0038860460346633,-0.0069627091685437,-0.0181206812468934,-0.0100141821715141,0.006128136136850799,0.0111579720783497,0.008643054107600249
Qwen3-8B,EBM-NLP,21029638,P3,P4,P3->P4,-0.0069627091685437,-0.039635919175058,-0.4298781269001511,-0.0311754443120497,0.024212735143505998,0.3902422077250931,0.20722747143429954
Qwen3-8B,EBM-NLP,21029638,P4,P5,P4->P5,-0.039635919175058,-0.0148399906313937,-0.2485598211271175,-0.2203316958445423,0.18069577666948428,0.23371983049572378,0.20720780358260404
Qwen3-8B,EBM-NLP,21029638,P5,P6,P5->P6,-0.0148399906313937,-0.0123325689979221,-0.0148399906313937,-0.0123325689979221,0.002507421633471601,0.002507421633471601,0.002507421633471601
Qwen3-8B,SciER,ICLR2024-AI4Material,P1,P2,P1->P2,-0.0200417763750207,-0.0145521798274583,-0.0240902910969914,-0.0207765127422323,0.0007347363672116011,0.0095381112695331,0.005136423818372351
Qwen3-8B,SciER,ICLR2024-AI4Material,P2,P3,P2->P3,-0.0145521798274583,-0.024320945716335,-0.0273379430281099,-0.0166046462125248,0.0020524663850665006,0.0030169973117749015,0.002534731848420701
Qwen3-8B,SciER,ICLR2024-AI4Material,P3,P4,P3->P4,-0.024320945716335,-0.0178027398386575,-0.0622685407562926,-0.0359377518099459,0.0116168060936109,0.04446580091763511,0.028041303505623005
Qwen3-8B,SciER,ICLR2024-AI4Material,P4,P5,P4->P5,-0.0178027398386575,-0.0263666217014808,-0.0318844592238498,-0.0373420213153394,0.019539281476681904,0.005517837522368996,0.01252855949952545
Qwen3-8B,SciER,ICLR2024-AI4Material,P5,P6,P5->P6,-0.0263666217014808,-0.0303714040782665,-0.0330326278978532,-0.0273687088752012,0.0010020871737204014,0.002661223819586705,0.001831655496653553
Qwen3-8B,SciER,160009536,P1,P2,P1->P2,-0.0124760367087141,-0.0191563819637904,-0.0222602531654845,-0.0126196900651821,0.00014365335646799975,0.0031038712016941,0.0016237622790810499
Qwen3-8B,SciER,160009536,P2,P3,P2->P3,-0.0191563819637904,-0.0053705774181985,-0.0064354199562285,-0.0212384167949968,0.0020820348312064023,0.0010648425380300006,0.0015734386846182015
Qwen3-8B,SciER,160009536,P3,P4,P3->P4,-0.0053705774181985,-0.0085450808990474,-0.0594469874057431,-0.0213431194449655,0.015972542026766998,0.050901906506695696,0.03343722426673135
Qwen3-8B,SciER,160009536,P4,P5,P4->P5,-0.0085450808990474,-0.0067818714739309,-0.0153967828508789,-0.0221995977822154,0.013654516883168,0.008614911376948,0.011134714130058
Qwen3-8B,SciER,160009536,P5,P6,P5->P6,-0.0067818714739309,-0.0062261039845892,-0.0061076158757371,-0.0073844316734152,0.0006025601994843,0.0001184881088521,0.0003605241541682
Qwen3-8B,SciER,244256,P1,P2,P1->P2,-0.0136277827036792,-0.0293785049452708,-0.0329868905428156,-0.013142368777153,0.0004854139265262,0.003608385597544804,0.002046899762035502
Qwen3-8B,SciER,244256,P2,P3,P2->P3,-0.0293785049452708,-0.0283350717240413,-0.0304620851290618,-0.0327900449947264,0.003411540049455604,0.0021270134050205003,0.002769276727238052
Qwen3-8B,SciER,244256,P3,P4,P3->P4,-0.0283350717240413,-0.0183612949700619,-0.0350684320506441,-0.0390731415043096,0.0107380697802683,0.016707137080582198,0.01372260343042525
Qwen3-8B,SciER,244256,P4,P5,P4->P5,-0.0183612949700619,-0.0089272362205292,-0.0123415724984283,-0.0254823203029793,0.0071210253329174016,0.0034143362778991,0.005267680805408251
Qwen3-8B,SciER,244256,P5,P6,P5->P6,-0.0089272362205292,-0.0091026172979411,-0.010225509304206,-0.0108812053238978,0.0019539691033686,0.0011228920062649004,0.0015384305548167502
Qwen3-8B,SciER,192546007,P1,P2,P1->P2,-0.0281049532535746,-0.0273499112565161,-0.0282077822379511,-0.0283681807609355,0.00026322750736089764,0.0008578709814349994,0.0005605492443979485
Qwen3-8B,SciER,192546007,P2,P3,P2->P3,-0.0273499112565161,-0.0258483951030399,-0.0272809617138136,-0.0280641552210135,0.0007142439644973984,0.0014325666107737021,0.0010734052876355503
Qwen3-8B,SciER,192546007,P3,P4,P3->P4,-0.0258483951030399,-0.0287172517687395,-0.0785418140676483,-0.0452804078620658,0.019432012759025903,0.0498245622989088,0.03462828752896735
Qwen3-8B,SciER,192546007,P4,P5,P4->P5,-0.0287172517687395,-0.025470996124568,-0.0307022600992468,-0.0469513350521992,0.018234083283459702,0.005231263974678799,0.01173267362906925
Qwen3-8B,SciER,192546007,P5,P6,P5->P6,-0.025470996124568,-0.0133558433894336,-0.0139271606711304,-0.0254619095140924,9.086610475602525e-06,0.0005713172816968013,0.0002902019460862019
Qwen3-8B,SciER,202719492,P1,P2,P1->P2,-0.0250703612594982,-0.0231881700700853,-0.0265160716138268,-0.0282585954782295,0.0031882342187312986,0.003327901543741501,0.0032580678812363997
Qwen3-8B,SciER,202719492,P2,P3,P2->P3,-0.0231881700700853,-0.0249202906958937,-0.0293611755078675,-0.02443857725099,0.0012504071809046995,0.0044408848119738,0.0028456459964392496
Qwen3-8B,SciER,202719492,P3,P4,P3->P4,-0.0249202906958937,-0.0302318540549322,-0.0774691213623555,-0.0431291153759099,0.0182088246800162,0.047237267307423295,0.03272304599371975
Qwen3-8B,SciER,202719492,P4,P5,P4->P5,-0.0302318540549322,-0.021087480997977,-0.0241676134840815,-0.0475276972808842,0.017295843225952,0.003080132486104503,0.01018798785602825
Qwen3-8B,SciER,202719492,P5,P6,P5->P6,-0.021087480997977,-0.00810911147164,-0.0101120293988685,-0.0225209968686499,0.0014335158706729016,0.0020029179272285005,0.001718216898950701
Qwen3-8B,SciER,210157153,P1,P2,P1->P2,-0.0362180261727189,-0.0147083775241974,-0.0168814003290125,-0.0358335848577553,0.00038444131496360306,0.0021730228048150984,0.0012787320598893507
Qwen3-8B,SciER,210157153,P2,P3,P2->P3,-0.0147083775241974,-0.0129478414266175,-0.0145769270231766,-0.0190280142901648,0.004319636765967401,0.0016290855965590996,0.00297436118126325
Qwen3-8B,SciER,210157153,P3,P4,P3->P4,-0.0129478414266175,-0.0133430974649968,-0.0210914088239064,-0.0233297359155512,0.010381894488933702,0.007748311358909601,0.009065102923921651
Qwen3-8B,SciER,210157153,P4,P5,P4->P5,-0.0133430974649968,-0.0069643925557159,-0.0226651130067772,-0.0194785074124865,0.006135409947489699,0.0157007204510613,0.0109180651992755
Qwen3-8B,SciER,210157153,P5,P6,P5->P6,-0.0069643925557159,-0.0132449933369116,-0.0145411376582842,-0.0065077539388127,0.00045663861690320006,0.0012961443213726012,0.0008763914691379006
Qwen3-8B,SciER,NeurIPS2023-AI4Science,P1,P2,P1->P2,-0.0342294278066805,-0.0336466763221298,-0.039665318177372,-0.0335039513639277,0.0007254764427528024,0.006018641855242195,0.0033720591489974985
Qwen3-8B,SciER,NeurIPS2023-AI4Science,P2,P3,P2->P3,-0.0336466763221298,-0.0301116281252658,-0.0333438228237183,-0.0334738686166271,0.00017280770550270191,0.003232194698452498,0.0017025012019776
Qwen3-8B,SciER,NeurIPS2023-AI4Science,P3,P4,P3->P4,-0.0301116281252658,-0.0193976988225517,-0.0266506286630458,-0.0358213144206801,0.005709686295414303,0.007252929840494103,0.006481308067954203
Qwen3-8B,SciER,NeurIPS2023-AI4Science,P4,P5,P4->P5,-0.0193976988225517,-0.0355227063603157,-0.0399936613050212,-0.0281104209022428,0.0087127220796911,0.0044709549447055005,0.0065918385121983
Qwen3-8B,SciER,NeurIPS2023-AI4Science,P5,P6,P5->P6,-0.0355227063603157,-0.0198358798702085,-0.0217598186593395,-0.0349957299542151,0.000526976406100603,0.0019239387891310002,0.0012254575976158016
Qwen3-8B,SciER,3627225,P1,P2,P1->P2,-0.0203877514765151,-0.0236804368843728,-0.0264664510041532,-0.0201443696488272,0.0002433818276879017,0.0027860141197804007,0.0015146979737341512
Qwen3-8B,SciER,3627225,P2,P3,P2->P3,-0.0236804368843728,-0.0166502350531903,-0.0196727918885166,-0.0232624958752293,0.0004179410091435,0.0030225568353263003,0.0017202489222349002
Qwen3-8B,SciER,3627225,P3,P4,P3->P4,-0.0166502350531903,-0.0152534861830417,-0.0461453791419046,-0.0278714017467676,0.011221166693577301,0.0308918929588629,0.0210565298262201
Qwen3-8B,SciER,3627225,P4,P5,P4->P5,-0.0152534861830417,-0.0149303610391147,-0.023453255951686,-0.0254370577868314,0.010183571603789701,0.0085228949125713,0.0093532332581805
Qwen3-8B,SciER,3627225,P5,P6,P5->P6,-0.0149303610391147,-0.0161205512723494,-0.0188974942671577,-0.0152197070994688,0.00028934606035409954,0.0027769429948082992,0.0015331445275811994
Qwen3-8B,SciER,AAAI2024,P1,P2,P1->P2,-0.0349358398490444,-0.0114229718415932,-0.0148545602858673,-0.033368875760777,0.0015669640882673974,0.0034315884442740995,0.0024992762662707484
Qwen3-8B,SciER,AAAI2024,P2,P3,P2->P3,-0.0114229718415932,-0.0155554187502395,-0.0228449996771925,-0.011238578323962,0.00018439351763119977,0.007289580926953001,0.0037369872222921003
Qwen3-8B,SciER,AAAI2024,P3,P4,P3->P4,-0.0155554187502395,-0.0284469909465769,-0.0568265849524323,-0.0371424800371099,0.021587061286870397,0.0283795940058554,0.0249833276463629
Qwen3-8B,SciER,AAAI2024,P4,P5,P4->P5,-0.0284469909465769,-0.0226350234049688,-0.034139524342474,-0.044238126167329,0.015791135220752102,0.0115045009375052,0.01364781807912865
Qwen3-8B,SciER,AAAI2024,P5,P6,P5->P6,-0.0226350234049688,-0.0218764545138583,-0.0233410775053926,-0.0243262215620534,0.0016911981570846002,0.0014646229915343013,0.0015779105743094508
Qwen3-8B,SciER,EMNLP2023,P1,P2,P1->P2,-0.0247281754473796,-0.0112701061677643,-0.01386103836837,-0.0250141240465741,0.0002859485991945007,0.002590932200605701,0.001438440399900101
Qwen3-8B,SciER,EMNLP2023,P2,P3,P2->P3,-0.0112701061677643,-0.0144152782981038,-0.0172512226320247,-0.0122961966918096,0.0010260905240453005,0.0028359443339208996,0.0019310174289831
Qwen3-8B,SciER,EMNLP2023,P3,P4,P3->P4,-0.0144152782981038,-0.0408489738533717,-0.0515019973557855,-0.0300413154855603,0.015626037187456497,0.010653023502413796,0.013139530344935146
Qwen3-8B,SciER,EMNLP2023,P4,P5,P4->P5,-0.0408489738533717,-0.0174287271407719,-0.023788234713468,-0.0449786589497307,0.004129685096358998,0.006359507572696099,0.005244596334527549
Qwen3-8B,SciER,EMNLP2023,P5,P6,P5->P6,-0.0174287271407719,-0.0496407494565573,-0.0503113911991022,-0.0193588453714237,0.0019301182306518012,0.0006706417425449002,0.0013003799865983507
Qwen3-8B,SciER,ICLR2024-AI4Science-Protein,P1,P2,P1->P2,-0.0220920895464059,-0.0274131221726179,-0.0325025290489691,-0.0219504625106214,0.0001416270357844987,0.005089406876351201,0.00261551695606785
Qwen3-8B,SciER,ICLR2024-AI4Science-Protein,P2,P3,P2->P3,-0.0274131221726179,-0.013439716589102,-0.0159063247625612,-0.0293081116257241,0.001894989453106198,0.0024666081734592005,0.0021807988132826993
Qwen3-8B,SciER,ICLR2024-AI4Science-Protein,P3,P4,P3->P4,-0.013439716589102,-0.0616243947733892,-0.0764310208141978,-0.0202637477232621,0.006824031134160101,0.014806626040808596,0.010815328587484348
Qwen3-8B,SciER,ICLR2024-AI4Science-Protein,P4,P5,P4->P5,-0.0616243947733892,-0.0618855520522355,-0.0667476089744959,-0.0800527625942777,0.018428367820888497,0.0048620569222604035,0.01164521237157445
Qwen3-8B,SciER,ICLR2024-AI4Science-Protein,P5,P6,P5->P6,-0.0618855520522355,-0.0626616446243133,-0.0674979994510067,-0.0652830186679879,0.0033974666157524022,0.004836354826693395,0.004116910721222899
Qwen3-8B,SciER,202888938,P1,P2,P1->P2,-0.0108749921142885,-0.0125335617309157,-0.0172130536426294,-0.0118141313920541,0.000939139277765599,0.0046794919117137,0.0028093155947396496
Qwen3-8B,SciER,202888938,P2,P3,P2->P3,-0.0125335617309157,-0.0068557855879212,-0.0106855057421986,-0.0159809507093056,0.0034473889783899012,0.0038297201542774007,0.003638554566333651
Qwen3-8B,SciER,202888938,P3,P4,P3->P4,-0.0068557855879212,-0.0279090277017908,-0.0705633635024298,-0.0397724276565311,0.0329166420686099,0.042654335800639,0.03778548893462445
Qwen3-8B,SciER,202888938,P4,P5,P4->P5,-0.0279090277017908,-0.0087952416147124,-0.0296342864347847,-0.0517515135081829,0.0238424858063921,0.020839044820072303,0.022340765313232203
Qwen3-8B,SciER,202888938,P5,P6,P5->P6,-0.0087952416147124,-0.0137717327241375,-0.0143237871700492,-0.0101103249389096,0.0013150833241972002,0.0005520544459116997,0.0009335688850544499
Qwen3-8B,SciER,CVPR2023,P1,P2,P1->P2,-0.011602930352911,-0.0095280483031467,-0.0097811903016804,-0.010817221870651,0.0007857084822600006,0.0002531419985337003,0.0005194252403968504
Qwen3-8B,SciER,CVPR2023,P2,P3,P2->P3,-0.0095280483031467,-0.0105457197050296,-0.0110554295415692,-0.008925336984688,0.0006027113184586992,0.0005097098365396003,0.0005562105774991498
Qwen3-8B,SciER,CVPR2023,P3,P4,P3->P4,-0.0105457197050296,-0.018522434468954,-0.0310086452403481,-0.0209220103157536,0.010376290610724002,0.012486210771394099,0.01143125069105905
Qwen3-8B,SciER,CVPR2023,P4,P5,P4->P5,-0.018522434468954,-0.0107410403669536,-0.0174616443124904,-0.0265307008419792,0.008008266373025198,0.0067206039455368,0.007364435159280999
Qwen3-8B,SciER,CVPR2023,P5,P6,P5->P6,-0.0107410403669536,-0.0090228547717146,-0.0100086888861312,-0.0108329058913767,9.186552442310043e-05,0.0009858341144165991,0.0005388498194198498
Qwen3-8B,SciER,53109398,P1,P2,P1->P2,-0.014068029605001,-0.0273747419008942,-0.030639882895342,-0.0135366088765973,0.0005314207284036997,0.003265140994447798,0.001898280861425749
Qwen3-8B,SciER,53109398,P2,P3,P2->P3,-0.0273747419008942,-0.0068441444384461,-0.0081728566854053,-0.0294342166448442,0.002059474743950001,0.0013287122469591997,0.0016940934954546003
Qwen3-8B,SciER,53109398,P3,P4,P3->P4,-0.0068441444384461,-0.0139903808023973,-0.0875944721110499,-0.0197100671284715,0.0128659226900254,0.0736040913086526,0.043235006999339
Qwen3-8B,SciER,53109398,P4,P5,P4->P5,-0.0139903808023973,-0.0092487063014064,-0.0244818922887469,-0.0288581610320761,0.014867780229678799,0.015233185987340499,0.015050483108509649
Qwen3-8B,SciER,53109398,P5,P6,P5->P6,-0.0092487063014064,-0.0078057472674076,-0.0095310862964184,-0.0126325664258932,0.0033838601244868,0.0017253390290108,0.0025545995767488
Qwen3-8B,SciER,52169846,P1,P2,P1->P2,-0.0112456081055825,-0.0158787066139893,-0.0180416232931293,-0.0112143161593394,3.12919462431005e-05,0.0021629166791399985,0.0010971043126915495
Qwen3-8B,SciER,52169846,P2,P3,P2->P3,-0.0158787066139893,-0.0154640815089805,-0.0170973848116773,-0.0175455845918577,0.0016668779778684015,0.001633303302696799,0.0016500906402826003
Qwen3-8B,SciER,52169846,P3,P4,P3->P4,-0.0154640815089805,-0.0103197949118367,-0.0439081944944348,-0.0310684045344942,0.0156043230255137,0.0335883995825981,0.0245963613040559
Qwen3-8B,SciER,52169846,P4,P5,P4->P5,-0.0103197949118367,-0.0261164017107645,-0.0811402841878788,-0.0263598456767084,0.0160400507648717,0.0550238824771143,0.035531966620993005
Qwen3-8B,SciER,52169846,P5,P6,P5->P6,-0.0261164017107645,-0.0120145622789209,-0.0123026914532005,-0.027012313769345,0.0008959120585805003,0.000288129174279601,0.0005920206164300506
Qwen3-8B,SciER,210702798,P1,P2,P1->P2,-0.0172158346087591,-0.0168960357090039,-0.0170703662973822,-0.0183759556590743,0.0011601210503152,0.0001743305883782978,0.0006672258193467489
Qwen3-8B,SciER,210702798,P2,P3,P2->P3,-0.0168960357090039,-0.0077708536619134,-0.0091293129581266,-0.0168625759263344,3.34597826695017e-05,0.0013584592962131992,0.0006959595394413504
Qwen3-8B,SciER,210702798,P3,P4,P3->P4,-0.0077708536619134,-0.0126048740602184,-0.0196480352059977,-0.0144592028945673,0.006688349232653899,0.007043161145779299,0.006865755189216599
Qwen3-8B,SciER,210702798,P4,P5,P4->P5,-0.0126048740602184,-0.0077647016074404,-0.0355509459534815,-0.0262367349883048,0.0136318609280864,0.027786244346041104,0.02070905263706375
Qwen3-8B,SciER,210702798,P5,P6,P5->P6,-0.0077647016074404,-0.0072186204909439,-0.0077736345768375,-0.0070566008728114,0.0007081007346289997,0.0005550140858935999,0.0006315574102612998
