model_id,dataset,record_id,condition,prompt_kind,has_prompt,response_source,has_response
Gemma-3-12B-IT,EBM-NLP,11229858,P1,user,True,raw:raw_output,True
Gemma-3-12B-IT,EBM-NLP,2678230,P1,user,True,raw:raw_output,True
Gemma-3-12B-IT,EBM-NLP,11229858,P2,user,True,raw:raw_output,True
Gemma-3-12B-IT,EBM-NLP,8916620,P1,user,True,raw:raw_output,True
Gemma-3-12B-IT,EBM-NLP,11381289,P1,user,True,raw:raw_output,True
Gemma-3-12B-IT,EBM-NLP,4919024,P1,user,True,raw:raw_output,True
Gemma-3-12B-IT,EBM-NLP,3067745,P1,user,True,raw:raw_output,True
Gemma-3-12B-IT,EBM-NLP,19708562,P1,user,True,raw:raw_output,True
Gemma-3-12B-IT,SciERC,P86-1011,P1,user,True,raw:raw_output,True
Gemma-3-12B-IT,EBM-NLP,21914768,P1,user,True,raw:raw_output,True
Gemma-3-12B-IT,EBM-NLP,23849147,P1,user,True,raw:raw_output,True
Gemma-3-12B-IT,EBM-NLP,15358868,P1,user,True,raw:raw_output,True
Gemma-3-12B-IT,EBM-NLP,2678230,P2,user,True,raw:raw_output,True
Gemma-3-12B-IT,EBM-NLP,6938020,P1,user,True,raw:raw_output,True
Gemma-3-12B-IT,EBM-NLP,19096921,P1,user,True,raw:raw_output,True
Gemma-3-12B-IT,EBM-NLP,7844976,P1,user,True,raw:raw_output,True
Gemma-3-12B-IT,SciERC,ECCV_2016_110_abs,P1,user,True,raw:raw_output,True
Gemma-3-12B-IT,EBM-NLP,384815,P1,user,True,raw:raw_output,True
Gemma-3-12B-IT,EBM-NLP,10934569,P1,user,True,raw:raw_output,True
Gemma-3-12B-IT,EBM-NLP,22271197,P1,user,True,raw:raw_output,True
Gemma-3-12B-IT,SciERC,P06-3007,P1,user,True,raw:raw_output,True
Gemma-3-12B-IT,EBM-NLP,24803369,P1,user,True,raw:raw_output,True
Gemma-3-12B-IT,EBM-NLP,8779382,P1,user,True,raw:raw_output,True
Gemma-3-12B-IT,SciERC,E95-1033,P1,user,True,raw:raw_output,True
Gemma-3-12B-IT,EBM-NLP,11229858,P3,user,True,raw:raw_output,True
Gemma-3-12B-IT,SciERC,C88-1044,P1,user,True,raw:raw_output,True
Gemma-3-12B-IT,SciERC,I05-5004,P1,user,True,raw:raw_output,True
Gemma-3-12B-IT,SciERC,P06-1018,P1,user,True,raw:raw_output,True
Gemma-3-12B-IT,SciERC,E99-1015,P1,user,True,raw:raw_output,True
Gemma-3-12B-IT,EBM-NLP,22416755,P1,user,True,raw:raw_output,True
Gemma-3-12B-IT,SciERC,P06-2012,P1,user,True,raw:raw_output,True
Gemma-3-12B-IT,EBM-NLP,8916620,P2,user,True,raw:raw_output,True
Gemma-3-12B-IT,EBM-NLP,1459268,P1,user,True,raw:raw_output,True
Gemma-3-12B-IT,SciERC,P05-1039,P1,user,True,raw:raw_output,True
Gemma-3-12B-IT,EBM-NLP,1968178,P1,user,True,raw:raw_output,True
Gemma-3-12B-IT,EBM-NLP,11891832,P1,user,True,raw:raw_output,True
Gemma-3-12B-IT,EBM-NLP,1780092,P1,user,True,raw:raw_output,True
Gemma-3-12B-IT,SciERC,P06-1053,P1,user,True,raw:raw_output,True
Gemma-3-12B-IT,EBM-NLP,25931290,P1,user,True,raw:raw_output,True
Gemma-3-12B-IT,SciERC,P05-2013,P1,user,True,raw:raw_output,True
Gemma-3-12B-IT,EBM-NLP,1131298,P1,user,True,raw:raw_output,True
Gemma-3-12B-IT,EBM-NLP,20509069,P1,user,True,raw:raw_output,True
Gemma-3-12B-IT,EBM-NLP,7017018,P1,user,True,raw:raw_output,True
Gemma-3-12B-IT,EBM-NLP,11381289,P2,user,True,raw:raw_output,True
Gemma-3-12B-IT,SciERC,C86-1081,P1,user,True,raw:raw_output,True
Gemma-3-12B-IT,SciERC,P06-1013,P1,user,True,raw:raw_output,True
Gemma-3-12B-IT,EBM-NLP,15854186,P1,user,True,raw:raw_output,True
Gemma-3-12B-IT,SciERC,P06-4007,P1,user,True,raw:raw_output,True
Gemma-3-12B-IT,EBM-NLP,4919024,P2,user,True,raw:raw_output,True
Gemma-3-12B-IT,EBM-NLP,11750293,P1,user,True,raw:raw_output,True
Gemma-3-12B-IT,EBM-NLP,3067745,P2,user,True,raw:raw_output,True
Gemma-3-12B-IT,EBM-NLP,6951573,P1,user,True,raw:raw_output,True
Gemma-3-12B-IT,SciERC,P83-1004,P1,user,True,raw:raw_output,True
Gemma-3-12B-IT,EBM-NLP,9229602,P1,user,True,raw:raw_output,True
Gemma-3-12B-IT,EBM-NLP,19708562,P2,user,True,raw:raw_output,True
Gemma-3-12B-IT,SciERC,C04-1011,P1,user,True,raw:raw_output,True
Gemma-3-12B-IT,SciERC,P86-1011,P2,user,True,raw:raw_output,True
Gemma-3-12B-IT,SciERC,E06-1022,P1,user,True,raw:raw_output,True
Gemma-3-12B-IT,EBM-NLP,21914768,P2,user,True,raw:raw_output,True
Gemma-3-12B-IT,EBM-NLP,20618920,P1,user,True,raw:raw_output,True
Gemma-3-12B-IT,SciERC,CVPR_2003_30_abs,P1,user,True,raw:raw_output,True
Gemma-3-12B-IT,SciERC,CVPR_2004_18_abs,P1,user,True,raw:raw_output,True
Gemma-3-12B-IT,EBM-NLP,23849147,P2,user,True,raw:raw_output,True
Gemma-3-12B-IT,EBM-NLP,3081600,P1,user,True,raw:raw_output,True
Gemma-3-12B-IT,EBM-NLP,24660757,P1,user,True,raw:raw_output,True
Gemma-3-12B-IT,SciERC,H05-1095,P1,user,True,raw:raw_output,True
Gemma-3-12B-IT,EBM-NLP,15358868,P2,user,True,raw:raw_output,True
Gemma-3-12B-IT,SciERC,P03-1070,P1,user,True,raw:raw_output,True
Gemma-3-12B-IT,EBM-NLP,6938020,P2,user,True,raw:raw_output,True
Gemma-3-12B-IT,SciERC,C08-2010,P1,user,True,raw:raw_output,True
Gemma-3-12B-IT,SciERC,C04-1128,P1,user,True,raw:raw_output,True
Gemma-3-12B-IT,EBM-NLP,19096921,P2,user,True,raw:raw_output,True
Gemma-3-12B-IT,SciERC,INTERSPEECH_2007_40_abs,P1,user,True,raw:raw_output,True
Gemma-3-12B-IT,EBM-NLP,7844976,P2,user,True,raw:raw_output,True
Gemma-3-12B-IT,SciERC,ECCV_2016_110_abs,P2,user,True,raw:raw_output,True
Gemma-3-12B-IT,SciERC,N06-1037,P1,user,True,raw:raw_output,True
Gemma-3-12B-IT,SciERC,C04-1036,P1,user,True,raw:raw_output,True
Gemma-3-12B-IT,EBM-NLP,23838728,P1,user,True,raw:raw_output,True
Gemma-3-12B-IT,EBM-NLP,384815,P2,user,True,raw:raw_output,True
Gemma-3-12B-IT,EBM-NLP,2678230,P3,user,True,raw:raw_output,True
Gemma-3-12B-IT,EBM-NLP,10934569,P2,user,True,raw:raw_output,True
Gemma-3-12B-IT,EBM-NLP,22271197,P2,user,True,raw:raw_output,True
Gemma-3-12B-IT,EBM-NLP,7827398,P1,user,True,raw:raw_output,True
Gemma-3-12B-IT,SciERC,P06-3007,P2,user,True,raw:raw_output,True
Gemma-3-12B-IT,SciERC,CVPR_2011_10_abs,P1,user,True,raw:raw_output,True
Gemma-3-12B-IT,EBM-NLP,23021296,P1,user,True,raw:raw_output,True
Gemma-3-12B-IT,SciERC,NIPS_2016_80_abs,P1,user,True,raw:raw_output,True
Gemma-3-12B-IT,EBM-NLP,24803369,P2,user,True,raw:raw_output,True
Gemma-3-12B-IT,SciERC,CVPR_1999_15_abs,P1,user,True,raw:raw_output,True
Gemma-3-12B-IT,EBM-NLP,8779382,P2,user,True,raw:raw_output,True
Gemma-3-12B-IT,EBM-NLP,16427787,P1,user,True,raw:raw_output,True
Gemma-3-12B-IT,SciERC,C96-1062,P1,user,True,raw:raw_output,True
Gemma-3-12B-IT,SciERC,J82-3002,P1,user,True,raw:raw_output,True
Gemma-3-12B-IT,SciERC,E95-1033,P2,user,True,raw:raw_output,True
Gemma-3-12B-IT,SciERC,ICCV_2013_25_abs,P1,user,True,raw:raw_output,True
Gemma-3-12B-IT,EBM-NLP,3919804,P1,user,True,raw:raw_output,True
Gemma-3-12B-IT,SciERC,N04-1022,P1,user,True,raw:raw_output,True
Gemma-3-12B-IT,SciERC,C88-1044,P2,user,True,raw:raw_output,True
Gemma-3-12B-IT,EBM-NLP,18229990,P1,user,True,raw:raw_output,True
Gemma-3-12B-IT,SciERC,C90-3063,P1,user,True,raw:raw_output,True
Gemma-3-12B-IT,SciERC,CVPR_2004_30_abs,P1,user,True,raw:raw_output,True
Gemma-3-12B-IT,EBM-NLP,11229858,P4,user,True,raw:raw_output,True
Gemma-3-12B-IT,EBM-NLP,2223363,P1,user,True,raw:raw_output,True
Gemma-3-12B-IT,SciERC,P06-1018,P2,user,True,raw:raw_output,True
Gemma-3-12B-IT,SciERC,I05-5004,P2,user,True,raw:raw_output,True
Gemma-3-12B-IT,EBM-NLP,22416755,P2,user,True,raw:raw_output,True
Gemma-3-12B-IT,SciERC,I05-4010,P1,user,True,raw:raw_output,True
Gemma-3-12B-IT,SciERC,NIPS_2002_18_abs,P1,user,True,raw:raw_output,True
Gemma-3-12B-IT,EBM-NLP,1459268,P2,user,True,raw:raw_output,True
Gemma-3-12B-IT,SciERC,E99-1015,P2,user,True,raw:raw_output,True
Gemma-3-12B-IT,SciERC,P06-2012,P2,user,True,raw:raw_output,True
Gemma-3-12B-IT,SciERC,P05-1039,P2,user,True,raw:raw_output,True
Gemma-3-12B-IT,EBM-NLP,10752495,P1,user,True,raw:raw_output,True
Gemma-3-12B-IT,SciERC,P01-1056,P1,user,True,raw:raw_output,True
Gemma-3-12B-IT,EBM-NLP,18773733,P1,user,True,raw:raw_output,True
Gemma-3-12B-IT,SciERC,INTERSPEECH_2013_21_abs,P1,user,True,raw:raw_output,True
Gemma-3-12B-IT,EBM-NLP,1968178,P2,user,True,raw:raw_output,True
Gemma-3-12B-IT,SciERC,A97-1020,P1,user,True,raw:raw_output,True
Gemma-3-12B-IT,EBM-NLP,15193668,P1,user,True,raw:raw_output,True
Gemma-3-12B-IT,EBM-NLP,1780092,P2,user,True,raw:raw_output,True
Gemma-3-12B-IT,SciERC,P06-1053,P2,user,True,raw:raw_output,True
Gemma-3-12B-IT,SciERC,P08-1105,P1,user,True,raw:raw_output,True
Gemma-3-12B-IT,EBM-NLP,11891832,P2,user,True,raw:raw_output,True
Gemma-3-12B-IT,EBM-NLP,25931290,P2,user,True,raw:raw_output,True
Gemma-3-12B-IT,SciERC,P05-2013,P2,user,True,raw:raw_output,True
Gemma-3-12B-IT,SciERC,C00-2123,P1,user,True,raw:raw_output,True
Gemma-3-12B-IT,EBM-NLP,2224060,P1,user,True,raw:raw_output,True
Gemma-3-12B-IT,EBM-NLP,1131298,P2,user,True,raw:raw_output,True
Gemma-3-12B-IT,EBM-NLP,6421395,P1,user,True,raw:raw_output,True
Gemma-3-12B-IT,EBM-NLP,22744141,P1,user,True,raw:raw_output,True
Gemma-3-12B-IT,SciERC,NIPS_2001_11_abs,P1,user,True,raw:raw_output,True
Gemma-3-12B-IT,SciERC,CVPR_2009_18_abs,P1,user,True,raw:raw_output,True
Gemma-3-12B-IT,SciERC,ECCV_2012_30_abs,P1,user,True,raw:raw_output,True
Gemma-3-12B-IT,EBM-NLP,20509069,P2,user,True,raw:raw_output,True
Gemma-3-12B-IT,EBM-NLP,8916620,P3,user,True,raw:raw_output,True
Gemma-3-12B-IT,EBM-NLP,17293018,P1,user,True,raw:raw_output,True
Gemma-3-12B-IT,EBM-NLP,7017018,P2,user,True,raw:raw_output,True
Gemma-3-12B-IT,SciERC,NIPS_2002_11_abs,P1,user,True,raw:raw_output,True
Gemma-3-12B-IT,SciERC,ICML_1995_38_abs,P1,user,True,raw:raw_output,True
Gemma-3-12B-IT,EBM-NLP,11642083,P1,user,True,raw:raw_output,True
Gemma-3-12B-IT,SciERC,C86-1081,P2,user,True,raw:raw_output,True
Gemma-3-12B-IT,SciERC,C04-1035,P1,user,True,raw:raw_output,True
Gemma-3-12B-IT,SciERC,P06-1013,P2,user,True,raw:raw_output,True
Gemma-3-12B-IT,EBM-NLP,15854186,P2,user,True,raw:raw_output,True
Gemma-3-12B-IT,SciERC,P06-4007,P2,user,True,raw:raw_output,True
Gemma-3-12B-IT,EBM-NLP,11750293,P2,user,True,raw:raw_output,True
Gemma-3-12B-IT,SciERC,I05-5003,P1,user,True,raw:raw_output,True
Gemma-3-12B-IT,EBM-NLP,6951573,P2,user,True,raw:raw_output,True
Gemma-3-12B-IT,SciERC,P83-1004,P2,user,True,raw:raw_output,True
Gemma-3-12B-IT,SciERC,H01-1049,P1,user,True,raw:raw_output,True
Gemma-3-12B-IT,SciERC,P85-1019,P1,user,True,raw:raw_output,True
Gemma-3-12B-IT,SciERC,C90-3045,P1,user,True,raw:raw_output,True
Gemma-3-12B-IT,EBM-NLP,11381289,P3,user,True,raw:raw_output,True
Gemma-3-12B-IT,EBM-NLP,9481998,P1,user,True,raw:raw_output,True
Gemma-3-12B-IT,SciERC,N03-1033,P1,user,True,raw:raw_output,True
Gemma-3-12B-IT,SciERC,C04-1106,P1,user,True,raw:raw_output,True
Gemma-3-12B-IT,EBM-NLP,9229602,P2,user,True,raw:raw_output,True
Gemma-3-12B-IT,SciERC,C04-1011,P2,user,True,raw:raw_output,True
Gemma-3-12B-IT,SciERC,E06-1022,P2,user,True,raw:raw_output,True
Gemma-3-12B-IT,EBM-NLP,20618920,P2,user,True,raw:raw_output,True
Gemma-3-12B-IT,SciERC,CVPR_2003_30_abs,P2,user,True,raw:raw_output,True
Gemma-3-12B-IT,EBM-NLP,16055807,P1,user,True,raw:raw_output,True
Gemma-3-12B-IT,SciERC,P04-2005,P1,user,True,raw:raw_output,True
Gemma-3-12B-IT,EBM-NLP,2088233,P1,user,True,raw:raw_output,True
Gemma-3-12B-IT,SciERC,CVPR_2004_18_abs,P2,user,True,raw:raw_output,True
Gemma-3-12B-IT,EBM-NLP,3067745,P3,user,True,raw:raw_output,True
Gemma-3-12B-IT,EBM-NLP,2188766,P1,user,True,raw:raw_output,True
Gemma-3-12B-IT,SciERC,ICCV_2001_47_abs,P1,user,True,raw:raw_output,True
Gemma-3-12B-IT,EBM-NLP,3081600,P2,user,True,raw:raw_output,True
Gemma-3-12B-IT,EBM-NLP,4919024,P3,user,True,raw:raw_output,True
Gemma-3-12B-IT,EBM-NLP,24660757,P2,user,True,raw:raw_output,True
Gemma-3-12B-IT,EBM-NLP,19159999,P1,user,True,raw:raw_output,True
Gemma-3-12B-IT,SciERC,ICCV_2003_161_abs,P1,user,True,raw:raw_output,True
Gemma-3-12B-IT,SciERC,C04-1103,P1,user,True,raw:raw_output,True
Gemma-3-12B-IT,SciERC,N03-1026,P1,user,True,raw:raw_output,True
Gemma-3-12B-IT,EBM-NLP,19708562,P3,user,True,raw:raw_output,True
Gemma-3-12B-IT,SciERC,H05-1095,P2,user,True,raw:raw_output,True
Gemma-3-12B-IT,EBM-NLP,20804366,P1,user,True,raw:raw_output,True
Gemma-3-12B-IT,EBM-NLP,12477021,P1,user,True,raw:raw_output,True
Gemma-3-12B-IT,EBM-NLP,23357440,P1,user,True,raw:raw_output,True
Gemma-3-12B-IT,SciERC,P03-1070,P2,user,True,raw:raw_output,True
Gemma-3-12B-IT,EBM-NLP,21914768,P3,user,True,raw:raw_output,True
Gemma-3-12B-IT,SciERC,P86-1011,P3,user,True,raw:raw_output,True
Gemma-3-12B-IT,SciERC,INTERSPEECH_2014_40_abs,P1,user,True,raw:raw_output,True
Gemma-3-12B-IT,EBM-NLP,2066441,P1,user,True,raw:raw_output,True
Gemma-3-12B-IT,EBM-NLP,17616069,P1,user,True,raw:raw_output,True
Gemma-3-12B-IT,SciERC,E89-1016,P1,user,True,raw:raw_output,True
Gemma-3-12B-IT,EBM-NLP,23849147,P3,user,True,raw:raw_output,True
Gemma-3-12B-IT,SciERC,CVPR_2008_258_abs,P1,user,True,raw:raw_output,True
Gemma-3-12B-IT,SciERC,ICASSP_2016_11_abs,P1,user,True,raw:raw_output,True
Gemma-3-12B-IT,SciERC,ICML_2016_10_abs,P1,user,True,raw:raw_output,True
Gemma-3-12B-IT,SciERC,P05-1076,P1,user,True,raw:raw_output,True
Gemma-3-12B-IT,SciERC,C08-2010,P2,user,True,raw:raw_output,True
Gemma-3-12B-IT,SciERC,C04-1128,P2,user,True,raw:raw_output,True
Gemma-3-12B-IT,EBM-NLP,25068497,P1,user,True,raw:raw_output,True
Gemma-3-12B-IT,SciERC,J05-4003,P1,user,True,raw:raw_output,True
Gemma-3-12B-IT,SciERC,INTERSPEECH_2007_40_abs,P2,user,True,raw:raw_output,True
Gemma-3-12B-IT,SciERC,C04-1036,P2,user,True,raw:raw_output,True
Gemma-3-12B-IT,SciERC,N06-1037,P2,user,True,raw:raw_output,True
Gemma-3-12B-IT,SciERC,P05-1046,P1,user,True,raw:raw_output,True
Gemma-3-12B-IT,EBM-NLP,15358868,P3,user,True,raw:raw_output,True
Gemma-3-12B-IT,EBM-NLP,23838728,P2,user,True,raw:raw_output,True
Gemma-3-12B-IT,EBM-NLP,6938020,P3,user,True,raw:raw_output,True
Gemma-3-12B-IT,SciERC,CVPR_2011_10_abs,P2,user,True,raw:raw_output,True
Gemma-3-12B-IT,SciERC,NIPS_2016_80_abs,P2,user,True,raw:raw_output,True
Gemma-3-12B-IT,EBM-NLP,23021296,P2,user,True,raw:raw_output,True
Gemma-3-12B-IT,SciERC,CVPR_1999_15_abs,P2,user,True,raw:raw_output,True
Gemma-3-12B-IT,EBM-NLP,7827398,P2,user,True,raw:raw_output,True
Gemma-3-12B-IT,SciERC,INTERSPEECH_2006_21_abs,P1,user,True,raw:raw_output,True
Gemma-3-12B-IT,EBM-NLP,16427787,P2,user,True,raw:raw_output,True
Gemma-3-12B-IT,SciERC,C96-1062,P2,user,True,raw:raw_output,True
Gemma-3-12B-IT,SciERC,J82-3002,P2,user,True,raw:raw_output,True
Gemma-3-12B-IT,SciERC,CVPR_1993_10_abs,P1,user,True,raw:raw_output,True
Gemma-3-12B-IT,EBM-NLP,2678230,P4,user,True,raw:raw_output,True
Gemma-3-12B-IT,EBM-NLP,21170734,P1,user,True,raw:raw_output,True
Gemma-3-12B-IT,EBM-NLP,23417625,P1,user,True,raw:raw_output,True
Gemma-3-12B-IT,EBM-NLP,19096921,P3,user,True,raw:raw_output,True
Gemma-3-12B-IT,SciERC,ICCV_2013_25_abs,P2,user,True,raw:raw_output,True
Gemma-3-12B-IT,SciERC,N04-1022,P2,user,True,raw:raw_output,True
Gemma-3-12B-IT,EBM-NLP,25369243,P1,user,True,raw:raw_output,True
Gemma-3-12B-IT,EBM-NLP,7844976,P3,user,True,raw:raw_output,True
Gemma-3-12B-IT,EBM-NLP,3919804,P2,user,True,raw:raw_output,True
Gemma-3-12B-IT,SciERC,ECCV_2016_110_abs,P3,user,True,raw:raw_output,True
Gemma-3-12B-IT,SciERC,CVPR_2006_10_abs,P1,user,True,raw:raw_output,True
Gemma-3-12B-IT,EBM-NLP,18229990,P2,user,True,raw:raw_output,True
Gemma-3-12B-IT,SciERC,CVPR_2016_413_abs,P1,user,True,raw:raw_output,True
Gemma-3-12B-IT,SciERC,C90-3063,P2,user,True,raw:raw_output,True
Gemma-3-12B-IT,EBM-NLP,384815,P3,user,True,raw:raw_output,True
Gemma-3-12B-IT,EBM-NLP,10934569,P3,user,True,raw:raw_output,True
Gemma-3-12B-IT,SciERC,CVPR_2004_30_abs,P2,user,True,raw:raw_output,True
Gemma-3-12B-IT,EBM-NLP,2223363,P2,user,True,raw:raw_output,True
Gemma-3-12B-IT,EBM-NLP,22271197,P3,user,True,raw:raw_output,True
Gemma-3-12B-IT,EBM-NLP,11495215,P1,user,True,raw:raw_output,True
Gemma-3-12B-IT,SciERC,NIPS_2002_18_abs,P2,user,True,raw:raw_output,True
Gemma-3-12B-IT,SciERC,P06-3007,P3,user,True,raw:raw_output,True
Gemma-3-12B-IT,EBM-NLP,24803369,P3,user,True,raw:raw_output,True
Gemma-3-12B-IT,SciERC,I05-4010,P2,user,True,raw:raw_output,True
Gemma-3-12B-IT,SciERC,NIPS_2015_18_abs,P1,user,True,raw:raw_output,True
Gemma-3-12B-IT,EBM-NLP,18503531,P1,user,True,raw:raw_output,True
Gemma-3-12B-IT,EBM-NLP,8779382,P3,user,True,raw:raw_output,True
Gemma-3-12B-IT,SciERC,E95-1033,P3,user,True,raw:raw_output,True
Gemma-3-12B-IT,EBM-NLP,10752495,P2,user,True,raw:raw_output,True
Gemma-3-12B-IT,SciERC,P01-1056,P2,user,True,raw:raw_output,True
Gemma-3-12B-IT,SciERC,INTERSPEECH_2013_21_abs,P2,user,True,raw:raw_output,True
Gemma-3-12B-IT,EBM-NLP,15193668,P2,user,True,raw:raw_output,True
Gemma-3-12B-IT,SciERC,A97-1020,P2,user,True,raw:raw_output,True
Gemma-3-12B-IT,EBM-NLP,18773733,P2,user,True,raw:raw_output,True
Gemma-3-12B-IT,SciERC,INTERSPEECH_2008_20_abs,P1,user,True,raw:raw_output,True
Gemma-3-12B-IT,SciERC,P08-1105,P2,user,True,raw:raw_output,True
Gemma-3-12B-IT,SciERC,C88-1044,P3,user,True,raw:raw_output,True
Gemma-3-12B-IT,EBM-NLP,6421395,P2,user,True,raw:raw_output,True
Gemma-3-12B-IT,EBM-NLP,2224060,P2,user,True,raw:raw_output,True
Gemma-3-12B-IT,SciERC,C00-2123,P2,user,True,raw:raw_output,True
Gemma-3-12B-IT,EBM-NLP,22744141,P2,user,True,raw:raw_output,True
Gemma-3-12B-IT,EBM-NLP,24075141,P1,user,True,raw:raw_output,True
Gemma-3-12B-IT,SciERC,NIPS_2001_11_abs,P2,user,True,raw:raw_output,True
Gemma-3-12B-IT,EBM-NLP,361799,P1,user,True,raw:raw_output,True
Gemma-3-12B-IT,SciERC,NIPS_2016_560_abs,P1,user,True,raw:raw_output,True
Gemma-3-12B-IT,EBM-NLP,10578479,P1,user,True,raw:raw_output,True
Gemma-3-12B-IT,EBM-NLP,7831628,P1,user,True,raw:raw_output,True
Gemma-3-12B-IT,SciERC,ECCV_2012_30_abs,P2,user,True,raw:raw_output,True
Gemma-3-12B-IT,SciERC,I05-5004,P3,user,True,raw:raw_output,True
Gemma-3-12B-IT,EBM-NLP,18958161,P1,user,True,raw:raw_output,True
Gemma-3-12B-IT,SciERC,P06-1018,P3,user,True,raw:raw_output,True
Gemma-3-12B-IT,EBM-NLP,6418441,P1,user,True,raw:raw_output,True
Gemma-3-12B-IT,SciERC,CVPR_2009_18_abs,P2,user,True,raw:raw_output,True
Gemma-3-12B-IT,EBM-NLP,1459268,P3,user,True,raw:raw_output,True
Gemma-3-12B-IT,EBM-NLP,22416755,P3,user,True,raw:raw_output,True
Gemma-3-12B-IT,SciERC,E99-1015,P3,user,True,raw:raw_output,True
Gemma-3-12B-IT,EBM-NLP,17293018,P2,user,True,raw:raw_output,True
Gemma-3-12B-IT,SciERC,P06-2012,P3,user,True,raw:raw_output,True
Gemma-3-12B-IT,SciERC,P05-1039,P3,user,True,raw:raw_output,True
Gemma-3-12B-IT,EBM-NLP,10390665,P1,user,True,raw:raw_output,True
Gemma-3-12B-IT,SciERC,ICML_1995_38_abs,P2,user,True,raw:raw_output,True
Gemma-3-12B-IT,SciERC,NIPS_2002_11_abs,P2,user,True,raw:raw_output,True
Gemma-3-12B-IT,EBM-NLP,7853069,P1,user,True,raw:raw_output,True
Gemma-3-12B-IT,EBM-NLP,11642083,P2,user,True,raw:raw_output,True
Gemma-3-12B-IT,SciERC,E91-1012,P1,user,True,raw:raw_output,True
Gemma-3-12B-IT,EBM-NLP,12139812,P1,user,True,raw:raw_output,True
Gemma-3-12B-IT,SciERC,C04-1035,P2,user,True,raw:raw_output,True
Gemma-3-12B-IT,EBM-NLP,1968178,P3,user,True,raw:raw_output,True
Gemma-3-12B-IT,EBM-NLP,1780092,P3,user,True,raw:raw_output,True
Gemma-3-12B-IT,EBM-NLP,8916620,P4,user,True,raw:raw_output,True
Gemma-3-12B-IT,EBM-NLP,11891832,P3,user,True,raw:raw_output,True
Gemma-3-12B-IT,SciERC,P06-1053,P3,user,True,raw:raw_output,True
Gemma-3-12B-IT,EBM-NLP,25931290,P3,user,True,raw:raw_output,True
Gemma-3-12B-IT,SciERC,P05-2013,P3,user,True,raw:raw_output,True
Gemma-3-12B-IT,SciERC,CVPR_2010_30_abs,P1,user,True,raw:raw_output,True
Gemma-3-12B-IT,SciERC,I05-5003,P2,user,True,raw:raw_output,True
Gemma-3-12B-IT,EBM-NLP,1131298,P3,user,True,raw:raw_output,True
Gemma-3-12B-IT,EBM-NLP,20509069,P3,user,True,raw:raw_output,True
Gemma-3-12B-IT,SciERC,P85-1019,P2,user,True,raw:raw_output,True
Gemma-3-12B-IT,SciERC,H01-1049,P2,user,True,raw:raw_output,True
Gemma-3-12B-IT,SciERC,J86-4002,P1,user,True,raw:raw_output,True
Gemma-3-12B-IT,SciERC,N03-1033,P2,user,True,raw:raw_output,True
Gemma-3-12B-IT,SciERC,C04-1106,P2,user,True,raw:raw_output,True
Gemma-3-12B-IT,EBM-NLP,7017018,P3,user,True,raw:raw_output,True
Gemma-3-12B-IT,SciERC,C90-3045,P2,user,True,raw:raw_output,True
Gemma-3-12B-IT,EBM-NLP,9481998,P2,user,True,raw:raw_output,True
Gemma-3-12B-IT,EBM-NLP,22646975,P1,user,True,raw:raw_output,True
Gemma-3-12B-IT,SciERC,CVPR_2011_11_abs,P1,user,True,raw:raw_output,True
Gemma-3-12B-IT,SciERC,C86-1081,P3,user,True,raw:raw_output,True
Gemma-3-12B-IT,SciERC,ICML_2016_18_abs,P1,user,True,raw:raw_output,True
Gemma-3-12B-IT,EBM-NLP,16167234,P1,user,True,raw:raw_output,True
Gemma-3-12B-IT,EBM-NLP,15854186,P3,user,True,raw:raw_output,True
Gemma-3-12B-IT,EBM-NLP,16055807,P2,user,True,raw:raw_output,True
Gemma-3-12B-IT,SciERC,P06-1013,P3,user,True,raw:raw_output,True
Gemma-3-12B-IT,EBM-NLP,22435114,P1,user,True,raw:raw_output,True
Gemma-3-12B-IT,SciERC,P06-4007,P3,user,True,raw:raw_output,True
Gemma-3-12B-IT,SciERC,P04-2005,P2,user,True,raw:raw_output,True
Gemma-3-12B-IT,SciERC,ICML_2006_119_abs,P1,user,True,raw:raw_output,True
Gemma-3-12B-IT,EBM-NLP,2088233,P2,user,True,raw:raw_output,True
Gemma-3-12B-IT,EBM-NLP,11381289,P4,user,True,raw:raw_output,True
Gemma-3-12B-IT,EBM-NLP,2188766,P2,user,True,raw:raw_output,True
Gemma-3-12B-IT,EBM-NLP,11750293,P3,user,True,raw:raw_output,True
Gemma-3-12B-IT,SciERC,ICCV_2001_47_abs,P2,user,True,raw:raw_output,True
Gemma-3-12B-IT,EBM-NLP,6951573,P3,user,True,raw:raw_output,True
Gemma-3-12B-IT,EBM-NLP,18783504,P1,user,True,raw:raw_output,True
Gemma-3-12B-IT,EBM-NLP,1286547,P1,user,True,raw:raw_output,True
Gemma-3-12B-IT,SciERC,P83-1004,P3,user,True,raw:raw_output,True
Gemma-3-12B-IT,EBM-NLP,24451919,P1,user,True,raw:raw_output,True
Gemma-3-12B-IT,SciERC,E93-1066,P1,user,True,raw:raw_output,True
Gemma-3-12B-IT,SciERC,ICCV_2003_161_abs,P2,user,True,raw:raw_output,True
Gemma-3-12B-IT,SciERC,C94-1091,P1,user,True,raw:raw_output,True
Gemma-3-12B-IT,EBM-NLP,19159999,P2,user,True,raw:raw_output,True
Gemma-3-12B-IT,SciERC,N03-1026,P2,user,True,raw:raw_output,True
Gemma-3-12B-IT,SciERC,P05-1056,P1,user,True,raw:raw_output,True
Gemma-3-12B-IT,SciERC,C04-1103,P2,user,True,raw:raw_output,True
Gemma-3-12B-IT,EBM-NLP,9229602,P3,user,True,raw:raw_output,True
Gemma-3-12B-IT,EBM-NLP,4919024,P4,user,True,raw:raw_output,True
Gemma-3-12B-IT,EBM-NLP,3067745,P4,user,True,raw:raw_output,True
Gemma-3-12B-IT,EBM-NLP,23357440,P2,user,True,raw:raw_output,True
Gemma-3-12B-IT,EBM-NLP,20804366,P2,user,True,raw:raw_output,True
Gemma-3-12B-IT,SciERC,C04-1011,P3,user,True,raw:raw_output,True
Gemma-3-12B-IT,EBM-NLP,12477021,P2,user,True,raw:raw_output,True
Gemma-3-12B-IT,SciERC,INTERSPEECH_2014_40_abs,P2,user,True,raw:raw_output,True
Gemma-3-12B-IT,SciERC,E06-1022,P3,user,True,raw:raw_output,True
Gemma-3-12B-IT,EBM-NLP,20618920,P3,user,True,raw:raw_output,True
Gemma-3-12B-IT,EBM-NLP,20560622,P1,user,True,raw:raw_output,True
Gemma-3-12B-IT,SciERC,CVPR_2003_30_abs,P3,user,True,raw:raw_output,True
Gemma-3-12B-IT,SciERC,E89-1016,P2,user,True,raw:raw_output,True
Gemma-3-12B-IT,EBM-NLP,17616069,P2,user,True,raw:raw_output,True
Gemma-3-12B-IT,EBM-NLP,1669598,P1,user,True,raw:raw_output,True
Gemma-3-12B-IT,EBM-NLP,2066441,P2,user,True,raw:raw_output,True
Gemma-3-12B-IT,SciERC,ICASSP_1997_706_abs,P1,user,True,raw:raw_output,True
Gemma-3-12B-IT,SciERC,CVPR_2004_18_abs,P3,user,True,raw:raw_output,True
Gemma-3-12B-IT,EBM-NLP,19708562,P4,user,True,raw:raw_output,True
Gemma-3-12B-IT,SciERC,ICASSP_2016_11_abs,P2,user,True,raw:raw_output,True
Gemma-3-12B-IT,EBM-NLP,17321989,P1,user,True,raw:raw_output,True
Gemma-3-12B-IT,SciERC,CVPR_2008_258_abs,P2,user,True,raw:raw_output,True
Gemma-3-12B-IT,EBM-NLP,21106663,P1,user,True,raw:raw_output,True
Gemma-3-12B-IT,EBM-NLP,3081600,P3,user,True,raw:raw_output,True
Gemma-3-12B-IT,EBM-NLP,21914768,P4,user,True,raw:raw_output,True
Gemma-3-12B-IT,SciERC,P05-1076,P2,user,True,raw:raw_output,True
Gemma-3-12B-IT,SciERC,ICML_2016_10_abs,P2,user,True,raw:raw_output,True
Gemma-3-12B-IT,EBM-NLP,24660757,P3,user,True,raw:raw_output,True
Gemma-3-12B-IT,EBM-NLP,25068497,P2,user,True,raw:raw_output,True
Gemma-3-12B-IT,SciERC,J05-4003,P2,user,True,raw:raw_output,True
Gemma-3-12B-IT,EBM-NLP,23849147,P4,user,True,raw:raw_output,True
Gemma-3-12B-IT,EBM-NLP,9695300,P1,user,True,raw:raw_output,True
Gemma-3-12B-IT,SciERC,CVPR_2009_10_abs,P1,user,True,raw:raw_output,True
Gemma-3-12B-IT,SciERC,H05-1095,P3,user,True,raw:raw_output,True
Gemma-3-12B-IT,SciERC,P03-1070,P3,user,True,raw:raw_output,True
Gemma-3-12B-IT,SciERC,P05-1046,P2,user,True,raw:raw_output,True
Gemma-3-12B-IT,EBM-NLP,9730996,P1,user,True,raw:raw_output,True
Gemma-3-12B-IT,EBM-NLP,22420121,P1,user,True,raw:raw_output,True
Gemma-3-12B-IT,EBM-NLP,11829043,P1,user,True,raw:raw_output,True
Gemma-3-12B-IT,EBM-NLP,16295154,P1,user,True,raw:raw_output,True
Gemma-3-12B-IT,SciERC,INTERSPEECH_2006_21_abs,P2,user,True,raw:raw_output,True
Gemma-3-12B-IT,SciERC,C08-2010,P3,user,True,raw:raw_output,True
Gemma-3-12B-IT,EBM-NLP,15358868,P4,user,True,raw:raw_output,True
Gemma-3-12B-IT,SciERC,CVPR_1993_10_abs,P2,user,True,raw:raw_output,True
Gemma-3-12B-IT,EBM-NLP,21170734,P2,user,True,raw:raw_output,True
Gemma-3-12B-IT,EBM-NLP,10763172,P1,user,True,raw:raw_output,True
Gemma-3-12B-IT,SciERC,C04-1128,P3,user,True,raw:raw_output,True
Gemma-3-12B-IT,EBM-NLP,23417625,P2,user,True,raw:raw_output,True
Gemma-3-12B-IT,EBM-NLP,6938020,P4,user,True,raw:raw_output,True
Gemma-3-12B-IT,EBM-NLP,25369243,P2,user,True,raw:raw_output,True
Gemma-3-12B-IT,SciERC,INTERSPEECH_2007_40_abs,P3,user,True,raw:raw_output,True
Gemma-3-12B-IT,SciERC,C04-1036,P3,user,True,raw:raw_output,True
Gemma-3-12B-IT,SciERC,N06-1037,P3,user,True,raw:raw_output,True
Gemma-3-12B-IT,SciERC,CVPR_2006_10_abs,P2,user,True,raw:raw_output,True
Gemma-3-12B-IT,SciERC,CVPR_2016_413_abs,P2,user,True,raw:raw_output,True
Gemma-3-12B-IT,EBM-NLP,15133359,P1,user,True,raw:raw_output,True
Gemma-3-12B-IT,EBM-NLP,23838728,P3,user,True,raw:raw_output,True
Gemma-3-12B-IT,EBM-NLP,19096921,P4,user,True,raw:raw_output,True
Gemma-3-12B-IT,EBM-NLP,7844976,P4,user,True,raw:raw_output,True
Gemma-3-12B-IT,EBM-NLP,11495215,P2,user,True,raw:raw_output,True
Gemma-3-12B-IT,EBM-NLP,23021296,P3,user,True,raw:raw_output,True
Gemma-3-12B-IT,EBM-NLP,7827398,P3,user,True,raw:raw_output,True
Gemma-3-12B-IT,SciERC,CVPR_1999_15_abs,P3,user,True,raw:raw_output,True
Gemma-3-12B-IT,SciERC,CVPR_2011_10_abs,P3,user,True,raw:raw_output,True
Gemma-3-12B-IT,SciERC,NIPS_2016_80_abs,P3,user,True,raw:raw_output,True
Gemma-3-12B-IT,EBM-NLP,17897478,P1,user,True,raw:raw_output,True
Gemma-3-12B-IT,SciERC,NIPS_2015_18_abs,P2,user,True,raw:raw_output,True
Gemma-3-12B-IT,EBM-NLP,16427787,P3,user,True,raw:raw_output,True
Gemma-3-12B-IT,EBM-NLP,18503531,P2,user,True,raw:raw_output,True
Gemma-3-12B-IT,EBM-NLP,24080592,P1,user,True,raw:raw_output,True
Gemma-3-12B-IT,SciERC,C96-1062,P3,user,True,raw:raw_output,True
Gemma-3-12B-IT,SciERC,J82-3002,P3,user,True,raw:raw_output,True
Gemma-3-12B-IT,EBM-NLP,384815,P4,user,True,raw:raw_output,True
Gemma-3-12B-IT,EBM-NLP,18975051,P1,user,True,raw:raw_output,True
Gemma-3-12B-IT,EBM-NLP,10934569,P4,user,True,raw:raw_output,True
Gemma-3-12B-IT,EBM-NLP,22271197,P4,user,True,raw:raw_output,True
Gemma-3-12B-IT,SciERC,ICCV_2013_25_abs,P3,user,True,raw:raw_output,True
Gemma-3-12B-IT,SciERC,INTERSPEECH_2008_20_abs,P2,user,True,raw:raw_output,True
Gemma-3-12B-IT,EBM-NLP,24803369,P4,user,True,raw:raw_output,True
Gemma-3-12B-IT,SciERC,ICML_2016_11_abs,P1,user,True,raw:raw_output,True
Gemma-3-12B-IT,EBM-NLP,3919804,P3,user,True,raw:raw_output,True
Gemma-3-12B-IT,SciERC,N04-1022,P3,user,True,raw:raw_output,True
Gemma-3-12B-IT,EBM-NLP,24317958,P1,user,True,raw:raw_output,True
Gemma-3-12B-IT,EBM-NLP,8779382,P4,user,True,raw:raw_output,True
Gemma-3-12B-IT,EBM-NLP,19727232,P1,user,True,raw:raw_output,True
Gemma-3-12B-IT,EBM-NLP,18229990,P3,user,True,raw:raw_output,True
Gemma-3-12B-IT,SciERC,C90-3063,P3,user,True,raw:raw_output,True
Gemma-3-12B-IT,SciERC,NIPS_2016_560_abs,P2,user,True,raw:raw_output,True
Gemma-3-12B-IT,EBM-NLP,7831628,P2,user,True,raw:raw_output,True
Gemma-3-12B-IT,EBM-NLP,10578479,P2,user,True,raw:raw_output,True
Gemma-3-12B-IT,EBM-NLP,361799,P2,user,True,raw:raw_output,True
Gemma-3-12B-IT,SciERC,ICCV_2013_47_abs,P1,user,True,raw:raw_output,True
Gemma-3-12B-IT,EBM-NLP,24075141,P2,user,True,raw:raw_output,True
Gemma-3-12B-IT,EBM-NLP,8726604,P1,user,True,raw:raw_output,True
Gemma-3-12B-IT,EBM-NLP,18958161,P2,user,True,raw:raw_output,True
Gemma-3-12B-IT,EBM-NLP,2223363,P3,user,True,raw:raw_output,True
Gemma-3-12B-IT,EBM-NLP,6418441,P2,user,True,raw:raw_output,True
Gemma-3-12B-IT,SciERC,CVPR_2004_30_abs,P3,user,True,raw:raw_output,True
Gemma-3-12B-IT,SciERC,CVPR_1994_10_abs,P1,user,True,raw:raw_output,True
Gemma-3-12B-IT,SciERC,ECCV_2016_204_abs,P1,user,True,raw:raw_output,True
Gemma-3-12B-IT,SciERC,I05-4010,P3,user,True,raw:raw_output,True
Gemma-3-12B-IT,SciERC,NIPS_2002_18_abs,P3,user,True,raw:raw_output,True
Gemma-3-12B-IT,EBM-NLP,10390665,P2,user,True,raw:raw_output,True
Gemma-3-12B-IT,EBM-NLP,10764172,P1,user,True,raw:raw_output,True
Gemma-3-12B-IT,EBM-NLP,10752495,P3,user,True,raw:raw_output,True
Gemma-3-12B-IT,EBM-NLP,7853069,P2,user,True,raw:raw_output,True
Gemma-3-12B-IT,SciERC,P01-1056,P3,user,True,raw:raw_output,True
Gemma-3-12B-IT,SciERC,INTERSPEECH_2013_21_abs,P3,user,True,raw:raw_output,True
Gemma-3-12B-IT,SciERC,A97-1020,P3,user,True,raw:raw_output,True
Gemma-3-12B-IT,EBM-NLP,12139812,P2,user,True,raw:raw_output,True
Gemma-3-12B-IT,EBM-NLP,15193668,P3,user,True,raw:raw_output,True
Gemma-3-12B-IT,EBM-NLP,18773733,P3,user,True,raw:raw_output,True
Gemma-3-12B-IT,SciERC,E91-1012,P2,user,True,raw:raw_output,True
Gemma-3-12B-IT,EBM-NLP,21393467,P1,user,True,raw:raw_output,True
Gemma-3-12B-IT,EBM-NLP,1459268,P4,user,True,raw:raw_output,True
Gemma-3-12B-IT,SciERC,P08-1105,P3,user,True,raw:raw_output,True
Gemma-3-12B-IT,EBM-NLP,22416755,P4,user,True,raw:raw_output,True
Gemma-3-12B-IT,SciERC,CVPR_2010_30_abs,P2,user,True,raw:raw_output,True
Gemma-3-12B-IT,EBM-NLP,2224060,P3,user,True,raw:raw_output,True
Gemma-3-12B-IT,EBM-NLP,6421395,P3,user,True,raw:raw_output,True
Gemma-3-12B-IT,EBM-NLP,19376304,P1,user,True,raw:raw_output,True
Gemma-3-12B-IT,EBM-NLP,15858959,P1,user,True,raw:raw_output,True
Gemma-3-12B-IT,SciERC,C00-2123,P3,user,True,raw:raw_output,True
Gemma-3-12B-IT,SciERC,ECCV_2016_99_abs,P1,user,True,raw:raw_output,True
Gemma-3-12B-IT,EBM-NLP,22744141,P3,user,True,raw:raw_output,True
Gemma-3-12B-IT,SciERC,NIPS_2001_11_abs,P3,user,True,raw:raw_output,True
Gemma-3-12B-IT,EBM-NLP,15848261,P1,user,True,raw:raw_output,True
Gemma-3-12B-IT,EBM-NLP,1968178,P4,user,True,raw:raw_output,True
Gemma-3-12B-IT,EBM-NLP,1780092,P4,user,True,raw:raw_output,True
Gemma-3-12B-IT,SciERC,ECCV_2012_30_abs,P3,user,True,raw:raw_output,True
Gemma-3-12B-IT,EBM-NLP,25931290,P4,user,True,raw:raw_output,True
Gemma-3-12B-IT,SciERC,CVPR_2009_18_abs,P3,user,True,raw:raw_output,True
Gemma-3-12B-IT,EBM-NLP,11891832,P4,user,True,raw:raw_output,True
Gemma-3-12B-IT,EBM-NLP,3074300,P1,user,True,raw:raw_output,True
Gemma-3-12B-IT,EBM-NLP,17293018,P3,user,True,raw:raw_output,True
Gemma-3-12B-IT,SciERC,J86-4002,P2,user,True,raw:raw_output,True
Gemma-3-12B-IT,SciERC,CVPR_2008_256_abs,P1,user,True,raw:raw_output,True
Gemma-3-12B-IT,EBM-NLP,1131298,P4,user,True,raw:raw_output,True
Gemma-3-12B-IT,SciERC,H01-1042,P1,user,True,raw:raw_output,True
Gemma-3-12B-IT,EBM-NLP,22646975,P2,user,True,raw:raw_output,True
Gemma-3-12B-IT,EBM-NLP,8989009,P1,user,True,raw:raw_output,True
Gemma-3-12B-IT,EBM-NLP,11642083,P3,user,True,raw:raw_output,True
Gemma-3-12B-IT,SciERC,ICML_1995_38_abs,P3,user,True,raw:raw_output,True
Gemma-3-12B-IT,SciERC,NIPS_2002_11_abs,P3,user,True,raw:raw_output,True
Gemma-3-12B-IT,EBM-NLP,20509069,P4,user,True,raw:raw_output,True
Gemma-3-12B-IT,SciERC,CVPR_2011_11_abs,P2,user,True,raw:raw_output,True
Gemma-3-12B-IT,SciERC,C04-1035,P3,user,True,raw:raw_output,True
Gemma-3-12B-IT,EBM-NLP,8911223,P1,user,True,raw:raw_output,True
Gemma-3-12B-IT,SciERC,ICML_2016_18_abs,P2,user,True,raw:raw_output,True
Gemma-3-12B-IT,EBM-NLP,18544974,P1,user,True,raw:raw_output,True
Gemma-3-12B-IT,EBM-NLP,16167234,P2,user,True,raw:raw_output,True
Gemma-3-12B-IT,EBM-NLP,22435114,P2,user,True,raw:raw_output,True
Gemma-3-12B-IT,SciERC,ICML_2006_119_abs,P2,user,True,raw:raw_output,True
Gemma-3-12B-IT,EBM-NLP,10070173,P1,user,True,raw:raw_output,True
Gemma-3-12B-IT,EBM-NLP,22865017,P1,user,True,raw:raw_output,True
Gemma-3-12B-IT,SciERC,ICCV_2003_151_abs,P1,user,True,raw:raw_output,True
Gemma-3-12B-IT,EBM-NLP,7017018,P4,user,True,raw:raw_output,True
Gemma-3-12B-IT,SciERC,I05-5003,P3,user,True,raw:raw_output,True
Gemma-3-12B-IT,EBM-NLP,18783504,P2,user,True,raw:raw_output,True
Gemma-3-12B-IT,EBM-NLP,1286547,P2,user,True,raw:raw_output,True
Gemma-3-12B-IT,EBM-NLP,15854186,P4,user,True,raw:raw_output,True
Gemma-3-12B-IT,EBM-NLP,24451919,P2,user,True,raw:raw_output,True
Gemma-3-12B-IT,SciERC,E93-1066,P2,user,True,raw:raw_output,True
Gemma-3-12B-IT,SciERC,H01-1049,P3,user,True,raw:raw_output,True
Gemma-3-12B-IT,SciERC,P85-1019,P3,user,True,raw:raw_output,True
Gemma-3-12B-IT,SciERC,C94-1091,P2,user,True,raw:raw_output,True
Gemma-3-12B-IT,EBM-NLP,23356250,P1,user,True,raw:raw_output,True
Gemma-3-12B-IT,SciERC,C90-3045,P3,user,True,raw:raw_output,True
Gemma-3-12B-IT,EBM-NLP,9481998,P3,user,True,raw:raw_output,True
Gemma-3-12B-IT,EBM-NLP,21718094,P1,user,True,raw:raw_output,True
Gemma-3-12B-IT,SciERC,C04-1106,P3,user,True,raw:raw_output,True
Gemma-3-12B-IT,SciERC,N03-1033,P3,user,True,raw:raw_output,True
Gemma-3-12B-IT,EBM-NLP,11750293,P4,user,True,raw:raw_output,True
Gemma-3-12B-IT,SciERC,P05-1056,P2,user,True,raw:raw_output,True
Gemma-3-12B-IT,EBM-NLP,6951573,P4,user,True,raw:raw_output,True
Gemma-3-12B-IT,EBM-NLP,20560622,P2,user,True,raw:raw_output,True
Gemma-3-12B-IT,EBM-NLP,16055807,P3,user,True,raw:raw_output,True
Gemma-3-12B-IT,EBM-NLP,1669598,P2,user,True,raw:raw_output,True
Gemma-3-12B-IT,EBM-NLP,2088233,P3,user,True,raw:raw_output,True
Gemma-3-12B-IT,EBM-NLP,9229602,P4,user,True,raw:raw_output,True
Gemma-3-12B-IT,SciERC,P04-2005,P3,user,True,raw:raw_output,True
Gemma-3-12B-IT,SciERC,ICASSP_1997_706_abs,P2,user,True,raw:raw_output,True
Gemma-3-12B-IT,EBM-NLP,22881991,P1,user,True,raw:raw_output,True
Gemma-3-12B-IT,EBM-NLP,21106663,P2,user,True,raw:raw_output,True
Gemma-3-12B-IT,SciERC,ICCV_2001_47_abs,P3,user,True,raw:raw_output,True
Gemma-3-12B-IT,EBM-NLP,2188766,P3,user,True,raw:raw_output,True
Gemma-3-12B-IT,EBM-NLP,17321989,P2,user,True,raw:raw_output,True
Gemma-3-12B-IT,EBM-NLP,20618920,P4,user,True,raw:raw_output,True
Gemma-3-12B-IT,EBM-NLP,1963383,P1,user,True,raw:raw_output,True
Gemma-3-12B-IT,SciERC,X96-1059,P1,user,True,raw:raw_output,True
Gemma-3-12B-IT,EBM-NLP,19159999,P3,user,True,raw:raw_output,True
Gemma-3-12B-IT,SciERC,ICCV_2003_161_abs,P3,user,True,raw:raw_output,True
Gemma-3-12B-IT,SciERC,N03-1026,P3,user,True,raw:raw_output,True
Gemma-3-12B-IT,SciERC,INTERSPEECH_2008_28_abs,P1,user,True,raw:raw_output,True
Gemma-3-12B-IT,SciERC,CVPR_2009_10_abs,P2,user,True,raw:raw_output,True
Gemma-3-12B-IT,EBM-NLP,9695300,P2,user,True,raw:raw_output,True
Gemma-3-12B-IT,SciERC,C04-1103,P3,user,True,raw:raw_output,True
Gemma-3-12B-IT,EBM-NLP,3081600,P4,user,True,raw:raw_output,True
Gemma-3-12B-IT,EBM-NLP,26278470,P1,user,True,raw:raw_output,True
Gemma-3-12B-IT,EBM-NLP,24660757,P4,user,True,raw:raw_output,True
Gemma-3-12B-IT,EBM-NLP,12960652,P1,user,True,raw:raw_output,True
Gemma-3-12B-IT,EBM-NLP,23357440,P3,user,True,raw:raw_output,True
Gemma-3-12B-IT,EBM-NLP,12477021,P3,user,True,raw:raw_output,True
Gemma-3-12B-IT,EBM-NLP,20804366,P3,user,True,raw:raw_output,True
Gemma-3-12B-IT,SciERC,INTERSPEECH_2014_40_abs,P3,user,True,raw:raw_output,True
Gemma-3-12B-IT,EBM-NLP,9730996,P2,user,True,raw:raw_output,True
Gemma-3-12B-IT,EBM-NLP,16295154,P2,user,True,raw:raw_output,True
Gemma-3-12B-IT,EBM-NLP,17616069,P3,user,True,raw:raw_output,True
Gemma-3-12B-IT,EBM-NLP,2066441,P3,user,True,raw:raw_output,True
Gemma-3-12B-IT,SciERC,E89-1016,P3,user,True,raw:raw_output,True
Gemma-3-12B-IT,EBM-NLP,22420121,P2,user,True,raw:raw_output,True
Gemma-3-12B-IT,EBM-NLP,11829043,P2,user,True,raw:raw_output,True
Gemma-3-12B-IT,SciERC,CVPR_2008_258_abs,P3,user,True,raw:raw_output,True
Gemma-3-12B-IT,EBM-NLP,2908133,P1,user,True,raw:raw_output,True
Gemma-3-12B-IT,SciERC,ICASSP_2016_11_abs,P3,user,True,raw:raw_output,True
Gemma-3-12B-IT,EBM-NLP,20147856,P1,user,True,raw:raw_output,True
Gemma-3-12B-IT,SciERC,ICML_2016_10_abs,P3,user,True,raw:raw_output,True
Gemma-3-12B-IT,EBM-NLP,7598243,P1,user,True,raw:raw_output,True
Gemma-3-12B-IT,SciERC,P05-1076,P3,user,True,raw:raw_output,True
Gemma-3-12B-IT,EBM-NLP,25068497,P3,user,True,raw:raw_output,True
Gemma-3-12B-IT,EBM-NLP,11737955,P1,user,True,raw:raw_output,True
Gemma-3-12B-IT,EBM-NLP,10763172,P2,user,True,raw:raw_output,True
Gemma-3-12B-IT,SciERC,J05-4003,P3,user,True,raw:raw_output,True
Gemma-3-12B-IT,EBM-NLP,7814711,P1,user,True,raw:raw_output,True
Gemma-3-12B-IT,EBM-NLP,15133359,P2,user,True,raw:raw_output,True
Gemma-3-12B-IT,SciERC,P05-1046,P3,user,True,raw:raw_output,True
Gemma-3-12B-IT,EBM-NLP,25784723,P1,user,True,raw:raw_output,True
Gemma-3-12B-IT,EBM-NLP,8771302,P1,user,True,raw:raw_output,True
Gemma-3-12B-IT,EBM-NLP,17897478,P2,user,True,raw:raw_output,True
Gemma-3-12B-IT,EBM-NLP,26210844,P1,user,True,raw:raw_output,True
Gemma-3-12B-IT,SciERC,INTERSPEECH_2006_21_abs,P3,user,True,raw:raw_output,True
Gemma-3-12B-IT,EBM-NLP,24080592,P2,user,True,raw:raw_output,True
Gemma-3-12B-IT,EBM-NLP,23838728,P4,user,True,raw:raw_output,True
Gemma-3-12B-IT,SciERC,CVPR_1993_10_abs,P3,user,True,raw:raw_output,True
Gemma-3-12B-IT,EBM-NLP,18975051,P2,user,True,raw:raw_output,True
Gemma-3-12B-IT,EBM-NLP,21170734,P3,user,True,raw:raw_output,True
Gemma-3-12B-IT,EBM-NLP,24960665,P1,user,True,raw:raw_output,True
Gemma-3-12B-IT,EBM-NLP,23417625,P3,user,True,raw:raw_output,True
Gemma-3-12B-IT,EBM-NLP,25369243,P3,user,True,raw:raw_output,True
Gemma-3-12B-IT,EBM-NLP,23021296,P4,user,True,raw:raw_output,True
Gemma-3-12B-IT,EBM-NLP,24317958,P2,user,True,raw:raw_output,True
Gemma-3-12B-IT,EBM-NLP,9394106,P1,user,True,raw:raw_output,True
Gemma-3-12B-IT,EBM-NLP,2803397,P1,user,True,raw:raw_output,True
Gemma-3-12B-IT,EBM-NLP,7827398,P4,user,True,raw:raw_output,True
Gemma-3-12B-IT,SciERC,ICML_2016_11_abs,P2,user,True,raw:raw_output,True
Gemma-3-12B-IT,EBM-NLP,16427787,P4,user,True,raw:raw_output,True
Gemma-3-12B-IT,EBM-NLP,19727232,P2,user,True,raw:raw_output,True
Gemma-3-12B-IT,SciERC,CVPR_2016_413_abs,P3,user,True,raw:raw_output,True
Gemma-3-12B-IT,SciERC,CVPR_2006_10_abs,P3,user,True,raw:raw_output,True
Gemma-3-12B-IT,EBM-NLP,20226474,P1,user,True,raw:raw_output,True
Gemma-3-12B-IT,EBM-NLP,14763035,P1,user,True,raw:raw_output,True
Gemma-3-12B-IT,EBM-NLP,8726604,P2,user,True,raw:raw_output,True
Gemma-3-12B-IT,SciERC,ICCV_2013_47_abs,P2,user,True,raw:raw_output,True
Gemma-3-12B-IT,EBM-NLP,11317090,P1,user,True,raw:raw_output,True
Gemma-3-12B-IT,EBM-NLP,3919804,P4,user,True,raw:raw_output,True
Gemma-3-12B-IT,SciERC,ECCV_2016_204_abs,P2,user,True,raw:raw_output,True
Gemma-3-12B-IT,SciERC,CVPR_1994_10_abs,P2,user,True,raw:raw_output,True
Gemma-3-12B-IT,SciERC,ECCV_2006_13_abs,P1,user,True,raw:raw_output,True
Gemma-3-12B-IT,EBM-NLP,11495215,P3,user,True,raw:raw_output,True
Gemma-3-12B-IT,EBM-NLP,18229990,P4,user,True,raw:raw_output,True
Gemma-3-12B-IT,EBM-NLP,10764172,P2,user,True,raw:raw_output,True
Gemma-3-12B-IT,EBM-NLP,18503531,P3,user,True,raw:raw_output,True
Gemma-3-12B-IT,EBM-NLP,3534803,P1,user,True,raw:raw_output,True
Gemma-3-12B-IT,SciERC,NIPS_2015_18_abs,P3,user,True,raw:raw_output,True
Gemma-3-12B-IT,EBM-NLP,14739125,P1,user,True,raw:raw_output,True
Gemma-3-12B-IT,EBM-NLP,7808649,P1,user,True,raw:raw_output,True
Gemma-3-12B-IT,EBM-NLP,2223363,P4,user,True,raw:raw_output,True
Gemma-3-12B-IT,EBM-NLP,21393467,P2,user,True,raw:raw_output,True
Gemma-3-12B-IT,SciERC,INTERSPEECH_2008_20_abs,P3,user,True,raw:raw_output,True
Gemma-3-12B-IT,EBM-NLP,19376304,P2,user,True,raw:raw_output,True
Gemma-3-12B-IT,EBM-NLP,15858959,P2,user,True,raw:raw_output,True
Gemma-3-12B-IT,EBM-NLP,10752495,P4,user,True,raw:raw_output,True
Gemma-3-12B-IT,EBM-NLP,7831628,P3,user,True,raw:raw_output,True
Gemma-3-12B-IT,EBM-NLP,361799,P3,user,True,raw:raw_output,True
Gemma-3-12B-IT,EBM-NLP,24075141,P3,user,True,raw:raw_output,True
Gemma-3-12B-IT,EBM-NLP,18773733,P4,user,True,raw:raw_output,True
Gemma-3-12B-IT,SciERC,ECCV_2016_99_abs,P2,user,True,raw:raw_output,True
Gemma-3-12B-IT,EBM-NLP,15193668,P4,user,True,raw:raw_output,True
Gemma-3-12B-IT,SciERC,NIPS_2016_560_abs,P3,user,True,raw:raw_output,True
Gemma-3-12B-IT,EBM-NLP,23103798,P1,user,True,raw:raw_output,True
Gemma-3-12B-IT,EBM-NLP,15848261,P2,user,True,raw:raw_output,True
Gemma-3-12B-IT,EBM-NLP,10578479,P3,user,True,raw:raw_output,True
Gemma-3-12B-IT,EBM-NLP,8913901,P1,user,True,raw:raw_output,True
Gemma-3-12B-IT,EBM-NLP,6418441,P3,user,True,raw:raw_output,True
Gemma-3-12B-IT,EBM-NLP,18958161,P3,user,True,raw:raw_output,True
Gemma-3-12B-IT,EBM-NLP,3074300,P2,user,True,raw:raw_output,True
Gemma-3-12B-IT,EBM-NLP,10390665,P3,user,True,raw:raw_output,True
Gemma-3-12B-IT,EBM-NLP,2224060,P4,user,True,raw:raw_output,True
Gemma-3-12B-IT,SciERC,CVPR_2008_256_abs,P2,user,True,raw:raw_output,True
Gemma-3-12B-IT,EBM-NLP,6421395,P4,user,True,raw:raw_output,True
Gemma-3-12B-IT,SciERC,H01-1042,P2,user,True,raw:raw_output,True
Gemma-3-12B-IT,EBM-NLP,7853069,P3,user,True,raw:raw_output,True
Gemma-3-12B-IT,EBM-NLP,8989009,P2,user,True,raw:raw_output,True
Gemma-3-12B-IT,EBM-NLP,22744141,P4,user,True,raw:raw_output,True
Gemma-3-12B-IT,SciERC,E91-1012,P3,user,True,raw:raw_output,True
Gemma-3-12B-IT,EBM-NLP,18544974,P2,user,True,raw:raw_output,True
Gemma-3-12B-IT,EBM-NLP,8911223,P2,user,True,raw:raw_output,True
Gemma-3-12B-IT,EBM-NLP,25898782,P1,user,True,raw:raw_output,True
Gemma-3-12B-IT,EBM-NLP,12139812,P3,user,True,raw:raw_output,True
Gemma-3-12B-IT,EBM-NLP,17293018,P4,user,True,raw:raw_output,True
Gemma-3-12B-IT,EBM-NLP,10070173,P2,user,True,raw:raw_output,True
Gemma-3-12B-IT,EBM-NLP,22865017,P2,user,True,raw:raw_output,True
Gemma-3-12B-IT,SciERC,ICCV_2003_151_abs,P2,user,True,raw:raw_output,True
Gemma-3-12B-IT,SciERC,CVPR_2010_30_abs,P3,user,True,raw:raw_output,True
Gemma-3-12B-IT,EBM-NLP,21896676,P1,user,True,raw:raw_output,True
Gemma-3-12B-IT,EBM-NLP,11642083,P4,user,True,raw:raw_output,True
Gemma-3-12B-IT,EBM-NLP,11229858,P5,user,True,raw:raw_output,True
Gemma-3-12B-IT,SciERC,J86-4002,P3,user,True,raw:raw_output,True
Gemma-3-12B-IT,EBM-NLP,23356250,P2,user,True,raw:raw_output,True
Gemma-3-12B-IT,EBM-NLP,21718094,P2,user,True,raw:raw_output,True
Gemma-3-12B-IT,EBM-NLP,22646975,P3,user,True,raw:raw_output,True
Gemma-3-12B-IT,SciERC,ECCV_2016_212_abs,P1,user,True,raw:raw_output,True
Gemma-3-12B-IT,EBM-NLP,21924760,P1,user,True,raw:raw_output,True
Gemma-3-12B-IT,SciERC,ICML_2016_18_abs,P3,user,True,raw:raw_output,True
Gemma-3-12B-IT,SciERC,CVPR_2011_11_abs,P3,user,True,raw:raw_output,True
Gemma-3-12B-IT,EBM-NLP,16167234,P3,user,True,raw:raw_output,True
Gemma-3-12B-IT,EBM-NLP,22435114,P3,user,True,raw:raw_output,True
Gemma-3-12B-IT,EBM-NLP,10912743,P1,user,True,raw:raw_output,True
Gemma-3-12B-IT,EBM-NLP,10589810,P1,user,True,raw:raw_output,True
Gemma-3-12B-IT,EBM-NLP,23392542,P1,user,True,raw:raw_output,True
Gemma-3-12B-IT,EBM-NLP,24515505,P1,user,True,raw:raw_output,True
Gemma-3-12B-IT,EBM-NLP,9481998,P4,user,True,raw:raw_output,True
Gemma-3-12B-IT,EBM-NLP,25950425,P1,user,True,raw:raw_output,True
Gemma-3-12B-IT,EBM-NLP,21982657,P1,user,True,raw:raw_output,True
Gemma-3-12B-IT,SciERC,ICML_2006_119_abs,P3,user,True,raw:raw_output,True
Gemma-3-12B-IT,EBM-NLP,24726342,P1,user,True,raw:raw_output,True
Gemma-3-12B-IT,EBM-NLP,22881991,P2,user,True,raw:raw_output,True
Gemma-3-12B-IT,EBM-NLP,1963383,P2,user,True,raw:raw_output,True
Gemma-3-12B-IT,EBM-NLP,16055807,P4,user,True,raw:raw_output,True
Gemma-3-12B-IT,EBM-NLP,18783504,P3,user,True,raw:raw_output,True
Gemma-3-12B-IT,EBM-NLP,1286547,P3,user,True,raw:raw_output,True
Gemma-3-12B-IT,SciERC,C94-1091,P3,user,True,raw:raw_output,True
Gemma-3-12B-IT,SciERC,X96-1059,P2,user,True,raw:raw_output,True
Gemma-3-12B-IT,EBM-NLP,2088233,P4,user,True,raw:raw_output,True
Gemma-3-12B-IT,SciERC,E93-1066,P3,user,True,raw:raw_output,True
Gemma-3-12B-IT,EBM-NLP,24451919,P3,user,True,raw:raw_output,True
Gemma-3-12B-IT,SciERC,INTERSPEECH_2008_28_abs,P2,user,True,raw:raw_output,True
Gemma-3-12B-IT,SciERC,P05-1056,P3,user,True,raw:raw_output,True
Gemma-3-12B-IT,EBM-NLP,2188766,P4,user,True,raw:raw_output,True
Gemma-3-12B-IT,EBM-NLP,12960652,P2,user,True,raw:raw_output,True
Gemma-3-12B-IT,EBM-NLP,26278470,P2,user,True,raw:raw_output,True
Gemma-3-12B-IT,EBM-NLP,20560622,P3,user,True,raw:raw_output,True
Gemma-3-12B-IT,EBM-NLP,19159999,P4,user,True,raw:raw_output,True
Gemma-3-12B-IT,EBM-NLP,21669557,P1,user,True,raw:raw_output,True
Gemma-3-12B-IT,EBM-NLP,19301724,P1,user,True,raw:raw_output,True
Gemma-3-12B-IT,EBM-NLP,1669598,P3,user,True,raw:raw_output,True
Gemma-3-12B-IT,SciERC,ICASSP_1997_706_abs,P3,user,True,raw:raw_output,True
Gemma-3-12B-IT,EBM-NLP,12576806,P1,user,True,raw:raw_output,True
Gemma-3-12B-IT,EBM-NLP,20804366,P4,user,True,raw:raw_output,True
Gemma-3-12B-IT,EBM-NLP,21106663,P3,user,True,raw:raw_output,True
Gemma-3-12B-IT,EBM-NLP,23357440,P4,user,True,raw:raw_output,True
Gemma-3-12B-IT,EBM-NLP,2908133,P2,user,True,raw:raw_output,True
Gemma-3-12B-IT,EBM-NLP,17321989,P3,user,True,raw:raw_output,True
Gemma-3-12B-IT,EBM-NLP,20147856,P2,user,True,raw:raw_output,True
Gemma-3-12B-IT,EBM-NLP,12477021,P4,user,True,raw:raw_output,True
Gemma-3-12B-IT,EBM-NLP,7598243,P2,user,True,raw:raw_output,True
Gemma-3-12B-IT,EBM-NLP,2066441,P4,user,True,raw:raw_output,True
Gemma-3-12B-IT,EBM-NLP,11737955,P2,user,True,raw:raw_output,True
Gemma-3-12B-IT,EBM-NLP,17616069,P4,user,True,raw:raw_output,True
Gemma-3-12B-IT,SciERC,W02-1602,P1,user,True,raw:raw_output,True
Gemma-3-12B-IT,EBM-NLP,22956006,P1,user,True,raw:raw_output,True
Gemma-3-12B-IT,SciERC,CVPR_2009_10_abs,P3,user,True,raw:raw_output,True
Gemma-3-12B-IT,EBM-NLP,9695300,P3,user,True,raw:raw_output,True
Gemma-3-12B-IT,EBM-NLP,7814711,P2,user,True,raw:raw_output,True
Gemma-3-12B-IT,EBM-NLP,25068497,P4,user,True,raw:raw_output,True
Gemma-3-12B-IT,EBM-NLP,9730996,P3,user,True,raw:raw_output,True
Gemma-3-12B-IT,EBM-NLP,16295154,P3,user,True,raw:raw_output,True
Gemma-3-12B-IT,EBM-NLP,25784723,P2,user,True,raw:raw_output,True
Gemma-3-12B-IT,EBM-NLP,20943715,P1,user,True,raw:raw_output,True
Gemma-3-12B-IT,EBM-NLP,11829043,P3,user,True,raw:raw_output,True
Gemma-3-12B-IT,EBM-NLP,22420121,P3,user,True,raw:raw_output,True
Gemma-3-12B-IT,EBM-NLP,8771302,P2,user,True,raw:raw_output,True
Gemma-3-12B-IT,EBM-NLP,22897461,P1,user,True,raw:raw_output,True
Gemma-3-12B-IT,EBM-NLP,26210844,P2,user,True,raw:raw_output,True
Gemma-3-12B-IT,EBM-NLP,10763172,P3,user,True,raw:raw_output,True
Gemma-3-12B-IT,EBM-NLP,21491990,P1,user,True,raw:raw_output,True
Gemma-3-12B-IT,EBM-NLP,24960665,P2,user,True,raw:raw_output,True
Gemma-3-12B-IT,EBM-NLP,9394106,P2,user,True,raw:raw_output,True
Gemma-3-12B-IT,EBM-NLP,2803397,P2,user,True,raw:raw_output,True
Gemma-3-12B-IT,EBM-NLP,14763035,P2,user,True,raw:raw_output,True
Gemma-3-12B-IT,EBM-NLP,21170734,P4,user,True,raw:raw_output,True
Gemma-3-12B-IT,EBM-NLP,15133359,P3,user,True,raw:raw_output,True
Gemma-3-12B-IT,EBM-NLP,23417625,P4,user,True,raw:raw_output,True
Gemma-3-12B-IT,EBM-NLP,20226474,P2,user,True,raw:raw_output,True
Gemma-3-12B-IT,EBM-NLP,11317090,P2,user,True,raw:raw_output,True
Gemma-3-12B-IT,EBM-NLP,25369243,P4,user,True,raw:raw_output,True
Gemma-3-12B-IT,SciERC,J86-3001,P1,user,True,raw:raw_output,True
Gemma-3-12B-IT,EBM-NLP,17897478,P3,user,True,raw:raw_output,True
Gemma-3-12B-IT,SciERC,ECCV_2006_13_abs,P2,user,True,raw:raw_output,True
Gemma-3-12B-IT,EBM-NLP,3534803,P2,user,True,raw:raw_output,True
Gemma-3-12B-IT,EBM-NLP,14739125,P2,user,True,raw:raw_output,True
Gemma-3-12B-IT,EBM-NLP,24080592,P3,user,True,raw:raw_output,True
Gemma-3-12B-IT,EBM-NLP,7808649,P2,user,True,raw:raw_output,True
Gemma-3-12B-IT,EBM-NLP,24989854,P1,user,True,raw:raw_output,True
Gemma-3-12B-IT,EBM-NLP,18975051,P3,user,True,raw:raw_output,True
Gemma-3-12B-IT,EBM-NLP,22341427,P1,user,True,raw:raw_output,True
Gemma-3-12B-IT,EBM-NLP,24317958,P3,user,True,raw:raw_output,True
Gemma-3-12B-IT,SciERC,ICML_2016_11_abs,P3,user,True,raw:raw_output,True
Gemma-3-12B-IT,EBM-NLP,11495215,P4,user,True,raw:raw_output,True
Gemma-3-12B-IT,EBM-NLP,10475150,P1,user,True,raw:raw_output,True
Gemma-3-12B-IT,EBM-NLP,18503531,P4,user,True,raw:raw_output,True
Gemma-3-12B-IT,EBM-NLP,22154769,P1,user,True,raw:raw_output,True
Gemma-3-12B-IT,EBM-NLP,19727232,P3,user,True,raw:raw_output,True
Gemma-3-12B-IT,EBM-NLP,8726604,P3,user,True,raw:raw_output,True
Gemma-3-12B-IT,SciERC,ICCV_2013_47_abs,P3,user,True,raw:raw_output,True
Gemma-3-12B-IT,EBM-NLP,23103798,P2,user,True,raw:raw_output,True
Gemma-3-12B-IT,EBM-NLP,8913901,P2,user,True,raw:raw_output,True
Gemma-3-12B-IT,SciERC,ECCV_2016_204_abs,P3,user,True,raw:raw_output,True
Gemma-3-12B-IT,SciERC,CVPR_1994_10_abs,P3,user,True,raw:raw_output,True
Gemma-3-12B-IT,EBM-NLP,10764172,P3,user,True,raw:raw_output,True
Gemma-3-12B-IT,EBM-NLP,9573502,P1,user,True,raw:raw_output,True
Gemma-3-12B-IT,EBM-NLP,361799,P4,user,True,raw:raw_output,True
Gemma-3-12B-IT,EBM-NLP,7831628,P4,user,True,raw:raw_output,True
Gemma-3-12B-IT,EBM-NLP,10578479,P4,user,True,raw:raw_output,True
Gemma-3-12B-IT,EBM-NLP,2678230,P5,user,True,raw:raw_output,True
Gemma-3-12B-IT,EBM-NLP,24075141,P4,user,True,raw:raw_output,True
Gemma-3-12B-IT,EBM-NLP,25898782,P2,user,True,raw:raw_output,True
Gemma-3-12B-IT,EBM-NLP,21393467,P3,user,True,raw:raw_output,True
Gemma-3-12B-IT,EBM-NLP,25479285,P1,user,True,raw:raw_output,True
Gemma-3-12B-IT,EBM-NLP,6418441,P4,user,True,raw:raw_output,True
Gemma-3-12B-IT,EBM-NLP,18958161,P4,user,True,raw:raw_output,True
Gemma-3-12B-IT,EBM-NLP,6989377,P1,user,True,raw:raw_output,True
Gemma-3-12B-IT,EBM-NLP,10390665,P4,user,True,raw:raw_output,True
Gemma-3-12B-IT,EBM-NLP,11454878,P1,user,True,raw:raw_output,True
Gemma-3-12B-IT,EBM-NLP,12595499,P1,user,True,raw:raw_output,True
Gemma-3-12B-IT,EBM-NLP,7853069,P4,user,True,raw:raw_output,True
Gemma-3-12B-IT,EBM-NLP,15858959,P3,user,True,raw:raw_output,True
Gemma-3-12B-IT,EBM-NLP,19376304,P3,user,True,raw:raw_output,True
Gemma-3-12B-IT,EBM-NLP,21896676,P2,user,True,raw:raw_output,True
Gemma-3-12B-IT,EBM-NLP,12139812,P4,user,True,raw:raw_output,True
Gemma-3-12B-IT,EBM-NLP,12586799,P1,user,True,raw:raw_output,True
Gemma-3-12B-IT,SciERC,ECCV_2016_99_abs,P3,user,True,raw:raw_output,True
Gemma-3-12B-IT,EBM-NLP,15848261,P3,user,True,raw:raw_output,True
Gemma-3-12B-IT,EBM-NLP,18189160,P1,user,True,raw:raw_output,True
Gemma-3-12B-IT,EBM-NLP,18845996,P1,user,True,raw:raw_output,True
Gemma-3-12B-IT,EBM-NLP,3074300,P3,user,True,raw:raw_output,True
Gemma-3-12B-IT,SciERC,CVPR_2008_256_abs,P3,user,True,raw:raw_output,True
Gemma-3-12B-IT,EBM-NLP,8989009,P3,user,True,raw:raw_output,True
Gemma-3-12B-IT,SciERC,H01-1042,P3,user,True,raw:raw_output,True
Gemma-3-12B-IT,EBM-NLP,8911223,P3,user,True,raw:raw_output,True
Gemma-3-12B-IT,EBM-NLP,18544974,P3,user,True,raw:raw_output,True
Gemma-3-12B-IT,SciERC,ECCV_2016_212_abs,P2,user,True,raw:raw_output,True
Gemma-3-12B-IT,EBM-NLP,21924760,P2,user,True,raw:raw_output,True
Gemma-3-12B-IT,EBM-NLP,10912743,P2,user,True,raw:raw_output,True
Gemma-3-12B-IT,EBM-NLP,15014018,P1,user,True,raw:raw_output,True
Gemma-3-12B-IT,EBM-NLP,10589810,P2,user,True,raw:raw_output,True
Gemma-3-12B-IT,EBM-NLP,21982657,P2,user,True,raw:raw_output,True
Gemma-3-12B-IT,EBM-NLP,23392542,P2,user,True,raw:raw_output,True
Gemma-3-12B-IT,EBM-NLP,24726342,P2,user,True,raw:raw_output,True
Gemma-3-12B-IT,EBM-NLP,10070173,P3,user,True,raw:raw_output,True
Gemma-3-12B-IT,EBM-NLP,25950425,P2,user,True,raw:raw_output,True
Gemma-3-12B-IT,SciERC,ICCV_2003_151_abs,P3,user,True,raw:raw_output,True
Gemma-3-12B-IT,EBM-NLP,24515505,P2,user,True,raw:raw_output,True
Gemma-3-12B-IT,EBM-NLP,22865017,P3,user,True,raw:raw_output,True
Gemma-3-12B-IT,EBM-NLP,22646975,P4,user,True,raw:raw_output,True
Gemma-3-12B-IT,EBM-NLP,6920252,P1,user,True,raw:raw_output,True
Gemma-3-12B-IT,EBM-NLP,16167234,P4,user,True,raw:raw_output,True
Gemma-3-12B-IT,EBM-NLP,22435114,P4,user,True,raw:raw_output,True
Gemma-3-12B-IT,EBM-NLP,16505427,P1,user,True,raw:raw_output,True
Gemma-3-12B-IT,EBM-NLP,23356250,P3,user,True,raw:raw_output,True
Gemma-3-12B-IT,EBM-NLP,21718094,P3,user,True,raw:raw_output,True
Gemma-3-12B-IT,EBM-NLP,7707420,P1,user,True,raw:raw_output,True
Gemma-3-12B-IT,EBM-NLP,18783504,P4,user,True,raw:raw_output,True
Gemma-3-12B-IT,EBM-NLP,1286547,P4,user,True,raw:raw_output,True
Gemma-3-12B-IT,EBM-NLP,24451919,P4,user,True,raw:raw_output,True
Gemma-3-12B-IT,EBM-NLP,19301724,P2,user,True,raw:raw_output,True
Gemma-3-12B-IT,EBM-NLP,8916620,P5,user,True,raw:raw_output,True
Gemma-3-12B-IT,EBM-NLP,21669557,P2,user,True,raw:raw_output,True
Gemma-3-12B-IT,EBM-NLP,22881991,P3,user,True,raw:raw_output,True
Gemma-3-12B-IT,EBM-NLP,8911222,P1,user,True,raw:raw_output,True
Gemma-3-12B-IT,EBM-NLP,12576806,P2,user,True,raw:raw_output,True
Gemma-3-12B-IT,EBM-NLP,20560622,P4,user,True,raw:raw_output,True
Gemma-3-12B-IT,EBM-NLP,11401641,P1,user,True,raw:raw_output,True
Gemma-3-12B-IT,EBM-NLP,1963383,P3,user,True,raw:raw_output,True
Gemma-3-12B-IT,SciERC,W02-1602,P2,user,True,raw:raw_output,True
Gemma-3-12B-IT,EBM-NLP,1669598,P4,user,True,raw:raw_output,True
Gemma-3-12B-IT,SciERC,X96-1059,P3,user,True,raw:raw_output,True
Gemma-3-12B-IT,EBM-NLP,22956006,P2,user,True,raw:raw_output,True
Gemma-3-12B-IT,EBM-NLP,8519720,P1,user,True,raw:raw_output,True
Gemma-3-12B-IT,EBM-NLP,17321989,P4,user,True,raw:raw_output,True
Gemma-3-12B-IT,EBM-NLP,21106663,P4,user,True,raw:raw_output,True
Gemma-3-12B-IT,SciERC,INTERSPEECH_2008_28_abs,P3,user,True,raw:raw_output,True
Gemma-3-12B-IT,EBM-NLP,26278470,P3,user,True,raw:raw_output,True
Gemma-3-12B-IT,EBM-NLP,12960652,P3,user,True,raw:raw_output,True
Gemma-3-12B-IT,EBM-NLP,12709693,P1,user,True,raw:raw_output,True
Gemma-3-12B-IT,EBM-NLP,20943715,P2,user,True,raw:raw_output,True
Gemma-3-12B-IT,EBM-NLP,9695300,P4,user,True,raw:raw_output,True
Gemma-3-12B-IT,EBM-NLP,11381289,P5,user,True,raw:raw_output,True
Gemma-3-12B-IT,EBM-NLP,2908133,P3,user,True,raw:raw_output,True
Gemma-3-12B-IT,EBM-NLP,22897461,P2,user,True,raw:raw_output,True
Gemma-3-12B-IT,EBM-NLP,20147856,P3,user,True,raw:raw_output,True
Gemma-3-12B-IT,EBM-NLP,7598243,P3,user,True,raw:raw_output,True
Gemma-3-12B-IT,EBM-NLP,22420121,P4,user,True,raw:raw_output,True
Gemma-3-12B-IT,EBM-NLP,23114870,P1,user,True,raw:raw_output,True
Gemma-3-12B-IT,EBM-NLP,11829043,P4,user,True,raw:raw_output,True
Gemma-3-12B-IT,EBM-NLP,16295154,P4,user,True,raw:raw_output,True
Gemma-3-12B-IT,EBM-NLP,11737955,P3,user,True,raw:raw_output,True
Gemma-3-12B-IT,EBM-NLP,21491990,P2,user,True,raw:raw_output,True
Gemma-3-12B-IT,EBM-NLP,9730996,P4,user,True,raw:raw_output,True
Gemma-3-12B-IT,EBM-NLP,4919024,P5,user,True,raw:raw_output,True
Gemma-3-12B-IT,EBM-NLP,3067745,P5,user,True,raw:raw_output,True
Gemma-3-12B-IT,EBM-NLP,14679127,P1,user,True,raw:raw_output,True
Gemma-3-12B-IT,EBM-NLP,7814711,P3,user,True,raw:raw_output,True
Gemma-3-12B-IT,EBM-NLP,10763172,P4,user,True,raw:raw_output,True
Gemma-3-12B-IT,EBM-NLP,25784723,P3,user,True,raw:raw_output,True
Gemma-3-12B-IT,EBM-NLP,8771302,P3,user,True,raw:raw_output,True
Gemma-3-12B-IT,SciERC,J86-3001,P2,user,True,raw:raw_output,True
Gemma-3-12B-IT,EBM-NLP,19708562,P5,user,True,raw:raw_output,True
Gemma-3-12B-IT,EBM-NLP,26210844,P3,user,True,raw:raw_output,True
Gemma-3-12B-IT,EBM-NLP,15133359,P4,user,True,raw:raw_output,True
Gemma-3-12B-IT,EBM-NLP,21914768,P5,user,True,raw:raw_output,True
Gemma-3-12B-IT,EBM-NLP,24989854,P2,user,True,raw:raw_output,True
Gemma-3-12B-IT,EBM-NLP,22341427,P2,user,True,raw:raw_output,True
Gemma-3-12B-IT,EBM-NLP,24960665,P3,user,True,raw:raw_output,True
Gemma-3-12B-IT,EBM-NLP,2803397,P3,user,True,raw:raw_output,True
Gemma-3-12B-IT,EBM-NLP,9394106,P3,user,True,raw:raw_output,True
Gemma-3-12B-IT,EBM-NLP,17897478,P4,user,True,raw:raw_output,True
Gemma-3-12B-IT,EBM-NLP,23849147,P5,user,True,raw:raw_output,True
Gemma-3-12B-IT,EBM-NLP,10475150,P2,user,True,raw:raw_output,True
Gemma-3-12B-IT,EBM-NLP,22154769,P2,user,True,raw:raw_output,True
Gemma-3-12B-IT,EBM-NLP,24080592,P4,user,True,raw:raw_output,True
Gemma-3-12B-IT,EBM-NLP,11317090,P3,user,True,raw:raw_output,True
Gemma-3-12B-IT,EBM-NLP,14763035,P3,user,True,raw:raw_output,True
Gemma-3-12B-IT,EBM-NLP,20226474,P3,user,True,raw:raw_output,True
Gemma-3-12B-IT,EBM-NLP,18975051,P4,user,True,raw:raw_output,True
Gemma-3-12B-IT,EBM-NLP,24317958,P4,user,True,raw:raw_output,True
Gemma-3-12B-IT,SciERC,ECCV_2006_13_abs,P3,user,True,raw:raw_output,True
Gemma-3-12B-IT,EBM-NLP,18077611,P1,user,True,raw:raw_output,True
Gemma-3-12B-IT,EBM-NLP,14739125,P3,user,True,raw:raw_output,True
Gemma-3-12B-IT,EBM-NLP,3534803,P3,user,True,raw:raw_output,True
Gemma-3-12B-IT,EBM-NLP,19727232,P4,user,True,raw:raw_output,True
Gemma-3-12B-IT,EBM-NLP,9573502,P2,user,True,raw:raw_output,True
Gemma-3-12B-IT,EBM-NLP,15358868,P5,user,True,raw:raw_output,True
Gemma-3-12B-IT,EBM-NLP,8726604,P4,user,True,raw:raw_output,True
Gemma-3-12B-IT,EBM-NLP,7808649,P3,user,True,raw:raw_output,True
Gemma-3-12B-IT,EBM-NLP,25479285,P2,user,True,raw:raw_output,True
Gemma-3-12B-IT,EBM-NLP,6938020,P5,user,True,raw:raw_output,True
Gemma-3-12B-IT,EBM-NLP,6989377,P2,user,True,raw:raw_output,True
Gemma-3-12B-IT,EBM-NLP,10764172,P4,user,True,raw:raw_output,True
Gemma-3-12B-IT,EBM-NLP,11454878,P2,user,True,raw:raw_output,True
Gemma-3-12B-IT,EBM-NLP,12595499,P2,user,True,raw:raw_output,True
Gemma-3-12B-IT,EBM-NLP,21393467,P4,user,True,raw:raw_output,True
Gemma-3-12B-IT,EBM-NLP,23103798,P3,user,True,raw:raw_output,True
Gemma-3-12B-IT,EBM-NLP,18189160,P2,user,True,raw:raw_output,True
Gemma-3-12B-IT,EBM-NLP,12586799,P2,user,True,raw:raw_output,True
Gemma-3-12B-IT,EBM-NLP,19096921,P5,user,True,raw:raw_output,True
Gemma-3-12B-IT,EBM-NLP,8913901,P3,user,True,raw:raw_output,True
Gemma-3-12B-IT,EBM-NLP,7844976,P5,user,True,raw:raw_output,True
Gemma-3-12B-IT,EBM-NLP,18845996,P2,user,True,raw:raw_output,True
Gemma-3-12B-IT,EBM-NLP,19376304,P4,user,True,raw:raw_output,True
Gemma-3-12B-IT,EBM-NLP,15858959,P4,user,True,raw:raw_output,True
Gemma-3-12B-IT,EBM-NLP,384815,P5,user,True,raw:raw_output,True
Gemma-3-12B-IT,EBM-NLP,15848261,P4,user,True,raw:raw_output,True
Gemma-3-12B-IT,EBM-NLP,22271197,P5,user,True,raw:raw_output,True
Gemma-3-12B-IT,EBM-NLP,25898782,P3,user,True,raw:raw_output,True
Gemma-3-12B-IT,EBM-NLP,10934569,P5,user,True,raw:raw_output,True
Gemma-3-12B-IT,EBM-NLP,3074300,P4,user,True,raw:raw_output,True
Gemma-3-12B-IT,EBM-NLP,24803369,P5,user,True,raw:raw_output,True
Gemma-3-12B-IT,EBM-NLP,15014018,P2,user,True,raw:raw_output,True
Gemma-3-12B-IT,EBM-NLP,8779382,P5,user,True,raw:raw_output,True
Gemma-3-12B-IT,EBM-NLP,21896676,P3,user,True,raw:raw_output,True
Gemma-3-12B-IT,EBM-NLP,8989009,P4,user,True,raw:raw_output,True
Gemma-3-12B-IT,EBM-NLP,8911223,P4,user,True,raw:raw_output,True
Gemma-3-12B-IT,EBM-NLP,6920252,P2,user,True,raw:raw_output,True
Gemma-3-12B-IT,EBM-NLP,18544974,P4,user,True,raw:raw_output,True
Gemma-3-12B-IT,EBM-NLP,10070173,P4,user,True,raw:raw_output,True
Gemma-3-12B-IT,EBM-NLP,16505427,P2,user,True,raw:raw_output,True
Gemma-3-12B-IT,EBM-NLP,22865017,P4,user,True,raw:raw_output,True
Gemma-3-12B-IT,EBM-NLP,7707420,P2,user,True,raw:raw_output,True
Gemma-3-12B-IT,SciERC,ECCV_2016_212_abs,P3,user,True,raw:raw_output,True
Gemma-3-12B-IT,EBM-NLP,21924760,P3,user,True,raw:raw_output,True
Gemma-3-12B-IT,EBM-NLP,10912743,P3,user,True,raw:raw_output,True
Gemma-3-12B-IT,EBM-NLP,1459268,P5,user,True,raw:raw_output,True
Gemma-3-12B-IT,EBM-NLP,23356250,P4,user,True,raw:raw_output,True
Gemma-3-12B-IT,EBM-NLP,22416755,P5,user,True,raw:raw_output,True
Gemma-3-12B-IT,EBM-NLP,10589810,P3,user,True,raw:raw_output,True
Gemma-3-12B-IT,EBM-NLP,24515505,P3,user,True,raw:raw_output,True
Gemma-3-12B-IT,EBM-NLP,25950425,P3,user,True,raw:raw_output,True
Gemma-3-12B-IT,EBM-NLP,8911222,P2,user,True,raw:raw_output,True
Gemma-3-12B-IT,EBM-NLP,21982657,P3,user,True,raw:raw_output,True
Gemma-3-12B-IT,EBM-NLP,24726342,P3,user,True,raw:raw_output,True
Gemma-3-12B-IT,EBM-NLP,21718094,P4,user,True,raw:raw_output,True
Gemma-3-12B-IT,EBM-NLP,23392542,P3,user,True,raw:raw_output,True
Gemma-3-12B-IT,EBM-NLP,1968178,P5,user,True,raw:raw_output,True
Gemma-3-12B-IT,EBM-NLP,11401641,P2,user,True,raw:raw_output,True
Gemma-3-12B-IT,EBM-NLP,25931290,P5,user,True,raw:raw_output,True
Gemma-3-12B-IT,EBM-NLP,1780092,P5,user,True,raw:raw_output,True
Gemma-3-12B-IT,EBM-NLP,11891832,P5,user,True,raw:raw_output,True
Gemma-3-12B-IT,EBM-NLP,22881991,P4,user,True,raw:raw_output,True
Gemma-3-12B-IT,EBM-NLP,8519720,P2,user,True,raw:raw_output,True
Gemma-3-12B-IT,EBM-NLP,1131298,P5,user,True,raw:raw_output,True
Gemma-3-12B-IT,EBM-NLP,1963383,P4,user,True,raw:raw_output,True
Gemma-3-12B-IT,EBM-NLP,12709693,P2,user,True,raw:raw_output,True
Gemma-3-12B-IT,EBM-NLP,20509069,P5,user,True,raw:raw_output,True
Gemma-3-12B-IT,EBM-NLP,21669557,P3,user,True,raw:raw_output,True
Gemma-3-12B-IT,EBM-NLP,19301724,P3,user,True,raw:raw_output,True
Gemma-3-12B-IT,EBM-NLP,7017018,P5,user,True,raw:raw_output,True
Gemma-3-12B-IT,EBM-NLP,26278470,P4,user,True,raw:raw_output,True
Gemma-3-12B-IT,EBM-NLP,12960652,P4,user,True,raw:raw_output,True
Gemma-3-12B-IT,EBM-NLP,12576806,P3,user,True,raw:raw_output,True
Gemma-3-12B-IT,SciERC,W02-1602,P3,user,True,raw:raw_output,True
Gemma-3-12B-IT,EBM-NLP,23114870,P2,user,True,raw:raw_output,True
Gemma-3-12B-IT,EBM-NLP,15854186,P5,user,True,raw:raw_output,True
Gemma-3-12B-IT,EBM-NLP,22956006,P3,user,True,raw:raw_output,True
Gemma-3-12B-IT,EBM-NLP,11750293,P5,user,True,raw:raw_output,True
Gemma-3-12B-IT,EBM-NLP,20147856,P4,user,True,raw:raw_output,True
Gemma-3-12B-IT,EBM-NLP,2908133,P4,user,True,raw:raw_output,True
Gemma-3-12B-IT,EBM-NLP,14679127,P2,user,True,raw:raw_output,True
Gemma-3-12B-IT,EBM-NLP,21975269,P1,user,True,raw:raw_output,True
Gemma-3-12B-IT,EBM-NLP,7598243,P4,user,True,raw:raw_output,True
Gemma-3-12B-IT,EBM-NLP,6951573,P5,user,True,raw:raw_output,True
Gemma-3-12B-IT,EBM-NLP,11737955,P4,user,True,raw:raw_output,True
Gemma-3-12B-IT,EBM-NLP,20943715,P3,user,True,raw:raw_output,True
Gemma-3-12B-IT,EBM-NLP,9229602,P5,user,True,raw:raw_output,True
Gemma-3-12B-IT,EBM-NLP,18337284,P1,user,True,raw:raw_output,True
Gemma-3-12B-IT,EBM-NLP,22897461,P3,user,True,raw:raw_output,True
Gemma-3-12B-IT,EBM-NLP,7814711,P4,user,True,raw:raw_output,True
Gemma-3-12B-IT,EBM-NLP,20618920,P5,user,True,raw:raw_output,True
Gemma-3-12B-IT,EBM-NLP,21491990,P3,user,True,raw:raw_output,True
Gemma-3-12B-IT,EBM-NLP,25784723,P4,user,True,raw:raw_output,True
Gemma-3-12B-IT,EBM-NLP,8771302,P4,user,True,raw:raw_output,True
Gemma-3-12B-IT,EBM-NLP,20189026,P1,user,True,raw:raw_output,True
Gemma-3-12B-IT,EBM-NLP,3081600,P5,user,True,raw:raw_output,True
Gemma-3-12B-IT,EBM-NLP,26210844,P4,user,True,raw:raw_output,True
Gemma-3-12B-IT,EBM-NLP,24660757,P5,user,True,raw:raw_output,True
Gemma-3-12B-IT,SciERC,P86-1011,P4,user,True,raw:raw_output,True
Gemma-3-12B-IT,EBM-NLP,24960665,P4,user,True,raw:raw_output,True
Gemma-3-12B-IT,EBM-NLP,9394106,P4,user,True,raw:raw_output,True
Gemma-3-12B-IT,SciERC,J86-3001,P3,user,True,raw:raw_output,True
Gemma-3-12B-IT,EBM-NLP,2803397,P4,user,True,raw:raw_output,True
Gemma-3-12B-IT,EBM-NLP,18077611,P2,user,True,raw:raw_output,True
Gemma-3-12B-IT,EBM-NLP,19802506,P1,user,True,raw:raw_output,True
Gemma-3-12B-IT,EBM-NLP,11317090,P4,user,True,raw:raw_output,True
Gemma-3-12B-IT,EBM-NLP,14763035,P4,user,True,raw:raw_output,True
Gemma-3-12B-IT,EBM-NLP,20226474,P4,user,True,raw:raw_output,True
Gemma-3-12B-IT,EBM-NLP,24989854,P3,user,True,raw:raw_output,True
Gemma-3-12B-IT,EBM-NLP,22341427,P3,user,True,raw:raw_output,True
Gemma-3-12B-IT,EBM-NLP,10475150,P3,user,True,raw:raw_output,True
Gemma-3-12B-IT,EBM-NLP,22154769,P3,user,True,raw:raw_output,True
Gemma-3-12B-IT,EBM-NLP,3534803,P4,user,True,raw:raw_output,True
Gemma-3-12B-IT,EBM-NLP,14739125,P4,user,True,raw:raw_output,True
Gemma-3-12B-IT,EBM-NLP,7808649,P4,user,True,raw:raw_output,True
Gemma-3-12B-IT,EBM-NLP,9573502,P3,user,True,raw:raw_output,True
Gemma-3-12B-IT,EBM-NLP,23103798,P4,user,True,raw:raw_output,True
Gemma-3-12B-IT,EBM-NLP,23838728,P5,user,True,raw:raw_output,True
Gemma-3-12B-IT,EBM-NLP,24350813,P1,user,True,raw:raw_output,True
Gemma-3-12B-IT,EBM-NLP,8913901,P4,user,True,raw:raw_output,True
Gemma-3-12B-IT,EBM-NLP,25479285,P3,user,True,raw:raw_output,True
Gemma-3-12B-IT,EBM-NLP,7827398,P5,user,True,raw:raw_output,True
Gemma-3-12B-IT,EBM-NLP,6989377,P3,user,True,raw:raw_output,True
Gemma-3-12B-IT,SciERC,ECCV_2016_110_abs,P4,user,True,raw:raw_output,True
Gemma-3-12B-IT,EBM-NLP,23021296,P5,user,True,raw:raw_output,True
Gemma-3-12B-IT,EBM-NLP,11454878,P3,user,True,raw:raw_output,True
Gemma-3-12B-IT,EBM-NLP,12595499,P3,user,True,raw:raw_output,True
Gemma-3-12B-IT,EBM-NLP,16427787,P5,user,True,raw:raw_output,True
Gemma-3-12B-IT,EBM-NLP,18189160,P3,user,True,raw:raw_output,True
Gemma-3-12B-IT,EBM-NLP,12586799,P3,user,True,raw:raw_output,True
Gemma-3-12B-IT,EBM-NLP,25898782,P4,user,True,raw:raw_output,True
Gemma-3-12B-IT,EBM-NLP,18845996,P3,user,True,raw:raw_output,True
Gemma-3-12B-IT,EBM-NLP,3919804,P5,user,True,raw:raw_output,True
Gemma-3-12B-IT,EBM-NLP,22538329,P1,user,True,raw:raw_output,True
Gemma-3-12B-IT,SciERC,P06-3007,P4,user,True,raw:raw_output,True
Gemma-3-12B-IT,SciERC,E95-1033,P4,user,True,raw:raw_output,True
Gemma-3-12B-IT,EBM-NLP,18229990,P5,user,True,raw:raw_output,True
Gemma-3-12B-IT,EBM-NLP,21896676,P4,user,True,raw:raw_output,True
Gemma-3-12B-IT,EBM-NLP,2223363,P5,user,True,raw:raw_output,True
Gemma-3-12B-IT,SciERC,C88-1044,P4,user,True,raw:raw_output,True
Gemma-3-12B-IT,EBM-NLP,11229858,P6,user,True,raw:raw_output,True
Gemma-3-12B-IT,EBM-NLP,15014018,P3,user,True,raw:raw_output,True
Gemma-3-12B-IT,EBM-NLP,10752495,P5,user,True,raw:raw_output,True
Gemma-3-12B-IT,EBM-NLP,23549581,P1,user,True,raw:raw_output,True
Gemma-3-12B-IT,EBM-NLP,21924760,P4,user,True,raw:raw_output,True
Gemma-3-12B-IT,SciERC,I05-5004,P4,user,True,raw:raw_output,True
Gemma-3-12B-IT,SciERC,P06-1018,P4,user,True,raw:raw_output,True
Gemma-3-12B-IT,EBM-NLP,15193668,P5,user,True,raw:raw_output,True
Gemma-3-12B-IT,EBM-NLP,18773733,P5,user,True,raw:raw_output,True
Gemma-3-12B-IT,EBM-NLP,6920252,P3,user,True,raw:raw_output,True
Gemma-3-12B-IT,SciERC,P06-2012,P4,user,True,raw:raw_output,True
Gemma-3-12B-IT,SciERC,E99-1015,P4,user,True,raw:raw_output,True
Gemma-3-12B-IT,EBM-NLP,10912743,P4,user,True,raw:raw_output,True
Gemma-3-12B-IT,EBM-NLP,10589810,P4,user,True,raw:raw_output,True
Gemma-3-12B-IT,EBM-NLP,16505427,P3,user,True,raw:raw_output,True
Gemma-3-12B-IT,SciERC,P05-1039,P4,user,True,raw:raw_output,True
Gemma-3-12B-IT,EBM-NLP,21982657,P4,user,True,raw:raw_output,True
Gemma-3-12B-IT,EBM-NLP,23392542,P4,user,True,raw:raw_output,True
Gemma-3-12B-IT,EBM-NLP,25950425,P4,user,True,raw:raw_output,True
Gemma-3-12B-IT,EBM-NLP,24726342,P4,user,True,raw:raw_output,True
Gemma-3-12B-IT,EBM-NLP,24515505,P4,user,True,raw:raw_output,True
Gemma-3-12B-IT,EBM-NLP,2224060,P5,user,True,raw:raw_output,True
Gemma-3-12B-IT,EBM-NLP,6421395,P5,user,True,raw:raw_output,True
Gemma-3-12B-IT,EBM-NLP,22744141,P5,user,True,raw:raw_output,True
Gemma-3-12B-IT,EBM-NLP,7707420,P3,user,True,raw:raw_output,True
Gemma-3-12B-IT,SciERC,P06-1053,P4,user,True,raw:raw_output,True
Gemma-3-12B-IT,SciERC,P05-2013,P4,user,True,raw:raw_output,True
Gemma-3-12B-IT,EBM-NLP,17293018,P5,user,True,raw:raw_output,True
Gemma-3-12B-IT,EBM-NLP,8911222,P3,user,True,raw:raw_output,True
Gemma-3-12B-IT,EBM-NLP,11642083,P5,user,True,raw:raw_output,True
Gemma-3-12B-IT,EBM-NLP,11401641,P3,user,True,raw:raw_output,True
Gemma-3-12B-IT,EBM-NLP,19301724,P4,user,True,raw:raw_output,True
Gemma-3-12B-IT,EBM-NLP,21669557,P4,user,True,raw:raw_output,True
Gemma-3-12B-IT,EBM-NLP,8519720,P3,user,True,raw:raw_output,True
Gemma-3-12B-IT,EBM-NLP,12576806,P4,user,True,raw:raw_output,True
Gemma-3-12B-IT,EBM-NLP,21975269,P2,user,True,raw:raw_output,True
Gemma-3-12B-IT,SciERC,C86-1081,P4,user,True,raw:raw_output,True
Gemma-3-12B-IT,EBM-NLP,12709693,P3,user,True,raw:raw_output,True
Gemma-3-12B-IT,SciERC,P06-1013,P4,user,True,raw:raw_output,True
Gemma-3-12B-IT,EBM-NLP,22956006,P4,user,True,raw:raw_output,True
Gemma-3-12B-IT,SciERC,P06-4007,P4,user,True,raw:raw_output,True
Gemma-3-12B-IT,EBM-NLP,18337284,P2,user,True,raw:raw_output,True
Gemma-3-12B-IT,EBM-NLP,9481998,P5,user,True,raw:raw_output,True
Gemma-3-12B-IT,SciERC,P83-1004,P4,user,True,raw:raw_output,True
Gemma-3-12B-IT,EBM-NLP,16055807,P5,user,True,raw:raw_output,True
Gemma-3-12B-IT,EBM-NLP,23114870,P3,user,True,raw:raw_output,True
Gemma-3-12B-IT,EBM-NLP,20943715,P4,user,True,raw:raw_output,True
Gemma-3-12B-IT,EBM-NLP,2088233,P5,user,True,raw:raw_output,True
Gemma-3-12B-IT,EBM-NLP,22897461,P4,user,True,raw:raw_output,True
Gemma-3-12B-IT,SciERC,C04-1011,P4,user,True,raw:raw_output,True
Gemma-3-12B-IT,EBM-NLP,2188766,P5,user,True,raw:raw_output,True
Gemma-3-12B-IT,EBM-NLP,14679127,P3,user,True,raw:raw_output,True
Gemma-3-12B-IT,EBM-NLP,20189026,P2,user,True,raw:raw_output,True
Gemma-3-12B-IT,SciERC,E06-1022,P4,user,True,raw:raw_output,True
Gemma-3-12B-IT,SciERC,CVPR_2003_30_abs,P4,user,True,raw:raw_output,True
Gemma-3-12B-IT,EBM-NLP,11099086,P1,user,True,raw:raw_output,True
Gemma-3-12B-IT,EBM-NLP,21491990,P4,user,True,raw:raw_output,True
Gemma-3-12B-IT,SciERC,CVPR_2004_18_abs,P4,user,True,raw:raw_output,True
Gemma-3-12B-IT,EBM-NLP,19159999,P5,user,True,raw:raw_output,True
Gemma-3-12B-IT,EBM-NLP,19802506,P2,user,True,raw:raw_output,True
Gemma-3-12B-IT,EBM-NLP,12477021,P5,user,True,raw:raw_output,True
Gemma-3-12B-IT,EBM-NLP,20804366,P5,user,True,raw:raw_output,True
Gemma-3-12B-IT,EBM-NLP,23357440,P5,user,True,raw:raw_output,True
Gemma-3-12B-IT,EBM-NLP,17616069,P5,user,True,raw:raw_output,True
Gemma-3-12B-IT,EBM-NLP,2066441,P5,user,True,raw:raw_output,True
Gemma-3-12B-IT,SciERC,H05-1095,P4,user,True,raw:raw_output,True
Gemma-3-12B-IT,SciERC,P03-1070,P4,user,True,raw:raw_output,True
Gemma-3-12B-IT,EBM-NLP,22341427,P4,user,True,raw:raw_output,True
Gemma-3-12B-IT,EBM-NLP,25068497,P5,user,True,raw:raw_output,True
Gemma-3-12B-IT,EBM-NLP,24989854,P4,user,True,raw:raw_output,True
Gemma-3-12B-IT,EBM-NLP,18077611,P3,user,True,raw:raw_output,True
Gemma-3-12B-IT,EBM-NLP,22154769,P4,user,True,raw:raw_output,True
Gemma-3-12B-IT,EBM-NLP,10475150,P4,user,True,raw:raw_output,True
Gemma-3-12B-IT,EBM-NLP,9816035,P1,user,True,raw:raw_output,True
Gemma-3-12B-IT,SciERC,C08-2010,P4,user,True,raw:raw_output,True
Gemma-3-12B-IT,EBM-NLP,24350813,P2,user,True,raw:raw_output,True
Gemma-3-12B-IT,SciERC,C04-1128,P4,user,True,raw:raw_output,True
Gemma-3-12B-IT,SciERC,INTERSPEECH_2007_40_abs,P4,user,True,raw:raw_output,True
Gemma-3-12B-IT,SciERC,N06-1037,P4,user,True,raw:raw_output,True
Gemma-3-12B-IT,SciERC,C04-1036,P4,user,True,raw:raw_output,True
Gemma-3-12B-IT,EBM-NLP,9573502,P4,user,True,raw:raw_output,True
Gemma-3-12B-IT,EBM-NLP,25885649,P1,user,True,raw:raw_output,True
Gemma-3-12B-IT,EBM-NLP,21170734,P5,user,True,raw:raw_output,True
Gemma-3-12B-IT,EBM-NLP,25479285,P4,user,True,raw:raw_output,True
Gemma-3-12B-IT,EBM-NLP,2678230,P6,user,True,raw:raw_output,True
Gemma-3-12B-IT,EBM-NLP,23417625,P5,user,True,raw:raw_output,True
Gemma-3-12B-IT,EBM-NLP,25369243,P5,user,True,raw:raw_output,True
Gemma-3-12B-IT,SciERC,NIPS_2016_80_abs,P4,user,True,raw:raw_output,True
Gemma-3-12B-IT,EBM-NLP,22538329,P2,user,True,raw:raw_output,True
Gemma-3-12B-IT,SciERC,CVPR_1999_15_abs,P4,user,True,raw:raw_output,True
Gemma-3-12B-IT,EBM-NLP,6989377,P4,user,True,raw:raw_output,True
Gemma-3-12B-IT,SciERC,CVPR_2011_10_abs,P4,user,True,raw:raw_output,True
Gemma-3-12B-IT,EBM-NLP,12595499,P4,user,True,raw:raw_output,True
Gemma-3-12B-IT,EBM-NLP,11454878,P4,user,True,raw:raw_output,True
Gemma-3-12B-IT,SciERC,C96-1062,P4,user,True,raw:raw_output,True
Gemma-3-12B-IT,SciERC,J82-3002,P4,user,True,raw:raw_output,True
Gemma-3-12B-IT,EBM-NLP,18189160,P4,user,True,raw:raw_output,True
Gemma-3-12B-IT,SciERC,ICCV_2013_25_abs,P4,user,True,raw:raw_output,True
Gemma-3-12B-IT,EBM-NLP,12586799,P4,user,True,raw:raw_output,True
Gemma-3-12B-IT,SciERC,N04-1022,P4,user,True,raw:raw_output,True
Gemma-3-12B-IT,EBM-NLP,18845996,P4,user,True,raw:raw_output,True
Gemma-3-12B-IT,EBM-NLP,11495215,P5,user,True,raw:raw_output,True
Gemma-3-12B-IT,EBM-NLP,18503531,P5,user,True,raw:raw_output,True
Gemma-3-12B-IT,EBM-NLP,23549581,P2,user,True,raw:raw_output,True
Gemma-3-12B-IT,SciERC,C90-3063,P4,user,True,raw:raw_output,True
Gemma-3-12B-IT,SciERC,CVPR_2004_30_abs,P4,user,True,raw:raw_output,True
Gemma-3-12B-IT,SciERC,I05-4010,P4,user,True,raw:raw_output,True
Gemma-3-12B-IT,EBM-NLP,15014018,P4,user,True,raw:raw_output,True
Gemma-3-12B-IT,SciERC,NIPS_2002_18_abs,P4,user,True,raw:raw_output,True
Gemma-3-12B-IT,SciERC,P01-1056,P4,user,True,raw:raw_output,True
Gemma-3-12B-IT,SciERC,A97-1020,P4,user,True,raw:raw_output,True
Gemma-3-12B-IT,EBM-NLP,7831628,P5,user,True,raw:raw_output,True
Gemma-3-12B-IT,SciERC,INTERSPEECH_2013_21_abs,P4,user,True,raw:raw_output,True
Gemma-3-12B-IT,EBM-NLP,24075141,P5,user,True,raw:raw_output,True
Gemma-3-12B-IT,EBM-NLP,361799,P5,user,True,raw:raw_output,True
Gemma-3-12B-IT,EBM-NLP,10578479,P5,user,True,raw:raw_output,True
Gemma-3-12B-IT,EBM-NLP,6920252,P4,user,True,raw:raw_output,True
Gemma-3-12B-IT,EBM-NLP,18958161,P5,user,True,raw:raw_output,True
Gemma-3-12B-IT,SciERC,P08-1105,P4,user,True,raw:raw_output,True
Gemma-3-12B-IT,EBM-NLP,6418441,P5,user,True,raw:raw_output,True
Gemma-3-12B-IT,EBM-NLP,16505427,P4,user,True,raw:raw_output,True
Gemma-3-12B-IT,SciERC,C00-2123,P4,user,True,raw:raw_output,True
Gemma-3-12B-IT,EBM-NLP,10390665,P5,user,True,raw:raw_output,True
Gemma-3-12B-IT,EBM-NLP,7853069,P5,user,True,raw:raw_output,True
Gemma-3-12B-IT,EBM-NLP,7707420,P4,user,True,raw:raw_output,True
Gemma-3-12B-IT,SciERC,NIPS_2001_11_abs,P4,user,True,raw:raw_output,True
Gemma-3-12B-IT,EBM-NLP,21211686,P1,user,True,raw:raw_output,True
Gemma-3-12B-IT,SciERC,CVPR_2009_18_abs,P4,user,True,raw:raw_output,True
Gemma-3-12B-IT,EBM-NLP,12139812,P5,user,True,raw:raw_output,True
Gemma-3-12B-IT,SciERC,ECCV_2012_30_abs,P4,user,True,raw:raw_output,True
Gemma-3-12B-IT,EBM-NLP,8916620,P6,user,True,raw:raw_output,True
Gemma-3-12B-IT,EBM-NLP,8911222,P4,user,True,raw:raw_output,True
Gemma-3-12B-IT,SciERC,NIPS_2002_11_abs,P4,user,True,raw:raw_output,True
Gemma-3-12B-IT,SciERC,ICML_1995_38_abs,P4,user,True,raw:raw_output,True
Gemma-3-12B-IT,EBM-NLP,11401641,P4,user,True,raw:raw_output,True
Gemma-3-12B-IT,SciERC,C04-1035,P4,user,True,raw:raw_output,True
Gemma-3-12B-IT,EBM-NLP,8519720,P4,user,True,raw:raw_output,True
Gemma-3-12B-IT,SciERC,I05-5003,P4,user,True,raw:raw_output,True
Gemma-3-12B-IT,EBM-NLP,22646975,P5,user,True,raw:raw_output,True
Gemma-3-12B-IT,EBM-NLP,12709693,P4,user,True,raw:raw_output,True
Gemma-3-12B-IT,EBM-NLP,16167234,P5,user,True,raw:raw_output,True
Gemma-3-12B-IT,SciERC,H01-1049,P4,user,True,raw:raw_output,True
Gemma-3-12B-IT,EBM-NLP,22435114,P5,user,True,raw:raw_output,True
Gemma-3-12B-IT,SciERC,P85-1019,P4,user,True,raw:raw_output,True
Gemma-3-12B-IT,SciERC,N03-1033,P4,user,True,raw:raw_output,True
Gemma-3-12B-IT,SciERC,C04-1106,P4,user,True,raw:raw_output,True
Gemma-3-12B-IT,SciERC,C90-3045,P4,user,True,raw:raw_output,True
Gemma-3-12B-IT,EBM-NLP,11381289,P6,user,True,raw:raw_output,True
Gemma-3-12B-IT,EBM-NLP,21975269,P3,user,True,raw:raw_output,True
Gemma-3-12B-IT,EBM-NLP,18783504,P5,user,True,raw:raw_output,True
Gemma-3-12B-IT,EBM-NLP,11099086,P2,user,True,raw:raw_output,True
Gemma-3-12B-IT,EBM-NLP,1286547,P5,user,True,raw:raw_output,True
Gemma-3-12B-IT,EBM-NLP,23114870,P4,user,True,raw:raw_output,True
Gemma-3-12B-IT,EBM-NLP,24451919,P5,user,True,raw:raw_output,True
Gemma-3-12B-IT,SciERC,P04-2005,P4,user,True,raw:raw_output,True
Gemma-3-12B-IT,EBM-NLP,14679127,P4,user,True,raw:raw_output,True
Gemma-3-12B-IT,SciERC,ICCV_2001_47_abs,P4,user,True,raw:raw_output,True
Gemma-3-12B-IT,EBM-NLP,18337284,P3,user,True,raw:raw_output,True
Gemma-3-12B-IT,EBM-NLP,3067745,P6,user,True,raw:raw_output,True
Gemma-3-12B-IT,EBM-NLP,23985254,P1,user,True,raw:raw_output,True
Gemma-3-12B-IT,EBM-NLP,4919024,P6,user,True,raw:raw_output,True
Gemma-3-12B-IT,EBM-NLP,20560622,P5,user,True,raw:raw_output,True
Gemma-3-12B-IT,EBM-NLP,1669598,P5,user,True,raw:raw_output,True
Gemma-3-12B-IT,SciERC,ICCV_2003_161_abs,P4,user,True,raw:raw_output,True
Gemma-3-12B-IT,EBM-NLP,25886492,P1,user,True,raw:raw_output,True
Gemma-3-12B-IT,SciERC,N03-1026,P4,user,True,raw:raw_output,True
Gemma-3-12B-IT,SciERC,C04-1103,P4,user,True,raw:raw_output,True
Gemma-3-12B-IT,EBM-NLP,20189026,P3,user,True,raw:raw_output,True
Gemma-3-12B-IT,EBM-NLP,21106663,P5,user,True,raw:raw_output,True
Gemma-3-12B-IT,EBM-NLP,19708562,P6,user,True,raw:raw_output,True
Gemma-3-12B-IT,EBM-NLP,17321989,P5,user,True,raw:raw_output,True
Gemma-3-12B-IT,SciERC,INTERSPEECH_2014_40_abs,P4,user,True,raw:raw_output,True
Gemma-3-12B-IT,SciERC,E89-1016,P4,user,True,raw:raw_output,True
Gemma-3-12B-IT,EBM-NLP,21914768,P6,user,True,raw:raw_output,True
Gemma-3-12B-IT,SciERC,ICASSP_2016_11_abs,P4,user,True,raw:raw_output,True
Gemma-3-12B-IT,EBM-NLP,9695300,P5,user,True,raw:raw_output,True
Gemma-3-12B-IT,EBM-NLP,23849147,P6,user,True,raw:raw_output,True
Gemma-3-12B-IT,SciERC,CVPR_2008_258_abs,P4,user,True,raw:raw_output,True
Gemma-3-12B-IT,EBM-NLP,9816035,P2,user,True,raw:raw_output,True
Gemma-3-12B-IT,SciERC,P05-1076,P4,user,True,raw:raw_output,True
Gemma-3-12B-IT,EBM-NLP,19802506,P3,user,True,raw:raw_output,True
Gemma-3-12B-IT,SciERC,ICML_2016_10_abs,P4,user,True,raw:raw_output,True
Gemma-3-12B-IT,EBM-NLP,16295154,P5,user,True,raw:raw_output,True
Gemma-3-12B-IT,EBM-NLP,22420121,P5,user,True,raw:raw_output,True
Gemma-3-12B-IT,SciERC,J05-4003,P4,user,True,raw:raw_output,True
Gemma-3-12B-IT,EBM-NLP,11829043,P5,user,True,raw:raw_output,True
Gemma-3-12B-IT,EBM-NLP,9730996,P5,user,True,raw:raw_output,True
Gemma-3-12B-IT,EBM-NLP,18077611,P4,user,True,raw:raw_output,True
Gemma-3-12B-IT,EBM-NLP,25885649,P2,user,True,raw:raw_output,True
Gemma-3-12B-IT,SciERC,P05-1046,P4,user,True,raw:raw_output,True
Gemma-3-12B-IT,EBM-NLP,15358868,P6,user,True,raw:raw_output,True
Gemma-3-12B-IT,EBM-NLP,10763172,P5,user,True,raw:raw_output,True
Gemma-3-12B-IT,SciERC,INTERSPEECH_2006_21_abs,P4,user,True,raw:raw_output,True
Gemma-3-12B-IT,EBM-NLP,6938020,P6,user,True,raw:raw_output,True
Gemma-3-12B-IT,SciERC,CVPR_1993_10_abs,P4,user,True,raw:raw_output,True
Gemma-3-12B-IT,EBM-NLP,15133359,P5,user,True,raw:raw_output,True
Gemma-3-12B-IT,EBM-NLP,24350813,P3,user,True,raw:raw_output,True
Gemma-3-12B-IT,EBM-NLP,19096921,P6,user,True,raw:raw_output,True
Gemma-3-12B-IT,EBM-NLP,7844976,P6,user,True,raw:raw_output,True
Gemma-3-12B-IT,EBM-NLP,17897478,P5,user,True,raw:raw_output,True
Gemma-3-12B-IT,SciERC,CVPR_2006_10_abs,P4,user,True,raw:raw_output,True
Gemma-3-12B-IT,SciERC,CVPR_2016_413_abs,P4,user,True,raw:raw_output,True
Gemma-3-12B-IT,EBM-NLP,24080592,P5,user,True,raw:raw_output,True
Gemma-3-12B-IT,EBM-NLP,384815,P6,user,True,raw:raw_output,True
Gemma-3-12B-IT,EBM-NLP,18975051,P5,user,True,raw:raw_output,True
Gemma-3-12B-IT,EBM-NLP,24317958,P5,user,True,raw:raw_output,True
Gemma-3-12B-IT,EBM-NLP,22538329,P3,user,True,raw:raw_output,True
Gemma-3-12B-IT,EBM-NLP,22271197,P6,user,True,raw:raw_output,True
Gemma-3-12B-IT,EBM-NLP,10934569,P6,user,True,raw:raw_output,True
Gemma-3-12B-IT,SciERC,NIPS_2015_18_abs,P4,user,True,raw:raw_output,True
Gemma-3-12B-IT,EBM-NLP,24803369,P6,user,True,raw:raw_output,True
Gemma-3-12B-IT,EBM-NLP,19727232,P5,user,True,raw:raw_output,True
Gemma-3-12B-IT,EBM-NLP,8779382,P6,user,True,raw:raw_output,True
Gemma-3-12B-IT,EBM-NLP,8726604,P5,user,True,raw:raw_output,True
Gemma-3-12B-IT,SciERC,INTERSPEECH_2008_20_abs,P4,user,True,raw:raw_output,True
Gemma-3-12B-IT,EBM-NLP,10764172,P5,user,True,raw:raw_output,True
Gemma-3-12B-IT,EBM-NLP,23549581,P3,user,True,raw:raw_output,True
Gemma-3-12B-IT,EBM-NLP,21211686,P2,user,True,raw:raw_output,True
Gemma-3-12B-IT,SciERC,NIPS_2016_560_abs,P4,user,True,raw:raw_output,True
Gemma-3-12B-IT,EBM-NLP,21393467,P5,user,True,raw:raw_output,True
Gemma-3-12B-IT,EBM-NLP,1459268,P6,user,True,raw:raw_output,True
Gemma-3-12B-IT,EBM-NLP,19108790,P1,user,True,raw:raw_output,True
Gemma-3-12B-IT,EBM-NLP,22416755,P6,user,True,raw:raw_output,True
Gemma-3-12B-IT,EBM-NLP,15858959,P5,user,True,raw:raw_output,True
Gemma-3-12B-IT,EBM-NLP,19376304,P5,user,True,raw:raw_output,True
Gemma-3-12B-IT,SciERC,E91-1012,P4,user,True,raw:raw_output,True
Gemma-3-12B-IT,EBM-NLP,15848261,P5,user,True,raw:raw_output,True
Gemma-3-12B-IT,EBM-NLP,1968178,P6,user,True,raw:raw_output,True
Gemma-3-12B-IT,EBM-NLP,11891832,P6,user,True,raw:raw_output,True
Gemma-3-12B-IT,SciERC,CVPR_2010_30_abs,P4,user,True,raw:raw_output,True
Gemma-3-12B-IT,EBM-NLP,1780092,P6,user,True,raw:raw_output,True
Gemma-3-12B-IT,EBM-NLP,3074300,P5,user,True,raw:raw_output,True
Gemma-3-12B-IT,EBM-NLP,25931290,P6,user,True,raw:raw_output,True
Gemma-3-12B-IT,EBM-NLP,8989009,P5,user,True,raw:raw_output,True
Gemma-3-12B-IT,EBM-NLP,1131298,P6,user,True,raw:raw_output,True
Gemma-3-12B-IT,EBM-NLP,8911223,P5,user,True,raw:raw_output,True
Gemma-3-12B-IT,EBM-NLP,18544974,P5,user,True,raw:raw_output,True
Gemma-3-12B-IT,EBM-NLP,20509069,P6,user,True,raw:raw_output,True
Gemma-3-12B-IT,SciERC,J86-4002,P4,user,True,raw:raw_output,True
Gemma-3-12B-IT,EBM-NLP,10070173,P5,user,True,raw:raw_output,True
Gemma-3-12B-IT,EBM-NLP,22865017,P5,user,True,raw:raw_output,True
Gemma-3-12B-IT,EBM-NLP,7017018,P6,user,True,raw:raw_output,True
Gemma-3-12B-IT,SciERC,CVPR_2011_11_abs,P4,user,True,raw:raw_output,True
Gemma-3-12B-IT,SciERC,ICML_2016_18_abs,P4,user,True,raw:raw_output,True
Gemma-3-12B-IT,EBM-NLP,15854186,P6,user,True,raw:raw_output,True
Gemma-3-12B-IT,SciERC,ICML_2006_119_abs,P4,user,True,raw:raw_output,True
Gemma-3-12B-IT,EBM-NLP,23356250,P5,user,True,raw:raw_output,True
Gemma-3-12B-IT,EBM-NLP,21718094,P5,user,True,raw:raw_output,True
Gemma-3-12B-IT,EBM-NLP,21975269,P4,user,True,raw:raw_output,True
Gemma-3-12B-IT,EBM-NLP,11750293,P6,user,True,raw:raw_output,True
Gemma-3-12B-IT,EBM-NLP,23985254,P2,user,True,raw:raw_output,True
Gemma-3-12B-IT,EBM-NLP,6951573,P6,user,True,raw:raw_output,True
Gemma-3-12B-IT,SciERC,E93-1066,P4,user,True,raw:raw_output,True
Gemma-3-12B-IT,SciERC,C94-1091,P4,user,True,raw:raw_output,True
Gemma-3-12B-IT,EBM-NLP,18337284,P4,user,True,raw:raw_output,True
Gemma-3-12B-IT,EBM-NLP,22881991,P5,user,True,raw:raw_output,True
Gemma-3-12B-IT,SciERC,P05-1056,P4,user,True,raw:raw_output,True
Gemma-3-12B-IT,EBM-NLP,25886492,P2,user,True,raw:raw_output,True
Gemma-3-12B-IT,EBM-NLP,9229602,P6,user,True,raw:raw_output,True
Gemma-3-12B-IT,EBM-NLP,1963383,P5,user,True,raw:raw_output,True
Gemma-3-12B-IT,EBM-NLP,20618920,P6,user,True,raw:raw_output,True
Gemma-3-12B-IT,EBM-NLP,11099086,P3,user,True,raw:raw_output,True
Gemma-3-12B-IT,SciERC,ICASSP_1997_706_abs,P4,user,True,raw:raw_output,True
Gemma-3-12B-IT,EBM-NLP,20189026,P4,user,True,raw:raw_output,True
Gemma-3-12B-IT,EBM-NLP,26278470,P5,user,True,raw:raw_output,True
Gemma-3-12B-IT,EBM-NLP,12960652,P5,user,True,raw:raw_output,True
Gemma-3-12B-IT,EBM-NLP,3081600,P6,user,True,raw:raw_output,True
Gemma-3-12B-IT,EBM-NLP,24660757,P6,user,True,raw:raw_output,True
Gemma-3-12B-IT,SciERC,CVPR_2009_10_abs,P4,user,True,raw:raw_output,True
Gemma-3-12B-IT,EBM-NLP,20147856,P5,user,True,raw:raw_output,True
Gemma-3-12B-IT,EBM-NLP,2908133,P5,user,True,raw:raw_output,True
Gemma-3-12B-IT,EBM-NLP,19802506,P4,user,True,raw:raw_output,True
Gemma-3-12B-IT,EBM-NLP,7598243,P5,user,True,raw:raw_output,True
Gemma-3-12B-IT,EBM-NLP,11737955,P5,user,True,raw:raw_output,True
Gemma-3-12B-IT,EBM-NLP,7814711,P5,user,True,raw:raw_output,True
Gemma-3-12B-IT,EBM-NLP,9816035,P3,user,True,raw:raw_output,True
Gemma-3-12B-IT,EBM-NLP,8771302,P5,user,True,raw:raw_output,True
Gemma-3-12B-IT,EBM-NLP,25784723,P5,user,True,raw:raw_output,True
Gemma-3-12B-IT,EBM-NLP,26210844,P5,user,True,raw:raw_output,True
Gemma-3-12B-IT,EBM-NLP,25885649,P3,user,True,raw:raw_output,True
Gemma-3-12B-IT,EBM-NLP,21866656,P1,user,True,raw:raw_output,True
Gemma-3-12B-IT,EBM-NLP,24350813,P4,user,True,raw:raw_output,True
Gemma-3-12B-IT,EBM-NLP,23838728,P6,user,True,raw:raw_output,True
Gemma-3-12B-IT,EBM-NLP,24960665,P5,user,True,raw:raw_output,True
Gemma-3-12B-IT,EBM-NLP,9394106,P5,user,True,raw:raw_output,True
Gemma-3-12B-IT,EBM-NLP,2803397,P5,user,True,raw:raw_output,True
Gemma-3-12B-IT,EBM-NLP,7827398,P6,user,True,raw:raw_output,True
Gemma-3-12B-IT,EBM-NLP,23021296,P6,user,True,raw:raw_output,True
Gemma-3-12B-IT,EBM-NLP,16427787,P6,user,True,raw:raw_output,True
Gemma-3-12B-IT,EBM-NLP,11317090,P5,user,True,raw:raw_output,True
Gemma-3-12B-IT,EBM-NLP,14763035,P5,user,True,raw:raw_output,True
Gemma-3-12B-IT,EBM-NLP,20226474,P5,user,True,raw:raw_output,True
Gemma-3-12B-IT,SciERC,ICML_2016_11_abs,P4,user,True,raw:raw_output,True
Gemma-3-12B-IT,EBM-NLP,22538329,P4,user,True,raw:raw_output,True
Gemma-3-12B-IT,EBM-NLP,3919804,P6,user,True,raw:raw_output,True
Gemma-3-12B-IT,EBM-NLP,14739125,P5,user,True,raw:raw_output,True
Gemma-3-12B-IT,EBM-NLP,3534803,P5,user,True,raw:raw_output,True
Gemma-3-12B-IT,SciERC,ICCV_2013_47_abs,P4,user,True,raw:raw_output,True
Gemma-3-12B-IT,EBM-NLP,18229990,P6,user,True,raw:raw_output,True
Gemma-3-12B-IT,EBM-NLP,7808649,P5,user,True,raw:raw_output,True
Gemma-3-12B-IT,SciERC,ECCV_2016_204_abs,P4,user,True,raw:raw_output,True
Gemma-3-12B-IT,SciERC,CVPR_1994_10_abs,P4,user,True,raw:raw_output,True
Gemma-3-12B-IT,EBM-NLP,2223363,P6,user,True,raw:raw_output,True
Gemma-3-12B-IT,EBM-NLP,19108790,P2,user,True,raw:raw_output,True
Gemma-3-12B-IT,EBM-NLP,23549581,P4,user,True,raw:raw_output,True
Gemma-3-12B-IT,EBM-NLP,10752495,P6,user,True,raw:raw_output,True
Gemma-3-12B-IT,EBM-NLP,23103798,P5,user,True,raw:raw_output,True
Gemma-3-12B-IT,EBM-NLP,15193668,P6,user,True,raw:raw_output,True
Gemma-3-12B-IT,EBM-NLP,18773733,P6,user,True,raw:raw_output,True
Gemma-3-12B-IT,EBM-NLP,8913901,P5,user,True,raw:raw_output,True
Gemma-3-12B-IT,EBM-NLP,21211686,P3,user,True,raw:raw_output,True
Gemma-3-12B-IT,EBM-NLP,6421395,P6,user,True,raw:raw_output,True
Gemma-3-12B-IT,EBM-NLP,2224060,P6,user,True,raw:raw_output,True
Gemma-3-12B-IT,SciERC,ECCV_2016_99_abs,P4,user,True,raw:raw_output,True
Gemma-3-12B-IT,EBM-NLP,25898782,P5,user,True,raw:raw_output,True
Gemma-3-12B-IT,EBM-NLP,22744141,P6,user,True,raw:raw_output,True
Gemma-3-12B-IT,SciERC,CVPR_2008_256_abs,P4,user,True,raw:raw_output,True
Gemma-3-12B-IT,EBM-NLP,17293018,P6,user,True,raw:raw_output,True
Gemma-3-12B-IT,EBM-NLP,21896676,P5,user,True,raw:raw_output,True
Gemma-3-12B-IT,SciERC,H01-1042,P4,user,True,raw:raw_output,True
Gemma-3-12B-IT,EBM-NLP,10940525,P1,user,True,raw:raw_output,True
Gemma-3-12B-IT,EBM-NLP,11642083,P6,user,True,raw:raw_output,True
Gemma-3-12B-IT,SciERC,ICCV_2003_151_abs,P4,user,True,raw:raw_output,True
Gemma-3-12B-IT,EBM-NLP,21924760,P5,user,True,raw:raw_output,True
Gemma-3-12B-IT,EBM-NLP,10912743,P5,user,True,raw:raw_output,True
Gemma-3-12B-IT,EBM-NLP,10589810,P5,user,True,raw:raw_output,True
Gemma-3-12B-IT,EBM-NLP,25950425,P5,user,True,raw:raw_output,True
Gemma-3-12B-IT,EBM-NLP,24726342,P5,user,True,raw:raw_output,True
Gemma-3-12B-IT,EBM-NLP,23392542,P5,user,True,raw:raw_output,True
Gemma-3-12B-IT,EBM-NLP,24515505,P5,user,True,raw:raw_output,True
Gemma-3-12B-IT,EBM-NLP,21982657,P5,user,True,raw:raw_output,True
Gemma-3-12B-IT,EBM-NLP,9481998,P6,user,True,raw:raw_output,True
Gemma-3-12B-IT,EBM-NLP,16055807,P6,user,True,raw:raw_output,True
Gemma-3-12B-IT,EBM-NLP,2088233,P6,user,True,raw:raw_output,True
Gemma-3-12B-IT,EBM-NLP,2188766,P6,user,True,raw:raw_output,True
Gemma-3-12B-IT,EBM-NLP,23985254,P3,user,True,raw:raw_output,True
Gemma-3-12B-IT,EBM-NLP,11099086,P4,user,True,raw:raw_output,True
Gemma-3-12B-IT,EBM-NLP,19301724,P5,user,True,raw:raw_output,True
Gemma-3-12B-IT,EBM-NLP,21669557,P5,user,True,raw:raw_output,True
Gemma-3-12B-IT,SciERC,X96-1059,P4,user,True,raw:raw_output,True
Gemma-3-12B-IT,EBM-NLP,25886492,P3,user,True,raw:raw_output,True
Gemma-3-12B-IT,EBM-NLP,19159999,P6,user,True,raw:raw_output,True
Gemma-3-12B-IT,SciERC,INTERSPEECH_2008_28_abs,P4,user,True,raw:raw_output,True
Gemma-3-12B-IT,EBM-NLP,12576806,P5,user,True,raw:raw_output,True
Gemma-3-12B-IT,EBM-NLP,20739054,P1,user,True,raw:raw_output,True
Gemma-3-12B-IT,EBM-NLP,23357440,P6,user,True,raw:raw_output,True
Gemma-3-12B-IT,EBM-NLP,12477021,P6,user,True,raw:raw_output,True
Gemma-3-12B-IT,EBM-NLP,20804366,P6,user,True,raw:raw_output,True
Gemma-3-12B-IT,EBM-NLP,22956006,P5,user,True,raw:raw_output,True
Gemma-3-12B-IT,EBM-NLP,17616069,P6,user,True,raw:raw_output,True
Gemma-3-12B-IT,EBM-NLP,2066441,P6,user,True,raw:raw_output,True
Gemma-3-12B-IT,EBM-NLP,25068497,P6,user,True,raw:raw_output,True
Gemma-3-12B-IT,EBM-NLP,20943715,P5,user,True,raw:raw_output,True
Gemma-3-12B-IT,EBM-NLP,22897461,P5,user,True,raw:raw_output,True
Gemma-3-12B-IT,EBM-NLP,21866656,P2,user,True,raw:raw_output,True
Gemma-3-12B-IT,EBM-NLP,9816035,P4,user,True,raw:raw_output,True
Gemma-3-12B-IT,EBM-NLP,21491990,P5,user,True,raw:raw_output,True
Gemma-3-12B-IT,EBM-NLP,25885649,P4,user,True,raw:raw_output,True
Gemma-3-12B-IT,EBM-NLP,23417625,P6,user,True,raw:raw_output,True
Gemma-3-12B-IT,EBM-NLP,21170734,P6,user,True,raw:raw_output,True
Gemma-3-12B-IT,EBM-NLP,25369243,P6,user,True,raw:raw_output,True
Gemma-3-12B-IT,EBM-NLP,22341427,P5,user,True,raw:raw_output,True
Gemma-3-12B-IT,EBM-NLP,24989854,P5,user,True,raw:raw_output,True
Gemma-3-12B-IT,SciERC,ECCV_2006_13_abs,P4,user,True,raw:raw_output,True
Gemma-3-12B-IT,EBM-NLP,11495215,P6,user,True,raw:raw_output,True
Gemma-3-12B-IT,EBM-NLP,10475150,P5,user,True,raw:raw_output,True
Gemma-3-12B-IT,EBM-NLP,22154769,P5,user,True,raw:raw_output,True
Gemma-3-12B-IT,EBM-NLP,18503531,P6,user,True,raw:raw_output,True
Gemma-3-12B-IT,EBM-NLP,9573502,P5,user,True,raw:raw_output,True
Gemma-3-12B-IT,EBM-NLP,361799,P6,user,True,raw:raw_output,True
Gemma-3-12B-IT,EBM-NLP,25479285,P5,user,True,raw:raw_output,True
Gemma-3-12B-IT,EBM-NLP,7831628,P6,user,True,raw:raw_output,True
Gemma-3-12B-IT,EBM-NLP,10578479,P6,user,True,raw:raw_output,True
Gemma-3-12B-IT,EBM-NLP,24075141,P6,user,True,raw:raw_output,True
Gemma-3-12B-IT,EBM-NLP,6989377,P5,user,True,raw:raw_output,True
Gemma-3-12B-IT,EBM-NLP,6418441,P6,user,True,raw:raw_output,True
Gemma-3-12B-IT,EBM-NLP,18958161,P6,user,True,raw:raw_output,True
Gemma-3-12B-IT,EBM-NLP,12595499,P5,user,True,raw:raw_output,True
Gemma-3-12B-IT,EBM-NLP,19108790,P3,user,True,raw:raw_output,True
Gemma-3-12B-IT,EBM-NLP,11454878,P5,user,True,raw:raw_output,True
Gemma-3-12B-IT,EBM-NLP,21211686,P4,user,True,raw:raw_output,True
Gemma-3-12B-IT,EBM-NLP,10940525,P2,user,True,raw:raw_output,True
Gemma-3-12B-IT,EBM-NLP,10390665,P6,user,True,raw:raw_output,True
Gemma-3-12B-IT,EBM-NLP,18189160,P5,user,True,raw:raw_output,True
Gemma-3-12B-IT,EBM-NLP,7853069,P6,user,True,raw:raw_output,True
Gemma-3-12B-IT,EBM-NLP,12586799,P5,user,True,raw:raw_output,True
Gemma-3-12B-IT,EBM-NLP,12139812,P6,user,True,raw:raw_output,True
Gemma-3-12B-IT,EBM-NLP,18845996,P5,user,True,raw:raw_output,True
Gemma-3-12B-IT,EBM-NLP,15014018,P5,user,True,raw:raw_output,True
Gemma-3-12B-IT,SciERC,ECCV_2016_212_abs,P4,user,True,raw:raw_output,True
Gemma-3-12B-IT,EBM-NLP,22646975,P6,user,True,raw:raw_output,True
Gemma-3-12B-IT,EBM-NLP,6920252,P5,user,True,raw:raw_output,True
Gemma-3-12B-IT,EBM-NLP,16167234,P6,user,True,raw:raw_output,True
Gemma-3-12B-IT,EBM-NLP,16505427,P5,user,True,raw:raw_output,True
Gemma-3-12B-IT,EBM-NLP,22435114,P6,user,True,raw:raw_output,True
Gemma-3-12B-IT,EBM-NLP,7707420,P5,user,True,raw:raw_output,True
Gemma-3-12B-IT,EBM-NLP,1286547,P6,user,True,raw:raw_output,True
Gemma-3-12B-IT,EBM-NLP,18783504,P6,user,True,raw:raw_output,True
Gemma-3-12B-IT,EBM-NLP,24451919,P6,user,True,raw:raw_output,True
Gemma-3-12B-IT,EBM-NLP,8911222,P5,user,True,raw:raw_output,True
Gemma-3-12B-IT,EBM-NLP,23985254,P4,user,True,raw:raw_output,True
Gemma-3-12B-IT,EBM-NLP,11401641,P5,user,True,raw:raw_output,True
Gemma-3-12B-IT,EBM-NLP,20739054,P2,user,True,raw:raw_output,True
Gemma-3-12B-IT,EBM-NLP,20560622,P6,user,True,raw:raw_output,True
Gemma-3-12B-IT,EBM-NLP,8519720,P5,user,True,raw:raw_output,True
Gemma-3-12B-IT,EBM-NLP,25886492,P4,user,True,raw:raw_output,True
Gemma-3-12B-IT,EBM-NLP,1669598,P6,user,True,raw:raw_output,True
Gemma-3-12B-IT,EBM-NLP,12709693,P5,user,True,raw:raw_output,True
Gemma-3-12B-IT,EBM-NLP,21106663,P6,user,True,raw:raw_output,True
Gemma-3-12B-IT,EBM-NLP,17321989,P6,user,True,raw:raw_output,True
Gemma-3-12B-IT,SciERC,W02-1602,P4,user,True,raw:raw_output,True
Gemma-3-12B-IT,EBM-NLP,9695300,P6,user,True,raw:raw_output,True
Gemma-3-12B-IT,EBM-NLP,23114870,P5,user,True,raw:raw_output,True
Gemma-3-12B-IT,EBM-NLP,22420121,P6,user,True,raw:raw_output,True
Gemma-3-12B-IT,EBM-NLP,9730996,P6,user,True,raw:raw_output,True
Gemma-3-12B-IT,EBM-NLP,16295154,P6,user,True,raw:raw_output,True
Gemma-3-12B-IT,EBM-NLP,11829043,P6,user,True,raw:raw_output,True
Gemma-3-12B-IT,EBM-NLP,14679127,P5,user,True,raw:raw_output,True
Gemma-3-12B-IT,EBM-NLP,10763172,P6,user,True,raw:raw_output,True
Gemma-3-12B-IT,EBM-NLP,21866656,P3,user,True,raw:raw_output,True
Gemma-3-12B-IT,EBM-NLP,15133359,P6,user,True,raw:raw_output,True
Gemma-3-12B-IT,SciERC,J86-3001,P4,user,True,raw:raw_output,True
Gemma-3-12B-IT,EBM-NLP,17897478,P6,user,True,raw:raw_output,True
Gemma-3-12B-IT,EBM-NLP,24080592,P6,user,True,raw:raw_output,True
Gemma-3-12B-IT,EBM-NLP,18975051,P6,user,True,raw:raw_output,True
Gemma-3-12B-IT,EBM-NLP,24317958,P6,user,True,raw:raw_output,True
Gemma-3-12B-IT,EBM-NLP,18077611,P5,user,True,raw:raw_output,True
Gemma-3-12B-IT,EBM-NLP,19727232,P6,user,True,raw:raw_output,True
Gemma-3-12B-IT,EBM-NLP,8726604,P6,user,True,raw:raw_output,True
Gemma-3-12B-IT,EBM-NLP,10764172,P6,user,True,raw:raw_output,True
Gemma-3-12B-IT,EBM-NLP,21393467,P6,user,True,raw:raw_output,True
Gemma-3-12B-IT,EBM-NLP,19108790,P4,user,True,raw:raw_output,True
Gemma-3-12B-IT,EBM-NLP,15858959,P6,user,True,raw:raw_output,True
Gemma-3-12B-IT,EBM-NLP,19376304,P6,user,True,raw:raw_output,True
Gemma-3-12B-IT,EBM-NLP,15848261,P6,user,True,raw:raw_output,True
Gemma-3-12B-IT,EBM-NLP,3074300,P6,user,True,raw:raw_output,True
Gemma-3-12B-IT,EBM-NLP,10940525,P3,user,True,raw:raw_output,True
Gemma-3-12B-IT,EBM-NLP,8989009,P6,user,True,raw:raw_output,True
Gemma-3-12B-IT,EBM-NLP,18544974,P6,user,True,raw:raw_output,True
Gemma-3-12B-IT,EBM-NLP,8911223,P6,user,True,raw:raw_output,True
Gemma-3-12B-IT,EBM-NLP,10070173,P6,user,True,raw:raw_output,True
Gemma-3-12B-IT,EBM-NLP,22865017,P6,user,True,raw:raw_output,True
Gemma-3-12B-IT,EBM-NLP,23356250,P6,user,True,raw:raw_output,True
Gemma-3-12B-IT,EBM-NLP,21718094,P6,user,True,raw:raw_output,True
Gemma-3-12B-IT,EBM-NLP,22881991,P6,user,True,raw:raw_output,True
Gemma-3-12B-IT,EBM-NLP,1963383,P6,user,True,raw:raw_output,True
Gemma-3-12B-IT,EBM-NLP,20739054,P3,user,True,raw:raw_output,True
Gemma-3-12B-IT,EBM-NLP,12960652,P6,user,True,raw:raw_output,True
Gemma-3-12B-IT,EBM-NLP,26278470,P6,user,True,raw:raw_output,True
Gemma-3-12B-IT,EBM-NLP,21975269,P5,user,True,raw:raw_output,True
Gemma-3-12B-IT,EBM-NLP,20147856,P6,user,True,raw:raw_output,True
Gemma-3-12B-IT,EBM-NLP,2908133,P6,user,True,raw:raw_output,True
Gemma-3-12B-IT,EBM-NLP,7598243,P6,user,True,raw:raw_output,True
Gemma-3-12B-IT,EBM-NLP,11737955,P6,user,True,raw:raw_output,True
Gemma-3-12B-IT,EBM-NLP,18337284,P5,user,True,raw:raw_output,True
Gemma-3-12B-IT,EBM-NLP,7814711,P6,user,True,raw:raw_output,True
Gemma-3-12B-IT,EBM-NLP,8771302,P6,user,True,raw:raw_output,True
Gemma-3-12B-IT,EBM-NLP,25784723,P6,user,True,raw:raw_output,True
Gemma-3-12B-IT,EBM-NLP,21029638,P1,user,True,raw:raw_output,True
Gemma-3-12B-IT,EBM-NLP,21866656,P4,user,True,raw:raw_output,True
Gemma-3-12B-IT,EBM-NLP,20189026,P5,user,True,raw:raw_output,True
Gemma-3-12B-IT,EBM-NLP,26210844,P6,user,True,raw:raw_output,True
Gemma-3-12B-IT,EBM-NLP,24960665,P6,user,True,raw:raw_output,True
Gemma-3-12B-IT,EBM-NLP,2803397,P6,user,True,raw:raw_output,True
Gemma-3-12B-IT,EBM-NLP,9394106,P6,user,True,raw:raw_output,True
Gemma-3-12B-IT,EBM-NLP,19802506,P5,user,True,raw:raw_output,True
Gemma-3-12B-IT,EBM-NLP,14763035,P6,user,True,raw:raw_output,True
Gemma-3-12B-IT,EBM-NLP,11317090,P6,user,True,raw:raw_output,True
Gemma-3-12B-IT,EBM-NLP,20226474,P6,user,True,raw:raw_output,True
Gemma-3-12B-IT,EBM-NLP,3534803,P6,user,True,raw:raw_output,True
Gemma-3-12B-IT,EBM-NLP,14739125,P6,user,True,raw:raw_output,True
Gemma-3-12B-IT,EBM-NLP,7808649,P6,user,True,raw:raw_output,True
Gemma-3-12B-IT,EBM-NLP,24350813,P5,user,True,raw:raw_output,True
Gemma-3-12B-IT,EBM-NLP,23103798,P6,user,True,raw:raw_output,True
Gemma-3-12B-IT,EBM-NLP,8913901,P6,user,True,raw:raw_output,True
Gemma-3-12B-IT,EBM-NLP,22538329,P5,user,True,raw:raw_output,True
Gemma-3-12B-IT,EBM-NLP,25898782,P6,user,True,raw:raw_output,True
Gemma-3-12B-IT,EBM-NLP,10940525,P4,user,True,raw:raw_output,True
Gemma-3-12B-IT,EBM-NLP,21896676,P6,user,True,raw:raw_output,True
Gemma-3-12B-IT,EBM-NLP,23549581,P5,user,True,raw:raw_output,True
Gemma-3-12B-IT,EBM-NLP,21924760,P6,user,True,raw:raw_output,True
Gemma-3-12B-IT,EBM-NLP,10912743,P6,user,True,raw:raw_output,True
Gemma-3-12B-IT,EBM-NLP,10589810,P6,user,True,raw:raw_output,True
Gemma-3-12B-IT,EBM-NLP,25950425,P6,user,True,raw:raw_output,True
Gemma-3-12B-IT,EBM-NLP,21982657,P6,user,True,raw:raw_output,True
Gemma-3-12B-IT,EBM-NLP,23392542,P6,user,True,raw:raw_output,True
Gemma-3-12B-IT,EBM-NLP,24726342,P6,user,True,raw:raw_output,True
Gemma-3-12B-IT,EBM-NLP,24515505,P6,user,True,raw:raw_output,True
Gemma-3-12B-IT,EBM-NLP,21669557,P6,user,True,raw:raw_output,True
Gemma-3-12B-IT,EBM-NLP,19301724,P6,user,True,raw:raw_output,True
Gemma-3-12B-IT,EBM-NLP,12576806,P6,user,True,raw:raw_output,True
Gemma-3-12B-IT,EBM-NLP,20739054,P4,user,True,raw:raw_output,True
Gemma-3-12B-IT,EBM-NLP,22956006,P6,user,True,raw:raw_output,True
Gemma-3-12B-IT,EBM-NLP,20943715,P6,user,True,raw:raw_output,True
Gemma-3-12B-IT,EBM-NLP,21029638,P2,user,True,raw:raw_output,True
Gemma-3-12B-IT,EBM-NLP,22897461,P6,user,True,raw:raw_output,True
Gemma-3-12B-IT,EBM-NLP,11099086,P5,user,True,raw:raw_output,True
Gemma-3-12B-IT,EBM-NLP,21491990,P6,user,True,raw:raw_output,True
Gemma-3-12B-IT,EBM-NLP,24989854,P6,user,True,raw:raw_output,True
Gemma-3-12B-IT,EBM-NLP,22341427,P6,user,True,raw:raw_output,True
Gemma-3-12B-IT,EBM-NLP,22154769,P6,user,True,raw:raw_output,True
Gemma-3-12B-IT,EBM-NLP,10475150,P6,user,True,raw:raw_output,True
Gemma-3-12B-IT,EBM-NLP,9816035,P5,user,True,raw:raw_output,True
Gemma-3-12B-IT,EBM-NLP,25885649,P5,user,True,raw:raw_output,True
Gemma-3-12B-IT,EBM-NLP,9573502,P6,user,True,raw:raw_output,True
Gemma-3-12B-IT,EBM-NLP,25479285,P6,user,True,raw:raw_output,True
Gemma-3-12B-IT,EBM-NLP,6989377,P6,user,True,raw:raw_output,True
Gemma-3-12B-IT,EBM-NLP,11454878,P6,user,True,raw:raw_output,True
Gemma-3-12B-IT,EBM-NLP,12595499,P6,user,True,raw:raw_output,True
Gemma-3-12B-IT,EBM-NLP,12586799,P6,user,True,raw:raw_output,True
Gemma-3-12B-IT,EBM-NLP,18189160,P6,user,True,raw:raw_output,True
Gemma-3-12B-IT,EBM-NLP,18845996,P6,user,True,raw:raw_output,True
Gemma-3-12B-IT,EBM-NLP,15014018,P6,user,True,raw:raw_output,True
Gemma-3-12B-IT,EBM-NLP,6920252,P6,user,True,raw:raw_output,True
Gemma-3-12B-IT,EBM-NLP,16505427,P6,user,True,raw:raw_output,True
Gemma-3-12B-IT,EBM-NLP,21211686,P5,user,True,raw:raw_output,True
Gemma-3-12B-IT,EBM-NLP,7707420,P6,user,True,raw:raw_output,True
Gemma-3-12B-IT,EBM-NLP,8911222,P6,user,True,raw:raw_output,True
Gemma-3-12B-IT,EBM-NLP,11401641,P6,user,True,raw:raw_output,True
Gemma-3-12B-IT,EBM-NLP,8519720,P6,user,True,raw:raw_output,True
Gemma-3-12B-IT,EBM-NLP,12709693,P6,user,True,raw:raw_output,True
Gemma-3-12B-IT,EBM-NLP,23114870,P6,user,True,raw:raw_output,True
Gemma-3-12B-IT,EBM-NLP,14679127,P6,user,True,raw:raw_output,True
Gemma-3-12B-IT,EBM-NLP,23985254,P5,user,True,raw:raw_output,True
Gemma-3-12B-IT,EBM-NLP,25886492,P5,user,True,raw:raw_output,True
Gemma-3-12B-IT,EBM-NLP,21029638,P3,user,True,raw:raw_output,True
Gemma-3-12B-IT,EBM-NLP,18077611,P6,user,True,raw:raw_output,True
Gemma-3-12B-IT,EBM-NLP,19108790,P5,user,True,raw:raw_output,True
Gemma-3-12B-IT,EBM-NLP,21975269,P6,user,True,raw:raw_output,True
Gemma-3-12B-IT,EBM-NLP,18337284,P6,user,True,raw:raw_output,True
Gemma-3-12B-IT,EBM-NLP,21029638,P4,user,True,raw:raw_output,True
Gemma-3-12B-IT,EBM-NLP,20189026,P6,user,True,raw:raw_output,True
Gemma-3-12B-IT,EBM-NLP,19802506,P6,user,True,raw:raw_output,True
Gemma-3-12B-IT,EBM-NLP,21866656,P5,user,True,raw:raw_output,True
Gemma-3-12B-IT,EBM-NLP,24350813,P6,user,True,raw:raw_output,True
Gemma-3-12B-IT,EBM-NLP,22538329,P6,user,True,raw:raw_output,True
Gemma-3-12B-IT,EBM-NLP,23549581,P6,user,True,raw:raw_output,True
Gemma-3-12B-IT,EBM-NLP,10940525,P5,user,True,raw:raw_output,True
Gemma-3-12B-IT,EBM-NLP,11099086,P6,user,True,raw:raw_output,True
Gemma-3-12B-IT,EBM-NLP,20739054,P5,user,True,raw:raw_output,True
Gemma-3-12B-IT,EBM-NLP,9816035,P6,user,True,raw:raw_output,True
Gemma-3-12B-IT,EBM-NLP,25885649,P6,user,True,raw:raw_output,True
Gemma-3-12B-IT,EBM-NLP,21211686,P6,user,True,raw:raw_output,True
Gemma-3-12B-IT,SciERC,P86-1011,P5,user,True,raw:raw_output,True
Gemma-3-12B-IT,SciERC,ECCV_2016_110_abs,P5,user,True,raw:raw_output,True
Gemma-3-12B-IT,EBM-NLP,23985254,P6,user,True,raw:raw_output,True
Gemma-3-12B-IT,EBM-NLP,25886492,P6,user,True,raw:raw_output,True
Gemma-3-12B-IT,SciERC,P06-3007,P5,user,True,raw:raw_output,True
Gemma-3-12B-IT,SciERC,E95-1033,P5,user,True,raw:raw_output,True
Gemma-3-12B-IT,SciERC,C88-1044,P5,user,True,raw:raw_output,True
Gemma-3-12B-IT,SciERC,P06-1018,P5,user,True,raw:raw_output,True
Gemma-3-12B-IT,SciERC,I05-5004,P5,user,True,raw:raw_output,True
Gemma-3-12B-IT,SciERC,E99-1015,P5,user,True,raw:raw_output,True
Gemma-3-12B-IT,SciERC,P06-2012,P5,user,True,raw:raw_output,True
Gemma-3-12B-IT,SciERC,P05-1039,P5,user,True,raw:raw_output,True
Gemma-3-12B-IT,SciERC,P06-1053,P5,user,True,raw:raw_output,True
Gemma-3-12B-IT,SciERC,P05-2013,P5,user,True,raw:raw_output,True
Gemma-3-12B-IT,SciERC,C86-1081,P5,user,True,raw:raw_output,True
Gemma-3-12B-IT,SciERC,P06-1013,P5,user,True,raw:raw_output,True
Gemma-3-12B-IT,SciERC,P06-4007,P5,user,True,raw:raw_output,True
Gemma-3-12B-IT,SciERC,P83-1004,P5,user,True,raw:raw_output,True
Gemma-3-12B-IT,SciERC,C04-1011,P5,user,True,raw:raw_output,True
Gemma-3-12B-IT,SciERC,E06-1022,P5,user,True,raw:raw_output,True
Gemma-3-12B-IT,SciERC,CVPR_2003_30_abs,P5,user,True,raw:raw_output,True
Gemma-3-12B-IT,EBM-NLP,19108790,P6,user,True,raw:raw_output,True
Gemma-3-12B-IT,SciERC,CVPR_2004_18_abs,P5,user,True,raw:raw_output,True
Gemma-3-12B-IT,SciERC,H05-1095,P5,user,True,raw:raw_output,True
Gemma-3-12B-IT,SciERC,P03-1070,P5,user,True,raw:raw_output,True
Gemma-3-12B-IT,SciERC,C08-2010,P5,user,True,raw:raw_output,True
Gemma-3-12B-IT,SciERC,C04-1128,P5,user,True,raw:raw_output,True
Gemma-3-12B-IT,SciERC,INTERSPEECH_2007_40_abs,P5,user,True,raw:raw_output,True
Gemma-3-12B-IT,SciERC,N06-1037,P5,user,True,raw:raw_output,True
Gemma-3-12B-IT,SciERC,C04-1036,P5,user,True,raw:raw_output,True
Gemma-3-12B-IT,SciERC,CVPR_1999_15_abs,P5,user,True,raw:raw_output,True
Gemma-3-12B-IT,SciERC,CVPR_2011_10_abs,P5,user,True,raw:raw_output,True
Gemma-3-12B-IT,SciERC,NIPS_2016_80_abs,P5,user,True,raw:raw_output,True
Gemma-3-12B-IT,SciERC,J82-3002,P5,user,True,raw:raw_output,True
Gemma-3-12B-IT,SciERC,C96-1062,P5,user,True,raw:raw_output,True
Gemma-3-12B-IT,SciERC,ICCV_2013_25_abs,P5,user,True,raw:raw_output,True
Gemma-3-12B-IT,SciERC,N04-1022,P5,user,True,raw:raw_output,True
Gemma-3-12B-IT,SciERC,C90-3063,P5,user,True,raw:raw_output,True
Gemma-3-12B-IT,SciERC,CVPR_2004_30_abs,P5,user,True,raw:raw_output,True
Gemma-3-12B-IT,SciERC,NIPS_2002_18_abs,P5,user,True,raw:raw_output,True
Gemma-3-12B-IT,SciERC,I05-4010,P5,user,True,raw:raw_output,True
Gemma-3-12B-IT,SciERC,P01-1056,P5,user,True,raw:raw_output,True
Gemma-3-12B-IT,SciERC,INTERSPEECH_2013_21_abs,P5,user,True,raw:raw_output,True
Gemma-3-12B-IT,SciERC,A97-1020,P5,user,True,raw:raw_output,True
Gemma-3-12B-IT,SciERC,P08-1105,P5,user,True,raw:raw_output,True
Gemma-3-12B-IT,SciERC,C00-2123,P5,user,True,raw:raw_output,True
Gemma-3-12B-IT,SciERC,NIPS_2001_11_abs,P5,user,True,raw:raw_output,True
Gemma-3-12B-IT,EBM-NLP,21029638,P5,user,True,raw:raw_output,True
Gemma-3-12B-IT,SciERC,CVPR_2009_18_abs,P5,user,True,raw:raw_output,True
Gemma-3-12B-IT,SciERC,ECCV_2012_30_abs,P5,user,True,raw:raw_output,True
Gemma-3-12B-IT,EBM-NLP,21866656,P6,user,True,raw:raw_output,True
Gemma-3-12B-IT,SciERC,NIPS_2002_11_abs,P5,user,True,raw:raw_output,True
Gemma-3-12B-IT,SciERC,ICML_1995_38_abs,P5,user,True,raw:raw_output,True
Gemma-3-12B-IT,SciERC,C04-1035,P5,user,True,raw:raw_output,True
Gemma-3-12B-IT,SciERC,I05-5003,P5,user,True,raw:raw_output,True
Gemma-3-12B-IT,SciERC,H01-1049,P5,user,True,raw:raw_output,True
Gemma-3-12B-IT,SciERC,P85-1019,P5,user,True,raw:raw_output,True
Gemma-3-12B-IT,SciERC,C90-3045,P5,user,True,raw:raw_output,True
Gemma-3-12B-IT,SciERC,C04-1106,P5,user,True,raw:raw_output,True
Gemma-3-12B-IT,SciERC,N03-1033,P5,user,True,raw:raw_output,True
Gemma-3-12B-IT,SciERC,P04-2005,P5,user,True,raw:raw_output,True
Gemma-3-12B-IT,SciERC,ICCV_2001_47_abs,P5,user,True,raw:raw_output,True
Gemma-3-12B-IT,SciERC,ICCV_2003_161_abs,P5,user,True,raw:raw_output,True
Gemma-3-12B-IT,SciERC,N03-1026,P5,user,True,raw:raw_output,True
Gemma-3-12B-IT,SciERC,C04-1103,P5,user,True,raw:raw_output,True
Gemma-3-12B-IT,SciERC,INTERSPEECH_2014_40_abs,P5,user,True,raw:raw_output,True
Gemma-3-12B-IT,SciERC,E89-1016,P5,user,True,raw:raw_output,True
Gemma-3-12B-IT,EBM-NLP,10940525,P6,user,True,raw:raw_output,True
Gemma-3-12B-IT,SciERC,ICASSP_2016_11_abs,P5,user,True,raw:raw_output,True
Gemma-3-12B-IT,SciERC,CVPR_2008_258_abs,P5,user,True,raw:raw_output,True
Gemma-3-12B-IT,SciERC,ICML_2016_10_abs,P5,user,True,raw:raw_output,True
Gemma-3-12B-IT,SciERC,P05-1076,P5,user,True,raw:raw_output,True
Gemma-3-12B-IT,SciERC,J05-4003,P5,user,True,raw:raw_output,True
Gemma-3-12B-IT,SciERC,P05-1046,P5,user,True,raw:raw_output,True
Gemma-3-12B-IT,SciERC,INTERSPEECH_2006_21_abs,P5,user,True,raw:raw_output,True
Gemma-3-12B-IT,SciERC,CVPR_1993_10_abs,P5,user,True,raw:raw_output,True
Gemma-3-12B-IT,SciERC,CVPR_2006_10_abs,P5,user,True,raw:raw_output,True
Gemma-3-12B-IT,SciERC,CVPR_2016_413_abs,P5,user,True,raw:raw_output,True
Gemma-3-12B-IT,EBM-NLP,20739054,P6,user,True,raw:raw_output,True
Gemma-3-12B-IT,SciERC,NIPS_2015_18_abs,P5,user,True,raw:raw_output,True
Gemma-3-12B-IT,SciERC,INTERSPEECH_2008_20_abs,P5,user,True,raw:raw_output,True
Gemma-3-12B-IT,SciERC,NIPS_2016_560_abs,P5,user,True,raw:raw_output,True
Gemma-3-12B-IT,SciERC,E91-1012,P5,user,True,raw:raw_output,True
Gemma-3-12B-IT,SciERC,CVPR_2010_30_abs,P5,user,True,raw:raw_output,True
Gemma-3-12B-IT,SciERC,J86-4002,P5,user,True,raw:raw_output,True
Gemma-3-12B-IT,SciERC,ICML_2016_18_abs,P5,user,True,raw:raw_output,True
Gemma-3-12B-IT,SciERC,CVPR_2011_11_abs,P5,user,True,raw:raw_output,True
Gemma-3-12B-IT,SciERC,ICML_2006_119_abs,P5,user,True,raw:raw_output,True
Gemma-3-12B-IT,SciERC,E93-1066,P5,user,True,raw:raw_output,True
Gemma-3-12B-IT,SciERC,C94-1091,P5,user,True,raw:raw_output,True
Gemma-3-12B-IT,SciERC,P05-1056,P5,user,True,raw:raw_output,True
Gemma-3-12B-IT,SciERC,ICASSP_1997_706_abs,P5,user,True,raw:raw_output,True
Gemma-3-12B-IT,SciERC,P86-1011,P6,user,True,raw:raw_output,True
Gemma-3-12B-IT,SciERC,CVPR_2009_10_abs,P5,user,True,raw:raw_output,True
Gemma-3-12B-IT,SciERC,ECCV_2016_110_abs,P6,user,True,raw:raw_output,True
Gemma-3-12B-IT,SciERC,ICML_2016_11_abs,P5,user,True,raw:raw_output,True
Gemma-3-12B-IT,SciERC,P06-3007,P6,user,True,raw:raw_output,True
Gemma-3-12B-IT,SciERC,E95-1033,P6,user,True,raw:raw_output,True
Gemma-3-12B-IT,SciERC,ICCV_2013_47_abs,P5,user,True,raw:raw_output,True
Gemma-3-12B-IT,SciERC,ECCV_2016_204_abs,P5,user,True,raw:raw_output,True
Gemma-3-12B-IT,SciERC,CVPR_1994_10_abs,P5,user,True,raw:raw_output,True
Gemma-3-12B-IT,SciERC,C88-1044,P6,user,True,raw:raw_output,True
Gemma-3-12B-IT,SciERC,I05-5004,P6,user,True,raw:raw_output,True
Gemma-3-12B-IT,SciERC,P06-1018,P6,user,True,raw:raw_output,True
Gemma-3-12B-IT,SciERC,P06-2012,P6,user,True,raw:raw_output,True
Gemma-3-12B-IT,SciERC,E99-1015,P6,user,True,raw:raw_output,True
Gemma-3-12B-IT,SciERC,P05-1039,P6,user,True,raw:raw_output,True
Gemma-3-12B-IT,SciERC,ECCV_2016_99_abs,P5,user,True,raw:raw_output,True
Gemma-3-12B-IT,SciERC,P06-1053,P6,user,True,raw:raw_output,True
Gemma-3-12B-IT,SciERC,P05-2013,P6,user,True,raw:raw_output,True
Gemma-3-12B-IT,SciERC,CVPR_2008_256_abs,P5,user,True,raw:raw_output,True
Gemma-3-12B-IT,SciERC,H01-1042,P5,user,True,raw:raw_output,True
Gemma-3-12B-IT,SciERC,ICCV_2003_151_abs,P5,user,True,raw:raw_output,True
Gemma-3-12B-IT,SciERC,C86-1081,P6,user,True,raw:raw_output,True
Gemma-3-12B-IT,SciERC,P06-1013,P6,user,True,raw:raw_output,True
Gemma-3-12B-IT,SciERC,P06-4007,P6,user,True,raw:raw_output,True
Gemma-3-12B-IT,SciERC,P83-1004,P6,user,True,raw:raw_output,True
Gemma-3-12B-IT,SciERC,C04-1011,P6,user,True,raw:raw_output,True
Gemma-3-12B-IT,SciERC,E06-1022,P6,user,True,raw:raw_output,True
Gemma-3-12B-IT,SciERC,CVPR_2003_30_abs,P6,user,True,raw:raw_output,True
Gemma-3-12B-IT,SciERC,X96-1059,P5,user,True,raw:raw_output,True
Gemma-3-12B-IT,SciERC,INTERSPEECH_2008_28_abs,P5,user,True,raw:raw_output,True
Gemma-3-12B-IT,SciERC,CVPR_2004_18_abs,P6,user,True,raw:raw_output,True
Gemma-3-12B-IT,SciERC,H05-1095,P6,user,True,raw:raw_output,True
Gemma-3-12B-IT,SciERC,P03-1070,P6,user,True,raw:raw_output,True
Gemma-3-12B-IT,SciERC,C08-2010,P6,user,True,raw:raw_output,True
Gemma-3-12B-IT,SciERC,C04-1128,P6,user,True,raw:raw_output,True
Gemma-3-12B-IT,SciERC,INTERSPEECH_2007_40_abs,P6,user,True,raw:raw_output,True
Gemma-3-12B-IT,SciERC,C04-1036,P6,user,True,raw:raw_output,True
Gemma-3-12B-IT,SciERC,N06-1037,P6,user,True,raw:raw_output,True
Gemma-3-12B-IT,SciERC,CVPR_1999_15_abs,P6,user,True,raw:raw_output,True
Gemma-3-12B-IT,SciERC,NIPS_2016_80_abs,P6,user,True,raw:raw_output,True
Gemma-3-12B-IT,SciERC,CVPR_2011_10_abs,P6,user,True,raw:raw_output,True
Gemma-3-12B-IT,SciERC,C96-1062,P6,user,True,raw:raw_output,True
Gemma-3-12B-IT,SciERC,J82-3002,P6,user,True,raw:raw_output,True
Gemma-3-12B-IT,SciERC,ICCV_2013_25_abs,P6,user,True,raw:raw_output,True
Gemma-3-12B-IT,SciERC,N04-1022,P6,user,True,raw:raw_output,True
Gemma-3-12B-IT,SciERC,ECCV_2006_13_abs,P5,user,True,raw:raw_output,True
Gemma-3-12B-IT,SciERC,C90-3063,P6,user,True,raw:raw_output,True
Gemma-3-12B-IT,SciERC,CVPR_2004_30_abs,P6,user,True,raw:raw_output,True
Gemma-3-12B-IT,SciERC,NIPS_2002_18_abs,P6,user,True,raw:raw_output,True
Gemma-3-12B-IT,SciERC,I05-4010,P6,user,True,raw:raw_output,True
Gemma-3-12B-IT,SciERC,P01-1056,P6,user,True,raw:raw_output,True
Gemma-3-12B-IT,SciERC,INTERSPEECH_2013_21_abs,P6,user,True,raw:raw_output,True
Gemma-3-12B-IT,SciERC,A97-1020,P6,user,True,raw:raw_output,True
Gemma-3-12B-IT,SciERC,P08-1105,P6,user,True,raw:raw_output,True
Gemma-3-12B-IT,SciERC,C00-2123,P6,user,True,raw:raw_output,True
Gemma-3-12B-IT,SciERC,NIPS_2001_11_abs,P6,user,True,raw:raw_output,True
Gemma-3-12B-IT,SciERC,CVPR_2009_18_abs,P6,user,True,raw:raw_output,True
Gemma-3-12B-IT,EBM-NLP,21029638,P6,user,True,raw:raw_output,True
Gemma-3-12B-IT,SciERC,ECCV_2012_30_abs,P6,user,True,raw:raw_output,True
Gemma-3-12B-IT,SciERC,NIPS_2002_11_abs,P6,user,True,raw:raw_output,True
Gemma-3-12B-IT,SciERC,ICML_1995_38_abs,P6,user,True,raw:raw_output,True
Gemma-3-12B-IT,SciERC,C04-1035,P6,user,True,raw:raw_output,True
Gemma-3-12B-IT,SciERC,I05-5003,P6,user,True,raw:raw_output,True
Gemma-3-12B-IT,SciERC,ECCV_2016_212_abs,P5,user,True,raw:raw_output,True
Gemma-3-12B-IT,SciERC,H01-1049,P6,user,True,raw:raw_output,True
Gemma-3-12B-IT,SciERC,P85-1019,P6,user,True,raw:raw_output,True
Gemma-3-12B-IT,SciERC,C04-1106,P6,user,True,raw:raw_output,True
Gemma-3-12B-IT,SciERC,N03-1033,P6,user,True,raw:raw_output,True
Gemma-3-12B-IT,SciERC,C90-3045,P6,user,True,raw:raw_output,True
Gemma-3-12B-IT,SciERC,P04-2005,P6,user,True,raw:raw_output,True
Gemma-3-12B-IT,SciERC,ICCV_2001_47_abs,P6,user,True,raw:raw_output,True
Gemma-3-12B-IT,SciERC,ICCV_2003_161_abs,P6,user,True,raw:raw_output,True
Gemma-3-12B-IT,SciERC,N03-1026,P6,user,True,raw:raw_output,True
Gemma-3-12B-IT,SciERC,C04-1103,P6,user,True,raw:raw_output,True
Gemma-3-12B-IT,SciERC,INTERSPEECH_2014_40_abs,P6,user,True,raw:raw_output,True
Gemma-3-12B-IT,SciERC,W02-1602,P5,user,True,raw:raw_output,True
Gemma-3-12B-IT,SciERC,E89-1016,P6,user,True,raw:raw_output,True
Gemma-3-12B-IT,SciERC,ICASSP_2016_11_abs,P6,user,True,raw:raw_output,True
Gemma-3-12B-IT,SciERC,CVPR_2008_258_abs,P6,user,True,raw:raw_output,True
Gemma-3-12B-IT,SciERC,P05-1076,P6,user,True,raw:raw_output,True
Gemma-3-12B-IT,SciERC,ICML_2016_10_abs,P6,user,True,raw:raw_output,True
Gemma-3-12B-IT,SciERC,J05-4003,P6,user,True,raw:raw_output,True
Gemma-3-12B-IT,SciERC,P05-1046,P6,user,True,raw:raw_output,True
Gemma-3-12B-IT,SciERC,INTERSPEECH_2006_21_abs,P6,user,True,raw:raw_output,True
Gemma-3-12B-IT,SciERC,CVPR_1993_10_abs,P6,user,True,raw:raw_output,True
Gemma-3-12B-IT,SciERC,J86-3001,P5,user,True,raw:raw_output,True
Gemma-3-12B-IT,SciERC,CVPR_2016_413_abs,P6,user,True,raw:raw_output,True
Gemma-3-12B-IT,SciERC,CVPR_2006_10_abs,P6,user,True,raw:raw_output,True
Gemma-3-12B-IT,SciERC,NIPS_2015_18_abs,P6,user,True,raw:raw_output,True
Gemma-3-12B-IT,SciERC,INTERSPEECH_2008_20_abs,P6,user,True,raw:raw_output,True
Gemma-3-12B-IT,SciERC,NIPS_2016_560_abs,P6,user,True,raw:raw_output,True
Gemma-3-12B-IT,SciERC,E91-1012,P6,user,True,raw:raw_output,True
Gemma-3-12B-IT,SciERC,CVPR_2010_30_abs,P6,user,True,raw:raw_output,True
Gemma-3-12B-IT,SciERC,J86-4002,P6,user,True,raw:raw_output,True
Gemma-3-12B-IT,SciERC,ICML_2016_18_abs,P6,user,True,raw:raw_output,True
Gemma-3-12B-IT,SciERC,CVPR_2011_11_abs,P6,user,True,raw:raw_output,True
Gemma-3-12B-IT,SciERC,ICML_2006_119_abs,P6,user,True,raw:raw_output,True
Gemma-3-12B-IT,SciERC,E93-1066,P6,user,True,raw:raw_output,True
Gemma-3-12B-IT,SciERC,C94-1091,P6,user,True,raw:raw_output,True
Gemma-3-12B-IT,SciERC,P05-1056,P6,user,True,raw:raw_output,True
Gemma-3-12B-IT,SciERC,ICASSP_1997_706_abs,P6,user,True,raw:raw_output,True
Gemma-3-12B-IT,SciERC,CVPR_2009_10_abs,P6,user,True,raw:raw_output,True
Gemma-3-12B-IT,SciERC,ICML_2016_11_abs,P6,user,True,raw:raw_output,True
Gemma-3-12B-IT,SciERC,ICCV_2013_47_abs,P6,user,True,raw:raw_output,True
Gemma-3-12B-IT,SciERC,ECCV_2016_204_abs,P6,user,True,raw:raw_output,True
Gemma-3-12B-IT,SciERC,CVPR_1994_10_abs,P6,user,True,raw:raw_output,True
Gemma-3-12B-IT,SciERC,ECCV_2016_99_abs,P6,user,True,raw:raw_output,True
Gemma-3-12B-IT,SciERC,CVPR_2008_256_abs,P6,user,True,raw:raw_output,True
Gemma-3-12B-IT,SciERC,H01-1042,P6,user,True,raw:raw_output,True
Gemma-3-12B-IT,SciERC,ICCV_2003_151_abs,P6,user,True,raw:raw_output,True
Gemma-3-12B-IT,SciERC,X96-1059,P6,user,True,raw:raw_output,True
Gemma-3-12B-IT,SciERC,INTERSPEECH_2008_28_abs,P6,user,True,raw:raw_output,True
Gemma-3-12B-IT,SciERC,ECCV_2006_13_abs,P6,user,True,raw:raw_output,True
Gemma-3-12B-IT,SciERC,ECCV_2016_212_abs,P6,user,True,raw:raw_output,True
Gemma-3-12B-IT,SciERC,W02-1602,P6,user,True,raw:raw_output,True
Gemma-3-12B-IT,SciERC,J86-3001,P6,user,True,raw:raw_output,True
Gemma-3-12B-IT,SciER,ICLR2024-AI4Material,P1,user,True,raw:raw_output,True
Gemma-3-12B-IT,SciER,ICLR2024-AI4Material,P2,user,True,raw:raw_output,True
Gemma-3-12B-IT,SciER,ICLR2024-AI4Material,P3,user,True,raw:raw_output,True
Gemma-3-12B-IT,SciER,ICLR2024-AI4Material,P4,user,True,raw:raw_output,True
Gemma-3-12B-IT,SciER,ICLR2024-AI4Material,P5,user,True,raw:raw_output,True
Gemma-3-12B-IT,SciER,160009536,P1,user,True,raw:raw_output,True
Gemma-3-12B-IT,SciER,160009536,P2,user,True,raw:raw_output,True
Gemma-3-12B-IT,SciER,ICLR2024-AI4Material,P6,user,True,raw:raw_output,True
Gemma-3-12B-IT,SciER,160009536,P3,user,True,raw:raw_output,True
Gemma-3-12B-IT,SciER,160009536,P4,user,True,raw:raw_output,True
Gemma-3-12B-IT,SciER,192546007,P1,user,True,raw:raw_output,True
Gemma-3-12B-IT,SciER,244256,P1,user,True,raw:raw_output,True
Gemma-3-12B-IT,SciER,192546007,P2,user,True,raw:raw_output,True
Gemma-3-12B-IT,SciER,244256,P2,user,True,raw:raw_output,True
Gemma-3-12B-IT,SciER,192546007,P3,user,True,raw:raw_output,True
Gemma-3-12B-IT,SciER,244256,P3,user,True,raw:raw_output,True
Gemma-3-12B-IT,SciER,192546007,P4,user,True,raw:raw_output,True
Gemma-3-12B-IT,SciER,202719492,P1,user,True,raw:raw_output,True
Gemma-3-12B-IT,SciER,244256,P4,user,True,raw:raw_output,True
Gemma-3-12B-IT,SciER,160009536,P5,user,True,raw:raw_output,True
Gemma-3-12B-IT,SciER,202719492,P2,user,True,raw:raw_output,True
Gemma-3-12B-IT,SciER,202719492,P3,user,True,raw:raw_output,True
Gemma-3-12B-IT,SciER,160009536,P6,user,True,raw:raw_output,True
Gemma-3-12B-IT,SciER,202719492,P4,user,True,raw:raw_output,True
Gemma-3-12B-IT,SciER,210157153,P1,user,True,raw:raw_output,True
Gemma-3-12B-IT,SciER,210157153,P2,user,True,raw:raw_output,True
Gemma-3-12B-IT,SciER,192546007,P5,user,True,raw:raw_output,True
Gemma-3-12B-IT,SciER,NeurIPS2023-AI4Science,P1,user,True,raw:raw_output,True
Gemma-3-12B-IT,SciER,244256,P5,user,True,raw:raw_output,True
Gemma-3-12B-IT,SciER,3627225,P1,user,True,raw:raw_output,True
Gemma-3-12B-IT,SciER,210157153,P3,user,True,raw:raw_output,True
Gemma-3-12B-IT,SciER,NeurIPS2023-AI4Science,P2,user,True,raw:raw_output,True
Gemma-3-12B-IT,SciER,3627225,P2,user,True,raw:raw_output,True
Gemma-3-12B-IT,SciER,NeurIPS2023-AI4Science,P3,user,True,raw:raw_output,True
Gemma-3-12B-IT,SciER,210157153,P4,user,True,raw:raw_output,True
Gemma-3-12B-IT,SciER,AAAI2024,P1,user,True,raw:raw_output,True
Gemma-3-12B-IT,SciER,3627225,P3,user,True,raw:raw_output,True
Gemma-3-12B-IT,SciER,192546007,P6,user,True,raw:raw_output,True
Gemma-3-12B-IT,SciER,NeurIPS2023-AI4Science,P4,user,True,raw:raw_output,True
Gemma-3-12B-IT,SciER,AAAI2024,P2,user,True,raw:raw_output,True
Gemma-3-12B-IT,SciER,244256,P6,user,True,raw:raw_output,True
Gemma-3-12B-IT,SciER,202719492,P5,user,True,raw:raw_output,True
Gemma-3-12B-IT,SciER,3627225,P4,user,True,raw:raw_output,True
Gemma-3-12B-IT,SciER,AAAI2024,P3,user,True,raw:raw_output,True
Gemma-3-12B-IT,SciER,AAAI2024,P4,user,True,raw:raw_output,True
Gemma-3-12B-IT,SciER,202719492,P6,user,True,raw:raw_output,True
Gemma-3-12B-IT,SciER,210157153,P5,user,True,raw:raw_output,True
Gemma-3-12B-IT,SciER,NeurIPS2023-AI4Science,P5,user,True,raw:raw_output,True
Gemma-3-12B-IT,SciER,3627225,P5,user,True,raw:raw_output,True
Gemma-3-12B-IT,SciER,210157153,P6,user,True,raw:raw_output,True
Gemma-3-12B-IT,SciER,AAAI2024,P5,user,True,raw:raw_output,True
Gemma-3-12B-IT,SciER,NeurIPS2023-AI4Science,P6,user,True,raw:raw_output,True
Gemma-3-12B-IT,SciER,EMNLP2023,P1,user,True,raw:raw_output,True
Gemma-3-12B-IT,SciER,3627225,P6,user,True,raw:raw_output,True
Gemma-3-12B-IT,SciER,EMNLP2023,P2,user,True,raw:raw_output,True
Gemma-3-12B-IT,SciER,EMNLP2023,P3,user,True,raw:raw_output,True
Gemma-3-12B-IT,SciER,AAAI2024,P6,user,True,raw:raw_output,True
Gemma-3-12B-IT,SciER,ICLR2024-AI4Science-Protein,P1,user,True,raw:raw_output,True
Gemma-3-12B-IT,SciER,EMNLP2023,P4,user,True,raw:raw_output,True
Gemma-3-12B-IT,SciER,ICLR2024-AI4Science-Protein,P2,user,True,raw:raw_output,True
Gemma-3-12B-IT,SciER,ICLR2024-AI4Science-Protein,P3,user,True,raw:raw_output,True
Gemma-3-12B-IT,SciER,ICLR2024-AI4Science-Protein,P4,user,True,raw:raw_output,True
Gemma-3-12B-IT,SciER,EMNLP2023,P5,user,True,raw:raw_output,True
Gemma-3-12B-IT,SciER,202888938,P1,user,True,raw:raw_output,True
Gemma-3-12B-IT,SciER,EMNLP2023,P6,user,True,raw:raw_output,True
Gemma-3-12B-IT,SciER,ICLR2024-AI4Science-Protein,P5,user,True,raw:raw_output,True
Gemma-3-12B-IT,SciER,202888938,P2,user,True,raw:raw_output,True
Gemma-3-12B-IT,SciER,202888938,P3,user,True,raw:raw_output,True
Gemma-3-12B-IT,SciER,202888938,P4,user,True,raw:raw_output,True
Gemma-3-12B-IT,SciER,ICLR2024-AI4Science-Protein,P6,user,True,raw:raw_output,True
Gemma-3-12B-IT,SciER,202888938,P5,user,True,raw:raw_output,True
Gemma-3-12B-IT,SciER,202888938,P6,user,True,raw:raw_output,True
Gemma-3-12B-IT,SciER,53109398,P1,user,True,raw:raw_output,True
Gemma-3-12B-IT,SciER,CVPR2023,P1,user,True,raw:raw_output,True
Gemma-3-12B-IT,SciER,53109398,P2,user,True,raw:raw_output,True
Gemma-3-12B-IT,SciER,CVPR2023,P2,user,True,raw:raw_output,True
Gemma-3-12B-IT,SciER,53109398,P3,user,True,raw:raw_output,True
Gemma-3-12B-IT,SciER,CVPR2023,P3,user,True,raw:raw_output,True
Gemma-3-12B-IT,SciER,53109398,P4,user,True,raw:raw_output,True
Gemma-3-12B-IT,SciER,CVPR2023,P4,user,True,raw:raw_output,True
Gemma-3-12B-IT,SciER,53109398,P5,user,True,raw:raw_output,True
Gemma-3-12B-IT,SciER,CVPR2023,P5,user,True,raw:raw_output,True
Gemma-3-12B-IT,SciER,53109398,P6,user,True,raw:raw_output,True
Gemma-3-12B-IT,SciER,CVPR2023,P6,user,True,raw:raw_output,True
Gemma-3-12B-IT,SciER,52169846,P1,user,True,raw:raw_output,True
Gemma-3-12B-IT,SciER,52169846,P2,user,True,raw:raw_output,True
Gemma-3-12B-IT,SciER,52169846,P3,user,True,raw:raw_output,True
Gemma-3-12B-IT,SciER,52169846,P4,user,True,raw:raw_output,True
Gemma-3-12B-IT,SciER,52169846,P5,user,True,raw:raw_output,True
Gemma-3-12B-IT,SciER,210702798,P1,user,True,raw:raw_output,True
Gemma-3-12B-IT,SciER,210702798,P2,user,True,raw:raw_output,True
Gemma-3-12B-IT,SciER,52169846,P6,user,True,raw:raw_output,True
Gemma-3-12B-IT,SciER,210702798,P3,user,True,raw:raw_output,True
Gemma-3-12B-IT,SciER,210702798,P4,user,True,raw:raw_output,True
Gemma-3-12B-IT,SciER,210702798,P5,user,True,raw:raw_output,True
Gemma-3-12B-IT,SciER,210702798,P6,user,True,raw:raw_output,True
Mistral-7B-Instruct-v0.3,EBM-NLP,11229858,P1,user,True,raw:raw_output,True
Mistral-7B-Instruct-v0.3,EBM-NLP,11229858,P2,user,True,raw:raw_output,True
Mistral-7B-Instruct-v0.3,EBM-NLP,2678230,P1,user,True,raw:raw_output,True
Mistral-7B-Instruct-v0.3,EBM-NLP,8916620,P1,user,True,raw:raw_output,True
Mistral-7B-Instruct-v0.3,SciERC,P86-1011,P1,user,True,raw:raw_output,True
Mistral-7B-Instruct-v0.3,EBM-NLP,4919024,P1,user,True,raw:raw_output,True
Mistral-7B-Instruct-v0.3,EBM-NLP,3067745,P1,user,True,raw:raw_output,True
Mistral-7B-Instruct-v0.3,EBM-NLP,21914768,P1,user,True,raw:raw_output,True
Mistral-7B-Instruct-v0.3,EBM-NLP,11381289,P1,user,True,raw:raw_output,True
Mistral-7B-Instruct-v0.3,SciERC,ECCV_2016_110_abs,P1,user,True,raw:raw_output,True
Mistral-7B-Instruct-v0.3,EBM-NLP,7844976,P1,user,True,raw:raw_output,True
Mistral-7B-Instruct-v0.3,SciERC,P06-3007,P1,user,True,raw:raw_output,True
Mistral-7B-Instruct-v0.3,EBM-NLP,15358868,P1,user,True,raw:raw_output,True
Mistral-7B-Instruct-v0.3,EBM-NLP,23849147,P1,user,True,raw:raw_output,True
Mistral-7B-Instruct-v0.3,SciERC,E95-1033,P1,user,True,raw:raw_output,True
Mistral-7B-Instruct-v0.3,SciERC,C88-1044,P1,user,True,raw:raw_output,True
Mistral-7B-Instruct-v0.3,EBM-NLP,384815,P1,user,True,raw:raw_output,True
Mistral-7B-Instruct-v0.3,EBM-NLP,19708562,P1,user,True,raw:raw_output,True
Mistral-7B-Instruct-v0.3,EBM-NLP,22416755,P1,user,True,raw:raw_output,True
Mistral-7B-Instruct-v0.3,EBM-NLP,19096921,P1,user,True,raw:raw_output,True
Mistral-7B-Instruct-v0.3,SciERC,E99-1015,P1,user,True,raw:raw_output,True
Mistral-7B-Instruct-v0.3,EBM-NLP,6938020,P1,user,True,raw:raw_output,True
Mistral-7B-Instruct-v0.3,EBM-NLP,11229858,P3,user,True,raw:raw_output,True
Mistral-7B-Instruct-v0.3,EBM-NLP,2678230,P2,user,True,raw:raw_output,True
Mistral-7B-Instruct-v0.3,SciERC,P06-1018,P1,user,True,raw:raw_output,True
Mistral-7B-Instruct-v0.3,EBM-NLP,8916620,P2,user,True,raw:raw_output,True
Mistral-7B-Instruct-v0.3,SciERC,P05-1039,P1,user,True,raw:raw_output,True
Mistral-7B-Instruct-v0.3,SciERC,P06-1053,P1,user,True,raw:raw_output,True
Mistral-7B-Instruct-v0.3,SciERC,P05-2013,P1,user,True,raw:raw_output,True
Mistral-7B-Instruct-v0.3,EBM-NLP,24803369,P1,user,True,raw:raw_output,True
Mistral-7B-Instruct-v0.3,EBM-NLP,10934569,P1,user,True,raw:raw_output,True
Mistral-7B-Instruct-v0.3,EBM-NLP,6951573,P1,user,True,raw:raw_output,True
Mistral-7B-Instruct-v0.3,SciERC,I05-5004,P1,user,True,raw:raw_output,True
Mistral-7B-Instruct-v0.3,SciERC,C86-1081,P1,user,True,raw:raw_output,True
Mistral-7B-Instruct-v0.3,EBM-NLP,22271197,P1,user,True,raw:raw_output,True
Mistral-7B-Instruct-v0.3,SciERC,P06-4007,P1,user,True,raw:raw_output,True
Mistral-7B-Instruct-v0.3,EBM-NLP,1968178,P1,user,True,raw:raw_output,True
Mistral-7B-Instruct-v0.3,SciERC,P06-1013,P1,user,True,raw:raw_output,True
Mistral-7B-Instruct-v0.3,EBM-NLP,8779382,P1,user,True,raw:raw_output,True
Mistral-7B-Instruct-v0.3,SciERC,P06-2012,P1,user,True,raw:raw_output,True
Mistral-7B-Instruct-v0.3,SciERC,P86-1011,P2,user,True,raw:raw_output,True
Mistral-7B-Instruct-v0.3,SciERC,E06-1022,P1,user,True,raw:raw_output,True
Mistral-7B-Instruct-v0.3,EBM-NLP,24660757,P1,user,True,raw:raw_output,True
Mistral-7B-Instruct-v0.3,SciERC,CVPR_2003_30_abs,P1,user,True,raw:raw_output,True
Mistral-7B-Instruct-v0.3,EBM-NLP,4919024,P2,user,True,raw:raw_output,True
Mistral-7B-Instruct-v0.3,SciERC,P83-1004,P1,user,True,raw:raw_output,True
Mistral-7B-Instruct-v0.3,EBM-NLP,1780092,P1,user,True,raw:raw_output,True
Mistral-7B-Instruct-v0.3,SciERC,CVPR_2004_18_abs,P1,user,True,raw:raw_output,True
Mistral-7B-Instruct-v0.3,EBM-NLP,15854186,P1,user,True,raw:raw_output,True
Mistral-7B-Instruct-v0.3,EBM-NLP,3067745,P2,user,True,raw:raw_output,True
Mistral-7B-Instruct-v0.3,EBM-NLP,11891832,P1,user,True,raw:raw_output,True
Mistral-7B-Instruct-v0.3,EBM-NLP,21914768,P2,user,True,raw:raw_output,True
Mistral-7B-Instruct-v0.3,SciERC,C04-1011,P1,user,True,raw:raw_output,True
Mistral-7B-Instruct-v0.3,SciERC,H05-1095,P1,user,True,raw:raw_output,True
Mistral-7B-Instruct-v0.3,EBM-NLP,11381289,P2,user,True,raw:raw_output,True
Mistral-7B-Instruct-v0.3,SciERC,C08-2010,P1,user,True,raw:raw_output,True
Mistral-7B-Instruct-v0.3,EBM-NLP,25931290,P1,user,True,raw:raw_output,True
Mistral-7B-Instruct-v0.3,SciERC,ECCV_2016_110_abs,P2,user,True,raw:raw_output,True
Mistral-7B-Instruct-v0.3,EBM-NLP,7844976,P2,user,True,raw:raw_output,True
Mistral-7B-Instruct-v0.3,SciERC,C04-1128,P1,user,True,raw:raw_output,True
Mistral-7B-Instruct-v0.3,EBM-NLP,1131298,P1,user,True,raw:raw_output,True
Mistral-7B-Instruct-v0.3,SciERC,P06-3007,P2,user,True,raw:raw_output,True
Mistral-7B-Instruct-v0.3,SciERC,P03-1070,P1,user,True,raw:raw_output,True
Mistral-7B-Instruct-v0.3,EBM-NLP,15358868,P2,user,True,raw:raw_output,True
Mistral-7B-Instruct-v0.3,EBM-NLP,23849147,P2,user,True,raw:raw_output,True
Mistral-7B-Instruct-v0.3,SciERC,E95-1033,P2,user,True,raw:raw_output,True
Mistral-7B-Instruct-v0.3,EBM-NLP,20509069,P1,user,True,raw:raw_output,True
Mistral-7B-Instruct-v0.3,SciERC,C88-1044,P2,user,True,raw:raw_output,True
Mistral-7B-Instruct-v0.3,EBM-NLP,9229602,P1,user,True,raw:raw_output,True
Mistral-7B-Instruct-v0.3,SciERC,CVPR_2011_10_abs,P1,user,True,raw:raw_output,True
Mistral-7B-Instruct-v0.3,EBM-NLP,11750293,P1,user,True,raw:raw_output,True
Mistral-7B-Instruct-v0.3,EBM-NLP,384815,P2,user,True,raw:raw_output,True
Mistral-7B-Instruct-v0.3,SciERC,NIPS_2016_80_abs,P1,user,True,raw:raw_output,True
Mistral-7B-Instruct-v0.3,SciERC,J82-3002,P1,user,True,raw:raw_output,True
Mistral-7B-Instruct-v0.3,SciERC,N04-1022,P1,user,True,raw:raw_output,True
Mistral-7B-Instruct-v0.3,SciERC,C04-1036,P1,user,True,raw:raw_output,True
Mistral-7B-Instruct-v0.3,SciERC,N06-1037,P1,user,True,raw:raw_output,True
Mistral-7B-Instruct-v0.3,EBM-NLP,20618920,P1,user,True,raw:raw_output,True
Mistral-7B-Instruct-v0.3,EBM-NLP,19708562,P2,user,True,raw:raw_output,True
Mistral-7B-Instruct-v0.3,SciERC,C96-1062,P1,user,True,raw:raw_output,True
Mistral-7B-Instruct-v0.3,SciERC,CVPR_1999_15_abs,P1,user,True,raw:raw_output,True
Mistral-7B-Instruct-v0.3,SciERC,INTERSPEECH_2007_40_abs,P1,user,True,raw:raw_output,True
Mistral-7B-Instruct-v0.3,EBM-NLP,23838728,P1,user,True,raw:raw_output,True
Mistral-7B-Instruct-v0.3,SciERC,ICCV_2013_25_abs,P1,user,True,raw:raw_output,True
Mistral-7B-Instruct-v0.3,EBM-NLP,22416755,P2,user,True,raw:raw_output,True
Mistral-7B-Instruct-v0.3,EBM-NLP,19096921,P2,user,True,raw:raw_output,True
Mistral-7B-Instruct-v0.3,EBM-NLP,23021296,P1,user,True,raw:raw_output,True
Mistral-7B-Instruct-v0.3,SciERC,C00-2123,P1,user,True,raw:raw_output,True
Mistral-7B-Instruct-v0.3,SciERC,E99-1015,P2,user,True,raw:raw_output,True
Mistral-7B-Instruct-v0.3,SciERC,CVPR_2004_30_abs,P1,user,True,raw:raw_output,True
Mistral-7B-Instruct-v0.3,EBM-NLP,6938020,P2,user,True,raw:raw_output,True
Mistral-7B-Instruct-v0.3,SciERC,C90-3063,P1,user,True,raw:raw_output,True
Mistral-7B-Instruct-v0.3,SciERC,P06-1018,P2,user,True,raw:raw_output,True
Mistral-7B-Instruct-v0.3,SciERC,I05-4010,P1,user,True,raw:raw_output,True
Mistral-7B-Instruct-v0.3,EBM-NLP,2223363,P1,user,True,raw:raw_output,True
Mistral-7B-Instruct-v0.3,EBM-NLP,18229990,P1,user,True,raw:raw_output,True
Mistral-7B-Instruct-v0.3,EBM-NLP,7017018,P1,user,True,raw:raw_output,True
Mistral-7B-Instruct-v0.3,SciERC,P08-1105,P1,user,True,raw:raw_output,True
Mistral-7B-Instruct-v0.3,SciERC,P05-2013,P2,user,True,raw:raw_output,True
Mistral-7B-Instruct-v0.3,SciERC,P01-1056,P1,user,True,raw:raw_output,True
Mistral-7B-Instruct-v0.3,SciERC,P06-1053,P2,user,True,raw:raw_output,True
Mistral-7B-Instruct-v0.3,SciERC,P05-1039,P2,user,True,raw:raw_output,True
Mistral-7B-Instruct-v0.3,SciERC,NIPS_2002_18_abs,P1,user,True,raw:raw_output,True
Mistral-7B-Instruct-v0.3,SciERC,ICML_1995_38_abs,P1,user,True,raw:raw_output,True
Mistral-7B-Instruct-v0.3,EBM-NLP,24803369,P2,user,True,raw:raw_output,True
Mistral-7B-Instruct-v0.3,EBM-NLP,10934569,P2,user,True,raw:raw_output,True
Mistral-7B-Instruct-v0.3,EBM-NLP,6951573,P2,user,True,raw:raw_output,True
Mistral-7B-Instruct-v0.3,SciERC,INTERSPEECH_2013_21_abs,P1,user,True,raw:raw_output,True
Mistral-7B-Instruct-v0.3,EBM-NLP,2678230,P3,user,True,raw:raw_output,True
Mistral-7B-Instruct-v0.3,SciERC,I05-5004,P2,user,True,raw:raw_output,True
Mistral-7B-Instruct-v0.3,SciERC,CVPR_2009_18_abs,P1,user,True,raw:raw_output,True
Mistral-7B-Instruct-v0.3,EBM-NLP,3081600,P1,user,True,raw:raw_output,True
Mistral-7B-Instruct-v0.3,SciERC,C86-1081,P2,user,True,raw:raw_output,True
Mistral-7B-Instruct-v0.3,SciERC,P06-4007,P2,user,True,raw:raw_output,True
Mistral-7B-Instruct-v0.3,SciERC,NIPS_2001_11_abs,P1,user,True,raw:raw_output,True
Mistral-7B-Instruct-v0.3,EBM-NLP,22271197,P2,user,True,raw:raw_output,True
Mistral-7B-Instruct-v0.3,SciERC,A97-1020,P1,user,True,raw:raw_output,True
Mistral-7B-Instruct-v0.3,EBM-NLP,1968178,P2,user,True,raw:raw_output,True
Mistral-7B-Instruct-v0.3,EBM-NLP,8916620,P3,user,True,raw:raw_output,True
Mistral-7B-Instruct-v0.3,EBM-NLP,7827398,P1,user,True,raw:raw_output,True
Mistral-7B-Instruct-v0.3,SciERC,P06-1013,P2,user,True,raw:raw_output,True
Mistral-7B-Instruct-v0.3,SciERC,ECCV_2012_30_abs,P1,user,True,raw:raw_output,True
Mistral-7B-Instruct-v0.3,EBM-NLP,8779382,P2,user,True,raw:raw_output,True
Mistral-7B-Instruct-v0.3,EBM-NLP,1459268,P1,user,True,raw:raw_output,True
Mistral-7B-Instruct-v0.3,EBM-NLP,11229858,P4,user,True,raw:raw_output,True
Mistral-7B-Instruct-v0.3,SciERC,H01-1049,P1,user,True,raw:raw_output,True
Mistral-7B-Instruct-v0.3,SciERC,C04-1106,P1,user,True,raw:raw_output,True
Mistral-7B-Instruct-v0.3,SciERC,I05-5003,P1,user,True,raw:raw_output,True
Mistral-7B-Instruct-v0.3,SciERC,ICCV_2003_161_abs,P1,user,True,raw:raw_output,True
Mistral-7B-Instruct-v0.3,SciERC,N03-1033,P1,user,True,raw:raw_output,True
Mistral-7B-Instruct-v0.3,SciERC,P06-2012,P2,user,True,raw:raw_output,True
Mistral-7B-Instruct-v0.3,SciERC,C04-1035,P1,user,True,raw:raw_output,True
Mistral-7B-Instruct-v0.3,SciERC,NIPS_2002_11_abs,P1,user,True,raw:raw_output,True
Mistral-7B-Instruct-v0.3,SciERC,P85-1019,P1,user,True,raw:raw_output,True
Mistral-7B-Instruct-v0.3,EBM-NLP,24660757,P2,user,True,raw:raw_output,True
Mistral-7B-Instruct-v0.3,SciERC,E06-1022,P2,user,True,raw:raw_output,True
Mistral-7B-Instruct-v0.3,SciERC,CVPR_2003_30_abs,P2,user,True,raw:raw_output,True
Mistral-7B-Instruct-v0.3,SciERC,E89-1016,P1,user,True,raw:raw_output,True
Mistral-7B-Instruct-v0.3,SciERC,P83-1004,P2,user,True,raw:raw_output,True
Mistral-7B-Instruct-v0.3,EBM-NLP,1780092,P2,user,True,raw:raw_output,True
Mistral-7B-Instruct-v0.3,EBM-NLP,18773733,P1,user,True,raw:raw_output,True
Mistral-7B-Instruct-v0.3,SciERC,P04-2005,P1,user,True,raw:raw_output,True
Mistral-7B-Instruct-v0.3,SciERC,C90-3045,P1,user,True,raw:raw_output,True
Mistral-7B-Instruct-v0.3,SciERC,ICCV_2001_47_abs,P1,user,True,raw:raw_output,True
Mistral-7B-Instruct-v0.3,SciERC,CVPR_2004_18_abs,P2,user,True,raw:raw_output,True
Mistral-7B-Instruct-v0.3,EBM-NLP,16427787,P1,user,True,raw:raw_output,True
Mistral-7B-Instruct-v0.3,EBM-NLP,15854186,P2,user,True,raw:raw_output,True
Mistral-7B-Instruct-v0.3,SciERC,C04-1103,P1,user,True,raw:raw_output,True
Mistral-7B-Instruct-v0.3,SciERC,C04-1011,P2,user,True,raw:raw_output,True
Mistral-7B-Instruct-v0.3,SciERC,INTERSPEECH_2014_40_abs,P1,user,True,raw:raw_output,True
Mistral-7B-Instruct-v0.3,EBM-NLP,11891832,P2,user,True,raw:raw_output,True
Mistral-7B-Instruct-v0.3,SciERC,H05-1095,P2,user,True,raw:raw_output,True
Mistral-7B-Instruct-v0.3,EBM-NLP,15193668,P1,user,True,raw:raw_output,True
Mistral-7B-Instruct-v0.3,EBM-NLP,2224060,P1,user,True,raw:raw_output,True
Mistral-7B-Instruct-v0.3,EBM-NLP,22744141,P1,user,True,raw:raw_output,True
Mistral-7B-Instruct-v0.3,SciERC,P86-1011,P3,user,True,raw:raw_output,True
Mistral-7B-Instruct-v0.3,SciERC,C08-2010,P2,user,True,raw:raw_output,True
Mistral-7B-Instruct-v0.3,SciERC,ICASSP_2016_11_abs,P1,user,True,raw:raw_output,True
Mistral-7B-Instruct-v0.3,SciERC,J05-4003,P1,user,True,raw:raw_output,True
Mistral-7B-Instruct-v0.3,EBM-NLP,12477021,P1,user,True,raw:raw_output,True
Mistral-7B-Instruct-v0.3,EBM-NLP,4919024,P3,user,True,raw:raw_output,True
Mistral-7B-Instruct-v0.3,EBM-NLP,25931290,P2,user,True,raw:raw_output,True
Mistral-7B-Instruct-v0.3,SciERC,N03-1026,P1,user,True,raw:raw_output,True
Mistral-7B-Instruct-v0.3,EBM-NLP,10752495,P1,user,True,raw:raw_output,True
Mistral-7B-Instruct-v0.3,SciERC,C04-1128,P2,user,True,raw:raw_output,True
Mistral-7B-Instruct-v0.3,SciERC,ICML_2016_10_abs,P1,user,True,raw:raw_output,True
Mistral-7B-Instruct-v0.3,EBM-NLP,1131298,P2,user,True,raw:raw_output,True
Mistral-7B-Instruct-v0.3,EBM-NLP,3067745,P3,user,True,raw:raw_output,True
Mistral-7B-Instruct-v0.3,SciERC,P03-1070,P2,user,True,raw:raw_output,True
Mistral-7B-Instruct-v0.3,EBM-NLP,21914768,P3,user,True,raw:raw_output,True
Mistral-7B-Instruct-v0.3,SciERC,P05-1076,P1,user,True,raw:raw_output,True
Mistral-7B-Instruct-v0.3,SciERC,CVPR_2008_258_abs,P1,user,True,raw:raw_output,True
Mistral-7B-Instruct-v0.3,EBM-NLP,19159999,P1,user,True,raw:raw_output,True
Mistral-7B-Instruct-v0.3,EBM-NLP,11381289,P3,user,True,raw:raw_output,True
Mistral-7B-Instruct-v0.3,SciERC,INTERSPEECH_2006_21_abs,P1,user,True,raw:raw_output,True
Mistral-7B-Instruct-v0.3,EBM-NLP,20509069,P2,user,True,raw:raw_output,True
Mistral-7B-Instruct-v0.3,EBM-NLP,17293018,P1,user,True,raw:raw_output,True
Mistral-7B-Instruct-v0.3,SciERC,CVPR_2006_10_abs,P1,user,True,raw:raw_output,True
Mistral-7B-Instruct-v0.3,SciERC,CVPR_2011_10_abs,P2,user,True,raw:raw_output,True
Mistral-7B-Instruct-v0.3,EBM-NLP,9229602,P2,user,True,raw:raw_output,True
Mistral-7B-Instruct-v0.3,EBM-NLP,11750293,P2,user,True,raw:raw_output,True
Mistral-7B-Instruct-v0.3,SciERC,NIPS_2016_80_abs,P2,user,True,raw:raw_output,True
Mistral-7B-Instruct-v0.3,EBM-NLP,9481998,P1,user,True,raw:raw_output,True
Mistral-7B-Instruct-v0.3,EBM-NLP,16055807,P1,user,True,raw:raw_output,True
Mistral-7B-Instruct-v0.3,SciERC,ECCV_2016_110_abs,P3,user,True,raw:raw_output,True
Mistral-7B-Instruct-v0.3,SciERC,C04-1036,P2,user,True,raw:raw_output,True
Mistral-7B-Instruct-v0.3,SciERC,N04-1022,P2,user,True,raw:raw_output,True
Mistral-7B-Instruct-v0.3,EBM-NLP,7844976,P3,user,True,raw:raw_output,True
Mistral-7B-Instruct-v0.3,SciERC,J82-3002,P2,user,True,raw:raw_output,True
Mistral-7B-Instruct-v0.3,SciERC,N06-1037,P2,user,True,raw:raw_output,True
Mistral-7B-Instruct-v0.3,EBM-NLP,6421395,P1,user,True,raw:raw_output,True
Mistral-7B-Instruct-v0.3,EBM-NLP,20618920,P2,user,True,raw:raw_output,True
Mistral-7B-Instruct-v0.3,SciERC,P06-3007,P3,user,True,raw:raw_output,True
Mistral-7B-Instruct-v0.3,SciERC,CVPR_2016_413_abs,P1,user,True,raw:raw_output,True
Mistral-7B-Instruct-v0.3,SciERC,CVPR_1999_15_abs,P2,user,True,raw:raw_output,True
Mistral-7B-Instruct-v0.3,SciERC,P05-1046,P1,user,True,raw:raw_output,True
Mistral-7B-Instruct-v0.3,SciERC,C96-1062,P2,user,True,raw:raw_output,True
Mistral-7B-Instruct-v0.3,SciERC,INTERSPEECH_2007_40_abs,P2,user,True,raw:raw_output,True
Mistral-7B-Instruct-v0.3,EBM-NLP,23849147,P3,user,True,raw:raw_output,True
Mistral-7B-Instruct-v0.3,EBM-NLP,15358868,P3,user,True,raw:raw_output,True
Mistral-7B-Instruct-v0.3,EBM-NLP,23021296,P2,user,True,raw:raw_output,True
Mistral-7B-Instruct-v0.3,SciERC,ICCV_2013_25_abs,P2,user,True,raw:raw_output,True
Mistral-7B-Instruct-v0.3,EBM-NLP,23838728,P2,user,True,raw:raw_output,True
Mistral-7B-Instruct-v0.3,SciERC,E95-1033,P3,user,True,raw:raw_output,True
Mistral-7B-Instruct-v0.3,SciERC,C00-2123,P2,user,True,raw:raw_output,True
Mistral-7B-Instruct-v0.3,SciERC,CVPR_2004_30_abs,P2,user,True,raw:raw_output,True
Mistral-7B-Instruct-v0.3,SciERC,CVPR_1993_10_abs,P1,user,True,raw:raw_output,True
Mistral-7B-Instruct-v0.3,SciERC,C88-1044,P3,user,True,raw:raw_output,True
Mistral-7B-Instruct-v0.3,SciERC,C90-3063,P2,user,True,raw:raw_output,True
Mistral-7B-Instruct-v0.3,EBM-NLP,384815,P3,user,True,raw:raw_output,True
Mistral-7B-Instruct-v0.3,SciERC,I05-4010,P2,user,True,raw:raw_output,True
Mistral-7B-Instruct-v0.3,EBM-NLP,2188766,P1,user,True,raw:raw_output,True
Mistral-7B-Instruct-v0.3,SciERC,INTERSPEECH_2008_20_abs,P1,user,True,raw:raw_output,True
Mistral-7B-Instruct-v0.3,SciERC,NIPS_2016_560_abs,P1,user,True,raw:raw_output,True
Mistral-7B-Instruct-v0.3,EBM-NLP,2223363,P2,user,True,raw:raw_output,True
Mistral-7B-Instruct-v0.3,EBM-NLP,19708562,P3,user,True,raw:raw_output,True
Mistral-7B-Instruct-v0.3,EBM-NLP,23357440,P1,user,True,raw:raw_output,True
Mistral-7B-Instruct-v0.3,EBM-NLP,7017018,P2,user,True,raw:raw_output,True
Mistral-7B-Instruct-v0.3,EBM-NLP,18229990,P2,user,True,raw:raw_output,True
Mistral-7B-Instruct-v0.3,SciERC,P01-1056,P2,user,True,raw:raw_output,True
Mistral-7B-Instruct-v0.3,EBM-NLP,3919804,P1,user,True,raw:raw_output,True
Mistral-7B-Instruct-v0.3,SciERC,P08-1105,P2,user,True,raw:raw_output,True
Mistral-7B-Instruct-v0.3,SciERC,ICML_1995_38_abs,P2,user,True,raw:raw_output,True
Mistral-7B-Instruct-v0.3,EBM-NLP,22416755,P3,user,True,raw:raw_output,True
Mistral-7B-Instruct-v0.3,SciERC,NIPS_2002_18_abs,P2,user,True,raw:raw_output,True
Mistral-7B-Instruct-v0.3,EBM-NLP,19096921,P3,user,True,raw:raw_output,True
Mistral-7B-Instruct-v0.3,EBM-NLP,2066441,P1,user,True,raw:raw_output,True
Mistral-7B-Instruct-v0.3,EBM-NLP,23417625,P1,user,True,raw:raw_output,True
Mistral-7B-Instruct-v0.3,SciERC,E99-1015,P3,user,True,raw:raw_output,True
Mistral-7B-Instruct-v0.3,EBM-NLP,6938020,P3,user,True,raw:raw_output,True
Mistral-7B-Instruct-v0.3,EBM-NLP,11642083,P1,user,True,raw:raw_output,True
Mistral-7B-Instruct-v0.3,EBM-NLP,18503531,P1,user,True,raw:raw_output,True
Mistral-7B-Instruct-v0.3,SciERC,INTERSPEECH_2013_21_abs,P2,user,True,raw:raw_output,True
Mistral-7B-Instruct-v0.3,SciERC,ICML_2006_119_abs,P1,user,True,raw:raw_output,True
Mistral-7B-Instruct-v0.3,SciERC,P06-1018,P3,user,True,raw:raw_output,True
Mistral-7B-Instruct-v0.3,SciERC,CVPR_2009_18_abs,P2,user,True,raw:raw_output,True
Mistral-7B-Instruct-v0.3,EBM-NLP,25068497,P1,user,True,raw:raw_output,True
Mistral-7B-Instruct-v0.3,EBM-NLP,3081600,P2,user,True,raw:raw_output,True
Mistral-7B-Instruct-v0.3,SciERC,A97-1020,P2,user,True,raw:raw_output,True
Mistral-7B-Instruct-v0.3,SciERC,NIPS_2001_11_abs,P2,user,True,raw:raw_output,True
Mistral-7B-Instruct-v0.3,EBM-NLP,361799,P1,user,True,raw:raw_output,True
Mistral-7B-Instruct-v0.3,EBM-NLP,7827398,P2,user,True,raw:raw_output,True
Mistral-7B-Instruct-v0.3,SciERC,NIPS_2015_18_abs,P1,user,True,raw:raw_output,True
Mistral-7B-Instruct-v0.3,SciERC,P05-2013,P3,user,True,raw:raw_output,True
Mistral-7B-Instruct-v0.3,SciERC,CVPR_2010_30_abs,P1,user,True,raw:raw_output,True
Mistral-7B-Instruct-v0.3,SciERC,P05-1039,P3,user,True,raw:raw_output,True
Mistral-7B-Instruct-v0.3,SciERC,P06-1053,P3,user,True,raw:raw_output,True
Mistral-7B-Instruct-v0.3,EBM-NLP,1459268,P2,user,True,raw:raw_output,True
Mistral-7B-Instruct-v0.3,SciERC,ECCV_2012_30_abs,P2,user,True,raw:raw_output,True
Mistral-7B-Instruct-v0.3,EBM-NLP,24803369,P3,user,True,raw:raw_output,True
Mistral-7B-Instruct-v0.3,EBM-NLP,10934569,P3,user,True,raw:raw_output,True
Mistral-7B-Instruct-v0.3,SciERC,H01-1049,P2,user,True,raw:raw_output,True
Mistral-7B-Instruct-v0.3,SciERC,E91-1012,P1,user,True,raw:raw_output,True
Mistral-7B-Instruct-v0.3,SciERC,C04-1106,P2,user,True,raw:raw_output,True
Mistral-7B-Instruct-v0.3,SciERC,CVPR_2011_11_abs,P1,user,True,raw:raw_output,True
Mistral-7B-Instruct-v0.3,SciERC,N03-1033,P2,user,True,raw:raw_output,True
Mistral-7B-Instruct-v0.3,SciERC,C04-1035,P2,user,True,raw:raw_output,True
Mistral-7B-Instruct-v0.3,SciERC,I05-5003,P2,user,True,raw:raw_output,True
Mistral-7B-Instruct-v0.3,SciERC,ICCV_2003_161_abs,P2,user,True,raw:raw_output,True
Mistral-7B-Instruct-v0.3,EBM-NLP,6951573,P3,user,True,raw:raw_output,True
Mistral-7B-Instruct-v0.3,SciERC,I05-5004,P3,user,True,raw:raw_output,True
Mistral-7B-Instruct-v0.3,EBM-NLP,22271197,P3,user,True,raw:raw_output,True
Mistral-7B-Instruct-v0.3,SciERC,NIPS_2002_11_abs,P2,user,True,raw:raw_output,True
Mistral-7B-Instruct-v0.3,SciERC,C86-1081,P3,user,True,raw:raw_output,True
Mistral-7B-Instruct-v0.3,SciERC,J86-4002,P1,user,True,raw:raw_output,True
Mistral-7B-Instruct-v0.3,SciERC,P85-1019,P2,user,True,raw:raw_output,True
Mistral-7B-Instruct-v0.3,SciERC,P06-4007,P3,user,True,raw:raw_output,True
Mistral-7B-Instruct-v0.3,EBM-NLP,2088233,P1,user,True,raw:raw_output,True
Mistral-7B-Instruct-v0.3,SciERC,E89-1016,P2,user,True,raw:raw_output,True
Mistral-7B-Instruct-v0.3,SciERC,ICML_2016_18_abs,P1,user,True,raw:raw_output,True
Mistral-7B-Instruct-v0.3,EBM-NLP,1968178,P3,user,True,raw:raw_output,True
Mistral-7B-Instruct-v0.3,EBM-NLP,18773733,P2,user,True,raw:raw_output,True
Mistral-7B-Instruct-v0.3,SciERC,P04-2005,P2,user,True,raw:raw_output,True
Mistral-7B-Instruct-v0.3,SciERC,ICCV_2001_47_abs,P2,user,True,raw:raw_output,True
Mistral-7B-Instruct-v0.3,SciERC,C90-3045,P2,user,True,raw:raw_output,True
Mistral-7B-Instruct-v0.3,SciERC,P06-1013,P3,user,True,raw:raw_output,True
Mistral-7B-Instruct-v0.3,EBM-NLP,16427787,P2,user,True,raw:raw_output,True
Mistral-7B-Instruct-v0.3,EBM-NLP,8779382,P3,user,True,raw:raw_output,True
Mistral-7B-Instruct-v0.3,SciERC,P05-1056,P1,user,True,raw:raw_output,True
Mistral-7B-Instruct-v0.3,EBM-NLP,2678230,P4,user,True,raw:raw_output,True
Mistral-7B-Instruct-v0.3,SciERC,C04-1103,P2,user,True,raw:raw_output,True
Mistral-7B-Instruct-v0.3,SciERC,INTERSPEECH_2014_40_abs,P2,user,True,raw:raw_output,True
Mistral-7B-Instruct-v0.3,EBM-NLP,20804366,P1,user,True,raw:raw_output,True
Mistral-7B-Instruct-v0.3,EBM-NLP,15193668,P2,user,True,raw:raw_output,True
Mistral-7B-Instruct-v0.3,SciERC,P06-2012,P3,user,True,raw:raw_output,True
Mistral-7B-Instruct-v0.3,EBM-NLP,2224060,P2,user,True,raw:raw_output,True
Mistral-7B-Instruct-v0.3,EBM-NLP,22744141,P2,user,True,raw:raw_output,True
Mistral-7B-Instruct-v0.3,EBM-NLP,25369243,P1,user,True,raw:raw_output,True
Mistral-7B-Instruct-v0.3,EBM-NLP,8916620,P4,user,True,raw:raw_output,True
Mistral-7B-Instruct-v0.3,EBM-NLP,18958161,P1,user,True,raw:raw_output,True
Mistral-7B-Instruct-v0.3,SciERC,ICASSP_2016_11_abs,P2,user,True,raw:raw_output,True
Mistral-7B-Instruct-v0.3,SciERC,CVPR_2003_30_abs,P3,user,True,raw:raw_output,True
Mistral-7B-Instruct-v0.3,EBM-NLP,24660757,P3,user,True,raw:raw_output,True
Mistral-7B-Instruct-v0.3,SciERC,E06-1022,P3,user,True,raw:raw_output,True
Mistral-7B-Instruct-v0.3,EBM-NLP,12477021,P2,user,True,raw:raw_output,True
Mistral-7B-Instruct-v0.3,EBM-NLP,7853069,P1,user,True,raw:raw_output,True
Mistral-7B-Instruct-v0.3,SciERC,J05-4003,P2,user,True,raw:raw_output,True
Mistral-7B-Instruct-v0.3,SciERC,P83-1004,P3,user,True,raw:raw_output,True
Mistral-7B-Instruct-v0.3,SciERC,N03-1026,P2,user,True,raw:raw_output,True
Mistral-7B-Instruct-v0.3,EBM-NLP,1780092,P3,user,True,raw:raw_output,True
Mistral-7B-Instruct-v0.3,EBM-NLP,7831628,P1,user,True,raw:raw_output,True
Mistral-7B-Instruct-v0.3,EBM-NLP,15854186,P3,user,True,raw:raw_output,True
Mistral-7B-Instruct-v0.3,EBM-NLP,24075141,P1,user,True,raw:raw_output,True
Mistral-7B-Instruct-v0.3,SciERC,CVPR_2004_18_abs,P3,user,True,raw:raw_output,True
Mistral-7B-Instruct-v0.3,SciERC,C94-1091,P1,user,True,raw:raw_output,True
Mistral-7B-Instruct-v0.3,SciERC,ICML_2016_10_abs,P2,user,True,raw:raw_output,True
Mistral-7B-Instruct-v0.3,EBM-NLP,10752495,P2,user,True,raw:raw_output,True
Mistral-7B-Instruct-v0.3,SciERC,E93-1066,P1,user,True,raw:raw_output,True
Mistral-7B-Instruct-v0.3,SciERC,ICASSP_1997_706_abs,P1,user,True,raw:raw_output,True
Mistral-7B-Instruct-v0.3,SciERC,C04-1011,P3,user,True,raw:raw_output,True
Mistral-7B-Instruct-v0.3,EBM-NLP,11891832,P3,user,True,raw:raw_output,True
Mistral-7B-Instruct-v0.3,SciERC,CVPR_2008_258_abs,P2,user,True,raw:raw_output,True
Mistral-7B-Instruct-v0.3,SciERC,H05-1095,P3,user,True,raw:raw_output,True
Mistral-7B-Instruct-v0.3,SciERC,P05-1076,P2,user,True,raw:raw_output,True
Mistral-7B-Instruct-v0.3,EBM-NLP,19159999,P2,user,True,raw:raw_output,True
Mistral-7B-Instruct-v0.3,EBM-NLP,17616069,P1,user,True,raw:raw_output,True
Mistral-7B-Instruct-v0.3,SciERC,INTERSPEECH_2006_21_abs,P2,user,True,raw:raw_output,True
Mistral-7B-Instruct-v0.3,EBM-NLP,10390665,P1,user,True,raw:raw_output,True
Mistral-7B-Instruct-v0.3,EBM-NLP,17293018,P2,user,True,raw:raw_output,True
Mistral-7B-Instruct-v0.3,SciERC,C08-2010,P3,user,True,raw:raw_output,True
Mistral-7B-Instruct-v0.3,EBM-NLP,11829043,P1,user,True,raw:raw_output,True
Mistral-7B-Instruct-v0.3,SciERC,CVPR_2006_10_abs,P2,user,True,raw:raw_output,True
Mistral-7B-Instruct-v0.3,EBM-NLP,25931290,P3,user,True,raw:raw_output,True
Mistral-7B-Instruct-v0.3,EBM-NLP,16055807,P2,user,True,raw:raw_output,True
Mistral-7B-Instruct-v0.3,EBM-NLP,9481998,P2,user,True,raw:raw_output,True
Mistral-7B-Instruct-v0.3,SciERC,CVPR_2009_10_abs,P1,user,True,raw:raw_output,True
Mistral-7B-Instruct-v0.3,SciERC,C04-1128,P3,user,True,raw:raw_output,True
Mistral-7B-Instruct-v0.3,EBM-NLP,21170734,P1,user,True,raw:raw_output,True
Mistral-7B-Instruct-v0.3,EBM-NLP,6421395,P2,user,True,raw:raw_output,True
Mistral-7B-Instruct-v0.3,SciERC,P03-1070,P3,user,True,raw:raw_output,True
Mistral-7B-Instruct-v0.3,EBM-NLP,1131298,P3,user,True,raw:raw_output,True
Mistral-7B-Instruct-v0.3,SciERC,P05-1046,P2,user,True,raw:raw_output,True
Mistral-7B-Instruct-v0.3,SciERC,CVPR_2016_413_abs,P2,user,True,raw:raw_output,True
Mistral-7B-Instruct-v0.3,EBM-NLP,11495215,P1,user,True,raw:raw_output,True
Mistral-7B-Instruct-v0.3,EBM-NLP,22646975,P1,user,True,raw:raw_output,True
Mistral-7B-Instruct-v0.3,EBM-NLP,6418441,P1,user,True,raw:raw_output,True
Mistral-7B-Instruct-v0.3,EBM-NLP,20509069,P3,user,True,raw:raw_output,True
Mistral-7B-Instruct-v0.3,SciERC,CVPR_1993_10_abs,P2,user,True,raw:raw_output,True
Mistral-7B-Instruct-v0.3,EBM-NLP,4919024,P4,user,True,raw:raw_output,True
Mistral-7B-Instruct-v0.3,EBM-NLP,9229602,P3,user,True,raw:raw_output,True
Mistral-7B-Instruct-v0.3,EBM-NLP,16295154,P1,user,True,raw:raw_output,True
Mistral-7B-Instruct-v0.3,SciERC,CVPR_2011_10_abs,P3,user,True,raw:raw_output,True
Mistral-7B-Instruct-v0.3,EBM-NLP,11750293,P3,user,True,raw:raw_output,True
Mistral-7B-Instruct-v0.3,SciERC,ICML_2016_11_abs,P1,user,True,raw:raw_output,True
Mistral-7B-Instruct-v0.3,SciERC,NIPS_2016_80_abs,P3,user,True,raw:raw_output,True
Mistral-7B-Instruct-v0.3,EBM-NLP,12139812,P1,user,True,raw:raw_output,True
Mistral-7B-Instruct-v0.3,SciERC,C04-1036,P3,user,True,raw:raw_output,True
Mistral-7B-Instruct-v0.3,EBM-NLP,3067745,P4,user,True,raw:raw_output,True
Mistral-7B-Instruct-v0.3,SciERC,CVPR_1994_10_abs,P1,user,True,raw:raw_output,True
Mistral-7B-Instruct-v0.3,SciERC,J82-3002,P3,user,True,raw:raw_output,True
Mistral-7B-Instruct-v0.3,SciERC,N04-1022,P3,user,True,raw:raw_output,True
Mistral-7B-Instruct-v0.3,SciERC,N06-1037,P3,user,True,raw:raw_output,True
Mistral-7B-Instruct-v0.3,EBM-NLP,21914768,P4,user,True,raw:raw_output,True
Mistral-7B-Instruct-v0.3,SciERC,NIPS_2016_560_abs,P2,user,True,raw:raw_output,True
Mistral-7B-Instruct-v0.3,SciERC,INTERSPEECH_2008_20_abs,P2,user,True,raw:raw_output,True
Mistral-7B-Instruct-v0.3,EBM-NLP,2188766,P2,user,True,raw:raw_output,True
Mistral-7B-Instruct-v0.3,EBM-NLP,23357440,P2,user,True,raw:raw_output,True
Mistral-7B-Instruct-v0.3,EBM-NLP,20618920,P3,user,True,raw:raw_output,True
Mistral-7B-Instruct-v0.3,SciERC,CVPR_1999_15_abs,P3,user,True,raw:raw_output,True
Mistral-7B-Instruct-v0.3,SciERC,C96-1062,P3,user,True,raw:raw_output,True
Mistral-7B-Instruct-v0.3,EBM-NLP,3919804,P2,user,True,raw:raw_output,True
Mistral-7B-Instruct-v0.3,SciERC,INTERSPEECH_2007_40_abs,P3,user,True,raw:raw_output,True
Mistral-7B-Instruct-v0.3,EBM-NLP,11381289,P4,user,True,raw:raw_output,True
Mistral-7B-Instruct-v0.3,EBM-NLP,2066441,P2,user,True,raw:raw_output,True
Mistral-7B-Instruct-v0.3,EBM-NLP,23417625,P2,user,True,raw:raw_output,True
Mistral-7B-Instruct-v0.3,SciERC,ICCV_2013_25_abs,P3,user,True,raw:raw_output,True
Mistral-7B-Instruct-v0.3,EBM-NLP,23838728,P3,user,True,raw:raw_output,True
Mistral-7B-Instruct-v0.3,EBM-NLP,23021296,P3,user,True,raw:raw_output,True
Mistral-7B-Instruct-v0.3,SciERC,C00-2123,P3,user,True,raw:raw_output,True
Mistral-7B-Instruct-v0.3,EBM-NLP,22435114,P1,user,True,raw:raw_output,True
Mistral-7B-Instruct-v0.3,SciERC,CVPR_2004_30_abs,P3,user,True,raw:raw_output,True
Mistral-7B-Instruct-v0.3,EBM-NLP,11642083,P2,user,True,raw:raw_output,True
Mistral-7B-Instruct-v0.3,EBM-NLP,7844976,P4,user,True,raw:raw_output,True
Mistral-7B-Instruct-v0.3,EBM-NLP,18503531,P2,user,True,raw:raw_output,True
Mistral-7B-Instruct-v0.3,EBM-NLP,22420121,P1,user,True,raw:raw_output,True
Mistral-7B-Instruct-v0.3,SciERC,C90-3063,P3,user,True,raw:raw_output,True
Mistral-7B-Instruct-v0.3,SciERC,ICML_2006_119_abs,P2,user,True,raw:raw_output,True
Mistral-7B-Instruct-v0.3,SciERC,I05-4010,P3,user,True,raw:raw_output,True
Mistral-7B-Instruct-v0.3,EBM-NLP,25068497,P2,user,True,raw:raw_output,True
Mistral-7B-Instruct-v0.3,EBM-NLP,361799,P2,user,True,raw:raw_output,True
Mistral-7B-Instruct-v0.3,EBM-NLP,23849147,P4,user,True,raw:raw_output,True
Mistral-7B-Instruct-v0.3,EBM-NLP,2223363,P3,user,True,raw:raw_output,True
Mistral-7B-Instruct-v0.3,EBM-NLP,15358868,P4,user,True,raw:raw_output,True
Mistral-7B-Instruct-v0.3,EBM-NLP,18229990,P3,user,True,raw:raw_output,True
Mistral-7B-Instruct-v0.3,EBM-NLP,7017018,P3,user,True,raw:raw_output,True
Mistral-7B-Instruct-v0.3,SciERC,NIPS_2015_18_abs,P2,user,True,raw:raw_output,True
Mistral-7B-Instruct-v0.3,SciERC,P01-1056,P3,user,True,raw:raw_output,True
Mistral-7B-Instruct-v0.3,SciERC,P08-1105,P3,user,True,raw:raw_output,True
Mistral-7B-Instruct-v0.3,SciERC,ECCV_2016_204_abs,P1,user,True,raw:raw_output,True
Mistral-7B-Instruct-v0.3,SciERC,CVPR_2010_30_abs,P2,user,True,raw:raw_output,True
Mistral-7B-Instruct-v0.3,SciERC,NIPS_2002_18_abs,P3,user,True,raw:raw_output,True
Mistral-7B-Instruct-v0.3,SciERC,ICML_1995_38_abs,P3,user,True,raw:raw_output,True
Mistral-7B-Instruct-v0.3,EBM-NLP,9695300,P1,user,True,raw:raw_output,True
Mistral-7B-Instruct-v0.3,SciERC,H01-1042,P1,user,True,raw:raw_output,True
Mistral-7B-Instruct-v0.3,SciERC,CVPR_2011_11_abs,P2,user,True,raw:raw_output,True
Mistral-7B-Instruct-v0.3,EBM-NLP,384815,P4,user,True,raw:raw_output,True
Mistral-7B-Instruct-v0.3,SciERC,E91-1012,P2,user,True,raw:raw_output,True
Mistral-7B-Instruct-v0.3,EBM-NLP,1286547,P1,user,True,raw:raw_output,True
Mistral-7B-Instruct-v0.3,SciERC,INTERSPEECH_2013_21_abs,P3,user,True,raw:raw_output,True
Mistral-7B-Instruct-v0.3,EBM-NLP,16167234,P1,user,True,raw:raw_output,True
Mistral-7B-Instruct-v0.3,EBM-NLP,21393467,P1,user,True,raw:raw_output,True
Mistral-7B-Instruct-v0.3,SciERC,ECCV_2016_99_abs,P1,user,True,raw:raw_output,True
Mistral-7B-Instruct-v0.3,EBM-NLP,3081600,P3,user,True,raw:raw_output,True
Mistral-7B-Instruct-v0.3,EBM-NLP,19708562,P4,user,True,raw:raw_output,True
Mistral-7B-Instruct-v0.3,SciERC,CVPR_2009_18_abs,P3,user,True,raw:raw_output,True
Mistral-7B-Instruct-v0.3,SciERC,J86-4002,P2,user,True,raw:raw_output,True
Mistral-7B-Instruct-v0.3,SciERC,NIPS_2001_11_abs,P3,user,True,raw:raw_output,True
Mistral-7B-Instruct-v0.3,SciERC,CVPR_2008_256_abs,P1,user,True,raw:raw_output,True
Mistral-7B-Instruct-v0.3,SciERC,A97-1020,P3,user,True,raw:raw_output,True
Mistral-7B-Instruct-v0.3,EBM-NLP,2088233,P2,user,True,raw:raw_output,True
Mistral-7B-Instruct-v0.3,SciERC,ICML_2016_18_abs,P2,user,True,raw:raw_output,True
Mistral-7B-Instruct-v0.3,EBM-NLP,22416755,P4,user,True,raw:raw_output,True
Mistral-7B-Instruct-v0.3,EBM-NLP,19096921,P4,user,True,raw:raw_output,True
Mistral-7B-Instruct-v0.3,EBM-NLP,7827398,P3,user,True,raw:raw_output,True
Mistral-7B-Instruct-v0.3,SciERC,ICCV_2013_47_abs,P1,user,True,raw:raw_output,True
Mistral-7B-Instruct-v0.3,SciERC,ECCV_2012_30_abs,P3,user,True,raw:raw_output,True
Mistral-7B-Instruct-v0.3,EBM-NLP,6938020,P4,user,True,raw:raw_output,True
Mistral-7B-Instruct-v0.3,EBM-NLP,1459268,P3,user,True,raw:raw_output,True
Mistral-7B-Instruct-v0.3,SciERC,ICCV_2003_151_abs,P1,user,True,raw:raw_output,True
Mistral-7B-Instruct-v0.3,SciERC,P05-1056,P2,user,True,raw:raw_output,True
Mistral-7B-Instruct-v0.3,SciERC,H01-1049,P3,user,True,raw:raw_output,True
Mistral-7B-Instruct-v0.3,EBM-NLP,20804366,P2,user,True,raw:raw_output,True
Mistral-7B-Instruct-v0.3,SciERC,C04-1106,P3,user,True,raw:raw_output,True
Mistral-7B-Instruct-v0.3,EBM-NLP,19727232,P1,user,True,raw:raw_output,True
Mistral-7B-Instruct-v0.3,EBM-NLP,10578479,P1,user,True,raw:raw_output,True
Mistral-7B-Instruct-v0.3,SciERC,N03-1033,P3,user,True,raw:raw_output,True
Mistral-7B-Instruct-v0.3,SciERC,ICCV_2003_161_abs,P3,user,True,raw:raw_output,True
Mistral-7B-Instruct-v0.3,SciERC,C04-1035,P3,user,True,raw:raw_output,True
Mistral-7B-Instruct-v0.3,SciERC,I05-5003,P3,user,True,raw:raw_output,True
Mistral-7B-Instruct-v0.3,EBM-NLP,24451919,P1,user,True,raw:raw_output,True
Mistral-7B-Instruct-v0.3,EBM-NLP,25369243,P2,user,True,raw:raw_output,True
Mistral-7B-Instruct-v0.3,EBM-NLP,18958161,P2,user,True,raw:raw_output,True
Mistral-7B-Instruct-v0.3,SciERC,NIPS_2002_11_abs,P3,user,True,raw:raw_output,True
Mistral-7B-Instruct-v0.3,SciERC,P85-1019,P3,user,True,raw:raw_output,True
Mistral-7B-Instruct-v0.3,SciERC,X96-1059,P1,user,True,raw:raw_output,True
Mistral-7B-Instruct-v0.3,SciERC,E89-1016,P3,user,True,raw:raw_output,True
Mistral-7B-Instruct-v0.3,EBM-NLP,24803369,P4,user,True,raw:raw_output,True
Mistral-7B-Instruct-v0.3,EBM-NLP,7853069,P2,user,True,raw:raw_output,True
Mistral-7B-Instruct-v0.3,EBM-NLP,15848261,P1,user,True,raw:raw_output,True
Mistral-7B-Instruct-v0.3,EBM-NLP,18773733,P3,user,True,raw:raw_output,True
Mistral-7B-Instruct-v0.3,SciERC,P04-2005,P3,user,True,raw:raw_output,True
Mistral-7B-Instruct-v0.3,EBM-NLP,17321989,P1,user,True,raw:raw_output,True
Mistral-7B-Instruct-v0.3,SciERC,ICCV_2001_47_abs,P3,user,True,raw:raw_output,True
Mistral-7B-Instruct-v0.3,EBM-NLP,10934569,P4,user,True,raw:raw_output,True
Mistral-7B-Instruct-v0.3,SciERC,C90-3045,P3,user,True,raw:raw_output,True
Mistral-7B-Instruct-v0.3,EBM-NLP,7831628,P2,user,True,raw:raw_output,True
Mistral-7B-Instruct-v0.3,EBM-NLP,16427787,P3,user,True,raw:raw_output,True
Mistral-7B-Instruct-v0.3,EBM-NLP,10763172,P1,user,True,raw:raw_output,True
Mistral-7B-Instruct-v0.3,SciERC,C94-1091,P2,user,True,raw:raw_output,True
Mistral-7B-Instruct-v0.3,EBM-NLP,24075141,P2,user,True,raw:raw_output,True
Mistral-7B-Instruct-v0.3,EBM-NLP,1669598,P1,user,True,raw:raw_output,True
Mistral-7B-Instruct-v0.3,EBM-NLP,20560622,P1,user,True,raw:raw_output,True
Mistral-7B-Instruct-v0.3,EBM-NLP,6951573,P4,user,True,raw:raw_output,True
Mistral-7B-Instruct-v0.3,SciERC,E93-1066,P2,user,True,raw:raw_output,True
Mistral-7B-Instruct-v0.3,SciERC,C04-1103,P3,user,True,raw:raw_output,True
Mistral-7B-Instruct-v0.3,SciERC,ICASSP_1997_706_abs,P2,user,True,raw:raw_output,True
Mistral-7B-Instruct-v0.3,SciERC,INTERSPEECH_2014_40_abs,P3,user,True,raw:raw_output,True
Mistral-7B-Instruct-v0.3,EBM-NLP,15193668,P3,user,True,raw:raw_output,True
Mistral-7B-Instruct-v0.3,EBM-NLP,17616069,P2,user,True,raw:raw_output,True
Mistral-7B-Instruct-v0.3,EBM-NLP,22271197,P4,user,True,raw:raw_output,True
Mistral-7B-Instruct-v0.3,EBM-NLP,22744141,P3,user,True,raw:raw_output,True
Mistral-7B-Instruct-v0.3,EBM-NLP,2224060,P3,user,True,raw:raw_output,True
Mistral-7B-Instruct-v0.3,EBM-NLP,10390665,P2,user,True,raw:raw_output,True
Mistral-7B-Instruct-v0.3,EBM-NLP,20147856,P1,user,True,raw:raw_output,True
Mistral-7B-Instruct-v0.3,SciERC,ICASSP_2016_11_abs,P3,user,True,raw:raw_output,True
Mistral-7B-Instruct-v0.3,EBM-NLP,1968178,P4,user,True,raw:raw_output,True
Mistral-7B-Instruct-v0.3,EBM-NLP,11829043,P2,user,True,raw:raw_output,True
Mistral-7B-Instruct-v0.3,SciERC,J05-4003,P3,user,True,raw:raw_output,True
Mistral-7B-Instruct-v0.3,SciERC,CVPR_2009_10_abs,P2,user,True,raw:raw_output,True
Mistral-7B-Instruct-v0.3,EBM-NLP,12477021,P3,user,True,raw:raw_output,True
Mistral-7B-Instruct-v0.3,EBM-NLP,8779382,P4,user,True,raw:raw_output,True
Mistral-7B-Instruct-v0.3,SciERC,N03-1026,P3,user,True,raw:raw_output,True
Mistral-7B-Instruct-v0.3,SciERC,INTERSPEECH_2008_28_abs,P1,user,True,raw:raw_output,True
Mistral-7B-Instruct-v0.3,EBM-NLP,18783504,P1,user,True,raw:raw_output,True
Mistral-7B-Instruct-v0.3,EBM-NLP,21170734,P2,user,True,raw:raw_output,True
Mistral-7B-Instruct-v0.3,EBM-NLP,10752495,P3,user,True,raw:raw_output,True
Mistral-7B-Instruct-v0.3,SciERC,ICML_2016_10_abs,P3,user,True,raw:raw_output,True
Mistral-7B-Instruct-v0.3,EBM-NLP,9730996,P1,user,True,raw:raw_output,True
Mistral-7B-Instruct-v0.3,EBM-NLP,11495215,P2,user,True,raw:raw_output,True
Mistral-7B-Instruct-v0.3,EBM-NLP,22646975,P2,user,True,raw:raw_output,True
Mistral-7B-Instruct-v0.3,SciERC,P05-1076,P3,user,True,raw:raw_output,True
Mistral-7B-Instruct-v0.3,EBM-NLP,6418441,P2,user,True,raw:raw_output,True
Mistral-7B-Instruct-v0.3,EBM-NLP,21106663,P1,user,True,raw:raw_output,True
Mistral-7B-Instruct-v0.3,SciERC,CVPR_2008_258_abs,P3,user,True,raw:raw_output,True
Mistral-7B-Instruct-v0.3,EBM-NLP,19159999,P3,user,True,raw:raw_output,True
Mistral-7B-Instruct-v0.3,SciERC,INTERSPEECH_2006_21_abs,P3,user,True,raw:raw_output,True
Mistral-7B-Instruct-v0.3,EBM-NLP,24660757,P4,user,True,raw:raw_output,True
Mistral-7B-Instruct-v0.3,EBM-NLP,17293018,P3,user,True,raw:raw_output,True
Mistral-7B-Instruct-v0.3,EBM-NLP,22881991,P1,user,True,raw:raw_output,True
Mistral-7B-Instruct-v0.3,EBM-NLP,16295154,P2,user,True,raw:raw_output,True
Mistral-7B-Instruct-v0.3,EBM-NLP,1963383,P1,user,True,raw:raw_output,True
Mistral-7B-Instruct-v0.3,SciERC,CVPR_2006_10_abs,P3,user,True,raw:raw_output,True
Mistral-7B-Instruct-v0.3,EBM-NLP,19376304,P1,user,True,raw:raw_output,True
Mistral-7B-Instruct-v0.3,EBM-NLP,1780092,P4,user,True,raw:raw_output,True
Mistral-7B-Instruct-v0.3,SciERC,ICML_2016_11_abs,P2,user,True,raw:raw_output,True
Mistral-7B-Instruct-v0.3,EBM-NLP,15854186,P4,user,True,raw:raw_output,True
Mistral-7B-Instruct-v0.3,EBM-NLP,12139812,P2,user,True,raw:raw_output,True
Mistral-7B-Instruct-v0.3,EBM-NLP,16055807,P3,user,True,raw:raw_output,True
Mistral-7B-Instruct-v0.3,EBM-NLP,9481998,P3,user,True,raw:raw_output,True
Mistral-7B-Instruct-v0.3,EBM-NLP,8726604,P1,user,True,raw:raw_output,True
Mistral-7B-Instruct-v0.3,EBM-NLP,22865017,P1,user,True,raw:raw_output,True
Mistral-7B-Instruct-v0.3,SciERC,CVPR_1994_10_abs,P2,user,True,raw:raw_output,True
Mistral-7B-Instruct-v0.3,EBM-NLP,11891832,P4,user,True,raw:raw_output,True
Mistral-7B-Instruct-v0.3,EBM-NLP,6421395,P3,user,True,raw:raw_output,True
Mistral-7B-Instruct-v0.3,EBM-NLP,2908133,P1,user,True,raw:raw_output,True
Mistral-7B-Instruct-v0.3,SciERC,CVPR_2016_413_abs,P3,user,True,raw:raw_output,True
Mistral-7B-Instruct-v0.3,SciERC,P05-1046,P3,user,True,raw:raw_output,True
Mistral-7B-Instruct-v0.3,EBM-NLP,10764172,P1,user,True,raw:raw_output,True
Mistral-7B-Instruct-v0.3,EBM-NLP,18544974,P1,user,True,raw:raw_output,True
Mistral-7B-Instruct-v0.3,EBM-NLP,15133359,P1,user,True,raw:raw_output,True
Mistral-7B-Instruct-v0.3,EBM-NLP,22435114,P2,user,True,raw:raw_output,True
Mistral-7B-Instruct-v0.3,SciERC,CVPR_1993_10_abs,P3,user,True,raw:raw_output,True
Mistral-7B-Instruct-v0.3,EBM-NLP,25931290,P4,user,True,raw:raw_output,True
Mistral-7B-Instruct-v0.3,EBM-NLP,24080592,P1,user,True,raw:raw_output,True
Mistral-7B-Instruct-v0.3,EBM-NLP,18975051,P1,user,True,raw:raw_output,True
Mistral-7B-Instruct-v0.3,EBM-NLP,24317958,P1,user,True,raw:raw_output,True
Mistral-7B-Instruct-v0.3,EBM-NLP,22420121,P2,user,True,raw:raw_output,True
Mistral-7B-Instruct-v0.3,EBM-NLP,1131298,P4,user,True,raw:raw_output,True
Mistral-7B-Instruct-v0.3,SciERC,ECCV_2006_13_abs,P1,user,True,raw:raw_output,True
Mistral-7B-Instruct-v0.3,EBM-NLP,3074300,P1,user,True,raw:raw_output,True
Mistral-7B-Instruct-v0.3,EBM-NLP,2188766,P3,user,True,raw:raw_output,True
Mistral-7B-Instruct-v0.3,SciERC,INTERSPEECH_2008_20_abs,P3,user,True,raw:raw_output,True
Mistral-7B-Instruct-v0.3,SciERC,NIPS_2016_560_abs,P3,user,True,raw:raw_output,True
Mistral-7B-Instruct-v0.3,EBM-NLP,23357440,P3,user,True,raw:raw_output,True
Mistral-7B-Instruct-v0.3,EBM-NLP,3919804,P3,user,True,raw:raw_output,True
Mistral-7B-Instruct-v0.3,EBM-NLP,23356250,P1,user,True,raw:raw_output,True
Mistral-7B-Instruct-v0.3,EBM-NLP,20509069,P4,user,True,raw:raw_output,True
Mistral-7B-Instruct-v0.3,SciERC,ECCV_2016_204_abs,P2,user,True,raw:raw_output,True
Mistral-7B-Instruct-v0.3,EBM-NLP,9695300,P2,user,True,raw:raw_output,True
Mistral-7B-Instruct-v0.3,EBM-NLP,23417625,P3,user,True,raw:raw_output,True
Mistral-7B-Instruct-v0.3,EBM-NLP,2066441,P3,user,True,raw:raw_output,True
Mistral-7B-Instruct-v0.3,EBM-NLP,15858959,P1,user,True,raw:raw_output,True
Mistral-7B-Instruct-v0.3,EBM-NLP,9229602,P4,user,True,raw:raw_output,True
Mistral-7B-Instruct-v0.3,SciERC,H01-1042,P2,user,True,raw:raw_output,True
Mistral-7B-Instruct-v0.3,EBM-NLP,11750293,P4,user,True,raw:raw_output,True
Mistral-7B-Instruct-v0.3,EBM-NLP,1286547,P2,user,True,raw:raw_output,True
Mistral-7B-Instruct-v0.3,EBM-NLP,11642083,P3,user,True,raw:raw_output,True
Mistral-7B-Instruct-v0.3,EBM-NLP,16167234,P2,user,True,raw:raw_output,True
Mistral-7B-Instruct-v0.3,EBM-NLP,18503531,P3,user,True,raw:raw_output,True
Mistral-7B-Instruct-v0.3,SciERC,ICML_2006_119_abs,P3,user,True,raw:raw_output,True
Mistral-7B-Instruct-v0.3,EBM-NLP,21393467,P2,user,True,raw:raw_output,True
Mistral-7B-Instruct-v0.3,EBM-NLP,10070173,P1,user,True,raw:raw_output,True
Mistral-7B-Instruct-v0.3,SciERC,ECCV_2016_99_abs,P2,user,True,raw:raw_output,True
Mistral-7B-Instruct-v0.3,EBM-NLP,8911223,P1,user,True,raw:raw_output,True
Mistral-7B-Instruct-v0.3,EBM-NLP,20618920,P4,user,True,raw:raw_output,True
Mistral-7B-Instruct-v0.3,EBM-NLP,25068497,P3,user,True,raw:raw_output,True
Mistral-7B-Instruct-v0.3,SciERC,CVPR_2008_256_abs,P2,user,True,raw:raw_output,True
Mistral-7B-Instruct-v0.3,EBM-NLP,361799,P3,user,True,raw:raw_output,True
Mistral-7B-Instruct-v0.3,EBM-NLP,26278470,P1,user,True,raw:raw_output,True
Mistral-7B-Instruct-v0.3,EBM-NLP,23838728,P4,user,True,raw:raw_output,True
Mistral-7B-Instruct-v0.3,SciERC,NIPS_2015_18_abs,P3,user,True,raw:raw_output,True
Mistral-7B-Instruct-v0.3,EBM-NLP,23021296,P4,user,True,raw:raw_output,True
Mistral-7B-Instruct-v0.3,SciERC,ICCV_2013_47_abs,P2,user,True,raw:raw_output,True
Mistral-7B-Instruct-v0.3,SciERC,CVPR_2010_30_abs,P3,user,True,raw:raw_output,True
Mistral-7B-Instruct-v0.3,SciERC,ICCV_2003_151_abs,P2,user,True,raw:raw_output,True
Mistral-7B-Instruct-v0.3,EBM-NLP,10578479,P2,user,True,raw:raw_output,True
Mistral-7B-Instruct-v0.3,SciERC,CVPR_2011_11_abs,P3,user,True,raw:raw_output,True
Mistral-7B-Instruct-v0.3,EBM-NLP,19727232,P2,user,True,raw:raw_output,True
Mistral-7B-Instruct-v0.3,SciERC,E91-1012,P3,user,True,raw:raw_output,True
Mistral-7B-Instruct-v0.3,EBM-NLP,24451919,P2,user,True,raw:raw_output,True
Mistral-7B-Instruct-v0.3,EBM-NLP,21718094,P1,user,True,raw:raw_output,True
Mistral-7B-Instruct-v0.3,EBM-NLP,25784723,P1,user,True,raw:raw_output,True
Mistral-7B-Instruct-v0.3,EBM-NLP,2223363,P4,user,True,raw:raw_output,True
Mistral-7B-Instruct-v0.3,EBM-NLP,18229990,P4,user,True,raw:raw_output,True
Mistral-7B-Instruct-v0.3,SciERC,J86-4002,P3,user,True,raw:raw_output,True
Mistral-7B-Instruct-v0.3,SciERC,X96-1059,P2,user,True,raw:raw_output,True
Mistral-7B-Instruct-v0.3,EBM-NLP,7017018,P4,user,True,raw:raw_output,True
Mistral-7B-Instruct-v0.3,EBM-NLP,2088233,P3,user,True,raw:raw_output,True
Mistral-7B-Instruct-v0.3,SciERC,ICML_2016_18_abs,P3,user,True,raw:raw_output,True
Mistral-7B-Instruct-v0.3,EBM-NLP,15848261,P2,user,True,raw:raw_output,True
Mistral-7B-Instruct-v0.3,EBM-NLP,8989009,P1,user,True,raw:raw_output,True
Mistral-7B-Instruct-v0.3,EBM-NLP,17321989,P2,user,True,raw:raw_output,True
Mistral-7B-Instruct-v0.3,EBM-NLP,1669598,P2,user,True,raw:raw_output,True
Mistral-7B-Instruct-v0.3,EBM-NLP,10763172,P2,user,True,raw:raw_output,True
Mistral-7B-Instruct-v0.3,EBM-NLP,20560622,P2,user,True,raw:raw_output,True
Mistral-7B-Instruct-v0.3,SciERC,P05-1056,P3,user,True,raw:raw_output,True
Mistral-7B-Instruct-v0.3,EBM-NLP,21924760,P1,user,True,raw:raw_output,True
Mistral-7B-Instruct-v0.3,EBM-NLP,20804366,P3,user,True,raw:raw_output,True
Mistral-7B-Instruct-v0.3,SciERC,ECCV_2016_212_abs,P1,user,True,raw:raw_output,True
Mistral-7B-Instruct-v0.3,EBM-NLP,12960652,P1,user,True,raw:raw_output,True
Mistral-7B-Instruct-v0.3,EBM-NLP,3081600,P4,user,True,raw:raw_output,True
Mistral-7B-Instruct-v0.3,EBM-NLP,9394106,P1,user,True,raw:raw_output,True
Mistral-7B-Instruct-v0.3,EBM-NLP,7808649,P1,user,True,raw:raw_output,True
Mistral-7B-Instruct-v0.3,EBM-NLP,25369243,P3,user,True,raw:raw_output,True
Mistral-7B-Instruct-v0.3,EBM-NLP,7814711,P1,user,True,raw:raw_output,True
Mistral-7B-Instruct-v0.3,EBM-NLP,18958161,P3,user,True,raw:raw_output,True
Mistral-7B-Instruct-v0.3,EBM-NLP,20147856,P2,user,True,raw:raw_output,True
Mistral-7B-Instruct-v0.3,EBM-NLP,7827398,P4,user,True,raw:raw_output,True
Mistral-7B-Instruct-v0.3,EBM-NLP,17897478,P1,user,True,raw:raw_output,True
Mistral-7B-Instruct-v0.3,SciERC,W02-1602,P1,user,True,raw:raw_output,True
Mistral-7B-Instruct-v0.3,EBM-NLP,1459268,P4,user,True,raw:raw_output,True
Mistral-7B-Instruct-v0.3,EBM-NLP,10589810,P1,user,True,raw:raw_output,True
Mistral-7B-Instruct-v0.3,EBM-NLP,7853069,P3,user,True,raw:raw_output,True
Mistral-7B-Instruct-v0.3,EBM-NLP,18783504,P2,user,True,raw:raw_output,True
Mistral-7B-Instruct-v0.3,EBM-NLP,26210844,P1,user,True,raw:raw_output,True
Mistral-7B-Instruct-v0.3,SciERC,INTERSPEECH_2008_28_abs,P2,user,True,raw:raw_output,True
Mistral-7B-Instruct-v0.3,EBM-NLP,7598243,P1,user,True,raw:raw_output,True
Mistral-7B-Instruct-v0.3,EBM-NLP,7831628,P3,user,True,raw:raw_output,True
Mistral-7B-Instruct-v0.3,EBM-NLP,11737955,P1,user,True,raw:raw_output,True
Mistral-7B-Instruct-v0.3,SciERC,C94-1091,P3,user,True,raw:raw_output,True
Mistral-7B-Instruct-v0.3,EBM-NLP,24075141,P3,user,True,raw:raw_output,True
Mistral-7B-Instruct-v0.3,EBM-NLP,9730996,P2,user,True,raw:raw_output,True
Mistral-7B-Instruct-v0.3,SciERC,E93-1066,P3,user,True,raw:raw_output,True
Mistral-7B-Instruct-v0.3,SciERC,ICASSP_1997_706_abs,P3,user,True,raw:raw_output,True
Mistral-7B-Instruct-v0.3,EBM-NLP,21106663,P2,user,True,raw:raw_output,True
Mistral-7B-Instruct-v0.3,EBM-NLP,17616069,P3,user,True,raw:raw_output,True
Mistral-7B-Instruct-v0.3,EBM-NLP,10390665,P3,user,True,raw:raw_output,True
Mistral-7B-Instruct-v0.3,EBM-NLP,22881991,P2,user,True,raw:raw_output,True
Mistral-7B-Instruct-v0.3,EBM-NLP,20226474,P1,user,True,raw:raw_output,True
Mistral-7B-Instruct-v0.3,EBM-NLP,11829043,P3,user,True,raw:raw_output,True
Mistral-7B-Instruct-v0.3,EBM-NLP,18773733,P4,user,True,raw:raw_output,True
Mistral-7B-Instruct-v0.3,EBM-NLP,1963383,P2,user,True,raw:raw_output,True
Mistral-7B-Instruct-v0.3,EBM-NLP,19376304,P2,user,True,raw:raw_output,True
Mistral-7B-Instruct-v0.3,EBM-NLP,21896676,P1,user,True,raw:raw_output,True
Mistral-7B-Instruct-v0.3,SciERC,CVPR_2009_10_abs,P3,user,True,raw:raw_output,True
Mistral-7B-Instruct-v0.3,EBM-NLP,8913901,P1,user,True,raw:raw_output,True
Mistral-7B-Instruct-v0.3,EBM-NLP,16427787,P4,user,True,raw:raw_output,True
Mistral-7B-Instruct-v0.3,EBM-NLP,22865017,P2,user,True,raw:raw_output,True
Mistral-7B-Instruct-v0.3,EBM-NLP,8726604,P2,user,True,raw:raw_output,True
Mistral-7B-Instruct-v0.3,EBM-NLP,21170734,P3,user,True,raw:raw_output,True
Mistral-7B-Instruct-v0.3,EBM-NLP,24515505,P1,user,True,raw:raw_output,True
Mistral-7B-Instruct-v0.3,EBM-NLP,15193668,P4,user,True,raw:raw_output,True
Mistral-7B-Instruct-v0.3,EBM-NLP,22744141,P4,user,True,raw:raw_output,True
Mistral-7B-Instruct-v0.3,EBM-NLP,11495215,P3,user,True,raw:raw_output,True
Mistral-7B-Instruct-v0.3,EBM-NLP,2224060,P4,user,True,raw:raw_output,True
Mistral-7B-Instruct-v0.3,EBM-NLP,18544974,P2,user,True,raw:raw_output,True
Mistral-7B-Instruct-v0.3,EBM-NLP,2908133,P2,user,True,raw:raw_output,True
Mistral-7B-Instruct-v0.3,EBM-NLP,10764172,P2,user,True,raw:raw_output,True
Mistral-7B-Instruct-v0.3,EBM-NLP,6418441,P3,user,True,raw:raw_output,True
Mistral-7B-Instruct-v0.3,EBM-NLP,22646975,P3,user,True,raw:raw_output,True
Mistral-7B-Instruct-v0.3,EBM-NLP,15133359,P2,user,True,raw:raw_output,True
Mistral-7B-Instruct-v0.3,EBM-NLP,12477021,P4,user,True,raw:raw_output,True
Mistral-7B-Instruct-v0.3,EBM-NLP,11317090,P1,user,True,raw:raw_output,True
Mistral-7B-Instruct-v0.3,EBM-NLP,24080592,P2,user,True,raw:raw_output,True
Mistral-7B-Instruct-v0.3,EBM-NLP,16295154,P3,user,True,raw:raw_output,True
Mistral-7B-Instruct-v0.3,EBM-NLP,18975051,P2,user,True,raw:raw_output,True
Mistral-7B-Instruct-v0.3,EBM-NLP,24317958,P2,user,True,raw:raw_output,True
Mistral-7B-Instruct-v0.3,EBM-NLP,12139812,P3,user,True,raw:raw_output,True
Mistral-7B-Instruct-v0.3,EBM-NLP,10752495,P4,user,True,raw:raw_output,True
Mistral-7B-Instruct-v0.3,SciERC,ICML_2016_11_abs,P3,user,True,raw:raw_output,True
Mistral-7B-Instruct-v0.3,EBM-NLP,8771302,P1,user,True,raw:raw_output,True
Mistral-7B-Instruct-v0.3,SciERC,ECCV_2006_13_abs,P2,user,True,raw:raw_output,True
Mistral-7B-Instruct-v0.3,SciERC,CVPR_1994_10_abs,P3,user,True,raw:raw_output,True
Mistral-7B-Instruct-v0.3,EBM-NLP,3534803,P1,user,True,raw:raw_output,True
Mistral-7B-Instruct-v0.3,EBM-NLP,3074300,P2,user,True,raw:raw_output,True
Mistral-7B-Instruct-v0.3,EBM-NLP,23103798,P1,user,True,raw:raw_output,True
Mistral-7B-Instruct-v0.3,EBM-NLP,19159999,P4,user,True,raw:raw_output,True
Mistral-7B-Instruct-v0.3,EBM-NLP,23356250,P2,user,True,raw:raw_output,True
Mistral-7B-Instruct-v0.3,EBM-NLP,14763035,P1,user,True,raw:raw_output,True
Mistral-7B-Instruct-v0.3,EBM-NLP,17293018,P4,user,True,raw:raw_output,True
Mistral-7B-Instruct-v0.3,EBM-NLP,24960665,P1,user,True,raw:raw_output,True
Mistral-7B-Instruct-v0.3,EBM-NLP,15858959,P2,user,True,raw:raw_output,True
Mistral-7B-Instruct-v0.3,EBM-NLP,9481998,P4,user,True,raw:raw_output,True
Mistral-7B-Instruct-v0.3,EBM-NLP,25898782,P1,user,True,raw:raw_output,True
Mistral-7B-Instruct-v0.3,EBM-NLP,11229858,P5,user,True,raw:raw_output,True
Mistral-7B-Instruct-v0.3,EBM-NLP,16055807,P4,user,True,raw:raw_output,True
Mistral-7B-Instruct-v0.3,EBM-NLP,22435114,P3,user,True,raw:raw_output,True
Mistral-7B-Instruct-v0.3,EBM-NLP,22420121,P3,user,True,raw:raw_output,True
Mistral-7B-Instruct-v0.3,EBM-NLP,10070173,P2,user,True,raw:raw_output,True
Mistral-7B-Instruct-v0.3,EBM-NLP,6421395,P4,user,True,raw:raw_output,True
Mistral-7B-Instruct-v0.3,EBM-NLP,8911223,P2,user,True,raw:raw_output,True
Mistral-7B-Instruct-v0.3,EBM-NLP,24726342,P1,user,True,raw:raw_output,True
Mistral-7B-Instruct-v0.3,EBM-NLP,14739125,P1,user,True,raw:raw_output,True
Mistral-7B-Instruct-v0.3,EBM-NLP,12576806,P1,user,True,raw:raw_output,True
Mistral-7B-Instruct-v0.3,EBM-NLP,26278470,P2,user,True,raw:raw_output,True
Mistral-7B-Instruct-v0.3,SciERC,ECCV_2016_204_abs,P3,user,True,raw:raw_output,True
Mistral-7B-Instruct-v0.3,EBM-NLP,9695300,P3,user,True,raw:raw_output,True
Mistral-7B-Instruct-v0.3,SciERC,H01-1042,P3,user,True,raw:raw_output,True
Mistral-7B-Instruct-v0.3,EBM-NLP,21669557,P1,user,True,raw:raw_output,True
Mistral-7B-Instruct-v0.3,EBM-NLP,1286547,P3,user,True,raw:raw_output,True
Mistral-7B-Instruct-v0.3,SciERC,J86-3001,P1,user,True,raw:raw_output,True
Mistral-7B-Instruct-v0.3,EBM-NLP,16167234,P3,user,True,raw:raw_output,True
Mistral-7B-Instruct-v0.3,EBM-NLP,21718094,P2,user,True,raw:raw_output,True
Mistral-7B-Instruct-v0.3,EBM-NLP,21393467,P3,user,True,raw:raw_output,True
Mistral-7B-Instruct-v0.3,SciERC,ECCV_2016_99_abs,P3,user,True,raw:raw_output,True
Mistral-7B-Instruct-v0.3,EBM-NLP,2188766,P4,user,True,raw:raw_output,True
Mistral-7B-Instruct-v0.3,EBM-NLP,25784723,P2,user,True,raw:raw_output,True
Mistral-7B-Instruct-v0.3,EBM-NLP,23357440,P4,user,True,raw:raw_output,True
Mistral-7B-Instruct-v0.3,SciERC,CVPR_2008_256_abs,P3,user,True,raw:raw_output,True
Mistral-7B-Instruct-v0.3,EBM-NLP,3919804,P4,user,True,raw:raw_output,True
Mistral-7B-Instruct-v0.3,EBM-NLP,2066441,P4,user,True,raw:raw_output,True
Mistral-7B-Instruct-v0.3,EBM-NLP,8989009,P2,user,True,raw:raw_output,True
Mistral-7B-Instruct-v0.3,EBM-NLP,23417625,P4,user,True,raw:raw_output,True
Mistral-7B-Instruct-v0.3,SciERC,ICCV_2013_47_abs,P3,user,True,raw:raw_output,True
Mistral-7B-Instruct-v0.3,SciERC,ICCV_2003_151_abs,P3,user,True,raw:raw_output,True
Mistral-7B-Instruct-v0.3,EBM-NLP,21491990,P1,user,True,raw:raw_output,True
Mistral-7B-Instruct-v0.3,EBM-NLP,18503531,P4,user,True,raw:raw_output,True
Mistral-7B-Instruct-v0.3,EBM-NLP,11642083,P4,user,True,raw:raw_output,True
Mistral-7B-Instruct-v0.3,EBM-NLP,21924760,P2,user,True,raw:raw_output,True
Mistral-7B-Instruct-v0.3,EBM-NLP,10578479,P3,user,True,raw:raw_output,True
Mistral-7B-Instruct-v0.3,SciERC,ECCV_2016_212_abs,P2,user,True,raw:raw_output,True
Mistral-7B-Instruct-v0.3,EBM-NLP,19727232,P3,user,True,raw:raw_output,True
Mistral-7B-Instruct-v0.3,EBM-NLP,9394106,P2,user,True,raw:raw_output,True
Mistral-7B-Instruct-v0.3,EBM-NLP,12960652,P2,user,True,raw:raw_output,True
Mistral-7B-Instruct-v0.3,EBM-NLP,24451919,P3,user,True,raw:raw_output,True
Mistral-7B-Instruct-v0.3,EBM-NLP,25068497,P4,user,True,raw:raw_output,True
Mistral-7B-Instruct-v0.3,EBM-NLP,7808649,P2,user,True,raw:raw_output,True
Mistral-7B-Instruct-v0.3,EBM-NLP,24989854,P1,user,True,raw:raw_output,True
Mistral-7B-Instruct-v0.3,EBM-NLP,10912743,P1,user,True,raw:raw_output,True
Mistral-7B-Instruct-v0.3,EBM-NLP,361799,P4,user,True,raw:raw_output,True
Mistral-7B-Instruct-v0.3,SciERC,X96-1059,P3,user,True,raw:raw_output,True
Mistral-7B-Instruct-v0.3,EBM-NLP,25479285,P1,user,True,raw:raw_output,True
Mistral-7B-Instruct-v0.3,EBM-NLP,7814711,P2,user,True,raw:raw_output,True
Mistral-7B-Instruct-v0.3,EBM-NLP,17897478,P2,user,True,raw:raw_output,True
Mistral-7B-Instruct-v0.3,EBM-NLP,15848261,P3,user,True,raw:raw_output,True
Mistral-7B-Instruct-v0.3,EBM-NLP,10589810,P2,user,True,raw:raw_output,True
Mistral-7B-Instruct-v0.3,SciERC,W02-1602,P2,user,True,raw:raw_output,True
Mistral-7B-Instruct-v0.3,EBM-NLP,7598243,P2,user,True,raw:raw_output,True
Mistral-7B-Instruct-v0.3,EBM-NLP,17321989,P3,user,True,raw:raw_output,True
Mistral-7B-Instruct-v0.3,EBM-NLP,26210844,P2,user,True,raw:raw_output,True
Mistral-7B-Instruct-v0.3,EBM-NLP,20560622,P3,user,True,raw:raw_output,True
Mistral-7B-Instruct-v0.3,EBM-NLP,1669598,P3,user,True,raw:raw_output,True
Mistral-7B-Instruct-v0.3,EBM-NLP,10763172,P3,user,True,raw:raw_output,True
Mistral-7B-Instruct-v0.3,EBM-NLP,11737955,P2,user,True,raw:raw_output,True
Mistral-7B-Instruct-v0.3,EBM-NLP,21982657,P1,user,True,raw:raw_output,True
Mistral-7B-Instruct-v0.3,EBM-NLP,2088233,P4,user,True,raw:raw_output,True
Mistral-7B-Instruct-v0.3,EBM-NLP,20226474,P2,user,True,raw:raw_output,True
Mistral-7B-Instruct-v0.3,EBM-NLP,20147856,P3,user,True,raw:raw_output,True
Mistral-7B-Instruct-v0.3,EBM-NLP,19301724,P1,user,True,raw:raw_output,True
Mistral-7B-Instruct-v0.3,EBM-NLP,21896676,P2,user,True,raw:raw_output,True
Mistral-7B-Instruct-v0.3,EBM-NLP,8913901,P2,user,True,raw:raw_output,True
Mistral-7B-Instruct-v0.3,EBM-NLP,18783504,P3,user,True,raw:raw_output,True
Mistral-7B-Instruct-v0.3,SciERC,INTERSPEECH_2008_28_abs,P3,user,True,raw:raw_output,True
Mistral-7B-Instruct-v0.3,EBM-NLP,12586799,P1,user,True,raw:raw_output,True
Mistral-7B-Instruct-v0.3,EBM-NLP,20804366,P4,user,True,raw:raw_output,True
Mistral-7B-Instruct-v0.3,EBM-NLP,24515505,P2,user,True,raw:raw_output,True
Mistral-7B-Instruct-v0.3,EBM-NLP,9730996,P3,user,True,raw:raw_output,True
Mistral-7B-Instruct-v0.3,EBM-NLP,22956006,P1,user,True,raw:raw_output,True
Mistral-7B-Instruct-v0.3,EBM-NLP,25369243,P4,user,True,raw:raw_output,True
Mistral-7B-Instruct-v0.3,EBM-NLP,21106663,P3,user,True,raw:raw_output,True
Mistral-7B-Instruct-v0.3,EBM-NLP,18958161,P4,user,True,raw:raw_output,True
Mistral-7B-Instruct-v0.3,EBM-NLP,23392542,P1,user,True,raw:raw_output,True
Mistral-7B-Instruct-v0.3,EBM-NLP,7707420,P1,user,True,raw:raw_output,True
Mistral-7B-Instruct-v0.3,EBM-NLP,11317090,P2,user,True,raw:raw_output,True
Mistral-7B-Instruct-v0.3,EBM-NLP,22881991,P3,user,True,raw:raw_output,True
Mistral-7B-Instruct-v0.3,EBM-NLP,7853069,P4,user,True,raw:raw_output,True
Mistral-7B-Instruct-v0.3,EBM-NLP,18845996,P1,user,True,raw:raw_output,True
Mistral-7B-Instruct-v0.3,EBM-NLP,19376304,P3,user,True,raw:raw_output,True
Mistral-7B-Instruct-v0.3,EBM-NLP,1963383,P3,user,True,raw:raw_output,True
Mistral-7B-Instruct-v0.3,EBM-NLP,24075141,P4,user,True,raw:raw_output,True
Mistral-7B-Instruct-v0.3,EBM-NLP,7831628,P4,user,True,raw:raw_output,True
Mistral-7B-Instruct-v0.3,EBM-NLP,8771302,P2,user,True,raw:raw_output,True
Mistral-7B-Instruct-v0.3,EBM-NLP,8726604,P3,user,True,raw:raw_output,True
Mistral-7B-Instruct-v0.3,EBM-NLP,22865017,P3,user,True,raw:raw_output,True
Mistral-7B-Instruct-v0.3,EBM-NLP,25950425,P1,user,True,raw:raw_output,True
Mistral-7B-Instruct-v0.3,EBM-NLP,23103798,P2,user,True,raw:raw_output,True
Mistral-7B-Instruct-v0.3,EBM-NLP,3534803,P2,user,True,raw:raw_output,True
Mistral-7B-Instruct-v0.3,EBM-NLP,11454878,P1,user,True,raw:raw_output,True
Mistral-7B-Instruct-v0.3,EBM-NLP,10764172,P3,user,True,raw:raw_output,True
Mistral-7B-Instruct-v0.3,EBM-NLP,18544974,P3,user,True,raw:raw_output,True
Mistral-7B-Instruct-v0.3,EBM-NLP,2908133,P3,user,True,raw:raw_output,True
Mistral-7B-Instruct-v0.3,EBM-NLP,17616069,P4,user,True,raw:raw_output,True
Mistral-7B-Instruct-v0.3,EBM-NLP,14763035,P2,user,True,raw:raw_output,True
Mistral-7B-Instruct-v0.3,EBM-NLP,10390665,P4,user,True,raw:raw_output,True
Mistral-7B-Instruct-v0.3,EBM-NLP,16505427,P1,user,True,raw:raw_output,True
Mistral-7B-Instruct-v0.3,EBM-NLP,15133359,P3,user,True,raw:raw_output,True
Mistral-7B-Instruct-v0.3,EBM-NLP,12595499,P1,user,True,raw:raw_output,True
Mistral-7B-Instruct-v0.3,EBM-NLP,11829043,P4,user,True,raw:raw_output,True
Mistral-7B-Instruct-v0.3,EBM-NLP,24960665,P2,user,True,raw:raw_output,True
Mistral-7B-Instruct-v0.3,EBM-NLP,25898782,P2,user,True,raw:raw_output,True
Mistral-7B-Instruct-v0.3,EBM-NLP,24080592,P3,user,True,raw:raw_output,True
Mistral-7B-Instruct-v0.3,EBM-NLP,24317958,P3,user,True,raw:raw_output,True
Mistral-7B-Instruct-v0.3,EBM-NLP,22154769,P1,user,True,raw:raw_output,True
Mistral-7B-Instruct-v0.3,EBM-NLP,18975051,P3,user,True,raw:raw_output,True
Mistral-7B-Instruct-v0.3,EBM-NLP,18189160,P1,user,True,raw:raw_output,True
Mistral-7B-Instruct-v0.3,EBM-NLP,21170734,P4,user,True,raw:raw_output,True
Mistral-7B-Instruct-v0.3,EBM-NLP,22897461,P1,user,True,raw:raw_output,True
Mistral-7B-Instruct-v0.3,SciERC,ECCV_2006_13_abs,P3,user,True,raw:raw_output,True
Mistral-7B-Instruct-v0.3,EBM-NLP,20943715,P1,user,True,raw:raw_output,True
Mistral-7B-Instruct-v0.3,EBM-NLP,3074300,P3,user,True,raw:raw_output,True
Mistral-7B-Instruct-v0.3,EBM-NLP,11495215,P4,user,True,raw:raw_output,True
Mistral-7B-Instruct-v0.3,EBM-NLP,24726342,P2,user,True,raw:raw_output,True
Mistral-7B-Instruct-v0.3,EBM-NLP,12576806,P2,user,True,raw:raw_output,True
Mistral-7B-Instruct-v0.3,EBM-NLP,22646975,P4,user,True,raw:raw_output,True
Mistral-7B-Instruct-v0.3,EBM-NLP,6418441,P4,user,True,raw:raw_output,True
Mistral-7B-Instruct-v0.3,EBM-NLP,14739125,P2,user,True,raw:raw_output,True
Mistral-7B-Instruct-v0.3,EBM-NLP,23356250,P3,user,True,raw:raw_output,True
Mistral-7B-Instruct-v0.3,EBM-NLP,15858959,P3,user,True,raw:raw_output,True
Mistral-7B-Instruct-v0.3,EBM-NLP,16295154,P4,user,True,raw:raw_output,True
Mistral-7B-Instruct-v0.3,EBM-NLP,8519720,P1,user,True,raw:raw_output,True
Mistral-7B-Instruct-v0.3,EBM-NLP,21669557,P2,user,True,raw:raw_output,True
Mistral-7B-Instruct-v0.3,EBM-NLP,12139812,P4,user,True,raw:raw_output,True
Mistral-7B-Instruct-v0.3,EBM-NLP,2803397,P1,user,True,raw:raw_output,True
Mistral-7B-Instruct-v0.3,SciERC,J86-3001,P2,user,True,raw:raw_output,True
Mistral-7B-Instruct-v0.3,EBM-NLP,10070173,P3,user,True,raw:raw_output,True
Mistral-7B-Instruct-v0.3,EBM-NLP,2678230,P5,user,True,raw:raw_output,True
Mistral-7B-Instruct-v0.3,EBM-NLP,8911223,P3,user,True,raw:raw_output,True
Mistral-7B-Instruct-v0.3,EBM-NLP,26278470,P3,user,True,raw:raw_output,True
Mistral-7B-Instruct-v0.3,EBM-NLP,8916620,P5,user,True,raw:raw_output,True
Mistral-7B-Instruct-v0.3,EBM-NLP,15014018,P1,user,True,raw:raw_output,True
Mistral-7B-Instruct-v0.3,EBM-NLP,22341427,P1,user,True,raw:raw_output,True
Mistral-7B-Instruct-v0.3,EBM-NLP,21491990,P2,user,True,raw:raw_output,True
Mistral-7B-Instruct-v0.3,EBM-NLP,22435114,P4,user,True,raw:raw_output,True
Mistral-7B-Instruct-v0.3,EBM-NLP,23114870,P1,user,True,raw:raw_output,True
Mistral-7B-Instruct-v0.3,EBM-NLP,22420121,P4,user,True,raw:raw_output,True
Mistral-7B-Instruct-v0.3,EBM-NLP,9573502,P1,user,True,raw:raw_output,True
Mistral-7B-Instruct-v0.3,EBM-NLP,24989854,P2,user,True,raw:raw_output,True
Mistral-7B-Instruct-v0.3,EBM-NLP,21718094,P3,user,True,raw:raw_output,True
Mistral-7B-Instruct-v0.3,EBM-NLP,25784723,P3,user,True,raw:raw_output,True
Mistral-7B-Instruct-v0.3,EBM-NLP,10912743,P2,user,True,raw:raw_output,True
Mistral-7B-Instruct-v0.3,EBM-NLP,25479285,P2,user,True,raw:raw_output,True
Mistral-7B-Instruct-v0.3,EBM-NLP,18077611,P1,user,True,raw:raw_output,True
Mistral-7B-Instruct-v0.3,EBM-NLP,8989009,P3,user,True,raw:raw_output,True
Mistral-7B-Instruct-v0.3,EBM-NLP,9695300,P4,user,True,raw:raw_output,True
Mistral-7B-Instruct-v0.3,EBM-NLP,10475150,P1,user,True,raw:raw_output,True
Mistral-7B-Instruct-v0.3,EBM-NLP,21982657,P2,user,True,raw:raw_output,True
Mistral-7B-Instruct-v0.3,EBM-NLP,16167234,P4,user,True,raw:raw_output,True
Mistral-7B-Instruct-v0.3,EBM-NLP,1286547,P4,user,True,raw:raw_output,True
Mistral-7B-Instruct-v0.3,EBM-NLP,21924760,P3,user,True,raw:raw_output,True
Mistral-7B-Instruct-v0.3,SciERC,ECCV_2016_212_abs,P3,user,True,raw:raw_output,True
Mistral-7B-Instruct-v0.3,EBM-NLP,21393467,P4,user,True,raw:raw_output,True
Mistral-7B-Instruct-v0.3,EBM-NLP,11401641,P1,user,True,raw:raw_output,True
Mistral-7B-Instruct-v0.3,EBM-NLP,9394106,P3,user,True,raw:raw_output,True
Mistral-7B-Instruct-v0.3,EBM-NLP,12960652,P3,user,True,raw:raw_output,True
Mistral-7B-Instruct-v0.3,EBM-NLP,7808649,P3,user,True,raw:raw_output,True
Mistral-7B-Instruct-v0.3,EBM-NLP,14679127,P1,user,True,raw:raw_output,True
Mistral-7B-Instruct-v0.3,EBM-NLP,19301724,P2,user,True,raw:raw_output,True
Mistral-7B-Instruct-v0.3,EBM-NLP,7814711,P3,user,True,raw:raw_output,True
Mistral-7B-Instruct-v0.3,EBM-NLP,17897478,P3,user,True,raw:raw_output,True
Mistral-7B-Instruct-v0.3,SciERC,W02-1602,P3,user,True,raw:raw_output,True
Mistral-7B-Instruct-v0.3,EBM-NLP,10589810,P3,user,True,raw:raw_output,True
Mistral-7B-Instruct-v0.3,EBM-NLP,4919024,P5,user,True,raw:raw_output,True
Mistral-7B-Instruct-v0.3,EBM-NLP,26210844,P3,user,True,raw:raw_output,True
Mistral-7B-Instruct-v0.3,EBM-NLP,7598243,P3,user,True,raw:raw_output,True
Mistral-7B-Instruct-v0.3,EBM-NLP,12586799,P2,user,True,raw:raw_output,True
Mistral-7B-Instruct-v0.3,EBM-NLP,10578479,P4,user,True,raw:raw_output,True
Mistral-7B-Instruct-v0.3,EBM-NLP,11737955,P3,user,True,raw:raw_output,True
Mistral-7B-Instruct-v0.3,EBM-NLP,19727232,P4,user,True,raw:raw_output,True
Mistral-7B-Instruct-v0.3,EBM-NLP,24451919,P4,user,True,raw:raw_output,True
Mistral-7B-Instruct-v0.3,EBM-NLP,3067745,P5,user,True,raw:raw_output,True
Mistral-7B-Instruct-v0.3,EBM-NLP,22956006,P2,user,True,raw:raw_output,True
Mistral-7B-Instruct-v0.3,EBM-NLP,21914768,P5,user,True,raw:raw_output,True
Mistral-7B-Instruct-v0.3,EBM-NLP,12709693,P1,user,True,raw:raw_output,True
Mistral-7B-Instruct-v0.3,EBM-NLP,23392542,P2,user,True,raw:raw_output,True
Mistral-7B-Instruct-v0.3,EBM-NLP,11381289,P5,user,True,raw:raw_output,True
Mistral-7B-Instruct-v0.3,EBM-NLP,7707420,P2,user,True,raw:raw_output,True
Mistral-7B-Instruct-v0.3,EBM-NLP,20226474,P3,user,True,raw:raw_output,True
Mistral-7B-Instruct-v0.3,EBM-NLP,15848261,P4,user,True,raw:raw_output,True
Mistral-7B-Instruct-v0.3,EBM-NLP,17321989,P4,user,True,raw:raw_output,True
Mistral-7B-Instruct-v0.3,EBM-NLP,18845996,P2,user,True,raw:raw_output,True
Mistral-7B-Instruct-v0.3,EBM-NLP,20560622,P4,user,True,raw:raw_output,True
Mistral-7B-Instruct-v0.3,EBM-NLP,21896676,P3,user,True,raw:raw_output,True
Mistral-7B-Instruct-v0.3,EBM-NLP,8913901,P3,user,True,raw:raw_output,True
Mistral-7B-Instruct-v0.3,EBM-NLP,1669598,P4,user,True,raw:raw_output,True
Mistral-7B-Instruct-v0.3,EBM-NLP,10763172,P4,user,True,raw:raw_output,True
Mistral-7B-Instruct-v0.3,EBM-NLP,25950425,P2,user,True,raw:raw_output,True
Mistral-7B-Instruct-v0.3,EBM-NLP,7844976,P5,user,True,raw:raw_output,True
Mistral-7B-Instruct-v0.3,EBM-NLP,8911222,P1,user,True,raw:raw_output,True
Mistral-7B-Instruct-v0.3,EBM-NLP,6989377,P1,user,True,raw:raw_output,True
Mistral-7B-Instruct-v0.3,EBM-NLP,11454878,P2,user,True,raw:raw_output,True
Mistral-7B-Instruct-v0.3,EBM-NLP,24515505,P3,user,True,raw:raw_output,True
Mistral-7B-Instruct-v0.3,EBM-NLP,23849147,P5,user,True,raw:raw_output,True
Mistral-7B-Instruct-v0.3,EBM-NLP,15358868,P5,user,True,raw:raw_output,True
Mistral-7B-Instruct-v0.3,EBM-NLP,12595499,P2,user,True,raw:raw_output,True
Mistral-7B-Instruct-v0.3,EBM-NLP,20147856,P4,user,True,raw:raw_output,True
Mistral-7B-Instruct-v0.3,EBM-NLP,16505427,P2,user,True,raw:raw_output,True
Mistral-7B-Instruct-v0.3,EBM-NLP,11317090,P3,user,True,raw:raw_output,True
Mistral-7B-Instruct-v0.3,EBM-NLP,22154769,P2,user,True,raw:raw_output,True
Mistral-7B-Instruct-v0.3,EBM-NLP,18783504,P4,user,True,raw:raw_output,True
Mistral-7B-Instruct-v0.3,EBM-NLP,18189160,P2,user,True,raw:raw_output,True
Mistral-7B-Instruct-v0.3,EBM-NLP,384815,P5,user,True,raw:raw_output,True
Mistral-7B-Instruct-v0.3,EBM-NLP,8771302,P3,user,True,raw:raw_output,True
Mistral-7B-Instruct-v0.3,EBM-NLP,22897461,P2,user,True,raw:raw_output,True
Mistral-7B-Instruct-v0.3,EBM-NLP,20943715,P2,user,True,raw:raw_output,True
Mistral-7B-Instruct-v0.3,EBM-NLP,9730996,P4,user,True,raw:raw_output,True
Mistral-7B-Instruct-v0.3,EBM-NLP,3534803,P3,user,True,raw:raw_output,True
Mistral-7B-Instruct-v0.3,EBM-NLP,23103798,P3,user,True,raw:raw_output,True
Mistral-7B-Instruct-v0.3,EBM-NLP,21106663,P4,user,True,raw:raw_output,True
Mistral-7B-Instruct-v0.3,EBM-NLP,6920252,P1,user,True,raw:raw_output,True
Mistral-7B-Instruct-v0.3,EBM-NLP,19708562,P5,user,True,raw:raw_output,True
Mistral-7B-Instruct-v0.3,EBM-NLP,14763035,P3,user,True,raw:raw_output,True
Mistral-7B-Instruct-v0.3,EBM-NLP,19096921,P5,user,True,raw:raw_output,True
Mistral-7B-Instruct-v0.3,EBM-NLP,22881991,P4,user,True,raw:raw_output,True
Mistral-7B-Instruct-v0.3,EBM-NLP,22416755,P5,user,True,raw:raw_output,True
Mistral-7B-Instruct-v0.3,EBM-NLP,19376304,P4,user,True,raw:raw_output,True
Mistral-7B-Instruct-v0.3,EBM-NLP,8519720,P2,user,True,raw:raw_output,True
Mistral-7B-Instruct-v0.3,EBM-NLP,24960665,P3,user,True,raw:raw_output,True
Mistral-7B-Instruct-v0.3,EBM-NLP,1963383,P4,user,True,raw:raw_output,True
Mistral-7B-Instruct-v0.3,EBM-NLP,2803397,P2,user,True,raw:raw_output,True
Mistral-7B-Instruct-v0.3,EBM-NLP,25898782,P3,user,True,raw:raw_output,True
Mistral-7B-Instruct-v0.3,EBM-NLP,6938020,P5,user,True,raw:raw_output,True
Mistral-7B-Instruct-v0.3,EBM-NLP,22865017,P4,user,True,raw:raw_output,True
Mistral-7B-Instruct-v0.3,EBM-NLP,8726604,P4,user,True,raw:raw_output,True
Mistral-7B-Instruct-v0.3,EBM-NLP,2908133,P4,user,True,raw:raw_output,True
Mistral-7B-Instruct-v0.3,EBM-NLP,10764172,P4,user,True,raw:raw_output,True
Mistral-7B-Instruct-v0.3,EBM-NLP,18544974,P4,user,True,raw:raw_output,True
Mistral-7B-Instruct-v0.3,EBM-NLP,24726342,P3,user,True,raw:raw_output,True
Mistral-7B-Instruct-v0.3,EBM-NLP,14739125,P3,user,True,raw:raw_output,True
Mistral-7B-Instruct-v0.3,EBM-NLP,12576806,P3,user,True,raw:raw_output,True
Mistral-7B-Instruct-v0.3,EBM-NLP,15133359,P4,user,True,raw:raw_output,True
Mistral-7B-Instruct-v0.3,EBM-NLP,22341427,P2,user,True,raw:raw_output,True
Mistral-7B-Instruct-v0.3,EBM-NLP,15014018,P2,user,True,raw:raw_output,True
Mistral-7B-Instruct-v0.3,EBM-NLP,24803369,P5,user,True,raw:raw_output,True
Mistral-7B-Instruct-v0.3,EBM-NLP,24080592,P4,user,True,raw:raw_output,True
Mistral-7B-Instruct-v0.3,EBM-NLP,24317958,P4,user,True,raw:raw_output,True
Mistral-7B-Instruct-v0.3,EBM-NLP,18975051,P4,user,True,raw:raw_output,True
Mistral-7B-Instruct-v0.3,EBM-NLP,10934569,P5,user,True,raw:raw_output,True
Mistral-7B-Instruct-v0.3,EBM-NLP,23114870,P2,user,True,raw:raw_output,True
Mistral-7B-Instruct-v0.3,EBM-NLP,21669557,P3,user,True,raw:raw_output,True
Mistral-7B-Instruct-v0.3,EBM-NLP,6951573,P5,user,True,raw:raw_output,True
Mistral-7B-Instruct-v0.3,SciERC,J86-3001,P3,user,True,raw:raw_output,True
Mistral-7B-Instruct-v0.3,EBM-NLP,9573502,P2,user,True,raw:raw_output,True
Mistral-7B-Instruct-v0.3,EBM-NLP,3074300,P4,user,True,raw:raw_output,True
Mistral-7B-Instruct-v0.3,EBM-NLP,22271197,P5,user,True,raw:raw_output,True
Mistral-7B-Instruct-v0.3,EBM-NLP,23356250,P4,user,True,raw:raw_output,True
Mistral-7B-Instruct-v0.3,EBM-NLP,1968178,P5,user,True,raw:raw_output,True
Mistral-7B-Instruct-v0.3,EBM-NLP,18077611,P2,user,True,raw:raw_output,True
Mistral-7B-Instruct-v0.3,EBM-NLP,15858959,P4,user,True,raw:raw_output,True
Mistral-7B-Instruct-v0.3,EBM-NLP,10475150,P2,user,True,raw:raw_output,True
Mistral-7B-Instruct-v0.3,EBM-NLP,8779382,P5,user,True,raw:raw_output,True
Mistral-7B-Instruct-v0.3,EBM-NLP,21491990,P3,user,True,raw:raw_output,True
Mistral-7B-Instruct-v0.3,SciERC,P86-1011,P4,user,True,raw:raw_output,True
Mistral-7B-Instruct-v0.3,EBM-NLP,11401641,P2,user,True,raw:raw_output,True
Mistral-7B-Instruct-v0.3,EBM-NLP,10070173,P4,user,True,raw:raw_output,True
Mistral-7B-Instruct-v0.3,EBM-NLP,8911223,P4,user,True,raw:raw_output,True
Mistral-7B-Instruct-v0.3,EBM-NLP,19802506,P1,user,True,raw:raw_output,True
Mistral-7B-Instruct-v0.3,EBM-NLP,24989854,P3,user,True,raw:raw_output,True
Mistral-7B-Instruct-v0.3,EBM-NLP,10912743,P3,user,True,raw:raw_output,True
Mistral-7B-Instruct-v0.3,EBM-NLP,26278470,P4,user,True,raw:raw_output,True
Mistral-7B-Instruct-v0.3,EBM-NLP,14679127,P2,user,True,raw:raw_output,True
Mistral-7B-Instruct-v0.3,EBM-NLP,25479285,P3,user,True,raw:raw_output,True
Mistral-7B-Instruct-v0.3,EBM-NLP,24660757,P5,user,True,raw:raw_output,True
Mistral-7B-Instruct-v0.3,EBM-NLP,21975269,P1,user,True,raw:raw_output,True
Mistral-7B-Instruct-v0.3,EBM-NLP,1780092,P5,user,True,raw:raw_output,True
Mistral-7B-Instruct-v0.3,EBM-NLP,21982657,P3,user,True,raw:raw_output,True
Mistral-7B-Instruct-v0.3,EBM-NLP,15854186,P5,user,True,raw:raw_output,True
Mistral-7B-Instruct-v0.3,EBM-NLP,11891832,P5,user,True,raw:raw_output,True
Mistral-7B-Instruct-v0.3,EBM-NLP,21718094,P4,user,True,raw:raw_output,True
Mistral-7B-Instruct-v0.3,EBM-NLP,25784723,P4,user,True,raw:raw_output,True
Mistral-7B-Instruct-v0.3,EBM-NLP,12709693,P2,user,True,raw:raw_output,True
Mistral-7B-Instruct-v0.3,SciERC,ECCV_2016_110_abs,P4,user,True,raw:raw_output,True
Mistral-7B-Instruct-v0.3,EBM-NLP,19301724,P3,user,True,raw:raw_output,True
Mistral-7B-Instruct-v0.3,EBM-NLP,8989009,P4,user,True,raw:raw_output,True
Mistral-7B-Instruct-v0.3,EBM-NLP,24350813,P1,user,True,raw:raw_output,True
Mistral-7B-Instruct-v0.3,SciERC,P06-3007,P4,user,True,raw:raw_output,True
Mistral-7B-Instruct-v0.3,EBM-NLP,25931290,P5,user,True,raw:raw_output,True
Mistral-7B-Instruct-v0.3,EBM-NLP,12586799,P3,user,True,raw:raw_output,True
Mistral-7B-Instruct-v0.3,EBM-NLP,21924760,P4,user,True,raw:raw_output,True
Mistral-7B-Instruct-v0.3,EBM-NLP,8911222,P2,user,True,raw:raw_output,True
Mistral-7B-Instruct-v0.3,EBM-NLP,6989377,P2,user,True,raw:raw_output,True
Mistral-7B-Instruct-v0.3,EBM-NLP,9394106,P4,user,True,raw:raw_output,True
Mistral-7B-Instruct-v0.3,SciERC,E95-1033,P4,user,True,raw:raw_output,True
Mistral-7B-Instruct-v0.3,EBM-NLP,12960652,P4,user,True,raw:raw_output,True
Mistral-7B-Instruct-v0.3,EBM-NLP,1131298,P5,user,True,raw:raw_output,True
Mistral-7B-Instruct-v0.3,SciERC,C88-1044,P4,user,True,raw:raw_output,True
Mistral-7B-Instruct-v0.3,EBM-NLP,7808649,P4,user,True,raw:raw_output,True
Mistral-7B-Instruct-v0.3,EBM-NLP,22956006,P3,user,True,raw:raw_output,True
Mistral-7B-Instruct-v0.3,EBM-NLP,7814711,P4,user,True,raw:raw_output,True
Mistral-7B-Instruct-v0.3,EBM-NLP,7707420,P3,user,True,raw:raw_output,True
Mistral-7B-Instruct-v0.3,EBM-NLP,23392542,P3,user,True,raw:raw_output,True
Mistral-7B-Instruct-v0.3,EBM-NLP,20509069,P5,user,True,raw:raw_output,True
Mistral-7B-Instruct-v0.3,EBM-NLP,17897478,P4,user,True,raw:raw_output,True
Mistral-7B-Instruct-v0.3,EBM-NLP,10589810,P4,user,True,raw:raw_output,True
Mistral-7B-Instruct-v0.3,EBM-NLP,7598243,P4,user,True,raw:raw_output,True
Mistral-7B-Instruct-v0.3,EBM-NLP,9229602,P5,user,True,raw:raw_output,True
Mistral-7B-Instruct-v0.3,EBM-NLP,18845996,P3,user,True,raw:raw_output,True
Mistral-7B-Instruct-v0.3,EBM-NLP,26210844,P4,user,True,raw:raw_output,True
Mistral-7B-Instruct-v0.3,EBM-NLP,11737955,P4,user,True,raw:raw_output,True
Mistral-7B-Instruct-v0.3,EBM-NLP,11750293,P5,user,True,raw:raw_output,True
Mistral-7B-Instruct-v0.3,EBM-NLP,18337284,P1,user,True,raw:raw_output,True
Mistral-7B-Instruct-v0.3,EBM-NLP,25950425,P3,user,True,raw:raw_output,True
Mistral-7B-Instruct-v0.3,EBM-NLP,20189026,P1,user,True,raw:raw_output,True
Mistral-7B-Instruct-v0.3,EBM-NLP,20618920,P5,user,True,raw:raw_output,True
Mistral-7B-Instruct-v0.3,EBM-NLP,6920252,P2,user,True,raw:raw_output,True
Mistral-7B-Instruct-v0.3,EBM-NLP,11454878,P3,user,True,raw:raw_output,True
Mistral-7B-Instruct-v0.3,SciERC,E99-1015,P4,user,True,raw:raw_output,True
Mistral-7B-Instruct-v0.3,EBM-NLP,16505427,P3,user,True,raw:raw_output,True
Mistral-7B-Instruct-v0.3,EBM-NLP,23021296,P5,user,True,raw:raw_output,True
Mistral-7B-Instruct-v0.3,EBM-NLP,20226474,P4,user,True,raw:raw_output,True
Mistral-7B-Instruct-v0.3,EBM-NLP,12595499,P3,user,True,raw:raw_output,True
Mistral-7B-Instruct-v0.3,EBM-NLP,23838728,P5,user,True,raw:raw_output,True
Mistral-7B-Instruct-v0.3,SciERC,P06-1018,P4,user,True,raw:raw_output,True
Mistral-7B-Instruct-v0.3,EBM-NLP,8913901,P4,user,True,raw:raw_output,True
Mistral-7B-Instruct-v0.3,EBM-NLP,21896676,P4,user,True,raw:raw_output,True
Mistral-7B-Instruct-v0.3,EBM-NLP,18189160,P3,user,True,raw:raw_output,True
Mistral-7B-Instruct-v0.3,EBM-NLP,22154769,P3,user,True,raw:raw_output,True
Mistral-7B-Instruct-v0.3,EBM-NLP,11229858,P6,user,True,raw:raw_output,True
Mistral-7B-Instruct-v0.3,EBM-NLP,22897461,P3,user,True,raw:raw_output,True
Mistral-7B-Instruct-v0.3,EBM-NLP,24515505,P4,user,True,raw:raw_output,True
Mistral-7B-Instruct-v0.3,EBM-NLP,20943715,P3,user,True,raw:raw_output,True
Mistral-7B-Instruct-v0.3,SciERC,P05-2013,P4,user,True,raw:raw_output,True
Mistral-7B-Instruct-v0.3,SciERC,P06-1053,P4,user,True,raw:raw_output,True
Mistral-7B-Instruct-v0.3,SciERC,P05-1039,P4,user,True,raw:raw_output,True
Mistral-7B-Instruct-v0.3,EBM-NLP,2223363,P5,user,True,raw:raw_output,True
Mistral-7B-Instruct-v0.3,EBM-NLP,18229990,P5,user,True,raw:raw_output,True
Mistral-7B-Instruct-v0.3,EBM-NLP,7017018,P5,user,True,raw:raw_output,True
Mistral-7B-Instruct-v0.3,EBM-NLP,11317090,P4,user,True,raw:raw_output,True
Mistral-7B-Instruct-v0.3,SciERC,I05-5004,P4,user,True,raw:raw_output,True
Mistral-7B-Instruct-v0.3,EBM-NLP,8519720,P3,user,True,raw:raw_output,True
Mistral-7B-Instruct-v0.3,SciERC,C86-1081,P4,user,True,raw:raw_output,True
Mistral-7B-Instruct-v0.3,EBM-NLP,2803397,P3,user,True,raw:raw_output,True
Mistral-7B-Instruct-v0.3,SciERC,P06-4007,P4,user,True,raw:raw_output,True
Mistral-7B-Instruct-v0.3,EBM-NLP,8771302,P4,user,True,raw:raw_output,True
Mistral-7B-Instruct-v0.3,EBM-NLP,23103798,P4,user,True,raw:raw_output,True
Mistral-7B-Instruct-v0.3,EBM-NLP,3534803,P4,user,True,raw:raw_output,True
Mistral-7B-Instruct-v0.3,SciERC,P06-1013,P4,user,True,raw:raw_output,True
Mistral-7B-Instruct-v0.3,EBM-NLP,3081600,P5,user,True,raw:raw_output,True
Mistral-7B-Instruct-v0.3,EBM-NLP,22538329,P1,user,True,raw:raw_output,True
Mistral-7B-Instruct-v0.3,EBM-NLP,14763035,P4,user,True,raw:raw_output,True
Mistral-7B-Instruct-v0.3,EBM-NLP,7827398,P5,user,True,raw:raw_output,True
Mistral-7B-Instruct-v0.3,EBM-NLP,22341427,P3,user,True,raw:raw_output,True
Mistral-7B-Instruct-v0.3,EBM-NLP,24960665,P4,user,True,raw:raw_output,True
Mistral-7B-Instruct-v0.3,SciERC,P06-2012,P4,user,True,raw:raw_output,True
Mistral-7B-Instruct-v0.3,EBM-NLP,15014018,P3,user,True,raw:raw_output,True
Mistral-7B-Instruct-v0.3,EBM-NLP,25898782,P4,user,True,raw:raw_output,True
Mistral-7B-Instruct-v0.3,EBM-NLP,1459268,P5,user,True,raw:raw_output,True
Mistral-7B-Instruct-v0.3,EBM-NLP,23114870,P3,user,True,raw:raw_output,True
Mistral-7B-Instruct-v0.3,EBM-NLP,9573502,P3,user,True,raw:raw_output,True
Mistral-7B-Instruct-v0.3,EBM-NLP,19802506,P2,user,True,raw:raw_output,True
Mistral-7B-Instruct-v0.3,SciERC,CVPR_2003_30_abs,P4,user,True,raw:raw_output,True
Mistral-7B-Instruct-v0.3,SciERC,E06-1022,P4,user,True,raw:raw_output,True
Mistral-7B-Instruct-v0.3,EBM-NLP,24726342,P4,user,True,raw:raw_output,True
Mistral-7B-Instruct-v0.3,SciERC,P83-1004,P4,user,True,raw:raw_output,True
Mistral-7B-Instruct-v0.3,EBM-NLP,12576806,P4,user,True,raw:raw_output,True
Mistral-7B-Instruct-v0.3,EBM-NLP,14739125,P4,user,True,raw:raw_output,True
Mistral-7B-Instruct-v0.3,SciERC,CVPR_2004_18_abs,P4,user,True,raw:raw_output,True
Mistral-7B-Instruct-v0.3,EBM-NLP,21975269,P2,user,True,raw:raw_output,True
Mistral-7B-Instruct-v0.3,SciERC,C04-1011,P4,user,True,raw:raw_output,True
Mistral-7B-Instruct-v0.3,EBM-NLP,18077611,P3,user,True,raw:raw_output,True
Mistral-7B-Instruct-v0.3,EBM-NLP,18773733,P5,user,True,raw:raw_output,True
Mistral-7B-Instruct-v0.3,SciERC,H05-1095,P4,user,True,raw:raw_output,True
Mistral-7B-Instruct-v0.3,EBM-NLP,10475150,P3,user,True,raw:raw_output,True
Mistral-7B-Instruct-v0.3,EBM-NLP,16427787,P5,user,True,raw:raw_output,True
Mistral-7B-Instruct-v0.3,EBM-NLP,21669557,P4,user,True,raw:raw_output,True
Mistral-7B-Instruct-v0.3,EBM-NLP,11401641,P3,user,True,raw:raw_output,True
Mistral-7B-Instruct-v0.3,SciERC,C08-2010,P4,user,True,raw:raw_output,True
Mistral-7B-Instruct-v0.3,EBM-NLP,15193668,P5,user,True,raw:raw_output,True
Mistral-7B-Instruct-v0.3,EBM-NLP,22744141,P5,user,True,raw:raw_output,True
Mistral-7B-Instruct-v0.3,EBM-NLP,2224060,P5,user,True,raw:raw_output,True
Mistral-7B-Instruct-v0.3,EBM-NLP,14679127,P3,user,True,raw:raw_output,True
Mistral-7B-Instruct-v0.3,EBM-NLP,24350813,P2,user,True,raw:raw_output,True
Mistral-7B-Instruct-v0.3,SciERC,C04-1128,P4,user,True,raw:raw_output,True
Mistral-7B-Instruct-v0.3,SciERC,P03-1070,P4,user,True,raw:raw_output,True
Mistral-7B-Instruct-v0.3,EBM-NLP,12477021,P5,user,True,raw:raw_output,True
Mistral-7B-Instruct-v0.3,EBM-NLP,21491990,P4,user,True,raw:raw_output,True
Mistral-7B-Instruct-v0.3,EBM-NLP,10752495,P5,user,True,raw:raw_output,True
Mistral-7B-Instruct-v0.3,EBM-NLP,23549581,P1,user,True,raw:raw_output,True
Mistral-7B-Instruct-v0.3,EBM-NLP,24989854,P4,user,True,raw:raw_output,True
Mistral-7B-Instruct-v0.3,SciERC,CVPR_2011_10_abs,P4,user,True,raw:raw_output,True
Mistral-7B-Instruct-v0.3,EBM-NLP,12709693,P3,user,True,raw:raw_output,True
Mistral-7B-Instruct-v0.3,EBM-NLP,10912743,P4,user,True,raw:raw_output,True
Mistral-7B-Instruct-v0.3,EBM-NLP,19159999,P5,user,True,raw:raw_output,True
Mistral-7B-Instruct-v0.3,SciERC,NIPS_2016_80_abs,P4,user,True,raw:raw_output,True
Mistral-7B-Instruct-v0.3,EBM-NLP,25479285,P4,user,True,raw:raw_output,True
Mistral-7B-Instruct-v0.3,SciERC,J82-3002,P4,user,True,raw:raw_output,True
Mistral-7B-Instruct-v0.3,SciERC,N04-1022,P4,user,True,raw:raw_output,True
Mistral-7B-Instruct-v0.3,SciERC,C04-1036,P4,user,True,raw:raw_output,True
Mistral-7B-Instruct-v0.3,SciERC,N06-1037,P4,user,True,raw:raw_output,True
Mistral-7B-Instruct-v0.3,EBM-NLP,17293018,P5,user,True,raw:raw_output,True
Mistral-7B-Instruct-v0.3,EBM-NLP,16055807,P5,user,True,raw:raw_output,True
Mistral-7B-Instruct-v0.3,EBM-NLP,21982657,P4,user,True,raw:raw_output,True
Mistral-7B-Instruct-v0.3,SciERC,CVPR_1999_15_abs,P4,user,True,raw:raw_output,True
Mistral-7B-Instruct-v0.3,SciERC,C96-1062,P4,user,True,raw:raw_output,True
Mistral-7B-Instruct-v0.3,EBM-NLP,9481998,P5,user,True,raw:raw_output,True
Mistral-7B-Instruct-v0.3,SciERC,INTERSPEECH_2007_40_abs,P4,user,True,raw:raw_output,True
Mistral-7B-Instruct-v0.3,EBM-NLP,18337284,P2,user,True,raw:raw_output,True
Mistral-7B-Instruct-v0.3,EBM-NLP,6421395,P5,user,True,raw:raw_output,True
Mistral-7B-Instruct-v0.3,SciERC,ICCV_2013_25_abs,P4,user,True,raw:raw_output,True
Mistral-7B-Instruct-v0.3,EBM-NLP,8911222,P3,user,True,raw:raw_output,True
Mistral-7B-Instruct-v0.3,EBM-NLP,20189026,P2,user,True,raw:raw_output,True
Mistral-7B-Instruct-v0.3,EBM-NLP,6989377,P3,user,True,raw:raw_output,True
Mistral-7B-Instruct-v0.3,SciERC,C00-2123,P4,user,True,raw:raw_output,True
Mistral-7B-Instruct-v0.3,SciERC,CVPR_2004_30_abs,P4,user,True,raw:raw_output,True
Mistral-7B-Instruct-v0.3,EBM-NLP,19301724,P4,user,True,raw:raw_output,True
Mistral-7B-Instruct-v0.3,SciERC,C90-3063,P4,user,True,raw:raw_output,True
Mistral-7B-Instruct-v0.3,SciERC,I05-4010,P4,user,True,raw:raw_output,True
Mistral-7B-Instruct-v0.3,EBM-NLP,12586799,P4,user,True,raw:raw_output,True
Mistral-7B-Instruct-v0.3,SciERC,P08-1105,P4,user,True,raw:raw_output,True
Mistral-7B-Instruct-v0.3,SciERC,P01-1056,P4,user,True,raw:raw_output,True
Mistral-7B-Instruct-v0.3,EBM-NLP,2188766,P5,user,True,raw:raw_output,True
Mistral-7B-Instruct-v0.3,SciERC,NIPS_2002_18_abs,P4,user,True,raw:raw_output,True
Mistral-7B-Instruct-v0.3,SciERC,ICML_1995_38_abs,P4,user,True,raw:raw_output,True
Mistral-7B-Instruct-v0.3,EBM-NLP,22956006,P4,user,True,raw:raw_output,True
Mistral-7B-Instruct-v0.3,EBM-NLP,6920252,P3,user,True,raw:raw_output,True
Mistral-7B-Instruct-v0.3,EBM-NLP,23357440,P5,user,True,raw:raw_output,True
Mistral-7B-Instruct-v0.3,EBM-NLP,23392542,P4,user,True,raw:raw_output,True
Mistral-7B-Instruct-v0.3,SciERC,INTERSPEECH_2013_21_abs,P4,user,True,raw:raw_output,True
Mistral-7B-Instruct-v0.3,EBM-NLP,3919804,P5,user,True,raw:raw_output,True
Mistral-7B-Instruct-v0.3,EBM-NLP,7707420,P4,user,True,raw:raw_output,True
Mistral-7B-Instruct-v0.3,EBM-NLP,23417625,P5,user,True,raw:raw_output,True
Mistral-7B-Instruct-v0.3,EBM-NLP,2066441,P5,user,True,raw:raw_output,True
Mistral-7B-Instruct-v0.3,SciERC,CVPR_2009_18_abs,P4,user,True,raw:raw_output,True
Mistral-7B-Instruct-v0.3,EBM-NLP,18845996,P4,user,True,raw:raw_output,True
Mistral-7B-Instruct-v0.3,SciERC,NIPS_2001_11_abs,P4,user,True,raw:raw_output,True
Mistral-7B-Instruct-v0.3,SciERC,A97-1020,P4,user,True,raw:raw_output,True
Mistral-7B-Instruct-v0.3,EBM-NLP,18503531,P5,user,True,raw:raw_output,True
Mistral-7B-Instruct-v0.3,EBM-NLP,11642083,P5,user,True,raw:raw_output,True
Mistral-7B-Instruct-v0.3,EBM-NLP,25950425,P4,user,True,raw:raw_output,True
Mistral-7B-Instruct-v0.3,EBM-NLP,2678230,P6,user,True,raw:raw_output,True
Mistral-7B-Instruct-v0.3,EBM-NLP,9816035,P1,user,True,raw:raw_output,True
Mistral-7B-Instruct-v0.3,EBM-NLP,25068497,P5,user,True,raw:raw_output,True
Mistral-7B-Instruct-v0.3,EBM-NLP,11454878,P4,user,True,raw:raw_output,True
Mistral-7B-Instruct-v0.3,EBM-NLP,22538329,P2,user,True,raw:raw_output,True
Mistral-7B-Instruct-v0.3,SciERC,ECCV_2012_30_abs,P4,user,True,raw:raw_output,True
Mistral-7B-Instruct-v0.3,EBM-NLP,361799,P5,user,True,raw:raw_output,True
Mistral-7B-Instruct-v0.3,SciERC,H01-1049,P4,user,True,raw:raw_output,True
Mistral-7B-Instruct-v0.3,EBM-NLP,12595499,P4,user,True,raw:raw_output,True
Mistral-7B-Instruct-v0.3,EBM-NLP,16505427,P4,user,True,raw:raw_output,True
Mistral-7B-Instruct-v0.3,SciERC,C04-1106,P4,user,True,raw:raw_output,True
Mistral-7B-Instruct-v0.3,SciERC,ICCV_2003_161_abs,P4,user,True,raw:raw_output,True
Mistral-7B-Instruct-v0.3,EBM-NLP,8916620,P6,user,True,raw:raw_output,True
Mistral-7B-Instruct-v0.3,SciERC,N03-1033,P4,user,True,raw:raw_output,True
Mistral-7B-Instruct-v0.3,SciERC,I05-5003,P4,user,True,raw:raw_output,True
Mistral-7B-Instruct-v0.3,SciERC,C04-1035,P4,user,True,raw:raw_output,True
Mistral-7B-Instruct-v0.3,EBM-NLP,22154769,P4,user,True,raw:raw_output,True
Mistral-7B-Instruct-v0.3,EBM-NLP,18189160,P4,user,True,raw:raw_output,True
Mistral-7B-Instruct-v0.3,SciERC,P85-1019,P4,user,True,raw:raw_output,True
Mistral-7B-Instruct-v0.3,SciERC,NIPS_2002_11_abs,P4,user,True,raw:raw_output,True
Mistral-7B-Instruct-v0.3,EBM-NLP,22897461,P4,user,True,raw:raw_output,True
Mistral-7B-Instruct-v0.3,EBM-NLP,25885649,P1,user,True,raw:raw_output,True
Mistral-7B-Instruct-v0.3,EBM-NLP,20943715,P4,user,True,raw:raw_output,True
Mistral-7B-Instruct-v0.3,SciERC,E89-1016,P4,user,True,raw:raw_output,True
Mistral-7B-Instruct-v0.3,SciERC,C90-3045,P4,user,True,raw:raw_output,True
Mistral-7B-Instruct-v0.3,SciERC,ICCV_2001_47_abs,P4,user,True,raw:raw_output,True
Mistral-7B-Instruct-v0.3,SciERC,P04-2005,P4,user,True,raw:raw_output,True
Mistral-7B-Instruct-v0.3,EBM-NLP,2088233,P5,user,True,raw:raw_output,True
Mistral-7B-Instruct-v0.3,SciERC,INTERSPEECH_2014_40_abs,P4,user,True,raw:raw_output,True
Mistral-7B-Instruct-v0.3,SciERC,C04-1103,P4,user,True,raw:raw_output,True
Mistral-7B-Instruct-v0.3,EBM-NLP,8519720,P4,user,True,raw:raw_output,True
Mistral-7B-Instruct-v0.3,EBM-NLP,2803397,P4,user,True,raw:raw_output,True
Mistral-7B-Instruct-v0.3,EBM-NLP,20804366,P5,user,True,raw:raw_output,True
Mistral-7B-Instruct-v0.3,SciERC,ICASSP_2016_11_abs,P4,user,True,raw:raw_output,True
Mistral-7B-Instruct-v0.3,EBM-NLP,19802506,P3,user,True,raw:raw_output,True
Mistral-7B-Instruct-v0.3,SciERC,J05-4003,P4,user,True,raw:raw_output,True
Mistral-7B-Instruct-v0.3,SciERC,N03-1026,P4,user,True,raw:raw_output,True
Mistral-7B-Instruct-v0.3,EBM-NLP,25369243,P5,user,True,raw:raw_output,True
Mistral-7B-Instruct-v0.3,SciERC,ICML_2016_10_abs,P4,user,True,raw:raw_output,True
Mistral-7B-Instruct-v0.3,EBM-NLP,18958161,P5,user,True,raw:raw_output,True
Mistral-7B-Instruct-v0.3,EBM-NLP,15014018,P4,user,True,raw:raw_output,True
Mistral-7B-Instruct-v0.3,EBM-NLP,21975269,P3,user,True,raw:raw_output,True
Mistral-7B-Instruct-v0.3,EBM-NLP,22341427,P4,user,True,raw:raw_output,True
Mistral-7B-Instruct-v0.3,EBM-NLP,7853069,P5,user,True,raw:raw_output,True
Mistral-7B-Instruct-v0.3,EBM-NLP,4919024,P6,user,True,raw:raw_output,True
Mistral-7B-Instruct-v0.3,SciERC,P05-1076,P4,user,True,raw:raw_output,True
Mistral-7B-Instruct-v0.3,EBM-NLP,23114870,P4,user,True,raw:raw_output,True
Mistral-7B-Instruct-v0.3,EBM-NLP,25886492,P1,user,True,raw:raw_output,True
Mistral-7B-Instruct-v0.3,SciERC,CVPR_2008_258_abs,P4,user,True,raw:raw_output,True
Mistral-7B-Instruct-v0.3,EBM-NLP,23549581,P2,user,True,raw:raw_output,True
Mistral-7B-Instruct-v0.3,EBM-NLP,7831628,P5,user,True,raw:raw_output,True
Mistral-7B-Instruct-v0.3,EBM-NLP,24075141,P5,user,True,raw:raw_output,True
Mistral-7B-Instruct-v0.3,EBM-NLP,9573502,P4,user,True,raw:raw_output,True
Mistral-7B-Instruct-v0.3,SciERC,INTERSPEECH_2006_21_abs,P4,user,True,raw:raw_output,True
Mistral-7B-Instruct-v0.3,EBM-NLP,3067745,P6,user,True,raw:raw_output,True
Mistral-7B-Instruct-v0.3,EBM-NLP,21914768,P6,user,True,raw:raw_output,True
Mistral-7B-Instruct-v0.3,SciERC,CVPR_2006_10_abs,P4,user,True,raw:raw_output,True
Mistral-7B-Instruct-v0.3,EBM-NLP,17616069,P5,user,True,raw:raw_output,True
Mistral-7B-Instruct-v0.3,EBM-NLP,10390665,P5,user,True,raw:raw_output,True
Mistral-7B-Instruct-v0.3,EBM-NLP,11381289,P6,user,True,raw:raw_output,True
Mistral-7B-Instruct-v0.3,EBM-NLP,24350813,P3,user,True,raw:raw_output,True
Mistral-7B-Instruct-v0.3,EBM-NLP,18077611,P4,user,True,raw:raw_output,True
Mistral-7B-Instruct-v0.3,EBM-NLP,11829043,P5,user,True,raw:raw_output,True
Mistral-7B-Instruct-v0.3,EBM-NLP,10475150,P4,user,True,raw:raw_output,True
Mistral-7B-Instruct-v0.3,SciERC,P05-1046,P4,user,True,raw:raw_output,True
Mistral-7B-Instruct-v0.3,SciERC,CVPR_2016_413_abs,P4,user,True,raw:raw_output,True
Mistral-7B-Instruct-v0.3,EBM-NLP,7844976,P6,user,True,raw:raw_output,True
Mistral-7B-Instruct-v0.3,EBM-NLP,21170734,P5,user,True,raw:raw_output,True
Mistral-7B-Instruct-v0.3,EBM-NLP,11401641,P4,user,True,raw:raw_output,True
Mistral-7B-Instruct-v0.3,SciERC,CVPR_1993_10_abs,P4,user,True,raw:raw_output,True
Mistral-7B-Instruct-v0.3,EBM-NLP,11495215,P5,user,True,raw:raw_output,True
Mistral-7B-Instruct-v0.3,EBM-NLP,22646975,P5,user,True,raw:raw_output,True
Mistral-7B-Instruct-v0.3,EBM-NLP,6418441,P5,user,True,raw:raw_output,True
Mistral-7B-Instruct-v0.3,EBM-NLP,14679127,P4,user,True,raw:raw_output,True
Mistral-7B-Instruct-v0.3,EBM-NLP,23849147,P6,user,True,raw:raw_output,True
Mistral-7B-Instruct-v0.3,EBM-NLP,15358868,P6,user,True,raw:raw_output,True
Mistral-7B-Instruct-v0.3,SciERC,NIPS_2016_560_abs,P4,user,True,raw:raw_output,True
Mistral-7B-Instruct-v0.3,SciERC,INTERSPEECH_2008_20_abs,P4,user,True,raw:raw_output,True
Mistral-7B-Instruct-v0.3,EBM-NLP,16295154,P5,user,True,raw:raw_output,True
Mistral-7B-Instruct-v0.3,EBM-NLP,12139812,P5,user,True,raw:raw_output,True
Mistral-7B-Instruct-v0.3,EBM-NLP,18337284,P3,user,True,raw:raw_output,True
Mistral-7B-Instruct-v0.3,EBM-NLP,384815,P6,user,True,raw:raw_output,True
Mistral-7B-Instruct-v0.3,EBM-NLP,20189026,P3,user,True,raw:raw_output,True
Mistral-7B-Instruct-v0.3,EBM-NLP,12709693,P4,user,True,raw:raw_output,True
Mistral-7B-Instruct-v0.3,EBM-NLP,19708562,P6,user,True,raw:raw_output,True
Mistral-7B-Instruct-v0.3,SciERC,ICML_2006_119_abs,P4,user,True,raw:raw_output,True
Mistral-7B-Instruct-v0.3,EBM-NLP,22416755,P6,user,True,raw:raw_output,True
Mistral-7B-Instruct-v0.3,EBM-NLP,19096921,P6,user,True,raw:raw_output,True
Mistral-7B-Instruct-v0.3,EBM-NLP,22435114,P5,user,True,raw:raw_output,True
Mistral-7B-Instruct-v0.3,EBM-NLP,22420121,P5,user,True,raw:raw_output,True
Mistral-7B-Instruct-v0.3,EBM-NLP,6938020,P6,user,True,raw:raw_output,True
Mistral-7B-Instruct-v0.3,SciERC,NIPS_2015_18_abs,P4,user,True,raw:raw_output,True
Mistral-7B-Instruct-v0.3,EBM-NLP,8911222,P4,user,True,raw:raw_output,True
Mistral-7B-Instruct-v0.3,EBM-NLP,6989377,P4,user,True,raw:raw_output,True
Mistral-7B-Instruct-v0.3,EBM-NLP,9816035,P2,user,True,raw:raw_output,True
Mistral-7B-Instruct-v0.3,SciERC,CVPR_2010_30_abs,P4,user,True,raw:raw_output,True
Mistral-7B-Instruct-v0.3,EBM-NLP,11099086,P1,user,True,raw:raw_output,True
Mistral-7B-Instruct-v0.3,EBM-NLP,23985254,P1,user,True,raw:raw_output,True
Mistral-7B-Instruct-v0.3,SciERC,CVPR_2011_11_abs,P4,user,True,raw:raw_output,True
Mistral-7B-Instruct-v0.3,SciERC,E91-1012,P4,user,True,raw:raw_output,True
Mistral-7B-Instruct-v0.3,EBM-NLP,9695300,P5,user,True,raw:raw_output,True
Mistral-7B-Instruct-v0.3,EBM-NLP,24803369,P6,user,True,raw:raw_output,True
Mistral-7B-Instruct-v0.3,SciERC,J86-4002,P4,user,True,raw:raw_output,True
Mistral-7B-Instruct-v0.3,EBM-NLP,10934569,P6,user,True,raw:raw_output,True
Mistral-7B-Instruct-v0.3,EBM-NLP,25885649,P2,user,True,raw:raw_output,True
Mistral-7B-Instruct-v0.3,EBM-NLP,16167234,P5,user,True,raw:raw_output,True
Mistral-7B-Instruct-v0.3,EBM-NLP,1286547,P5,user,True,raw:raw_output,True
Mistral-7B-Instruct-v0.3,SciERC,ICML_2016_18_abs,P4,user,True,raw:raw_output,True
Mistral-7B-Instruct-v0.3,EBM-NLP,21393467,P5,user,True,raw:raw_output,True
Mistral-7B-Instruct-v0.3,EBM-NLP,6951573,P6,user,True,raw:raw_output,True
Mistral-7B-Instruct-v0.3,EBM-NLP,6920252,P4,user,True,raw:raw_output,True
Mistral-7B-Instruct-v0.3,EBM-NLP,22538329,P3,user,True,raw:raw_output,True
Mistral-7B-Instruct-v0.3,SciERC,P05-1056,P4,user,True,raw:raw_output,True
Mistral-7B-Instruct-v0.3,EBM-NLP,22271197,P6,user,True,raw:raw_output,True
Mistral-7B-Instruct-v0.3,EBM-NLP,1968178,P6,user,True,raw:raw_output,True
Mistral-7B-Instruct-v0.3,EBM-NLP,8779382,P6,user,True,raw:raw_output,True
Mistral-7B-Instruct-v0.3,EBM-NLP,10578479,P5,user,True,raw:raw_output,True
Mistral-7B-Instruct-v0.3,EBM-NLP,19727232,P5,user,True,raw:raw_output,True
Mistral-7B-Instruct-v0.3,EBM-NLP,24451919,P5,user,True,raw:raw_output,True
Mistral-7B-Instruct-v0.3,SciERC,C94-1091,P4,user,True,raw:raw_output,True
Mistral-7B-Instruct-v0.3,SciERC,E93-1066,P4,user,True,raw:raw_output,True
Mistral-7B-Instruct-v0.3,EBM-NLP,15848261,P5,user,True,raw:raw_output,True
Mistral-7B-Instruct-v0.3,SciERC,ICASSP_1997_706_abs,P4,user,True,raw:raw_output,True
Mistral-7B-Instruct-v0.3,EBM-NLP,24660757,P6,user,True,raw:raw_output,True
Mistral-7B-Instruct-v0.3,EBM-NLP,19108790,P1,user,True,raw:raw_output,True
Mistral-7B-Instruct-v0.3,EBM-NLP,17321989,P5,user,True,raw:raw_output,True
Mistral-7B-Instruct-v0.3,EBM-NLP,25886492,P2,user,True,raw:raw_output,True
Mistral-7B-Instruct-v0.3,EBM-NLP,1669598,P5,user,True,raw:raw_output,True
Mistral-7B-Instruct-v0.3,EBM-NLP,1780092,P6,user,True,raw:raw_output,True
Mistral-7B-Instruct-v0.3,EBM-NLP,10763172,P5,user,True,raw:raw_output,True
Mistral-7B-Instruct-v0.3,EBM-NLP,20560622,P5,user,True,raw:raw_output,True
Mistral-7B-Instruct-v0.3,EBM-NLP,15854186,P6,user,True,raw:raw_output,True
Mistral-7B-Instruct-v0.3,EBM-NLP,11891832,P6,user,True,raw:raw_output,True
Mistral-7B-Instruct-v0.3,SciERC,CVPR_2009_10_abs,P4,user,True,raw:raw_output,True
Mistral-7B-Instruct-v0.3,EBM-NLP,20147856,P5,user,True,raw:raw_output,True
Mistral-7B-Instruct-v0.3,EBM-NLP,25931290,P6,user,True,raw:raw_output,True
Mistral-7B-Instruct-v0.3,EBM-NLP,18783504,P5,user,True,raw:raw_output,True
Mistral-7B-Instruct-v0.3,EBM-NLP,23549581,P3,user,True,raw:raw_output,True
Mistral-7B-Instruct-v0.3,EBM-NLP,19802506,P4,user,True,raw:raw_output,True
Mistral-7B-Instruct-v0.3,EBM-NLP,9730996,P5,user,True,raw:raw_output,True
Mistral-7B-Instruct-v0.3,EBM-NLP,1131298,P6,user,True,raw:raw_output,True
Mistral-7B-Instruct-v0.3,EBM-NLP,21106663,P5,user,True,raw:raw_output,True
Mistral-7B-Instruct-v0.3,EBM-NLP,10940525,P1,user,True,raw:raw_output,True
Mistral-7B-Instruct-v0.3,SciERC,ICML_2016_11_abs,P4,user,True,raw:raw_output,True
Mistral-7B-Instruct-v0.3,EBM-NLP,21975269,P4,user,True,raw:raw_output,True
Mistral-7B-Instruct-v0.3,SciERC,CVPR_1994_10_abs,P4,user,True,raw:raw_output,True
Mistral-7B-Instruct-v0.3,EBM-NLP,22881991,P5,user,True,raw:raw_output,True
Mistral-7B-Instruct-v0.3,EBM-NLP,20509069,P6,user,True,raw:raw_output,True
Mistral-7B-Instruct-v0.3,EBM-NLP,1963383,P5,user,True,raw:raw_output,True
Mistral-7B-Instruct-v0.3,EBM-NLP,19376304,P5,user,True,raw:raw_output,True
Mistral-7B-Instruct-v0.3,EBM-NLP,9229602,P6,user,True,raw:raw_output,True
Mistral-7B-Instruct-v0.3,EBM-NLP,21211686,P1,user,True,raw:raw_output,True
Mistral-7B-Instruct-v0.3,EBM-NLP,22865017,P5,user,True,raw:raw_output,True
Mistral-7B-Instruct-v0.3,EBM-NLP,8726604,P5,user,True,raw:raw_output,True
Mistral-7B-Instruct-v0.3,EBM-NLP,11750293,P6,user,True,raw:raw_output,True
Mistral-7B-Instruct-v0.3,EBM-NLP,20618920,P6,user,True,raw:raw_output,True
Mistral-7B-Instruct-v0.3,EBM-NLP,18544974,P5,user,True,raw:raw_output,True
Mistral-7B-Instruct-v0.3,EBM-NLP,10764172,P5,user,True,raw:raw_output,True
Mistral-7B-Instruct-v0.3,EBM-NLP,2908133,P5,user,True,raw:raw_output,True
Mistral-7B-Instruct-v0.3,EBM-NLP,15133359,P5,user,True,raw:raw_output,True
Mistral-7B-Instruct-v0.3,EBM-NLP,24350813,P4,user,True,raw:raw_output,True
Mistral-7B-Instruct-v0.3,EBM-NLP,23838728,P6,user,True,raw:raw_output,True
Mistral-7B-Instruct-v0.3,EBM-NLP,23021296,P6,user,True,raw:raw_output,True
Mistral-7B-Instruct-v0.3,EBM-NLP,21866656,P1,user,True,raw:raw_output,True
Mistral-7B-Instruct-v0.3,EBM-NLP,24080592,P5,user,True,raw:raw_output,True
Mistral-7B-Instruct-v0.3,EBM-NLP,18975051,P5,user,True,raw:raw_output,True
Mistral-7B-Instruct-v0.3,EBM-NLP,24317958,P5,user,True,raw:raw_output,True
Mistral-7B-Instruct-v0.3,SciERC,ECCV_2016_204_abs,P4,user,True,raw:raw_output,True
Mistral-7B-Instruct-v0.3,EBM-NLP,23985254,P2,user,True,raw:raw_output,True
Mistral-7B-Instruct-v0.3,EBM-NLP,3074300,P5,user,True,raw:raw_output,True
Mistral-7B-Instruct-v0.3,EBM-NLP,11099086,P2,user,True,raw:raw_output,True
Mistral-7B-Instruct-v0.3,SciERC,H01-1042,P4,user,True,raw:raw_output,True
Mistral-7B-Instruct-v0.3,EBM-NLP,2223363,P6,user,True,raw:raw_output,True
Mistral-7B-Instruct-v0.3,EBM-NLP,23356250,P5,user,True,raw:raw_output,True
Mistral-7B-Instruct-v0.3,EBM-NLP,7017018,P6,user,True,raw:raw_output,True
Mistral-7B-Instruct-v0.3,EBM-NLP,18229990,P6,user,True,raw:raw_output,True
Mistral-7B-Instruct-v0.3,SciERC,ECCV_2016_99_abs,P4,user,True,raw:raw_output,True
Mistral-7B-Instruct-v0.3,EBM-NLP,15858959,P5,user,True,raw:raw_output,True
Mistral-7B-Instruct-v0.3,SciERC,CVPR_2008_256_abs,P4,user,True,raw:raw_output,True
Mistral-7B-Instruct-v0.3,EBM-NLP,18337284,P4,user,True,raw:raw_output,True
Mistral-7B-Instruct-v0.3,EBM-NLP,10070173,P5,user,True,raw:raw_output,True
Mistral-7B-Instruct-v0.3,EBM-NLP,20189026,P4,user,True,raw:raw_output,True
Mistral-7B-Instruct-v0.3,EBM-NLP,8911223,P5,user,True,raw:raw_output,True
Mistral-7B-Instruct-v0.3,SciERC,ICCV_2013_47_abs,P4,user,True,raw:raw_output,True
Mistral-7B-Instruct-v0.3,EBM-NLP,9816035,P3,user,True,raw:raw_output,True
Mistral-7B-Instruct-v0.3,SciERC,ICCV_2003_151_abs,P4,user,True,raw:raw_output,True
Mistral-7B-Instruct-v0.3,EBM-NLP,3081600,P6,user,True,raw:raw_output,True
Mistral-7B-Instruct-v0.3,EBM-NLP,26278470,P5,user,True,raw:raw_output,True
Mistral-7B-Instruct-v0.3,EBM-NLP,7827398,P6,user,True,raw:raw_output,True
Mistral-7B-Instruct-v0.3,EBM-NLP,1459268,P6,user,True,raw:raw_output,True
Mistral-7B-Instruct-v0.3,SciERC,X96-1059,P4,user,True,raw:raw_output,True
Mistral-7B-Instruct-v0.3,EBM-NLP,25885649,P3,user,True,raw:raw_output,True
Mistral-7B-Instruct-v0.3,EBM-NLP,21718094,P5,user,True,raw:raw_output,True
Mistral-7B-Instruct-v0.3,EBM-NLP,25784723,P5,user,True,raw:raw_output,True
Mistral-7B-Instruct-v0.3,EBM-NLP,8989009,P5,user,True,raw:raw_output,True
Mistral-7B-Instruct-v0.3,EBM-NLP,19108790,P2,user,True,raw:raw_output,True
Mistral-7B-Instruct-v0.3,EBM-NLP,18773733,P6,user,True,raw:raw_output,True
Mistral-7B-Instruct-v0.3,EBM-NLP,16427787,P6,user,True,raw:raw_output,True
Mistral-7B-Instruct-v0.3,EBM-NLP,21924760,P5,user,True,raw:raw_output,True
Mistral-7B-Instruct-v0.3,EBM-NLP,12960652,P5,user,True,raw:raw_output,True
Mistral-7B-Instruct-v0.3,EBM-NLP,9394106,P5,user,True,raw:raw_output,True
Mistral-7B-Instruct-v0.3,EBM-NLP,15193668,P6,user,True,raw:raw_output,True
Mistral-7B-Instruct-v0.3,EBM-NLP,7808649,P5,user,True,raw:raw_output,True
Mistral-7B-Instruct-v0.3,EBM-NLP,22538329,P4,user,True,raw:raw_output,True
Mistral-7B-Instruct-v0.3,SciERC,INTERSPEECH_2008_28_abs,P4,user,True,raw:raw_output,True
Mistral-7B-Instruct-v0.3,EBM-NLP,2224060,P6,user,True,raw:raw_output,True
Mistral-7B-Instruct-v0.3,EBM-NLP,22744141,P6,user,True,raw:raw_output,True
Mistral-7B-Instruct-v0.3,EBM-NLP,7814711,P5,user,True,raw:raw_output,True
Mistral-7B-Instruct-v0.3,EBM-NLP,17897478,P5,user,True,raw:raw_output,True
Mistral-7B-Instruct-v0.3,EBM-NLP,10589810,P5,user,True,raw:raw_output,True
Mistral-7B-Instruct-v0.3,EBM-NLP,25886492,P3,user,True,raw:raw_output,True
Mistral-7B-Instruct-v0.3,EBM-NLP,26210844,P5,user,True,raw:raw_output,True
Mistral-7B-Instruct-v0.3,EBM-NLP,7598243,P5,user,True,raw:raw_output,True
Mistral-7B-Instruct-v0.3,EBM-NLP,12477021,P6,user,True,raw:raw_output,True
Mistral-7B-Instruct-v0.3,EBM-NLP,11737955,P5,user,True,raw:raw_output,True
Mistral-7B-Instruct-v0.3,EBM-NLP,10752495,P6,user,True,raw:raw_output,True
Mistral-7B-Instruct-v0.3,EBM-NLP,10940525,P2,user,True,raw:raw_output,True
Mistral-7B-Instruct-v0.3,EBM-NLP,19159999,P6,user,True,raw:raw_output,True
Mistral-7B-Instruct-v0.3,EBM-NLP,20226474,P5,user,True,raw:raw_output,True
Mistral-7B-Instruct-v0.3,EBM-NLP,17293018,P6,user,True,raw:raw_output,True
Mistral-7B-Instruct-v0.3,EBM-NLP,8913901,P5,user,True,raw:raw_output,True
Mistral-7B-Instruct-v0.3,EBM-NLP,21211686,P2,user,True,raw:raw_output,True
Mistral-7B-Instruct-v0.3,EBM-NLP,21896676,P5,user,True,raw:raw_output,True
Mistral-7B-Instruct-v0.3,EBM-NLP,16055807,P6,user,True,raw:raw_output,True
Mistral-7B-Instruct-v0.3,EBM-NLP,9481998,P6,user,True,raw:raw_output,True
Mistral-7B-Instruct-v0.3,EBM-NLP,24515505,P5,user,True,raw:raw_output,True
Mistral-7B-Instruct-v0.3,EBM-NLP,6421395,P6,user,True,raw:raw_output,True
Mistral-7B-Instruct-v0.3,SciERC,ECCV_2006_13_abs,P4,user,True,raw:raw_output,True
Mistral-7B-Instruct-v0.3,EBM-NLP,21866656,P2,user,True,raw:raw_output,True
Mistral-7B-Instruct-v0.3,EBM-NLP,11317090,P5,user,True,raw:raw_output,True
Mistral-7B-Instruct-v0.3,EBM-NLP,8771302,P5,user,True,raw:raw_output,True
Mistral-7B-Instruct-v0.3,EBM-NLP,23549581,P4,user,True,raw:raw_output,True
Mistral-7B-Instruct-v0.3,EBM-NLP,23103798,P5,user,True,raw:raw_output,True
Mistral-7B-Instruct-v0.3,EBM-NLP,3534803,P5,user,True,raw:raw_output,True
Mistral-7B-Instruct-v0.3,EBM-NLP,2188766,P6,user,True,raw:raw_output,True
Mistral-7B-Instruct-v0.3,EBM-NLP,23357440,P6,user,True,raw:raw_output,True
Mistral-7B-Instruct-v0.3,EBM-NLP,14763035,P5,user,True,raw:raw_output,True
Mistral-7B-Instruct-v0.3,EBM-NLP,3919804,P6,user,True,raw:raw_output,True
Mistral-7B-Instruct-v0.3,EBM-NLP,24960665,P5,user,True,raw:raw_output,True
Mistral-7B-Instruct-v0.3,EBM-NLP,2066441,P6,user,True,raw:raw_output,True
Mistral-7B-Instruct-v0.3,EBM-NLP,23417625,P6,user,True,raw:raw_output,True
Mistral-7B-Instruct-v0.3,EBM-NLP,20739054,P1,user,True,raw:raw_output,True
Mistral-7B-Instruct-v0.3,EBM-NLP,25898782,P5,user,True,raw:raw_output,True
Mistral-7B-Instruct-v0.3,EBM-NLP,11642083,P6,user,True,raw:raw_output,True
Mistral-7B-Instruct-v0.3,EBM-NLP,18503531,P6,user,True,raw:raw_output,True
Mistral-7B-Instruct-v0.3,EBM-NLP,24726342,P5,user,True,raw:raw_output,True
Mistral-7B-Instruct-v0.3,EBM-NLP,25068497,P6,user,True,raw:raw_output,True
Mistral-7B-Instruct-v0.3,EBM-NLP,23985254,P3,user,True,raw:raw_output,True
Mistral-7B-Instruct-v0.3,EBM-NLP,11099086,P3,user,True,raw:raw_output,True
Mistral-7B-Instruct-v0.3,EBM-NLP,12576806,P5,user,True,raw:raw_output,True
Mistral-7B-Instruct-v0.3,EBM-NLP,14739125,P5,user,True,raw:raw_output,True
Mistral-7B-Instruct-v0.3,EBM-NLP,361799,P6,user,True,raw:raw_output,True
Mistral-7B-Instruct-v0.3,EBM-NLP,21669557,P5,user,True,raw:raw_output,True
Mistral-7B-Instruct-v0.3,EBM-NLP,2088233,P6,user,True,raw:raw_output,True
Mistral-7B-Instruct-v0.3,SciERC,ECCV_2016_212_abs,P4,user,True,raw:raw_output,True
Mistral-7B-Instruct-v0.3,EBM-NLP,21491990,P5,user,True,raw:raw_output,True
Mistral-7B-Instruct-v0.3,EBM-NLP,20804366,P6,user,True,raw:raw_output,True
Mistral-7B-Instruct-v0.3,EBM-NLP,9816035,P4,user,True,raw:raw_output,True
Mistral-7B-Instruct-v0.3,EBM-NLP,24989854,P5,user,True,raw:raw_output,True
Mistral-7B-Instruct-v0.3,SciERC,W02-1602,P4,user,True,raw:raw_output,True
Mistral-7B-Instruct-v0.3,EBM-NLP,10912743,P5,user,True,raw:raw_output,True
Mistral-7B-Instruct-v0.3,EBM-NLP,25479285,P5,user,True,raw:raw_output,True
Mistral-7B-Instruct-v0.3,EBM-NLP,25369243,P6,user,True,raw:raw_output,True
Mistral-7B-Instruct-v0.3,EBM-NLP,18958161,P6,user,True,raw:raw_output,True
Mistral-7B-Instruct-v0.3,EBM-NLP,7853069,P6,user,True,raw:raw_output,True
Mistral-7B-Instruct-v0.3,EBM-NLP,19108790,P3,user,True,raw:raw_output,True
Mistral-7B-Instruct-v0.3,EBM-NLP,21982657,P5,user,True,raw:raw_output,True
Mistral-7B-Instruct-v0.3,EBM-NLP,7831628,P6,user,True,raw:raw_output,True
Mistral-7B-Instruct-v0.3,EBM-NLP,25885649,P4,user,True,raw:raw_output,True
Mistral-7B-Instruct-v0.3,EBM-NLP,24075141,P6,user,True,raw:raw_output,True
Mistral-7B-Instruct-v0.3,EBM-NLP,17616069,P6,user,True,raw:raw_output,True
Mistral-7B-Instruct-v0.3,EBM-NLP,10390665,P6,user,True,raw:raw_output,True
Mistral-7B-Instruct-v0.3,EBM-NLP,19301724,P5,user,True,raw:raw_output,True
Mistral-7B-Instruct-v0.3,EBM-NLP,21029638,P1,user,True,raw:raw_output,True
Mistral-7B-Instruct-v0.3,EBM-NLP,11829043,P6,user,True,raw:raw_output,True
Mistral-7B-Instruct-v0.3,EBM-NLP,12586799,P5,user,True,raw:raw_output,True
Mistral-7B-Instruct-v0.3,EBM-NLP,21170734,P6,user,True,raw:raw_output,True
Mistral-7B-Instruct-v0.3,EBM-NLP,22956006,P5,user,True,raw:raw_output,True
Mistral-7B-Instruct-v0.3,EBM-NLP,11495215,P6,user,True,raw:raw_output,True
Mistral-7B-Instruct-v0.3,EBM-NLP,6418441,P6,user,True,raw:raw_output,True
Mistral-7B-Instruct-v0.3,EBM-NLP,22646975,P6,user,True,raw:raw_output,True
Mistral-7B-Instruct-v0.3,EBM-NLP,10940525,P3,user,True,raw:raw_output,True
Mistral-7B-Instruct-v0.3,EBM-NLP,23392542,P5,user,True,raw:raw_output,True
Mistral-7B-Instruct-v0.3,EBM-NLP,7707420,P5,user,True,raw:raw_output,True
Mistral-7B-Instruct-v0.3,EBM-NLP,25886492,P4,user,True,raw:raw_output,True
Mistral-7B-Instruct-v0.3,EBM-NLP,18845996,P5,user,True,raw:raw_output,True
Mistral-7B-Instruct-v0.3,EBM-NLP,16295154,P6,user,True,raw:raw_output,True
Mistral-7B-Instruct-v0.3,EBM-NLP,21211686,P3,user,True,raw:raw_output,True
Mistral-7B-Instruct-v0.3,EBM-NLP,12139812,P6,user,True,raw:raw_output,True
Mistral-7B-Instruct-v0.3,EBM-NLP,25950425,P5,user,True,raw:raw_output,True
Mistral-7B-Instruct-v0.3,EBM-NLP,11454878,P5,user,True,raw:raw_output,True
Mistral-7B-Instruct-v0.3,EBM-NLP,12595499,P5,user,True,raw:raw_output,True
Mistral-7B-Instruct-v0.3,EBM-NLP,16505427,P5,user,True,raw:raw_output,True
Mistral-7B-Instruct-v0.3,EBM-NLP,21866656,P3,user,True,raw:raw_output,True
Mistral-7B-Instruct-v0.3,EBM-NLP,20739054,P2,user,True,raw:raw_output,True
Mistral-7B-Instruct-v0.3,EBM-NLP,22154769,P5,user,True,raw:raw_output,True
Mistral-7B-Instruct-v0.3,EBM-NLP,22435114,P6,user,True,raw:raw_output,True
Mistral-7B-Instruct-v0.3,EBM-NLP,18189160,P5,user,True,raw:raw_output,True
Mistral-7B-Instruct-v0.3,EBM-NLP,22897461,P5,user,True,raw:raw_output,True
Mistral-7B-Instruct-v0.3,EBM-NLP,22420121,P6,user,True,raw:raw_output,True
Mistral-7B-Instruct-v0.3,EBM-NLP,20943715,P5,user,True,raw:raw_output,True
Mistral-7B-Instruct-v0.3,SciERC,J86-3001,P4,user,True,raw:raw_output,True
Mistral-7B-Instruct-v0.3,EBM-NLP,8519720,P5,user,True,raw:raw_output,True
Mistral-7B-Instruct-v0.3,EBM-NLP,9695300,P6,user,True,raw:raw_output,True
Mistral-7B-Instruct-v0.3,EBM-NLP,2803397,P5,user,True,raw:raw_output,True
Mistral-7B-Instruct-v0.3,EBM-NLP,1286547,P6,user,True,raw:raw_output,True
Mistral-7B-Instruct-v0.3,EBM-NLP,16167234,P6,user,True,raw:raw_output,True
Mistral-7B-Instruct-v0.3,EBM-NLP,21393467,P6,user,True,raw:raw_output,True
Mistral-7B-Instruct-v0.3,EBM-NLP,22341427,P5,user,True,raw:raw_output,True
Mistral-7B-Instruct-v0.3,EBM-NLP,15014018,P5,user,True,raw:raw_output,True
Mistral-7B-Instruct-v0.3,EBM-NLP,23114870,P5,user,True,raw:raw_output,True
Mistral-7B-Instruct-v0.3,EBM-NLP,10578479,P6,user,True,raw:raw_output,True
Mistral-7B-Instruct-v0.3,EBM-NLP,19727232,P6,user,True,raw:raw_output,True
Mistral-7B-Instruct-v0.3,EBM-NLP,9573502,P5,user,True,raw:raw_output,True
Mistral-7B-Instruct-v0.3,EBM-NLP,11099086,P4,user,True,raw:raw_output,True
Mistral-7B-Instruct-v0.3,EBM-NLP,23985254,P4,user,True,raw:raw_output,True
Mistral-7B-Instruct-v0.3,EBM-NLP,24451919,P6,user,True,raw:raw_output,True
Mistral-7B-Instruct-v0.3,EBM-NLP,18077611,P5,user,True,raw:raw_output,True
Mistral-7B-Instruct-v0.3,EBM-NLP,15848261,P6,user,True,raw:raw_output,True
Mistral-7B-Instruct-v0.3,EBM-NLP,10475150,P5,user,True,raw:raw_output,True
Mistral-7B-Instruct-v0.3,EBM-NLP,17321989,P6,user,True,raw:raw_output,True
Mistral-7B-Instruct-v0.3,EBM-NLP,1669598,P6,user,True,raw:raw_output,True
Mistral-7B-Instruct-v0.3,EBM-NLP,20560622,P6,user,True,raw:raw_output,True
Mistral-7B-Instruct-v0.3,EBM-NLP,10763172,P6,user,True,raw:raw_output,True
Mistral-7B-Instruct-v0.3,EBM-NLP,11401641,P5,user,True,raw:raw_output,True
Mistral-7B-Instruct-v0.3,EBM-NLP,14679127,P5,user,True,raw:raw_output,True
Mistral-7B-Instruct-v0.3,EBM-NLP,21029638,P2,user,True,raw:raw_output,True
Mistral-7B-Instruct-v0.3,EBM-NLP,20147856,P6,user,True,raw:raw_output,True
Mistral-7B-Instruct-v0.3,EBM-NLP,18783504,P6,user,True,raw:raw_output,True
Mistral-7B-Instruct-v0.3,EBM-NLP,9730996,P6,user,True,raw:raw_output,True
Mistral-7B-Instruct-v0.3,EBM-NLP,12709693,P5,user,True,raw:raw_output,True
Mistral-7B-Instruct-v0.3,EBM-NLP,21106663,P6,user,True,raw:raw_output,True
Mistral-7B-Instruct-v0.3,EBM-NLP,22881991,P6,user,True,raw:raw_output,True
Mistral-7B-Instruct-v0.3,EBM-NLP,19108790,P4,user,True,raw:raw_output,True
Mistral-7B-Instruct-v0.3,EBM-NLP,19376304,P6,user,True,raw:raw_output,True
Mistral-7B-Instruct-v0.3,EBM-NLP,1963383,P6,user,True,raw:raw_output,True
Mistral-7B-Instruct-v0.3,EBM-NLP,8911222,P5,user,True,raw:raw_output,True
Mistral-7B-Instruct-v0.3,EBM-NLP,22865017,P6,user,True,raw:raw_output,True
Mistral-7B-Instruct-v0.3,EBM-NLP,6989377,P5,user,True,raw:raw_output,True
Mistral-7B-Instruct-v0.3,EBM-NLP,8726604,P6,user,True,raw:raw_output,True
Mistral-7B-Instruct-v0.3,EBM-NLP,10764172,P6,user,True,raw:raw_output,True
Mistral-7B-Instruct-v0.3,EBM-NLP,18544974,P6,user,True,raw:raw_output,True
Mistral-7B-Instruct-v0.3,EBM-NLP,2908133,P6,user,True,raw:raw_output,True
Mistral-7B-Instruct-v0.3,EBM-NLP,15133359,P6,user,True,raw:raw_output,True
Mistral-7B-Instruct-v0.3,EBM-NLP,24080592,P6,user,True,raw:raw_output,True
Mistral-7B-Instruct-v0.3,EBM-NLP,18975051,P6,user,True,raw:raw_output,True
Mistral-7B-Instruct-v0.3,EBM-NLP,24317958,P6,user,True,raw:raw_output,True
Mistral-7B-Instruct-v0.3,EBM-NLP,3074300,P6,user,True,raw:raw_output,True
Mistral-7B-Instruct-v0.3,EBM-NLP,6920252,P5,user,True,raw:raw_output,True
Mistral-7B-Instruct-v0.3,EBM-NLP,10940525,P4,user,True,raw:raw_output,True
Mistral-7B-Instruct-v0.3,EBM-NLP,23356250,P6,user,True,raw:raw_output,True
Mistral-7B-Instruct-v0.3,EBM-NLP,20739054,P3,user,True,raw:raw_output,True
Mistral-7B-Instruct-v0.3,EBM-NLP,15858959,P6,user,True,raw:raw_output,True
Mistral-7B-Instruct-v0.3,EBM-NLP,21211686,P4,user,True,raw:raw_output,True
Mistral-7B-Instruct-v0.3,EBM-NLP,10070173,P6,user,True,raw:raw_output,True
Mistral-7B-Instruct-v0.3,EBM-NLP,8911223,P6,user,True,raw:raw_output,True
Mistral-7B-Instruct-v0.3,EBM-NLP,26278470,P6,user,True,raw:raw_output,True
Mistral-7B-Instruct-v0.3,EBM-NLP,21866656,P4,user,True,raw:raw_output,True
Mistral-7B-Instruct-v0.3,EBM-NLP,21718094,P6,user,True,raw:raw_output,True
Mistral-7B-Instruct-v0.3,EBM-NLP,25784723,P6,user,True,raw:raw_output,True
Mistral-7B-Instruct-v0.3,EBM-NLP,8989009,P6,user,True,raw:raw_output,True
Mistral-7B-Instruct-v0.3,EBM-NLP,21924760,P6,user,True,raw:raw_output,True
Mistral-7B-Instruct-v0.3,EBM-NLP,19802506,P5,user,True,raw:raw_output,True
Mistral-7B-Instruct-v0.3,EBM-NLP,12960652,P6,user,True,raw:raw_output,True
Mistral-7B-Instruct-v0.3,EBM-NLP,9394106,P6,user,True,raw:raw_output,True
Mistral-7B-Instruct-v0.3,EBM-NLP,7808649,P6,user,True,raw:raw_output,True
Mistral-7B-Instruct-v0.3,EBM-NLP,7814711,P6,user,True,raw:raw_output,True
Mistral-7B-Instruct-v0.3,EBM-NLP,21975269,P5,user,True,raw:raw_output,True
Mistral-7B-Instruct-v0.3,EBM-NLP,17897478,P6,user,True,raw:raw_output,True
Mistral-7B-Instruct-v0.3,EBM-NLP,10589810,P6,user,True,raw:raw_output,True
Mistral-7B-Instruct-v0.3,EBM-NLP,7598243,P6,user,True,raw:raw_output,True
Mistral-7B-Instruct-v0.3,EBM-NLP,26210844,P6,user,True,raw:raw_output,True
Mistral-7B-Instruct-v0.3,EBM-NLP,11737955,P6,user,True,raw:raw_output,True
Mistral-7B-Instruct-v0.3,EBM-NLP,24350813,P5,user,True,raw:raw_output,True
Mistral-7B-Instruct-v0.3,EBM-NLP,21029638,P3,user,True,raw:raw_output,True
Mistral-7B-Instruct-v0.3,EBM-NLP,20226474,P6,user,True,raw:raw_output,True
Mistral-7B-Instruct-v0.3,EBM-NLP,21896676,P6,user,True,raw:raw_output,True
Mistral-7B-Instruct-v0.3,EBM-NLP,8913901,P6,user,True,raw:raw_output,True
Mistral-7B-Instruct-v0.3,EBM-NLP,24515505,P6,user,True,raw:raw_output,True
Mistral-7B-Instruct-v0.3,EBM-NLP,11317090,P6,user,True,raw:raw_output,True
Mistral-7B-Instruct-v0.3,EBM-NLP,8771302,P6,user,True,raw:raw_output,True
Mistral-7B-Instruct-v0.3,EBM-NLP,18337284,P5,user,True,raw:raw_output,True
Mistral-7B-Instruct-v0.3,EBM-NLP,20189026,P5,user,True,raw:raw_output,True
Mistral-7B-Instruct-v0.3,EBM-NLP,3534803,P6,user,True,raw:raw_output,True
Mistral-7B-Instruct-v0.3,EBM-NLP,23103798,P6,user,True,raw:raw_output,True
Mistral-7B-Instruct-v0.3,EBM-NLP,14763035,P6,user,True,raw:raw_output,True
Mistral-7B-Instruct-v0.3,EBM-NLP,24960665,P6,user,True,raw:raw_output,True
Mistral-7B-Instruct-v0.3,EBM-NLP,25898782,P6,user,True,raw:raw_output,True
Mistral-7B-Instruct-v0.3,EBM-NLP,24726342,P6,user,True,raw:raw_output,True
Mistral-7B-Instruct-v0.3,EBM-NLP,14739125,P6,user,True,raw:raw_output,True
Mistral-7B-Instruct-v0.3,EBM-NLP,12576806,P6,user,True,raw:raw_output,True
Mistral-7B-Instruct-v0.3,EBM-NLP,21669557,P6,user,True,raw:raw_output,True
Mistral-7B-Instruct-v0.3,EBM-NLP,22538329,P5,user,True,raw:raw_output,True
Mistral-7B-Instruct-v0.3,EBM-NLP,20739054,P4,user,True,raw:raw_output,True
Mistral-7B-Instruct-v0.3,EBM-NLP,21491990,P6,user,True,raw:raw_output,True
Mistral-7B-Instruct-v0.3,EBM-NLP,24989854,P6,user,True,raw:raw_output,True
Mistral-7B-Instruct-v0.3,EBM-NLP,10912743,P6,user,True,raw:raw_output,True
Mistral-7B-Instruct-v0.3,EBM-NLP,25479285,P6,user,True,raw:raw_output,True
Mistral-7B-Instruct-v0.3,EBM-NLP,21982657,P6,user,True,raw:raw_output,True
Mistral-7B-Instruct-v0.3,EBM-NLP,19301724,P6,user,True,raw:raw_output,True
Mistral-7B-Instruct-v0.3,EBM-NLP,12586799,P6,user,True,raw:raw_output,True
Mistral-7B-Instruct-v0.3,EBM-NLP,23549581,P5,user,True,raw:raw_output,True
Mistral-7B-Instruct-v0.3,EBM-NLP,22956006,P6,user,True,raw:raw_output,True
Mistral-7B-Instruct-v0.3,EBM-NLP,7707420,P6,user,True,raw:raw_output,True
Mistral-7B-Instruct-v0.3,EBM-NLP,23392542,P6,user,True,raw:raw_output,True
Mistral-7B-Instruct-v0.3,EBM-NLP,18845996,P6,user,True,raw:raw_output,True
Mistral-7B-Instruct-v0.3,EBM-NLP,25950425,P6,user,True,raw:raw_output,True
Mistral-7B-Instruct-v0.3,EBM-NLP,11454878,P6,user,True,raw:raw_output,True
Mistral-7B-Instruct-v0.3,EBM-NLP,16505427,P6,user,True,raw:raw_output,True
Mistral-7B-Instruct-v0.3,EBM-NLP,21029638,P4,user,True,raw:raw_output,True
Mistral-7B-Instruct-v0.3,EBM-NLP,12595499,P6,user,True,raw:raw_output,True
Mistral-7B-Instruct-v0.3,EBM-NLP,18189160,P6,user,True,raw:raw_output,True
Mistral-7B-Instruct-v0.3,EBM-NLP,22154769,P6,user,True,raw:raw_output,True
Mistral-7B-Instruct-v0.3,EBM-NLP,22897461,P6,user,True,raw:raw_output,True
Mistral-7B-Instruct-v0.3,EBM-NLP,20943715,P6,user,True,raw:raw_output,True
Mistral-7B-Instruct-v0.3,EBM-NLP,8519720,P6,user,True,raw:raw_output,True
Mistral-7B-Instruct-v0.3,EBM-NLP,2803397,P6,user,True,raw:raw_output,True
Mistral-7B-Instruct-v0.3,EBM-NLP,9816035,P5,user,True,raw:raw_output,True
Mistral-7B-Instruct-v0.3,EBM-NLP,22341427,P6,user,True,raw:raw_output,True
Mistral-7B-Instruct-v0.3,EBM-NLP,15014018,P6,user,True,raw:raw_output,True
Mistral-7B-Instruct-v0.3,EBM-NLP,23114870,P6,user,True,raw:raw_output,True
Mistral-7B-Instruct-v0.3,EBM-NLP,25885649,P5,user,True,raw:raw_output,True
Mistral-7B-Instruct-v0.3,EBM-NLP,9573502,P6,user,True,raw:raw_output,True
Mistral-7B-Instruct-v0.3,EBM-NLP,18077611,P6,user,True,raw:raw_output,True
Mistral-7B-Instruct-v0.3,EBM-NLP,10475150,P6,user,True,raw:raw_output,True
Mistral-7B-Instruct-v0.3,EBM-NLP,11401641,P6,user,True,raw:raw_output,True
Mistral-7B-Instruct-v0.3,EBM-NLP,14679127,P6,user,True,raw:raw_output,True
Mistral-7B-Instruct-v0.3,EBM-NLP,25886492,P5,user,True,raw:raw_output,True
Mistral-7B-Instruct-v0.3,EBM-NLP,12709693,P6,user,True,raw:raw_output,True
Mistral-7B-Instruct-v0.3,EBM-NLP,8911222,P6,user,True,raw:raw_output,True
Mistral-7B-Instruct-v0.3,EBM-NLP,6989377,P6,user,True,raw:raw_output,True
Mistral-7B-Instruct-v0.3,EBM-NLP,6920252,P6,user,True,raw:raw_output,True
Mistral-7B-Instruct-v0.3,EBM-NLP,23985254,P5,user,True,raw:raw_output,True
Mistral-7B-Instruct-v0.3,EBM-NLP,11099086,P5,user,True,raw:raw_output,True
Mistral-7B-Instruct-v0.3,EBM-NLP,19802506,P6,user,True,raw:raw_output,True
Mistral-7B-Instruct-v0.3,EBM-NLP,21975269,P6,user,True,raw:raw_output,True
Mistral-7B-Instruct-v0.3,EBM-NLP,19108790,P5,user,True,raw:raw_output,True
Mistral-7B-Instruct-v0.3,EBM-NLP,24350813,P6,user,True,raw:raw_output,True
Mistral-7B-Instruct-v0.3,EBM-NLP,10940525,P5,user,True,raw:raw_output,True
Mistral-7B-Instruct-v0.3,EBM-NLP,21211686,P5,user,True,raw:raw_output,True
Mistral-7B-Instruct-v0.3,EBM-NLP,18337284,P6,user,True,raw:raw_output,True
Mistral-7B-Instruct-v0.3,EBM-NLP,20189026,P6,user,True,raw:raw_output,True
Mistral-7B-Instruct-v0.3,EBM-NLP,21866656,P5,user,True,raw:raw_output,True
Mistral-7B-Instruct-v0.3,EBM-NLP,22538329,P6,user,True,raw:raw_output,True
Mistral-7B-Instruct-v0.3,EBM-NLP,23549581,P6,user,True,raw:raw_output,True
Mistral-7B-Instruct-v0.3,EBM-NLP,20739054,P5,user,True,raw:raw_output,True
Mistral-7B-Instruct-v0.3,EBM-NLP,9816035,P6,user,True,raw:raw_output,True
Mistral-7B-Instruct-v0.3,EBM-NLP,25885649,P6,user,True,raw:raw_output,True
Mistral-7B-Instruct-v0.3,SciERC,P86-1011,P5,user,True,raw:raw_output,True
Mistral-7B-Instruct-v0.3,EBM-NLP,25886492,P6,user,True,raw:raw_output,True
Mistral-7B-Instruct-v0.3,SciERC,ECCV_2016_110_abs,P5,user,True,raw:raw_output,True
Mistral-7B-Instruct-v0.3,SciERC,P06-3007,P5,user,True,raw:raw_output,True
Mistral-7B-Instruct-v0.3,SciERC,E95-1033,P5,user,True,raw:raw_output,True
Mistral-7B-Instruct-v0.3,SciERC,C88-1044,P5,user,True,raw:raw_output,True
Mistral-7B-Instruct-v0.3,EBM-NLP,21029638,P5,user,True,raw:raw_output,True
Mistral-7B-Instruct-v0.3,SciERC,E99-1015,P5,user,True,raw:raw_output,True
Mistral-7B-Instruct-v0.3,SciERC,P06-1018,P5,user,True,raw:raw_output,True
Mistral-7B-Instruct-v0.3,SciERC,P06-1053,P5,user,True,raw:raw_output,True
Mistral-7B-Instruct-v0.3,SciERC,P05-2013,P5,user,True,raw:raw_output,True
Mistral-7B-Instruct-v0.3,SciERC,P05-1039,P5,user,True,raw:raw_output,True
Mistral-7B-Instruct-v0.3,SciERC,I05-5004,P5,user,True,raw:raw_output,True
Mistral-7B-Instruct-v0.3,SciERC,P06-4007,P5,user,True,raw:raw_output,True
Mistral-7B-Instruct-v0.3,EBM-NLP,11099086,P6,user,True,raw:raw_output,True
Mistral-7B-Instruct-v0.3,SciERC,C86-1081,P5,user,True,raw:raw_output,True
Mistral-7B-Instruct-v0.3,EBM-NLP,23985254,P6,user,True,raw:raw_output,True
Mistral-7B-Instruct-v0.3,SciERC,P06-1013,P5,user,True,raw:raw_output,True
Mistral-7B-Instruct-v0.3,SciERC,P06-2012,P5,user,True,raw:raw_output,True
Mistral-7B-Instruct-v0.3,SciERC,CVPR_2003_30_abs,P5,user,True,raw:raw_output,True
Mistral-7B-Instruct-v0.3,SciERC,E06-1022,P5,user,True,raw:raw_output,True
Mistral-7B-Instruct-v0.3,SciERC,P83-1004,P5,user,True,raw:raw_output,True
Mistral-7B-Instruct-v0.3,SciERC,CVPR_2004_18_abs,P5,user,True,raw:raw_output,True
Mistral-7B-Instruct-v0.3,SciERC,C04-1011,P5,user,True,raw:raw_output,True
Mistral-7B-Instruct-v0.3,SciERC,H05-1095,P5,user,True,raw:raw_output,True
Mistral-7B-Instruct-v0.3,SciERC,C08-2010,P5,user,True,raw:raw_output,True
Mistral-7B-Instruct-v0.3,EBM-NLP,19108790,P6,user,True,raw:raw_output,True
Mistral-7B-Instruct-v0.3,SciERC,C04-1128,P5,user,True,raw:raw_output,True
Mistral-7B-Instruct-v0.3,SciERC,P03-1070,P5,user,True,raw:raw_output,True
Mistral-7B-Instruct-v0.3,SciERC,CVPR_2011_10_abs,P5,user,True,raw:raw_output,True
Mistral-7B-Instruct-v0.3,SciERC,NIPS_2016_80_abs,P5,user,True,raw:raw_output,True
Mistral-7B-Instruct-v0.3,SciERC,C04-1036,P5,user,True,raw:raw_output,True
Mistral-7B-Instruct-v0.3,SciERC,J82-3002,P5,user,True,raw:raw_output,True
Mistral-7B-Instruct-v0.3,SciERC,N04-1022,P5,user,True,raw:raw_output,True
Mistral-7B-Instruct-v0.3,SciERC,N06-1037,P5,user,True,raw:raw_output,True
Mistral-7B-Instruct-v0.3,SciERC,CVPR_1999_15_abs,P5,user,True,raw:raw_output,True
Mistral-7B-Instruct-v0.3,SciERC,C96-1062,P5,user,True,raw:raw_output,True
Mistral-7B-Instruct-v0.3,SciERC,INTERSPEECH_2007_40_abs,P5,user,True,raw:raw_output,True
Mistral-7B-Instruct-v0.3,EBM-NLP,10940525,P6,user,True,raw:raw_output,True
Mistral-7B-Instruct-v0.3,SciERC,ICCV_2013_25_abs,P5,user,True,raw:raw_output,True
Mistral-7B-Instruct-v0.3,SciERC,C00-2123,P5,user,True,raw:raw_output,True
Mistral-7B-Instruct-v0.3,SciERC,CVPR_2004_30_abs,P5,user,True,raw:raw_output,True
Mistral-7B-Instruct-v0.3,EBM-NLP,21211686,P6,user,True,raw:raw_output,True
Mistral-7B-Instruct-v0.3,SciERC,C90-3063,P5,user,True,raw:raw_output,True
Mistral-7B-Instruct-v0.3,SciERC,I05-4010,P5,user,True,raw:raw_output,True
Mistral-7B-Instruct-v0.3,SciERC,P08-1105,P5,user,True,raw:raw_output,True
Mistral-7B-Instruct-v0.3,SciERC,P01-1056,P5,user,True,raw:raw_output,True
Mistral-7B-Instruct-v0.3,SciERC,NIPS_2002_18_abs,P5,user,True,raw:raw_output,True
Mistral-7B-Instruct-v0.3,SciERC,ICML_1995_38_abs,P5,user,True,raw:raw_output,True
Mistral-7B-Instruct-v0.3,EBM-NLP,21866656,P6,user,True,raw:raw_output,True
Mistral-7B-Instruct-v0.3,SciERC,INTERSPEECH_2013_21_abs,P5,user,True,raw:raw_output,True
Mistral-7B-Instruct-v0.3,SciERC,CVPR_2009_18_abs,P5,user,True,raw:raw_output,True
Mistral-7B-Instruct-v0.3,SciERC,NIPS_2001_11_abs,P5,user,True,raw:raw_output,True
Mistral-7B-Instruct-v0.3,SciERC,A97-1020,P5,user,True,raw:raw_output,True
Mistral-7B-Instruct-v0.3,SciERC,ECCV_2012_30_abs,P5,user,True,raw:raw_output,True
Mistral-7B-Instruct-v0.3,SciERC,H01-1049,P5,user,True,raw:raw_output,True
Mistral-7B-Instruct-v0.3,SciERC,C04-1106,P5,user,True,raw:raw_output,True
Mistral-7B-Instruct-v0.3,SciERC,I05-5003,P5,user,True,raw:raw_output,True
Mistral-7B-Instruct-v0.3,SciERC,ICCV_2003_161_abs,P5,user,True,raw:raw_output,True
Mistral-7B-Instruct-v0.3,SciERC,N03-1033,P5,user,True,raw:raw_output,True
Mistral-7B-Instruct-v0.3,SciERC,C04-1035,P5,user,True,raw:raw_output,True
Mistral-7B-Instruct-v0.3,SciERC,P85-1019,P5,user,True,raw:raw_output,True
Mistral-7B-Instruct-v0.3,SciERC,NIPS_2002_11_abs,P5,user,True,raw:raw_output,True
Mistral-7B-Instruct-v0.3,SciERC,E89-1016,P5,user,True,raw:raw_output,True
Mistral-7B-Instruct-v0.3,SciERC,C90-3045,P5,user,True,raw:raw_output,True
Mistral-7B-Instruct-v0.3,SciERC,ICCV_2001_47_abs,P5,user,True,raw:raw_output,True
Mistral-7B-Instruct-v0.3,SciERC,P04-2005,P5,user,True,raw:raw_output,True
Mistral-7B-Instruct-v0.3,SciERC,C04-1103,P5,user,True,raw:raw_output,True
Mistral-7B-Instruct-v0.3,SciERC,INTERSPEECH_2014_40_abs,P5,user,True,raw:raw_output,True
Mistral-7B-Instruct-v0.3,SciERC,ICASSP_2016_11_abs,P5,user,True,raw:raw_output,True
Mistral-7B-Instruct-v0.3,SciERC,J05-4003,P5,user,True,raw:raw_output,True
Mistral-7B-Instruct-v0.3,SciERC,N03-1026,P5,user,True,raw:raw_output,True
Mistral-7B-Instruct-v0.3,SciERC,ICML_2016_10_abs,P5,user,True,raw:raw_output,True
Mistral-7B-Instruct-v0.3,SciERC,CVPR_2008_258_abs,P5,user,True,raw:raw_output,True
Mistral-7B-Instruct-v0.3,SciERC,P05-1076,P5,user,True,raw:raw_output,True
Mistral-7B-Instruct-v0.3,SciERC,INTERSPEECH_2006_21_abs,P5,user,True,raw:raw_output,True
Mistral-7B-Instruct-v0.3,SciERC,CVPR_2006_10_abs,P5,user,True,raw:raw_output,True
Mistral-7B-Instruct-v0.3,SciERC,P05-1046,P5,user,True,raw:raw_output,True
Mistral-7B-Instruct-v0.3,SciERC,CVPR_2016_413_abs,P5,user,True,raw:raw_output,True
Mistral-7B-Instruct-v0.3,SciERC,CVPR_1993_10_abs,P5,user,True,raw:raw_output,True
Mistral-7B-Instruct-v0.3,SciERC,NIPS_2016_560_abs,P5,user,True,raw:raw_output,True
Mistral-7B-Instruct-v0.3,SciERC,INTERSPEECH_2008_20_abs,P5,user,True,raw:raw_output,True
Mistral-7B-Instruct-v0.3,SciERC,ICML_2006_119_abs,P5,user,True,raw:raw_output,True
Mistral-7B-Instruct-v0.3,SciERC,NIPS_2015_18_abs,P5,user,True,raw:raw_output,True
Mistral-7B-Instruct-v0.3,SciERC,CVPR_2010_30_abs,P5,user,True,raw:raw_output,True
Mistral-7B-Instruct-v0.3,EBM-NLP,20739054,P6,user,True,raw:raw_output,True
Mistral-7B-Instruct-v0.3,SciERC,E91-1012,P5,user,True,raw:raw_output,True
Mistral-7B-Instruct-v0.3,SciERC,CVPR_2011_11_abs,P5,user,True,raw:raw_output,True
Mistral-7B-Instruct-v0.3,SciERC,J86-4002,P5,user,True,raw:raw_output,True
Mistral-7B-Instruct-v0.3,SciERC,ICML_2016_18_abs,P5,user,True,raw:raw_output,True
Mistral-7B-Instruct-v0.3,SciERC,P05-1056,P5,user,True,raw:raw_output,True
Mistral-7B-Instruct-v0.3,SciERC,P86-1011,P6,user,True,raw:raw_output,True
Mistral-7B-Instruct-v0.3,SciERC,C94-1091,P5,user,True,raw:raw_output,True
Mistral-7B-Instruct-v0.3,SciERC,E93-1066,P5,user,True,raw:raw_output,True
Mistral-7B-Instruct-v0.3,SciERC,ICASSP_1997_706_abs,P5,user,True,raw:raw_output,True
Mistral-7B-Instruct-v0.3,SciERC,CVPR_2009_10_abs,P5,user,True,raw:raw_output,True
Mistral-7B-Instruct-v0.3,SciERC,ECCV_2016_110_abs,P6,user,True,raw:raw_output,True
Mistral-7B-Instruct-v0.3,SciERC,P06-3007,P6,user,True,raw:raw_output,True
Mistral-7B-Instruct-v0.3,SciERC,E95-1033,P6,user,True,raw:raw_output,True
Mistral-7B-Instruct-v0.3,SciERC,C88-1044,P6,user,True,raw:raw_output,True
Mistral-7B-Instruct-v0.3,EBM-NLP,21029638,P6,user,True,raw:raw_output,True
Mistral-7B-Instruct-v0.3,SciERC,ICML_2016_11_abs,P5,user,True,raw:raw_output,True
Mistral-7B-Instruct-v0.3,SciERC,CVPR_1994_10_abs,P5,user,True,raw:raw_output,True
Mistral-7B-Instruct-v0.3,SciERC,E99-1015,P6,user,True,raw:raw_output,True
Mistral-7B-Instruct-v0.3,SciERC,P06-1018,P6,user,True,raw:raw_output,True
Mistral-7B-Instruct-v0.3,SciERC,ECCV_2016_204_abs,P5,user,True,raw:raw_output,True
Mistral-7B-Instruct-v0.3,SciERC,P05-2013,P6,user,True,raw:raw_output,True
Mistral-7B-Instruct-v0.3,SciERC,P06-1053,P6,user,True,raw:raw_output,True
Mistral-7B-Instruct-v0.3,SciERC,P05-1039,P6,user,True,raw:raw_output,True
Mistral-7B-Instruct-v0.3,SciERC,H01-1042,P5,user,True,raw:raw_output,True
Mistral-7B-Instruct-v0.3,SciERC,ECCV_2016_99_abs,P5,user,True,raw:raw_output,True
Mistral-7B-Instruct-v0.3,SciERC,I05-5004,P6,user,True,raw:raw_output,True
Mistral-7B-Instruct-v0.3,SciERC,CVPR_2008_256_abs,P5,user,True,raw:raw_output,True
Mistral-7B-Instruct-v0.3,SciERC,P06-4007,P6,user,True,raw:raw_output,True
Mistral-7B-Instruct-v0.3,SciERC,C86-1081,P6,user,True,raw:raw_output,True
Mistral-7B-Instruct-v0.3,SciERC,ICCV_2013_47_abs,P5,user,True,raw:raw_output,True
Mistral-7B-Instruct-v0.3,SciERC,ICCV_2003_151_abs,P5,user,True,raw:raw_output,True
Mistral-7B-Instruct-v0.3,SciERC,P06-1013,P6,user,True,raw:raw_output,True
Mistral-7B-Instruct-v0.3,SciERC,P06-2012,P6,user,True,raw:raw_output,True
Mistral-7B-Instruct-v0.3,SciERC,X96-1059,P5,user,True,raw:raw_output,True
Mistral-7B-Instruct-v0.3,SciERC,E06-1022,P6,user,True,raw:raw_output,True
Mistral-7B-Instruct-v0.3,SciERC,CVPR_2003_30_abs,P6,user,True,raw:raw_output,True
Mistral-7B-Instruct-v0.3,SciERC,P83-1004,P6,user,True,raw:raw_output,True
Mistral-7B-Instruct-v0.3,SciERC,CVPR_2004_18_abs,P6,user,True,raw:raw_output,True
Mistral-7B-Instruct-v0.3,SciERC,C04-1011,P6,user,True,raw:raw_output,True
Mistral-7B-Instruct-v0.3,SciERC,H05-1095,P6,user,True,raw:raw_output,True
Mistral-7B-Instruct-v0.3,SciERC,C08-2010,P6,user,True,raw:raw_output,True
Mistral-7B-Instruct-v0.3,SciERC,INTERSPEECH_2008_28_abs,P5,user,True,raw:raw_output,True
Mistral-7B-Instruct-v0.3,SciERC,C04-1128,P6,user,True,raw:raw_output,True
Mistral-7B-Instruct-v0.3,SciERC,P03-1070,P6,user,True,raw:raw_output,True
Mistral-7B-Instruct-v0.3,SciERC,CVPR_2011_10_abs,P6,user,True,raw:raw_output,True
Mistral-7B-Instruct-v0.3,SciERC,NIPS_2016_80_abs,P6,user,True,raw:raw_output,True
Mistral-7B-Instruct-v0.3,SciERC,J82-3002,P6,user,True,raw:raw_output,True
Mistral-7B-Instruct-v0.3,SciERC,N04-1022,P6,user,True,raw:raw_output,True
Mistral-7B-Instruct-v0.3,SciERC,C04-1036,P6,user,True,raw:raw_output,True
Mistral-7B-Instruct-v0.3,SciERC,N06-1037,P6,user,True,raw:raw_output,True
Mistral-7B-Instruct-v0.3,SciERC,C96-1062,P6,user,True,raw:raw_output,True
Mistral-7B-Instruct-v0.3,SciERC,CVPR_1999_15_abs,P6,user,True,raw:raw_output,True
Mistral-7B-Instruct-v0.3,SciERC,INTERSPEECH_2007_40_abs,P6,user,True,raw:raw_output,True
Mistral-7B-Instruct-v0.3,SciERC,ICCV_2013_25_abs,P6,user,True,raw:raw_output,True
Mistral-7B-Instruct-v0.3,SciERC,C00-2123,P6,user,True,raw:raw_output,True
Mistral-7B-Instruct-v0.3,SciERC,CVPR_2004_30_abs,P6,user,True,raw:raw_output,True
Mistral-7B-Instruct-v0.3,SciERC,C90-3063,P6,user,True,raw:raw_output,True
Mistral-7B-Instruct-v0.3,SciERC,ECCV_2006_13_abs,P5,user,True,raw:raw_output,True
Mistral-7B-Instruct-v0.3,SciERC,I05-4010,P6,user,True,raw:raw_output,True
Mistral-7B-Instruct-v0.3,SciERC,P01-1056,P6,user,True,raw:raw_output,True
Mistral-7B-Instruct-v0.3,SciERC,P08-1105,P6,user,True,raw:raw_output,True
Mistral-7B-Instruct-v0.3,SciERC,ICML_1995_38_abs,P6,user,True,raw:raw_output,True
Mistral-7B-Instruct-v0.3,SciERC,NIPS_2002_18_abs,P6,user,True,raw:raw_output,True
Mistral-7B-Instruct-v0.3,SciERC,INTERSPEECH_2013_21_abs,P6,user,True,raw:raw_output,True
Mistral-7B-Instruct-v0.3,SciERC,CVPR_2009_18_abs,P6,user,True,raw:raw_output,True
Mistral-7B-Instruct-v0.3,SciERC,NIPS_2001_11_abs,P6,user,True,raw:raw_output,True
Mistral-7B-Instruct-v0.3,SciERC,A97-1020,P6,user,True,raw:raw_output,True
Mistral-7B-Instruct-v0.3,SciERC,ECCV_2012_30_abs,P6,user,True,raw:raw_output,True
Mistral-7B-Instruct-v0.3,SciERC,H01-1049,P6,user,True,raw:raw_output,True
Mistral-7B-Instruct-v0.3,SciERC,C04-1106,P6,user,True,raw:raw_output,True
Mistral-7B-Instruct-v0.3,SciERC,N03-1033,P6,user,True,raw:raw_output,True
Mistral-7B-Instruct-v0.3,SciERC,I05-5003,P6,user,True,raw:raw_output,True
Mistral-7B-Instruct-v0.3,SciERC,ICCV_2003_161_abs,P6,user,True,raw:raw_output,True
Mistral-7B-Instruct-v0.3,SciERC,C04-1035,P6,user,True,raw:raw_output,True
Mistral-7B-Instruct-v0.3,SciERC,P85-1019,P6,user,True,raw:raw_output,True
Mistral-7B-Instruct-v0.3,SciERC,NIPS_2002_11_abs,P6,user,True,raw:raw_output,True
Mistral-7B-Instruct-v0.3,SciERC,E89-1016,P6,user,True,raw:raw_output,True
Mistral-7B-Instruct-v0.3,SciERC,C90-3045,P6,user,True,raw:raw_output,True
Mistral-7B-Instruct-v0.3,SciERC,P04-2005,P6,user,True,raw:raw_output,True
Mistral-7B-Instruct-v0.3,SciERC,ICCV_2001_47_abs,P6,user,True,raw:raw_output,True
Mistral-7B-Instruct-v0.3,SciERC,ECCV_2016_212_abs,P5,user,True,raw:raw_output,True
Mistral-7B-Instruct-v0.3,SciERC,INTERSPEECH_2014_40_abs,P6,user,True,raw:raw_output,True
Mistral-7B-Instruct-v0.3,SciERC,C04-1103,P6,user,True,raw:raw_output,True
Mistral-7B-Instruct-v0.3,SciERC,ICASSP_2016_11_abs,P6,user,True,raw:raw_output,True
Mistral-7B-Instruct-v0.3,SciERC,W02-1602,P5,user,True,raw:raw_output,True
Mistral-7B-Instruct-v0.3,SciERC,J05-4003,P6,user,True,raw:raw_output,True
Mistral-7B-Instruct-v0.3,SciERC,N03-1026,P6,user,True,raw:raw_output,True
Mistral-7B-Instruct-v0.3,SciERC,ICML_2016_10_abs,P6,user,True,raw:raw_output,True
Mistral-7B-Instruct-v0.3,SciERC,CVPR_2008_258_abs,P6,user,True,raw:raw_output,True
Mistral-7B-Instruct-v0.3,SciERC,P05-1076,P6,user,True,raw:raw_output,True
Mistral-7B-Instruct-v0.3,SciERC,INTERSPEECH_2006_21_abs,P6,user,True,raw:raw_output,True
Mistral-7B-Instruct-v0.3,SciERC,CVPR_2006_10_abs,P6,user,True,raw:raw_output,True
Mistral-7B-Instruct-v0.3,SciERC,P05-1046,P6,user,True,raw:raw_output,True
Mistral-7B-Instruct-v0.3,SciERC,CVPR_2016_413_abs,P6,user,True,raw:raw_output,True
Mistral-7B-Instruct-v0.3,SciERC,CVPR_1993_10_abs,P6,user,True,raw:raw_output,True
Mistral-7B-Instruct-v0.3,SciERC,NIPS_2016_560_abs,P6,user,True,raw:raw_output,True
Mistral-7B-Instruct-v0.3,SciERC,INTERSPEECH_2008_20_abs,P6,user,True,raw:raw_output,True
Mistral-7B-Instruct-v0.3,SciERC,ICML_2006_119_abs,P6,user,True,raw:raw_output,True
Mistral-7B-Instruct-v0.3,SciERC,NIPS_2015_18_abs,P6,user,True,raw:raw_output,True
Mistral-7B-Instruct-v0.3,SciERC,CVPR_2010_30_abs,P6,user,True,raw:raw_output,True
Mistral-7B-Instruct-v0.3,SciERC,E91-1012,P6,user,True,raw:raw_output,True
Mistral-7B-Instruct-v0.3,SciERC,CVPR_2011_11_abs,P6,user,True,raw:raw_output,True
Mistral-7B-Instruct-v0.3,SciERC,J86-3001,P5,user,True,raw:raw_output,True
Mistral-7B-Instruct-v0.3,SciERC,J86-4002,P6,user,True,raw:raw_output,True
Mistral-7B-Instruct-v0.3,SciERC,ICML_2016_18_abs,P6,user,True,raw:raw_output,True
Mistral-7B-Instruct-v0.3,SciERC,P05-1056,P6,user,True,raw:raw_output,True
Mistral-7B-Instruct-v0.3,SciERC,C94-1091,P6,user,True,raw:raw_output,True
Mistral-7B-Instruct-v0.3,SciERC,E93-1066,P6,user,True,raw:raw_output,True
Mistral-7B-Instruct-v0.3,SciERC,ICASSP_1997_706_abs,P6,user,True,raw:raw_output,True
Mistral-7B-Instruct-v0.3,SciERC,CVPR_2009_10_abs,P6,user,True,raw:raw_output,True
Mistral-7B-Instruct-v0.3,SciERC,ICML_2016_11_abs,P6,user,True,raw:raw_output,True
Mistral-7B-Instruct-v0.3,SciERC,CVPR_1994_10_abs,P6,user,True,raw:raw_output,True
Mistral-7B-Instruct-v0.3,SciERC,ECCV_2016_204_abs,P6,user,True,raw:raw_output,True
Mistral-7B-Instruct-v0.3,SciERC,H01-1042,P6,user,True,raw:raw_output,True
Mistral-7B-Instruct-v0.3,SciERC,ECCV_2016_99_abs,P6,user,True,raw:raw_output,True
Mistral-7B-Instruct-v0.3,SciERC,CVPR_2008_256_abs,P6,user,True,raw:raw_output,True
Mistral-7B-Instruct-v0.3,SciERC,ICCV_2013_47_abs,P6,user,True,raw:raw_output,True
Mistral-7B-Instruct-v0.3,SciERC,ICCV_2003_151_abs,P6,user,True,raw:raw_output,True
Mistral-7B-Instruct-v0.3,SciERC,X96-1059,P6,user,True,raw:raw_output,True
Mistral-7B-Instruct-v0.3,SciERC,INTERSPEECH_2008_28_abs,P6,user,True,raw:raw_output,True
Mistral-7B-Instruct-v0.3,SciERC,ECCV_2006_13_abs,P6,user,True,raw:raw_output,True
Mistral-7B-Instruct-v0.3,SciERC,ECCV_2016_212_abs,P6,user,True,raw:raw_output,True
Mistral-7B-Instruct-v0.3,SciERC,W02-1602,P6,user,True,raw:raw_output,True
Mistral-7B-Instruct-v0.3,SciERC,J86-3001,P6,user,True,raw:raw_output,True
Mistral-7B-Instruct-v0.3,SciER,ICLR2024-AI4Material,P1,user,True,raw:raw_output,True
Mistral-7B-Instruct-v0.3,SciER,ICLR2024-AI4Material,P2,user,True,raw:raw_output,True
Mistral-7B-Instruct-v0.3,SciER,ICLR2024-AI4Material,P3,user,True,raw:raw_output,True
Mistral-7B-Instruct-v0.3,SciER,ICLR2024-AI4Material,P4,user,True,raw:raw_output,True
Mistral-7B-Instruct-v0.3,SciER,160009536,P1,user,True,raw:raw_output,True
Mistral-7B-Instruct-v0.3,SciER,ICLR2024-AI4Material,P5,user,True,raw:raw_output,True
Mistral-7B-Instruct-v0.3,SciER,160009536,P2,user,True,raw:raw_output,True
Mistral-7B-Instruct-v0.3,SciER,160009536,P3,user,True,raw:raw_output,True
Mistral-7B-Instruct-v0.3,SciER,160009536,P4,user,True,raw:raw_output,True
Mistral-7B-Instruct-v0.3,SciER,ICLR2024-AI4Material,P6,user,True,raw:raw_output,True
Mistral-7B-Instruct-v0.3,SciER,244256,P1,user,True,raw:raw_output,True
Mistral-7B-Instruct-v0.3,SciER,244256,P2,user,True,raw:raw_output,True
Mistral-7B-Instruct-v0.3,SciER,244256,P3,user,True,raw:raw_output,True
Mistral-7B-Instruct-v0.3,SciER,192546007,P1,user,True,raw:raw_output,True
Mistral-7B-Instruct-v0.3,SciER,244256,P4,user,True,raw:raw_output,True
Mistral-7B-Instruct-v0.3,SciER,192546007,P2,user,True,raw:raw_output,True
Mistral-7B-Instruct-v0.3,SciER,160009536,P5,user,True,raw:raw_output,True
Mistral-7B-Instruct-v0.3,SciER,192546007,P3,user,True,raw:raw_output,True
Mistral-7B-Instruct-v0.3,SciER,202719492,P1,user,True,raw:raw_output,True
Mistral-7B-Instruct-v0.3,SciER,192546007,P4,user,True,raw:raw_output,True
Mistral-7B-Instruct-v0.3,SciER,202719492,P2,user,True,raw:raw_output,True
Mistral-7B-Instruct-v0.3,SciER,160009536,P6,user,True,raw:raw_output,True
Mistral-7B-Instruct-v0.3,SciER,210157153,P1,user,True,raw:raw_output,True
Mistral-7B-Instruct-v0.3,SciER,202719492,P3,user,True,raw:raw_output,True
Mistral-7B-Instruct-v0.3,SciER,210157153,P2,user,True,raw:raw_output,True
Mistral-7B-Instruct-v0.3,SciER,244256,P5,user,True,raw:raw_output,True
Mistral-7B-Instruct-v0.3,SciER,3627225,P1,user,True,raw:raw_output,True
Mistral-7B-Instruct-v0.3,SciER,202719492,P4,user,True,raw:raw_output,True
Mistral-7B-Instruct-v0.3,SciER,210157153,P3,user,True,raw:raw_output,True
Mistral-7B-Instruct-v0.3,SciER,3627225,P2,user,True,raw:raw_output,True
Mistral-7B-Instruct-v0.3,SciER,210157153,P4,user,True,raw:raw_output,True
Mistral-7B-Instruct-v0.3,SciER,3627225,P3,user,True,raw:raw_output,True
Mistral-7B-Instruct-v0.3,SciER,192546007,P5,user,True,raw:raw_output,True
Mistral-7B-Instruct-v0.3,SciER,244256,P6,user,True,raw:raw_output,True
Mistral-7B-Instruct-v0.3,SciER,NeurIPS2023-AI4Science,P1,user,True,raw:raw_output,True
Mistral-7B-Instruct-v0.3,SciER,3627225,P4,user,True,raw:raw_output,True
Mistral-7B-Instruct-v0.3,SciER,NeurIPS2023-AI4Science,P2,user,True,raw:raw_output,True
Mistral-7B-Instruct-v0.3,SciER,NeurIPS2023-AI4Science,P3,user,True,raw:raw_output,True
Mistral-7B-Instruct-v0.3,SciER,192546007,P6,user,True,raw:raw_output,True
Mistral-7B-Instruct-v0.3,SciER,202719492,P5,user,True,raw:raw_output,True
Mistral-7B-Instruct-v0.3,SciER,NeurIPS2023-AI4Science,P4,user,True,raw:raw_output,True
Mistral-7B-Instruct-v0.3,SciER,AAAI2024,P1,user,True,raw:raw_output,True
Mistral-7B-Instruct-v0.3,SciER,210157153,P5,user,True,raw:raw_output,True
Mistral-7B-Instruct-v0.3,SciER,AAAI2024,P2,user,True,raw:raw_output,True
Mistral-7B-Instruct-v0.3,SciER,202719492,P6,user,True,raw:raw_output,True
Mistral-7B-Instruct-v0.3,SciER,AAAI2024,P3,user,True,raw:raw_output,True
Mistral-7B-Instruct-v0.3,SciER,3627225,P5,user,True,raw:raw_output,True
Mistral-7B-Instruct-v0.3,SciER,AAAI2024,P4,user,True,raw:raw_output,True
Mistral-7B-Instruct-v0.3,SciER,210157153,P6,user,True,raw:raw_output,True
Mistral-7B-Instruct-v0.3,SciER,3627225,P6,user,True,raw:raw_output,True
Mistral-7B-Instruct-v0.3,SciER,NeurIPS2023-AI4Science,P5,user,True,raw:raw_output,True
Mistral-7B-Instruct-v0.3,SciER,EMNLP2023,P1,user,True,raw:raw_output,True
Mistral-7B-Instruct-v0.3,SciER,EMNLP2023,P2,user,True,raw:raw_output,True
Mistral-7B-Instruct-v0.3,SciER,EMNLP2023,P3,user,True,raw:raw_output,True
Mistral-7B-Instruct-v0.3,SciER,NeurIPS2023-AI4Science,P6,user,True,raw:raw_output,True
Mistral-7B-Instruct-v0.3,SciER,AAAI2024,P5,user,True,raw:raw_output,True
Mistral-7B-Instruct-v0.3,SciER,EMNLP2023,P4,user,True,raw:raw_output,True
Mistral-7B-Instruct-v0.3,SciER,ICLR2024-AI4Science-Protein,P1,user,True,raw:raw_output,True
Mistral-7B-Instruct-v0.3,SciER,ICLR2024-AI4Science-Protein,P2,user,True,raw:raw_output,True
Mistral-7B-Instruct-v0.3,SciER,AAAI2024,P6,user,True,raw:raw_output,True
Mistral-7B-Instruct-v0.3,SciER,ICLR2024-AI4Science-Protein,P3,user,True,raw:raw_output,True
Mistral-7B-Instruct-v0.3,SciER,ICLR2024-AI4Science-Protein,P4,user,True,raw:raw_output,True
Mistral-7B-Instruct-v0.3,SciER,EMNLP2023,P5,user,True,raw:raw_output,True
Mistral-7B-Instruct-v0.3,SciER,202888938,P1,user,True,raw:raw_output,True
Mistral-7B-Instruct-v0.3,SciER,EMNLP2023,P6,user,True,raw:raw_output,True
Mistral-7B-Instruct-v0.3,SciER,202888938,P2,user,True,raw:raw_output,True
Mistral-7B-Instruct-v0.3,SciER,202888938,P3,user,True,raw:raw_output,True
Mistral-7B-Instruct-v0.3,SciER,ICLR2024-AI4Science-Protein,P5,user,True,raw:raw_output,True
Mistral-7B-Instruct-v0.3,SciER,202888938,P4,user,True,raw:raw_output,True
Mistral-7B-Instruct-v0.3,SciER,ICLR2024-AI4Science-Protein,P6,user,True,raw:raw_output,True
Mistral-7B-Instruct-v0.3,SciER,202888938,P5,user,True,raw:raw_output,True
Mistral-7B-Instruct-v0.3,SciER,202888938,P6,user,True,raw:raw_output,True
Mistral-7B-Instruct-v0.3,SciER,CVPR2023,P1,user,True,raw:raw_output,True
Mistral-7B-Instruct-v0.3,SciER,53109398,P1,user,True,raw:raw_output,True
Mistral-7B-Instruct-v0.3,SciER,CVPR2023,P2,user,True,raw:raw_output,True
Mistral-7B-Instruct-v0.3,SciER,53109398,P2,user,True,raw:raw_output,True
Mistral-7B-Instruct-v0.3,SciER,CVPR2023,P3,user,True,raw:raw_output,True
Mistral-7B-Instruct-v0.3,SciER,53109398,P3,user,True,raw:raw_output,True
Mistral-7B-Instruct-v0.3,SciER,CVPR2023,P4,user,True,raw:raw_output,True
Mistral-7B-Instruct-v0.3,SciER,53109398,P4,user,True,raw:raw_output,True
Mistral-7B-Instruct-v0.3,SciER,CVPR2023,P5,user,True,raw:raw_output,True
Mistral-7B-Instruct-v0.3,SciER,53109398,P5,user,True,raw:raw_output,True
Mistral-7B-Instruct-v0.3,SciER,CVPR2023,P6,user,True,raw:raw_output,True
Mistral-7B-Instruct-v0.3,SciER,53109398,P6,user,True,raw:raw_output,True
Mistral-7B-Instruct-v0.3,SciER,52169846,P1,user,True,raw:raw_output,True
Mistral-7B-Instruct-v0.3,SciER,52169846,P2,user,True,raw:raw_output,True
Mistral-7B-Instruct-v0.3,SciER,52169846,P3,user,True,raw:raw_output,True
Mistral-7B-Instruct-v0.3,SciER,52169846,P4,user,True,raw:raw_output,True
Mistral-7B-Instruct-v0.3,SciER,52169846,P5,user,True,raw:raw_output,True
Mistral-7B-Instruct-v0.3,SciER,52169846,P6,user,True,raw:raw_output,True
Mistral-7B-Instruct-v0.3,SciER,210702798,P1,user,True,raw:raw_output,True
Mistral-7B-Instruct-v0.3,SciER,210702798,P2,user,True,raw:raw_output,True
Mistral-7B-Instruct-v0.3,SciER,210702798,P3,user,True,raw:raw_output,True
Mistral-7B-Instruct-v0.3,SciER,210702798,P4,user,True,raw:raw_output,True
Mistral-7B-Instruct-v0.3,SciER,210702798,P5,user,True,raw:raw_output,True
Mistral-7B-Instruct-v0.3,SciER,210702798,P6,user,True,raw:raw_output,True
Qwen3-8B,EBM-NLP,11229858,P1,user,True,raw:raw_output,True
Qwen3-8B,EBM-NLP,11229858,P2,user,True,raw:raw_output,True
Qwen3-8B,EBM-NLP,2678230,P1,user,True,raw:raw_output,True
Qwen3-8B,EBM-NLP,8916620,P1,user,True,raw:raw_output,True
Qwen3-8B,SciERC,P86-1011,P1,user,True,raw:raw_output,True
Qwen3-8B,EBM-NLP,11381289,P1,user,True,raw:raw_output,True
Qwen3-8B,EBM-NLP,4919024,P1,user,True,raw:raw_output,True
Qwen3-8B,SciERC,ECCV_2016_110_abs,P1,user,True,raw:raw_output,True
Qwen3-8B,EBM-NLP,19708562,P1,user,True,raw:raw_output,True
Qwen3-8B,EBM-NLP,21914768,P1,user,True,raw:raw_output,True
Qwen3-8B,SciERC,E95-1033,P1,user,True,raw:raw_output,True
Qwen3-8B,EBM-NLP,3067745,P1,user,True,raw:raw_output,True
Qwen3-8B,SciERC,P06-3007,P1,user,True,raw:raw_output,True
Qwen3-8B,EBM-NLP,23849147,P1,user,True,raw:raw_output,True
Qwen3-8B,EBM-NLP,15358868,P1,user,True,raw:raw_output,True
Qwen3-8B,EBM-NLP,7844976,P1,user,True,raw:raw_output,True
Qwen3-8B,SciERC,C88-1044,P1,user,True,raw:raw_output,True
Qwen3-8B,EBM-NLP,11229858,P3,user,True,raw:raw_output,True
Qwen3-8B,EBM-NLP,384815,P1,user,True,raw:raw_output,True
Qwen3-8B,EBM-NLP,2678230,P2,user,True,raw:raw_output,True
Qwen3-8B,SciERC,P05-1039,P1,user,True,raw:raw_output,True
Qwen3-8B,SciERC,I05-5004,P1,user,True,raw:raw_output,True
Qwen3-8B,SciERC,E99-1015,P1,user,True,raw:raw_output,True
Qwen3-8B,SciERC,P06-1018,P1,user,True,raw:raw_output,True
Qwen3-8B,EBM-NLP,19096921,P1,user,True,raw:raw_output,True
Qwen3-8B,EBM-NLP,8916620,P2,user,True,raw:raw_output,True
Qwen3-8B,EBM-NLP,22416755,P1,user,True,raw:raw_output,True
Qwen3-8B,EBM-NLP,24803369,P1,user,True,raw:raw_output,True
Qwen3-8B,EBM-NLP,10934569,P1,user,True,raw:raw_output,True
Qwen3-8B,EBM-NLP,6938020,P1,user,True,raw:raw_output,True
Qwen3-8B,EBM-NLP,22271197,P1,user,True,raw:raw_output,True
Qwen3-8B,SciERC,P06-1053,P1,user,True,raw:raw_output,True
Qwen3-8B,SciERC,P05-2013,P1,user,True,raw:raw_output,True
Qwen3-8B,SciERC,P06-4007,P1,user,True,raw:raw_output,True
Qwen3-8B,SciERC,C86-1081,P1,user,True,raw:raw_output,True
Qwen3-8B,EBM-NLP,1780092,P1,user,True,raw:raw_output,True
Qwen3-8B,SciERC,P06-1013,P1,user,True,raw:raw_output,True
Qwen3-8B,SciERC,P86-1011,P2,user,True,raw:raw_output,True
Qwen3-8B,SciERC,P06-2012,P1,user,True,raw:raw_output,True
Qwen3-8B,EBM-NLP,1968178,P1,user,True,raw:raw_output,True
Qwen3-8B,SciERC,CVPR_2003_30_abs,P1,user,True,raw:raw_output,True
Qwen3-8B,EBM-NLP,25931290,P1,user,True,raw:raw_output,True
Qwen3-8B,SciERC,CVPR_2004_18_abs,P1,user,True,raw:raw_output,True
Qwen3-8B,SciERC,P83-1004,P1,user,True,raw:raw_output,True
Qwen3-8B,SciERC,E06-1022,P1,user,True,raw:raw_output,True
Qwen3-8B,EBM-NLP,11381289,P2,user,True,raw:raw_output,True
Qwen3-8B,SciERC,C04-1011,P1,user,True,raw:raw_output,True
Qwen3-8B,EBM-NLP,4919024,P2,user,True,raw:raw_output,True
Qwen3-8B,EBM-NLP,1131298,P1,user,True,raw:raw_output,True
Qwen3-8B,EBM-NLP,6951573,P1,user,True,raw:raw_output,True
Qwen3-8B,EBM-NLP,8779382,P1,user,True,raw:raw_output,True
Qwen3-8B,EBM-NLP,11750293,P1,user,True,raw:raw_output,True
Qwen3-8B,SciERC,H05-1095,P1,user,True,raw:raw_output,True
Qwen3-8B,EBM-NLP,11891832,P1,user,True,raw:raw_output,True
Qwen3-8B,EBM-NLP,19708562,P2,user,True,raw:raw_output,True
Qwen3-8B,EBM-NLP,1459268,P1,user,True,raw:raw_output,True
Qwen3-8B,SciERC,ECCV_2016_110_abs,P2,user,True,raw:raw_output,True
Qwen3-8B,EBM-NLP,21914768,P2,user,True,raw:raw_output,True
Qwen3-8B,SciERC,E95-1033,P2,user,True,raw:raw_output,True
Qwen3-8B,EBM-NLP,3067745,P2,user,True,raw:raw_output,True
Qwen3-8B,SciERC,P06-3007,P2,user,True,raw:raw_output,True
Qwen3-8B,SciERC,P03-1070,P1,user,True,raw:raw_output,True
Qwen3-8B,SciERC,C08-2010,P1,user,True,raw:raw_output,True
Qwen3-8B,SciERC,C04-1128,P1,user,True,raw:raw_output,True
Qwen3-8B,EBM-NLP,20509069,P1,user,True,raw:raw_output,True
Qwen3-8B,EBM-NLP,23849147,P2,user,True,raw:raw_output,True
Qwen3-8B,EBM-NLP,15854186,P1,user,True,raw:raw_output,True
Qwen3-8B,EBM-NLP,15358868,P2,user,True,raw:raw_output,True
Qwen3-8B,EBM-NLP,9229602,P1,user,True,raw:raw_output,True
Qwen3-8B,SciERC,C04-1036,P1,user,True,raw:raw_output,True
Qwen3-8B,EBM-NLP,7844976,P2,user,True,raw:raw_output,True
Qwen3-8B,EBM-NLP,24660757,P1,user,True,raw:raw_output,True
Qwen3-8B,SciERC,C88-1044,P2,user,True,raw:raw_output,True
Qwen3-8B,SciERC,N06-1037,P1,user,True,raw:raw_output,True
Qwen3-8B,SciERC,NIPS_2016_80_abs,P1,user,True,raw:raw_output,True
Qwen3-8B,SciERC,INTERSPEECH_2007_40_abs,P1,user,True,raw:raw_output,True
Qwen3-8B,SciERC,P05-1039,P2,user,True,raw:raw_output,True
Qwen3-8B,SciERC,C96-1062,P1,user,True,raw:raw_output,True
Qwen3-8B,EBM-NLP,384815,P2,user,True,raw:raw_output,True
Qwen3-8B,SciERC,CVPR_2011_10_abs,P1,user,True,raw:raw_output,True
Qwen3-8B,SciERC,N04-1022,P1,user,True,raw:raw_output,True
Qwen3-8B,SciERC,CVPR_1999_15_abs,P1,user,True,raw:raw_output,True
Qwen3-8B,EBM-NLP,19096921,P2,user,True,raw:raw_output,True
Qwen3-8B,SciERC,I05-5004,P2,user,True,raw:raw_output,True
Qwen3-8B,SciERC,E99-1015,P2,user,True,raw:raw_output,True
Qwen3-8B,EBM-NLP,20618920,P1,user,True,raw:raw_output,True
Qwen3-8B,SciERC,P06-1018,P2,user,True,raw:raw_output,True
Qwen3-8B,EBM-NLP,24803369,P2,user,True,raw:raw_output,True
Qwen3-8B,EBM-NLP,22416755,P2,user,True,raw:raw_output,True
Qwen3-8B,SciERC,CVPR_2004_30_abs,P1,user,True,raw:raw_output,True
Qwen3-8B,EBM-NLP,10934569,P2,user,True,raw:raw_output,True
Qwen3-8B,SciERC,J82-3002,P1,user,True,raw:raw_output,True
Qwen3-8B,SciERC,P01-1056,P1,user,True,raw:raw_output,True
Qwen3-8B,SciERC,ICCV_2013_25_abs,P1,user,True,raw:raw_output,True
Qwen3-8B,EBM-NLP,7017018,P1,user,True,raw:raw_output,True
Qwen3-8B,SciERC,NIPS_2001_11_abs,P1,user,True,raw:raw_output,True
Qwen3-8B,EBM-NLP,6938020,P2,user,True,raw:raw_output,True
Qwen3-8B,EBM-NLP,11229858,P4,user,True,raw:raw_output,True
Qwen3-8B,SciERC,I05-4010,P1,user,True,raw:raw_output,True
Qwen3-8B,SciERC,C00-2123,P1,user,True,raw:raw_output,True
Qwen3-8B,EBM-NLP,22271197,P2,user,True,raw:raw_output,True
Qwen3-8B,SciERC,P06-1053,P2,user,True,raw:raw_output,True
Qwen3-8B,EBM-NLP,2678230,P3,user,True,raw:raw_output,True
Qwen3-8B,SciERC,P05-2013,P2,user,True,raw:raw_output,True
Qwen3-8B,SciERC,NIPS_2002_18_abs,P1,user,True,raw:raw_output,True
Qwen3-8B,SciERC,P08-1105,P1,user,True,raw:raw_output,True
Qwen3-8B,SciERC,A97-1020,P1,user,True,raw:raw_output,True
Qwen3-8B,SciERC,C90-3063,P1,user,True,raw:raw_output,True
Qwen3-8B,EBM-NLP,23021296,P1,user,True,raw:raw_output,True
Qwen3-8B,EBM-NLP,23838728,P1,user,True,raw:raw_output,True
Qwen3-8B,SciERC,CVPR_2009_18_abs,P1,user,True,raw:raw_output,True
Qwen3-8B,EBM-NLP,3081600,P1,user,True,raw:raw_output,True
Qwen3-8B,SciERC,P06-4007,P2,user,True,raw:raw_output,True
Qwen3-8B,EBM-NLP,8916620,P3,user,True,raw:raw_output,True
Qwen3-8B,SciERC,INTERSPEECH_2013_21_abs,P1,user,True,raw:raw_output,True
Qwen3-8B,SciERC,C86-1081,P2,user,True,raw:raw_output,True
Qwen3-8B,SciERC,P06-1013,P2,user,True,raw:raw_output,True
Qwen3-8B,SciERC,P06-2012,P2,user,True,raw:raw_output,True
Qwen3-8B,EBM-NLP,1780092,P2,user,True,raw:raw_output,True
Qwen3-8B,SciERC,ICML_1995_38_abs,P1,user,True,raw:raw_output,True
Qwen3-8B,EBM-NLP,18229990,P1,user,True,raw:raw_output,True
Qwen3-8B,SciERC,C04-1035,P1,user,True,raw:raw_output,True
Qwen3-8B,SciERC,NIPS_2002_11_abs,P1,user,True,raw:raw_output,True
Qwen3-8B,EBM-NLP,16427787,P1,user,True,raw:raw_output,True
Qwen3-8B,EBM-NLP,15193668,P1,user,True,raw:raw_output,True
Qwen3-8B,EBM-NLP,2223363,P1,user,True,raw:raw_output,True
Qwen3-8B,SciERC,CVPR_2003_30_abs,P2,user,True,raw:raw_output,True
Qwen3-8B,EBM-NLP,18773733,P1,user,True,raw:raw_output,True
Qwen3-8B,SciERC,ECCV_2012_30_abs,P1,user,True,raw:raw_output,True
Qwen3-8B,EBM-NLP,1968178,P2,user,True,raw:raw_output,True
Qwen3-8B,EBM-NLP,25931290,P2,user,True,raw:raw_output,True
Qwen3-8B,SciERC,P83-1004,P2,user,True,raw:raw_output,True
Qwen3-8B,SciERC,E06-1022,P2,user,True,raw:raw_output,True
Qwen3-8B,SciERC,C04-1011,P2,user,True,raw:raw_output,True
Qwen3-8B,SciERC,CVPR_2004_18_abs,P2,user,True,raw:raw_output,True
Qwen3-8B,SciERC,H01-1049,P1,user,True,raw:raw_output,True
Qwen3-8B,SciERC,N03-1033,P1,user,True,raw:raw_output,True
Qwen3-8B,SciERC,I05-5003,P1,user,True,raw:raw_output,True
Qwen3-8B,SciERC,C90-3045,P1,user,True,raw:raw_output,True
Qwen3-8B,EBM-NLP,7827398,P1,user,True,raw:raw_output,True
Qwen3-8B,EBM-NLP,6951573,P2,user,True,raw:raw_output,True
Qwen3-8B,EBM-NLP,1131298,P2,user,True,raw:raw_output,True
Qwen3-8B,EBM-NLP,8779382,P2,user,True,raw:raw_output,True
Qwen3-8B,SciERC,P86-1011,P3,user,True,raw:raw_output,True
Qwen3-8B,SciERC,H05-1095,P2,user,True,raw:raw_output,True
Qwen3-8B,EBM-NLP,11750293,P2,user,True,raw:raw_output,True
Qwen3-8B,SciERC,C04-1106,P1,user,True,raw:raw_output,True
Qwen3-8B,SciERC,P85-1019,P1,user,True,raw:raw_output,True
Qwen3-8B,SciERC,INTERSPEECH_2014_40_abs,P1,user,True,raw:raw_output,True
Qwen3-8B,SciERC,C04-1103,P1,user,True,raw:raw_output,True
Qwen3-8B,EBM-NLP,10752495,P1,user,True,raw:raw_output,True
Qwen3-8B,EBM-NLP,1459268,P2,user,True,raw:raw_output,True
Qwen3-8B,EBM-NLP,11891832,P2,user,True,raw:raw_output,True
Qwen3-8B,EBM-NLP,22744141,P1,user,True,raw:raw_output,True
Qwen3-8B,SciERC,P04-2005,P1,user,True,raw:raw_output,True
Qwen3-8B,SciERC,ICCV_2001_47_abs,P1,user,True,raw:raw_output,True
Qwen3-8B,EBM-NLP,11381289,P3,user,True,raw:raw_output,True
Qwen3-8B,SciERC,C04-1128,P2,user,True,raw:raw_output,True
Qwen3-8B,SciERC,P03-1070,P2,user,True,raw:raw_output,True
Qwen3-8B,EBM-NLP,20509069,P2,user,True,raw:raw_output,True
Qwen3-8B,EBM-NLP,4919024,P3,user,True,raw:raw_output,True
Qwen3-8B,SciERC,C08-2010,P2,user,True,raw:raw_output,True
Qwen3-8B,SciERC,N03-1026,P1,user,True,raw:raw_output,True
Qwen3-8B,SciERC,ICCV_2003_161_abs,P1,user,True,raw:raw_output,True
Qwen3-8B,EBM-NLP,15854186,P2,user,True,raw:raw_output,True
Qwen3-8B,EBM-NLP,9229602,P2,user,True,raw:raw_output,True
Qwen3-8B,SciERC,E89-1016,P1,user,True,raw:raw_output,True
Qwen3-8B,EBM-NLP,2224060,P1,user,True,raw:raw_output,True
Qwen3-8B,EBM-NLP,17293018,P1,user,True,raw:raw_output,True
Qwen3-8B,SciERC,ICASSP_2016_11_abs,P1,user,True,raw:raw_output,True
Qwen3-8B,SciERC,C04-1036,P2,user,True,raw:raw_output,True
Qwen3-8B,SciERC,J05-4003,P1,user,True,raw:raw_output,True
Qwen3-8B,EBM-NLP,24660757,P2,user,True,raw:raw_output,True
Qwen3-8B,SciERC,N06-1037,P2,user,True,raw:raw_output,True
Qwen3-8B,EBM-NLP,3919804,P1,user,True,raw:raw_output,True
Qwen3-8B,SciERC,NIPS_2016_80_abs,P2,user,True,raw:raw_output,True
Qwen3-8B,EBM-NLP,21914768,P3,user,True,raw:raw_output,True
Qwen3-8B,SciERC,INTERSPEECH_2007_40_abs,P2,user,True,raw:raw_output,True
Qwen3-8B,SciERC,P05-1076,P1,user,True,raw:raw_output,True
Qwen3-8B,EBM-NLP,19708562,P3,user,True,raw:raw_output,True
Qwen3-8B,SciERC,ECCV_2016_110_abs,P3,user,True,raw:raw_output,True
Qwen3-8B,SciERC,C96-1062,P2,user,True,raw:raw_output,True
Qwen3-8B,SciERC,E95-1033,P3,user,True,raw:raw_output,True
Qwen3-8B,SciERC,N04-1022,P2,user,True,raw:raw_output,True
Qwen3-8B,SciERC,ICML_2016_10_abs,P1,user,True,raw:raw_output,True
Qwen3-8B,SciERC,CVPR_2011_10_abs,P2,user,True,raw:raw_output,True
Qwen3-8B,EBM-NLP,12477021,P1,user,True,raw:raw_output,True
Qwen3-8B,EBM-NLP,16055807,P1,user,True,raw:raw_output,True
Qwen3-8B,SciERC,P06-3007,P3,user,True,raw:raw_output,True
Qwen3-8B,SciERC,CVPR_1999_15_abs,P2,user,True,raw:raw_output,True
Qwen3-8B,EBM-NLP,3067745,P3,user,True,raw:raw_output,True
Qwen3-8B,EBM-NLP,20618920,P2,user,True,raw:raw_output,True
Qwen3-8B,EBM-NLP,6421395,P1,user,True,raw:raw_output,True
Qwen3-8B,EBM-NLP,23849147,P3,user,True,raw:raw_output,True
Qwen3-8B,EBM-NLP,9481998,P1,user,True,raw:raw_output,True
Qwen3-8B,EBM-NLP,15358868,P3,user,True,raw:raw_output,True
Qwen3-8B,SciERC,INTERSPEECH_2006_21_abs,P1,user,True,raw:raw_output,True
Qwen3-8B,SciERC,P01-1056,P2,user,True,raw:raw_output,True
Qwen3-8B,SciERC,CVPR_2008_258_abs,P1,user,True,raw:raw_output,True
Qwen3-8B,SciERC,J82-3002,P2,user,True,raw:raw_output,True
Qwen3-8B,SciERC,ICCV_2013_25_abs,P2,user,True,raw:raw_output,True
Qwen3-8B,SciERC,CVPR_2004_30_abs,P2,user,True,raw:raw_output,True
Qwen3-8B,EBM-NLP,7017018,P2,user,True,raw:raw_output,True
Qwen3-8B,EBM-NLP,7844976,P3,user,True,raw:raw_output,True
Qwen3-8B,SciERC,I05-4010,P2,user,True,raw:raw_output,True
Qwen3-8B,SciERC,C88-1044,P3,user,True,raw:raw_output,True
Qwen3-8B,EBM-NLP,20804366,P1,user,True,raw:raw_output,True
Qwen3-8B,SciERC,NIPS_2001_11_abs,P2,user,True,raw:raw_output,True
Qwen3-8B,SciERC,C00-2123,P2,user,True,raw:raw_output,True
Qwen3-8B,SciERC,CVPR_2016_413_abs,P1,user,True,raw:raw_output,True
Qwen3-8B,SciERC,NIPS_2002_18_abs,P2,user,True,raw:raw_output,True
Qwen3-8B,SciERC,P05-1039,P3,user,True,raw:raw_output,True
Qwen3-8B,EBM-NLP,384815,P3,user,True,raw:raw_output,True
Qwen3-8B,SciERC,P08-1105,P2,user,True,raw:raw_output,True
Qwen3-8B,SciERC,CVPR_2006_10_abs,P1,user,True,raw:raw_output,True
Qwen3-8B,EBM-NLP,23021296,P2,user,True,raw:raw_output,True
Qwen3-8B,SciERC,A97-1020,P2,user,True,raw:raw_output,True
Qwen3-8B,EBM-NLP,23838728,P2,user,True,raw:raw_output,True
Qwen3-8B,SciERC,C90-3063,P2,user,True,raw:raw_output,True
Qwen3-8B,EBM-NLP,19096921,P3,user,True,raw:raw_output,True
Qwen3-8B,SciERC,P06-1018,P3,user,True,raw:raw_output,True
Qwen3-8B,SciERC,P05-1046,P1,user,True,raw:raw_output,True
Qwen3-8B,SciERC,E99-1015,P3,user,True,raw:raw_output,True
Qwen3-8B,SciERC,I05-5004,P3,user,True,raw:raw_output,True
Qwen3-8B,EBM-NLP,3081600,P2,user,True,raw:raw_output,True
Qwen3-8B,SciERC,CVPR_2009_18_abs,P2,user,True,raw:raw_output,True
Qwen3-8B,EBM-NLP,23357440,P1,user,True,raw:raw_output,True
Qwen3-8B,EBM-NLP,2066441,P1,user,True,raw:raw_output,True
Qwen3-8B,SciERC,INTERSPEECH_2013_21_abs,P2,user,True,raw:raw_output,True
Qwen3-8B,SciERC,CVPR_1993_10_abs,P1,user,True,raw:raw_output,True
Qwen3-8B,EBM-NLP,22416755,P3,user,True,raw:raw_output,True
Qwen3-8B,EBM-NLP,24803369,P3,user,True,raw:raw_output,True
Qwen3-8B,EBM-NLP,10934569,P3,user,True,raw:raw_output,True
Qwen3-8B,EBM-NLP,19159999,P1,user,True,raw:raw_output,True
Qwen3-8B,SciERC,ICML_1995_38_abs,P2,user,True,raw:raw_output,True
Qwen3-8B,EBM-NLP,2188766,P1,user,True,raw:raw_output,True
Qwen3-8B,EBM-NLP,18229990,P2,user,True,raw:raw_output,True
Qwen3-8B,EBM-NLP,23417625,P1,user,True,raw:raw_output,True
Qwen3-8B,SciERC,NIPS_2002_11_abs,P2,user,True,raw:raw_output,True
Qwen3-8B,SciERC,C04-1035,P2,user,True,raw:raw_output,True
Qwen3-8B,EBM-NLP,16427787,P2,user,True,raw:raw_output,True
Qwen3-8B,EBM-NLP,6938020,P3,user,True,raw:raw_output,True
Qwen3-8B,EBM-NLP,22271197,P3,user,True,raw:raw_output,True
Qwen3-8B,EBM-NLP,18503531,P1,user,True,raw:raw_output,True
Qwen3-8B,EBM-NLP,2223363,P2,user,True,raw:raw_output,True
Qwen3-8B,SciERC,NIPS_2015_18_abs,P1,user,True,raw:raw_output,True
Qwen3-8B,EBM-NLP,15193668,P2,user,True,raw:raw_output,True
Qwen3-8B,EBM-NLP,25369243,P1,user,True,raw:raw_output,True
Qwen3-8B,EBM-NLP,11642083,P1,user,True,raw:raw_output,True
Qwen3-8B,SciERC,P06-1053,P3,user,True,raw:raw_output,True
Qwen3-8B,EBM-NLP,25068497,P1,user,True,raw:raw_output,True
Qwen3-8B,SciERC,INTERSPEECH_2008_20_abs,P1,user,True,raw:raw_output,True
Qwen3-8B,SciERC,NIPS_2016_560_abs,P1,user,True,raw:raw_output,True
Qwen3-8B,EBM-NLP,2678230,P4,user,True,raw:raw_output,True
Qwen3-8B,SciERC,P05-2013,P3,user,True,raw:raw_output,True
Qwen3-8B,SciERC,E91-1012,P1,user,True,raw:raw_output,True
Qwen3-8B,SciERC,CVPR_2010_30_abs,P1,user,True,raw:raw_output,True
Qwen3-8B,SciERC,ECCV_2012_30_abs,P2,user,True,raw:raw_output,True
Qwen3-8B,EBM-NLP,18773733,P2,user,True,raw:raw_output,True
Qwen3-8B,SciERC,P06-4007,P3,user,True,raw:raw_output,True
Qwen3-8B,SciERC,H01-1049,P2,user,True,raw:raw_output,True
Qwen3-8B,EBM-NLP,8916620,P4,user,True,raw:raw_output,True
Qwen3-8B,SciERC,I05-5003,P2,user,True,raw:raw_output,True
Qwen3-8B,SciERC,N03-1033,P2,user,True,raw:raw_output,True
Qwen3-8B,EBM-NLP,7827398,P2,user,True,raw:raw_output,True
Qwen3-8B,SciERC,C90-3045,P2,user,True,raw:raw_output,True
Qwen3-8B,SciERC,C86-1081,P3,user,True,raw:raw_output,True
Qwen3-8B,EBM-NLP,2088233,P1,user,True,raw:raw_output,True
Qwen3-8B,SciERC,P06-1013,P3,user,True,raw:raw_output,True
Qwen3-8B,EBM-NLP,1780092,P3,user,True,raw:raw_output,True
Qwen3-8B,SciERC,P06-2012,P3,user,True,raw:raw_output,True
Qwen3-8B,SciERC,CVPR_2011_11_abs,P1,user,True,raw:raw_output,True
Qwen3-8B,SciERC,C04-1106,P2,user,True,raw:raw_output,True
Qwen3-8B,EBM-NLP,17616069,P1,user,True,raw:raw_output,True
Qwen3-8B,SciERC,P85-1019,P2,user,True,raw:raw_output,True
Qwen3-8B,SciERC,C04-1103,P2,user,True,raw:raw_output,True
Qwen3-8B,SciERC,INTERSPEECH_2014_40_abs,P2,user,True,raw:raw_output,True
Qwen3-8B,EBM-NLP,10752495,P2,user,True,raw:raw_output,True
Qwen3-8B,EBM-NLP,22744141,P2,user,True,raw:raw_output,True
Qwen3-8B,EBM-NLP,24075141,P1,user,True,raw:raw_output,True
Qwen3-8B,EBM-NLP,1968178,P3,user,True,raw:raw_output,True
Qwen3-8B,EBM-NLP,10390665,P1,user,True,raw:raw_output,True
Qwen3-8B,SciERC,ICML_2016_18_abs,P1,user,True,raw:raw_output,True
Qwen3-8B,SciERC,ICML_2006_119_abs,P1,user,True,raw:raw_output,True
Qwen3-8B,SciERC,CVPR_2003_30_abs,P3,user,True,raw:raw_output,True
Qwen3-8B,EBM-NLP,25931290,P3,user,True,raw:raw_output,True
Qwen3-8B,SciERC,ICCV_2001_47_abs,P2,user,True,raw:raw_output,True
Qwen3-8B,SciERC,P04-2005,P2,user,True,raw:raw_output,True
Qwen3-8B,SciERC,CVPR_2004_18_abs,P3,user,True,raw:raw_output,True
Qwen3-8B,SciERC,P83-1004,P3,user,True,raw:raw_output,True
Qwen3-8B,SciERC,E06-1022,P3,user,True,raw:raw_output,True
Qwen3-8B,SciERC,ICCV_2003_161_abs,P2,user,True,raw:raw_output,True
Qwen3-8B,SciERC,C04-1011,P3,user,True,raw:raw_output,True
Qwen3-8B,SciERC,J86-4002,P1,user,True,raw:raw_output,True
Qwen3-8B,SciERC,N03-1026,P2,user,True,raw:raw_output,True
Qwen3-8B,EBM-NLP,6951573,P3,user,True,raw:raw_output,True
Qwen3-8B,EBM-NLP,2224060,P2,user,True,raw:raw_output,True
Qwen3-8B,EBM-NLP,17293018,P2,user,True,raw:raw_output,True
Qwen3-8B,EBM-NLP,8779382,P3,user,True,raw:raw_output,True
Qwen3-8B,EBM-NLP,21170734,P1,user,True,raw:raw_output,True
Qwen3-8B,SciERC,E89-1016,P2,user,True,raw:raw_output,True
Qwen3-8B,EBM-NLP,1131298,P3,user,True,raw:raw_output,True
Qwen3-8B,EBM-NLP,11495215,P1,user,True,raw:raw_output,True
Qwen3-8B,EBM-NLP,18958161,P1,user,True,raw:raw_output,True
Qwen3-8B,SciERC,ICASSP_2016_11_abs,P2,user,True,raw:raw_output,True
Qwen3-8B,SciERC,H05-1095,P3,user,True,raw:raw_output,True
Qwen3-8B,SciERC,J05-4003,P2,user,True,raw:raw_output,True
Qwen3-8B,EBM-NLP,11750293,P3,user,True,raw:raw_output,True
Qwen3-8B,SciERC,C94-1091,P1,user,True,raw:raw_output,True
Qwen3-8B,EBM-NLP,3919804,P2,user,True,raw:raw_output,True
Qwen3-8B,EBM-NLP,361799,P1,user,True,raw:raw_output,True
Qwen3-8B,SciERC,P05-1076,P2,user,True,raw:raw_output,True
Qwen3-8B,EBM-NLP,7853069,P1,user,True,raw:raw_output,True
Qwen3-8B,EBM-NLP,1459268,P3,user,True,raw:raw_output,True
Qwen3-8B,EBM-NLP,11891832,P3,user,True,raw:raw_output,True
Qwen3-8B,SciERC,ICML_2016_10_abs,P2,user,True,raw:raw_output,True
Qwen3-8B,SciERC,ICASSP_1997_706_abs,P1,user,True,raw:raw_output,True
Qwen3-8B,EBM-NLP,7831628,P1,user,True,raw:raw_output,True
Qwen3-8B,EBM-NLP,12139812,P1,user,True,raw:raw_output,True
Qwen3-8B,EBM-NLP,12477021,P2,user,True,raw:raw_output,True
Qwen3-8B,EBM-NLP,16055807,P2,user,True,raw:raw_output,True
Qwen3-8B,SciERC,P05-1056,P1,user,True,raw:raw_output,True
Qwen3-8B,SciERC,C08-2010,P3,user,True,raw:raw_output,True
Qwen3-8B,EBM-NLP,6421395,P2,user,True,raw:raw_output,True
Qwen3-8B,EBM-NLP,4919024,P4,user,True,raw:raw_output,True
Qwen3-8B,EBM-NLP,22646975,P1,user,True,raw:raw_output,True
Qwen3-8B,EBM-NLP,20509069,P3,user,True,raw:raw_output,True
Qwen3-8B,SciERC,P03-1070,P3,user,True,raw:raw_output,True
Qwen3-8B,SciERC,C04-1128,P3,user,True,raw:raw_output,True
Qwen3-8B,EBM-NLP,11381289,P4,user,True,raw:raw_output,True
Qwen3-8B,EBM-NLP,9481998,P2,user,True,raw:raw_output,True
Qwen3-8B,EBM-NLP,15854186,P3,user,True,raw:raw_output,True
Qwen3-8B,EBM-NLP,9229602,P3,user,True,raw:raw_output,True
Qwen3-8B,SciERC,INTERSPEECH_2006_21_abs,P2,user,True,raw:raw_output,True
Qwen3-8B,SciERC,C04-1036,P3,user,True,raw:raw_output,True
Qwen3-8B,SciERC,E93-1066,P1,user,True,raw:raw_output,True
Qwen3-8B,SciERC,CVPR_2008_258_abs,P2,user,True,raw:raw_output,True
Qwen3-8B,EBM-NLP,20804366,P2,user,True,raw:raw_output,True
Qwen3-8B,SciERC,N06-1037,P3,user,True,raw:raw_output,True
Qwen3-8B,EBM-NLP,24660757,P3,user,True,raw:raw_output,True
Qwen3-8B,EBM-NLP,24451919,P1,user,True,raw:raw_output,True
Qwen3-8B,SciERC,NIPS_2016_80_abs,P3,user,True,raw:raw_output,True
Qwen3-8B,EBM-NLP,21914768,P4,user,True,raw:raw_output,True
Qwen3-8B,SciERC,CVPR_2016_413_abs,P2,user,True,raw:raw_output,True
Qwen3-8B,EBM-NLP,19708562,P4,user,True,raw:raw_output,True
Qwen3-8B,SciERC,INTERSPEECH_2007_40_abs,P3,user,True,raw:raw_output,True
Qwen3-8B,SciERC,C96-1062,P3,user,True,raw:raw_output,True
Qwen3-8B,SciERC,CVPR_2011_10_abs,P3,user,True,raw:raw_output,True
Qwen3-8B,SciERC,N04-1022,P3,user,True,raw:raw_output,True
Qwen3-8B,EBM-NLP,22435114,P1,user,True,raw:raw_output,True
Qwen3-8B,EBM-NLP,10578479,P1,user,True,raw:raw_output,True
Qwen3-8B,EBM-NLP,6418441,P1,user,True,raw:raw_output,True
Qwen3-8B,SciERC,CVPR_2006_10_abs,P2,user,True,raw:raw_output,True
Qwen3-8B,SciERC,CVPR_1999_15_abs,P3,user,True,raw:raw_output,True
Qwen3-8B,EBM-NLP,3067745,P4,user,True,raw:raw_output,True
Qwen3-8B,SciERC,P05-1046,P2,user,True,raw:raw_output,True
Qwen3-8B,EBM-NLP,23849147,P4,user,True,raw:raw_output,True
Qwen3-8B,EBM-NLP,20618920,P3,user,True,raw:raw_output,True
Qwen3-8B,SciERC,CVPR_2009_10_abs,P1,user,True,raw:raw_output,True
Qwen3-8B,EBM-NLP,23357440,P2,user,True,raw:raw_output,True
Qwen3-8B,EBM-NLP,2066441,P2,user,True,raw:raw_output,True
Qwen3-8B,SciERC,CVPR_1993_10_abs,P2,user,True,raw:raw_output,True
Qwen3-8B,EBM-NLP,15358868,P4,user,True,raw:raw_output,True
Qwen3-8B,SciERC,P01-1056,P3,user,True,raw:raw_output,True
Qwen3-8B,EBM-NLP,19159999,P2,user,True,raw:raw_output,True
Qwen3-8B,SciERC,ICCV_2013_25_abs,P3,user,True,raw:raw_output,True
Qwen3-8B,SciERC,J82-3002,P3,user,True,raw:raw_output,True
Qwen3-8B,SciERC,CVPR_2004_30_abs,P3,user,True,raw:raw_output,True
Qwen3-8B,EBM-NLP,7017018,P3,user,True,raw:raw_output,True
Qwen3-8B,EBM-NLP,23417625,P2,user,True,raw:raw_output,True
Qwen3-8B,EBM-NLP,2188766,P2,user,True,raw:raw_output,True
Qwen3-8B,EBM-NLP,7844976,P4,user,True,raw:raw_output,True
Qwen3-8B,SciERC,NIPS_2001_11_abs,P3,user,True,raw:raw_output,True
Qwen3-8B,EBM-NLP,1286547,P1,user,True,raw:raw_output,True
Qwen3-8B,SciERC,I05-4010,P3,user,True,raw:raw_output,True
Qwen3-8B,EBM-NLP,11642083,P2,user,True,raw:raw_output,True
Qwen3-8B,EBM-NLP,18503531,P2,user,True,raw:raw_output,True
Qwen3-8B,EBM-NLP,25369243,P2,user,True,raw:raw_output,True
Qwen3-8B,SciERC,NIPS_2015_18_abs,P2,user,True,raw:raw_output,True
Qwen3-8B,SciERC,C00-2123,P3,user,True,raw:raw_output,True
Qwen3-8B,EBM-NLP,25068497,P2,user,True,raw:raw_output,True
Qwen3-8B,EBM-NLP,16167234,P1,user,True,raw:raw_output,True
Qwen3-8B,SciERC,NIPS_2016_560_abs,P2,user,True,raw:raw_output,True
Qwen3-8B,SciERC,NIPS_2002_18_abs,P3,user,True,raw:raw_output,True
Qwen3-8B,EBM-NLP,384815,P4,user,True,raw:raw_output,True
Qwen3-8B,SciERC,INTERSPEECH_2008_20_abs,P2,user,True,raw:raw_output,True
Qwen3-8B,SciERC,E91-1012,P2,user,True,raw:raw_output,True
Qwen3-8B,EBM-NLP,16295154,P1,user,True,raw:raw_output,True
Qwen3-8B,SciERC,P08-1105,P3,user,True,raw:raw_output,True
Qwen3-8B,SciERC,CVPR_2010_30_abs,P2,user,True,raw:raw_output,True
Qwen3-8B,SciERC,ICML_2016_11_abs,P1,user,True,raw:raw_output,True
Qwen3-8B,EBM-NLP,23021296,P3,user,True,raw:raw_output,True
Qwen3-8B,SciERC,A97-1020,P3,user,True,raw:raw_output,True
Qwen3-8B,EBM-NLP,20560622,P1,user,True,raw:raw_output,True
Qwen3-8B,SciERC,C90-3063,P3,user,True,raw:raw_output,True
Qwen3-8B,EBM-NLP,23838728,P3,user,True,raw:raw_output,True
Qwen3-8B,SciERC,CVPR_2009_18_abs,P3,user,True,raw:raw_output,True
Qwen3-8B,EBM-NLP,11829043,P1,user,True,raw:raw_output,True
Qwen3-8B,EBM-NLP,19096921,P4,user,True,raw:raw_output,True
Qwen3-8B,EBM-NLP,3081600,P3,user,True,raw:raw_output,True
Qwen3-8B,EBM-NLP,24803369,P4,user,True,raw:raw_output,True
Qwen3-8B,EBM-NLP,2088233,P2,user,True,raw:raw_output,True
Qwen3-8B,EBM-NLP,22416755,P4,user,True,raw:raw_output,True
Qwen3-8B,SciERC,INTERSPEECH_2013_21_abs,P3,user,True,raw:raw_output,True
Qwen3-8B,EBM-NLP,10934569,P4,user,True,raw:raw_output,True
Qwen3-8B,EBM-NLP,18229990,P3,user,True,raw:raw_output,True
Qwen3-8B,SciERC,CVPR_2011_11_abs,P2,user,True,raw:raw_output,True
Qwen3-8B,SciERC,ICML_1995_38_abs,P3,user,True,raw:raw_output,True
Qwen3-8B,SciERC,C04-1035,P3,user,True,raw:raw_output,True
Qwen3-8B,EBM-NLP,17616069,P2,user,True,raw:raw_output,True
Qwen3-8B,EBM-NLP,9695300,P1,user,True,raw:raw_output,True
Qwen3-8B,SciERC,NIPS_2002_11_abs,P3,user,True,raw:raw_output,True
Qwen3-8B,SciERC,ECCV_2016_204_abs,P1,user,True,raw:raw_output,True
Qwen3-8B,EBM-NLP,6938020,P4,user,True,raw:raw_output,True
Qwen3-8B,EBM-NLP,16427787,P3,user,True,raw:raw_output,True
Qwen3-8B,EBM-NLP,15193668,P3,user,True,raw:raw_output,True
Qwen3-8B,EBM-NLP,2223363,P3,user,True,raw:raw_output,True
Qwen3-8B,EBM-NLP,22271197,P4,user,True,raw:raw_output,True
Qwen3-8B,SciERC,ECCV_2016_99_abs,P1,user,True,raw:raw_output,True
Qwen3-8B,EBM-NLP,21106663,P1,user,True,raw:raw_output,True
Qwen3-8B,EBM-NLP,22420121,P1,user,True,raw:raw_output,True
Qwen3-8B,EBM-NLP,24075141,P2,user,True,raw:raw_output,True
Qwen3-8B,SciERC,CVPR_1994_10_abs,P1,user,True,raw:raw_output,True
Qwen3-8B,SciERC,ICML_2016_18_abs,P2,user,True,raw:raw_output,True
Qwen3-8B,EBM-NLP,10390665,P2,user,True,raw:raw_output,True
Qwen3-8B,EBM-NLP,18773733,P3,user,True,raw:raw_output,True
Qwen3-8B,SciERC,ICML_2006_119_abs,P2,user,True,raw:raw_output,True
Qwen3-8B,SciERC,ECCV_2012_30_abs,P3,user,True,raw:raw_output,True
Qwen3-8B,EBM-NLP,10763172,P1,user,True,raw:raw_output,True
Qwen3-8B,SciERC,J86-4002,P2,user,True,raw:raw_output,True
Qwen3-8B,SciERC,ICCV_2013_47_abs,P1,user,True,raw:raw_output,True
Qwen3-8B,SciERC,N03-1033,P3,user,True,raw:raw_output,True
Qwen3-8B,SciERC,CVPR_2008_256_abs,P1,user,True,raw:raw_output,True
Qwen3-8B,SciERC,I05-5003,P3,user,True,raw:raw_output,True
Qwen3-8B,SciERC,H01-1049,P3,user,True,raw:raw_output,True
Qwen3-8B,SciERC,C90-3045,P3,user,True,raw:raw_output,True
Qwen3-8B,EBM-NLP,7827398,P3,user,True,raw:raw_output,True
Qwen3-8B,EBM-NLP,21170734,P2,user,True,raw:raw_output,True
Qwen3-8B,EBM-NLP,1780092,P4,user,True,raw:raw_output,True
Qwen3-8B,EBM-NLP,18958161,P2,user,True,raw:raw_output,True
Qwen3-8B,EBM-NLP,11495215,P2,user,True,raw:raw_output,True
Qwen3-8B,EBM-NLP,19727232,P1,user,True,raw:raw_output,True
Qwen3-8B,SciERC,C94-1091,P2,user,True,raw:raw_output,True
Qwen3-8B,EBM-NLP,18783504,P1,user,True,raw:raw_output,True
Qwen3-8B,SciERC,ICCV_2003_151_abs,P1,user,True,raw:raw_output,True
Qwen3-8B,SciERC,C04-1106,P3,user,True,raw:raw_output,True
Qwen3-8B,SciERC,P85-1019,P3,user,True,raw:raw_output,True
Qwen3-8B,SciERC,C04-1103,P3,user,True,raw:raw_output,True
Qwen3-8B,EBM-NLP,361799,P2,user,True,raw:raw_output,True
Qwen3-8B,SciERC,INTERSPEECH_2014_40_abs,P3,user,True,raw:raw_output,True
Qwen3-8B,EBM-NLP,7853069,P2,user,True,raw:raw_output,True
Qwen3-8B,SciERC,H01-1042,P1,user,True,raw:raw_output,True
Qwen3-8B,EBM-NLP,10752495,P3,user,True,raw:raw_output,True
Qwen3-8B,EBM-NLP,1669598,P1,user,True,raw:raw_output,True
Qwen3-8B,EBM-NLP,22744141,P3,user,True,raw:raw_output,True
Qwen3-8B,EBM-NLP,8911223,P1,user,True,raw:raw_output,True
Qwen3-8B,SciERC,ICASSP_1997_706_abs,P2,user,True,raw:raw_output,True
Qwen3-8B,EBM-NLP,1968178,P4,user,True,raw:raw_output,True
Qwen3-8B,SciERC,P04-2005,P3,user,True,raw:raw_output,True
Qwen3-8B,EBM-NLP,12139812,P2,user,True,raw:raw_output,True
Qwen3-8B,EBM-NLP,7831628,P2,user,True,raw:raw_output,True
Qwen3-8B,EBM-NLP,25931290,P4,user,True,raw:raw_output,True
Qwen3-8B,SciERC,ICCV_2001_47_abs,P3,user,True,raw:raw_output,True
Qwen3-8B,EBM-NLP,17321989,P1,user,True,raw:raw_output,True
Qwen3-8B,SciERC,ICCV_2003_161_abs,P3,user,True,raw:raw_output,True
Qwen3-8B,SciERC,N03-1026,P3,user,True,raw:raw_output,True
Qwen3-8B,EBM-NLP,22646975,P2,user,True,raw:raw_output,True
Qwen3-8B,SciERC,P05-1056,P2,user,True,raw:raw_output,True
Qwen3-8B,SciERC,E89-1016,P3,user,True,raw:raw_output,True
Qwen3-8B,EBM-NLP,6951573,P4,user,True,raw:raw_output,True
Qwen3-8B,EBM-NLP,1131298,P4,user,True,raw:raw_output,True
Qwen3-8B,EBM-NLP,17293018,P3,user,True,raw:raw_output,True
Qwen3-8B,EBM-NLP,2224060,P3,user,True,raw:raw_output,True
Qwen3-8B,EBM-NLP,8779382,P4,user,True,raw:raw_output,True
Qwen3-8B,SciERC,E93-1066,P2,user,True,raw:raw_output,True
Qwen3-8B,SciERC,ICASSP_2016_11_abs,P3,user,True,raw:raw_output,True
Qwen3-8B,EBM-NLP,24451919,P2,user,True,raw:raw_output,True
Qwen3-8B,SciERC,J05-4003,P3,user,True,raw:raw_output,True
Qwen3-8B,EBM-NLP,11750293,P4,user,True,raw:raw_output,True
Qwen3-8B,EBM-NLP,21393467,P1,user,True,raw:raw_output,True
Qwen3-8B,EBM-NLP,3919804,P3,user,True,raw:raw_output,True
Qwen3-8B,EBM-NLP,15133359,P1,user,True,raw:raw_output,True
Qwen3-8B,EBM-NLP,11891832,P4,user,True,raw:raw_output,True
Qwen3-8B,EBM-NLP,1459268,P4,user,True,raw:raw_output,True
Qwen3-8B,SciERC,P05-1076,P3,user,True,raw:raw_output,True
Qwen3-8B,EBM-NLP,9730996,P1,user,True,raw:raw_output,True
Qwen3-8B,SciERC,INTERSPEECH_2008_28_abs,P1,user,True,raw:raw_output,True
Qwen3-8B,SciERC,ICML_2016_10_abs,P3,user,True,raw:raw_output,True
Qwen3-8B,EBM-NLP,16055807,P3,user,True,raw:raw_output,True
Qwen3-8B,EBM-NLP,12477021,P3,user,True,raw:raw_output,True
Qwen3-8B,EBM-NLP,3074300,P1,user,True,raw:raw_output,True
Qwen3-8B,EBM-NLP,10578479,P2,user,True,raw:raw_output,True
Qwen3-8B,EBM-NLP,15848261,P1,user,True,raw:raw_output,True
Qwen3-8B,EBM-NLP,22435114,P2,user,True,raw:raw_output,True
Qwen3-8B,EBM-NLP,6418441,P2,user,True,raw:raw_output,True
Qwen3-8B,EBM-NLP,10764172,P1,user,True,raw:raw_output,True
Qwen3-8B,SciERC,CVPR_2009_10_abs,P2,user,True,raw:raw_output,True
Qwen3-8B,EBM-NLP,22865017,P1,user,True,raw:raw_output,True
Qwen3-8B,EBM-NLP,6421395,P3,user,True,raw:raw_output,True
Qwen3-8B,EBM-NLP,20509069,P4,user,True,raw:raw_output,True
Qwen3-8B,SciERC,X96-1059,P1,user,True,raw:raw_output,True
Qwen3-8B,EBM-NLP,9481998,P3,user,True,raw:raw_output,True
Qwen3-8B,EBM-NLP,15854186,P4,user,True,raw:raw_output,True
Qwen3-8B,SciERC,INTERSPEECH_2006_21_abs,P3,user,True,raw:raw_output,True
Qwen3-8B,EBM-NLP,18975051,P1,user,True,raw:raw_output,True
Qwen3-8B,EBM-NLP,9229602,P4,user,True,raw:raw_output,True
Qwen3-8B,EBM-NLP,8726604,P1,user,True,raw:raw_output,True
Qwen3-8B,SciERC,CVPR_2008_258_abs,P3,user,True,raw:raw_output,True
Qwen3-8B,EBM-NLP,22881991,P1,user,True,raw:raw_output,True
Qwen3-8B,EBM-NLP,20804366,P3,user,True,raw:raw_output,True
Qwen3-8B,EBM-NLP,24660757,P4,user,True,raw:raw_output,True
Qwen3-8B,EBM-NLP,1286547,P2,user,True,raw:raw_output,True
Qwen3-8B,EBM-NLP,24080592,P1,user,True,raw:raw_output,True
Qwen3-8B,SciERC,CVPR_2016_413_abs,P3,user,True,raw:raw_output,True
Qwen3-8B,EBM-NLP,16167234,P2,user,True,raw:raw_output,True
Qwen3-8B,EBM-NLP,24317958,P1,user,True,raw:raw_output,True
Qwen3-8B,EBM-NLP,19376304,P1,user,True,raw:raw_output,True
Qwen3-8B,EBM-NLP,16295154,P2,user,True,raw:raw_output,True
Qwen3-8B,SciERC,ICML_2016_11_abs,P2,user,True,raw:raw_output,True
Qwen3-8B,EBM-NLP,20147856,P1,user,True,raw:raw_output,True
Qwen3-8B,EBM-NLP,20560622,P2,user,True,raw:raw_output,True
Qwen3-8B,SciERC,CVPR_2006_10_abs,P3,user,True,raw:raw_output,True
Qwen3-8B,EBM-NLP,20618920,P4,user,True,raw:raw_output,True
Qwen3-8B,SciERC,P05-1046,P3,user,True,raw:raw_output,True
Qwen3-8B,EBM-NLP,11829043,P2,user,True,raw:raw_output,True
Qwen3-8B,EBM-NLP,1963383,P1,user,True,raw:raw_output,True
Qwen3-8B,EBM-NLP,2066441,P3,user,True,raw:raw_output,True
Qwen3-8B,EBM-NLP,23357440,P3,user,True,raw:raw_output,True
Qwen3-8B,SciERC,CVPR_1993_10_abs,P3,user,True,raw:raw_output,True
Qwen3-8B,EBM-NLP,19159999,P3,user,True,raw:raw_output,True
Qwen3-8B,EBM-NLP,21718094,P1,user,True,raw:raw_output,True
Qwen3-8B,EBM-NLP,2188766,P3,user,True,raw:raw_output,True
Qwen3-8B,EBM-NLP,23417625,P3,user,True,raw:raw_output,True
Qwen3-8B,EBM-NLP,7017018,P4,user,True,raw:raw_output,True
Qwen3-8B,EBM-NLP,17897478,P1,user,True,raw:raw_output,True
Qwen3-8B,EBM-NLP,2908133,P1,user,True,raw:raw_output,True
Qwen3-8B,SciERC,ECCV_2016_204_abs,P2,user,True,raw:raw_output,True
Qwen3-8B,EBM-NLP,18544974,P1,user,True,raw:raw_output,True
Qwen3-8B,EBM-NLP,9695300,P2,user,True,raw:raw_output,True
Qwen3-8B,EBM-NLP,25369243,P3,user,True,raw:raw_output,True
Qwen3-8B,EBM-NLP,18503531,P3,user,True,raw:raw_output,True
Qwen3-8B,SciERC,NIPS_2015_18_abs,P3,user,True,raw:raw_output,True
Qwen3-8B,EBM-NLP,11642083,P3,user,True,raw:raw_output,True
Qwen3-8B,EBM-NLP,21106663,P2,user,True,raw:raw_output,True
Qwen3-8B,EBM-NLP,22420121,P2,user,True,raw:raw_output,True
Qwen3-8B,EBM-NLP,8989009,P1,user,True,raw:raw_output,True
Qwen3-8B,SciERC,ECCV_2016_99_abs,P2,user,True,raw:raw_output,True
Qwen3-8B,EBM-NLP,25068497,P3,user,True,raw:raw_output,True
Qwen3-8B,SciERC,CVPR_1994_10_abs,P2,user,True,raw:raw_output,True
Qwen3-8B,SciERC,NIPS_2016_560_abs,P3,user,True,raw:raw_output,True
Qwen3-8B,EBM-NLP,12960652,P1,user,True,raw:raw_output,True
Qwen3-8B,SciERC,INTERSPEECH_2008_20_abs,P3,user,True,raw:raw_output,True
Qwen3-8B,SciERC,E91-1012,P3,user,True,raw:raw_output,True
Qwen3-8B,EBM-NLP,26210844,P1,user,True,raw:raw_output,True
Qwen3-8B,SciERC,CVPR_2010_30_abs,P3,user,True,raw:raw_output,True
Qwen3-8B,EBM-NLP,10763172,P2,user,True,raw:raw_output,True
Qwen3-8B,EBM-NLP,26278470,P1,user,True,raw:raw_output,True
Qwen3-8B,EBM-NLP,23838728,P4,user,True,raw:raw_output,True
Qwen3-8B,EBM-NLP,10070173,P1,user,True,raw:raw_output,True
Qwen3-8B,EBM-NLP,23356250,P1,user,True,raw:raw_output,True
Qwen3-8B,EBM-NLP,23021296,P4,user,True,raw:raw_output,True
Qwen3-8B,EBM-NLP,3081600,P4,user,True,raw:raw_output,True
Qwen3-8B,SciERC,ICCV_2013_47_abs,P2,user,True,raw:raw_output,True
Qwen3-8B,SciERC,CVPR_2008_256_abs,P2,user,True,raw:raw_output,True
Qwen3-8B,EBM-NLP,2088233,P3,user,True,raw:raw_output,True
Qwen3-8B,SciERC,ECCV_2006_13_abs,P1,user,True,raw:raw_output,True
Qwen3-8B,SciERC,CVPR_2011_11_abs,P3,user,True,raw:raw_output,True
Qwen3-8B,EBM-NLP,18229990,P4,user,True,raw:raw_output,True
Qwen3-8B,EBM-NLP,18783504,P2,user,True,raw:raw_output,True
Qwen3-8B,EBM-NLP,17616069,P3,user,True,raw:raw_output,True
Qwen3-8B,SciERC,ICCV_2003_151_abs,P2,user,True,raw:raw_output,True
Qwen3-8B,EBM-NLP,16427787,P4,user,True,raw:raw_output,True
Qwen3-8B,EBM-NLP,19727232,P2,user,True,raw:raw_output,True
Qwen3-8B,EBM-NLP,2223363,P4,user,True,raw:raw_output,True
Qwen3-8B,EBM-NLP,25784723,P1,user,True,raw:raw_output,True
Qwen3-8B,EBM-NLP,15193668,P4,user,True,raw:raw_output,True
Qwen3-8B,EBM-NLP,1669598,P2,user,True,raw:raw_output,True
Qwen3-8B,SciERC,H01-1042,P2,user,True,raw:raw_output,True
Qwen3-8B,EBM-NLP,24075141,P3,user,True,raw:raw_output,True
Qwen3-8B,EBM-NLP,8911223,P2,user,True,raw:raw_output,True
Qwen3-8B,EBM-NLP,15858959,P1,user,True,raw:raw_output,True
Qwen3-8B,SciERC,ICML_2006_119_abs,P3,user,True,raw:raw_output,True
Qwen3-8B,EBM-NLP,18773733,P4,user,True,raw:raw_output,True
Qwen3-8B,EBM-NLP,10390665,P3,user,True,raw:raw_output,True
Qwen3-8B,SciERC,ICML_2016_18_abs,P3,user,True,raw:raw_output,True
Qwen3-8B,EBM-NLP,11229858,P5,user,True,raw:raw_output,True
Qwen3-8B,EBM-NLP,11737955,P1,user,True,raw:raw_output,True
Qwen3-8B,EBM-NLP,17321989,P2,user,True,raw:raw_output,True
Qwen3-8B,SciERC,J86-4002,P3,user,True,raw:raw_output,True
Qwen3-8B,EBM-NLP,21170734,P3,user,True,raw:raw_output,True
Qwen3-8B,EBM-NLP,7827398,P4,user,True,raw:raw_output,True
Qwen3-8B,EBM-NLP,9394106,P1,user,True,raw:raw_output,True
Qwen3-8B,EBM-NLP,18958161,P3,user,True,raw:raw_output,True
Qwen3-8B,EBM-NLP,11495215,P3,user,True,raw:raw_output,True
Qwen3-8B,EBM-NLP,7598243,P1,user,True,raw:raw_output,True
Qwen3-8B,EBM-NLP,7808649,P1,user,True,raw:raw_output,True
Qwen3-8B,SciERC,C94-1091,P3,user,True,raw:raw_output,True
Qwen3-8B,EBM-NLP,21393467,P2,user,True,raw:raw_output,True
Qwen3-8B,EBM-NLP,361799,P3,user,True,raw:raw_output,True
Qwen3-8B,EBM-NLP,15133359,P2,user,True,raw:raw_output,True
Qwen3-8B,EBM-NLP,9730996,P2,user,True,raw:raw_output,True
Qwen3-8B,EBM-NLP,10752495,P4,user,True,raw:raw_output,True
Qwen3-8B,EBM-NLP,7853069,P3,user,True,raw:raw_output,True
Qwen3-8B,EBM-NLP,22744141,P4,user,True,raw:raw_output,True
Qwen3-8B,SciERC,INTERSPEECH_2008_28_abs,P2,user,True,raw:raw_output,True
Qwen3-8B,EBM-NLP,11317090,P1,user,True,raw:raw_output,True
Qwen3-8B,SciERC,ICASSP_1997_706_abs,P3,user,True,raw:raw_output,True
Qwen3-8B,EBM-NLP,15848261,P2,user,True,raw:raw_output,True
Qwen3-8B,EBM-NLP,3074300,P2,user,True,raw:raw_output,True
Qwen3-8B,EBM-NLP,7831628,P3,user,True,raw:raw_output,True
Qwen3-8B,EBM-NLP,12139812,P3,user,True,raw:raw_output,True
Qwen3-8B,SciERC,X96-1059,P2,user,True,raw:raw_output,True
Qwen3-8B,EBM-NLP,10764172,P2,user,True,raw:raw_output,True
Qwen3-8B,EBM-NLP,22865017,P2,user,True,raw:raw_output,True
Qwen3-8B,SciERC,P05-1056,P3,user,True,raw:raw_output,True
Qwen3-8B,EBM-NLP,22646975,P3,user,True,raw:raw_output,True
Qwen3-8B,EBM-NLP,20226474,P1,user,True,raw:raw_output,True
Qwen3-8B,EBM-NLP,2224060,P4,user,True,raw:raw_output,True
Qwen3-8B,EBM-NLP,17293018,P4,user,True,raw:raw_output,True
Qwen3-8B,EBM-NLP,18975051,P2,user,True,raw:raw_output,True
Qwen3-8B,SciERC,E93-1066,P3,user,True,raw:raw_output,True
Qwen3-8B,EBM-NLP,8726604,P2,user,True,raw:raw_output,True
Qwen3-8B,EBM-NLP,22881991,P2,user,True,raw:raw_output,True
Qwen3-8B,EBM-NLP,24451919,P3,user,True,raw:raw_output,True
Qwen3-8B,SciERC,ECCV_2016_212_abs,P1,user,True,raw:raw_output,True
Qwen3-8B,EBM-NLP,24080592,P2,user,True,raw:raw_output,True
Qwen3-8B,EBM-NLP,3919804,P4,user,True,raw:raw_output,True
Qwen3-8B,EBM-NLP,24317958,P2,user,True,raw:raw_output,True
Qwen3-8B,EBM-NLP,19376304,P2,user,True,raw:raw_output,True
Qwen3-8B,EBM-NLP,24515505,P1,user,True,raw:raw_output,True
Qwen3-8B,EBM-NLP,20147856,P2,user,True,raw:raw_output,True
Qwen3-8B,EBM-NLP,7814711,P1,user,True,raw:raw_output,True
Qwen3-8B,EBM-NLP,6418441,P3,user,True,raw:raw_output,True
Qwen3-8B,EBM-NLP,12477021,P4,user,True,raw:raw_output,True
Qwen3-8B,EBM-NLP,22435114,P3,user,True,raw:raw_output,True
Qwen3-8B,EBM-NLP,14763035,P1,user,True,raw:raw_output,True
Qwen3-8B,EBM-NLP,8771302,P1,user,True,raw:raw_output,True
Qwen3-8B,EBM-NLP,10578479,P3,user,True,raw:raw_output,True
Qwen3-8B,EBM-NLP,16055807,P4,user,True,raw:raw_output,True
Qwen3-8B,SciERC,CVPR_2009_10_abs,P3,user,True,raw:raw_output,True
Qwen3-8B,EBM-NLP,6421395,P4,user,True,raw:raw_output,True
Qwen3-8B,EBM-NLP,9481998,P4,user,True,raw:raw_output,True
Qwen3-8B,EBM-NLP,1963383,P2,user,True,raw:raw_output,True
Qwen3-8B,EBM-NLP,24960665,P1,user,True,raw:raw_output,True
Qwen3-8B,SciERC,W02-1602,P1,user,True,raw:raw_output,True
Qwen3-8B,EBM-NLP,21718094,P2,user,True,raw:raw_output,True
Qwen3-8B,EBM-NLP,2908133,P2,user,True,raw:raw_output,True
Qwen3-8B,EBM-NLP,17897478,P2,user,True,raw:raw_output,True
Qwen3-8B,EBM-NLP,8913901,P1,user,True,raw:raw_output,True
Qwen3-8B,EBM-NLP,1286547,P3,user,True,raw:raw_output,True
Qwen3-8B,EBM-NLP,18544974,P2,user,True,raw:raw_output,True
Qwen3-8B,EBM-NLP,20804366,P4,user,True,raw:raw_output,True
Qwen3-8B,EBM-NLP,14739125,P1,user,True,raw:raw_output,True
Qwen3-8B,EBM-NLP,8989009,P2,user,True,raw:raw_output,True
Qwen3-8B,EBM-NLP,16167234,P3,user,True,raw:raw_output,True
Qwen3-8B,EBM-NLP,12960652,P2,user,True,raw:raw_output,True
Qwen3-8B,EBM-NLP,26210844,P2,user,True,raw:raw_output,True
Qwen3-8B,EBM-NLP,16295154,P3,user,True,raw:raw_output,True
Qwen3-8B,EBM-NLP,24726342,P1,user,True,raw:raw_output,True
Qwen3-8B,EBM-NLP,21924760,P1,user,True,raw:raw_output,True
Qwen3-8B,SciERC,ICML_2016_11_abs,P3,user,True,raw:raw_output,True
Qwen3-8B,EBM-NLP,26278470,P2,user,True,raw:raw_output,True
Qwen3-8B,EBM-NLP,23356250,P2,user,True,raw:raw_output,True
Qwen3-8B,EBM-NLP,20560622,P3,user,True,raw:raw_output,True
Qwen3-8B,EBM-NLP,10070173,P2,user,True,raw:raw_output,True
Qwen3-8B,EBM-NLP,11829043,P3,user,True,raw:raw_output,True
Qwen3-8B,EBM-NLP,25898782,P1,user,True,raw:raw_output,True
Qwen3-8B,EBM-NLP,2066441,P4,user,True,raw:raw_output,True
Qwen3-8B,EBM-NLP,23357440,P4,user,True,raw:raw_output,True
Qwen3-8B,EBM-NLP,19159999,P4,user,True,raw:raw_output,True
Qwen3-8B,SciERC,ECCV_2006_13_abs,P2,user,True,raw:raw_output,True
Qwen3-8B,EBM-NLP,23417625,P4,user,True,raw:raw_output,True
Qwen3-8B,EBM-NLP,2188766,P4,user,True,raw:raw_output,True
Qwen3-8B,EBM-NLP,3534803,P1,user,True,raw:raw_output,True
Qwen3-8B,EBM-NLP,9695300,P3,user,True,raw:raw_output,True
Qwen3-8B,EBM-NLP,21896676,P1,user,True,raw:raw_output,True
Qwen3-8B,SciERC,ECCV_2016_204_abs,P3,user,True,raw:raw_output,True
Qwen3-8B,EBM-NLP,25369243,P4,user,True,raw:raw_output,True
Qwen3-8B,EBM-NLP,11642083,P4,user,True,raw:raw_output,True
Qwen3-8B,EBM-NLP,18503531,P4,user,True,raw:raw_output,True
Qwen3-8B,EBM-NLP,25784723,P2,user,True,raw:raw_output,True
Qwen3-8B,EBM-NLP,23392542,P1,user,True,raw:raw_output,True
Qwen3-8B,EBM-NLP,22420121,P3,user,True,raw:raw_output,True
Qwen3-8B,EBM-NLP,21106663,P3,user,True,raw:raw_output,True
Qwen3-8B,EBM-NLP,25068497,P4,user,True,raw:raw_output,True
Qwen3-8B,SciERC,ECCV_2016_99_abs,P3,user,True,raw:raw_output,True
Qwen3-8B,SciERC,CVPR_1994_10_abs,P3,user,True,raw:raw_output,True
Qwen3-8B,EBM-NLP,15858959,P2,user,True,raw:raw_output,True
Qwen3-8B,EBM-NLP,23103798,P1,user,True,raw:raw_output,True
Qwen3-8B,EBM-NLP,10763172,P3,user,True,raw:raw_output,True
Qwen3-8B,EBM-NLP,21669557,P1,user,True,raw:raw_output,True
Qwen3-8B,SciERC,ICCV_2013_47_abs,P3,user,True,raw:raw_output,True
Qwen3-8B,EBM-NLP,12576806,P1,user,True,raw:raw_output,True
Qwen3-8B,EBM-NLP,11737955,P2,user,True,raw:raw_output,True
Qwen3-8B,SciERC,J86-3001,P1,user,True,raw:raw_output,True
Qwen3-8B,SciERC,CVPR_2008_256_abs,P3,user,True,raw:raw_output,True
Qwen3-8B,EBM-NLP,2088233,P4,user,True,raw:raw_output,True
Qwen3-8B,EBM-NLP,21982657,P1,user,True,raw:raw_output,True
Qwen3-8B,EBM-NLP,9394106,P2,user,True,raw:raw_output,True
Qwen3-8B,EBM-NLP,7598243,P2,user,True,raw:raw_output,True
Qwen3-8B,EBM-NLP,7808649,P2,user,True,raw:raw_output,True
Qwen3-8B,SciERC,ICCV_2003_151_abs,P3,user,True,raw:raw_output,True
Qwen3-8B,EBM-NLP,17616069,P4,user,True,raw:raw_output,True
Qwen3-8B,EBM-NLP,19727232,P3,user,True,raw:raw_output,True
Qwen3-8B,EBM-NLP,18783504,P3,user,True,raw:raw_output,True
Qwen3-8B,EBM-NLP,10589810,P1,user,True,raw:raw_output,True
Qwen3-8B,SciERC,H01-1042,P3,user,True,raw:raw_output,True
Qwen3-8B,EBM-NLP,19301724,P1,user,True,raw:raw_output,True
Qwen3-8B,EBM-NLP,2803397,P1,user,True,raw:raw_output,True
Qwen3-8B,EBM-NLP,1669598,P3,user,True,raw:raw_output,True
Qwen3-8B,EBM-NLP,24075141,P4,user,True,raw:raw_output,True
Qwen3-8B,EBM-NLP,11317090,P2,user,True,raw:raw_output,True
Qwen3-8B,EBM-NLP,8911223,P3,user,True,raw:raw_output,True
Qwen3-8B,EBM-NLP,10390665,P4,user,True,raw:raw_output,True
Qwen3-8B,EBM-NLP,17321989,P3,user,True,raw:raw_output,True
Qwen3-8B,EBM-NLP,20226474,P2,user,True,raw:raw_output,True
Qwen3-8B,EBM-NLP,2678230,P5,user,True,raw:raw_output,True
Qwen3-8B,EBM-NLP,21170734,P4,user,True,raw:raw_output,True
Qwen3-8B,EBM-NLP,18958161,P4,user,True,raw:raw_output,True
Qwen3-8B,EBM-NLP,25479285,P1,user,True,raw:raw_output,True
Qwen3-8B,EBM-NLP,11495215,P4,user,True,raw:raw_output,True
Qwen3-8B,EBM-NLP,8916620,P5,user,True,raw:raw_output,True
Qwen3-8B,EBM-NLP,20943715,P1,user,True,raw:raw_output,True
Qwen3-8B,EBM-NLP,15133359,P3,user,True,raw:raw_output,True
Qwen3-8B,SciERC,ECCV_2016_212_abs,P2,user,True,raw:raw_output,True
Qwen3-8B,EBM-NLP,361799,P4,user,True,raw:raw_output,True
Qwen3-8B,EBM-NLP,21393467,P3,user,True,raw:raw_output,True
Qwen3-8B,EBM-NLP,9730996,P3,user,True,raw:raw_output,True
Qwen3-8B,EBM-NLP,21491990,P1,user,True,raw:raw_output,True
Qwen3-8B,EBM-NLP,7853069,P4,user,True,raw:raw_output,True
Qwen3-8B,EBM-NLP,10912743,P1,user,True,raw:raw_output,True
Qwen3-8B,EBM-NLP,11454878,P1,user,True,raw:raw_output,True
Qwen3-8B,EBM-NLP,24515505,P2,user,True,raw:raw_output,True
Qwen3-8B,SciERC,INTERSPEECH_2008_28_abs,P3,user,True,raw:raw_output,True
Qwen3-8B,EBM-NLP,25950425,P1,user,True,raw:raw_output,True
Qwen3-8B,EBM-NLP,7831628,P4,user,True,raw:raw_output,True
Qwen3-8B,EBM-NLP,12139812,P4,user,True,raw:raw_output,True
Qwen3-8B,EBM-NLP,8771302,P2,user,True,raw:raw_output,True
Qwen3-8B,EBM-NLP,3074300,P3,user,True,raw:raw_output,True
Qwen3-8B,EBM-NLP,7814711,P2,user,True,raw:raw_output,True
Qwen3-8B,EBM-NLP,15848261,P3,user,True,raw:raw_output,True
Qwen3-8B,EBM-NLP,14763035,P2,user,True,raw:raw_output,True
Qwen3-8B,SciERC,X96-1059,P3,user,True,raw:raw_output,True
Qwen3-8B,EBM-NLP,10764172,P3,user,True,raw:raw_output,True
Qwen3-8B,EBM-NLP,22646975,P4,user,True,raw:raw_output,True
Qwen3-8B,EBM-NLP,22865017,P3,user,True,raw:raw_output,True
Qwen3-8B,EBM-NLP,22956006,P1,user,True,raw:raw_output,True
Qwen3-8B,EBM-NLP,18975051,P3,user,True,raw:raw_output,True
Qwen3-8B,EBM-NLP,24960665,P2,user,True,raw:raw_output,True
Qwen3-8B,EBM-NLP,24989854,P1,user,True,raw:raw_output,True
Qwen3-8B,SciERC,W02-1602,P2,user,True,raw:raw_output,True
Qwen3-8B,EBM-NLP,8726604,P3,user,True,raw:raw_output,True
Qwen3-8B,EBM-NLP,22881991,P3,user,True,raw:raw_output,True
Qwen3-8B,EBM-NLP,12586799,P1,user,True,raw:raw_output,True
Qwen3-8B,EBM-NLP,8913901,P2,user,True,raw:raw_output,True
Qwen3-8B,EBM-NLP,24451919,P4,user,True,raw:raw_output,True
Qwen3-8B,EBM-NLP,14739125,P2,user,True,raw:raw_output,True
Qwen3-8B,EBM-NLP,24080592,P3,user,True,raw:raw_output,True
Qwen3-8B,EBM-NLP,22897461,P1,user,True,raw:raw_output,True
Qwen3-8B,EBM-NLP,24317958,P3,user,True,raw:raw_output,True
Qwen3-8B,EBM-NLP,19376304,P3,user,True,raw:raw_output,True
Qwen3-8B,EBM-NLP,24726342,P2,user,True,raw:raw_output,True
Qwen3-8B,EBM-NLP,20147856,P3,user,True,raw:raw_output,True
Qwen3-8B,EBM-NLP,21924760,P2,user,True,raw:raw_output,True
Qwen3-8B,EBM-NLP,22435114,P4,user,True,raw:raw_output,True
Qwen3-8B,EBM-NLP,10578479,P4,user,True,raw:raw_output,True
Qwen3-8B,EBM-NLP,22341427,P1,user,True,raw:raw_output,True
Qwen3-8B,EBM-NLP,6418441,P4,user,True,raw:raw_output,True
Qwen3-8B,EBM-NLP,22154769,P1,user,True,raw:raw_output,True
Qwen3-8B,EBM-NLP,25898782,P2,user,True,raw:raw_output,True
Qwen3-8B,EBM-NLP,18845996,P1,user,True,raw:raw_output,True
Qwen3-8B,EBM-NLP,1963383,P3,user,True,raw:raw_output,True
Qwen3-8B,EBM-NLP,21718094,P3,user,True,raw:raw_output,True
Qwen3-8B,EBM-NLP,2908133,P3,user,True,raw:raw_output,True
Qwen3-8B,EBM-NLP,3534803,P2,user,True,raw:raw_output,True
Qwen3-8B,EBM-NLP,17897478,P3,user,True,raw:raw_output,True
Qwen3-8B,EBM-NLP,9573502,P1,user,True,raw:raw_output,True
Qwen3-8B,EBM-NLP,21896676,P2,user,True,raw:raw_output,True
Qwen3-8B,EBM-NLP,11381289,P5,user,True,raw:raw_output,True
Qwen3-8B,EBM-NLP,1286547,P4,user,True,raw:raw_output,True
Qwen3-8B,EBM-NLP,18544974,P3,user,True,raw:raw_output,True
Qwen3-8B,EBM-NLP,4919024,P5,user,True,raw:raw_output,True
Qwen3-8B,EBM-NLP,8989009,P3,user,True,raw:raw_output,True
Qwen3-8B,EBM-NLP,16167234,P4,user,True,raw:raw_output,True
Qwen3-8B,EBM-NLP,23392542,P2,user,True,raw:raw_output,True
Qwen3-8B,EBM-NLP,7707420,P1,user,True,raw:raw_output,True
Qwen3-8B,EBM-NLP,12960652,P3,user,True,raw:raw_output,True
Qwen3-8B,EBM-NLP,12595499,P1,user,True,raw:raw_output,True
Qwen3-8B,EBM-NLP,16295154,P4,user,True,raw:raw_output,True
Qwen3-8B,EBM-NLP,26210844,P3,user,True,raw:raw_output,True
Qwen3-8B,EBM-NLP,26278470,P3,user,True,raw:raw_output,True
Qwen3-8B,EBM-NLP,10070173,P3,user,True,raw:raw_output,True
Qwen3-8B,EBM-NLP,23103798,P2,user,True,raw:raw_output,True
Qwen3-8B,EBM-NLP,20560622,P4,user,True,raw:raw_output,True
Qwen3-8B,EBM-NLP,23356250,P3,user,True,raw:raw_output,True
Qwen3-8B,EBM-NLP,12576806,P2,user,True,raw:raw_output,True
Qwen3-8B,EBM-NLP,21669557,P2,user,True,raw:raw_output,True
Qwen3-8B,EBM-NLP,11829043,P4,user,True,raw:raw_output,True
Qwen3-8B,SciERC,J86-3001,P2,user,True,raw:raw_output,True
Qwen3-8B,EBM-NLP,21914768,P5,user,True,raw:raw_output,True
Qwen3-8B,EBM-NLP,19708562,P5,user,True,raw:raw_output,True
Qwen3-8B,EBM-NLP,18189160,P1,user,True,raw:raw_output,True
Qwen3-8B,EBM-NLP,6989377,P1,user,True,raw:raw_output,True
Qwen3-8B,SciERC,ECCV_2006_13_abs,P3,user,True,raw:raw_output,True
Qwen3-8B,EBM-NLP,21982657,P2,user,True,raw:raw_output,True
Qwen3-8B,EBM-NLP,3067745,P5,user,True,raw:raw_output,True
Qwen3-8B,EBM-NLP,23849147,P5,user,True,raw:raw_output,True
Qwen3-8B,EBM-NLP,9695300,P4,user,True,raw:raw_output,True
Qwen3-8B,EBM-NLP,25784723,P3,user,True,raw:raw_output,True
Qwen3-8B,EBM-NLP,19301724,P2,user,True,raw:raw_output,True
Qwen3-8B,EBM-NLP,10589810,P2,user,True,raw:raw_output,True
Qwen3-8B,EBM-NLP,21106663,P4,user,True,raw:raw_output,True
Qwen3-8B,EBM-NLP,15358868,P5,user,True,raw:raw_output,True
Qwen3-8B,EBM-NLP,2803397,P2,user,True,raw:raw_output,True
Qwen3-8B,EBM-NLP,22420121,P4,user,True,raw:raw_output,True
Qwen3-8B,EBM-NLP,15014018,P1,user,True,raw:raw_output,True
Qwen3-8B,EBM-NLP,7844976,P5,user,True,raw:raw_output,True
Qwen3-8B,EBM-NLP,15858959,P3,user,True,raw:raw_output,True
Qwen3-8B,EBM-NLP,10763172,P4,user,True,raw:raw_output,True
Qwen3-8B,EBM-NLP,10475150,P1,user,True,raw:raw_output,True
Qwen3-8B,EBM-NLP,11737955,P3,user,True,raw:raw_output,True
Qwen3-8B,EBM-NLP,384815,P5,user,True,raw:raw_output,True
Qwen3-8B,EBM-NLP,16505427,P1,user,True,raw:raw_output,True
Qwen3-8B,EBM-NLP,25479285,P2,user,True,raw:raw_output,True
Qwen3-8B,EBM-NLP,9394106,P3,user,True,raw:raw_output,True
Qwen3-8B,EBM-NLP,7808649,P3,user,True,raw:raw_output,True
Qwen3-8B,EBM-NLP,7598243,P3,user,True,raw:raw_output,True
Qwen3-8B,EBM-NLP,19727232,P4,user,True,raw:raw_output,True
Qwen3-8B,EBM-NLP,19096921,P5,user,True,raw:raw_output,True
Qwen3-8B,EBM-NLP,18783504,P4,user,True,raw:raw_output,True
Qwen3-8B,EBM-NLP,20943715,P2,user,True,raw:raw_output,True
Qwen3-8B,EBM-NLP,1669598,P4,user,True,raw:raw_output,True
Qwen3-8B,EBM-NLP,10912743,P2,user,True,raw:raw_output,True
Qwen3-8B,EBM-NLP,22416755,P5,user,True,raw:raw_output,True
Qwen3-8B,EBM-NLP,24803369,P5,user,True,raw:raw_output,True
Qwen3-8B,EBM-NLP,11454878,P2,user,True,raw:raw_output,True
Qwen3-8B,EBM-NLP,21491990,P2,user,True,raw:raw_output,True
Qwen3-8B,EBM-NLP,23114870,P1,user,True,raw:raw_output,True
Qwen3-8B,EBM-NLP,8519720,P1,user,True,raw:raw_output,True
Qwen3-8B,EBM-NLP,8911222,P1,user,True,raw:raw_output,True
Qwen3-8B,EBM-NLP,10934569,P5,user,True,raw:raw_output,True
Qwen3-8B,EBM-NLP,8911223,P4,user,True,raw:raw_output,True
Qwen3-8B,EBM-NLP,11317090,P3,user,True,raw:raw_output,True
Qwen3-8B,EBM-NLP,25950425,P2,user,True,raw:raw_output,True
Qwen3-8B,EBM-NLP,6938020,P5,user,True,raw:raw_output,True
Qwen3-8B,EBM-NLP,22271197,P5,user,True,raw:raw_output,True
Qwen3-8B,EBM-NLP,17321989,P4,user,True,raw:raw_output,True
Qwen3-8B,EBM-NLP,22956006,P2,user,True,raw:raw_output,True
Qwen3-8B,EBM-NLP,20226474,P3,user,True,raw:raw_output,True
Qwen3-8B,EBM-NLP,24989854,P2,user,True,raw:raw_output,True
Qwen3-8B,EBM-NLP,12586799,P2,user,True,raw:raw_output,True
Qwen3-8B,EBM-NLP,18077611,P1,user,True,raw:raw_output,True
Qwen3-8B,EBM-NLP,15133359,P4,user,True,raw:raw_output,True
Qwen3-8B,SciERC,ECCV_2016_212_abs,P3,user,True,raw:raw_output,True
Qwen3-8B,EBM-NLP,22897461,P2,user,True,raw:raw_output,True
Qwen3-8B,EBM-NLP,21393467,P4,user,True,raw:raw_output,True
Qwen3-8B,EBM-NLP,9730996,P4,user,True,raw:raw_output,True
Qwen3-8B,EBM-NLP,1780092,P5,user,True,raw:raw_output,True
Qwen3-8B,EBM-NLP,24515505,P3,user,True,raw:raw_output,True
Qwen3-8B,EBM-NLP,12709693,P1,user,True,raw:raw_output,True
Qwen3-8B,EBM-NLP,14679127,P1,user,True,raw:raw_output,True
Qwen3-8B,EBM-NLP,15848261,P4,user,True,raw:raw_output,True
Qwen3-8B,EBM-NLP,8771302,P3,user,True,raw:raw_output,True
Qwen3-8B,EBM-NLP,14763035,P3,user,True,raw:raw_output,True
Qwen3-8B,EBM-NLP,22341427,P2,user,True,raw:raw_output,True
Qwen3-8B,EBM-NLP,3074300,P4,user,True,raw:raw_output,True
Qwen3-8B,EBM-NLP,7814711,P3,user,True,raw:raw_output,True
Qwen3-8B,EBM-NLP,22154769,P2,user,True,raw:raw_output,True
Qwen3-8B,EBM-NLP,10764172,P4,user,True,raw:raw_output,True
Qwen3-8B,EBM-NLP,22865017,P4,user,True,raw:raw_output,True
Qwen3-8B,EBM-NLP,18845996,P2,user,True,raw:raw_output,True
Qwen3-8B,EBM-NLP,6920252,P1,user,True,raw:raw_output,True
Qwen3-8B,EBM-NLP,18975051,P4,user,True,raw:raw_output,True
Qwen3-8B,EBM-NLP,24960665,P3,user,True,raw:raw_output,True
Qwen3-8B,EBM-NLP,1968178,P5,user,True,raw:raw_output,True
Qwen3-8B,SciERC,W02-1602,P3,user,True,raw:raw_output,True
Qwen3-8B,EBM-NLP,8726604,P4,user,True,raw:raw_output,True
Qwen3-8B,EBM-NLP,22881991,P4,user,True,raw:raw_output,True
Qwen3-8B,EBM-NLP,25931290,P5,user,True,raw:raw_output,True
Qwen3-8B,EBM-NLP,8913901,P3,user,True,raw:raw_output,True
Qwen3-8B,EBM-NLP,9573502,P2,user,True,raw:raw_output,True
Qwen3-8B,EBM-NLP,14739125,P3,user,True,raw:raw_output,True
Qwen3-8B,EBM-NLP,24080592,P4,user,True,raw:raw_output,True
Qwen3-8B,EBM-NLP,11401641,P1,user,True,raw:raw_output,True
Qwen3-8B,EBM-NLP,8779382,P5,user,True,raw:raw_output,True
Qwen3-8B,EBM-NLP,1131298,P5,user,True,raw:raw_output,True
Qwen3-8B,EBM-NLP,6951573,P5,user,True,raw:raw_output,True
Qwen3-8B,EBM-NLP,24317958,P4,user,True,raw:raw_output,True
Qwen3-8B,EBM-NLP,7707420,P2,user,True,raw:raw_output,True
Qwen3-8B,EBM-NLP,19376304,P4,user,True,raw:raw_output,True
Qwen3-8B,EBM-NLP,20147856,P4,user,True,raw:raw_output,True
Qwen3-8B,EBM-NLP,24726342,P3,user,True,raw:raw_output,True
Qwen3-8B,EBM-NLP,12595499,P2,user,True,raw:raw_output,True
Qwen3-8B,EBM-NLP,21924760,P3,user,True,raw:raw_output,True
Qwen3-8B,EBM-NLP,11750293,P5,user,True,raw:raw_output,True
Qwen3-8B,EBM-NLP,25898782,P3,user,True,raw:raw_output,True
Qwen3-8B,EBM-NLP,11891832,P5,user,True,raw:raw_output,True
Qwen3-8B,EBM-NLP,1963383,P4,user,True,raw:raw_output,True
Qwen3-8B,EBM-NLP,1459268,P5,user,True,raw:raw_output,True
Qwen3-8B,EBM-NLP,18189160,P2,user,True,raw:raw_output,True
Qwen3-8B,EBM-NLP,6989377,P2,user,True,raw:raw_output,True
Qwen3-8B,EBM-NLP,21718094,P4,user,True,raw:raw_output,True
Qwen3-8B,EBM-NLP,2908133,P4,user,True,raw:raw_output,True
Qwen3-8B,EBM-NLP,17897478,P4,user,True,raw:raw_output,True
Qwen3-8B,EBM-NLP,3534803,P3,user,True,raw:raw_output,True
Qwen3-8B,EBM-NLP,18544974,P4,user,True,raw:raw_output,True
Qwen3-8B,EBM-NLP,20509069,P5,user,True,raw:raw_output,True
Qwen3-8B,EBM-NLP,21896676,P3,user,True,raw:raw_output,True
Qwen3-8B,EBM-NLP,15854186,P5,user,True,raw:raw_output,True
Qwen3-8B,EBM-NLP,23392542,P3,user,True,raw:raw_output,True
Qwen3-8B,EBM-NLP,9229602,P5,user,True,raw:raw_output,True
Qwen3-8B,EBM-NLP,8989009,P4,user,True,raw:raw_output,True
Qwen3-8B,EBM-NLP,12960652,P4,user,True,raw:raw_output,True
Qwen3-8B,EBM-NLP,15014018,P2,user,True,raw:raw_output,True
Qwen3-8B,SciERC,P86-1011,P4,user,True,raw:raw_output,True
Qwen3-8B,EBM-NLP,26210844,P4,user,True,raw:raw_output,True
Qwen3-8B,EBM-NLP,24660757,P5,user,True,raw:raw_output,True
Qwen3-8B,EBM-NLP,23356250,P4,user,True,raw:raw_output,True
Qwen3-8B,EBM-NLP,10070173,P4,user,True,raw:raw_output,True
Qwen3-8B,EBM-NLP,26278470,P4,user,True,raw:raw_output,True
Qwen3-8B,EBM-NLP,23103798,P3,user,True,raw:raw_output,True
Qwen3-8B,EBM-NLP,12576806,P3,user,True,raw:raw_output,True
Qwen3-8B,EBM-NLP,21669557,P3,user,True,raw:raw_output,True
Qwen3-8B,EBM-NLP,10475150,P2,user,True,raw:raw_output,True
Qwen3-8B,SciERC,J86-3001,P3,user,True,raw:raw_output,True
Qwen3-8B,EBM-NLP,16505427,P2,user,True,raw:raw_output,True
Qwen3-8B,EBM-NLP,11229858,P6,user,True,raw:raw_output,True
Qwen3-8B,EBM-NLP,21982657,P3,user,True,raw:raw_output,True
Qwen3-8B,EBM-NLP,20618920,P5,user,True,raw:raw_output,True
Qwen3-8B,EBM-NLP,21975269,P1,user,True,raw:raw_output,True
Qwen3-8B,EBM-NLP,25784723,P4,user,True,raw:raw_output,True
Qwen3-8B,EBM-NLP,19301724,P3,user,True,raw:raw_output,True
Qwen3-8B,EBM-NLP,10589810,P3,user,True,raw:raw_output,True
Qwen3-8B,EBM-NLP,2803397,P3,user,True,raw:raw_output,True
Qwen3-8B,EBM-NLP,8911222,P2,user,True,raw:raw_output,True
Qwen3-8B,EBM-NLP,8519720,P2,user,True,raw:raw_output,True
Qwen3-8B,EBM-NLP,23114870,P2,user,True,raw:raw_output,True
Qwen3-8B,EBM-NLP,15858959,P4,user,True,raw:raw_output,True
Qwen3-8B,EBM-NLP,7017018,P5,user,True,raw:raw_output,True
Qwen3-8B,EBM-NLP,11737955,P4,user,True,raw:raw_output,True
Qwen3-8B,SciERC,ECCV_2016_110_abs,P4,user,True,raw:raw_output,True
Qwen3-8B,SciERC,E95-1033,P4,user,True,raw:raw_output,True
Qwen3-8B,EBM-NLP,9394106,P4,user,True,raw:raw_output,True
Qwen3-8B,EBM-NLP,25479285,P3,user,True,raw:raw_output,True
Qwen3-8B,EBM-NLP,7598243,P4,user,True,raw:raw_output,True
Qwen3-8B,EBM-NLP,18077611,P2,user,True,raw:raw_output,True
Qwen3-8B,EBM-NLP,7808649,P4,user,True,raw:raw_output,True
Qwen3-8B,EBM-NLP,23838728,P5,user,True,raw:raw_output,True
Qwen3-8B,EBM-NLP,23021296,P5,user,True,raw:raw_output,True
Qwen3-8B,EBM-NLP,3081600,P5,user,True,raw:raw_output,True
Qwen3-8B,SciERC,P06-3007,P4,user,True,raw:raw_output,True
Qwen3-8B,EBM-NLP,20943715,P3,user,True,raw:raw_output,True
Qwen3-8B,EBM-NLP,11454878,P3,user,True,raw:raw_output,True
Qwen3-8B,EBM-NLP,10912743,P3,user,True,raw:raw_output,True
Qwen3-8B,EBM-NLP,21491990,P3,user,True,raw:raw_output,True
Qwen3-8B,EBM-NLP,12709693,P2,user,True,raw:raw_output,True
Qwen3-8B,EBM-NLP,25950425,P3,user,True,raw:raw_output,True
Qwen3-8B,EBM-NLP,14679127,P2,user,True,raw:raw_output,True
Qwen3-8B,EBM-NLP,18229990,P5,user,True,raw:raw_output,True
Qwen3-8B,EBM-NLP,11317090,P4,user,True,raw:raw_output,True
Qwen3-8B,EBM-NLP,16427787,P5,user,True,raw:raw_output,True
Qwen3-8B,EBM-NLP,2223363,P5,user,True,raw:raw_output,True
Qwen3-8B,SciERC,C88-1044,P4,user,True,raw:raw_output,True
Qwen3-8B,EBM-NLP,15193668,P5,user,True,raw:raw_output,True
Qwen3-8B,EBM-NLP,22956006,P3,user,True,raw:raw_output,True
Qwen3-8B,EBM-NLP,6920252,P2,user,True,raw:raw_output,True
Qwen3-8B,EBM-NLP,20226474,P4,user,True,raw:raw_output,True
Qwen3-8B,EBM-NLP,24989854,P3,user,True,raw:raw_output,True
Qwen3-8B,SciERC,P05-1039,P4,user,True,raw:raw_output,True
Qwen3-8B,EBM-NLP,18773733,P5,user,True,raw:raw_output,True
Qwen3-8B,EBM-NLP,12586799,P3,user,True,raw:raw_output,True
Qwen3-8B,SciERC,P06-1018,P4,user,True,raw:raw_output,True
Qwen3-8B,EBM-NLP,22897461,P3,user,True,raw:raw_output,True
Qwen3-8B,SciERC,I05-5004,P4,user,True,raw:raw_output,True
Qwen3-8B,SciERC,E99-1015,P4,user,True,raw:raw_output,True
Qwen3-8B,EBM-NLP,7827398,P5,user,True,raw:raw_output,True
Qwen3-8B,EBM-NLP,11401641,P2,user,True,raw:raw_output,True
Qwen3-8B,EBM-NLP,24515505,P4,user,True,raw:raw_output,True
Qwen3-8B,EBM-NLP,7814711,P4,user,True,raw:raw_output,True
Qwen3-8B,EBM-NLP,24350813,P1,user,True,raw:raw_output,True
Qwen3-8B,EBM-NLP,14763035,P4,user,True,raw:raw_output,True
Qwen3-8B,EBM-NLP,8771302,P4,user,True,raw:raw_output,True
Qwen3-8B,EBM-NLP,22341427,P3,user,True,raw:raw_output,True
Qwen3-8B,EBM-NLP,22154769,P3,user,True,raw:raw_output,True
Qwen3-8B,EBM-NLP,10752495,P5,user,True,raw:raw_output,True
Qwen3-8B,EBM-NLP,18845996,P3,user,True,raw:raw_output,True
Qwen3-8B,EBM-NLP,22744141,P5,user,True,raw:raw_output,True
Qwen3-8B,SciERC,P06-1053,P4,user,True,raw:raw_output,True
Qwen3-8B,EBM-NLP,24960665,P4,user,True,raw:raw_output,True
Qwen3-8B,EBM-NLP,20189026,P1,user,True,raw:raw_output,True
Qwen3-8B,SciERC,P05-2013,P4,user,True,raw:raw_output,True
Qwen3-8B,EBM-NLP,23549581,P1,user,True,raw:raw_output,True
Qwen3-8B,EBM-NLP,14739125,P4,user,True,raw:raw_output,True
Qwen3-8B,EBM-NLP,9573502,P3,user,True,raw:raw_output,True
Qwen3-8B,EBM-NLP,8913901,P4,user,True,raw:raw_output,True
Qwen3-8B,SciERC,P06-4007,P4,user,True,raw:raw_output,True
Qwen3-8B,EBM-NLP,17293018,P5,user,True,raw:raw_output,True
Qwen3-8B,EBM-NLP,2224060,P5,user,True,raw:raw_output,True
Qwen3-8B,SciERC,C86-1081,P4,user,True,raw:raw_output,True
Qwen3-8B,EBM-NLP,7707420,P3,user,True,raw:raw_output,True
Qwen3-8B,EBM-NLP,21924760,P4,user,True,raw:raw_output,True
Qwen3-8B,SciERC,P06-1013,P4,user,True,raw:raw_output,True
Qwen3-8B,EBM-NLP,24726342,P4,user,True,raw:raw_output,True
Qwen3-8B,SciERC,P06-2012,P4,user,True,raw:raw_output,True
Qwen3-8B,EBM-NLP,12595499,P3,user,True,raw:raw_output,True
Qwen3-8B,EBM-NLP,19802506,P1,user,True,raw:raw_output,True
Qwen3-8B,EBM-NLP,25898782,P4,user,True,raw:raw_output,True
Qwen3-8B,EBM-NLP,3919804,P5,user,True,raw:raw_output,True
Qwen3-8B,EBM-NLP,18337284,P1,user,True,raw:raw_output,True
Qwen3-8B,EBM-NLP,6989377,P3,user,True,raw:raw_output,True
Qwen3-8B,EBM-NLP,18189160,P3,user,True,raw:raw_output,True
Qwen3-8B,EBM-NLP,12477021,P5,user,True,raw:raw_output,True
Qwen3-8B,SciERC,CVPR_2003_30_abs,P4,user,True,raw:raw_output,True
Qwen3-8B,EBM-NLP,3534803,P4,user,True,raw:raw_output,True
Qwen3-8B,EBM-NLP,16055807,P5,user,True,raw:raw_output,True
Qwen3-8B,EBM-NLP,6421395,P5,user,True,raw:raw_output,True
Qwen3-8B,EBM-NLP,21896676,P4,user,True,raw:raw_output,True
Qwen3-8B,SciERC,E06-1022,P4,user,True,raw:raw_output,True
Qwen3-8B,EBM-NLP,21975269,P2,user,True,raw:raw_output,True
Qwen3-8B,SciERC,C04-1011,P4,user,True,raw:raw_output,True
Qwen3-8B,EBM-NLP,9481998,P5,user,True,raw:raw_output,True
Qwen3-8B,SciERC,CVPR_2004_18_abs,P4,user,True,raw:raw_output,True
Qwen3-8B,SciERC,P83-1004,P4,user,True,raw:raw_output,True
Qwen3-8B,EBM-NLP,23392542,P4,user,True,raw:raw_output,True
Qwen3-8B,EBM-NLP,15014018,P3,user,True,raw:raw_output,True
Qwen3-8B,EBM-NLP,20804366,P5,user,True,raw:raw_output,True
Qwen3-8B,EBM-NLP,23103798,P4,user,True,raw:raw_output,True
Qwen3-8B,EBM-NLP,21669557,P4,user,True,raw:raw_output,True
Qwen3-8B,EBM-NLP,10475150,P3,user,True,raw:raw_output,True
Qwen3-8B,EBM-NLP,12576806,P4,user,True,raw:raw_output,True
Qwen3-8B,SciERC,H05-1095,P4,user,True,raw:raw_output,True
Qwen3-8B,EBM-NLP,16505427,P3,user,True,raw:raw_output,True
Qwen3-8B,EBM-NLP,21982657,P4,user,True,raw:raw_output,True
Qwen3-8B,EBM-NLP,22538329,P1,user,True,raw:raw_output,True
Qwen3-8B,EBM-NLP,2678230,P6,user,True,raw:raw_output,True
Qwen3-8B,SciERC,C08-2010,P4,user,True,raw:raw_output,True
Qwen3-8B,SciERC,C04-1128,P4,user,True,raw:raw_output,True
Qwen3-8B,SciERC,P03-1070,P4,user,True,raw:raw_output,True
Qwen3-8B,EBM-NLP,23357440,P5,user,True,raw:raw_output,True
Qwen3-8B,EBM-NLP,2066441,P5,user,True,raw:raw_output,True
Qwen3-8B,EBM-NLP,2803397,P4,user,True,raw:raw_output,True
Qwen3-8B,EBM-NLP,10589810,P4,user,True,raw:raw_output,True
Qwen3-8B,EBM-NLP,19301724,P4,user,True,raw:raw_output,True
Qwen3-8B,EBM-NLP,19159999,P5,user,True,raw:raw_output,True
Qwen3-8B,EBM-NLP,23114870,P3,user,True,raw:raw_output,True
Qwen3-8B,EBM-NLP,8911222,P3,user,True,raw:raw_output,True
Qwen3-8B,EBM-NLP,8519720,P3,user,True,raw:raw_output,True
Qwen3-8B,EBM-NLP,23417625,P5,user,True,raw:raw_output,True
Qwen3-8B,SciERC,C04-1036,P4,user,True,raw:raw_output,True
Qwen3-8B,EBM-NLP,2188766,P5,user,True,raw:raw_output,True
Qwen3-8B,EBM-NLP,8916620,P6,user,True,raw:raw_output,True
Qwen3-8B,EBM-NLP,18503531,P5,user,True,raw:raw_output,True
Qwen3-8B,EBM-NLP,25369243,P5,user,True,raw:raw_output,True
Qwen3-8B,EBM-NLP,11642083,P5,user,True,raw:raw_output,True
Qwen3-8B,SciERC,N06-1037,P4,user,True,raw:raw_output,True
Qwen3-8B,SciERC,NIPS_2016_80_abs,P4,user,True,raw:raw_output,True
Qwen3-8B,EBM-NLP,25068497,P5,user,True,raw:raw_output,True
Qwen3-8B,SciERC,INTERSPEECH_2007_40_abs,P4,user,True,raw:raw_output,True
Qwen3-8B,EBM-NLP,25479285,P4,user,True,raw:raw_output,True
Qwen3-8B,SciERC,C96-1062,P4,user,True,raw:raw_output,True
Qwen3-8B,EBM-NLP,18077611,P3,user,True,raw:raw_output,True
Qwen3-8B,SciERC,CVPR_2011_10_abs,P4,user,True,raw:raw_output,True
Qwen3-8B,SciERC,N04-1022,P4,user,True,raw:raw_output,True
Qwen3-8B,SciERC,CVPR_1999_15_abs,P4,user,True,raw:raw_output,True
Qwen3-8B,EBM-NLP,20943715,P4,user,True,raw:raw_output,True
Qwen3-8B,EBM-NLP,11454878,P4,user,True,raw:raw_output,True
Qwen3-8B,EBM-NLP,21491990,P4,user,True,raw:raw_output,True
Qwen3-8B,EBM-NLP,2088233,P5,user,True,raw:raw_output,True
Qwen3-8B,EBM-NLP,10912743,P4,user,True,raw:raw_output,True
Qwen3-8B,EBM-NLP,12709693,P3,user,True,raw:raw_output,True
Qwen3-8B,SciERC,J82-3002,P4,user,True,raw:raw_output,True
Qwen3-8B,EBM-NLP,25950425,P4,user,True,raw:raw_output,True
Qwen3-8B,SciERC,ICCV_2013_25_abs,P4,user,True,raw:raw_output,True
Qwen3-8B,SciERC,CVPR_2004_30_abs,P4,user,True,raw:raw_output,True
Qwen3-8B,SciERC,P01-1056,P4,user,True,raw:raw_output,True
Qwen3-8B,EBM-NLP,14679127,P3,user,True,raw:raw_output,True
Qwen3-8B,EBM-NLP,17616069,P5,user,True,raw:raw_output,True
Qwen3-8B,EBM-NLP,24350813,P2,user,True,raw:raw_output,True
Qwen3-8B,SciERC,I05-4010,P4,user,True,raw:raw_output,True
Qwen3-8B,SciERC,NIPS_2001_11_abs,P4,user,True,raw:raw_output,True
Qwen3-8B,EBM-NLP,22956006,P4,user,True,raw:raw_output,True
Qwen3-8B,SciERC,C00-2123,P4,user,True,raw:raw_output,True
Qwen3-8B,EBM-NLP,6920252,P3,user,True,raw:raw_output,True
Qwen3-8B,EBM-NLP,20189026,P2,user,True,raw:raw_output,True
Qwen3-8B,EBM-NLP,24075141,P5,user,True,raw:raw_output,True
Qwen3-8B,EBM-NLP,24989854,P4,user,True,raw:raw_output,True
Qwen3-8B,EBM-NLP,10390665,P5,user,True,raw:raw_output,True
Qwen3-8B,SciERC,NIPS_2002_18_abs,P4,user,True,raw:raw_output,True
Qwen3-8B,EBM-NLP,12586799,P4,user,True,raw:raw_output,True
Qwen3-8B,SciERC,P08-1105,P4,user,True,raw:raw_output,True
Qwen3-8B,EBM-NLP,23549581,P2,user,True,raw:raw_output,True
Qwen3-8B,SciERC,A97-1020,P4,user,True,raw:raw_output,True
Qwen3-8B,SciERC,C90-3063,P4,user,True,raw:raw_output,True
Qwen3-8B,EBM-NLP,22897461,P4,user,True,raw:raw_output,True
Qwen3-8B,SciERC,CVPR_2009_18_abs,P4,user,True,raw:raw_output,True
Qwen3-8B,EBM-NLP,21170734,P5,user,True,raw:raw_output,True
Qwen3-8B,EBM-NLP,11401641,P3,user,True,raw:raw_output,True
Qwen3-8B,EBM-NLP,18958161,P5,user,True,raw:raw_output,True
Qwen3-8B,SciERC,INTERSPEECH_2013_21_abs,P4,user,True,raw:raw_output,True
Qwen3-8B,EBM-NLP,11495215,P5,user,True,raw:raw_output,True
Qwen3-8B,EBM-NLP,11381289,P6,user,True,raw:raw_output,True
Qwen3-8B,EBM-NLP,4919024,P6,user,True,raw:raw_output,True
Qwen3-8B,SciERC,ICML_1995_38_abs,P4,user,True,raw:raw_output,True
Qwen3-8B,EBM-NLP,22341427,P4,user,True,raw:raw_output,True
Qwen3-8B,EBM-NLP,19802506,P2,user,True,raw:raw_output,True
Qwen3-8B,EBM-NLP,22154769,P4,user,True,raw:raw_output,True
Qwen3-8B,SciERC,NIPS_2002_11_abs,P4,user,True,raw:raw_output,True
Qwen3-8B,SciERC,C04-1035,P4,user,True,raw:raw_output,True
Qwen3-8B,EBM-NLP,361799,P5,user,True,raw:raw_output,True
Qwen3-8B,EBM-NLP,7853069,P5,user,True,raw:raw_output,True
Qwen3-8B,EBM-NLP,18337284,P2,user,True,raw:raw_output,True
Qwen3-8B,EBM-NLP,18845996,P4,user,True,raw:raw_output,True
Qwen3-8B,EBM-NLP,7831628,P5,user,True,raw:raw_output,True
Qwen3-8B,EBM-NLP,12139812,P5,user,True,raw:raw_output,True
Qwen3-8B,SciERC,ECCV_2012_30_abs,P4,user,True,raw:raw_output,True
Qwen3-8B,EBM-NLP,22646975,P5,user,True,raw:raw_output,True
Qwen3-8B,EBM-NLP,21914768,P6,user,True,raw:raw_output,True
Qwen3-8B,EBM-NLP,19708562,P6,user,True,raw:raw_output,True
Qwen3-8B,EBM-NLP,9573502,P4,user,True,raw:raw_output,True
Qwen3-8B,SciERC,N03-1033,P4,user,True,raw:raw_output,True
Qwen3-8B,SciERC,I05-5003,P4,user,True,raw:raw_output,True
Qwen3-8B,SciERC,H01-1049,P4,user,True,raw:raw_output,True
Qwen3-8B,EBM-NLP,3067745,P6,user,True,raw:raw_output,True
Qwen3-8B,EBM-NLP,7707420,P4,user,True,raw:raw_output,True
Qwen3-8B,SciERC,C90-3045,P4,user,True,raw:raw_output,True
Qwen3-8B,EBM-NLP,23849147,P6,user,True,raw:raw_output,True
Qwen3-8B,EBM-NLP,25885649,P1,user,True,raw:raw_output,True
Qwen3-8B,EBM-NLP,12595499,P4,user,True,raw:raw_output,True
Qwen3-8B,EBM-NLP,24451919,P5,user,True,raw:raw_output,True
Qwen3-8B,EBM-NLP,15358868,P6,user,True,raw:raw_output,True
Qwen3-8B,SciERC,C04-1106,P4,user,True,raw:raw_output,True
Qwen3-8B,SciERC,P85-1019,P4,user,True,raw:raw_output,True
Qwen3-8B,SciERC,C04-1103,P4,user,True,raw:raw_output,True
Qwen3-8B,SciERC,INTERSPEECH_2014_40_abs,P4,user,True,raw:raw_output,True
Qwen3-8B,EBM-NLP,18189160,P4,user,True,raw:raw_output,True
Qwen3-8B,EBM-NLP,7844976,P6,user,True,raw:raw_output,True
Qwen3-8B,EBM-NLP,6989377,P4,user,True,raw:raw_output,True
Qwen3-8B,EBM-NLP,6418441,P5,user,True,raw:raw_output,True
Qwen3-8B,EBM-NLP,10578479,P5,user,True,raw:raw_output,True
Qwen3-8B,EBM-NLP,22435114,P5,user,True,raw:raw_output,True
Qwen3-8B,SciERC,ICCV_2001_47_abs,P4,user,True,raw:raw_output,True
Qwen3-8B,EBM-NLP,22538329,P2,user,True,raw:raw_output,True
Qwen3-8B,SciERC,P04-2005,P4,user,True,raw:raw_output,True
Qwen3-8B,EBM-NLP,21975269,P3,user,True,raw:raw_output,True
Qwen3-8B,EBM-NLP,384815,P6,user,True,raw:raw_output,True
Qwen3-8B,SciERC,ICCV_2003_161_abs,P4,user,True,raw:raw_output,True
Qwen3-8B,SciERC,N03-1026,P4,user,True,raw:raw_output,True
Qwen3-8B,SciERC,E89-1016,P4,user,True,raw:raw_output,True
Qwen3-8B,EBM-NLP,15014018,P4,user,True,raw:raw_output,True
Qwen3-8B,EBM-NLP,19096921,P6,user,True,raw:raw_output,True
Qwen3-8B,SciERC,ICASSP_2016_11_abs,P4,user,True,raw:raw_output,True
Qwen3-8B,EBM-NLP,1286547,P5,user,True,raw:raw_output,True
Qwen3-8B,EBM-NLP,22416755,P6,user,True,raw:raw_output,True
Qwen3-8B,EBM-NLP,24803369,P6,user,True,raw:raw_output,True
Qwen3-8B,EBM-NLP,10475150,P4,user,True,raw:raw_output,True
Qwen3-8B,SciERC,J05-4003,P4,user,True,raw:raw_output,True
Qwen3-8B,EBM-NLP,16167234,P5,user,True,raw:raw_output,True
Qwen3-8B,EBM-NLP,10934569,P6,user,True,raw:raw_output,True
Qwen3-8B,SciERC,P05-1076,P4,user,True,raw:raw_output,True
Qwen3-8B,EBM-NLP,16505427,P4,user,True,raw:raw_output,True
Qwen3-8B,EBM-NLP,6938020,P6,user,True,raw:raw_output,True
Qwen3-8B,EBM-NLP,16295154,P5,user,True,raw:raw_output,True
Qwen3-8B,SciERC,ICML_2016_10_abs,P4,user,True,raw:raw_output,True
Qwen3-8B,EBM-NLP,20560622,P5,user,True,raw:raw_output,True
Qwen3-8B,EBM-NLP,22271197,P6,user,True,raw:raw_output,True
Qwen3-8B,EBM-NLP,11829043,P5,user,True,raw:raw_output,True
Qwen3-8B,SciERC,INTERSPEECH_2006_21_abs,P4,user,True,raw:raw_output,True
Qwen3-8B,EBM-NLP,8519720,P4,user,True,raw:raw_output,True
Qwen3-8B,EBM-NLP,9816035,P1,user,True,raw:raw_output,True
Qwen3-8B,EBM-NLP,8911222,P4,user,True,raw:raw_output,True
Qwen3-8B,EBM-NLP,23114870,P4,user,True,raw:raw_output,True
Qwen3-8B,SciERC,CVPR_2008_258_abs,P4,user,True,raw:raw_output,True
Qwen3-8B,EBM-NLP,9695300,P5,user,True,raw:raw_output,True
Qwen3-8B,EBM-NLP,11099086,P1,user,True,raw:raw_output,True
Qwen3-8B,EBM-NLP,21106663,P5,user,True,raw:raw_output,True
Qwen3-8B,EBM-NLP,22420121,P5,user,True,raw:raw_output,True
Qwen3-8B,EBM-NLP,1780092,P6,user,True,raw:raw_output,True
Qwen3-8B,SciERC,CVPR_2016_413_abs,P4,user,True,raw:raw_output,True
Qwen3-8B,EBM-NLP,10763172,P5,user,True,raw:raw_output,True
Qwen3-8B,EBM-NLP,18077611,P4,user,True,raw:raw_output,True
Qwen3-8B,SciERC,CVPR_2006_10_abs,P4,user,True,raw:raw_output,True
Qwen3-8B,SciERC,P05-1046,P4,user,True,raw:raw_output,True
Qwen3-8B,EBM-NLP,1968178,P6,user,True,raw:raw_output,True
Qwen3-8B,SciERC,CVPR_1993_10_abs,P4,user,True,raw:raw_output,True
Qwen3-8B,EBM-NLP,25931290,P6,user,True,raw:raw_output,True
Qwen3-8B,EBM-NLP,12709693,P4,user,True,raw:raw_output,True
Qwen3-8B,EBM-NLP,14679127,P4,user,True,raw:raw_output,True
Qwen3-8B,EBM-NLP,18783504,P5,user,True,raw:raw_output,True
Qwen3-8B,EBM-NLP,19727232,P5,user,True,raw:raw_output,True
Qwen3-8B,EBM-NLP,24350813,P3,user,True,raw:raw_output,True
Qwen3-8B,EBM-NLP,6951573,P6,user,True,raw:raw_output,True
Qwen3-8B,EBM-NLP,8779382,P6,user,True,raw:raw_output,True
Qwen3-8B,EBM-NLP,1131298,P6,user,True,raw:raw_output,True
Qwen3-8B,SciERC,NIPS_2015_18_abs,P4,user,True,raw:raw_output,True
Qwen3-8B,EBM-NLP,1669598,P5,user,True,raw:raw_output,True
Qwen3-8B,EBM-NLP,6920252,P4,user,True,raw:raw_output,True
Qwen3-8B,EBM-NLP,20189026,P3,user,True,raw:raw_output,True
Qwen3-8B,EBM-NLP,8911223,P5,user,True,raw:raw_output,True
Qwen3-8B,SciERC,INTERSPEECH_2008_20_abs,P4,user,True,raw:raw_output,True
Qwen3-8B,EBM-NLP,11750293,P6,user,True,raw:raw_output,True
Qwen3-8B,SciERC,E91-1012,P4,user,True,raw:raw_output,True
Qwen3-8B,SciERC,NIPS_2016_560_abs,P4,user,True,raw:raw_output,True
Qwen3-8B,EBM-NLP,25886492,P1,user,True,raw:raw_output,True
Qwen3-8B,EBM-NLP,23549581,P3,user,True,raw:raw_output,True
Qwen3-8B,SciERC,CVPR_2010_30_abs,P4,user,True,raw:raw_output,True
Qwen3-8B,EBM-NLP,17321989,P5,user,True,raw:raw_output,True
Qwen3-8B,EBM-NLP,11891832,P6,user,True,raw:raw_output,True
Qwen3-8B,EBM-NLP,1459268,P6,user,True,raw:raw_output,True
Qwen3-8B,EBM-NLP,11401641,P4,user,True,raw:raw_output,True
Qwen3-8B,EBM-NLP,25885649,P2,user,True,raw:raw_output,True
Qwen3-8B,EBM-NLP,20509069,P6,user,True,raw:raw_output,True
Qwen3-8B,EBM-NLP,15854186,P6,user,True,raw:raw_output,True
Qwen3-8B,SciERC,CVPR_2011_11_abs,P4,user,True,raw:raw_output,True
Qwen3-8B,EBM-NLP,9229602,P6,user,True,raw:raw_output,True
Qwen3-8B,EBM-NLP,15133359,P5,user,True,raw:raw_output,True
Qwen3-8B,EBM-NLP,21393467,P5,user,True,raw:raw_output,True
Qwen3-8B,EBM-NLP,19802506,P3,user,True,raw:raw_output,True
Qwen3-8B,EBM-NLP,21211686,P1,user,True,raw:raw_output,True
Qwen3-8B,EBM-NLP,18337284,P3,user,True,raw:raw_output,True
Qwen3-8B,EBM-NLP,9730996,P5,user,True,raw:raw_output,True
Qwen3-8B,EBM-NLP,24660757,P6,user,True,raw:raw_output,True
Qwen3-8B,EBM-NLP,3074300,P5,user,True,raw:raw_output,True
Qwen3-8B,SciERC,ICML_2016_18_abs,P4,user,True,raw:raw_output,True
Qwen3-8B,SciERC,ICML_2006_119_abs,P4,user,True,raw:raw_output,True
Qwen3-8B,EBM-NLP,15848261,P5,user,True,raw:raw_output,True
Qwen3-8B,EBM-NLP,10764172,P5,user,True,raw:raw_output,True
Qwen3-8B,EBM-NLP,22865017,P5,user,True,raw:raw_output,True
Qwen3-8B,SciERC,J86-4002,P4,user,True,raw:raw_output,True
Qwen3-8B,EBM-NLP,18975051,P5,user,True,raw:raw_output,True
Qwen3-8B,EBM-NLP,23985254,P1,user,True,raw:raw_output,True
Qwen3-8B,EBM-NLP,8726604,P5,user,True,raw:raw_output,True
Qwen3-8B,EBM-NLP,22881991,P5,user,True,raw:raw_output,True
Qwen3-8B,EBM-NLP,20618920,P6,user,True,raw:raw_output,True
Qwen3-8B,EBM-NLP,24080592,P5,user,True,raw:raw_output,True
Qwen3-8B,SciERC,C94-1091,P4,user,True,raw:raw_output,True
Qwen3-8B,EBM-NLP,24317958,P5,user,True,raw:raw_output,True
Qwen3-8B,EBM-NLP,19376304,P5,user,True,raw:raw_output,True
Qwen3-8B,EBM-NLP,7017018,P6,user,True,raw:raw_output,True
Qwen3-8B,EBM-NLP,20147856,P5,user,True,raw:raw_output,True
Qwen3-8B,SciERC,ICASSP_1997_706_abs,P4,user,True,raw:raw_output,True
Qwen3-8B,EBM-NLP,22538329,P3,user,True,raw:raw_output,True
Qwen3-8B,EBM-NLP,21975269,P4,user,True,raw:raw_output,True
Qwen3-8B,SciERC,P05-1056,P4,user,True,raw:raw_output,True
Qwen3-8B,EBM-NLP,1963383,P5,user,True,raw:raw_output,True
Qwen3-8B,EBM-NLP,9816035,P2,user,True,raw:raw_output,True
Qwen3-8B,EBM-NLP,23838728,P6,user,True,raw:raw_output,True
Qwen3-8B,EBM-NLP,21718094,P5,user,True,raw:raw_output,True
Qwen3-8B,EBM-NLP,23021296,P6,user,True,raw:raw_output,True
Qwen3-8B,SciERC,E93-1066,P4,user,True,raw:raw_output,True
Qwen3-8B,EBM-NLP,2908133,P5,user,True,raw:raw_output,True
Qwen3-8B,EBM-NLP,17897478,P5,user,True,raw:raw_output,True
Qwen3-8B,EBM-NLP,3081600,P6,user,True,raw:raw_output,True
Qwen3-8B,EBM-NLP,11099086,P2,user,True,raw:raw_output,True
Qwen3-8B,EBM-NLP,18544974,P5,user,True,raw:raw_output,True
Qwen3-8B,EBM-NLP,8989009,P5,user,True,raw:raw_output,True
Qwen3-8B,EBM-NLP,12960652,P5,user,True,raw:raw_output,True
Qwen3-8B,EBM-NLP,18229990,P6,user,True,raw:raw_output,True
Qwen3-8B,EBM-NLP,26210844,P5,user,True,raw:raw_output,True
Qwen3-8B,EBM-NLP,16427787,P6,user,True,raw:raw_output,True
Qwen3-8B,EBM-NLP,2223363,P6,user,True,raw:raw_output,True
Qwen3-8B,EBM-NLP,26278470,P5,user,True,raw:raw_output,True
Qwen3-8B,EBM-NLP,10070173,P5,user,True,raw:raw_output,True
Qwen3-8B,EBM-NLP,23356250,P5,user,True,raw:raw_output,True
Qwen3-8B,EBM-NLP,15193668,P6,user,True,raw:raw_output,True
Qwen3-8B,SciERC,CVPR_2009_10_abs,P4,user,True,raw:raw_output,True
Qwen3-8B,EBM-NLP,18773733,P6,user,True,raw:raw_output,True
Qwen3-8B,EBM-NLP,19108790,P1,user,True,raw:raw_output,True
Qwen3-8B,EBM-NLP,7827398,P6,user,True,raw:raw_output,True
Qwen3-8B,EBM-NLP,25784723,P5,user,True,raw:raw_output,True
Qwen3-8B,EBM-NLP,15858959,P5,user,True,raw:raw_output,True
Qwen3-8B,SciERC,ICML_2016_11_abs,P4,user,True,raw:raw_output,True
Qwen3-8B,EBM-NLP,25886492,P2,user,True,raw:raw_output,True
Qwen3-8B,EBM-NLP,10752495,P6,user,True,raw:raw_output,True
Qwen3-8B,EBM-NLP,11737955,P5,user,True,raw:raw_output,True
Qwen3-8B,EBM-NLP,22744141,P6,user,True,raw:raw_output,True
Qwen3-8B,EBM-NLP,9394106,P5,user,True,raw:raw_output,True
Qwen3-8B,EBM-NLP,7808649,P5,user,True,raw:raw_output,True
Qwen3-8B,EBM-NLP,7598243,P5,user,True,raw:raw_output,True
Qwen3-8B,EBM-NLP,24350813,P4,user,True,raw:raw_output,True
Qwen3-8B,EBM-NLP,17293018,P6,user,True,raw:raw_output,True
Qwen3-8B,EBM-NLP,2224060,P6,user,True,raw:raw_output,True
Qwen3-8B,SciERC,ECCV_2016_204_abs,P4,user,True,raw:raw_output,True
Qwen3-8B,EBM-NLP,21211686,P2,user,True,raw:raw_output,True
Qwen3-8B,SciERC,ECCV_2016_99_abs,P4,user,True,raw:raw_output,True
Qwen3-8B,EBM-NLP,20189026,P4,user,True,raw:raw_output,True
Qwen3-8B,EBM-NLP,11317090,P5,user,True,raw:raw_output,True
Qwen3-8B,SciERC,CVPR_1994_10_abs,P4,user,True,raw:raw_output,True
Qwen3-8B,EBM-NLP,3919804,P6,user,True,raw:raw_output,True
Qwen3-8B,EBM-NLP,23549581,P4,user,True,raw:raw_output,True
Qwen3-8B,EBM-NLP,20226474,P5,user,True,raw:raw_output,True
Qwen3-8B,SciERC,ICCV_2013_47_abs,P4,user,True,raw:raw_output,True
Qwen3-8B,SciERC,CVPR_2008_256_abs,P4,user,True,raw:raw_output,True
Qwen3-8B,EBM-NLP,23985254,P2,user,True,raw:raw_output,True
Qwen3-8B,EBM-NLP,16055807,P6,user,True,raw:raw_output,True
Qwen3-8B,EBM-NLP,12477021,P6,user,True,raw:raw_output,True
Qwen3-8B,EBM-NLP,6421395,P6,user,True,raw:raw_output,True
Qwen3-8B,EBM-NLP,25885649,P3,user,True,raw:raw_output,True
Qwen3-8B,EBM-NLP,9481998,P6,user,True,raw:raw_output,True
Qwen3-8B,EBM-NLP,19802506,P4,user,True,raw:raw_output,True
Qwen3-8B,SciERC,ICCV_2003_151_abs,P4,user,True,raw:raw_output,True
Qwen3-8B,EBM-NLP,18337284,P4,user,True,raw:raw_output,True
Qwen3-8B,SciERC,H01-1042,P4,user,True,raw:raw_output,True
Qwen3-8B,EBM-NLP,24515505,P5,user,True,raw:raw_output,True
Qwen3-8B,EBM-NLP,20804366,P6,user,True,raw:raw_output,True
Qwen3-8B,EBM-NLP,7814711,P5,user,True,raw:raw_output,True
Qwen3-8B,EBM-NLP,14763035,P5,user,True,raw:raw_output,True
Qwen3-8B,EBM-NLP,8771302,P5,user,True,raw:raw_output,True
Qwen3-8B,EBM-NLP,24960665,P5,user,True,raw:raw_output,True
Qwen3-8B,EBM-NLP,8913901,P5,user,True,raw:raw_output,True
Qwen3-8B,EBM-NLP,2066441,P6,user,True,raw:raw_output,True
Qwen3-8B,EBM-NLP,23357440,P6,user,True,raw:raw_output,True
Qwen3-8B,EBM-NLP,14739125,P5,user,True,raw:raw_output,True
Qwen3-8B,EBM-NLP,21866656,P1,user,True,raw:raw_output,True
Qwen3-8B,EBM-NLP,19159999,P6,user,True,raw:raw_output,True
Qwen3-8B,EBM-NLP,2188766,P6,user,True,raw:raw_output,True
Qwen3-8B,EBM-NLP,23417625,P6,user,True,raw:raw_output,True
Qwen3-8B,EBM-NLP,21924760,P5,user,True,raw:raw_output,True
Qwen3-8B,SciERC,INTERSPEECH_2008_28_abs,P4,user,True,raw:raw_output,True
Qwen3-8B,EBM-NLP,24726342,P5,user,True,raw:raw_output,True
Qwen3-8B,EBM-NLP,11642083,P6,user,True,raw:raw_output,True
Qwen3-8B,EBM-NLP,18503531,P6,user,True,raw:raw_output,True
Qwen3-8B,EBM-NLP,25369243,P6,user,True,raw:raw_output,True
Qwen3-8B,EBM-NLP,25068497,P6,user,True,raw:raw_output,True
Qwen3-8B,EBM-NLP,22538329,P4,user,True,raw:raw_output,True
Qwen3-8B,EBM-NLP,25898782,P5,user,True,raw:raw_output,True
Qwen3-8B,SciERC,X96-1059,P4,user,True,raw:raw_output,True
Qwen3-8B,EBM-NLP,19108790,P2,user,True,raw:raw_output,True
Qwen3-8B,EBM-NLP,9816035,P3,user,True,raw:raw_output,True
Qwen3-8B,EBM-NLP,3534803,P5,user,True,raw:raw_output,True
Qwen3-8B,EBM-NLP,21896676,P5,user,True,raw:raw_output,True
Qwen3-8B,EBM-NLP,11099086,P3,user,True,raw:raw_output,True
Qwen3-8B,EBM-NLP,10940525,P1,user,True,raw:raw_output,True
Qwen3-8B,EBM-NLP,2088233,P6,user,True,raw:raw_output,True
Qwen3-8B,EBM-NLP,23392542,P5,user,True,raw:raw_output,True
Qwen3-8B,EBM-NLP,17616069,P6,user,True,raw:raw_output,True
Qwen3-8B,EBM-NLP,23103798,P5,user,True,raw:raw_output,True
Qwen3-8B,EBM-NLP,21669557,P5,user,True,raw:raw_output,True
Qwen3-8B,EBM-NLP,12576806,P5,user,True,raw:raw_output,True
Qwen3-8B,EBM-NLP,24075141,P6,user,True,raw:raw_output,True
Qwen3-8B,EBM-NLP,10390665,P6,user,True,raw:raw_output,True
Qwen3-8B,EBM-NLP,21982657,P5,user,True,raw:raw_output,True
Qwen3-8B,EBM-NLP,21170734,P6,user,True,raw:raw_output,True
Qwen3-8B,EBM-NLP,2803397,P5,user,True,raw:raw_output,True
Qwen3-8B,EBM-NLP,10589810,P5,user,True,raw:raw_output,True
Qwen3-8B,EBM-NLP,11495215,P6,user,True,raw:raw_output,True
Qwen3-8B,EBM-NLP,19301724,P5,user,True,raw:raw_output,True
Qwen3-8B,EBM-NLP,18958161,P6,user,True,raw:raw_output,True
Qwen3-8B,EBM-NLP,25886492,P3,user,True,raw:raw_output,True
Qwen3-8B,EBM-NLP,361799,P6,user,True,raw:raw_output,True
Qwen3-8B,EBM-NLP,7853069,P6,user,True,raw:raw_output,True
Qwen3-8B,EBM-NLP,7831628,P6,user,True,raw:raw_output,True
Qwen3-8B,EBM-NLP,12139812,P6,user,True,raw:raw_output,True
Qwen3-8B,EBM-NLP,25479285,P5,user,True,raw:raw_output,True
Qwen3-8B,EBM-NLP,22646975,P6,user,True,raw:raw_output,True
Qwen3-8B,SciERC,ECCV_2006_13_abs,P4,user,True,raw:raw_output,True
Qwen3-8B,EBM-NLP,20943715,P5,user,True,raw:raw_output,True
Qwen3-8B,EBM-NLP,21491990,P5,user,True,raw:raw_output,True
Qwen3-8B,EBM-NLP,21211686,P3,user,True,raw:raw_output,True
Qwen3-8B,EBM-NLP,10912743,P5,user,True,raw:raw_output,True
Qwen3-8B,EBM-NLP,11454878,P5,user,True,raw:raw_output,True
Qwen3-8B,EBM-NLP,24451919,P6,user,True,raw:raw_output,True
Qwen3-8B,EBM-NLP,25950425,P5,user,True,raw:raw_output,True
Qwen3-8B,EBM-NLP,22956006,P5,user,True,raw:raw_output,True
Qwen3-8B,EBM-NLP,24989854,P5,user,True,raw:raw_output,True
Qwen3-8B,EBM-NLP,23985254,P3,user,True,raw:raw_output,True
Qwen3-8B,EBM-NLP,10578479,P6,user,True,raw:raw_output,True
Qwen3-8B,EBM-NLP,22435114,P6,user,True,raw:raw_output,True
Qwen3-8B,EBM-NLP,6418441,P6,user,True,raw:raw_output,True
Qwen3-8B,EBM-NLP,12586799,P5,user,True,raw:raw_output,True
Qwen3-8B,EBM-NLP,25885649,P4,user,True,raw:raw_output,True
Qwen3-8B,EBM-NLP,21866656,P2,user,True,raw:raw_output,True
Qwen3-8B,EBM-NLP,22897461,P5,user,True,raw:raw_output,True
Qwen3-8B,EBM-NLP,1286547,P6,user,True,raw:raw_output,True
Qwen3-8B,EBM-NLP,22341427,P5,user,True,raw:raw_output,True
Qwen3-8B,EBM-NLP,16167234,P6,user,True,raw:raw_output,True
Qwen3-8B,EBM-NLP,22154769,P5,user,True,raw:raw_output,True
Qwen3-8B,EBM-NLP,18845996,P5,user,True,raw:raw_output,True
Qwen3-8B,EBM-NLP,16295154,P6,user,True,raw:raw_output,True
Qwen3-8B,EBM-NLP,20560622,P6,user,True,raw:raw_output,True
Qwen3-8B,EBM-NLP,11829043,P6,user,True,raw:raw_output,True
Qwen3-8B,EBM-NLP,9573502,P5,user,True,raw:raw_output,True
Qwen3-8B,EBM-NLP,10940525,P2,user,True,raw:raw_output,True
Qwen3-8B,SciERC,ECCV_2016_212_abs,P4,user,True,raw:raw_output,True
Qwen3-8B,EBM-NLP,7707420,P5,user,True,raw:raw_output,True
Qwen3-8B,EBM-NLP,12595499,P5,user,True,raw:raw_output,True
Qwen3-8B,EBM-NLP,9695300,P6,user,True,raw:raw_output,True
Qwen3-8B,EBM-NLP,22420121,P6,user,True,raw:raw_output,True
Qwen3-8B,EBM-NLP,21106663,P6,user,True,raw:raw_output,True
Qwen3-8B,EBM-NLP,18189160,P5,user,True,raw:raw_output,True
Qwen3-8B,EBM-NLP,6989377,P5,user,True,raw:raw_output,True
Qwen3-8B,EBM-NLP,19108790,P3,user,True,raw:raw_output,True
Qwen3-8B,EBM-NLP,10763172,P6,user,True,raw:raw_output,True
Qwen3-8B,EBM-NLP,9816035,P4,user,True,raw:raw_output,True
Qwen3-8B,SciERC,W02-1602,P4,user,True,raw:raw_output,True
Qwen3-8B,EBM-NLP,11099086,P4,user,True,raw:raw_output,True
Qwen3-8B,EBM-NLP,15014018,P5,user,True,raw:raw_output,True
Qwen3-8B,EBM-NLP,18783504,P6,user,True,raw:raw_output,True
Qwen3-8B,EBM-NLP,19727232,P6,user,True,raw:raw_output,True
Qwen3-8B,EBM-NLP,1669598,P6,user,True,raw:raw_output,True
Qwen3-8B,EBM-NLP,10475150,P5,user,True,raw:raw_output,True
Qwen3-8B,EBM-NLP,8911223,P6,user,True,raw:raw_output,True
Qwen3-8B,EBM-NLP,16505427,P5,user,True,raw:raw_output,True
Qwen3-8B,EBM-NLP,17321989,P6,user,True,raw:raw_output,True
Qwen3-8B,EBM-NLP,23114870,P5,user,True,raw:raw_output,True
Qwen3-8B,EBM-NLP,8911222,P5,user,True,raw:raw_output,True
Qwen3-8B,EBM-NLP,20739054,P1,user,True,raw:raw_output,True
Qwen3-8B,EBM-NLP,8519720,P5,user,True,raw:raw_output,True
Qwen3-8B,EBM-NLP,25886492,P4,user,True,raw:raw_output,True
Qwen3-8B,EBM-NLP,21393467,P6,user,True,raw:raw_output,True
Qwen3-8B,EBM-NLP,15133359,P6,user,True,raw:raw_output,True
Qwen3-8B,EBM-NLP,9730996,P6,user,True,raw:raw_output,True
Qwen3-8B,SciERC,J86-3001,P4,user,True,raw:raw_output,True
Qwen3-8B,EBM-NLP,3074300,P6,user,True,raw:raw_output,True
Qwen3-8B,EBM-NLP,15848261,P6,user,True,raw:raw_output,True
Qwen3-8B,EBM-NLP,18077611,P5,user,True,raw:raw_output,True
Qwen3-8B,EBM-NLP,22865017,P6,user,True,raw:raw_output,True
Qwen3-8B,EBM-NLP,10764172,P6,user,True,raw:raw_output,True
Qwen3-8B,EBM-NLP,18975051,P6,user,True,raw:raw_output,True
Qwen3-8B,EBM-NLP,8726604,P6,user,True,raw:raw_output,True
Qwen3-8B,EBM-NLP,21211686,P4,user,True,raw:raw_output,True
Qwen3-8B,EBM-NLP,22881991,P6,user,True,raw:raw_output,True
Qwen3-8B,EBM-NLP,12709693,P5,user,True,raw:raw_output,True
Qwen3-8B,EBM-NLP,14679127,P5,user,True,raw:raw_output,True
Qwen3-8B,EBM-NLP,24080592,P6,user,True,raw:raw_output,True
Qwen3-8B,EBM-NLP,24317958,P6,user,True,raw:raw_output,True
Qwen3-8B,EBM-NLP,6920252,P5,user,True,raw:raw_output,True
Qwen3-8B,EBM-NLP,19376304,P6,user,True,raw:raw_output,True
Qwen3-8B,EBM-NLP,20147856,P6,user,True,raw:raw_output,True
Qwen3-8B,EBM-NLP,23985254,P4,user,True,raw:raw_output,True
Qwen3-8B,EBM-NLP,1963383,P6,user,True,raw:raw_output,True
Qwen3-8B,EBM-NLP,21866656,P3,user,True,raw:raw_output,True
Qwen3-8B,EBM-NLP,11401641,P5,user,True,raw:raw_output,True
Qwen3-8B,EBM-NLP,21718094,P6,user,True,raw:raw_output,True
Qwen3-8B,EBM-NLP,17897478,P6,user,True,raw:raw_output,True
Qwen3-8B,EBM-NLP,2908133,P6,user,True,raw:raw_output,True
Qwen3-8B,EBM-NLP,18544974,P6,user,True,raw:raw_output,True
Qwen3-8B,EBM-NLP,8989009,P6,user,True,raw:raw_output,True
Qwen3-8B,EBM-NLP,12960652,P6,user,True,raw:raw_output,True
Qwen3-8B,EBM-NLP,26210844,P6,user,True,raw:raw_output,True
Qwen3-8B,EBM-NLP,10070173,P6,user,True,raw:raw_output,True
Qwen3-8B,EBM-NLP,23356250,P6,user,True,raw:raw_output,True
Qwen3-8B,EBM-NLP,26278470,P6,user,True,raw:raw_output,True
Qwen3-8B,EBM-NLP,10940525,P3,user,True,raw:raw_output,True
Qwen3-8B,EBM-NLP,25784723,P6,user,True,raw:raw_output,True
Qwen3-8B,EBM-NLP,15858959,P6,user,True,raw:raw_output,True
Qwen3-8B,EBM-NLP,19108790,P4,user,True,raw:raw_output,True
Qwen3-8B,EBM-NLP,11737955,P6,user,True,raw:raw_output,True
Qwen3-8B,EBM-NLP,21975269,P5,user,True,raw:raw_output,True
Qwen3-8B,EBM-NLP,9394106,P6,user,True,raw:raw_output,True
Qwen3-8B,EBM-NLP,7598243,P6,user,True,raw:raw_output,True
Qwen3-8B,EBM-NLP,7808649,P6,user,True,raw:raw_output,True
Qwen3-8B,EBM-NLP,20739054,P2,user,True,raw:raw_output,True
Qwen3-8B,EBM-NLP,11317090,P6,user,True,raw:raw_output,True
Qwen3-8B,EBM-NLP,20226474,P6,user,True,raw:raw_output,True
Qwen3-8B,EBM-NLP,24515505,P6,user,True,raw:raw_output,True
Qwen3-8B,EBM-NLP,14763035,P6,user,True,raw:raw_output,True
Qwen3-8B,EBM-NLP,7814711,P6,user,True,raw:raw_output,True
Qwen3-8B,EBM-NLP,8771302,P6,user,True,raw:raw_output,True
Qwen3-8B,EBM-NLP,24960665,P6,user,True,raw:raw_output,True
Qwen3-8B,EBM-NLP,21029638,P1,user,True,raw:raw_output,True
Qwen3-8B,EBM-NLP,8913901,P6,user,True,raw:raw_output,True
Qwen3-8B,EBM-NLP,14739125,P6,user,True,raw:raw_output,True
Qwen3-8B,EBM-NLP,24350813,P5,user,True,raw:raw_output,True
Qwen3-8B,EBM-NLP,21924760,P6,user,True,raw:raw_output,True
Qwen3-8B,EBM-NLP,24726342,P6,user,True,raw:raw_output,True
Qwen3-8B,EBM-NLP,20189026,P5,user,True,raw:raw_output,True
Qwen3-8B,EBM-NLP,23549581,P5,user,True,raw:raw_output,True
Qwen3-8B,EBM-NLP,25898782,P6,user,True,raw:raw_output,True
Qwen3-8B,EBM-NLP,21866656,P4,user,True,raw:raw_output,True
Qwen3-8B,EBM-NLP,3534803,P6,user,True,raw:raw_output,True
Qwen3-8B,EBM-NLP,21896676,P6,user,True,raw:raw_output,True
Qwen3-8B,EBM-NLP,19802506,P5,user,True,raw:raw_output,True
Qwen3-8B,EBM-NLP,23392542,P6,user,True,raw:raw_output,True
Qwen3-8B,EBM-NLP,18337284,P5,user,True,raw:raw_output,True
Qwen3-8B,EBM-NLP,23103798,P6,user,True,raw:raw_output,True
Qwen3-8B,EBM-NLP,21669557,P6,user,True,raw:raw_output,True
Qwen3-8B,EBM-NLP,12576806,P6,user,True,raw:raw_output,True
Qwen3-8B,EBM-NLP,10940525,P4,user,True,raw:raw_output,True
Qwen3-8B,EBM-NLP,21982657,P6,user,True,raw:raw_output,True
Qwen3-8B,EBM-NLP,10589810,P6,user,True,raw:raw_output,True
Qwen3-8B,EBM-NLP,2803397,P6,user,True,raw:raw_output,True
Qwen3-8B,EBM-NLP,19301724,P6,user,True,raw:raw_output,True
Qwen3-8B,EBM-NLP,22538329,P5,user,True,raw:raw_output,True
Qwen3-8B,EBM-NLP,25479285,P6,user,True,raw:raw_output,True
Qwen3-8B,EBM-NLP,20739054,P3,user,True,raw:raw_output,True
Qwen3-8B,EBM-NLP,20943715,P6,user,True,raw:raw_output,True
Qwen3-8B,EBM-NLP,21491990,P6,user,True,raw:raw_output,True
Qwen3-8B,EBM-NLP,10912743,P6,user,True,raw:raw_output,True
Qwen3-8B,EBM-NLP,11454878,P6,user,True,raw:raw_output,True
Qwen3-8B,EBM-NLP,25950425,P6,user,True,raw:raw_output,True
Qwen3-8B,EBM-NLP,22956006,P6,user,True,raw:raw_output,True
Qwen3-8B,EBM-NLP,24989854,P6,user,True,raw:raw_output,True
Qwen3-8B,EBM-NLP,21029638,P2,user,True,raw:raw_output,True
Qwen3-8B,EBM-NLP,12586799,P6,user,True,raw:raw_output,True
Qwen3-8B,EBM-NLP,22897461,P6,user,True,raw:raw_output,True
Qwen3-8B,EBM-NLP,22341427,P6,user,True,raw:raw_output,True
Qwen3-8B,EBM-NLP,22154769,P6,user,True,raw:raw_output,True
Qwen3-8B,EBM-NLP,18845996,P6,user,True,raw:raw_output,True
Qwen3-8B,EBM-NLP,9573502,P6,user,True,raw:raw_output,True
Qwen3-8B,EBM-NLP,7707420,P6,user,True,raw:raw_output,True
Qwen3-8B,EBM-NLP,12595499,P6,user,True,raw:raw_output,True
Qwen3-8B,EBM-NLP,6989377,P6,user,True,raw:raw_output,True
Qwen3-8B,EBM-NLP,18189160,P6,user,True,raw:raw_output,True
Qwen3-8B,EBM-NLP,25885649,P5,user,True,raw:raw_output,True
Qwen3-8B,EBM-NLP,15014018,P6,user,True,raw:raw_output,True
Qwen3-8B,EBM-NLP,10475150,P6,user,True,raw:raw_output,True
Qwen3-8B,EBM-NLP,16505427,P6,user,True,raw:raw_output,True
Qwen3-8B,EBM-NLP,8911222,P6,user,True,raw:raw_output,True
Qwen3-8B,EBM-NLP,23114870,P6,user,True,raw:raw_output,True
Qwen3-8B,EBM-NLP,8519720,P6,user,True,raw:raw_output,True
Qwen3-8B,EBM-NLP,9816035,P5,user,True,raw:raw_output,True
Qwen3-8B,EBM-NLP,20739054,P4,user,True,raw:raw_output,True
Qwen3-8B,EBM-NLP,18077611,P6,user,True,raw:raw_output,True
Qwen3-8B,EBM-NLP,11099086,P5,user,True,raw:raw_output,True
Qwen3-8B,EBM-NLP,12709693,P6,user,True,raw:raw_output,True
Qwen3-8B,EBM-NLP,14679127,P6,user,True,raw:raw_output,True
Qwen3-8B,EBM-NLP,6920252,P6,user,True,raw:raw_output,True
Qwen3-8B,EBM-NLP,21029638,P3,user,True,raw:raw_output,True
Qwen3-8B,EBM-NLP,11401641,P6,user,True,raw:raw_output,True
Qwen3-8B,EBM-NLP,25886492,P5,user,True,raw:raw_output,True
Qwen3-8B,EBM-NLP,21211686,P5,user,True,raw:raw_output,True
Qwen3-8B,EBM-NLP,23985254,P5,user,True,raw:raw_output,True
Qwen3-8B,EBM-NLP,21975269,P6,user,True,raw:raw_output,True
Qwen3-8B,EBM-NLP,19108790,P5,user,True,raw:raw_output,True
Qwen3-8B,EBM-NLP,24350813,P6,user,True,raw:raw_output,True
Qwen3-8B,EBM-NLP,20189026,P6,user,True,raw:raw_output,True
Qwen3-8B,EBM-NLP,21029638,P4,user,True,raw:raw_output,True
Qwen3-8B,EBM-NLP,23549581,P6,user,True,raw:raw_output,True
Qwen3-8B,EBM-NLP,19802506,P6,user,True,raw:raw_output,True
Qwen3-8B,EBM-NLP,18337284,P6,user,True,raw:raw_output,True
Qwen3-8B,EBM-NLP,22538329,P6,user,True,raw:raw_output,True
Qwen3-8B,EBM-NLP,21866656,P5,user,True,raw:raw_output,True
Qwen3-8B,EBM-NLP,10940525,P5,user,True,raw:raw_output,True
Qwen3-8B,EBM-NLP,25885649,P6,user,True,raw:raw_output,True
Qwen3-8B,SciERC,P86-1011,P5,user,True,raw:raw_output,True
Qwen3-8B,EBM-NLP,9816035,P6,user,True,raw:raw_output,True
Qwen3-8B,EBM-NLP,11099086,P6,user,True,raw:raw_output,True
Qwen3-8B,SciERC,ECCV_2016_110_abs,P5,user,True,raw:raw_output,True
Qwen3-8B,SciERC,E95-1033,P5,user,True,raw:raw_output,True
Qwen3-8B,SciERC,P06-3007,P5,user,True,raw:raw_output,True
Qwen3-8B,SciERC,C88-1044,P5,user,True,raw:raw_output,True
Qwen3-8B,SciERC,P05-1039,P5,user,True,raw:raw_output,True
Qwen3-8B,EBM-NLP,25886492,P6,user,True,raw:raw_output,True
Qwen3-8B,SciERC,E99-1015,P5,user,True,raw:raw_output,True
Qwen3-8B,SciERC,I05-5004,P5,user,True,raw:raw_output,True
Qwen3-8B,SciERC,P06-1018,P5,user,True,raw:raw_output,True
Qwen3-8B,EBM-NLP,20739054,P5,user,True,raw:raw_output,True
Qwen3-8B,SciERC,P06-1053,P5,user,True,raw:raw_output,True
Qwen3-8B,EBM-NLP,21211686,P6,user,True,raw:raw_output,True
Qwen3-8B,SciERC,P05-2013,P5,user,True,raw:raw_output,True
Qwen3-8B,SciERC,P06-4007,P5,user,True,raw:raw_output,True
Qwen3-8B,SciERC,C86-1081,P5,user,True,raw:raw_output,True
Qwen3-8B,EBM-NLP,23985254,P6,user,True,raw:raw_output,True
Qwen3-8B,SciERC,P06-1013,P5,user,True,raw:raw_output,True
Qwen3-8B,SciERC,P06-2012,P5,user,True,raw:raw_output,True
Qwen3-8B,SciERC,CVPR_2003_30_abs,P5,user,True,raw:raw_output,True
Qwen3-8B,SciERC,CVPR_2004_18_abs,P5,user,True,raw:raw_output,True
Qwen3-8B,SciERC,C04-1011,P5,user,True,raw:raw_output,True
Qwen3-8B,SciERC,P83-1004,P5,user,True,raw:raw_output,True
Qwen3-8B,SciERC,E06-1022,P5,user,True,raw:raw_output,True
Qwen3-8B,SciERC,H05-1095,P5,user,True,raw:raw_output,True
Qwen3-8B,SciERC,C04-1128,P5,user,True,raw:raw_output,True
Qwen3-8B,SciERC,C08-2010,P5,user,True,raw:raw_output,True
Qwen3-8B,SciERC,P03-1070,P5,user,True,raw:raw_output,True
Qwen3-8B,EBM-NLP,19108790,P6,user,True,raw:raw_output,True
Qwen3-8B,SciERC,C04-1036,P5,user,True,raw:raw_output,True
Qwen3-8B,SciERC,N06-1037,P5,user,True,raw:raw_output,True
Qwen3-8B,SciERC,NIPS_2016_80_abs,P5,user,True,raw:raw_output,True
Qwen3-8B,SciERC,INTERSPEECH_2007_40_abs,P5,user,True,raw:raw_output,True
Qwen3-8B,SciERC,C96-1062,P5,user,True,raw:raw_output,True
Qwen3-8B,SciERC,CVPR_2011_10_abs,P5,user,True,raw:raw_output,True
Qwen3-8B,SciERC,N04-1022,P5,user,True,raw:raw_output,True
Qwen3-8B,SciERC,CVPR_1999_15_abs,P5,user,True,raw:raw_output,True
Qwen3-8B,SciERC,ICCV_2013_25_abs,P5,user,True,raw:raw_output,True
Qwen3-8B,SciERC,P01-1056,P5,user,True,raw:raw_output,True
Qwen3-8B,SciERC,CVPR_2004_30_abs,P5,user,True,raw:raw_output,True
Qwen3-8B,SciERC,J82-3002,P5,user,True,raw:raw_output,True
Qwen3-8B,SciERC,I05-4010,P5,user,True,raw:raw_output,True
Qwen3-8B,SciERC,NIPS_2001_11_abs,P5,user,True,raw:raw_output,True
Qwen3-8B,SciERC,C00-2123,P5,user,True,raw:raw_output,True
Qwen3-8B,SciERC,NIPS_2002_18_abs,P5,user,True,raw:raw_output,True
Qwen3-8B,SciERC,P08-1105,P5,user,True,raw:raw_output,True
Qwen3-8B,SciERC,C90-3063,P5,user,True,raw:raw_output,True
Qwen3-8B,SciERC,A97-1020,P5,user,True,raw:raw_output,True
Qwen3-8B,SciERC,CVPR_2009_18_abs,P5,user,True,raw:raw_output,True
Qwen3-8B,SciERC,INTERSPEECH_2013_21_abs,P5,user,True,raw:raw_output,True
Qwen3-8B,SciERC,ICML_1995_38_abs,P5,user,True,raw:raw_output,True
Qwen3-8B,SciERC,NIPS_2002_11_abs,P5,user,True,raw:raw_output,True
Qwen3-8B,SciERC,C04-1035,P5,user,True,raw:raw_output,True
Qwen3-8B,SciERC,ECCV_2012_30_abs,P5,user,True,raw:raw_output,True
Qwen3-8B,SciERC,N03-1033,P5,user,True,raw:raw_output,True
Qwen3-8B,SciERC,H01-1049,P5,user,True,raw:raw_output,True
Qwen3-8B,SciERC,I05-5003,P5,user,True,raw:raw_output,True
Qwen3-8B,SciERC,C90-3045,P5,user,True,raw:raw_output,True
Qwen3-8B,EBM-NLP,21029638,P5,user,True,raw:raw_output,True
Qwen3-8B,SciERC,C04-1106,P5,user,True,raw:raw_output,True
Qwen3-8B,SciERC,P85-1019,P5,user,True,raw:raw_output,True
Qwen3-8B,SciERC,INTERSPEECH_2014_40_abs,P5,user,True,raw:raw_output,True
Qwen3-8B,EBM-NLP,21866656,P6,user,True,raw:raw_output,True
Qwen3-8B,SciERC,C04-1103,P5,user,True,raw:raw_output,True
Qwen3-8B,SciERC,P04-2005,P5,user,True,raw:raw_output,True
Qwen3-8B,SciERC,ICCV_2001_47_abs,P5,user,True,raw:raw_output,True
Qwen3-8B,SciERC,N03-1026,P5,user,True,raw:raw_output,True
Qwen3-8B,SciERC,ICCV_2003_161_abs,P5,user,True,raw:raw_output,True
Qwen3-8B,SciERC,E89-1016,P5,user,True,raw:raw_output,True
Qwen3-8B,SciERC,ICASSP_2016_11_abs,P5,user,True,raw:raw_output,True
Qwen3-8B,SciERC,J05-4003,P5,user,True,raw:raw_output,True
Qwen3-8B,EBM-NLP,10940525,P6,user,True,raw:raw_output,True
Qwen3-8B,SciERC,P05-1076,P5,user,True,raw:raw_output,True
Qwen3-8B,SciERC,ICML_2016_10_abs,P5,user,True,raw:raw_output,True
Qwen3-8B,SciERC,INTERSPEECH_2006_21_abs,P5,user,True,raw:raw_output,True
Qwen3-8B,SciERC,CVPR_2008_258_abs,P5,user,True,raw:raw_output,True
Qwen3-8B,SciERC,CVPR_2016_413_abs,P5,user,True,raw:raw_output,True
Qwen3-8B,SciERC,CVPR_2006_10_abs,P5,user,True,raw:raw_output,True
Qwen3-8B,SciERC,P05-1046,P5,user,True,raw:raw_output,True
Qwen3-8B,SciERC,CVPR_1993_10_abs,P5,user,True,raw:raw_output,True
Qwen3-8B,SciERC,NIPS_2015_18_abs,P5,user,True,raw:raw_output,True
Qwen3-8B,SciERC,E91-1012,P5,user,True,raw:raw_output,True
Qwen3-8B,SciERC,NIPS_2016_560_abs,P5,user,True,raw:raw_output,True
Qwen3-8B,SciERC,INTERSPEECH_2008_20_abs,P5,user,True,raw:raw_output,True
Qwen3-8B,SciERC,CVPR_2010_30_abs,P5,user,True,raw:raw_output,True
Qwen3-8B,SciERC,CVPR_2011_11_abs,P5,user,True,raw:raw_output,True
Qwen3-8B,SciERC,P86-1011,P6,user,True,raw:raw_output,True
Qwen3-8B,SciERC,ICML_2006_119_abs,P5,user,True,raw:raw_output,True
Qwen3-8B,SciERC,ICML_2016_18_abs,P5,user,True,raw:raw_output,True
Qwen3-8B,SciERC,J86-4002,P5,user,True,raw:raw_output,True
Qwen3-8B,SciERC,C94-1091,P5,user,True,raw:raw_output,True
Qwen3-8B,SciERC,ICASSP_1997_706_abs,P5,user,True,raw:raw_output,True
Qwen3-8B,SciERC,ECCV_2016_110_abs,P6,user,True,raw:raw_output,True
Qwen3-8B,SciERC,P05-1056,P5,user,True,raw:raw_output,True
Qwen3-8B,SciERC,E95-1033,P6,user,True,raw:raw_output,True
Qwen3-8B,SciERC,E93-1066,P5,user,True,raw:raw_output,True
Qwen3-8B,SciERC,P06-3007,P6,user,True,raw:raw_output,True
Qwen3-8B,SciERC,C88-1044,P6,user,True,raw:raw_output,True
Qwen3-8B,SciERC,CVPR_2009_10_abs,P5,user,True,raw:raw_output,True
Qwen3-8B,SciERC,P05-1039,P6,user,True,raw:raw_output,True
Qwen3-8B,SciERC,I05-5004,P6,user,True,raw:raw_output,True
Qwen3-8B,SciERC,P06-1018,P6,user,True,raw:raw_output,True
Qwen3-8B,SciERC,E99-1015,P6,user,True,raw:raw_output,True
Qwen3-8B,EBM-NLP,20739054,P6,user,True,raw:raw_output,True
Qwen3-8B,SciERC,ICML_2016_11_abs,P5,user,True,raw:raw_output,True
Qwen3-8B,SciERC,P06-1053,P6,user,True,raw:raw_output,True
Qwen3-8B,SciERC,P05-2013,P6,user,True,raw:raw_output,True
Qwen3-8B,SciERC,P06-4007,P6,user,True,raw:raw_output,True
Qwen3-8B,SciERC,ECCV_2016_204_abs,P5,user,True,raw:raw_output,True
Qwen3-8B,SciERC,C86-1081,P6,user,True,raw:raw_output,True
Qwen3-8B,SciERC,P06-1013,P6,user,True,raw:raw_output,True
Qwen3-8B,SciERC,P06-2012,P6,user,True,raw:raw_output,True
Qwen3-8B,SciERC,ECCV_2016_99_abs,P5,user,True,raw:raw_output,True
Qwen3-8B,SciERC,CVPR_1994_10_abs,P5,user,True,raw:raw_output,True
Qwen3-8B,SciERC,ICCV_2013_47_abs,P5,user,True,raw:raw_output,True
Qwen3-8B,SciERC,CVPR_2008_256_abs,P5,user,True,raw:raw_output,True
Qwen3-8B,SciERC,CVPR_2003_30_abs,P6,user,True,raw:raw_output,True
Qwen3-8B,SciERC,E06-1022,P6,user,True,raw:raw_output,True
Qwen3-8B,SciERC,P83-1004,P6,user,True,raw:raw_output,True
Qwen3-8B,SciERC,C04-1011,P6,user,True,raw:raw_output,True
Qwen3-8B,SciERC,CVPR_2004_18_abs,P6,user,True,raw:raw_output,True
Qwen3-8B,SciERC,ICCV_2003_151_abs,P5,user,True,raw:raw_output,True
Qwen3-8B,SciERC,H01-1042,P5,user,True,raw:raw_output,True
Qwen3-8B,SciERC,H05-1095,P6,user,True,raw:raw_output,True
Qwen3-8B,SciERC,C04-1128,P6,user,True,raw:raw_output,True
Qwen3-8B,SciERC,C08-2010,P6,user,True,raw:raw_output,True
Qwen3-8B,SciERC,P03-1070,P6,user,True,raw:raw_output,True
Qwen3-8B,SciERC,C04-1036,P6,user,True,raw:raw_output,True
Qwen3-8B,SciERC,INTERSPEECH_2008_28_abs,P5,user,True,raw:raw_output,True
Qwen3-8B,SciERC,N06-1037,P6,user,True,raw:raw_output,True
Qwen3-8B,SciERC,NIPS_2016_80_abs,P6,user,True,raw:raw_output,True
Qwen3-8B,SciERC,INTERSPEECH_2007_40_abs,P6,user,True,raw:raw_output,True
Qwen3-8B,SciERC,X96-1059,P5,user,True,raw:raw_output,True
Qwen3-8B,SciERC,C96-1062,P6,user,True,raw:raw_output,True
Qwen3-8B,SciERC,CVPR_2011_10_abs,P6,user,True,raw:raw_output,True
Qwen3-8B,SciERC,N04-1022,P6,user,True,raw:raw_output,True
Qwen3-8B,SciERC,CVPR_1999_15_abs,P6,user,True,raw:raw_output,True
Qwen3-8B,SciERC,CVPR_2004_30_abs,P6,user,True,raw:raw_output,True
Qwen3-8B,SciERC,P01-1056,P6,user,True,raw:raw_output,True
Qwen3-8B,SciERC,ICCV_2013_25_abs,P6,user,True,raw:raw_output,True
Qwen3-8B,SciERC,J82-3002,P6,user,True,raw:raw_output,True
Qwen3-8B,SciERC,I05-4010,P6,user,True,raw:raw_output,True
Qwen3-8B,SciERC,NIPS_2001_11_abs,P6,user,True,raw:raw_output,True
Qwen3-8B,SciERC,C00-2123,P6,user,True,raw:raw_output,True
Qwen3-8B,SciERC,NIPS_2002_18_abs,P6,user,True,raw:raw_output,True
Qwen3-8B,SciERC,P08-1105,P6,user,True,raw:raw_output,True
Qwen3-8B,SciERC,A97-1020,P6,user,True,raw:raw_output,True
Qwen3-8B,SciERC,C90-3063,P6,user,True,raw:raw_output,True
Qwen3-8B,SciERC,CVPR_2009_18_abs,P6,user,True,raw:raw_output,True
Qwen3-8B,SciERC,INTERSPEECH_2013_21_abs,P6,user,True,raw:raw_output,True
Qwen3-8B,SciERC,ICML_1995_38_abs,P6,user,True,raw:raw_output,True
Qwen3-8B,SciERC,NIPS_2002_11_abs,P6,user,True,raw:raw_output,True
Qwen3-8B,SciERC,C04-1035,P6,user,True,raw:raw_output,True
Qwen3-8B,SciERC,ECCV_2012_30_abs,P6,user,True,raw:raw_output,True
Qwen3-8B,SciERC,ECCV_2006_13_abs,P5,user,True,raw:raw_output,True
Qwen3-8B,SciERC,I05-5003,P6,user,True,raw:raw_output,True
Qwen3-8B,SciERC,H01-1049,P6,user,True,raw:raw_output,True
Qwen3-8B,SciERC,N03-1033,P6,user,True,raw:raw_output,True
Qwen3-8B,SciERC,C90-3045,P6,user,True,raw:raw_output,True
Qwen3-8B,EBM-NLP,21029638,P6,user,True,raw:raw_output,True
Qwen3-8B,SciERC,C04-1106,P6,user,True,raw:raw_output,True
Qwen3-8B,SciERC,P85-1019,P6,user,True,raw:raw_output,True
Qwen3-8B,SciERC,C04-1103,P6,user,True,raw:raw_output,True
Qwen3-8B,SciERC,INTERSPEECH_2014_40_abs,P6,user,True,raw:raw_output,True
Qwen3-8B,SciERC,ICCV_2001_47_abs,P6,user,True,raw:raw_output,True
Qwen3-8B,SciERC,P04-2005,P6,user,True,raw:raw_output,True
Qwen3-8B,SciERC,N03-1026,P6,user,True,raw:raw_output,True
Qwen3-8B,SciERC,ICCV_2003_161_abs,P6,user,True,raw:raw_output,True
Qwen3-8B,SciERC,E89-1016,P6,user,True,raw:raw_output,True
Qwen3-8B,SciERC,ICASSP_2016_11_abs,P6,user,True,raw:raw_output,True
Qwen3-8B,SciERC,J05-4003,P6,user,True,raw:raw_output,True
Qwen3-8B,SciERC,P05-1076,P6,user,True,raw:raw_output,True
Qwen3-8B,SciERC,ICML_2016_10_abs,P6,user,True,raw:raw_output,True
Qwen3-8B,SciERC,INTERSPEECH_2006_21_abs,P6,user,True,raw:raw_output,True
Qwen3-8B,SciERC,ECCV_2016_212_abs,P5,user,True,raw:raw_output,True
Qwen3-8B,SciERC,CVPR_2008_258_abs,P6,user,True,raw:raw_output,True
Qwen3-8B,SciERC,CVPR_2016_413_abs,P6,user,True,raw:raw_output,True
Qwen3-8B,SciERC,CVPR_2006_10_abs,P6,user,True,raw:raw_output,True
Qwen3-8B,SciERC,W02-1602,P5,user,True,raw:raw_output,True
Qwen3-8B,SciERC,P05-1046,P6,user,True,raw:raw_output,True
Qwen3-8B,SciERC,CVPR_1993_10_abs,P6,user,True,raw:raw_output,True
Qwen3-8B,SciERC,NIPS_2015_18_abs,P6,user,True,raw:raw_output,True
Qwen3-8B,SciERC,INTERSPEECH_2008_20_abs,P6,user,True,raw:raw_output,True
Qwen3-8B,SciERC,E91-1012,P6,user,True,raw:raw_output,True
Qwen3-8B,SciERC,NIPS_2016_560_abs,P6,user,True,raw:raw_output,True
Qwen3-8B,SciERC,CVPR_2010_30_abs,P6,user,True,raw:raw_output,True
Qwen3-8B,SciERC,CVPR_2011_11_abs,P6,user,True,raw:raw_output,True
Qwen3-8B,SciERC,J86-3001,P5,user,True,raw:raw_output,True
Qwen3-8B,SciERC,ICML_2016_18_abs,P6,user,True,raw:raw_output,True
Qwen3-8B,SciERC,ICML_2006_119_abs,P6,user,True,raw:raw_output,True
Qwen3-8B,SciERC,J86-4002,P6,user,True,raw:raw_output,True
Qwen3-8B,SciERC,C94-1091,P6,user,True,raw:raw_output,True
Qwen3-8B,SciERC,ICASSP_1997_706_abs,P6,user,True,raw:raw_output,True
Qwen3-8B,SciERC,P05-1056,P6,user,True,raw:raw_output,True
Qwen3-8B,SciERC,E93-1066,P6,user,True,raw:raw_output,True
Qwen3-8B,SciERC,CVPR_2009_10_abs,P6,user,True,raw:raw_output,True
Qwen3-8B,SciERC,ICML_2016_11_abs,P6,user,True,raw:raw_output,True
Qwen3-8B,SciERC,ECCV_2016_204_abs,P6,user,True,raw:raw_output,True
Qwen3-8B,SciERC,ECCV_2016_99_abs,P6,user,True,raw:raw_output,True
Qwen3-8B,SciERC,CVPR_1994_10_abs,P6,user,True,raw:raw_output,True
Qwen3-8B,SciERC,ICCV_2013_47_abs,P6,user,True,raw:raw_output,True
Qwen3-8B,SciERC,CVPR_2008_256_abs,P6,user,True,raw:raw_output,True
Qwen3-8B,SciERC,ICCV_2003_151_abs,P6,user,True,raw:raw_output,True
Qwen3-8B,SciERC,H01-1042,P6,user,True,raw:raw_output,True
Qwen3-8B,SciERC,INTERSPEECH_2008_28_abs,P6,user,True,raw:raw_output,True
Qwen3-8B,SciERC,X96-1059,P6,user,True,raw:raw_output,True
Qwen3-8B,SciERC,ECCV_2006_13_abs,P6,user,True,raw:raw_output,True
Qwen3-8B,SciERC,ECCV_2016_212_abs,P6,user,True,raw:raw_output,True
Qwen3-8B,SciERC,W02-1602,P6,user,True,raw:raw_output,True
Qwen3-8B,SciERC,J86-3001,P6,user,True,raw:raw_output,True
Qwen3-8B,SciER,ICLR2024-AI4Material,P1,user,True,raw:raw_output,True
Qwen3-8B,SciER,ICLR2024-AI4Material,P2,user,True,raw:raw_output,True
Qwen3-8B,SciER,ICLR2024-AI4Material,P3,user,True,raw:raw_output,True
Qwen3-8B,SciER,ICLR2024-AI4Material,P4,user,True,raw:raw_output,True
Qwen3-8B,SciER,ICLR2024-AI4Material,P5,user,True,raw:raw_output,True
Qwen3-8B,SciER,160009536,P1,user,True,raw:raw_output,True
Qwen3-8B,SciER,160009536,P2,user,True,raw:raw_output,True
Qwen3-8B,SciER,ICLR2024-AI4Material,P6,user,True,raw:raw_output,True
Qwen3-8B,SciER,160009536,P3,user,True,raw:raw_output,True
Qwen3-8B,SciER,160009536,P4,user,True,raw:raw_output,True
Qwen3-8B,SciER,244256,P1,user,True,raw:raw_output,True
Qwen3-8B,SciER,192546007,P1,user,True,raw:raw_output,True
Qwen3-8B,SciER,244256,P2,user,True,raw:raw_output,True
Qwen3-8B,SciER,192546007,P2,user,True,raw:raw_output,True
Qwen3-8B,SciER,244256,P3,user,True,raw:raw_output,True
Qwen3-8B,SciER,192546007,P3,user,True,raw:raw_output,True
Qwen3-8B,SciER,244256,P4,user,True,raw:raw_output,True
Qwen3-8B,SciER,160009536,P5,user,True,raw:raw_output,True
Qwen3-8B,SciER,192546007,P4,user,True,raw:raw_output,True
Qwen3-8B,SciER,202719492,P1,user,True,raw:raw_output,True
Qwen3-8B,SciER,202719492,P2,user,True,raw:raw_output,True
Qwen3-8B,SciER,160009536,P6,user,True,raw:raw_output,True
Qwen3-8B,SciER,202719492,P3,user,True,raw:raw_output,True
Qwen3-8B,SciER,210157153,P1,user,True,raw:raw_output,True
Qwen3-8B,SciER,202719492,P4,user,True,raw:raw_output,True
Qwen3-8B,SciER,210157153,P2,user,True,raw:raw_output,True
Qwen3-8B,SciER,NeurIPS2023-AI4Science,P1,user,True,raw:raw_output,True
Qwen3-8B,SciER,244256,P5,user,True,raw:raw_output,True
Qwen3-8B,SciER,210157153,P3,user,True,raw:raw_output,True
Qwen3-8B,SciER,NeurIPS2023-AI4Science,P2,user,True,raw:raw_output,True
Qwen3-8B,SciER,192546007,P5,user,True,raw:raw_output,True
Qwen3-8B,SciER,3627225,P1,user,True,raw:raw_output,True
Qwen3-8B,SciER,3627225,P2,user,True,raw:raw_output,True
Qwen3-8B,SciER,210157153,P4,user,True,raw:raw_output,True
Qwen3-8B,SciER,NeurIPS2023-AI4Science,P3,user,True,raw:raw_output,True
Qwen3-8B,SciER,3627225,P3,user,True,raw:raw_output,True
Qwen3-8B,SciER,244256,P6,user,True,raw:raw_output,True
Qwen3-8B,SciER,NeurIPS2023-AI4Science,P4,user,True,raw:raw_output,True
Qwen3-8B,SciER,192546007,P6,user,True,raw:raw_output,True
Qwen3-8B,SciER,3627225,P4,user,True,raw:raw_output,True
Qwen3-8B,SciER,AAAI2024,P1,user,True,raw:raw_output,True
Qwen3-8B,SciER,202719492,P5,user,True,raw:raw_output,True
Qwen3-8B,SciER,AAAI2024,P2,user,True,raw:raw_output,True
Qwen3-8B,SciER,AAAI2024,P3,user,True,raw:raw_output,True
Qwen3-8B,SciER,210157153,P5,user,True,raw:raw_output,True
Qwen3-8B,SciER,AAAI2024,P4,user,True,raw:raw_output,True
Qwen3-8B,SciER,202719492,P6,user,True,raw:raw_output,True
Qwen3-8B,SciER,NeurIPS2023-AI4Science,P5,user,True,raw:raw_output,True
Qwen3-8B,SciER,3627225,P5,user,True,raw:raw_output,True
Qwen3-8B,SciER,210157153,P6,user,True,raw:raw_output,True
Qwen3-8B,SciER,NeurIPS2023-AI4Science,P6,user,True,raw:raw_output,True
Qwen3-8B,SciER,EMNLP2023,P1,user,True,raw:raw_output,True
Qwen3-8B,SciER,3627225,P6,user,True,raw:raw_output,True
Qwen3-8B,SciER,AAAI2024,P5,user,True,raw:raw_output,True
Qwen3-8B,SciER,EMNLP2023,P2,user,True,raw:raw_output,True
Qwen3-8B,SciER,EMNLP2023,P3,user,True,raw:raw_output,True
Qwen3-8B,SciER,EMNLP2023,P4,user,True,raw:raw_output,True
Qwen3-8B,SciER,AAAI2024,P6,user,True,raw:raw_output,True
Qwen3-8B,SciER,ICLR2024-AI4Science-Protein,P1,user,True,raw:raw_output,True
Qwen3-8B,SciER,ICLR2024-AI4Science-Protein,P2,user,True,raw:raw_output,True
Qwen3-8B,SciER,ICLR2024-AI4Science-Protein,P3,user,True,raw:raw_output,True
Qwen3-8B,SciER,ICLR2024-AI4Science-Protein,P4,user,True,raw:raw_output,True
Qwen3-8B,SciER,EMNLP2023,P5,user,True,raw:raw_output,True
Qwen3-8B,SciER,EMNLP2023,P6,user,True,raw:raw_output,True
Qwen3-8B,SciER,ICLR2024-AI4Science-Protein,P5,user,True,raw:raw_output,True
Qwen3-8B,SciER,202888938,P1,user,True,raw:raw_output,True
Qwen3-8B,SciER,202888938,P2,user,True,raw:raw_output,True
Qwen3-8B,SciER,ICLR2024-AI4Science-Protein,P6,user,True,raw:raw_output,True
Qwen3-8B,SciER,202888938,P3,user,True,raw:raw_output,True
Qwen3-8B,SciER,202888938,P4,user,True,raw:raw_output,True
Qwen3-8B,SciER,202888938,P5,user,True,raw:raw_output,True
Qwen3-8B,SciER,202888938,P6,user,True,raw:raw_output,True
Qwen3-8B,SciER,CVPR2023,P1,user,True,raw:raw_output,True
Qwen3-8B,SciER,CVPR2023,P2,user,True,raw:raw_output,True
Qwen3-8B,SciER,53109398,P1,user,True,raw:raw_output,True
Qwen3-8B,SciER,53109398,P2,user,True,raw:raw_output,True
Qwen3-8B,SciER,CVPR2023,P3,user,True,raw:raw_output,True
Qwen3-8B,SciER,53109398,P3,user,True,raw:raw_output,True
Qwen3-8B,SciER,CVPR2023,P4,user,True,raw:raw_output,True
Qwen3-8B,SciER,53109398,P4,user,True,raw:raw_output,True
Qwen3-8B,SciER,CVPR2023,P5,user,True,raw:raw_output,True
Qwen3-8B,SciER,53109398,P5,user,True,raw:raw_output,True
Qwen3-8B,SciER,CVPR2023,P6,user,True,raw:raw_output,True
Qwen3-8B,SciER,53109398,P6,user,True,raw:raw_output,True
Qwen3-8B,SciER,52169846,P1,user,True,raw:raw_output,True
Qwen3-8B,SciER,52169846,P2,user,True,raw:raw_output,True
Qwen3-8B,SciER,52169846,P3,user,True,raw:raw_output,True
Qwen3-8B,SciER,52169846,P4,user,True,raw:raw_output,True
Qwen3-8B,SciER,52169846,P5,user,True,raw:raw_output,True
Qwen3-8B,SciER,210702798,P1,user,True,raw:raw_output,True
Qwen3-8B,SciER,52169846,P6,user,True,raw:raw_output,True
Qwen3-8B,SciER,210702798,P2,user,True,raw:raw_output,True
Qwen3-8B,SciER,210702798,P3,user,True,raw:raw_output,True
Qwen3-8B,SciER,210702798,P4,user,True,raw:raw_output,True
Qwen3-8B,SciER,210702798,P5,user,True,raw:raw_output,True
Qwen3-8B,SciER,210702798,P6,user,True,raw:raw_output,True
