model_id,dataset,record_id,metric,pss,max_pairwise_difference,std_across_prompts
Gemma-3-12B-IT,EBM-NLP,10070173,partial_f1,0.06589228509639292,0.1720154043645699,0.06009956262284523
Gemma-3-12B-IT,EBM-NLP,10070173,exact_f1,0.0854664677514485,0.1835686777920411,0.06783883717619354
Gemma-3-12B-IT,EBM-NLP,10390665,partial_f1,0.11395502645502648,0.26359447004608294,0.08942324244076648
Gemma-3-12B-IT,EBM-NLP,10390665,exact_f1,0.14956832792854297,0.32811059907834095,0.11682796448226843
Gemma-3-12B-IT,EBM-NLP,10475150,partial_f1,0.10335787951994257,0.28454172366621067,0.08584650956558831
Gemma-3-12B-IT,EBM-NLP,10475150,exact_f1,0.05332497340021282,0.1349749202006384,0.04184375506357746
Gemma-3-12B-IT,EBM-NLP,10578479,partial_f1,0.07035288366000667,0.16714975845410618,0.05275722786322046
Gemma-3-12B-IT,EBM-NLP,10578479,exact_f1,0.02670248345548992,0.05351170568561869,0.021393401481755198
Gemma-3-12B-IT,EBM-NLP,10589810,partial_f1,0.073932635205585,0.15079365079365079,0.05701325835744606
Gemma-3-12B-IT,EBM-NLP,10589810,exact_f1,0.09876396417400088,0.1904761904761904,0.07525536247548129
Gemma-3-12B-IT,EBM-NLP,10752495,partial_f1,0.07645933961723439,0.1503759398496241,0.057719343084121986
Gemma-3-12B-IT,EBM-NLP,10752495,exact_f1,0.06023920392341449,0.11988304093567259,0.04621029906984107
Gemma-3-12B-IT,EBM-NLP,10763172,partial_f1,0.054379225110932426,0.1045296167247387,0.043120348708671485
Gemma-3-12B-IT,EBM-NLP,10763172,exact_f1,0.049931207004377746,0.11428571428571431,0.03713185504071334
Gemma-3-12B-IT,EBM-NLP,10764172,partial_f1,0.05375383208955661,0.13916786226685796,0.04499998521395642
Gemma-3-12B-IT,EBM-NLP,10764172,exact_f1,0.09424513857799365,0.1844919786096256,0.0753513310681229
Gemma-3-12B-IT,EBM-NLP,10912743,partial_f1,0.06291630997513349,0.14102564102564102,0.0462812277186724
Gemma-3-12B-IT,EBM-NLP,10912743,exact_f1,0.06383116147822027,0.12393162393162388,0.04800318710367802
Gemma-3-12B-IT,EBM-NLP,10934569,partial_f1,0.030967741935483885,0.05161290322580647,0.025806451612903236
Gemma-3-12B-IT,EBM-NLP,10934569,exact_f1,0.04954838709677419,0.08258064516129032,0.04129032258064516
Gemma-3-12B-IT,EBM-NLP,10940525,partial_f1,0.07990022419081554,0.1470286885245902,0.0610531547100872
Gemma-3-12B-IT,EBM-NLP,10940525,exact_f1,0.05592991991899775,0.1183712121212121,0.04345856326050253
Gemma-3-12B-IT,EBM-NLP,11099086,partial_f1,0.14342839660615236,0.2949354518371401,0.11081628109239994
Gemma-3-12B-IT,EBM-NLP,11099086,exact_f1,0.11365923384791309,0.3018867924528302,0.10753944601214964
Gemma-3-12B-IT,EBM-NLP,11229858,partial_f1,0.050108932461873715,0.11111111111111127,0.03965201464749743
Gemma-3-12B-IT,EBM-NLP,11229858,exact_f1,0.019607843137254832,0.03267973856209139,0.016339869281045694
Gemma-3-12B-IT,EBM-NLP,1131298,partial_f1,0.08498699368264585,0.2318840579710144,0.06908062885667067
Gemma-3-12B-IT,EBM-NLP,1131298,exact_f1,0.07144803666542797,0.18357487922705318,0.05673123576022214
Gemma-3-12B-IT,EBM-NLP,11317090,partial_f1,0.1495292319826481,0.375,0.12978084590036412
Gemma-3-12B-IT,EBM-NLP,11317090,exact_f1,0.10622720102533761,0.2065217391304348,0.08598010296969896
Gemma-3-12B-IT,EBM-NLP,11381289,partial_f1,0.10760233918128653,0.2656641604010025,0.08883296712668806
Gemma-3-12B-IT,EBM-NLP,11381289,exact_f1,0.04115288220551377,0.1095238095238095,0.039292658865839436
Gemma-3-12B-IT,EBM-NLP,11401641,partial_f1,0.15676725309901482,0.34150943396226413,0.1168306397679095
Gemma-3-12B-IT,EBM-NLP,11401641,exact_f1,0.13216327601778793,0.34150943396226413,0.11152056149018062
Gemma-3-12B-IT,EBM-NLP,11454878,partial_f1,0.11804843866333821,0.31073446327683624,0.10283109660703713
Gemma-3-12B-IT,EBM-NLP,11454878,exact_f1,0.12983488810055624,0.3518966908797418,0.11555049131859248
Gemma-3-12B-IT,EBM-NLP,11495215,partial_f1,0.04596068941410558,0.11102040816326536,0.0344331821365106
Gemma-3-12B-IT,EBM-NLP,11495215,exact_f1,0.07298630975649607,0.2,0.06505439638550048
Gemma-3-12B-IT,EBM-NLP,11642083,partial_f1,0.1512051060901178,0.32980972515856244,0.11310273717749672
Gemma-3-12B-IT,EBM-NLP,11642083,exact_f1,0.11852946915399856,0.2973925299506695,0.09164482133054765
Gemma-3-12B-IT,EBM-NLP,11737955,partial_f1,0.03517982106217401,0.06995230524642287,0.02696752906526102
Gemma-3-12B-IT,EBM-NLP,11737955,exact_f1,0.1159027159027159,0.2926093514328808,0.08896982482280051
Gemma-3-12B-IT,EBM-NLP,11750293,partial_f1,0.03938621482481134,0.10256410256410262,0.032678086985457905
Gemma-3-12B-IT,EBM-NLP,11750293,exact_f1,0.1221572449642625,0.2105263157894737,0.0971187232828246
Gemma-3-12B-IT,EBM-NLP,11829043,partial_f1,0.1294507130184687,0.2982456140350878,0.09599259264448692
Gemma-3-12B-IT,EBM-NLP,11829043,exact_f1,0.050013876412848,0.10721247563352831,0.03741279742333226
Gemma-3-12B-IT,EBM-NLP,11891832,partial_f1,0.14690476190476193,0.3035714285714285,0.12267405281064024
Gemma-3-12B-IT,EBM-NLP,11891832,exact_f1,0.04833333333333333,0.125,0.04293480567657186
Gemma-3-12B-IT,EBM-NLP,12139812,partial_f1,0.09934247894367838,0.23443223443223443,0.07511019805862391
Gemma-3-12B-IT,EBM-NLP,12139812,exact_f1,0.07872925808158195,0.16976127320954912,0.05797563525125086
Gemma-3-12B-IT,EBM-NLP,12477021,partial_f1,0.08777533577533582,0.1638095238095239,0.06808830078226343
Gemma-3-12B-IT,EBM-NLP,12477021,exact_f1,0.03475457875457873,0.06769230769230761,0.027513424992006204
Gemma-3-12B-IT,EBM-NLP,12576806,partial_f1,0.0929717276438034,0.19310344827586212,0.06971794277427813
Gemma-3-12B-IT,EBM-NLP,12576806,exact_f1,0.07143264968822781,0.13103448275862073,0.05458298048235306
Gemma-3-12B-IT,EBM-NLP,12586799,partial_f1,0.09395476978670256,0.20315398886827457,0.07170918652810454
Gemma-3-12B-IT,EBM-NLP,12586799,exact_f1,0.1159649314271163,0.22909090909090912,0.08948524784927922
Gemma-3-12B-IT,EBM-NLP,12595499,partial_f1,0.06199836199836198,0.1454545454545454,0.046937641622632656
Gemma-3-12B-IT,EBM-NLP,12595499,exact_f1,0.09615069615069613,0.2303030303030303,0.07348102956388139
Gemma-3-12B-IT,EBM-NLP,12709693,partial_f1,0.1541368684225827,0.3095238095238095,0.11582907855579444
Gemma-3-12B-IT,EBM-NLP,12709693,exact_f1,0.14193848479562765,0.2857142857142857,0.10615321643121947
Gemma-3-12B-IT,EBM-NLP,1286547,partial_f1,0.029448900772430134,0.06249999999999989,0.023409017869292767
Gemma-3-12B-IT,EBM-NLP,1286547,exact_f1,0.048544266191325056,0.1066176470588236,0.03766545573012764
Gemma-3-12B-IT,EBM-NLP,12960652,partial_f1,0.11940291197917866,0.2515243902439024,0.08857258842704376
Gemma-3-12B-IT,EBM-NLP,12960652,exact_f1,0.061029942909992765,0.1305207646671062,0.046186317877753846
Gemma-3-12B-IT,EBM-NLP,1459268,partial_f1,0.1291325957992625,0.2900432900432901,0.09973867768191333
Gemma-3-12B-IT,EBM-NLP,1459268,exact_f1,0.04332210998877669,0.11640211640211649,0.03998231609068138
Gemma-3-12B-IT,EBM-NLP,14679127,partial_f1,0.1629742547425474,0.3458333333333333,0.12714626105947008
Gemma-3-12B-IT,EBM-NLP,14679127,exact_f1,0.14385521885521885,0.3194444444444445,0.115652027806417
Gemma-3-12B-IT,EBM-NLP,14739125,partial_f1,0.13072344322344326,0.2767857142857144,0.1097486617318352
Gemma-3-12B-IT,EBM-NLP,14739125,exact_f1,0.0996794871794872,0.2232142857142858,0.08393596817682163
Gemma-3-12B-IT,EBM-NLP,14763035,partial_f1,0.11030776134743307,0.2382352941176471,0.08246487637176429
Gemma-3-12B-IT,EBM-NLP,14763035,exact_f1,0.10872820446007861,0.2333333333333334,0.0824052789163202
Gemma-3-12B-IT,EBM-NLP,15014018,partial_f1,0.07450998613789304,0.16190476190476177,0.05594201859236123
Gemma-3-12B-IT,EBM-NLP,15014018,exact_f1,0.06437309460565276,0.1523809523809524,0.05015053511455031
Gemma-3-12B-IT,EBM-NLP,15133359,partial_f1,0.008547008547008572,0.014245014245014287,0.007122507122507144
Gemma-3-12B-IT,EBM-NLP,15133359,exact_f1,0.008547008547008572,0.014245014245014287,0.007122507122507144
Gemma-3-12B-IT,EBM-NLP,15193668,partial_f1,0.05405740182463776,0.12794612794612792,0.0408701583051455
Gemma-3-12B-IT,EBM-NLP,15193668,exact_f1,0.05494607531293171,0.1481481481481481,0.050300904885581844
Gemma-3-12B-IT,EBM-NLP,15358868,partial_f1,0.05549774563267807,0.14857142857142835,0.04783355715582591
Gemma-3-12B-IT,EBM-NLP,15358868,exact_f1,0.08694824748797761,0.19428571428571428,0.06632725616645087
Gemma-3-12B-IT,EBM-NLP,15848261,partial_f1,0.08220720720720726,0.20000000000000018,0.06424063451302574
Gemma-3-12B-IT,EBM-NLP,15848261,exact_f1,0.08105105105105107,0.16666666666666669,0.06185316019443673
Gemma-3-12B-IT,EBM-NLP,15854186,partial_f1,0.030476190476190466,0.0714285714285714,0.02413782322581563
Gemma-3-12B-IT,EBM-NLP,15854186,exact_f1,0.12154589371980677,0.26190476190476186,0.09103153930086369
Gemma-3-12B-IT,EBM-NLP,15858959,partial_f1,0.09561308712252109,0.24366576819407007,0.0805560126719034
Gemma-3-12B-IT,EBM-NLP,15858959,exact_f1,0.08264580283448207,0.20664869721473497,0.06683384016366338
Gemma-3-12B-IT,EBM-NLP,16055807,partial_f1,0.053119313378657385,0.09983896940418681,0.04017085306199593
Gemma-3-12B-IT,EBM-NLP,16055807,exact_f1,0.07634276619783864,0.1739130434782608,0.059296886791177124
Gemma-3-12B-IT,EBM-NLP,16167234,partial_f1,0.23772735946648993,0.6153846153846153,0.2128227237234934
Gemma-3-12B-IT,EBM-NLP,16167234,exact_f1,0.16295660208703688,0.4102564102564102,0.1370292066796505
Gemma-3-12B-IT,EBM-NLP,16295154,partial_f1,0.10354801435261203,0.22895622895622897,0.07957069724474969
Gemma-3-12B-IT,EBM-NLP,16295154,exact_f1,0.04488895523378284,0.10735930735930739,0.03728529620280966
Gemma-3-12B-IT,EBM-NLP,16427787,partial_f1,0.16241215574548915,0.4672364672364673,0.1352921472603346
Gemma-3-12B-IT,EBM-NLP,16427787,exact_f1,0.15461301044634382,0.36467236467236475,0.11602072646572874
Gemma-3-12B-IT,EBM-NLP,16505427,partial_f1,0.03858093126385808,0.09756097560975607,0.034929209314657796
Gemma-3-12B-IT,EBM-NLP,16505427,exact_f1,0.07243387990663551,0.12765957446808518,0.05736447574842459
Gemma-3-12B-IT,EBM-NLP,1669598,partial_f1,0.10925192116134588,0.2383922383922384,0.08678819374284223
Gemma-3-12B-IT,EBM-NLP,1669598,exact_f1,0.047968354382063066,0.11505507955936348,0.038799359347728546
Gemma-3-12B-IT,EBM-NLP,17293018,partial_f1,0.037474913336982274,0.0714285714285714,0.02863583624305722
Gemma-3-12B-IT,EBM-NLP,17293018,exact_f1,0.022526302986073114,0.059113300492610876,0.0209931157855705
Gemma-3-12B-IT,EBM-NLP,17321989,partial_f1,0.15943802132826526,0.2857142857142858,0.12502896188047585
Gemma-3-12B-IT,EBM-NLP,17321989,exact_f1,0.12758605215922286,0.2556818181818182,0.09570659367699852
Gemma-3-12B-IT,EBM-NLP,17616069,partial_f1,0.059879138361111764,0.1198156682027649,0.04552302323706307
Gemma-3-12B-IT,EBM-NLP,17616069,exact_f1,0.045917017833526357,0.09090909090909091,0.0343173147829884
Gemma-3-12B-IT,EBM-NLP,1780092,partial_f1,0.12253248630060226,0.20899470899470898,0.1005080443414303
Gemma-3-12B-IT,EBM-NLP,1780092,exact_f1,0.07553455669397703,0.1375661375661376,0.06015490098501164
Gemma-3-12B-IT,EBM-NLP,17897478,partial_f1,0.052304879834042056,0.1097560975609756,0.03891411790292201
Gemma-3-12B-IT,EBM-NLP,17897478,exact_f1,0.07593817282046338,0.1933481152993348,0.06132732213469713
Gemma-3-12B-IT,EBM-NLP,18077611,partial_f1,0.05417541676388995,0.12173913043478257,0.04235704304217617
Gemma-3-12B-IT,EBM-NLP,18077611,exact_f1,0.04950952316978606,0.09725158562367861,0.03714152603335233
Gemma-3-12B-IT,EBM-NLP,18189160,partial_f1,0.23057744027843696,0.44,0.18068795238979446
Gemma-3-12B-IT,EBM-NLP,18189160,exact_f1,0.1788071507672836,0.3199999999999999,0.14232671232539643
Gemma-3-12B-IT,EBM-NLP,18229990,partial_f1,0.05710041592394533,0.16221033868092688,0.05746513221845574
Gemma-3-12B-IT,EBM-NLP,18229990,exact_f1,0.09585773703420762,0.231729055258467,0.08237720602175419
Gemma-3-12B-IT,EBM-NLP,18337284,partial_f1,0.14867686912163242,0.25609756097560976,0.11785392834252817
Gemma-3-12B-IT,EBM-NLP,18337284,exact_f1,0.09944715096795441,0.19981238273921198,0.07591531609278455
Gemma-3-12B-IT,EBM-NLP,18503531,partial_f1,0.05402298850574708,0.1206896551724137,0.04150203670730611
Gemma-3-12B-IT,EBM-NLP,18503531,exact_f1,0.024969896004378756,0.06190476190476191,0.02064147104351783
Gemma-3-12B-IT,EBM-NLP,18544974,partial_f1,0.07478680826733818,0.18181818181818188,0.05654479213565701
Gemma-3-12B-IT,EBM-NLP,18544974,exact_f1,0.055570964563337086,0.10444874274661509,0.042669744137392926
Gemma-3-12B-IT,EBM-NLP,18773733,partial_f1,0.045130647130647156,0.0833333333333334,0.03422586701823492
Gemma-3-12B-IT,EBM-NLP,18773733,exact_f1,0.03885225885225887,0.07333333333333339,0.030877344123973933
Gemma-3-12B-IT,EBM-NLP,18783504,partial_f1,0.06603598117205246,0.11783960720130943,0.051109261424191914
Gemma-3-12B-IT,EBM-NLP,18783504,exact_f1,0.10710996079625473,0.20403709765411898,0.08033125939537039
Gemma-3-12B-IT,EBM-NLP,18845996,partial_f1,0.10984702173552349,0.22200099552015928,0.08363639714830008
Gemma-3-12B-IT,EBM-NLP,18845996,exact_f1,0.0707881201260992,0.14731707317073173,0.054612799473718755
Gemma-3-12B-IT,EBM-NLP,18958161,partial_f1,0.09662920391656023,0.2165242165242165,0.0733599504359368
Gemma-3-12B-IT,EBM-NLP,18958161,exact_f1,0.02298850574712643,0.0689655172413793,0.025701930775859645
Gemma-3-12B-IT,EBM-NLP,18975051,partial_f1,0.1511484593837535,0.4,0.1319485321875569
Gemma-3-12B-IT,EBM-NLP,18975051,exact_f1,0.07622782446311858,0.2,0.05931471302115988
Gemma-3-12B-IT,EBM-NLP,19096921,partial_f1,0.08598442714126811,0.15517241379310348,0.06958228727330136
Gemma-3-12B-IT,EBM-NLP,19096921,exact_f1,0.075,0.125,0.0625
Gemma-3-12B-IT,EBM-NLP,19108790,partial_f1,0.1653030303030303,0.36848484848484847,0.1268717943890959
Gemma-3-12B-IT,EBM-NLP,19108790,exact_f1,0.15876262626262622,0.3442424242424241,0.12023294857703608
Gemma-3-12B-IT,EBM-NLP,19159999,partial_f1,0.08503136024957661,0.1868725868725869,0.06344424661991867
Gemma-3-12B-IT,EBM-NLP,19159999,exact_f1,0.04726684544521356,0.12473118279569889,0.040369889269121176
Gemma-3-12B-IT,EBM-NLP,19301724,partial_f1,0.08040182428803361,0.1784107946026987,0.0595681875474055
Gemma-3-12B-IT,EBM-NLP,19301724,exact_f1,0.07219258578486261,0.1595547309833024,0.05503911060379014
Gemma-3-12B-IT,EBM-NLP,19376304,partial_f1,0.027572427572427564,0.06666666666666671,0.02102636284799221
Gemma-3-12B-IT,EBM-NLP,19376304,exact_f1,0.030219780219780258,0.06923076923076929,0.02269374212122087
Gemma-3-12B-IT,EBM-NLP,1963383,partial_f1,0.04704655509609069,0.11655011655011657,0.035518767289290286
Gemma-3-12B-IT,EBM-NLP,1963383,exact_f1,0.05234515513153282,0.09907120743034051,0.03958134094603394
Gemma-3-12B-IT,EBM-NLP,1968178,partial_f1,0.06325051759834376,0.13250517598343697,0.05127134629377204
Gemma-3-12B-IT,EBM-NLP,1968178,exact_f1,0.13202208419599726,0.2525879917184265,0.10434182948763245
Gemma-3-12B-IT,EBM-NLP,19708562,partial_f1,0.05959595959595964,0.1287878787878789,0.04744518744458573
Gemma-3-12B-IT,EBM-NLP,19708562,exact_f1,0.03323232323232323,0.08333333333333331,0.025926609156242883
Gemma-3-12B-IT,EBM-NLP,19727232,partial_f1,0.1065623518255097,0.28378378378378366,0.08509248849228868
Gemma-3-12B-IT,EBM-NLP,19727232,exact_f1,0.06718112849691797,0.1587837837837838,0.05245436727645238
Gemma-3-12B-IT,EBM-NLP,19802506,partial_f1,0.386240779768177,0.75,0.30871049189062816
Gemma-3-12B-IT,EBM-NLP,19802506,exact_f1,0.2600588338602037,0.5,0.2002488170484551
Gemma-3-12B-IT,EBM-NLP,20147856,partial_f1,0.05456526044761342,0.12121212121212122,0.04133711115370368
Gemma-3-12B-IT,EBM-NLP,20147856,exact_f1,0.004674192909487024,0.010101010101010097,0.003721191172124365
Gemma-3-12B-IT,EBM-NLP,20189026,partial_f1,0.1359837009805663,0.30830564784053144,0.10200512961939276
Gemma-3-12B-IT,EBM-NLP,20189026,exact_f1,0.1082452775917862,0.2471760797342192,0.0800890058270902
Gemma-3-12B-IT,EBM-NLP,20226474,partial_f1,0.11585830846330446,0.23164647184604426,0.08606007476812864
Gemma-3-12B-IT,EBM-NLP,20226474,exact_f1,0.052242029049445714,0.11119030648610123,0.03881629152343325
Gemma-3-12B-IT,EBM-NLP,20509069,partial_f1,0.14528746107693474,0.32057416267942584,0.11263336952746511
Gemma-3-12B-IT,EBM-NLP,20509069,exact_f1,0.14908179539758487,0.3636363636363636,0.11723246577892549
Gemma-3-12B-IT,EBM-NLP,20560622,partial_f1,0.13070229949262197,0.2717497556207231,0.09578100829204489
Gemma-3-12B-IT,EBM-NLP,20560622,exact_f1,0.049981846110878414,0.11981566820276512,0.03779641376461689
Gemma-3-12B-IT,EBM-NLP,20618920,partial_f1,0.1392203548085901,0.25490196078431376,0.10721004478660454
Gemma-3-12B-IT,EBM-NLP,20618920,exact_f1,0.1399159663865546,0.2666666666666666,0.10445067756111812
Gemma-3-12B-IT,EBM-NLP,2066441,partial_f1,0.06141516627716888,0.1403508771929825,0.04782277095623741
Gemma-3-12B-IT,EBM-NLP,2066441,exact_f1,0.05786689597665203,0.1025641025641025,0.04554936360526821
Gemma-3-12B-IT,EBM-NLP,20739054,partial_f1,0.09298123801057409,0.20624151967435553,0.07274376572538757
Gemma-3-12B-IT,EBM-NLP,20739054,exact_f1,0.03183580529952121,0.06144200626959251,0.0238457431591433
Gemma-3-12B-IT,EBM-NLP,20804366,partial_f1,0.16042706521015745,0.34193548387096756,0.12242721143193343
Gemma-3-12B-IT,EBM-NLP,20804366,exact_f1,0.07360581082494318,0.1376344086021505,0.060885434586311474
Gemma-3-12B-IT,EBM-NLP,2088233,partial_f1,0.07987062745683439,0.17904761904761918,0.061755654441612184
Gemma-3-12B-IT,EBM-NLP,2088233,exact_f1,0.10731472359058564,0.2068965517241379,0.08354812908946693
Gemma-3-12B-IT,EBM-NLP,20943715,partial_f1,0.19073592118068444,0.4174484052532833,0.14613297172557307
Gemma-3-12B-IT,EBM-NLP,20943715,exact_f1,0.03862998152811637,0.08484848484848481,0.029276906833397953
Gemma-3-12B-IT,EBM-NLP,21029638,partial_f1,0.05281071862442762,0.11249999999999999,0.03924772072564229
Gemma-3-12B-IT,EBM-NLP,21029638,exact_f1,0.020657181571815723,0.054166666666666696,0.019032643247706944
Gemma-3-12B-IT,EBM-NLP,21106663,partial_f1,0.12691197691197686,0.23232323232323226,0.09986938996688749
Gemma-3-12B-IT,EBM-NLP,21106663,exact_f1,0.09978354978354977,0.1746031746031746,0.07986955142910994
Gemma-3-12B-IT,EBM-NLP,21170734,partial_f1,0.10467578583520618,0.28994708994708995,0.08773928110809076
Gemma-3-12B-IT,EBM-NLP,21170734,exact_f1,0.09446099579432911,0.1714285714285714,0.07302760062287265
Gemma-3-12B-IT,EBM-NLP,21211686,partial_f1,0.2686171975421469,0.64,0.21190821990170988
Gemma-3-12B-IT,EBM-NLP,21211686,exact_f1,0.21442695911255755,0.4800000000000001,0.15986964895375658
Gemma-3-12B-IT,EBM-NLP,21393467,partial_f1,0.15705314009661836,0.3478260869565218,0.11667452631367133
Gemma-3-12B-IT,EBM-NLP,21393467,exact_f1,0.07955831608005523,0.1739130434782609,0.060644229542582244
Gemma-3-12B-IT,EBM-NLP,21491990,partial_f1,0.10627363737486095,0.22043010752688172,0.07921454558706716
Gemma-3-12B-IT,EBM-NLP,21491990,exact_f1,0.005359864870432193,0.013409961685823799,0.0045851275066276335
Gemma-3-12B-IT,EBM-NLP,21669557,partial_f1,0.06542568542568548,0.13636363636363652,0.05092573710307305
Gemma-3-12B-IT,EBM-NLP,21669557,exact_f1,0.05471861471861471,0.1047619047619048,0.04381689979676214
Gemma-3-12B-IT,EBM-NLP,21718094,partial_f1,0.1448327466210694,0.3645320197044334,0.11824888448070586
Gemma-3-12B-IT,EBM-NLP,21718094,exact_f1,0.0,0.0,0.0
Gemma-3-12B-IT,EBM-NLP,21866656,partial_f1,0.09163846090675357,0.20940170940170938,0.06915094254123
Gemma-3-12B-IT,EBM-NLP,21866656,exact_f1,0.08072798024017537,0.1948717948717949,0.06477641196803154
Gemma-3-12B-IT,EBM-NLP,2188766,partial_f1,0.07987415987415986,0.16216216216216206,0.06131211469169086
Gemma-3-12B-IT,EBM-NLP,2188766,exact_f1,0.058630058630058636,0.1031746031746032,0.04540395286245251
Gemma-3-12B-IT,EBM-NLP,21896676,partial_f1,0.09942019981000491,0.22561692126909522,0.07348075423345618
Gemma-3-12B-IT,EBM-NLP,21896676,exact_f1,0.02721177377849043,0.050974512743628186,0.02051735752765293
Gemma-3-12B-IT,EBM-NLP,21914768,partial_f1,0.07552413019079687,0.14814814814814814,0.05649881702070272
Gemma-3-12B-IT,EBM-NLP,21914768,exact_f1,0.1051739618406285,0.2577777777777778,0.08841851795002086
Gemma-3-12B-IT,EBM-NLP,21924760,partial_f1,0.03660251700819652,0.08722109533468558,0.0297800394220072
Gemma-3-12B-IT,EBM-NLP,21924760,exact_f1,0.024110651575154626,0.0689655172413793,0.02284629563385595
Gemma-3-12B-IT,EBM-NLP,21975269,partial_f1,0.14940896271525078,0.2945013979496738,0.11329190660228841
Gemma-3-12B-IT,EBM-NLP,21975269,exact_f1,0.04492948468607697,0.09549549549549549,0.033917119455405764
Gemma-3-12B-IT,EBM-NLP,21982657,partial_f1,0.07939741928077032,0.18319783197831985,0.060510051910308796
Gemma-3-12B-IT,EBM-NLP,21982657,exact_f1,0.11720571129903053,0.26233062330623313,0.08696991335341993
Gemma-3-12B-IT,EBM-NLP,22154769,partial_f1,0.09606596993377901,0.19615384615384618,0.07396257278650005
Gemma-3-12B-IT,EBM-NLP,22154769,exact_f1,0.006698887947357975,0.01223990208078339,0.005151084911205443
Gemma-3-12B-IT,EBM-NLP,2223363,partial_f1,0.07089845826687932,0.14035087719298245,0.05415345700477126
Gemma-3-12B-IT,EBM-NLP,2223363,exact_f1,0.09349889876205665,0.17619047619047612,0.07204054925520838
Gemma-3-12B-IT,EBM-NLP,2224060,partial_f1,0.04012925480825545,0.09926470588235298,0.03181026021618143
Gemma-3-12B-IT,EBM-NLP,2224060,exact_f1,0.05013740717314406,0.1310483870967742,0.041511871955216044
Gemma-3-12B-IT,EBM-NLP,22271197,partial_f1,0.16751322751322748,0.32,0.12670212293227115
Gemma-3-12B-IT,EBM-NLP,22271197,exact_f1,0.08252204585537919,0.16,0.0620917781119796
Gemma-3-12B-IT,EBM-NLP,22341427,partial_f1,0.029852729622314902,0.056451612903225895,0.023251569280991084
Gemma-3-12B-IT,EBM-NLP,22341427,exact_f1,0.04595616024187448,0.0888888888888888,0.040246860268586475
Gemma-3-12B-IT,EBM-NLP,22416755,partial_f1,0.13862026862026863,0.2582417582417583,0.11315808324770235
Gemma-3-12B-IT,EBM-NLP,22416755,exact_f1,0.12574358974358976,0.2692307692307693,0.10897285066829486
Gemma-3-12B-IT,EBM-NLP,22420121,partial_f1,0.044710865773484425,0.10703812316715561,0.033949367438003315
Gemma-3-12B-IT,EBM-NLP,22420121,exact_f1,0.05777253879720674,0.12655971479500888,0.043503343001006715
Gemma-3-12B-IT,EBM-NLP,22435114,partial_f1,0.2353442728442729,0.6875000000000001,0.22238930442372956
Gemma-3-12B-IT,EBM-NLP,22435114,exact_f1,0.08532103532103535,0.25,0.08467177856916745
Gemma-3-12B-IT,EBM-NLP,22538329,partial_f1,0.08146627565982406,0.1625806451612903,0.06156979309245988
Gemma-3-12B-IT,EBM-NLP,22538329,exact_f1,0.023919843597262947,0.049032258064516096,0.020253032706848945
Gemma-3-12B-IT,EBM-NLP,22646975,partial_f1,0.06433239962651731,0.17142857142857149,0.05095951579968302
Gemma-3-12B-IT,EBM-NLP,22646975,exact_f1,0.12491177667648254,0.2505494505494505,0.09278288886529115
Gemma-3-12B-IT,EBM-NLP,22744141,partial_f1,0.09545837304458,0.23809523809523825,0.07346387490660293
Gemma-3-12B-IT,EBM-NLP,22744141,exact_f1,0.06270032649342996,0.15151515151515152,0.04805292210371087
Gemma-3-12B-IT,EBM-NLP,22865017,partial_f1,0.08783068783068784,0.1777777777777778,0.06599667532916301
Gemma-3-12B-IT,EBM-NLP,22865017,exact_f1,0.11063492063492064,0.24285714285714288,0.08123771772671294
Gemma-3-12B-IT,EBM-NLP,22881991,partial_f1,0.05072717503700251,0.13662790697674432,0.04702361564749638
Gemma-3-12B-IT,EBM-NLP,22881991,exact_f1,0.055991608906087544,0.10357142857142859,0.04289887406656567
Gemma-3-12B-IT,EBM-NLP,22897461,partial_f1,0.05569676700111485,0.1270903010033445,0.04474125329531849
Gemma-3-12B-IT,EBM-NLP,22897461,exact_f1,0.023184636619419226,0.05952380952380949,0.01835115684459164
Gemma-3-12B-IT,EBM-NLP,22956006,partial_f1,0.2592049855162644,0.5098039215686274,0.20814879659491037
Gemma-3-12B-IT,EBM-NLP,22956006,exact_f1,0.062265465227642515,0.1176470588235294,0.04675003294275996
Gemma-3-12B-IT,EBM-NLP,23021296,partial_f1,0.0759214079897192,0.1596638655462186,0.060632787806702775
Gemma-3-12B-IT,EBM-NLP,23021296,exact_f1,0.018731363513147175,0.044802867383512524,0.016030973871904993
Gemma-3-12B-IT,EBM-NLP,23103798,partial_f1,0.14885708667314573,0.34940442427680096,0.11163893067514878
Gemma-3-12B-IT,EBM-NLP,23103798,exact_f1,0.10772295015205001,0.2298221614227086,0.08226417259041394
Gemma-3-12B-IT,EBM-NLP,23114870,partial_f1,0.11031618542565759,0.23411978221415614,0.08397976973696628
Gemma-3-12B-IT,EBM-NLP,23114870,exact_f1,0.09309206210275829,0.20634920634920628,0.06976604260274111
Gemma-3-12B-IT,EBM-NLP,23356250,partial_f1,0.05824721780604136,0.15709459459459463,0.04781603572302673
Gemma-3-12B-IT,EBM-NLP,23356250,exact_f1,0.050629305776364576,0.14527027027027017,0.04255307141317578
Gemma-3-12B-IT,EBM-NLP,23357440,partial_f1,0.12534171659270005,0.2800944138473642,0.09289942899328427
Gemma-3-12B-IT,EBM-NLP,23357440,exact_f1,0.11059104022125268,0.20645161290322592,0.09119846486703444
Gemma-3-12B-IT,EBM-NLP,23392542,partial_f1,0.05124824031031309,0.13699753896636596,0.04683798721369911
Gemma-3-12B-IT,EBM-NLP,23392542,exact_f1,0.05827718296955377,0.1599671862182116,0.053676004907709414
Gemma-3-12B-IT,EBM-NLP,23417625,partial_f1,0.07810932581754898,0.17806041335453088,0.05907041728313945
Gemma-3-12B-IT,EBM-NLP,23417625,exact_f1,0.04372216360436552,0.10810810810810809,0.033441164187828734
Gemma-3-12B-IT,EBM-NLP,23549581,partial_f1,0.08046575425357451,0.1878881987577639,0.06369400806543345
Gemma-3-12B-IT,EBM-NLP,23549581,exact_f1,0.0918288015233438,0.2238095238095238,0.07238688494288754
Gemma-3-12B-IT,EBM-NLP,23838728,partial_f1,0.03199347619637476,0.07407407407407407,0.025030059075747253
Gemma-3-12B-IT,EBM-NLP,23838728,exact_f1,0.012292002147074597,0.025764895330112697,0.00961769345846292
Gemma-3-12B-IT,EBM-NLP,23849147,partial_f1,0.24503588961254866,0.5333333333333333,0.18549120782053607
Gemma-3-12B-IT,EBM-NLP,23849147,exact_f1,0.09637387783840869,0.2105263157894736,0.07242106410055818
Gemma-3-12B-IT,EBM-NLP,23985254,partial_f1,0.05992448980886995,0.11849901250822911,0.04727531330745832
Gemma-3-12B-IT,EBM-NLP,23985254,exact_f1,0.06672365353520847,0.150070126227209,0.0501285597977655
Gemma-3-12B-IT,EBM-NLP,24075141,partial_f1,0.06136363636363631,0.1439393939393938,0.0523228727903875
Gemma-3-12B-IT,EBM-NLP,24075141,exact_f1,0.03265151515151511,0.0738636363636363,0.02721281824881719
Gemma-3-12B-IT,EBM-NLP,24080592,partial_f1,0.1350561316078558,0.2606060606060607,0.11337330976602095
Gemma-3-12B-IT,EBM-NLP,24080592,exact_f1,0.08858844858844857,0.19191919191919188,0.06606319994438685
Gemma-3-12B-IT,EBM-NLP,24317958,partial_f1,0.0545051006341329,0.10897435897435898,0.041706202823658924
Gemma-3-12B-IT,EBM-NLP,24317958,exact_f1,0.047522549135452334,0.1095238095238095,0.03627918950506645
Gemma-3-12B-IT,EBM-NLP,24350813,partial_f1,0.08983145949793776,0.16903460837887074,0.07541555816655965
Gemma-3-12B-IT,EBM-NLP,24350813,exact_f1,0.022426789967773562,0.05897435897435899,0.017985296990608617
Gemma-3-12B-IT,EBM-NLP,24451919,partial_f1,0.07736409400758679,0.2067307692307693,0.062372870642732094
Gemma-3-12B-IT,EBM-NLP,24451919,exact_f1,0.11197316309941453,0.2232142857142858,0.08783712966081687
Gemma-3-12B-IT,EBM-NLP,24515505,partial_f1,0.056003551971584214,0.13312693498452013,0.043574196040145924
Gemma-3-12B-IT,EBM-NLP,24515505,exact_f1,0.02732019477177513,0.060130718954248305,0.020178126009564295
Gemma-3-12B-IT,EBM-NLP,24660757,partial_f1,0.22650326797385623,0.5333333333333333,0.17593018579125286
Gemma-3-12B-IT,EBM-NLP,24660757,exact_f1,0.14271241830065357,0.2666666666666666,0.10903398387408811
Gemma-3-12B-IT,EBM-NLP,24726342,partial_f1,0.05220969089390144,0.1337719298245615,0.04071169794855138
Gemma-3-12B-IT,EBM-NLP,24726342,exact_f1,0.02706078922797188,0.0560224089635854,0.020250967101222886
Gemma-3-12B-IT,EBM-NLP,24803369,partial_f1,0.12554981250633424,0.2521739130434782,0.09636052002596147
Gemma-3-12B-IT,EBM-NLP,24803369,exact_f1,0.043971487449748284,0.09275362318840571,0.034056355439377205
Gemma-3-12B-IT,EBM-NLP,24960665,partial_f1,0.09352134446993685,0.21269841269841266,0.07193088714937086
Gemma-3-12B-IT,EBM-NLP,24960665,exact_f1,0.07238167653100334,0.17543859649122812,0.05568379926689448
Gemma-3-12B-IT,EBM-NLP,24989854,partial_f1,0.06510609642524534,0.17702127659574468,0.05374738399305997
Gemma-3-12B-IT,EBM-NLP,24989854,exact_f1,0.0620147575041192,0.1422222222222222,0.04634948146013489
Gemma-3-12B-IT,EBM-NLP,25068497,partial_f1,0.12321335669161752,0.3060869565217391,0.09807746653139973
Gemma-3-12B-IT,EBM-NLP,25068497,exact_f1,0.04698391463608855,0.1,0.037478510070233846
Gemma-3-12B-IT,EBM-NLP,25369243,partial_f1,0.0646982646982647,0.1324786324786325,0.04864298306795607
Gemma-3-12B-IT,EBM-NLP,25369243,exact_f1,0.030537857204523896,0.05982905982905991,0.0236118746152491
Gemma-3-12B-IT,EBM-NLP,25479285,partial_f1,0.06010158007469835,0.11491935483870969,0.04468234020937025
Gemma-3-12B-IT,EBM-NLP,25479285,exact_f1,0.04997957635054407,0.11249999999999999,0.037778635852774425
Gemma-3-12B-IT,EBM-NLP,25784723,partial_f1,0.06892857142857141,0.1339285714285714,0.05318789562961233
Gemma-3-12B-IT,EBM-NLP,25784723,exact_f1,0.03580437580437582,0.1,0.033055332135925874
Gemma-3-12B-IT,EBM-NLP,25885649,partial_f1,0.07426252589510263,0.1740937427845764,0.05549052373633882
Gemma-3-12B-IT,EBM-NLP,25885649,exact_f1,0.04105675260716302,0.07988917109212651,0.03095786364488808
Gemma-3-12B-IT,EBM-NLP,25886492,partial_f1,0.07971093374948013,0.14911080711354308,0.06040576052431199
Gemma-3-12B-IT,EBM-NLP,25886492,exact_f1,0.01755927283960028,0.0475687103594081,0.014227771787166884
Gemma-3-12B-IT,EBM-NLP,25898782,partial_f1,0.09800812738538053,0.23783783783783782,0.07670578756874483
Gemma-3-12B-IT,EBM-NLP,25898782,exact_f1,0.0563979342518962,0.12919896640826872,0.042715733220078024
Gemma-3-12B-IT,EBM-NLP,25931290,partial_f1,0.06574342458400431,0.15999999999999998,0.050472317311261984
Gemma-3-12B-IT,EBM-NLP,25931290,exact_f1,0.04588727858293075,0.07999999999999999,0.0355243275779507
Gemma-3-12B-IT,EBM-NLP,25950425,partial_f1,0.08352724780785827,0.234006734006734,0.07089090195705859
Gemma-3-12B-IT,EBM-NLP,25950425,exact_f1,0.038346997927315024,0.0733752620545074,0.03068459718150426
Gemma-3-12B-IT,EBM-NLP,26210844,partial_f1,0.05715589057896235,0.15856777493606142,0.0478749041464505
Gemma-3-12B-IT,EBM-NLP,26210844,exact_f1,0.08294521469915196,0.1739130434782608,0.06550528016784242
Gemma-3-12B-IT,EBM-NLP,26278470,partial_f1,0.067016687016687,0.1324786324786325,0.04988257598854318
Gemma-3-12B-IT,EBM-NLP,26278470,exact_f1,0.06684552684552686,0.16216216216216217,0.05091975895517979
Gemma-3-12B-IT,EBM-NLP,2678230,partial_f1,0.11262080330707783,0.2850678733031674,0.09701808598067653
Gemma-3-12B-IT,EBM-NLP,2678230,exact_f1,0.10478325233227194,0.2279411764705882,0.07998955767618948
Gemma-3-12B-IT,EBM-NLP,2803397,partial_f1,0.10963674104826154,0.2926829268292683,0.09414567490262107
Gemma-3-12B-IT,EBM-NLP,2803397,exact_f1,0.040757654385054486,0.0975609756097561,0.03121899110994767
Gemma-3-12B-IT,EBM-NLP,2908133,partial_f1,0.08301587301587302,0.16666666666666669,0.06244801314840143
Gemma-3-12B-IT,EBM-NLP,2908133,exact_f1,0.08142857142857142,0.1904761904761905,0.0614823295390882
Gemma-3-12B-IT,EBM-NLP,3067745,partial_f1,0.10536881419234363,0.23039215686274517,0.08473815364844305
Gemma-3-12B-IT,EBM-NLP,3067745,exact_f1,0.06998132586367878,0.18137254901960778,0.06428532863041686
Gemma-3-12B-IT,EBM-NLP,3074300,partial_f1,0.04977191267513851,0.131720430107527,0.03990881119729924
Gemma-3-12B-IT,EBM-NLP,3074300,exact_f1,0.08558663558663561,0.1910669975186104,0.06335349722379648
Gemma-3-12B-IT,EBM-NLP,3081600,partial_f1,0.10141995816414422,0.23428571428571432,0.0767236252121323
Gemma-3-12B-IT,EBM-NLP,3081600,exact_f1,0.08082687338501286,0.16952380952380938,0.060610219331443276
Gemma-3-12B-IT,EBM-NLP,3534803,partial_f1,0.027866904337492556,0.0549242424242424,0.023010976430729226
Gemma-3-12B-IT,EBM-NLP,3534803,exact_f1,0.019551300481091733,0.057040998217468795,0.02043680874504567
Gemma-3-12B-IT,EBM-NLP,361799,partial_f1,0.08772314275762551,0.21645021645021645,0.07262669660067331
Gemma-3-12B-IT,EBM-NLP,361799,exact_f1,0.11172791958998855,0.24891774891774898,0.08652732331650177
Gemma-3-12B-IT,EBM-NLP,384815,partial_f1,0.05745454545454544,0.13636363636363635,0.051264989744987936
Gemma-3-12B-IT,EBM-NLP,384815,exact_f1,0.021818181818181848,0.06545454545454554,0.019824760283389274
Gemma-3-12B-IT,EBM-NLP,3919804,partial_f1,0.07089942263092167,0.15053763440860213,0.05299684927818186
Gemma-3-12B-IT,EBM-NLP,3919804,exact_f1,0.03864379084967318,0.0666666666666666,0.03141350493365342
Gemma-3-12B-IT,EBM-NLP,4919024,partial_f1,0.02746606334841626,0.0723981900452488,0.022124343529784544
Gemma-3-12B-IT,EBM-NLP,4919024,exact_f1,0.02746606334841626,0.0723981900452488,0.022124343529784544
Gemma-3-12B-IT,EBM-NLP,6418441,partial_f1,0.0333090985722565,0.09103840682788056,0.0282082575842871
Gemma-3-12B-IT,EBM-NLP,6418441,exact_f1,0.07698646014435491,0.14651493598862025,0.060512933385375216
Gemma-3-12B-IT,EBM-NLP,6421395,partial_f1,0.07188727188727188,0.17463617463617465,0.054806965064705365
Gemma-3-12B-IT,EBM-NLP,6421395,exact_f1,0.03954723954723961,0.0776160776160777,0.031286676744443596
Gemma-3-12B-IT,EBM-NLP,6920252,partial_f1,0.04924186359431502,0.12553191489361704,0.040412938230891524
Gemma-3-12B-IT,EBM-NLP,6920252,exact_f1,0.048926467885764845,0.1303191489361702,0.03862759228587432
Gemma-3-12B-IT,EBM-NLP,6938020,partial_f1,0.12474609256218455,0.2407407407407408,0.10229948491041929
Gemma-3-12B-IT,EBM-NLP,6938020,exact_f1,0.2144712035516633,0.42592592592592593,0.16479349255679304
Gemma-3-12B-IT,EBM-NLP,6951573,partial_f1,0.20874562718640677,0.5,0.16958341003165478
Gemma-3-12B-IT,EBM-NLP,6951573,exact_f1,0.20135560791033055,0.4000000000000001,0.15145283027417789
Gemma-3-12B-IT,EBM-NLP,6989377,partial_f1,0.14434083646849602,0.3,0.10969486430049845
Gemma-3-12B-IT,EBM-NLP,6989377,exact_f1,0.06955888083547655,0.1643356643356643,0.05739298903934872
Gemma-3-12B-IT,EBM-NLP,7017018,partial_f1,0.026778056251740446,0.06349206349206343,0.02026953803514071
Gemma-3-12B-IT,EBM-NLP,7017018,exact_f1,0.051512113617376766,0.1333333333333333,0.043603360685147946
Gemma-3-12B-IT,EBM-NLP,7598243,partial_f1,0.2227457758779212,0.4242424242424243,0.16780885434335405
Gemma-3-12B-IT,EBM-NLP,7598243,exact_f1,0.15974743566665797,0.3438155136268345,0.12213007801694029
Gemma-3-12B-IT,EBM-NLP,7707420,partial_f1,0.05302270201138494,0.1028151774785801,0.04028531990842905
Gemma-3-12B-IT,EBM-NLP,7707420,exact_f1,0.046652414903692464,0.1029748283752861,0.03646030507081314
Gemma-3-12B-IT,EBM-NLP,7808649,partial_f1,0.0862431616676099,0.185483870967742,0.06398656086720732
Gemma-3-12B-IT,EBM-NLP,7808649,exact_f1,0.030542193296862245,0.0625,0.024134823235319135
Gemma-3-12B-IT,EBM-NLP,7814711,partial_f1,0.12265538527032788,0.3225000000000001,0.10749776572943061
Gemma-3-12B-IT,EBM-NLP,7814711,exact_f1,0.08252000851426139,0.1745689655172414,0.06409842783673154
Gemma-3-12B-IT,EBM-NLP,7827398,partial_f1,0.056565656565656555,0.11255411255411252,0.044211454291658694
Gemma-3-12B-IT,EBM-NLP,7827398,exact_f1,0.003982683982683996,0.009090909090909108,0.003151562722632269
Gemma-3-12B-IT,EBM-NLP,7831628,partial_f1,0.15473111429633174,0.3966666666666668,0.12598689125435542
Gemma-3-12B-IT,EBM-NLP,7831628,exact_f1,0.07652173913043477,0.16,0.06074521459677558
Gemma-3-12B-IT,EBM-NLP,7844976,partial_f1,0.15302386400784568,0.26190476190476186,0.12399923635725243
Gemma-3-12B-IT,EBM-NLP,7844976,exact_f1,0.10626748029494025,0.1904761904761905,0.0842069307730358
Gemma-3-12B-IT,EBM-NLP,7853069,partial_f1,0.032332094223084244,0.059829059829059894,0.02456837960775851
Gemma-3-12B-IT,EBM-NLP,7853069,exact_f1,0.09658645725386551,0.1909677419354839,0.07219391847508627
Gemma-3-12B-IT,EBM-NLP,8519720,partial_f1,0.07297028253549992,0.16403162055335968,0.057347384091203685
Gemma-3-12B-IT,EBM-NLP,8519720,exact_f1,0.03860342555994731,0.08585858585858591,0.032936063472381136
Gemma-3-12B-IT,EBM-NLP,8726604,partial_f1,0.04680219066183972,0.08270676691729312,0.037990155390060225
Gemma-3-12B-IT,EBM-NLP,8726604,exact_f1,0.06583124477861323,0.1203007518796993,0.05268868342597883
Gemma-3-12B-IT,EBM-NLP,8771302,partial_f1,0.11377127127127125,0.22888888888888878,0.08808820757006011
Gemma-3-12B-IT,EBM-NLP,8771302,exact_f1,0.05124874874874869,0.10749999999999989,0.038866901332816686
Gemma-3-12B-IT,EBM-NLP,8779382,partial_f1,0.07363940407418669,0.18972332015810278,0.05758865787691939
Gemma-3-12B-IT,EBM-NLP,8779382,exact_f1,0.06407215972433362,0.1818181818181818,0.05286130008522136
Gemma-3-12B-IT,EBM-NLP,8911222,partial_f1,0.09250729828802923,0.2312925170068028,0.07018620458335988
Gemma-3-12B-IT,EBM-NLP,8911222,exact_f1,0.06269510666520632,0.1700680272108843,0.05486428599104333
Gemma-3-12B-IT,EBM-NLP,8911223,partial_f1,0.11017051424028165,0.266025641025641,0.08755392782262057
Gemma-3-12B-IT,EBM-NLP,8911223,exact_f1,0.08679614958684727,0.1923076923076924,0.06627778383360376
Gemma-3-12B-IT,EBM-NLP,8913901,partial_f1,0.046499582289055943,0.09523809523809518,0.03476712851685868
Gemma-3-12B-IT,EBM-NLP,8913901,exact_f1,0.0931996658312448,0.1824561403508772,0.07263929662866894
Gemma-3-12B-IT,EBM-NLP,8916620,partial_f1,0.09882398303450937,0.17293233082706772,0.07851943491002425
Gemma-3-12B-IT,EBM-NLP,8916620,exact_f1,0.060805860805860784,0.1538461538461538,0.04968770043426524
Gemma-3-12B-IT,EBM-NLP,8989009,partial_f1,0.07510275555157395,0.15175300889586602,0.05669251137376794
Gemma-3-12B-IT,EBM-NLP,8989009,exact_f1,0.10282510090696637,0.20008775778850368,0.08264616316300721
Gemma-3-12B-IT,EBM-NLP,9229602,partial_f1,0.10285714285714281,0.17142857142857137,0.08571428571428569
Gemma-3-12B-IT,EBM-NLP,9229602,exact_f1,0.05714285714285713,0.0952380952380952,0.0476190476190476
Gemma-3-12B-IT,EBM-NLP,9394106,partial_f1,0.13049718891824152,0.2571428571428571,0.09707476630297465
Gemma-3-12B-IT,EBM-NLP,9394106,exact_f1,0.03710627921154235,0.08571428571428569,0.028433586765696954
Gemma-3-12B-IT,EBM-NLP,9481998,partial_f1,0.19325705568268506,0.4260869565217393,0.14552980607878038
Gemma-3-12B-IT,EBM-NLP,9481998,exact_f1,0.10297482837528603,0.2,0.07920107221123747
Gemma-3-12B-IT,EBM-NLP,9573502,partial_f1,0.1397572969665993,0.292358803986711,0.10547491916139637
Gemma-3-12B-IT,EBM-NLP,9573502,exact_f1,0.09849940756917504,0.228405315614618,0.07430070258483068
Gemma-3-12B-IT,EBM-NLP,9695300,partial_f1,0.1361869687072939,0.2564102564102565,0.10216376334752036
Gemma-3-12B-IT,EBM-NLP,9695300,exact_f1,0.14510457925092077,0.2905982905982906,0.11024288497648495
Gemma-3-12B-IT,EBM-NLP,9730996,partial_f1,0.22925444925444927,0.6222222222222223,0.2110453030240849
Gemma-3-12B-IT,EBM-NLP,9730996,exact_f1,0.11469937469937472,0.3111111111111111,0.10168306084128213
Gemma-3-12B-IT,EBM-NLP,9816035,partial_f1,0.034223398521518275,0.07737148913619502,0.026791214280661307
Gemma-3-12B-IT,EBM-NLP,9816035,exact_f1,0.049092368642319514,0.0994739359158297,0.036534132992968246
Gemma-3-12B-IT,SciER,160009536,partial_f1,0.12927540512298027,0.332046332046332,0.11139976872600184
Gemma-3-12B-IT,SciER,160009536,exact_f1,0.12857035419475907,0.3243243243243243,0.10873970180447917
Gemma-3-12B-IT,SciER,192546007,partial_f1,0.10288241997249024,0.2677165354330709,0.08411869753865066
Gemma-3-12B-IT,SciER,192546007,exact_f1,0.08456935240916233,0.2283464566929134,0.06808572041548588
Gemma-3-12B-IT,SciER,202719492,partial_f1,0.03346643123854791,0.06334264060630242,0.025235337938682864
Gemma-3-12B-IT,SciER,202719492,exact_f1,0.02597718292437284,0.0483446350219386,0.019664736465631175
Gemma-3-12B-IT,SciER,202888938,partial_f1,0.03730330633549965,0.0766293377219486,0.027629676874885007
Gemma-3-12B-IT,SciER,202888938,exact_f1,0.03471088495455895,0.0700721292927215,0.0260278162565419
Gemma-3-12B-IT,SciER,210157153,partial_f1,0.07691625523351495,0.1846153846153846,0.060296597858189444
Gemma-3-12B-IT,SciER,210157153,exact_f1,0.0702004155545891,0.164102564102564,0.05517943219288695
Gemma-3-12B-IT,SciER,210702798,partial_f1,0.0938254110184755,0.1813537675606641,0.07523254500713068
Gemma-3-12B-IT,SciER,210702798,exact_f1,0.08593307479728671,0.1634738186462324,0.06926860604528831
Gemma-3-12B-IT,SciER,244256,partial_f1,0.08952111501083285,0.238095238095238,0.08363742142580692
Gemma-3-12B-IT,SciER,244256,exact_f1,0.08723772889459178,0.238095238095238,0.08012329864601007
Gemma-3-12B-IT,SciER,3627225,partial_f1,0.09616348891312002,0.2181818181818182,0.07653468940607164
Gemma-3-12B-IT,SciER,3627225,exact_f1,0.0944588474322857,0.2181818181818182,0.07274271973722785
Gemma-3-12B-IT,SciER,52169846,partial_f1,0.06246986890141999,0.1438848920863309,0.04645050918720476
Gemma-3-12B-IT,SciER,52169846,exact_f1,0.051504969979472265,0.1115107913669064,0.038903172886588865
Gemma-3-12B-IT,SciER,53109398,partial_f1,0.038887869039638936,0.0848088325495808,0.02922785014335265
Gemma-3-12B-IT,SciER,53109398,exact_f1,0.03779609207946017,0.07982007769372311,0.02864071628280479
Gemma-3-12B-IT,SciER,AAAI2024,partial_f1,0.07665387745610976,0.2234042553191489,0.06960896298296003
Gemma-3-12B-IT,SciER,AAAI2024,exact_f1,0.07174747122427626,0.2021276595744681,0.06119779490838817
Gemma-3-12B-IT,SciER,CVPR2023,partial_f1,0.0491078356804016,0.1209302325581395,0.037803484985844425
Gemma-3-12B-IT,SciER,CVPR2023,exact_f1,0.04602973943770165,0.1116279069767441,0.03561225923134448
Gemma-3-12B-IT,SciER,EMNLP2023,partial_f1,0.09353117730371546,0.2222222222222222,0.07241892716861538
Gemma-3-12B-IT,SciER,EMNLP2023,exact_f1,0.08248387859435319,0.1825396825396825,0.06137764428570798
Gemma-3-12B-IT,SciER,ICLR2024-AI4Material,partial_f1,0.02539904261129857,0.051550895587592904,0.019090490164078423
Gemma-3-12B-IT,SciER,ICLR2024-AI4Material,exact_f1,0.021923611280697648,0.05244936818417871,0.018420848923523893
Gemma-3-12B-IT,SciER,ICLR2024-AI4Science-Protein,partial_f1,0.04922838214985785,0.1374570446735395,0.04769395742151852
Gemma-3-12B-IT,SciER,ICLR2024-AI4Science-Protein,exact_f1,0.051013095354274486,0.1374570446735395,0.0448463746075999
Gemma-3-12B-IT,SciER,NeurIPS2023-AI4Science,partial_f1,0.14973477140143804,0.2592592592592592,0.12169778379130657
Gemma-3-12B-IT,SciER,NeurIPS2023-AI4Science,exact_f1,0.12214760548093878,0.2129629629629629,0.09955255497874564
Gemma-3-12B-IT,SciERC,A97-1020,partial_f1,0.24149732620320855,0.4117647058823529,0.19643501848848743
Gemma-3-12B-IT,SciERC,A97-1020,exact_f1,0.2295900178253119,0.3999999999999999,0.18664046475118884
Gemma-3-12B-IT,SciERC,C00-2123,partial_f1,0.2623923444976077,0.4545454545454545,0.21319206621682105
Gemma-3-12B-IT,SciERC,C00-2123,exact_f1,0.22009569377990426,0.3999999999999999,0.17242739869976795
Gemma-3-12B-IT,SciERC,C04-1011,partial_f1,0.003508771929824563,0.01052631578947369,0.003922926276315423
Gemma-3-12B-IT,SciERC,C04-1011,exact_f1,0.003508771929824563,0.01052631578947369,0.003922926276315423
Gemma-3-12B-IT,SciERC,C04-1035,partial_f1,0.06466518466518467,0.11428571428571432,0.04935484258589565
Gemma-3-12B-IT,SciERC,C04-1035,exact_f1,0.06466518466518467,0.11428571428571432,0.04935484258589565
Gemma-3-12B-IT,SciERC,C04-1036,partial_f1,0.09307491146571607,0.20370370370370372,0.06969458554382035
Gemma-3-12B-IT,SciERC,C04-1036,exact_f1,0.060497101876412204,0.16239316239316237,0.04833248666414474
Gemma-3-12B-IT,SciERC,C04-1103,partial_f1,0.2257268020708881,0.5925925925925927,0.2051192218488481
Gemma-3-12B-IT,SciERC,C04-1103,exact_f1,0.21202708084428526,0.5185185185185186,0.173627323960453
Gemma-3-12B-IT,SciERC,C04-1106,partial_f1,0.05579110947532003,0.1410256410256411,0.045324735820216504
Gemma-3-12B-IT,SciERC,C04-1106,exact_f1,0.05579110947532003,0.1410256410256411,0.045324735820216504
Gemma-3-12B-IT,SciERC,C04-1128,partial_f1,0.11437681159420293,0.25000000000000006,0.08670797813327027
Gemma-3-12B-IT,SciERC,C04-1128,exact_f1,0.11437681159420293,0.25000000000000006,0.08670797813327027
Gemma-3-12B-IT,SciERC,C08-2010,partial_f1,0.07530864197530866,0.14814814814814817,0.06362817323484046
Gemma-3-12B-IT,SciERC,C08-2010,exact_f1,0.07530864197530866,0.14814814814814817,0.06362817323484046
Gemma-3-12B-IT,SciERC,C86-1081,partial_f1,0.06913086913086912,0.1818181818181818,0.06202125614874775
Gemma-3-12B-IT,SciERC,C86-1081,exact_f1,0.06913086913086912,0.1818181818181818,0.06202125614874775
Gemma-3-12B-IT,SciERC,C88-1044,partial_f1,0.16954248366013075,0.3137254901960784,0.13032979244760623
Gemma-3-12B-IT,SciERC,C88-1044,exact_f1,0.17562091503267974,0.29803921568627456,0.14153505733576632
Gemma-3-12B-IT,SciERC,C90-3045,partial_f1,0.22362132491164755,0.41724941724941733,0.17162628460983825
Gemma-3-12B-IT,SciERC,C90-3045,exact_f1,0.22362132491164755,0.41724941724941733,0.17162628460983825
Gemma-3-12B-IT,SciERC,C90-3063,partial_f1,0.09903240077153125,0.20285714285714296,0.07536021866691994
Gemma-3-12B-IT,SciERC,C90-3063,exact_f1,0.09903240077153125,0.20285714285714296,0.07536021866691994
Gemma-3-12B-IT,SciERC,C94-1091,partial_f1,0.125800051203277,0.3333333333333333,0.11542271137400108
Gemma-3-12B-IT,SciERC,C94-1091,exact_f1,0.104384280593958,0.2666666666666666,0.08865002439731151
Gemma-3-12B-IT,SciERC,C96-1062,partial_f1,0.0878697127862868,0.17130144605116804,0.06852284442552278
Gemma-3-12B-IT,SciERC,C96-1062,exact_f1,0.08756453038989195,0.15632754342431768,0.06840968726672021
Gemma-3-12B-IT,SciERC,CVPR_1993_10_abs,partial_f1,0.2901648059542797,0.4848484848484848,0.240592312816338
Gemma-3-12B-IT,SciERC,CVPR_1993_10_abs,exact_f1,0.2438064859117491,0.4242424242424242,0.19289767661333246
Gemma-3-12B-IT,SciERC,CVPR_1994_10_abs,partial_f1,0.12525685696417407,0.2271062271062272,0.10073849393315139
Gemma-3-12B-IT,SciERC,CVPR_1994_10_abs,exact_f1,0.15210697161916678,0.2783882783882785,0.11949997013261188
Gemma-3-12B-IT,SciERC,CVPR_1999_15_abs,partial_f1,0.03867907316183175,0.0763546798029556,0.03258250570909001
Gemma-3-12B-IT,SciERC,CVPR_1999_15_abs,exact_f1,0.03867907316183175,0.0763546798029556,0.03258250570909001
Gemma-3-12B-IT,SciERC,CVPR_2003_30_abs,partial_f1,0.03196143863552096,0.0625,0.024312874932727196
Gemma-3-12B-IT,SciERC,CVPR_2003_30_abs,exact_f1,0.027395518830446514,0.05357142857142849,0.02083960708519472
Gemma-3-12B-IT,SciERC,CVPR_2004_18_abs,partial_f1,0.18343508343508347,0.4206349206349207,0.15141211751639377
Gemma-3-12B-IT,SciERC,CVPR_2004_18_abs,exact_f1,0.13779677113010447,0.3903133903133903,0.13299437201415584
Gemma-3-12B-IT,SciERC,CVPR_2004_30_abs,partial_f1,0.10410830999066294,0.1761904761904762,0.08571434928362598
Gemma-3-12B-IT,SciERC,CVPR_2004_30_abs,exact_f1,0.06982259570494866,0.1190476190476191,0.05716629036254128
Gemma-3-12B-IT,SciERC,CVPR_2006_10_abs,partial_f1,0.11510759771629343,0.23188405797101463,0.08575582102138922
Gemma-3-12B-IT,SciERC,CVPR_2006_10_abs,exact_f1,0.10440429136081306,0.2391304347826086,0.08328267667382423
Gemma-3-12B-IT,SciERC,CVPR_2008_256_abs,partial_f1,0.3382825117033484,0.6037735849056604,0.26137489297564764
Gemma-3-12B-IT,SciERC,CVPR_2008_256_abs,exact_f1,0.31863093610427495,0.5660377358490567,0.24585077305960232
Gemma-3-12B-IT,SciERC,CVPR_2008_258_abs,partial_f1,0.2452848059670455,0.525925925925926,0.1846968244464139
Gemma-3-12B-IT,SciERC,CVPR_2008_258_abs,exact_f1,0.18347476031569473,0.4000000000000001,0.145759439103766
Gemma-3-12B-IT,SciERC,CVPR_2009_10_abs,partial_f1,0.36948139579718536,0.6428571428571429,0.29783661834672587
Gemma-3-12B-IT,SciERC,CVPR_2009_10_abs,exact_f1,0.3575766338924233,0.6071428571428571,0.29113252104943815
Gemma-3-12B-IT,SciERC,CVPR_2009_18_abs,partial_f1,0.1907225565762151,0.5454545454545454,0.19496967862051692
Gemma-3-12B-IT,SciERC,CVPR_2009_18_abs,exact_f1,0.17602153943617355,0.4878048780487805,0.166583871196218
Gemma-3-12B-IT,SciERC,CVPR_2010_30_abs,partial_f1,0.34607843137254896,0.5882352941176471,0.28566804717984534
Gemma-3-12B-IT,SciERC,CVPR_2010_30_abs,exact_f1,0.33137254901960783,0.5625,0.2676903739280387
Gemma-3-12B-IT,SciERC,CVPR_2011_10_abs,partial_f1,0.08249678249678247,0.18571428571428572,0.06271820846417658
Gemma-3-12B-IT,SciERC,CVPR_2011_10_abs,exact_f1,0.08279136279136283,0.18412698412698414,0.06302068705980621
Gemma-3-12B-IT,SciERC,CVPR_2011_11_abs,partial_f1,0.12899367574290171,0.3157894736842105,0.09693490593088017
Gemma-3-12B-IT,SciERC,CVPR_2011_11_abs,exact_f1,0.06809998853342504,0.1578947368421052,0.056453328236983645
Gemma-3-12B-IT,SciERC,CVPR_2016_413_abs,partial_f1,0.05324675324675326,0.11428571428571432,0.03976280744581086
Gemma-3-12B-IT,SciERC,CVPR_2016_413_abs,exact_f1,0.07288239538239542,0.1419913419913421,0.05596680925188644
Gemma-3-12B-IT,SciERC,E06-1022,partial_f1,0.1247536231884058,0.32608695652173914,0.11357363604487111
Gemma-3-12B-IT,SciERC,E06-1022,exact_f1,0.1247536231884058,0.32608695652173914,0.11357363604487111
Gemma-3-12B-IT,SciERC,E89-1016,partial_f1,0.2706481481481482,0.5,0.21010116712828944
Gemma-3-12B-IT,SciERC,E89-1016,exact_f1,0.17962962962962967,0.3333333333333333,0.14348117793807164
Gemma-3-12B-IT,SciERC,E91-1012,partial_f1,0.07070707070707073,0.1306818181818182,0.05475708919827283
Gemma-3-12B-IT,SciERC,E91-1012,exact_f1,0.07070707070707073,0.1306818181818182,0.05475708919827283
Gemma-3-12B-IT,SciERC,E93-1066,partial_f1,0.24048522389985807,0.4878048780487805,0.18417036434125794
Gemma-3-12B-IT,SciERC,E93-1066,exact_f1,0.2147012517744225,0.4390243902439025,0.16824217003024133
Gemma-3-12B-IT,SciERC,E95-1033,partial_f1,0.1573856209150327,0.3529411764705882,0.11889677560103676
Gemma-3-12B-IT,SciERC,E95-1033,exact_f1,0.1573856209150327,0.3529411764705882,0.11889677560103676
Gemma-3-12B-IT,SciERC,E99-1015,partial_f1,0.04833333333333333,0.125,0.0422363461700089
Gemma-3-12B-IT,SciERC,E99-1015,exact_f1,0.04833333333333333,0.125,0.0422363461700089
Gemma-3-12B-IT,SciERC,ECCV_2006_13_abs,partial_f1,0.23733333333333329,0.3999999999999999,0.19379255804998172
Gemma-3-12B-IT,SciERC,ECCV_2006_13_abs,exact_f1,0.18327272727272728,0.3272727272727272,0.14525238476552957
Gemma-3-12B-IT,SciERC,ECCV_2012_30_abs,partial_f1,0.08667318344737701,0.18181818181818182,0.06647515625085963
Gemma-3-12B-IT,SciERC,ECCV_2012_30_abs,exact_f1,0.12303681981101335,0.24242424242424243,0.09313754173599627
Gemma-3-12B-IT,SciERC,ECCV_2016_110_abs,partial_f1,0.07538126361655771,0.13725490196078427,0.06054332562784423
Gemma-3-12B-IT,SciERC,ECCV_2016_110_abs,exact_f1,0.11938997821350762,0.2222222222222222,0.10331943966343683
Gemma-3-12B-IT,SciERC,ECCV_2016_204_abs,partial_f1,0.28548752834467117,0.4897959183673469,0.23464491969123674
Gemma-3-12B-IT,SciERC,ECCV_2016_204_abs,exact_f1,0.26077097505668934,0.4489795918367347,0.21399006587731548
Gemma-3-12B-IT,SciERC,ECCV_2016_212_abs,partial_f1,0.34384119269535607,0.5862068965517242,0.2819496161000672
Gemma-3-12B-IT,SciERC,ECCV_2016_212_abs,exact_f1,0.302297825217632,0.5172413793103449,0.24748586838612743
Gemma-3-12B-IT,SciERC,ECCV_2016_99_abs,partial_f1,0.377037037037037,0.7,0.31696974883027146
Gemma-3-12B-IT,SciERC,ECCV_2016_99_abs,exact_f1,0.32211640211640213,0.6,0.2565062776065239
Gemma-3-12B-IT,SciERC,H01-1042,partial_f1,0.2635294117647059,0.45,0.21131488172571833
Gemma-3-12B-IT,SciERC,H01-1042,exact_f1,0.14901960784313725,0.25,0.12264701963918434
Gemma-3-12B-IT,SciERC,H01-1049,partial_f1,0.1766009852216749,0.3571428571428571,0.13249922233638897
Gemma-3-12B-IT,SciERC,H01-1049,exact_f1,0.15338669950738917,0.2857142857142857,0.11597848465392062
Gemma-3-12B-IT,SciERC,H05-1095,partial_f1,0.04992132505175984,0.11826086956521742,0.037939460056209566
Gemma-3-12B-IT,SciERC,H05-1095,exact_f1,0.061051759834368474,0.12521739130434772,0.04826221911636576
Gemma-3-12B-IT,SciERC,I05-4010,partial_f1,0.12723508375682288,0.3105590062111801,0.10703012146544921
Gemma-3-12B-IT,SciERC,I05-4010,exact_f1,0.12723508375682288,0.3105590062111801,0.10703012146544921
Gemma-3-12B-IT,SciERC,I05-5003,partial_f1,0.3680417259364628,0.631578947368421,0.3012578732666327
Gemma-3-12B-IT,SciERC,I05-5003,exact_f1,0.3350403034613561,0.5945945945945945,0.2680606647614098
Gemma-3-12B-IT,SciERC,I05-5004,partial_f1,0.15964912280701754,0.2777777777777778,0.13041230689239
Gemma-3-12B-IT,SciERC,I05-5004,exact_f1,0.09298245614035079,0.16666666666666652,0.07507562617817401
Gemma-3-12B-IT,SciERC,ICASSP_1997_706_abs,partial_f1,0.3282170542635658,0.6046511627906976,0.2576411722131651
Gemma-3-12B-IT,SciERC,ICASSP_1997_706_abs,exact_f1,0.3161631822096938,0.6046511627906976,0.24666004502875621
Gemma-3-12B-IT,SciERC,ICASSP_2016_11_abs,partial_f1,0.1969294875735038,0.5294117647058824,0.1575859003977822
Gemma-3-12B-IT,SciERC,ICASSP_2016_11_abs,exact_f1,0.14372246808859387,0.3529411764705882,0.1092073601736911
Gemma-3-12B-IT,SciERC,ICCV_2001_47_abs,partial_f1,0.2986341823551125,0.5238095238095238,0.24312879325753098
Gemma-3-12B-IT,SciERC,ICCV_2001_47_abs,exact_f1,0.22967884828349944,0.4285714285714285,0.18320099557236622
Gemma-3-12B-IT,SciERC,ICCV_2003_151_abs,partial_f1,0.29960218992477056,0.523076923076923,0.23714333949216918
Gemma-3-12B-IT,SciERC,ICCV_2003_151_abs,exact_f1,0.2101224939934617,0.3692307692307692,0.1663068562958026
Gemma-3-12B-IT,SciERC,ICCV_2003_161_abs,partial_f1,0.06060335643880441,0.14932680538555687,0.045765119101389556
Gemma-3-12B-IT,SciERC,ICCV_2003_161_abs,exact_f1,0.04667504176116887,0.10281517747858021,0.03706703482220985
Gemma-3-12B-IT,SciERC,ICCV_2013_25_abs,partial_f1,0.08289958407605467,0.20432900432900436,0.06537546393366259
Gemma-3-12B-IT,SciERC,ICCV_2013_25_abs,exact_f1,0.08289958407605467,0.20432900432900436,0.06537546393366259
Gemma-3-12B-IT,SciERC,ICCV_2013_47_abs,partial_f1,0.3577430972388955,0.6274509803921569,0.2824009142158088
Gemma-3-12B-IT,SciERC,ICCV_2013_47_abs,exact_f1,0.3211951447245565,0.5714285714285715,0.25283980640168535
Gemma-3-12B-IT,SciERC,ICML_1995_38_abs,partial_f1,0.04314102564102563,0.0769230769230769,0.03461460146048759
Gemma-3-12B-IT,SciERC,ICML_1995_38_abs,exact_f1,0.04314102564102563,0.0769230769230769,0.03461460146048759
Gemma-3-12B-IT,SciERC,ICML_2006_119_abs,partial_f1,0.3304347826086956,0.5652173913043479,0.26446793609992264
Gemma-3-12B-IT,SciERC,ICML_2006_119_abs,exact_f1,0.25217391304347825,0.4347826086956521,0.2004248795063671
Gemma-3-12B-IT,SciERC,ICML_2016_10_abs,partial_f1,0.03428505737277673,0.06267806267806281,0.02635723240572401
Gemma-3-12B-IT,SciERC,ICML_2016_10_abs,exact_f1,0.04474302565530635,0.08576998050682258,0.03415192452924407
Gemma-3-12B-IT,SciERC,ICML_2016_11_abs,partial_f1,0.20308793554496282,0.3809523809523809,0.16144998097079308
Gemma-3-12B-IT,SciERC,ICML_2016_11_abs,exact_f1,0.1551639462660696,0.2857142857142857,0.12711191477318484
Gemma-3-12B-IT,SciERC,ICML_2016_18_abs,partial_f1,0.1913419913419913,0.5454545454545455,0.19255671313705663
Gemma-3-12B-IT,SciERC,ICML_2016_18_abs,exact_f1,0.17619047619047615,0.5,0.17530796148030567
Gemma-3-12B-IT,SciERC,INTERSPEECH_2006_21_abs,partial_f1,0.19068330362448005,0.4848484848484848,0.1650692435160282
Gemma-3-12B-IT,SciERC,INTERSPEECH_2006_21_abs,exact_f1,0.21290552584670225,0.4848484848484848,0.17222119696108187
Gemma-3-12B-IT,SciERC,INTERSPEECH_2007_40_abs,partial_f1,0.015151515151515174,0.045454545454545525,0.016939908920452978
Gemma-3-12B-IT,SciERC,INTERSPEECH_2007_40_abs,exact_f1,0.012626262626262633,0.0378787878787879,0.014116590767044135
Gemma-3-12B-IT,SciERC,INTERSPEECH_2008_20_abs,partial_f1,0.12777777777777777,0.25,0.10111263735111829
Gemma-3-12B-IT,SciERC,INTERSPEECH_2008_20_abs,exact_f1,0.12777777777777777,0.25,0.10111263735111829
Gemma-3-12B-IT,SciERC,INTERSPEECH_2008_28_abs,partial_f1,0.26211532531606535,0.4782608695652174,0.20699848816331662
Gemma-3-12B-IT,SciERC,INTERSPEECH_2008_28_abs,exact_f1,0.2157302908829273,0.3913043478260869,0.16898121175994282
Gemma-3-12B-IT,SciERC,INTERSPEECH_2013_21_abs,partial_f1,0.2565937365937365,0.4864864864864864,0.20134450857083666
Gemma-3-12B-IT,SciERC,INTERSPEECH_2013_21_abs,exact_f1,0.21321321321321315,0.4,0.1678367068049839
Gemma-3-12B-IT,SciERC,INTERSPEECH_2014_40_abs,partial_f1,0.2555555555555556,0.5,0.21280986232278384
Gemma-3-12B-IT,SciERC,INTERSPEECH_2014_40_abs,exact_f1,0.24444444444444444,0.5,0.19594542163553638
Gemma-3-12B-IT,SciERC,J05-4003,partial_f1,0.36954156954156947,0.6666666666666666,0.2898254560153506
Gemma-3-12B-IT,SciERC,J05-4003,exact_f1,0.20519727186393852,0.3703703703703704,0.16495061167797145
Gemma-3-12B-IT,SciERC,J82-3002,partial_f1,0.14215705441511892,0.26588465298142716,0.11226563974383952
Gemma-3-12B-IT,SciERC,J82-3002,exact_f1,0.14215705441511892,0.26588465298142716,0.11226563974383952
Gemma-3-12B-IT,SciERC,J86-3001,partial_f1,0.15775816169258788,0.2666666666666666,0.12933645157180024
Gemma-3-12B-IT,SciERC,J86-3001,exact_f1,0.14914950259212553,0.2666666666666666,0.11957529523222117
Gemma-3-12B-IT,SciERC,J86-4002,partial_f1,0.12173913043478261,0.2222222222222222,0.10052488911441938
Gemma-3-12B-IT,SciERC,J86-4002,exact_f1,0.07938808373590982,0.1666666666666666,0.060954122100349103
Gemma-3-12B-IT,SciERC,N03-1026,partial_f1,0.3550877192982455,0.6,0.288765747839437
Gemma-3-12B-IT,SciERC,N03-1026,exact_f1,0.3149122807017544,0.5500000000000002,0.25493173456635804
Gemma-3-12B-IT,SciERC,N03-1033,partial_f1,0.09465148378191861,0.1920289855072464,0.0719904788479463
Gemma-3-12B-IT,SciERC,N03-1033,exact_f1,0.08409247757073839,0.1490683229813664,0.06485379647055124
Gemma-3-12B-IT,SciERC,N04-1022,partial_f1,0.08929211469534055,0.2291666666666668,0.07028170912942727
Gemma-3-12B-IT,SciERC,N04-1022,exact_f1,0.07038530465949823,0.1708333333333334,0.060507533039141984
Gemma-3-12B-IT,SciERC,N06-1037,partial_f1,0.12370750237416908,0.23076923076923084,0.0935803934016711
Gemma-3-12B-IT,SciERC,N06-1037,exact_f1,0.12370750237416908,0.23076923076923084,0.0935803934016711
Gemma-3-12B-IT,SciERC,NIPS_2001_11_abs,partial_f1,0.25193107546048726,0.6470588235294118,0.21685590718403433
Gemma-3-12B-IT,SciERC,NIPS_2001_11_abs,exact_f1,0.2357694592988711,0.5294117647058824,0.18565917883065536
Gemma-3-12B-IT,SciERC,NIPS_2002_11_abs,partial_f1,0.01578947368421051,0.02631578947368418,0.01315789473684209
Gemma-3-12B-IT,SciERC,NIPS_2002_11_abs,exact_f1,0.01578947368421051,0.02631578947368418,0.01315789473684209
Gemma-3-12B-IT,SciERC,NIPS_2002_18_abs,partial_f1,0.04523531640773023,0.10482758620689658,0.03352504380749883
Gemma-3-12B-IT,SciERC,NIPS_2002_18_abs,exact_f1,0.031933813313123637,0.07999999999999999,0.02539281365108076
Gemma-3-12B-IT,SciERC,NIPS_2015_18_abs,partial_f1,0.26583552899342366,0.5789473684210527,0.1991755597959378
Gemma-3-12B-IT,SciERC,NIPS_2015_18_abs,exact_f1,0.2501638712165028,0.5263157894736842,0.18683835874793156
Gemma-3-12B-IT,SciERC,NIPS_2016_560_abs,partial_f1,0.1756978653530377,0.3571428571428571,0.13863054696766722
Gemma-3-12B-IT,SciERC,NIPS_2016_560_abs,exact_f1,0.15188834154351397,0.2857142857142857,0.12046674118028684
Gemma-3-12B-IT,SciERC,NIPS_2016_80_abs,partial_f1,0.13514797845832327,0.3146853146853147,0.10058805513980226
Gemma-3-12B-IT,SciERC,NIPS_2016_80_abs,exact_f1,0.17587313155129244,0.3973063973063973,0.1374934499413964
Gemma-3-12B-IT,SciERC,P01-1056,partial_f1,0.18901270772238513,0.5161290322580646,0.17741426521382964
Gemma-3-12B-IT,SciERC,P01-1056,exact_f1,0.1820527859237536,0.4516129032258064,0.15607068041717087
Gemma-3-12B-IT,SciERC,P03-1070,partial_f1,0.2627822341057635,0.5375000000000001,0.19818745938028573
Gemma-3-12B-IT,SciERC,P03-1070,exact_f1,0.16204693998811648,0.3500000000000001,0.12249826209883302
Gemma-3-12B-IT,SciERC,P04-2005,partial_f1,0.24204767619401762,0.6486486486486486,0.22837260728956463
Gemma-3-12B-IT,SciERC,P04-2005,exact_f1,0.2615598713159688,0.6486486486486486,0.2222504034799876
Gemma-3-12B-IT,SciERC,P05-1039,partial_f1,0.05844155844155848,0.13636363636363646,0.046486432023624555
Gemma-3-12B-IT,SciERC,P05-1039,exact_f1,0.07619047619047623,0.17142857142857149,0.06176315890052726
Gemma-3-12B-IT,SciERC,P05-1046,partial_f1,0.4011204481792718,0.6857142857142857,0.3302234706753313
Gemma-3-12B-IT,SciERC,P05-1046,exact_f1,0.4011204481792718,0.6857142857142857,0.3302234706753313
Gemma-3-12B-IT,SciERC,P05-1056,partial_f1,0.21210350896902969,0.4888888888888889,0.17149191333370048
Gemma-3-12B-IT,SciERC,P05-1056,exact_f1,0.13226978242145074,0.3555555555555555,0.12416830347027445
Gemma-3-12B-IT,SciERC,P05-1076,partial_f1,0.2822057351469116,0.4864864864864864,0.22635540506936194
Gemma-3-12B-IT,SciERC,P05-1076,exact_f1,0.20103044220691274,0.3529411764705882,0.16067373319498915
Gemma-3-12B-IT,SciERC,P05-2013,partial_f1,0.006315789473684214,0.01052631578947369,0.005263157894736845
Gemma-3-12B-IT,SciERC,P05-2013,exact_f1,0.006315789473684214,0.01052631578947369,0.005263157894736845
Gemma-3-12B-IT,SciERC,P06-1013,partial_f1,0.0,0.0,1.1102230246251565e-16
Gemma-3-12B-IT,SciERC,P06-1013,exact_f1,0.050000000000000086,0.08333333333333348,0.04166666666666674
Gemma-3-12B-IT,SciERC,P06-1018,partial_f1,0.17557836428804172,0.3225806451612903,0.14327521734006987
Gemma-3-12B-IT,SciERC,P06-1018,exact_f1,0.17557836428804172,0.3225806451612903,0.14327521734006987
Gemma-3-12B-IT,SciERC,P06-1053,partial_f1,0.23302591128678082,0.4545454545454546,0.174168172831932
Gemma-3-12B-IT,SciERC,P06-1053,exact_f1,0.23302591128678082,0.4545454545454546,0.174168172831932
Gemma-3-12B-IT,SciERC,P06-2012,partial_f1,0.07331922398589065,0.17195767195767186,0.05737435687940521
Gemma-3-12B-IT,SciERC,P06-2012,exact_f1,0.1134109347442681,0.2400000000000001,0.09267663943970254
Gemma-3-12B-IT,SciERC,P06-3007,partial_f1,0.0610893246187364,0.14379084967320266,0.051374101214444724
Gemma-3-12B-IT,SciERC,P06-3007,exact_f1,0.0610893246187364,0.14379084967320266,0.051374101214444724
Gemma-3-12B-IT,SciERC,P06-4007,partial_f1,0.13802521008403362,0.23529411764705882,0.11246924275356154
Gemma-3-12B-IT,SciERC,P06-4007,exact_f1,0.06743697478991595,0.1176470588235294,0.05391844228631906
Gemma-3-12B-IT,SciERC,P08-1105,partial_f1,0.09382127728901928,0.23106060606060608,0.07176031825977654
Gemma-3-12B-IT,SciERC,P08-1105,exact_f1,0.0736192570869991,0.17045454545454553,0.057891822341426216
Gemma-3-12B-IT,SciERC,P83-1004,partial_f1,0.1130325814536341,0.1947368421052632,0.09272886603677463
Gemma-3-12B-IT,SciERC,P83-1004,exact_f1,0.08477861319966583,0.1804511278195488,0.06726910212459983
Gemma-3-12B-IT,SciERC,P85-1019,partial_f1,0.1763209121245829,0.3375,0.13278772867286712
Gemma-3-12B-IT,SciERC,P85-1019,exact_f1,0.1763209121245829,0.3375,0.13278772867286712
Gemma-3-12B-IT,SciERC,P86-1011,partial_f1,0.008080808080808103,0.015151515151515194,0.007142492739258076
Gemma-3-12B-IT,SciERC,P86-1011,exact_f1,0.10505050505050502,0.1818181818181818,0.08600700184811312
Gemma-3-12B-IT,SciERC,W02-1602,partial_f1,0.15829536317341192,0.2926829268292683,0.125007237999832
Gemma-3-12B-IT,SciERC,W02-1602,exact_f1,0.13423270496441225,0.2439024390243902,0.10411398108122333
Gemma-3-12B-IT,SciERC,X96-1059,partial_f1,0.23585858585858582,0.4166666666666666,0.19147426496387115
Gemma-3-12B-IT,SciERC,X96-1059,exact_f1,0.21616161616161617,0.3636363636363636,0.17705604184806165
Mistral-7B-Instruct-v0.3,EBM-NLP,10070173,partial_f1,0.1259423503325942,0.3414634146341463,0.11688974559331389
Mistral-7B-Instruct-v0.3,EBM-NLP,10070173,exact_f1,0.06504065040650406,0.1951219512195122,0.07271765780487122
Mistral-7B-Instruct-v0.3,EBM-NLP,10390665,partial_f1,0.12641975308641973,0.32,0.11317156749140717
Mistral-7B-Instruct-v0.3,EBM-NLP,10390665,exact_f1,0.05333333333333334,0.16,0.05962847939999439
Mistral-7B-Instruct-v0.3,EBM-NLP,10475150,partial_f1,0.07219512195121952,0.1203252032520325,0.06016260162601625
Mistral-7B-Instruct-v0.3,EBM-NLP,10475150,exact_f1,0.07479674796747973,0.1246612466124662,0.062330623306233096
Mistral-7B-Instruct-v0.3,EBM-NLP,10578479,partial_f1,0.08484057971014493,0.24,0.07318155370421216
Mistral-7B-Instruct-v0.3,EBM-NLP,10578479,exact_f1,0.06583333333333334,0.16,0.05951919624980014
Mistral-7B-Instruct-v0.3,EBM-NLP,10589810,partial_f1,0.08678401377251953,0.1718518518518519,0.06743594341400809
Mistral-7B-Instruct-v0.3,EBM-NLP,10589810,exact_f1,0.07042003377635561,0.1630769230769231,0.0529565973460735
Mistral-7B-Instruct-v0.3,EBM-NLP,10752495,partial_f1,0.16633597883597886,0.3055555555555556,0.12598088817802092
Mistral-7B-Instruct-v0.3,EBM-NLP,10752495,exact_f1,0.08002645502645502,0.1428571428571428,0.06382617804765701
Mistral-7B-Instruct-v0.3,EBM-NLP,10763172,partial_f1,0.06937015232221287,0.12615643397813292,0.05429372142775639
Mistral-7B-Instruct-v0.3,EBM-NLP,10763172,exact_f1,0.008299224371554064,0.020185029436501294,0.0069196570918394215
Mistral-7B-Instruct-v0.3,EBM-NLP,10764172,partial_f1,0.11838264577037506,0.2788671023965142,0.09631488684068025
Mistral-7B-Instruct-v0.3,EBM-NLP,10764172,exact_f1,0.0749923864408368,0.1612200435729848,0.05686381255799905
Mistral-7B-Instruct-v0.3,EBM-NLP,10912743,partial_f1,0.040130240130240094,0.0793650793650793,0.03375221272261399
Mistral-7B-Instruct-v0.3,EBM-NLP,10912743,exact_f1,0.04615384615384613,0.0769230769230769,0.03846153846153845
Mistral-7B-Instruct-v0.3,EBM-NLP,10934569,partial_f1,0.08103338992642896,0.15999999999999992,0.060843065058339287
Mistral-7B-Instruct-v0.3,EBM-NLP,10934569,exact_f1,0.026634219958498347,0.050526315789473586,0.02030584079794297
Mistral-7B-Instruct-v0.3,EBM-NLP,10940525,partial_f1,0.046497285272188625,0.09855618330194599,0.03515243373179708
Mistral-7B-Instruct-v0.3,EBM-NLP,10940525,exact_f1,0.0025980537918408753,0.005317381189764103,0.0019602509770577504
Mistral-7B-Instruct-v0.3,EBM-NLP,11099086,partial_f1,0.023418003565062396,0.0625,0.022414446569566916
Mistral-7B-Instruct-v0.3,EBM-NLP,11099086,exact_f1,0.035628342245989306,0.0625,0.028274700918697198
Mistral-7B-Instruct-v0.3,EBM-NLP,11229858,partial_f1,0.14911297852474314,0.32352941176470584,0.11158699845054587
Mistral-7B-Instruct-v0.3,EBM-NLP,11229858,exact_f1,0.10572362278244637,0.2500000000000001,0.07893238656823266
Mistral-7B-Instruct-v0.3,EBM-NLP,1131298,partial_f1,0.0881478674582123,0.1970443349753695,0.06585080116022587
Mistral-7B-Instruct-v0.3,EBM-NLP,1131298,exact_f1,0.04878531430255566,0.1379310344827586,0.04028897189838268
Mistral-7B-Instruct-v0.3,EBM-NLP,11317090,partial_f1,0.093640350877193,0.24342105263157898,0.08903380486933388
Mistral-7B-Instruct-v0.3,EBM-NLP,11317090,exact_f1,0.07763157894736841,0.1578947368421052,0.058649469825948805
Mistral-7B-Instruct-v0.3,EBM-NLP,11381289,partial_f1,0.06666666666666668,0.1111111111111111,0.05555555555555555
Mistral-7B-Instruct-v0.3,EBM-NLP,11381289,exact_f1,0.0,0.0,1.3877787807814457e-17
Mistral-7B-Instruct-v0.3,EBM-NLP,11401641,partial_f1,0.024609975829488057,0.05405405405405411,0.02046150133444119
Mistral-7B-Instruct-v0.3,EBM-NLP,11401641,exact_f1,0.02168265826802409,0.0555555555555555,0.019272242570510602
Mistral-7B-Instruct-v0.3,EBM-NLP,11454878,partial_f1,0.0821201646603043,0.16341923318667498,0.06179959342823902
Mistral-7B-Instruct-v0.3,EBM-NLP,11454878,exact_f1,0.08869023101869239,0.17380660954712362,0.06871175054633454
Mistral-7B-Instruct-v0.3,EBM-NLP,11495215,partial_f1,0.06574074074074074,0.1597222222222222,0.05942360024533997
Mistral-7B-Instruct-v0.3,EBM-NLP,11495215,exact_f1,0.0,0.0,0.0
Mistral-7B-Instruct-v0.3,EBM-NLP,11642083,partial_f1,0.07397583259652227,0.1794871794871795,0.05652815386643677
Mistral-7B-Instruct-v0.3,EBM-NLP,11642083,exact_f1,0.029885057471264354,0.0769230769230769,0.02724129178250025
Mistral-7B-Instruct-v0.3,EBM-NLP,11737955,partial_f1,0.10849854163945845,0.3136842105263158,0.0975711538055241
Mistral-7B-Instruct-v0.3,EBM-NLP,11737955,exact_f1,0.11341430499325235,0.2,0.0867334826670688
Mistral-7B-Instruct-v0.3,EBM-NLP,11750293,partial_f1,0.11419103313840157,0.2888888888888889,0.08979824725904234
Mistral-7B-Instruct-v0.3,EBM-NLP,11750293,exact_f1,0.10783625730994152,0.2666666666666666,0.08636181596672543
Mistral-7B-Instruct-v0.3,EBM-NLP,11829043,partial_f1,0.2261155136717356,0.4372670807453417,0.1754024397258922
Mistral-7B-Instruct-v0.3,EBM-NLP,11829043,exact_f1,0.20897170462387848,0.3809523809523809,0.16643038288592485
Mistral-7B-Instruct-v0.3,EBM-NLP,11891832,partial_f1,0.11132275132275128,0.28095238095238084,0.08554591864262766
Mistral-7B-Instruct-v0.3,EBM-NLP,11891832,exact_f1,0.07957671957671958,0.1857142857142857,0.06251675960169843
Mistral-7B-Instruct-v0.3,EBM-NLP,12139812,partial_f1,0.1464867978025873,0.33918128654970764,0.10859680999942017
Mistral-7B-Instruct-v0.3,EBM-NLP,12139812,exact_f1,0.11889952153110048,0.3157894736842105,0.09765151207531725
Mistral-7B-Instruct-v0.3,EBM-NLP,12477021,partial_f1,0.21808561808561816,0.4603174603174604,0.1638781062567254
Mistral-7B-Instruct-v0.3,EBM-NLP,12477021,exact_f1,0.030303030303030297,0.0909090909090909,0.03387981784090591
Mistral-7B-Instruct-v0.3,EBM-NLP,12576806,partial_f1,0.14057204202131737,0.2701863354037267,0.106887110718761
Mistral-7B-Instruct-v0.3,EBM-NLP,12576806,exact_f1,0.08553791887125217,0.1666666666666666,0.07177745917442925
Mistral-7B-Instruct-v0.3,EBM-NLP,12586799,partial_f1,0.07451466504098088,0.14887218045112788,0.05594170373173308
Mistral-7B-Instruct-v0.3,EBM-NLP,12586799,exact_f1,0.05708866761498339,0.1081081081081081,0.04357445628896257
Mistral-7B-Instruct-v0.3,EBM-NLP,12595499,partial_f1,0.12214122914122916,0.2211538461538462,0.094940691498987
Mistral-7B-Instruct-v0.3,EBM-NLP,12595499,exact_f1,0.03750359517026181,0.07122507122507121,0.02976260849130183
Mistral-7B-Instruct-v0.3,EBM-NLP,12709693,partial_f1,0.07925433857849382,0.1601307189542484,0.06275613781273345
Mistral-7B-Instruct-v0.3,EBM-NLP,12709693,exact_f1,0.12254991103551811,0.22649572649572658,0.10252647652514808
Mistral-7B-Instruct-v0.3,EBM-NLP,1286547,partial_f1,0.13674055829228243,0.2471264367816093,0.10894689466407949
Mistral-7B-Instruct-v0.3,EBM-NLP,1286547,exact_f1,0.035488505747126434,0.0689655172413793,0.031042879478178836
Mistral-7B-Instruct-v0.3,EBM-NLP,12960652,partial_f1,0.11526206768142257,0.20995670995671,0.09178396131278704
Mistral-7B-Instruct-v0.3,EBM-NLP,12960652,exact_f1,0.039928664525438716,0.09956709956709961,0.03073224713405823
Mistral-7B-Instruct-v0.3,EBM-NLP,1459268,partial_f1,0.15052123061276382,0.3884057971014493,0.1178300364587763
Mistral-7B-Instruct-v0.3,EBM-NLP,1459268,exact_f1,0.08019323671497582,0.1739130434782608,0.0695840390235506
Mistral-7B-Instruct-v0.3,EBM-NLP,14679127,partial_f1,0.059021189120809635,0.1286764705882353,0.04657039343484492
Mistral-7B-Instruct-v0.3,EBM-NLP,14679127,exact_f1,0.04668458781362008,0.125,0.037284089147101185
Mistral-7B-Instruct-v0.3,EBM-NLP,14739125,partial_f1,0.2962527094224149,0.5542521994134897,0.23042131310445932
Mistral-7B-Instruct-v0.3,EBM-NLP,14739125,exact_f1,0.256282459943049,0.45849802371541515,0.1973976596401534
Mistral-7B-Instruct-v0.3,EBM-NLP,14763035,partial_f1,0.121968706674589,0.22994652406417113,0.09429904146847733
Mistral-7B-Instruct-v0.3,EBM-NLP,14763035,exact_f1,0.06954022012845541,0.1209150326797386,0.05639593399209808
Mistral-7B-Instruct-v0.3,EBM-NLP,15014018,partial_f1,0.07514823593254963,0.1373626373626373,0.057215454295809876
Mistral-7B-Instruct-v0.3,EBM-NLP,15014018,exact_f1,0.04201680672268906,0.0714285714285714,0.03387503255587625
Mistral-7B-Instruct-v0.3,EBM-NLP,15133359,partial_f1,0.10468374218374214,0.2222222222222222,0.07924368449966598
Mistral-7B-Instruct-v0.3,EBM-NLP,15133359,exact_f1,0.07576158409491741,0.1428571428571428,0.05839837055311525
Mistral-7B-Instruct-v0.3,EBM-NLP,15193668,partial_f1,0.1312722365353944,0.2615384615384615,0.1093053303353862
Mistral-7B-Instruct-v0.3,EBM-NLP,15193668,exact_f1,0.06764568764568764,0.1538461538461538,0.05433481396804892
Mistral-7B-Instruct-v0.3,EBM-NLP,15358868,partial_f1,0.12422035480859014,0.24089635854341743,0.09838576428368655
Mistral-7B-Instruct-v0.3,EBM-NLP,15358868,exact_f1,0.03845004668534081,0.1047619047619048,0.03487457454532712
Mistral-7B-Instruct-v0.3,EBM-NLP,15848261,partial_f1,0.2961997054855867,0.596590909090909,0.2279348578475138
Mistral-7B-Instruct-v0.3,EBM-NLP,15848261,exact_f1,0.2606513160276601,0.5161290322580645,0.19642805976995953
Mistral-7B-Instruct-v0.3,EBM-NLP,15854186,partial_f1,0.07127191648930782,0.19636363636363646,0.057533589531118645
Mistral-7B-Instruct-v0.3,EBM-NLP,15854186,exact_f1,0.07841086449782099,0.1661538461538461,0.058914972698127246
Mistral-7B-Instruct-v0.3,EBM-NLP,15858959,partial_f1,0.0346618625277162,0.0617886178861789,0.027676349866964135
Mistral-7B-Instruct-v0.3,EBM-NLP,15858959,exact_f1,0.056505296871150544,0.1345158906134516,0.04915367027679865
Mistral-7B-Instruct-v0.3,EBM-NLP,16055807,partial_f1,0.10555555555555554,0.25,0.08893228107545623
Mistral-7B-Instruct-v0.3,EBM-NLP,16055807,exact_f1,0.09388888888888888,0.20833333333333331,0.07565585436064931
Mistral-7B-Instruct-v0.3,EBM-NLP,16167234,partial_f1,0.12285635511441967,0.22043010752688177,0.0986334776078
Mistral-7B-Instruct-v0.3,EBM-NLP,16167234,exact_f1,0.09203198235456297,0.17473118279569888,0.06881193788481235
Mistral-7B-Instruct-v0.3,EBM-NLP,16295154,partial_f1,0.09153185995291256,0.18181818181818177,0.06849583757082871
Mistral-7B-Instruct-v0.3,EBM-NLP,16295154,exact_f1,0.08015873015873014,0.1818181818181818,0.06243925979118868
Mistral-7B-Instruct-v0.3,EBM-NLP,16427787,partial_f1,0.07374210330732063,0.1337792642140467,0.055714659776414745
Mistral-7B-Instruct-v0.3,EBM-NLP,16427787,exact_f1,0.04211073950204384,0.0769230769230769,0.032599351150825656
Mistral-7B-Instruct-v0.3,EBM-NLP,16505427,partial_f1,0.07301587301587302,0.1523809523809524,0.05467066201889807
Mistral-7B-Instruct-v0.3,EBM-NLP,16505427,exact_f1,0.0765323565323565,0.1538461538461538,0.057464032754035076
Mistral-7B-Instruct-v0.3,EBM-NLP,1669598,partial_f1,0.10093189964157702,0.1866666666666666,0.07868133797226662
Mistral-7B-Instruct-v0.3,EBM-NLP,1669598,exact_f1,0.05634408602150535,0.1290322580645161,0.04951558095216449
Mistral-7B-Instruct-v0.3,EBM-NLP,17293018,partial_f1,0.051610551517984875,0.1102150537634408,0.043451202714040675
Mistral-7B-Instruct-v0.3,EBM-NLP,17293018,exact_f1,0.03193588054457619,0.0909090909090909,0.03209083421523388
Mistral-7B-Instruct-v0.3,EBM-NLP,17321989,partial_f1,0.18108850289495448,0.3199999999999999,0.14198287975316282
Mistral-7B-Instruct-v0.3,EBM-NLP,17321989,exact_f1,0.0797132616487455,0.1333333333333333,0.06596540255384854
Mistral-7B-Instruct-v0.3,EBM-NLP,17616069,partial_f1,0.22209445479745804,0.3918495297805642,0.16974538021553998
Mistral-7B-Instruct-v0.3,EBM-NLP,17616069,exact_f1,0.11718744733205243,0.2068965517241379,0.09135902446287594
Mistral-7B-Instruct-v0.3,EBM-NLP,1780092,partial_f1,0.04202429149797573,0.10256410256410262,0.03654735450399612
Mistral-7B-Instruct-v0.3,EBM-NLP,1780092,exact_f1,0.09775078722447143,0.2230769230769231,0.07655986268551467
Mistral-7B-Instruct-v0.3,EBM-NLP,17897478,partial_f1,0.12462274567537722,0.2284382284382284,0.10381554148081487
Mistral-7B-Instruct-v0.3,EBM-NLP,17897478,exact_f1,0.08022737496421704,0.14452214452214449,0.06475232217419
Mistral-7B-Instruct-v0.3,EBM-NLP,18077611,partial_f1,0.08722519310754606,0.1757575757575758,0.06828953286854815
Mistral-7B-Instruct-v0.3,EBM-NLP,18077611,exact_f1,0.03826500297088531,0.0666666666666666,0.03110674412519813
Mistral-7B-Instruct-v0.3,EBM-NLP,18189160,partial_f1,0.09771450082009084,0.2342502218278615,0.07532945673764482
Mistral-7B-Instruct-v0.3,EBM-NLP,18189160,exact_f1,0.07912935925358289,0.1579414374445431,0.0606402208110909
Mistral-7B-Instruct-v0.3,EBM-NLP,18229990,partial_f1,0.04444444444444442,0.0833333333333333,0.036637667092910775
Mistral-7B-Instruct-v0.3,EBM-NLP,18229990,exact_f1,0.0739316239316239,0.1666666666666666,0.057860233607055556
Mistral-7B-Instruct-v0.3,EBM-NLP,18337284,partial_f1,0.042442645074224024,0.0973684210526316,0.03361185861403115
Mistral-7B-Instruct-v0.3,EBM-NLP,18337284,exact_f1,0.027435897435897392,0.0512820512820512,0.024027775402552923
Mistral-7B-Instruct-v0.3,EBM-NLP,18503531,partial_f1,0.1957671957671958,0.34444444444444455,0.1540082495008242
Mistral-7B-Instruct-v0.3,EBM-NLP,18503531,exact_f1,0.0,0.0,0.0
Mistral-7B-Instruct-v0.3,EBM-NLP,18544974,partial_f1,0.0473356101263078,0.09725158562367861,0.0386000084627474
Mistral-7B-Instruct-v0.3,EBM-NLP,18544974,exact_f1,0.030873918945936985,0.05669599217986321,0.023424880215552397
Mistral-7B-Instruct-v0.3,EBM-NLP,18773733,partial_f1,0.0494152046783626,0.14473684210526322,0.05269753015414785
Mistral-7B-Instruct-v0.3,EBM-NLP,18773733,exact_f1,0.0494152046783626,0.14473684210526322,0.05269753015414785
Mistral-7B-Instruct-v0.3,EBM-NLP,18783504,partial_f1,0.12423391370759791,0.3177723177723178,0.1058735635873824
Mistral-7B-Instruct-v0.3,EBM-NLP,18783504,exact_f1,0.04771580561054245,0.10121457489878541,0.03715616881179344
Mistral-7B-Instruct-v0.3,EBM-NLP,18845996,partial_f1,0.013227513227513235,0.03968253968253971,0.014788809374998617
Mistral-7B-Instruct-v0.3,EBM-NLP,18845996,exact_f1,0.0,0.0,0.0
Mistral-7B-Instruct-v0.3,EBM-NLP,18958161,partial_f1,0.16023391812865492,0.3333333333333333,0.12667940948792084
Mistral-7B-Instruct-v0.3,EBM-NLP,18958161,exact_f1,0.0,0.0,0.0
Mistral-7B-Instruct-v0.3,EBM-NLP,18975051,partial_f1,0.06955266955266953,0.1333333333333333,0.05492606391679616
Mistral-7B-Instruct-v0.3,EBM-NLP,18975051,exact_f1,0.04444444444444443,0.1333333333333333,0.04969039949999532
Mistral-7B-Instruct-v0.3,EBM-NLP,19096921,partial_f1,0.04021164021164025,0.11111111111111116,0.03851909994328317
Mistral-7B-Instruct-v0.3,EBM-NLP,19096921,exact_f1,0.06737213403880066,0.1428571428571428,0.05364712936245193
Mistral-7B-Instruct-v0.3,EBM-NLP,19108790,partial_f1,0.04384677901919285,0.1111111111111112,0.03670001696190513
Mistral-7B-Instruct-v0.3,EBM-NLP,19108790,exact_f1,0.03754789272030652,0.1111111111111111,0.033374499314180815
Mistral-7B-Instruct-v0.3,EBM-NLP,19159999,partial_f1,0.16098765432098763,0.2962962962962963,0.12983522790256696
Mistral-7B-Instruct-v0.3,EBM-NLP,19159999,exact_f1,0.07999999999999999,0.1481481481481481,0.06829292190587322
Mistral-7B-Instruct-v0.3,EBM-NLP,19301724,partial_f1,0.05420054200542004,0.12269031781226901,0.04198066777920304
Mistral-7B-Instruct-v0.3,EBM-NLP,19301724,exact_f1,0.05420054200542004,0.12269031781226901,0.04198066777920304
Mistral-7B-Instruct-v0.3,EBM-NLP,19376304,partial_f1,0.12150603782182733,0.2857142857142858,0.09009311254599268
Mistral-7B-Instruct-v0.3,EBM-NLP,19376304,exact_f1,0.11837206652996125,0.2857142857142857,0.08952789914323327
Mistral-7B-Instruct-v0.3,EBM-NLP,1963383,partial_f1,0.11276515029375446,0.2207357859531773,0.08600821459741735
Mistral-7B-Instruct-v0.3,EBM-NLP,1963383,exact_f1,0.0805218173639226,0.1538461538461538,0.063575139567444
Mistral-7B-Instruct-v0.3,EBM-NLP,1968178,partial_f1,0.03212389949232052,0.0842105263157894,0.02855973058823827
Mistral-7B-Instruct-v0.3,EBM-NLP,1968178,exact_f1,0.08668388921020499,0.24,0.07139306136617642
Mistral-7B-Instruct-v0.3,EBM-NLP,19708562,partial_f1,0.11652333447999084,0.27244582043343657,0.09945356798054518
Mistral-7B-Instruct-v0.3,EBM-NLP,19708562,exact_f1,0.07230822153422771,0.1424148606811145,0.059821160993666175
Mistral-7B-Instruct-v0.3,EBM-NLP,19727232,partial_f1,0.058189655172413805,0.1745689655172414,0.062123981368107324
Mistral-7B-Instruct-v0.3,EBM-NLP,19727232,exact_f1,0.0165229885057471,0.0495689655172413,0.015871806735473313
Mistral-7B-Instruct-v0.3,EBM-NLP,19802506,partial_f1,0.0950793650793651,0.1866666666666667,0.07445971515627725
Mistral-7B-Instruct-v0.3,EBM-NLP,19802506,exact_f1,0.06592592592592597,0.1511111111111112,0.05192747339918081
Mistral-7B-Instruct-v0.3,EBM-NLP,20147856,partial_f1,0.024311195445920274,0.049019607843137206,0.020051004930313438
Mistral-7B-Instruct-v0.3,EBM-NLP,20147856,exact_f1,0.03393421884882984,0.0833333333333333,0.029511170455478335
Mistral-7B-Instruct-v0.3,EBM-NLP,20189026,partial_f1,0.04291187739463602,0.0735632183908046,0.0352823430903336
Mistral-7B-Instruct-v0.3,EBM-NLP,20189026,exact_f1,0.042145593869731816,0.071264367816092,0.03487432006459344
Mistral-7B-Instruct-v0.3,EBM-NLP,20226474,partial_f1,0.0296732507258823,0.07179487179487179,0.02480640610153418
Mistral-7B-Instruct-v0.3,EBM-NLP,20226474,exact_f1,0.02548017284859391,0.064957264957265,0.02250355638789678
Mistral-7B-Instruct-v0.3,EBM-NLP,20509069,partial_f1,0.1158124068340787,0.1988304093567252,0.09515771950702372
Mistral-7B-Instruct-v0.3,EBM-NLP,20509069,exact_f1,0.05614035087719296,0.1052631578947368,0.0496215285043191
Mistral-7B-Instruct-v0.3,EBM-NLP,20560622,partial_f1,0.26110641129341455,0.5925925925925926,0.20024585318864352
Mistral-7B-Instruct-v0.3,EBM-NLP,20560622,exact_f1,0.19230318276601585,0.4444444444444444,0.14575015720021106
Mistral-7B-Instruct-v0.3,EBM-NLP,20618920,partial_f1,0.0,0.0,0.0
Mistral-7B-Instruct-v0.3,EBM-NLP,20618920,exact_f1,0.05555555555555554,0.1666666666666666,0.06211299937499414
Mistral-7B-Instruct-v0.3,EBM-NLP,2066441,partial_f1,0.08586069727374071,0.1888111888111888,0.06960400529903156
Mistral-7B-Instruct-v0.3,EBM-NLP,2066441,exact_f1,0.09692028985507249,0.1739130434782609,0.07782083458985319
Mistral-7B-Instruct-v0.3,EBM-NLP,20739054,partial_f1,0.04625490512282968,0.09979035639413,0.03965999456447172
Mistral-7B-Instruct-v0.3,EBM-NLP,20739054,exact_f1,0.019373414845112968,0.0464646464646465,0.016255000415531854
Mistral-7B-Instruct-v0.3,EBM-NLP,20804366,partial_f1,0.07085509472606244,0.1874039938556067,0.05678236225701119
Mistral-7B-Instruct-v0.3,EBM-NLP,20804366,exact_f1,0.05745007680491554,0.135483870967742,0.04510322842350561
Mistral-7B-Instruct-v0.3,EBM-NLP,2088233,partial_f1,0.05880217785843925,0.10526315789473692,0.047082111691734506
Mistral-7B-Instruct-v0.3,EBM-NLP,2088233,exact_f1,0.07670901391409556,0.2105263157894736,0.061981166432392674
Mistral-7B-Instruct-v0.3,EBM-NLP,20943715,partial_f1,0.14251023751023753,0.275,0.10670841166551556
Mistral-7B-Instruct-v0.3,EBM-NLP,20943715,exact_f1,0.05897215397215397,0.125,0.04462675018095877
Mistral-7B-Instruct-v0.3,EBM-NLP,21029638,partial_f1,0.03997786714583152,0.0738461538461538,0.031247480362397516
Mistral-7B-Instruct-v0.3,EBM-NLP,21029638,exact_f1,0.021505376344086,0.064516129032258,0.0240437416935461
Mistral-7B-Instruct-v0.3,EBM-NLP,21106663,partial_f1,0.11608531131750949,0.21568627450980393,0.09634939358872767
Mistral-7B-Instruct-v0.3,EBM-NLP,21106663,exact_f1,0.033321866758399286,0.09473684210526322,0.03286654234120268
Mistral-7B-Instruct-v0.3,EBM-NLP,21170734,partial_f1,0.11056884635832005,0.2583732057416268,0.08669572746958522
Mistral-7B-Instruct-v0.3,EBM-NLP,21170734,exact_f1,0.08855218855218852,0.2,0.07227792503942107
Mistral-7B-Instruct-v0.3,EBM-NLP,21211686,partial_f1,0.19771756059260398,0.36316947909024216,0.15425267782932492
Mistral-7B-Instruct-v0.3,EBM-NLP,21211686,exact_f1,0.217016047547335,0.4137931034482758,0.16286121486237473
Mistral-7B-Instruct-v0.3,EBM-NLP,21393467,partial_f1,0.16148296148296146,0.3636363636363636,0.12437368024871341
Mistral-7B-Instruct-v0.3,EBM-NLP,21393467,exact_f1,0.0977244977244977,0.1818181818181818,0.07621311594386017
Mistral-7B-Instruct-v0.3,EBM-NLP,21491990,partial_f1,0.08142761952357151,0.16304347826086948,0.06460120209019768
Mistral-7B-Instruct-v0.3,EBM-NLP,21491990,exact_f1,0.0,0.0,0.0
Mistral-7B-Instruct-v0.3,EBM-NLP,21669557,partial_f1,0.12921367521367522,0.2276923076923077,0.10188196414987878
Mistral-7B-Instruct-v0.3,EBM-NLP,21669557,exact_f1,0.08205128205128201,0.1538461538461538,0.07252377242938947
Mistral-7B-Instruct-v0.3,EBM-NLP,21718094,partial_f1,0.09814718614718614,0.20571428571428568,0.07316920630384989
Mistral-7B-Instruct-v0.3,EBM-NLP,21718094,exact_f1,0.0,0.0,0.0
Mistral-7B-Instruct-v0.3,EBM-NLP,21866656,partial_f1,0.16037752037752037,0.3117117117117118,0.13316242420444557
Mistral-7B-Instruct-v0.3,EBM-NLP,21866656,exact_f1,0.07141999141999146,0.1495495495495496,0.05626686939894577
Mistral-7B-Instruct-v0.3,EBM-NLP,2188766,partial_f1,0.17560927960927966,0.40000000000000013,0.13383084645853896
Mistral-7B-Instruct-v0.3,EBM-NLP,2188766,exact_f1,0.08441514041514041,0.1904761904761905,0.06396608530840422
Mistral-7B-Instruct-v0.3,EBM-NLP,21896676,partial_f1,0.1663123993558776,0.3478260869565217,0.12747908575102573
Mistral-7B-Instruct-v0.3,EBM-NLP,21896676,exact_f1,0.1655072463768116,0.3,0.1301062690720084
Mistral-7B-Instruct-v0.3,EBM-NLP,21914768,partial_f1,0.1477432712215321,0.3860869565217392,0.11559058107902351
Mistral-7B-Instruct-v0.3,EBM-NLP,21914768,exact_f1,0.09013250517598345,0.1785714285714286,0.07719526943851965
Mistral-7B-Instruct-v0.3,EBM-NLP,21924760,partial_f1,0.07400481000480999,0.14303030303030298,0.055354013509751554
Mistral-7B-Instruct-v0.3,EBM-NLP,21924760,exact_f1,0.0404040404040404,0.1212121212121212,0.045173090454541195
Mistral-7B-Instruct-v0.3,EBM-NLP,21975269,partial_f1,0.050507122507122526,0.08615384615384619,0.04054930818280312
Mistral-7B-Instruct-v0.3,EBM-NLP,21975269,exact_f1,0.04121557454890787,0.0769230769230769,0.03594024590724834
Mistral-7B-Instruct-v0.3,EBM-NLP,21982657,partial_f1,0.0496168582375479,0.10185185185185189,0.0392801417243493
Mistral-7B-Instruct-v0.3,EBM-NLP,21982657,exact_f1,0.024691358024691336,0.074074074074074,0.027605777499997375
Mistral-7B-Instruct-v0.3,EBM-NLP,22154769,partial_f1,0.08265660232084912,0.1941923774954628,0.061467407348680364
Mistral-7B-Instruct-v0.3,EBM-NLP,22154769,exact_f1,0.06316843571834495,0.1473684210526315,0.04805747210654646
Mistral-7B-Instruct-v0.3,EBM-NLP,2223363,partial_f1,0.14734372381431207,0.25490196078431376,0.11525379915048764
Mistral-7B-Instruct-v0.3,EBM-NLP,2223363,exact_f1,0.1248198424669013,0.2696078431372549,0.09459450538937456
Mistral-7B-Instruct-v0.3,EBM-NLP,2224060,partial_f1,0.10869188782232261,0.3,0.10671228512806424
Mistral-7B-Instruct-v0.3,EBM-NLP,2224060,exact_f1,0.09591316895664723,0.2,0.07496172084225737
Mistral-7B-Instruct-v0.3,EBM-NLP,22271197,partial_f1,0.1034313725490196,0.2352941176470588,0.09069455447097248
Mistral-7B-Instruct-v0.3,EBM-NLP,22271197,exact_f1,0.07843137254901959,0.2352941176470588,0.08768894029410938
Mistral-7B-Instruct-v0.3,EBM-NLP,22341427,partial_f1,0.05527877560397886,0.0993676603432701,0.043258541884651995
Mistral-7B-Instruct-v0.3,EBM-NLP,22341427,exact_f1,0.03809523809523808,0.0714285714285714,0.033671751485073675
Mistral-7B-Instruct-v0.3,EBM-NLP,22416755,partial_f1,0.1221052631578947,0.2763157894736842,0.10689524216626264
Mistral-7B-Instruct-v0.3,EBM-NLP,22416755,exact_f1,0.15368421052631573,0.2960526315789473,0.11702392207557451
Mistral-7B-Instruct-v0.3,EBM-NLP,22420121,partial_f1,0.06893141945773527,0.15311004784689,0.05453525231728617
Mistral-7B-Instruct-v0.3,EBM-NLP,22420121,exact_f1,0.05393939393939395,0.1,0.04618106258826719
Mistral-7B-Instruct-v0.3,EBM-NLP,22435114,partial_f1,0.08471528471528472,0.1758241758241758,0.06716378147441203
Mistral-7B-Instruct-v0.3,EBM-NLP,22435114,exact_f1,0.05228105228105228,0.1048951048951049,0.040540615687621184
Mistral-7B-Instruct-v0.3,EBM-NLP,22538329,partial_f1,0.08350168350168351,0.15151515151515152,0.06817662199096494
Mistral-7B-Instruct-v0.3,EBM-NLP,22538329,exact_f1,0.06756453423120089,0.1481481481481481,0.05871911862422003
Mistral-7B-Instruct-v0.3,EBM-NLP,22646975,partial_f1,0.10133136090115498,0.23671497584541068,0.07962009061632509
Mistral-7B-Instruct-v0.3,EBM-NLP,22646975,exact_f1,0.04968649115102206,0.1305263157894737,0.04424791827905448
Mistral-7B-Instruct-v0.3,EBM-NLP,22744141,partial_f1,0.07055555555555557,0.1250000000000001,0.05721480534457217
Mistral-7B-Instruct-v0.3,EBM-NLP,22744141,exact_f1,0.11055555555555555,0.25,0.0852216608702358
Mistral-7B-Instruct-v0.3,EBM-NLP,22865017,partial_f1,0.05387205387205387,0.10101010101010101,0.04190300452807213
Mistral-7B-Instruct-v0.3,EBM-NLP,22865017,exact_f1,0.04668911335578001,0.0875420875420875,0.0408286519477867
Mistral-7B-Instruct-v0.3,EBM-NLP,22881991,partial_f1,0.15186054089279896,0.30709677419354836,0.1128590817384252
Mistral-7B-Instruct-v0.3,EBM-NLP,22881991,exact_f1,0.03804578038449004,0.064516129032258,0.03129073650649374
Mistral-7B-Instruct-v0.3,EBM-NLP,22897461,partial_f1,0.020570409982174676,0.05080213903743311,0.016295542966161675
Mistral-7B-Instruct-v0.3,EBM-NLP,22897461,exact_f1,0.0,0.0,0.0
Mistral-7B-Instruct-v0.3,EBM-NLP,22956006,partial_f1,0.03914141414141414,0.1174242424242424,0.03394445721911631
Mistral-7B-Instruct-v0.3,EBM-NLP,22956006,exact_f1,0.021212121212121213,0.0625,0.023161535767479972
Mistral-7B-Instruct-v0.3,EBM-NLP,23021296,partial_f1,0.0706534914361001,0.159090909090909,0.055974652294437974
Mistral-7B-Instruct-v0.3,EBM-NLP,23021296,exact_f1,0.05555555555555554,0.1666666666666666,0.06211299937499414
Mistral-7B-Instruct-v0.3,EBM-NLP,23103798,partial_f1,0.1410714285714286,0.27083333333333337,0.11188457581359759
Mistral-7B-Instruct-v0.3,EBM-NLP,23103798,exact_f1,0.020238095238095253,0.0535714285714286,0.018103459911601855
Mistral-7B-Instruct-v0.3,EBM-NLP,23114870,partial_f1,0.22113821138211381,0.4727272727272727,0.17285306213334278
Mistral-7B-Instruct-v0.3,EBM-NLP,23114870,exact_f1,0.2066847335140017,0.4444444444444444,0.16750191741279677
Mistral-7B-Instruct-v0.3,EBM-NLP,23356250,partial_f1,0.09999592999593002,0.2288888888888889,0.0763481823053187
Mistral-7B-Instruct-v0.3,EBM-NLP,23356250,exact_f1,0.03973239723239726,0.1044444444444445,0.03612831466769703
Mistral-7B-Instruct-v0.3,EBM-NLP,23357440,partial_f1,0.07881481481481485,0.19444444444444448,0.06486664594250195
Mistral-7B-Instruct-v0.3,EBM-NLP,23357440,exact_f1,0.03259259259259257,0.0866666666666666,0.03055549320357772
Mistral-7B-Instruct-v0.3,EBM-NLP,23392542,partial_f1,0.09627408539173245,0.20833333333333331,0.0721818957728879
Mistral-7B-Instruct-v0.3,EBM-NLP,23392542,exact_f1,0.1014788642729819,0.2232142857142857,0.07578626073392727
Mistral-7B-Instruct-v0.3,EBM-NLP,23417625,partial_f1,0.07497643374080155,0.1517857142857143,0.055665779154944625
Mistral-7B-Instruct-v0.3,EBM-NLP,23417625,exact_f1,0.03737836769445961,0.08429118773946351,0.030999896545167122
Mistral-7B-Instruct-v0.3,EBM-NLP,23549581,partial_f1,0.0170940170940171,0.051282051282051294,0.01911169211538282
Mistral-7B-Instruct-v0.3,EBM-NLP,23549581,exact_f1,0.03418803418803417,0.1025641025641025,0.038223384230765614
Mistral-7B-Instruct-v0.3,EBM-NLP,23838728,partial_f1,0.08439309056956112,0.2279411764705882,0.06870696551010215
Mistral-7B-Instruct-v0.3,EBM-NLP,23838728,exact_f1,0.06928104575163395,0.1416666666666666,0.052235712317955124
Mistral-7B-Instruct-v0.3,EBM-NLP,23849147,partial_f1,0.13900178253119427,0.25454545454545446,0.10874013748356395
Mistral-7B-Instruct-v0.3,EBM-NLP,23849147,exact_f1,0.07055258467023173,0.14438502673796788,0.05963819014875643
Mistral-7B-Instruct-v0.3,EBM-NLP,23985254,partial_f1,0.05146710603318662,0.09291521486643449,0.04063802916530651
Mistral-7B-Instruct-v0.3,EBM-NLP,23985254,exact_f1,0.05278700627537832,0.0930232558139534,0.04178176172600026
Mistral-7B-Instruct-v0.3,EBM-NLP,24075141,partial_f1,0.11980676328502413,0.27053140096618356,0.0913516538894463
Mistral-7B-Instruct-v0.3,EBM-NLP,24075141,exact_f1,0.007729468599033842,0.012882447665056404,0.006441223832528203
Mistral-7B-Instruct-v0.3,EBM-NLP,24080592,partial_f1,0.1102292768959436,0.1904761904761905,0.08748066538723878
Mistral-7B-Instruct-v0.3,EBM-NLP,24080592,exact_f1,0.04550264550264549,0.0952380952380952,0.037073761921654146
Mistral-7B-Instruct-v0.3,EBM-NLP,24317958,partial_f1,0.0654681206405344,0.11671087533156493,0.05296482238595297
Mistral-7B-Instruct-v0.3,EBM-NLP,24317958,exact_f1,0.042866031371778475,0.09961685823754785,0.035647373594702
Mistral-7B-Instruct-v0.3,EBM-NLP,24350813,partial_f1,0.18096099978452915,0.3438914027149321,0.15012743619799734
Mistral-7B-Instruct-v0.3,EBM-NLP,24350813,exact_f1,0.010716081304316612,0.021288515406162507,0.009115600659952584
Mistral-7B-Instruct-v0.3,EBM-NLP,24451919,partial_f1,0.11421789105447279,0.26149425287356326,0.09959971446215488
Mistral-7B-Instruct-v0.3,EBM-NLP,24451919,exact_f1,0.08276602439520979,0.1481481481481481,0.06498932556415514
Mistral-7B-Instruct-v0.3,EBM-NLP,24515505,partial_f1,0.1042621158410632,0.2506142506142506,0.0810485860996172
Mistral-7B-Instruct-v0.3,EBM-NLP,24515505,exact_f1,0.07393480972428342,0.1606606606606607,0.06331825298299992
Mistral-7B-Instruct-v0.3,EBM-NLP,24660757,partial_f1,0.0732976827094474,0.14901960784313723,0.05596378368499592
Mistral-7B-Instruct-v0.3,EBM-NLP,24660757,exact_f1,0.08888888888888886,0.2666666666666666,0.09938079899999064
Mistral-7B-Instruct-v0.3,EBM-NLP,24726342,partial_f1,0.036393713813068655,0.0893300248138958,0.0316045875509393
Mistral-7B-Instruct-v0.3,EBM-NLP,24726342,exact_f1,0.0387096774193548,0.064516129032258,0.032258064516129
Mistral-7B-Instruct-v0.3,EBM-NLP,24803369,partial_f1,0.19530158730158728,0.48,0.16102093026958586
Mistral-7B-Instruct-v0.3,EBM-NLP,24803369,exact_f1,0.13460317460317459,0.2857142857142857,0.10030138508935976
Mistral-7B-Instruct-v0.3,EBM-NLP,24960665,partial_f1,0.1763523187052599,0.3888888888888889,0.14217834268213017
Mistral-7B-Instruct-v0.3,EBM-NLP,24960665,exact_f1,0.07112978524743227,0.1666666666666666,0.059427431540706586
Mistral-7B-Instruct-v0.3,EBM-NLP,24989854,partial_f1,0.0651015169900619,0.138763197586727,0.04945390745764541
Mistral-7B-Instruct-v0.3,EBM-NLP,24989854,exact_f1,0.044954467617006305,0.09670329670329669,0.035759284037634016
Mistral-7B-Instruct-v0.3,EBM-NLP,25068497,partial_f1,0.12333333333333336,0.21666666666666667,0.09753916592266354
Mistral-7B-Instruct-v0.3,EBM-NLP,25068497,exact_f1,0.0933333333333333,0.1666666666666666,0.07453559924999296
Mistral-7B-Instruct-v0.3,EBM-NLP,25369243,partial_f1,0.012521739130434783,0.020869565217391306,0.010434782608695653
Mistral-7B-Instruct-v0.3,EBM-NLP,25369243,exact_f1,0.052173913043478244,0.0869565217391304,0.043478260869565195
Mistral-7B-Instruct-v0.3,EBM-NLP,25479285,partial_f1,0.0543145743145743,0.1038961038961039,0.04510043241196223
Mistral-7B-Instruct-v0.3,EBM-NLP,25479285,exact_f1,0.06712842712842712,0.1904761904761905,0.05523605207914345
Mistral-7B-Instruct-v0.3,EBM-NLP,25784723,partial_f1,0.07583377541998228,0.1618037135278514,0.059370653589019814
Mistral-7B-Instruct-v0.3,EBM-NLP,25784723,exact_f1,0.06728205128205127,0.1538461538461538,0.0529969669036464
Mistral-7B-Instruct-v0.3,EBM-NLP,25885649,partial_f1,0.08793957901462969,0.1644562334217506,0.06710474164959508
Mistral-7B-Instruct-v0.3,EBM-NLP,25885649,exact_f1,0.0,0.0,0.0
Mistral-7B-Instruct-v0.3,EBM-NLP,25886492,partial_f1,0.1091229757896425,0.22895622895622897,0.09450340246034945
Mistral-7B-Instruct-v0.3,EBM-NLP,25886492,exact_f1,0.04386724386724385,0.0952380952380952,0.0380689926645683
Mistral-7B-Instruct-v0.3,EBM-NLP,25898782,partial_f1,0.13695534748166327,0.2564102564102564,0.11307982197884449
Mistral-7B-Instruct-v0.3,EBM-NLP,25898782,exact_f1,0.05508365508365508,0.1081081081081081,0.04807293894711043
Mistral-7B-Instruct-v0.3,EBM-NLP,25931290,partial_f1,0.10451619244188905,0.253968253968254,0.08540942178955237
Mistral-7B-Instruct-v0.3,EBM-NLP,25931290,exact_f1,0.029711533736301556,0.0852130325814537,0.029742367516287005
Mistral-7B-Instruct-v0.3,EBM-NLP,25950425,partial_f1,0.011595494692488497,0.0284552845528456,0.00964555360103567
Mistral-7B-Instruct-v0.3,EBM-NLP,25950425,exact_f1,0.007091687749657166,0.0180878552971577,0.00618347298402373
Mistral-7B-Instruct-v0.3,EBM-NLP,26210844,partial_f1,0.1287997675094449,0.2702702702702702,0.1115439918094847
Mistral-7B-Instruct-v0.3,EBM-NLP,26210844,exact_f1,0.1287997675094449,0.2702702702702702,0.1115439918094847
Mistral-7B-Instruct-v0.3,EBM-NLP,26278470,partial_f1,0.04157706093189965,0.0913978494623656,0.031771632238434065
Mistral-7B-Instruct-v0.3,EBM-NLP,26278470,exact_f1,0.02580645161290323,0.06666666666666671,0.021553113087273
Mistral-7B-Instruct-v0.3,EBM-NLP,2678230,partial_f1,0.040602259797306244,0.07179487179487182,0.03227648467241836
Mistral-7B-Instruct-v0.3,EBM-NLP,2678230,exact_f1,0.10517848164906987,0.2666666666666666,0.08709634743627
Mistral-7B-Instruct-v0.3,EBM-NLP,2803397,partial_f1,0.09297148394078587,0.1951219512195122,0.06907561968056193
Mistral-7B-Instruct-v0.3,EBM-NLP,2803397,exact_f1,0.037762237762237756,0.0769230769230769,0.03275636596461746
Mistral-7B-Instruct-v0.3,EBM-NLP,2908133,partial_f1,0.11062271062271059,0.2380952380952381,0.08534134731496706
Mistral-7B-Instruct-v0.3,EBM-NLP,2908133,exact_f1,0.04841269841269839,0.0952380952380952,0.03964877167551024
Mistral-7B-Instruct-v0.3,EBM-NLP,3067745,partial_f1,0.093337919963307,0.19814241486068113,0.07397185162286196
Mistral-7B-Instruct-v0.3,EBM-NLP,3067745,exact_f1,0.06845545235638113,0.1176470588235294,0.05578500490174791
Mistral-7B-Instruct-v0.3,EBM-NLP,3074300,partial_f1,0.07355333086145098,0.18709677419354837,0.057730278844228905
Mistral-7B-Instruct-v0.3,EBM-NLP,3074300,exact_f1,0.05878630577184525,0.1068965517241379,0.046063693184916946
Mistral-7B-Instruct-v0.3,EBM-NLP,3081600,partial_f1,0.07782214156079856,0.1941923774954628,0.06480052330222448
Mistral-7B-Instruct-v0.3,EBM-NLP,3081600,exact_f1,0.08641863278886869,0.2105263157894736,0.07035120557215023
Mistral-7B-Instruct-v0.3,EBM-NLP,3534803,partial_f1,0.12603864734299516,0.24,0.0946614782675907
Mistral-7B-Instruct-v0.3,EBM-NLP,3534803,exact_f1,0.09552657004830918,0.1739130434782609,0.0750271446906408
Mistral-7B-Instruct-v0.3,EBM-NLP,361799,partial_f1,0.1905653021442495,0.44888888888888895,0.1538745541492514
Mistral-7B-Instruct-v0.3,EBM-NLP,361799,exact_f1,0.09263157894736841,0.21473684210526323,0.08054358222269176
Mistral-7B-Instruct-v0.3,EBM-NLP,384815,partial_f1,0.06316425120772946,0.125,0.04895123605828434
Mistral-7B-Instruct-v0.3,EBM-NLP,384815,exact_f1,0.04991948470209341,0.1497584541062802,0.052720615353094975
Mistral-7B-Instruct-v0.3,EBM-NLP,3919804,partial_f1,0.19047491638795985,0.36000000000000004,0.15509064616697626
Mistral-7B-Instruct-v0.3,EBM-NLP,3919804,exact_f1,0.012156075808249756,0.023076923076923106,0.009460069184638674
Mistral-7B-Instruct-v0.3,EBM-NLP,4919024,partial_f1,0.11692307692307692,0.2,0.09358096200458799
Mistral-7B-Instruct-v0.3,EBM-NLP,4919024,exact_f1,0.11692307692307692,0.2,0.09358096200458799
Mistral-7B-Instruct-v0.3,EBM-NLP,6418441,partial_f1,0.2185086155674391,0.4242424242424243,0.18150098186723845
Mistral-7B-Instruct-v0.3,EBM-NLP,6418441,exact_f1,0.15653594771241827,0.303030303030303,0.12157666471152809
Mistral-7B-Instruct-v0.3,EBM-NLP,6421395,partial_f1,0.02525252525252523,0.047348484848484806,0.022320289810181405
Mistral-7B-Instruct-v0.3,EBM-NLP,6421395,exact_f1,0.040404040404040414,0.12121212121212122,0.041990629162413855
Mistral-7B-Instruct-v0.3,EBM-NLP,6920252,partial_f1,0.06860095976375047,0.17940199335548168,0.05414088280245292
Mistral-7B-Instruct-v0.3,EBM-NLP,6920252,exact_f1,0.045459579180509406,0.1104651162790698,0.040319479222560184
Mistral-7B-Instruct-v0.3,EBM-NLP,6938020,partial_f1,0.13198855117895597,0.23510971786833856,0.10014425352375579
Mistral-7B-Instruct-v0.3,EBM-NLP,6938020,exact_f1,0.04350551996728912,0.1079460269865068,0.03322449294544541
Mistral-7B-Instruct-v0.3,EBM-NLP,6951573,partial_f1,0.06867998058387077,0.1381818181818182,0.051338479697826435
Mistral-7B-Instruct-v0.3,EBM-NLP,6951573,exact_f1,0.058649469523611386,0.16,0.04707372491556849
Mistral-7B-Instruct-v0.3,EBM-NLP,6989377,partial_f1,0.09911764705882357,0.1750000000000001,0.08048364294691765
Mistral-7B-Instruct-v0.3,EBM-NLP,6989377,exact_f1,0.04503267973856205,0.0823529411764705,0.03396374586451913
Mistral-7B-Instruct-v0.3,EBM-NLP,7017018,partial_f1,0.25492063492063494,0.4666666666666667,0.19991267234871749
Mistral-7B-Instruct-v0.3,EBM-NLP,7017018,exact_f1,0.14952380952380956,0.3285714285714286,0.12085662584685176
Mistral-7B-Instruct-v0.3,EBM-NLP,7598243,partial_f1,0.04123740965846231,0.1109530583214794,0.039619550509663044
Mistral-7B-Instruct-v0.3,EBM-NLP,7598243,exact_f1,0.0645803698435277,0.1621621621621621,0.054058733045973986
Mistral-7B-Instruct-v0.3,EBM-NLP,7707420,partial_f1,0.10740011552959072,0.2491228070175439,0.08038602886231982
Mistral-7B-Instruct-v0.3,EBM-NLP,7707420,exact_f1,0.04310481966955724,0.0953947368421052,0.03447580072895333
Mistral-7B-Instruct-v0.3,EBM-NLP,7808649,partial_f1,0.0912047992693154,0.2142857142857143,0.06928069240097579
Mistral-7B-Instruct-v0.3,EBM-NLP,7808649,exact_f1,0.10315522896168054,0.2285714285714285,0.07960601491480462
Mistral-7B-Instruct-v0.3,EBM-NLP,7814711,partial_f1,0.008359456635318702,0.025078369905956105,0.009346156645767144
Mistral-7B-Instruct-v0.3,EBM-NLP,7814711,exact_f1,0.0,0.0,0.0
Mistral-7B-Instruct-v0.3,EBM-NLP,7827398,partial_f1,0.07407407407407408,0.1777777777777778,0.05977945672541315
Mistral-7B-Instruct-v0.3,EBM-NLP,7827398,exact_f1,0.04601571268237935,0.0888888888888889,0.0350242085534377
Mistral-7B-Instruct-v0.3,EBM-NLP,7831628,partial_f1,0.1209925340360123,0.3,0.09486979077361034
Mistral-7B-Instruct-v0.3,EBM-NLP,7831628,exact_f1,0.0857142857142857,0.2,0.07587567239820393
Mistral-7B-Instruct-v0.3,EBM-NLP,7844976,partial_f1,0.12446028916617155,0.22222222222222227,0.09719452620152508
Mistral-7B-Instruct-v0.3,EBM-NLP,7844976,exact_f1,0.06599326599326599,0.13131313131313133,0.05396626797163122
Mistral-7B-Instruct-v0.3,EBM-NLP,7853069,partial_f1,0.10987370386751191,0.2633053221288515,0.0857135471442732
Mistral-7B-Instruct-v0.3,EBM-NLP,7853069,exact_f1,0.054135338345864654,0.1052631578947368,0.04734712553151127
Mistral-7B-Instruct-v0.3,EBM-NLP,8519720,partial_f1,0.06622073578595315,0.1103678929765886,0.0551839464882943
Mistral-7B-Instruct-v0.3,EBM-NLP,8519720,exact_f1,0.06280193236714975,0.1103678929765886,0.049671011676327745
Mistral-7B-Instruct-v0.3,EBM-NLP,8726604,partial_f1,0.05391122830147219,0.1414634146341463,0.04471590099037773
Mistral-7B-Instruct-v0.3,EBM-NLP,8726604,exact_f1,0.08352742986889329,0.15,0.0650389914670356
Mistral-7B-Instruct-v0.3,EBM-NLP,8771302,partial_f1,0.14799223764741004,0.3571428571428571,0.11119258405884086
Mistral-7B-Instruct-v0.3,EBM-NLP,8771302,exact_f1,0.06675872020699605,0.1428571428571428,0.05087938601925017
Mistral-7B-Instruct-v0.3,EBM-NLP,8779382,partial_f1,0.1372727272727273,0.32,0.1146158373879472
Mistral-7B-Instruct-v0.3,EBM-NLP,8779382,exact_f1,0.12296296296296294,0.2666666666666666,0.09806075773980535
Mistral-7B-Instruct-v0.3,EBM-NLP,8911222,partial_f1,0.07899419729206962,0.1393939393939394,0.06415721398271775
Mistral-7B-Instruct-v0.3,EBM-NLP,8911222,exact_f1,0.0222222222222222,0.0666666666666666,0.024845199749997635
Mistral-7B-Instruct-v0.3,EBM-NLP,8911223,partial_f1,0.13114460614460616,0.23397435897435898,0.10606789876968409
Mistral-7B-Instruct-v0.3,EBM-NLP,8911223,exact_f1,0.11273388773388773,0.20777027027027029,0.08617212002222294
Mistral-7B-Instruct-v0.3,EBM-NLP,8913901,partial_f1,0.26506826506826503,0.5714285714285714,0.2013426971551808
Mistral-7B-Instruct-v0.3,EBM-NLP,8913901,exact_f1,0.10269730269730269,0.2857142857142857,0.08409362841779161
Mistral-7B-Instruct-v0.3,EBM-NLP,8916620,partial_f1,0.12994505494505496,0.25714285714285723,0.11019022853074786
Mistral-7B-Instruct-v0.3,EBM-NLP,8916620,exact_f1,0.1411111111111111,0.25,0.11197580205970208
Mistral-7B-Instruct-v0.3,EBM-NLP,8989009,partial_f1,0.08667504679813676,0.2006578947368421,0.06761587173801495
Mistral-7B-Instruct-v0.3,EBM-NLP,8989009,exact_f1,0.07581533963112906,0.1578947368421052,0.05729673129345425
Mistral-7B-Instruct-v0.3,EBM-NLP,9229602,partial_f1,0.14024194473110885,0.3055555555555556,0.10998390132095659
Mistral-7B-Instruct-v0.3,EBM-NLP,9229602,exact_f1,0.1594083247334021,0.3333333333333333,0.12031509678969343
Mistral-7B-Instruct-v0.3,EBM-NLP,9394106,partial_f1,0.043915343915343914,0.0740740740740741,0.035812133255769533
Mistral-7B-Instruct-v0.3,EBM-NLP,9394106,exact_f1,0.04038800705467372,0.07671957671957672,0.035243042519210885
Mistral-7B-Instruct-v0.3,EBM-NLP,9481998,partial_f1,0.11887719298245612,0.29473684210526313,0.09177467824316185
Mistral-7B-Instruct-v0.3,EBM-NLP,9481998,exact_f1,0.059181286549707585,0.16,0.047528068272243616
Mistral-7B-Instruct-v0.3,EBM-NLP,9573502,partial_f1,0.12490253411306043,0.2390350877192983,0.09911053017963571
Mistral-7B-Instruct-v0.3,EBM-NLP,9573502,exact_f1,0.09111111111111109,0.1666666666666666,0.07307192465536612
Mistral-7B-Instruct-v0.3,EBM-NLP,9695300,partial_f1,0.08474074074074076,0.15666666666666668,0.07203299046046639
Mistral-7B-Instruct-v0.3,EBM-NLP,9695300,exact_f1,0.043061728395061734,0.08,0.03707323334147843
Mistral-7B-Instruct-v0.3,EBM-NLP,9730996,partial_f1,0.06626500297088533,0.1223529411764706,0.05018799400419317
Mistral-7B-Instruct-v0.3,EBM-NLP,9730996,exact_f1,0.04605109922756981,0.1212121212121212,0.03628135265732292
Mistral-7B-Instruct-v0.3,EBM-NLP,9816035,partial_f1,0.08168459819968031,0.1866359447004608,0.061994788655748916
Mistral-7B-Instruct-v0.3,EBM-NLP,9816035,exact_f1,0.06253602664647619,0.12458286985539489,0.04714070915829316
Mistral-7B-Instruct-v0.3,SciER,160009536,partial_f1,0.058802696764339094,0.109090909090909,0.04534879568288951
Mistral-7B-Instruct-v0.3,SciER,160009536,exact_f1,0.027728460581363953,0.0545454545454545,0.021590558770026354
Mistral-7B-Instruct-v0.3,SciER,192546007,partial_f1,0.0398093842357748,0.07368907368907371,0.031217569939132234
Mistral-7B-Instruct-v0.3,SciER,192546007,exact_f1,0.03407526290335542,0.0660866910866911,0.027261809732445037
Mistral-7B-Instruct-v0.3,SciER,202719492,partial_f1,0.05690016919951181,0.1272727272727273,0.04317880628655512
Mistral-7B-Instruct-v0.3,SciER,202719492,exact_f1,0.03379970525208257,0.0818181818181818,0.025712025198816955
Mistral-7B-Instruct-v0.3,SciER,202888938,partial_f1,0.06501752257490802,0.1407407407407407,0.05188326461989056
Mistral-7B-Instruct-v0.3,SciER,202888938,exact_f1,0.0376192981809366,0.074074074074074,0.02933213267958819
Mistral-7B-Instruct-v0.3,SciER,210157153,partial_f1,0.0617566320231117,0.1846153846153846,0.053868394221147066
Mistral-7B-Instruct-v0.3,SciER,210157153,exact_f1,0.02741276177461309,0.082051282051282,0.025391106338152794
Mistral-7B-Instruct-v0.3,SciER,210702798,partial_f1,0.025293586269196,0.075880758807588,0.02827908914633878
Mistral-7B-Instruct-v0.3,SciER,210702798,exact_f1,0.016260162601626,0.048780487804878,0.018179414451217783
Mistral-7B-Instruct-v0.3,SciER,244256,partial_f1,0.0429725199943538,0.1185897435897436,0.040456694169352284
Mistral-7B-Instruct-v0.3,SciER,244256,exact_f1,0.04086440796641145,0.0935975609756097,0.030557852232617932
Mistral-7B-Instruct-v0.3,SciER,3627225,partial_f1,0.07551408987052549,0.173076923076923,0.05989728103785413
Mistral-7B-Instruct-v0.3,SciER,3627225,exact_f1,0.06759329779131758,0.173076923076923,0.060105803534922654
Mistral-7B-Instruct-v0.3,SciER,52169846,partial_f1,0.0025032299741601996,0.007509689922480599,0.002168212739673012
Mistral-7B-Instruct-v0.3,SciER,52169846,exact_f1,0.0061672791339891266,0.015390543542318301,0.005436941928779272
Mistral-7B-Instruct-v0.3,SciER,53109398,partial_f1,0.04649229405971518,0.1068249258160237,0.035678092319303994
Mistral-7B-Instruct-v0.3,SciER,53109398,exact_f1,0.018535249896249047,0.0417910447761194,0.01463448530354592
Mistral-7B-Instruct-v0.3,SciER,AAAI2024,partial_f1,0.12550701467328565,0.2651933701657458,0.09389468510857854
Mistral-7B-Instruct-v0.3,SciER,AAAI2024,exact_f1,0.10456316897406488,0.2320441988950276,0.07830539906151943
Mistral-7B-Instruct-v0.3,SciER,CVPR2023,partial_f1,0.017208078650129563,0.0340632603406326,0.014991429367463381
Mistral-7B-Instruct-v0.3,SciER,CVPR2023,exact_f1,0.0146222776096374,0.0292682926829268,0.012713597813404438
Mistral-7B-Instruct-v0.3,SciER,EMNLP2023,partial_f1,0.04935014668729506,0.0891089108910891,0.03755125849428733
Mistral-7B-Instruct-v0.3,SciER,EMNLP2023,exact_f1,0.015829073092600943,0.0297029702970297,0.012305404972539302
Mistral-7B-Instruct-v0.3,SciER,ICLR2024-AI4Material,partial_f1,0.00975366596725824,0.0184981684981686,0.008524388687697301
Mistral-7B-Instruct-v0.3,SciER,ICLR2024-AI4Material,exact_f1,0.00975366596725824,0.0184981684981686,0.008524388687697301
Mistral-7B-Instruct-v0.3,SciER,ICLR2024-AI4Science-Protein,partial_f1,0.024687416987853147,0.0569395017793594,0.01871442530431779
Mistral-7B-Instruct-v0.3,SciER,ICLR2024-AI4Science-Protein,exact_f1,0.01668626621664827,0.0361010830324909,0.012678292434544746
Mistral-7B-Instruct-v0.3,SciER,NeurIPS2023-AI4Science,partial_f1,0.05901395123050416,0.1170731707317073,0.04471408523645263
Mistral-7B-Instruct-v0.3,SciER,NeurIPS2023-AI4Science,exact_f1,0.044938922649026866,0.0878048780487805,0.03430727866091281
Mistral-7B-Instruct-v0.3,SciERC,A97-1020,partial_f1,0.231024531024531,0.4242424242424242,0.19322922190196687
Mistral-7B-Instruct-v0.3,SciERC,A97-1020,exact_f1,0.16637806637806635,0.303030303030303,0.1367833885644911
Mistral-7B-Instruct-v0.3,SciERC,C00-2123,partial_f1,0.08662096417514371,0.1804511278195488,0.06825581019801412
Mistral-7B-Instruct-v0.3,SciERC,C00-2123,exact_f1,0.11031746031746031,0.2352941176470588,0.08424513334174234
Mistral-7B-Instruct-v0.3,SciERC,C04-1011,partial_f1,0.16443355119825706,0.2888888888888889,0.13302886310954565
Mistral-7B-Instruct-v0.3,SciERC,C04-1011,exact_f1,0.0866557734204793,0.1555555555555555,0.06915841496292663
Mistral-7B-Instruct-v0.3,SciERC,C04-1035,partial_f1,0.14871794871794874,0.2857142857142857,0.1139217695244248
Mistral-7B-Instruct-v0.3,SciERC,C04-1035,exact_f1,0.14871794871794874,0.2857142857142857,0.1139217695244248
Mistral-7B-Instruct-v0.3,SciERC,C04-1036,partial_f1,0.05237267080745342,0.11428571428571432,0.0398949277746265
Mistral-7B-Instruct-v0.3,SciERC,C04-1036,exact_f1,0.09877156659765358,0.24000000000000002,0.07925746597435344
Mistral-7B-Instruct-v0.3,SciERC,C04-1103,partial_f1,0.04703296703296703,0.09538461538461535,0.04026005976251407
Mistral-7B-Instruct-v0.3,SciERC,C04-1103,exact_f1,0.04703296703296703,0.09538461538461535,0.04026005976251407
Mistral-7B-Instruct-v0.3,SciERC,C04-1106,partial_f1,0.08309703368526895,0.1538461538461538,0.06700334412216563
Mistral-7B-Instruct-v0.3,SciERC,C04-1106,exact_f1,0.08309703368526895,0.1538461538461538,0.06700334412216563
Mistral-7B-Instruct-v0.3,SciERC,C04-1128,partial_f1,0.2,0.3636363636363636,0.16388869433927222
Mistral-7B-Instruct-v0.3,SciERC,C04-1128,exact_f1,0.14545454545454545,0.2727272727272727,0.11338355717496791
Mistral-7B-Instruct-v0.3,SciERC,C08-2010,partial_f1,0.09175824175824178,0.1904761904761905,0.07034099044233064
Mistral-7B-Instruct-v0.3,SciERC,C08-2010,exact_f1,0.09175824175824178,0.1904761904761905,0.07034099044233064
Mistral-7B-Instruct-v0.3,SciERC,C86-1081,partial_f1,0.19814814814814816,0.4444444444444445,0.17303918139843297
Mistral-7B-Instruct-v0.3,SciERC,C86-1081,exact_f1,0.19814814814814816,0.4444444444444445,0.17303918139843297
Mistral-7B-Instruct-v0.3,SciERC,C88-1044,partial_f1,0.3047992530345472,0.7142857142857143,0.22703583579421246
Mistral-7B-Instruct-v0.3,SciERC,C88-1044,exact_f1,0.3036788048552755,0.7142857142857143,0.23110128134597896
Mistral-7B-Instruct-v0.3,SciERC,C90-3045,partial_f1,0.2759011519881085,0.6153846153846153,0.20334587823299716
Mistral-7B-Instruct-v0.3,SciERC,C90-3045,exact_f1,0.23359345968041623,0.5384615384615385,0.17258058303178428
Mistral-7B-Instruct-v0.3,SciERC,C90-3063,partial_f1,0.2604550592166691,0.4705882352941176,0.19778136386593098
Mistral-7B-Instruct-v0.3,SciERC,C90-3063,exact_f1,0.1990171507199371,0.3529411764705882,0.15480806914678535
Mistral-7B-Instruct-v0.3,SciERC,C94-1091,partial_f1,0.13972893772893774,0.3846153846153846,0.1174642591529299
Mistral-7B-Instruct-v0.3,SciERC,C94-1091,exact_f1,0.11142124542124539,0.3076923076923076,0.09660127020183325
Mistral-7B-Instruct-v0.3,SciERC,C96-1062,partial_f1,0.21596398770311817,0.5833333333333334,0.17220959787671464
Mistral-7B-Instruct-v0.3,SciERC,C96-1062,exact_f1,0.1608256477821695,0.4166666666666667,0.12450239488299775
Mistral-7B-Instruct-v0.3,SciERC,CVPR_1993_10_abs,partial_f1,0.20410509031198687,0.3571428571428571,0.16285324375188842
Mistral-7B-Instruct-v0.3,SciERC,CVPR_1993_10_abs,exact_f1,0.18664477285166942,0.3333333333333333,0.1502034288980059
Mistral-7B-Instruct-v0.3,SciERC,CVPR_1994_10_abs,partial_f1,0.14035087719298245,0.2631578947368421,0.12405382126079781
Mistral-7B-Instruct-v0.3,SciERC,CVPR_1994_10_abs,exact_f1,0.11228070175438597,0.2105263157894737,0.09924305700863825
Mistral-7B-Instruct-v0.3,SciERC,CVPR_1999_15_abs,partial_f1,0.237033189033189,0.5454545454545454,0.17850281539259244
Mistral-7B-Instruct-v0.3,SciERC,CVPR_1999_15_abs,exact_f1,0.21759307359307353,0.4799999999999999,0.16324764292302288
Mistral-7B-Instruct-v0.3,SciERC,CVPR_2003_30_abs,partial_f1,0.24282748948106586,0.4516129032258064,0.19378067831557694
Mistral-7B-Instruct-v0.3,SciERC,CVPR_2003_30_abs,exact_f1,0.227680224403927,0.4347826086956521,0.17350058818642275
Mistral-7B-Instruct-v0.3,SciERC,CVPR_2004_18_abs,partial_f1,0.11666666666666667,0.20370370370370372,0.09224471687579294
Mistral-7B-Instruct-v0.3,SciERC,CVPR_2004_18_abs,exact_f1,0.06666666666666662,0.1203703703703703,0.053990295322641636
Mistral-7B-Instruct-v0.3,SciERC,CVPR_2004_30_abs,partial_f1,0.1422222222222222,0.2666666666666666,0.12570787221094176
Mistral-7B-Instruct-v0.3,SciERC,CVPR_2004_30_abs,exact_f1,0.1422222222222222,0.2666666666666666,0.12570787221094176
Mistral-7B-Instruct-v0.3,SciERC,CVPR_2006_10_abs,partial_f1,0.3296296296296296,0.5555555555555556,0.2691563306249747
Mistral-7B-Instruct-v0.3,SciERC,CVPR_2006_10_abs,exact_f1,0.12518518518518515,0.2222222222222222,0.0994670296444132
Mistral-7B-Instruct-v0.3,SciERC,CVPR_2008_256_abs,partial_f1,0.27659737990450295,0.5416666666666666,0.20822187739349238
Mistral-7B-Instruct-v0.3,SciERC,CVPR_2008_256_abs,exact_f1,0.251299301993104,0.5,0.1892867743301704
Mistral-7B-Instruct-v0.3,SciERC,CVPR_2008_258_abs,partial_f1,0.23386243386243386,0.4444444444444445,0.20582282611333255
Mistral-7B-Instruct-v0.3,SciERC,CVPR_2008_258_abs,exact_f1,0.15590828924162256,0.2962962962962963,0.13721521740888837
Mistral-7B-Instruct-v0.3,SciERC,CVPR_2009_10_abs,partial_f1,0.2739682539682539,0.4761904761904761,0.21683521556238708
Mistral-7B-Instruct-v0.3,SciERC,CVPR_2009_10_abs,exact_f1,0.21984126984126984,0.3809523809523809,0.17420815705754636
Mistral-7B-Instruct-v0.3,SciERC,CVPR_2009_18_abs,partial_f1,0.2980392156862745,0.5,0.24529403927836868
Mistral-7B-Instruct-v0.3,SciERC,CVPR_2009_18_abs,exact_f1,0.27538126361655774,0.4705882352941176,0.22674704716788996
Mistral-7B-Instruct-v0.3,SciERC,CVPR_2010_30_abs,partial_f1,0.12045969164248738,0.2857142857142857,0.09519354024213218
Mistral-7B-Instruct-v0.3,SciERC,CVPR_2010_30_abs,exact_f1,0.09096091483188262,0.2142857142857143,0.0736686301509064
Mistral-7B-Instruct-v0.3,SciERC,CVPR_2011_10_abs,partial_f1,0.22859195402298849,0.4375,0.17700424123461797
Mistral-7B-Instruct-v0.3,SciERC,CVPR_2011_10_abs,exact_f1,0.21293103448275855,0.4137931034482758,0.17194562311665598
Mistral-7B-Instruct-v0.3,SciERC,CVPR_2011_11_abs,partial_f1,0.11969696969696969,0.25,0.10366615290457581
Mistral-7B-Instruct-v0.3,SciERC,CVPR_2011_11_abs,exact_f1,0.0302020202020202,0.0606060606060606,0.02624926816457164
Mistral-7B-Instruct-v0.3,SciERC,CVPR_2016_413_abs,partial_f1,0.3501971326164875,0.6451612903225806,0.2687334285527501
Mistral-7B-Instruct-v0.3,SciERC,CVPR_2016_413_abs,exact_f1,0.2852688172043011,0.5161290322580645,0.21741396380370542
Mistral-7B-Instruct-v0.3,SciERC,E06-1022,partial_f1,0.12547211242863418,0.23550724637681159,0.0972399977352263
Mistral-7B-Instruct-v0.3,SciERC,E06-1022,exact_f1,0.09314888010540186,0.19762845849802374,0.0752438617289625
Mistral-7B-Instruct-v0.3,SciERC,E89-1016,partial_f1,0.1874567901234567,0.3703703703703703,0.1482411230887284
Mistral-7B-Instruct-v0.3,SciERC,E89-1016,exact_f1,0.11674074074074067,0.2222222222222221,0.09271991246411168
Mistral-7B-Instruct-v0.3,SciERC,E91-1012,partial_f1,0.15002560163850484,0.2666666666666666,0.11820712055775563
Mistral-7B-Instruct-v0.3,SciERC,E91-1012,exact_f1,0.15002560163850484,0.2666666666666666,0.11820712055775563
Mistral-7B-Instruct-v0.3,SciERC,E93-1066,partial_f1,0.3100854700854701,0.5333333333333333,0.24690797349175214
Mistral-7B-Instruct-v0.3,SciERC,E93-1066,exact_f1,0.22871794871794873,0.4,0.18081923294629726
Mistral-7B-Instruct-v0.3,SciERC,E95-1033,partial_f1,0.12205128205128203,0.2747252747252747,0.09517961010656271
Mistral-7B-Instruct-v0.3,SciERC,E95-1033,exact_f1,0.07990231990231993,0.1428571428571429,0.06367120402914014
Mistral-7B-Instruct-v0.3,SciERC,E99-1015,partial_f1,0.11721132897603483,0.2222222222222222,0.09775278689584745
Mistral-7B-Instruct-v0.3,SciERC,E99-1015,exact_f1,0.11111111111111108,0.3333333333333332,0.12422599874998828
Mistral-7B-Instruct-v0.3,SciERC,ECCV_2006_13_abs,partial_f1,0.20245003223726624,0.4255319148936171,0.160879785874006
Mistral-7B-Instruct-v0.3,SciERC,ECCV_2006_13_abs,exact_f1,0.13565441650548032,0.2978723404255319,0.1092810043065763
Mistral-7B-Instruct-v0.3,SciERC,ECCV_2012_30_abs,partial_f1,0.23076923076923075,0.3846153846153846,0.1923076923076923
Mistral-7B-Instruct-v0.3,SciERC,ECCV_2012_30_abs,exact_f1,0.23076923076923075,0.3846153846153846,0.1923076923076923
Mistral-7B-Instruct-v0.3,SciERC,ECCV_2016_110_abs,partial_f1,0.24643962848297216,0.7058823529411765,0.21572453875207548
Mistral-7B-Instruct-v0.3,SciERC,ECCV_2016_110_abs,exact_f1,0.23075335397316823,0.5882352941176471,0.19699557382189745
Mistral-7B-Instruct-v0.3,SciERC,ECCV_2016_204_abs,partial_f1,0.20697399527186758,0.4166666666666666,0.179800454686024
Mistral-7B-Instruct-v0.3,SciERC,ECCV_2016_204_abs,exact_f1,0.13126477541371154,0.2916666666666666,0.11437248728931476
Mistral-7B-Instruct-v0.3,SciERC,ECCV_2016_212_abs,partial_f1,0.0,0.0,0.0
Mistral-7B-Instruct-v0.3,SciERC,ECCV_2016_212_abs,exact_f1,0.0,0.0,0.0
Mistral-7B-Instruct-v0.3,SciERC,ECCV_2016_99_abs,partial_f1,0.352723311546841,0.6111111111111112,0.28170627570514695
Mistral-7B-Instruct-v0.3,SciERC,ECCV_2016_99_abs,exact_f1,0.2647058823529412,0.5,0.2064068948179147
Mistral-7B-Instruct-v0.3,SciERC,H01-1042,partial_f1,0.13740990192603098,0.3571428571428571,0.11388497422278604
Mistral-7B-Instruct-v0.3,SciERC,H01-1042,exact_f1,0.1000869667966442,0.2142857142857142,0.07500112296245333
Mistral-7B-Instruct-v0.3,SciERC,H01-1049,partial_f1,0.1277777777777777,0.2499999999999999,0.10111263735111826
Mistral-7B-Instruct-v0.3,SciERC,H01-1049,exact_f1,0.1277777777777777,0.2499999999999999,0.10111263735111826
Mistral-7B-Instruct-v0.3,SciERC,H05-1095,partial_f1,0.04511278195488722,0.10526315789473689,0.03597652965770173
Mistral-7B-Instruct-v0.3,SciERC,H05-1095,exact_f1,0.04511278195488722,0.10526315789473689,0.03597652965770173
Mistral-7B-Instruct-v0.3,SciERC,I05-4010,partial_f1,0.06705653021442497,0.125,0.055415378366771684
Mistral-7B-Instruct-v0.3,SciERC,I05-4010,exact_f1,0.06705653021442497,0.125,0.055415378366771684
Mistral-7B-Instruct-v0.3,SciERC,I05-5003,partial_f1,0.16877647442163568,0.4666666666666667,0.14608655787489108
Mistral-7B-Instruct-v0.3,SciERC,I05-5003,exact_f1,0.1529936461388074,0.3999999999999999,0.12522364315396067
Mistral-7B-Instruct-v0.3,SciERC,I05-5004,partial_f1,0.17080610021786488,0.3555555555555555,0.13164522946078738
Mistral-7B-Instruct-v0.3,SciERC,I05-5004,exact_f1,0.12854030501089325,0.3137254901960784,0.09900876193803489
Mistral-7B-Instruct-v0.3,SciERC,ICASSP_1997_706_abs,partial_f1,0.24405458089668616,0.4210526315789474,0.2000925047025988
Mistral-7B-Instruct-v0.3,SciERC,ICASSP_1997_706_abs,exact_f1,0.21169590643274855,0.3684210526315789,0.17291063674821658
Mistral-7B-Instruct-v0.3,SciERC,ICASSP_2016_11_abs,partial_f1,0.14429521096187764,0.3846153846153846,0.12092288871934447
Mistral-7B-Instruct-v0.3,SciERC,ICASSP_2016_11_abs,exact_f1,0.1000135666802333,0.2307692307692307,0.08263233172969615
Mistral-7B-Instruct-v0.3,SciERC,ICCV_2001_47_abs,partial_f1,0.17665732959850602,0.5142857142857142,0.17787614504131113
Mistral-7B-Instruct-v0.3,SciERC,ICCV_2001_47_abs,exact_f1,0.1562091503267974,0.4,0.1353748281390494
Mistral-7B-Instruct-v0.3,SciERC,ICCV_2003_151_abs,partial_f1,0.2521476104053237,0.4827586206896552,0.22143397275749402
Mistral-7B-Instruct-v0.3,SciERC,ICCV_2003_151_abs,exact_f1,0.21512401693889896,0.4137931034482759,0.1886758678642997
Mistral-7B-Instruct-v0.3,SciERC,ICCV_2003_161_abs,partial_f1,0.22499999999999995,0.3749999999999999,0.18749999999999997
Mistral-7B-Instruct-v0.3,SciERC,ICCV_2003_161_abs,exact_f1,0.18333333333333332,0.3125,0.1473139127471974
Mistral-7B-Instruct-v0.3,SciERC,ICCV_2013_25_abs,partial_f1,0.21919191919191922,0.4242424242424243,0.16644651820972525
Mistral-7B-Instruct-v0.3,SciERC,ICCV_2013_25_abs,exact_f1,0.16212121212121214,0.3030303030303031,0.12443436454815043
Mistral-7B-Instruct-v0.3,SciERC,ICCV_2013_47_abs,partial_f1,0.19121212121212122,0.3636363636363636,0.16825175995843036
Mistral-7B-Instruct-v0.3,SciERC,ICCV_2013_47_abs,exact_f1,0.11575757575757575,0.2272727272727272,0.10101641394414111
Mistral-7B-Instruct-v0.3,SciERC,ICML_1995_38_abs,partial_f1,0.13209876543209878,0.2962962962962963,0.09852401049081708
Mistral-7B-Instruct-v0.3,SciERC,ICML_1995_38_abs,exact_f1,0.12098765432098764,0.2962962962962963,0.09269541615852596
Mistral-7B-Instruct-v0.3,SciERC,ICML_2006_119_abs,partial_f1,0.21291547958214627,0.3703703703703704,0.16847234668031932
Mistral-7B-Instruct-v0.3,SciERC,ICML_2006_119_abs,exact_f1,0.1929724596391263,0.3703703703703704,0.1507909502494495
Mistral-7B-Instruct-v0.3,SciERC,ICML_2016_10_abs,partial_f1,0.27299177735610375,0.4705882352941176,0.21967447258855105
Mistral-7B-Instruct-v0.3,SciERC,ICML_2016_10_abs,exact_f1,0.20506008855154967,0.3870967741935484,0.16119634870726476
Mistral-7B-Instruct-v0.3,SciERC,ICML_2016_11_abs,partial_f1,0.07922170290591345,0.19210526315789478,0.06438379103024196
Mistral-7B-Instruct-v0.3,SciERC,ICML_2016_11_abs,exact_f1,0.11029670503354717,0.24871794871794878,0.0820323218163548
Mistral-7B-Instruct-v0.3,SciERC,ICML_2016_18_abs,partial_f1,0.19015939015939015,0.3243243243243243,0.1567162498911373
Mistral-7B-Instruct-v0.3,SciERC,ICML_2016_18_abs,exact_f1,0.12677292677292676,0.2162162162162162,0.10447749992742487
Mistral-7B-Instruct-v0.3,SciERC,INTERSPEECH_2006_21_abs,partial_f1,0.13495652173913045,0.2608695652173913,0.1182097076032447
Mistral-7B-Instruct-v0.3,SciERC,INTERSPEECH_2006_21_abs,exact_f1,0.13495652173913045,0.2608695652173913,0.1182097076032447
Mistral-7B-Instruct-v0.3,SciERC,INTERSPEECH_2007_40_abs,partial_f1,0.15066378066378067,0.380952380952381,0.12600429664788337
Mistral-7B-Instruct-v0.3,SciERC,INTERSPEECH_2007_40_abs,exact_f1,0.13784992784992786,0.380952380952381,0.11826651901522332
Mistral-7B-Instruct-v0.3,SciERC,INTERSPEECH_2008_20_abs,partial_f1,0.11722222222222219,0.2666666666666666,0.09935167926532244
Mistral-7B-Instruct-v0.3,SciERC,INTERSPEECH_2008_20_abs,exact_f1,0.11722222222222219,0.2666666666666666,0.09935167926532244
Mistral-7B-Instruct-v0.3,SciERC,INTERSPEECH_2008_28_abs,partial_f1,0.15873015873015872,0.4761904761904762,0.17746571249998333
Mistral-7B-Instruct-v0.3,SciERC,INTERSPEECH_2008_28_abs,exact_f1,0.07936507936507936,0.2380952380952381,0.08873285624999167
Mistral-7B-Instruct-v0.3,SciERC,INTERSPEECH_2013_21_abs,partial_f1,0.18944626402449907,0.4420549581839905,0.1457552839019273
Mistral-7B-Instruct-v0.3,SciERC,INTERSPEECH_2013_21_abs,exact_f1,0.16584071464864938,0.3130227001194743,0.1281933584028412
Mistral-7B-Instruct-v0.3,SciERC,INTERSPEECH_2014_40_abs,partial_f1,0.1531472359058566,0.2904761904761905,0.12056547669084319
Mistral-7B-Instruct-v0.3,SciERC,INTERSPEECH_2014_40_abs,exact_f1,0.11855500821018057,0.2142857142857142,0.09494391460173487
Mistral-7B-Instruct-v0.3,SciERC,J05-4003,partial_f1,0.20303133903133902,0.3703703703703704,0.15713911036129946
Mistral-7B-Instruct-v0.3,SciERC,J05-4003,exact_f1,0.11139221272554604,0.2222222222222222,0.08375827187169488
Mistral-7B-Instruct-v0.3,SciERC,J82-3002,partial_f1,0.14580111246777908,0.3076923076923076,0.1103436837800257
Mistral-7B-Instruct-v0.3,SciERC,J82-3002,exact_f1,0.14580111246777908,0.3076923076923076,0.1103436837800257
Mistral-7B-Instruct-v0.3,SciERC,J86-3001,partial_f1,0.1845744680851064,0.375,0.1601527396506371
Mistral-7B-Instruct-v0.3,SciERC,J86-3001,exact_f1,0.1706855791962175,0.3333333333333333,0.14912836111745287
Mistral-7B-Instruct-v0.3,SciERC,J86-4002,partial_f1,0.14857142857142858,0.2857142857142857,0.1178030178747903
Mistral-7B-Instruct-v0.3,SciERC,J86-4002,exact_f1,0.10698412698412695,0.2142857142857142,0.08457875105341531
Mistral-7B-Instruct-v0.3,SciERC,N03-1026,partial_f1,0.3072579240682689,0.5517241379310345,0.23413145247796308
Mistral-7B-Instruct-v0.3,SciERC,N03-1026,exact_f1,0.2743904562870079,0.4827586206896551,0.21028566355691797
Mistral-7B-Instruct-v0.3,SciERC,N03-1033,partial_f1,0.10006734006734004,0.1717171717171717,0.07983774883083755
Mistral-7B-Instruct-v0.3,SciERC,N03-1033,exact_f1,0.11387205387205386,0.26262626262626265,0.09574448688053463
Mistral-7B-Instruct-v0.3,SciERC,N04-1022,partial_f1,0.1806993006993007,0.4615384615384615,0.15105902294545004
Mistral-7B-Instruct-v0.3,SciERC,N04-1022,exact_f1,0.15817249417249415,0.3846153846153846,0.12505457103420023
Mistral-7B-Instruct-v0.3,SciERC,N06-1037,partial_f1,0.05460317460317463,0.10000000000000003,0.04539793538436539
Mistral-7B-Instruct-v0.3,SciERC,N06-1037,exact_f1,0.10793650793650793,0.2,0.09228217049999132
Mistral-7B-Instruct-v0.3,SciERC,NIPS_2001_11_abs,partial_f1,0.20648919407540103,0.5454545454545455,0.17810843272819818
Mistral-7B-Instruct-v0.3,SciERC,NIPS_2001_11_abs,exact_f1,0.22072680831301525,0.5454545454545455,0.17740125499648124
Mistral-7B-Instruct-v0.3,SciERC,NIPS_2002_11_abs,partial_f1,0.20289855072463764,0.4,0.16571701724525123
Mistral-7B-Instruct-v0.3,SciERC,NIPS_2002_11_abs,exact_f1,0.1799420289855072,0.3478260869565217,0.15444244225249124
Mistral-7B-Instruct-v0.3,SciERC,NIPS_2002_18_abs,partial_f1,0.0997835497835498,0.2857142857142857,0.0997679816323682
Mistral-7B-Instruct-v0.3,SciERC,NIPS_2002_18_abs,exact_f1,0.143261810653115,0.2857142857142857,0.11015060224093341
Mistral-7B-Instruct-v0.3,SciERC,NIPS_2015_18_abs,partial_f1,0.10256410256410252,0.3076923076923076,0.11467015269229687
Mistral-7B-Instruct-v0.3,SciERC,NIPS_2015_18_abs,exact_f1,0.10256410256410252,0.3076923076923076,0.11467015269229687
Mistral-7B-Instruct-v0.3,SciERC,NIPS_2016_560_abs,partial_f1,0.05333333333333334,0.16,0.05962847939999439
Mistral-7B-Instruct-v0.3,SciERC,NIPS_2016_560_abs,exact_f1,0.05333333333333334,0.16,0.05962847939999439
Mistral-7B-Instruct-v0.3,SciERC,NIPS_2016_80_abs,partial_f1,0.13939393939393938,0.2727272727272727,0.11030469529212905
Mistral-7B-Instruct-v0.3,SciERC,NIPS_2016_80_abs,exact_f1,0.1090909090909091,0.1818181818181818,0.0909090909090909
Mistral-7B-Instruct-v0.3,SciERC,P01-1056,partial_f1,0.2135124135124135,0.5,0.17402789619379136
Mistral-7B-Instruct-v0.3,SciERC,P01-1056,exact_f1,0.18221408221408222,0.4444444444444445,0.14145727159680363
Mistral-7B-Instruct-v0.3,SciERC,P03-1070,partial_f1,0.14104463437796763,0.2892307692307692,0.10606845216759815
Mistral-7B-Instruct-v0.3,SciERC,P03-1070,exact_f1,0.12809116809116813,0.2923076923076924,0.10720128036575653
Mistral-7B-Instruct-v0.3,SciERC,P04-2005,partial_f1,0.08554992158996604,0.1861471861471861,0.0636117326822209
Mistral-7B-Instruct-v0.3,SciERC,P04-2005,exact_f1,0.13078536838269875,0.29064039408866993,0.0984822089766488
Mistral-7B-Instruct-v0.3,SciERC,P05-1039,partial_f1,0.07875243664717348,0.13450292397660818,0.0631350282288563
Mistral-7B-Instruct-v0.3,SciERC,P05-1039,exact_f1,0.012475633528265077,0.02339181286549702,0.011027006334293111
Mistral-7B-Instruct-v0.3,SciERC,P05-1046,partial_f1,0.3990147783251231,0.7142857142857143,0.31491688692956765
Mistral-7B-Instruct-v0.3,SciERC,P05-1046,exact_f1,0.38522167487684733,0.7142857142857143,0.3011301302970986
Mistral-7B-Instruct-v0.3,SciERC,P05-1056,partial_f1,0.15577956989247313,0.3125,0.12918040583552823
Mistral-7B-Instruct-v0.3,SciERC,P05-1056,exact_f1,0.10980493520816097,0.2051282051282051,0.0934628644379146
Mistral-7B-Instruct-v0.3,SciERC,P05-1076,partial_f1,0.2736111111111111,0.5,0.21597668805672202
Mistral-7B-Instruct-v0.3,SciERC,P05-1076,exact_f1,0.20138888888888887,0.3749999999999999,0.16597803337107106
Mistral-7B-Instruct-v0.3,SciERC,P05-2013,partial_f1,0.15,0.25,0.125
Mistral-7B-Instruct-v0.3,SciERC,P05-2013,exact_f1,0.15,0.25,0.125
Mistral-7B-Instruct-v0.3,SciERC,P06-1013,partial_f1,0.17824561403508768,0.33157894736842103,0.1379844358051627
Mistral-7B-Instruct-v0.3,SciERC,P06-1013,exact_f1,0.17824561403508768,0.33157894736842103,0.1379844358051627
Mistral-7B-Instruct-v0.3,SciERC,P06-1018,partial_f1,0.1287817629646716,0.3241379310344829,0.10568054420522748
Mistral-7B-Instruct-v0.3,SciERC,P06-1018,exact_f1,0.1461730673124976,0.3241379310344829,0.10927116604094758
Mistral-7B-Instruct-v0.3,SciERC,P06-1053,partial_f1,0.08615984405458091,0.23976608187134507,0.0698837885779468
Mistral-7B-Instruct-v0.3,SciERC,P06-1053,exact_f1,0.1142300194931774,0.23976608187134507,0.09074801636650567
Mistral-7B-Instruct-v0.3,SciERC,P06-2012,partial_f1,0.10317460317460317,0.219047619047619,0.08157633797004911
Mistral-7B-Instruct-v0.3,SciERC,P06-2012,exact_f1,0.054285714285714305,0.11428571428571432,0.044479861172070034
Mistral-7B-Instruct-v0.3,SciERC,P06-3007,partial_f1,0.1588034188034188,0.3461538461538462,0.11768597640456885
Mistral-7B-Instruct-v0.3,SciERC,P06-3007,exact_f1,0.11811965811965815,0.24615384615384622,0.08803522528639622
Mistral-7B-Instruct-v0.3,SciERC,P06-4007,partial_f1,0.11829670329670326,0.3076923076923076,0.09166393355313365
Mistral-7B-Instruct-v0.3,SciERC,P06-4007,exact_f1,0.11829670329670326,0.3076923076923076,0.09166393355313365
Mistral-7B-Instruct-v0.3,SciERC,P08-1105,partial_f1,0.16987012987012984,0.3199999999999999,0.1317271275450008
Mistral-7B-Instruct-v0.3,SciERC,P08-1105,exact_f1,0.16987012987012984,0.3199999999999999,0.1317271275450008
Mistral-7B-Instruct-v0.3,SciERC,P83-1004,partial_f1,0.10410685805422651,0.1947368421052632,0.07945202679309506
Mistral-7B-Instruct-v0.3,SciERC,P83-1004,exact_f1,0.040311004784689,0.10909090909090911,0.03628589058937519
Mistral-7B-Instruct-v0.3,SciERC,P85-1019,partial_f1,0.0659192312445928,0.15732758620689663,0.05068518253790533
Mistral-7B-Instruct-v0.3,SciERC,P85-1019,exact_f1,0.041066926214312204,0.0883620689655173,0.03321727057067998
Mistral-7B-Instruct-v0.3,SciERC,P86-1011,partial_f1,0.10666666666666667,0.2,0.09428090415820635
Mistral-7B-Instruct-v0.3,SciERC,P86-1011,exact_f1,0.10666666666666667,0.2,0.09428090415820635
Mistral-7B-Instruct-v0.3,SciERC,W02-1602,partial_f1,0.1,0.3,0.11180339887498948
Mistral-7B-Instruct-v0.3,SciERC,W02-1602,exact_f1,0.1,0.3,0.11180339887498948
Mistral-7B-Instruct-v0.3,SciERC,X96-1059,partial_f1,0.19288296498822816,0.3636363636363636,0.14982215947568256
Mistral-7B-Instruct-v0.3,SciERC,X96-1059,exact_f1,0.16823270296954507,0.3181818181818182,0.12698265072438436
Qwen3-8B,EBM-NLP,10070173,partial_f1,0.07445146115235973,0.1680216802168022,0.05679220852093639
Qwen3-8B,EBM-NLP,10070173,exact_f1,0.05877689846881117,0.1386392811296534,0.045915200995220944
Qwen3-8B,EBM-NLP,10390665,partial_f1,0.0,0.0,0.0
Qwen3-8B,EBM-NLP,10390665,exact_f1,0.0,0.0,0.0
Qwen3-8B,EBM-NLP,10475150,partial_f1,0.09676767676767677,0.2666666666666666,0.09226956201412322
Qwen3-8B,EBM-NLP,10475150,exact_f1,0.08215488215488216,0.2222222222222222,0.07596305840187527
Qwen3-8B,EBM-NLP,10578479,partial_f1,0.023589743589743566,0.0707692307692307,0.020447647206141967
Qwen3-8B,EBM-NLP,10578479,exact_f1,0.0344086021505376,0.064516129032258,0.03041319488974395
Qwen3-8B,EBM-NLP,10589810,partial_f1,0.049162393162393146,0.09333333333333332,0.03906609387003329
Qwen3-8B,EBM-NLP,10589810,exact_f1,0.03328205128205127,0.09615384615384609,0.03456810636477334
Qwen3-8B,EBM-NLP,10752495,partial_f1,0.14312169312169312,0.33333333333333337,0.10914746926179061
Qwen3-8B,EBM-NLP,10752495,exact_f1,0.07914462081128747,0.1481481481481481,0.06176037295288491
Qwen3-8B,EBM-NLP,10763172,partial_f1,0.056476530005941786,0.1166666666666667,0.04392603648392904
Qwen3-8B,EBM-NLP,10763172,exact_f1,0.05830362448009507,0.125,0.04603346125983249
Qwen3-8B,EBM-NLP,10764172,partial_f1,0.10584045584045582,0.19444444444444448,0.08526990149046725
Qwen3-8B,EBM-NLP,10764172,exact_f1,0.0938746438746439,0.2277777777777778,0.07258058424876986
Qwen3-8B,EBM-NLP,10912743,partial_f1,0.04067197170645446,0.12201591511936338,0.04547264675729016
Qwen3-8B,EBM-NLP,10912743,exact_f1,0.02033598585322723,0.06100795755968169,0.02273632337864508
Qwen3-8B,EBM-NLP,10934569,partial_f1,0.06631532718489237,0.15151515151515152,0.0524831726074533
Qwen3-8B,EBM-NLP,10934569,exact_f1,0.044751866490996904,0.08300395256916991,0.03836009477187
Qwen3-8B,EBM-NLP,10940525,partial_f1,0.13113175094599241,0.3157894736842105,0.10045720954186887
Qwen3-8B,EBM-NLP,10940525,exact_f1,0.07055383556931541,0.1403508771929824,0.05415287289954267
Qwen3-8B,EBM-NLP,11099086,partial_f1,0.08102924352924352,0.2013888888888889,0.06346830447774957
Qwen3-8B,EBM-NLP,11099086,exact_f1,0.07966537966537966,0.1714285714285714,0.060373842826265824
Qwen3-8B,EBM-NLP,11229858,partial_f1,0.09523809523809514,0.17857142857142838,0.08417937871268413
Qwen3-8B,EBM-NLP,11229858,exact_f1,0.1047619047619048,0.1964285714285715,0.09259731658395268
Qwen3-8B,EBM-NLP,1131298,partial_f1,0.12701980758347484,0.24421052631578954,0.09847265463674039
Qwen3-8B,EBM-NLP,1131298,exact_f1,0.03929032258064516,0.09,0.029630168620650325
Qwen3-8B,EBM-NLP,11317090,partial_f1,0.13941183085919925,0.2335526315789473,0.11503325147603648
Qwen3-8B,EBM-NLP,11317090,exact_f1,0.06316914080071977,0.1362179487179488,0.04830921624794164
Qwen3-8B,EBM-NLP,11381289,partial_f1,0.22188933873144404,0.40485829959514175,0.1830613883257954
Qwen3-8B,EBM-NLP,11381289,exact_f1,0.11133603238866398,0.3,0.09153750255903952
Qwen3-8B,EBM-NLP,11401641,partial_f1,0.02792792792792796,0.05405405405405411,0.02394176984850149
Qwen3-8B,EBM-NLP,11401641,exact_f1,0.020320320320320297,0.0585585585585585,0.021417971432211805
Qwen3-8B,EBM-NLP,11454878,partial_f1,0.11284571284571279,0.2469287469287468,0.08673769191272539
Qwen3-8B,EBM-NLP,11454878,exact_f1,0.10606630606630608,0.21007371007371006,0.08070825608875891
Qwen3-8B,EBM-NLP,11495215,partial_f1,0.0551936551936552,0.13675213675213677,0.045600691210156
Qwen3-8B,EBM-NLP,11495215,exact_f1,0.07478247478247478,0.1495726495726496,0.0564397695901746
Qwen3-8B,EBM-NLP,11642083,partial_f1,0.02394946670808738,0.06896551724137928,0.02369788044992709
Qwen3-8B,EBM-NLP,11642083,exact_f1,0.06474060267163716,0.1472506989748369,0.05361280050341726
Qwen3-8B,EBM-NLP,11737955,partial_f1,0.06400000000000002,0.15000000000000002,0.05051347129608114
Qwen3-8B,EBM-NLP,11737955,exact_f1,0.038632478632478616,0.0707692307692307,0.029934059559120055
Qwen3-8B,EBM-NLP,11750293,partial_f1,0.031189083820662766,0.0935672514619883,0.0348704557894704
Qwen3-8B,EBM-NLP,11750293,exact_f1,0.09122807017543862,0.2105263157894737,0.07233518641434494
Qwen3-8B,EBM-NLP,11829043,partial_f1,0.13333333333333333,0.2666666666666666,0.11111111111111109
Qwen3-8B,EBM-NLP,11829043,exact_f1,0.155026455026455,0.28095238095238084,0.11808695282991855
Qwen3-8B,EBM-NLP,11891832,partial_f1,0.03282051282051279,0.061538461538461486,0.029009508971755773
Qwen3-8B,EBM-NLP,11891832,exact_f1,0.03282051282051279,0.061538461538461486,0.029009508971755773
Qwen3-8B,EBM-NLP,12139812,partial_f1,0.08242174062607498,0.231578947368421,0.07175886668001506
Qwen3-8B,EBM-NLP,12139812,exact_f1,0.07629858961128308,0.22105263157894728,0.07391059705245855
Qwen3-8B,EBM-NLP,12477021,partial_f1,0.20767195767195773,0.3492063492063493,0.17022555587485655
Qwen3-8B,EBM-NLP,12477021,exact_f1,0.02777777777777777,0.0833333333333333,0.03105649968749707
Qwen3-8B,EBM-NLP,12576806,partial_f1,0.04328205128205131,0.08923076923076931,0.033914857743993145
Qwen3-8B,EBM-NLP,12576806,exact_f1,0.042871794871794856,0.08615384615384619,0.03445729672865543
Qwen3-8B,EBM-NLP,12586799,partial_f1,0.01944049312470367,0.058321479374111,0.02173513207147735
Qwen3-8B,EBM-NLP,12586799,exact_f1,0.018492176386913237,0.0554765291607397,0.020674881726527226
Qwen3-8B,EBM-NLP,12595499,partial_f1,0.13380968348710287,0.3638253638253639,0.1109273970317044
Qwen3-8B,EBM-NLP,12595499,exact_f1,0.09323637710734481,0.2659340659340659,0.0802135848095228
Qwen3-8B,EBM-NLP,12709693,partial_f1,0.09117929960035218,0.2105263157894736,0.07196054583354804
Qwen3-8B,EBM-NLP,12709693,exact_f1,0.08160401002506262,0.2105263157894736,0.07707734723346825
Qwen3-8B,EBM-NLP,1286547,partial_f1,0.17688407271740605,0.3851851851851852,0.13224777955507816
Qwen3-8B,EBM-NLP,1286547,exact_f1,0.1410046126712793,0.3009259259259259,0.10543000191190831
Qwen3-8B,EBM-NLP,12960652,partial_f1,0.07904761904761905,0.1952380952380952,0.06904761904761904
Qwen3-8B,EBM-NLP,12960652,exact_f1,0.06380952380952377,0.1428571428571428,0.050451476429564476
Qwen3-8B,EBM-NLP,1459268,partial_f1,0.06898291480334831,0.1894736842105265,0.06681871432830128
Qwen3-8B,EBM-NLP,1459268,exact_f1,0.09554867561059507,0.2105263157894736,0.07579149286814223
Qwen3-8B,EBM-NLP,14679127,partial_f1,0.0,0.0,0.0
Qwen3-8B,EBM-NLP,14679127,exact_f1,0.03232323232323232,0.06060606060606061,0.028569970957032224
Qwen3-8B,EBM-NLP,14739125,partial_f1,0.24929914075220458,0.47124824684431976,0.19204019775581643
Qwen3-8B,EBM-NLP,14739125,exact_f1,0.25367457400332094,0.49368863955119224,0.19336897127043634
Qwen3-8B,EBM-NLP,14763035,partial_f1,0.1546826902804133,0.30645161290322587,0.11669030080431202
Qwen3-8B,EBM-NLP,14763035,exact_f1,0.08655020431111517,0.188888888888889,0.0647671547723983
Qwen3-8B,EBM-NLP,15014018,partial_f1,0.0822055137844612,0.18571428571428583,0.06467769576713968
Qwen3-8B,EBM-NLP,15014018,exact_f1,0.0350877192982456,0.1052631578947368,0.039229262763154193
Qwen3-8B,EBM-NLP,15133359,partial_f1,0.16343685300207036,0.2927536231884058,0.13095385395124062
Qwen3-8B,EBM-NLP,15133359,exact_f1,0.07428571428571426,0.1428571428571428,0.06406487641463669
Qwen3-8B,EBM-NLP,15193668,partial_f1,0.10120990120990123,0.17316017316017318,0.08098606817675445
Qwen3-8B,EBM-NLP,15193668,exact_f1,0.1125985125985126,0.1958041958041958,0.09199987588005681
Qwen3-8B,EBM-NLP,15358868,partial_f1,0.05277777777777777,0.1333333333333333,0.04376653126830202
Qwen3-8B,EBM-NLP,15358868,exact_f1,0.06555555555555555,0.125,0.050350281941935277
Qwen3-8B,EBM-NLP,15848261,partial_f1,0.11954199551529922,0.3118279569892473,0.09724239582958492
Qwen3-8B,EBM-NLP,15848261,exact_f1,0.15941963733954834,0.3452380952380952,0.12233157576492869
Qwen3-8B,EBM-NLP,15854186,partial_f1,0.019487179487179485,0.058461538461538454,0.021787329011536412
Qwen3-8B,EBM-NLP,15854186,exact_f1,0.0030769230769230973,0.009230769230769292,0.0034401045807689306
Qwen3-8B,EBM-NLP,15858959,partial_f1,0.09377934947194909,0.17399804496578689,0.072258775719397
Qwen3-8B,EBM-NLP,15858959,exact_f1,0.08498169551300486,0.185483870967742,0.07131839767244168
Qwen3-8B,EBM-NLP,16055807,partial_f1,0.0736154110767114,0.1424148606811146,0.06050886712556999
Qwen3-8B,EBM-NLP,16055807,exact_f1,0.050085999312005525,0.1424148606811146,0.047545790354590355
Qwen3-8B,EBM-NLP,16167234,partial_f1,0.0,0.0,0.0
Qwen3-8B,EBM-NLP,16167234,exact_f1,0.0,0.0,0.0
Qwen3-8B,EBM-NLP,16295154,partial_f1,0.08727272727272731,0.1454545454545455,0.07272727272727275
Qwen3-8B,EBM-NLP,16295154,exact_f1,0.07696969696969695,0.18181818181818182,0.06654603410908408
Qwen3-8B,EBM-NLP,16427787,partial_f1,0.04897354497354501,0.0977777777777778,0.03696750843408567
Qwen3-8B,EBM-NLP,16427787,exact_f1,0.08230687830687836,0.1533333333333334,0.06374589911943317
Qwen3-8B,EBM-NLP,16505427,partial_f1,0.08541491050666007,0.16858237547892713,0.06410962164214856
Qwen3-8B,EBM-NLP,16505427,exact_f1,0.07555194652038848,0.1582150101419879,0.05831986192748624
Qwen3-8B,EBM-NLP,1669598,partial_f1,0.06457953554727751,0.15835777126099715,0.055476086493892324
Qwen3-8B,EBM-NLP,1669598,exact_f1,0.03566187154896832,0.07432432432432429,0.027760524234634182
Qwen3-8B,EBM-NLP,17293018,partial_f1,0.1072196209587514,0.2330434782608696,0.08302472582461619
Qwen3-8B,EBM-NLP,17293018,exact_f1,0.0777614269788183,0.1739130434782609,0.05906958822324049
Qwen3-8B,EBM-NLP,17321989,partial_f1,0.031425364758698095,0.09427609427609429,0.03194453192322761
Qwen3-8B,EBM-NLP,17321989,exact_f1,0.0202020202020202,0.0606060606060606,0.022586545227270598
Qwen3-8B,EBM-NLP,17616069,partial_f1,0.13594738594738595,0.2662337662337662,0.10585467420591792
Qwen3-8B,EBM-NLP,17616069,exact_f1,0.03857253857253855,0.0757575757575757,0.030667145640884186
Qwen3-8B,EBM-NLP,1780092,partial_f1,0.10709382151029748,0.22608695652173913,0.08152578709823566
Qwen3-8B,EBM-NLP,1780092,exact_f1,0.05845919145690312,0.14608695652173911,0.05164955682358425
Qwen3-8B,EBM-NLP,17897478,partial_f1,0.0445753972429759,0.09028727770177838,0.033919927559664595
Qwen3-8B,EBM-NLP,17897478,exact_f1,0.08007496379589399,0.1538461538461538,0.06838987553134174
Qwen3-8B,EBM-NLP,18077611,partial_f1,0.10252775293929109,0.2175346077785102,0.08154132906870788
Qwen3-8B,EBM-NLP,18077611,exact_f1,0.12189824153880638,0.2380952380952381,0.09848053706488397
Qwen3-8B,EBM-NLP,18189160,partial_f1,0.050232558139534936,0.12506459948320423,0.044218523205441326
Qwen3-8B,EBM-NLP,18189160,exact_f1,0.05271317829457369,0.1291989664082688,0.04571526101538539
Qwen3-8B,EBM-NLP,18229990,partial_f1,0.09945609945609947,0.29836829836829837,0.11119529958040911
Qwen3-8B,EBM-NLP,18229990,exact_f1,0.08795648795648799,0.1538461538461539,0.06953614334679219
Qwen3-8B,EBM-NLP,18337284,partial_f1,0.048376068376068414,0.1025641025641026,0.03842590942335724
Qwen3-8B,EBM-NLP,18337284,exact_f1,0.030598290598290615,0.05128205128205131,0.025228157509650333
Qwen3-8B,EBM-NLP,18503531,partial_f1,0.0,0.0,0.0
Qwen3-8B,EBM-NLP,18503531,exact_f1,0.048484848484848485,0.0909090909090909,0.042854956435548326
Qwen3-8B,EBM-NLP,18544974,partial_f1,0.09071722741358962,0.2064516129032258,0.07224263256710031
Qwen3-8B,EBM-NLP,18544974,exact_f1,0.06428754558294927,0.1620071684587814,0.052052495799581884
Qwen3-8B,EBM-NLP,18773733,partial_f1,0.23636128364389233,0.5625,0.18186141495843752
Qwen3-8B,EBM-NLP,18773733,exact_f1,0.21718426501035198,0.5,0.16382775721859902
Qwen3-8B,EBM-NLP,18783504,partial_f1,0.1407066052227343,0.2709677419354839,0.11009157899454235
Qwen3-8B,EBM-NLP,18783504,exact_f1,0.05611933058452581,0.1428571428571428,0.04477318487709834
Qwen3-8B,EBM-NLP,18845996,partial_f1,0.07247730858278524,0.1650992685475444,0.0562930947289643
Qwen3-8B,EBM-NLP,18845996,exact_f1,0.05911856905771713,0.1128526645768025,0.04506793525840379
Qwen3-8B,EBM-NLP,18958161,partial_f1,0.13902295263851328,0.29473684210526313,0.10345776657448338
Qwen3-8B,EBM-NLP,18958161,exact_f1,0.053027667984189716,0.0909090909090909,0.04309573409891207
Qwen3-8B,EBM-NLP,18975051,partial_f1,0.04565217391304346,0.0869565217391304,0.04015132900937025
Qwen3-8B,EBM-NLP,18975051,exact_f1,0.0,0.0,0.0
Qwen3-8B,EBM-NLP,19096921,partial_f1,0.027080844285145327,0.08124253285543598,0.02487381491574119
Qwen3-8B,EBM-NLP,19096921,exact_f1,0.06258747226489159,0.1290322580645161,0.04945833938452201
Qwen3-8B,EBM-NLP,19108790,partial_f1,0.06890442890442892,0.1412587412587413,0.05377980912912458
Qwen3-8B,EBM-NLP,19108790,exact_f1,0.07307087973754639,0.1481481481481481,0.05822280200746678
Qwen3-8B,EBM-NLP,19159999,partial_f1,0.14517090319834114,0.2939068100358424,0.11248124638622219
Qwen3-8B,EBM-NLP,19159999,exact_f1,0.10154492646150043,0.1744324970131422,0.08094201688736398
Qwen3-8B,EBM-NLP,19301724,partial_f1,0.05848913592966095,0.12340642529321769,0.04599104691326593
Qwen3-8B,EBM-NLP,19301724,exact_f1,0.03330814167565602,0.06511056511056512,0.025738060417570825
Qwen3-8B,EBM-NLP,19376304,partial_f1,0.01594202898550723,0.047826086956521685,0.017823730255433084
Qwen3-8B,EBM-NLP,19376304,exact_f1,0.020289855072463763,0.060869565217391286,0.022684747597823948
Qwen3-8B,EBM-NLP,1963383,partial_f1,0.054409628603176954,0.12087912087912078,0.043415093749186985
Qwen3-8B,EBM-NLP,1963383,exact_f1,0.04370714908349318,0.09956709956709961,0.03653641660090401
Qwen3-8B,EBM-NLP,1968178,partial_f1,0.05581780538302271,0.12173913043478246,0.04431415733187341
Qwen3-8B,EBM-NLP,1968178,exact_f1,0.10650103519668737,0.1857142857142857,0.08422252351149528
Qwen3-8B,EBM-NLP,19708562,partial_f1,0.08807017543859648,0.16666666666666663,0.06909808980108062
Qwen3-8B,EBM-NLP,19708562,exact_f1,0.09588972431077697,0.17619047619047623,0.07547449582543445
Qwen3-8B,EBM-NLP,19727232,partial_f1,0.006371963361210671,0.019115890083632014,0.007124071612902554
Qwen3-8B,EBM-NLP,19727232,exact_f1,0.006371963361210671,0.019115890083632014,0.007124071612902554
Qwen3-8B,EBM-NLP,19802506,partial_f1,0.07850931677018637,0.1460869565217392,0.06266585185610056
Qwen3-8B,EBM-NLP,19802506,exact_f1,0.06875598935226263,0.11978704525288371,0.05409195613613915
Qwen3-8B,EBM-NLP,20147856,partial_f1,0.046384479717813114,0.1296296296296297,0.03792143463711558
Qwen3-8B,EBM-NLP,20147856,exact_f1,0.08112874779541442,0.1428571428571428,0.06419849990547191
Qwen3-8B,EBM-NLP,20189026,partial_f1,0.04568937427669352,0.09613375130616508,0.036315707457093456
Qwen3-8B,EBM-NLP,20189026,exact_f1,0.03999056190379883,0.1128526645768025,0.03300078262016398
Qwen3-8B,EBM-NLP,20226474,partial_f1,0.0888040657594905,0.24314765694076043,0.08886090772897522
Qwen3-8B,EBM-NLP,20226474,exact_f1,0.04892713118112612,0.12201591511936338,0.04499545241791036
Qwen3-8B,EBM-NLP,20509069,partial_f1,0.09782030834662417,0.2121212121212122,0.07467491674393785
Qwen3-8B,EBM-NLP,20509069,exact_f1,0.169023569023569,0.34343434343434337,0.13951651931386397
Qwen3-8B,EBM-NLP,20560622,partial_f1,0.19829263555626184,0.4761904761904763,0.16682826527075037
Qwen3-8B,EBM-NLP,20560622,exact_f1,0.08710330702544274,0.24958949096880137,0.07472933768634628
Qwen3-8B,EBM-NLP,20618920,partial_f1,0.10170940170940172,0.282051282051282,0.08289386641568726
Qwen3-8B,EBM-NLP,20618920,exact_f1,0.09572649572649575,0.17948717948717952,0.08175695072525212
Qwen3-8B,EBM-NLP,2066441,partial_f1,0.14150738150738149,0.2615384615384615,0.10745538699701769
Qwen3-8B,EBM-NLP,2066441,exact_f1,0.05333333333333333,0.1,0.047140452079103175
Qwen3-8B,EBM-NLP,20739054,partial_f1,0.07019705004166714,0.1375262054507338,0.054399952855407045
Qwen3-8B,EBM-NLP,20739054,exact_f1,0.039572715688143016,0.073202614379085,0.031233958147594186
Qwen3-8B,EBM-NLP,20804366,partial_f1,0.08167145135566185,0.1621052631578947,0.07111447268266705
Qwen3-8B,EBM-NLP,20804366,exact_f1,0.06866985645933016,0.1347368421052632,0.052542249088705195
Qwen3-8B,EBM-NLP,2088233,partial_f1,0.1151946532999164,0.22095238095238087,0.09137444840655497
Qwen3-8B,EBM-NLP,2088233,exact_f1,0.04356223893065994,0.11047619047619041,0.03907501713610795
Qwen3-8B,EBM-NLP,20943715,partial_f1,0.07328749681690858,0.15151515151515152,0.05790427383167376
Qwen3-8B,EBM-NLP,20943715,exact_f1,0.025447754859519577,0.05210084033613449,0.021230869262414815
Qwen3-8B,EBM-NLP,21029638,partial_f1,0.04051085568326946,0.08429118773946351,0.03283241497227645
Qwen3-8B,EBM-NLP,21029638,exact_f1,0.04049382716049385,0.08148148148148152,0.034654717372927746
Qwen3-8B,EBM-NLP,21106663,partial_f1,0.069661736039445,0.13003095975232198,0.055508124748594505
Qwen3-8B,EBM-NLP,21106663,exact_f1,0.008359133126934985,0.01764705882352939,0.00633211687787396
Qwen3-8B,EBM-NLP,21170734,partial_f1,0.03915239350021963,0.07114624505928863,0.032050185153730364
Qwen3-8B,EBM-NLP,21170734,exact_f1,0.044927536231884065,0.08695652173913049,0.038442967062795326
Qwen3-8B,EBM-NLP,21211686,partial_f1,0.15733109524194075,0.28772164603546335,0.12348059787126245
Qwen3-8B,EBM-NLP,21211686,exact_f1,0.15263244924877808,0.3037805286048846,0.11554133453347847
Qwen3-8B,EBM-NLP,21393467,partial_f1,0.12900432900432898,0.2597402597402597,0.09729564969271458
Qwen3-8B,EBM-NLP,21393467,exact_f1,0.0683982683982684,0.1818181818181818,0.06156477339102982
Qwen3-8B,EBM-NLP,21491990,partial_f1,0.08036985236985238,0.1490909090909091,0.06102773881253823
Qwen3-8B,EBM-NLP,21491990,exact_f1,0.0,0.0,0.0
Qwen3-8B,EBM-NLP,21669557,partial_f1,0.14857142857142852,0.26857142857142846,0.12054298919845131
Qwen3-8B,EBM-NLP,21669557,exact_f1,0.11580952380952378,0.24,0.08927015737486084
Qwen3-8B,EBM-NLP,21718094,partial_f1,0.018911952245285548,0.047619047619047505,0.014940142989757819
Qwen3-8B,EBM-NLP,21718094,exact_f1,0.018518518518518497,0.0555555555555555,0.02070433312499803
Qwen3-8B,EBM-NLP,21866656,partial_f1,0.0,0.0,0.0
Qwen3-8B,EBM-NLP,21866656,exact_f1,0.0,0.0,0.0
Qwen3-8B,EBM-NLP,2188766,partial_f1,0.04769705603038933,0.0911680911680911,0.038517783095662415
Qwen3-8B,EBM-NLP,2188766,exact_f1,0.07832383665716998,0.1566951566951567,0.060273186364518436
Qwen3-8B,EBM-NLP,21896676,partial_f1,0.0,0.0,0.0
Qwen3-8B,EBM-NLP,21896676,exact_f1,0.0,0.0,1.3877787807814457e-17
Qwen3-8B,EBM-NLP,21914768,partial_f1,0.09324009324009333,0.17482517482517496,0.08241337776066994
Qwen3-8B,EBM-NLP,21914768,exact_f1,0.09277389277389275,0.20279720279720279,0.07361134114050408
Qwen3-8B,EBM-NLP,21924760,partial_f1,0.03979487179487176,0.0769230769230769,0.0330297618934386
Qwen3-8B,EBM-NLP,21924760,exact_f1,0.04205128205128204,0.08,0.03699778766241591
Qwen3-8B,EBM-NLP,21975269,partial_f1,0.11794871794871799,0.3076923076923077,0.10145566316359626
Qwen3-8B,EBM-NLP,21975269,exact_f1,0.052421652421652414,0.1538461538461538,0.056118847873482064
Qwen3-8B,EBM-NLP,21982657,partial_f1,0.035701415701415724,0.06456456456456461,0.028204168197483028
Qwen3-8B,EBM-NLP,21982657,exact_f1,0.03451737451737455,0.06006006006006012,0.027863610888995496
Qwen3-8B,EBM-NLP,22154769,partial_f1,0.042439431913116096,0.1047619047619047,0.03392606269168603
Qwen3-8B,EBM-NLP,22154769,exact_f1,0.030231829573934832,0.0708333333333333,0.022984189443496277
Qwen3-8B,EBM-NLP,2223363,partial_f1,0.06508427932576534,0.11764705882352933,0.049095289165937715
Qwen3-8B,EBM-NLP,2223363,exact_f1,0.062057103543171684,0.1176470588235295,0.04837440702899664
Qwen3-8B,EBM-NLP,2224060,partial_f1,0.045598845598845576,0.10822510822510817,0.035895077839892424
Qwen3-8B,EBM-NLP,2224060,exact_f1,0.05255411255411254,0.0952380952380952,0.041242649898535114
Qwen3-8B,EBM-NLP,22271197,partial_f1,0.03726708074534164,0.07608695652173919,0.032319401315595325
Qwen3-8B,EBM-NLP,22271197,exact_f1,0.03726708074534164,0.07608695652173919,0.032319401315595325
Qwen3-8B,EBM-NLP,22341427,partial_f1,0.10185676392572941,0.169761273209549,0.0848806366047745
Qwen3-8B,EBM-NLP,22341427,exact_f1,0.1046861184792219,0.2051282051282051,0.08282962637404326
Qwen3-8B,EBM-NLP,22416755,partial_f1,0.13156565656565655,0.26136363636363635,0.10244513222057525
Qwen3-8B,EBM-NLP,22416755,exact_f1,0.03193602693602691,0.08080808080808072,0.027160816293500846
Qwen3-8B,EBM-NLP,22420121,partial_f1,0.06153846153846152,0.18461538461538457,0.053417093989742696
Qwen3-8B,EBM-NLP,22420121,exact_f1,0.04358974358974356,0.1307692307692307,0.04112567931370625
Qwen3-8B,EBM-NLP,22435114,partial_f1,0.09618726952060287,0.2328042328042328,0.07260785064681528
Qwen3-8B,EBM-NLP,22435114,exact_f1,0.08443033509700174,0.1904761904761905,0.06877782279999353
Qwen3-8B,EBM-NLP,22538329,partial_f1,0.05500162919517757,0.14076246334310852,0.05160158355784519
Qwen3-8B,EBM-NLP,22538329,exact_f1,0.08124977372289197,0.1481481481481481,0.0636134340052561
Qwen3-8B,EBM-NLP,22646975,partial_f1,0.02518417255259358,0.06516290726817037,0.0218323475195334
Qwen3-8B,EBM-NLP,22646975,exact_f1,0.0276600592390066,0.075187969924812,0.025779682898614233
Qwen3-8B,EBM-NLP,22744141,partial_f1,0.09890572390572393,0.18055555555555558,0.07854289780473524
Qwen3-8B,EBM-NLP,22744141,exact_f1,0.07180134680134681,0.1931818181818182,0.06030022733918157
Qwen3-8B,EBM-NLP,22865017,partial_f1,0.0532150776053215,0.15964523281596452,0.04696748556705582
Qwen3-8B,EBM-NLP,22865017,exact_f1,0.004434589800443432,0.013303769401330295,0.00495802212305937
Qwen3-8B,EBM-NLP,22881991,partial_f1,0.060219780219780236,0.1476923076923077,0.04712080850321829
Qwen3-8B,EBM-NLP,22881991,exact_f1,0.02137728937728937,0.06043956043956039,0.022179933329451017
Qwen3-8B,EBM-NLP,22897461,partial_f1,0.05382102599493902,0.10559006211180122,0.042580170719535286
Qwen3-8B,EBM-NLP,22897461,exact_f1,0.0158822176213481,0.02732919254658389,0.013036396509994566
Qwen3-8B,EBM-NLP,22956006,partial_f1,0.02854792266556972,0.07993966817496229,0.025547825140588638
Qwen3-8B,EBM-NLP,22956006,exact_f1,0.04413364413364414,0.1212121212121212,0.04371217085450926
Qwen3-8B,EBM-NLP,23021296,partial_f1,0.12985507246376812,0.22608695652173913,0.10272489940098174
Qwen3-8B,EBM-NLP,23021296,exact_f1,0.008347826086956533,0.01391304347826089,0.006956521739130445
Qwen3-8B,EBM-NLP,23103798,partial_f1,0.13272030651340996,0.2471264367816092,0.10731936868974087
Qwen3-8B,EBM-NLP,23103798,exact_f1,0.10482758620689654,0.19252873563218387,0.08353061599507809
Qwen3-8B,EBM-NLP,23114870,partial_f1,0.15278481408512368,0.2998405103668262,0.11950647721939925
Qwen3-8B,EBM-NLP,23114870,exact_f1,0.05248147105732242,0.09907120743034051,0.04030123628933092
Qwen3-8B,EBM-NLP,23356250,partial_f1,0.025747126436781564,0.06896551724137923,0.025182646322076573
Qwen3-8B,EBM-NLP,23356250,exact_f1,0.023908045977011485,0.0689655172413793,0.02541474935138237
Qwen3-8B,EBM-NLP,23357440,partial_f1,0.08632258064516128,0.18,0.07476428446129452
Qwen3-8B,EBM-NLP,23357440,exact_f1,0.06151766513056834,0.1257142857142857,0.053345684398816984
Qwen3-8B,EBM-NLP,23392542,partial_f1,0.05637254901960782,0.16911764705882348,0.05054114969797301
Qwen3-8B,EBM-NLP,23392542,exact_f1,0.09336749851455732,0.23161764705882348,0.0724035714397609
Qwen3-8B,EBM-NLP,23417625,partial_f1,0.008514261387824592,0.025542784163473775,0.009519233620688745
Qwen3-8B,EBM-NLP,23417625,exact_f1,0.07407407407407403,0.2222222222222221,0.08281733249999217
Qwen3-8B,EBM-NLP,23549581,partial_f1,0.12237025706045758,0.3167420814479638,0.10627318387166794
Qwen3-8B,EBM-NLP,23549581,exact_f1,0.06149614142674102,0.1814865481076152,0.0659678476354639
Qwen3-8B,EBM-NLP,23838728,partial_f1,0.03998968008255934,0.08049535603715172,0.030735433430971015
Qwen3-8B,EBM-NLP,23838728,exact_f1,0.030921912624698965,0.05614035087719291,0.023387128279476442
Qwen3-8B,EBM-NLP,23849147,partial_f1,0.21835748792270537,0.44202898550724645,0.16636007647547296
Qwen3-8B,EBM-NLP,23849147,exact_f1,0.12202898550724638,0.2608695652173913,0.09560000773368667
Qwen3-8B,EBM-NLP,23985254,partial_f1,0.11617203408438084,0.2161645145863224,0.09500276822394634
Qwen3-8B,EBM-NLP,23985254,exact_f1,0.0576258237610123,0.1568627450980392,0.0475066058752891
Qwen3-8B,EBM-NLP,24075141,partial_f1,0.20245145881185925,0.409090909090909,0.16320724155689542
Qwen3-8B,EBM-NLP,24075141,exact_f1,0.12409054793926874,0.2425806451612903,0.09232684754064273
Qwen3-8B,EBM-NLP,24080592,partial_f1,0.02942528735632187,0.0551724137931035,0.022544632321410484
Qwen3-8B,EBM-NLP,24080592,exact_f1,0.034329501915708806,0.06436781609195401,0.029213719967996384
Qwen3-8B,EBM-NLP,24317958,partial_f1,0.21964573268921092,0.4444444444444444,0.1688672816472001
Qwen3-8B,EBM-NLP,24317958,exact_f1,0.21964573268921095,0.4444444444444444,0.1813936578346578
Qwen3-8B,EBM-NLP,24350813,partial_f1,0.1478920457071717,0.27755102040816326,0.12213711306468665
Qwen3-8B,EBM-NLP,24350813,exact_f1,0.05405095371481926,0.1258503401360544,0.041800853959767514
Qwen3-8B,EBM-NLP,24451919,partial_f1,0.05295815295815293,0.09764309764309759,0.04471574735265666
Qwen3-8B,EBM-NLP,24451919,exact_f1,0.05238095238095233,0.13131313131313122,0.04753835701411031
Qwen3-8B,EBM-NLP,24515505,partial_f1,0.10277726837418756,0.2952380952380953,0.09858649135889232
Qwen3-8B,EBM-NLP,24515505,exact_f1,0.023603724759052112,0.0617886178861789,0.019891466496288104
Qwen3-8B,EBM-NLP,24660757,partial_f1,0.10508563899868252,0.18181818181818193,0.08218007160454195
Qwen3-8B,EBM-NLP,24660757,exact_f1,0.07957839262187087,0.1818181818181818,0.06264818670866266
Qwen3-8B,EBM-NLP,24726342,partial_f1,0.04414454940770731,0.12393162393162399,0.045158357544415426
Qwen3-8B,EBM-NLP,24726342,exact_f1,0.018788424051581938,0.0555555555555555,0.01958943240978754
Qwen3-8B,EBM-NLP,24803369,partial_f1,0.1038095238095238,0.19999999999999998,0.08937297323392122
Qwen3-8B,EBM-NLP,24803369,exact_f1,0.052380952380952375,0.1,0.045488031367959036
Qwen3-8B,EBM-NLP,24960665,partial_f1,0.10613434857917028,0.2346041055718475,0.08082514108160885
Qwen3-8B,EBM-NLP,24960665,exact_f1,0.062091200631098784,0.1409168081494058,0.048923998178261346
Qwen3-8B,EBM-NLP,24989854,partial_f1,0.057219973009446694,0.10526315789473684,0.045074134232569854
Qwen3-8B,EBM-NLP,24989854,exact_f1,0.03292847503373819,0.058029689608637,0.0262493827456503
Qwen3-8B,EBM-NLP,25068497,partial_f1,0.09083380387728215,0.16883116883116878,0.07015979115032304
Qwen3-8B,EBM-NLP,25068497,exact_f1,0.04617604617604618,0.08658008658008659,0.03908445284108266
Qwen3-8B,EBM-NLP,25369243,partial_f1,0.0608285804187853,0.15714285714285708,0.04700759589907882
Qwen3-8B,EBM-NLP,25369243,exact_f1,0.013450417648318702,0.03103448275862071,0.010881779311847384
Qwen3-8B,EBM-NLP,25479285,partial_f1,0.02984679089026918,0.06211180124223609,0.023673280188489784
Qwen3-8B,EBM-NLP,25479285,exact_f1,0.07757073844030365,0.1904761904761905,0.06220395280414276
Qwen3-8B,EBM-NLP,25784723,partial_f1,0.0028490028490028665,0.0085470085470086,0.00318528201923049
Qwen3-8B,EBM-NLP,25784723,exact_f1,0.0018993352326685624,0.005698005698005687,0.002123521346153642
Qwen3-8B,EBM-NLP,25885649,partial_f1,0.13267390698969642,0.23746031746031737,0.10717998314171141
Qwen3-8B,EBM-NLP,25885649,exact_f1,0.04533333333333334,0.08,0.03590109871423003
Qwen3-8B,EBM-NLP,25886492,partial_f1,0.1617264455974133,0.303030303030303,0.13337394427629115
Qwen3-8B,EBM-NLP,25886492,exact_f1,0.05392886683209263,0.1212121212121212,0.04162344978447914
Qwen3-8B,EBM-NLP,25898782,partial_f1,0.03997498436522827,0.08505315822388992,0.03311821251981305
Qwen3-8B,EBM-NLP,25898782,exact_f1,0.07102216663192268,0.1777777777777777,0.05472394183578728
Qwen3-8B,EBM-NLP,25931290,partial_f1,0.04736842105263162,0.07894736842105271,0.039473684210526355
Qwen3-8B,EBM-NLP,25931290,exact_f1,0.08456140350877192,0.19999999999999998,0.06763493517965345
Qwen3-8B,EBM-NLP,25950425,partial_f1,0.03856185555380068,0.1,0.03532943790600642
Qwen3-8B,EBM-NLP,25950425,exact_f1,0.005622391191534478,0.0142276422764228,0.004683875897922257
Qwen3-8B,EBM-NLP,26210844,partial_f1,0.02298850574712643,0.0689655172413793,0.025701930775859645
Qwen3-8B,EBM-NLP,26210844,exact_f1,0.0,0.0,0.0
Qwen3-8B,EBM-NLP,26278470,partial_f1,0.0,0.0,0.0
Qwen3-8B,EBM-NLP,26278470,exact_f1,0.039215686274509796,0.1176470588235294,0.043844470147054705
Qwen3-8B,EBM-NLP,2678230,partial_f1,0.21341377576671697,0.3981900452488688,0.166899270236955
Qwen3-8B,EBM-NLP,2678230,exact_f1,0.20392156862745098,0.4,0.1687743191799153
Qwen3-8B,EBM-NLP,2803397,partial_f1,0.16158730158730158,0.2984126984126984,0.12250619796367272
Qwen3-8B,EBM-NLP,2803397,exact_f1,0.15915343915343916,0.3333333333333333,0.12075205489329338
Qwen3-8B,EBM-NLP,2908133,partial_f1,0.09138277181755446,0.2261904761904762,0.07078280506771867
Qwen3-8B,EBM-NLP,2908133,exact_f1,0.09978354978354978,0.25,0.07895639478831336
Qwen3-8B,EBM-NLP,3067745,partial_f1,0.10237107921318446,0.21052631578947367,0.07860032878176225
Qwen3-8B,EBM-NLP,3067745,exact_f1,0.07089491405280882,0.1339712918660287,0.05443672617885627
Qwen3-8B,EBM-NLP,3074300,partial_f1,0.06541274817136883,0.12121212121212116,0.05593315573703684
Qwen3-8B,EBM-NLP,3074300,exact_f1,0.06684314408452341,0.13103448275862073,0.05304646323908033
Qwen3-8B,EBM-NLP,3081600,partial_f1,0.08454212454212452,0.15384615384615383,0.06626342240695772
Qwen3-8B,EBM-NLP,3081600,exact_f1,0.02686202686202687,0.051282051282051294,0.021205560968203193
Qwen3-8B,EBM-NLP,3534803,partial_f1,0.061390987046159425,0.1422222222222222,0.04874841108724725
Qwen3-8B,EBM-NLP,3534803,exact_f1,0.08272432037949275,0.1422222222222222,0.06737954462953145
Qwen3-8B,EBM-NLP,361799,partial_f1,0.06569453937874994,0.1253132832080201,0.05189479759553483
Qwen3-8B,EBM-NLP,361799,exact_f1,0.11753626490468597,0.2205513784461153,0.08860632460850273
Qwen3-8B,EBM-NLP,384815,partial_f1,0.0,0.0,1.1102230246251565e-16
Qwen3-8B,EBM-NLP,384815,exact_f1,0.0,0.0,0.0
Qwen3-8B,EBM-NLP,3919804,partial_f1,0.0291282573635515,0.06060606060606066,0.023007126020905894
Qwen3-8B,EBM-NLP,3919804,exact_f1,0.010294542059247958,0.019047619047619105,0.008061168525456755
Qwen3-8B,EBM-NLP,4919024,partial_f1,0.11111111111111113,0.33333333333333337,0.11493422703098446
Qwen3-8B,EBM-NLP,4919024,exact_f1,0.11111111111111113,0.33333333333333337,0.11493422703098446
Qwen3-8B,EBM-NLP,6418441,partial_f1,0.04932795698924743,0.11088709677419373,0.040178112615225935
Qwen3-8B,EBM-NLP,6418441,exact_f1,0.09529569892473114,0.20161290322580638,0.07211635274363423
Qwen3-8B,EBM-NLP,6421395,partial_f1,0.15615988949322282,0.2692307692307693,0.12322545035853433
Qwen3-8B,EBM-NLP,6421395,exact_f1,0.2334628334628335,0.42307692307692313,0.18604413755866248
Qwen3-8B,EBM-NLP,6920252,partial_f1,0.18256082385114644,0.37948717948717947,0.14064311727807927
Qwen3-8B,EBM-NLP,6920252,exact_f1,0.16159636062861868,0.3076923076923076,0.12156326762555625
Qwen3-8B,EBM-NLP,6938020,partial_f1,0.09401709401709399,0.20512820512820512,0.08164518450659315
Qwen3-8B,EBM-NLP,6938020,exact_f1,0.13811965811965818,0.3128205128205129,0.11061031123990964
Qwen3-8B,EBM-NLP,6951573,partial_f1,0.06509803921568627,0.12418300653594769,0.05233521795207088
Qwen3-8B,EBM-NLP,6951573,exact_f1,0.06217864923747275,0.1176470588235294,0.05209717054574388
Qwen3-8B,EBM-NLP,6989377,partial_f1,0.1767265178117892,0.3703703703703704,0.13172591951169535
Qwen3-8B,EBM-NLP,6989377,exact_f1,0.11339914750767462,0.2325581395348837,0.08669281204619934
Qwen3-8B,EBM-NLP,7017018,partial_f1,0.13049019607843138,0.25,0.1000970376401702
Qwen3-8B,EBM-NLP,7017018,exact_f1,0.07052287581699344,0.125,0.056490829781250085
Qwen3-8B,EBM-NLP,7598243,partial_f1,0.05532416093391704,0.10256410256410259,0.04395160392396478
Qwen3-8B,EBM-NLP,7598243,exact_f1,0.047075255367938315,0.11507191994996877,0.039997978162476265
Qwen3-8B,EBM-NLP,7707420,partial_f1,0.03674242424242426,0.0681818181818182,0.03153565493436879
Qwen3-8B,EBM-NLP,7707420,exact_f1,0.02159090909090909,0.0625,0.022509212734857408
Qwen3-8B,EBM-NLP,7808649,partial_f1,0.06305555555555557,0.1166666666666667,0.04777555711893575
Qwen3-8B,EBM-NLP,7808649,exact_f1,0.004999999999999982,0.008333333333333304,0.004166666666666652
Qwen3-8B,EBM-NLP,7814711,partial_f1,0.0806418219461698,0.1904761904761905,0.07084340753537273
Qwen3-8B,EBM-NLP,7814711,exact_f1,0.020565907522429254,0.05952380952380949,0.021953059151024818
Qwen3-8B,EBM-NLP,7827398,partial_f1,0.06530501089324617,0.11029411764705879,0.053147327910968566
Qwen3-8B,EBM-NLP,7827398,exact_f1,0.0,0.0,0.0
Qwen3-8B,EBM-NLP,7831628,partial_f1,0.0969230769230769,0.2307692307692307,0.07758031241246859
Qwen3-8B,EBM-NLP,7831628,exact_f1,0.03333333333333333,0.1,0.037267799624996496
Qwen3-8B,EBM-NLP,7844976,partial_f1,0.17867413632119516,0.35854341736694684,0.13565702908954855
Qwen3-8B,EBM-NLP,7844976,exact_f1,0.08158730158730156,0.1904761904761904,0.06421644569168453
Qwen3-8B,EBM-NLP,7853069,partial_f1,0.05568627450980393,0.1176470588235294,0.04343142047385661
Qwen3-8B,EBM-NLP,7853069,exact_f1,0.06274509803921569,0.1176470588235294,0.05545935538718019
Qwen3-8B,EBM-NLP,8519720,partial_f1,0.08039890300241975,0.164769647696477,0.0612071416881802
Qwen3-8B,EBM-NLP,8519720,exact_f1,0.04872926657384968,0.08758314855875829,0.03829748597574217
Qwen3-8B,EBM-NLP,8726604,partial_f1,0.042277231540389475,0.0805860805860806,0.03279385049045736
Qwen3-8B,EBM-NLP,8726604,exact_f1,0.037914272861641285,0.07472527472527471,0.03215374005393844
Qwen3-8B,EBM-NLP,8771302,partial_f1,0.04195879268343036,0.0769230769230769,0.033439648045279595
Qwen3-8B,EBM-NLP,8771302,exact_f1,0.06676576241793632,0.1538461538461538,0.05162596542532833
Qwen3-8B,EBM-NLP,8779382,partial_f1,0.10191919191919188,0.17575757575757572,0.08231432374181381
Qwen3-8B,EBM-NLP,8779382,exact_f1,0.07944444444444443,0.1333333333333333,0.06533685270188375
Qwen3-8B,EBM-NLP,8911222,partial_f1,0.06274509803921569,0.12268907563025208,0.052985613925824696
Qwen3-8B,EBM-NLP,8911222,exact_f1,0.06431712078770903,0.12467532467532469,0.048551107955009144
Qwen3-8B,EBM-NLP,8911223,partial_f1,0.018018018018018,0.054054054054054,0.02014475655405214
Qwen3-8B,EBM-NLP,8911223,exact_f1,0.0468468468468468,0.108108108108108,0.037145095726285195
Qwen3-8B,EBM-NLP,8913901,partial_f1,0.0966726084373143,0.18039215686274512,0.07471977402035271
Qwen3-8B,EBM-NLP,8913901,exact_f1,0.01561200237670826,0.042424242424242406,0.012992072917280146
Qwen3-8B,EBM-NLP,8916620,partial_f1,0.08884004884004883,0.1648351648351648,0.06937232095787928
Qwen3-8B,EBM-NLP,8916620,exact_f1,0.08278388278388275,0.1538461538461538,0.07133458642545949
Qwen3-8B,EBM-NLP,8989009,partial_f1,0.08744309920780506,0.19958419958419948,0.06868434945712419
Qwen3-8B,EBM-NLP,8989009,exact_f1,0.04214395390865977,0.097020097020097,0.032952318999687855
Qwen3-8B,EBM-NLP,9229602,partial_f1,0.06227824463118582,0.125,0.0507017094543109
Qwen3-8B,EBM-NLP,9229602,exact_f1,0.0592156862745098,0.1176470588235294,0.04868376796992065
Qwen3-8B,EBM-NLP,9394106,partial_f1,0.16337714058144165,0.30346475507765824,0.12583397547371128
Qwen3-8B,EBM-NLP,9394106,exact_f1,0.08997212266029474,0.18399044205495818,0.06796855294379957
Qwen3-8B,EBM-NLP,9481998,partial_f1,0.008788638262322441,0.02005012531328318,0.006954103181840163
Qwen3-8B,EBM-NLP,9481998,exact_f1,0.004394319131161221,0.01002506265664159,0.0034770515909200816
Qwen3-8B,EBM-NLP,9573502,partial_f1,0.06437001849560234,0.15775817332641418,0.050216089451057155
Qwen3-8B,EBM-NLP,9573502,exact_f1,0.055534709193245775,0.10506566604127579,0.044088439190950485
Qwen3-8B,EBM-NLP,9695300,partial_f1,0.0865353037766831,0.1885714285714285,0.06411574962188105
Qwen3-8B,EBM-NLP,9695300,exact_f1,0.07354132457580727,0.1733333333333332,0.05702477802190238
Qwen3-8B,EBM-NLP,9730996,partial_f1,0.06414441332088393,0.1307189542483661,0.0534103528500304
Qwen3-8B,EBM-NLP,9730996,exact_f1,0.052417885672787635,0.1023965141612201,0.04283675583048208
Qwen3-8B,EBM-NLP,9816035,partial_f1,0.09739139519025668,0.2124183006535948,0.08062724445629067
Qwen3-8B,EBM-NLP,9816035,exact_f1,0.10178052815623977,0.2111111111111112,0.07703239853597998
Qwen3-8B,SciER,160009536,partial_f1,0.10977242302543508,0.3293172690763052,0.12272929996986798
Qwen3-8B,SciER,160009536,exact_f1,0.10174029451137886,0.3052208835341366,0.11374910728914595
Qwen3-8B,SciER,192546007,partial_f1,0.0,0.0,0.0
Qwen3-8B,SciER,192546007,exact_f1,0.0,0.0,0.0
Qwen3-8B,SciER,202719492,partial_f1,0.0,0.0,0.0
Qwen3-8B,SciER,202719492,exact_f1,0.0,0.0,0.0
Qwen3-8B,SciER,202888938,partial_f1,0.05965884127284414,0.1136363636363636,0.04898628622082829
Qwen3-8B,SciER,202888938,exact_f1,0.05513129296005915,0.106060606060606,0.04393952508182031
Qwen3-8B,SciER,210157153,partial_f1,0.0794517543859649,0.15625,0.06930928338283748
Qwen3-8B,SciER,210157153,exact_f1,0.0704020467836257,0.1354166666666666,0.061746847668427245
Qwen3-8B,SciER,210702798,partial_f1,0.0,0.0,0.0
Qwen3-8B,SciER,210702798,exact_f1,0.0,0.0,0.0
Qwen3-8B,SciER,244256,partial_f1,0.0,0.0,0.0
Qwen3-8B,SciER,244256,exact_f1,0.0,0.0,0.0
Qwen3-8B,SciER,3627225,partial_f1,0.11814345991561179,0.3544303797468354,0.13208840373416478
Qwen3-8B,SciER,3627225,exact_f1,0.11814345991561179,0.3544303797468354,0.13208840373416478
Qwen3-8B,SciER,52169846,partial_f1,0.0,0.0,0.0
Qwen3-8B,SciER,52169846,exact_f1,0.0,0.0,0.0
Qwen3-8B,SciER,53109398,partial_f1,0.05462414498462165,0.0955223880597015,0.043503983350532696
Qwen3-8B,SciER,53109398,exact_f1,0.02792994123244247,0.0479041916167664,0.022311168122236033
Qwen3-8B,SciER,AAAI2024,partial_f1,0.09531934411191374,0.1871345029239766,0.08318193622111617
Qwen3-8B,SciER,AAAI2024,exact_f1,0.07656461414975348,0.152046783625731,0.06666142919059632
Qwen3-8B,SciER,CVPR2023,partial_f1,0.0,0.0,0.0
Qwen3-8B,SciER,CVPR2023,exact_f1,0.0,0.0,0.0
Qwen3-8B,SciER,EMNLP2023,partial_f1,0.08286560839883234,0.1442307692307692,0.06720716770760934
Qwen3-8B,SciER,EMNLP2023,exact_f1,0.04844935015156505,0.0865384615384615,0.03866472618951518
Qwen3-8B,SciER,ICLR2024-AI4Material,partial_f1,0.133199137410745,0.2479338842975206,0.10399686602481197
Qwen3-8B,SciER,ICLR2024-AI4Material,exact_f1,0.11879002315571392,0.2148760330578512,0.0935958550886866
Qwen3-8B,SciER,ICLR2024-AI4Science-Protein,partial_f1,0.07856341189674518,0.1548821548821548,0.06849918976281535
Qwen3-8B,SciER,ICLR2024-AI4Science-Protein,exact_f1,0.05791245791245791,0.1212121212121212,0.0501546643580344
Qwen3-8B,SciER,NeurIPS2023-AI4Science,partial_f1,0.0,0.0,0.0
Qwen3-8B,SciER,NeurIPS2023-AI4Science,exact_f1,0.0,0.0,0.0
Qwen3-8B,SciERC,A97-1020,partial_f1,0.09583333333333334,0.1875,0.07583447801333873
Qwen3-8B,SciERC,A97-1020,exact_f1,0.0375,0.0625,0.03125
Qwen3-8B,SciERC,C00-2123,partial_f1,0.106129926718162,0.2222222222222222,0.08335598774122545
Qwen3-8B,SciERC,C00-2123,exact_f1,0.03679936621113089,0.0757575757575757,0.02898588875141726
Qwen3-8B,SciERC,C04-1011,partial_f1,0.06666666666666667,0.125,0.05137011669140814
Qwen3-8B,SciERC,C04-1011,exact_f1,0.06666666666666667,0.125,0.05137011669140814
Qwen3-8B,SciERC,C04-1035,partial_f1,0.12171780897733712,0.23411978221415608,0.09224997596006806
Qwen3-8B,SciERC,C04-1035,exact_f1,0.1316818343315621,0.250453720508167,0.10004180758676781
Qwen3-8B,SciERC,C04-1036,partial_f1,0.0732813080639168,0.214046822742475,0.06278531648295738
Qwen3-8B,SciERC,C04-1036,exact_f1,0.14183079400470705,0.35785953177257523,0.11126298857589142
Qwen3-8B,SciERC,C04-1103,partial_f1,0.05466666666666663,0.09999999999999998,0.04384315479321966
Qwen3-8B,SciERC,C04-1103,exact_f1,0.09622222222222225,0.17666666666666667,0.07459561765170598
Qwen3-8B,SciERC,C04-1106,partial_f1,0.04086726998491703,0.11029411764705879,0.03676757021920389
Qwen3-8B,SciERC,C04-1106,exact_f1,0.04086726998491703,0.11029411764705879,0.03676757021920389
Qwen3-8B,SciERC,C04-1128,partial_f1,0.08253340862036514,0.19565217391304346,0.0697235154937768
Qwen3-8B,SciERC,C04-1128,exact_f1,0.05325930108538803,0.13250517598343686,0.04400057837896172
Qwen3-8B,SciERC,C08-2010,partial_f1,0.038248676677849154,0.08525345622119809,0.029249431124194047
Qwen3-8B,SciERC,C08-2010,exact_f1,0.038248676677849154,0.08525345622119809,0.029249431124194047
Qwen3-8B,SciERC,C86-1081,partial_f1,0.10582750582750583,0.2097902097902098,0.08931538592940384
Qwen3-8B,SciERC,C86-1081,exact_f1,0.011888111888111893,0.027972027972027996,0.009486492188869298
Qwen3-8B,SciERC,C88-1044,partial_f1,0.09036845507433745,0.21176470588235297,0.07317470857364054
Qwen3-8B,SciERC,C88-1044,exact_f1,0.13590461825755948,0.35897435897435903,0.10650576135055269
Qwen3-8B,SciERC,C90-3045,partial_f1,0.23235025843721505,0.42292490118577086,0.18309356442154667
Qwen3-8B,SciERC,C90-3045,exact_f1,0.19370291544204593,0.39393939393939403,0.15140454831552907
Qwen3-8B,SciERC,C90-3063,partial_f1,0.11466842336407553,0.25541125541125537,0.08522654233645162
Qwen3-8B,SciERC,C90-3063,exact_f1,0.10160612334525379,0.2597402597402598,0.08493960705603044
Qwen3-8B,SciERC,C94-1091,partial_f1,0.07308078369535546,0.1703296703296704,0.054694276825898114
Qwen3-8B,SciERC,C94-1091,exact_f1,0.09920213546186848,0.1910669975186104,0.07554607401159555
Qwen3-8B,SciERC,C96-1062,partial_f1,0.10599647266313933,0.2142857142857143,0.07965482090821921
Qwen3-8B,SciERC,C96-1062,exact_f1,0.0927689594356261,0.16402116402116407,0.07372155135282847
Qwen3-8B,SciERC,CVPR_1993_10_abs,partial_f1,0.06451612903225806,0.1935483870967742,0.07213122508063838
Qwen3-8B,SciERC,CVPR_1993_10_abs,exact_f1,0.0,0.0,0.0
Qwen3-8B,SciERC,CVPR_1994_10_abs,partial_f1,0.05045774519458732,0.09815078236130864,0.03848900164456309
Qwen3-8B,SciERC,CVPR_1994_10_abs,exact_f1,0.05045774519458732,0.09815078236130864,0.03848900164456309
Qwen3-8B,SciERC,CVPR_1999_15_abs,partial_f1,0.0411111111111111,0.08333333333333326,0.03099509280648485
Qwen3-8B,SciERC,CVPR_1999_15_abs,exact_f1,0.0411111111111111,0.08333333333333326,0.03099509280648485
Qwen3-8B,SciERC,CVPR_2003_30_abs,partial_f1,0.17747126436781616,0.4827586206896552,0.17362875455334303
Qwen3-8B,SciERC,CVPR_2003_30_abs,exact_f1,0.15402298850574717,0.4137931034482759,0.1408925364612789
Qwen3-8B,SciERC,CVPR_2004_18_abs,partial_f1,0.15362962962962964,0.36111111111111116,0.11694707956067857
Qwen3-8B,SciERC,CVPR_2004_18_abs,exact_f1,0.11782716049382719,0.2870370370370371,0.08988832849064245
Qwen3-8B,SciERC,CVPR_2004_30_abs,partial_f1,0.07038961038961042,0.1363636363636364,0.05575725645898198
Qwen3-8B,SciERC,CVPR_2004_30_abs,exact_f1,0.09151515151515152,0.19696969696969702,0.07318354348929287
Qwen3-8B,SciERC,CVPR_2006_10_abs,partial_f1,0.060919278252611626,0.13105413105413105,0.045241253241087145
Qwen3-8B,SciERC,CVPR_2006_10_abs,exact_f1,0.11231339031339035,0.23000000000000004,0.08548726916530319
Qwen3-8B,SciERC,CVPR_2008_256_abs,partial_f1,0.3274770777876368,0.5714285714285714,0.264894130935803
Qwen3-8B,SciERC,CVPR_2008_256_abs,exact_f1,0.28612836438923395,0.4897959183673469,0.23078386220633332
Qwen3-8B,SciERC,CVPR_2008_258_abs,partial_f1,0.03485280151946817,0.09259259259259256,0.029658113576353933
Qwen3-8B,SciERC,CVPR_2008_258_abs,exact_f1,0.07347714014380684,0.16402116402116407,0.06124315624350892
Qwen3-8B,SciERC,CVPR_2009_10_abs,partial_f1,0.27948717948717944,0.5384615384615384,0.24501942120021017
Qwen3-8B,SciERC,CVPR_2009_10_abs,exact_f1,0.258974358974359,0.5,0.22690859000548536
Qwen3-8B,SciERC,CVPR_2009_18_abs,partial_f1,0.32818871503082037,0.6500000000000001,0.25941109813163915
Qwen3-8B,SciERC,CVPR_2009_18_abs,exact_f1,0.33539592223802756,0.6500000000000001,0.2572108459175459
Qwen3-8B,SciERC,CVPR_2010_30_abs,partial_f1,0.0840740553476927,0.2250000000000001,0.0669722272371276
Qwen3-8B,SciERC,CVPR_2010_30_abs,exact_f1,0.1198065190278761,0.3000000000000001,0.0913955692993014
Qwen3-8B,SciERC,CVPR_2011_10_abs,partial_f1,0.024151317092493567,0.055555555555555525,0.018364453394998606
Qwen3-8B,SciERC,CVPR_2011_10_abs,exact_f1,0.024151317092493567,0.055555555555555525,0.018364453394998606
Qwen3-8B,SciERC,CVPR_2011_11_abs,partial_f1,0.0925638335990924,0.2325581395348837,0.07596891614025864
Qwen3-8B,SciERC,CVPR_2011_11_abs,exact_f1,0.06479412060807409,0.1212121212121212,0.05195088090305721
Qwen3-8B,SciERC,CVPR_2016_413_abs,partial_f1,0.2573727573727574,0.6153846153846154,0.20678792249853356
Qwen3-8B,SciERC,CVPR_2016_413_abs,exact_f1,0.1917070917070917,0.4615384615384615,0.15446355190551062
Qwen3-8B,SciERC,E06-1022,partial_f1,0.3219020489755122,0.5847076461769115,0.2500753176192155
Qwen3-8B,SciERC,E06-1022,exact_f1,0.27978710644677657,0.5157421289355322,0.21525303674502386
Qwen3-8B,SciERC,E89-1016,partial_f1,0.12870240623299575,0.2597402597402597,0.09975243374092418
Qwen3-8B,SciERC,E89-1016,exact_f1,0.06979616601418605,0.1493506493506494,0.052650585980719804
Qwen3-8B,SciERC,E91-1012,partial_f1,0.07606098279133675,0.15370018975332062,0.06184642953465256
Qwen3-8B,SciERC,E91-1012,exact_f1,0.07606098279133675,0.15370018975332062,0.06184642953465256
Qwen3-8B,SciERC,E93-1066,partial_f1,0.14857142857142855,0.2857142857142857,0.13031349683665897
Qwen3-8B,SciERC,E93-1066,exact_f1,0.14857142857142855,0.2857142857142857,0.13031349683665897
Qwen3-8B,SciERC,E95-1033,partial_f1,0.146031746031746,0.3282051282051282,0.11355836504983527
Qwen3-8B,SciERC,E95-1033,exact_f1,0.063980463980464,0.1743589743589744,0.06248138963278745
Qwen3-8B,SciERC,E99-1015,partial_f1,0.023809523809523836,0.07142857142857151,0.020650177509932862
Qwen3-8B,SciERC,E99-1015,exact_f1,0.0758730158730159,0.13333333333333341,0.05821849185743911
Qwen3-8B,SciERC,ECCV_2006_13_abs,partial_f1,0.32338983050847453,0.6101694915254237,0.28525479118147173
Qwen3-8B,SciERC,ECCV_2006_13_abs,exact_f1,0.2515254237288136,0.4745762711864407,0.22186483758558914
Qwen3-8B,SciERC,ECCV_2012_30_abs,partial_f1,0.07936447453475323,0.2184873949579833,0.0773159513809669
Qwen3-8B,SciERC,ECCV_2012_30_abs,exact_f1,0.07936447453475323,0.2184873949579833,0.0773159513809669
Qwen3-8B,SciERC,ECCV_2016_110_abs,partial_f1,0.17663398692810453,0.41666666666666663,0.13321566338650528
Qwen3-8B,SciERC,ECCV_2016_110_abs,exact_f1,0.17663398692810453,0.41666666666666663,0.13321566338650528
Qwen3-8B,SciERC,ECCV_2016_204_abs,partial_f1,0.216025641025641,0.4230769230769231,0.18861982058962848
Qwen3-8B,SciERC,ECCV_2016_204_abs,exact_f1,0.15106837606837603,0.2916666666666666,0.13236334416986642
Qwen3-8B,SciERC,ECCV_2016_212_abs,partial_f1,0.17777777777777776,0.5333333333333333,0.1987615979999813
Qwen3-8B,SciERC,ECCV_2016_212_abs,exact_f1,0.16666666666666666,0.5,0.1863389981249825
Qwen3-8B,SciERC,ECCV_2016_99_abs,partial_f1,0.26407316407316406,0.5,0.23078565556116537
Qwen3-8B,SciERC,ECCV_2016_99_abs,exact_f1,0.23965783965783966,0.4444444444444444,0.18921647849411968
Qwen3-8B,SciERC,H01-1042,partial_f1,0.026050566695727955,0.07526881720430101,0.025279593367532025
Qwen3-8B,SciERC,H01-1042,exact_f1,0.02869708418095512,0.07311827956989242,0.024431558509335715
Qwen3-8B,SciERC,H01-1049,partial_f1,0.03677319781667608,0.07509881422924897,0.02804426574259034
Qwen3-8B,SciERC,H01-1049,exact_f1,0.08525804630152459,0.16600790513833988,0.06684151819018844
Qwen3-8B,SciERC,H05-1095,partial_f1,0.0,0.0,1.1102230246251565e-16
Qwen3-8B,SciERC,H05-1095,exact_f1,0.0,0.0,0.0
Qwen3-8B,SciERC,I05-4010,partial_f1,0.04958861800967066,0.0994152046783626,0.039699952093116525
Qwen3-8B,SciERC,I05-4010,exact_f1,0.09114705956811221,0.2105263157894737,0.06954804945191971
Qwen3-8B,SciERC,I05-5003,partial_f1,0.0708398721301947,0.13436293436293434,0.05456478429096087
Qwen3-8B,SciERC,I05-5003,exact_f1,0.10561713787520235,0.1915057915057914,0.08190660631948021
Qwen3-8B,SciERC,I05-5004,partial_f1,0.03480392156862741,0.0808823529411763,0.030756847196210847
Qwen3-8B,SciERC,I05-5004,exact_f1,0.0359477124183006,0.08823529411764697,0.032702424950496856
Qwen3-8B,SciERC,ICASSP_1997_706_abs,partial_f1,0.2269706855072709,0.5641025641025641,0.1842332212587962
Qwen3-8B,SciERC,ICASSP_1997_706_abs,exact_f1,0.1923860070201534,0.5128205128205129,0.16148365629101455
Qwen3-8B,SciERC,ICASSP_2016_11_abs,partial_f1,0.14029556650246305,0.3571428571428571,0.11184182759996136
Qwen3-8B,SciERC,ICASSP_2016_11_abs,exact_f1,0.11648604269293927,0.2857142857142857,0.1000175579992446
Qwen3-8B,SciERC,ICCV_2001_47_abs,partial_f1,0.06593667770138363,0.1541125541125542,0.0494821485112529
Qwen3-8B,SciERC,ICCV_2001_47_abs,exact_f1,0.020830150241914935,0.057142857142857106,0.018139980702533857
Qwen3-8B,SciERC,ICCV_2003_151_abs,partial_f1,0.23748079877112133,0.4838709677419354,0.20599457621055486
Qwen3-8B,SciERC,ICCV_2003_151_abs,exact_f1,0.1861751152073733,0.3870967741935484,0.16126106091085055
Qwen3-8B,SciERC,ICCV_2003_161_abs,partial_f1,0.08383310589192948,0.16996336996337008,0.061794522598305694
Qwen3-8B,SciERC,ICCV_2003_161_abs,exact_f1,0.09995241686418153,0.23882783882783878,0.07730279090385878
Qwen3-8B,SciERC,ICCV_2013_25_abs,partial_f1,0.2482913165266106,0.4705882352941176,0.21713580363934573
Qwen3-8B,SciERC,ICCV_2013_25_abs,exact_f1,0.2482913165266106,0.4705882352941176,0.21713580363934573
Qwen3-8B,SciERC,ICCV_2013_47_abs,partial_f1,0.2222222222222222,0.6666666666666666,0.24845199749997665
Qwen3-8B,SciERC,ICCV_2013_47_abs,exact_f1,0.19753086419753088,0.5925925925925927,0.22084621999997928
Qwen3-8B,SciERC,ICML_1995_38_abs,partial_f1,0.0954615277195922,0.2697947214076246,0.08086988689448507
Qwen3-8B,SciERC,ICML_1995_38_abs,exact_f1,0.0954615277195922,0.2697947214076246,0.08086988689448507
Qwen3-8B,SciERC,ICML_2006_119_abs,partial_f1,0.2412698412698412,0.4571428571428571,0.19814090732102507
Qwen3-8B,SciERC,ICML_2006_119_abs,exact_f1,0.17195767195767192,0.3428571428571428,0.14209206258971965
Qwen3-8B,SciERC,ICML_2016_10_abs,partial_f1,0.24841764841764838,0.4324324324324324,0.19829042202636418
Qwen3-8B,SciERC,ICML_2016_10_abs,exact_f1,0.1844613844613844,0.3243243243243243,0.1458440203297182
Qwen3-8B,SciERC,ICML_2016_11_abs,partial_f1,0.14154786365312683,0.2944444444444445,0.10558460251708439
Qwen3-8B,SciERC,ICML_2016_11_abs,exact_f1,0.12184861553282607,0.2444444444444445,0.0899256913582151
Qwen3-8B,SciERC,ICML_2016_18_abs,partial_f1,0.2627951993805652,0.4761904761904762,0.21139664905021802
Qwen3-8B,SciERC,ICML_2016_18_abs,exact_f1,0.2627951993805652,0.4761904761904762,0.21139664905021802
Qwen3-8B,SciERC,INTERSPEECH_2006_21_abs,partial_f1,0.17389784946236558,0.3225806451612903,0.1348769561749883
Qwen3-8B,SciERC,INTERSPEECH_2006_21_abs,exact_f1,0.17389784946236558,0.3225806451612903,0.1348769561749883
Qwen3-8B,SciERC,INTERSPEECH_2007_40_abs,partial_f1,0.13422445001392377,0.31746031746031755,0.10665698187037506
Qwen3-8B,SciERC,INTERSPEECH_2007_40_abs,exact_f1,0.2072960178223336,0.4444444444444444,0.15817933907433607
Qwen3-8B,SciERC,INTERSPEECH_2008_20_abs,partial_f1,0.22087542087542086,0.4444444444444444,0.18318478799643692
Qwen3-8B,SciERC,INTERSPEECH_2008_20_abs,exact_f1,0.22087542087542086,0.4444444444444444,0.18318478799643692
Qwen3-8B,SciERC,INTERSPEECH_2008_28_abs,partial_f1,0.16459719142645973,0.3181818181818182,0.14417023635036721
Qwen3-8B,SciERC,INTERSPEECH_2008_28_abs,exact_f1,0.10502586844050257,0.2272727272727272,0.09110810663024767
Qwen3-8B,SciERC,INTERSPEECH_2013_21_abs,partial_f1,0.26472108781107084,0.4736842105263158,0.20870774953880572
Qwen3-8B,SciERC,INTERSPEECH_2013_21_abs,exact_f1,0.20243197356949477,0.3870967741935483,0.15448306893995722
Qwen3-8B,SciERC,INTERSPEECH_2014_40_abs,partial_f1,0.10488795518207288,0.2563025210084034,0.08825483449320279
Qwen3-8B,SciERC,INTERSPEECH_2014_40_abs,exact_f1,0.07391456582633053,0.19747899159663873,0.05949386759281732
Qwen3-8B,SciERC,J05-4003,partial_f1,0.04587071543593286,0.0931677018633541,0.03668452310593851
Qwen3-8B,SciERC,J05-4003,exact_f1,0.07596933739991242,0.20496894409937888,0.06284764171285089
Qwen3-8B,SciERC,J82-3002,partial_f1,0.04417582417582418,0.1171428571428571,0.03609525164264101
Qwen3-8B,SciERC,J82-3002,exact_f1,0.04417582417582418,0.1171428571428571,0.03609525164264101
Qwen3-8B,SciERC,J86-3001,partial_f1,0.14909090909090908,0.2545454545454545,0.11957224034514458
Qwen3-8B,SciERC,J86-3001,exact_f1,0.14909090909090908,0.2545454545454545,0.11957224034514458
Qwen3-8B,SciERC,J86-4002,partial_f1,0.01676767676767675,0.0333333333333333,0.013256974493340077
Qwen3-8B,SciERC,J86-4002,exact_f1,0.054949494949494936,0.1333333333333333,0.04220723720358823
Qwen3-8B,SciERC,N03-1026,partial_f1,0.25809523809523804,0.5,0.20991575893757985
Qwen3-8B,SciERC,N03-1026,exact_f1,0.20529100529100533,0.4444444444444444,0.1574303037902688
Qwen3-8B,SciERC,N03-1033,partial_f1,0.050216450216450235,0.1363636363636364,0.04672517996736562
Qwen3-8B,SciERC,N03-1033,exact_f1,0.04225108225108225,0.1181818181818182,0.041345957516965265
Qwen3-8B,SciERC,N04-1022,partial_f1,0.10666666666666666,0.26666666666666666,0.092985198660281
Qwen3-8B,SciERC,N04-1022,exact_f1,0.10562091503267974,0.2666666666666667,0.09429902638887026
Qwen3-8B,SciERC,N06-1037,partial_f1,0.1327734487734488,0.259047619047619,0.10340744168850807
Qwen3-8B,SciERC,N06-1037,exact_f1,0.09871284271284267,0.17904761904761896,0.07729634388629242
Qwen3-8B,SciERC,NIPS_2001_11_abs,partial_f1,0.2551083591331269,0.4705882352941176,0.20409968698265643
Qwen3-8B,SciERC,NIPS_2001_11_abs,exact_f1,0.2551083591331269,0.4705882352941176,0.20409968698265643
Qwen3-8B,SciERC,NIPS_2002_11_abs,partial_f1,0.20109890109890113,0.5461538461538462,0.16526404883654178
Qwen3-8B,SciERC,NIPS_2002_11_abs,exact_f1,0.20109890109890113,0.5461538461538462,0.16526404883654178
Qwen3-8B,SciERC,NIPS_2002_18_abs,partial_f1,0.10985566157979951,0.2546419098143236,0.0821406756507193
Qwen3-8B,SciERC,NIPS_2002_18_abs,exact_f1,0.06937430385706252,0.16976127320954912,0.05296538149045277
Qwen3-8B,SciERC,NIPS_2015_18_abs,partial_f1,0.17752595476455327,0.4806034482758622,0.15709015578752522
Qwen3-8B,SciERC,NIPS_2015_18_abs,exact_f1,0.15280404152762325,0.4137931034482758,0.1335555795975366
Qwen3-8B,SciERC,NIPS_2016_560_abs,partial_f1,0.1131062732842488,0.2238095238095238,0.08694397481608217
Qwen3-8B,SciERC,NIPS_2016_560_abs,exact_f1,0.1131062732842488,0.2238095238095238,0.08694397481608217
Qwen3-8B,SciERC,NIPS_2016_80_abs,partial_f1,0.04482497212931999,0.1270903010033445,0.04666331620568576
Qwen3-8B,SciERC,NIPS_2016_80_abs,exact_f1,0.05290523968784839,0.1070234113712375,0.04211084706259662
Qwen3-8B,SciERC,P01-1056,partial_f1,0.10583717357910913,0.2285714285714286,0.0781684268025758
Qwen3-8B,SciERC,P01-1056,exact_f1,0.07560675883256532,0.17142857142857143,0.05753446942262825
Qwen3-8B,SciERC,P03-1070,partial_f1,0.2187192118226601,0.3990147783251232,0.16918152473964926
Qwen3-8B,SciERC,P03-1070,exact_f1,0.261576354679803,0.4704433497536946,0.20359468445465737
Qwen3-8B,SciERC,P04-2005,partial_f1,0.036153198653198645,0.06565656565656564,0.02956275363611492
Qwen3-8B,SciERC,P04-2005,exact_f1,0.12150673400673409,0.25946969696969713,0.09596680641068353
Qwen3-8B,SciERC,P05-1039,partial_f1,0.05647597254004578,0.10526315789473684,0.04456110059067713
Qwen3-8B,SciERC,P05-1039,exact_f1,0.06048817696414947,0.10526315789473678,0.04817169169374084
Qwen3-8B,SciERC,P05-1046,partial_f1,0.03749755620723357,0.07272727272727264,0.0284379366687713
Qwen3-8B,SciERC,P05-1046,exact_f1,0.025389377647442136,0.045454545454545414,0.019233061368556813
Qwen3-8B,SciERC,P05-1056,partial_f1,0.04876665817842287,0.1092436974789916,0.03757966781655192
Qwen3-8B,SciERC,P05-1056,exact_f1,0.040998217468805706,0.1229946524064171,0.0429078607429125
Qwen3-8B,SciERC,P05-1076,partial_f1,0.06162464985994401,0.11428571428571432,0.047829490506423544
Qwen3-8B,SciERC,P05-1076,exact_f1,0.07014005602240893,0.12436974789915961,0.05452623967368949
Qwen3-8B,SciERC,P05-2013,partial_f1,0.12456140350877193,0.25,0.09417066032273637
Qwen3-8B,SciERC,P05-2013,exact_f1,0.06535087719298242,0.1644736842105262,0.05815539739550925
Qwen3-8B,SciERC,P06-1013,partial_f1,0.1488503868366569,0.3229813664596275,0.12415576567495876
Qwen3-8B,SciERC,P06-1013,exact_f1,0.1488503868366569,0.3229813664596275,0.12415576567495876
Qwen3-8B,SciERC,P06-1018,partial_f1,0.28444444444444444,0.5333333333333333,0.2514157444218835
Qwen3-8B,SciERC,P06-1018,exact_f1,0.28444444444444444,0.5333333333333333,0.2514157444218835
Qwen3-8B,SciERC,P06-1053,partial_f1,0.04857142857142865,0.1000000000000002,0.03694851617963615
Qwen3-8B,SciERC,P06-1053,exact_f1,0.05976190476190477,0.11428571428571438,0.04946955964602624
Qwen3-8B,SciERC,P06-2012,partial_f1,0.16600000000000004,0.3333333333333334,0.12683833396478753
Qwen3-8B,SciERC,P06-2012,exact_f1,0.17222222222222225,0.34666666666666673,0.12809742627111584
Qwen3-8B,SciERC,P06-3007,partial_f1,0.1335172017524959,0.3167420814479639,0.10212123713877491
Qwen3-8B,SciERC,P06-3007,exact_f1,0.1335172017524959,0.3167420814479639,0.10212123713877491
Qwen3-8B,SciERC,P06-4007,partial_f1,0.032820512820512855,0.0615384615384616,0.029009508971755825
Qwen3-8B,SciERC,P06-4007,exact_f1,0.06905982905982905,0.1333333333333333,0.054727557584896135
Qwen3-8B,SciERC,P08-1105,partial_f1,0.09901614434947766,0.2115384615384615,0.07557536396126795
Qwen3-8B,SciERC,P08-1105,exact_f1,0.09901614434947766,0.2115384615384615,0.07557536396126795
Qwen3-8B,SciERC,P83-1004,partial_f1,0.1059368191721133,0.2418300653594771,0.09059964736617858
Qwen3-8B,SciERC,P83-1004,exact_f1,0.00593681917211329,0.013888888888888895,0.004726730652971075
Qwen3-8B,SciERC,P85-1019,partial_f1,0.12352370958158436,0.30846774193548376,0.09832916546403792
Qwen3-8B,SciERC,P85-1019,exact_f1,0.12541126910197117,0.3104838709677419,0.09976016557751102
Qwen3-8B,SciERC,P86-1011,partial_f1,0.11515151515151517,0.2,0.09413469434550949
Qwen3-8B,SciERC,P86-1011,exact_f1,0.11515151515151517,0.2,0.09413469434550949
Qwen3-8B,SciERC,W02-1602,partial_f1,0.0833333333333333,0.2499999999999999,0.0931694990624912
Qwen3-8B,SciERC,W02-1602,exact_f1,0.0833333333333333,0.2499999999999999,0.0931694990624912
Qwen3-8B,SciERC,X96-1059,partial_f1,0.2822001364604142,0.5116279069767442,0.22603569287191308
Qwen3-8B,SciERC,X96-1059,exact_f1,0.20382253569755104,0.3720930232558139,0.16297803947598988
